topic_id,reg_time,topic_poster,info_hash,tor_size_bytes,keeping_priority,seeder_last_seen,seeders,keeper_seeders,average_seeds_count,average_seeds_sum,topic_title
260106,2,493531,7768429EF76D8DC9BF1D89414D57B6E80A17DB8E,34623645105,2,2026-07-31 02:21:01,3,1,"{7,24,24,24,24,24,24,24,24,24,23,24,24,24,24,24,24,24,24,23,25,24,24,24,25,24,24,26,24,24,24}","{24,73,84,74,76,78,46,66,71,77,71,76,62,69,75,78,71,72,88,76,70,74,61,68,82,75,85,78,71,83,83}","Тайная страсть / Pasion de Gavilanes / Серии: 001-092 (110) + заключительная (Родриго Триана) [2003, Колумбия, Мелодрама, TVRip]"
333145,2,911395,DA0643278C9F0B3E1921E444878B8B4F78EAE36F,7871659836,2,2026-07-31 02:21:01,3,2,"{7,24,24,24,24,24,24,24,24,24,23,24,24,24,24,24,24,24,24,23,25,24,24,24,25,24,24,26,24,24,24}","{25,87,89,86,95,87,86,85,90,94,80,86,73,80,82,89,84,84,95,89,82,84,77,84,91,84,94,93,83,92,87}","Антонелла/Antonella [все 165 серий] (Андреа Дель Бока) [1992, Аргентина, Комедия/ Мелодрама, VHSRip] [320x240 wmv]"
359293,2,48176,27B4AC2C184657401F85100EB923F73EE9F16A75,31578941832,2,2026-07-31 02:21:01,2,2,"{7,24,24,24,24,24,24,24,24,24,23,24,24,24,24,24,24,24,24,23,25,24,24,24,25,24,24,26,24,24,24}","{14,48,44,45,47,46,26,37,35,44,31,40,27,32,38,41,40,38,47,43,36,41,34,49,61,45,49,51,37,45,42}","Тихие воды / Las aguas mansas [серии 01-125 из 125](Аурелио Валькарсель Карроль / Aurelio Valc&#225;rcel Carrol) [1994, Колумбия, мелодрама, TVRip]"
391602,2,919068,AF2ED51CB762AEF1475EC36C8E3C04619ACDB1C6,32858993924,2,2026-07-31 02:21:01,3,3,"{7,24,24,24,24,24,24,24,24,24,23,24,24,24,24,24,24,24,24,23,25,24,24,24,25,24,24,26,24,24,24}","{21,70,48,48,47,51,26,37,35,52,44,49,49,60,66,86,87,84,97,77,64,62,68,62,72,64,73,72,40,46,52}","Хозяйка / La Duena /01-95 из 95 (Роберто Гомез Фернандес) [1995, Мексика, теленовелла, SATRip]"
395408,2,-1,EC774DE01F8C12972149CC58F9B0722E9B5CF9B6,27153500160,2,2026-07-31 02:21:01,3,3,"{7,24,24,24,24,24,24,24,24,24,23,24,24,24,24,24,24,24,24,23,25,24,24,24,25,24,24,26,24,24,24}","{21,72,68,68,71,70,50,61,59,68,54,62,51,56,62,63,60,60,71,66,60,59,54,60,69,61,70,67,59,68,63}","Пленница / Prisionera / Серии: 001-090 (180) (Николас ди Бласи, Леонардо Арангибел) [2004, Колумбия - США, Теленовелла, TVRip]"
395538,2,-1,660C4C4C4840D1E4A04D75DF3A4A1BAA2A209FE8,25844520878,2,2026-07-31 02:21:01,5,2,"{7,24,24,24,24,24,24,24,24,24,23,24,24,24,24,24,24,24,24,23,25,24,24,24,25,24,24,26,24,24,24}","{30,98,98,106,116,114,101,93,107,91,91,100,112,113,118,116,122,125,121,98,122,114,105,108,122,122,114,117,108,108,110}","Пленница 91-180 серии (180) / Prisionera (Николас ди Бласи, Леонардо Арангибел) [2004, Колумбия, США, теленовелла, драма, TVRip]"
397565,2,1109991,3C88C409408C46480C368018C48ADF76A897D8F4,5238530502,2,2026-07-31 02:21:01,2,1,"{7,24,24,24,24,24,24,24,24,24,23,24,24,24,24,24,24,24,24,23,25,24,24,24,25,24,24,26,24,24,24}","{23,82,83,64,66,75,80,71,101,68,59,64,56,35,39,63,36,36,47,43,35,38,35,36,44,51,53,54,35,44,39}","Путаны / Disputas / Серии: 01-11 (11) (Адриан Каэтано / Adrian Caetano) [2003, Аргентина, Драма, комедия, SATRip]"
405602,2,332608,270E98F58E9F1E2309F82F0327BFD4DEF8DFD8C0,44686040774,2,2026-07-31 02:21:01,3,2,"{7,24,24,24,24,24,24,24,24,24,23,24,24,24,24,24,24,24,24,23,25,24,24,24,25,24,24,26,24,24,24}","{20,80,74,79,80,77,67,79,77,82,71,83,75,70,74,77,77,75,90,83,71,76,66,73,79,82,85,93,78,86,78}","Узурпаторша / La Usurpadora / 001-102 (102) (Беатриз Шеридан) [1998, Мексика, мелодрама, TVRip]"
485602,2,18074,534CF511A3D034968B1322C6B9FBC19F118828AE,30395797504,2,2026-07-31 02:21:01,3,3,"{7,24,24,24,24,24,24,24,24,24,23,24,24,24,24,24,24,24,24,23,25,24,24,24,25,24,24,26,24,24,24}","{21,72,68,69,71,70,50,61,59,68,54,64,51,56,62,65,60,60,71,66,60,60,56,60,68,62,74,84,67,72,75}","Разбитые сердца 1-90 серии из 90 / Corazon partido (Пабло Гомес Саенц, Эпигменио Ибарра) [2005, Мексика, США, Мелодрама, TVRip] - перераздача"
684102,2,299676,5EDDE16A6B6C743B20EA6A99C4D88285473AC39C,18759847936,2,2026-07-31 02:21:01,2,1,"{7,24,24,24,24,24,24,24,24,24,23,24,24,24,24,24,24,24,24,23,25,24,24,24,25,24,24,26,24,24,24}","{14,69,73,77,84,80,69,71,87,82,59,74,55,67,81,79,63,67,80,73,74,70,69,69,69,64,74,69,71,75,71}","Гваделупе / Guadalupe; 1-62 серии из 269 (Грацио Д'Анжело) [1993, США, Испания, Мелодрама, TVRip]"
689203,2,286661,6509439BB08058967EB9B8692AAD6075523C9CFA,25992397309,2,2026-07-31 02:21:01,2,2,"{7,24,24,24,24,24,24,24,24,24,23,24,24,24,24,24,24,24,24,23,25,24,24,24,25,24,24,26,24,24,24}","{26,78,64,61,62,69,59,66,72,77,57,57,31,53,56,68,61,62,76,81,69,75,59,77,76,69,71,67,40,44,39}","Цыганская Любовь / Amor Gitano / Серии: 01-55 (55) (Педро Дамиан) [1999, Мексика, Мелодрама, VHSRip]"
707853,2,299676,18A97FF0ECA2306F4B62ECE77222CE5F0366F57E,19440528685,2,2026-07-31 02:21:01,2,1,"{7,24,24,24,24,24,24,24,24,24,23,24,24,24,24,24,24,24,24,23,25,24,24,24,25,24,24,26,24,24,24}","{14,69,73,77,85,81,69,77,82,81,55,66,57,64,77,79,63,67,81,73,72,71,72,71,69,66,75,69,70,74,71}","Гваделупе / Guadalupe; 63-126 серии из 269 (Грацио Д'Анжело) + песни из сериала [1993, США, Испания, Мелодрама, TVRip]"
713042,2,1348714,2214FB350E3D648EA04FFC8E336BDED7E1FAD751,9331081216,2,2026-07-31 02:21:01,5,2,"{7,24,24,24,24,24,24,24,24,24,23,24,24,24,24,24,24,24,24,23,25,24,24,24,25,24,24,26,24,24,24}","{40,150,137,133,149,125,146,136,159,170,162,166,170,158,144,115,107,101,104,117,124,108,96,108,123,114,118,110,103,97,98}","Неукротимая Хильда / Hilda Furacao (серии 1-25 из 25)(Волф Майа, Маурисиу Фариаш, Лусиано Сабино) [1998, Бразилия, мелодрама, TVRip]"
738704,2,1554703,A0D14114FC1AE8515FA31002B983A4400CA1D771,64760556080,2,2026-07-31 02:21:01,3,2,"{7,24,24,24,24,24,24,24,24,24,23,24,24,24,24,24,24,24,24,23,25,24,24,24,25,24,24,26,24,24,24}","{21,72,68,69,71,70,50,61,59,68,54,64,51,56,64,70,60,60,71,66,61,59,58,60,69,60,71,67,59,68,63}","Девственница / Juana La Virgen 1-153 серии из 153 [2002, Венесуэла, теленовелла, TVRip]"
764236,2,865448,8F362367432EBBAD38870918FCF664D38B4A412A,44198094848,2,2026-07-31 02:21:01,3,3,"{7,24,24,24,24,24,24,24,24,24,23,24,24,24,24,24,24,24,24,23,25,24,24,24,25,24,24,26,24,24,24}","{26,77,68,69,71,70,50,61,59,68,54,64,51,56,62,82,85,84,95,89,86,83,79,83,94,84,93,93,67,68,63}","Воздушные замки 1-22 DVD (33 ) / Andando nas nuvens (Дениз Карвальо, Жозе Луиз Вилламарим) [1999, Бразилия, теленовелла, TVRip]"
770579,2,693336,9CCF1C514F0CB16A7606BB9F89ADF9A1848B9417,6571956088,2,2026-07-31 02:21:01,3,2,"{7,24,24,24,24,24,24,24,24,24,23,24,24,24,24,24,24,24,24,23,25,24,24,24,25,24,24,26,24,24,24}","{21,72,71,75,73,79,50,61,66,75,54,72,51,58,67,65,60,63,74,72,64,59,59,66,73,61,80,77,75,86,75}","Тайное имя Бога / Por el nombre de Dios (Хорхе Ниско) [1999, Аргентина, мистика, TVRip]"
776946,2,436216,CD4D06D1568A2EF25CDA36DBF98DF6C275B3AC3E,9056890880,2,2026-07-31 02:21:01,3,3,"{7,24,24,24,24,24,24,24,24,24,23,24,24,24,24,24,24,24,24,23,25,24,24,24,25,24,24,26,24,24,24}","{22,70,60,56,55,56,42,55,52,55,44,53,42,45,52,71,72,72,82,73,67,72,65,67,76,71,79,76,53,58,55}","В плену страсти / Canaveral de Pasiones, 01-36 серии из 92 (Клаудио Рейес Рубио) [1996, Мексика, теленовелла, TVRip]"
778772,2,436216,39018E4D85FCE36F59F67932A4E5348179B7BE08,10984800256,2,2026-07-31 02:21:01,3,3,"{7,24,24,24,24,24,24,24,24,24,23,24,24,24,24,24,24,24,24,23,25,24,24,24,25,24,24,26,24,24,24}","{26,87,74,73,74,76,61,69,71,73,63,75,59,62,71,85,89,89,85,88,86,92,90,88,95,89,94,96,69,80,74}","В плену страсти / Canaveral de Pasiones, 37-92 серии из 92 (Клаудио Рейес Рубио) [1996, Мексика, теленовелла, TVRip]"
784562,2,880718,610C017911F698B053A958762CA87FBF4A345D16,28133571444,1,2026-07-31 02:21:01,4,1,"{7,24,24,24,24,24,24,24,24,24,23,24,24,24,24,24,24,24,24,23,25,24,24,24,25,24,24,26,24,24,24}","{27,85,79,93,89,116,121,102,118,111,96,114,120,92,99,98,96,100,85,97,121,105,112,107,108,107,121,130,89,123,110}","Новая жертва / A Proxima Vitima / Серии: 01-70 из 140 (Жорж Фернандо) [1995, Бразилия, Теленовелла, TVRip, Avi]"
791622,2,883421,C63BA2C977410D0748276E6D695323380BBE380B,24405184512,2,2026-07-31 02:21:01,2,2,"{7,24,24,24,24,24,24,24,24,24,23,24,24,24,24,24,24,24,24,23,25,24,24,24,25,24,24,26,24,24,24}","{14,51,68,60,47,46,26,37,35,48,32,40,27,32,38,41,36,36,47,43,38,37,35,36,44,36,47,41,35,44,39}","Раузан 1-100 серии / Rauzan (Гектор Фореро) [2000, Колумбия, Мелодрама, TVRip] (Гектор Фореро) [2000, Колумбия, мелодрама, TVRip]"
794638,2,880718,5B7BFE8654484878AE01196472B74C636CAAF3F9,7373052138,1,2026-07-31 02:21:01,3,3,"{7,24,24,24,24,24,24,24,24,24,23,24,24,24,24,24,24,24,24,23,25,24,24,24,25,24,24,26,24,24,24}","{21,72,68,69,71,70,50,61,59,68,54,64,51,56,62,65,60,60,71,66,59,59,58,60,68,60,71,67,59,68,63}","Лабиринт / Labirinto 01-15 (15) (Денис Карвальо) [1999, Бразилия, Детективный мини-сериал, VHSRip]"
801913,2,880718,ED408A081457D1A0FA03F160692DB3CC06DB9666,29592195994,1,2026-07-31 02:21:01,4,1,"{7,24,24,24,24,24,24,24,24,24,23,24,24,24,24,24,24,24,24,23,25,24,24,24,25,24,24,26,24,24,24}","{27,111,105,97,83,96,100,84,90,104,86,102,105,86,88,88,100,104,100,93,97,86,96,99,104,99,103,118,101,106,95}","Новая жертва / A Proxima Vitima 071-140 (140) (Жорж Фернандо) [1995, Бразилия, Теленовелла, TVRip,Avi]"
804572,2,299676,F32522EDB9DF484B8656C16A71F4C9D8277FE71A,19051578038,2,2026-07-31 02:21:01,2,1,"{7,24,24,24,24,24,24,24,24,24,23,24,24,24,24,24,24,24,24,23,25,24,24,24,25,24,24,26,24,24,24}","{14,67,73,76,85,80,68,73,82,75,51,70,55,61,77,80,63,67,79,74,74,70,69,71,69,65,77,69,71,74,71}","Гваделупе / Guadalupe 127-188 серии из 269 (Грацио Д'Анжело) [1993, США, Испания, Мелодрама, TVRip]"
837599,2,880718,829AD2C32E631D085484C5EC1C095880694DAE48,28932500446,1,2026-07-31 02:21:01,2,2,"{7,24,24,24,24,24,24,24,24,24,23,24,24,24,24,24,24,24,24,23,25,24,24,24,25,24,24,26,24,24,24}","{14,48,56,45,47,46,26,37,35,44,31,40,27,32,38,41,36,36,47,43,36,39,34,41,44,36,47,41,35,44,39}","Перекрестки / Caminos cruzados [серии 01-67 из 67] (Эрваль Россано) [1995, Мексика, Мелодрама, латиноамериканский, теленовелла, TVRip]"
841390,2,880718,A386487DD79229F051E81484528EA6D84E1851FC,6676158346,1,2026-07-31 02:21:01,2,2,"{7,24,24,24,24,24,24,24,24,24,23,24,24,24,24,24,24,24,24,23,25,24,24,24,25,24,24,26,24,24,24}","{14,48,44,45,47,46,26,37,35,44,31,40,27,32,38,41,36,36,47,43,35,37,35,36,43,36,47,41,35,44,39}","Холодная кровь / Sangre fria 01-12 (12) (Николас Пароди, Эдуардо Рипари) [2004, Аргентина, мистический триллер, TVRip]"
853162,2,1825660,B7B34A5E89DC4C249221225E53E55F7B4AB41BA9,51836989144,2,2026-07-31 02:21:01,3,3,"{7,24,24,24,24,24,24,24,24,24,23,24,24,24,24,24,24,24,24,23,25,24,24,24,25,24,24,26,24,24,24}","{21,65,46,50,49,52,26,41,35,46,34,43,27,32,42,62,60,60,78,71,61,61,57,63,68,63,80,71,43,49,42}","Наперекор судьбе / Contra Viento y Marea / Серии: 001-130 (130) (Марта Луна) [2005, Мексика, Мелодрама, TVRip]"
854614,2,865448,33C76F2C9AA550C3E8BE60DEFFB1E97547ECCF7D,20764598272,2,2026-07-31 02:21:01,3,1,"{7,24,24,24,24,24,24,24,24,24,23,24,24,24,24,24,24,24,24,23,25,24,24,24,25,24,24,26,24,24,24}","{26,80,80,79,79,80,73,77,86,90,67,66,51,79,86,89,84,84,95,89,85,73,77,84,93,84,94,93,84,92,87}","Воздушные замки 23-33 DVD (33) / Andando nas nuvens. (Дениз Карвальо, Жозе Луиз Вилламарим) [1999, Бразилия, теленовелла, TVRip]"
855802,2,880718,FE23339333DB25B075BA22F7D4E8F5A4D6F98A93,44381392038,2,2026-07-31 02:21:01,3,2,"{7,24,24,24,24,24,24,24,24,24,23,24,24,24,24,24,24,24,24,23,25,24,24,24,25,24,24,26,24,24,24}","{16,54,52,56,73,70,38,37,45,55,31,75,61,56,62,63,89,90,81,79,81,68,39,72,89,85,71,57,93,97,72}","Шоколад с перцем / Chocolate com Pimenta / Серии: 001-100 (170) (Хорхе Фернандо и др.) [2003, Бразилия, Теленовелла, TVRip]"
870513,2,539709,892DAA92F3D0EC14F5790D7E829E9A53B4E9D4DE,65553501308,2,2026-07-31 02:21:01,3,3,"{7,24,24,24,24,24,24,24,24,24,23,24,24,24,24,24,24,24,24,23,25,24,24,24,25,24,24,26,24,24,24}","{21,66,62,50,64,66,43,47,45,63,34,47,33,35,43,63,70,70,83,73,61,60,58,65,68,60,71,67,40,44,39}","Любовь сводит с ума / El Amor las Vuelve Locas; серии 1-151(151) (Venevision) [2005, Венесуэла, Теленовелла, SATRip]"
871992,2,299676,F8D0B7B678A9033C51C1F7F8F2A6DE2F5D04DDE3,25175739984,2,2026-07-31 02:21:01,2,1,"{7,24,24,24,24,24,24,24,24,24,23,24,24,24,24,24,24,24,24,23,25,24,24,24,25,24,24,26,24,24,24}","{14,69,73,76,85,81,69,74,81,70,53,68,55,64,76,77,63,68,79,73,74,68,69,72,69,65,77,69,69,73,71}","Гваделупе / Guadalupe 189-269 серии из 269 (Грацио Д'Анжело) [1993, США, Испания, Мелодрама, TVRip]"
889772,2,18074,46B0ECAA9AD5B8E0F3D32EEEE30BD61A1F1C897B,60687220736,2,2026-07-31 02:21:01,3,3,"{7,24,24,24,24,24,24,24,24,24,23,24,24,24,24,24,24,24,24,23,25,24,24,24,25,24,24,26,24,24,24}","{26,77,68,69,71,73,50,61,59,68,54,64,51,56,62,83,84,84,95,89,84,81,78,83,93,84,95,93,64,68,63}","Тайна Лауры 1-205 серии (205) / Culpable de este amor (Омар Аиелло, Габриэль де Сианцио, Федерико Палаццо) [2004, Аргентина, экшен, мистика, мелодрама, TVRip]"
903093,2,299676,96C6DF19E608FE8440678448CA58C7739A2FC4C2,58267482954,2,2026-07-31 02:21:01,2,2,"{7,24,24,24,24,24,24,24,24,24,23,24,24,24,24,24,24,24,24,23,25,24,24,24,25,24,24,26,24,24,24}","{14,48,44,45,47,46,26,37,35,44,31,40,27,32,38,41,36,36,47,43,35,37,33,36,44,36,46,41,35,44,39}","Мария Селесте (серии 1-152 из 152) / Maria Celeste (Рафаэль Гомез) [1994, Венесуэла, Теленовелла, SATRip]"
936377,2,3887532,8895BDE750B87B40CE092F69331D41C6D17336F2,13528199168,2,2026-07-31 02:21:01,3,2,"{7,24,24,24,24,24,24,24,24,24,23,24,24,24,24,24,24,24,24,23,25,24,24,24,25,24,24,26,24,24,24}","{26,77,68,69,71,70,50,61,59,68,54,64,51,56,58,84,84,84,95,89,86,81,79,84,94,84,94,93,64,68,63}","Чикинья Гонзага (Музыка ее души) / Chiquinha Gonzaga. / Серии: 01-30 (30) [1999, Бразилия, Теленовелла, TVRip]"
962508,2,693336,FFD8A62A91C43C3FFCFD490548526E0CC7AE46C8,62621774220,2,2026-07-31 02:21:01,3,2,"{7,24,24,24,24,24,24,24,24,24,23,24,24,24,24,24,24,24,24,23,25,24,24,24,25,24,24,26,24,24,24}","{28,87,71,61,73,68,37,39,35,44,31,40,39,43,38,76,60,70,81,82,79,75,72,82,87,68,70,67,55,68,54}","Жестокая любовь (Все 123 серии) / Amores de Mercado (Родольфо Ойос, Андрес Биерман) [2006, Колумбия, теленовелла, TVRip]"
965310,2,3887532,645CBB5960DE0E4A7CEACB0C6F11E26EB963ED60,63294313682,2,2026-07-31 02:21:01,3,2,"{7,24,24,24,24,24,24,24,24,24,23,24,24,24,24,24,24,24,24,23,25,24,24,24,25,24,24,26,24,24,24}","{21,66,56,45,47,46,26,37,35,44,31,40,27,32,34,59,60,60,71,66,60,57,56,65,69,60,70,67,40,44,39}","Я люблю Пакиту Гальего (Любимая женщина) 1-149 серии (из 149) / Yo Amo a Paquita Gallego (Хуан Пабло Посада (Juan Pablo Posada)) [1998, Колумбия, Теленовелла, VHSRip]"
980196,2,3887532,4FB526F88877600E7FF9D252989EEF65F3494DD4,22754177024,2,2026-07-31 02:21:01,3,2,"{7,24,24,24,24,24,24,24,24,24,23,24,24,24,24,24,24,24,24,23,25,24,24,24,25,24,24,26,24,24,24}","{26,80,80,79,79,80,73,77,86,90,77,88,75,80,82,90,84,84,95,89,85,83,81,84,94,84,94,93,83,92,87}","Золотая клетка (AVI) 60 серий (все) / La Jaula de Oro (Хосе Рендон (Jose Rendon)) [1997, Мексика, Теленовелла, VHSRip]"
984544,2,922448,81B55B8058D3E582D950F30C718A6B9A9841FFDB,29274855424,2,2026-07-31 02:21:01,3,2,"{7,24,24,24,24,24,24,24,24,24,23,24,24,24,24,24,24,24,24,23,25,24,24,24,25,24,24,26,24,24,24}","{26,80,80,79,79,80,73,77,86,90,77,65,57,56,75,89,84,84,95,89,86,84,79,84,94,84,94,93,83,92,87}","Ад в маленьком городке 1-8 DVD из 16 Pueblo chico infierno grande (Бенжамин Канн) [1997, Мексика, теленовелла, VHSRip]"
984701,2,922448,C4C64362EC0E97A0762F930EBE298A350642D928,28812724224,2,2026-07-31 02:21:01,2,2,"{7,24,24,24,24,24,24,24,24,24,23,24,24,24,24,24,24,24,24,23,25,24,24,24,25,24,24,26,24,24,24}","{14,48,44,45,47,46,26,37,35,44,31,40,27,32,38,41,36,36,47,43,35,37,35,36,44,36,47,41,35,44,39}","Ад в маленьком городке 9-16 DVD из 16 / Pueblo chico infierno grande (Бенжамин Канн) [1997, Мексика, теленовелла, VHSRip]"
986846,2,773967,BB6EE9F40AF2C49F50FE16263E07906D9588FCDD,31257357814,2,2026-07-31 02:21:01,4,2,"{7,24,24,24,24,24,24,24,24,24,23,24,24,24,24,24,24,24,24,23,25,24,24,24,25,24,24,26,24,24,24}","{28,84,89,88,90,104,98,87,94,91,88,93,83,92,96,100,110,114,104,95,97,92,88,96,109,95,98,110,90,97,104}","Яго, темная страсть / Yago, pasion morena 1-80 серии из 160. (Мигель Колом, Федерико Палаццо) [2001, Аргентина, сериал, TVRip] ПЕРЕРАЗДАЧА."
993528,2,880718,8538E12AC8BF8B00EFC4932387E974E2EF5F9388,53393926190,1,2026-07-31 02:21:01,3,2,"{7,24,24,24,24,24,24,24,24,24,23,24,24,24,24,24,24,24,24,23,25,24,24,24,25,24,24,26,24,24,24}","{15,62,64,58,54,58,42,52,41,56,41,52,40,46,47,45,48,48,72,58,46,51,45,51,51,50,56,56,51,58,52}","Марисоль / Marisol [серии 001-135 из 135] (Хильберто Масин, Пабло Носеда Перес, Хулиан Пастор / Gilberto Macin, Pablo Noceda P&#233;rez, Juli&#225;n Pastor) [1996, Мексика, Мелодрама, драма, латиноамериканский, теленовелла, TVRip] MVO"
998232,2,1694801,C9CF89288D81BB6CEC3615FE6D52326071EF58E3,48980050709,2,2026-07-31 02:21:01,3,2,"{7,24,24,24,24,24,24,24,24,24,23,24,24,24,24,24,24,24,24,23,25,24,24,24,25,24,24,26,24,24,24}","{21,65,48,47,58,74,57,45,37,54,36,57,40,40,50,67,48,84,83,76,61,52,48,68,65,52,63,49,35,57,53}","Мачеха / La Madrastra 1-120 (120) + бонусы (Эрик Моралес, Эдгар Рамирез) [2005, Мексика, Драма, Мелодрама, TVRip]"
1004023,2,923350,1A789726E17A4C4487D7371668391F852F3C16E6,36608419840,2,2026-07-31 02:21:01,4,3,"{7,24,24,24,24,24,24,24,24,24,23,24,24,24,24,24,24,24,24,23,25,24,24,24,25,24,24,26,24,24,24}","{28,82,99,84,79,96,80,91,97,94,89,92,87,102,93,89,84,84,95,89,85,80,80,89,93,84,95,93,85,92,87}","Телохранитель 1-105 серии (210) / Amor en custodia (Карлос Луна, Габриэль Де Сиансио, Пабло Абросини) [2005, Аргентина, теленовелла, TVRip]"
1004144,2,923350,ECB918885B1A06987D2E73775688E2FD1EB602C8,34547836928,2,2026-07-31 02:21:01,5,3,"{7,24,24,24,24,24,24,24,24,24,23,24,24,24,24,24,24,24,24,23,25,24,24,24,25,24,24,26,24,24,24}","{25,73,88,79,89,97,65,66,86,88,68,97,97,94,93,89,101,100,82,93,97,87,61,96,99,100,97,80,109,104,93}","Телохранитель 106-210 серии (210) / Amor en custodia (Карлос Луна, Габриэль Де Сиансио, Пабло Абросини) [2005, Аргентина, теленовелла, TVRip]"
1006801,2,773967,5281959158B5C44790BEDAADC0078487DCFF8F01,31805671920,2,2026-07-31 02:21:01,5,2,"{7,24,24,24,24,24,24,24,24,24,23,24,24,24,24,24,24,24,24,23,25,24,24,24,25,24,24,26,24,24,24}","{24,79,77,82,79,81,76,76,81,83,73,80,67,69,91,91,99,92,80,77,75,75,67,83,85,87,91,88,76,86,91}","Яго, темная страсть / Yago, pasion morena 81-160 серии из 160. (Мигель Колом, Федерико Палаццо) [2001, Аргентина, сериал, TVRip] ПЕРЕРАЗДАЧА."
1013544,2,3887532,A921E3F70AE155E2BA2B24067E5E5475893CD85F,49955613942,2,2026-07-31 02:21:01,4,1,"{7,24,24,24,24,24,24,24,24,24,23,24,24,24,24,24,24,24,24,23,25,24,24,24,25,24,24,26,24,24,24}","{26,97,111,108,107,97,93,105,116,100,95,104,97,88,111,106,101,102,92,103,97,100,98,105,113,102,97,106,99,102,100}","Мария Эмилия, любимая. Серии 1-150 (150) / Maria Emilia, Querida (Делиа Фиалло) [1999, Перу, Мелодрама, VHSRip]"
1015163,2,3859339,8132F8A2B89522A9EACFBCA17D6129F34205E0FE,28271099984,2,2026-07-31 02:21:01,3,3,"{7,24,24,24,24,24,24,24,24,24,23,24,24,24,24,24,24,24,24,23,25,24,24,24,25,24,24,26,24,24,24}","{21,66,56,45,47,46,26,37,35,44,31,40,27,32,38,57,60,60,71,66,60,59,58,65,69,60,69,67,40,44,39}","Карола Казини, на крутых виражах / Carola Casini 1-42 серии (42) (Себастьян Пивотто, Адриан Суар) [1997, Аргентина, теленовелла, TVRip]"
1017202,2,3887532,333DFC1704DC8F4B8C073F8D5DF127E48409543A,43392337941,2,2026-07-31 02:21:01,3,2,"{7,24,24,24,24,24,24,24,24,24,23,24,24,24,24,24,24,24,24,23,25,24,24,24,25,24,24,26,24,24,24}","{21,72,74,69,71,70,50,61,59,68,54,64,51,56,67,65,60,60,96,84,71,61,68,80,74,66,81,79,76,85,63}","Три жизни Софии. Серии 1-110 (110) / Tres Veces Sofia (Хуан Карлос Муньос, Мартин Барраса) [1998, Мексика, Теленовелла, VHSRip]"
1022414,2,883421,3955D419419A5C0924503D885A4A80F7A1BF2653,30341494150,2,2026-07-31 02:21:01,3,3,"{7,24,24,24,24,24,24,24,24,24,23,24,24,24,24,24,24,24,24,23,25,24,24,24,25,24,24,26,24,24,24}","{26,80,80,79,79,80,73,77,86,90,79,86,75,82,86,92,84,84,103,89,83,100,82,84,94,85,98,100,83,92,87}","Месть (серии 1-127 из 127) / La Venganza (Дэвид Посада, Тони Родригес, Родриго Триана) [2002, Колумбия, США, теленовелла, TVRip]"
1029598,2,773967,B1B83B0A94A8B0A9B9D9AB9BBE894A3BA79F4108,38256788702,2,2026-07-31 02:21:01,3,3,"{7,24,24,24,24,24,24,24,24,24,23,24,24,24,24,24,24,24,24,23,25,24,24,24,25,24,24,26,24,24,24}","{22,76,70,71,71,72,57,70,68,73,62,70,61,62,69,75,72,70,99,81,68,68,67,68,77,66,78,81,64,77,71}","Чертенок / Pobre Diabla / Серии: 001-090 (180) (Рубен Гербази) [2000, Перу, теленовелла, TVRip] AVI"
1032821,2,3887532,5CA58A51A87E6AAA31AF57562E9E17F7F55BF9DC,27693999394,2,2026-07-31 02:21:01,3,2,"{7,24,24,24,24,24,24,24,24,24,23,24,24,24,24,24,24,24,24,23,25,24,24,24,25,24,24,26,24,24,24}","{26,77,68,69,71,70,50,61,61,73,54,62,52,56,58,83,84,84,95,89,85,81,80,84,94,84,93,93,64,68,63}","Истинная любовь / Amor Real / Серии: 01-81 (81) (Моника Мигель) [2003, Мексика, Теленовелла, VHSRip] AVI"
1049027,2,299676,B8B29CC2CF62C67D4DB3269D3F947CE23199C081,73179087766,2,2026-07-31 02:21:01,3,2,"{7,24,24,24,24,24,24,24,24,24,23,24,24,24,24,24,24,24,24,23,25,24,24,24,25,24,24,26,24,24,24}","{25,72,73,66,72,68,43,61,54,61,31,40,27,32,43,83,76,62,90,78,78,78,70,73,90,80,79,89,62,64,63}","Навеки Джулия (серии 1-220 из 220)/ Resistir&#233; (Карлос Луна) [2003, Аргентина, Криминальная мелодрама, TVRip]"
1086507,2,579990,CEE0A3D2C0DB96BF0102E5F717965E7CC7B0504A,50053318656,2,2026-07-31 02:21:01,3,2,"{7,24,24,24,24,24,24,24,24,24,23,24,24,24,24,24,24,24,24,23,25,24,24,24,25,24,24,26,24,24,24}","{21,72,68,69,71,70,50,61,59,68,54,41,33,32,51,65,60,60,71,66,60,66,57,60,69,60,71,67,59,68,63}","По имени Луна / Luna, La Heredera /1-11 из 22 DVD /(Juan Carlos Villamizar Delgado) [2004, Колумбия, Драма, Мелодрама, TVRip]"
1086607,2,579990,02F3494B4D12ADED5D0F77F7383F9AAE3FE1A2FF,46213711872,2,2026-07-31 02:21:01,3,2,"{7,24,24,24,24,24,24,24,24,24,23,24,24,24,24,24,24,24,24,23,25,24,24,24,25,24,24,26,24,24,24}","{21,72,68,69,71,70,50,61,59,68,54,64,51,56,62,43,36,36,47,43,36,45,56,60,69,60,70,67,59,68,63}","По имени Луна / Luna, La Heredera /12-22 из 22 DVD/ (Juan Carlos Villamizar Delgado) [2004, Колумбия, TVRip]"
1108588,2,773967,ABEB2AFA47B972BCBF48646866DB6F715922D1EC,41742511872,2,2026-07-31 02:21:01,3,3,"{7,24,24,24,24,24,24,24,24,24,23,24,24,24,24,24,24,24,24,23,25,24,24,24,25,24,24,26,24,24,24}","{22,73,57,53,63,56,45,52,50,59,44,50,43,46,49,66,70,62,69,77,72,71,62,66,82,71,77,77,54,58,51}","Чертенок / Pobre Diabla / Серии: 091-180 (180) (Рубен Гербази) [2000, Перу, теленовелла, TVRip] AVI"
1113317,2,286661,D9D08BCA87E6432D81F9A249E423E14EDFECC4B1,57556761419,2,2026-07-31 02:21:01,3,3,"{7,24,24,24,24,24,24,24,24,24,23,24,24,24,24,24,24,24,24,23,25,24,24,24,25,24,24,26,24,24,24}","{21,66,56,45,47,46,26,37,35,44,31,40,27,32,38,57,60,60,71,66,61,59,55,65,69,60,70,67,40,44,39}","Луиза Фернанда / Luisa Fernanda (все серии (130)) (Отто Родригез) [1998, Венесуэла, Мелодрама, TVRip]"
1121507,2,3887532,28EE7534616864AEABBEB62617A72C73B1590802,28609978922,2,2026-07-31 02:21:01,5,2,"{7,24,24,24,24,24,24,24,24,24,23,24,24,24,24,24,24,24,24,23,25,24,24,24,25,24,24,26,24,24,24}","{33,106,124,109,109,110,113,113,95,103,102,100,107,101,101,110,107,120,105,66,60,60,58,65,69,60,70,80,108,108,109}","Калипсо / Calypso. Серии 1-80 (80) в AVI (C&#233;sar Miguel Rond&#243;n) [1999, Венесуэла, Теленовелла, SATRip]"
1123250,2,880718,FC1598D49CAB64DE9F83ED92954C5D8AA8ED66C5,38462040352,1,2026-07-31 02:21:01,2,2,"{7,24,24,24,24,24,24,24,24,24,23,24,24,24,24,24,24,24,24,23,25,24,24,24,25,24,24,26,24,24,24}","{14,51,56,45,47,47,26,44,40,48,34,42,35,32,38,41,36,46,53,46,36,38,33,41,44,36,46,41,35,44,39}","Верность любви / Amor Sagrado (Sacred Love)[серии 01-80 из 80] (Tato Pfleger) [1996, Аргентина, Теленовелла, TVRip] MVO"
1123286,2,880718,96F9859ACFFFA998B47CBD975835276B1E1CC3F6,51593788574,1,2026-07-31 02:21:01,3,1,"{7,24,24,24,24,24,24,24,24,24,23,24,24,24,24,24,24,24,24,23,25,24,24,24,25,24,24,26,24,24,24}","{26,80,90,79,79,80,50,61,59,68,54,64,51,56,63,63,60,60,79,89,80,61,57,65,69,60,70,67,59,68,63}","Полнолуние любви / Lua Cheia de Amor / Серии: 001-170 (170) (Марио Марсио Бандарра) [1990, Бразилия, Теленовелла, TVRip]"
1123324,2,880718,1568CF3F0C54FB6F17119B84D46C225C83BEF4ED,57234892510,1,2026-07-31 02:21:01,3,3,"{7,24,24,24,24,24,24,24,24,24,23,24,24,24,24,24,24,24,24,23,25,24,24,24,25,24,24,26,24,24,24}","{21,72,74,69,71,70,50,61,59,68,54,64,51,56,62,65,60,60,71,66,61,59,57,65,69,60,71,67,59,68,63}","Незабываемая / La Inolvidable [001-118 из 118] (Тони Родригис) [1996, Венесуэла, Теленовелла, TVRip]"
1123337,2,880718,E0E6E3A6BCE1ED07AA8D02FBEDD2EFFF8F71BF5E,55685115780,1,2026-07-31 02:21:01,5,2,"{7,24,24,24,24,24,24,24,24,24,23,24,24,24,24,24,24,24,24,23,25,24,24,24,25,24,24,26,24,24,24}","{29,84,100,95,90,105,99,87,91,90,81,77,93,93,102,87,105,119,90,43,35,37,40,48,49,42,66,69,90,99,105}","Человек моря / Hombre de mar [серии 001-119 (кроме 9, 36, 82) из 119](Диана Альварез) [1997, Аргентина, Теленовелла, TVRip]"
1123365,2,880718,DE9420ABA57E6B488FE2E7DA544D7D7C64A07DA8,46945674042,1,2026-07-31 02:21:01,2,2,"{7,24,24,24,24,24,24,24,24,24,23,24,24,24,24,24,24,24,24,23,25,24,24,24,25,24,24,26,24,24,24}","{14,48,56,45,47,46,26,37,35,44,31,40,27,32,38,41,36,36,47,43,36,46,35,41,44,36,46,41,35,44,39}","Тихие страсти Магдалены / Vila Madalena [серии 01-91 из 91] (Жоржи Фернандо) [1999, Бразилия, Теленовелла, TVRip] MVO"
1128883,2,299676,ADBC2AF93D7A45F710FA7E47F2691417861A1F76,20465434616,2,2026-07-31 02:21:01,3,3,"{7,24,24,24,24,24,24,24,24,24,23,24,24,24,24,24,24,24,24,23,25,24,24,24,25,24,24,26,24,24,24}","{21,66,56,45,47,46,26,36,35,44,31,40,27,32,38,60,60,60,71,66,61,60,59,64,69,60,71,67,40,44,39}","Украденная любовь серии 1-60 из 60 / Sentimientos ajenos (Aurora Molina, Jose Acosta) [1996, Мексика, теленовелла, SATRip]"
1134640,2,1221289,289CD55546CF7D07113A604DB1EFCD6EC85DC096,124798851072,2,2026-07-31 02:21:01,1,1,"{7,24,24,24,24,24,24,24,24,24,23,24,24,24,24,24,24,24,24,23,25,24,24,24,25,24,24,26,24,24,24}","{7,39,44,45,47,45,26,37,35,44,29,38,27,32,38,41,36,36,47,43,35,37,32,36,44,36,46,41,35,44,39}","Избранница (Женщина моей жизни) / La Mujer de Mi Vida / 01-30 DVD из 30 (Хосе Антонио Феррара) [1998, США-Венесуэла, теленовелла, SATRip]"
1135858,2,3887532,6004219EB58442C1A7BC5DE1895D2BADDA7BF195,26292813392,2,2026-07-31 02:21:01,4,2,"{7,24,24,24,24,24,24,24,24,24,23,24,24,24,24,24,24,24,24,23,25,24,24,24,25,24,24,26,24,24,24}","{23,69,66,61,60,61,40,51,46,57,42,55,44,49,58,87,88,85,98,98,93,87,85,94,95,91,96,98,76,71,72}","Без права на любовь / Nada personal Серии 1-131 (131) (Антонио Серрано) [1997, Мексика, Теленовелла, VHSRip]"
1149809,2,3887532,56622F6E22736A3B4579E7F474E2BF8E216244F3,38890696704,2,2026-07-31 02:21:01,3,2,"{7,24,24,24,24,24,24,24,24,24,23,24,24,24,24,24,24,24,24,23,25,24,24,24,25,24,24,26,24,24,24}","{26,80,80,79,89,80,73,76,96,97,77,94,85,80,82,89,100,101,83,92,99,91,79,94,102,100,96,92,121,119,107}","Я люблю Пакиту Гальего (Любимая женщина) DVD 1-10(30) / Yo Amo a Paquita Gallego (Хуан Пабло Посада (Juan Pablo Posada)) [1998, Колумбия, Теленовелла, VHSRip]"
1151758,2,3473447,5CB20187980290029C6736C31E89A2CB5CB07DB5,46013106580,2,2026-07-31 02:21:01,5,1,"{7,24,24,24,24,24,24,24,24,24,23,24,24,24,24,24,24,24,24,23,25,24,24,24,25,24,24,26,24,24,24}","{30,111,115,115,101,101,111,98,100,99,100,103,71,66,86,86,72,62,76,77,61,59,66,63,75,69,61,72,65,68,63}","Дикий ангел / Mineca brava Все 270 серий (Hern&#225;n Abrahamnsohn, Гаита Арагона, Виктор Стелла) [1998, Аргентина, комедия, мелодрама, драма, SATRip]"
1152569,2,3887532,68E3B09649FABAC20217C8ED821AEFD4062B0E77,38629859328,2,2026-07-31 02:21:01,3,2,"{7,24,24,24,24,24,24,24,24,24,23,24,24,24,24,24,24,24,24,23,25,24,24,24,25,24,24,26,24,24,24}","{26,77,68,69,71,70,50,60,59,68,54,64,51,56,58,83,84,84,95,89,86,83,82,84,94,84,94,93,64,68,63}","Я люблю Пакиту Гальего (Любимая женщина) DVD 11-20(30) / Yo Amo a Paquita Gallego (Хуан Пабло Посада (Juan Pablo Posada)) [1998, Колумбия, Теленовелла, VHSRip]"
1161395,2,4842926,60C103EF76A00F0BAE565DE12D38B2B932B9339D,33854541914,2,2026-07-31 02:21:01,3,1,"{7,24,24,24,24,24,24,24,24,24,23,24,24,24,24,24,24,24,24,23,25,24,24,24,25,24,24,26,24,24,24}","{25,76,82,77,77,77,45,68,69,76,69,76,71,72,76,78,77,70,89,84,71,70,55,69,82,75,85,88,76,84,81}","Шалунья / Mi Peque&#241;a Traviesa 1-101 серии(101) (Педро Демиан) [1998, Мексика, Мелодрама, TVRip]"
1195086,2,3887532,17AF306A6A05016C3D6A69D256DFB841BF6FA437,61169814630,1,2026-07-31 02:21:01,3,2,"{7,24,24,24,24,24,24,24,24,24,23,24,24,24,24,24,24,24,24,23,25,24,24,24,25,24,24,26,24,24,24}","{26,77,68,69,71,70,50,61,59,68,54,64,51,56,58,83,84,84,95,89,85,82,80,83,94,84,95,93,64,68,63}","Страсти по Саломее / Salome / Серии: 001-150 (150) AVI (Серхио Хименес) [2001, Мексика, Теленовелла, VHSRip]"
1195941,2,918332,397E40788A70869D0E2729CFA9AFCB380B208173,62535231488,2,2026-07-31 02:21:01,3,2,"{7,24,24,24,24,24,24,24,24,24,23,24,24,24,24,24,24,24,24,23,25,24,24,24,25,24,24,26,24,24,24}","{26,72,74,69,71,70,30,37,35,44,31,40,27,32,38,60,60,60,71,66,61,59,56,65,69,60,78,67,40,44,39}","Лловизна / Llovizna 1 - 146 (146) (Хосе Алькальде, Юри Дельгадо) [1997, Венесуэла, теленовелла, TVRip]"
1197796,2,539709,527367D509A4424318A3C3A295A8D8C52B694B6D,35687305360,2,2026-07-31 02:21:01,3,2,"{7,24,24,24,24,24,24,24,24,24,23,24,24,24,24,24,24,24,24,23,25,24,24,24,25,24,24,26,24,24,24}","{22,82,74,74,75,70,50,67,92,87,76,48,35,32,49,65,64,62,75,72,70,63,61,74,93,82,93,96,82,84,82}","Голос сердца / Серии 076-150 (150) / Alma Gemea (Жоржи Фернанду) [2005, Бразилия, Теленовелла, SATRip]"
1203772,2,880718,B66EBA781D348D2A315D36D2D7B1B68123670F0C,39306253670,1,2026-07-31 02:21:01,4,2,"{7,24,24,24,24,24,24,24,24,24,23,24,24,24,24,24,24,24,24,23,25,24,24,24,25,24,24,26,24,24,24}","{22,78,68,61,63,67,50,55,51,61,51,59,56,93,85,86,77,92,105,82,78,72,71,85,89,95,93,101,95,123,93}","Берег мечты / Porto dos Milagres 01-87 (175) (Маркос Пауло, Роберто Наар) [2001, Бразилия, Мелодрама,драма,криминал, TVRip]"
1203837,2,880718,1538EF443BCD37FC5FD57E45CAA0F3E1AA15ECE1,49680535504,1,2026-07-31 02:21:01,4,3,"{7,24,24,24,24,24,24,24,24,24,23,24,24,24,24,24,24,24,24,23,25,24,24,24,25,24,24,26,24,24,24}","{22,78,78,77,76,80,73,76,77,80,72,82,71,93,86,85,80,95,110,82,77,74,73,87,87,93,92,103,96,123,89}","Берег мечты / Porto dos Milagres 088-175 (175) (Маркос Пауло, Роберто Наар) [2001, Бразилия, Мелодрама,драма,криминал, TVRip]"
1211160,2,1825660,1F4B0077F72AB6EEE139CBAE1FC9FB883B3947E5,47539290918,2,2026-07-31 02:21:01,3,2,"{7,24,24,24,24,24,24,24,24,24,23,24,24,24,24,24,24,24,24,23,25,24,24,24,25,24,24,26,24,24,24}","{15,62,65,59,57,58,40,52,43,57,45,53,41,44,47,49,47,50,63,58,42,51,40,51,54,49,60,55,52,58,53}","Избранница (Женщина моей жизни) серии 1-75(150)avi / La Mujer de Mi Vida (Хосе Антонио Феррара) [1998, США, мелодрама, SATRip]"
1211200,2,1825660,FECDC35CB28D60853668FFDECE83B4355F930588,46812249254,2,2026-07-31 02:21:01,4,2,"{7,24,24,24,24,24,24,24,24,24,23,24,24,24,24,24,24,24,24,23,25,24,24,24,25,24,24,26,24,24,24}","{18,66,66,66,72,75,47,51,45,55,43,59,59,67,74,74,71,67,84,68,63,67,45,62,76,71,79,68,55,67,55}","Избранница (Женщина моей жизни) серии 76-150(150)AVI / La Mujer de Mi Vida (Хосе Антонио Феррара) [1998, США, мелодрама, SATRip]"
1211565,2,880718,262346B93100FE7F0322ADDBDF2C3E501DA00612,49118498422,2,2026-07-31 02:21:01,3,2,"{7,24,24,24,24,24,24,24,24,24,23,24,24,24,24,24,24,24,24,23,25,24,24,24,25,24,24,26,24,24,24}","{25,116,101,119,89,107,97,113,111,117,97,124,117,113,126,158,178,173,162,160,169,142,142,152,156,152,148,169,170,167,162}","Богатые тоже плачут / Los Ricos tambien lloran 001-244 (244) ( Рафаэль Банкельс, Фернандо Чакон ) [1979, Мексика, Мелодрама, драма, криминал, VHSRip]"
1227022,2,2519736,A11304426E57C2574B282976D04833716F4B9750,24806008264,2,2026-07-31 02:21:01,13,2,"{7,24,24,24,24,24,24,24,24,24,23,24,24,24,24,24,24,24,24,23,25,24,24,24,25,24,24,26,24,24,24}","{92,384,314,296,313,315,375,299,317,318,339,273,314,275,286,313,261,267,317,334,319,346,390,322,370,381,342,349,340,295,305}","Рабыня Изаура / Escrava Isaura 100 из 100 серий (Милтон Гонсалез, Хервал Россану) [1976, Бразилия, Мелодрама, SATRip]"
1235885,2,3887532,2FC11365928BA3A3683FFB7D82F89BF7AA3FFA8C,38180315136,2,2026-07-31 02:21:01,3,2,"{7,24,24,24,24,24,24,24,24,24,23,24,24,24,24,24,24,24,24,23,25,24,24,24,25,24,24,26,24,24,24}","{21,72,68,69,71,70,50,61,59,68,54,64,51,56,58,65,60,60,71,66,61,60,58,60,69,60,71,67,59,68,63}","Я люблю Пакиту Гальего (Любимая женщина) DVD 21-30(30) / Yo Amo a Paquita Gallego (Хуан Пабло Посада (Juan Pablo Posada)) [1998, Колумбия, Теленовелла, VHSRip]"
1252135,2,5367047,4E3BF34CAF4EAF4BD4BA250888B39719CDC82BBD,13719617616,2,2026-07-31 02:21:01,1,1,"{7,24,24,24,24,24,24,24,24,24,23,24,24,24,24,24,24,24,24,23,25,24,24,24,25,24,24,26,24,24,24}","{7,24,38,45,47,46,26,37,35,47,31,40,27,32,38,23,18,18,46,43,36,27,18,21,19,33,47,41,35,44,39}","Мечты и зеркала / Sue&#241;osy espejos (Ali Humar (Али Умар)) [1995, Колумбия, Мелодрама, TVRip]"
1291240,2,299676,AA2E7137F2FFADAB95415476CF77422842472FDC,30677616140,2,2026-07-31 02:21:01,3,1,"{7,24,24,24,24,24,24,24,24,24,23,24,24,24,24,24,24,24,24,23,25,24,24,24,25,24,24,26,24,24,24}","{24,88,99,90,87,91,66,89,88,94,88,90,94,91,93,89,94,98,112,92,94,84,77,87,96,93,96,101,93,96,96}","Дедушка и я / El Abuelo y yo / Серии: 01-90 (90) (Хуан Карлос Муньос) [1992, Мексика, Теленовелла, SATRip]"
1300045,2,1552512,FF726B750A1FBA0B6FBD4CF7BB47971A6C23F7A1,49704950126,2,2026-07-31 02:21:01,3,2,"{7,24,24,24,24,24,24,24,24,24,23,24,24,24,24,24,24,24,24,23,25,24,24,24,25,24,24,26,24,24,24}","{26,86,90,88,101,91,83,94,87,86,63,91,79,70,71,70,100,111,105,117,109,100,85,106,112,111,86,79,106,128,108}","Запретная женщина / La Mujer Prohibida (все серии (126)) (Рамон Товар) [1991, Венесуэла, Мелодрама, VHSRip]"
1303707,2,883421,A9D61E01BBD5649A2AA0387F2B658623C3E0F664,32500011008,2,2026-07-31 02:21:01,3,2,"{7,24,24,24,24,24,24,24,24,24,23,24,24,24,24,24,24,24,24,23,25,24,24,24,25,24,24,26,24,24,24}","{21,69,72,63,77,72,35,37,53,68,54,43,27,35,64,65,50,45,57,86,70,66,46,71,78,64,83,70,67,68,69}","Королева сердец / Reina de corazones 1-123 (123) (Тони Родригес) [1998, Венесуэла, теленовелла, TVRip]"
1304071,2,539709,E62D69ECD095BB30D1EC39287628D3580C5817FF,34853473806,2,2026-07-31 02:21:01,3,3,"{7,24,24,24,24,24,24,24,24,24,23,24,24,24,24,24,24,24,24,23,25,24,24,24,25,24,24,26,24,24,24}","{21,80,74,74,75,69,50,68,92,87,76,69,56,56,62,63,60,60,71,66,61,57,53,74,87,76,88,89,76,75,76}","Голос сердца / Серии 001-075 (150) / Alma Gemea (Жоржи Фернанду) [2005, Бразилия, Теленовелла, SATRip]"
1305160,2,595138,4C2F9D8CBE6B19526A6A2E3914D38B4AD3575B56,45360549422,2,2026-07-31 02:21:01,5,3,"{7,24,24,24,24,24,24,24,24,24,23,24,24,24,24,24,24,24,24,23,25,24,24,24,25,24,24,26,24,24,24}","{35,117,117,117,124,116,110,116,128,125,113,137,132,112,117,114,142,154,133,130,139,128,113,139,146,145,119,122,169,166,146}","В поисках отца / Amarte asi / Серии: 001-119 (119) [2005, США, Мексика, Аргентина, теленовелла, SATRip] (Zone Romantica)"
1305365,2,865448,D62DEFC77ADBEC26D8A5B09826FDACA10840D8F9,33348532224,2,2026-07-31 02:21:01,4,2,"{7,24,24,24,24,24,24,24,24,24,23,24,24,24,24,24,24,24,24,23,25,24,24,24,25,24,24,26,24,24,24}","{27,85,75,75,75,80,68,71,74,77,67,82,63,66,73,89,89,89,105,74,78,90,85,92,93,90,98,99,77,79,75}","Мои три сестры / Mis Tres Hermanas / Серии: 001-075 (150) (Тони Родригез, Николас Ди Бласи) [2000, Венесуэла, Теленовелла, TVRip]"
1305562,2,880718,8CA804917EB02352F64D144BBFD075F708827DA5,47361085578,2,2026-07-31 02:21:01,2,2,"{7,24,24,24,24,24,24,24,24,24,23,24,24,24,24,24,24,24,24,23,25,24,24,24,25,24,24,26,24,24,24}","{15,65,65,57,62,55,42,51,52,54,45,52,39,45,48,50,51,51,57,57,49,52,46,49,53,45,52,55,47,54,50}","Больше, чем любовь / Mas que amor...Frenesi (Френеси)[серии 001-105 из 105] (Амадо Дееса, Карлос Изкьердо, Эдгар Льендо, Аркимедес Риверо) [2001, Венесуэла, Мелодрама, SATRip] MVO"
1310920,2,883421,32896463A9293641D744351AF0961FF70AB0664E,14664849408,2,2026-07-31 02:21:01,4,2,"{7,24,24,24,24,24,24,24,24,24,23,24,24,24,24,24,24,24,24,23,25,24,24,24,25,24,24,26,24,24,24}","{28,66,56,50,49,63,42,37,35,44,31,40,34,38,44,59,83,84,94,89,61,59,65,72,77,66,91,76,40,52,68}","Умереть дважды / Morir Dos Veces 1-60 (60) (Альберто Кортес) [1996, Мексика, детектив, мелодрама, TVRip]"
1339890,2,865448,2DB31A350BD34065C6B8B446345B0E1444C20DD4,33390705282,2,2026-07-31 02:21:01,4,2,"{7,24,24,24,24,24,24,24,24,24,23,24,24,24,24,24,24,24,24,23,25,24,24,24,25,24,24,26,24,24,24}","{28,83,75,75,72,79,68,70,68,79,69,75,64,67,72,88,87,88,98,78,71,90,85,90,92,92,96,101,76,80,75}","Мои три сестры / Mis Tres Hermanas / Серии: 076-150 (150) (Тони Родригез, Николас Ди Бласи) [2000, Венесуэла, Теленовелла, TVRip]"
1340005,2,1179770,3A18235F487AB786AEFC24447C5636D3E70DA980,45809722092,2,2026-07-31 02:21:01,3,2,"{7,24,24,24,24,24,24,24,24,24,23,24,24,24,24,24,24,24,24,23,25,24,24,24,25,24,24,26,24,24,24}","{26,77,79,80,88,80,73,77,96,97,77,96,95,80,86,89,99,100,83,92,102,73,56,87,91,85,73,65,98,96,84}","Два лица страсти (1-120) серии из 120 / Las Dos Caras de Ana (Клаудия Элиза Агилар, Гастон Тусет) [2006, Мексика, США, мелодрама, TVRip]"
1341974,2,880718,41012C14BA825155F224A2659AA152564F7C4275,66446845520,2,2026-07-31 02:21:01,2,2,"{7,24,24,24,24,24,24,24,24,24,23,24,24,24,24,24,24,24,24,23,25,24,24,24,25,24,24,26,24,24,24}","{14,46,28,21,23,24,20,37,41,50,33,40,27,33,40,58,61,60,84,89,65,61,56,61,69,60,71,68,40,48,39}","Богатые и знаменитые / Ricos y Famosos 001-175 (180) (Алехандро Мосер) [1997, Аргентина, Мелодрама, драма, криминал, TVRip]"
1344370,2,880718,35F857EE0A5E6DC716A260378B0EE8D049D7AE89,58292683692,1,2026-07-31 02:21:01,4,2,"{7,24,24,24,24,24,24,24,24,24,23,24,24,24,24,24,24,24,24,23,25,24,24,24,25,24,24,26,24,24,24}","{23,61,67,56,58,61,43,51,50,68,50,48,42,46,55,57,48,52,65,57,48,49,47,52,60,54,64,57,54,59,55}","Провинциалка / Cabecita / Серии: 001-187 (187) (Хорхе Монтеро) [1999, Аргентина, Теленовелла, TVRip]"
1344593,2,880718,07FE2C30B03DF8198ABE60319AE189A837A654B0,69357400946,2,2026-07-31 02:21:01,3,3,"{7,24,24,24,24,24,24,24,24,24,23,24,24,24,24,24,24,24,24,23,25,24,24,24,25,24,24,26,24,24,24}","{21,66,44,45,47,46,26,37,35,44,31,40,27,32,38,58,60,60,71,66,61,61,58,60,69,60,71,67,40,44,39}","Селесте / Celeste [серии 001-158 из 158] (Николас Дель Бока) [1991, Аргентина, Семейная мелодрама, теленовелла, драма, латиноамериканский, TVRip] MVO"
1357952,2,6985093,F1422751005E38F8703CFA8334178560C0F5D41C,117800173568,2,2026-07-31 02:21:01,5,2,"{7,24,24,24,24,24,24,24,24,24,23,24,24,24,24,24,24,24,24,23,25,24,24,24,25,24,24,26,24,24,24}","{35,141,138,143,133,134,134,131,140,143,127,133,140,140,138,141,137,137,141,145,146,115,113,122,125,120,111,130,119,114,122}","Мануэла / Manuela 1-228 из 228 серий (Карлос Эскалада (Carlos Escalada), Родольфо Хоппе (Rodolfo Hoppe)) [1991, Аргентина, Италия, Теленовелла (Drama/Romance), TVRip]"
1364507,2,675277,A33A4478934A3B6AE75AEDBE58D31526D792E60F,35834540406,2,2026-07-31 02:21:01,3,3,"{7,24,24,24,24,24,24,24,24,24,23,24,24,24,24,24,24,24,24,23,25,24,24,24,25,24,24,26,24,24,24}","{21,66,44,45,47,46,26,37,35,44,31,40,27,32,38,59,60,60,71,66,61,60,57,60,69,60,70,67,40,44,39}","Мария Роса, найди мне жену / Maria Rosa, Buscame una Esposa / Серии: 001-120 (120) (Luis Llosa) [2000, Венесуэла-Перу, Теленовелла, TVRip]"
1366211,2,299676,57E3080C22FDD80B5C22334BC4496D4D402E4536,30794712828,2,2026-07-31 02:21:01,3,1,"{7,24,24,24,24,24,24,24,24,24,23,24,24,24,24,24,24,24,24,23,25,24,24,24,25,24,24,26,24,24,24}","{23,76,75,77,77,73,43,71,74,71,67,77,72,65,73,76,77,78,87,84,74,73,62,64,79,74,81,78,72,82,77}","Разлученные / Desencuentro 1-78 из 78 (Клаудио Райз) [1997, Мексика, Мелодрама, TVRip]"
1374120,2,880718,F74A4AFB0B43E1D0A61F39B49A13202D8BDF18AF,48107661548,1,2026-07-31 02:21:01,3,3,"{7,24,24,24,24,24,24,24,24,24,23,24,24,24,24,24,24,24,24,23,25,24,24,24,25,24,24,26,24,24,24}","{21,72,74,69,71,70,50,61,59,68,54,62,51,56,62,65,60,60,71,66,61,59,55,65,75,73,71,67,59,68,63}","Когда ты будешь моей (Женщина с ароматом кофе) / Cuando seas mia (серии 001-110 из 223) (Мартин Барраза) [2001, Мексика, Теленовелла, TVRip] MVO"
1374182,2,880718,E80C79DB40AE25A386F491192123B2F40D29DDAF,46152200418,1,2026-07-31 02:21:01,4,2,"{7,24,24,24,24,24,24,24,24,24,23,24,24,24,24,24,24,24,24,23,25,24,24,24,25,24,24,26,24,24,24}","{32,96,108,103,101,100,96,96,109,96,94,66,64,58,77,96,96,96,96,92,99,97,92,101,100,96,96,106,98,96,100}","Когда ты будешь моей (Женщина с ароматом кофе) / Cuando seas mia [111-223 из 223 (кроме 148 серии)] (Мартин Барраза) [2001, Мексика, Теленовелла, TVRip] MVO"
1374357,2,2458108,1BC1BB69F0E819D92BF3FFD0147703E5ACE331CB,15450414522,2,2026-07-31 02:21:01,3,3,"{7,24,24,24,24,24,24,24,24,24,23,24,24,24,24,24,24,24,24,23,25,24,24,24,25,24,24,26,24,24,24}","{26,77,68,69,71,68,50,61,59,68,54,64,51,56,62,84,84,84,95,89,84,82,82,84,94,84,95,93,64,68,63}","Монтекристо. Любовь и месть / Montecristo. Un amor una venganza (Серии 1 - 144) / (Мигель Колом) [2006, Аргентина, теленовелла, TVRip]"
1377909,2,108370,04178C16DFBFF0572E321ACC1DAD5F49E49575B4,67740622450,2,2026-07-31 02:21:01,3,3,"{7,24,24,24,24,24,24,24,24,24,23,24,24,24,24,24,24,24,24,23,25,24,24,24,25,24,24,26,24,24,24}","{21,67,65,58,63,60,41,66,74,84,67,70,54,66,71,88,91,91,99,88,96,88,83,95,98,91,91,101,65,61,42}","Земля любви / Terra Nostra / Серии: 001-150 (150) (Жайме Монжардим, Карлос Могальяэш) [1999, Бразилия, Мелодрама, TVRip]"
1390484,2,579990,64C04B1CF41B4B508363F9F34DE191C39E03014D,40719546368,2,2026-07-31 02:21:01,3,3,"{7,24,24,24,24,24,24,24,24,24,23,24,24,24,24,24,24,24,24,23,25,24,24,24,25,24,24,26,24,24,24}","{21,66,54,50,47,46,26,37,35,47,31,40,27,32,38,59,60,60,71,66,60,60,59,60,69,60,70,67,40,44,39}","Крылья любви / Amor Latino /1-11 из 21 DVD /(Николас дель Бока) [2000, Аргентина, Теленовелла, TVRip]"
1405855,2,4218005,5B4DFA0BA27C973A46F47BBF0B8DF0F3B91EA50C,42546147328,2,2026-07-31 02:21:01,3,3,"{7,24,24,24,24,24,24,24,24,24,23,24,24,24,24,24,24,24,24,23,25,24,24,24,25,24,24,26,24,24,24}","{26,80,80,79,79,80,73,77,84,90,77,88,75,80,86,89,84,84,95,89,85,82,79,84,94,84,94,93,83,92,87}","Роковое Наследство / O Rei do Gado; Весь сериал в AVI!!! (Луис Фернандо Карвальо) [1996, Бразилия, Драма, Мелодрама, TVRip]"
1411785,2,299676,0CB9C07229DB3ABBE7126B50F421346282BFE69D,6882230400,2,2026-07-31 02:21:01,3,3,"{7,24,24,24,24,24,24,24,24,24,23,24,24,24,24,24,24,24,24,23,25,24,24,24,25,24,24,26,24,24,24}","{21,72,71,79,79,80,73,77,86,90,77,88,75,80,86,71,66,66,94,89,84,72,63,64,69,81,94,93,83,92,87}","Дона Флор и два ее мужа / Dona Flor e Seus Dois Maridos (1-18 серии из 18) (Мауро Мендонса Фильу) [1998, Бразилия, Теленовелла, TVRip]"
1414394,2,562886,29E89C164227B739368FEB613062C1102623CFF7,40373674262,2,2026-07-31 02:21:01,3,2,"{7,24,24,24,24,24,24,24,24,24,23,24,24,24,24,24,24,24,24,23,25,24,24,24,25,24,24,26,24,24,24}","{16,52,49,56,71,70,38,37,35,44,31,52,51,56,62,63,61,60,71,56,55,54,39,50,66,60,70,55,44,52,49}","узы любви 1-100 серии / Lazos de amor (Мигель Корсика, Моника Мигель) [1995, мексика, сериал,мелодрама, HDTVRip]"
1414459,2,299676,530EEFBFA9CEDA49866880453B42BDC4E37382A3,34022095196,2,2026-07-31 02:21:01,3,2,"{7,24,24,24,24,24,24,24,24,24,23,24,24,24,24,24,24,24,24,23,25,24,24,24,25,24,24,26,24,24,24}","{21,72,68,69,71,70,51,61,59,68,54,64,82,85,88,88,84,88,97,87,81,75,91,88,91,87,93,90,80,89,75}","Моя дорогая Исабель / Mi querida Isabel (1-98 серии из 98) (Antulio Jim&#233;nez Pons) [1997, Мексика, Теленовелла, TVRip]"
1423139,2,1759619,A309229364D7A33E4B3CAFE9B7445F72E91482FA,39366548044,2,2026-07-31 02:21:01,2,2,"{7,24,24,24,24,24,24,24,24,24,23,24,24,24,24,24,24,24,24,23,25,24,24,24,25,24,24,26,24,24,24}","{17,62,64,55,58,56,39,47,45,56,42,53,37,45,44,48,46,50,62,55,42,55,56,49,48,43,53,60,42,59,46}","Женщина в зеркале / Моё второе я / La mujer en el espejo (серии 1-75 из 151)(Родольфо Ойос, Рикардо Суарез) [2005, Колумбия, мелодрама, TVRip]"
1428081,2,1759619,97E061FC44DBA1180CA3BF5189B782CEFF751764,39434417456,2,2026-07-31 02:21:01,2,2,"{7,24,24,24,24,24,24,24,24,24,23,24,24,24,24,24,24,24,24,23,25,24,24,24,25,24,24,26,24,24,24}","{17,62,64,54,59,57,39,47,45,55,43,53,40,54,44,48,46,50,62,55,42,50,46,48,51,43,61,60,41,59,45}","Женщина в зеркале/ Моё второе я (76-151 серии из 151) / La mujer en el espejo (Родольфо Ойос, Рикардо Суарез) [2005, Колумбия, мелодрама, TVRip]"
1440155,2,1834307,7AB09F700C18F17AFF1F25A89874714C32AB66D6,34198591488,2,2026-07-31 02:21:01,3,2,"{7,24,24,24,24,24,24,24,24,24,23,24,24,24,24,24,24,24,24,23,25,24,24,24,25,24,24,26,24,24,24}","{25,72,63,61,69,68,43,61,54,61,31,40,27,32,43,83,76,62,90,78,77,78,68,68,90,80,79,89,62,64,55}","Влюбленные в танго / Franco Buenaventura, el profe 21-30 из 38 DVD (Федерико Палассо) [2002, Аргентина, теленовелла, TVRip]"
1448863,2,949885,F3B180ECF9153C53E6BEA794352E30DB43EE3F6C,91479463936,2,2026-07-31 02:21:01,2,1,"{7,24,24,24,24,24,24,24,24,24,23,24,24,24,24,24,24,24,24,23,25,24,24,24,25,24,24,26,24,24,24}","{14,56,60,62,65,64,44,49,53,56,39,67,44,51,57,56,51,53,60,61,55,53,54,52,63,50,65,57,54,60,48}","Нано / Nano (Рудольфо Оппе / Rodolfo Hoppe); 24 диска (нарезка по сериалу) [1994, Аргентина, теленовелла, VHSRip (DVD-Video)] MVO"
1455286,2,1825660,BB8908E8B126912788E9C77CE50F791F365BCE1C,57450831872,2,2026-07-31 02:21:01,3,3,"{7,24,24,24,24,24,24,24,24,24,23,24,24,24,24,24,24,24,24,23,25,24,24,24,25,24,24,26,24,24,24}","{26,80,80,79,79,80,73,77,86,90,77,88,75,80,86,89,84,84,95,89,86,81,81,84,94,84,94,93,83,92,87}","Асуль Текила 1-16диски из 16 в ДВД / Azul Tequila (Умберто Сурино) [1998, Мексика, Мелодрама, VHSRip]"
1456257,2,3859339,4A679184A0FC498485C11F9E55D1C8DB9FB15B32,4529104120,2,2026-07-31 02:21:01,3,3,"{7,24,24,24,24,24,24,24,24,24,23,24,24,24,24,24,24,24,24,23,25,24,24,24,25,24,24,26,24,24,24}","{21,66,44,45,47,46,26,37,35,44,31,40,27,32,38,59,60,60,71,66,61,61,56,60,69,60,70,67,40,44,39}","Лабиринт / Laberinto sin ley, 1-13 серии (13) (Хосе Луис Масса) [1997, Аргентина, минисериал, детектив, TVRip]"
1459062,2,2011738,1275D566C6FD1421BDBDDF1B401F5D98D123D131,50876463104,2,2026-07-31 02:21:01,4,2,"{7,24,24,24,24,24,24,24,24,24,23,24,24,24,24,24,24,24,24,23,25,24,24,24,25,24,24,26,24,24,24}","{29,94,94,97,96,95,86,94,102,92,91,89,89,88,96,90,97,96,97,87,93,95,91,101,106,97,98,100,99,96,105}","Дора на страже порядка / Dora la Celadora / Серии: 001-122 (122) (Хуан Камило Пинсон) [2004, Колумбия, Теленовелла, TVRip]"
1468960,2,7649999,C81655E741B7952A233E424ACE0ED913EDED503F,40516888854,2,2026-07-31 02:21:01,3,2,"{7,24,24,24,24,24,24,24,24,24,23,24,24,24,24,24,24,24,24,23,25,24,24,24,25,24,24,26,24,24,24}","{16,54,48,38,34,34,19,29,26,37,25,32,20,21,24,51,51,53,64,51,47,51,46,53,57,43,60,56,31,38,31}","Жизнь продолжается 1-106. (189) / Mientras haya vida (Мартин Луна) [2007, Мексика, Теленовелла, TVRip]"
1490950,2,3779559,4D8A7C52DD8FB733F83BB2A383F6697B6A8608E4,4061823924,2,2026-07-31 02:21:01,3,3,"{7,24,24,24,24,24,24,24,24,24,23,24,24,24,24,24,24,24,24,23,25,24,24,24,25,24,24,26,24,24,24}","{21,66,44,45,47,46,26,37,35,44,31,40,27,32,38,59,60,60,71,66,60,58,55,60,69,60,70,67,40,44,39}","Неверные / Infieles (Энрике Эстеванез) [2002, Аргентина, Драма, TVRip]"
1497520,2,2785519,4F08D0868FBAE0EDA4D5F955B4CF486C5D486151,33257449820,2,2026-07-31 02:21:01,3,1,"{7,24,24,24,24,24,24,24,24,24,23,24,24,24,24,24,24,24,24,23,25,24,24,24,25,24,24,26,24,24,24}","{26,80,80,79,79,79,73,77,86,90,66,66,51,79,86,87,84,84,95,89,86,71,80,84,94,84,93,93,83,92,87}","Секрет тропиканки / Mulheres de Areia (Вольф Майа) Серии 1-93 (DVD 1-22) [1993, Бразилия, теленовелла, мелодрама, TVRip]"
1544038,2,2863797,2DDDDD6F3AF221D5B4709655028C996F0960D2F8,13856395264,2,2026-07-31 02:21:01,4,2,"{7,24,24,24,24,24,24,24,24,24,23,24,24,24,24,24,24,24,24,23,25,24,24,24,25,24,24,26,24,24,24}","{28,96,96,98,99,100,96,96,109,96,88,90,75,95,96,96,96,96,96,92,100,91,92,96,100,96,95,104,96,96,96}","&quot;Защитница&quot; / &quot;A Justiceira&quot; (Daniel Filho) ВСЕ 12 СЕРИЙ [1997, Бразилия, Детектив, Мелодрама, Мини-сериал, DVD5]"
1546180,2,579990,5A57944DEB3F530EF77D68889DE96769DC382C0F,38217680896,2,2026-07-31 02:21:01,4,2,"{7,24,24,24,24,24,24,24,24,24,23,24,24,24,24,24,24,24,24,23,25,24,24,24,25,24,24,26,24,24,24}","{28,96,96,101,99,100,96,96,107,99,86,90,75,95,96,96,96,96,96,92,99,96,92,96,100,96,95,104,96,96,96}","Крылья любви / Amor Latino /12-21 из 21 DVD/ (Николас дель Бока) [2000, Аргентина, Теленовелла, TVRip]"
1559603,2,3859339,F136360B54FAE6087765B8ECB3CC6C5C4A157C54,12781789358,2,2026-07-31 02:21:01,3,3,"{7,24,24,24,24,24,24,24,24,24,23,24,24,24,24,24,24,24,24,23,25,24,24,24,25,24,24,26,24,24,24}","{21,66,56,45,47,46,26,37,35,44,31,40,27,32,38,59,60,60,71,66,59,61,58,64,69,60,71,67,40,44,39}","НАНО / NANO / Серии: 195 серий в нарезке (24 диска) (Родольфо Оппе) [1994, Аргентина, теленовелла, TVRip] AVI"
1559722,2,777418,D4449332AF86DFFFDB6AD2AAAEF3B3624C88EFD2,34429345792,2,2026-07-31 02:21:01,3,3,"{7,24,24,24,24,24,24,24,24,24,23,24,24,24,24,24,24,24,24,23,25,24,24,24,25,24,24,26,24,24,24}","{21,66,44,45,47,46,26,37,35,44,31,38,27,32,38,59,60,60,71,66,61,59,58,60,69,60,70,67,40,44,39}","Плохие девчонки 1-55, 57-110 серии (110)/ Brujas (Итало Галлеани, Гильермо Эло) [2005, Чили, Комедия, TVRip]"
1576817,2,2406114,EBDBBE8C4F9021EAA2CCED2B09DDB2C81F421BC7,39826554880,2,2026-07-31 02:21:01,1,1,"{7,24,24,24,24,24,24,24,24,24,23,24,24,24,24,24,24,24,24,23,25,24,24,24,25,24,24,26,24,24,24}","{7,38,56,45,47,46,26,37,35,44,31,40,27,30,38,41,36,36,47,43,35,39,37,41,44,36,47,41,35,44,39}","Во власти денег / &#205;dolos / Серии 1-83 (83) (&#211;scar Rodr&#237;guez Gingins) [2004, Чили, драма, DVD, SATRip]"
1582138,2,1694801,148BEB34E016139A7AF8A152965644B4EBB9B923,9069551170,2,2026-07-31 02:21:01,3,2,"{7,24,24,24,24,24,24,24,24,24,23,24,24,24,24,24,24,24,24,23,25,24,24,24,25,24,24,26,24,24,24}","{26,83,81,79,83,71,63,75,85,90,68,64,51,60,84,90,97,107,112,92,82,61,68,60,85,60,91,94,56,69,64}","Интимная жизнь обычных людей / Historias de sexo de gente com&#250;n; 23 серии из 23 (Diego Palacio) [2004, Аргентина, Драма, минисериал, комедия, TVRip]"
1585525,2,7796761,CCBF716DFF7E1512BD47DE5932280D4E10F617FC,26616612895,1,2026-07-31 02:21:01,3,2,"{7,24,24,24,24,24,24,24,24,24,23,24,24,24,24,24,24,24,24,23,25,24,24,24,25,24,24,26,24,24,24}","{24,80,65,61,72,60,47,59,49,66,46,77,47,43,56,81,85,77,103,89,91,86,78,73,89,74,88,103,54,60,64}","Никто, кроме тебя / Tu o Nadie / 001-060 серии из 60 (Хосе Рендон) [1985, Мексика, Криминальная мелодрама, Betacam-SPRip] VO"
1606282,2,880718,278DBBA9995CFD88F17CAAF10B99059F66455539,25323684894,1,2026-07-31 02:21:01,4,3,"{7,24,24,24,24,24,24,24,24,24,23,24,24,24,24,24,24,24,24,23,25,24,24,24,25,24,24,26,24,24,24}","{22,81,87,86,82,82,69,76,91,90,69,84,68,69,77,80,81,79,76,84,89,84,73,81,103,76,88,97,74,90,88}","Алондра / Alondra [157 серий из 157] (Мигель Корсега) [1995, Мексика, Костюмированная мелодрама, TVRip]"
1606767,2,2844117,B20230D8B64BD13F290AB8294CF26A0B5BA71C16,19861082576,2,2026-07-31 02:21:01,5,2,"{7,24,24,24,24,24,24,24,24,24,23,24,24,24,24,24,24,24,24,23,25,24,24,24,25,24,24,26,24,24,24}","{34,103,113,96,99,95,79,101,102,100,91,89,90,87,91,93,90,96,105,97,92,92,77,91,96,97,92,103,88,98,91}","Гресия (все серии) / Grecia [1987, Аргентина, Теленовелла, TVRip]"
1619112,2,880718,48F8FAFCB438830F3C2FD15D707103D8744853B8,49001626610,1,2026-07-31 02:21:01,3,2,"{7,24,24,24,24,24,24,24,24,24,23,24,24,24,24,24,24,24,24,23,25,24,24,24,25,24,24,26,24,24,24}","{24,89,96,75,86,83,60,63,59,68,54,64,63,67,62,80,60,70,81,82,80,76,71,82,88,68,70,67,74,92,78}","Исабелла, влюбленная женщина / Isabella, mujer enamorada (140 серий из 140)(Робен Гербасси и Эдуардо Масиас) [1999, Перу, Теленовелла, TVRip]"
1627508,2,7701494,565D4AFF2676236C1E614A68A189AD886080D217,66633356200,2,2026-07-31 02:21:01,2,2,"{7,24,24,24,24,24,24,24,24,24,23,24,24,24,24,24,24,24,24,23,25,24,24,24,25,24,24,26,24,24,24}","{14,59,61,56,59,52,40,53,48,56,42,53,43,42,47,53,47,49,64,56,46,49,39,49,52,48,60,53,49,54,53}","Дочь садовника / La Hija del Jardinero 001-161 (161) (Луис Альберто Ламата) [2004, Мексика, Теленовелла, TVRip]"
1631565,2,856067,E376351A4DF99558D02B45A8DC19B780C70C828A,41473011306,2,2026-07-31 02:21:01,3,2,"{7,24,24,24,24,24,24,24,24,24,23,24,24,24,24,24,24,24,24,23,25,24,24,24,25,24,24,26,24,24,24}","{27,93,90,95,95,100,91,110,103,98,75,102,98,83,120,136,144,150,160,170,151,154,168,153,138,151,146,177,167,141,150}","Просто Мария 001-143 из 143 / Simplemente Maria (Беатриз Шеридан) [1990, Мексика, мелодрама, TVRip] (Беатриз Шеридан) [1989, Мексика, Мелодрама, TVRip]"
1639958,2,5918918,77E0F58CA3B05667CA9D95CF1A4EC07C07C3A521,44935462202,2,2026-07-31 02:21:01,3,3,"{7,24,24,24,24,24,24,24,24,24,23,24,24,24,24,24,24,24,24,23,25,24,24,24,25,24,24,26,24,24,24}","{21,66,56,45,47,46,26,37,35,44,31,38,27,32,38,59,60,60,71,66,61,59,54,64,69,60,71,67,40,44,39}","Тихие воды / Las aguas mansas / Серии: 001-125 (125) (Аурелио Валькарсель Карроль) [1994, Колумбия, теленовелла, TVRip]"
1692747,2,856067,AA3254B76E8ECE686EF15BAFE36C43B60EA8A0C4,79810421290,2,2026-07-31 02:21:01,2,2,"{7,24,24,24,24,24,24,24,24,24,23,24,24,24,24,24,24,24,24,23,25,24,24,24,25,24,24,26,24,24,24}","{14,42,20,21,23,22,2,13,11,20,8,16,3,8,14,35,36,36,47,43,35,38,35,36,44,36,46,41,16,20,15}","Вторая жизнь / el Cuerpo del Deseo DVD 1-18 из 18 (Давид Посада) [2005, Колумбия, США, Испания, теленовелла, TVRip]"
1711028,2,880718,200CB07BB3F460DE4DE086ABA896F1B5259696FB,15390977764,1,2026-07-31 02:21:01,3,2,"{7,24,24,24,24,24,24,24,24,24,23,24,24,24,24,24,24,24,24,23,25,24,24,24,25,24,24,26,24,24,24}","{21,72,74,69,70,70,50,61,59,68,54,64,49,56,62,65,60,60,71,66,60,61,59,64,64,60,71,55,59,68,63}","Дикая луна / Luna salvaje 001-042 из 151 (Хорхе Монтеро, Эрнан Абрахамсон) [2001, Аргентина, Теленовелла, SATRip]"
1711476,2,1834307,8C0B8AB900DF21C7B133EDC25FBD41470C6B78B1,26826383360,2,2026-07-31 02:21:01,3,2,"{7,24,24,24,24,24,24,24,24,24,23,24,24,24,24,24,24,24,24,23,25,24,24,24,25,24,24,26,24,24,24}","{25,72,63,61,69,68,43,61,53,61,31,40,27,32,43,83,76,62,90,78,78,76,70,69,90,81,79,89,62,64,55}","Влюбленные в танго / Franco Buenaventura, el profe 31-38 из 38 DVD (Федерико Палассо) [2002, Аргентина, теленовелла, TVRip]"
1713573,2,2844117,EA3B9222B5CDA7FC07C8A8AB03C4D2AA339920AB,22025216000,2,2026-07-31 02:21:01,2,2,"{7,24,24,24,24,24,24,24,24,24,23,24,24,24,24,24,24,24,24,23,25,24,24,24,25,24,24,26,24,24,24}","{14,48,44,45,47,46,26,37,35,44,31,40,27,32,38,41,36,36,47,43,36,38,33,36,44,36,47,41,35,44,39}","Кариссима (Запретная любовь. с 1-5 DVD) / Carissima (Отто Родригес) [2001, Венесуэла, Теленовелла, TVRip]"
1722164,8,2406114,38BFBB58CC4D3B28CBDA1A65D763AE3F564AB653,41911745562,2,2026-07-31 02:21:01,3,1,"{7,24,24,24,24,24,24,24,24,24,23,24,24,24,24,24,24,24,24,23,25,24,24,24,25,24,24,26,24,24,24}","{26,78,74,69,73,70,50,61,85,99,68,82,63,56,69,75,99,101,75,90,89,75,57,86,102,99,81,73,122,118,110}","Сомнение/La duda /1 -110(FIN) серии из 110 (Алисия Карвахал) [2003, Мексика, теленовелла, SATRip]"
1723182,2,2739452,EA19B120193C857A44DFD375E7E813D1EFFE4E5C,53010284073,2,2026-07-31 02:21:01,4,3,"{7,24,24,24,24,24,24,24,24,24,23,24,24,24,24,24,24,24,24,23,25,24,24,24,25,24,24,26,24,24,24}","{23,72,57,54,63,77,68,72,82,81,65,75,66,81,59,70,76,84,88,94,100,77,66,66,80,74,85,80,55,58,51}","Замуж За Миллионера / La Invasora / Серии 001-126 (126) (Отто Родригес) [Венесуэла 2003 г., Теленовелла, SATRip]"
1729608,2,2844117,921A4ECF7D44B23FD42E7A96D3C8DD2F0E655043,30542606336,2,2026-07-31 02:21:01,2,2,"{7,24,24,24,24,24,24,24,24,24,23,24,24,24,24,24,24,24,24,23,25,24,24,24,25,24,24,26,24,24,24}","{14,48,44,45,47,46,26,37,35,44,31,40,27,32,38,41,36,36,47,43,35,38,33,36,43,36,46,41,35,44,39}","Кариссима (Запретная любовь с 16-21 DVD) / Carissima (Отто Родригес) [2001, Венесуэла, Теленовелла, TVRip]"
1744083,2,299676,284D9D599C1374D39232681F4F5BC287A459AC8A,54721901077,2,2026-07-31 02:21:01,4,2,"{7,24,24,24,24,24,24,24,24,24,23,24,24,24,24,24,24,24,24,23,25,24,24,24,25,24,24,26,24,24,24}","{28,77,80,88,110,100,85,87,96,100,81,105,106,104,96,96,125,125,107,105,117,85,60,94,98,100,96,79,107,104,93}","Кофе с ароматом женщины / Cafe con aroma de mujer [1-33 диск в avi] + песни из фильма (Пепе Санчес) [Колумбия, 1994, Теленовелла, TVRip]"
1760273,2,810266,0F9CAE8010645A328BF9FE18DE0966E52BB0ACCB,67681200078,2,2026-07-31 02:21:01,3,2,"{7,24,24,24,24,24,24,24,24,24,23,24,24,24,24,24,24,24,24,23,25,24,24,24,25,24,24,26,24,24,24}","{26,72,63,61,69,69,44,61,54,61,31,40,27,35,43,82,76,62,90,78,80,78,71,68,88,81,80,90,62,67,63}","Модели 90-60-90 / 90-60-90 modelos 1-162 (162) (Освальдо Каппра /Osvaldo Cappra/, Марсело Сепеда /Marcelo Cepeda/, Марио Маренко /Mario Marenco) [1996, Аргентина, Драма, Романтика, Триллер, TVRip]"
1769478,2,2739452,4DB86EAC89A3F52832CB1F549A2812FE0B8713D8,88529816488,2,2026-07-31 02:21:01,3,2,"{7,24,24,24,24,24,24,24,24,24,23,24,24,24,24,24,24,24,24,23,25,24,24,24,25,24,24,26,24,24,24}","{15,59,56,50,62,62,60,78,82,88,65,73,51,59,87,95,83,78,59,69,72,70,63,77,79,68,83,77,72,78,80}","Моя Прекрасная Толстушка / Толстая девчонка / Mi Gorda Bella / Серии: 001-178 (178) (Хосе Алькальде) [2002, Венесуэла, Теленовелла, TVRip]"
1790361,2,918332,12A239B5E8CD8C3B335A57511A17E359526D7453,37504026624,2,2026-07-31 02:21:01,3,2,"{7,24,24,24,24,24,24,24,24,24,23,24,24,24,24,24,24,24,24,23,25,24,24,24,25,24,24,26,24,24,24}","{16,66,65,61,66,66,54,63,67,71,57,63,58,62,70,71,68,64,82,71,66,63,63,74,85,79,83,88,82,86,102}","Истинная любовь / Amor Real / Серии: 01-96 (96) (Моника Мигель) [2003, Мексика, теленовелла, SATRip] AVI"
1810331,2,3887532,D9E3336075371ABB125745C082060B6140DCF3B6,48205706794,2,2026-07-31 02:21:01,3,2,"{7,24,24,24,24,24,24,24,24,24,23,24,24,24,24,24,24,24,24,23,25,24,24,24,25,24,24,26,24,24,24}","{26,80,90,79,79,80,73,77,86,90,77,88,75,80,82,89,84,84,95,89,84,83,80,89,94,84,95,93,86,92,87}","Талисман / Comecar de novo Серии (AVI) 1-130 (130) (Маркуш Паулу) [2004, Бразилия, Теленовелла, TVRip]"
1828971,2,299676,9250863873B8C171B07C90ABF4FBA649A7E6C7CC,42741961108,2,2026-07-31 02:21:01,3,3,"{7,24,24,24,24,24,24,24,24,24,23,24,24,24,24,24,24,24,24,23,25,24,24,24,25,24,24,26,24,24,24}","{21,68,64,52,71,55,35,46,50,58,40,41,27,32,38,59,60,60,71,66,60,60,55,65,69,60,71,67,40,44,39}","Белинда / Belinda / Серии: 1-105 (105)+ заглавная песня (Луис Альберто Ламата) [2004, Мексика, Теленовелла, WEB-DLRip]"
1843057,2,530467,C2007422D10F7D987442A4039837C2E2E1A2423F,60211812658,2,2026-07-31 02:21:01,4,2,"{7,24,24,24,24,24,24,24,24,24,23,24,24,24,24,24,24,24,24,23,25,24,24,24,25,24,24,26,24,24,24}","{28,109,114,106,104,96,87,106,110,121,95,91,89,89,101,93,99,103,100,105,128,114,117,110,120,107,105,113,117,120,120}","Во имя любви / Por Amor; серии 001-130 (130) (Рикардо Ваддингтон) [1997, Бразилия, мелодрама, TVRip]; показ 2009, т/к «Домашний»"
1933372,2,3779559,F39434A2DC6E60BAF8DFF268329B36EEA9F5DD04,5376618678,2,2026-07-31 02:21:01,2,2,"{7,24,24,24,24,24,24,24,24,24,23,24,24,24,24,24,24,24,24,23,25,24,24,24,25,24,24,26,24,24,24}","{24,71,48,60,65,63,36,56,49,58,31,40,27,32,43,79,69,60,77,71,66,66,66,65,82,70,76,83,57,60,57}","Пропавшие в сети (Запутавшиеся в сети) 1-13(13) / Conflictos En Red (Гильермо Отеро, Николас Пароди, Альфредо Стюарт) [2005, Аргентина, комедия, драма, TVRip]"
1935914,2,6317325,EDDE9CBB23FE4D5463E7D997C9651D54211E8E38,59668169104,2,2026-07-31 02:21:01,4,2,"{7,24,24,24,24,24,24,24,24,24,23,24,24,24,24,24,24,24,24,23,25,24,24,24,25,24,24,26,24,24,24}","{23,74,84,74,75,72,65,71,74,82,69,80,66,68,72,74,70,72,84,76,69,72,62,78,83,76,79,83,74,79,72}","Земля страстей / Tierra De Pasiones / Серии: 001-172 (172) (Данни Гавидия и Луис Манцо) [2005, Колумбия-Испания-США, Теленовелла, SATRip]"
1941104,2,1435794,A29E4A56A127A191F73130F4B4078A7BB548B5CA,50663793028,2,2026-07-31 02:21:01,2,1,"{7,24,24,24,24,24,24,24,24,24,23,24,24,24,24,24,24,24,24,23,25,24,24,24,25,24,24,26,24,24,24}","{14,51,68,40,51,46,36,43,50,52,43,48,20,42,42,52,54,33,62,72,75,43,33,43,51,42,52,48,35,41,39}","Антонелла / Antonella 001-165 (165) (Николас Дель Бока) [1992, Аргентина, Комедия, мелодрама, TVRip]"
1983993,2,4314960,10C5690BBF1F675EC7262E30FA52BB0762761DA6,69586770814,2,2026-07-31 02:21:01,4,2,"{7,24,24,24,24,24,24,24,24,24,23,24,24,24,24,24,24,24,24,23,25,24,24,24,25,24,24,26,24,24,24}","{28,85,72,74,83,80,63,77,75,73,60,86,85,87,94,96,105,105,107,96,99,92,80,93,100,96,97,106,78,77,76}","Плата не по заслугам / Aunque Mal Paguen 001-172 (Карлос Искиердо) [2007, Венесуэла, Мелодрама,криминал, SATRip]"
1998160,2,1656158,FC8DE5074BEAD2D9A246CDC0DD737F3B7DD3F38C,30590720000,2,2026-07-31 02:21:01,3,3,"{7,24,24,24,24,24,24,24,24,24,23,24,24,24,24,24,24,24,24,23,25,24,24,24,25,24,24,26,24,24,24}","{21,66,44,45,47,46,26,37,35,44,31,40,27,32,38,59,60,60,71,66,61,60,56,59,70,60,70,67,40,44,39}","Истинная любовь / Amor Real / 1-8(16) DVD, 1-40(81) серии (Моника Мигель) [2003, Мексика, Теленовелла, VHSRip]"
2014325,2,773967,C27DF0F26A860DA3840AC2CDAB24D23005B03C56,38533863340,2,2026-07-31 02:21:01,4,3,"{7,24,24,24,24,24,24,24,24,24,23,24,24,24,24,24,24,24,24,23,25,24,24,24,25,24,24,26,24,24,24}","{22,72,71,75,71,72,57,63,68,76,59,75,57,66,69,72,74,69,80,70,66,69,60,68,76,69,79,75,69,78,74}","Самая красивая / Bellisima / Серии: 001-093 (187) (Рафаэль Гомес, Маркос Рейес Андраде) [1991, Венесуэла, Мелодрама, теленовелла, VHSRip] MVO"
2053940,2,3764643,C3641CCC035F670B831FE8C8CEF5DC0DC48DBBBD,73901582466,2,2026-07-31 02:21:01,3,3,"{7,24,24,24,24,24,24,24,24,24,23,24,24,24,24,24,24,24,24,23,25,24,24,24,25,24,24,26,24,24,24}","{24,78,82,79,89,103,91,88,116,111,125,122,111,118,97,108,116,118,110,100,97,107,113,93,113,113,109,106,111,130,108}","Белиссима 1-180 (180) / Belissima (Денизи Сарасени) [2005, Бразилия, Сериал, TVRip]"
2066177,2,539709,D5831AF72E1B96197CF833B4792EFA3A4DC9060D,59097562448,2,2026-07-31 02:21:01,5,2,"{7,24,24,24,24,24,24,24,24,24,23,24,24,24,24,24,24,24,24,23,25,24,24,24,25,24,24,26,24,24,24}","{31,119,131,118,119,133,128,120,131,108,96,94,97,105,96,96,108,120,122,121,114,103,95,101,101,96,96,110,100,98,96}","Жена Иуды (Вино любви) / La Mujer de Judas / Серии: 001-126 (126) (Олегарио Баррера) [2002, Венесуэла, Теленовелла, SATRip] (avi)"
2078505,2,528037,C4C37BA8AD60D0D6474AAC514BFE4FF71312D6E2,9175783056,2,2026-07-31 02:21:01,2,2,"{7,24,24,24,24,24,24,24,24,24,23,24,24,24,24,24,24,24,24,23,25,24,24,24,25,24,24,26,24,24,24}","{24,71,55,60,65,66,38,57,52,59,31,40,27,32,43,79,70,60,87,76,72,72,68,67,84,77,79,87,57,62,60}","Аманда О 1-120 серии (120) / Amanda O (Начо Лекоуна / Nacho Lecouna) [2008, Аргентина, Комедия]"
2101723,2,773967,D9F76EAE0ED38CB5A7991460502FFE9DFA66C5E3,39151620528,2,2026-07-31 02:21:01,2,2,"{7,24,24,24,24,24,24,24,24,24,23,24,24,24,24,24,24,24,24,23,25,24,24,24,25,24,24,26,24,24,24}","{14,61,57,59,61,58,39,50,50,60,41,52,38,38,46,48,51,50,62,51,41,46,43,47,57,52,59,56,50,58,51}","Самая красивая / Bellisima / Серии: 094-187 (187) (Рейесом Маркос Андраде, Омар Уртадо, Фредди Трухильо) [1991, Венесуэла, мелодрама, теленовелла, VHSRip] MVO"
2107353,2,299676,08FD0B0496B6847ACD64FE7ED7F5B59C0EA2424A,38770351512,2,2026-07-31 02:21:01,5,2,"{7,24,24,24,24,24,24,24,24,24,23,24,24,24,24,24,24,24,24,23,25,24,24,24,25,24,24,26,24,24,24}","{35,118,117,117,125,126,136,122,124,125,112,126,119,112,119,116,138,140,136,132,139,123,113,144,144,141,121,124,160,158,142}","Ради любви Глории / Por amor a Gloria (серии 1-110 из 110) (Херман Поррас) [2005, Колумбия, теленовелла, TVRip] + Заглавная песня"
2112443,2,-1,1FC529DC7E51227BF41E5941CE83451B99FDFAC3,33512785550,2,2026-07-31 02:21:01,2,2,"{7,24,24,24,24,24,24,24,24,24,23,24,24,24,24,24,24,24,24,23,25,24,24,24,25,24,24,26,24,24,24}","{14,48,56,45,47,46,26,37,35,44,31,40,27,32,38,41,36,36,47,43,35,38,33,41,45,36,47,41,35,44,39}","Буря Страстей / Tormenta de Pasiones (серии 001-120 из 120) (Альдо Сальвини) [2006, Перу, теленовелла, SATRip]"
2113811,2,539709,C5366A81D27982A51F6E3A8615CA0958E41D179C,65884956160,2,2026-07-31 02:21:01,3,3,"{7,24,24,24,24,24,24,24,24,24,23,24,24,24,24,24,24,24,24,23,25,24,24,24,25,24,24,26,24,24,24}","{21,72,74,69,71,70,50,61,59,68,54,64,51,56,62,65,60,60,71,66,61,59,58,65,70,60,71,67,59,68,63}","Мачо (Страсти) / 7 мачо / MachoS / Серии: 001-151 серии (151) / MachoS (Эрваль Абреу / Herval Abreu) [2003, Чили, Теленовелла, SATRip]"
2183184,2,919068,18C67D0EBE05A82A1DE7710726AC9F4B9FD2DB5A,43420327564,2,2026-07-31 02:21:01,3,3,"{7,24,24,24,24,24,24,24,24,24,23,24,24,24,24,24,24,24,24,23,25,24,24,24,25,24,24,26,24,24,24}","{21,66,44,45,47,46,26,37,35,44,31,40,27,32,38,59,60,60,71,66,60,59,68,60,70,60,71,67,40,44,49}","Антонелла / Antonella 01-165 серии из 165 (Николас Дель Бока) [1992, Аргентина, Комедия/ Мелодрама, VHSRip][MP4]"
2188194,2,1324666,08F197FC1B382A23E8952118A65C350936321F33,38703394116,2,2026-07-31 02:21:01,3,3,"{7,24,24,24,24,24,24,24,24,24,23,24,24,24,24,24,24,24,24,23,25,24,24,24,25,24,24,26,24,24,24}","{21,72,74,69,73,70,50,61,71,77,54,86,61,56,62,65,85,89,81,89,85,76,60,87,93,85,72,66,98,96,84}","Дикая луна / Luna salvaje /серии 43 -151 из 151/ (Эрнан Абрахамсон, Мигель Колом, Хорхе Монтеро) [2001, Аргентина, теленовела]"
2227850,2,539709,054FFE090BDD922A7EBA2C4A32FEAB4427090882,7549280256,2,2026-07-31 02:21:01,5,2,"{7,24,24,24,24,24,24,24,24,24,23,24,24,24,24,24,24,24,24,23,25,24,24,24,25,24,24,26,24,24,24}","{31,134,123,151,141,152,142,132,123,135,115,115,116,127,113,130,124,117,69,135,138,120,103,109,121,112,106,131,138,118,122}","Присутствие Аниты; Серии 01-16 (16) / Presenca de Anita (Globo) [2002, Бразилия, Теленовелла, SATRip]"
2252514,2,2844117,EB857B96CEAE61F702B8FC6BB754795ED61429BA,20477676298,2,2026-07-31 02:21:01,2,2,"{7,24,24,24,24,24,24,24,24,24,23,24,24,24,24,24,24,24,24,23,25,24,24,24,25,24,24,26,24,24,24}","{14,48,44,45,47,46,26,37,35,44,31,40,27,32,38,41,36,36,47,43,35,37,34,36,45,36,46,41,35,44,39}","Любящее сердце / Enamorada / Диски 01-10 (20) (Хосе Антонио Феррара) [1999, Венесуэла, Теленовелла, TVRip] avi"
2254456,2,299676,11DE1C4E9CF91EFB2755C3197B63EFAB24E83640,59072662293,2,2026-07-31 02:21:01,3,3,"{7,24,24,24,24,24,24,24,24,24,23,24,24,24,24,24,24,24,24,23,25,24,24,24,25,24,24,26,24,24,24}","{26,77,74,69,71,70,50,61,59,68,54,64,51,56,62,83,84,75,79,94,85,80,80,89,95,84,95,93,64,68,63}","Первая любовь / Primer amor (серии 1-165 из 165) (Альфредо Галиньянес) [1992, Аргентина, Испания, теленовелла, TVRip]"
2304338,2,9104162,912655BA263720E2BB5618E565C3FA7AB4F6BF97,31106382364,2,2026-07-31 02:21:01,3,2,"{7,24,24,24,24,24,24,24,24,24,23,24,24,24,24,24,24,24,24,23,25,24,24,24,25,24,24,26,24,24,24}","{23,69,63,48,47,50,26,36,44,46,31,43,35,40,38,59,60,64,76,75,65,61,54,65,70,60,79,70,40,44,39}","Ребека / Rebeca 001-075(150)(Яки Ортега) [2003, Венесуэла, Теленовелла, TVRip]"
2304505,2,9104162,1F5B5D72E08141BDD9D36C9195B30AD5AF4085DC,32241833038,2,2026-07-31 02:21:01,3,3,"{7,24,24,24,24,24,24,24,24,24,23,24,24,24,24,24,24,24,24,23,25,24,24,24,25,24,24,26,24,24,24}","{21,66,56,45,47,46,26,37,35,44,31,40,27,32,38,60,60,60,71,66,60,59,57,65,70,60,71,67,40,44,39}","Ребека / Rebeca 076-150(150)(Яки Ортега) [2003, Венесуэла, Теленовелла, TVRip]"
2311788,2,2469993,A2EAD167479026AEA62FE79023D06660C82E8D6A,46198717502,1,2026-07-31 02:21:01,3,3,"{7,24,24,24,24,24,24,24,24,24,23,24,24,24,24,24,24,24,24,23,25,24,24,24,25,24,24,26,24,24,24}","{21,75,81,87,85,73,63,87,98,91,66,93,62,65,73,73,67,65,64,82,91,71,78,85,97,84,92,97,79,84,85}","Рамона / Ramona (01-69 из 69) (Люси Орозко) [1999, Мексика, Теленовелла, SATRip]"
2328224,2,9104162,75D9659C68B8C5A445A773BF7D6F2336761353F3,33153793530,2,2026-07-31 02:21:01,4,3,"{7,24,24,24,24,24,24,24,24,24,23,24,24,24,24,24,24,24,24,23,25,24,24,24,25,24,24,26,24,24,24}","{29,107,124,112,114,107,92,108,110,110,104,106,112,107,103,111,106,111,114,103,106,108,104,101,103,110,107,121,105,115,107}","Соледад / Soledad 114-201(201)(Луис Альберто Ламата / Luis Alberto Lamata) [2001, Перу, Мелодрама, SATRip]"
2330308,2,539709,20AE63567468196B68A63CCCDED2990629792D9B,51654416464,2,2026-07-31 02:21:01,4,4,"{7,24,24,24,24,24,24,24,24,24,23,24,24,24,24,24,24,24,24,23,25,24,24,24,25,24,24,26,24,24,24}","{28,95,80,79,79,80,73,77,84,90,77,88,75,80,86,90,96,96,96,92,100,97,91,96,101,96,95,104,87,92,87}","Охота за миллионером; Серии 001-120 (120) / Cazando a un Millonario (Venevision, Iguana Producciones) [2001, Перу, Теленовелла, SATRip]"
2342220,2,1492669,65D0A7C5D450018A9B5FD8221FB8BB00D7EF540B,47832655853,2,2026-07-31 02:21:01,3,3,"{7,24,24,24,24,24,24,24,24,24,23,24,24,24,24,24,24,24,24,23,25,24,24,24,25,24,24,26,24,24,24}","{21,69,58,45,47,46,26,37,35,44,31,40,27,32,38,59,60,67,71,66,61,64,58,65,70,60,71,67,42,61,44}","Вавилонская башня / Torre de Babel (Карлос Араужо, Дениш Сарасени) СЕРИИ 1 - 138 [1999, Бразилия, теленовелла, VHSRip]"
2343233,2,13225285,DEC72D09B57098323D715177619259384BE8294C,33016099498,2,2026-07-31 02:21:01,3,3,"{7,24,24,24,24,24,24,24,24,24,23,24,24,24,24,24,24,24,24,23,25,24,24,24,25,24,24,26,24,24,24}","{21,70,49,45,47,49,26,37,35,44,31,40,27,34,54,59,60,60,71,66,63,63,57,60,70,60,71,67,40,44,47}","Зорро. Меч и роза / Zorro. La espada y la rosa / Серии: 001-122 (122) (Маурисио Круз, Аугустин Рестрепо) [2007, Колумбия, США, Телановелла, приключения, вестерн, TVRip]"
2372210,2,2844117,CFCA653133DD042A6E94ADD9BB1D381CC2E21FC1,20117772692,2,2026-07-31 02:21:01,2,2,"{7,24,24,24,24,24,24,24,24,24,23,24,24,24,24,24,24,24,24,23,25,24,24,24,25,24,24,26,24,24,24}","{14,48,44,45,47,46,26,37,35,44,31,40,27,32,38,41,36,36,47,43,36,35,34,36,45,36,47,41,35,44,39}","Любящее сердце с 11-20 диски из 20 avi / Enamorada (Хосе Антонио Феррара) [1999, Венесуэла, Теленовелла, TVRip]"
2383401,2,9104162,BFF1172B87C3583C9E124224710C066190430907,27659917454,2,2026-07-31 02:21:01,3,3,"{7,24,24,24,24,24,24,24,24,24,23,24,24,24,24,24,24,24,24,23,25,24,24,24,25,24,24,26,24,24,24}","{21,72,74,69,71,70,55,61,59,68,65,68,51,56,62,65,67,67,71,66,61,60,56,65,70,60,71,78,68,68,63}","Любовь удачливых / Mil Millones 001-075 (149) (Диана Алварез, Гаита Арагона) [2002, Аргентина, Израиль, теленовелла, SATRip]"
2386194,2,9104162,6DBCB2E9B132393406004595A5A027F72875EEFD,27519363994,2,2026-07-31 02:21:01,4,2,"{7,24,24,24,24,24,24,24,24,24,23,24,24,24,24,24,24,24,24,23,25,24,24,24,25,24,24,26,24,24,24}","{28,96,95,96,96,94,93,93,104,93,101,96,89,89,96,90,99,105,97,92,101,100,93,92,107,96,97,104,107,97,100}","Любовь удачливых / Mil Millones 076-149(149)(Диана Алварез, Гаита Арагона) [2002, Аргентина, Израиль, теленовелла, SATRip]"
2391407,2,539709,07733469CE04455ADDEAFFDFFB50B9209FC0BC4C,80747694080,2,2026-07-31 02:21:01,4,2,"{7,24,24,24,24,24,24,24,24,24,23,24,24,24,24,24,24,24,24,23,25,24,24,24,25,24,24,26,24,24,24}","{22,72,82,77,73,74,50,71,76,76,72,67,51,69,62,74,63,64,78,66,61,59,59,68,79,74,79,67,59,68,64}","Милагрос / Milagros / Серии: 001-220 (220) (Августо Тамайо) [1999, Перу-США, Теленовелла, SATRip]"
2407675,2,5466020,8CAA47F501E04955928D5E8B8B51A8292BAEA8B5,41171756356,2,2026-07-31 02:21:01,3,2,"{7,24,24,24,24,24,24,24,24,24,23,24,24,24,24,24,24,24,24,23,25,24,24,24,25,24,24,26,24,24,24}","{15,60,35,38,39,39,13,30,31,37,27,33,20,24,31,54,51,52,52,56,53,51,50,46,62,60,65,60,35,37,32}","Таковы эти женщины / Серии 01-90 (90) /Asi son ellas (Рауль Арайса) [2002, Мексика, Теленовелла, VHSRip]"
2447886,2,1825660,8A90DB92A6766846271E27E9D920A9A012863D2C,72969066206,2,2026-07-31 02:21:01,3,3,"{7,24,24,24,24,24,24,24,24,24,23,24,24,24,24,24,24,24,24,23,25,24,24,24,25,24,24,26,24,24,24}","{21,66,44,45,47,46,26,37,35,44,31,40,27,32,38,59,60,60,71,66,60,60,55,60,70,60,71,67,40,44,39}","Разыскивается мужчина (Женщины познакомятся) / Se Busca Un Hombre серии 001-172(172) в АВИ (Мартин Луна) [2007, Мексика, Теленовелла, SATRip]"
2515694,2,7649999,38ED559D3AEEC50FDCFB78BE988D1E794AE8B93F,31335251968,2,2026-07-31 02:21:01,4,3,"{7,24,24,24,24,24,24,24,24,24,23,24,24,24,24,24,24,24,24,23,25,24,24,24,25,24,24,26,24,24,24}","{22,68,62,57,58,61,43,51,46,55,42,53,38,46,46,69,69,70,85,80,69,71,66,73,77,70,81,81,54,53,51}","Жизнь продолжается 107-189. (189) / Mientras haya vida (Мартин Луна) [2007, Мексика, Теленовелла, SATRip]"
2538028,2,184095,67134352D47F3D9CF37F7F96A971BA524AF7762C,49514538676,2,2026-07-31 02:21:01,3,2,"{7,24,24,24,24,24,24,24,24,24,23,24,24,24,24,24,24,24,24,23,25,24,24,24,25,24,24,26,24,24,24}","{26,80,87,90,89,87,80,85,99,90,77,88,75,87,86,94,84,84,95,89,93,86,84,81,95,84,94,93,83,92,87}","Хозяйка Судьбы / Senhora do Destino 86-180(180) (Волф Майа) [2004, Бразилия, Теленовелла, PDTVRip]"
2564349,2,4732037,1906B1F3AC3E17057EB964974716B1A7B21B9E03,84856643834,2,2026-07-31 02:21:01,3,2,"{7,24,24,24,24,24,24,24,24,24,23,24,24,24,24,24,24,24,24,23,25,24,24,24,25,24,24,26,24,24,24}","{21,69,78,69,71,70,48,66,75,78,64,79,75,79,93,97,87,67,85,93,90,82,78,91,102,97,90,109,94,84,88}","Цыганка / Zingara 001-180 (180) (Николас Дель Бока, Гаита Арагона) [1996, Аргентина, Мелодрама, комедия, TVRip]"
2610166,2,539709,C692D1444ED0ABEE0FE50234E9633FB9DF51EA86,9113048470,2,2026-07-31 02:21:01,3,3,"{7,24,24,24,24,24,24,24,24,24,23,24,24,24,24,24,24,24,24,23,25,24,24,24,25,24,24,26,24,24,24}","{21,72,68,69,71,69,50,61,59,76,54,64,51,56,62,65,60,60,71,66,60,57,57,60,70,60,71,67,59,68,63}","Чикинья Гонзага (Музыка её души); Серии 01-30 (30) / Chiquinha Gonzaga (Globo) [1999, Бразилия, Теленовелла, SATRip]"
2725780,2,9104162,D2576FDA946630C354DB95861FA42B2C71C79202,57249774898,2,2026-07-31 02:21:01,4,2,"{7,24,24,24,24,24,24,24,24,24,23,24,24,24,24,24,24,24,24,23,25,24,24,24,25,24,24,26,24,24,24}","{23,76,82,76,74,73,66,76,73,80,66,75,65,69,70,78,73,73,86,82,73,76,69,69,85,75,82,81,73,85,76}","Сила любви / Sabor a ti / Серии: 001-153 (153) (Карлос Изкуэрдо / Carlos Izquierdo) [2004, Венесуэла, мелодрама, TVRip]"
2772858,2,9140463,2B19E7CB285365D00BD826D9AFA9C39AE3C40920,52431950481,2,2026-07-31 02:21:01,3,3,"{7,24,24,24,24,24,24,24,24,24,23,24,24,24,24,24,24,24,24,23,25,24,24,24,25,24,24,26,24,24,24}","{26,77,68,69,71,70,50,61,66,69,56,64,51,56,63,81,85,84,95,89,86,83,77,83,95,84,95,93,65,69,68}","Рассвет / Alborada (1-90 серии из 90) (Карла Эстрада) [2005, Мексика, Теленовелла, SATRip]"
2775716,2,7701494,7C95F8EC4464772ED39D2F148544049D693214DA,39306135608,2,2026-07-31 02:21:01,4,3,"{7,24,24,24,24,24,24,24,24,24,23,24,24,24,24,24,24,24,24,23,25,24,24,24,25,24,24,26,24,24,24}","{22,67,63,59,54,54,44,53,44,59,43,53,41,45,51,67,71,72,93,91,72,71,64,71,81,69,80,82,53,56,55}","В поисках истины / Cambio de Piel 001-110 (110) (Тони Родригес, Николас де Бласи) [1997, Венесуэла, Теленовелла, TVRip]"
2775732,2,7701494,3D206A87418283546AB4850155B9BAD2969D4A2A,62835631376,2,2026-07-31 02:21:01,4,3,"{7,24,24,24,24,24,24,24,24,24,23,24,24,24,24,24,24,24,24,23,25,24,24,24,25,24,24,26,24,24,24}","{28,81,58,65,74,80,61,46,56,68,54,71,75,80,86,91,98,96,96,94,108,98,81,93,97,87,94,81,69,76,73}","Тропиканка / Tropicaliente / Серии: 001-130 из 130 (Гонзага Блота, Карлос Араужу) [1994, Бразилия, Теленовелла, VHSRip]"
2789582,2,3887532,5CE0A918DB9B608F877D46C6B1B5C89926A37E43,117018701973,2,2026-07-31 02:21:01,2,2,"{7,24,24,24,24,24,24,24,24,24,23,24,24,24,24,24,24,24,24,23,25,24,24,24,25,24,24,26,24,24,24}","{14,54,58,48,47,49,26,37,38,50,36,47,29,37,42,43,39,36,49,47,40,42,37,54,68,59,67,66,55,62,64}","Очищенная любовь (Выказывая любовь) / Destilando amor 1-124 серии (из 124) (Мигель Корсега) [2007, Мексика, Теленовелла, SATRip]"
2811602,2,3779559,CEBE5322CF86186686EF6468868956BDA5B294A7,4679976960,2,2026-07-31 02:21:01,3,1,"{7,24,24,24,24,24,24,24,24,24,23,24,24,24,24,24,24,24,24,23,25,24,24,24,25,24,24,26,24,24,24}","{26,82,68,69,71,70,50,61,59,68,54,64,51,56,62,65,60,60,71,66,60,59,57,60,70,60,71,67,59,68,63}","Эскорт / Acompa&#241;antes (1-13(13))(Мартин Квеллер) [2009, Аргентина, комедия, TVRip]"
2815278,2,3779559,F4A3D19F36A3AD9BEB8E0F35469FCD5E97C87428,56226462376,2,2026-07-31 02:21:01,3,3,"{7,24,24,24,24,24,24,24,24,24,23,24,24,24,24,24,24,24,24,23,25,24,24,24,25,24,24,26,24,24,24}","{21,66,44,45,47,46,26,37,45,44,31,40,27,32,38,60,60,60,71,66,61,60,56,60,70,60,71,67,40,44,39}","Максимо в моем сердце / Maximo Corazon / Серии: 001-139 (139) (Hernan Abrahamnsohn Gabriel de Ciancio) [2002, Аргентина, Драма, мистика, романтика, TVRip]"
2821942,2,4434897,FC6C3ADE485147950383E99DAB3E2FE2DF509CA3,58133552946,2,2026-07-31 02:21:01,3,3,"{7,24,24,24,24,24,24,24,24,24,23,24,24,24,24,24,24,24,24,23,25,24,24,24,25,24,24,26,24,24,24}","{22,71,59,53,59,53,33,42,55,56,42,47,48,47,56,65,67,67,89,69,89,74,74,93,103,69,77,80,51,59,58}","ОЧАРОВАНИЕ / SORTILEGIO / 01-95 из 95 (Моника Мигель) [2009, МЕКСИКА, ТЕЛЕНОВЕЛЛА, TVRip]"
2845262,2,7753087,D802FA44C2DAD76360FDD17877D7E10B8C7CA3CB,51871689710,2,2026-07-31 02:21:01,3,3,"{7,24,24,24,24,24,24,24,24,24,23,24,24,24,24,24,24,24,24,23,25,24,24,24,25,24,24,26,24,24,24}","{21,74,76,73,73,71,60,68,67,75,57,70,62,64,68,70,67,71,84,72,63,65,66,75,77,72,83,82,68,74,73}","Моя золушка / Voltea pa que te enamores 1-119 из 119 серий (Клаудио Каллао) [2006, Венесуэла, Теленовелла, SATRip]"
2866793,2,10544153,118A94FBB71B24C60A6B8F58D809EC7E5289BA44,41259143168,2,2026-07-31 02:21:01,3,2,"{7,24,24,24,24,24,24,24,24,24,23,24,24,24,24,24,24,24,24,23,25,24,24,24,25,24,24,26,24,24,24}","{21,72,67,78,71,74,55,61,45,51,40,43,49,57,65,65,61,38,49,58,45,40,34,43,53,49,58,51,35,44,41}","Хозяйка / La Duena / 01-50 серии (95) (Роберто Гомез.) [1995, Мексика, Теленовелла, TVRip]"
2874468,2,10544153,361D4151F3F73225D3976EE471BAA3C71D21D2E0,35560769536,2,2026-07-31 02:21:01,3,2,"{7,24,24,24,24,24,24,24,24,24,23,24,24,24,24,24,24,24,24,23,25,24,24,24,25,24,24,26,24,24,24}","{21,72,68,69,71,70,50,60,59,68,54,62,53,56,62,65,60,62,71,66,61,59,59,60,70,60,70,68,59,68,63}","Хозяйка / La Duena / 51-95 серии (95) (Роберто Гомез.) [1995, Мексика, Теленовелла, TVRip]"
2878267,2,5367047,302C9E60688A9E870F56102EF93A86CCEA35C6A7,103965586183,2,2026-07-31 02:21:01,3,2,"{7,24,24,24,24,24,24,24,24,24,23,24,24,24,24,24,24,24,24,23,25,24,24,24,25,24,24,26,24,24,24}","{26,77,68,69,61,46,26,37,54,68,54,64,51,56,62,83,84,84,95,89,84,83,78,84,95,84,95,93,64,68,63}","Искрящаяся любовь / El Sodero de mi Vida. Серии 001-172 из 172 (43 диска) (Оскар Родригес, Себастьян Пивотто) [2001, Аргентина, мелодрама с элементами комедии, TVRip]"
2907625,2,3779559,9D429436BC3A11205059BFE27E59C672CD5A61BF,68474696806,2,2026-07-31 02:21:01,2,2,"{7,24,24,24,24,24,24,24,24,24,23,24,24,24,24,24,24,24,24,23,25,24,24,24,25,24,24,26,24,24,24}","{14,48,56,45,47,46,26,37,35,44,31,40,27,32,38,39,36,36,47,43,36,36,35,41,45,36,47,41,35,44,39}","Монте-Кристо - любовь и месть / Monte Cristo - un amor una venganza / 001-144 серии из 144 ВСЕ СЕРИИ / (Мигель Колом) [2006,Аргентина, Теленовелла, TVRip]"
2911181,2,3796626,78E6D2A04F671F4697FA1D78FA6A694152DE0866,76799867110,2,2026-07-31 02:21:01,2,2,"{7,24,24,24,24,24,24,24,24,24,23,24,24,24,24,24,24,24,24,23,25,24,24,24,25,24,24,26,24,24,24}","{14,52,59,45,53,49,32,40,35,50,39,47,34,37,44,42,42,47,59,50,44,44,35,40,45,43,48,47,42,51,41}","Вторая жизнь / el Cuerpo del Deseo / (001-143 серии из 143) (Давид Посада / David Posada) [2005, Мелодрама, драма, детектив, TVRip]"
2911622,2,679782,A1E51B45BF822E45F02B72621B621C8EB00AAB60,98831057758,2,2026-07-31 02:21:01,2,1,"{7,24,24,24,24,24,24,24,24,24,23,24,24,24,24,24,24,24,24,23,25,24,24,24,25,24,24,26,24,24,24}","{21,76,79,67,73,73,47,54,51,72,51,59,65,54,65,73,72,86,104,89,79,68,67,64,79,54,85,86,82,82,76}","Земля любви, Земля надежды / Terra Speranza / серии 001-220 из 220 (avi) (Луис Фернанду Карвальо) [2002, Бразилия, историческая мелодрама, TVRip]"
2933049,2,1554703,F804B852A85B8AA7065F6683060759C2FF8A53E7,67793346560,2,2026-07-31 02:21:01,4,2,"{7,24,24,24,24,24,24,24,24,24,23,24,24,24,24,24,24,24,24,23,25,24,24,24,25,24,24,26,24,24,24}","{25,81,93,79,89,77,48,69,89,71,72,75,63,67,86,80,71,66,60,86,83,69,65,69,81,75,88,81,76,84,83}","Женщины на тропе войны / Guerra de Mujeres / Серии: 001-141 (141) (Роман Чаллбауд, Архимедес Риверо) [2001, Венесуэла, Теленовелла, TVRip]"
2938035,2,4559290,D01964EB9B3D8E56A37F2DD577010B045707E702,109565610557,2,2026-07-31 02:21:01,11,1,"{7,24,24,24,24,24,24,24,24,24,23,24,24,24,24,24,24,24,24,23,25,24,24,24,25,24,24,26,24,24,24}","{63,271,313,324,329,312,309,303,305,314,287,341,328,353,361,363,354,325,357,358,348,244,236,241,273,255,247,286,244,235,228}","Дикий ангел / Mu&#241;eca Brava (полная версия) / Серии: 1-270 (270) / (Эрнан Абраамсон, Виктор Стэлла) [1998, Аргентина, Комедия, мелодрама, музыкальный сериал, TVRip][rus] [esp]"
2942815,2,9309639,0FA9C6CCFAEE964EFDD381C511D45340F8371562,61516294144,2,2026-07-31 02:21:01,3,3,"{7,24,24,24,24,24,24,24,24,24,23,24,24,24,24,24,24,24,24,23,25,24,24,24,25,24,24,26,24,24,24}","{21,73,76,69,71,70,50,61,59,68,54,64,51,56,62,75,65,60,71,66,60,60,58,65,70,60,70,67,59,68,63}","Море любви / Mar de amor / Серии: 001-165 (165) (Эрик Моралес, Хавьер Ромеро) [2009, Мексика, Теленовелла, TVRip]"
2964673,2,8377567,F7B04C46D7FA2CE1CDECA35A3DD9DEB2CB937C36,39869861416,2,2026-07-31 02:21:01,3,3,"{7,24,24,24,24,24,24,24,24,24,23,24,24,24,24,24,24,24,24,23,25,24,24,24,25,24,24,26,24,24,24}","{21,72,74,70,71,70,50,61,64,68,54,64,51,56,62,65,60,60,78,68,60,60,56,65,70,60,71,67,59,68,63}","Нежный яд / Suave veneno 001-135 (135) (Рикарду Ваддингтон) [1999, Бразилия, теленовелла, TVRip]"
3009305,2,1221289,95738AC82C02CC77E0D8DF25803D01D2B609B70B,63853133824,2,2026-07-31 02:21:01,3,3,"{7,24,24,24,24,24,24,24,24,24,23,24,24,24,24,24,24,24,24,23,25,24,24,24,25,24,24,26,24,24,24}","{21,67,58,58,60,59,43,55,49,57,46,46,42,47,47,69,67,71,86,77,64,72,67,66,80,68,77,80,51,58,55}","Мечтаю о твоей любви / Los Querendones (Sueno con tu amor) / Серии: 001-145 (145) (Дайан Коронадо) [2006, Венесуэла, Теленовелла, TVRip] (avi)"
3014301,2,299676,426318C02E8B5BACB67841C238CACA8ADC8566AF,10464658764,2,2026-07-31 02:21:01,4,3,"{7,24,24,24,24,24,24,24,24,24,23,24,24,24,24,24,24,24,24,23,25,24,24,24,25,24,24,26,24,24,24}","{22,77,77,72,75,70,50,64,75,81,68,79,58,65,62,65,60,60,71,73,77,71,78,76,82,75,72,67,59,68,63}","Женщины (В мире женщин; Доктор Марта и ее пациентки) / Mulher / Серии: 01-25 (25) (Даниэл Фильу) [1998, Бразилия, Драма, IPTVRip]"
3019991,2,299676,E5EDDD46282D13C79FE3CE8A2AAA901018D7E3C1,33807722458,2,2026-07-31 02:21:01,6,1,"{7,24,24,24,24,24,24,24,24,24,23,24,24,24,24,24,24,24,24,23,25,24,24,24,25,24,24,26,24,24,24}","{35,111,118,111,119,113,99,122,111,79,114,114,112,111,104,98,119,131,114,89,111,101,90,105,111,111,108,132,112,95,76}","Новая Любовь / Un Nuevo Amor (серии 1-85 из 85) (Хосе Луис Дуран, Рафаэль) [2003, Мексика, Мелодрама,криминал, WEB-DLRip]"
3027497,2,2458108,EB61C55F986713F3EEAC987CE9EF527A1F3DD18C,30441478790,1,2026-07-31 02:21:01,2,2,"{7,24,24,24,24,24,24,24,24,24,23,24,24,24,24,24,24,24,24,23,25,24,24,24,25,24,24,26,24,24,24}","{14,42,32,21,23,22,2,13,11,20,8,16,3,8,14,36,36,36,47,43,36,35,34,41,45,36,47,41,16,20,15}","Тайны любви / Los Misterios del Amor / Серии 51 - 112 из 112 (Альберто Баррера) [2009, Венесуэла, мелодрама, SATRip]"
3028129,2,299676,18CC1110F0822F66A055A8E855A18A0D94D51673,30803261440,2,2026-07-31 02:21:01,2,2,"{7,24,24,24,24,24,24,24,24,24,23,24,24,24,24,24,24,24,24,23,25,24,24,24,25,24,24,26,24,24,24}","{14,48,44,45,47,46,26,37,35,44,31,40,27,32,38,41,36,36,47,43,36,37,34,36,45,36,47,41,35,44,39}","Женщины (В мире женщин; Доктор Марта и ее пациентки) / Mulher (диски 1-7 из 7, серии 1-25 из 25) (Даниэл Фильу)[1998, Бразилия, Драма, IPTVRip][DVD5]"
3031539,2,13225285,F46AF77CB44F840A586FC2FF920DFD6455CBCAFE,46036959232,2,2026-07-31 02:21:01,3,2,"{7,24,24,24,24,24,24,24,24,24,23,24,24,24,24,24,24,24,24,23,25,24,24,24,25,24,24,26,24,24,24}","{23,78,61,66,72,72,51,67,62,68,46,51,43,46,56,82,78,72,91,85,77,76,70,74,86,79,85,87,70,72,74}","Узы любви / Lazos de Amor / Серии: 001-100 из 100 (Miguel C&#243;rcega, Monica Miguel) [1995, Мексика, теленовелла, SATRip]"
3038206,2,10134906,73FBDD54FB8438F655AE4F071771365D70A2BBEF,97119905792,2,2026-07-31 02:21:01,3,3,"{7,24,24,24,24,24,24,24,24,24,23,24,24,24,24,24,24,24,24,23,25,24,24,24,25,24,24,26,24,24,24}","{21,66,44,45,47,46,26,37,35,44,31,40,27,32,38,59,60,60,71,66,61,61,56,60,70,60,70,67,40,44,39}","Мачеха / La Madrastra / [DVD 1-25 из 25 (серии 001-120 из 120)], (&#201;dgar Ram&#237;rez/Эдгар Рамирес), [2005, Мексика, Теленовелла, TVRip]"
3050997,2,10134906,7721F92CD95977641F3A4C5A8B65A3502C02C6F5,39312927844,2,2026-07-31 02:21:01,2,2,"{7,24,24,24,24,24,24,24,24,24,23,24,24,24,24,24,24,24,24,23,25,24,24,24,25,24,24,26,24,24,24}","{14,42,32,21,23,22,2,13,11,20,12,16,3,15,14,43,36,36,47,43,42,43,35,41,45,36,47,41,16,20,16}","Хозяйка Судьбы / Senhora do Destino 1-86(180) (Волф Майа) [2004, Бразилия, Теленовелла, TVRip,SATRip]"
3052119,2,299676,1E270D650326327A24EE0791BAD37C8B69B9F133,54706370600,2,2026-07-31 02:21:01,4,2,"{7,24,24,24,24,24,24,24,24,24,23,24,24,24,24,24,24,24,24,23,25,24,24,24,25,24,24,26,24,24,24}","{23,81,76,76,71,76,58,68,66,85,67,85,66,69,74,78,74,73,88,76,74,77,66,77,79,75,79,84,73,84,80}","Любовь прекрасна / Amor del Bueno / Серии: 1-120 из 120 (Тоньо Вега) [2004, Перу, Венесуэла, Мелодрама, криминал, WEB-DLRip]"
3074232,2,299676,75ED53B8B0D58A526F7B1A31FD9B0A2DDFBBADCC,73424148654,2,2026-07-31 02:21:01,5,2,"{7,24,24,24,24,24,24,24,24,24,23,24,24,24,24,24,24,24,24,23,25,24,24,24,25,24,24,26,24,24,24}","{30,97,98,104,118,118,98,94,105,91,94,101,113,112,119,117,118,123,128,101,117,118,98,111,124,123,113,116,104,109,112}","Однажды в Южной Америке (Сага: Семейное дело) / La saga: Negocio de familia / Серии: 1-176 из 176 (Dago Garc&#237;a, Juan Carlos Villamizar) [2004-2005, Колумбия, Теленовелла, драма, криминал, TVRip, IPTvRip]"
3106492,2,919215,9D3ECC48931134826F1796CD1892EC0B4B60713D,68517990880,2,2026-07-31 02:21:01,4,2,"{7,24,24,24,24,24,24,24,24,24,23,24,24,24,24,24,24,24,24,23,25,24,24,24,25,24,24,26,24,24,24}","{27,95,77,82,68,60,44,51,54,61,43,60,50,79,65,80,91,93,92,99,91,91,87,94,105,95,96,107,81,85,79}","Ребекка / Rebeca / Серии 1-150 (150) (Yaky Ortega, Freddy Trujillo) [2003, США, теленовелла, TVRip]"
3108618,2,7458687,EB5A24F886266E7D1F4D84CB858244D3B7EA6ED4,19073863680,2,2026-07-31 02:21:01,2,2,"{7,24,24,24,24,24,24,24,24,24,23,24,24,24,24,24,24,24,24,23,25,24,24,24,25,24,24,26,24,24,24}","{14,52,44,49,58,46,26,37,45,55,34,62,38,36,40,41,64,68,68,66,62,55,34,58,71,66,58,43,84,95,68}","Обольститель / El encantador / Серии: 1-43 (43) (Виктор Малларино) [2009, Колумбия, мелодрама, криминал, SATRip]"
3132955,2,15389195,2489355D8805FE352CF1768A1BDE03021FF79F4C,70292634004,2,2026-07-31 02:21:01,3,1,"{7,24,24,24,24,24,24,24,24,24,23,24,24,24,24,24,24,24,24,23,25,24,24,24,25,24,24,26,24,24,24}","{24,86,86,80,87,72,71,85,75,80,57,83,66,90,93,97,90,80,88,77,66,72,82,82,90,93,92,95,84,94,80}","Женщины в любви / Mulheres Apaixonadas / Серии: 001-170 (170) (Рикарду Ваддингтон) [2003, Бразилия, теленовелла, SATRip]"
3144123,2,299676,4B743A8AD40130AB79FAFC53AD0F25D0E04C85DC,11787934496,2,2026-07-31 02:21:01,7,1,"{7,24,24,24,24,24,24,24,24,24,23,24,24,24,24,24,24,24,24,23,25,24,24,24,25,24,24,26,24,24,24}","{60,224,233,246,241,301,326,284,340,299,316,309,306,326,301,307,256,239,298,206,161,188,186,202,214,192,237,291,225,224,219}","Неукротимая Хильда / Hilda Furac&#227;o / Серии: 1-25 (25) (Вольф Майя) [1998, Бразилия, мелодрама, драма, IPTVRip]"
3160376,2,1303260,F2FE0A50DAF16DE811D9E8DACE542288B765FF3E,47743323134,2,2026-07-31 02:21:01,3,3,"{7,24,24,24,24,24,24,24,24,24,23,24,24,24,24,24,24,24,24,23,25,24,24,24,25,24,24,26,24,24,24}","{21,72,74,69,71,70,50,61,59,68,54,64,51,56,62,63,60,60,71,66,60,57,58,65,70,60,70,67,59,68,63}","История любви / Dejate querer / Серии: 001-104 (194) (Tato Pfleger, Гаита Арагона) [1993, Аргентина, Испания, мелодрама, SATRip]"
3165388,2,1282807,99BE8438CC9320BF10150B46367D9B127603B656,69305256746,2,2026-07-31 02:21:01,3,3,"{7,24,24,24,24,24,24,24,24,24,23,24,24,24,24,24,24,24,24,23,25,24,24,24,25,24,24,26,24,24,24}","{21,66,56,45,47,46,26,37,35,44,31,40,27,32,38,59,60,60,80,66,61,59,55,65,82,90,93,93,53,58,63}","Забирая жизни / Vidas Robadas / Серии: 001-131 (131) (Мигель Колом) [2008, Аргентина, Драма, SATRip]"
3172630,2,3616390,3CFF28D61A011212EABD0241326ADEA9EFC44996,49400078132,2,2026-07-31 02:21:01,3,2,"{7,24,24,24,24,24,24,24,24,24,23,24,24,24,24,24,24,24,24,23,25,24,24,24,25,24,24,26,24,24,24}","{26,76,68,74,71,73,49,61,59,68,54,64,51,56,62,84,84,84,82,84,85,79,80,86,91,75,83,87,45,51,63}","Селеста, всегда Селеста / Celeste, siempre Celeste / Серии: 001-149 (200) (Николас Дел Бока) [1993, Аргентина, Теленовелла, TVRip]"
3181825,2,1575891,9868B01A786DD676802B595F859F4E3F3FB53AC7,28709520208,2,2026-07-31 02:21:01,3,3,"{7,24,24,24,24,24,24,24,24,24,23,24,24,24,24,24,24,24,24,23,25,24,24,24,25,24,24,26,24,24,24}","{22,69,65,58,60,56,45,55,47,60,44,50,42,43,50,66,69,67,86,75,65,69,65,72,79,69,83,74,48,57,52}","Вторая во мне / Otra en Mi / Серии: 1-70 из 70 (Луис Альберто Растрепо) [1996, Колумбия, Теленовелла, TVRip]"
3190035,2,15612771,5368EE5889661B44D0B4392A7DFA4D4F561E1D31,53128217574,2,2026-07-31 02:21:01,3,3,"{7,24,24,24,24,24,24,24,24,24,23,24,24,24,24,24,24,24,24,23,25,24,24,24,25,24,24,26,24,24,24}","{21,68,63,61,61,54,44,54,47,60,41,54,42,43,46,66,70,68,78,73,70,68,64,72,80,72,83,79,54,55,53}","Наперекор судьбе / Contra Viento y Marea 001 - 120 (120) (Карлос Изкиердо) [1997, Венесуэла, теленовелла, VHSRip]"
3193915,2,19288835,871AB27D6FFEA24A4E14E9A928E48C154AFEF431,40723967040,1,2026-07-31 02:21:01,3,3,"{7,24,24,24,24,24,24,24,24,24,23,24,24,24,24,24,24,24,24,23,25,24,24,24,25,24,24,26,24,24,24}","{21,66,56,45,47,46,26,37,35,44,31,40,27,45,38,60,60,60,71,66,60,60,55,74,92,78,89,87,59,61,61}","Я твоя хозяйка / Soy tu duena / Серии: 1-69 (146) (Никандро Диас) [2010, Мексика, Теленовелла, SATRip]"
3203815,2,12179,B6D72C7D0E3518F751C2D24D220F8A6D5A417EA7,44294365782,2,2026-07-31 02:21:01,3,2,"{7,24,24,24,24,24,24,24,24,24,23,24,24,24,24,24,24,24,24,23,25,24,24,24,25,24,24,26,24,24,24}","{21,72,68,69,71,70,50,61,59,68,54,64,51,56,64,66,60,60,71,66,61,59,56,60,70,60,70,67,59,68,63}","Судьба-злодейка / Pocholo / Серии: 1-120 (120) (Диего Мехиа, Даниэль Касилимас) [2007, Колумбия, драма, TVRip]"
3207469,2,15612771,BB4E53ECD860F2C6CEB8F84C93870FD0F95E4E96,37459091498,2,2026-07-31 02:21:01,3,3,"{7,24,24,24,24,24,24,24,24,24,23,24,24,24,24,24,24,24,24,23,25,24,24,24,25,24,24,26,24,24,24}","{21,71,68,62,61,57,45,53,44,60,44,51,43,43,51,65,73,75,81,73,70,72,68,77,83,72,80,81,56,61,56}","Подсолнухи для Лусии / Girasoles para Lucia / Серии 001-110 (110) (Луис Барриос) [1999, Перу, Теленовелла, TVRip]"
3228202,2,3616390,ABA095BE204F18745591B4B09AC986D17E7B00D8,18240813056,2,2026-07-31 02:21:01,3,2,"{7,24,24,24,24,24,24,24,24,24,23,24,24,24,24,24,24,24,24,23,25,24,24,24,25,24,24,26,24,24,24}","{26,77,68,69,76,73,49,61,59,78,52,64,51,56,62,83,84,84,90,89,85,85,81,86,95,83,87,93,63,63,63}","Селеста, всегда Селеста / Celeste, siempre Celeste / Серии: 150-200 (200) (Николас Дел Бока) [1993, Аргентина, Теленовелла, TVRip]"
3284938,2,20325676,252F03E9D294DFF0EA049169A98FA2BC023F9ED5,34639802368,2,2026-07-31 02:21:01,4,1,"{7,24,24,24,24,24,24,24,24,24,23,24,24,24,24,24,24,24,24,23,25,24,24,24,25,24,24,26,24,24,24}","{28,96,96,98,99,100,96,96,109,96,86,90,75,95,96,96,96,96,96,92,100,81,80,84,95,86,95,104,96,96,96}","Сеньора Искушение / Senora Tentacion / Серии: 1-56(56) (Энрике Гомес Вадильо) [1995, Мексика-США, Мелодрама, SATRip]"
3286345,8,3887532,1FB6FA46D702157060309A86D9E8FA73A086FEC2,12324729529,2,2026-07-31 02:21:01,3,1,"{7,24,24,24,24,24,24,24,24,24,23,24,24,24,24,24,24,24,24,23,25,24,24,24,25,24,24,26,24,24,24}","{24,85,81,83,88,79,76,80,91,94,80,89,81,78,89,91,87,88,100,89,91,85,86,86,96,87,95,91,84,92,91}","Дом семи женщин / A Casa Das Sete Mulheres / Серии: 1-31 (48) (Жайме Монжардим) [2003, Бразилия, Исторический, военный, мелодра, SATRip]"
3296230,2,299676,D2FA846930F2A0AF8AFC97274CBB94A069C55C36,22248507392,2,2026-07-31 02:21:01,4,2,"{7,24,24,24,24,24,24,24,24,24,23,24,24,24,24,24,24,24,24,23,25,24,24,24,25,24,24,26,24,24,24}","{24,78,84,85,90,95,66,92,97,91,92,96,92,89,95,86,77,75,111,95,87,86,73,73,86,100,102,110,114,111,109}","Женщины-убийцы / Mujeres asesinas / Сезон: 1 Серии: 1-22 (22) Диск: 1-5 (5)(Дэниэл Бароне, Диего Барридо) [2005, Аргентина, Драма, детектив, IPTVRip][DVD5]"
3312751,2,18281477,9510200DFDAAF2F3940D3A7B49DF59286006072B,34542967682,2,2026-07-31 02:21:01,3,3,"{7,24,24,24,24,24,24,24,24,24,23,24,24,24,24,24,24,24,24,23,25,24,24,24,25,24,24,26,24,24,24}","{21,71,75,74,75,74,50,65,69,81,64,88,74,58,69,70,88,83,76,90,88,78,61,94,106,92,87,71,106,118,94}","Кассандра / Kassandra / Серии: 51-100 из 150 (Grazio D'Angelo, Olegario Barrera) [1992, Венесуэла, теленовелла, TVRip]"
3328922,2,963407,8CACC89046AA9F41E850A6D8B93F5881A03BECE2,21549750218,2,2026-07-31 02:21:01,3,3,"{7,24,24,24,24,24,24,24,24,24,23,24,24,24,24,24,24,24,24,23,25,24,24,24,25,24,24,26,24,24,24}","{21,67,44,47,49,46,29,42,35,44,31,40,27,32,38,59,60,60,71,66,60,61,61,63,72,60,69,67,40,44,39}","Любовь к року / Hoy te vi / Серии: 1-61 (61) (Реното Гутиерес / Renato Gutierrez) [1998, Венесуэла, Драма, молодёжный, DVDScr]"
3338956,2,963407,FB92BE346AE7D1A4DE68CC36DD74BA023C2F4F8D,4323736060,2,2026-07-31 02:21:01,3,2,"{7,24,24,24,24,24,24,24,24,24,23,24,24,24,24,24,24,24,24,23,25,24,24,24,25,24,24,26,24,24,24}","{22,78,71,75,76,82,67,77,65,72,64,74,74,73,68,67,66,67,81,76,79,75,64,73,74,68,84,82,70,74,71}","Семья / Mansion de Luxe / Серии: 1-12 (12) (Луис Альберто Ламата / Luis Alberto Lamata, Тито Рохас / Tito Rojas) [1986, Венесуэла, Драма, мелодрама, DVDScr]"
3359880,2,3887532,D6435530B866BC908C13E585EAE29C5D07DE2172,56615154864,2,2026-07-31 02:21:01,3,2,"{7,24,24,24,24,24,24,24,24,24,23,24,24,24,24,24,24,24,24,23,25,24,24,24,25,24,24,26,24,24,24}","{26,80,90,79,79,80,73,77,86,90,77,88,75,80,82,89,84,84,95,89,86,81,81,89,95,84,95,93,83,91,87}","София, дай мне время / Sof&#237;a Dame Tiempo / Серии: 1-130 (130) (Серхио Осорио) [2003, Колумбия, Теленовелла, TVRip]"
3375737,2,299676,DECFA50FEA851381720A0A6AA677D91460A68BB5,52110998448,2,2026-07-31 02:21:01,4,3,"{7,24,24,24,24,24,24,24,24,24,23,24,24,24,24,24,24,24,24,23,25,24,24,24,25,24,24,26,24,24,24}","{23,72,76,78,110,100,85,76,99,98,78,90,95,80,86,89,119,125,106,105,119,93,62,103,100,100,96,106,130,128,110}","Сальвадор - спаситель женщин / Salvador de Mujeres / Серии: 001-120 (120) (Габриэль Гонсалес) [2010, Венесуэла-Колумбия, теленовелла, IPTvRip]"
3376741,2,3887532,3B26AA3C78C5BAF5F9A47A30E0CFD11629C6C33C,95025097906,2,2026-07-31 02:21:01,3,2,"{7,24,24,24,24,24,24,24,24,24,23,24,24,24,24,24,24,24,24,23,25,24,24,24,25,24,24,26,24,24,24}","{23,79,74,79,79,82,57,64,77,82,72,72,56,58,71,90,61,77,86,66,61,67,87,79,91,68,100,94,81,88,71}","История любви / Historia de Amor / Серии: 1-130 (130) (Рикарду Ваддингтон) [1995, Бразилия, теленовелла, VHSRip]"
3377731,2,6168447,1E6911124A5DDC475615A57B8EC3A8CDAE406E10,30511483312,2,2026-07-31 02:21:01,2,2,"{7,24,24,24,24,24,24,24,24,24,23,24,24,24,24,24,24,24,24,23,25,24,24,24,25,24,24,26,24,24,24}","{14,48,56,45,47,46,26,37,35,44,31,40,27,32,38,41,36,37,47,43,36,45,37,41,45,36,47,41,35,44,39}","Предательство / La Traicion / Серии: 1-55 из 107 (Santiago Vargas, Agust&#237;n Restrepo) [2008, Колумбия-США, теленовелла, TVRip]"
3424739,2,18281477,183351D44EBDCE6A0A991A8B2413C70357ADD2CD,31619158712,2,2026-07-31 02:21:01,3,3,"{7,24,24,24,24,24,24,24,24,24,23,24,24,24,24,24,24,24,24,23,25,24,24,24,25,24,24,26,24,24,24}","{21,71,75,74,73,74,50,65,59,69,58,71,54,58,66,68,60,60,83,70,61,64,59,67,81,66,82,71,64,86,75}","Кассандра / Kassandra / Серии: 101-150 из 150 (Grazio D'Angelo, Olegario Barrera) [1992, Венесуэла, теленовелла, TVRip]"
3436313,2,6168447,0F72A825F08F8999C8072C1EBB559E8B931876C6,29109851452,2,2026-07-31 02:21:01,2,2,"{7,24,24,24,24,24,24,24,24,24,23,24,24,24,24,24,24,24,24,23,25,24,24,24,25,24,24,26,24,24,24}","{14,48,56,45,47,46,26,38,35,44,31,40,27,32,38,41,36,36,47,43,36,46,34,41,45,36,47,41,35,44,39}","Предательство / La Traicion / Серии: 56-107 из 107 (Santiago Vargas, Agust&#237;n Restrepo) [2008, Колумбия-США, теленовелла, TVRip]"
3441929,2,18281477,4A0BB31BBF6C4C1BC6B90F89720BAF8105751D36,35477898304,2,2026-07-31 02:21:01,4,3,"{7,24,24,24,24,24,24,24,24,24,23,24,24,24,24,24,24,24,24,23,25,24,24,24,25,24,24,26,24,24,24}","{23,71,77,77,92,86,61,65,82,82,58,96,98,80,87,94,103,101,97,109,97,89,60,99,121,105,97,83,113,123,101}","Кассандра / Kassandra / Серии: 01-50 из 150 (Grazio D'Angelo, Olegario Barrera) [1992, Венесуэла, теленовелла, TVRip]"
3447454,2,299676,3979C69E3E34D06CFDB3E187E710A04ECD99A867,71134376308,2,2026-07-31 02:21:01,4,3,"{7,24,24,24,24,24,24,24,24,24,23,24,24,24,24,24,24,24,24,23,25,24,24,24,25,24,24,26,24,24,24}","{35,106,85,81,88,85,60,63,59,68,54,64,63,67,62,89,84,85,82,89,96,93,93,89,101,92,95,93,79,92,78}","Вдова Бланко - 2006 / La Viuda de Blanco / Серии: 1-158(158) (Луис Мансо, Аурелио Валькарсель Каррол) [2006, Колумбия-США, Теленовелла, SATRip]"
3474442,2,919215,875954BFCDD90EDF376255B8D82EF22062023268,88859928650,2,2026-07-31 02:21:01,6,1,"{7,24,24,24,24,24,24,24,24,24,23,24,24,24,24,24,24,24,24,23,25,24,24,24,25,24,24,26,24,24,24}","{37,134,134,137,125,112,100,84,112,94,80,88,124,121,118,128,111,122,96,112,141,119,107,121,108,109,111,125,95,120,106}","Тайная страсть / Pasion de Gavilanes / Серии: 1-188 (188) (Родриго Триана) [2003-04, Колумбия, мелодрама, TVRip] MVO + Sub"
3478158,8,8873531,0EB9C45CC7E2E1C39296408650BD086F43B69456,13170736120,2,2026-07-31 02:21:01,3,3,"{7,24,24,24,24,24,24,24,24,24,23,24,24,24,24,24,24,24,24,23,25,24,24,24,25,24,24,26,24,24,24}","{21,66,44,45,47,46,26,37,35,46,31,40,32,33,39,59,60,60,71,66,61,60,58,60,70,60,70,67,40,44,39}","Ад в маленьком городке / Pueblo chico, infierno grande / Серии: 01-80 (80) (dir. Benjam&#237;n Can, prod. Jose Alberto Castro) [1997, Мексика, драма, TVRip]"
3503381,2,15990024,1C51228971F6CA39BBAC18EC8575096665DA69D2,64452370653,2,2026-07-31 02:21:01,2,2,"{7,24,24,24,24,24,24,24,24,24,23,24,24,24,24,24,24,24,24,23,25,24,24,24,25,24,24,26,24,24,24}","{19,71,68,67,65,65,52,71,56,77,53,66,60,64,70,55,50,50,58,56,48,53,43,49,64,52,59,56,48,71,67}","Девственница / Juana La Virgen / Серии: 1-153 (153) (Перла Фариас, Тони Родригес) [2002, Венесуэла, Теленовелла, TVRip]"
3602514,2,15660589,EAE4B356E575619EF03F9535AB080963839AC6D1,38714912062,2,2026-07-31 02:21:01,4,1,"{7,24,24,24,24,24,24,24,24,24,23,24,24,24,24,24,24,24,24,23,25,24,24,24,25,24,24,26,24,24,24}","{26,92,104,94,88,85,88,88,95,98,81,79,67,95,90,96,92,100,106,96,88,82,83,93,97,91,92,101,93,98,93}","Украденные поцелуи / Besos Robados / Серии: 001-100 (100) (Кузи Баррио / Cusi Barrio) [2004, Перу-Венесуэла, мелодрама, SATRip]"
3611540,2,1303260,227F7EA0069C51D9EC59F879077509E3B6D7BBEC,40872167972,2,2026-07-31 02:21:01,3,3,"{7,24,24,24,24,24,24,24,24,24,23,24,24,24,24,24,24,24,24,23,25,24,24,24,25,24,24,26,24,24,24}","{21,70,76,69,72,68,52,66,60,76,60,76,54,56,62,65,71,63,71,66,61,63,60,74,88,72,85,69,65,77,72}","История любви / Dejate querer / Серии: 105-194 (194) (Tato Pfleger, Гаита Арагона) [1993, Аргентина, Испания, мелодрама, SATRip]"
3630898,2,2406114,E073868ED7DCEF9B15EBD9CD13EF9A599A6FE63A,95656492144,2,2026-07-31 02:21:01,3,2,"{7,24,24,24,24,24,24,24,24,24,23,24,24,24,24,24,24,24,24,23,25,24,24,24,25,24,24,26,24,24,24}","{26,80,90,79,79,80,73,77,86,90,74,88,75,80,86,89,84,84,95,89,85,82,75,89,95,84,94,94,83,92,87}","Страна женщин/ El Pais de las Mujeres / Серии: 1-187 из 187 / (Карлос Изкиердо) [1998, Венесуэла, Теленовелла, SATRip] MVO"
3649504,2,15612771,AFB8C93695218C41D2714DD02E330EDBA33B1B5A,80244369370,1,2026-07-31 02:21:01,4,1,"{7,24,24,24,24,24,24,24,24,24,23,24,24,24,24,24,24,24,24,23,25,24,24,24,25,24,24,26,24,24,24}","{34,95,90,79,79,80,73,77,93,90,75,51,38,36,61,90,96,96,96,92,100,97,92,100,100,96,94,104,89,92,88}","Наследница / La Heredera / Серии: 001-198 (198)(Давид Посада) [2004, Мексика, теленовелла, SATRip]"
3688315,2,15612771,600DEEEA15DDB3F6A5081728B447D45FD057F45E,64206293822,2,2026-07-31 02:21:01,4,3,"{7,24,24,24,24,24,24,24,24,24,23,24,24,24,24,24,24,24,24,23,25,24,24,24,25,24,24,26,24,24,24}","{23,72,76,72,79,92,61,61,59,70,56,74,75,80,86,87,86,84,95,79,81,77,63,79,92,84,94,82,68,76,73}","Марина / Marina / Серии: 001-174 (174) (Давид Посада) [2006, Колумбия-США, Теленовелла, SATRip]"
3709773,2,5367047,C218B00F308A7D4361165FC1E6EBA4E1817330EB,82700589668,1,2026-07-31 02:21:01,3,2,"{7,24,24,24,24,24,24,24,24,24,23,24,24,24,24,24,24,24,24,23,25,24,24,24,25,24,24,26,24,24,24}","{26,71,59,48,47,46,26,37,35,47,31,40,27,32,46,62,60,60,71,68,61,58,57,65,71,60,71,68,40,44,39}","Соледад / Soledad / Серии: 001-195 (195) (Луис Альберто Ламата / Luis Alberto Lamata) [2001, Перу, Мелодрама, TVRip]"
3721974,2,1221289,E5E6B09041B156A2F8C90ED4FC870F9E65254D06,44162790948,2,2026-07-31 02:21:01,3,2,"{7,24,24,24,24,24,24,24,24,24,23,24,24,24,24,24,24,24,24,23,25,24,24,24,25,24,24,26,24,24,24}","{26,77,74,82,82,82,96,97,88,75,64,71,64,83,84,85,86,84,95,86,61,61,58,70,69,60,71,72,59,68,63}","Женщина Лоренсо / La Mujer de Lorenzo / Серии: 001-100 (100) (Луис Барриос, Хорхе Тапиа) [2003, Перу-Венесуэла, Теленовелла, TVRip] (avi)"
3722418,8,2406114,51ABC8461D0C0AD848CC467752A493FE2BE0A494,36456047722,2,2026-07-31 02:21:01,3,3,"{7,24,24,24,24,24,24,24,24,24,23,24,24,24,24,24,24,24,24,23,25,24,24,24,25,24,24,26,24,24,24}","{21,67,56,47,67,58,31,50,56,54,40,52,38,35,58,59,60,51,55,87,74,59,66,75,75,66,84,80,57,61,43}","Волчица / La Chacala/ Серии 1-90 из 90 (Хуан Карлос Муньоз) [1998, Мексика, теленовелла ужасов, VHSRip]"
3783356,2,20615937,59E26E4FB264FE385866F6C97CD4B1D5D6BEFC34,23449665374,2,2026-07-31 02:21:01,4,2,"{7,24,24,24,24,24,24,24,24,24,23,24,24,24,24,24,24,24,24,23,25,24,24,24,25,24,24,26,24,24,24}","{28,95,90,79,79,80,73,76,86,90,57,64,51,56,62,84,84,84,95,89,85,68,58,65,70,70,95,104,64,68,63}","Вивиана / Viviana / Серии: 1-50 (97) (Dimitrio Sarr&#225;s / Димитрио Саррас) [1978, Мексика, теленовелла, мелодрама, VHSRip]"
3785987,2,20615937,9654B04D15049367B60D3C2EDD4BD76BD67FA43A,64217840621,2,2026-07-31 02:21:01,3,3,"{7,24,24,24,24,24,24,24,24,24,23,24,24,24,24,24,24,24,24,23,25,24,24,24,25,24,24,26,24,24,24}","{22,77,77,76,74,76,62,71,72,84,67,77,66,68,70,76,71,76,81,81,75,71,67,77,92,89,90,99,82,89,92}","Страсть / Pasion / Серии: 1-95 (95) (Monica Miguel / Моника Мигель) [2007, Мексика, теленовелла, мелодрама, SATRip]"
3788034,2,10134906,12895586A19DCB8D62F91D1649CF4FDB21F9E50E,90317881344,2,2026-07-31 02:21:01,4,3,"{7,24,24,24,24,24,24,24,24,24,23,24,24,24,24,24,24,24,24,23,25,24,24,24,25,24,24,26,24,24,24}","{28,119,122,109,111,128,125,142,120,92,84,91,100,94,108,100,113,109,73,112,112,87,91,102,115,103,100,114,115,103,93}","Семейные узы / La&#231;os de Fam&#237;lia / канал ВКТ / серии: 001 - 150 (150) (Рикарду Ваддингтон) [2000, Бразилия, теленовелла., драма., SATRip] [озвучка Первого канала]"
3817323,2,15222949,28A95266EAB6E88C637431F5C397DC3777767C5A,57692823552,2,2026-07-31 02:21:01,3,2,"{7,24,24,24,24,24,24,24,24,24,23,24,24,24,24,24,24,24,24,23,25,24,24,24,25,24,24,26,24,24,24}","{23,82,82,78,77,83,82,115,80,108,91,86,96,95,104,92,100,103,109,68,49,50,61,52,37,30,38,73,90,89,83}","Дикая Роза / Rosa salvaje / Серии: 1-99 (99) / (Беатрис Шеридан) [1987-1988, Мексика, Теленовелла, комедия, SATRip] Dub (Останкино)"
3817652,2,1221289,717C34020B6D10DD1B6C4DAC88E669B31EC89449,122291614510,2,2026-07-31 02:21:01,8,3,"{7,24,24,24,24,24,24,24,24,24,23,24,24,24,24,24,24,24,24,23,25,24,24,24,25,24,24,26,24,24,24}","{46,175,187,161,162,151,108,113,96,119,112,123,128,119,114,128,120,126,132,167,140,143,170,187,192,180,167,150,149,126,115}","Мариелена / Marielena / Серии: 001-230 (230) (Рудольфе Оппе, Гузи Барио) [1993, США-Испания, Теленовелла, TVRip]"
3838005,2,20615937,EF3A5AAD23C3B700F9DDACCFD43D5D5ECF49BAC6,20632492032,2,2026-07-31 02:21:01,1,1,"{7,24,24,24,24,24,24,24,24,24,23,24,24,24,24,24,24,24,24,23,25,24,24,24,25,24,24,26,24,24,24}","{7,39,56,45,47,46,26,37,35,43,31,40,27,32,38,41,36,36,47,43,35,39,35,41,45,36,47,58,59,68,63}","Страсти по Саломее / Salome / Серии: 1-50 (150) (Sergio Jim&#233;nez / Серхио Хименес) [2001-2002, Мексика, теленовелла, мелодрама, SATRip]"
3891522,8,1221289,C36328811AB14EC5725E341EEC0F8E3FFDBC005E,49659163896,2,2026-07-31 02:21:01,3,3,"{7,24,24,24,24,24,24,24,24,24,23,24,24,24,24,24,24,24,24,23,25,24,24,24,25,24,24,26,24,24,24}","{21,66,56,45,47,46,26,37,35,44,31,40,27,32,38,59,60,60,71,66,60,61,57,65,70,60,71,68,40,44,39}","Луна, наследница / По имени Луна / Luna, La Heredera / Серии: 001-117 (117) (Juan Carlos, Villamizar Delgado) [2004, Колумбия, Теленовелла, TVRip] AVI"
3898076,2,4869373,2A789BFFADED053A629C4B0D401129175385C184,62836224228,2,2026-07-31 02:21:01,3,3,"{7,24,24,24,24,24,24,24,24,24,23,24,24,24,24,24,24,24,24,23,25,24,24,24,25,24,24,26,24,24,24}","{21,66,44,45,47,46,27,43,35,45,31,45,27,32,38,59,60,60,71,66,59,60,59,60,79,75,74,68,40,44,39}","Страсть / Passione / Серии: 001-160 (160) (Денизе Сарасени) [2010, Бразилия, Мелодрама, драма, TVRip] [DVO Amway и Elma]"
3932114,2,20615937,AB89766C7FEB96FD2126987349E8825600400C85,21530292224,2,2026-07-31 02:21:01,1,1,"{7,24,24,24,24,24,24,24,24,24,23,24,24,24,24,24,24,24,24,23,25,24,24,24,25,24,24,26,24,24,24}","{7,39,55,45,47,46,26,37,35,44,31,40,27,32,38,41,36,36,50,65,61,46,40,49,48,36,56,69,59,68,63}","Страсти по Саломее / Salome / Серии: 51-100 (150) (Sergio Jim&#233;nez / Серхио Хименес) [2001-2002, Мексика, теленовелла, мелодрама, SATRip]"
3957191,2,2458108,4B71A65A10CC4878E0F3E62F45F9B4C997FED927,17683249304,2,2026-07-31 02:21:01,3,3,"{7,24,24,24,24,24,24,24,24,24,23,24,24,24,24,24,24,24,24,23,25,24,24,24,25,24,24,26,24,24,24}","{21,66,56,45,47,46,26,37,35,44,31,40,27,32,38,57,60,60,71,66,59,60,57,65,74,62,71,68,40,44,39}","Наследники дель Монте / Los Herederos del Monte / Серии: 001 - 030 (128) (Агустин Рестрепо) [2011, США, Колумбия, Теленовелла, SATRip]"
3957534,2,2458108,F1A3D157B15899E2B4DF15C540011317C320B253,16978520870,2,2026-07-31 02:21:01,3,3,"{7,24,24,24,24,24,24,24,24,24,23,24,24,24,24,24,24,24,24,23,25,24,24,24,25,24,24,26,24,24,24}","{21,66,44,45,47,46,26,37,35,44,31,40,27,32,38,65,61,60,71,66,61,59,56,60,70,60,70,68,40,44,46}","Кто-то смотрит на тебя / Alguien te Mira / Серии: 1 - 30 (116) (Луис Манцо, Леонардо Галавис) [2010-2011, США, Триллер, Драма, Криминал, SATRip]"
3970038,2,4717317,09A6CE67C887761DD74FA8B4BC50ECBA4962AD34,44258488374,2,2026-07-31 02:21:01,3,2,"{7,24,24,24,24,24,24,24,24,24,23,24,24,24,24,24,24,24,24,23,25,24,24,24,25,24,24,26,24,24,24}","{21,76,77,71,71,73,54,64,59,71,57,73,53,66,68,66,63,60,73,70,66,61,59,67,73,65,72,73,59,70,66}","Любовники пустыни / Amantes del Desierto / Серии: 1-121 (121) (Давид Посада, Агустин Рестрепо) [2001, Колумбия-США, Теленовелла, TVRip]"
3971357,2,20615937,8FF17D04CEC8BF349FEC6ACEC1BF676FC6BCD559,21423611904,2,2026-07-31 02:21:01,1,1,"{7,24,24,24,24,24,24,24,24,24,23,24,24,24,24,24,24,24,24,23,25,24,24,24,25,24,24,26,24,24,24}","{7,38,56,45,45,45,26,37,35,44,31,40,27,32,38,41,36,36,47,43,60,45,37,49,48,36,55,70,59,68,63}","Страсти по Саломее / Salome / Серии: 101-150 (150) (Sergio Jim&#233;nez / Серхио Хименес) [2001-2002, Мексика, теленовелла, мелодрама, SATRip]"
3978840,2,18281477,2F293F2C881D304D32AF9559031B1A1CAE98BC37,36039362136,2,2026-07-31 02:21:01,3,2,"{7,24,24,24,24,24,24,24,24,24,23,24,24,24,24,24,24,24,24,23,25,24,24,24,25,24,24,26,24,24,24}","{21,76,77,75,75,76,66,68,59,68,63,80,69,57,62,65,78,78,78,66,61,59,59,60,70,78,84,87,76,84,80}","Ева Луна / Eva Luna / Серии: 51-110 из 110 (Тито Рохас, Адриана Барраза) [2010, Венесуэла-США, Теленовелла, TVRip]"
4006936,2,19922478,D63156223ACA0C2E426BDF64BB12727F1AF0D796,34880595840,2,2026-07-31 02:21:01,5,2,"{7,24,24,24,24,24,24,24,24,24,23,24,24,24,24,24,24,24,24,23,25,24,24,24,25,24,24,26,24,24,24}","{30,100,98,105,125,114,101,94,101,104,93,124,128,112,117,114,145,150,133,121,137,126,101,134,147,147,116,120,151,150,130}","Шоколад с перцем / Chocolate com Pimenta / Серии: 106-170 (170) (Хорхе Фернандо, Фабрисио Мамберти, Фредерико Майринк) [2003, Бразилия, Теленовелла, TVRip]"
4018032,2,2458108,39AF6E37518C76C25DA8929256F4EC2F6A2A8AAE,17519631486,2,2026-07-31 02:21:01,3,3,"{7,24,24,24,24,24,24,24,24,24,23,24,24,24,24,24,24,24,24,23,25,24,24,24,25,24,24,26,24,24,24}","{21,66,56,45,47,46,26,37,35,44,31,40,27,32,38,60,60,60,71,66,61,62,59,65,77,61,71,68,40,44,39}","Наследники дель Монте / Los Herederos del Monte / Серии: 031 - 060 (128) (Агустин Рестрепо) [2011, США, Колумбия, Теленовелла, SATRip]"
4018168,2,2458108,CF4572331967E60032192E89A87018BEB9D25856,15691184662,2,2026-07-31 02:21:01,3,3,"{7,24,24,24,24,24,24,24,24,24,23,24,24,24,24,24,24,24,24,23,25,24,24,24,25,24,24,26,24,24,24}","{21,72,71,79,79,80,73,77,84,90,77,86,75,80,85,71,66,65,94,89,86,73,61,64,69,81,94,94,83,92,87}","Кто-то смотрит на тебя / Alguien te Mira / Серии: 31 - 60 (116) (Луис Манцо, Леонардо Галавис) [2010-2011, США, Триллер, Драма, Криминал, SATRip]"
4066515,2,2458108,006FDDDF8D6A1A8546F1591C05A29671F85F148B,17730053716,2,2026-07-31 02:21:01,3,3,"{7,24,24,24,24,24,24,24,24,24,23,24,24,24,24,24,24,24,24,23,25,24,24,24,25,24,24,26,24,24,24}","{21,66,56,45,47,46,26,37,35,44,31,40,27,32,38,59,60,60,71,66,60,60,58,65,74,60,71,68,40,44,39}","Наследники дель Монте / Los Herederos del Monte / Серии: 061 - 090 (128) (Агустин Рестрепо) [2011, США, Колумбия, Теленовелла, SATRip]"
4066931,2,2458108,0C8B456F81B4696B2E79498DBF0785C4E175DB1C,15896393166,2,2026-07-31 02:21:01,2,2,"{7,24,24,24,24,24,24,24,24,24,23,24,24,24,24,24,24,24,24,23,25,24,24,24,25,24,24,26,24,24,24}","{25,76,62,68,71,69,48,48,51,58,43,54,51,56,62,83,78,83,92,89,83,82,81,82,95,79,94,93,64,64,62}","Кто-то смотрит на тебя / Alguien te Mira / Серии: 61 - 90 (116) (Луис Манцо, Леонардо Галавис) [2010-2011, США, Триллер, Драма, Криминал, SATRip]"
4073140,2,10134906,F3236352BB5C7BEEF59DAA5F68F9C7171B94BE67,77170354048,2,2026-07-31 02:21:01,2,2,"{7,24,24,24,24,24,24,24,24,24,23,24,24,24,24,24,24,24,24,23,25,24,24,24,25,24,24,26,24,24,24}","{14,48,56,45,47,48,26,37,35,47,31,40,27,32,38,41,36,36,50,43,35,39,35,42,55,44,51,42,35,46,39}","Талисман (Начать сначала) / Comecar de novo / Серии: 001-130 из 130 (Marcos Paulo) [2004-2005, Бразилия, Теленовела, SATRip]"
4111562,2,2458108,9ABB7D4561BE91807429CC4A980CAAC2334AC227,22444566318,2,2026-07-31 02:21:01,3,3,"{7,24,24,24,24,24,24,24,24,24,23,24,24,24,24,24,24,24,24,23,25,24,24,24,25,24,24,26,24,24,24}","{21,66,56,45,47,46,26,37,35,44,31,40,27,32,38,60,60,60,71,66,61,57,57,65,71,60,71,68,40,44,39}","Наследники дель Монте / Los Herederos del Monte / Серии: 091 - 128 (128) (Агустин Рестрепо) [2011, США, Колумбия, Теленовелла, SATRip]"
4111598,2,2458108,F627CA455CD9E89337B5B24BCD25897BB0BD26C6,13679159912,2,2026-07-31 02:21:01,3,3,"{7,24,24,24,24,24,24,24,24,24,23,24,24,24,24,24,24,24,24,23,25,24,24,24,25,24,24,26,24,24,24}","{21,66,44,45,47,46,26,37,35,44,31,40,27,32,38,59,60,60,71,66,59,60,58,60,70,60,71,68,40,44,44}","Кто-то смотрит на тебя / Alguien te Mira / Серии: 91 - 116 (116) (Луис Манцо, Леонардо Галавис) [2010-2011, США, Триллер, Драма, Криминал, SATRip]"
4128118,2,919215,89C1DCBAFD369FB308C9371B209C380433C06001,103907140706,2,2026-07-31 02:21:01,13,2,"{7,24,24,24,24,24,24,24,24,24,23,24,24,24,24,24,24,24,24,23,25,24,24,24,25,24,24,26,24,24,24}","{96,340,306,305,318,337,332,306,293,282,240,281,297,278,257,241,237,256,246,255,298,255,255,252,269,239,271,292,226,228,238}","Мятежный дух / Rebelde Way / Сезон 2 (2) / Серии: 1-177 (177) + En Vivo Israel (Cris Morena) [2003, Аргентина, молодежный, TVRip]"
4161950,2,2458108,10A721DE2256FE3CA6E90CE00118F30913ECDEBD,15519795200,2,2026-07-31 02:21:01,3,3,"{7,24,24,24,24,24,24,24,24,24,23,24,24,24,24,24,24,24,24,23,25,24,24,24,25,24,24,26,24,24,24}","{20,79,79,76,70,70,58,63,70,77,57,65,51,58,62,65,60,60,71,66,61,59,57,68,72,70,76,78,69,73,67}","Аврора / Aurora / Серии: 1 - 30 (135) (Дэвид Посада, Отто Родригез, Тони Родригез) [2010-2011, США, Теленовелла, Драма, SATRip] (Много-ТВ)"
4168804,2,2458108,3F28DD9EF554D180E5C252D4EAE5EE0D2E35500E,16931054280,2,2026-07-31 02:21:01,5,2,"{7,24,24,24,24,24,24,24,24,24,23,24,24,24,24,24,24,24,24,23,25,24,24,24,25,24,24,26,24,24,24}","{30,104,98,105,103,101,75,98,111,101,92,94,93,87,92,93,87,99,112,94,94,88,80,84,94,91,100,103,93,91,94}","Венценосная Богиня / La Diosa Coronada / Серии: 1 - 32 (32) (Родольфо Хойос, Мигель Варони) [2010, Колумбия - США, Теленовелла, Драма, SATRip]"
4181803,2,4869373,2D8EA87ED94F0E6393E52143DE9C8C9C5EB929EF,58705848320,2,2026-07-31 02:21:01,2,2,"{7,24,24,24,24,24,24,24,24,24,23,24,24,24,24,24,24,24,24,23,25,24,24,24,25,24,24,26,24,24,24}","{14,48,44,45,51,52,27,40,46,49,57,68,51,55,44,53,60,49,50,43,35,55,48,36,45,51,54,42,47,68,59}","Безрассудное сердце / Insensato Cora&#231;&#227;o / Серии: 001-150 (150) (Дэнис Карвальо, Винисиус Коимбра, Флавия Ласерда) [2011, Бразилия, детектив, драма, TVRip]"
4182898,2,2458108,1D71845676A7E65D65C4CBC22732157FAAA21594,17106690048,2,2026-07-31 02:21:01,3,3,"{7,24,24,24,24,24,24,24,24,24,23,24,24,24,24,24,24,24,24,23,25,24,24,24,25,24,24,26,24,24,24}","{24,81,95,82,79,80,78,76,95,90,77,88,75,77,86,89,84,84,95,87,85,80,80,91,97,85,98,94,86,93,89}","Аврора / Aurora / Серии: 31 - 60 (135) (Дэвид Посада, Отто Родригез, Тони Родригез) [2010-2011, США, Теленовелла, Драма, SATRip] (Много-ТВ)"
4205177,2,2458108,1953E2703DBC703814F07184B86D4E819280E10E,22995259392,2,2026-07-31 02:21:01,3,3,"{7,24,24,24,24,24,24,24,24,24,23,24,24,24,24,24,24,24,24,23,25,24,24,24,25,24,24,26,24,24,24}","{21,66,56,45,47,46,26,40,35,44,31,40,27,32,38,59,60,60,71,66,61,59,54,65,70,60,70,68,40,44,39}","Аврора / Aurora / Серии: 61 - 100 (135) (Дэвид Посада, Отто Родригез, Тони Родригез) [2010-2011, США, Теленовелла, Драма, SATRip] (Много-ТВ)"
4206110,2,27067306,DC044BEFE7080249EDD0322E874A0402F0976503,14867187170,2,2026-07-31 02:21:01,2,2,"{7,24,24,24,24,24,24,24,24,24,23,24,24,24,24,24,24,24,24,23,25,24,24,24,25,24,24,26,24,24,24}","{14,48,44,45,47,46,26,37,35,44,31,40,27,32,38,41,36,36,47,43,36,38,35,36,45,36,47,42,35,44,39}","Вспышка-любовь / Popland! / Сезон: 1 / Серии: 01-30 из 30 (Olga Lucia Rodriguez, Camilo Quimbaya) [2011-2012, Колумбия, Мелодрама, SATRip] MVO (MTV productions)"
4235748,2,2458108,D547AB91A5B1C1CF71F992E2AC610218A9FD81CA,19875350528,2,2026-07-31 02:21:01,3,3,"{7,24,24,24,24,24,24,24,24,24,23,24,24,24,24,24,24,24,24,23,25,24,24,24,25,24,24,26,24,24,24}","{21,66,56,45,47,46,26,37,35,44,31,40,27,32,38,59,60,60,71,66,61,62,56,65,70,60,71,68,40,44,39}","Аврора / Aurora / Серии: 101 - 135 (135) (Дэвид Посада, Отто Родригез, Тони Родригез) [2010-2011, США, Теленовелла, Драма, SATRip] (Много-ТВ)"
4272491,8,3887532,F11033DCE40302130C06448FC84EBEFFDF3CCE45,44703011975,1,2026-07-31 02:21:01,3,2,"{7,24,24,24,24,24,24,24,24,24,23,24,24,24,24,24,24,24,24,23,25,24,24,24,25,24,24,26,24,24,24}","{26,77,68,69,71,70,50,61,59,68,54,64,51,66,58,79,85,84,95,89,86,81,79,84,95,84,95,94,64,68,63}","Я твоя хозяйка / Soy tu duena / Серии: 70-146 (146) (Никандро Диас) [2010, Мексика, Теленовелла, SATRip]"
4282255,2,5660560,2CA88EA9E902E0F67AAE6914AAD16121F27A7141,68250307588,2,2026-07-31 02:21:01,4,1,"{7,24,24,24,24,24,24,24,24,24,23,24,24,24,24,24,24,24,24,23,25,24,24,24,25,24,24,26,24,24,24}","{29,99,91,94,88,94,87,91,85,113,76,96,95,89,98,123,122,137,125,117,122,110,112,125,147,130,119,132,147,136,140}","Вавилонская Башня / Torre de Babel / Серии: 001-140 из 140 [Денизи Сарасени] [1999, Бразилия, Теленовелла, IPTVRip]"
4283411,2,5660560,6964467B3906FE16862CCAC7EAB4BE422B33F11B,40751802102,2,2026-07-31 02:21:01,3,3,"{7,24,24,24,24,24,24,24,24,24,23,24,24,24,24,24,24,24,24,23,25,24,24,24,25,24,24,26,24,24,24}","{21,72,68,69,71,70,50,61,59,68,54,64,51,56,62,65,60,60,71,66,60,59,58,60,79,73,79,80,68,68,63}","Воздушные замки / Andando nas nuvens / Серии: 001-131 (140) (Дениз Карвальо, Жозе Луиз Вилламарим) [1999, Бразилия, теленовелла, TVRip]"
4286861,2,5660560,60EBE9DF27D9B35AF5D23A111BEEFF7C89B965FB,47280442208,2,2026-07-31 02:21:01,3,1,"{7,24,24,24,24,24,24,24,24,24,23,24,24,24,24,24,24,24,24,23,25,24,24,24,25,24,24,26,24,24,24}","{26,92,83,82,73,70,50,72,79,108,83,100,79,56,69,82,99,99,75,89,91,74,57,85,104,100,78,77,123,118,109}","Лето Нашей Тайны / Corpo Dourado / Серии: 1-62,65-82,84-87,91-97,100-102,105-119,121-125 из 125 (Флавио Коллатерро Мл.) [1998, Бразилия, теленовелла, TVRip]"
4286970,2,5660560,B06B7D52754DE06CB14147690B200B6C1AD27744,30248999484,2,2026-07-31 02:21:01,4,1,"{7,24,24,24,24,24,24,24,24,24,23,24,24,24,24,24,24,24,24,23,25,24,24,24,25,24,24,26,24,24,24}","{29,94,88,88,89,81,73,78,93,108,92,100,86,80,91,95,122,123,99,99,103,90,81,102,122,120,97,96,138,134,119}","Новая волна / 74.5 Uma Onda no Ar / Серии: 1-100 (100) (Сесил Тирэ, Хосе Карлос Пиери) [1994, Бразилия, теленовелла, WEBRip]"
4288958,2,1221289,C53FCAD03064F4967E7D5B39D80B3F3D80CC0891,121779525420,2,2026-07-31 02:21:01,3,2,"{7,24,24,24,24,24,24,24,24,24,23,24,24,24,24,24,24,24,24,23,25,24,24,24,25,24,24,26,24,24,24}","{21,72,74,69,61,46,26,37,53,68,54,64,51,56,62,65,60,60,71,66,60,62,54,65,70,60,70,68,59,68,63}","Дон Хуан и его прекрасная дама / Don Juan y Su Bella Dama / Серии: 001-238 (238) (Carlos Luna) [2008, Аргентина, теленовелла, SATRip] RTVi"
4296143,2,2406114,C0A64D7048416DD0550D19377DEAEF03B6590413,71965407536,2,2026-07-31 02:21:01,3,3,"{7,24,24,24,24,24,24,24,24,24,23,24,24,24,24,24,24,24,24,23,25,24,24,24,25,24,24,26,24,24,24}","{24,77,80,63,72,54,43,44,52,53,47,58,37,41,50,57,68,66,61,86,70,75,63,71,81,73,84,81,55,59,52}","ЗНАМЕНИТОСТЬ / CELEBRIDADE / Канал ВКТ / Серии: 01-180 из 180 (Деннис Карвальу) [2003, Бразилия, теленовелла, SATRip, AVI]"
4349418,8,5367047,0922D4F99965F835506F704550876F4DE8E9DD73,92418669820,2,2026-07-31 02:21:01,3,3,"{7,24,24,24,24,24,24,24,24,24,23,24,24,24,24,24,24,24,24,23,25,24,24,24,25,24,24,26,24,24,24}","{26,77,68,69,71,70,50,61,59,68,54,64,51,56,62,81,84,84,95,89,84,81,76,84,95,84,94,94,64,68,63}","Чертенок / Pobre Diabla / Серии: 001-180 (180) (Jose Enrique Crousillat) [2000, Перу, Теленовелла, WEBRip]"
4372301,8,4842926,D0AC0C7B1B254BD416527100F937C00CE9F3A844,73486209086,2,2026-07-31 02:21:01,3,2,"{7,24,24,24,24,24,24,24,24,24,23,24,24,24,24,24,24,24,24,23,25,24,24,24,25,24,24,26,24,24,24}","{26,80,90,85,99,100,96,96,113,97,95,90,75,80,86,89,95,96,96,92,99,87,81,93,98,84,92,106,96,96,96}","Милый враг / Dulce Enemiga / Серии: 001-153 (153) (Рафаэль Гомез) [1995, Венесуэла, Теленовелла, WEBRip]"
4423935,2,2406114,80FFE807B4C111BD1FC508837276FC7795910957,34686173854,2,2026-07-31 02:21:01,3,2,"{7,24,24,24,24,24,24,24,24,24,23,24,24,24,24,24,24,24,24,23,25,24,24,24,25,24,24,26,24,24,24}","{26,77,74,69,71,72,50,75,93,89,76,88,74,69,83,89,89,82,79,91,94,84,81,99,100,88,91,99,80,86,63}","Без Вести Пропавшая (Где Элиса?) / &#191;D&#243;nde est&#225; Elisa? / Серии: 001-100 (100) (Леонардо Галавис, Николас Ди Бласи) [2010, США, Драма, криминал, триллер, SATRip]"
4432218,2,2406114,0AC1CEADB2D33FBA31F43E7096633BE5733464E1,41150891312,2,2026-07-31 02:21:01,3,3,"{7,24,24,24,24,24,24,24,24,24,23,24,24,24,24,24,24,24,24,23,25,24,24,24,25,24,24,26,24,24,24}","{21,66,56,45,47,46,26,37,35,44,31,40,27,32,38,58,60,60,71,66,61,67,57,65,70,60,71,68,40,44,39}","Мариана и Скарлет / Mariana&amp;Scarlett (Hilos de amor) Серии: 001-112 (112) (Андрес Марокин, Унаи Амучастеги ) [2010, Колумбия, Теленовелла, SATRip]"
4434885,2,2406114,A9B6361F530C7B7E895A6C2EF308E0613494A297,25035063024,2,2026-07-31 02:21:01,2,2,"{7,24,24,24,24,24,24,24,24,24,23,24,24,24,24,24,24,24,24,23,25,24,24,24,25,24,24,26,24,24,24}","{14,48,44,49,47,46,26,45,35,44,31,38,27,32,38,41,36,36,47,43,36,39,34,36,45,36,47,42,35,44,39}","Во власти денег / &#205;dolos / Серии 1-83 (83) (&#211;scar Rodr&#237;guez Gingins) [2004, Чили, драма, SATRip, AVI]"
4442701,2,13057781,538111B67A330E21016F050E60062B457C092D86,25283383296,2,2026-07-31 02:21:01,2,2,"{7,24,24,24,24,24,24,24,24,24,23,24,24,24,24,24,24,24,24,23,25,24,24,24,25,24,24,26,24,24,24}","{14,48,45,52,48,55,26,37,35,44,36,42,27,32,38,41,36,43,47,43,36,39,32,36,45,36,47,42,35,44,39}","Гресия / Grecia / Серии: 001-106 (Рипы всех серий - 21 DVD) (Хавьер Альмирон) [1987, Аргентина, Теленовелла, драма, мелодрама, VHSRip] MVO"
4494478,2,2458108,F2C1A37413035AD7D19B0DB1556C5A174ECD88AB,122190581760,2,2026-07-31 02:21:01,3,3,"{7,24,24,24,24,24,24,24,24,24,23,24,24,24,24,24,24,24,24,23,25,24,24,24,25,24,24,26,24,24,24}","{24,82,76,79,78,76,58,61,59,68,75,88,74,68,72,84,94,81,78,94,85,87,82,90,97,86,95,106,71,74,71}","Храброе Сердце / Corazon Valiente / Серии: 1 - 206 из 206 (Луис Мансо, Артуро Мануитт) [2012, США (Telemundo), Теленовелла, Драма, Боевик, SATRip]"
4508997,2,2406114,E848BE8648671ED5A0EAAE12F211527ABA695179,56896303104,2,2026-07-31 02:21:01,3,3,"{7,24,24,24,24,24,24,24,24,24,23,24,24,24,24,24,24,24,24,23,25,24,24,24,25,24,24,26,24,24,24}","{22,80,63,65,66,63,43,51,54,65,49,62,44,55,59,82,80,84,81,71,81,82,73,72,86,82,87,84,62,63,61}","Однажды у нас вырастут крылья / Alguna vez tendremos alas / DVD #1-13 из 26 / Серии:1-65 из 130 (Роберто Гомез Фернандез) [1997, Мексика, теленовелла, DVDRip]"
4517178,8,13350876,95686B927FE14814694A4735D7494A3DCA6627C5,23148206080,2,2026-07-31 02:21:01,2,2,"{7,24,24,24,24,24,24,24,24,24,23,24,24,24,24,24,24,24,24,23,25,24,24,24,25,24,24,26,24,24,24}","{14,48,50,69,74,80,73,77,86,90,77,88,75,80,86,71,66,66,94,89,84,72,62,56,45,57,71,68,59,68,63}","Дикая Роза / Rosa Salvaje / Серии: 199 (Эрнесто Арреола, Беатрис Шеридан / Ernesto Arreola, Beatriz Sheridan) [1987-1988, Мексика, сериал, теленовелла, 6 DVD5] Dub (Останкино)"
4520607,2,5660560,157864208E240F8C4C66DAE9A4A932011ED6F5BD,164057697604,2,2026-07-31 02:21:01,14,2,"{7,24,24,24,24,24,24,24,24,24,23,24,24,24,24,24,24,24,24,23,25,24,24,24,25,24,24,26,24,24,24}","{73,248,249,248,242,208,218,230,267,269,200,252,235,241,257,300,271,274,204,207,178,199,219,266,215,179,197,212,190,203,207}","Клон / O Clone / Серии: 001-250 (250) (Жайме Монжардим) [2001, Бразилия, теленовелла, IPTVRip] [Показ 2013 года]"
4524724,2,2406114,71C066852E2B3DB1AD0F2650E425ED0E5DA6D0E0,55266416640,2,2026-07-31 02:21:01,3,3,"{7,24,24,24,24,24,24,24,24,24,23,24,24,24,24,24,24,24,24,23,25,24,24,24,25,24,24,26,24,24,24}","{22,80,64,64,66,63,40,52,54,66,48,60,44,55,58,84,83,85,80,71,80,79,73,72,87,82,86,83,63,62,61}","Однажды у нас вырастут крылья / Alguna vez tendremos alas / DVD #14-26 из 26 / Серии:66-130 из 130 (Роберто Гомез Фернандез) [1997, Мексика, теленовелла, DVDRip]"
4542923,8,9693176,842F4277899AD1CE5C097BE9AF3273F841F1D735,23645601120,2,2026-07-31 02:21:01,3,2,"{7,24,24,24,24,24,24,24,24,24,23,24,24,24,24,24,24,24,24,23,25,24,24,24,25,24,24,26,24,24,24}","{26,77,68,69,71,70,50,61,59,68,54,64,51,56,62,83,84,84,95,89,86,85,83,83,94,84,95,94,64,68,63}","Реванш 2000 / La Revancha / Серии: 1-151 (151) (Пепе Санчес) [2000, США, Венесуэла, сериал, TVRip]"
4603869,2,19695182,9D50149E9B02341FC86F34EE26E5896AF50689DD,17032929280,2,2026-07-31 02:21:01,3,2,"{7,24,24,24,24,24,24,24,24,24,23,24,24,24,24,24,24,24,24,23,25,24,24,24,25,24,24,26,24,24,24}","{25,79,67,58,62,60,68,77,75,85,63,79,64,62,52,72,73,72,105,76,96,90,89,108,99,98,100,110,77,84,75}","Лик Мести / El Rostro de la Venganza / Серии: 1-30 из (115) (Николас Ди Бласи, Джейм Сегура) [2012, США, Теленовелла, боевик, триллер, SATRip] MVO ТПО Ред Медиа"
4640448,2,19695182,545B4BE580D796EBD8B41F109991C215BE97ED8B,11980507136,2,2026-07-31 02:21:01,2,2,"{7,24,24,24,24,24,24,24,24,24,23,24,24,24,24,24,24,24,24,23,25,24,24,24,25,24,24,26,24,24,24}","{14,48,56,45,47,46,26,37,35,44,31,40,27,32,38,41,36,36,47,43,36,37,32,41,45,36,47,42,35,44,39}","Лик Мести / El Rostro de la Venganza / Серии: 31-51 (115) (Николас Ди Бласи, Джейм Сегура) [2012, США, Теленовелла, боевик, триллер, SATRip] MVO ТПО Ред Медиа"
4649142,2,3175851,05B28E98A4EF49583A68E5A7DC431F506270E792,81192826880,2,2026-07-31 02:21:01,3,3,"{7,24,24,24,24,24,24,24,24,24,23,24,24,24,24,24,24,24,24,23,25,24,24,24,25,24,24,26,24,24,24}","{21,72,68,72,79,80,73,77,88,90,79,64,51,56,62,65,76,84,95,89,86,68,64,68,73,60,81,95,83,92,87}","Женщина Лоренсо / La Mujer de Lorenzo / DVD 1-20 (20) / Серии: 1-100 (100) (Луис Барриос, Хорхе Тапиа) [2003, Перу-Венесуэла, Теленовелла, SATRip]"
4681801,2,26165618,AA573F49EDD3D30C65C5598C7C6BFFACB235021A,11448104960,2,2026-07-31 02:21:01,3,2,"{7,24,24,24,24,24,24,24,24,24,23,24,24,24,24,24,24,24,24,23,25,24,24,24,25,24,24,26,24,24,24}","{26,73,56,45,47,46,52,66,61,75,56,65,48,47,38,59,60,60,94,67,84,86,81,95,95,86,98,97,65,69,65}","Лик Мести / El Rostro de la Venganza / Серии: 52 - 71 из 115 (Николас Ди Бласи, Джейм Сегура) [2012, США, Теленовелла, боевик, триллер, SATRip]"
4689916,2,26165618,D2423738C05DD4E03654E3022BA7C8FC896D3F5E,11389487104,2,2026-07-31 02:21:01,3,3,"{7,24,24,24,24,24,24,24,24,24,23,24,24,24,24,24,24,24,24,23,25,24,24,24,25,24,24,26,24,24,24}","{21,66,56,45,47,46,26,37,35,44,31,40,27,32,38,60,60,60,71,66,60,61,58,65,70,60,71,68,40,44,39}","Лик мести / El Rostro de la Venganza / Серии: 72 - 91 из 115 (Николас Ди Бласи, Джейм Сегура) [2012, США, Теленовелла, боевик, триллер,, SATRip]"
4690353,8,3175851,072F253ED4DD652B74BE4F0F77D3575E2EBE8201,45258046276,2,2026-07-31 02:21:01,5,2,"{7,24,24,24,24,24,24,24,24,24,23,24,24,24,24,24,24,24,24,23,25,24,24,24,25,24,24,26,24,24,24}","{35,95,104,95,98,108,89,96,115,98,79,92,88,80,88,105,120,86,95,98,106,106,99,98,109,101,95,116,110,95,106}","Узурпаторша / La Usurpadora / Серии: 1-102 (102) (Беатрис Шеридан) [1998, Мексика, Теленовелла, SATRip]"
4696254,2,5660560,2FCB45314AFB278FC7654592E995132B84710159,84383360126,2,2026-07-31 02:21:01,5,2,"{7,24,24,24,24,24,24,24,24,24,23,24,24,24,24,24,24,24,24,23,25,24,24,24,25,24,24,26,24,24,24}","{30,83,87,78,98,103,75,69,97,85,89,98,108,107,77,74,78,66,104,100,86,71,61,69,78,69,97,94,78,77,73}","Роковое наследство / O Rei do Gado / Серии: 1-130 (130) (Карлос Араужо, Луис Фернандо Карвальо, Эмилио Ди Биази) [1996, Бразилия, теленовелла, IPTVRip]"
4706729,2,5660560,6177642376943B4C1F6FEA54EA128229926DE8F6,67490193846,2,2026-07-31 02:21:01,3,3,"{7,24,24,24,24,24,24,24,24,24,23,24,24,24,24,24,24,24,24,23,25,24,24,24,25,24,24,26,24,24,24}","{26,80,80,84,99,100,96,96,102,99,96,87,75,80,86,89,96,96,96,92,100,89,81,92,98,84,94,107,96,96,98}","Лгать, чтобы выжить / Mentir para vivir / Серии: 1-102 (102) (Бенхамин Канн) [2013, Мексика, Драма, WEB-DLRip]"
4711442,2,26165618,653C898D7E103A5AE9CC4668F0ECE4B7646763CF,14056974336,2,2026-07-31 02:21:01,3,3,"{7,24,24,24,24,24,24,24,24,24,23,24,24,24,24,24,24,24,24,23,25,24,24,24,25,24,24,26,24,24,24}","{21,66,56,45,47,46,26,37,35,44,31,40,27,32,38,59,60,60,71,66,59,60,57,65,70,60,70,68,40,44,39}","Лик Мести / El Rostro de la Venganza / Серии: 92 - 115 из 115 (Николас Ди Бласи, Джейм Сегура) [2012, США, Теленовелла, боевик, триллер,, SATRip]"
4740223,2,26165618,595C81C8C22BC67080A55CCB9010193B8CD2F9BF,8679458554,2,2026-07-31 02:21:01,3,3,"{7,24,24,24,24,24,24,24,24,24,23,24,24,24,24,24,24,24,24,23,25,24,24,24,25,24,24,26,24,24,24}","{28,99,79,69,72,83,82,74,132,87,61,62,51,56,62,92,84,75,72,90,91,83,81,84,94,93,98,106,64,68,63}","Охотник / O Ca&#231;ador / Серии: 1-14 из 14 (Жозе Алверанга) [2014, Бразилия, драма, криминал, ЛД (Alternative Production) / HDTVRip]"
4743791,2,26165618,91624974E4AFB6A0B54C02AC529C72B5458E9B30,4139710464,2,2026-07-31 02:21:01,3,3,"{7,24,24,24,24,24,24,24,24,24,23,24,24,24,24,24,24,24,24,23,25,24,24,24,25,24,24,26,24,24,24}","{26,80,80,79,79,80,73,77,86,90,75,86,75,80,86,87,84,84,95,89,86,83,80,83,95,84,94,94,83,92,87}","Вторая дама / A Segunda Dama / Серии: 1-9 из 9 (Вульф Майя) [2014, Бразилия, Теленовелла, HDTVRip]"
4758835,2,5660560,CD052F1FF550759B19CE2DE03112F348D382B976,88177948352,2,2026-07-31 02:21:01,3,3,"{7,24,24,24,24,24,24,24,24,24,23,24,24,24,24,24,24,24,24,23,25,24,24,24,25,24,24,26,24,24,24}","{21,74,83,74,73,84,72,71,77,80,66,77,61,79,74,78,73,61,63,79,80,69,68,80,93,81,86,88,75,83,75}","Берег мечты / Porto dos Milagres / Серии: 1-190 (190) (Маркос Пауло, Роберто Наар) [2001, Бразилия, Теленовелла, VHSRip] MVO"
4814043,8,34716742,D23A0F750CC5F59B7C84C9D6CB7A79513BBFBCCF,45468891136,1,2026-07-31 02:21:01,2,2,"{7,24,24,24,24,24,24,24,24,24,23,24,24,24,24,24,24,24,24,23,25,24,24,24,25,24,24,26,24,24,24}","{14,42,32,21,23,22,2,13,11,20,8,16,3,8,14,35,36,36,53,66,60,58,55,65,72,60,56,55,40,44,38}","Буря / La Tempestad / Серии: 1-122 из 122 (Моника Мигель) [2013, Мексика, Теленовелла, SATRip]"
4839228,2,5660560,E5E9C4A57B6852105BEF522D5595017A4998315C,15393971130,2,2026-07-31 02:21:01,3,3,"{7,24,24,24,24,24,24,24,24,24,23,24,24,24,24,24,24,24,24,23,25,24,24,24,25,24,24,26,24,24,24}","{21,66,44,45,47,46,29,37,35,44,31,40,27,32,38,59,60,60,74,66,60,61,56,60,70,60,69,68,40,44,39}","Улыбка ящерицы / O Sorriso do Lagarto / Серии:001-052 из 052 (Роберту Талма) [1991, Бразилия, Мелодрама, TVRip]"
4858660,2,5660560,A9990CD6D22117C1D4E3C5E9CF2FC5AA20305143,104978348848,2,2026-07-31 02:21:01,3,2,"{7,24,24,24,24,24,24,24,24,24,23,24,24,24,24,24,24,24,24,23,25,24,24,24,25,24,24,26,24,24,24}","{21,72,68,70,71,76,94,77,86,90,76,90,74,81,87,91,65,60,71,86,114,95,79,86,92,79,72,75,77,94,77}","Дороги Индии / Caminho das &#205;ndias / Серии: 001-160 (Маркос Шехтман) [2009 , Бразилия, Теленовелла, SATRip] [Показ 2013 года]"
4860909,2,5660560,C3E49751200DA08243F019AF06A437CCFA753272,118037894444,2,2026-07-31 02:21:01,3,1,"{7,24,24,24,24,24,24,24,24,24,23,24,24,24,24,24,24,24,24,23,25,24,24,24,25,24,24,26,24,24,24}","{21,72,68,69,61,46,2,13,30,78,56,40,27,32,39,39,36,37,63,83,60,37,34,36,45,36,47,42,35,44,39}","Черная жемчужина / Perla Negra / Серии: 001-200 из 200 (Николас дель Бока) [1994, Аргентина, Теленовелла, SATRip,TeLeFe]"
4867707,2,5660560,5DAF2A60629C1145421F8780C6A78628E490D1F4,103321083048,2,2026-07-31 02:21:01,3,1,"{7,24,24,24,24,24,24,24,24,24,23,24,24,24,24,24,24,24,24,23,25,24,24,24,25,24,24,26,24,24,24}","{26,80,85,79,79,80,73,74,109,96,92,96,98,93,94,90,84,79,72,83,88,85,88,95,98,83,93,96,95,91,91}","Тропиканка / Tropicaliente / Серии: 001-194 (194) (Гонзага Блота, Карлос Араужу) [1994, Бразилия, Теленовелла, SATRip] [Показ 2015 года] AVI"
4874126,2,31073469,639AAD40F6E6ADBD1C0068BD560D490BCD0302D5,5904859108,2,2026-07-31 02:21:01,3,3,"{7,24,24,24,24,24,24,24,24,24,23,24,24,24,24,24,24,24,24,23,25,24,24,24,25,24,24,26,24,24,24}","{21,72,68,69,71,70,50,61,59,68,54,62,53,56,62,65,60,60,71,66,61,61,56,60,70,60,70,68,59,68,63}","Пятидесятилетние / Cinquentinha / Серии: 1-8 из 8 (Клаудио Бокел, Волф Майя) [2009, Бразилия, комедия, HDTVRip] MVO (Alternative Production)"
4882185,2,26165618,423E635A066D2CECD9E6BE6E82286456A098A4AB,17538650112,2,2026-07-31 02:21:01,3,2,"{7,24,24,24,24,24,24,24,24,24,23,24,24,24,24,24,24,24,24,23,25,24,24,24,25,24,24,26,24,24,24}","{26,71,56,45,47,46,29,50,35,44,31,40,27,32,38,60,60,60,71,66,60,62,54,65,70,60,71,68,40,44,39}","Бриллиантовая Роза / Rosa Diamante / Серии: 1-30 из 125 (Мигель Варони, V&#237;ctor Hugo Mart&#237;nez Saladierna) [2012, США, Мексика, мелодрама, SATRip] Тк Много тв"
4889751,2,5660560,3AD8F9E389D32728639435EFDE6A1155AF175A60,51664906062,2,2026-07-31 02:21:01,2,2,"{7,24,24,24,24,24,24,24,24,24,23,24,24,24,24,24,24,24,24,23,25,24,24,24,25,24,24,26,24,24,24}","{14,50,56,48,49,48,29,39,39,46,32,43,32,35,41,44,36,36,47,43,36,38,32,41,45,36,47,42,35,44,39}","Моя любовь, моя печаль / Meu bem, meu mal / Серии: 001-236 (Рейнальдо Боури, Пауло Убиратан, Рикардо Ваддингтон) [1990, Бразилия, Мелодрама, VHSRip] MVO"
4901812,2,26165618,093BBC3DF368E71341FA8D77DDDCBFD3D226256A,16967297024,2,2026-07-31 02:21:01,3,2,"{7,24,24,24,24,24,24,24,24,24,23,24,24,24,24,24,24,24,24,23,25,24,24,24,25,24,24,26,24,24,24}","{26,77,74,69,71,69,53,70,59,68,56,69,51,56,62,65,60,60,71,66,60,59,54,65,70,60,71,68,59,68,63}","Бриллиантовая Роза / Rosa Diamante / Серии: 31-60 из 125 (Мигель Варони, V&#237;ctor Hugo Mart&#237;nez Saladierna) [2012, США, Мексика, мелодрама, SATRip] Тк Много тв"
4912248,2,26165618,0F455026C3A05F4351C63EAD081B9C42B9002768,72819137162,2,2026-07-31 02:21:01,3,3,"{7,24,24,24,24,24,24,24,24,24,23,24,24,24,24,24,24,24,24,23,25,24,24,24,25,24,24,26,24,24,24}","{21,66,57,45,47,46,26,39,35,44,34,38,27,32,38,60,61,60,71,66,60,59,54,65,70,60,69,68,40,44,39}","Луиза Фернанда / Luisa Fernanda / Серии: 1-130 из 130 (Отто Родригес, Матео Манауре) [1999, Венесуэла, Мелодрама, TVRip]"
4917016,2,26165618,BC97655093CCB354FFBF8966661913F461FB9737,17108523008,2,2026-07-31 02:21:01,4,2,"{7,24,24,24,24,24,24,24,24,24,23,24,24,24,24,24,24,24,24,23,25,24,24,24,25,24,24,26,24,24,24}","{28,90,74,69,71,70,53,70,59,68,56,66,51,56,62,83,84,84,95,89,85,84,75,89,90,83,93,94,64,68,63}","Бриллиантовая Роза / Rosa Diamante / Серии: 61-90 из 125 (Мигель Варони, V&#237;ctor Hugo Mart&#237;nez Saladierna) [2012, США, Мексика, мелодрама, SATRip] Тк Много тв"
4932534,2,26165618,E34F8B3E5A6E000DF24F136A4AB666284AAB5F9F,19607543808,2,2026-07-31 02:21:01,3,2,"{7,24,24,24,24,24,24,24,24,24,23,24,24,24,24,24,24,24,24,23,25,24,24,24,25,24,24,26,24,24,24}","{26,77,74,69,71,67,53,70,59,68,56,69,51,56,62,65,60,60,71,66,60,60,56,65,70,60,71,68,59,68,63}","Бриллиантовая Роза / Rosa Diamante / Серии: 91-125 из 125 (Мигель Варони, V&#237;ctor Hugo Mart&#237;nez Saladierna) [2012, США, Мексика, мелодрама, SATRip] Тк Много тв"
4937264,2,26165618,2A081AB21316FECCE0BCF4A6C0AFC245D51034EB,78460015856,2,2026-07-31 02:21:01,3,3,"{7,24,24,24,24,24,24,24,24,24,23,24,24,24,24,24,24,24,24,23,25,24,24,24,25,24,24,26,24,24,24}","{21,66,44,45,47,46,26,37,35,44,31,40,27,32,38,59,60,60,71,66,61,57,52,60,70,60,70,68,40,44,39}","Дороги любви / Trapos &#237;ntimos / Серии: 1-160 из 160 (Луис Мансо, Юри Дельгадо) [2002-2003, Венесуэла, драма, семейный, TVRip]"
4939431,2,5660560,22FE2B00A393E8266AA2CBD0CA8A7CE01D789629,69569672610,2,2026-07-31 02:21:01,3,2,"{7,24,24,24,24,24,24,24,24,24,23,24,24,24,24,24,24,24,24,23,25,24,24,24,25,24,24,26,24,24,24}","{26,80,80,79,79,80,73,77,86,90,77,88,75,80,86,89,84,84,95,89,85,80,81,84,95,84,95,94,83,92,87}","Пророк / O Profeta / Серии: 001-110 из 110 (Винисиус Коимбра, Алешандре Боури, Марио Марсио Бандарра) [2006, Бразилия, Теленовелла, мелодрама, мистика, SATRip] [Повторный показ]"
4954431,2,26165618,914886175646A9A6446DF801CADD1B54B74F592C,18618150120,2,2026-07-31 02:21:01,4,2,"{7,24,24,24,24,24,24,24,24,24,23,24,24,24,24,24,24,24,24,23,25,24,24,24,25,24,24,26,24,24,24}","{28,81,87,79,94,85,78,74,94,90,77,88,75,80,85,84,84,75,72,112,95,83,85,85,95,85,91,97,83,92,87}","Жестокий ангел / Святая Дьяволица / Santa Diabla / Серии: 1-30 из 140 (Луис Мансо, Рикардо Шварц) [2013, США, драма, HDTVRip]"
4966107,2,26165618,0AB6DCA95F5871AF0A2F5D7EA8EA5E8403A21940,38544912384,2,2026-07-31 02:21:01,3,3,"{7,24,24,24,24,24,24,24,24,24,23,24,24,24,24,24,24,24,24,23,25,24,24,24,25,24,24,26,24,24,24}","{21,66,44,48,47,58,26,46,47,44,31,42,27,40,38,62,61,60,71,66,64,68,58,63,70,60,71,68,41,44,39}","Вавилон / Babilonia / Серии: 1-50 из 143 (Деннис Карвальо) [2015, Бразилия, Криминал,драма, HDTVRip] MVO (AVEBRASIL.TV)"
4977150,2,5660560,4ECF4CBC755129BB73889A147F0DF68CAD8A8662,76588816002,2,2026-07-31 02:21:01,3,3,"{7,24,24,24,24,24,24,24,24,24,23,24,24,24,24,24,24,24,24,23,25,24,24,24,25,24,24,26,24,24,24}","{21,72,74,69,71,70,50,61,59,68,54,64,51,56,62,65,60,60,71,66,60,61,58,65,70,60,71,68,59,68,63}","Совершенное сердце / Perfeito Cora&#231;&#227;o / Серии: 001-140 из 140 (Патриция Сикейра) [2009, Португалия, драма, SATRip]"
4985022,2,5660560,0404B93ACC1ADF080F0B97745704BD3487D5E505,96956753768,2,2026-07-31 02:21:01,5,2,"{7,24,24,24,24,24,24,24,24,24,23,24,24,24,24,24,24,24,24,23,25,24,24,24,25,24,24,26,24,24,24}","{34,79,67,71,81,80,50,45,41,47,48,60,41,63,62,81,69,60,100,93,71,60,66,70,82,84,93,94,64,67,63}","Нежный яд / Suave veneno / Серии: 001-140 (140) (Рикарду Ваддингтон) [1999, Бразилия, Теленовелла, SATRip] [Показ 2015 года]"
4988485,2,26165618,154B3DB7564C0B1E29C685FC5868D13672B6F50B,17396633600,2,2026-07-31 02:21:01,4,2,"{7,24,24,24,24,24,24,24,24,24,23,24,24,24,24,24,24,24,24,23,25,24,24,24,25,24,24,26,24,24,24}","{23,67,68,69,71,73,50,61,62,68,54,62,51,57,63,59,60,51,48,77,74,63,64,60,70,53,71,77,59,68,63}","Жестокий ангел / Святая Дьяволица / Santa Diabla / Серии: 31-60 из 140 (Луис Мансо, Рикардо Шварц) [2013, США, драма, HDTVRip]"
5008881,8,5660560,E0ECD15E453EAAB75886CE1C39188DDE33AC3693,9336518656,2,2026-07-31 02:21:01,3,3,"{7,24,24,24,24,24,24,24,24,24,23,24,24,24,24,24,24,24,24,23,25,24,24,24,25,24,24,26,24,24,24}","{26,83,68,69,71,70,50,61,59,68,52,64,51,56,62,81,84,84,95,89,86,84,81,84,95,84,95,94,64,68,63}","Защитница / A Justiceira / Серии: 01-12 (12) (Даниэл Филью) [1997, Бразилия, Детектив, Мелодрама, Мини-сериал, DVDRip]"
5015312,2,26165618,9E50CDBC4A4CE3FD4CA3C730C96973D888DB1CA5,17449422848,2,2026-07-31 02:21:01,3,2,"{7,24,24,24,24,24,24,24,24,24,23,24,24,24,24,24,24,24,24,23,25,24,24,24,25,24,24,26,24,24,24}","{16,50,44,45,47,46,26,37,38,44,31,40,27,37,38,41,36,36,47,62,49,40,40,39,45,36,47,42,35,44,39}","Жестокий ангел / Святая Дьяволица / Santa Diabla / Серии: 61-90 из 140 (Луис Мансо, Рикардо Шварц) [2013, США, драма, HDTVRip]"
5026428,2,26165618,3EB1CBC2E4759461444495DB2D3D640EE1930993,34876012544,2,2026-07-31 02:21:01,3,3,"{7,24,24,24,24,24,24,24,24,24,23,24,24,24,24,24,24,24,24,23,25,24,24,24,25,24,24,26,24,24,24}","{21,66,44,48,47,58,26,49,42,44,31,43,27,40,38,62,61,60,71,66,65,68,54,63,70,60,71,69,41,44,39}","Вавилон / Babilonia / Серии: 51-100 из 143 (Деннис Карвальо) [2015, Бразилия, Криминал,драма, HDTVRip] MVO (AVEBRASIL.TV)"
5062428,2,26165618,FF279529E6AA16FACA294F6C20A8796225BC77EF,17483880448,2,2026-07-31 02:21:01,3,2,"{7,24,24,24,24,24,24,24,24,24,23,24,24,24,24,24,24,24,24,23,25,24,24,24,25,24,24,26,24,24,24}","{16,50,44,45,47,46,26,37,38,44,31,40,27,37,38,41,36,36,47,62,45,41,38,42,45,36,47,47,35,44,39}","Жестокий ангел / Святая Дьяволица / Santa Diabla / Серии: 91-120 из 140 (Луис Мансо, Рикардо Шварц) [2013, США, драма, HDTVRip]"
5073369,2,26165618,13447A395F2762B9C3FB7CF8FCB22A736CDE61F2,30195703808,2,2026-07-31 02:21:01,3,3,"{7,24,24,24,24,24,24,24,24,24,23,24,24,24,24,24,24,24,24,23,25,24,24,24,25,24,24,26,24,24,24}","{21,66,44,48,47,45,27,51,53,52,31,54,35,40,38,60,63,60,71,72,65,71,59,63,69,60,70,68,40,44,39}","Вавилон / Babilonia / Серии: 101-143 из 143 (Деннис Карвальо) [2015, Бразилия, Криминал,драма, HDTVRip] MVO (AVEBRASIL.TV)"
5085554,2,436651,A5CD7DB9A06E5D59DFAB420F5A90D532561E4C47,7818020864,2,2026-07-31 02:21:01,3,3,"{7,24,24,24,24,24,24,24,24,24,23,24,24,24,24,24,24,24,24,23,25,24,24,24,25,24,24,26,24,24,24}","{21,66,44,45,47,49,26,37,35,44,31,42,28,32,38,61,63,61,71,70,61,60,57,68,73,64,74,76,49,44,39}","Лабиринт / Laberinto sin ley / Серии: 01-13 (13) (Хосе Луис Масса) [1997, Аргентина, минисериал, детектив, TVRip]"
5089911,2,26165618,C36C1F7E0F9F3DD28A3DF8E02270B2089818F9FA,11568887808,2,2026-07-31 02:21:01,4,3,"{7,24,24,24,24,24,24,24,24,24,23,24,24,24,24,24,24,24,24,23,25,24,24,24,25,24,24,26,24,24,24}","{23,70,68,69,71,73,50,61,59,68,54,64,51,56,63,65,60,51,48,77,73,62,62,66,70,60,71,76,59,68,63}","Жестокий ангел / Святая Дьяволица / Santa Diabla / Серии: 121-140 из 140 (Луис Мансо, Рикардо Шварц) [2013, США, драма, HDTVRip]"
5096231,2,5660560,F342DED6A83056A77BD5D5B4E2A0D9CAF445FA24,91065118752,2,2026-07-31 02:21:01,4,2,"{7,24,24,24,24,24,24,24,24,24,23,24,24,24,24,24,24,24,24,23,25,24,24,24,25,24,24,26,24,24,24}","{28,107,102,87,97,91,81,83,97,89,103,110,62,59,66,102,84,67,81,95,108,71,69,102,108,105,107,127,87,94,85}","Проспект Бразилии / Avenida Brasil / Серии: 001-160 из 160 (Рикардо Ваддингтон) [2012, Бразилия, Драма, Комедия, Детектив, HDTVRip] MVO (Первый канал + Ю)"
5122926,2,11766903,F8CB5FC6B219ADE929382A736C9753D426D3D1F9,56551471233,2,2026-07-31 02:21:01,4,3,"{7,24,24,24,24,24,24,24,24,24,23,24,24,24,24,24,24,24,24,23,25,24,24,24,25,24,24,26,24,24,24}","{30,107,90,79,81,72,50,77,73,78,72,79,66,69,75,82,92,90,86,92,91,88,90,95,100,92,99,94,77,75,78}","Колыбель кота (Колыбель для кошки / Ловушка для кота) / Cama de Gato / Серии: 1-110 из 110 (Рикардо Ваддингтон) [2009, Бразилия, Теленовелла, TVRip]"
5125291,2,3285636,24A5541CEDF4CB2584DA14C811C23A8327BE88C4,19248718342,2,2026-07-31 02:21:01,3,3,"{7,24,24,24,24,24,24,24,24,24,23,24,24,24,24,24,24,24,24,23,25,24,24,24,25,24,24,26,24,24,24}","{26,80,80,79,79,80,73,77,86,90,77,88,75,80,87,99,84,84,95,89,91,95,83,97,100,89,101,97,95,97,96}","Колдунья / La Bruja / Серии: 01-29 (29) (Луис Альберто Рестрепо) [2011, Колумбия, Драмы, криминал, триллеры, SATRip]"
5143157,2,5660560,4B836965DA3675B4B888FD9B88FC55A56651220A,109307791810,2,2026-07-31 02:21:01,4,2,"{7,24,24,24,24,24,24,24,24,24,23,24,24,24,24,24,24,24,24,23,25,24,24,24,25,24,24,26,24,24,24}","{27,87,83,67,84,80,84,74,75,74,72,68,80,40,68,83,83,70,80,100,103,102,79,74,78,65,89,81,59,56,50}","Проспект Бразилии / Avenida Brasil / Серии: 001-160 (Рикардо Ваддингтон) [2012, Бразилия, теленовелла, HDTVRip 720]"
5193693,2,5660560,AE347973B75A90E6292E737B07E7D7704A84F6B8,13679089664,2,2026-07-31 02:21:01,3,2,"{7,24,24,24,24,24,24,24,24,24,23,24,24,24,24,24,24,24,24,23,25,24,24,24,25,24,24,26,24,24,24}","{21,74,76,76,75,70,58,61,70,71,54,66,52,57,74,79,69,66,74,76,60,60,62,63,81,78,78,92,68,85,71}","Лабиринт / Labirinto / Серии: 01-20 (20) (Денис Карвальо) [1999, Бразилия, Детективный мини-сериал, SATRip]"
5199969,2,3887532,59C3D6EB3149475F29EC68A1DCC4CA4095DC314B,68654642352,2,2026-07-31 02:21:01,3,2,"{7,24,24,24,24,24,24,24,24,24,23,24,24,24,24,24,24,24,24,23,25,24,24,24,25,24,24,26,24,24,24}","{21,72,67,79,63,70,50,51,44,44,41,70,73,84,57,84,93,63,66,99,83,82,82,84,95,86,94,99,71,78,61}","Моя вторая мама / Mi segunda Madre / Серии: 1-95 (100) (Мигель Корсега) [1989, Мексика, мелодрама, HDTVRip]"
5209986,2,5660560,E813F46BB258680667CA3824DEF1BDAB0D30B0E0,113049767936,2,2026-07-31 02:21:01,3,2,"{7,24,24,24,24,24,24,24,24,24,23,24,24,24,24,24,24,24,24,23,25,24,24,24,25,24,24,26,24,24,24}","{21,74,69,69,71,73,52,70,59,80,54,68,53,59,65,79,60,63,77,74,63,71,58,60,70,60,73,68,68,70,114}","Моя любовь, моя печаль / Meu bem, meu mal / Серии: 001-173 (173) (Рейнальдо Боури, Пауло Убиратан, Рикардо Ваддингтон) [1990, Бразилия, Мелодрама, SATRip] MVO (Рен-тв)[Показ 2016 года]"
5219893,2,35180158,39B3C70247A3E8CABE9CB8ACC02C947BA2522825,11492298752,2,2026-07-31 02:21:01,3,2,"{7,24,24,24,24,24,24,24,24,24,23,24,24,24,24,24,24,24,24,23,25,24,24,24,25,24,24,26,24,24,24}","{20,75,69,64,57,63,55,54,48,66,41,52,65,53,98,71,76,48,60,87,87,69,47,52,76,71,76,71,60,58,60}","Рабыня Изаура (новая редакция 2016 г.) / Escrava Isaura / Серии: 1-30 из 30 (Милтон Гонсалез, Хервал Россану / Milton Gonsalez / Herval Rossano) [1976, Бразилия, Мелодрама, драма, WEBRip] MVO (Selena International)"
5234677,2,26165618,5AFEEC077F237F50716576357E11DE538EDB8A6E,17846157312,2,2026-07-31 02:21:01,3,2,"{7,24,24,24,24,24,24,24,24,24,23,24,24,24,24,24,24,24,24,23,25,24,24,24,25,24,24,26,24,24,24}","{26,77,68,69,71,70,50,61,59,68,54,63,27,32,38,59,60,60,80,84,77,76,73,77,88,61,90,84,58,63,51}","Кто есть кто? / &#191;Qui&#233;n es qui&#233;n? / Серии: 1-30 из 120 (Луис Мансо, Рикардо Шварц) [2015-2016, США, драма, мелодрама, комедия, HDTVRip]"
5252595,2,26165618,22337B5A9B9D5F7CDB509E968490DDF4BD38B3A3,17387827200,2,2026-07-31 02:21:01,3,3,"{7,24,24,24,24,24,24,24,24,24,23,24,24,24,24,24,24,24,24,23,25,24,24,24,25,24,24,26,24,24,24}","{21,66,44,45,47,46,26,37,34,44,29,40,27,32,38,59,60,60,79,83,76,76,74,76,88,60,88,84,58,63,52}","Кто есть кто? / &#191;Qui&#233;n es qui&#233;n? / Серии: 31-60 из 120 (Луис Мансо, Рикардо Шварц) [2015-2016, США, драма, мелодрама, комедия, HDTVRip]"
5256677,2,1850651,6F23D49DBAA59D043EDCC0C23FE56F4DE3378BC4,88128334474,2,2026-07-31 02:21:01,2,2,"{7,24,24,24,24,24,24,24,24,24,23,24,24,24,24,24,24,24,24,23,25,24,24,24,25,24,24,26,24,24,24}","{14,42,32,21,23,22,2,13,11,20,8,16,3,8,14,36,36,36,47,43,35,39,35,41,45,36,47,42,16,20,16}","Цыганская кровь / Soy gitano / Серии: 001-251 (Хорхе Ниско, Хорхе Бекара, Лукас Руиз Барреа, Мартин Сабан и Себастьян Пивотто) [2003, Аргентина, Теленовелла, SATRip]"
5258522,8,1850651,DFBE6601A73AE4964F698C37B1D34EFC1A5F6904,49905233586,2,2026-07-31 02:21:01,4,2,"{7,24,24,24,24,24,24,24,24,24,23,24,24,24,24,24,24,24,24,23,25,24,24,24,25,24,24,26,24,24,24}","{29,72,62,61,69,68,43,61,54,61,31,40,27,32,43,83,76,62,90,78,77,78,70,67,91,83,79,90,62,64,57}","Влюбленные в танго / Franco Buenaventura, el profe / Серии: 175 (Федерико Палаццо, Габриэль Родригес) [2002, Аргентина, Теленовелла, SATRip]"
5268339,2,26165618,3BAE226C130911D44EE0C5E7A659F6EF691487C6,17286729728,2,2026-07-31 02:21:01,3,3,"{7,24,24,24,24,24,24,24,24,24,23,24,24,24,24,24,24,24,24,23,25,24,24,24,25,24,24,26,24,24,24}","{21,66,44,45,47,46,26,37,35,44,31,40,27,32,38,59,60,60,79,83,76,79,75,77,88,61,90,84,58,63,51}","Кто есть кто? / &#191;Qui&#233;n es qui&#233;n? / Серии: 61-90 из 120 (Луис Мансо, Рикардо Шварц) [2015-2016, США, драма, мелодрама, комедия, HDTVRip]"
5283126,2,26165618,DC441E3D01314BD41A3F145D003E95D32852A091,17184385024,2,2026-07-31 02:21:01,3,3,"{7,24,24,24,24,24,24,24,24,24,23,24,24,24,24,24,24,24,24,23,25,24,24,24,25,24,24,26,24,24,24}","{21,66,44,47,47,46,26,37,35,44,31,38,27,32,38,57,60,60,78,83,75,76,75,77,86,60,89,82,57,63,51}","Кто есть кто? / &#191;Qui&#233;n es qui&#233;n? / Серии: 91-120 из 120 (Луис Мансо, Рикардо Шварц) [2015-2016, США, драма, мелодрама, комедия, HDTVRip]"
5285538,2,26165618,E92F7FA2AA118DF6AD75D4CE7B65CB838F557535,13233789205,2,2026-07-31 02:21:01,2,2,"{7,24,24,24,24,24,24,24,24,24,23,24,24,24,24,24,24,24,24,23,25,24,24,24,25,24,24,26,24,24,24}","{22,68,53,54,51,54,32,40,39,44,31,45,27,32,38,57,68,60,71,76,65,61,58,60,70,60,69,68,40,44,39}","Супермакс / Supermax / Серии: 1-12 из 12 (Жозе Алваренга Жуниор) [2016, Бразилия, Триллер, Ужасы, Реалити, HDTVRip 720] / ЛД / Avebrasil"
5285612,2,26165618,7B35823752A3F35BEA72217E5CD96648D5287A6C,7649517568,2,2026-07-31 02:21:01,3,3,"{7,24,24,24,24,24,24,24,24,24,23,24,24,24,24,24,24,24,24,23,25,24,24,24,25,24,24,26,24,24,24}","{21,66,44,45,47,46,26,37,35,44,31,40,27,32,38,60,60,60,71,66,60,61,54,60,70,60,71,68,40,44,39}","Супермакс / Supermax / Серии: 1-12 из 12 (Жозе Алваренга Жуниор) [2016, Бразилия, Триллер, Ужасы, Реалити, HDTVRip] / ЛД / Avebrasil"
5303905,2,11766903,B783E5EDAAA0E90327AD1622F7DA9567AB8D540D,7106376137,2,2026-07-31 02:21:01,4,2,"{7,24,24,24,24,24,24,24,24,24,23,24,24,24,24,24,24,24,24,23,25,24,24,24,25,24,24,26,24,24,24}","{29,104,113,102,118,131,105,106,128,102,96,115,104,114,119,111,117,115,129,121,122,116,112,112,104,120,138,132,130,134,131}","Опасные связи / Ligacoes perigosas / Серии: 10 из 10 (Винисиус Коимбра, Дениш Сарасени) [2016, Бразилия, Мини-сериал, WEB-DLRip]"
5313399,2,13413095,A028AA73AB226586C0B4F497957C4837EA0D1B51,2556429336,2,2026-07-31 02:21:01,3,3,"{7,24,24,24,24,24,24,24,24,24,23,24,24,24,24,24,24,24,24,23,25,24,24,24,25,24,24,26,24,24,24}","{26,80,80,79,79,80,73,77,86,90,75,86,75,80,86,89,84,84,95,89,86,82,79,84,95,84,95,94,83,92,87}","Любить нельзя убить / Amorteamo / Сезон: 1 / Серии: 1-5 из 5 (Флавия Ласерда / Fl&#225;via Lacerda) [2015, Бразилия, драма, триллер, мистика, HDTVRip] DVO (SNK-TV) + Original"
5316920,2,880718,F14A43693D7555B9BA798DA9D5FD4723D889F10F,2507981698,2,2026-07-31 02:21:01,2,2,"{7,24,24,24,24,24,24,24,24,24,23,24,24,24,24,24,24,24,24,23,25,24,24,24,25,24,24,26,24,24,24}","{14,62,54,57,60,51,68,45,45,44,31,40,31,41,46,58,50,28,32,65,42,53,54,60,67,44,51,42,50,64,63}","Моя вторая мама / Mi segunda Madre / Серии: 96-100 (100) (Мигель Корсега) [1989, Мексика, мелодрама, HDTVRip]"
5321048,2,1850651,1FC48141FA3D372C31EEC1434FE2FD64D84A78F6,53290682061,2,2026-07-31 02:21:01,3,2,"{7,24,24,24,24,24,24,24,24,24,23,24,24,24,24,24,24,24,24,23,25,24,24,24,25,24,24,26,24,24,24}","{26,80,85,79,81,80,85,90,98,90,78,93,83,102,101,103,86,84,96,89,86,83,81,84,98,92,98,95,82,96,87}","Селеста / Celeste / Серии: 001-172 (Николас Дель Бока) [1991, Аргентина, Мелодрама, SATRip]"
5338802,2,5660560,1E2C8496CF77227265C91C26898B4B9A8F762ACF,46499573760,1,2026-07-31 02:21:01,3,3,"{7,24,24,24,24,24,24,24,24,24,23,24,24,24,24,24,24,24,24,23,25,24,24,24,25,24,24,26,24,24,24}","{21,71,57,59,59,59,39,50,44,55,43,53,38,40,46,89,77,75,87,69,76,74,62,79,92,68,80,83,57,61,66}","Королева Юга / La Reina del Sur / Серии: 1-63 (63) (Уолтер Доэнер / Walter Doehner) [2011, США, Колумбия, Испания, Теленовелла, Боевик, Драма, DVDRip]"
5343712,2,26165618,B6434002C36843407E120F3F9EF4B94A0CEB7787,47547185152,1,2026-07-31 02:21:01,3,3,"{7,24,24,24,24,24,24,24,24,24,23,24,24,24,24,24,24,24,24,23,25,24,24,24,25,24,24,26,24,24,24}","{21,69,53,59,58,51,30,45,35,44,31,41,29,33,38,64,72,78,80,68,60,75,81,83,76,64,81,77,42,53,40}","Среди каннибалов / Entre can&#237;bales / Серии: 1-60 из 60 (Хуан Хосе Кампанелла) [2015, Аргентина, Уругвай, драма, HDTVRip] / ПМ / SET"
5355410,2,5660560,7C0C7459069C223BFE94E16348683608CE67FD5B,60086010454,1,2026-07-31 02:21:01,3,3,"{7,24,24,24,24,24,24,24,24,24,23,24,24,24,24,24,24,24,24,23,25,24,24,24,25,24,24,26,24,24,24}","{21,66,44,45,47,46,26,37,35,44,31,40,27,32,38,59,60,60,71,66,60,61,56,60,70,60,88,92,70,73,54}","Среди каннибалов / Entre can&#237;bales / Серии: 01-60 из 60 (Хуан Хосе Кампанелла) [2015, Аргентина, Уругвай, драма, WEB-DLRip 720] / ПМ / SET"
5359244,2,13604994,DCACB060DD7B7E2F32CE156D531DA233302C8111,31336682992,2,2026-07-31 02:21:01,3,3,"{7,24,24,24,24,24,24,24,24,24,23,24,24,24,24,24,24,24,24,23,25,24,24,24,25,24,24,26,24,24,24}","{21,66,44,45,47,46,26,39,35,44,31,40,27,32,38,57,60,60,71,66,60,60,58,59,69,60,70,68,40,44,39}","Лаура. Необыкновенная жизнь / Laura, una vida extraordinaria / Laura, la santa colombiana / Сезон 1 / серии 1-25 (25) (Анхела Пулидо Серрано / Angela Pulido Serrano) [2015, Колумбия, биография, история, DVB]"
5361911,2,356119,3A4080AC7D1F5C77AD5B227E3A78FFD3D7507FDA,75902820704,2,2026-07-31 02:21:01,3,3,"{7,24,24,24,24,24,24,24,24,24,23,24,24,24,24,24,24,24,24,23,25,24,24,24,25,24,24,26,24,24,24}","{26,77,68,69,71,70,50,61,59,68,54,64,51,56,62,83,84,84,95,89,85,83,80,84,95,84,94,94,64,68,63}","Белая рабыня / La esclava blanca / Серии: 1-62 (Liliana Bocanegra) [2016, Колумбия, Драма, теленовелла, DVB]"
5362292,2,356119,49E03BF0CFAF4081AE79254A154AB7025FD1D659,106256213876,2,2026-07-31 02:21:01,3,3,"{7,24,24,24,24,24,24,24,24,24,23,24,24,24,24,24,24,24,24,23,25,24,24,24,25,24,24,26,24,24,24}","{26,80,80,79,79,80,73,77,86,90,77,88,75,80,86,89,84,84,95,89,86,82,76,84,95,84,94,94,84,92,87}","Первая леди / Primera dama / Серии: 1-95 (Germ&#225;n Porras, Andr&#233;s Marroqu&#237;n) [2011, Колумбия, Теленовелла, DVB]"
5364694,2,5660560,1BC2AAB86782FD88E1D4672B082A8DB572AC114A,14964128913,2,2026-07-31 02:21:01,3,2,"{7,24,24,24,24,24,24,24,24,24,23,24,24,24,24,24,24,24,24,23,25,24,24,24,25,24,24,26,24,24,24}","{15,53,61,59,60,60,43,46,37,58,37,48,36,33,47,54,44,48,62,47,37,43,44,46,58,49,57,57,46,61,52}","Справедливость / Justi&#231;a / Сезон 1 Серии: 01-20 (Хосе Луис Вильямарим) [2016, Бразилия, Триллер, драма, HDTVRip]"
5382134,2,4732037,537180E39D3A3147C1E52A11486956BC5FF7928A,99388538880,2,2026-07-31 02:21:01,3,3,"{7,24,24,24,24,24,24,24,24,24,23,24,24,24,24,24,24,24,24,23,25,24,24,24,25,24,24,26,24,24,24}","{21,66,56,45,47,46,26,37,35,44,31,40,27,32,38,58,60,60,71,66,60,58,55,65,70,60,70,68,41,44,39}","Газировщик моей жизни / Искрящаяся любовь / El Sodero de mi Vida / Серии: 001-231 (из 231) (Оскар Родригес, Себастьян Пивотто) [2002, Аргентина, Комедия, мелодрама, теленовелла, WEB-DLRip] ; ПОЛНЫЕ серии ОТЛИЧНОЕ качество"
5418960,2,5660560,6AC751441FD44898C06C8937C4F087AC2AEA6B60,127168215803,2,2026-07-31 02:21:01,3,1,"{7,24,24,24,24,24,24,24,24,24,23,24,24,24,24,24,24,24,24,23,25,24,24,24,25,24,24,26,24,24,24}","{26,89,103,91,89,90,85,88,99,87,82,96,78,88,90,95,87,93,107,77,71,75,85,97,100,90,96,104,86,90,74}","Цветок Карибского моря / Flor do Caribe / Серии: 001-120 (120) (Тереза Лампрея, Жайме Монжардим, Леонардо Ногейра) [2013, Бразилия, Теленовелла, HDTV720]"
5443311,2,24893189,D3CFA6AF9265B5858A1965870A532EE8A72A9581,40733241180,2,2026-07-31 02:21:01,3,3,"{7,24,24,24,24,24,24,24,24,24,23,24,24,24,24,24,24,24,24,23,25,24,24,24,25,24,24,26,24,24,24}","{21,65,60,45,47,48,26,38,35,44,31,40,27,32,38,60,67,60,71,66,59,57,55,65,70,60,70,68,40,44,39}","Обними меня покрепче / Abrazame muy fuerte / Серии: 1-135 (135) (Salvador Maj&#237;a Alejandro) [2000, Мексика, мелодрама, WEBRip] VO"
5447495,2,5660560,3039475CCB0425EF0C8F7C12141FA414FFD36782,163973455367,2,2026-07-31 02:21:01,3,2,"{7,24,24,24,24,24,24,24,24,24,23,24,24,24,24,24,24,24,24,23,25,24,24,24,25,24,24,26,24,24,24}","{21,72,74,69,71,70,50,61,59,68,54,62,51,56,64,66,60,60,71,66,61,58,55,65,70,60,69,68,60,68,63}","Совершенно бесподобная / Totalmente Demais / Серии: 01-130 из 130 (Луис Энрике Риос) [2015-2016, Бразилия, Теленовелла, WEB-DLRip 720]"
5450063,2,13225285,3F88B705ECE80D35304E76707AA8B67BC3DF267C,168020676514,2,2026-07-31 02:21:01,3,1,"{7,24,24,24,24,24,24,24,24,24,23,24,24,24,24,24,24,24,24,23,25,24,24,24,25,24,24,26,24,24,24}","{23,72,74,71,71,70,50,62,62,68,54,84,76,88,86,92,83,75,72,86,89,88,77,92,94,84,94,94,61,68,66}","Вне времени / Alem do tempo / Серии: 1-161 (161) (Рожерио Гомес) [2015, Бразилия, Мелодрама, HDTVRip]"
5474792,2,24893189,F2B4E2F8B4C8B27FD40A5742D570350F8DDB00F1,17450253991,2,2026-07-31 02:21:01,3,3,"{7,24,24,24,24,24,24,24,24,24,23,24,24,24,24,24,24,24,24,23,25,24,24,24,25,24,24,26,24,24,24}","{21,66,44,45,47,46,26,37,35,44,31,40,27,32,38,60,60,60,71,66,60,59,57,60,70,60,71,68,41,44,39}","Каприз / Capricho / Серии: 1-80 (80) (Luis V&#233;lez) [1993, Мексика, мелодрама, WEBRip]"
5475851,2,24893189,A9A59FF7D20444B605E4AF43806E78FE8D77E535,40621128264,2,2026-07-31 02:21:01,3,3,"{7,24,24,24,24,24,24,24,24,24,23,24,24,24,24,24,24,24,24,23,25,24,24,24,25,24,24,26,24,24,24}","{21,66,44,45,47,46,26,37,35,44,31,40,27,32,47,59,60,60,71,66,60,60,56,60,70,60,71,68,41,44,39}","Амазонки / Las Amazonas / Серии: 1-62 (62) (Альберто Диаз, Хосе Доссетти / Alberto D&#237;az, Jos&#233; Dossetti) [2016, Мексика, мелодрама, HDTVRip (720)] VO"
5491629,2,24893189,16521D96DDE3B36AEDAC754990CFBD2E90AA11C5,23735942370,1,2026-07-31 02:21:01,2,2,"{7,24,24,24,24,24,24,24,24,24,23,24,24,24,24,24,24,24,24,23,25,24,24,24,25,24,24,26,24,24,24}","{22,67,72,66,66,73,45,56,84,79,55,65,53,73,77,83,98,87,98,94,104,83,84,92,103,99,94,92,69,80,57}","Розалинда / Rosalinda / Серии: 1-80 (80) (Beatriz Sheridan) [1999, Мексика, мелодрама, TVRip]"
5492346,8,13568004,C17EB58FA5CF2AEB846D456C840C693C8F2B5962,97456041954,2,2026-07-31 02:21:01,3,3,"{7,24,24,24,24,24,24,24,24,24,23,24,24,24,24,24,24,24,24,23,25,24,24,24,25,24,24,26,24,24,24}","{21,64,44,45,47,46,26,37,35,44,31,40,27,32,38,59,60,60,71,66,61,61,57,60,70,63,74,85,49,48,50}","Замарашка / Cara Sucia / Серии: 174 (Карлос Изкьердо, Эдгар Льендо) [1992, Венесуэла, Теленовелла, SATRip] MVO"
5554022,2,24893189,44870188D8C719490354822E8E6D5147D78C9FF6,23149059408,1,2026-07-31 02:21:01,3,2,"{7,24,24,24,24,24,24,24,24,24,23,24,24,24,24,24,24,24,24,23,25,24,24,24,25,24,24,26,24,24,24}","{21,72,74,69,71,70,50,61,59,68,54,64,51,56,62,65,60,60,71,66,60,61,56,65,70,60,71,68,60,68,63}","Валентина / Valentina / Серии: 1-80 (80) (Луис Велес, Серхио Хименес) [1993, Мексика, мелодрама, TVRip]"
5560479,2,5660560,DDAF27324BAB2BB181A9527FFA7F0BE2F25F27E9,54880707200,2,2026-07-31 02:21:01,3,3,"{7,24,24,24,24,24,24,24,24,24,23,24,24,24,24,24,24,24,24,23,25,24,24,24,25,24,24,26,24,24,24}","{21,72,68,69,71,70,50,61,59,68,54,62,51,56,62,65,60,60,71,66,60,60,58,60,70,60,71,68,60,68,63}","Белая рабыня / La Esclava Blanca / Серии: 001-062 (Лилиана Боканегра, Матео Стиуэльбер) [2016, Колумбия, Мелодрама , WEB-DLRip 720] MVO"
5564595,2,5660560,EB614FA62B4972031FEB3E00D50FC270B28C5DB3,131884911472,2,2026-07-31 02:21:01,4,1,"{7,24,24,24,24,24,24,24,24,24,23,24,24,24,24,24,24,24,24,23,25,24,24,24,25,24,24,26,24,24,24}","{29,106,96,77,83,81,83,96,113,99,100,110,92,105,88,96,100,86,91,84,81,91,80,78,85,83,110,121,102,119,94}","Спаси меня, Святой Георгий / Salve Jorge / Серии: 001-140 (140) (Маркус Шехтман) [2012, Бразилия, Теленовелла, HDTVRip720]"
5616052,8,26548468,D01D73036395389508E3B35364B8345D282D916F,6268016904,2,2026-07-31 02:21:01,3,3,"{7,24,24,24,24,24,24,24,24,24,23,24,24,24,24,24,24,24,24,23,25,24,24,24,25,24,24,26,24,24,24}","{26,77,68,69,71,70,50,64,63,68,54,64,56,56,62,83,84,84,95,89,86,80,80,84,95,84,94,94,65,68,63}","Неуправляемая / Ingobernable / Сезон: 2 / Серии 1-12 из 12 (Педро Пабло Ибарра) [2018, Мексика, Триллер, драма, криминал, латиноамериканский, теленовелла, WEB-DLRip] DVO (Gears Media) + Original"
5665109,10,26548468,D5E46545EE0214096C0A80771A875F6BDD874326,4078072694,1,2026-07-31 02:21:01,3,3,"{7,24,24,24,24,24,24,24,24,24,23,24,24,24,24,24,24,24,24,23,25,24,24,24,25,24,24,26,24,24,24}","{21,72,68,70,71,70,50,63,60,66,49,58,44,56,47,80,74,84,80,66,60,61,59,60,70,60,70,68,41,44,39}","Диаблеро / Diablero / Сезон: 1 / Серии: 1-8 из 8 (Ригоберто Кастаньеда, Хосе Мануэль Кравиотто) [2018, Мексика, Ужасы, WEBRip] DVO (Gears Media) + Original"
5690144,2,3180576,634930845900231A9DF47DDD60F1F2FDAF0FB868,81863503872,2,2026-07-31 02:21:01,4,2,"{7,24,24,24,24,24,24,24,24,24,23,24,24,24,24,24,24,24,24,23,25,24,24,24,25,24,24,26,24,24,24}","{29,95,73,79,79,77,50,62,84,90,77,88,75,80,86,90,87,84,80,82,88,87,77,90,107,68,74,74,56,57,65}","Тропиканка / Tropicaliente / Серии: 1-130 из 130 (Гонзага Блота, Карлос Араужу, Рожериу Гомеш, Марсело Травессо, Пауло Убиратан) [1994, Бразилия, Теленовелла, SATRip] [Показ 2019 года, канал Ю]"
5722931,2,5660560,11FC5455419461C8C9E4820A35548794963E6600,199602263923,2,2026-07-31 02:21:01,3,2,"{7,24,24,24,24,24,24,24,24,24,23,24,24,24,24,24,24,24,24,23,25,24,24,24,25,24,24,26,24,24,24}","{21,88,71,79,74,72,69,67,65,73,59,77,60,81,75,84,72,74,86,76,66,78,70,69,83,74,85,79,70,80,74}","Земля любви / Terra Nostra / Серии: 001 - 150 (150) (Жайме Монжардим, Карлос Могальяэш) [1999, Бразилия, Мелодрама, WEB-DLRip 720]"
5759880,2,10851952,A64ED8C6B67AA42B08B1870453D57DD510B91B63,4458772697,2,2026-07-31 02:21:01,3,2,"{7,24,24,24,24,24,24,24,24,24,23,24,24,24,24,24,24,24,24,23,25,24,24,24,25,24,24,26,24,24,24}","{26,80,87,98,99,100,96,96,109,96,92,96,96,96,98,97,96,96,77,91,100,98,93,96,101,96,96,104,96,96,96}","Неизвестный. История Чоло Адриано / El desconocido: la historia de El Cholo Adri&#225;n / Сезон: 1 / Серии: 1-5 из 5 (Гонсало Гонзалез, Карлос Мелендес) [2018, Мексика, криминал, боевик, WEB-DLRip] DVO (ViruseProject) + Original + Sub (Rus)"
5801644,2,5660560,CAC22FD778CC2B6DDDF03A109C894775417AC5B7,257815014625,2,2026-07-31 02:21:01,2,2,"{7,24,24,24,24,24,24,24,24,24,23,24,24,24,24,24,24,24,24,23,25,24,24,24,25,24,24,26,24,24,24}","{19,77,79,62,62,47,50,71,67,72,45,50,34,43,57,55,62,55,64,47,48,42,37,42,65,49,47,50,70,68,63}","Проспект Бразилии / Avenida Brasil / Серии: 001-160 (Рикардо Ваддингтон, Андре Камара, Густаво Фернандес, Паоло Сильвестрини, Амора Маутнер) [2012, Бразилия, драма, комедия, детектив, WEB-DLRip 1080]"
5801650,2,5660560,D7567F425CD48B099B5C7B3466D83BC278D7FA28,47319147503,2,2026-07-31 02:21:01,2,0,"{7,24,24,24,24,24,24,24,24,24,23,24,24,24,24,24,24,24,24,23,25,24,24,24,25,24,24,26,24,24,24}","{22,89,112,98,82,92,101,98,82,105,84,101,80,90,113,112,89,107,112,104,100,100,90,105,84,85,94,90,90,91,83}","Моя вторая мама / Mi segunda Madre / Серии: 200 (Мигель Корсега) [1989, Мексика, Мелодрама, WEB-DLRip]"
5861161,2,122518,04FDE5AFA3B3BEA489E773539E74807E450E311E,463899531415,2,2026-07-31 02:21:01,12,2,"{7,24,24,24,24,24,24,24,24,24,23,24,24,24,24,24,24,24,24,23,25,24,24,24,25,24,24,26,24,24,24}","{85,270,266,359,362,331,337,353,314,343,302,271,254,269,271,240,266,262,279,259,297,251,252,257,287,285,283,367,323,274,283}","Дикий ангел / Muneca Brava / Серии: 1-270 (270) (Эрнан Абраамсон) [1998/1999, Аргентина, Комедия, Мелодрама, HDTV 1080p [rus/esp]"
5889059,2,5660560,E6F6E6CBE579DAD6055D4B43F46FFFDEE0FE811D,262611504099,2,2026-07-31 02:21:01,19,2,"{7,24,24,24,24,24,24,24,24,24,23,24,24,24,24,24,24,24,24,23,25,24,24,24,25,24,24,26,24,24,24}","{116,436,459,412,416,443,368,363,349,387,328,406,424,390,451,499,470,458,468,487,444,433,387,472,455,591,564,662,622,645,686}","Клон / O Clone / Серии: 001-250 (Жайме Монжардим) [2001, Бразилия, теленовелла, WEB-DLRip 720]"
5890328,2,5660560,0C27DDE726E3CADF0C9AF7913CAEB78772AE5CCD,181023421422,2,2026-07-31 02:21:01,3,2,"{7,24,24,24,24,24,24,24,24,24,23,24,24,24,24,24,24,24,24,23,25,24,24,24,25,24,24,26,24,24,24}","{26,86,75,73,73,74,62,73,82,85,66,77,61,87,74,89,87,84,88,100,107,90,90,93,100,92,96,103,76,82,74}","Хозяйка Судьбы / Senhora do Destino / Серии: 001-181 из 181 (Лусиано Сабино, Марко Родриго, Клаудио Бёккел, Волф Мая) [2004, Бразилия, Теленовелла, HDTVRip]"
6014043,2,5660560,D8B427155D39EB9974BD62678D9178A47113ADA7,64116096340,2,2026-07-31 02:21:01,3,2,"{7,24,24,24,24,24,24,24,24,24,23,24,24,24,24,24,24,24,24,23,25,24,24,24,25,24,24,26,24,24,24}","{21,73,63,66,67,70,47,45,62,80,57,51,47,35,58,66,63,53,73,76,71,60,48,53,79,81,86,103,101,101,90}","Тропиканка / Tropicaliente / Серии: 001-130 (130) (Гонзага Блота, Карлос Араужу, Рожериу Гомеш, Марсело Травессо, Пауло Убиратан) [1994, Бразилия, Теленовелла, WEB-DLRip]"
6124562,2,5660560,809A04A43BB1B586F60BF5C13D4DA065BAAC6767,82485936004,2,2026-07-31 02:21:01,6,3,"{7,24,24,24,24,24,24,24,24,24,23,24,24,24,24,24,24,24,24,23,25,24,24,24,25,24,24,26,24,24,24}","{40,151,145,132,117,130,133,173,159,184,154,159,149,127,184,197,187,208,210,213,233,175,170,187,187,182,192,185,180,189,160}","Воздушные замки / Andando nas nuvens / Серии: 001-140 (140) (Дениз Карвальо, Жозе Луиз Вилламарим) [1999, Бразилия, Теленовелла, IPTV-Rip]"
6160042,2,35180158,C3CB9E07C04FE404CCE86A7C7B0FAD1685C8F9E3,42550942414,2,2026-07-31 02:21:01,4,2,"{7,24,24,24,24,24,24,24,24,24,23,24,24,24,24,24,24,24,24,23,25,24,24,24,25,24,24,26,24,24,24}","{27,91,72,69,71,72,50,67,60,68,44,66,39,37,61,112,118,112,109,106,111,111,103,102,111,110,115,123,97,94,93}","Дикая Роза / Rosa salvaje / Серии: 1-99 (99) / (Беатрис Шеридан / Beatriz Sheridan) [1987-1988, Мексика, Теленовелла, комедия, WEBRip] Dub (Останкино) +MVO"
6245223,2,6087354,E9CEAAB0EABD6342718333EC351BBBB7769C58E1,66359941120,2,2026-07-31 02:21:01,3,1,"{7,24,24,24,24,24,24,24,24,24,23,24,24,24,24,24,24,24,24,23,25,24,24,24,25,24,24,26,24,24,24}","{26,80,90,79,79,85,73,77,86,90,76,88,75,80,86,89,84,86,95,89,84,80,75,89,78,60,71,68,60,68,63}","Любовь матери / Amor de M&#227;e / (1-115 из 115 серии) (Хосе Луис Вильямарим Уивер) [2019-2021, Бразилия, Теленовелла, драма, мелодрама HDTVRip] ТК Романтичное"
6249313,2,6087354,F087E17A48A4B9878030B9590E67F6733B178DFC,86553583616,2,2026-07-31 02:21:01,3,3,"{7,24,24,24,24,24,24,24,24,24,23,24,24,24,24,24,24,24,24,23,25,24,24,24,25,24,24,26,24,24,24}","{21,65,44,45,47,46,26,37,35,44,31,40,34,40,51,69,60,72,71,71,60,62,64,73,76,72,71,68,41,55,55}","Правила игры / A Regra Do Jogo /(1-150 из 150 серии) (Амора Маутнер) [2015, Бразилия, Теленовелла, драма, криминал HDTVRip] Dub, ТК Романтичное"
6251892,2,5660560,3CE622BA024C64D7D2F40053797479DD903E722A,177165366735,2,2026-07-31 02:21:01,3,2,"{7,24,24,24,24,24,24,24,24,24,23,24,24,24,24,24,24,24,24,23,25,24,24,24,25,24,24,26,24,24,24}","{26,88,87,89,85,91,85,93,97,95,87,95,83,89,89,95,87,80,81,91,96,87,88,93,100,91,94,102,87,93,88}","Любовь матери / Amor de M&#227;e / Серии: 001-115 (115) (Хосе Луис Вильямарим) [2019 – 2021, Бразилия, Драма, WEB-DL 1080]"
6260973,2,5660560,E9BFFF3B10DC2CB22EF3AEC5657DC8C102922F72,231299691030,2,2026-07-31 02:21:01,3,2,"{7,24,24,24,24,24,24,24,24,24,23,24,24,24,24,24,24,24,24,23,25,24,24,24,25,24,24,26,24,24,24}","{25,81,77,71,72,70,52,76,78,74,62,79,62,67,70,86,86,83,83,86,85,83,76,89,94,84,94,94,70,69,70}","Правила игры / A Regra do Jogo / Серии: 1-150 из 150 (Амора Маутнер) [2015–2016, Бразилия, Теленовелла, WEB-DL 1080]"
6267237,2,11008179,F50F22EB00B932ED2E5B4A0077AD115B390A3128,266771843470,2,2026-07-31 02:21:01,7,3,"{7,24,24,24,24,24,24,24,24,24,23,24,24,24,24,24,24,24,24,23,25,24,24,24,25,24,24,26,24,24,24}","{52,176,144,111,106,114,100,96,111,116,103,119,115,130,125,127,132,110,129,137,147,145,147,157,157,132,153,199,153,131,129}","Королева Юга / La Reina Del Sur / Сезон 1 / Серии: 1 - 63 (63) (Уолтер Доэхнер) [2011, Мексика, США, Испания, Колумбия, боевик, триллер, драма, криминал, WEBRip 1080p] Dub + MVO + Original + Sub (Eng, Spa)"
6303067,2,5660560,DF2AFB0878855288E0238DDBFF6453CC4BD4154C,171816948440,2,2026-07-31 02:21:01,4,1,"{7,24,24,24,24,24,24,24,24,24,23,24,24,24,24,24,24,24,24,23,25,24,24,24,25,24,24,26,24,24,24}","{28,87,93,113,104,126,116,129,128,128,112,127,122,116,123,119,117,114,97,117,108,103,96,113,124,117,119,132,133,128,135}","Ты моя жизнь / Sos Mi Vida / Серии: 001-230 (230) (Родолфо Антунес, Джордж Бехара) [2006, Аргентина, Теленовелла, WEB-DLRip]"
6309000,2,5155021,945E13812794F4624B381A44EBC951B7EF33E8BE,4318886700,1,2026-07-31 02:21:01,5,1,"{7,24,24,24,24,24,24,24,24,24,23,24,24,24,24,24,24,24,24,23,25,24,24,24,25,24,24,26,24,24,24}","{35,121,94,75,79,89,92,67,83,91,75,72,56,62,68,105,90,92,106,77,50,72,68,63,79,63,62,77,85,100,90}","Нескромный наблюдатель / Olhar Indiscreto / Сезон: 1 / Серии: 1-10 из 10 (Лусиана Оливейра, Фабриция Пинто, Летисия Вейга) [2023, Бразилия, Триллер, драма, детектив, WEBRip] MVO (ColdFilm)"
6316332,2,5155021,17315CF75FF23B2FCC45DF3DFD0CDBC869C46040,3763070988,1,2026-07-31 02:21:01,2,2,"{7,24,24,24,24,24,24,24,24,24,23,24,24,24,24,24,24,24,24,23,25,24,24,24,25,24,24,26,24,24,24}","{19,72,68,69,71,68,26,37,35,44,31,38,29,34,42,64,60,63,71,66,45,39,35,36,45,36,47,42,35,44,39}","Конец любви / El fin del Amor / The End of Love / Серии: 1-10 из 10 (Дэниэл Бароне, Констанца Новик) [2022, Аргентина, Драма, комедия, WEBRip] ЛМ (ColdFilm)"
6326194,2,880718,42B4FEDBB2F4F5266944932742F9842C0C45B924,182582038728,1,2026-07-31 02:21:01,3,2,"{7,24,24,24,24,24,24,24,24,24,23,24,24,24,24,24,24,24,24,23,25,24,24,24,25,24,24,26,24,24,24}","{21,72,74,69,71,70,26,39,40,44,31,40,27,32,39,40,36,36,55,66,54,38,49,65,70,60,50,42,36,44,39}","Поддаться искушению / Caer en tentaci&#243;n / Сезон 1-2 / Серии: 1-103 из 103 (Хуан Пабло Бланко, Эрик Моралес / Huan Pablo Blanko Erik Morales) [2017-2018, Мексика, драма, WEBRip 1080p] MVO (RVision)"
6326335,2,880718,9D7176D46F99CE7C1A439C3880CDE4517209EF7B,59538578947,1,2026-07-31 02:21:01,2,2,"{7,24,24,24,24,24,24,24,24,24,23,24,24,24,24,24,24,24,24,23,25,24,24,24,25,24,24,26,24,24,24}","{14,51,56,48,51,53,26,37,41,50,35,40,31,32,38,44,39,41,47,45,36,42,32,47,47,40,50,42,38,46,43}","Мачеха / La madrastra / Сезон 1 / Серии: 1-120 из 120 (Виктор Фуйу, Эрик Моралес / Viktor Fuiu, Erik Morales) [2005, Мексика, триллер, драма, мелодрама, криминал, детектив, WEBRip-AVC] Dub СТС"
6327363,2,880718,861478CA98BEB0F3D286A3A4BF58E493AB41F0C0,148970467171,1,2026-07-31 02:21:01,2,2,"{7,24,24,24,24,24,24,24,24,24,23,24,24,24,24,24,24,24,24,23,25,24,24,24,25,24,24,26,24,24,24}","{14,48,44,45,47,46,26,37,35,44,31,38,27,32,38,40,36,36,47,43,35,37,32,36,45,36,47,42,36,44,39}","Отель секретов / El hotel de los secretos / Сезон 1 / Серии: 1-81 из 81 ( Франциско Франко / Francisko Franko) [2016, Мексика, драма, WEBRip 1080p] VO (GoodTime Media)"
6328549,2,880718,7311624179B2854F813679B6A5A2E784851B9FC4,63144267439,1,2026-07-31 02:21:01,3,2,"{7,24,24,24,24,24,24,24,24,24,23,24,24,24,24,24,24,24,24,23,25,24,24,24,25,24,24,26,24,24,24}","{16,51,65,60,71,73,55,63,82,86,69,58,32,32,38,40,51,60,71,66,61,45,38,49,47,36,57,71,59,68,63}","Любовь вне закона / Por amar sin ley / Сезон 1-2 / Серии: 1-92 из 92 (Сальвадор Гарсини, Алехандро Гамбоа / Salvador Garsini, Alehandro Gamboa) [2018-2019, Мексика, драма, WEBRip-AVC] MVO"
6339113,2,9986604,BB0F5C5BACE6BBE04587A319E58F0D0795C627D5,6731554816,1,2026-07-31 02:21:01,5,0,"{7,24,24,24,24,24,24,24,24,24,23,24,24,24,24,24,24,24,24,23,25,24,24,24,25,24,24,26,24,24,24}","{27,112,130,121,127,114,149,128,235,157,183,203,129,91,111,112,117,103,161,155,149,120,133,177,174,194,166,217,171,143,103}","Нескромный наблюдатель / Olhar Indiscreto / Сезон: 1 / Серии: 1-10 из 10 (Лучана Оливейра, Фабриция Пинто) [2023, Бразилия, Триллер, драма, детектив, WEBRip] MVO (ColdFilm)"
6349828,2,880718,1E59EFB580CAF66D667464B3AF805A275B5AA597,103404894398,1,2026-07-31 02:21:01,3,1,"{7,24,24,24,24,24,24,24,24,24,23,24,24,24,24,24,24,24,24,23,25,24,24,24,25,24,24,26,24,24,24}","{13,116,119,150,174,204,188,263,184,185,127,180,205,156,150,117,118,115,75,62,64,84,40,55,48,56,63,107,85,74,70}","Богатые тоже плачут / Rich also cry / Сезон: 1 / Серии: 1-60 из 60 (Луис Мансо, Карлос Сантос, Павел Васкес) / Luis Mans, Karlos Santos, Pavel Vaskes) [2022, Мексика, драма, мелодрама, WEBRip 1080p] (Dub)"
6367451,2,880718,29F46613B727E69A8BE9AAD129C1FD2AC5287CFB,59917008045,1,2026-07-31 02:21:01,2,1,"{7,24,24,24,24,24,24,24,24,24,23,24,24,24,24,24,24,24,24,23,25,24,24,24,25,24,24,26,24,24,24}","{10,57,59,58,52,55,52,66,37,48,37,57,39,39,56,64,60,46,55,67,52,44,43,65,54,40,48,63,52,49,43}","Медики: Линия жизни / M&#233;dicos, l&#237;nea de vida / Сезон: 1 / Серии: 1-87 из 87 (Сантьяго Барбоза Лобатон, Ана Лорена Перез Риос / Santiago Barbosa Lobat&#243;n, Ana Lorena P&#233;rez R&#237;os) [2019, Мексика, драма, WEBRip-AVC] MVO (R-Vision)"
6380966,2,5660560,6EB4F55F4600D20D1930B489DAA722FD15A39F32,104961933369,2,2026-07-31 02:21:01,4,2,"{7,24,24,24,24,24,24,24,24,24,23,24,24,24,24,24,24,24,24,23,25,24,24,24,25,24,24,26,24,24,24}","{32,101,87,83,129,112,144,147,139,140,125,159,149,149,161,126,117,97,115,105,136,131,144,116,107,116,194,251,165,141,172}","Дикая Роза / Rosa salvaje / Серии: 001-199 (199) (Беатрис Шеридан) [1987-1988, Мексика, Теленовелла, WEB-DL 1080p] Dub (Останкино)"
6397231,2,880718,4233DEDC9E907EC021F32516F5F0A7E8E2946186,75393330895,1,2026-07-31 02:21:01,3,2,"{7,24,24,24,24,24,24,24,24,24,23,24,24,24,24,24,24,24,24,23,25,24,24,24,25,24,24,26,24,24,24}","{16,69,73,75,75,77,67,69,67,72,63,68,67,73,69,70,62,66,77,83,77,68,60,64,78,67,94,94,65,77,74}","Испорченные / Las Malcriadas / Сезон 1 / Серии: 1-90 из 90 (Родриго Видал / Rodrigo Vidal) [2017-2018, Мексика, драма, криминал, WEBRip-AVC] MVO (ИВИ) + Original (Spa)"
6443764,2,880718,AFDDAAB072E767DE784E47BE97BF2CAABB4B330E,61117161892,1,2026-07-31 02:21:01,1,1,"{7,24,24,24,24,24,24,24,24,24,23,24,24,24,24,24,24,24,24,23,25,24,24,24,25,24,24,26,24,24,24}","{7,38,56,45,47,46,26,37,35,44,29,39,27,32,38,39,36,36,47,43,35,38,35,41,45,36,47,42,35,44,39}","Железный прокурор / La Fiscal de Hierro / Сезон 1 / Серии: 1-80 из 80 (Хуан Хосе Кардона) [2017, Мексика, криминал, WEBRip-AVC] MVO (Voize) + Original (Spa) + Sub (Rus)"
6444479,2,880718,FCF60D4294AA809939EC63C9545B20160CE9B057,40882665422,1,2026-07-31 02:21:01,2,1,"{7,24,24,24,24,24,24,24,24,24,23,24,24,24,24,24,24,24,24,23,25,24,24,24,25,24,24,26,24,24,24}","{15,63,68,69,71,70,51,61,59,70,52,64,51,58,62,64,64,60,71,66,61,60,58,60,70,60,80,71,63,68,63}","Любить до смерти / Amar a muerte / Сезон 1 / Серии: 1-51 из 51 (Павел Васкес) [2018-2019, Мексика, драма, WEBRip-AVC] MVO (ИВИ) + Original (Spa)"
6446136,2,880718,9D2A8E89502124E34D90CA878E6A511654FBB9D6,92022709336,1,2026-07-31 02:21:01,3,2,"{7,24,24,24,24,24,24,24,24,24,23,24,24,24,24,24,24,24,24,23,25,24,24,24,25,24,24,26,24,24,24}","{21,80,83,81,83,78,75,93,97,99,84,96,84,88,92,90,88,84,83,86,84,84,82,84,94,84,93,94,86,93,89}","Невеста из Мехико / Eternamente Am&#225;ndonos / Сезон 1 / Серии: 1-120 из 120 (Родриго Качеро) [2023, Мексика, драма, WEBRip-AVC] MVO (Contentica) + Original (Spa)"
6448705,2,5660560,2DF284C049BFA1C25B7ADB7EDAB23B057EBE8DA7,316619057336,1,2026-07-31 02:21:01,3,2,"{7,24,24,24,24,24,24,24,24,24,23,24,24,24,24,24,24,24,24,23,25,24,24,24,25,24,24,26,24,24,24}","{21,51,44,51,58,53,29,42,35,55,44,47,37,32,47,40,50,36,77,70,41,37,36,51,67,54,59,46,36,44,39}","Семейные узы / Lacos de Familia / Серии: 001-150 из 150 (Рикарду Ваддингтон) [2000, Бразилия, Теленовелла, HDTV 1080p]"
6459270,2,880718,FD7778CA2FFBE976216A87543F8569C9D4695DD9,17041402296,1,2026-07-31 02:21:01,2,2,"{7,24,24,24,24,24,24,24,24,24,23,24,24,24,24,24,24,24,24,23,25,24,24,24,25,24,24,26,24,24,24}","{14,48,44,45,47,52,44,56,56,71,49,44,46,55,55,60,60,58,54,51,58,44,53,55,65,55,65,61,36,44,39}","Женщина дьявола / Сезон: 1-3 / Серии: 1-26 из 26 (Карлос Кок) [2022, Мексика, драма, WEBRip-AVC] MVO"
6464823,2,5660560,121A00A36D3673EEDAA1A54F618F9565998BB1B4,147120914311,1,2026-07-31 02:21:01,11,1,"{7,24,24,24,24,24,24,24,24,24,23,24,24,24,24,24,24,24,24,23,25,24,24,24,25,24,24,26,24,24,24}","{84,237,258,274,310,262,277,229,220,225,197,209,204,179,210,225,215,255,264,223,239,205,217,251,300,320,247,272,252,265,254}","Просто Мария / Simplemente Maria / Серии: 001-150 (150) (Беатриз Шеридан) [1989 - 1990, Мексика, Теленовелла, WEB-DLRip 720p]"
6575106,2,5660560,3D9D3A839032BA3D82540E7411A087B473EBD2AD,208659355836,1,2026-07-31 02:21:01,6,1,"{7,24,24,24,24,24,24,24,24,24,23,24,24,24,24,24,24,24,24,23,25,24,24,24,25,24,24,26,24,24,24}","{40,147,152,148,133,153,159,150,117,145,142,155,139,116,129,146,146,108,87,105,99,90,99,107,101,112,132,98,104,112,111}","Секрет Тропиканки / Mulheres de Areia / Серии: 001-203 из 203 (Вольф Майа) [1993, Бразилия, Теленовелла, WEB-DL 720p]"
6579512,2,20287571,7FD37CF5CE9BDF932BF5AFFB20EA43C3F77B5CB5,156762658513,1,2026-07-31 02:21:01,3,1,"{7,24,24,24,24,24,24,24,24,24,23,24,24,24,24,24,24,24,24,23,25,24,24,24,25,24,24,26,24,24,24}","{25,100,105,109,105,102,83,98,123,106,94,100,78,90,90,89,87,96,116,90,77,81,76,76,89,89,91,91,85,84,78}","Дикий цветок / Flor salvaje / Серии: 1-150 из 150 (Марио Митротти, Агустин Рестрепо) [2011, Колумбия, США, теленовелла, мелодрама, WEBRip 1080p] + Sub (Rus)"
6584188,2,23969317,33C592362049443646CE5286D714D130C5CADD46,48712652362,1,2026-07-31 02:21:01,2,2,"{7,24,24,24,24,24,24,24,24,24,23,24,24,24,24,24,24,24,24,23,25,24,24,24,25,24,24,26,24,24,24}","{14,58,65,54,62,70,37,65,80,72,59,77,62,46,55,57,50,49,61,59,50,48,48,51,82,61,68,78,62,53,51}","Узурпаторша / La Usurpadora / Сезон: 1 / Серии: 1-102 из 102 (Беатрис Шеридан) [1998, Мексика, драма, мелодрама, WEBRip-AVC] MVO"
6593413,2,6477978,22E2EA25BABA73781BE9B6DB81C6298895E0A7E7,153772971643,1,2026-07-31 02:21:01,3,2,"{7,24,24,24,24,24,24,24,24,24,23,24,24,24,24,24,24,24,24,23,25,24,24,24,25,24,24,26,24,24,24}","{21,72,68,69,71,70,46,52,59,68,54,64,50,56,62,64,60,60,84,65,63,58,57,60,70,60,69,68,59,68,63}","Новая жизнь Анны / Ana de nadie / Сезон: 1 / Серии: 1-91 из 91 (Ольга Лусия Родригес) [2022, Колумбия, драма, WEBRip 1080p] Dub (Akimbo Production)"
6598648,2,5660560,431A5710FBFA88A7C1268D94957C1C91B303644E,261220055322,1,2026-07-31 02:21:01,4,2,"{7,24,24,24,24,24,24,24,24,24,23,24,24,24,24,24,24,24,24,23,25,24,24,24,25,24,24,26,24,24,24}","{28,96,108,96,86,80,83,98,109,102,77,119,76,80,83,85,97,96,94,92,100,96,92,100,100,96,110,121,96,100,96}","Во имя любви / Por amor / Серии: 001-130 (130) (Рикардо Ваддингтон) [1997, Бразилия, Теленовелла, WEB-DL 1080p]"
6598650,2,5660560,1733AE3443F33451324F6BC7CDFA9800DCC883EE,303222783940,1,2026-07-31 02:21:01,2,2,"{7,24,24,24,24,24,24,24,24,24,23,24,24,24,24,24,24,24,24,23,25,24,24,24,25,24,24,26,24,24,24}","{14,48,44,45,47,52,26,37,35,49,33,49,27,35,38,71,40,36,47,43,36,42,37,47,55,36,47,42,42,71,117}","Семейные узы / Lacos de Familia / Серии: 001-150 (150) (Рикарду Ваддингтон) [2000, Бразилия, Теленовелла, WEB-DL 1080p]"
6598653,2,5660560,9739787573A165897B35A481147D4D796BFBA24C,15363521818,1,2026-07-31 02:21:01,2,2,"{7,24,24,24,24,24,24,24,24,24,23,24,24,24,24,24,24,24,24,23,25,24,24,24,25,24,24,26,24,24,24}","{14,48,44,45,47,46,20,27,35,44,31,38,26,32,38,40,36,36,47,42,36,38,34,36,45,36,47,42,36,44,39}","Украденная любовь / Amores Roubados / Серии: 1-8 (8) (Жозе Луис Вилламарин) [2014, Бразилия, Драма, WEB-DL 1080p] MVO Goodtime Media"
6612898,2,5660560,39DD864B2F6C29209999EBC0D6AF83932FE8A24E,137216293841,1,2026-07-31 02:21:01,3,2,"{7,24,24,24,24,24,24,24,24,24,23,24,24,24,24,24,24,24,24,23,25,24,24,24,25,24,24,26,24,24,24}","{20,72,68,69,70,69,23,27,35,44,31,40,26,32,38,40,36,38,47,42,35,38,35,36,45,36,46,42,36,44,39}","Место под солнцем / Um Lugar ao Sol / Серии: 001-070 из 070 (Маурисиу Фариас, Андре Камара) [2021 – 2022, Бразилия, Драма, Мелодрама, WEB-DL 1080p] MVO Goodtime Media"
6615165,2,5660560,70D91A6F7F1DE0DFF634A545502DB83E3A67B45C,90249527151,1,2026-07-31 02:21:01,4,1,"{7,24,24,24,24,24,24,24,24,24,23,24,24,24,24,24,24,24,24,23,25,24,24,24,25,24,24,26,24,24,24}","{29,116,111,94,115,110,95,90,86,96,103,99,121,120,113,96,108,107,100,105,104,83,95,91,87,105,112,88,62,68,66}","Тайные истины / Verdades Secretas / 1 сезон / Серии: 001-050 (050) (Мауро Мендонса Фильо) [2015, Бразилия, триллер, драма, мелодрама, WEBRip 1080p]"
6615897,2,5660560,55F10AC798B0E63D617491545106907306BAAB2D,79737481306,1,2026-07-31 02:21:01,3,3,"{7,24,24,24,24,24,24,24,24,24,23,24,24,24,24,24,24,24,24,23,25,24,24,24,25,24,24,26,24,24,24}","{21,72,68,69,75,79,123,79,79,80,63,64,58,56,62,75,84,90,112,66,60,60,55,81,90,89,86,89,80,81,67}","Справедливость / Justica / Сезон 1-2 / Серии: 001-044 (044) (Хосе Луис Вильямарим) [2016, Бразилия, Триллер, драма, WEB-DL 1080p]"
6620055,2,5660560,E29137EDBC2B552786BA1DC256673A4A81D282F4,157084726589,1,2026-07-31 02:21:01,1,1,"{7,24,24,24,24,24,24,24,24,24,23,24,24,24,24,24,24,24,24,23,25,24,24,24,25,24,24,26,24,24,24}","{7,29,25,28,29,29,6,17,18,25,11,24,8,17,24,24,14,16,31,22,17,18,17,20,27,13,26,24,20,27,20}","Пересечение / Travessia / Серии: 001-080 (080) (Мауру Мендонса Филью) [2022, Бразилия, Мелодрама, Драма, WEB-DL 1080p] MVO Goodtime Media"
6639723,2,5660560,B2CB4A38D68BA80770E714E6A93078315A91E9F6,125164121552,1,2026-07-31 02:21:01,2,2,"{7,24,24,24,24,24,24,24,24,24,23,24,24,24,24,24,24,24,24,23,25,24,24,24,25,24,24,26,24,24,24}","{17,51,56,52,71,75,73,74,65,75,61,50,45,38,53,41,59,72,83,72,66,53,44,54,51,42,61,72,59,68,68}","Какао / Cacau / Серии: 001 - 146 (146) (Рикарду Каррейра, Эдгар Миранда) [2024, Португалия, Мелодрама, WEB-DLRip 720p] MVO"
6643185,2,5660560,0198187B578180C07920AD4FD210079539A84054,84317115439,1,2026-07-31 02:21:01,3,2,"{7,24,24,24,24,24,24,24,24,24,23,24,24,24,24,24,24,24,24,23,25,24,24,24,25,24,24,26,24,24,24}","{21,63,66,75,72,71,45,59,77,73,59,70,43,42,62,91,88,88,103,80,69,66,71,69,78,61,77,70,58,77,69}","Все цветы / Todas as Flores / Серии: 01-85 из 85 (Андре Камара, Карлос Араужо) [2022–2023, Бразилия, драма, мелодрама, WEB-DLRip 720p] MVO Goodtime Media"
6687635,2,5660560,8407EB284CCAE2ED04182E967B2DF38F35A1DD99,132394738493,1,2026-07-31 02:21:01,5,1,"{7,24,24,24,24,24,24,24,24,24,23,24,24,24,24,24,24,24,24,23,25,24,24,24,25,24,24,26,24,24,24}","{28,98,101,80,91,100,114,84,119,90,96,87,88,134,140,85,96,125,117,72,105,79,98,79,111,147,141,160,153,105,123}","Богатые тоже плачут / Los Ricos tambien lloran / Серии: 001-248 (248) (Рафаэль Банкельс, Фернандо Чакон) [1979-1980, Мексика, Теленовелла, WEB-DLRip 720p] MVO (Элегия-фильм) + Dub (Гостелерадио)"
6699173,2,5660560,606289AFA0DA03B54E373EC944C88B589403F139,84580528569,1,2026-07-31 02:21:01,2,1,"{7,24,24,24,24,24,24,24,24,24,23,24,24,24,24,24,24,24,24,23,25,24,24,24,25,24,24,26,24,24,24}","{16,72,64,75,70,73,73,77,77,78,79,99,82,87,78,76,73,83,74,85,104,74,75,71,90,107,134,116,84,75,63}","Тайные истины / Verdades Secretas / 2 сезон / Серии: 01-50 (50) (Мауро Мендонича Филхо, Андре Баррош, Андре Фелипе Биндер) [2021, Бразилия, триллер, драма, мелодрама, дет, WEBRip 1080p] MVO (AveBrasil) + Original (Pt)"
6714542,2,5660560,66131FB585AC744BD92E8C4184D4E0CB0DA7A2B9,488232278252,1,2026-07-31 02:21:01,7,0,"{7,24,24,24,24,24,24,24,24,24,23,24,24,24,24,24,24,24,24,23,25,24,24,24,25,24,24,26,24,24,24}","{47,181,167,157,170,165,162,151,139,114,137,138,143,137,153,147,115,115,122,100,123,107,121,131,159,152,128,189,152,135,140}","Клон / O Clone / Серии: 001-250 (250) (Жайме Монжардим) [2001, Бразилия, Телоновелла, WEB-DLRip 1080p] MVO (Первый Канал)"
6726712,2,8969150,F1F67DC80A762C9953109DBFB48DC6E2EF621507,133190433579,1,2026-07-31 02:21:01,3,3,"{7,24,24,24,24,24,24,24,24,24,23,24,24,24,24,24,24,24,24,23,25,24,24,24,25,24,24,26,24,24,24}","{21,74,68,69,76,73,71,101,114,107,94,89,97,91,86,88,84,79,115,114,109,105,108,122,121,112,132,139,116,123,114}","Семейные узы / La&#231;os de Fam&#237;lia / Серии: 1-150 из 150 (Рикарду Ваддингтон / Ricardo Waddington) [2000, Бразилия, драма, мелодрама, WEB-DLRip 720p] MVO (ОРТ)"
6726872,2,5660560,53022D37FD242DFBDF481E7DAE8E0030052EBF23,309462072816,1,2026-07-31 02:21:01,2,1,"{7,24,24,24,24,24,24,24,24,24,23,24,24,24,24,24,24,24,24,23,25,24,24,24,25,24,24,26,24,24,24}","{23,87,93,86,53,54,31,41,39,48,33,63,60,56,62,78,81,78,96,76,74,65,62,63,57,43,55,46,43,47,41}","Дороги Индии / Caminho das Indias / Серии: 001-160 (160) (Маркос Шехтман) [2009, Бразилия, Теленовелла, WEB-DLRip 1080p] MVO (Русский Дубляж)"
6734144,2,5660560,BD9DBF37E19C9B4A95FA6770F9868693E31532C4,41927182427,1,2026-07-31 02:21:01,3,1,"{7,24,24,24,24,24,24,24,24,24,23,24,24,24,24,24,24,24,24,23,25,24,24,24,25,24,24,26,24,24,24}","{26,80,83,79,76,80,61,65,62,69,56,68,53,83,89,84,91,74,91,84,75,79,75,69,84,75,87,68,65,71,76}","Секрет Тропиканки / Mulheres de Areia / Серии: 001-130 (130) (Вольф Майа) [1993, Бразилия, Теленовелла, WEB-DLRip] MVO (ОРТ)"
6738818,2,5660560,E9EC4298E1646A97053F3A57C76E8A0BD6D3F983,7123195857,1,2026-07-31 02:21:01,2,2,"{7,24,24,24,24,24,24,24,24,24,23,24,24,24,24,24,24,24,24,23,25,24,24,24,25,24,24,26,24,24,24}","{18,53,44,46,50,54,31,41,45,49,36,55,34,38,38,44,41,39,58,62,46,43,37,39,49,43,53,45,43,48,42}","Фаворитка / A Favorita / Серии: 001-005 (160) (Рикарду Ваддингтон) [2008, Бразилия, Триллер, драма, детектив, WEB-DLRip 720p] MVO (Домашний) + Dub (Spa)"
6780744,2,5660560,7D9EC19A5678C5B9AFCA97301694F1EDB9E8753D,206163111813,1,2026-07-31 02:21:01,3,1,"{7,24,24,24,24,24,24,24,24,24,23,24,24,24,24,24,24,24,24,23,25,24,24,24,25,24,24,26,24,24,24}","{28,89,95,114,88,84,68,65,79,85,79,72,64,78,87,88,61,64,87,72,79,83,96,94,112,109,97,91,88,96,90}","Новая Жертва / A proxima Vitima / Серии: 001-140 (140) (Рожериу Гомеш, Жорже Фернанду, Марсело Травессо, Роберту Жабор, Алешандре Бори) [1995, Бразилия, триллер, драма, мелодрама, криминал, WEB-DLRip 720p] MVO (ОРТ - Студия &quot;Наследие&quot;)"
6798503,2,53121511,1A4766676FA1D4895427BCBEE2CFD2A2468B8DDE,154562075198,1,2026-07-31 02:21:01,2,2,"{7,24,24,24,24,24,24,24,24,24,23,24,24,24,24,24,24,24,24,23,25,24,24,24,25,24,24,26,24,24,24}","{14,54,50,61,65,63,34,43,53,61,47,76,67,72,80,79,77,78,89,80,79,75,72,77,85,75,89,64,52,61,55}","Запретная любовь / Carissima / Серии: 1-103 из 103 (Otto Rodr&#237;guez) [2001, Венесуэла, Теленовелла, WEBRip 1080p]"
6846019,2,5660560,C332E9A4684BED0825AF441EB48758BFF97613B9,183445304208,1,2026-07-31 02:21:01,1,1,"{7,24,24,24,24,24,24,24,24,24,23,24,24,24,24,24,24,24,24,23,25,24,24,24,25,24,24,26,24,24,24}","{8,48,50,63,51,39,28,29,31,52,52,45,30,55,67,50,27,32,42,62,45,54,19,28,40,22,55,42,39,52,24}","Всё дозволено / Vale Tudo / Серии: 001-173 (173) (Паулу Силвестрини) [2025, Бразилия, драма, WEBRip 1080p] MVO (Greb&amp;CGC)"
6856414,2,53121511,2EC407E5ACC89614D899A3CBF6C5DA297AC94963,181873625925,1,2026-07-31 02:21:01,2,2,"{7,24,24,24,24,24,24,24,24,24,23,24,24,24,24,24,24,24,24,23,25,24,24,24,25,24,24,26,24,24,24}","{14,54,50,56,65,69,35,53,55,75,73,81,70,73,80,79,77,78,89,80,77,73,71,77,85,74,78,59,51,60,57}","Магия любви / Aunque me cueste la vida / Серии: 1-126 из 126 (Olegario Barrera) [1998, Венесуэла, Теленовелла, WEBRip 1080p]"
