topic_id,reg_time,topic_poster,info_hash,tor_size_bytes,keeping_priority,seeder_last_seen,seeders,keeper_seeders,average_seeds_count,average_seeds_sum,topic_title
257764,2,159859,86CECF8810646459CA6818C4CD25CB805B5774B2,427716932,1,2026-07-31 02:21:01,5,3,"{7,24,24,24,24,24,24,24,24,24,23,24,24,24,24,24,24,24,24,23,25,24,24,24,25,24,24,26,24,24,24}","{29,104,109,111,99,93,85,84,100,94,90,89,88,86,88,96,89,89,94,92,100,90,86,92,100,92,105,106,95,95,88}",(Gothic Metal) Mandragora Scream - A Whisper Of Dew (2003) [APE (image + .cue)]
267861,8,237284,A52DBE290D6D01ABCB045A0E201313FB407B4F1A,290226292,1,2026-07-31 02:21:01,4,3,"{7,24,24,24,24,24,24,24,24,24,23,24,24,24,24,24,24,24,24,23,25,24,24,24,25,24,24,26,24,24,24}","{33,108,103,99,96,91,91,82,90,94,88,96,94,82,76,74,67,68,91,85,86,74,66,77,77,87,91,91,70,77,71}","(Instrumental Metal/Tribute/Symphonic) The Scorced Earth Orchestra - Metallica's Master of Puppets - 2006, FLAC (image + .cue), lossless"
282944,8,33690293,E8A1DF09D22A9A7B249441F95BCE221DC75EFE46,737106925,1,2026-07-31 02:21:01,5,3,"{7,24,24,24,24,24,24,24,24,24,23,24,24,24,24,24,24,24,24,23,25,24,24,24,25,24,24,26,24,24,24}","{34,122,124,115,91,93,90,85,99,117,91,104,133,123,132,110,121,115,85,77,88,70,71,72,94,90,101,103,97,87,88}","(Death-Doom-Gothic Metal) Sirrah - Дискография, lossless"
291648,2,79528,DF63C45ED90174F74992E9A9F7BF51188D143A7E,960387326,1,2026-07-31 02:21:01,3,3,"{7,24,24,24,24,24,24,24,24,24,23,24,24,24,24,24,24,24,24,23,25,24,24,24,25,24,24,26,24,24,24}","{23,80,74,77,65,59,56,64,61,68,61,72,57,55,64,69,62,61,71,69,73,71,68,70,75,71,85,76,64,73,73}","(Gothic Metal) Lullacry - 2001,2003,2005 APE (image + .cue)"
314377,8,911323,B6E81EBF1C3E3BC68B7ED5F17FF896400C65FDD3,2943149093,1,2026-07-31 02:21:01,5,4,"{7,24,24,24,24,24,24,24,24,24,23,24,24,24,24,24,24,24,24,23,25,24,24,24,25,24,24,26,24,24,24}","{35,120,122,119,110,105,111,108,124,116,101,109,104,112,117,112,117,134,121,106,115,103,102,109,112,107,128,121,111,109,110}","(Gothic Alternative) Lacuna Coil Дискография 1997-2006 FLAC (image + .cue), lossless"
325761,2,172266,08923D033A5A0511EF79B697D6BCCC9E9BA7439B,377212026,1,2026-07-31 02:21:01,4,3,"{7,24,24,24,24,24,24,24,24,24,23,24,24,24,24,24,24,24,24,23,25,24,24,24,25,24,24,26,24,24,24}","{27,93,86,84,71,63,60,69,74,81,61,72,69,68,78,81,74,74,83,77,87,80,76,79,86,83,90,98,80,92,95}","(Symphonic Metal) Angtoria - God Has A Plan For Us All - 2006, APE (image + .cue)"
355436,8,2447,26DC3AB2276F1AAB22406D6E61AFC6F0C4AB6A0C,1105115359,1,2026-07-31 02:21:01,5,4,"{7,24,24,24,24,24,24,24,24,24,23,24,24,24,24,24,24,24,24,23,25,24,24,24,25,24,24,26,24,24,24}","{36,155,137,127,105,136,117,138,140,142,125,134,156,106,117,125,121,127,127,137,134,120,105,116,115,111,171,146,115,117,125}","(Gothic Metal/Rock) Charon - 4 альбома, APE/FLAC (image + .cue), lossless"
362851,8,939155,A91E235B36436B0A176BD6C5A15F66A484FE66A2,3450960986,1,2026-07-31 02:21:01,11,3,"{7,24,24,24,24,24,24,24,24,24,23,24,24,24,24,24,24,24,24,23,25,24,24,24,25,24,24,26,24,24,24}","{82,257,243,237,194,275,283,218,274,270,233,241,281,239,232,238,266,297,335,278,264,267,222,257,288,246,230,256,207,234,249}","(Gothic, Alternative, Doom and other) Type O Negative - Discography 1991-2007 lossless"
366612,2,172266,DD9B93200C58185C37E029583832208640BFC93A,357196668,1,2026-07-31 02:21:01,7,4,"{7,24,24,24,24,24,24,24,24,24,23,24,24,24,24,24,24,24,24,23,25,24,24,24,25,24,24,26,24,24,24}","{48,155,162,153,135,137,144,141,130,128,132,132,143,158,143,140,173,144,150,166,189,158,142,102,109,117,129,135,114,118,121}","(Gothic Metal) Autumn - My New Time - 2007, APE (image + .cue), lossless"
371271,2,1138583,B9D95C2E527B9A6FB163CD6ABF376685DCFCA4F8,601171253,1,2026-07-31 02:21:01,7,5,"{7,24,24,24,24,24,24,24,24,24,23,24,24,24,24,24,24,24,24,23,25,24,24,24,25,24,24,26,24,24,24}","{54,176,168,132,145,140,155,151,151,150,126,119,111,119,129,117,133,133,134,131,140,133,151,152,172,161,170,174,148,159,153}","(Gothic) Scream Silence - Aphelia - 2007, APE (image + .cue), lossless"
383052,2,483814,FE226E314071F0C3CC3D856A3D41DC92D608F1D1,6202036362,1,2026-07-31 02:21:01,13,5,"{7,24,24,24,24,24,24,24,24,24,23,24,24,24,24,24,24,24,24,23,25,24,24,24,25,24,24,26,24,24,24}","{84,305,330,360,327,327,302,308,324,346,310,341,364,319,299,301,283,305,319,322,327,295,267,299,341,307,309,395,387,366,320}","(Gothic Metal) Lacrimosa - Discography (Дискография из 20 Альбомов и Синглов) - 1991-2007, APE (image + .cue), lossless"
390047,2,775965,A11C3991855750CFC7BA3445B2D150D82B00099E,391900751,1,2026-07-31 02:21:01,4,3,"{7,24,24,24,24,24,24,24,24,24,23,24,24,24,24,24,24,24,24,23,25,24,24,24,25,24,24,26,24,24,24}","{26,82,86,77,69,70,65,64,62,75,66,73,64,71,70,67,66,67,72,69,79,69,66,80,83,79,85,83,67,72,67}","(Atmospheric Gothic Metal) Mandragora Scream-Madhouse - 2006, APE (image + .cue)"
398019,2,325325,F419038C156353EE984FAD95C606D176068A16F1,320567512,1,2026-07-31 02:21:01,7,3,"{7,24,24,24,24,24,24,24,24,24,23,24,24,24,24,24,24,24,24,23,25,24,24,24,25,24,24,26,24,24,24}","{44,186,181,171,177,179,149,154,139,158,136,168,156,199,138,135,154,140,145,157,205,150,150,149,144,146,157,150,152,175,153}","(Gothic Metal) For My Pain - Fallen - 2003, FLAC (image + .cue), lossless"
403526,2,483814,3690052AEAB3273D660AFCB445275FADFFF2E556,280931364,1,2026-07-31 02:21:01,4,3,"{7,24,24,24,24,24,24,24,24,24,23,24,24,24,24,24,24,24,24,23,25,24,24,24,25,24,24,26,24,24,24}","{31,96,93,89,72,72,73,76,77,84,78,91,72,68,84,88,81,81,94,82,86,80,79,82,92,86,89,93,87,71,63}","(Gothic Metal) Eisheilig - Elysium - 2006, APE (image + .cue), lossless"
407343,2,1138583,7219A8FF4D645ECB853C5EE6FFE0D433424F14E8,752639380,1,2026-07-31 02:21:01,4,3,"{7,24,24,24,24,24,24,24,24,24,23,24,24,24,24,24,24,24,24,23,25,24,24,24,25,24,24,26,24,24,24}","{30,106,104,98,81,76,90,88,92,94,87,94,91,93,93,95,96,98,108,93,102,87,82,88,99,91,107,107,90,95,90}","(Gothic) Scream Silence - To Die For - 1999, The 2nd - 2000, APE (image + .cue), lossless"
412901,2,483814,8B243D833146E41D6073A8AF32F105E3F200786C,349240302,1,2026-07-31 02:21:01,4,3,"{7,24,24,24,24,24,24,24,24,24,23,24,24,24,24,24,24,24,24,23,25,24,24,24,25,24,24,26,24,24,24}","{33,110,112,94,77,79,79,79,84,90,84,89,81,79,88,93,85,85,95,87,97,79,82,83,92,86,90,102,93,87,87}","(Industrial Dark Metal) DIE! - Manche Bluten Ewig - 2005, APE (image + .cue), lossless"
421023,8,172266,478F2BC28C08D036A84A24076E3C750B3E60D8E1,4713324684,1,2026-07-31 02:21:01,5,4,"{7,24,24,24,24,24,24,24,24,24,23,24,24,24,24,24,24,24,24,23,25,24,24,24,25,24,24,26,24,24,24}","{35,143,149,144,114,100,80,93,101,94,101,140,130,114,99,99,88,104,131,106,110,109,114,134,139,134,150,183,143,128,129}","(doom, gothic, death) Crematory - Дискография (1993-2009), APE, FLAC (image + .cue), lossless"
422232,2,950377,0487AC302C7FC54265F2E8F7EC3B727E7D3F31DB,2368888263,1,2026-07-31 02:21:01,8,3,"{7,24,24,24,24,24,24,24,24,24,23,24,24,24,24,24,24,24,24,23,25,24,24,24,25,24,24,26,24,24,24}","{57,201,203,195,173,181,163,144,147,151,146,169,150,144,144,140,149,166,159,156,152,111,118,124,151,153,137,134,140,142,183}","(Gothic Metal) Leaves' Eyes- Дискография - 2009, Flac (tracks + .cue), lossless"
493961,8,33690293,4A35E8B29783C84134CEEE7572AA5B1C997FD70B,311463092,1,2026-07-31 02:21:01,4,3,"{7,24,24,24,24,24,24,24,24,24,23,24,24,24,24,24,24,24,24,23,25,24,24,24,25,24,24,26,24,24,24}","{28,98,98,97,82,82,84,82,86,74,72,69,57,55,64,69,62,61,71,77,78,71,65,70,75,71,84,76,63,66,63}","(Industrial/Gothic Metal) Gothminister - Empire Of Dark Salvation - 2005, APE (image + .cue), lossless"
541362,2,1041318,06224F43CAAD004979D6866D7DD9F7D9EA8C10AE,429674288,1,2026-07-31 02:21:01,5,4,"{7,24,24,24,24,24,24,24,24,24,23,24,24,24,24,24,24,24,24,23,25,24,24,24,25,24,24,26,24,24,24}","{38,129,129,121,104,110,97,105,107,103,92,98,94,96,96,98,98,101,106,104,109,104,103,103,101,100,108,130,103,104,110}","(Gothic Metal) Macbeth - Vanitas - 2001, APE (image + .cue), lossless"
555359,8,172266,0E34D0803E65BD6B8031BCD67A2E20CA2B75A05C,1953772599,1,2026-07-31 02:21:01,3,3,"{7,24,24,24,24,24,24,24,24,24,23,24,24,24,24,24,24,24,24,23,25,24,24,24,25,24,24,26,24,24,24}","{23,112,98,99,83,79,73,88,91,92,78,87,85,82,91,92,93,94,103,88,99,88,74,89,98,91,104,101,87,93,90}","(Gothic Doom Metal) Cemetery Of Scream - дискография 1993-2006, APE (image + .cue)"
570138,2,44529,AB2F320F8745C91DE2D6A4E95670A919845DF153,220164534,1,2026-07-31 02:21:01,3,3,"{7,24,24,24,24,24,24,24,24,24,23,24,24,24,24,24,24,24,24,23,25,24,24,24,25,24,24,26,24,24,24}","{23,93,88,89,71,71,65,72,79,69,70,84,72,71,79,84,75,80,86,70,77,77,74,69,88,82,84,86,77,79,79}","(Gothic Metal) Theatre of Tragedy - A Rose for the Dead - 1997, APE (image + .cue), lossless"
572540,2,44529,2380888C0EFBFA563BA284C4404DA3399EE89BEF,392478379,1,2026-07-31 02:21:01,4,3,"{7,24,24,24,24,24,24,24,24,24,23,24,24,24,24,24,24,24,24,23,25,24,24,24,25,24,24,26,24,24,24}","{28,98,96,92,77,78,82,80,84,90,84,96,81,79,88,93,85,85,95,87,97,77,85,83,92,86,91,102,92,89,87}","(Gothic Metal) Theatre of Tragedy - Shape CD, Inperspective - 1999, 2000 APE (image + .cue), lossless"
582258,2,172266,D514253C0587B4442DAA036C56393E7F829A9DFE,419040138,1,2026-07-31 02:21:01,8,4,"{7,24,24,24,24,24,24,24,24,24,23,24,24,24,24,24,24,24,24,23,25,24,24,24,25,24,24,26,24,24,24}","{53,194,188,180,183,176,168,183,175,178,179,176,168,176,182,192,180,183,184,164,185,155,166,177,174,172,185,191,179,176,185}","(Gothic Metal) Lacuna Coil - Within Me - 2007, APE (image + .cue), lossless"
595307,2,680317,AD2C596B86E5818DE48B2EF4905DFE83453F2AD8,1515609198,1,2026-07-31 02:21:01,8,3,"{7,24,24,24,24,24,24,24,24,24,23,24,24,24,24,24,24,24,24,23,25,24,24,24,25,24,24,26,24,24,24}","{49,173,166,163,129,127,98,108,124,138,126,122,135,135,130,125,124,115,113,139,115,119,110,98,131,112,132,121,100,109,104}","(Melodic Gothic /Folk Metal) Antichrisis - Три Альбома 1997-2001 - APE, FLAC (image + .cue), lossless"
601507,2,1840441,78C9D70BBB83E394E2737120F6AA09A8C56A70D1,1035776284,1,2026-07-31 02:21:01,9,3,"{7,24,24,24,24,24,24,24,24,24,23,24,24,24,24,24,24,24,24,23,25,24,24,24,25,24,24,26,24,24,24}","{57,180,181,148,160,147,153,159,151,118,119,148,139,154,138,130,138,118,144,134,137,116,118,124,135,141,142,156,130,146,138}","(Symphonic Gothic Metal) Inner Shrine - Discography (1997-2004), FLAC (image +.cue), lossless"
605560,2,1840441,72B2DADCADD15748076F2E44646FF08DA90BB962,2401529390,1,2026-07-31 02:21:01,8,3,"{7,24,24,24,24,24,24,24,24,24,23,24,24,24,24,24,24,24,24,23,25,24,24,24,25,24,24,26,24,24,24}","{56,180,156,169,165,155,153,166,155,144,116,126,138,120,127,134,143,129,149,150,146,131,130,136,137,119,128,130,112,121,116}","(Gothic/Doom Metal) Ashes You Leave - Discography (1998-2012) 6 CD, FLAC (image+.cue), lossless"
617283,2,454829,3CCDB930FF5864DEB22DA1432DA14DD69F8DBAE8,513477338,1,2026-07-31 02:21:01,3,3,"{7,24,24,24,24,24,24,24,24,24,23,24,24,24,24,24,24,24,24,23,25,24,24,24,25,24,24,26,24,24,24}","{23,80,74,78,66,60,55,64,64,68,61,83,74,55,65,72,61,62,71,77,74,71,68,71,75,83,90,97,66,67,67}","(Gothic Metal) Macbeth - Superangelic Hate Bringers - 2007, APE (image+.cue), lossless"
626606,2,1840441,326185633E3945A31D9965BB269E00CC2BD33314,1088860419,1,2026-07-31 02:21:01,5,3,"{7,24,24,24,24,24,24,24,24,24,23,24,24,24,24,24,24,24,24,23,25,24,24,24,25,24,24,26,24,24,24}","{38,147,151,131,120,130,106,125,112,125,109,121,124,135,126,119,129,122,139,142,144,118,121,124,130,126,129,147,119,138,120}","(Gothic Metal) Theatre of Tragedy - 3 CD box-set - 2004, FLAC (image+.cue), lossless"
627442,2,423846,4F143775D50D21F37E20AA39DFAA368E7AC80C02,305374101,1,2026-07-31 02:21:01,5,3,"{7,24,24,24,24,24,24,24,24,24,23,24,24,24,24,24,24,24,24,23,25,24,24,24,25,24,24,26,24,24,24}","{30,112,103,106,96,97,85,100,109,96,94,93,98,94,101,89,96,85,79,92,103,94,91,91,96,94,97,106,94,100,98}","(doom metal) Olemus - Bitter Tears - 1996, APE (image + .cue), lossless"
656783,8,529,F7DA1F6CF3C6C759FD4A23D548D78059AB6EC651,2361119021,1,2026-07-31 02:21:01,5,3,"{7,24,24,24,24,24,24,24,24,24,23,24,24,24,24,24,24,24,24,23,25,24,24,24,25,24,24,26,24,24,24}","{38,141,134,113,100,112,83,128,110,119,95,120,113,108,80,82,77,69,59,87,102,104,94,91,98,97,120,123,95,95,91}","(Atmospheric Gothic Doom / Symphonic Gothic Metal) Silentium - Дискография - 1999-2008, 6 CD, APE (image+.cue), FLAC (image+.cue), lossless"
658071,8,1907257,EE0B8FCAFC5082077D82911F94C8DE35E4897B58,359750851,1,2026-07-31 02:21:01,4,4,"{7,24,24,24,24,24,24,24,24,24,23,24,24,24,24,24,24,24,24,23,25,24,24,24,25,24,24,26,24,24,24}","{28,109,102,92,77,74,82,85,93,98,85,96,84,94,96,93,96,94,105,94,102,87,86,91,95,86,92,105,92,87,87}","(Gothic Metal) Sunterra - Lost Time - 2003, APE (image + .cue)"
671774,2,1840441,231F4EA8233EFF972AD525F5DCAA3A2E9CCDF288,2996403967,1,2026-07-31 02:21:01,7,4,"{7,24,24,24,24,24,24,24,24,24,23,24,24,24,24,24,24,24,24,23,25,24,24,24,25,24,24,26,24,24,24}","{48,169,174,154,148,141,135,142,136,128,129,135,156,152,145,142,150,133,139,144,163,141,139,149,154,157,163,170,155,169,149}","(Symphonic Gothic Metal) Aesma Daeva - Discography (1999-2008) 7 CD, FLAC (image+.cue), lossless"
685831,2,1838383,2C0D909385C79174AEC879FC7C65488C6D6731FC,401743157,1,2026-07-31 02:21:01,3,3,"{7,24,24,24,24,24,24,24,24,24,23,24,24,24,24,24,24,24,24,23,25,24,24,24,25,24,24,26,24,24,24}","{23,80,74,77,65,58,57,64,64,68,59,70,57,55,64,69,61,61,71,75,77,71,67,71,75,71,85,76,67,65,63}","(Gothic Metal) Beseech - Souls Highway - 2002, APE (image + .cue), lossless"
690948,2,831638,B1EF6F3B5D2F5FBFBA4797B9B21E72D88B228FDD,725540313,1,2026-07-31 02:21:01,4,3,"{7,24,24,24,24,24,24,24,24,24,23,24,24,24,24,24,24,24,24,23,25,24,24,24,25,24,24,26,24,24,24}","{31,91,93,93,86,72,85,83,79,86,87,93,75,68,87,92,95,83,95,84,84,75,87,84,94,97,92,93,89,84,97}","(Dark medieval ambient) Mortiis - Crypt of the wizard, The Stargate, APE (image + .cue), lossless"
704872,2,1840441,EA6FAA4FECCFFC4346526C9AB776A47B74FFE85B,473007098,1,2026-07-31 02:21:01,7,3,"{7,24,24,24,24,24,24,24,24,24,23,24,24,24,24,24,24,24,24,23,25,24,24,24,25,24,24,26,24,24,24}","{47,176,190,200,215,201,162,186,192,175,174,191,202,199,216,221,193,189,210,198,206,166,150,166,185,145,180,203,183,187,220}","(Atmospheric Melancholic Gothic Metal) Decoryah - Wisdom Floats - 1995, FLAC (image +.cue), lossless"
708192,8,177422,0B0994C2DFCBEDD5633DE602EC3FD0AF2A5F3F58,83227699,1,2026-07-31 02:21:01,3,3,"{7,24,24,24,24,24,24,24,24,24,23,24,24,24,24,24,24,24,24,23,25,24,24,24,25,24,24,26,24,24,24}","{22,98,118,101,94,85,78,67,103,105,106,104,82,107,96,103,108,97,99,92,107,83,91,100,113,111,111,107,87,86,92}","(Gothic/Doom Metal) Memorium - Memorium [EP] - 1994, APE (image + .cue), lossless"
708236,2,44529,8AEDC054FEEABA78C1D49C9ACAAB4DF876488CFF,443349742,1,2026-07-31 02:21:01,6,3,"{7,24,24,24,24,24,24,24,24,24,23,24,24,24,24,24,24,24,24,23,25,24,24,24,25,24,24,26,24,24,24}","{47,158,157,166,139,141,122,118,141,131,103,123,107,135,135,143,128,140,144,130,164,111,101,131,147,116,141,125,119,116,128}","(Atmospheric Gothic Metal) Decoryah - Fall-Dark Waters, Breathing the Blue - 1996, 1997 APE (image + .cue), lossless"
719018,2,2100554,13D5B9E53DD2C2C8011144FF9AA57D8D61B3B046,505561947,1,2026-07-31 02:21:01,5,3,"{7,24,24,24,24,24,24,24,24,24,23,24,24,24,24,24,24,24,24,23,25,24,24,24,25,24,24,26,24,24,24}","{35,128,121,113,82,78,75,83,89,93,88,96,81,82,88,91,92,89,105,92,99,80,83,85,89,87,95,101,86,85,87}","(Rock) Letzte Instanz - kalter glanz - 2001, APE (image + .cue), lossless"
722422,2,248760,2B1075C2F0FDEAD6BE613ABCD4E85A3663AFAD61,361088343,1,2026-07-31 02:21:01,5,4,"{7,24,24,24,24,24,24,24,24,24,23,24,24,24,24,24,24,24,24,23,25,24,24,24,25,24,24,26,24,24,24}","{35,120,120,94,93,87,79,97,108,95,84,94,81,96,88,93,88,85,97,87,98,78,84,82,92,86,90,102,92,90,87}","(Space Gothic Metal) Havayoth - His Creation Reversed - 2000, FLAC (image + .cue), lossless"
729565,2,2576088,796BE63109FCA4C434D967946DAF2E3CFC5BF811,421040313,1,2026-07-31 02:21:01,3,3,"{7,24,24,24,24,24,24,24,24,24,23,24,24,24,24,24,24,24,24,23,25,24,24,24,25,24,24,26,24,24,24}","{23,80,75,77,65,62,56,64,64,68,61,74,64,55,76,69,71,72,74,77,95,69,68,70,75,71,86,94,78,79,87}","(Death / Atmospheric / Gothic Metal) EverEve - Stormbirds - 1998, FLAC (image + .cue), lossless"
732578,8,1943548,78FC2B4CCFA70A4D874758B68A8E350651D90899,494381811,1,2026-07-31 02:21:01,6,3,"{7,24,24,24,24,24,24,24,24,24,23,24,24,24,24,24,24,24,24,23,25,24,24,24,25,24,24,26,24,24,24}","{40,140,137,120,95,97,83,80,73,88,80,87,71,64,74,85,75,94,97,84,87,73,82,75,90,87,99,81,83,79,80}","(Symphonic Gothic Metal) Within Temptation - The Silent Force (Premium Version) - 2004, APE (image + .cue), lossless"
735355,8,293481,54115FD3ACDA526845B1A99C81A906ACE16D9147,349636119,1,2026-07-31 02:21:01,6,3,"{7,24,24,24,24,24,24,24,24,24,23,24,24,24,24,24,24,24,24,23,25,24,24,24,25,24,24,26,24,24,24}","{39,137,107,108,100,103,125,99,116,98,94,97,100,92,94,73,70,86,62,85,98,77,83,85,78,94,94,122,71,77,94}","(Avant-Garde/Horror Atmospheric/Gothic/Doom Metal) The Equinox ov the Gods - Fruits &amp; Flowers of the Spectral Garden - 1997, FLAC (tracks), lossless"
740214,2,2679965,9B35B2054E35AB8CB245D6E0EE0F99A4D65AAD11,345798633,1,2026-07-31 02:21:01,3,3,"{7,24,24,24,24,24,24,24,24,24,23,24,24,24,24,24,24,24,24,23,25,24,24,24,25,24,24,26,24,24,24}","{26,83,81,78,68,62,58,65,65,76,66,81,61,57,70,71,64,62,84,71,80,74,75,77,75,81,85,81,68,67,69}","(Gothic Metal) The Wounded - Atlantic - 2004, APE (image + .cue), lossless"
746015,2,1840441,86AF7AB09CA608AC382B95C1BA2DB88AC2743F2C,1977984502,1,2026-07-31 02:21:01,7,3,"{7,24,24,24,24,24,24,24,24,24,23,24,24,24,24,24,24,24,24,23,25,24,24,24,25,24,24,26,24,24,24}","{57,230,210,182,164,163,202,199,161,171,165,177,194,176,160,170,175,163,190,199,204,173,169,184,196,180,214,230,190,184,166}","(Gothic/Doom Metal) [CD] The Foreshadowing - Discography (2007-2023) 5 CD, FLAC (image+.cue), lossless"
751676,2,1840441,4D4DC0D39F977EFAF582E5A6B40689C8036FDC99,2272236626,1,2026-07-31 02:21:01,10,3,"{7,24,24,24,24,24,24,24,24,24,23,24,24,24,24,24,24,24,24,23,25,24,24,24,25,24,24,26,24,24,24}","{55,248,208,191,229,248,247,233,231,230,206,190,265,255,247,220,240,223,234,222,266,197,211,231,227,225,241,260,237,270,252}","(Death Metal | Gothic Metal) [CD] Cemetary - Discography (1992-2005) 7 CD, FLAC (image +.cue), lossless"
754301,2,1840441,A267E9E5C95488A6780DEA3C8ED48648DB675EC9,1785821618,1,2026-07-31 02:21:01,4,3,"{7,24,24,24,24,24,24,24,24,24,23,24,24,24,24,24,24,24,24,23,25,24,24,24,25,24,24,26,24,24,24}","{25,98,87,96,78,70,66,80,76,77,73,86,77,77,84,81,84,81,89,89,97,77,77,83,90,87,96,103,82,85,79}","(Gothic Metal) Chalice - Discography (1998-2006) 5 CD, FLAC (image +.cue), lossless"
764144,2,529,976195A58141548BEB28C3D2FF8BD738BB016172,11701442138,1,2026-07-31 02:21:01,5,4,"{7,24,24,24,24,24,24,24,24,24,23,24,24,24,24,24,24,24,24,23,25,24,24,24,25,24,24,26,24,24,24}","{36,106,96,102,100,93,99,101,100,92,86,96,105,109,96,91,83,96,112,112,96,84,87,94,108,88,109,102,92,98,103}","(Avantgarde/Post-Punk/Black/Folk Gothic Metal) Samsas Traum - Discography (2000 - 2009), APE (image + .cue), FLAC (image + .cue), lossless"
775248,2,1441927,2EF62A6C86719A0474B6659C8C3EBC992D027393,326368820,1,2026-07-31 02:21:01,5,3,"{7,24,24,24,24,24,24,24,24,24,23,24,24,24,24,24,24,24,24,23,25,24,24,24,25,24,24,26,24,24,24}","{38,125,126,122,112,118,104,97,108,96,92,102,97,96,97,96,95,96,95,92,107,90,103,104,113,119,143,147,114,123,135}","(Gothic Metal) The LoveCrave - The Angel And The Rain - 2006, FLAC (image + .cue), lossless"
782566,2,1840441,11091B8D8AE4027103E51EB1869DCDA86D1BEEED,866072660,1,2026-07-31 02:21:01,5,3,"{7,24,24,24,24,24,24,24,24,24,23,24,24,24,24,24,24,24,24,23,25,24,24,24,25,24,24,26,24,24,24}","{32,158,153,155,165,185,158,145,154,153,173,169,216,210,175,153,170,151,166,165,141,142,140,159,166,179,195,231,192,188,209}","(Gothic Metal) [CD] Within Temptation - Collection (1997-2000) 2 CD, FLAC (image+.cue), lossless"
793408,2,2077094,BAF24F19CB1B6C15FC0D817F1C85D507DD47BCDC,928554528,1,2026-07-31 02:21:01,5,3,"{7,24,24,24,24,24,24,24,24,24,23,24,24,24,24,24,24,24,24,23,25,24,24,24,25,24,24,26,24,24,24}","{35,132,124,114,99,108,91,103,91,106,94,103,100,103,94,101,100,96,113,112,130,125,115,124,121,106,118,117,101,93,100}","(Gothic) Mantus - Zeit muss enden - 2005, FLAC (image + .cue)"
794706,2,2077094,50E0C0B607288D43FB0D10557218EF9F89F2035A,272377480,1,2026-07-31 02:21:01,5,4,"{7,24,24,24,24,24,24,24,24,24,23,24,24,24,24,24,24,24,24,23,25,24,24,24,25,24,24,26,24,24,24}","{31,151,135,112,118,101,114,121,101,118,123,114,111,106,98,101,119,122,117,121,107,93,96,110,106,110,103,122,95,119,105}","(Gothic Doom Metal) En-Garde - Comedia De L'arte - 1997, FLAC (image + .cue), lossless"
812679,2,1219212,F1FD0B2A451AE9C66EE6E1D08F6D3122AF963E52,453427284,1,2026-07-31 02:21:01,5,4,"{7,24,24,24,24,24,24,24,24,24,23,24,24,24,24,24,24,24,24,23,25,24,24,24,25,24,24,26,24,24,24}","{35,120,120,112,115,103,92,95,108,96,93,110,106,96,97,97,95,106,98,90,105,91,96,98,103,101,105,105,98,101,103}","(Avant-garde Gothic/Doom Metal) Nox Mortis - 7 Lies - 1999, FLAC (image + .cue), lossless"
814767,2,1840441,FF2CA75D23237DCF91C96A1B15DE7C05B2BA714B,7185938471,1,2026-07-31 02:21:01,9,4,"{7,24,24,24,24,24,24,24,24,24,23,24,24,24,24,24,24,24,24,23,25,24,24,24,25,24,24,26,24,24,24}","{63,213,201,200,157,172,178,143,151,134,139,140,188,182,162,148,161,149,156,180,184,140,106,108,120,123,154,201,136,152,149}","(Gothic Metal) Artrosis - Collection (1997-2002) 16 CD, FLAC (image+.cue), lossless"
830040,2,1840441,D2C1A508107E13095B9ADAD6EEB814BCDE6C8771,520439747,1,2026-07-31 02:21:01,5,4,"{7,24,24,24,24,24,24,24,24,24,23,24,24,24,24,24,24,24,24,23,25,24,24,24,25,24,24,26,24,24,24}","{32,126,119,126,121,108,108,102,94,105,106,103,108,131,117,111,130,99,110,107,123,103,109,101,108,112,114,128,113,106,110}","(Gothic/Doom Metal) Children of a Lesser God - Discography (1995-1996) 2 CD, FLAC (image +.cue), lossless"
830398,2,1840441,D7F9068DE08764F7045B5AB70C8906E446911EA9,379342318,1,2026-07-31 02:21:01,4,3,"{7,24,24,24,24,24,24,24,24,24,23,24,24,24,24,24,24,24,24,23,25,24,24,24,25,24,24,26,24,24,24}","{25,92,87,88,74,69,64,76,73,75,72,80,77,71,76,78,80,70,82,82,94,71,78,72,89,79,87,94,74,78,78}","(Gothic Metal) Mandragora Scream - Fairy Tales from Hell's Caves - 2001, FLAC (image+.cue), lossless"
831343,2,487028,DBA54B9D91B37F00E47FD0F878742D8A9BC8378F,285891167,1,2026-07-31 02:21:01,3,3,"{7,24,24,24,24,24,24,24,24,24,23,24,24,24,24,24,24,24,24,23,25,24,24,24,25,24,24,26,24,24,24}","{23,80,74,77,65,62,57,64,63,68,59,72,57,55,64,69,61,61,71,69,74,70,70,71,75,71,86,76,64,68,63}","(Gothic Metal) Sunterra - Graceful Tunes - 2005, APE (image + .cue), lossless"
836252,2,487028,B8EE41C3C69C32EEB14F96CB1D88B799E47D6032,349409579,1,2026-07-31 02:21:01,3,3,"{7,24,24,24,24,24,24,24,24,24,23,24,24,24,24,24,24,24,24,23,25,24,24,24,25,24,24,26,24,24,24}","{25,91,91,91,75,71,70,80,79,91,80,90,77,71,86,85,80,81,95,80,85,72,77,77,88,79,91,95,84,81,82}","(Operatic Symphonic Metal) Aesma Daeva - The Eros Of Frigid Beauty - 2002, APE (image + .cue), lossless"
848223,2,418404,6859996B570E53DDCC70E910E8951D3B618FB9EF,218483215,1,2026-07-31 02:21:01,5,3,"{7,24,24,24,24,24,24,24,24,24,23,24,24,24,24,24,24,24,24,23,25,24,24,24,25,24,24,26,24,24,24}","{36,98,97,100,98,105,92,95,111,97,95,100,98,100,99,98,100,101,98,108,116,100,95,93,106,96,120,114,88,88,87}","(Gothic Rock) Mizar - A View To A Flower Garden - 2008, APE (image + .cue)"
854473,2,418404,10133E7AC7B555351B567B1714B143DA421E5119,1465735870,1,2026-07-31 02:21:01,5,3,"{7,24,24,24,24,24,24,24,24,24,23,24,24,24,24,24,24,24,24,23,25,24,24,24,25,24,24,26,24,24,24}","{39,105,113,101,86,91,101,109,99,97,92,93,97,101,101,104,96,74,108,93,106,84,89,104,99,102,107,127,99,92,97}","(Melodic Black Metal/Gothic metal) Theatres Des Vampires - The Blackend Collection (4 CD) - 2004, FLAC (image + .cue)"
864472,2,2077094,D019D230E9011A1D3E851B11BFEAF11C0D3C087E,708808986,1,2026-07-31 02:21:01,3,3,"{7,24,24,24,24,24,24,24,24,24,23,24,24,24,24,24,24,24,24,23,25,24,24,24,25,24,24,26,24,24,24}","{22,91,88,89,74,69,67,81,79,81,77,84,73,68,82,83,72,61,71,69,74,67,67,71,75,71,83,76,67,62,63}","(Gothic Metal) Illuminate - 10 X 10 Schwarz + 10 x 10 Weiss (2 CD) - 2003, FLAC (image + .cue)"
865026,2,1745157,3E01CFFC9347DE8090F1A3BCB3FF41DFB2FBDE5D,491261968,1,2026-07-31 02:21:01,4,3,"{7,24,24,24,24,24,24,24,24,24,23,24,24,24,24,24,24,24,24,23,25,24,24,24,25,24,24,26,24,24,24}","{28,96,95,92,76,70,58,82,84,86,80,88,70,79,88,87,73,72,72,90,96,92,88,83,92,87,110,105,95,97,93}","(Gothic Metal) To/Die/For - Epilogue - 2001, APE (image + .cue), lossless"
899573,2,1840441,103C9CD98B30903EF1C52C3B4DDAF12F075254D3,1001084414,1,2026-07-31 02:21:01,4,3,"{7,24,24,24,24,24,24,24,24,24,23,24,24,24,24,24,24,24,24,23,25,24,24,24,25,24,24,26,24,24,24}","{28,92,83,88,74,71,67,75,72,72,70,80,77,72,76,78,80,70,91,82,92,69,89,90,89,79,87,95,83,85,78}","(Gothic Metal) [CD] Myriads - Discography (1999-2002) 2 CD, FLAC (image +.cue), lossless"
899750,2,1840441,3B0E7DDA763827933A29AE3696D9A447B93D86F5,1228293781,1,2026-07-31 02:21:01,11,4,"{7,24,24,24,24,24,24,24,24,24,23,24,24,24,24,24,24,24,24,23,25,24,24,24,25,24,24,26,24,24,24}","{77,317,269,273,253,258,265,256,285,261,272,273,311,273,299,289,279,285,274,277,273,270,249,250,257,295,273,302,315,309,292}","(Dark/Gothic Metal) Dark - Discography (1997-1999) 3 CD, FLAC (image+.cue), lossless"
914086,2,1840441,6CD872057C637D0489E8B92604E1F37BE313867E,971153766,1,2026-07-31 02:21:01,5,3,"{7,24,24,24,24,24,24,24,24,24,23,24,24,24,24,24,24,24,24,23,25,24,24,24,25,24,24,26,24,24,24}","{36,136,145,175,141,136,131,127,106,120,117,119,142,139,101,108,107,92,88,111,122,98,94,100,98,103,108,123,97,101,95}","(Gothic Metal) Mortal Love - 2 albums (2002, 2005), APE (image + .cue), lossless"
916255,2,487028,109AECEDB117EFCAC046DD8E89D08EBC55902334,433351255,1,2026-07-31 02:21:01,4,3,"{7,24,24,24,24,24,24,24,24,24,23,24,24,24,24,24,24,24,24,23,25,24,24,24,25,24,24,26,24,24,24}","{31,102,100,99,84,89,88,82,88,96,85,92,89,95,93,95,91,93,100,91,99,82,88,89,96,93,105,104,90,90,81}","(Gothic/symphonic metal) Aeternitas - La Danse Macabre - 2004, APE (image + .cue), lossless"
916286,2,1840441,148B446BBECFAB4EAFF076B8F60378F3887C0FE0,228775284,1,2026-07-31 02:21:01,5,3,"{7,24,24,24,24,24,24,24,24,24,23,24,24,24,24,24,24,24,24,23,25,24,24,24,25,24,24,26,24,24,24}","{30,113,106,102,97,83,89,87,91,92,87,88,94,92,94,92,98,98,103,98,114,92,99,97,104,101,105,117,96,101,93}","(Gothic Metal) [CD] Undish - ...Acta Est Fabula... - 1997, FLAC (image+.cue), lossless"
926116,2,1167648,88FC34B042317C97ECFF8C17BC91F9052BE20AF1,331922369,1,2026-07-31 02:21:01,4,3,"{7,24,24,24,24,24,24,24,24,24,23,24,24,24,24,24,24,24,24,23,25,24,24,24,25,24,24,26,24,24,24}","{37,129,122,123,102,111,99,98,103,109,99,99,106,106,105,102,102,101,102,101,110,104,97,104,107,103,117,137,108,105,101}","(Gothic/symphonic metal) Aeternitas - Requiem - 2000, FLAC (image + .cue), lossless"
927777,2,763960,1C138679DA1834BB439D23989DD06EA3E35B1B97,358419969,1,2026-07-31 02:21:01,5,4,"{7,24,24,24,24,24,24,24,24,24,23,24,24,24,24,24,24,24,24,23,25,24,24,24,25,24,24,26,24,24,24}","{35,120,122,118,100,98,88,97,108,96,92,97,97,96,98,96,96,96,95,92,100,91,92,96,100,121,142,141,117,115,128}","(Gothic) Asrai - Pearls In Dirt - 2007, APE (image + .cue), lossless"
942545,2,1840441,4FDEF0C1AC89496B107BD20BEA7185E3C3047FBE,1829648164,1,2026-07-31 02:21:01,5,3,"{7,24,24,24,24,24,24,24,24,24,23,24,24,24,24,24,24,24,24,23,25,24,24,24,25,24,24,26,24,24,24}","{34,102,90,90,79,70,64,80,79,73,80,82,77,69,76,80,80,79,85,82,92,71,75,73,90,79,88,94,80,82,87}","(Gothic Metal) Sacriversum - Discography (1998-2004) 5 CD, FLAC (image + .cue), lossless"
942595,2,1840441,C254B2B96B4010786B89FCC1E64F6A13006A313C,380861378,1,2026-07-31 02:21:01,6,3,"{7,24,24,24,24,24,24,24,24,24,23,24,24,24,24,24,24,24,24,23,25,24,24,24,25,24,24,26,24,24,24}","{37,139,120,115,109,94,90,97,101,99,94,91,109,94,101,94,108,92,92,94,105,90,90,101,109,95,96,111,100,103,92}","(Gothic Metal) Sacrosanctum - Fragments - 2003, FLAC (image +.cue), lossless"
945385,2,1506753,373244C70AFD1D4171F59E9DF0F8EC00693F76D4,452382386,1,2026-07-31 02:21:01,5,3,"{7,24,24,24,24,24,24,24,24,24,23,24,24,24,24,24,24,24,24,23,25,24,24,24,25,24,24,26,24,24,24}","{32,96,96,92,77,75,68,80,82,90,84,94,81,79,88,90,85,76,72,89,101,77,81,83,92,86,92,101,91,87,92}","(Gothic/Martial Folk/Ambient) Rosa Crux &quot;Lvx In Tenebris Lvcet&quot; - 2008, APE (image + .cue) lossless"
966487,2,3876398,60CC86DA07D07F96D4E6530EFF0E0597F22D368A,318070102,1,2026-07-31 02:21:01,4,3,"{7,24,24,24,24,24,24,24,24,24,23,24,24,24,24,24,24,24,24,23,25,24,24,24,25,24,24,26,24,24,24}","{30,108,120,102,95,74,92,86,87,100,89,92,95,93,88,99,101,96,111,93,100,86,87,89,96,91,105,108,96,103,88}","(Gothic / Progressive Metal) Alas - Absolute Purity - 2001, APE (image+.cue), lossless"
966694,8,2902960,033B19A66444CC7B25519D7821729D59A8E92D74,2121273163,1,2026-07-31 02:21:01,7,4,"{7,24,24,24,24,24,24,24,24,24,23,24,24,24,24,24,24,24,24,23,25,24,24,24,25,24,24,26,24,24,24}","{58,217,223,206,200,194,212,187,201,181,188,182,186,182,159,169,157,154,149,174,171,142,169,158,142,168,173,168,143,165,168}","(Medieval, dark ambient, industrial) Mortiis - 6 альбомов (1993-2007), FLAC (image+.cue), lossless"
967441,8,740627,19F8E316CA3A042B1F3E60AF0A094260DFFA6355,1385578693,1,2026-07-31 02:21:01,6,3,"{7,24,24,24,24,24,24,24,24,24,23,24,24,24,24,24,24,24,24,23,25,24,24,24,25,24,24,26,24,24,24}","{49,172,172,151,147,153,151,122,131,132,141,172,156,118,134,104,116,150,141,126,139,105,107,169,161,147,153,154,159,190,186}","(Classical/Orchestral/Symphonic Metal) Haggard - Дискография (1997-2004), APE (image+.cue), lossless"
972055,2,1840441,81C84B58BC3E21FB561D8C8D8C9A0B2C679119D1,408945536,1,2026-07-31 02:21:01,5,3,"{7,24,24,24,24,24,24,24,24,24,23,24,24,24,24,24,24,24,24,23,25,24,24,24,25,24,24,26,24,24,24}","{32,114,90,92,95,95,81,89,91,86,107,105,92,81,76,78,90,75,80,96,103,97,107,109,100,102,103,121,91,96,94}","(Electro/Gothic Metal) Erben der Schopfung - Twilight - 2001, FLAC (image+.cue), lossless"
981043,2,1840441,A05B319710FBD6C9D29F2132486AE236BF8EBC75,370635462,1,2026-07-31 02:21:01,5,3,"{7,24,24,24,24,24,24,24,24,24,23,24,24,24,24,24,24,24,24,23,25,24,24,24,25,24,24,26,24,24,24}","{29,115,151,174,150,138,108,128,146,140,130,146,149,142,131,109,100,125,152,157,159,130,146,128,159,150,149,143,152,162,138}","(Gothic Metal) Trail of Tears - Disclosure in Red - 1998, FLAC (image.cue), lossless"
981774,2,487028,EF4C778F14CF6712F6709067D7CB2F5A979A738C,282700956,1,2026-07-31 02:21:01,3,3,"{7,24,24,24,24,24,24,24,24,24,23,24,24,24,24,24,24,24,24,23,25,24,24,24,25,24,24,26,24,24,24}","{27,115,112,93,93,84,93,98,93,97,105,94,101,88,87,87,96,99,110,92,99,79,87,86,86,86,89,102,80,88,86}","(Gothic Metal) Eeriness - A Life Beyond The Shades Of Time - 2003, APE (image+.cue), lossless"
990333,8,950377,D3E8EB42E78B56030A6F8B4BA0BD0718F0BD5BB1,439860347,1,2026-07-31 02:21:01,4,3,"{7,24,24,24,24,24,24,24,24,24,23,24,24,24,24,24,24,24,24,23,25,24,24,24,25,24,24,26,24,24,24}","{31,101,121,112,97,104,101,89,87,94,85,110,105,93,96,99,100,95,99,114,98,90,87,103,105,108,130,126,103,110,80}","(Gothic Metal) Unshine - The Enigma of Immortals - 2008, FLAC (tracks), lossless"
1008473,2,259271,ED37F7C2AC37CAA000B5C14C72E2C2E5E73290E1,364130574,1,2026-07-31 02:21:01,6,3,"{7,24,24,24,24,24,24,24,24,24,23,24,24,24,24,24,24,24,24,23,25,24,24,24,25,24,24,26,24,24,24}","{46,173,168,152,133,131,130,129,131,142,135,152,155,113,122,129,129,120,125,126,127,113,115,118,119,119,151,156,119,103,120}","(Gothic Metal) Mantus - Chronik - 2006, APE (image+.cue), lossless"
1010549,2,3856444,D1FCEDE47BB13EADEF0C33F86FF45F0B551A820C,359675839,1,2026-07-31 02:21:01,7,4,"{7,24,24,24,24,24,24,24,24,24,23,24,24,24,24,24,24,24,24,23,25,24,24,24,25,24,24,26,24,24,24}","{64,206,231,213,174,179,182,193,195,183,182,197,185,179,193,196,180,184,190,175,194,153,168,182,174,169,196,199,176,167,196}","(Gothic Metal) Danse Macabre - Eva - 2001, APE (image+.cue), lossless"
1014371,2,1840441,493B2A74AD264E79FF8ABD83D86F5706219E2CFB,1781477740,1,2026-07-31 02:21:01,6,3,"{7,24,24,24,24,24,24,24,24,24,23,24,24,24,24,24,24,24,24,23,25,24,24,24,25,24,24,26,24,24,24}","{36,125,127,125,115,109,98,88,97,109,106,120,130,126,108,102,103,93,103,141,127,107,99,98,120,115,141,128,115,118,126}","(Gothic Metal) Aion - Discography, FLAC (image+.cue), lossless"
1056595,2,529,762C1F2A4F9DB5C59A0761B593D8E601E5098C5A,176372483,1,2026-07-31 02:21:01,3,3,"{7,24,24,24,24,24,24,24,24,24,23,24,24,24,24,24,24,24,24,23,25,24,24,24,25,24,24,26,24,24,24}","{25,90,89,87,70,74,66,81,77,90,62,76,61,80,82,79,79,76,87,70,95,78,82,83,94,80,86,88,69,68,63}","(Gothic Metal) Theatre of Tragedy - Machine - 2001, FLAC (tracks+.cue), lossless"
1065858,2,1508562,C6CE805A39943D5C0A0D40DD8EE29AFA28046868,419969275,1,2026-07-31 02:21:01,3,3,"{7,24,24,24,24,24,24,24,24,24,23,24,24,24,24,24,24,24,24,23,25,24,24,24,25,24,24,26,24,24,24}","{22,82,75,77,65,64,62,64,64,70,60,77,57,55,67,67,61,61,76,69,73,70,75,74,75,79,84,79,66,65,66}","(Doom/Gothic Metal) The Wounded - Monument (2002), APE (image+.cue), lossless"
1068743,2,835518,80E438F9B849225547FA444BA68DDD978A73093B,374223891,1,2026-07-31 02:21:01,4,3,"{7,24,24,24,24,24,24,24,24,24,23,24,24,24,24,24,24,24,24,23,25,24,24,24,25,24,24,26,24,24,24}","{24,95,96,90,83,92,93,85,73,74,76,91,82,98,108,92,99,76,62,100,106,83,75,81,96,88,91,105,79,88,100}","(Gothic Metal) [CD] Artrosis - Con Trust - 2006, FLAC (image+.cue), lossless"
1070236,2,1840441,3A687795CF103D8B0918948AD620FF05DCB0F6BA,668431299,1,2026-07-31 02:21:01,5,3,"{7,24,24,24,24,24,24,24,24,24,23,24,24,24,24,24,24,24,24,23,25,24,24,24,25,24,24,26,24,24,24}","{30,110,107,115,96,87,86,87,92,127,100,86,110,104,130,124,98,92,87,93,101,87,88,91,98,94,97,106,91,111,157}","(Gothic Metal) Dakrua - Discography, FLAC (image+.cue), lossless"
1077710,2,763960,FA7D354A0341B31AB65656810A2FFDCF808595D3,361861902,1,2026-07-31 02:21:01,6,3,"{7,24,24,24,24,24,24,24,24,24,23,24,24,24,24,24,24,24,24,23,25,24,24,24,25,24,24,26,24,24,24}","{50,153,154,139,125,146,120,102,99,87,103,112,117,101,84,88,78,91,99,118,126,97,105,108,127,126,131,106,100,104,109}","(Gothic/Sympho) Imperia - The Ancient Dance Of Qetesh - 2004, APE (image+.cue), lossless"
1081392,2,1840441,91E8C545951F8DBA8787D1F94508F328579CB992,460591923,1,2026-07-31 02:21:01,10,4,"{7,24,24,24,24,24,24,24,24,24,23,24,24,24,24,24,24,24,24,23,25,24,24,24,25,24,24,26,24,24,24}","{67,246,240,235,222,211,214,220,202,198,208,203,220,196,188,210,227,209,213,227,223,192,176,138,154,167,187,217,190,189,191}","(Gothic Metal) Autumn - Summer's End - 2004, FLAC (image+.cue), lossless"
1089706,2,529,51FACA02B9B472F6FBAA4B2E673E2465056A001B,434427424,1,2026-07-31 02:21:01,5,4,"{7,24,24,24,24,24,24,24,24,24,23,24,24,24,24,24,24,24,24,23,25,24,24,24,25,24,24,26,24,24,24}","{35,120,116,112,99,96,93,97,108,96,92,98,96,107,96,96,97,96,98,93,106,99,91,96,105,96,110,118,100,102,104}","(Atmospheric Dark Metal) Madder Mortem - Deadlands - 2002, FLAC (image+.cue), lossless"
1091878,2,1840441,E996439AD82143E86C6E38452F0AA8191C45983D,761477352,1,2026-07-31 02:21:01,6,4,"{7,24,24,24,24,24,24,24,24,24,23,24,24,24,24,24,24,24,24,23,25,24,24,24,25,24,24,26,24,24,24}","{33,116,129,121,102,85,97,87,92,92,99,93,94,94,94,101,115,108,107,110,121,103,90,91,96,94,98,106,97,96,90}","(Gothic Metal) To Elysium - Discography (2002-2004) 2 CD, FLAC (image+.cue), lossless"
1092826,2,3041392,BE4F763442F9047805D49F70C5CD4A8DB03A32E5,478269618,1,2026-07-31 02:21:01,4,4,"{7,24,24,24,24,24,24,24,24,24,23,24,24,24,24,24,24,24,24,23,25,24,24,24,25,24,24,26,24,24,24}","{31,106,117,102,86,89,87,78,79,96,90,105,90,99,104,96,89,87,86,84,102,88,88,90,101,95,107,112,99,99,89}","(Gothic/Dark Wave) Janus - Schlafende Hunde - 2001, WAVPack (image+.cue), lossless"
1092848,2,3041392,798A957A5633040DF1754A44E550DFC8169FF802,343621356,1,2026-07-31 02:21:01,5,4,"{7,24,24,24,24,24,24,24,24,24,23,24,24,24,24,24,24,24,24,23,25,24,24,24,25,24,24,26,24,24,24}","{36,130,137,123,108,110,101,97,90,97,88,102,83,84,96,95,91,85,79,84,102,85,86,85,98,97,104,121,112,111,112}","(Gothic/Dark Wave) Janus - Auferstehung - 2004, WAVPack (image+.cue), lossless"
1092874,2,3041392,37060653BC7D2CE55495C6B5C243C6067F2CBCDE,295733303,1,2026-07-31 02:21:01,4,4,"{7,24,24,24,24,24,24,24,24,24,23,24,24,24,24,24,24,24,24,23,25,24,24,24,25,24,24,26,24,24,24}","{29,106,114,105,87,88,82,78,80,96,91,100,83,84,95,95,93,86,79,82,103,87,85,86,87,94,102,106,96,90,97}","(Gothic/Dark Wave) Janus - Nachtmahr - 2005, WAVPack (image+.cue), lossless"
1105477,2,1341330,B52FBC40DF187C94AF4BF3558AF91FA490F1E33F,345738500,1,2026-07-31 02:21:01,3,3,"{7,24,24,24,24,24,24,24,24,24,23,24,24,24,24,24,24,24,24,23,25,24,24,24,25,24,24,26,24,24,24}","{23,80,77,77,67,67,60,71,64,68,65,74,62,55,66,67,62,64,77,76,74,69,72,72,75,73,85,76,71,78,75}","(Progressive Gothic Metal) Delphian - Uravel 2007, FLAC (image+.cue), lossless"
1107463,2,1254138,A39DB3E8A82A5980BB45830A91EF66AF2B94074E,375340929,1,2026-07-31 02:21:01,3,3,"{7,24,24,24,24,24,24,24,24,24,23,24,24,24,24,24,24,24,24,23,25,24,24,24,25,24,24,26,24,24,24}","{23,80,75,77,65,63,55,64,64,68,61,71,57,55,64,71,61,61,71,69,74,70,68,71,75,71,86,76,67,71,63}","(Melodic Gothic Metal) The Loveless - Star | Rover - 2002, FLAC (image+.cue), lossless"
1108762,2,3435919,17A9A2CA03E7C71B3A698E390F147FDF53470A77,530134917,1,2026-07-31 02:21:01,3,3,"{7,24,24,24,24,24,24,24,24,24,23,24,24,24,24,24,24,24,24,23,25,24,24,24,25,24,24,26,24,24,24}","{23,80,75,77,65,63,56,64,64,68,61,70,58,61,67,69,61,70,75,73,81,77,66,71,79,72,85,82,66,73,66}","(Gothic Metal) Within Temptation - Destroyed - 2008, APE (image+.cue), lossless"
1115428,2,1840441,E512BA9DE904CE4A359A45846040B37CF71B081A,380030864,1,2026-07-31 02:21:01,8,3,"{7,24,24,24,24,24,24,24,24,24,23,24,24,24,24,24,24,24,24,23,25,24,24,24,25,24,24,26,24,24,24}","{50,201,186,173,162,154,137,164,158,157,142,119,141,131,154,169,188,194,171,170,180,156,156,159,193,191,195,190,133,105,111}","(Gothic Metal) Theatre of Tragedy - Musique - 2000, FLAC (image+.cue), lossless"
1118506,2,2924483,C1B39B46A5A7A85FAA833CBD4D5C61DBF7628C0B,540333985,1,2026-07-31 02:21:01,4,3,"{7,24,24,24,24,24,24,24,24,24,23,24,24,24,24,24,24,24,24,23,25,24,24,24,25,24,24,26,24,24,24}","{28,100,104,102,101,80,76,102,110,101,88,93,97,97,109,105,88,93,110,87,103,106,92,88,79,73,89,89,79,80,88}","(gothic folk metal) Antichrisis - A Legacy Of Love - 1998, FLAC (image+.cue), lossless"
1123310,2,1840441,6295BAD295FBEF038E9B4C21FE0148CFD6DB92B7,359627434,1,2026-07-31 02:21:01,8,4,"{7,24,24,24,24,24,24,24,24,24,23,24,24,24,24,24,24,24,24,23,25,24,24,24,25,24,24,26,24,24,24}","{54,160,147,132,138,155,112,147,141,125,133,139,127,108,110,106,126,106,107,102,136,141,160,150,164,159,151,135,98,108,99}","(Gothic Metal) Theatre of Tragedy - Assembly - 2002, FLAC (image+.cue), lossless"
1131220,2,3436990,87548D093A90C9D555AE6D57246662A258F07330,296180322,1,2026-07-31 02:21:01,3,3,"{7,24,24,24,24,24,24,24,24,24,23,24,24,24,24,24,24,24,24,23,25,24,24,24,25,24,24,26,24,24,24}","{26,80,74,77,68,67,63,66,69,68,61,69,57,56,70,77,63,61,72,70,74,68,68,71,75,70,84,83,66,66,66}","(Blackened Atmospheric Goth/Doom) Elegeion - The Last Moment - 2005, APE (image+.cue), lossless"
1137493,2,1840441,B8CE6931BC6ED0D92BA70BB24A3E8A91396B1C65,647379396,1,2026-07-31 02:21:01,4,3,"{7,24,24,24,24,24,24,24,24,24,23,24,24,24,24,24,24,24,24,23,25,24,24,24,25,24,24,26,24,24,24}","{28,92,83,88,77,73,67,76,76,73,75,78,77,71,76,78,80,72,82,82,93,79,79,73,90,81,89,94,87,82,78}","(Gothic/Doom Metal) The Bloodline - Discography, FLAC (image+.cue), lossless"
1138817,2,763960,50390FE035F1CED867D89954B78181EE323CD79E,372229226,1,2026-07-31 02:21:01,8,3,"{7,24,24,24,24,24,24,24,24,24,23,24,24,24,24,24,24,24,24,23,25,24,24,24,25,24,24,26,24,24,24}","{60,183,182,170,125,117,112,98,120,109,106,103,123,126,106,124,126,99,102,108,133,102,83,86,104,98,108,110,95,92,87}","(Melodic Black/Gothic) Theatres des Vampires - Anima Noir - 2008, FLAC (image+.cue), lossless"
1139341,2,2924483,A732E79F6B0FB011F9848A414BDFA361B7C6B2C6,450909114,1,2026-07-31 02:21:01,4,3,"{7,24,24,24,24,24,24,24,24,24,23,24,24,24,24,24,24,24,24,23,25,24,24,24,25,24,24,26,24,24,24}","{32,124,127,109,90,96,88,90,102,101,101,103,122,108,101,110,108,122,133,117,130,126,116,128,116,103,115,121,103,96,99}","(gothic metal) Mantus- Ein Hauch Von Wirklichkeit - 2004, FLAC (image+.cue), lossless"
1139468,2,2924483,1314FD304A83F9CFCFB177149B6CB02477684DE7,456912544,1,2026-07-31 02:21:01,7,3,"{7,24,24,24,24,24,24,24,24,24,23,24,24,24,24,24,24,24,24,23,25,24,24,24,25,24,24,26,24,24,24}","{53,197,195,190,179,153,159,153,155,170,163,182,230,184,166,177,181,192,207,201,248,202,182,209,199,176,212,189,163,156,163}","(gothic metal) Mantus - Fremde Welten - 2002, FLAC (image+.cue), lossless"
1141782,2,2924483,1DFD42EBA7AA89333227AAA0837F341224CBF75F,438838670,1,2026-07-31 02:21:01,9,3,"{7,24,24,24,24,24,24,24,24,24,23,24,24,24,24,24,24,24,24,23,25,24,24,24,25,24,24,26,24,24,24}","{61,218,218,200,184,187,184,166,166,181,162,162,164,144,145,167,150,165,182,132,134,144,135,143,153,151,184,157,143,127,168}","(gothic metal) Mantus - Weg Ins Paradies - 2003, FLAC (image+.cue), lossless"
1146167,2,911323,732D2576D1FE3CD4B6EF177F72B8BE96158CEA45,2069222984,1,2026-07-31 02:21:01,6,4,"{7,24,24,24,24,24,24,24,24,24,23,24,24,24,24,24,24,24,24,23,25,24,24,24,25,24,24,26,24,24,24}","{42,153,163,139,125,137,128,136,128,131,130,99,89,89,114,128,131,133,115,100,110,126,127,131,134,125,121,112,120,134,137}","(Dark/Gothic/Atmospheric Metal) The Bronx Casket Co - Дискография 4 CD (ex Overkill) - 2000-2011, FLAC (image+.cue), lossless"
1148540,2,952751,23853C559F346D7F63541127760039D01DB7F917,337666521,1,2026-07-31 02:21:01,4,4,"{7,24,24,24,24,24,24,24,24,24,23,24,24,24,24,24,24,24,24,23,25,24,24,24,25,24,24,26,24,24,24}","{28,96,96,92,77,75,73,83,86,89,84,90,83,79,90,94,86,87,96,87,99,80,83,84,94,83,94,102,90,91,96}","(Heavy Prog / Gothic) Kingfisher Sky - Hallway Of Dreams - 2008, FLAC (image+.cue), lossless"
1150393,2,1858596,78BD64B2B2D2B8E7464FFA1AD65B96546AB1F684,308352216,1,2026-07-31 02:21:01,10,3,"{7,24,24,24,24,24,24,24,24,24,23,24,24,24,24,24,24,24,24,23,25,24,24,24,25,24,24,26,24,24,24}","{74,265,239,222,172,157,161,122,129,142,140,182,159,152,155,155,147,163,182,150,143,116,156,176,264,242,209,226,198,209,234}","(Folk-Metal / Sympho) Haggard - Tales Of Ithiria (перезалит) - 2008, FLAC (image+.cue), lossless"
1170018,2,2127974,195C0046E9DB3F56DB3B024B795FFC7CB89618CE,326499843,1,2026-07-31 02:21:01,3,3,"{7,24,24,24,24,24,24,24,24,24,23,24,24,24,24,24,24,24,24,23,25,24,24,24,25,24,24,26,24,24,24}","{23,80,75,78,65,68,69,71,71,72,65,80,65,67,75,69,72,68,80,74,88,73,71,73,84,71,84,88,67,63,69}","(Gothic Metal) Devlin - Grand Death Opening - 2002, FLAC (image+.cue), lossless"
1174479,2,2924483,68979F819F309608AB99C05D3EC63BFF8111D39D,331790801,1,2026-07-31 02:21:01,3,3,"{7,24,24,24,24,24,24,24,24,24,23,24,24,24,24,24,24,24,24,23,25,24,24,24,25,24,24,26,24,24,24}","{28,96,96,84,70,63,67,70,68,78,67,78,71,74,73,74,73,76,85,80,92,73,78,74,87,84,85,93,77,76,75}","(gothic metal) Scream Silence - ...Seven Tears - 2003, FLAC (image+.cue), lossless"
1175873,2,2127974,6D0B642D6323A9DD8BB1A9737FEE2D4048BA70CF,339737998,1,2026-07-31 02:21:01,3,3,"{7,24,24,24,24,24,24,24,24,24,23,24,24,24,24,24,24,24,24,23,25,24,24,24,25,24,24,26,24,24,24}","{23,80,75,78,65,67,70,71,71,72,67,81,83,79,75,68,83,81,94,74,88,82,74,73,83,71,94,102,70,59,70}","(Dark \ Gothic Rock) Floodland - Decay - 2002, FLAC (image+.cue), lossless"
1194502,2,1840441,D12BFD74918043E40F20C1AA60D623C156D088B8,352678002,1,2026-07-31 02:21:01,5,3,"{7,24,24,24,24,24,24,24,24,24,23,24,24,24,24,24,24,24,24,23,25,24,24,24,25,24,24,26,24,24,24}","{34,129,126,133,131,111,124,129,123,118,109,118,131,127,119,102,114,100,117,107,118,105,89,88,93,90,96,103,87,85,86}","(Gothic/Doom Metal) Paragon of Beauty - The Spring - 1998, FLAC (image+.cue), lossless"
1200695,2,5099753,741D6FECA9607F51ACDF067AAA5F0ACF79BAA8D3,544580256,1,2026-07-31 02:21:01,8,3,"{7,24,24,24,24,24,24,24,24,24,23,24,24,24,24,24,24,24,24,23,25,24,24,24,25,24,24,26,24,24,24}","{62,238,223,212,212,205,177,186,194,201,159,155,154,191,204,179,149,162,169,155,140,138,130,131,125,131,153,163,152,155,164}","(Gothic Metal) Type O Negative - Bloody Kisses - 1993, FLAC (image+.cue), lossless"
1202867,2,1697721,6AAC0ED502137B90FB6C29D9A998B2821E28505A,377891240,1,2026-07-31 02:21:01,5,3,"{7,24,24,24,24,24,24,24,24,24,23,24,24,24,24,24,24,24,24,23,25,24,24,24,25,24,24,26,24,24,24}","{29,129,121,124,116,120,91,103,99,113,90,108,160,98,107,103,105,116,130,118,119,105,96,95,103,111,159,116,108,109,101}","(Gothic Metal) Charon - Sorrowburn &amp; Little Angel (Single) - 1998, APE (image+.cue), lossless"
1206596,2,763960,FA3ED948A8CCF84F874D80C7D999F3358AB76517,243693624,1,2026-07-31 02:21:01,4,3,"{7,24,24,24,24,24,24,24,24,24,23,24,24,24,24,24,24,24,24,23,25,24,24,24,25,24,24,26,24,24,24}","{33,110,112,101,77,73,68,80,84,90,84,94,81,77,81,93,85,93,105,87,97,77,82,83,91,86,92,101,91,91,87}","(Symphonic Gothic/Rock) Nemesea - In Control - 2007, FLAC (tracks+.cue), lossless"
1218195,2,835518,271D9899F2F28F1B4EE4FB8E5621799DD441247F,877930377,1,2026-07-31 02:21:01,3,3,"{7,24,24,24,24,24,24,24,24,24,23,24,24,24,24,24,24,24,24,23,25,24,24,24,25,24,24,26,24,24,24}","{23,80,74,77,65,64,54,64,62,84,84,94,81,78,88,93,85,85,95,87,96,78,84,74,75,71,86,79,62,66,63}","(Gothic Metal) [CD] Rain Fell Within - Discography (1999-2002) 2 CD, FLAC (image+.cue), lossless"
1234738,2,1506753,6BBE31D9ED061384AD7C9192A2074B57C5FB71C8,328126955,1,2026-07-31 02:21:01,4,4,"{7,24,24,24,24,24,24,24,24,24,23,24,24,24,24,24,24,24,24,23,25,24,24,24,25,24,24,26,24,24,24}","{28,96,113,112,99,97,92,97,108,96,92,96,98,96,96,96,96,96,98,99,97,92,90,96,103,106,120,105,95,98,97}","(Gothic metal) Asrai - Touch In The Dark - 2004, FLAC (tracks+.cue), lossless"
1240400,2,2096909,85E18FB280FCCCB03DCDF8740669D2A1EBEFE3C2,260860776,1,2026-07-31 02:21:01,3,3,"{7,24,24,24,24,24,24,24,24,24,23,24,24,24,24,24,24,24,24,23,25,24,24,24,25,24,24,26,24,24,24}","{22,81,80,79,69,67,71,64,68,70,63,73,75,65,64,67,61,61,73,78,87,75,77,75,80,72,86,76,62,71,68}","(Gothic Metal) Flowing Tears - Invanity (Live in Berlin) - 2007, FLAC (tracks+.cue), lossless"
1245392,2,1840441,1D674FF6DE7744F80B6FB3487F02C8FB702042A2,638360242,1,2026-07-31 02:21:01,5,3,"{7,24,24,24,24,24,24,24,24,24,23,24,24,24,24,24,24,24,24,23,25,24,24,24,25,24,24,26,24,24,24}","{30,110,103,102,96,87,84,87,92,94,89,90,95,95,94,92,98,95,103,92,102,85,87,91,94,93,96,110,91,99,83}","(Gothic Metal) Dying Tears - Discography (2001-2003) 2 CD, FLAC (image+.cue), lossless"
1253876,2,4016800,E7F218F665ECD3303B9DDFAB630CF835EC12B865,377212608,1,2026-07-31 02:21:01,5,3,"{7,24,24,24,24,24,24,24,24,24,23,24,24,24,24,24,24,24,24,23,25,24,24,24,25,24,24,26,24,24,24}","{49,188,194,179,152,130,140,143,138,143,125,132,135,140,141,132,132,112,107,120,139,145,120,114,128,128,165,177,126,125,166}","(Gothic Metal) Satyrian - Eternitas - 2006, APE (image+.cue), lossless"
1261500,2,1341330,23A800C79427475D8A0B7CF24EF7E38EE570CAFB,307818663,1,2026-07-31 02:21:01,6,3,"{7,24,24,24,24,24,24,24,24,24,23,24,24,24,24,24,24,24,24,23,25,24,24,24,25,24,24,26,24,24,24}","{44,156,183,187,162,178,132,137,133,143,133,139,177,150,143,141,148,160,150,175,159,135,131,135,154,145,190,183,141,134,140}","(Gothic Metal) Charon - Downhearted - 2002, FLAC (image+.cue), lossless"
1268375,2,2127974,FDAF5733B94ADA783E21EDB495016D399D0E54BB,433764437,1,2026-07-31 02:21:01,3,3,"{7,24,24,24,24,24,24,24,24,24,23,24,24,24,24,24,24,24,24,23,25,24,24,24,25,24,24,26,24,24,24}","{23,80,77,78,68,78,70,74,71,71,71,80,66,67,76,68,73,71,86,81,86,76,77,74,83,73,85,88,72,66,74}","(Gothic \ Doom Metal) End - Out Of Eden - 2002, FLAC (image+.cue), lossless"
1270924,2,763960,424D51EFB004DC541206D295534C907482263F93,383207139,1,2026-07-31 02:21:01,6,5,"{7,24,24,24,24,24,24,24,24,24,23,24,24,24,24,24,24,24,24,23,25,24,24,24,25,24,24,26,24,24,24}","{48,166,169,183,163,161,154,165,161,140,127,134,148,135,137,137,139,140,143,140,157,140,127,120,141,121,163,161,142,147,165}","(Gothic) Flowing Tears - Thy Kingdom Gone - 2008, FLAC (tracks+.cue), lossless"
1280331,8,259271,D4ADD6DB058DDA4F2F8BC01EB35EE4678E6159B4,2607135955,1,2026-07-31 02:21:01,6,3,"{7,24,24,24,24,24,24,24,24,24,23,24,24,24,24,24,24,24,24,23,25,24,24,24,25,24,24,26,24,24,24}","{45,175,161,152,139,135,149,146,136,132,113,111,121,125,104,108,118,94,97,97,104,90,98,100,98,97,114,118,94,105,100}","(Depressed Subcore / Alternative Doom Gothic Metal) End Of Green - Discography (1996 - 2008) 6 CD, APE (image+.cue), FLAC (image+.cue), lossless"
1287552,2,6370374,00197889B5C18DA4D7501A5826EBD6D47D8891E2,343075276,1,2026-07-31 02:21:01,3,3,"{7,24,24,24,24,24,24,24,24,24,23,24,24,24,24,24,24,24,24,23,25,24,24,24,25,24,24,26,24,24,24}","{26,85,81,84,70,73,60,72,73,74,65,79,72,74,71,67,70,63,76,83,91,74,66,74,76,74,89,100,74,77,69}","(Gothic Metal) Delight - Breaking Ground - 2008, FLAC (image+.cue), lossless"
1288753,2,6370374,D392524DB1F7696B6B0C7759E9956EE9A6A20C6E,515324000,1,2026-07-31 02:21:01,4,3,"{7,24,24,24,24,24,24,24,24,24,23,24,24,24,24,24,24,24,24,23,25,24,24,24,25,24,24,26,24,24,24}","{31,109,85,102,86,89,73,94,95,92,86,94,104,98,93,91,87,87,93,94,107,84,80,86,90,90,108,112,86,94,91}","(Gothic Metal) Delight - The Fading Tale - 2001, FLAC (image+.cue), lossless"
1293110,2,3321973,022598FEA28E0ABC2B3FB2B1A4CA08C8E5968363,289516464,1,2026-07-31 02:21:01,3,3,"{7,24,24,24,24,24,24,24,24,24,23,24,24,24,24,24,24,24,24,23,25,24,24,24,25,24,24,26,24,24,24}","{25,92,83,87,72,78,80,84,79,80,77,87,81,91,83,90,77,61,63,84,99,70,87,82,86,83,94,105,91,87,87}","(Vampiric Black Metal) Lord Vampyr - De Vampyrica Philosophia - 2005, FLAC (image+.cue), lossless"
1318593,2,6370374,2994017B98F0A203B98D3BBBBD2EE579E029D3C6,504226153,1,2026-07-31 02:21:01,4,3,"{7,24,24,24,24,24,24,24,24,24,23,24,24,24,24,24,24,24,24,23,25,24,24,24,25,24,24,26,24,24,24}","{31,96,96,92,77,75,69,79,84,90,78,96,81,79,84,95,85,85,95,87,98,77,85,83,91,86,91,102,91,90,88}","(Gothic /Metal) Satyrian - The Dark Gift - 2007, FLAC (image+.cue), lossless"
1323526,2,2734593,75642EA82C35838762E53AF7738BB84CE7EAE39F,321522124,1,2026-07-31 02:21:01,3,3,"{7,24,24,24,24,24,24,24,24,24,23,24,24,24,24,24,24,24,24,23,25,24,24,24,25,24,24,26,24,24,24}","{25,80,76,77,72,75,68,80,84,90,84,96,81,79,82,93,83,75,86,90,102,77,90,79,80,85,102,102,91,91,87}","(Gothic/metal/synth) Century - The Secret Inside - 1999, APE (image+.cue), lossless"
1328400,2,1840441,DCEC680E6B41977CE18E23C2171D6833D071D4FA,368614595,1,2026-07-31 02:21:01,6,3,"{7,24,24,24,24,24,24,24,24,24,23,24,24,24,24,24,24,24,24,23,25,24,24,24,25,24,24,26,24,24,24}","{39,151,126,123,117,106,124,119,121,111,109,100,98,92,100,94,96,93,97,101,107,85,99,95,117,138,130,133,92,98,90}","(Gothic Metal) Dominion - Interface - 1996, FLAC (image+.cue), lossless"
1344506,2,835518,6ACF89A54CC732FD86C375694DA7EA1AC07A72EA,847152384,1,2026-07-31 02:21:01,3,3,"{7,24,24,24,24,24,24,24,24,24,23,24,24,24,24,24,24,24,24,23,25,24,24,24,25,24,24,26,24,24,24}","{23,80,75,77,65,63,55,64,62,76,60,69,57,55,64,69,61,61,71,69,75,71,70,71,75,71,86,76,64,65,63}","(Gothic Metal) [CD] Vanitas - Collection. 2 CD (2000,2001), FLAC (image+.cue), lossless"
1346293,2,5427295,9692C823AF4F0086D791EB94364D643E15A53007,477205570,1,2026-07-31 02:21:01,4,3,"{7,24,24,24,24,24,24,24,24,24,23,24,24,24,24,24,24,24,24,23,25,24,24,24,25,24,24,26,24,24,24}","{28,82,98,92,77,73,72,80,81,90,82,95,81,79,79,94,85,85,101,87,96,74,80,88,96,91,91,99,89,90,88}","(Gothic) Saviour Machine - 1997 - Legend I, APE (image+.cue), lossless"
1346369,2,5427295,2C267AA4A1701E69503F38D5457C4F664BCBE4D1,548986979,1,2026-07-31 02:21:01,4,3,"{7,24,24,24,24,24,24,24,24,24,23,24,24,24,24,24,24,24,24,23,25,24,24,24,25,24,24,26,24,24,24}","{28,84,98,92,77,73,71,80,84,93,83,94,81,79,79,102,88,76,78,88,102,81,87,88,93,86,92,105,89,92,94}","(Gothic) Saviour Machine - 2001 - Legend III-I, APE (image+.cue), lossless"
1347117,2,2127974,33F65CF4D6D0FAB4E02C5305F9DDA4715344D576,363626678,1,2026-07-31 02:21:01,4,3,"{7,24,24,24,24,24,24,24,24,24,23,24,24,24,24,24,24,24,24,23,25,24,24,24,25,24,24,26,24,24,24}","{29,106,109,100,84,83,106,87,101,96,90,93,98,105,103,78,106,92,97,96,122,96,94,97,100,85,103,124,88,93,96}","(Gothic / Doom Metal) Misericordia - Painful Dream - 2000, FLAC (image+.cue), lossless"
1362902,2,3321973,915C44D2BB909EBE2CF471D7A36FBC072DA3C532,371875184,1,2026-07-31 02:21:01,6,4,"{7,24,24,24,24,24,24,24,24,24,23,24,24,24,24,24,24,24,24,23,25,24,24,24,25,24,24,26,24,24,24}","{45,155,153,153,143,137,126,137,145,144,138,137,140,150,144,139,137,138,139,139,132,124,123,128,139,128,159,151,131,135,122}","(Avantgarde Doom Metal) Madder Mortem - All Flesh Is Grass - 2001, APE (image+.cue), lossless"
1363583,2,44529,25E994B1088E182B6EE659D65148FA2FA20B38FE,485707945,1,2026-07-31 02:21:01,5,4,"{7,24,24,24,24,24,24,24,24,24,23,24,24,24,24,24,24,24,24,23,25,24,24,24,25,24,24,26,24,24,24}","{35,123,121,118,101,99,96,101,109,98,96,103,106,101,101,97,96,106,101,96,105,100,85,83,92,89,92,101,87,103,98}","(Melodic Gothic/Black/Folk Metal) Antichrisis - Cantara Anachoreta - 1997, APE (image+.cue), lossless"
1363743,8,2785374,7DB0AC8A73D710F138A206483FCABA2BB0645A23,363211033,1,2026-07-31 02:21:01,3,3,"{7,24,24,24,24,24,24,24,24,24,23,24,24,24,24,24,24,24,24,23,25,24,24,24,25,24,24,26,24,24,24}","{26,80,80,78,67,72,61,70,71,71,65,82,85,64,70,76,69,57,48,75,89,75,65,74,75,73,92,88,73,70,72}","(Gothic Metal) Delight - ANew - 2004, FLAC (tracks), lossless"
1366490,2,2857054,C15C2ECC222F75F367A18C036F04911D5549E89D,431115879,1,2026-07-31 02:21:01,5,4,"{7,24,24,24,24,24,24,24,24,24,23,24,24,24,24,24,24,24,24,23,25,24,24,24,25,24,24,26,24,24,24}","{38,131,139,148,129,128,128,132,128,105,115,130,142,116,127,114,109,140,142,147,159,145,118,94,103,94,126,146,129,132,150}","(Gothic Metal) Forever Slave - Alice's Inferno - 2005, FLAC (image+.cue), lossless"
1391712,2,487028,D709BBCE395CCC510A00725A898D0282A4BDB266,436251656,1,2026-07-31 02:21:01,6,4,"{7,24,24,24,24,24,24,24,24,24,23,24,24,24,24,24,24,24,24,23,25,24,24,24,25,24,24,26,24,24,24}","{42,148,149,118,117,127,107,123,113,100,107,113,121,98,100,98,105,104,101,97,107,101,92,86,96,90,104,123,101,106,111}","(Gothic/Doom Metal) The Eternal - Sleep Of Reason - 2005, APE (image+.cue), lossless"
1393204,2,2760248,1D685D4652130ED822D0DC26EF8176661B9334EB,392356518,1,2026-07-31 02:21:01,3,3,"{7,24,24,24,24,24,24,24,24,24,23,24,24,24,24,24,24,24,24,23,25,24,24,24,25,24,24,26,24,24,24}","{26,80,74,77,65,62,54,66,64,68,59,69,57,55,64,69,61,61,71,69,75,68,66,71,75,71,84,76,67,66,63}","(Gothic metal / Gothic rock) Bliss - Sin to Skin - 1998, FLAC (image+.cue), lossless"
1395212,2,31012,4193F651C3F68620AF88F53DB38E7DB9F520FF1A,381288402,1,2026-07-31 02:21:01,6,4,"{7,24,24,24,24,24,24,24,24,24,23,24,24,24,24,24,24,24,24,23,25,24,24,24,25,24,24,26,24,24,24}","{42,144,140,138,134,131,134,138,129,136,125,133,132,134,134,131,128,137,133,130,138,129,125,129,142,129,152,142,137,123,132}","(Gothic Metal) Lacuna Coil - Live at Wacken 2007 - 2008, FLAC (image+.cue), lossless"
1395523,2,3321973,E65A15B652C9E3054CC75798B7472F00B806A7B6,1160469008,1,2026-07-31 02:21:01,4,3,"{7,24,24,24,24,24,24,24,24,24,23,24,24,24,24,24,24,24,24,23,25,24,24,24,25,24,24,26,24,24,24}","{32,86,87,84,74,76,77,79,84,77,73,85,82,82,87,89,85,64,77,82,100,84,83,84,80,77,94,109,95,92,86}","(Melodic Black Metal/Gothic metal) Theatres Des Vampires - Vampyrisme, Necrophilie, Necrosadisme, Necrophagie/Vampyrisme/Pleasure And Pain - 1996/2003/2005, FLAC (image+.cue), lossless"
1398712,2,31012,57F1994F1AD8D30051163A22A9008E4D96994FF0,63046940,1,2026-07-31 02:21:01,5,3,"{7,24,24,24,24,24,24,24,24,24,23,24,24,24,24,24,24,24,24,23,25,24,24,24,25,24,24,26,24,24,24}","{35,120,116,116,114,107,105,111,110,110,101,111,111,108,111,110,107,109,110,108,113,102,101,108,112,112,124,113,108,107,110}","(Gothic Metal) Lacuna Coil - Swamped (Single) - 2004, FLAC (image+.cue), lossless"
1403896,2,6282952,F36C5EDDD1E3C5D0635FBA6A50CC6BD3DD208F37,361067069,1,2026-07-31 02:21:01,3,3,"{7,24,24,24,24,24,24,24,24,24,23,24,24,24,24,24,24,24,24,23,25,24,24,24,25,24,24,26,24,24,24}","{22,91,88,90,74,69,63,78,76,86,76,84,72,68,83,85,75,75,88,80,88,76,79,75,76,71,85,76,66,64,63}","(Melodic Death Metal) Odes of Ecstasy - Deceitful Melody - 2000, APE (image+.cue), lossless"
1403987,2,31012,A502082A7B5C178891B54DABC741242EC8520C76,420131553,1,2026-07-31 02:21:01,18,4,"{7,24,24,24,24,24,24,24,24,24,23,24,24,24,24,24,24,24,24,23,25,24,24,24,25,24,24,26,24,24,24}","{123,434,424,424,464,439,415,442,448,442,412,397,405,401,385,393,361,361,386,347,366,340,350,383,413,402,409,435,407,416,419}","(Gothic Metal) Lacuna Coil - Unleashed Memories - 2005, FLAC (image+.cue), lossless"
1436406,2,927561,0BED4167EF848A9AFBEC1E43929F6B0A6585DD04,1233046605,1,2026-07-31 02:21:01,5,3,"{7,24,24,24,24,24,24,24,24,24,23,24,24,24,24,24,24,24,24,23,25,24,24,24,25,24,24,26,24,24,24}","{35,121,106,108,85,64,52,64,81,84,83,83,89,80,71,74,81,90,72,92,103,88,75,78,94,73,94,106,96,90,90}","(Gothic Metal/Gothic Rock) Bloodflowerz - Discography, 2002-2006, FLAC (tracks), lossless"
1438760,2,1840441,CC3E044A0CC1A4838C7BF14D6A1C945C65E75C53,232398958,1,2026-07-31 02:21:01,5,3,"{7,24,24,24,24,24,24,24,24,24,23,24,24,24,24,24,24,24,24,23,25,24,24,24,25,24,24,26,24,24,24}","{31,136,132,132,130,114,121,112,124,128,119,127,135,112,124,111,118,105,128,131,136,109,115,124,115,116,113,124,108,117,100}","(Symphonic Gothic Metal) Odes of Ecstasy - Embossed Dream in Four Acts - 1998, FLAC (image+.cue), lossless"
1446220,2,31012,4EE19397C27D11A15803B161B0786AD350097709,315262365,1,2026-07-31 02:21:01,8,3,"{7,24,24,24,24,24,24,24,24,24,23,24,24,24,24,24,24,24,24,23,25,24,24,24,25,24,24,26,24,24,24}","{56,192,192,195,211,197,178,186,184,175,156,179,180,184,184,179,145,164,188,152,165,150,151,155,162,152,174,170,150,158,158}","(Gothic Metal) Lacuna Coil - In A Reverie - 1999, FLAC (image+.cue), lossless"
1458516,2,763960,D8A4E6B46F0DB24CFA364926A036698AA15937A2,616107877,1,2026-07-31 02:21:01,4,3,"{7,24,24,24,24,24,24,24,24,24,23,24,24,24,24,24,24,24,24,23,25,24,24,24,25,24,24,26,24,24,24}","{28,98,98,97,82,80,86,82,86,74,60,70,57,55,64,69,62,61,71,77,79,71,64,71,75,71,86,76,68,67,63}","(Gothic/Industrial/Dark) Gothminister - Happiness In Darkness - 2008, APE (image+.cue), lossless"
1460784,2,102372,AD6F6A6A6205EDCA4C4130B9F2C43FD7003B46CB,25181410759,1,2026-07-31 02:21:01,14,3,"{7,24,24,24,24,24,24,24,24,24,23,24,24,24,24,24,24,24,24,23,25,24,24,24,25,24,24,26,24,24,24}","{98,360,370,381,378,394,387,341,373,307,272,301,293,326,270,282,274,268,276,258,313,266,274,298,301,269,263,280,277,296,303}","(Doomdeath, Gothic Metal, Trip Rock, Progressive Metal) [CD, Web] the Gathering - Дискография (1991-2016), 54 релиза (63 CD, 4 WEB-релиза), FLAC (image+cue, tracks/web), lossless"
1485879,8,454829,465B2C464D1BE71C9DCE586989B27CADC7A50B90,457488076,1,2026-07-31 02:21:01,7,3,"{7,24,24,24,24,24,24,24,24,24,23,24,24,24,24,24,24,24,24,23,25,24,24,24,25,24,24,26,24,24,24}","{49,148,143,139,99,78,75,92,99,91,87,95,86,83,90,96,90,88,96,88,101,85,91,89,95,88,96,110,95,89,89}","(Horror Gothic Metal) Theatres des Vampires - Nightbreed of Macabria - 2004, APE (image+.cue), lossless"
1490158,2,5406682,F860EEE4D94A9F92DA80FB123F99CBB49D75A1B1,354412357,1,2026-07-31 02:21:01,3,3,"{7,24,24,24,24,24,24,24,24,24,23,24,24,24,24,24,24,24,24,23,25,24,24,24,25,24,24,26,24,24,24}","{23,80,83,77,65,60,52,64,65,69,72,76,57,55,64,77,61,61,81,69,75,71,68,81,97,75,84,76,65,63,63}","(Gothic Metal) Entwine - Painstained - 2009, APE (image+.cue), lossless"
1491575,2,6213261,1433067B1219CFF325C1C5EBDCBF2AD49B6341CC,467766730,1,2026-07-31 02:21:01,4,3,"{7,24,24,24,24,24,24,24,24,24,23,24,24,24,24,24,24,24,24,23,25,24,24,24,25,24,24,26,24,24,24}","{28,96,96,92,77,81,85,80,84,90,82,94,82,82,88,91,85,85,95,86,97,83,85,84,92,86,87,82,66,92,87}","(Gothic Metal / Synthgothic / Dark Electro) Umbra Et Imago - Motus Animi - 2005, APE (image+.cue), lossless"
1492454,2,968176,A2C1C26ABAD22870B37BC186FFE52FE9BD506841,428566352,1,2026-07-31 02:21:01,3,3,"{7,24,24,24,24,24,24,24,24,24,23,24,24,24,24,24,24,24,24,23,25,24,24,24,25,24,24,26,24,24,24}","{23,80,74,78,66,65,60,65,64,68,61,70,58,61,64,69,61,62,71,70,80,72,67,71,75,71,94,92,68,66,63}","(Deathglam/Industrial Metal) Deathstars - Night Electric Night (Gold Edition) - 2009, FLAC (tracks+.cue), lossless"
1499864,2,2077094,48D6E75D4825CD3EDB3C5CCDE1D9E405262B1CC6,484571758,1,2026-07-31 02:21:01,5,3,"{7,24,24,24,24,24,24,24,24,24,23,24,24,24,24,24,24,24,24,23,25,24,24,24,25,24,24,26,24,24,24}","{35,124,126,119,115,106,92,95,107,99,101,96,142,112,95,100,96,127,124,117,161,127,118,131,132,110,151,130,114,111,122}","(Gothic Metal / Darkwave) Mantus - Requiem - 2009, FLAC (image+.cue) + Full Covers"
1500739,2,1840441,221A94614184B06D2D7AE5DCBC205EDF7CACFB8E,261127005,1,2026-07-31 02:21:01,5,3,"{7,24,24,24,24,24,24,24,24,24,23,24,24,24,24,24,24,24,24,23,25,24,24,24,25,24,24,26,24,24,24}","{33,129,90,109,108,91,93,89,103,102,99,102,99,98,94,92,98,91,106,106,118,102,99,102,129,148,139,140,106,115,115}","(Extreme Gothic Metal) Your Shapeless Beauty - Your Shapeless Beauty - 1996, FLAC (image+.cue), lossless"
1529761,2,2226325,4FEB9487100790D771D72FEAA7BD00F4B19DF4E3,337899318,1,2026-07-31 02:21:01,8,3,"{7,24,24,24,24,24,24,24,24,24,23,24,24,24,24,24,24,24,24,23,25,24,24,24,25,24,24,26,24,24,24}","{67,229,231,217,186,170,167,180,175,188,170,177,167,165,178,174,175,159,135,148,176,176,160,153,176,170,195,205,167,170,211}","(Gothic Metal) Danse Macabre - Totentanz - 1998, FLAC (image+.cue), lossless"
1533496,2,4305257,ED2DABE43067B25879CCFB770D8136445C248647,328515823,1,2026-07-31 02:21:01,3,3,"{7,24,24,24,24,24,24,24,24,24,23,24,24,24,24,24,24,24,24,23,25,24,24,24,25,24,24,26,24,24,24}","{23,80,74,77,65,63,57,64,62,68,61,70,57,55,64,69,61,61,71,69,75,69,66,71,75,71,84,76,65,64,63}","(Gothic Metal) Bliss - Re-Thought - 1999, FLAC (image+.cue), lossless"
1538314,2,8065450,C27668E35EDEDFF844660D51EA1327C7B63FF1C2,395861484,1,2026-07-31 02:21:01,5,3,"{7,24,24,24,24,24,24,24,24,24,23,24,24,24,24,24,24,24,24,23,25,24,24,24,25,24,24,26,24,24,24}","{38,131,133,129,119,117,103,116,136,123,118,132,131,124,120,120,115,114,124,116,135,108,111,138,148,128,159,151,129,141,154}","(Atmospheric Dark Metal) Madder Mortem - Desiderata - 2006, FLAC (image+.cue), lossless"
1562277,2,7123128,9280572DDB041EB7A8EFA744A406CBCB445EFF4A,442507123,1,2026-07-31 02:21:01,6,4,"{7,24,24,24,24,24,24,24,24,24,23,24,24,24,24,24,24,24,24,23,25,24,24,24,25,24,24,26,24,24,24}","{45,164,151,139,122,122,136,129,116,114,119,124,137,143,133,126,154,141,130,146,157,137,113,100,98,92,113,122,105,117,115}","(Gothic Metal) Autumn - Altitude - 2009, WAVPack (image+.cue), lossless"
1572455,2,33690293,E11B72D08D0299227B3316220C30675D1F075A75,389901920,1,2026-07-31 02:21:01,5,3,"{7,24,24,24,24,24,24,24,24,24,23,24,24,24,24,24,24,24,24,23,25,24,24,24,25,24,24,26,24,24,24}","{35,129,118,111,80,75,75,80,87,91,86,92,81,79,88,89,87,86,105,93,97,78,82,86,92,87,94,102,87,85,87}","(Folk/Metalcore) Letzte Instanz - G&#246;tter auf Abruf - 2003, FLAC (image+.cue), lossless"
1584066,2,4305257,8A8D391FBCDADD3644BC68C49CC46749DC84F922,490231792,1,2026-07-31 02:21:01,5,4,"{7,24,24,24,24,24,24,24,24,24,23,24,24,24,24,24,24,24,24,23,25,24,24,24,25,24,24,26,24,24,24}","{37,113,97,108,99,96,91,97,90,90,84,96,81,79,88,93,85,85,95,87,97,78,82,78,89,86,93,102,89,90,87}","(Gothic Metal, Ambient, Darkwave) Monumentum - Metastasi: 1987-2004 - 2004, APE (image+.cue), lossless"
1586792,2,1840441,A2CB10B0E9DFAD839A2F14EDD1D142737162164E,581011685,1,2026-07-31 02:21:01,5,4,"{7,24,24,24,24,24,24,24,24,24,23,24,24,24,24,24,24,24,24,23,25,24,24,24,25,24,24,26,24,24,24}","{33,110,107,102,98,83,82,87,96,92,87,93,94,94,94,92,98,85,83,92,101,84,91,91,96,94,96,106,93,92,90}","(Gothic Melal) Dying Passion - Sweet Disillusions - 2004, FLAC (image+.cue), lossless"
1599437,2,4633736,B0DB8DC159FE4B6CF33227D690846AD51799D35D,436122425,1,2026-07-31 02:21:01,4,3,"{7,24,24,24,24,24,24,24,24,24,23,24,24,24,24,24,24,24,24,23,25,24,24,24,25,24,24,26,24,24,24}","{28,97,100,100,81,89,82,83,86,94,88,96,85,79,93,92,84,78,77,85,97,80,85,83,91,86,92,101,89,88,87}","(Industrial/Gothic Metal) DIE! - Stigmata - 2006, APE (image+.cue), lossless"
1607441,2,5406682,145BEE916DB1D6D262FF0B30A9FF657E22B8B84D,443194849,1,2026-07-31 02:21:01,5,4,"{7,24,24,24,24,24,24,24,24,24,23,24,24,24,24,24,24,24,24,23,25,24,24,24,25,24,24,26,24,24,24}","{42,164,155,150,131,140,139,119,129,112,118,122,151,135,127,149,141,133,138,141,137,116,118,135,139,135,144,146,113,133,118}","(Atmospheric Melodic Gothic Metal) Lunatica - New Shores - 2009, APE (image+.cue), lossless"
1614569,2,8096691,5C8A2B7F68C3E15D48BE0D0E07296218A5916424,415810689,1,2026-07-31 02:21:01,4,3,"{7,24,24,24,24,24,24,24,24,24,23,24,24,24,24,24,24,24,24,23,25,24,24,24,25,24,24,26,24,24,24}","{28,94,93,79,74,60,60,64,64,67,61,69,57,55,64,69,61,61,71,69,75,70,67,70,75,71,85,76,67,63,63}","(Gothic) Dreadful Shadows - The Cycle - 1999, APE (image+.cue), lossless"
1635582,2,1010553,BB1B6CED9BD208C44351D798BDD5955FE72E7E93,493516072,1,2026-07-31 02:21:01,3,3,"{7,24,24,24,24,24,24,24,24,24,23,24,24,24,24,24,24,24,24,23,25,24,24,24,25,24,24,26,24,24,24}","{25,91,92,87,70,80,67,79,74,84,64,78,57,78,77,79,81,75,87,78,95,80,91,88,98,87,94,91,74,77,71}","(Gothic Metal) Theatre Of Tragedy - Aegis - 2002, FLAC (image+.cue), lossless"
1648765,2,8358596,637A4E217266DCE1F8E5DD05946E111A40D3B7F5,363911786,1,2026-07-31 02:21:01,3,3,"{7,24,24,24,24,24,24,24,24,24,23,24,24,24,24,24,24,24,24,23,25,24,24,24,25,24,24,26,24,24,24}","{23,80,94,90,83,72,75,68,87,79,84,95,71,93,90,99,96,84,86,91,102,103,91,92,95,85,94,93,73,93,68}","(Gothic metal) My Insanity - Solar Child - 2001, APE (image+.cue), lossless"
1649751,2,8358596,7B500C940529F79DD228EE3BE5710710C9D8D701,348479406,1,2026-07-31 02:21:01,3,3,"{7,24,24,24,24,24,24,24,24,24,23,24,24,24,24,24,24,24,24,23,25,24,24,24,25,24,24,26,24,24,24}","{23,86,109,90,83,70,74,69,88,78,83,96,71,93,90,99,96,84,86,91,102,97,90,91,95,85,92,93,75,92,68}","(Gothic metal) My Insanity - Scattered Soul Puzzle - 2005, APE (image+.cue), lossless"
1650597,2,8358596,FB6BFE1E90728BFC2F97EDEB1D88F9FD72DD8F84,305192227,1,2026-07-31 02:21:01,3,3,"{7,24,24,24,24,24,24,24,24,24,23,24,24,24,24,24,24,24,24,23,25,24,24,24,25,24,24,26,24,24,24}","{23,80,74,77,65,61,58,64,62,68,58,70,57,55,64,69,61,61,71,76,77,70,71,71,75,71,86,77,67,63,63}","(Gothic metal) Darkseed - Give Me Light - 1999, APE (image+.cue), lossless"
1652723,2,8358596,99864D5134881AF4C90844A75BEF5694418A2CBF,1046695303,1,2026-07-31 02:21:01,3,3,"{7,24,24,24,24,24,24,24,24,24,23,24,24,24,24,24,24,24,24,23,25,24,24,24,25,24,24,26,24,24,24}","{23,84,100,91,64,72,66,68,62,71,76,94,95,87,71,71,66,77,103,97,118,99,92,103,103,101,129,131,109,99,94}","(Gothic metal) Crematory - Early Years - 1999, FLAC (image+.cue), lossless"
1653077,2,6282952,910B3BF34DCFF659F7FF67B4114ED3098A0772A5,308188465,1,2026-07-31 02:21:01,4,4,"{7,24,24,24,24,24,24,24,24,24,23,24,24,24,24,24,24,24,24,23,25,24,24,24,25,24,24,26,24,24,24}","{28,96,98,92,77,76,73,80,84,90,84,96,81,96,96,96,96,80,72,91,100,83,85,84,101,86,92,102,91,88,89}","(Gothic\Progressive Metal) The Scarr - Animalenemy - 2001, APE (image+.cue), lossless"
1666347,2,3622751,4393EF1264DEFDA526190ADF7E29DD794941C9B7,5985666720,1,2026-07-31 02:21:01,4,3,"{7,24,24,24,24,24,24,24,24,24,23,24,24,24,24,24,24,24,24,23,25,24,24,24,25,24,24,26,24,24,24}","{29,96,98,93,77,72,69,81,84,92,92,96,85,79,88,91,88,88,94,95,102,93,94,98,108,98,110,104,99,100,98}","(Gothic Metal/Progressive Rock) Moonlight 15 альбомов 1996-2006, FLAC (image+.cue), lossless"
1666771,2,2127974,67C1EEAECB2EA4313D76BEE225B7F7FF8218A13D,243092659,1,2026-07-31 02:21:01,3,3,"{7,24,24,24,24,24,24,24,24,24,23,24,24,24,24,24,24,24,24,23,25,24,24,24,25,24,24,26,24,24,24}","{23,86,88,78,65,65,68,71,69,72,68,80,65,67,77,67,72,69,80,74,85,73,76,72,83,71,82,86,69,65,69}","(Gothic Rock \ Metal) Dreadful Shadows - Homeless [EP] - 1995, FLAC (image+.cue), lossless"
1667492,2,7085623,1B4BBD49B1A006FF79050D2EA824C33AE792B7EE,340740246,1,2026-07-31 02:21:01,3,3,"{7,24,24,24,24,24,24,24,24,24,23,24,24,24,24,24,24,24,24,23,25,24,24,24,25,24,24,26,24,24,24}","{23,89,84,86,66,74,63,78,76,83,77,87,70,68,78,84,70,61,94,77,85,75,78,81,90,85,91,89,92,82,74}","(Gothic Black Metal) Soulgrind - The Origins Of The Paganblood - 2005, APE (image+.cue), lossless"
1670402,2,763960,5BA9A7859B0ABF3B3F453BFE14ACDC3B6CABFEA8,394350911,1,2026-07-31 02:21:01,5,4,"{7,24,24,24,24,24,24,24,24,24,23,24,24,24,24,24,24,24,24,23,25,24,24,24,25,24,24,26,24,24,24}","{35,128,133,124,103,112,105,107,115,105,99,97,110,114,106,99,103,99,111,108,122,108,97,104,105,108,126,125,105,106,99}","(Gothic/Folk) Letzte Instanz - Schuldig - 2009, FLAC (tracks+.cue), lossless"
1670474,2,2226325,D1EFCD84EAD68FA8E5072884F461C488924B273C,596040626,1,2026-07-31 02:21:01,4,3,"{7,24,24,24,24,24,24,24,24,24,23,24,24,24,24,24,24,24,24,23,25,24,24,24,25,24,24,26,24,24,24}","{28,81,96,96,87,75,72,82,84,91,84,96,84,82,81,96,85,89,102,87,97,80,85,83,92,86,91,102,90,93,87}","(Progressive Gothic Metal) Saviour Machine - Live In Deutschland &amp; Behold A Pale Horse (EP) - 1996,1998 FLAC (image+.cue), lossless"
1690960,2,763960,00B3DAD6C85596B8D0FA9E846BA8712E54C333D9,704936409,1,2026-07-31 02:21:01,6,4,"{7,24,24,24,24,24,24,24,24,24,23,24,24,24,24,24,24,24,24,23,25,24,24,24,25,24,24,26,24,24,24}","{42,156,162,154,137,134,103,125,115,128,112,118,129,145,138,135,129,126,113,107,120,134,92,99,109,107,111,147,116,121,132}","(Gothic/Doom) The Eternal - Kartika - 2008, FLAC (image+.cue), lossless"
1693620,2,763960,C6A4ED822CBA1B165BCAFDE72964046745E664E5,367066468,1,2026-07-31 02:21:01,3,3,"{7,24,24,24,24,24,24,24,24,24,23,24,24,24,24,24,24,24,24,23,25,24,24,24,25,24,24,26,24,24,24}","{24,96,96,92,79,74,70,80,84,90,82,96,81,79,88,91,85,85,95,87,97,76,84,83,82,84,92,91,92,88,87}","(Gothic) Markize - Transparence - 2007, APE (image+.cue), lossless"
1698603,2,9229661,9D1AA180AFB839713DEDF3EEE36DBE1380516814,522314421,1,2026-07-31 02:21:01,5,4,"{7,24,24,24,24,24,24,24,24,24,23,24,24,24,24,24,24,24,24,23,25,24,24,24,25,24,24,26,24,24,24}","{35,120,120,112,99,103,106,97,107,98,91,97,94,125,116,116,117,116,116,114,108,94,93,96,100,96,112,111,98,98,98}","(Gothic Metal) Umbra et Imago - Mystica Sexualis - 2005, APE (image+.cue), lossless"
1700185,2,9221121,1D98F2C4598D103ADA11FC81F44206A29CC488BF,480693177,1,2026-07-31 02:21:01,3,3,"{7,24,24,24,24,24,24,24,24,24,23,24,24,24,24,24,24,24,24,23,25,24,24,24,25,24,24,26,24,24,24}","{32,173,84,88,170,102,198,93,109,71,65,75,66,74,75,75,62,127,64,131,96,82,88,80,77,96,134,100,64,69,64}","(Gothic Metal) The Dreamside - Spin Moon Magic - 2005, APE (image+.cue), lossless"
1727287,2,6370374,E94C07B054303CF85DB2BFDCFFF19E925560FFE5,379510663,1,2026-07-31 02:21:01,3,3,"{7,24,24,24,24,24,24,24,24,24,23,24,24,24,24,24,24,24,24,23,25,24,24,24,25,24,24,26,24,24,24}","{23,85,90,93,65,64,58,64,62,68,67,76,57,55,64,69,61,52,48,77,74,71,65,71,77,71,86,76,62,68,63}","(Gothic Metal) Desolate Ways- Eternal Dreams - 2003, FLAC (image+.cue), lossless"
1733764,2,8995887,EA3670DD8A790932C889E4A3B3E248C7270E9D83,354147805,1,2026-07-31 02:21:01,3,3,"{7,24,24,24,24,24,24,24,24,24,23,24,24,24,24,24,24,24,24,23,25,24,24,24,25,24,24,26,24,24,24}","{23,91,86,86,69,84,69,83,79,82,81,86,73,68,77,87,71,54,78,78,89,82,80,81,90,85,89,88,96,77,76}","(Gothic - Black Metal) Soulgrind - Kalma - 1999, APE (image+.cue), lossless"
1744695,2,5706460,BE9DEB07071F1F2E505F63D8A69D27CB963CD9AD,313550983,1,2026-07-31 02:21:01,3,3,"{7,24,24,24,24,24,24,24,24,24,23,24,24,24,24,24,24,24,24,23,25,24,24,24,25,24,24,26,24,24,24}","{23,80,77,77,67,69,70,78,67,68,65,92,83,79,85,93,83,79,78,92,95,83,82,78,92,92,90,102,68,64,79}","(Alternative / Gothic-metal) Naio Ssaion - Out Loud - 2005, APE (image+.cue), lossless"
1751217,2,420190,E37EDB6363E6DB27B3C1FBC5CDB71BC301366987,222350026,1,2026-07-31 02:21:01,5,4,"{7,24,24,24,24,24,24,24,24,24,23,24,24,24,24,24,24,24,24,23,25,24,24,24,25,24,24,26,24,24,24}","{35,120,120,125,115,104,96,96,108,96,95,109,109,118,104,98,96,97,106,91,102,102,93,86,91,86,92,102,86,87,89}","(Gothic Doom Metal) Paragon of Beauty - Seraphine...Far Gone Gleam - 2000, WAVPack (image+.cue), lossless"
1756087,2,420190,78442283921C3C6C53007DB8EC14B5188F9C573E,301982285,1,2026-07-31 02:21:01,3,3,"{7,24,24,24,24,24,24,24,24,24,23,24,24,24,24,24,24,24,24,23,25,24,24,24,25,24,24,26,24,24,24}","{23,80,74,85,77,75,59,64,61,68,74,94,81,57,64,69,61,75,95,87,76,71,62,70,86,86,91,76,79,94,97}","(Gothic Metal) Monasteryum - Lost Life - 1999, WAVPack (image+.cue), lossless"
1762890,2,6282952,47BDB9332D1B05294031DB6AC336AEDA746E80CF,378998970,1,2026-07-31 02:21:01,3,3,"{7,24,24,24,24,24,24,24,24,24,23,24,24,24,24,24,24,24,24,23,25,24,24,24,25,24,24,26,24,24,24}","{23,80,75,77,64,64,56,64,64,68,61,73,57,55,64,67,61,61,77,69,75,69,68,70,75,71,85,76,63,64,63}","(Gothic/Black Metal) Soulgrind - Pakana 2007, WAVPack (image+.cue), lossless"
1767366,8,529,A057E143DF22B77DCDD1E721EA2B5B57A3D4A9BC,381369709,1,2026-07-31 02:21:01,3,3,"{7,24,24,24,24,24,24,24,24,24,23,24,24,24,24,24,24,24,24,23,25,24,24,24,25,24,24,26,24,24,24}","{26,86,76,84,65,69,74,71,72,72,64,86,82,70,71,76,66,56,57,80,93,71,72,73,80,85,101,103,73,70,68}","(Melodic Death/Gothic Metal) Waldheim - Fight Against Time - 2008, FLAC (image+.cue), lossless"
1769790,2,4624104,B9EC750609E8428B55FF43DADAEA19EA0501EC86,203051750,1,2026-07-31 02:21:01,4,3,"{7,24,24,24,24,24,24,24,24,24,23,24,24,24,24,24,24,24,24,23,25,24,24,24,25,24,24,26,24,24,24}","{28,101,132,160,134,147,121,121,153,180,122,125,160,136,120,114,106,118,140,160,171,139,122,107,150,141,165,174,159,134,128}","(Gothic Metal) Lacrimosa - I lost my Star (CDS) - 2009, APE (image+.cue), lossless"
1773410,2,8358596,5EFBBA8F22A61B742745E47DB42FBBD2A100C0F6,437509682,1,2026-07-31 02:21:01,5,4,"{7,24,24,24,24,24,24,24,24,24,23,24,24,24,24,24,24,24,24,23,25,24,24,24,25,24,24,26,24,24,24}","{35,120,116,112,99,98,97,97,108,98,91,92,96,96,95,96,96,108,116,94,100,90,94,96,102,103,125,118,96,96,93}","(Gothic/Avantgarde Metal) Ensoph - Bleeding Womb Of Ananke - 2001, APE (image+.cue), lossless"
1784172,2,670617,315E6E1476569D03253C826AC115E832B6291294,1518848136,1,2026-07-31 02:21:01,7,3,"{7,24,24,24,24,24,24,24,24,24,23,24,24,24,24,24,24,24,24,23,25,24,24,24,25,24,24,26,24,24,24}","{49,161,117,97,87,97,95,89,98,91,86,93,93,95,87,93,104,101,94,102,111,74,89,101,93,99,130,110,90,91,107}","(Sympho Gothic Metal) Delain - Дискография (2006-2009),APE (image+.cue), lossless"
1784795,2,31012,FD32453FB5E02FC824320F05A140C25516C06B39,372375186,1,2026-07-31 02:21:01,4,3,"{7,24,24,24,24,24,24,24,24,24,23,24,24,24,24,24,24,24,24,23,25,24,24,24,25,24,24,26,24,24,24}","{28,96,96,91,89,90,96,98,99,98,85,95,95,87,96,100,87,92,88,87,103,88,94,91,102,94,102,108,93,92,95}","(Gothic Metal) Lacuna Coil - Shallow Life (Limited Edition) - 2009, FLAC (image+.cue), lossless"
1810861,2,5706460,24B25592DE3DE6CB7CE9494A620BD56FB0461858,324679981,1,2026-07-31 02:21:01,3,3,"{7,24,24,24,24,24,24,24,24,24,23,24,24,24,24,24,24,24,24,23,25,24,24,24,25,24,24,26,24,24,24}","{25,89,89,87,84,83,73,78,71,86,76,80,84,88,80,87,71,71,67,85,95,79,78,81,85,85,99,100,75,77,74}","(Symphonic Dark Metal) Inner Fear - Thanalogy - 2002, APE (image+.cue), lossless"
1823390,2,763960,50B74BDE6261F55D8DFE28EF3F9DF05CDCA48D42,318812306,1,2026-07-31 02:21:01,3,3,"{7,24,24,24,24,24,24,24,24,24,23,24,24,24,24,24,24,24,24,23,25,24,24,24,25,24,24,26,24,24,24}","{23,81,78,78,67,63,54,70,64,68,65,73,61,55,67,67,63,64,78,77,75,74,68,72,75,74,86,76,69,69,89}","(Gothic) Innocens - FREE /us/ - 2008, FLAC (tracks+.cue), lossless"
1829946,8,5427295,65A3328F886D801128887E7BEF82956A6147E3B7,629598305,1,2026-07-31 02:21:01,4,3,"{7,24,24,24,24,24,24,24,24,24,23,24,24,24,24,24,24,24,24,23,25,24,24,24,25,24,24,26,24,24,24}","{28,82,98,92,77,75,74,80,84,90,83,92,81,79,83,95,85,85,101,87,98,78,82,89,94,90,93,102,92,91,88}","(Gothic) Saviour Machine - Legend (Part II) - 1998, APE (image+.cue), lossless"
1853085,8,8922661,66AD4A340BA12FAAF5B555C69F3CCA716C629B75,221344893,1,2026-07-31 02:21:01,4,3,"{7,24,24,24,24,24,24,24,24,24,23,24,24,24,24,24,24,24,24,23,25,24,24,24,25,24,24,26,24,24,24}","{28,96,96,92,77,75,76,80,84,90,82,92,81,79,88,80,85,92,99,87,92,70,71,81,93,86,90,102,91,95,94}","(Gothic Metal) Offertorium - Ohne Dich - 2005, APE (image+.cue), lossless"
1856455,2,763960,D29C576DA1BF7D8499D1A04E1CD3AAF1B4DBA1DE,396273450,1,2026-07-31 02:21:01,3,3,"{7,24,24,24,24,24,24,24,24,24,23,24,24,24,24,24,24,24,24,23,25,24,24,24,25,24,24,26,24,24,24}","{26,83,75,78,65,71,71,80,81,90,84,86,69,75,89,76,61,61,71,69,74,70,86,83,92,78,84,101,92,91,88}","(Gothic Metal) Catafalque - Dialectique - 2007, FLAC (tracks+.cue), lossless"
1867341,2,242728,07642B769ED7731DA4B40545ED95FDE40721A68E,957770085,1,2026-07-31 02:21:01,10,3,"{7,24,24,24,24,24,24,24,24,24,23,24,24,24,24,24,24,24,24,23,25,24,24,24,25,24,24,26,24,24,24}","{68,273,212,184,175,163,189,169,160,138,158,126,138,129,143,153,144,121,147,208,170,136,128,132,147,140,172,160,315,193,163}","(Gothic Metal) Type O Negative - Bloody Kisses (2 CD) (Top-Shelf Edition) - 1993, APE (image+.cue), lossless"
1871447,2,4624104,E745D49B3E431CF3C3796F2F95E7E9020815967B,115550854,1,2026-07-31 02:21:01,4,4,"{7,24,24,24,24,24,24,24,24,24,23,24,24,24,24,24,24,24,24,23,25,24,24,24,25,24,24,26,24,24,24}","{28,97,133,168,144,156,116,116,150,172,138,150,150,143,151,119,99,128,152,146,155,134,128,102,141,147,165,169,154,155,128}","(Gothic Metal) Lacrimosa - Feuer (CDS) - 2009, APE (image+.cue)"
1871574,2,2924483,FA1830EDA00217C6D79B10FD323E16A6C2432791,491652886,1,2026-07-31 02:21:01,5,3,"{7,24,24,24,24,24,24,24,24,24,23,24,24,24,24,24,24,24,24,23,25,24,24,24,25,24,24,26,24,24,24}","{35,127,100,96,79,79,69,80,86,91,85,95,81,79,88,89,87,86,105,92,102,76,80,86,93,88,90,102,86,86,87}","(folk gothic) Letzte Instanz - Das Spiel - 2006, FLAC (image+.cue), lossless"
1871646,2,2924483,A4C5A3E1BFFAA2D0B3E1C4C2A28FE46D43FDA49E,613460468,1,2026-07-31 02:21:01,5,4,"{7,24,24,24,24,24,24,24,24,24,23,24,24,24,24,24,24,24,24,23,25,24,24,24,25,24,24,26,24,24,24}","{35,127,123,114,101,102,86,97,111,102,100,96,98,96,96,99,101,97,105,100,103,90,96,101,102,100,112,107,97,99,100}","(folk gothic) Letzte Instanz - Das Weisse Lied [Limited Edition] - 2007, FLAC (image+.cue), lossless"
1873588,2,2077094,71ADCC7FA73AA795C1952BCF6C5579BBD498E9FE,361841337,1,2026-07-31 02:21:01,6,4,"{7,24,24,24,24,24,24,24,24,24,23,24,24,24,24,24,24,24,24,23,25,24,24,24,25,24,24,26,24,24,24}","{42,144,144,142,135,120,108,120,130,96,101,117,168,130,118,117,103,98,110,105,146,126,95,110,114,102,136,105,96,92,96}","(Gothic Metal / Darkwave) Mantus - K&#246;nigreich der Angst (EP) - 2009, FLAC (image+.cue) + Full Covers"
1888590,2,2077094,D083A680B574CEE6D5B64B319DE88EB5F7E66208,409724336,1,2026-07-31 02:21:01,7,4,"{7,24,24,24,24,24,24,24,24,24,23,24,24,24,24,24,24,24,24,23,25,24,24,24,25,24,24,26,24,24,24}","{53,169,183,202,203,208,167,195,202,189,163,175,204,214,191,148,132,177,191,185,194,178,172,158,192,207,203,216,204,200,187}","(Gothic Metal) Trail Of Tears - Bloodstained Endurance - 2009, FLAC (image+.cue) + Full Covers"
1894733,2,8919038,93D47A7D6AA0CD9F3D669F4110FE25D0639BA80D,396933373,1,2026-07-31 02:21:01,3,3,"{7,24,24,24,24,24,24,24,24,24,23,24,24,24,24,24,24,24,24,23,25,24,24,24,25,24,24,26,24,24,24}","{26,95,101,106,77,75,95,101,93,90,93,97,91,91,95,93,94,87,111,102,108,88,90,101,102,95,108,114,85,88,88}","(Gothic Metal) Autumn Clan - Requiem To The Sun - 2002, APE (image+.cue), lossless"
1923946,2,835518,6AC93BE421810508402AC4BFDD0FA5009E040DA8,1349069082,1,2026-07-31 02:21:01,9,3,"{7,24,24,24,24,24,24,24,24,24,23,24,24,24,24,24,24,24,24,23,25,24,24,24,25,24,24,26,24,24,24}","{61,275,294,279,305,322,338,299,328,305,284,298,286,305,266,277,272,244,290,322,328,301,281,270,350,369,351,390,314,322,339}","(Gothic Metal) [CD] Dreams of Sanity - Discography (1997 - 2000) 3 CD, FLAC (image+.cue), lossless"
1926515,8,8922661,2B12D40546FE933B34B858C5BAAB6C2EE389DBFB,358073591,1,2026-07-31 02:21:01,3,3,"{7,24,24,24,24,24,24,24,24,24,23,24,24,24,24,24,24,24,24,23,25,24,24,24,25,24,24,26,24,24,24}","{23,80,74,77,65,60,61,65,62,67,62,72,57,55,64,69,61,61,71,69,75,69,68,71,75,71,86,79,68,66,63}","(Gothic/Doom) Venin Noir - Rainy Days Of October - 2002, APE (image+.cue), lossless"
1945802,2,5406682,7A07C8A6F1DB106C74024531CE14E521795F91AB,944196607,1,2026-07-31 02:21:01,5,4,"{7,24,24,24,24,24,24,24,24,24,23,24,24,24,24,24,24,24,24,23,25,24,24,24,25,24,24,26,24,24,24}","{34,114,116,108,95,90,87,96,102,94,87,98,91,83,96,95,95,94,94,87,97,90,91,92,97,92,103,105,95,95,87}","(Dark Gothic Progressive Metal) Divercia - Discography 2002-2004, APE (image+.cue), lossless"
1959382,2,763960,0EB9DCAF260AB66545114B2871912D82900273AF,484225778,1,2026-07-31 02:21:01,5,3,"{7,24,24,24,24,24,24,24,24,24,23,24,24,24,24,24,24,24,24,23,25,24,24,24,25,24,24,26,24,24,24}","{35,111,81,85,81,84,91,81,108,113,99,118,104,125,133,123,85,85,97,88,98,89,93,87,108,96,124,118,107,118,92}","(Gothic/Doom/Thrash Metal) Type O Negative - Slow, Deep And Hard (Remastered) - 1991/2009, APE (image+.cue), lossless"
1970441,8,420190,5DF29F2F608635B75CD9CB3A8B7A17A3B17A9204,1490056988,1,2026-07-31 02:21:01,3,3,"{7,24,24,24,24,24,24,24,24,24,23,24,24,24,24,24,24,24,24,23,25,24,24,24,25,24,24,26,24,24,24}","{23,94,90,82,67,64,60,67,62,68,59,76,62,59,72,69,64,61,72,74,75,71,81,80,84,71,85,78,62,67,64}","(Gothic Metal with Folk influences) Adversus - Discography, FLAC (tracks + .cue), lossless"
1994675,2,1840441,0EC5AAD690F26BB0A0A5416EDF37D0B3D2646DDF,340246028,1,2026-07-31 02:21:01,4,3,"{7,24,24,24,24,24,24,24,24,24,23,24,24,24,24,24,24,24,24,23,25,24,24,24,25,24,24,26,24,24,24}","{28,103,92,95,83,72,79,79,83,82,78,83,88,89,81,84,91,79,92,95,98,78,84,79,91,92,91,105,82,89,80}","(Gothic Metal) Shellyz Raven - Desolation - 2000, FLAC (image+.cue), lossless"
2010951,2,1840441,90038B38CD2745DA9EA117D3BFC465665DE57C6F,376423943,1,2026-07-31 02:21:01,4,3,"{7,24,24,24,24,24,24,24,24,24,23,24,24,24,24,24,24,24,24,23,25,24,24,24,25,24,24,26,24,24,24}","{25,92,86,88,74,70,64,76,72,72,70,81,79,70,76,78,80,70,82,82,94,71,74,72,89,79,86,95,81,84,78}","(Gothic Metal) Manic Movement - Dark Glitter - 2009, FLAC (image+.cue), lossless"
2012120,2,2619947,F6496429CB77D1B1B49E5DE4608405EE260A4B2E,569027408,1,2026-07-31 02:21:01,7,4,"{7,24,24,24,24,24,24,24,24,24,23,24,24,24,24,24,24,24,24,23,25,24,24,24,25,24,24,26,24,24,24}","{53,195,208,200,158,126,126,138,140,145,104,137,133,133,138,120,93,87,100,99,107,123,112,97,109,130,139,125,115,121,123}","(gothic folk metal) Antichrisis - A Legacy Of Love. Mark II - 2005, FLAC (image+.cue), lossless"
2034727,2,9666256,379B8066E75DB91395D9A857806C130691AF999B,543034984,1,2026-07-31 02:21:01,6,4,"{7,24,24,24,24,24,24,24,24,24,23,24,24,24,24,24,24,24,24,23,25,24,24,24,25,24,24,26,24,24,24}","{42,144,144,135,120,125,125,120,120,120,113,117,116,140,140,140,142,141,140,134,126,111,114,119,121,120,115,111,99,113,120}","(Goth Rock) Umbra Et Imago - Dunkle Energie - 2001, FLAC (image+.cue)"
2038477,2,2924483,EBCE1C41BFF49E6FFCBA365CB9FDEA6DCD21ADD2,375342453,1,2026-07-31 02:21:01,5,3,"{7,24,24,24,24,24,24,24,24,24,23,24,24,24,24,24,24,24,24,23,25,24,24,24,25,24,24,26,24,24,24}","{35,122,119,110,79,75,77,83,90,91,86,94,81,79,88,89,87,85,96,94,102,78,81,85,92,90,94,103,88,85,87}","(folk gothic) Letzte Instanz - Brachial Romantik - 1997, FLAC (image+.cue), lossless"
2038485,2,2924483,3D048147B727D63AC39850FA8CCE706BC644AF61,423906864,1,2026-07-31 02:21:01,5,3,"{7,24,24,24,24,24,24,24,24,24,23,24,24,24,24,24,24,24,24,23,25,24,24,24,25,24,24,26,24,24,24}","{35,129,120,113,80,77,72,82,87,91,93,96,81,79,88,90,89,86,103,92,98,78,81,85,91,90,95,102,89,86,87}","(folk gothic) Letzte Instanz - Ins Licht - 2006, FLAC (image+.cue), lossless"
2044190,2,2924483,BAEE578502C5068F7AA06A7D8D044C5452D19DD5,375868966,1,2026-07-31 02:21:01,4,3,"{7,24,24,24,24,24,24,24,24,24,23,24,24,24,24,24,24,24,24,23,25,24,24,24,25,24,24,26,24,24,24}","{25,94,85,87,67,62,61,72,74,76,71,84,70,69,79,82,72,75,88,76,80,73,73,71,75,82,90,83,70,75,74}","(gothic metal) Down Below - Wildes Herz - 2009, FLAC (image+.cue), lossless"
2045591,2,763960,6E6E664D809BD0B21ADD35B70C7B2A0969C78684,348174523,1,2026-07-31 02:21:01,5,3,"{7,24,24,24,24,24,24,24,24,24,23,24,24,24,24,24,24,24,24,23,25,24,24,24,25,24,24,26,24,24,24}","{35,120,116,112,99,99,102,97,108,96,92,95,96,96,96,96,96,108,116,94,101,90,90,96,102,95,102,99,89,94,94}","(Gothic/Industrial/Electro) Neon Synthesis - Alchemy Of Rebirth - 2009, APE (image+.cue), lossless"
2057174,2,1840441,4AC5EA77A45E50C33A16787262EAC884B1D63666,342506954,1,2026-07-31 02:21:01,4,3,"{7,24,24,24,24,24,24,24,24,24,23,24,24,24,24,24,24,24,24,23,25,24,24,24,25,24,24,26,24,24,24}","{25,92,83,88,76,71,63,76,76,74,72,84,80,70,76,78,80,70,82,82,93,71,77,73,90,81,89,94,81,83,78}","(Dark/Gothic Metal) Inhuman - Strange Desire - 1996, FLAC (image+.cue), lossless"
2059724,2,334202,C00D3AE0EFB34DE4C67D5A26C08EECEC925B1601,453465762,1,2026-07-31 02:21:01,4,3,"{7,24,24,24,24,24,24,24,24,24,23,24,24,24,24,24,24,24,24,23,25,24,24,24,25,24,24,26,24,24,24}","{25,85,79,79,65,64,58,66,65,74,64,75,57,58,64,73,67,62,71,71,82,70,73,74,75,72,85,76,68,65,65}","(Atmospheric Gothic / Dark Metal) Mandragora Scream - A Whisper Of Dew (24-bit remaster) (limited edition) - 2003, APE (image+.cue), lossless"
2089126,2,6040002,368980E90AB6A1E8276D5C11924DF34FC9772BCE,420429011,1,2026-07-31 02:21:01,3,3,"{7,24,24,24,24,24,24,24,24,24,23,24,24,24,24,24,24,24,24,23,25,24,24,24,25,24,24,26,24,24,24}","{23,80,74,77,65,58,54,64,64,68,59,72,57,55,64,69,61,61,71,69,76,72,69,71,75,71,85,76,68,66,63}","(Gothic Metal) Down Below - Silent Wings:Eternity - 2004, FLAC (image+.cue), lossless"
2097309,2,11342428,C94D4ADC4D6186FA3F5052152E937B13C4BD7864,354228295,1,2026-07-31 02:21:01,4,3,"{7,24,24,24,24,24,24,24,24,24,23,24,24,24,24,24,24,24,24,23,25,24,24,24,25,24,24,26,24,24,24}","{28,96,96,89,73,69,67,64,63,68,72,85,72,77,71,70,67,61,81,69,74,70,70,71,75,76,85,76,67,72,64}","(Atmospheric Gothic Metal) Paragon of Beauty - Comfort Me, Infinity - 2001, FLAC (image+.cue), lossless"
2110321,2,487028,D78A8A1085E5B38D8E3EBA59FDF7D40C86D3BA4B,479122439,1,2026-07-31 02:21:01,5,4,"{7,24,24,24,24,24,24,24,24,24,23,24,24,24,24,24,24,24,24,23,25,24,24,24,25,24,24,26,24,24,24}","{35,120,120,112,97,93,91,97,98,88,92,97,96,96,96,96,96,96,96,92,103,95,87,85,90,86,99,106,96,97,98}","(Gothic/Doom Metal) The Eternal - The Sombre Light Of Isolation - 2004, FLAC (image+.cue), lossless"
2143737,2,763960,E773A864D3D6C55221F53F7A6D294155D8D09E29,1868216718,1,2026-07-31 02:21:01,3,3,"{7,24,24,24,24,24,24,24,24,24,23,24,24,24,24,24,24,24,24,23,25,24,24,24,25,24,24,26,24,24,24}","{23,80,75,77,65,70,77,77,83,91,80,85,81,79,74,81,72,74,82,87,93,77,84,80,88,82,92,102,83,80,80}","(Gothic/Symphonic/Power) Krypteria - Дискография - 2003-2007, FLAC (image+.cue), lossless"
2193381,2,670617,A9BBA414A9D6CE96211E7F08FFE6504091873D8B,511647446,1,2026-07-31 02:21:01,8,4,"{7,24,24,24,24,24,24,24,24,24,23,24,24,24,24,24,24,24,24,23,25,24,24,24,25,24,24,26,24,24,24}","{59,234,233,210,163,193,190,164,198,202,181,192,201,200,182,188,196,189,197,206,209,194,179,182,166,192,201,231,199,197,209}","(Gothic Metal / Symphonic Metal) Leaves' Eyes - Njord (The Limited Edition) - 2009, APE (image+.cue), lossless"
2195581,2,2077094,E5AB0510309357523BE32E85A85BD5FDA1D63C56,456445146,1,2026-07-31 02:21:01,4,3,"{7,24,24,24,24,24,24,24,24,24,23,24,24,24,24,24,24,24,24,23,25,24,24,24,25,24,24,26,24,24,24}","{28,111,106,95,84,78,68,90,88,96,97,92,84,88,93,100,93,90,87,89,96,79,82,85,92,86,93,100,95,95,91}","(Power Symphonic Metal) Krypteria - My Fatal Kiss - 2009, FLAC (image+.cue) + Full Covers"
2210053,2,420190,3C1C95DFA94F14D8FB4E2BA67E61B7655FBF708F,506971126,1,2026-07-31 02:21:01,4,3,"{7,24,24,24,24,24,24,24,24,24,23,24,24,24,24,24,24,24,24,23,25,24,24,24,25,24,24,26,24,24,24}","{28,96,96,92,77,74,73,80,80,90,84,94,84,79,88,93,85,85,95,87,97,78,79,82,92,86,93,102,91,90,87}","(Doom/Gothic Metal) Cemetery of Scream - Melancholy - 1995-2003, FLAC (image+.cue), lossless"
2210833,2,735299,979B5D5396BE5FC162B4482CFF656EF79FEDB409,474324119,1,2026-07-31 02:21:01,8,3,"{7,24,24,24,24,24,24,24,24,24,23,24,24,24,24,24,24,24,24,23,25,24,24,24,25,24,24,26,24,24,24}","{56,175,173,168,123,101,100,127,125,100,87,94,86,82,95,97,88,88,94,91,104,95,92,105,97,100,122,129,128,115,91}","(Gothic metal) Theatres des Vampires - Bloody Lunatic Asylum - 2001, FLAC (image+.cue), lossless"
2223324,2,1840441,87AC68AC1E446C28286EBCE87B39E15F2825E30D,342326485,1,2026-07-31 02:21:01,5,3,"{7,24,24,24,24,24,24,24,24,24,23,24,24,24,24,24,24,24,24,23,25,24,24,24,25,24,24,26,24,24,24}","{37,143,141,135,133,124,124,132,143,137,131,129,154,148,147,137,140,126,133,138,152,123,125,128,120,112,118,158,117,124,124}","(Gothic Metal) Macbeth - Romantic Tragedy's Crescendo - 1998/2005, FLAC (image+.cue), lossless"
2252034,2,4000332,959099BAE9F233292C3484B9BED4152617A568B5,368915855,1,2026-07-31 02:21:01,3,3,"{7,24,24,24,24,24,24,24,24,24,23,24,24,24,24,24,24,24,24,23,25,24,24,24,25,24,24,26,24,24,24}","{23,80,74,77,65,61,55,64,62,68,61,72,57,55,64,69,61,61,71,70,78,70,64,71,75,71,86,76,63,68,63}","(Gothic Metal) Sunterra - Lost Time - 2002, FLAC (tracks+.cue), lossless"
2252315,2,5989006,F832481A73C97EF412ABDC75307FAA9F8D2091BD,1602827612,1,2026-07-31 02:21:01,3,3,"{7,24,24,24,24,24,24,24,24,24,23,24,24,24,24,24,24,24,24,23,25,24,24,24,25,24,24,26,24,24,24}","{23,80,79,77,65,110,101,74,73,81,71,101,120,92,80,80,72,63,61,92,104,78,80,78,83,79,93,102,88,82,78}","(Heavy Gothic Metal) Poisonblack - Studio Discography (2003-2010), FLAC (image+.cue), lossless"
2277153,2,5929524,EFB8B98D3C4AD45E7144DCCDE8505DE08278D7F3,490909046,1,2026-07-31 02:21:01,5,3,"{7,24,24,24,24,24,24,24,24,24,23,24,24,24,24,24,24,24,24,23,25,24,24,24,25,24,24,26,24,24,24}","{39,152,144,128,109,119,107,108,105,113,108,110,114,98,100,102,102,96,106,104,114,96,89,98,99,87,119,112,97,94,96}","(Electro Goth Rock/Synth-Pop/Darkwave) Mantus - Liebe Und Tod - 2000, FLAC (image+.cue), lossless"
2281672,2,10541800,3355EF4548EC0C3DB9ECBF3EBD572E11DBD44700,355202901,1,2026-07-31 02:21:01,3,3,"{7,24,24,24,24,24,24,24,24,24,23,24,24,24,24,24,24,24,24,23,25,24,24,24,25,24,24,26,24,24,24}","{23,80,74,77,65,57,59,64,62,68,61,72,57,55,64,69,65,61,71,69,76,70,65,71,75,71,85,79,65,64,63}","(Atmospheric/Gothic/Darkwave) N.A.O.S. (NAOS) - Melancholia - 1996, FLAC (image+cue), lossless"
2282611,2,3992971,9D7735BE4B0A62664B787F0CCFEEFF578A7C10A2,459299270,1,2026-07-31 02:21:01,5,3,"{7,24,24,24,24,24,24,24,24,24,23,24,24,24,24,24,24,24,24,23,25,24,24,24,25,24,24,26,24,24,24}","{35,120,120,112,99,102,104,97,107,98,91,97,94,96,96,97,96,92,93,93,105,95,90,96,100,96,97,106,88,98,98}","(Gothic Metal) Umbra Et Imago - Gedanken Eines Vampirs (Reissue 2005) - 1995, APE (image+.cue), lossless"
2302981,2,334202,48F7016669F48BA2A5D40C7EDB45B41F94975979,374236738,1,2026-07-31 02:21:01,6,3,"{7,24,24,24,24,24,24,24,24,24,23,24,24,24,24,24,24,24,24,23,25,24,24,24,25,24,24,26,24,24,24}","{44,165,131,136,120,133,116,121,123,144,126,131,139,116,116,130,127,113,99,127,134,115,112,119,127,121,135,133,119,110,115}","(Gothic Metal) Lacrimosa - Sehnsucht (The Original Version) - 2009, APE (image+.cue), lossless (CD Made In Austria)"
2325948,2,5245645,2A2C2DD4087D91C8186D668B358849BF14589A5C,561880056,1,2026-07-31 02:21:01,8,4,"{7,24,24,24,24,24,24,24,24,24,23,24,24,24,24,24,24,24,24,23,25,24,24,24,25,24,24,26,24,24,24}","{56,202,176,178,168,166,182,193,178,192,152,139,148,133,153,170,153,137,123,138,152,134,137,142,153,153,184,172,139,131,141}","(Gothic Rock) Lacrimosa - Sehnsucht/I lost my star - Limited Edition Digipak (2 CD) - 2009, APE (image+.cue), lossless"
2331738,2,2924483,1372DB5439179226DF23D124FEC49A92716E8885,480201526,1,2026-07-31 02:21:01,3,3,"{7,24,24,24,24,24,24,24,24,24,23,24,24,24,24,24,24,24,24,23,25,24,24,24,25,24,24,26,24,24,24}","{23,80,75,77,65,62,56,62,62,68,61,71,57,55,75,82,80,72,84,75,81,70,66,71,75,71,85,76,66,65,63}","(gothic metal) Down Below - Sinfony 23 - 2007, FLAC (image+.cue), lossless"
2367118,2,763960,B84F7ED36543D6D8BD4C9DC428B2BBE30C960F15,343048453,1,2026-07-31 02:21:01,3,3,"{7,24,24,24,24,24,24,24,24,24,23,24,24,24,24,24,24,24,24,23,25,24,24,24,25,24,24,26,24,24,24}","{23,80,75,77,65,62,57,64,64,68,60,72,57,55,64,67,61,61,71,69,76,70,64,71,75,72,85,76,64,69,63}","(Gothic) Theatre of Tragedy - Forever is the World - 2009, APE (image+.cue), lossless"
2368025,2,7165792,9D79FB1C13D53DA18072BA72483EB6E009813761,306948608,1,2026-07-31 02:21:01,3,3,"{7,24,24,24,24,24,24,24,24,24,23,24,24,24,24,24,24,24,24,23,25,24,24,24,25,24,24,26,24,24,24}","{23,80,77,77,67,66,60,69,62,68,64,75,62,55,66,69,63,64,77,77,75,71,68,72,75,73,85,76,73,68,70}","(Gothic Doom Metal) Rain Paint - Nihil Nisi Mors - 2003, APE (image+.cue), lossless"
2373664,2,5929524,042E3B51D2A88BA9B7C6260640404106CE42C67F,363424828,1,2026-07-31 02:21:01,5,3,"{7,24,24,24,24,24,24,24,24,24,23,24,24,24,24,24,24,24,24,23,25,24,24,24,25,24,24,26,24,24,24}","{40,131,129,129,119,121,99,123,134,128,120,120,128,119,116,120,115,117,132,137,134,109,100,117,125,119,157,147,109,116,115}","(Gothic Metal/Doom/Prog) Madder Mortem - Mercury - 1999, FLAC (image+.cue), lossless"
2380810,2,1840441,4F1AB151EEA33F00B51CE2F6A78EFEECD6B3E85D,1194010809,1,2026-07-31 02:21:01,6,3,"{7,24,24,24,24,24,24,24,24,24,23,24,24,24,24,24,24,24,24,23,25,24,24,24,25,24,24,26,24,24,24}","{36,133,140,117,106,115,113,103,116,111,101,123,140,118,121,112,113,115,108,129,135,102,110,100,111,122,138,147,112,106,97}","(Gothic/Dark Metal) Evig Natt - Discography (2007-2016) 3 CD, FLAC (image+.cue), lossless"
2382737,2,1148206,BEBBCCC4C6E047B4A0E83E3AE2C683BA2390876B,153876278,1,2026-07-31 02:21:01,7,3,"{7,24,24,24,24,24,24,24,24,24,23,24,24,24,24,24,24,24,24,23,25,24,24,24,25,24,24,26,24,24,24}","{50,172,170,167,153,132,148,126,128,128,113,149,144,100,124,109,119,134,134,117,126,100,92,94,121,118,105,120,129,129,147}","(Progressive Death Metal) Haggard - Progressive... - 1994, FLAC (tracks+.cue), lossless"
2386852,2,2077094,55E9B9910CF00C587C81CF334C8E60D47DEB0EDC,605273471,1,2026-07-31 02:21:01,5,4,"{7,24,24,24,24,24,24,24,24,24,23,24,24,24,24,24,24,24,24,23,25,24,24,24,25,24,24,26,24,24,24}","{35,134,143,117,106,107,107,101,99,102,94,99,110,120,97,103,100,104,102,112,110,101,95,102,105,104,125,122,105,104,98}","(Classic / Gothic / Metal) Whyzdom - From The Brink Of Infinity - 2009, FLAC (image+.cue) + Full Covers"
2396665,2,242728,504B2CCBFAABC2EB4BFECB03172AC943555DFAB5,1108548185,1,2026-07-31 02:21:01,4,3,"{7,24,24,24,24,24,24,24,24,24,23,24,24,24,24,24,24,24,24,23,25,24,24,24,25,24,24,26,24,24,24}","{28,108,114,97,83,94,100,98,97,93,103,96,100,106,107,103,104,100,99,94,101,83,84,77,88,83,103,103,101,98,90}","(Gothic/Doom/Thrash) Type O Negative - singles - 1993,1996,1997,2000, APE (image+.cue), lossless"
2416711,2,211143,5EE1A3031C9F3E5158D74EC5493377A4F54E136A,483096101,1,2026-07-31 02:21:01,5,4,"{7,24,24,24,24,24,24,24,24,24,23,24,24,24,24,24,24,24,24,23,25,24,24,24,25,24,24,26,24,24,24}","{38,131,133,129,119,118,97,113,121,120,115,113,116,117,120,120,115,114,121,116,128,107,97,132,142,126,160,154,128,136,148}","(Atmospheric Dark Metal) Madder Mortem - Eight Ways - 2009, FLAC (image+.cue), lossless"
2417631,2,2077094,8CB88512CC05FA2B54184B92E3A02DF3A6568EC0,406468772,1,2026-07-31 02:21:01,3,3,"{7,24,24,24,24,24,24,24,24,24,23,24,24,24,24,24,24,24,24,23,25,24,24,24,25,24,24,26,24,24,24}","{26,84,79,83,67,69,58,69,67,74,69,76,68,55,67,74,65,64,80,84,80,79,68,77,76,71,86,76,77,80,81}","(Dark Metal / Neue Deutsche H&#228;rte) Samsas Traum- 13 Jahre Lang Dagegen-Anti Bis Zum Tod - 2009, FLAC (image+.cue), lossless"
2439205,2,1208465,9F95A31A2E3A5B2371D1CB7659B37AA62E03ACB6,451190907,1,2026-07-31 02:21:01,4,3,"{7,24,24,24,24,24,24,24,24,24,23,24,24,24,24,24,24,24,24,23,25,24,24,24,25,24,24,26,24,24,24}","{28,98,96,92,77,73,70,80,84,90,81,95,81,79,93,95,85,85,98,93,98,77,82,84,92,86,90,104,88,85,88}","(Industrial Rock / Industrial Metal / Gothic) [CD] Die! - Still - 2009, FLAC (image+.cue), lossless"
2454602,2,763960,6E4CAE14290C49643AFC7CD8539B9E42DF272FA4,431781304,1,2026-07-31 02:21:01,3,3,"{7,24,24,24,24,24,24,24,24,24,23,24,24,24,24,24,24,24,24,23,25,24,24,24,25,24,24,26,24,24,24}","{23,80,75,77,65,68,67,68,65,80,73,74,71,74,69,76,70,65,79,74,88,74,71,73,84,77,92,91,73,63,70}","(Gothic/Dark) Mandragora Scream - Volturna - 2009, APE (image+.cue), lossless"
2461123,2,8232566,527212F15B86B92F4FA9EEDEF2753163E7E697A8,448606806,1,2026-07-31 02:21:01,3,3,"{7,24,24,24,24,24,24,24,24,24,23,24,24,24,24,24,24,24,24,23,25,24,24,24,25,24,24,26,24,24,24}","{23,80,74,77,65,61,59,64,61,68,61,72,57,55,64,67,61,61,71,69,76,69,69,71,75,71,85,76,64,66,63}","(Gothic Metal) Eternal Sadness - celebrate... - 1999, FLAC (image+.cue), lossless"
2487725,2,9275154,43C75F143E9FE4D9643E29676343D1747189062F,1471347123,1,2026-07-31 02:21:01,5,3,"{7,24,24,24,24,24,24,24,24,24,23,24,24,24,24,24,24,24,24,23,25,24,24,24,25,24,24,26,24,24,24}","{27,103,108,82,78,77,90,89,90,78,85,80,72,75,88,84,82,78,69,80,98,90,83,72,93,84,97,105,90,80,90}","(Gothic/Doom/Thrash) Type o Negative - Bootlegs [Live, Rare and Hard / Slower Deeper Harder / Day Tripper] - 1989 / 1995 / 1999, FLAC (tracks+.cue), lossless"
2495610,2,6319098,DD7696AF10C2349F1CBB27415BCA6A59BC214FB1,457556700,1,2026-07-31 02:21:01,3,3,"{7,24,24,24,24,24,24,24,24,24,23,24,24,24,24,24,24,24,24,23,25,24,24,24,25,24,24,26,24,24,24}","{23,80,74,77,65,64,54,72,64,68,59,71,57,55,64,67,61,61,71,69,76,69,67,70,75,71,85,76,68,67,63}","(Gothic Metal) Elis - Catharsis - (Limited Edition) - 2009, FLAC (image+.cue), lossless"
2499555,2,1840441,98821B01635E57B4330CCB8E726D292EC7740D9A,359158626,1,2026-07-31 02:21:01,4,3,"{7,24,24,24,24,24,24,24,24,24,23,24,24,24,24,24,24,24,24,23,25,24,24,24,25,24,24,26,24,24,24}","{28,104,102,92,74,71,67,78,75,83,76,82,83,73,81,77,86,74,89,89,96,76,86,85,93,83,87,94,77,82,79}","(Gothic/Doom Metal) Eternal Mourning - Delusion &amp; Dementia - 2001, FLAC (image+.cue), lossless"
2513534,8,13678552,B0DFD91E66793F4775898E316ADF941B66E243B9,116617409,1,2026-07-31 02:21:01,5,3,"{7,24,24,24,24,24,24,24,24,24,23,24,24,24,24,24,24,24,24,23,25,24,24,24,25,24,24,26,24,24,24}","{35,127,122,112,85,86,77,85,89,89,95,97,85,79,89,90,87,88,90,76,96,80,81,89,92,94,95,100,95,87,91}","(Gothic / Folk / Folk Rock) Letzte Instanz - Sonne 2005 - 2005, FLAC (tracks+.cue), lossless"
2513552,8,13678552,AC2B10F8E42BF474A961CC7CD6B3E77816A94905,482667403,1,2026-07-31 02:21:01,5,4,"{7,24,24,24,24,24,24,24,24,24,23,24,24,24,24,24,24,24,24,23,25,24,24,24,25,24,24,26,24,24,24}","{35,128,123,115,101,95,97,99,100,104,99,96,98,96,96,97,101,97,104,100,106,96,93,98,100,104,113,108,96,99,101}","(Gothic / Folk / Folk Rock) Letzte Instanz - Wir Sind Gold 2007 - 2007, FLAC (image+.cue), lossless"
2532672,2,12046525,4561C2EC630075231AE906673F164ADE03F8B934,372170829,1,2026-07-31 02:21:01,3,3,"{7,24,24,24,24,24,24,24,24,24,23,24,24,24,24,24,24,24,24,23,25,24,24,24,25,24,24,26,24,24,24}","{23,80,74,77,65,60,57,64,64,68,61,72,57,55,64,67,61,61,71,69,74,72,70,71,75,71,86,76,66,65,63}","(Gothic) Brave - Searching For The Sun (2002) [FLAC (image+cue), lossless]"
2533113,2,1840441,CC80D3760F4DD6862293D83226B998DDD4EB7122,2025025317,1,2026-07-31 02:21:01,7,3,"{7,24,24,24,24,24,24,24,24,24,23,24,24,24,24,24,24,24,24,23,25,24,24,24,25,24,24,26,24,24,24}","{47,185,160,159,161,160,144,153,149,144,142,130,158,148,141,141,152,145,157,152,161,144,149,146,159,142,151,195,166,183,183}","(Gothic Metal) [CD] Elis - Discography (2003-2009) 5 CD, FLAC (image+.cue), lossless"
2540030,2,2924483,D2DFD0AF695FE71C2B8893ED45E8B0B674D4314F,386843000,1,2026-07-31 02:21:01,3,3,"{7,24,24,24,24,24,24,24,24,24,23,24,24,24,24,24,24,24,24,23,25,24,24,24,25,24,24,26,24,24,24}","{23,86,109,91,82,70,78,69,87,79,80,92,73,96,90,99,96,84,86,97,124,122,97,106,95,85,97,93,73,115,92}","(gothic metal) My Insanity - Still Dreams In Violent Areas - 1998, FLAC (image+.cue), lossless"
2546720,2,2924483,1A43148D4427C393506340CD9D225291C7A8EFFC,376803402,1,2026-07-31 02:21:01,6,4,"{7,24,24,24,24,24,24,24,24,24,23,24,24,24,24,24,24,24,24,23,25,24,24,24,25,24,24,26,24,24,24}","{37,153,136,112,99,110,111,112,125,112,108,111,117,117,113,115,98,98,101,114,114,108,93,106,105,114,121,126,110,110,100}","(gothic metal) SaraLee - Damnation To Salvation - 2008, FLAC (image+.cue), lossless"
2558967,2,7165792,357E7AF2E2577E36D423F5E6C65E00BCC2D5D38B,373777610,1,2026-07-31 02:21:01,3,3,"{7,24,24,24,24,24,24,24,24,24,23,24,24,24,24,24,24,24,24,23,25,24,24,24,25,24,24,26,24,24,24}","{29,105,103,88,89,78,84,92,91,89,92,92,99,79,81,87,86,91,99,78,81,70,78,79,76,72,89,88,71,87,80}","(Gothic Metal) Eeriness - Paths - 2007, FLAC (image+.cue), lossless"
2560983,2,763960,8A83D77323E26B994CE9DC42FC6E154D0BD6FF6F,473513195,1,2026-07-31 02:21:01,4,4,"{7,24,24,24,24,24,24,24,24,24,23,24,24,24,24,24,24,24,24,23,25,24,24,24,25,24,24,26,24,24,24}","{31,122,106,95,92,103,91,92,91,101,88,94,90,88,88,93,92,91,92,103,102,95,99,99,97,92,95,122,96,94,101}","(Electro/Gothic) Erben Der Schopfung - Narben Der Zeit - 2009, FLAC (image+.cue), lossless"
2574448,2,2924483,9AF0B0C6BD6324F09BC4BBB4725AA6395FBE32E6,420466388,1,2026-07-31 02:21:01,6,4,"{7,24,24,24,24,24,24,24,24,24,23,24,24,24,24,24,24,24,24,23,25,24,24,24,25,24,24,26,24,24,24}","{47,152,144,109,121,118,135,128,129,126,109,102,94,95,102,97,108,101,106,108,120,107,127,127,138,137,144,146,127,127,128}","(gothic metal) Scream Silence - Elegy - 2004, FLAC (image+.cue), lossless"
2575892,2,25053998,9C82A471A726A710DEB82C691EDFE59FECF81CED,524982628,1,2026-07-31 02:21:01,4,3,"{7,24,24,24,24,24,24,24,24,24,23,24,24,24,24,24,24,24,24,23,25,24,24,24,25,24,24,26,24,24,24}","{26,92,79,81,70,67,60,67,64,82,65,87,63,69,69,77,63,76,81,74,81,75,70,81,90,84,88,93,81,79,67}","(Gothic/Black/Doom Metal) Autumnblaze - D&#228;mmerElbenTrag&#246;die - 1999 (Released 2003), FLAC (image+.cue), lossless"
2599987,2,2799938,61CD769D030D883DD6F3C948E1A9534651657A2E,320398591,1,2026-07-31 02:21:01,4,4,"{7,24,24,24,24,24,24,24,24,24,23,24,24,24,24,24,24,24,24,23,25,24,24,24,25,24,24,26,24,24,24}","{32,150,128,119,114,129,118,116,115,118,115,103,115,110,101,103,109,115,114,125,120,118,109,120,111,109,123,152,110,118,111}","(Gothic/Progressive Metal) Echoes Of Eternity - As Shadows Burn - 2009, APE (image+.cue), lossless"
2609641,2,1840441,AB16C83449A04DF19203D08B2612D1AFAC3A9DC3,440972752,1,2026-07-31 02:21:01,6,4,"{7,24,24,24,24,24,24,24,24,24,23,24,24,24,24,24,24,24,24,23,25,24,24,24,25,24,24,26,24,24,24}","{40,136,127,123,117,108,104,108,119,102,106,108,118,112,110,105,116,106,104,101,117,99,102,105,116,111,113,120,109,111,108}","(Gothic Metal) Nicodemus - The Supernatural Omnibus - 2003, FLAC (image+.cue), lossless"
2609865,2,1840441,0A5F5D94798D68F7036F104DC7C9D4226969D0BC,385303105,1,2026-07-31 02:21:01,4,3,"{7,24,24,24,24,24,24,24,24,24,23,24,24,24,24,24,24,24,24,23,25,24,24,24,25,24,24,26,24,24,24}","{26,102,100,98,90,84,95,104,107,99,99,91,106,102,94,99,110,96,96,92,103,86,93,91,93,94,96,107,90,98,103}","(Gothic Metal) Frown - Features and Causes of the Frozen Origin - 2001, FLAC (image+.cue), lossless"
2650160,2,1840441,8740D4D624CD86F3354CE0D0F94F6393CE19C9B2,449319018,1,2026-07-31 02:21:01,5,3,"{7,24,24,24,24,24,24,24,24,24,23,24,24,24,24,24,24,24,24,23,25,24,24,24,25,24,24,26,24,24,24}","{31,103,95,93,86,73,78,104,80,83,78,87,92,81,85,84,88,85,95,91,97,80,81,82,91,85,90,104,86,95,89}","(Gothic/Doom Metal) Labyrinthus Noctis - Forever Fallen Darkness - 2005, FLAC (image+.cue), lossless"
2659823,2,2924483,0167B83079201DE8C0B3F88EC115783109715DB2,125824272,1,2026-07-31 02:21:01,6,5,"{7,24,24,24,24,24,24,24,24,24,23,24,24,24,24,24,24,24,24,23,25,24,24,24,25,24,24,26,24,24,24}","{43,140,128,112,121,120,129,129,128,125,105,99,93,95,103,97,107,102,106,108,118,109,129,129,138,137,145,146,125,124,128}","(gothic metal) Scream Silence - Creed [Single] - 2005, FLAC (image+.cue), lossless"
2659841,2,2924483,13EF480ABD99D1FA0D2497D01AE1AE9EC6A10003,471153004,1,2026-07-31 02:21:01,6,4,"{7,24,24,24,24,24,24,24,24,24,23,24,24,24,24,24,24,24,24,23,25,24,24,24,25,24,24,26,24,24,24}","{46,159,144,113,123,124,138,128,126,125,120,98,94,98,106,104,110,105,110,118,130,114,138,129,138,137,147,151,131,128,136}","(gothic metal) Scream Silence - Apathology - 2008, FLAC (image+.cue), lossless"
2692160,2,2924483,776DD5B781FD00A626A54A4D03F1E046EB417FFF,301363353,1,2026-07-31 02:21:01,3,3,"{7,24,24,24,24,24,24,24,24,24,23,24,24,24,24,24,24,24,24,23,25,24,24,24,25,24,24,26,24,24,24}","{23,84,75,85,65,67,71,68,63,79,68,77,64,64,64,77,74,64,80,73,80,69,72,70,78,72,90,83,73,67,67}","(gothic) The Blue Season - Secede - 2001, FLAC (image+.cue), lossless"
2714184,8,11913666,C338AD2429852251CEB28334119EE46D28C5F716,571437908,1,2026-07-31 02:21:01,4,3,"{7,24,24,24,24,24,24,24,24,24,23,24,24,24,24,24,24,24,24,23,25,24,24,24,25,24,24,26,24,24,24}","{26,95,91,83,72,70,66,74,74,81,71,87,72,68,81,84,77,71,89,83,90,77,76,80,90,85,88,89,85,80,78}","(Neue Deutsche H&#228;rte / Gothic Metal) Weissglut - Etwas kommt in Deine Welt (Digipack) - 1998, FLAC (tracks+.cue), lossless"
2714916,8,11913666,634A29E2995F46F18B38FF6F47FA768975845BEF,370918938,1,2026-07-31 02:21:01,4,3,"{7,24,24,24,24,24,24,24,24,24,23,24,24,24,24,24,24,24,24,23,25,24,24,24,25,24,24,26,24,24,24}","{26,95,91,83,72,71,68,74,85,95,85,97,93,91,95,95,96,86,90,92,101,89,93,95,91,85,90,89,84,82,78}","(Neue Deutsche H&#228;rte / Gothic Metal) Weissglut - Zeichen - 2000, FLAC (tracks+.cue), lossless"
2715071,2,1840441,EE7A05AD34A53FF205024D584F5A0C976DD16786,311138296,1,2026-07-31 02:21:01,5,4,"{7,24,24,24,24,24,24,24,24,24,23,24,24,24,24,24,24,24,24,23,25,24,24,24,25,24,24,26,24,24,24}","{30,117,112,105,101,98,87,90,95,94,89,94,104,114,110,111,112,113,113,121,120,92,105,107,105,103,130,176,133,115,114}","(Gothic/Doom Metal) Let Me Dream - My Dear Succubus - 1995, FLAC (image+.cue), lossless"
2720809,2,3980972,CF2444080DE621FEB6349C1C6250E509043FEA6B,737865190,1,2026-07-31 02:21:01,3,3,"{7,24,24,24,24,24,24,24,24,24,23,24,24,24,24,24,24,24,24,23,25,24,24,24,25,24,24,26,24,24,24}","{23,80,74,77,65,59,55,64,64,68,61,72,57,55,64,67,61,61,71,69,75,69,68,70,75,71,85,76,66,65,63}","(Gothic Metal) Staub - Trockenzeit - 2003, FLAC (image+.cue), lossless"
2721912,2,835518,E563A8D12C26CD68A11A5C18768DDD0AFC35939B,1499021581,1,2026-07-31 02:21:01,4,3,"{7,24,24,24,24,24,24,24,24,24,23,24,24,24,24,24,24,24,24,23,25,24,24,24,25,24,24,26,24,24,24}","{31,106,106,95,83,75,88,89,97,97,90,96,100,120,109,72,94,91,88,91,101,86,87,94,97,94,86,93,75,73,78}","(Gothic Metal) [CD] Via Mistica - Discography (2003-2006) 3 CD, FLAC (image+.cue), lossless"
2722011,2,7784981,150D6219CFA2C6BF235FEBB7D78F44E42FC0EE31,352588820,1,2026-07-31 02:21:01,14,3,"{7,24,24,24,24,24,24,24,24,24,23,24,24,24,24,24,24,24,24,23,25,24,24,24,25,24,24,26,24,24,24}","{107,373,371,383,368,380,382,362,383,368,339,350,373,370,376,343,354,379,369,324,374,296,306,309,332,322,305,338,320,342,357}","(Classical/Orchestral/Symphonic Metal) Haggard - Tales of Ithiria - 2008, FLAC (image+.cue), lossless"
2725812,2,1840441,B3D244A61587240FF47AA5761724FD9E9C2BA7F7,363037490,1,2026-07-31 02:21:01,4,3,"{7,24,24,24,24,24,24,24,24,24,23,24,24,24,24,24,24,24,24,23,25,24,24,24,25,24,24,26,24,24,24}","{25,95,83,88,83,77,69,82,92,79,71,81,79,71,76,76,81,70,82,82,92,73,79,72,89,82,84,95,81,82,78}","(Symphonic Gothic/Black Metal) Frozen Tears - Uncreated World - 2002, FLAC (image+.cue), lossless"
2727418,2,25053998,685F928FBC4A1C773FD1844422F00F2116DD846C,291729579,1,2026-07-31 02:21:01,3,3,"{7,24,24,24,24,24,24,24,24,24,23,24,24,24,24,24,24,24,24,23,25,24,24,24,25,24,24,26,24,24,24}","{21,80,79,80,71,79,85,80,87,96,83,93,89,93,91,99,86,83,79,93,99,89,84,89,94,95,99,105,95,93,70}","(Gothic/Doom Metal) Weeping Silence - End Of An Era - 2008, FLAC (image+.cue), lossless"
2794697,2,1840441,E298A73B23B4B788FACC817DAAD4A7300BD17193,393571033,1,2026-07-31 02:21:01,6,3,"{7,24,24,24,24,24,24,24,24,24,23,24,24,24,24,24,24,24,24,23,25,24,24,24,25,24,24,26,24,24,24}","{33,127,102,102,96,84,97,95,96,96,105,102,99,94,102,92,96,93,102,100,107,84,102,95,115,144,135,135,94,95,93}","(Gothic Metal) Dominion - Blackout (Japanese Edition) - 1997, FLAC (image+.cue), lossless"
2795167,2,2077094,FC71B0F3C6585BD13CF16234B912FFDA961E811E,354728777,1,2026-07-31 02:21:01,6,4,"{7,24,24,24,24,24,24,24,24,24,23,24,24,24,24,24,24,24,24,23,25,24,24,24,25,24,24,26,24,24,24}","{43,157,156,149,131,129,144,136,131,138,125,123,148,156,138,135,138,140,151,146,157,139,142,152,154,161,170,177,155,150,139}","(Epic / Gothic Metal) Siegfried - Nibelung - 2009, FLAC (image+.cue), lossless + Full Covers"
2800085,2,10541800,1D7B181C95F160ECB0BA53F4CB8FC99FC9047FE2,374137920,1,2026-07-31 02:21:01,3,3,"{7,24,24,24,24,24,24,24,24,24,23,24,24,24,24,24,24,24,24,23,25,24,24,24,25,24,24,26,24,24,24}","{23,80,75,77,65,61,57,64,64,68,58,71,57,55,64,65,61,61,71,69,74,66,67,70,75,72,85,76,68,65,63}","(Gothic Metal) Rain Paint - Disillusion Of Purity (2006) [APE (image+cue), lossless]"
2801810,2,9484089,523452680D5CAC7426AAB8722A495E278CED9DF1,356271268,1,2026-07-31 02:21:01,3,3,"{7,24,24,24,24,24,24,24,24,24,23,24,24,24,24,24,24,24,24,23,25,24,24,24,25,24,24,26,24,24,24}","{23,80,74,77,64,60,58,64,64,68,61,70,57,55,64,67,61,64,71,69,75,70,71,70,75,71,85,76,63,65,63}","(Symphonic Gothic Metal) Mortemia - Misere Mortem - 2010, APE (image+.cue), lossless"
2839821,2,1840441,5CA98EB77B605792F536FE22B707AA7582920255,415530497,1,2026-07-31 02:21:01,5,3,"{7,24,24,24,24,24,24,24,24,24,23,24,24,24,24,24,24,24,24,23,25,24,24,24,25,24,24,26,24,24,24}","{34,137,154,138,117,106,114,108,125,126,109,119,143,143,117,93,99,81,97,114,103,105,101,98,121,114,126,123,104,114,97}","(Gothic/Doom Metal) [CD] How Like A Winter - ...Beyond My Grey Wake - 2003, FLAC (image+.cue), lossless"
2841061,2,334202,158741B6B89430555852C45C38F5769135C653BD,529253942,1,2026-07-31 02:21:01,9,4,"{7,24,24,24,24,24,24,24,24,24,23,24,24,24,24,24,24,24,24,23,25,24,24,24,25,24,24,26,24,24,24}","{52,163,140,150,149,138,129,130,125,141,140,133,181,162,133,127,131,130,155,143,180,134,131,152,171,169,204,175,130,130,120}","(Symphonic Doom-Gothic Metal) After Forever - Prison of Desire (Japanese Collectors Edition) - 2007, APE (image+.cue), lossless"
2851878,2,2924483,F6C1DB894CAA183E416702CB4A3CE55BF0DBFE12,563096878,1,2026-07-31 02:21:01,3,3,"{7,24,24,24,24,24,24,24,24,24,23,24,24,24,24,24,24,24,24,23,25,24,24,24,25,24,24,26,24,24,24}","{24,89,89,86,74,73,78,80,69,85,78,86,72,68,79,82,76,76,74,72,81,70,68,70,75,71,84,76,67,71,75}","(gothic metal) The Illusion Fades - Killing Ages - 2009, FLAC (image+.cue), lossless"
2857330,2,2924483,96ACA2B78ECAF653B1481A195ECA78D45DCD5E93,456597417,1,2026-07-31 02:21:01,3,3,"{7,24,24,24,24,24,24,24,24,24,23,24,24,24,24,24,24,24,24,23,25,24,24,24,25,24,24,26,24,24,24}","{23,80,74,77,65,63,58,64,62,68,61,72,57,55,64,67,61,61,71,69,76,72,65,70,75,71,85,76,63,64,63}","(dark melodic metal) Downfall - My Last Prayer - 2002, FLAC (image+.cue), lossless"
2874752,2,2077094,0B7DB5641615040A3B937567D2D1DDAA91689823,455566121,1,2026-07-31 02:21:01,5,3,"{7,24,24,24,24,24,24,24,24,24,23,24,24,24,24,24,24,24,24,23,25,24,24,24,25,24,24,26,24,24,24}","{39,155,151,134,118,116,114,108,105,120,113,122,123,103,100,107,108,117,126,124,129,121,119,122,119,106,144,133,116,108,120}","(Gothic Metal / Darkwave) Mantus - Demut - 2010, FLAC (image+.cue), lossless + Full Covers"
2877979,2,11966148,8A1BB101B63444BCA17ABBC27FF87E0EC0ACB0A7,608861087,1,2026-07-31 02:21:01,3,3,"{7,24,24,24,24,24,24,24,24,24,23,24,24,24,24,24,24,24,24,23,25,24,24,24,25,24,24,26,24,24,24}","{23,104,74,77,65,62,59,64,62,72,61,72,60,55,79,67,61,61,71,69,74,70,71,70,79,73,104,111,87,63,63}","(Symphonic/Gothic Metal) Sarah Jezebel Deva - A Sign Of Sublime - 2010, FLAC (image+.cue), lossless"
2880144,2,10493129,A833D768190390BDE042FAC69BDD6800B2DE0976,416983263,1,2026-07-31 02:21:01,5,3,"{7,24,24,24,24,24,24,24,24,24,23,24,24,24,24,24,24,24,24,23,25,24,24,24,25,24,24,26,24,24,24}","{39,154,147,132,109,113,109,105,106,123,110,116,114,102,100,102,107,107,115,101,110,96,90,99,104,86,118,111,96,96,96}","(darkwave\gothic metal) Mantus - Abschied - 2001, FLAC (image+.cue), lossless"
2889069,2,3395106,6D455A37C35AB9098F2D30627B8E07DF839F449F,306008198,1,2026-07-31 02:21:01,4,4,"{7,24,24,24,24,24,24,24,24,24,23,24,24,24,24,24,24,24,24,23,25,24,24,24,25,24,24,26,24,24,24}","{28,103,105,97,86,88,88,82,88,94,88,93,91,94,93,97,87,84,79,91,101,86,88,91,97,94,101,104,95,99,90}","(Symphonic/Gothic Metal) Katra - Katra - 2007, FLAC (tracks+.cue), lossless"
2896142,2,2924483,555F1D085159CEBFCA30CB43B6C9A58B8C4A391B,283510741,1,2026-07-31 02:21:01,3,3,"{7,24,24,24,24,24,24,24,24,24,23,24,24,24,24,24,24,24,24,23,25,24,24,24,25,24,24,26,24,24,24}","{26,80,74,77,65,61,52,64,64,68,61,72,57,55,64,69,61,61,71,69,75,68,67,70,75,71,86,76,64,68,63}","(gothic darkwave) Illuminate - Ohne Worte - 2009, FLAC (image+.cue), lossless"
2905320,2,487028,B24686EA414A7B401EC48781F9E697978A027374,396158684,1,2026-07-31 02:21:01,5,3,"{7,24,24,24,24,24,24,24,24,24,23,24,24,24,24,24,24,24,24,23,25,24,24,24,25,24,24,26,24,24,24}","{33,121,92,95,113,116,100,82,101,92,102,104,98,106,91,77,68,81,58,83,93,83,79,80,92,86,89,119,81,81,78}","(Gothic/Doom Metal) The Equinox ov the Gods - Fragments of Lust &amp; Decay - 2007, FLAC (image+.cue), lossless"
2931980,2,2362882,7146645114A0699DE21799A89E21E5F0FCD2BCC1,579047641,1,2026-07-31 02:21:01,9,3,"{7,24,24,24,24,24,24,24,24,24,23,24,24,24,24,24,24,24,24,23,25,24,24,24,25,24,24,26,24,24,24}","{45,149,162,135,123,138,132,133,153,133,125,123,136,114,115,120,129,116,118,119,142,134,124,124,171,180,211,170,146,160,164}","(Heavy Metal) Type O Negative - The Least Worst Of - 2000, (compilation), FLAC (tracks+.cue), lossless"
2953267,8,529,0D8BA414710FD3B2DA95B772CB1B09F7A83BF6AA,508651003,1,2026-07-31 02:21:01,10,4,"{7,24,24,24,24,24,24,24,24,24,23,24,24,24,24,24,24,24,24,23,25,24,24,24,25,24,24,26,24,24,24}","{70,231,230,244,246,267,258,267,231,238,230,213,220,219,204,209,201,206,227,224,225,224,214,252,246,260,247,270,274,259,227}","(Doom Gothic Metal) Draconian - Turning Season Within (Special Edition for Korea - 2008), FLAC (image+.cue), lossless"
2958518,2,11966148,2A137E91C8306D9A96A73D3FD9BB42FAF926FC5A,684136592,1,2026-07-31 02:21:01,5,4,"{7,24,24,24,24,24,24,24,24,24,23,24,24,24,24,24,24,24,24,23,25,24,24,24,25,24,24,26,24,24,24}","{35,120,120,120,111,107,107,118,114,110,106,106,111,110,116,109,108,111,116,112,113,103,107,111,112,108,127,118,112,108,114}","(Alternative/Gothic Metal) Lacuna Coil - Shallow Life (Deluxe Edition) - 2010, FLAC (image+.cue), lossless"
2963724,2,10482159,63F4DAA826FD48D58571F8A81376C5CBB5631842,278129493,1,2026-07-31 02:21:01,3,3,"{7,24,24,24,24,24,24,24,24,24,23,24,24,24,24,24,24,24,24,23,25,24,24,24,25,24,24,26,24,24,24}","{23,91,87,88,72,74,64,81,64,77,80,87,72,71,76,78,76,67,68,79,86,79,77,77,88,85,91,87,86,73,81}","(Gothic/Industrial Metal) Manzana - Nothing Is As Whole As A Broken Heart - 2007, FLAC (image+.cue), lossless"
2966226,2,13420514,C78EEC670C502EAD92833D73AA44B2F8010D5803,407613116,1,2026-07-31 02:21:01,3,3,"{7,24,24,24,24,24,24,24,24,24,23,24,24,24,24,24,24,24,24,23,25,24,24,24,25,24,24,26,24,24,24}","{26,80,81,92,77,76,74,80,84,70,71,71,70,55,64,67,62,76,76,92,101,92,85,70,75,71,90,103,87,91,95}","(Gothic Metal / Melodic Metal) Forever Slave - Tales For Bad Girls - 2008, FLAC (image+.cue+scans), lossless"
2995405,2,2077094,B537E19028805DC20E052A7ADAB74BF389A2AE62,367873937,1,2026-07-31 02:21:01,8,3,"{7,24,24,24,24,24,24,24,24,24,23,24,24,24,24,24,24,24,24,23,25,24,24,24,25,24,24,26,24,24,24}","{59,190,175,171,149,188,162,129,133,130,150,162,135,119,116,117,119,136,157,150,156,137,143,155,180,173,158,165,151,143,164}","(Gothic Metal) Leaves' Eyes - At Heaven's End - 2010, FLAC (image+.cue), lossless"
2999320,2,2531770,9117B35A7A68B869A4CD4154AEFC36D3C4958726,549686555,1,2026-07-31 02:21:01,3,3,"{7,24,24,24,24,24,24,24,24,24,23,24,24,24,24,24,24,24,24,23,25,24,24,24,25,24,24,26,24,24,24}","{23,80,78,77,65,61,55,64,61,68,60,87,57,86,88,91,85,58,48,86,98,75,67,75,84,71,85,76,65,69,87}","(Melodic Symphonic Gothic Metal) The Murder Of My Sweet - Divanity - 2010, APE (image+.cue), lossless"
3028885,2,1840441,99E2D29BEB60494736ACE5FA9BD3A4B848E8B281,409183754,1,2026-07-31 02:21:01,4,3,"{7,24,24,24,24,24,24,24,24,24,23,24,24,24,24,24,24,24,24,23,25,24,24,24,25,24,24,26,24,24,24}","{25,92,83,88,74,72,64,76,70,73,72,84,77,69,76,76,81,70,82,82,93,71,80,72,89,78,87,94,76,84,78}","(Melodic Black/Gothic Metal) Those Endless Eyes - Awaits Behind - 2006, FLAC (image+.cue), lossless"
3033126,2,11873358,30AD2E33268AA57BD92DF4A1E79690B6571E35B6,420226287,1,2026-07-31 02:21:01,3,3,"{7,24,24,24,24,24,24,24,24,24,23,24,24,24,24,24,24,24,24,23,25,24,24,24,25,24,24,26,24,24,24}","{23,81,80,78,66,62,69,69,65,68,61,80,72,70,64,65,61,67,79,78,89,75,69,84,76,85,99,105,92,71,74}","(Gothic Metal) Lacrimosa - Singles Collection - 1999, FLAC (image+.cue), lossless"
3034143,2,4624104,3903774AAC4004E657879928B8C0C3A5D563DAA4,704507887,1,2026-07-31 02:21:01,3,3,"{7,24,24,24,24,24,24,24,24,24,23,24,24,24,24,24,24,24,24,23,25,24,24,24,25,24,24,26,24,24,24}","{23,82,80,78,66,68,71,81,90,102,73,73,68,55,67,70,64,71,73,81,78,75,70,69,75,77,97,94,67,68,65}","(Gothic Metal) Lacrimosa - Schattenspiel (Limited Edition) - 2010, FLAC (tracks+.cue), lossless"
3059510,2,3350033,DAB2E2B59D2F7371857921EEBCA7DBE01B23A1E8,516380768,1,2026-07-31 02:21:01,3,3,"{7,24,24,24,24,24,24,24,24,24,23,24,24,24,24,24,24,24,24,23,25,24,24,24,25,24,24,26,24,24,24}","{23,80,74,77,65,62,54,64,61,68,61,73,57,55,64,67,61,62,72,69,74,71,69,72,75,70,85,76,66,68,63}","(Gothic/Progressive/Dark Metal) Solar Scream - Bare To The Bone - 2010, FLAC (image+.cue), lossless"
3062529,2,2924483,8DB4F10EA64DF4D79070DF9784C081443A729697,370313529,1,2026-07-31 02:21:01,3,3,"{7,24,24,24,24,24,24,24,24,24,23,24,24,24,24,24,24,24,24,23,25,24,24,24,25,24,24,26,24,24,24}","{23,80,94,90,84,72,74,69,87,80,84,93,72,93,72,90,76,69,85,84,101,103,82,87,91,84,92,92,73,95,68}","(gothic metal) My Insanity - Clean - 2009, FLAC (image+.cue), lossless"
3067829,2,14123727,219A4FFE3819E0F8DAF0658CEEC236C8AB0734F0,421708917,1,2026-07-31 02:21:01,6,4,"{7,24,24,24,24,24,24,24,24,24,23,24,24,24,24,24,24,24,24,23,25,24,24,24,25,24,24,26,24,24,24}","{42,150,155,151,131,146,130,126,132,134,131,132,125,160,163,157,156,155,141,144,138,126,131,136,134,128,132,132,117,133,134}","(Gothic Metal) Umbra et Imago - Memento Mori - 2004, FLAC (tracks+.cue), lossless"
3074519,2,1840441,335DA4FEA2A27081C86F53C707DF5D8A41420825,310798662,1,2026-07-31 02:21:01,6,4,"{7,24,24,24,24,24,24,24,24,24,23,24,24,24,24,24,24,24,24,23,25,24,24,24,25,24,24,26,24,24,24}","{40,155,156,145,137,139,142,131,131,130,124,118,149,144,118,120,132,116,131,138,144,117,115,134,131,127,144,156,124,134,141}","(Gothic Metal) Cemetary 1213 - The Beast Divine - 2000, FLAC (image+.cue), lossless"
3078551,2,2924483,CAD716599CDF8FF7AA44E9ECC0A1A4166557DF84,392846337,1,2026-07-31 02:21:01,5,3,"{7,24,24,24,24,24,24,24,24,24,23,24,24,24,24,24,24,24,24,23,25,24,24,24,25,24,24,26,24,24,24}","{38,125,126,121,110,119,108,97,108,98,90,102,97,110,98,96,95,100,95,92,108,96,106,103,114,122,134,144,120,123,138}","(gothic metal) The LoveCrave - Soul Saliva - 2010, FLAC (image+.cue), lossless"
3081071,8,14160467,4BE638F8FB9E111F84C8C8FDF21EDD5E42ADDF3F,395477236,1,2026-07-31 02:21:01,4,3,"{7,24,24,24,24,24,24,24,24,24,23,24,24,24,24,24,24,24,24,23,25,24,24,24,25,24,24,26,24,24,24}","{32,116,114,112,87,104,94,98,90,100,87,94,96,109,108,101,103,110,120,99,104,94,113,101,109,90,108,111,96,95,91}","(Gothic Metal) Theatre Of Tragedy - Storm (Limited Edition) - 2006, FLAC (image+.cue), lossless"
3088213,2,7536826,6469F88EE414423C724B9643EE9713B7D6D03227,534128869,1,2026-07-31 02:21:01,5,3,"{7,24,24,24,24,24,24,24,24,24,23,24,24,24,24,24,24,24,24,23,25,24,24,24,25,24,24,26,24,24,24}","{39,149,144,136,127,112,104,108,105,121,119,114,156,115,100,102,102,96,107,106,151,108,93,109,111,90,137,109,96,92,96}","(Gothic / Metal / Rock) Mantus - Die Hochzeit von Himmel und H&#246;lle - 2010, FLAC (image+.cue) - 2010, FLAC (image+.cue), lossless"
3093325,2,1840441,6482A9A5E43FAC76D8A501C2DA26A003EBBDAD53,340614950,1,2026-07-31 02:21:01,6,3,"{7,24,24,24,24,24,24,24,24,24,23,24,24,24,24,24,24,24,24,23,25,24,24,24,25,24,24,26,24,24,24}","{34,135,115,107,99,105,114,111,120,110,111,109,128,127,113,105,110,90,93,118,131,110,100,103,108,124,122,137,109,119,105}","(Gothic/Doom Metal) [CD] Winds of Sirius - Beyond All Temples and Myths - 1999, FLAC (image+.cue), lossless"
3098903,2,1840441,6CEB1E4277DAF5E4A5A3AB51551B7C2734FA96CD,404271335,1,2026-07-31 02:21:01,4,3,"{7,24,24,24,24,24,24,24,24,24,23,24,24,24,24,24,24,24,24,23,25,24,24,24,25,24,24,26,24,24,24}","{25,92,85,88,74,70,64,76,71,72,72,88,79,92,94,90,98,67,59,89,103,79,79,77,92,77,86,94,80,83,88}","(Orchestral Gothic/Dark Metal) My Threnody - An Angel and the Eternal Silence - 2002, FLAC (image+.cue), lossless"
3098986,2,1840441,1CA622E17ACFB83E255FE3ED5D515AE57E373747,479781499,1,2026-07-31 02:21:01,4,3,"{7,24,24,24,24,24,24,24,24,24,23,24,24,24,24,24,24,24,24,23,25,24,24,24,25,24,24,26,24,24,24}","{25,92,83,88,74,70,64,76,72,72,72,83,78,72,76,78,81,70,82,82,93,72,78,72,89,77,87,96,82,85,78}","(Orchestral Gothic/Dark Metal) My Threnody - The Dawn of Understanding - 2005, FLAC (image+.cue), lossless"
3105782,2,1055539,969B63C720C111E9DFBD292713B4C70793502670,446166155,1,2026-07-31 02:21:01,4,3,"{7,24,24,24,24,24,24,24,24,24,23,24,24,24,24,24,24,24,24,23,25,24,24,24,25,24,24,26,24,24,24}","{28,96,96,92,77,72,70,80,82,90,84,94,81,79,88,91,85,85,95,95,98,77,82,83,92,85,92,102,89,85,87}","(Gothic Metal) Darkseed - Poison Awaits - 2010, FLAC (tracks+.cue), lossless"
3115151,2,5210417,6DC43B285ACD289EE2751CD6CEF62AFC1899D8F4,458470453,1,2026-07-31 02:21:01,6,3,"{7,24,24,24,24,24,24,24,24,24,23,24,24,24,24,24,24,24,24,23,25,24,24,24,25,24,24,26,24,24,24}","{50,175,173,149,121,116,136,131,153,151,150,147,129,140,124,120,152,159,158,152,167,132,140,147,149,140,141,160,157,170,165}","(Gothic Metal) For My Pain... - Fallen (Reissue) - 2009, FLAC (tracks+.cue), lossless"
3125168,2,5706460,6176998F9CDF8E77F41A02C33BBFB3E443AFBBD2,529724577,1,2026-07-31 02:21:01,3,3,"{7,24,24,24,24,24,24,24,24,24,23,24,24,24,24,24,24,24,24,23,25,24,24,24,25,24,24,26,24,24,24}","{23,80,74,77,65,60,58,64,64,68,61,69,57,55,64,69,61,61,71,69,75,67,68,71,75,71,85,76,69,63,63}","(Symphonic Gothic / Power Metal) Magion - Close To Eternity - 2010, FLAC (tracks+.cue), lossless"
3131632,2,6913417,790090A4A05E0FE9B49EAE4FF2DF479B5F86A97F,232693746,1,2026-07-31 02:21:01,6,3,"{7,24,24,24,24,24,24,24,24,24,23,24,24,24,24,24,24,24,24,23,25,24,24,24,25,24,24,26,24,24,24}","{38,124,109,111,114,109,116,114,125,96,90,102,96,106,97,102,102,91,89,86,100,87,87,92,112,106,101,116,98,103,104}","(Neoclassical Symphonic Metal) Inner Shrine - Mediceo - 2010, FLAC (image+.cue), lossless"
3138897,2,2941265,FC51C43384E650C7E601892FF4DF1D73A88B3F04,260152580,1,2026-07-31 02:21:01,4,4,"{7,24,24,24,24,24,24,24,24,24,23,24,24,24,24,24,24,24,24,23,25,24,24,24,25,24,24,26,24,24,24}","{28,96,96,92,77,75,72,80,84,90,84,95,90,88,87,91,94,85,95,87,97,78,84,83,92,85,92,102,87,89,87}","(Gothic Metal) Black Orchid - Inertia - 2008, FLAC (image+.cue), lossless"
3140566,2,15625571,CDB6F8AA074A386FD3DAC576AC158729C05B03F2,424718127,1,2026-07-31 02:21:01,6,4,"{7,24,24,24,24,24,24,24,24,24,23,24,24,24,24,24,24,24,24,23,25,24,24,24,25,24,24,26,24,24,24}","{42,150,156,144,129,142,137,121,126,126,125,123,117,122,125,125,126,125,118,115,135,122,117,122,134,127,130,126,112,127,130}","(Gothic Metal, NDH) Umbra et Imago - Opus Magnus - 2010, FLAC (image+.cue), lossless"
3182636,2,13678552,C4E51B92DC97BCFE249F93781CE5C52E29BEEF75,568946401,1,2026-07-31 02:21:01,5,4,"{7,24,24,24,24,24,24,24,24,24,23,24,24,24,24,24,24,24,24,23,25,24,24,24,25,24,24,26,24,24,24}","{35,122,135,127,102,113,108,105,115,103,104,97,109,116,104,98,107,99,106,106,123,106,93,100,109,108,124,128,102,107,99}","(Gothic / Folk / Folk Rock) Letzte Instanz - Heilig [Limited Edition] - 2010, FLAC (image+.cue) lossless"
3192692,2,3248414,4BAA73EEC31776249515575D1928D8A49EB0EBEF,428982274,1,2026-07-31 02:21:01,5,4,"{7,24,24,24,24,24,24,24,24,24,23,24,24,24,24,24,24,24,24,23,25,24,24,24,25,24,24,26,24,24,24}","{35,120,116,112,99,102,92,97,108,96,93,94,96,96,96,112,96,109,116,94,101,90,92,111,110,114,126,114,95,96,142}","(Symphonic Gothic Metal) Anemonia - Moonlit Numina - 2009, FLAC (image+.cue) lossless"
3198538,2,1840441,B52C48CD63F5BDECEDA9EEAEF9B54CFD0BA00DEC,361069316,1,2026-07-31 02:21:01,4,3,"{7,24,24,24,24,24,24,24,24,24,23,24,24,24,24,24,24,24,24,23,25,24,24,24,25,24,24,26,24,24,24}","{25,92,83,88,76,70,62,76,71,72,73,79,78,71,76,76,81,70,82,82,93,69,76,72,88,77,84,95,80,82,78}","(Gothic Metal) The Sun of Weakness - Trompe L'Oeil - 2007, FLAC (image+.cue) lossless"
3199819,2,1840441,2F2F2A8B7D434BE655B57E57F9A522B72A8FA061,426669021,1,2026-07-31 02:21:01,4,3,"{7,24,24,24,24,24,24,24,24,24,23,24,24,24,24,24,24,24,24,23,25,24,24,24,25,24,24,26,24,24,24}","{25,92,83,88,74,72,61,76,73,72,72,81,79,71,76,76,81,70,82,82,93,71,74,72,89,77,85,96,79,87,78}","(Progressive Gothic/Doom Metal) Resonance Room - Unspoken - 2008, FLAC (image+.cue) lossless"
3204331,2,6282952,A068915D63B80B00282A3BD19E83AB116E9FE007,342315109,1,2026-07-31 02:21:01,3,3,"{7,24,24,24,24,24,24,24,24,24,23,24,24,24,24,24,24,24,24,23,25,24,24,24,25,24,24,26,24,24,24}","{24,80,80,80,74,87,69,74,71,81,64,82,88,79,89,86,71,71,71,96,101,67,73,72,76,80,95,104,83,79,71}","(Gothic Metal) Unsun - Clinic For Dolls - 2010, FLAC (tracks+.cue) lossless"
3205198,2,13661700,B227EF4B3E99A0C20CA9411DBFC697C1919F756D,387679479,1,2026-07-31 02:21:01,3,3,"{7,24,24,24,24,24,24,24,24,24,23,24,24,24,24,24,24,24,24,23,25,24,24,24,25,24,24,26,24,24,24}","{23,80,74,77,65,61,55,64,63,68,63,69,57,55,64,67,61,61,71,69,76,69,70,70,75,71,85,76,66,65,63}","(Progressive Doom Gothic Metal) The Provenance - Still At Arms Length - 2003, FLAC (image+.cue) lossless"
3205219,2,13661700,58844B891494C0C1EA3561E49646BF40C7E5F7F9,418899782,1,2026-07-31 02:21:01,3,3,"{7,24,24,24,24,24,24,24,24,24,23,24,24,24,24,24,24,24,24,23,25,24,24,24,25,24,24,26,24,24,24}","{23,80,74,77,65,60,58,64,64,68,60,72,57,55,64,67,61,61,71,69,76,71,68,70,75,71,86,76,67,61,63}","(Progressive Doom Gothic Metal) The Provenance - How Would You Like To Be Spat At - 2005, FLAC (image+.cue) lossless"
3206127,2,7906162,70D0805B4B3D67624B95DB27EBE44C5AAE2B6A1F,357744821,1,2026-07-31 02:21:01,6,4,"{7,24,24,24,24,24,24,24,24,24,23,24,24,24,24,24,24,24,24,23,25,24,24,24,25,24,24,26,24,24,24}","{42,144,144,135,120,119,116,120,119,120,109,118,120,120,120,132,111,96,119,115,125,113,113,120,123,120,134,131,110,118,120}","(Industrial/Gothic Metal) Omega Lithium - Omega Lithium - Dreams In Formaline - 2009, FLAC (image+.cue) lossless"
3206509,2,2538953,22C19DB372C794DAA9A43920BE4C49E9115226B8,332639218,1,2026-07-31 02:21:01,3,3,"{7,24,24,24,24,24,24,24,24,24,23,24,24,24,24,24,24,24,24,23,25,24,24,24,25,24,24,26,24,24,24}","{25,90,88,86,70,73,66,79,73,84,61,78,57,71,77,77,78,75,87,71,96,77,85,83,92,80,85,79,69,69,63}","(Gothic Metal) Theatre Of Tragedy - Addenda [EP] - 2010, FLAC (image+.cue) lossless"
3209995,2,487028,BC01BFC2147474484E5600AE82568DF8E63639C6,414835185,1,2026-07-31 02:21:01,3,3,"{7,24,24,24,24,24,24,24,24,24,23,24,24,24,24,24,24,24,24,23,25,24,24,24,25,24,24,26,24,24,24}","{23,80,74,77,65,61,59,64,62,68,61,72,57,55,64,67,61,61,71,69,75,72,86,82,75,71,85,76,64,62,63}","(Gothic / Doom Metal) The Provenance - 25th Hour; Bleeding - 2001, FLAC (image+.cue) lossless"
3236392,2,2009210,FFEFE23C38FBA43B8842DB3CEFA71F3113BC4517,426762127,1,2026-07-31 02:21:01,4,4,"{7,24,24,24,24,24,24,24,24,24,23,24,24,24,24,24,24,24,24,23,25,24,24,24,25,24,24,26,24,24,24}","{31,110,106,98,82,84,76,90,87,90,84,96,81,82,94,91,82,97,98,85,104,95,91,96,92,85,112,108,97,92,92}","(Atmospheric Doom/Gothic Metal) Elegeion - Through The Eyes Of Regret - 2001, FLAC (image+.cue) lossless"
3239109,2,4624104,1010CC487DCEAEFFBE338CA394EA28504E8C87DC,176119400,1,2026-07-31 02:21:01,4,4,"{7,24,24,24,24,24,24,24,24,24,23,24,24,24,24,24,24,24,24,23,25,24,24,24,25,24,24,26,24,24,24}","{28,96,96,92,77,73,66,80,84,90,80,97,81,79,88,89,85,85,99,87,97,78,85,83,92,85,91,102,92,91,89}","(Gothic Metal/Electronic) Lacrimosa - Gift (Подарочный диск) - 2010, FLAC (image+.cue) lossless"
3261424,2,8746926,2CF9BAFB902F8199B9E3C3286DA2F2B0E8E4A6E5,580420523,1,2026-07-31 02:21:01,5,3,"{7,24,24,24,24,24,24,24,24,24,23,24,24,24,24,24,24,24,24,23,25,24,24,24,25,24,24,26,24,24,24}","{39,151,157,140,112,109,110,111,120,105,91,101,105,104,117,135,98,92,116,91,110,105,100,83,86,87,96,89,89,73,89}","(Gothic Metal) Antichrisis - Cantara Anachoreta (2010) - 2010, FLAC (image+.cue) lossless"
3264148,2,4616980,ACF0AA3E66B32C9282707EE1757DBBC0DA4E8F09,1078954027,1,2026-07-31 02:21:01,4,3,"{7,24,24,24,24,24,24,24,24,24,23,24,24,24,24,24,24,24,24,23,25,24,24,24,25,24,24,26,24,24,24}","{28,103,96,92,77,74,67,80,84,90,84,96,81,79,79,93,85,95,99,93,101,80,81,94,103,88,104,111,100,119,117}","(Gothic) Saviour Machine - Коллекция (2 CD) - 1993-1994, FLAC (image+.cue) lossless"
3269678,2,19588415,EE0F0B06A136CCE1F275982CE60C94D51ACE9FE3,420537828,1,2026-07-31 02:21:01,5,4,"{7,24,24,24,24,24,24,24,24,24,23,24,24,24,24,24,24,24,24,23,25,24,24,24,25,24,24,26,24,24,24}","{36,128,128,121,109,100,94,97,108,96,97,100,96,119,111,96,96,102,104,96,107,96,90,96,101,105,109,105,96,95,99}","(Gothic Metal) Lake Of Tears - Forever Autumn - 1999, FLAC (image+.cue) lossless"
3272764,2,19588415,76842C4F3EC8EDC8F4B5BB2381E1BA11B2CE7BB2,438537639,1,2026-07-31 02:21:01,3,3,"{7,24,24,24,24,24,24,24,24,24,23,24,24,24,24,24,24,24,24,23,25,24,24,24,25,24,24,26,24,24,24}","{22,115,101,119,81,85,103,99,104,101,87,103,90,110,121,93,70,75,75,72,86,72,88,87,100,93,101,108,93,101,102}","(Gothic Metal) Sundown - Glimmer - 1999 (Original Digipack), FLAC (image+.cue) lossless"
3278308,2,19588415,4C2F633E10D3AD99C6F3BA99E2FF65E62A3C25AC,431500086,1,2026-07-31 02:21:01,5,3,"{7,24,24,24,24,24,24,24,24,24,23,24,24,24,24,24,24,24,24,23,25,24,24,24,25,24,24,26,24,24,24}","{31,145,136,141,130,150,122,101,109,97,89,104,133,107,100,98,107,96,102,90,112,93,94,95,107,98,108,108,105,96,105}","(Gothic Metal) The Gathering - Home - 2006 (Noise Records N04182), FLAC (image+.cue) lossless"
3281266,2,2296019,27FECE5632F8841623D8556339D914178622790B,196746312,1,2026-07-31 02:21:01,6,3,"{7,24,24,24,24,24,24,24,24,24,23,24,24,24,24,24,24,24,24,23,25,24,24,24,25,24,24,26,24,24,24}","{39,138,105,93,96,97,93,105,120,98,90,97,83,79,74,67,61,84,89,77,89,79,78,73,81,84,87,98,66,72,80}","(Gothic Doom) The Equinox ov the Gods - The End of Days [ep] - 2010, FLAC (image+.cue) lossless"
3286169,2,3227001,288F53E0C413CB44C7F0428B7166AAD5764DD54D,383897079,1,2026-07-31 02:21:01,3,3,"{7,24,24,24,24,24,24,24,24,24,23,24,24,24,24,24,24,24,24,23,25,24,24,24,25,24,24,26,24,24,24}","{23,80,74,77,65,59,58,64,64,68,60,72,57,55,64,67,61,61,71,69,76,70,66,70,75,71,86,76,64,61,63}","(Gothic Metal) Evereve - Tried &amp; Failed - 2005, FLAC (image+.cue) lossless"
3286372,2,1840441,3B272ED8AE50E79CE2BA9BA25471B5E1ADC8D540,299054548,1,2026-07-31 02:21:01,9,5,"{7,24,24,24,24,24,24,24,24,24,23,24,24,24,24,24,24,24,24,23,25,24,24,24,25,24,24,26,24,24,24}","{59,213,222,225,210,203,199,214,207,180,185,171,193,184,179,161,187,161,168,158,206,180,146,144,149,161,192,188,160,177,179}","(Gothic Metal) Flowing Tears &amp; Withered Flowers - Joy Parade - 1998, FLAC (image+.cue) lossless"
3288583,2,17610708,229E93B7DB6FAA979F943AF3148E287A41878E91,530440836,1,2026-07-31 02:21:01,3,3,"{7,24,24,24,24,24,24,24,24,24,23,24,24,24,24,24,24,24,24,23,25,24,24,24,25,24,24,26,24,24,24}","{23,88,82,89,69,64,66,69,68,78,69,76,70,74,72,74,72,66,82,93,93,75,86,72,85,90,84,92,101,76,72}","(Industrial Metal, Darkwave) Mortiis - Perfectly defect (Extended version) + Vard&#248;Deu / Vardoger - 2010-2012, WEB, FLAC (tracks) lossless"
3294829,2,7660964,58A3944C00DEDEA0C1D2B03E3FF7F62A2DEEFD56,5440590123,1,2026-07-31 02:21:01,15,3,"{7,24,24,24,24,24,24,24,24,24,23,24,24,24,24,24,24,24,24,23,25,24,24,24,25,24,24,26,24,24,24}","{109,509,466,460,451,531,518,503,471,470,465,513,508,506,489,515,493,484,503,468,505,489,464,503,562,537,563,679,543,499,531}","(Gothic Metal / Industrial Metal) Theatre of Tragedy - Discography (1995 - 2010), FLAC (image+.cue) lossless"
3296122,2,10512471,12FD10311D7F0BA815490A465DA9B8DCA01D6745,385453069,1,2026-07-31 02:21:01,4,3,"{7,24,24,24,24,24,24,24,24,24,23,24,24,24,24,24,24,24,24,23,25,24,24,24,25,24,24,26,24,24,24}","{28,96,96,103,85,79,78,80,94,90,74,92,82,88,88,96,85,97,95,93,103,93,89,85,91,86,105,111,95,99,87}","(Extreme gothic metal) The Old Dead Tree - Perpetual motion [Limited Edition, Digibook] - 2005, FLAC (image+.cue) lossless"
3296145,2,10512471,B975A848AFD56D7A85286F3F8852B33A46FECEAE,389393248,1,2026-07-31 02:21:01,6,3,"{7,24,24,24,24,24,24,24,24,24,23,24,24,24,24,24,24,24,24,23,25,24,24,24,25,24,24,26,24,24,24}","{41,168,171,183,151,149,144,96,101,95,80,90,94,102,90,105,94,94,84,99,115,110,97,91,98,93,110,128,105,116,90}","(Extreme gothic metal) The Old Dead Tree - The Nameless Disease - 2003, FLAC (image+.cue) lossless"
3296822,2,19588415,F525C2658D4A819930AB21D864E913117D644173,337210329,1,2026-07-31 02:21:01,5,4,"{7,24,24,24,24,24,24,24,24,24,23,24,24,24,24,24,24,24,24,23,25,24,24,24,25,24,24,26,24,24,24}","{35,134,135,152,141,106,100,104,110,114,103,101,123,112,130,129,127,107,122,128,125,104,106,133,143,114,129,140,122,99,112}","(Gothic Metal) Wish - Monochrome - 1995, FLAC (image+.cue) lossless"
3298097,2,18617165,8CF93778AE253309A8E5458E5A9424C487CC75A9,340375833,1,2026-07-31 02:21:01,4,3,"{7,24,24,24,24,24,24,24,24,24,23,24,24,24,24,24,24,24,24,23,25,24,24,24,25,24,24,26,24,24,24}","{28,120,139,125,106,97,90,91,93,93,101,119,119,117,91,81,85,81,118,99,101,83,93,95,103,108,111,129,116,107,93}","(Gothic Doom Metal) Crematory - ...Just Dreaming (Japanese TECX-25802) - 1994, FLAC (image+.cue) lossless"
3300450,2,10512471,5A7E3193CD094D0CCE2178C6D40122BD4A680170,390596775,1,2026-07-31 02:21:01,5,3,"{7,24,24,24,24,24,24,24,24,24,23,24,24,24,24,24,24,24,24,23,25,24,24,24,25,24,24,26,24,24,24}","{35,120,120,113,102,96,97,97,117,96,80,91,82,85,88,96,85,97,95,86,99,90,85,84,92,85,91,106,88,99,87}","(Extreme gothic metal) The Old Dead Tree - The Water Fields [Ltd.edition digibook] - 2007, FLAC (image+.cue) lossless"
3311575,2,19588415,7032F67E79171576A113B53269A26004C10514EE,431129814,1,2026-07-31 02:21:01,6,3,"{7,24,24,24,24,24,24,24,24,24,23,24,24,24,24,24,24,24,24,23,25,24,24,24,25,24,24,26,24,24,24}","{46,182,172,175,166,148,151,155,164,122,80,88,86,100,97,98,106,96,97,88,107,108,102,97,118,115,100,100,87,80,80}","(Gothic/Doom Metal) Theatre of Tragedy - Theatre of Tragedy - 1995 (Original Jewel Case MASS CD 063), FLAC (image+.cue) lossless"
3312075,2,14060258,4567AE02E45AF5DCEDBA06AC3D864A38E393865E,333221478,1,2026-07-31 02:21:01,3,3,"{7,24,24,24,24,24,24,24,24,24,23,24,24,24,24,24,24,24,24,23,25,24,24,24,25,24,24,26,24,24,24}","{26,98,91,81,76,81,74,77,78,78,79,85,73,71,84,86,82,73,57,91,88,79,84,79,76,91,101,96,94,86,79}","(Gothic Metal) Unshine - Earth Magick - 2005, FLAC (image+.cue) lossless"
3314362,2,529,BECEF37C1B4B8FE9B340FDE5301B43C9B3B93332,521241398,1,2026-07-31 02:21:01,3,3,"{7,24,24,24,24,24,24,24,24,24,23,24,24,24,24,24,24,24,24,23,25,24,24,24,25,24,24,26,24,24,24}","{23,80,79,89,67,65,61,69,64,68,66,74,62,55,66,67,62,63,77,76,75,70,71,72,75,71,86,76,72,66,68}","(Dark Gothic Metal) Majesty Of Silence - Lichtstille - 2006, FLAC (image+.cue) lossless"
3314981,2,529,7C5B3D5EC733A67C4152FEC07A60AFFD720ED166,386374734,1,2026-07-31 02:21:01,3,3,"{7,24,24,24,24,24,24,24,24,24,23,24,24,24,24,24,24,24,24,23,25,24,24,24,25,24,24,26,24,24,24}","{23,80,74,77,65,62,58,64,62,68,61,70,57,55,64,67,61,61,71,69,76,70,69,70,91,71,85,76,67,64,63}","(Gothic Metal) Nebelstille - In Alle Ewigkeit... - 2009, FLAC (image+.cue) lossless"
3315711,8,15204870,98A1A42B684ABCB4FA0FB8449E3FB8D73ACA8C56,1867282181,1,2026-07-31 02:21:01,4,3,"{7,24,24,24,24,24,24,24,24,24,23,24,24,24,24,24,24,24,24,23,25,24,24,24,25,24,24,26,24,24,24}","{28,82,96,92,77,75,73,80,84,90,84,94,81,79,79,91,85,85,95,87,96,75,85,83,91,85,92,102,90,88,87}","(Gothic Metal) Saviour Machine - Rarities Revelations 2006, FLAC (track+.cue) lossless - 2006, FLAC (tracks+.cue) lossless"
3316935,8,15204870,AACB772BAF49DF860BDB1CE95ADFFAB48EF8EC10,923723264,1,2026-07-31 02:21:01,4,3,"{7,24,24,24,24,24,24,24,24,24,23,24,24,24,24,24,24,24,24,23,25,24,24,24,25,24,24,26,24,24,24}","{28,81,96,91,77,93,103,120,105,95,83,94,96,104,100,111,108,96,99,119,140,111,95,100,108,101,139,137,105,110,98}","(Gothic Metall) Saviour Machine - Legend Part 1 (2 CD) Limited Signature Edition 2008, FLAC (tracks+.cue) lossless"
3318290,2,17010201,C9359D317428C10E357E36F43E4AD61C6DE7E3F2,407412329,1,2026-07-31 02:21:01,3,3,"{7,24,24,24,24,24,24,24,24,24,23,24,24,24,24,24,24,24,24,23,25,24,24,24,25,24,24,26,24,24,24}","{23,80,74,77,65,60,56,64,62,68,61,70,57,55,64,69,61,61,71,69,76,72,70,70,75,71,86,76,68,60,63}","(Gothic Metal) Despairation - Songs Of Love And Redemption - 2002, FLAC (image+.cue) lossless"
3318554,8,15204870,5AFD3FA3A5E2F3E219F6CEB1CBCFEE218A284D86,775210462,1,2026-07-31 02:21:01,5,4,"{7,24,24,24,24,24,24,24,24,24,23,24,24,24,24,24,24,24,24,23,25,24,24,24,25,24,24,26,24,24,24}","{35,103,120,110,99,97,92,97,108,96,92,96,96,96,94,96,96,96,96,92,100,92,91,95,100,96,109,105,98,98,97}","(Gothic Metal) Saviour Machine - Live In Deutschland 2002 (2 CD) - 2003, FLAC (tracks+.cue) lossless"
3319528,2,529,A18F15A04338869C4CE5BDD36E58D28305DC62B5,297197917,1,2026-07-31 02:21:01,4,4,"{7,24,24,24,24,24,24,24,24,24,23,24,24,24,24,24,24,24,24,23,25,24,24,24,25,24,24,26,24,24,24}","{28,96,96,92,77,74,68,80,84,90,87,94,81,79,88,91,85,85,95,87,98,79,83,83,90,85,92,102,90,88,87}","(Melodic Doom/Dark/Gothic Metal) Posithrone - Necropoles - 2009, FLAC (image+.cue) lossless"
3319903,2,3435919,32D0957F22A038BD1428CC1C57520D6122A4E27B,165126067,1,2026-07-31 02:21:01,4,3,"{7,24,24,24,24,24,24,24,24,24,23,24,24,24,24,24,24,24,24,23,25,24,24,24,25,24,24,26,24,24,24}","{28,82,96,92,77,72,64,80,84,90,84,95,81,79,79,89,85,85,95,87,98,77,83,84,92,85,92,102,86,86,87}","(Gothic Metal) Saviour Machine - Behind The Mask (EP) - 1999, FLAC (tracks+.cue) lossless"
3321631,2,18617165,5296AF09E2FE3F9C93C144BDB39D609697051F9D,352544757,1,2026-07-31 02:21:01,4,4,"{7,24,24,24,24,24,24,24,24,24,23,24,24,24,24,24,24,24,24,23,25,24,24,24,25,24,24,26,24,24,24}","{28,96,96,92,77,75,70,80,81,90,83,94,81,79,88,91,85,85,95,87,97,75,85,83,92,88,94,102,92,87,89}","(Progressive / Gothic Metal) Kingfisher Sky - Skin Of The Earth - 2010, APE (image+.cue) lossless"
3323360,2,13420514,46966BC2890ECB4140C0AFE1AF6BCBC33C294131,543484623,1,2026-07-31 02:21:01,3,3,"{7,24,24,24,24,24,24,24,24,24,23,24,24,24,24,24,24,24,24,23,25,24,24,24,25,24,24,26,24,24,24}","{26,80,75,77,65,60,54,64,65,68,61,69,57,55,64,67,61,61,71,69,76,69,69,70,75,71,84,76,70,71,63}","(Symphonic Gothic Metal / Dark Metal) Angeldark - Angelique - 2008, APE (image+.cue+scans) lossless"
3324693,2,13202097,E224510EE4725CCA3C00444A8583582DE1225892,383205681,1,2026-07-31 02:21:01,5,4,"{7,24,24,24,24,24,24,24,24,24,23,24,24,24,24,24,24,24,24,23,25,24,24,24,25,24,24,26,24,24,24}","{34,138,124,125,116,137,126,101,118,117,103,117,114,113,107,104,95,102,129,149,151,125,98,106,111,127,154,148,114,112,109}","(Symphonic Power / Gothic Metal) After forever - Remagine - 2005, FLAC (image+.cue) lossless"
3328769,2,18617165,7CE65601472A09E6F40B54DD7CBE4CB017B28BAE,344719725,1,2026-07-31 02:21:01,4,4,"{7,24,24,24,24,24,24,24,24,24,23,24,24,24,24,24,24,24,24,23,25,24,24,24,25,24,24,26,24,24,24}","{28,96,96,92,77,74,76,79,83,90,83,96,81,79,88,91,85,85,95,87,97,79,84,83,89,85,90,93,90,90,87}","(Symphonic Gothic Metal) Katra - Out Of The Ashes - 2010, FLAC (tracks+.cue) lossless"
3345752,2,835518,A93BA4FDA77F11E2B411E3EBD91A5D2E545E782D,1297458478,1,2026-07-31 02:21:01,4,3,"{7,24,24,24,24,24,24,24,24,24,23,24,24,24,24,24,24,24,24,23,25,24,24,24,25,24,24,26,24,24,24}","{29,117,107,104,94,107,100,107,125,112,104,104,97,119,123,110,107,110,113,92,96,96,90,99,101,93,107,102,97,88,86}","(Gothic Metal) [CD] EverEve - Collection. 3 CD (1996,1998,1999), FLAC (image+.cue) lossless"
3353858,2,25053998,FD4378F2EC3A5AD0D496390649F6A7FB291234FA,353198156,1,2026-07-31 02:21:01,3,3,"{7,24,24,24,24,24,24,24,24,24,23,24,24,24,24,24,24,24,24,23,25,24,24,24,25,24,24,26,24,24,24}","{23,80,75,77,64,63,64,86,85,89,70,79,62,59,77,66,66,68,80,75,81,73,69,71,76,78,95,92,65,72,70}","(Symphonic Black/Gothic Metal) Soulgrind - Into The Dark Vales Of Death - 2002, FLAC (image+.cue) lossless"
3356141,2,529,9C406477EE8B1F92E4C60951E1259F7DC4671F64,330587113,1,2026-07-31 02:21:01,3,3,"{7,24,24,24,24,24,24,24,24,24,23,24,24,24,24,24,24,24,24,23,25,24,24,24,25,24,24,26,24,24,24}","{22,91,79,84,68,58,63,65,73,77,72,83,57,55,64,67,61,69,88,80,91,81,73,72,82,79,93,82,83,83,77}","(Dark Gothic Metal) Con Anima - The Book Of Riddles - 1999, FLAC (image+.cue) lossless"
3357615,2,16438159,692B36D0D14F33F1CCB3609A7A3CA7B68294BAD2,323748255,1,2026-07-31 02:21:01,10,4,"{7,24,24,24,24,24,24,24,24,24,23,24,24,24,24,24,24,24,24,23,25,24,24,24,25,24,24,26,24,24,24}","{70,220,214,211,167,144,129,134,159,145,141,130,151,150,143,152,157,147,150,142,156,131,108,113,129,123,130,124,107,100,98}","(Gothic Metal) Theatres Des Vampires - Pleasure And Pain - 2005, FLAC (image+.cue) lossless"
3361395,2,19588415,6E20AB918BBCDBAB1DBB11E3B02BEEFAC9A98E16,789866994,1,2026-07-31 02:21:01,6,4,"{7,24,24,24,24,24,24,24,24,24,23,24,24,24,24,24,24,24,24,23,25,24,24,24,25,24,24,26,24,24,24}","{46,174,166,120,122,114,123,153,126,152,160,142,156,159,154,159,122,132,137,139,116,123,97,129,127,148,144,151,152,133,127}","(Gothic Metal / Dark Metal) Moonspell - Wolfheart - 1995 (Century Media 7797-2) &amp; (Century Media 77112-2), FLAC (image+.cue) lossless"
3371219,2,25053998,0F46C7FAC532B1A2141A6737EB57DF35389DAA30,1311529561,1,2026-07-31 02:21:01,4,3,"{7,24,24,24,24,24,24,24,24,24,23,24,24,24,24,24,24,24,24,23,25,24,24,24,25,24,24,26,24,24,24}","{28,103,120,109,77,80,78,78,82,90,87,96,98,91,72,67,81,90,115,94,96,88,99,89,92,85,96,106,97,93,88}","(Gothic/Death Metal) Crematory - Black Pearls - 2010 (2 CD), APE (image+.cue) lossless"
3380799,2,15625138,D5F87F35FBFA7B1B18EE76D0379CD6D57560246E,455897060,1,2026-07-31 02:21:01,5,3,"{7,24,24,24,24,24,24,24,24,24,23,24,24,24,24,24,24,24,24,23,25,24,24,24,25,24,24,26,24,24,24}","{35,103,103,94,82,82,79,95,89,98,86,87,87,84,92,94,91,94,104,87,98,82,85,94,99,95,102,105,91,89,97}","(Vampiric Gothic Metal) Theatres des Vampires - Moonlight Waltz (Limited Edition) - 2011, FLAC (image+.cue) lossless"
3384372,2,416653,08C056EB4EE3B23D2F8F01E743557F2409E3F196,445071660,1,2026-07-31 02:21:01,4,3,"{7,24,24,24,24,24,24,24,24,24,23,24,24,24,24,24,24,24,24,23,25,24,24,24,25,24,24,26,24,24,24}","{31,95,75,90,77,74,67,80,84,90,83,94,83,75,88,91,85,85,100,87,96,77,86,85,133,82,86,76,66,66,63}","(Gothic/Doom Metal) Eterne - Still Dreaming... - 1995, FLAC (image+.cue) lossless"
3386427,2,1840441,17079F4A4FF8B1062DE59608027BB0EAD2B7EE3E,378734719,1,2026-07-31 02:21:01,4,3,"{7,24,24,24,24,24,24,24,24,24,23,24,24,24,24,24,24,24,24,23,25,24,24,24,25,24,24,26,24,24,24}","{28,92,83,88,74,73,65,76,73,72,71,81,77,70,76,76,81,70,82,82,93,72,76,72,89,79,86,92,81,82,78}","(Gothic Metal) Ad Vitam Aeternam - Abstract Senses - 2004, FLAC (image+.cue) lossless"
3393493,2,2924483,614AAF03164CC467E00E63EB32695549EA52EE9D,566231447,1,2026-07-31 02:21:01,4,3,"{7,24,24,24,24,24,24,24,24,24,23,24,24,24,24,24,24,24,24,23,25,24,24,24,25,24,24,26,24,24,24}","{28,99,100,96,87,98,86,80,82,90,84,91,81,79,88,91,84,85,95,87,99,79,88,90,97,85,92,102,91,89,87}","(gothic metal) The LoveCrave - Crisalide [EP] - 2010, FLAC (image+.cue) lossless"
3416148,2,14207304,5AF83ACCAD7762ACE8F94AA89A4859A82698C679,369991614,1,2026-07-31 02:21:01,3,3,"{7,24,24,24,24,24,24,24,24,24,23,24,24,24,24,24,24,24,24,23,25,24,24,24,25,24,24,26,24,24,24}","{26,89,81,86,69,67,67,71,67,79,68,77,69,74,72,72,83,78,84,84,111,73,78,72,84,84,85,93,77,79,71}","(Gothic/Death/Atmospheric Metal) Evenfall - Still In The Grey Dying - 1999, FLAC (image+.cue) lossless"
3428506,2,1840441,E30673B7BD56F320DB92BE5A6A4220B50C5A45BD,1753347805,1,2026-07-31 02:21:01,4,3,"{7,24,24,24,24,24,24,24,24,24,23,24,24,24,24,24,24,24,24,23,25,24,24,24,25,24,24,26,24,24,24}","{25,96,83,89,80,74,63,79,70,77,70,82,82,71,79,76,80,61,59,80,96,71,78,75,89,84,92,98,76,84,78}","(Gothic Metal/Rock) Diabolique - Discography (1996-2001) 5 CD, FLAC (image+.cue), lossless"
3430345,2,10597761,494C31DCA4E993C9BC1305F9F1E862FC022F167E,408500498,1,2026-07-31 02:21:01,7,3,"{7,24,24,24,24,24,24,24,24,24,23,24,24,24,24,24,24,24,24,23,25,24,24,24,25,24,24,26,24,24,24}","{52,159,144,153,129,138,140,130,138,132,126,133,135,125,118,124,123,128,136,136,135,133,128,134,145,120,123,145,110,118,121}","(Gothic Metal) Mortemia - Misere Mortem - 2010, FLAC (image+.cue) lossless"
3433714,2,13026001,053EFE1350AB6212E70213029BC15829BE75CB55,336997861,1,2026-07-31 02:21:01,3,3,"{7,24,24,24,24,24,24,24,24,24,23,24,24,24,24,24,24,24,24,23,25,24,24,24,25,24,24,26,24,24,24}","{23,80,74,77,65,62,58,64,62,68,61,72,57,55,64,67,61,61,71,69,76,69,70,70,75,71,85,76,68,64,63}","(Gothic Metal) Pettalom - The Wine Of The Night (Digipack) - 2000, FLAC (image+.cue) lossless"
3434583,2,13026001,DBD4C9507E5CFFDBE15ED1205FD4FA7CA0026CB8,1148304417,1,2026-07-31 02:21:01,7,4,"{7,24,24,24,24,24,24,24,24,24,23,24,24,24,24,24,24,24,24,23,25,24,24,24,25,24,24,26,24,24,24}","{41,120,117,128,111,107,110,112,117,127,120,104,109,108,113,110,96,109,126,103,110,99,93,100,102,96,116,120,110,106,93}","(Symphonic Power/Gothic Metal) After Forever - Prison of Desire: The Album - The Sessions (2 CD Remastered In The 24-bit Domain) - 2008, FLAC (image+.cue) lossless"
3440363,2,16955961,F5A7892B94399E18936A9F0F1D6B9456A7212741,300567394,1,2026-07-31 02:21:01,3,3,"{7,24,24,24,24,24,24,24,24,24,23,24,24,24,24,24,24,24,24,23,25,24,24,24,25,24,24,26,24,24,24}","{23,80,75,77,65,61,51,64,62,68,61,71,57,55,64,67,61,61,71,69,75,70,70,70,75,71,86,76,65,61,63}","(Female-Fronted Melodic Gothic Metal) Memoira - Memoira - 2008, FLAC (tracks+.cue) lossless"
3457145,2,3248414,5EEE11EC4C1D554E181EC1D4D7A6231057320559,347843371,1,2026-07-31 02:21:01,3,3,"{7,24,24,24,24,24,24,24,24,24,23,24,24,24,24,24,24,24,24,23,25,24,24,24,25,24,24,26,24,24,24}","{24,88,76,85,65,75,56,64,71,74,61,71,57,55,64,80,61,61,76,76,81,74,73,71,75,71,86,95,75,65,110}","(Gothic Metal) Anabantha - Litanias Capitulo I - 2001 (релиз 2006), FLAC (image+.cue) lossless"
3467748,2,3248414,D997CB66D00721D1F7BD9F61CB33F66EA19B9963,384980068,1,2026-07-31 02:21:01,3,3,"{7,24,24,24,24,24,24,24,24,24,23,24,24,24,24,24,24,24,24,23,25,24,24,24,25,24,24,26,24,24,24}","{24,88,77,85,65,70,56,64,72,72,70,73,57,55,64,81,61,61,77,78,80,72,75,71,75,71,86,92,74,65,113}","(Gothic / Metal) Anabantha - Sin Decir Adios - 2006 (релиз 2010), FLAC (image+.cue) lossless"
3473083,2,25053998,CF3BE802031429DC7A95116042953289440E1276,381436920,1,2026-07-31 02:21:01,3,3,"{7,24,24,24,24,24,24,24,24,24,23,24,24,24,24,24,24,24,24,23,25,24,24,24,25,24,24,26,24,24,24}","{23,80,75,77,65,62,54,64,62,68,59,69,57,55,64,67,61,61,71,69,75,68,70,70,75,71,85,76,64,62,63}","(Gothic Metal) Macbeth - Malae Artes - 2005, FLAC (image+.cue) lossless"
3474155,2,2077094,48E284EAB4F201703A8EB4266183950451CCB44E,500053509,1,2026-07-31 02:21:01,4,3,"{7,24,24,24,24,24,24,24,24,24,23,24,24,24,24,24,24,24,24,23,25,24,24,24,25,24,24,26,24,24,24}","{28,112,98,90,92,89,90,92,93,94,92,89,90,88,88,95,93,100,107,86,93,75,80,83,92,85,87,97,87,89,80}","(Symphonic Metal) Rawkfist - Chryseus - 2011, FLAC (image+.cue) lossless + Full Scans"
3474558,2,25053998,A3B70B792D29890E4E9808B8551A6E43920F26F1,294183322,1,2026-07-31 02:21:01,6,4,"{7,24,24,24,24,24,24,24,24,24,23,24,24,24,24,24,24,24,24,23,25,24,24,24,25,24,24,26,24,24,24}","{42,156,160,138,120,117,114,120,120,120,119,122,134,126,123,120,121,122,120,121,127,120,131,120,125,148,137,133,119,117,126}","(Medieval/Dark Ambient) Mortiis - Crypt Of The Wizard - 1996 (Released 1999), FLAC (image+.cue) lossless"
3476060,2,10278358,5F4DA264671B8879DB801FC0B05E539DE707BEF2,376103710,1,2026-07-31 02:21:01,4,3,"{7,24,24,24,24,24,24,24,24,24,23,24,24,24,24,24,24,24,24,23,25,24,24,24,25,24,24,26,24,24,24}","{35,152,163,126,123,104,113,123,144,115,131,126,128,121,127,125,129,138,128,115,136,118,113,116,132,122,132,137,113,117,131}",(Death/Doom Metal) The Gathering - Always... - 1992 [Foundation 2000 FDN 2004 CD first pressings] FLAC (image+.cue) lossless
3480802,2,25053998,69BAC0005B97A8F32BE874B2B440172A5510A54F,3532406418,1,2026-07-31 02:21:01,5,4,"{7,24,24,24,24,24,24,24,24,24,23,24,24,24,24,24,24,24,24,23,25,24,24,24,25,24,24,26,24,24,24}","{47,160,138,134,124,147,135,102,123,116,97,117,119,120,120,112,96,86,84,102,109,97,102,111,112,114,124,158,123,123,117}","(Doom/Death Metal/Atmospheric Gothic Metal) Lacrimas Profundere - Discography (9 CD) (1995 - 2010), FLAC (image+.cue) lossless"
3482045,2,25053998,88668B663DEAF03D25271D1C62AF4A6411BE7DB7,362176531,1,2026-07-31 02:21:01,4,3,"{7,24,24,24,24,24,24,24,24,24,23,24,24,24,24,24,24,24,24,23,25,24,24,24,25,24,24,26,24,24,24}","{30,106,105,100,83,76,89,88,94,93,85,94,91,93,92,95,96,94,105,101,105,85,84,88,94,91,106,106,89,94,91}","(Gothic/Doom Metal) Darkseed - Spellcraft - 1997, FLAC (image+.cue) lossless"
3483334,2,25053998,8F0E69308EF8423568EA0EB38CC29BD92B363DD3,1321022157,1,2026-07-31 02:21:01,4,3,"{7,24,24,24,24,24,24,24,24,24,23,24,24,24,24,24,24,24,24,23,25,24,24,24,25,24,24,26,24,24,24}","{28,96,113,93,79,87,93,91,90,101,84,96,89,99,88,89,98,84,78,89,108,101,87,84,99,85,111,111,100,99,94}","(Symphonic Gothic Metal) Penumbra - Discography (3 CD) (1999 - 2003), FLAC (image+.cue) lossless"
3487551,2,8119246,9F9ABFF90F8DB5C3F2D36D4642BE151310FD3105,304801696,1,2026-07-31 02:21:01,3,3,"{7,24,24,24,24,24,24,24,24,24,23,24,24,24,24,24,24,24,24,23,25,24,24,24,25,24,24,26,24,24,24}","{23,80,75,77,65,59,58,64,64,68,61,72,57,55,64,65,61,61,71,69,74,68,65,70,75,71,88,76,66,81,75}","(Gothic / Metal) Anabantha - Letanias Capitulo III - 2006, FLAC (image+.cue) lossless"
3490206,2,18617165,6EFE103D16B66C28E243C58EAB7E5E3A024AF2D7,341964132,1,2026-07-31 02:21:01,3,3,"{7,24,24,24,24,24,24,24,24,24,23,24,24,24,24,24,24,24,24,23,25,24,24,24,25,24,24,26,24,24,24}","{24,86,76,85,65,68,54,64,76,73,59,70,57,55,64,67,61,61,77,77,81,70,72,71,75,71,86,93,72,64,73}","(Gothic/Doom Metal) Anabantha - Letanias Capitulo Prohibido - 2005, FLAC (image+.cue) lossless"
3495266,2,2077094,15CE286D51EA00C9DE75AA0D85DA6888AB6A09D8,512267557,1,2026-07-31 02:21:01,16,3,"{7,24,24,24,24,24,24,24,24,24,23,24,24,24,24,24,24,24,24,23,25,24,24,24,25,24,24,26,24,24,24}","{112,411,415,409,364,397,376,372,320,354,365,321,383,332,349,316,358,359,348,329,349,335,365,372,380,383,403,399,393,419,429}","(Sympho/Gothic Metal) Within Temptation - The Unforgiving - 2011, FLAC (image+.cue) lossless + Full Scans"
3500051,2,15168312,3711D87594B4AD519650376056EE09464079B24C,319638137,1,2026-07-31 02:21:01,6,4,"{7,24,24,24,24,24,24,24,24,24,23,24,24,24,24,24,24,24,24,23,25,24,24,24,25,24,24,26,24,24,24}","{42,145,134,122,100,120,109,125,124,118,100,109,108,117,118,110,109,119,115,114,133,124,133,134,112,112,140,151,114,120,120}","(Vampiric Gothic Metal) Theatres Des Vampires - Jubilaeum Anno Dracula - 2001, APE (image+.cue) lossless"
3501877,2,2077094,600F8511613682676A515114399E725D8732FEE3,541464410,1,2026-07-31 02:21:01,6,3,"{7,24,24,24,24,24,24,24,24,24,23,24,24,24,24,24,24,24,24,23,25,24,24,24,25,24,24,26,24,24,24}","{49,161,161,139,126,144,125,97,93,94,80,103,112,103,84,92,82,94,94,119,133,85,86,95,116,111,108,104,99,106,103}","(Epic/Gothic Metal) Imperia - Secret Passion (Limited Digipack Edition) - 2011, FLAC (image+.cue) lossless + Full Scans"
3504963,2,25053998,E30D25FA9D5E5B73D74BDDE878DAB1E4684BD468,599146371,1,2026-07-31 02:21:01,4,3,"{7,24,24,24,24,24,24,24,24,24,23,24,24,24,24,24,24,24,24,23,25,24,24,24,25,24,24,26,24,24,24}","{35,108,106,81,78,77,62,83,83,67,61,72,68,81,77,77,80,74,91,81,106,81,80,74,77,72,92,82,70,71,70}","(Melancholic Gothic/Doom Metal) Silentium - SI.VM E.T A.V.VM / Infinita Plango Vulnera - 2001, FLAC (image+.cue) lossless"
3506101,2,33690293,79DF6089BFAE93673A122E338DAB00AA0282B558,1311659596,1,2026-07-31 02:21:01,5,3,"{7,24,24,24,24,24,24,24,24,24,23,24,24,24,24,24,24,24,24,23,25,24,24,24,25,24,24,26,24,24,24}","{39,123,130,91,110,128,110,124,116,109,89,93,113,137,108,115,103,100,107,102,107,107,115,105,104,103,127,118,99,119,101}","(Melodic Dark Metal) Vanitas - дискография - 2000-2004, FLAC (image+.cue) lossless"
3509021,2,1840441,F2D6B6D039F2FA6E0EC834D6655FB10F384707C8,413299793,1,2026-07-31 02:21:01,4,3,"{7,24,24,24,24,24,24,24,24,24,23,24,24,24,24,24,24,24,24,23,25,24,24,24,25,24,24,26,24,24,24}","{25,92,83,91,74,68,65,76,72,73,71,83,77,71,76,74,80,70,82,82,92,73,77,72,87,80,83,95,81,83,78}","(Gothic Metal) Swan Christy - Today Died Yesterday - 1999, FLAC (image+.cue) lossless"
3509156,2,1840441,C0597FE9C50F175071EFE619580DF9BE921193FD,392999711,1,2026-07-31 02:21:01,4,3,"{7,24,24,24,24,24,24,24,24,24,23,24,24,24,24,24,24,24,24,23,25,24,24,24,25,24,24,26,24,24,24}","{25,92,83,88,74,66,60,76,72,72,69,83,77,71,76,76,81,70,82,82,93,71,79,72,88,78,85,94,80,84,78}","(Gothic Metal) Swan Christy - Black Is the White Color - 2001, FLAC (image+.cue) lossless"
3512310,2,25053998,1D443ABC207C2119DA1B116E0312C05E17838ECD,673562792,1,2026-07-31 02:21:01,5,3,"{7,24,24,24,24,24,24,24,24,24,23,24,24,24,24,24,24,24,24,23,25,24,24,24,25,24,24,26,24,24,24}","{36,131,125,122,102,90,76,84,104,102,98,106,100,101,104,93,101,92,78,85,98,82,88,87,94,93,96,102,90,92,91}","(Gothic Metal/Rock) Nevergreen - Osnemzes/New Religion - 2004, FLAC (image+.cue) lossless"
3517886,8,1930360,C5ACF3AADC62627A322F7849030B53155BB3A161,713720576,1,2026-07-31 02:21:01,3,3,"{7,24,24,24,24,24,24,24,24,24,23,24,24,24,24,24,24,24,24,23,25,24,24,24,25,24,24,26,24,24,24}","{23,80,74,77,65,58,57,64,65,68,61,70,57,55,64,67,61,61,71,69,75,70,69,70,75,71,86,76,62,64,63}","(Doom/Gothic Metal ) Nevergreen /Hungary/ - Mindorokke 2 CD - 2003, FLAC (tracks+.cue) lossless"
3533287,2,1840441,42E2EC2109CC6D740A3BEDD019C31A6A75B6A3E5,470167117,1,2026-07-31 02:21:01,6,4,"{7,24,24,24,24,24,24,24,24,24,23,24,24,24,24,24,24,24,24,23,25,24,24,24,25,24,24,26,24,24,24}","{37,143,145,127,134,123,110,123,128,113,118,122,126,142,144,134,152,144,140,133,143,124,111,106,132,121,125,132,125,133,124}","(Symphonic Gothic Metal) Angtoria - God Has a Plan for Us All (limited digipak) - 2006, FLAC (image+.cue) lossless"
3533309,2,3395106,16235B0F6167B30C7254E4407596F9E9DC7C8D11,411798161,1,2026-07-31 02:21:01,4,3,"{7,24,24,24,24,24,24,24,24,24,23,24,24,24,24,24,24,24,24,23,25,24,24,24,25,24,24,26,24,24,24}","{28,96,92,92,77,75,74,94,108,94,83,92,81,79,88,91,85,87,115,94,93,75,84,83,92,85,90,99,89,93,81}","(Gothic Rock / Dark Rock / Gothic Metal) Beyond the Void - I Am Your Ruin - 2006, FLAC (image+.cue) lossless"
3534145,2,2144401,291B3728A4F6FE9F9140377BD71BEA734E3DAA78,415508714,1,2026-07-31 02:21:01,4,3,"{7,24,24,24,24,24,24,24,24,24,23,24,24,24,24,24,24,24,24,23,25,24,24,24,25,24,24,26,24,24,24}","{28,96,96,92,77,96,96,99,108,96,92,96,101,96,102,95,97,96,96,92,107,93,91,96,100,99,109,114,98,97,107}","(Gothic/Thrash/Progressive) Lake of Tears - Illwill - 2011, FLAC (image+.cue) lossless"
3536373,2,2077094,3798B9302411DE6A9BCA1B1BE0CA2927A6706E9C,580287728,1,2026-07-31 02:21:01,8,3,"{7,24,24,24,24,24,24,24,24,24,23,24,24,24,24,24,24,24,24,23,25,24,24,24,25,24,24,26,24,24,24}","{57,186,173,172,149,165,140,136,154,155,173,168,152,141,140,143,147,143,149,163,157,159,160,168,176,182,174,179,142,138,177}","(Gothic Metal/ Folk) Leaves' Eyes - Meredead (Mediabook Limited Edition) - 2011, FLAC (image+.cue) lossless"
3537876,2,13673903,F42781EC7CB62A42B6B74BC5B62E800B9275AA51,210228518,1,2026-07-31 02:21:01,7,4,"{7,24,24,24,24,24,24,24,24,24,23,24,24,24,24,24,24,24,24,23,25,24,24,24,25,24,24,26,24,24,24}","{52,179,172,179,167,163,152,152,176,176,158,162,164,166,171,163,162,160,179,167,178,149,135,148,170,157,152,157,155,143,160}","(Avant-garde metal/Progressive metal) Madder Mortem - Where Dream And Day Collide - 2010, FLAC (image+.cue) lossless"
3538458,2,12088714,7CE84191933A80EE452FFC9643315890C3E1F6EF,395845731,1,2026-07-31 02:21:01,8,3,"{7,24,24,24,24,24,24,24,24,24,23,24,24,24,24,24,24,24,24,23,25,24,24,24,25,24,24,26,24,24,24}","{57,199,218,201,168,194,169,162,147,140,155,145,146,148,143,127,137,137,144,103,132,126,115,116,120,119,155,162,126,115,121}","(Sympho/Melodic metal) Within Temptation - The Silent Force (DualDisc Edition) - 2005, APE (image+.cue) lossless"
3542016,2,416653,E7BAF8ADEB689677CCA09ED36967F05014CEACEC,1581499956,1,2026-07-31 02:21:01,10,4,"{7,24,24,24,24,24,24,24,24,24,23,24,24,24,24,24,24,24,24,23,25,24,24,24,25,24,24,26,24,24,24}","{70,257,237,227,208,220,206,210,196,192,199,191,197,210,213,203,189,179,188,188,198,171,167,163,172,173,219,203,187,181,187}","(Melodic Dark/Gothic Metal) Dark the Suns - Discography (2007-2010), FLAC (image+.cue) lossless"
3552520,2,21983867,954FA00C3BCEF40777EF63FB95718E35DB8AA5E1,551578494,1,2026-07-31 02:21:01,3,3,"{7,24,24,24,24,24,24,24,24,24,23,24,24,24,24,24,24,24,24,23,25,24,24,24,25,24,24,26,24,24,24}","{23,80,74,77,65,62,58,64,62,67,61,74,62,55,64,67,61,61,71,69,75,69,67,70,75,71,85,76,66,64,63}","(Melodic Gothic Metal) Orestea - Love Lines &amp; Blood Ties (Japanese 1st press, SPIN-020) - 2010, WavPack (image+.cue) lossless"
3558724,2,952751,A14A3958D0DC2281EE15760E14CC884C9FD25B9C,348655006,1,2026-07-31 02:21:01,4,3,"{7,24,24,24,24,24,24,24,24,24,23,24,24,24,24,24,24,24,24,23,25,24,24,24,25,24,24,26,24,24,24}","{28,96,101,92,77,90,90,80,83,93,83,98,75,55,69,69,61,61,71,80,86,72,68,70,75,71,86,76,63,67,63}","(Gothic Metal) Poisonblack - Drive - 2011, FLAC (tracks+.cue) lossless"
3561661,2,10303716,5FB0E507E07589B431B93B48E64FCE532883E9E5,373180951,1,2026-07-31 02:21:01,3,3,"{7,24,24,24,24,24,24,24,24,24,23,24,24,24,24,24,24,24,24,23,25,24,24,24,25,24,24,26,24,24,24}","{23,80,74,77,65,73,73,71,75,78,69,81,83,79,73,77,74,72,83,88,92,77,84,77,81,78,92,106,85,82,80}","(Gothic Folk Metal) Lyriel - Autumntales - 2006, APE (image+.cue) lossless"
3571622,2,5215708,81B1C63EC9FD1E6BA85893654A7FB344CCAED96E,864602559,1,2026-07-31 02:21:01,5,3,"{7,24,24,24,24,24,24,24,24,24,23,24,24,24,24,24,24,24,24,23,25,24,24,24,25,24,24,26,24,24,24}","{35,126,127,120,96,99,96,97,105,125,116,124,145,113,110,133,122,122,123,119,130,113,121,119,127,110,103,100,88,96,83}","(Gothic Metal) Lacrimosa - Fassade &amp; Echos (Mexico Editions) - 2001-2003, FLAC (image+.cue) lossless"
3595133,2,2009210,F31C1D0544F41930364B540CED5548C072EE984F,400677629,1,2026-07-31 02:21:01,5,4,"{7,24,24,24,24,24,24,24,24,24,23,24,24,24,24,24,24,24,24,23,25,24,24,24,25,24,24,26,24,24,24}","{35,125,132,128,109,95,96,109,111,114,113,102,121,114,122,118,111,116,128,110,132,125,108,125,112,108,129,121,116,120,106}","(Dark/Doom/Gothic Metal) Monumentum - In Absentia Christi - 1995 [2009, remaster], FLAC (image+.cue) lossless"
3599545,2,2009210,12D8A84F98896235E2DB325DFA6A8E0F07A9DF69,372095459,1,2026-07-31 02:21:01,4,3,"{7,24,24,24,24,24,24,24,24,24,23,24,24,24,24,24,24,24,24,23,25,24,24,24,25,24,24,26,24,24,24}","{31,105,81,96,82,77,74,88,80,72,65,72,63,65,77,78,69,61,85,72,98,75,82,85,76,71,91,80,64,66,63}","(Gothic Metal) Monumentum - Ad Nauseam - 2002, FLAC (image+.cue), lossless"
3602670,2,22172083,901132EE1C3E1ACF5B0CE3399098088F6869B49D,87503600,1,2026-07-31 02:21:01,8,4,"{7,24,24,24,24,24,24,24,24,24,23,24,24,24,24,24,24,24,24,23,25,24,24,24,25,24,24,26,24,24,24}","{52,183,185,141,146,140,130,96,117,96,108,136,107,119,107,98,97,132,133,127,122,87,87,82,104,105,90,108,118,126,162}","(Gothic/Heavy Metal) Lake Of Tears - Lady Rosenred [Single] - 1997, FLAC (image+.cue), lossless"
3604487,2,19588415,A97C61C7375E3881A4E6E5BDBE03B44AC47B6D09,105014758,1,2026-07-31 02:21:01,6,3,"{7,24,24,24,24,24,24,24,24,24,23,24,24,24,24,24,24,24,24,23,25,24,24,24,25,24,24,26,24,24,24}","{37,132,115,88,68,69,73,72,71,79,75,77,73,73,83,80,70,77,100,77,82,79,77,77,87,81,94,87,74,83,88}","(Gothic Metal) Type O Negative - Cinnamon Girl - [Single] 1997 (Roadrunner Records RR 2270-2), FLAC (image+.cue), lossless"
3636911,2,13949854,AC6D7A0802F067EB5FFA10A0DBB45553C8DB495B,466434257,1,2026-07-31 02:21:01,4,4,"{7,24,24,24,24,24,24,24,24,24,23,24,24,24,24,24,24,24,24,23,25,24,24,24,25,24,24,26,24,24,24}","{28,96,96,92,77,72,74,80,84,90,84,91,81,79,88,89,85,85,95,87,97,83,87,83,92,85,91,102,90,89,87}","(Gothic Doom Metal) Painted Black - Cold Comfort + Winter(single) - 2010, FLAC (image+.cue), lossless"
3637894,2,4616980,9960DCE88C9738684C03B9BC7651047BAB7E1135,571553341,1,2026-07-31 02:21:01,11,3,"{7,24,24,24,24,24,24,24,24,24,23,24,24,24,24,24,24,24,24,23,25,24,24,24,25,24,24,26,24,24,24}","{74,249,224,214,190,155,151,162,159,171,172,146,145,146,138,145,150,175,155,146,171,187,167,179,198,159,183,198,177,223,223}","(Sympho Gothic Metal) Within Temptation - Mother Earth - 2000 (2007 переиздание), FLAC (image+.cue), lossless"
3638503,2,10863094,EE241D4D1DB1C4A4976ECA0C7A2A4E0FCF17F844,403715846,1,2026-07-31 02:21:01,3,3,"{7,24,24,24,24,24,24,24,24,24,23,24,24,24,24,24,24,24,24,23,25,24,24,24,25,24,24,26,24,24,24}","{23,80,74,77,65,62,54,64,64,68,61,71,57,55,64,67,61,61,71,69,75,70,70,70,75,71,85,76,67,67,63}","(Melodic Death/Gothic Metal) Luna Obscura - Feltia - 2008, FLAC (image+.cue), lossless"
3645504,2,22172083,F70CAB1F8E3E00295890BC272B70A8E90B335D13,469341161,1,2026-07-31 02:21:01,3,3,"{7,24,24,24,24,24,24,24,24,24,23,24,24,24,24,24,24,24,24,23,25,24,24,24,25,24,24,26,24,24,24}","{23,80,74,77,65,62,54,64,64,68,60,74,63,55,64,67,61,61,71,69,76,68,70,70,75,71,85,76,67,65,63}","(Symphonic/Gothic/Pop Metal) Eyes Of Eden - Faith - 2008 [Japanese Edition, MICP-10719, 1st press], FLAC (image+.cue), lossless"
3648581,2,7901632,45F74E8A10436242CE584C65E3675BFF2DEA7503,294409475,1,2026-07-31 02:21:01,3,3,"{7,24,24,24,24,24,24,24,24,24,23,24,24,24,24,24,24,24,24,23,25,24,24,24,25,24,24,26,24,24,24}","{23,80,74,77,65,61,60,64,64,69,84,93,81,79,88,86,83,85,90,87,97,80,85,83,92,85,92,102,90,86,85}","(Gothic Metal) Olemus - EgOd - 2002, APE (image+.cue), lossless"
3649652,2,22172083,DFC8A32F8A5A8EFF0DFF49A202A48C98DB7B643D,369551332,1,2026-07-31 02:21:01,4,3,"{7,24,24,24,24,24,24,24,24,24,23,24,24,24,24,24,24,24,24,23,25,24,24,24,25,24,24,26,24,24,24}","{32,116,101,90,92,94,91,92,92,94,94,92,90,88,78,71,72,75,91,76,76,67,70,73,77,75,86,81,66,60,63}","(Atmospheric Dark Rock/Female Vocals) NeraNature - Foresting Wounds - 2011, FLAC (image+.cue), lossless"
3659011,2,529,BF3F9CF145077312B8E1A6462641FAB645CD019F,376575501,1,2026-07-31 02:21:01,3,3,"{7,24,24,24,24,24,24,24,24,24,23,24,24,24,24,24,24,24,24,23,25,24,24,24,25,24,24,26,24,24,24}","{21,80,81,80,71,71,68,69,67,72,65,74,71,71,78,75,62,68,77,78,80,70,72,72,75,72,90,95,74,70,63}","(Symphonic Gothic Metal) Weeping Silence - Theatre of Life - 2011, FLAC (image+.cue), lossless"
3666131,2,2077094,7114442D36D1B345654366768BC6CED693ACB323,762969636,1,2026-07-31 02:21:01,5,4,"{7,24,24,24,24,24,24,24,24,24,23,24,24,24,24,24,24,24,24,23,25,24,24,24,25,24,24,26,24,24,24}","{40,126,126,121,104,106,99,104,111,102,100,100,106,96,99,101,100,99,105,107,107,103,95,102,101,96,115,105,117,129,137}","(Gothic Metal) Samsas Traum - Anleitung zum Totsein (2 CD Digibook) - 2011, FLAC (image+.cue), lossless"
3667824,2,10091220,93DCE135DAA5BE3BC338726ABFB93B970D48A2D3,671208507,1,2026-07-31 02:21:01,9,4,"{7,24,24,24,24,24,24,24,24,24,23,24,24,24,24,24,24,24,24,23,25,24,24,24,25,24,24,26,24,24,24}","{70,249,248,236,218,228,219,231,204,219,201,162,163,175,196,215,220,220,207,176,209,178,178,176,198,200,211,227,161,129,138}","(Gothic Metal) Theatre of Tragedy - Last Curtain Call - 2011, FLAC (image+.cue), lossless"
3670306,2,20522665,7344A5EDAA76DCBC4A044DE2CFFAA36EDAB4FE47,199531893,1,2026-07-31 02:21:01,3,3,"{7,24,24,24,24,24,24,24,24,24,23,24,24,24,24,24,24,24,24,23,25,24,24,24,25,24,24,26,24,24,24}","{26,81,78,77,67,68,52,70,64,68,66,72,62,55,66,67,63,64,78,82,75,71,68,72,77,72,85,76,72,61,69}","(Epic Melodic Metal) Far Beyond - Songs Of Hope And Sorrow [ep] - 2009, FLAC (tracks), lossless"
3678960,2,16619304,939C983AE4096244A88E0A8008E079AA3AC21365,1031378897,1,2026-07-31 02:21:01,3,3,"{7,24,24,24,24,24,24,24,24,24,23,24,24,24,24,24,24,24,24,23,25,24,24,24,25,24,24,26,24,24,24}","{23,85,75,77,65,64,53,64,67,68,61,72,57,57,64,67,61,61,81,69,75,71,81,85,92,88,101,102,87,90,87}","(Symphonic Power / Gothic Metal) After Forever - Mea Culpa - 2006, WavPack (image+.cue), lossless"
3686659,2,1661685,E997653807763055AE3099FAC811503D93C4BAF7,749315355,1,2026-07-31 02:21:01,18,3,"{7,24,24,24,24,24,24,24,24,24,23,24,24,24,24,24,24,24,24,23,25,24,24,24,25,24,24,26,24,24,24}","{131,464,491,487,435,447,440,461,446,504,453,490,550,467,501,535,543,501,534,537,556,474,518,567,542,556,545,613,553,545,529}","(Gothic Doom Metal) Estatic Fear - Дискография: 1996 - 1999, FLAC (image+.cue), lossless"
3690524,2,13026001,6D0A013FD9A95266543F91F73D6877414E92601E,1177750504,1,2026-07-31 02:21:01,3,3,"{7,24,24,24,24,24,24,24,24,24,23,24,24,24,24,24,24,24,24,23,25,24,24,24,25,24,24,26,24,24,24}","{23,81,100,97,81,90,74,82,84,90,83,95,83,82,90,94,87,89,96,83,97,78,83,85,94,89,95,104,94,91,87}","(Gothic/Doom Metal) Moon of Sorrow - Discography - 1992-1995, FLAC (image+.cue), lossless"
3695014,2,17597763,AC4BC30F5DEB9E6402B51633C7499FB02DAC17EF,385324078,1,2026-07-31 02:21:01,5,3,"{7,24,24,24,24,24,24,24,24,24,23,24,24,24,24,24,24,24,24,23,25,24,24,24,25,24,24,26,24,24,24}","{35,107,127,133,82,91,75,90,87,100,103,91,89,83,91,85,86,84,102,119,94,84,91,93,81,94,97,114,82,86,99}","(Gothic Metal, Doom Metal, Alternative) A Pale Horse Named Death - And Hell Will Follow Me - 2011, FLAC (tracks+.cue), lossless"
3705226,2,5096042,8DCD5B1F40F01E16EB052C3E931B7750CA6FFA12,423616585,1,2026-07-31 02:21:01,4,4,"{7,24,24,24,24,24,24,24,24,24,23,24,24,24,24,24,24,24,24,23,25,24,24,24,25,24,24,26,24,24,24}","{28,96,96,92,77,73,75,80,84,90,84,96,81,79,88,91,85,85,95,87,77,75,84,84,92,85,92,102,88,91,68}","(Melodic Death Metal / Opera / Female Vocal) Tears Of Martyr - Entrance - 2009, FLAC (image+.cue), lossless"
3706945,8,11415972,3456B146B85056BFF62FE3CE948135A549E6E6A2,1432580323,1,2026-07-31 02:21:01,3,3,"{7,24,24,24,24,24,24,24,24,24,23,24,24,24,24,24,24,24,24,23,25,24,24,24,25,24,24,26,24,24,24}","{23,80,74,77,65,61,54,64,64,68,61,72,57,55,66,69,61,61,71,69,76,70,68,70,75,71,86,84,72,67,85}","(Symphonic Gothic Metal) Hydria - 3 альбома - 2008 - 2011, FLAC (tracks), lossless"
3717891,2,5706460,AC16B3A28248D195E01EF82589FAAC0C20FE27FA,497495249,1,2026-07-31 02:21:01,6,3,"{7,24,24,24,24,24,24,24,24,24,23,24,24,24,24,24,24,24,24,23,25,24,24,24,25,24,24,26,24,24,24}","{46,171,160,151,141,140,132,142,146,153,137,133,129,130,133,146,133,144,152,136,138,114,118,128,131,135,134,148,145,148,144}","(Gothic Metal / Symphonic Power Metal) Krypteria - All Beauty Must Die - 2011, FLAC (tracks+.cue), lossless"
3722738,2,1919934,DF71B565DE5A5F7760E4338532298F753F2CE806,3940686566,1,2026-07-31 02:21:01,13,3,"{7,24,24,24,24,24,24,24,24,24,23,24,24,24,24,24,24,24,24,23,25,24,24,24,25,24,24,26,24,24,24}","{96,349,294,329,334,355,292,339,373,371,340,306,358,326,314,304,273,263,282,323,379,312,313,336,403,367,380,366,342,287,263}","(Death/Doom/Gothic Metal) Darkseed - Discography - 1994-2010, FLAC (image+.cue), lossless"
3724686,2,3444565,1742CA1648F51F650933A9099EE3091F733A6D50,337071169,1,2026-07-31 02:21:01,3,3,"{7,24,24,24,24,24,24,24,24,24,23,24,24,24,24,24,24,24,24,23,25,24,24,24,25,24,24,26,24,24,24}","{23,83,74,77,65,60,58,64,64,68,60,70,57,55,64,69,61,61,71,69,75,69,66,70,75,71,85,77,65,64,63}","(Gothic Doom) To Cast A Shadow - All Alone - 2007, FLAC (image+.cue), lossless"
3737108,2,10303716,81BC873313DF3F4F870AD15F69C722EE9FAD01B9,353155363,1,2026-07-31 02:21:01,4,4,"{7,24,24,24,24,24,24,24,24,24,23,24,24,24,24,24,24,24,24,23,25,24,24,24,25,24,24,26,24,24,24}","{28,96,96,92,77,91,93,82,92,97,89,97,96,96,91,94,89,85,84,92,100,96,101,88,98,94,103,105,97,90,97}","(Gothic Folk Metal) Lyriel - Prisonworld - 2005, APE (image+.cue), lossless"
3737300,8,9544971,E419717908A43B7F3994B3362DA315FB330113BD,1207695622,1,2026-07-31 02:21:01,5,4,"{7,24,24,24,24,24,24,24,24,24,23,24,24,24,24,24,24,24,24,23,25,24,24,24,25,24,24,26,24,24,24}","{35,145,141,128,103,130,97,117,118,122,103,104,126,107,117,118,125,123,131,155,136,119,102,104,111,111,163,135,110,108,107}","(Gothic Metal) Charon - A-Sides, B-Sides &amp; Suicides - 2010, FLAC (tracks+.cue), lossless"
3753511,2,1371278,F1FA6743DDB0136DC9C18C294E48A35BEDE00F8A,411206068,1,2026-07-31 02:21:01,4,3,"{7,24,24,24,24,24,24,24,24,24,23,24,24,24,24,24,24,24,24,23,25,24,24,24,25,24,24,26,24,24,24}","{28,96,96,96,84,82,75,77,92,95,88,91,81,79,89,91,94,90,96,90,102,82,86,87,95,92,103,106,84,88,89}","(Industrial/Gothic Metal) Omega Lithium - Kinetik (Limited Edtition) - 2011, FLAC (image+.cue), lossless"
3761922,2,23344412,B0E9766EE1CE7ADD1C3855F831A6EE5A1AFD7976,154055509,1,2026-07-31 02:21:01,6,4,"{7,24,24,24,24,24,24,24,24,24,23,24,24,24,24,24,24,24,24,23,25,24,24,24,25,24,24,26,24,24,24}","{42,144,140,129,99,101,108,97,108,98,92,97,95,95,96,95,96,92,92,93,107,98,92,97,100,96,110,111,99,98,96}","(Darkwave) Umbra Et Imago - Davon Geht die Welt Nicht Unter (feat. Megaherz) - 2011, FLAC (image+.cue), lossless"
3763537,2,5096042,382B0B9DF0DCED0D3714046C739E6B7013E1CE13,158371004,1,2026-07-31 02:21:01,4,3,"{7,24,24,24,24,24,24,24,24,24,23,24,24,24,24,24,24,24,24,23,25,24,24,24,25,24,24,26,24,24,24}","{32,108,100,99,80,80,74,64,73,73,61,93,66,55,64,69,61,82,100,94,102,76,76,72,91,84,83,95,98,91,97}","(Gothic Metal / Symphonic Metal) Leaves' Eyes - Melusine (EP) - 2011, FLAC (tracks+.cue), lossless"
3767835,2,19588415,DC237DDCBD05F674F57548168DAED75357B877AA,134081093,1,2026-07-31 02:21:01,3,3,"{7,24,24,24,24,24,24,24,24,24,23,24,24,24,24,24,24,24,24,23,25,24,24,24,25,24,24,26,24,24,24}","{23,80,75,77,65,59,59,64,63,70,64,69,57,55,64,67,61,61,71,72,77,72,68,70,75,71,85,76,67,64,63}","(Industrial Gothic Metal) Wish - Ground Zero Heaven [EP] - 2000 (Sound Riot Lda SPR.09), FLAC (image+.cue), lossless"
3784606,2,17597763,CF4CA7ADDB1E20F734A9862936AA872610636F38,349840829,1,2026-07-31 02:21:01,3,3,"{7,24,24,24,24,24,24,24,24,24,23,24,24,24,24,24,24,24,24,23,25,24,24,24,25,24,24,26,24,24,24}","{23,89,84,86,66,74,65,80,79,83,77,86,72,68,76,83,70,61,94,77,86,75,80,80,90,83,90,87,91,67,63}","(Gothic metal,Black metal) Soulgrind - The Tuoni Pathway - 2010, FLAC (tracks+.cue), lossless"
3810957,2,20505007,11B4B5AB86C0C93B117D2466312AD4B3765784DF,534779150,1,2026-07-31 02:21:01,3,3,"{7,24,24,24,24,24,24,24,24,24,23,24,24,24,24,24,24,24,24,23,25,24,24,24,25,24,24,26,24,24,24}","{23,80,74,77,65,61,59,64,64,68,61,72,57,55,64,67,61,61,71,69,75,70,68,70,75,71,86,78,67,68,63}","(Gothic Metal) Leichenwetter - Legende - 2010, FLAC (tracks+.cue), lossless"
3816300,2,529,75BEBB8CF7F45CB26369AF27FD4426BAAA46ED81,408085639,1,2026-07-31 02:21:01,3,3,"{7,24,24,24,24,24,24,24,24,24,23,24,24,24,24,24,24,24,24,23,25,24,24,24,25,24,24,26,24,24,24}","{26,80,74,77,65,63,52,64,64,68,61,70,57,55,64,67,61,61,71,74,76,71,70,74,75,71,86,76,62,65,63}","(Melodic Modern Gothic Metal) Regardless Of Me - Pleasures And Fear - 2011, FLAC (image+.cue), lossless"
3822430,2,2588894,F6E9C76D0C11E5C2564EB0A2B4FA4BAF8E5E754B,326321874,1,2026-07-31 02:21:01,4,3,"{7,24,24,24,24,24,24,24,24,24,23,24,24,24,24,24,24,24,24,23,25,24,24,24,25,24,24,26,24,24,24}","{37,139,131,128,117,137,135,156,137,147,112,145,132,157,162,150,160,151,136,137,150,148,136,132,139,116,135,134,109,102,109}","(Gothic Metal) Sirenia - Nine Destinies And A Downfall - 2007, FLAC (tracks+.cue), lossless"
3822442,2,2588894,9F275B01108F62011798015E3E9FBE99FF3D0D29,331637997,1,2026-07-31 02:21:01,10,4,"{7,24,24,24,24,24,24,24,24,24,23,24,24,24,24,24,24,24,24,23,25,24,24,24,25,24,24,26,24,24,24}","{70,240,240,236,232,238,229,236,242,229,195,201,202,181,185,195,175,188,172,136,165,145,150,159,163,159,175,169,174,187,188}","(Gothic Metal) Lacuna Coil - Shallow Life - 2009, FLAC (tracks+.cue), lossless"
3822940,2,1439008,C8CD799622E8C91914531D8D04DC22867BCC856B,591402305,1,2026-07-31 02:21:01,8,4,"{7,24,24,24,24,24,24,24,24,24,23,24,24,24,24,24,24,24,24,23,25,24,24,24,25,24,24,26,24,24,24}","{58,183,164,141,127,137,138,138,129,137,139,124,128,136,137,136,130,130,145,125,166,170,152,166,163,171,164,174,144,133,154}","(Gothic/Doom) Type O Negative - Bloody Kisses (Japan RRCY-3014) - 1993, FLAC (image+.cue), lossless"
3823882,2,6369670,CCAA1195DB6B1F3DFDA8E46953BDE39A4E065DD3,355774067,1,2026-07-31 02:21:01,3,3,"{7,24,24,24,24,24,24,24,24,24,23,24,24,24,24,24,24,24,24,23,25,24,24,24,25,24,24,26,24,24,24}","{22,81,83,81,72,83,82,75,66,69,66,79,62,63,80,68,66,69,74,81,82,69,69,75,75,71,88,89,66,68,70}","(Dark Wave, Gothic Rock) Artrosis - Imago - 2011, WavPack (iso.wv), lossless"
3826943,2,12309083,24E4514238E61CB69A3E70AF9B49EDD5290CDAE7,397197893,1,2026-07-31 02:21:01,5,3,"{7,24,24,24,24,24,24,24,24,24,23,24,24,24,24,24,24,24,24,23,25,24,24,24,25,24,24,26,24,24,24}","{39,144,149,128,114,112,107,105,107,117,112,111,114,97,100,102,102,96,101,92,102,95,90,98,100,86,114,113,97,94,96}","(Gothic Metal) Mantus - Zeichen - 2011, APE (image+.cue), lossless"
3830773,2,6101021,A3AD703F7CA372A2967BCCB35D9D6C7A2489CCD1,422083781,1,2026-07-31 02:21:01,5,3,"{7,24,24,24,24,24,24,24,24,24,23,24,24,24,24,24,24,24,24,23,25,24,24,24,25,24,24,26,24,24,24}","{41,175,145,143,138,147,149,129,151,132,133,168,153,139,102,129,144,131,127,137,129,128,120,134,127,145,175,176,142,143,148}","(Symphonic Metal | Gothic Metal) Nemesea - The Quiet Resistance - 2011, FLAC (tracks+.cue), lossless"
3864066,2,5706460,D39899ADAC51544BCD0F75887E4AC410E5F35959,396861971,1,2026-07-31 02:21:01,7,4,"{7,24,24,24,24,24,24,24,24,24,23,24,24,24,24,24,24,24,24,23,25,24,24,24,25,24,24,26,24,24,24}","{52,187,176,165,146,142,152,153,140,138,144,146,162,164,153,152,158,150,154,170,182,160,144,104,96,92,113,122,106,108,106}","(Gothic Metal) Autumn - Cold Comfort [Limited Edition] - 2011, FLAC (tracks+.cue), lossless"
3876917,2,2924483,401D2067D538987F50D696C562D97CC2813BDBD5,367747788,1,2026-07-31 02:21:01,3,3,"{7,24,24,24,24,24,24,24,24,24,23,24,24,24,24,24,24,24,24,23,25,24,24,24,25,24,24,26,24,24,24}","{26,80,74,77,65,59,60,64,62,68,61,72,61,55,64,67,61,61,71,70,75,68,69,70,75,71,85,76,66,68,63}","(gothic darkwave) Illuminate - Grenzgang - 2011, FLAC (image+.cue), lossless"
3886429,2,7074564,30CE5EA60A288D600A3578CCD9974FD3968517AF,766918255,1,2026-07-31 02:21:01,7,4,"{7,24,24,24,24,24,24,24,24,24,23,24,24,24,24,24,24,24,24,23,25,24,24,24,25,24,24,26,24,24,24}","{45,155,152,127,109,111,109,120,120,120,115,113,120,119,123,120,119,120,120,115,125,109,118,118,124,144,153,157,141,138,123}","(Atmospheric Gothic Metal) The Man-Eating Tree - Дискография - 2010,2011, FLAC (image+.cue), lossless"
3886873,2,2935005,D776C398CEACA75F39381CF23595FD054FF1A5FE,828600232,1,2026-07-31 02:21:01,3,3,"{7,24,24,24,24,24,24,24,24,24,23,24,24,24,24,24,24,24,24,23,25,24,24,24,25,24,24,26,24,24,24}","{26,91,91,85,77,76,72,77,88,68,63,93,72,79,88,92,94,61,62,90,100,81,69,78,86,83,84,87,66,72,95}","(Melodic Gothic Metal) For selena and sin - Дискография (2 CD, 2007-2009), FLAC (image+.cue), lossless"
3888424,2,21302716,86A0F25C5B2301B07262EC1BBD65C35363145846,554818980,1,2026-07-31 02:21:01,3,3,"{7,24,24,24,24,24,24,24,24,24,23,24,24,24,24,24,24,24,24,23,25,24,24,24,25,24,24,26,24,24,24}","{23,80,83,77,65,63,53,66,64,67,61,93,81,79,88,91,85,85,95,87,96,77,66,70,75,71,86,76,67,66,63}","(Gothic/Love Metal) To/Die/For - Samsara - 2011, FLAC (image+.cue), lossless"
3893769,2,25053998,3435D91CEE288A0A423859C1B0B39CCEEFC40080,1160668235,1,2026-07-31 02:21:01,6,4,"{7,24,24,24,24,24,24,24,24,24,23,24,24,24,24,24,24,24,24,23,25,24,24,24,25,24,24,26,24,24,24}","{49,147,159,142,136,130,129,130,125,123,112,104,131,142,130,130,122,125,121,135,160,147,147,149,124,115,142,141,118,109,100}","(Gothic/Doom Metal | Gothic Metal) Sunterra - Discography (3 CD) (1999 - 2005), FLAC (image+.cue), lossless"
3911338,8,1981103,B9BB5178C40B2D4697A5BC7F040EB8DF7833DB0D,16133718241,1,2026-07-31 02:21:01,4,4,"{7,24,24,24,24,24,24,24,24,24,23,24,24,24,24,24,24,24,24,23,25,24,24,24,25,24,24,26,24,24,24}","{32,98,103,97,77,77,89,87,88,90,84,92,98,83,89,96,92,85,95,87,97,85,82,87,97,85,94,103,89,91,88}","[Обновлено] (Gothic Metal) Epica - 26 bootlegs - 2005-2015, FLAC (tracks), lossless"
3918409,2,15783224,A5ECD258CA175689B550B1E6DBB6E8CD5E74C79B,284592579,1,2026-07-31 02:21:01,3,3,"{7,24,24,24,24,24,24,24,24,24,23,24,24,24,24,24,24,24,24,23,25,24,24,24,25,24,24,26,24,24,24}","{24,88,77,85,65,67,58,64,73,74,61,70,57,55,64,69,61,61,76,76,81,73,75,71,75,71,88,93,71,68,72}","(Gothic Metal) Anabantha - Llanto De Libertad - 2006, FLAC (image+.cue), lossless"
3919009,2,25053998,8EFF90961B38A89D3EB99DF8485964776E88E814,336819247,1,2026-07-31 02:21:01,3,3,"{7,24,24,24,24,24,24,24,24,24,23,24,24,24,24,24,24,24,24,23,25,24,24,24,25,24,24,26,24,24,24}","{23,80,75,77,65,60,53,64,64,68,61,72,57,55,64,67,61,61,71,69,75,71,66,70,75,71,86,76,62,67,63}","(Symphonic/Extreme Gothic Metal) Crescent Lament - Behind The Lethal Deceit - 2011, FLAC (image+.cue), lossless"
3960519,2,4566614,C8B4076E75B483715A933E7C929823B310AA0A90,513579815,1,2026-07-31 02:21:01,5,3,"{7,24,24,24,24,24,24,24,24,24,23,24,24,24,24,24,24,24,24,23,25,24,24,24,25,24,24,26,24,24,24}","{35,125,123,111,79,76,75,91,109,97,85,93,87,98,92,107,105,89,87,87,100,94,94,105,101,88,101,108,95,94,104}","(Industrial Gothic Metal) Deathstars - The Greatest Hits on Earth - 2011, FLAC (tracks+.cue), lossless"
3983363,2,5215708,ECB8149D6C391A58E8B91393F94C9A14310C2082,553799258,1,2026-07-31 02:21:01,5,3,"{7,24,24,24,24,24,24,24,24,24,23,24,24,24,24,24,24,24,24,23,25,24,24,24,25,24,24,26,24,24,24}","{35,156,133,126,91,95,96,145,133,101,107,110,118,126,126,115,123,137,138,111,124,112,113,101,99,106,123,141,122,98,123}","(Gothic/Doom Metal) Type O Negative - World Coming Down (Japan Edition) - 1999, FLAC (image+.cue), lossless"
3985374,2,2586612,98E4BFE18F21E765790B3662881CCC8634E949F1,341728690,1,2026-07-31 02:21:01,4,3,"{7,24,24,24,24,24,24,24,24,24,23,24,24,24,24,24,24,24,24,23,25,24,24,24,25,24,24,26,24,24,24}","{31,96,93,92,77,76,76,80,84,90,84,92,81,79,88,91,85,87,92,85,92,77,85,83,92,85,90,99,86,87,80}","(Progressive Metal/Gothic) Sinphonia - When the Tide Breaks - 2000, FLAC (tracks), lossless"
3985677,2,25102764,DB153879CC1C05BC0FC032639AF8C687346DB679,535234240,1,2026-07-31 02:21:01,3,3,"{7,24,24,24,24,24,24,24,24,24,23,24,24,24,24,24,24,24,24,23,25,24,24,24,25,24,24,26,24,24,24}","{23,80,75,77,65,62,59,64,62,68,60,69,57,55,64,65,61,61,71,69,75,70,73,70,75,71,86,79,68,66,63}","(Synth Gothic Metal) Bloodparade - Pain Exposed - 2006 (2005), FLAC (image+.cue), lossless"
3985989,2,1981103,E78F52C06EA603276864315B26A51602CA89BB50,689250435,1,2026-07-31 02:21:01,3,3,"{7,24,24,24,24,24,24,24,24,24,23,24,24,24,24,24,24,24,24,23,25,24,24,24,25,24,24,26,24,24,24}","{23,80,74,77,65,62,56,64,64,68,61,70,58,58,64,67,62,61,76,70,80,77,69,70,76,71,82,82,64,71,73}","[Обновлено] (Industrial Metal) Deathstars - 3 bootlegs - 2012, FLAC (tracks), lossless"
3986226,2,25102764,1A5D25266C5C7A9A481197362956C03537EE614D,820962882,1,2026-07-31 02:21:01,3,3,"{7,24,24,24,24,24,24,24,24,24,23,24,24,24,24,24,24,24,24,23,25,24,24,24,25,24,24,26,24,24,24}","{23,80,74,85,77,75,62,63,64,68,75,96,81,57,64,67,61,75,95,87,77,71,66,69,87,85,92,76,83,76,79}","(Gothic Metal) Love Lies Eternal - Never Ends - 2006, FLAC (image+.cue), lossless"
3993901,2,21302716,DA423DD768345D4049C2FCFDF38B65B8EE8AA057,340473250,1,2026-07-31 02:21:01,3,3,"{7,24,24,24,24,24,24,24,24,24,23,24,24,24,24,24,24,24,24,23,25,24,24,24,25,24,24,26,24,24,24}","{23,80,74,77,65,63,55,64,62,68,61,68,57,55,64,67,61,61,71,69,76,68,70,70,75,71,85,76,65,67,63}","(Gothic Metal) Lullacry - Where Angels Fear - 2012, FLAC (image+.cue), lossless"
3995844,2,2924483,D29D4448FDE18BEC3A439CBFC74257775D9FF600,515246092,1,2026-07-31 02:21:01,7,4,"{7,24,24,24,24,24,24,24,24,24,23,24,24,24,24,24,24,24,24,23,25,24,24,24,25,24,24,26,24,24,24}","{51,157,164,186,181,156,136,129,121,140,161,153,161,160,158,153,160,169,183,158,145,136,133,138,160,165,155,129,124,131,131}","(dark gothic metal) Schwarzer Engel - Apokalypse - 2010, FLAC (image+.cue), lossless"
3995860,2,2924483,9AD4A47DD77728D11AFAC44A912662CCFDE99FDD,171256943,1,2026-07-31 02:21:01,4,3,"{7,24,24,24,24,24,24,24,24,24,23,24,24,24,24,24,24,24,24,23,25,24,24,24,25,24,24,26,24,24,24}","{35,115,112,137,146,120,90,95,94,100,120,119,115,121,112,113,114,130,136,111,104,87,92,96,106,116,114,99,92,92,92}","(dark gothic metal) Schwarzer Engel - Geister Und Damonen [Single] - 2010, FLAC (image+.cue), lossless"
3995873,2,2924483,C1EF3C3039A90EB1CD611DA0BAF961A2D6370180,421358369,1,2026-07-31 02:21:01,5,3,"{7,24,24,24,24,24,24,24,24,24,23,24,24,24,24,24,24,24,24,23,25,24,24,24,25,24,24,26,24,24,24}","{39,132,134,163,163,129,114,102,97,112,142,136,137,145,138,137,133,152,162,134,121,110,113,112,131,140,137,106,104,108,105}","(dark gothic metal) Schwarzer Engel - Traume Einer Nacht - 2011, FLAC (image+.cue), lossless"
3999986,2,10091220,652ED19AA19DEC8DFB401DBD166AD329B336AC8C,357242365,1,2026-07-31 02:21:01,4,3,"{7,24,24,24,24,24,24,24,24,24,23,24,24,24,24,24,24,24,24,23,25,24,24,24,25,24,24,26,24,24,24}","{31,99,95,101,77,72,71,80,84,90,84,90,81,82,88,89,85,85,95,92,102,83,88,85,91,86,91,105,92,90,88}","(Atmospheric Gothic/Dark Metal) Mj&#246;lnir (Mjolnir) - Whispering Sorcery - 2000, FLAC (image+.cue), lossless"
4000119,2,26365436,803E3BD049E013DBF6B2C555DA02E9A4A59CE420,472999641,1,2026-07-31 02:21:01,6,4,"{7,24,24,24,24,24,24,24,24,24,23,24,24,24,24,24,24,24,24,23,25,24,24,24,25,24,24,26,24,24,24}","{47,161,144,111,125,121,137,126,130,125,112,102,95,98,105,103,110,114,111,116,132,110,137,134,144,138,148,149,132,135,135}","(gothic metal) Scream Silence - Scream Silence - 2012, FLAC (image+.cue), lossless"
4003948,2,529,99CD9F77A61E7D33AD2DEEAE921AC6DA7A1FEE91,1112628016,1,2026-07-31 02:21:01,5,3,"{7,24,24,24,24,24,24,24,24,24,23,24,24,24,24,24,24,24,24,23,25,24,24,24,25,24,24,26,24,24,24}","{35,120,120,92,93,85,78,97,102,89,84,92,82,95,88,95,88,84,95,87,97,92,95,82,75,81,85,76,71,88,90}","(Gothic Metal) Secrecy - Collection - 4 CD's (2004-2009), FLAC (image+.cue), lossless"
4009274,2,2924483,78B2E36DE2FD5B40085A0A52CEA1183866522DE3,373228624,1,2026-07-31 02:21:01,3,3,"{7,24,24,24,24,24,24,24,24,24,23,24,24,24,24,24,24,24,24,23,25,24,24,24,25,24,24,26,24,24,24}","{23,80,74,77,65,62,50,64,61,68,60,70,57,55,64,67,61,61,71,69,76,71,68,70,75,71,85,76,66,61,63}","(gothic metal) Down Below - Zeichen [Special Edition] - 2012, FLAC (image+.cue), lossless"
4020339,8,5940989,19590A5D8A8077E806AC5E8F3669DCCCA851259C,316088302,1,2026-07-31 02:21:01,3,3,"{7,24,24,24,24,24,24,24,24,24,23,24,24,24,24,24,24,24,24,23,25,24,24,24,25,24,24,26,24,24,24}","{23,80,74,77,65,63,53,64,64,68,61,72,57,55,64,67,61,61,71,69,76,70,82,72,75,71,85,76,66,66,63}","(Gothic / Industrial Metal) Vespera - Desert of The Real - 2011, FLAC (tracks), lossless"
4022386,2,25066109,BFDA8DE6CF57147AF9AEEEEDD74B636DE79FA2FA,428031141,1,2026-07-31 02:21:01,3,3,"{7,24,24,24,24,24,24,24,24,24,23,24,24,24,24,24,24,24,24,23,25,24,24,24,25,24,24,26,24,24,24}","{26,80,74,77,65,59,55,64,64,68,59,72,57,55,64,67,61,61,71,69,75,71,67,70,75,71,86,76,66,64,63}","(Doom Metal, Gothic Metal, Atmospheric) Dying Passion - Secretly - 2000, FLAC (image+.cue), lossless"
4022969,2,2586612,315D866550CACB18A99A161482FFEDED80DC036F,588802110,1,2026-07-31 02:21:01,3,3,"{7,24,24,24,24,24,24,24,24,24,23,24,24,24,24,24,24,24,24,23,25,24,24,24,25,24,24,26,24,24,24}","{23,95,89,82,66,61,59,66,64,68,61,80,62,55,71,67,65,61,72,74,77,70,82,81,84,71,85,76,65,67,64}","(Folk, Gothic Metal) Adversus - Der Zeit abhanden - Elf Marchen fur Entflohene - 2010, FLAC (image+.cue), lossless"
4022994,2,25066109,384249B552D2F03F61A78C1C5A52EC7C44EC074B,541777567,1,2026-07-31 02:21:01,3,3,"{7,24,24,24,24,24,24,24,24,24,23,24,24,24,24,24,24,24,24,23,25,24,24,24,25,24,24,26,24,24,24}","{26,80,75,77,65,60,60,64,64,68,61,72,57,55,64,67,61,61,71,69,76,71,69,70,75,71,85,76,67,64,63}","(Doom Metal, Gothic Metal, Atmospheric) Dying Passion - Voyage - 2002, FLAC (image+.cue), lossless"
4025287,2,25066109,E3A19E8BA7E7DD8B6211152BF67787B4B0919A55,434162919,1,2026-07-31 02:21:01,3,3,"{7,24,24,24,24,24,24,24,24,24,23,24,24,24,24,24,24,24,24,23,25,24,24,24,25,24,24,26,24,24,24}","{26,80,74,77,65,60,57,64,64,68,60,72,57,55,64,67,61,61,71,69,75,72,69,70,75,71,85,76,66,67,63}","(Doom Metal, Gothic Metal) Dying Passion - Absorb - 2009, FLAC (tracks+.cue), lossless"
4030155,2,2709185,12195C4BDD395848F5456BCBC79243ADE220DA80,2291320459,1,2026-07-31 02:21:01,10,4,"{7,24,24,24,24,24,24,24,24,24,23,24,24,24,24,24,24,24,24,23,25,24,24,24,25,24,24,26,24,24,24}","{77,283,275,268,261,269,258,249,216,243,232,268,238,215,195,235,197,206,242,247,232,228,257,227,240,232,248,269,247,242,244}","(Gothic Metal) To/Die/For - Discography (Дискография) (1999-2011), lossless, APE &amp; FLAC (image+.cue &amp; tracks+.cue)"
4030735,2,5920720,DE3B014D43D88A8E4433B4D9F0C32DADE4A9BFEF,396429120,1,2026-07-31 02:21:01,3,3,"{7,24,24,24,24,24,24,24,24,24,23,24,24,24,24,24,24,24,24,23,25,24,24,24,25,24,24,26,24,24,24}","{23,80,74,77,65,61,59,64,66,68,61,72,57,55,64,67,61,61,71,69,76,71,69,70,74,71,88,83,68,65,69}","(Gothic Metal) Sarah Jezebel Deva - The Corruption Of Mercy - 2011, FLAC (tracks+.cue), lossless"
4031826,2,2414360,14C7B3645F6447DC532695F46AF7B0ED9DA997BE,51841183,1,2026-07-31 02:21:01,3,3,"{7,24,24,24,24,24,24,24,24,24,23,24,24,24,24,24,24,24,24,23,25,24,24,24,25,24,24,26,24,24,24}","{23,80,75,77,65,74,66,73,76,74,68,78,70,74,72,74,68,72,81,78,84,71,78,75,81,74,93,91,76,75,70}","(Gothic / Symphonic) Epica - Quietus (Two Tracks Single) - 2005, FLAC (tracks+.cue), lossless"
4031923,2,2414360,3BD2D8412AB6F1F6FFC0C6B030BA0F3032C48E23,86026807,1,2026-07-31 02:21:01,3,3,"{7,24,24,24,24,24,24,24,24,24,23,24,24,24,24,24,24,24,24,23,25,24,24,24,25,24,24,26,24,24,24}","{23,80,74,77,65,60,64,73,75,75,68,77,70,71,72,72,68,72,81,78,84,74,76,75,81,74,96,93,74,73,71}","(Gothic / Symphonic) Sahara Dust (pre-Epica) - Cry For The Moon (Demo) - 2002, FLAC (tracks+.cue), lossless"
4031958,8,2414360,84FAE0864F5F39D25F3E2B727019E25C237AB63C,150095790,1,2026-07-31 02:21:01,4,3,"{7,24,24,24,24,24,24,24,24,24,23,24,24,24,24,24,24,24,24,23,25,24,24,24,25,24,24,26,24,24,24}","{28,96,96,94,77,76,78,84,96,94,88,97,89,95,93,95,97,83,82,92,105,88,95,97,106,93,104,112,99,103,102}","(Gothic / Symphonic) Epica - Cry For The Moon (Maxi CD) - 2004, FLAC (tracks+.cue), lossless"
4034948,2,21302716,7ECA278A85D637C07A68B7903BB7AAC682EA5C1F,717273296,1,2026-07-31 02:21:01,3,3,"{7,24,24,24,24,24,24,24,24,24,23,24,24,24,24,24,24,24,24,23,25,24,24,24,25,24,24,26,24,24,24}","{23,80,74,77,65,64,54,64,64,68,61,72,57,55,64,67,61,61,71,69,75,68,69,70,75,71,85,76,67,66,63}","(Gothic Metal) Nevergreen - Karmageddon - 2012, FLAC (tracks+.cue), lossless"
4035096,2,21302716,D5D28222051D734711E649D41E40404945703CDB,1562927587,1,2026-07-31 02:21:01,3,3,"{7,24,24,24,24,24,24,24,24,24,23,24,24,24,24,24,24,24,24,23,25,24,24,24,25,24,24,26,24,24,24}","{23,80,74,77,65,60,56,64,62,68,61,72,57,55,64,67,61,61,71,69,74,70,67,70,77,71,86,76,67,64,63}","(Gothic/Darkwave) all:my:faults - Дискография - 2003-2009 (6 CD), FLAC (tracks, WEB), lossless"
4042779,2,25102764,04AE34436D4A3D13F786E6D50DB272AEFE7C9C02,2551462203,1,2026-07-31 02:21:01,3,3,"{7,24,24,24,24,24,24,24,24,24,23,24,24,24,24,24,24,24,24,23,25,24,24,24,25,24,24,26,24,24,24}","{26,80,74,77,65,59,58,63,62,68,61,72,57,55,64,67,61,61,71,69,74,69,68,70,75,71,86,76,68,65,63}","(Gothic Metal) Even Vast - Discography (5 CD) - 1999-2007, FLAC (image+.cue), lossless"
4043226,2,25102764,3B77957C63D19D41B3718BCF54CA44D2516AE3A8,412303895,1,2026-07-31 02:21:01,3,3,"{7,24,24,24,24,24,24,24,24,24,23,24,24,24,24,24,24,24,24,23,25,24,24,24,25,24,24,26,24,24,24}","{26,80,75,77,65,62,59,64,64,68,61,72,57,55,64,67,61,68,75,70,75,70,68,70,79,71,84,78,68,68,65}","(Gothic Metal) Desdemona - Stagnacja - 2000, FLAC (image+.cue), lossless"
4051671,2,7462486,A977D355845971718AD4231CA379227874989751,467396614,1,2026-07-31 02:21:01,4,3,"{7,24,24,24,24,24,24,24,24,24,23,24,24,24,24,24,24,24,24,23,25,24,24,24,25,24,24,26,24,24,24}","{33,113,107,107,93,98,93,91,90,98,89,96,113,109,87,95,112,117,100,106,101,89,86,93,100,95,107,106,102,97,104}","(Industrial Metal) Deathstars - Night Electric Night - 2009, FLAC (image+.cue), lossless"
4055882,2,11306555,0C76434692497CA8A6515D30AD20BA1B40895E0C,608602463,1,2026-07-31 02:21:01,4,3,"{7,24,24,24,24,24,24,24,24,24,23,24,24,24,24,24,24,24,24,23,25,24,24,24,25,24,24,26,24,24,24}","{32,124,123,115,103,126,117,131,111,136,137,127,122,126,124,116,135,132,126,129,161,119,127,128,138,122,134,132,111,124,117}","(Symphonic Power/Gothic Metal) Epica - Requiem For The Indifferent - 2012(2-nd press / Ltd digi), FLAC (image+.cue), lossless"
4057013,2,21302716,7377102F913702392449610A1C34860564697C11,401789092,1,2026-07-31 02:21:01,3,3,"{7,24,24,24,24,24,24,24,24,24,23,24,24,24,24,24,24,24,24,23,25,24,24,24,25,24,24,26,24,24,24}","{23,80,74,77,65,61,57,64,62,68,60,69,57,55,64,67,61,61,71,69,74,71,70,70,75,71,86,76,69,76,87}","(Gothic/Love Metal) Rozencrantz - 2 релиза - 2007-2009 (2 CD), FLAC (tracks,WEB), lossless"
4064125,2,11306555,D07F1B158B4DEE910F557CE32D4816332F4FF5A9,643022091,1,2026-07-31 02:21:01,6,4,"{7,24,24,24,24,24,24,24,24,24,23,24,24,24,24,24,24,24,24,23,25,24,24,24,25,24,24,26,24,24,24}","{44,158,143,141,149,147,140,126,128,153,137,100,131,136,129,129,136,136,137,113,130,123,120,130,143,167,172,159,124,121,113}","(Symphonic Power/Gothic Metal) After Forever - Decipher (2 CD's jap.) - 2007, FLAC (image+.cue), lossless"
4065993,2,2924483,B5460D49A1C772816486040376F1B8E3DE0AE930,283988783,1,2026-07-31 02:21:01,3,3,"{7,24,24,24,24,24,24,24,24,24,23,24,24,24,24,24,24,24,24,23,25,24,24,24,25,24,24,26,24,24,24}","{25,91,88,90,73,69,66,78,73,81,77,86,73,68,83,83,75,75,92,71,75,70,69,70,75,71,86,76,66,65,63}","(gothic darkwave) Illuminate - Verfall - 1996, FLAC (image+.cue), lossless"
4066011,2,2924483,480E2917F630D32151C1A0F92772403239D5C8BB,375042227,1,2026-07-31 02:21:01,3,3,"{7,24,24,24,24,24,24,24,24,24,23,24,24,24,24,24,24,24,24,23,25,24,24,24,25,24,24,26,24,24,24}","{27,104,102,91,87,77,80,87,89,87,82,89,82,85,91,90,88,88,103,71,75,69,69,70,75,71,86,76,66,66,74}","(gothic darkwave) Illuminate - Erinnerungen - 1997, FLAC (image+.cue), lossless"
4067446,2,529,1D6B506F9A08795BB4C4B87A0B68BEBAAADAAA0C,535320238,1,2026-07-31 02:21:01,3,3,"{7,24,24,24,24,24,24,24,24,24,23,24,24,24,24,24,24,24,24,23,25,24,24,24,25,24,24,26,24,24,24}","{23,80,74,77,65,58,52,64,64,68,61,72,57,55,64,67,61,61,71,69,76,69,67,70,75,71,85,76,65,66,63}","(Dark Gothic Metal) Gaias Pendulum - Vitae - 2000, FLAC (image+.cue), lossless"
4084762,2,9988167,E99C9CE6D8968D1736FCBE4FB928DFB6E0DAD687,599450306,1,2026-07-31 02:21:01,5,3,"{7,24,24,24,24,24,24,24,24,24,23,24,24,24,24,24,24,24,24,23,25,24,24,24,25,24,24,26,24,24,24}","{37,139,141,133,119,115,108,114,115,115,109,114,117,108,114,114,116,122,116,107,114,115,103,115,120,117,126,122,112,115,115}","(Goth Rock, Avantgarde, Heavy Metal) &#214;xx&#246; X&#246;&#246;x - R&#235;v&#235;&#252;rt - 2011, WEB, FLAC (tracks), lossless"
4087482,2,1840441,2B11003ABE43933F913613C518152ECC3920ED78,1099216081,1,2026-07-31 02:21:01,7,3,"{7,24,24,24,24,24,24,24,24,24,23,24,24,24,24,24,24,24,24,23,25,24,24,24,25,24,24,26,24,24,24}","{36,151,113,139,116,101,114,114,135,113,115,115,134,131,123,116,129,117,121,115,129,120,124,109,135,108,97,117,97,96,104}","(Gothic/Doom Metal) [CD] Silent Cry - Collection (1997-2001) 4 CD, FLAC (image+.cue), lossless"
4090867,2,1840441,0DE01E5ADD4D4C36B41ADCEE408BC147517CD355,279599848,1,2026-07-31 02:21:01,9,4,"{7,24,24,24,24,24,24,24,24,24,23,24,24,24,24,24,24,24,24,23,25,24,24,24,25,24,24,26,24,24,24}","{72,234,208,184,165,165,171,213,217,174,163,171,185,199,195,114,139,125,110,155,169,131,141,152,167,148,130,163,122,145,174}","(Gothic/Death/Doom Metal) Lacrimas Profundere - ...and the Wings Embraced Us - 1995, FLAC (image+.cue), lossless"
4090896,2,1840441,A7DF36205B534FB015FE2822308BBD83091F88F8,399966350,1,2026-07-31 02:21:01,8,4,"{7,24,24,24,24,24,24,24,24,24,23,24,24,24,24,24,24,24,24,23,25,24,24,24,25,24,24,26,24,24,24}","{63,215,172,193,221,226,188,194,213,193,188,186,179,199,211,128,157,145,144,157,161,153,188,174,169,159,124,172,143,142,149}","(Gothic/Death/Doom Metal) Lacrimas Profundere - La naissance d'un reve - 1997, FLAC (image+.cue), lossless"
4091884,2,25102764,3A831E18D90F74C0CCB12A151D15C92B59BE024F,529713070,1,2026-07-31 02:21:01,3,3,"{7,24,24,24,24,24,24,24,24,24,23,24,24,24,24,24,24,24,24,23,25,24,24,24,25,24,24,26,24,24,24}","{23,80,74,77,65,64,57,64,64,68,61,69,57,55,64,67,61,61,71,69,74,70,70,70,75,71,85,78,67,66,63}","(Gothic Metal) Sad Harmony - Elektrula - 2001 (2000), FLAC (image+.cue), lossless"
4092999,2,25102764,F6A7D8053F067B34C2871509723A9BC66E48CE0A,822208395,1,2026-07-31 02:21:01,4,3,"{7,24,24,24,24,24,24,24,24,24,23,24,24,24,24,24,24,24,24,23,25,24,24,24,25,24,24,26,24,24,24}","{31,96,92,92,77,72,68,80,84,90,84,89,81,79,88,91,85,87,92,82,93,75,85,83,92,85,90,97,90,90,81}","(Progressive / Gothic Metal) Sinphonia - The Divine Disharmony - 2002, FLAC (image+.cue), lossless"
4096968,2,15298930,B7089D474039864596DE55C376EB1567D7C41B86,519184922,1,2026-07-31 02:21:01,5,3,"{7,24,24,24,24,24,24,24,24,24,23,24,24,24,24,24,24,24,24,23,25,24,24,24,25,24,24,26,24,24,24}","{37,143,148,137,121,116,116,118,127,119,121,123,129,160,172,166,131,124,119,123,123,121,124,120,124,164,130,127,122,121,131}","(Gothic/Industrial Metal) Mortiis - The Smell Of Rain (Limited Reissue) - 2002, FLAC (image+.cue), lossless"
4102945,2,21808606,3FED67BBECBE07362796B7B5A6F0B1FF1FC847E2,811155824,1,2026-07-31 02:21:01,3,3,"{7,24,24,24,24,24,24,24,24,24,23,24,24,24,24,24,24,24,24,23,25,24,24,24,25,24,24,26,24,24,24}","{22,81,79,77,72,65,64,69,62,72,65,70,59,64,64,65,69,61,76,70,78,71,69,70,75,71,84,82,80,95,87}","(Gothic Metal) Samsas Traum - Unbeugsam-Unberechenbar-Unsterblich Live in Bochum (2 CD) - 2012, FLAC (image+.cue), lossless"
4103079,2,20906212,8A11105049EFB0F982FA003A451435FAEADA3D97,521848886,1,2026-07-31 02:21:01,4,3,"{7,24,24,24,24,24,24,24,24,24,23,24,24,24,24,24,24,24,24,23,25,24,24,24,25,24,24,26,24,24,24}","{28,107,106,127,107,144,109,106,120,106,101,99,118,119,106,104,104,127,116,133,138,110,116,121,134,117,147,151,123,126,125}","(Symphonic Power/Gothic Metal) Epica - Requiem For The Indifferent (Instrumental) - 2012, FLAC (image+.cue), lossless"
4120409,2,2414360,098A9EC5DF156B5A3D44E5442D58DBF320B889B0,252663033,1,2026-07-31 02:21:01,13,3,"{7,24,24,24,24,24,24,24,24,24,23,24,24,24,24,24,24,24,24,23,25,24,24,24,25,24,24,26,24,24,24}","{102,408,404,385,362,374,379,334,353,395,323,357,396,388,387,342,340,381,394,356,380,317,334,350,409,368,339,351,328,335,356}","(Classical/Orchestral/Symphonic Metal) Haggard - Awaking The Centuries - 2000, FLAC (tracks+.cue), lossless"
4120417,2,2414360,FC9500AB47269B968A10166290738C9770D52F0D,346763618,1,2026-07-31 02:21:01,14,3,"{7,24,24,24,24,24,24,24,24,24,23,24,24,24,24,24,24,24,24,23,25,24,24,24,25,24,24,26,24,24,24}","{115,475,446,449,439,420,431,391,410,423,363,463,466,492,471,391,428,451,471,418,412,383,351,421,473,425,404,388,356,390,400}","(Classical/Orchestral/Symphonic Metal) Haggard - Eppur Si Muove - 2004, FLAC (tracks+.cue), lossless"
4120794,2,2531770,65024C368EBA4A112092B921D8E5B829005C7E6C,561420456,1,2026-07-31 02:21:01,3,3,"{7,24,24,24,24,24,24,24,24,24,23,24,24,24,24,24,24,24,24,23,25,24,24,24,25,24,24,26,24,24,24}","{23,80,76,77,65,60,56,63,62,68,61,69,59,62,64,67,61,61,78,82,76,70,70,70,75,71,86,76,65,61,63}","(Melodic Symphonic Gothic Metal) The Murder Of My Sweet - Bye Bye Lullaby - 2012, FLAC (image+.cue), lossless"
4123654,2,2924483,0C8A4F770E1EC68D30FC78E089AAEF387DFD25BB,440290445,1,2026-07-31 02:21:01,3,3,"{7,24,24,24,24,24,24,24,24,24,23,24,24,24,24,24,24,24,24,23,25,24,24,24,25,24,24,26,24,24,24}","{25,91,88,89,73,69,68,78,72,81,77,86,73,68,83,83,74,74,92,71,75,70,69,70,75,71,85,76,65,65,63}","(gothic darkwave) Illuminate - Erwachen - 1998, FLAC (image+.cue), lossless"
4123658,2,2924483,CFA186A4FD2BE87397440E6DD2FD160B0D603FCB,369358435,1,2026-07-31 02:21:01,3,3,"{7,24,24,24,24,24,24,24,24,24,23,24,24,24,24,24,24,24,24,23,25,24,24,24,25,24,24,26,24,24,24}","{25,91,86,90,73,68,63,78,72,80,77,83,73,69,82,83,75,74,88,71,75,70,70,70,75,71,86,76,67,68,63}","(gothic darkwave) Illuminate - Letzter Blick Zuruck - 1999, FLAC (image+.cue), lossless"
4129581,2,2924483,064EF9A78223BE452276C6C69A758D42980E3509,366168120,1,2026-07-31 02:21:01,3,3,"{7,24,24,24,24,24,24,24,24,24,23,24,24,24,24,24,24,24,24,23,25,24,24,24,25,24,24,26,24,24,24}","{25,91,88,88,74,73,62,78,73,80,77,86,73,68,83,83,75,75,88,71,76,71,69,70,75,71,86,76,68,67,63}","(gothic darkwave) Illuminate - Ein Neuer Tag - 2000, FLAC (image+.cue), lossless"
4131612,2,21983867,BB69E909856E78A8BBA4A51AFD38C85827BA5E10,405217691,1,2026-07-31 02:21:01,4,4,"{7,24,24,24,24,24,24,24,24,24,23,24,24,24,24,24,24,24,24,23,25,24,24,24,25,24,24,26,24,24,24}","{28,112,105,109,99,104,119,117,106,111,105,104,90,110,97,104,108,95,89,98,105,88,83,87,102,87,113,107,86,92,111}","(Epic Heavy/Gothic/Doom/Progressive Metal) Opera Diabolicus - †1614 - 2012, FLAC (tracks+.cue), lossless"
4134988,2,2924483,89242FF5C00A97D7E41F3BBB36B3B7116C78C57A,141376931,1,2026-07-31 02:21:01,3,3,"{7,24,24,24,24,24,24,24,24,24,23,24,24,24,24,24,24,24,24,23,25,24,24,24,25,24,24,26,24,24,24}","{23,80,74,77,65,60,53,64,62,68,61,72,57,55,64,67,61,61,71,69,76,71,71,70,75,71,86,76,67,67,63}","(gothic darkwave) Illuminate - DunkelLicht [Single] - 2000, FLAC (image+.cue), lossless"
4140909,2,2414360,2AD45DA0023D561297968DB7FE0F90A40AD9E89D,159409490,1,2026-07-31 02:21:01,3,3,"{7,24,24,24,24,24,24,24,24,24,23,24,24,24,24,24,24,24,24,23,25,24,24,24,25,24,24,26,24,24,24}","{23,80,74,77,65,61,52,64,64,68,61,72,57,55,64,67,61,61,71,69,76,71,71,70,75,71,85,76,65,64,63}","(Gothic Metal / Symphonic Power Metal) Krypteria - Evolution Principle (EP) - 2006, FLAC (tracks+.cue), lossless"
4140921,2,2414360,1538B9E61F980B5CDEA689DA1EC0B6DA12ED1B4F,381315056,1,2026-07-31 02:21:01,3,3,"{7,24,24,24,24,24,24,24,24,24,23,24,24,24,24,24,24,24,24,23,25,24,24,24,25,24,24,26,24,24,24}","{23,80,75,77,65,63,53,64,64,68,72,73,72,69,69,71,66,65,78,78,83,72,69,70,75,71,86,76,64,64,63}","(Gothic Metal / Symphonic Power Metal) Krypteria - In Medias Res (Korean Version) - 2005, FLAC (tracks+.cue), lossless"
4145158,2,2414360,8583E0FA520DB7DDDA5E518A5DCD0F8BBB6E08C9,480678729,1,2026-07-31 02:21:01,5,4,"{7,24,24,24,24,24,24,24,24,24,23,24,24,24,24,24,24,24,24,23,25,24,24,24,25,24,24,26,24,24,24}","{35,120,123,122,119,136,143,119,118,113,106,110,117,114,121,112,115,114,104,118,126,105,102,110,111,116,141,146,133,116,112}","(Gothic/Alternative Metal) Lacuna Coil - Manifesto Of Lacuna Coil (Compilations) - 2009, FLAC (tracks+.cue), lossless"
4149086,2,2414360,3F1EBC18030755C7B26CC2F582CB0626F38E6150,540440190,1,2026-07-31 02:21:01,5,3,"{7,24,24,24,24,24,24,24,24,24,23,24,24,24,24,24,24,24,24,23,25,24,24,24,25,24,24,26,24,24,24}","{37,136,155,143,113,114,129,85,98,99,93,122,108,107,95,97,97,113,104,108,131,105,91,105,114,128,128,122,128,124,105}","(Gothic Metal) Leaves' Eyes - Meredead (Standard Edition) - 2011, FLAC (tracks+.cue), lossless"
4150631,8,15168312,69A24A659F1E8C83D2911FE972BCA7579054D35C,379131276,1,2026-07-31 02:21:01,7,4,"{7,24,24,24,24,24,24,24,24,24,23,24,24,24,24,24,24,24,24,23,25,24,24,24,25,24,24,26,24,24,24}","{49,148,148,153,120,99,96,111,121,97,95,111,103,125,133,128,133,105,102,116,132,114,103,115,119,99,115,125,105,107,119}","(Vampiric Gothic Metal) Theatres Des Vampires - The Vampire Chronicles - 2002, FLAC (tracks+.cue), lossless"
4152308,2,21808606,C030BB4EA70CB2C31B27AEE6A643E15EE0CC8473,1128581750,1,2026-07-31 02:21:01,3,3,"{7,24,24,24,24,24,24,24,24,24,23,24,24,24,24,24,24,24,24,23,25,24,24,24,25,24,24,26,24,24,24}","{22,80,77,77,72,63,63,69,62,72,65,72,59,64,64,67,69,61,76,70,81,71,70,70,75,71,84,82,80,89,93}","(Gothic Metal) Samsas Traum / Weena Morloch - .K&#228;fer.Maden.W&#252;rmer.Spinnen. (2 CD) - 2011, FLAC (image+.cue), lossless"
4152853,2,7520499,3E4B6A32D2A25D15F14C28B45B54817DA184B890,667989916,1,2026-07-31 02:21:01,5,3,"{7,24,24,24,24,24,24,24,24,24,23,24,24,24,24,24,24,24,24,23,25,24,24,24,25,24,24,26,24,24,24}","{36,135,144,129,99,102,99,116,134,123,96,99,89,104,104,100,95,96,116,85,88,103,94,102,120,91,115,112,98,106,125}","(Gothic / Doom Metal) Type O Negative - Dead Again [Icarus 341, Argentinean Press] - 2007, FLAC (image+.cue), lossless"
4160052,2,2414360,AA6E815D5328F11F6546DFB6B7D1B59ADA882E70,137197424,1,2026-07-31 02:21:01,3,3,"{7,24,24,24,24,24,24,24,24,24,23,24,24,24,24,24,24,24,24,23,25,24,24,24,25,24,24,26,24,24,24}","{23,80,74,77,65,62,58,64,64,68,61,70,57,55,64,67,61,61,71,69,75,71,82,72,75,71,91,76,68,64,63}","(Gothic Metal) Lullacry - Fire Within (EP) - 2004, FLAC (tracks+.cue), lossless"
4162208,2,28171865,F87C780228818EAE63CFD975649F821961ACECD2,311243334,1,2026-07-31 02:21:01,5,3,"{7,24,24,24,24,24,24,24,24,24,23,24,24,24,24,24,24,24,24,23,25,24,24,24,25,24,24,26,24,24,24}","{41,169,179,174,155,153,151,160,149,160,152,145,161,144,124,119,132,137,134,148,146,143,136,130,127,157,151,143,126,126,122}","(Ambient / Darkwave) Mortiis - Keiser Av En Dimensjon Ukjent (1995) - 2007, FLAC (image+.cue), lossless"
4177541,2,1167648,F4F8F23CFF3B98C9DB278EC5EA32259D6DEA56C8,829065503,1,2026-07-31 02:21:01,4,3,"{7,24,24,24,24,24,24,24,24,24,23,24,24,24,24,24,24,24,24,23,25,24,24,24,25,24,24,26,24,24,24}","{25,111,121,97,98,89,86,97,108,96,93,96,96,96,96,96,96,96,96,92,102,76,85,86,92,85,91,102,90,84,87}","(Gothic Metal/Rock) Eilera - 2005 - 2011, FLAC (tracks+.cue), lossless"
4177950,2,8563679,BE5BBC58EE4E2741A528C07C21BA0300ABE3827B,428075736,1,2026-07-31 02:21:01,5,4,"{7,24,24,24,24,24,24,24,24,24,23,24,24,24,24,24,24,24,24,23,25,24,24,24,25,24,24,26,24,24,24}","{34,130,118,119,91,88,94,93,98,100,91,100,93,103,101,104,104,95,102,86,103,97,94,91,98,100,102,110,111,92,114}","(Electronic, Gothic, Industrial) Lex Talionis - Into The Shade - 1994, FLAC (image+.cue), lossless"
4182193,2,4624104,F463EBCE310FC86425CE73B372123EF84E7F98A6,498243127,1,2026-07-31 02:21:01,9,3,"{7,24,24,24,24,24,24,24,24,24,23,24,24,24,24,24,24,24,24,23,25,24,24,24,25,24,24,26,24,24,24}","{61,245,244,219,223,224,208,196,220,227,221,202,231,221,267,266,254,245,231,224,231,205,225,204,215,214,217,225,201,199,178}","(Gothic Metal) Lacrimosa - Revolution - 2012, FLAC (image+.cue), lossless"
4186382,2,17597763,600FD655C283F47F8A2A4BA2F6EABD09A0EBA758,466911448,2,2026-07-31 02:21:01,3,3,"{7,24,24,24,24,24,24,24,24,24,23,24,24,24,24,24,24,24,24,23,25,24,24,24,25,24,24,26,24,24,24}","{23,80,74,77,65,63,57,64,77,68,61,72,63,55,64,69,61,73,78,83,103,82,85,98,92,92,95,104,94,89,94}","(Gothic Metal, Female Vocal) Lunar Path - Memento Mori - 2012, FLAC (tracks+.cue), lossless"
4201072,2,6474837,C4AF9473FA142339621EC2C2B304C657585A257A,370249330,1,2026-07-31 02:21:01,5,4,"{7,24,24,24,24,24,24,24,24,24,23,24,24,24,24,24,24,24,24,23,25,24,24,24,25,24,24,26,24,24,24}","{38,133,144,126,108,110,123,115,107,115,109,103,129,133,117,111,115,112,108,116,121,108,111,113,117,121,132,139,123,116,102}","(Symphonic / Gothic Metal) Siegfried - Eisenwinter - 2003, WavPack (image+.cue), lossless"
4203108,2,2924483,5F73FD24B2708DF99E6C9B81747B48F8D9EE9EFC,674160652,1,2026-07-31 02:21:01,5,4,"{7,24,24,24,24,24,24,24,24,24,23,24,24,24,24,24,24,24,24,23,25,24,24,24,25,24,24,26,24,24,24}","{35,125,123,115,104,101,94,100,120,99,98,112,113,96,96,105,109,97,119,114,115,98,94,99,112,108,117,114,97,96,109}","(folk gothic) Letzte Instanz - Ewig [Limited Edition] - 2012, FLAC (image+.cue), lossless"
4207207,2,6474837,7CFD69F818221F211300ACFD79C78E44706AF866,357418500,1,2026-07-31 02:21:01,3,3,"{7,24,24,24,24,24,24,24,24,24,23,24,24,24,24,24,24,24,24,23,25,24,24,24,25,24,24,26,24,24,24}","{23,81,77,77,67,68,61,70,64,68,67,76,60,55,66,65,63,64,78,77,75,72,70,72,75,72,86,76,73,64,69}","(Gothic Metal) Erszebeth - La Condesa Inmortal - 2007, FLAC (image+.cue), lossless"
4219506,2,19588415,BC56BA90C236046DB890222996313908E85433B5,280955307,1,2026-07-31 02:21:01,7,3,"{7,24,24,24,24,24,24,24,24,24,23,24,24,24,24,24,24,24,24,23,25,24,24,24,25,24,24,26,24,24,24}","{43,154,145,140,125,107,101,97,107,101,96,107,86,88,107,87,87,93,90,83,97,108,120,119,105,108,127,125,103,110,104}","(Avantgarde / Dark Metal) Sadness - Evangelion - 1997 (Mystic Production), FLAC (image+.cue), lossless"
4221686,2,6474837,9C53F420124DCD5B63E1317D863C722E0B08D8E0,400646943,1,2026-07-31 02:21:01,3,3,"{7,24,24,24,24,24,24,24,24,24,23,24,24,24,24,24,24,24,24,23,25,24,24,24,25,24,24,26,24,24,24}","{26,80,74,77,65,61,61,64,64,68,61,71,57,55,64,67,61,61,71,69,74,68,68,70,75,71,85,76,65,66,63}","(Gothic Metal) Soulrelic - Love Is A Lie We Both Believed (Japanese Ed.) - 2006, FLAC (image+.cue), lossless"
4223514,2,10106731,D868F040DE10D7806603E6B1AD049BC6CEEC814D,350822973,1,2026-07-31 02:21:01,6,4,"{7,24,24,24,24,24,24,24,24,24,23,24,24,24,24,24,24,24,24,23,25,24,24,24,25,24,24,26,24,24,24}","{40,126,115,112,103,97,111,107,104,107,99,108,126,117,119,114,123,114,124,118,115,92,97,100,115,139,136,127,95,92,91}","(Gothic/Industrial Metal) Leiden - Empty - 2003, FLAC (image+.cue), lossless"
4226524,2,6474837,70B4A2603BA53E10BEDB6F8260AF765FF01095FF,517489306,1,2026-07-31 02:21:01,4,3,"{7,24,24,24,24,24,24,24,24,24,23,24,24,24,24,24,24,24,24,23,25,24,24,24,25,24,24,26,24,24,24}","{31,107,105,108,98,95,84,92,110,96,92,97,94,104,96,96,97,90,91,93,105,90,91,90,100,93,111,115,91,100,119}","(Atmospheric Progressive Metal) Madder Mortem - Deadlands (Reissued-2009) - 2002, APE (image+.cue), lossless"
4234885,2,25102764,A1DF6D84CA517BFAA9EC3DEF76BE4474607C4F1B,486670454,1,2026-07-31 02:21:01,3,3,"{7,24,24,24,24,24,24,24,24,24,23,24,24,24,24,24,24,24,24,23,25,24,24,24,25,24,24,26,24,24,24}","{23,80,74,77,65,57,56,64,64,68,61,71,57,55,64,71,61,61,71,69,75,69,69,70,75,71,86,77,69,63,63}","(Gothic Metal) Vagrant God - Vagrant God - 2012, FLAC (image+.cue), lossless"
4234957,2,18518867,937537D49A43AFD26AF364BB9688482A3874BD6E,386406869,1,2026-07-31 02:21:01,5,3,"{7,24,24,24,24,24,24,24,24,24,23,24,24,24,24,24,24,24,24,23,25,24,24,24,25,24,24,26,24,24,24}","{37,135,131,130,100,78,90,91,110,100,92,83,89,91,84,76,93,102,105,100,113,88,86,89,93,98,131,130,118,104,102}","(Depressed Subcore / Alternative Doom Gothic Metal) End of Green - Infinity (1st press, NB 140-2) - 1996, FLAC (image+.cue), lossless"
4235567,2,25102764,BAF1E5310BA7D6ABA044E299CD44002F50305B68,467215596,1,2026-07-31 02:21:01,4,3,"{7,24,24,24,24,24,24,24,24,24,23,24,24,24,24,24,24,24,24,23,25,24,24,24,25,24,24,26,24,24,24}","{28,96,96,94,79,75,77,77,79,90,84,93,81,79,88,89,84,85,95,87,97,77,79,77,92,85,90,90,85,83,82}","(Atmospheric Gothic Metal) Fruit Tree - Sunset - 2002, FLAC (image+.cue), lossless"
4236107,2,1840441,1DCC31571E4814426B016A75FE24C56AE4F1738C,1093564155,1,2026-07-31 02:21:01,6,3,"{7,24,24,24,24,24,24,24,24,24,23,24,24,24,24,24,24,24,24,23,25,24,24,24,25,24,24,26,24,24,24}","{41,148,142,126,117,114,115,124,119,125,110,111,117,130,120,112,114,128,124,119,106,79,77,81,90,82,85,103,85,86,82}","(Gothic/Doom Metal) Lycanthia - Discography (1999-2012) 3 CD, FLAC (image+.cue), lossless"
4238113,2,1840441,97A7BD1D72C6202BD50148EAA917E493F3A97E2D,2553918298,1,2026-07-31 02:21:01,4,3,"{7,24,24,24,24,24,24,24,24,24,23,24,24,24,24,24,24,24,24,23,25,24,24,24,25,24,24,26,24,24,24}","{28,92,83,88,74,69,64,76,71,73,71,82,77,75,76,76,81,70,82,82,92,73,76,72,90,78,86,94,79,86,78}","(Gothic/Doom Metal) [CD] Euthanasia - Discography (1999-2018) 5 CD, FLAC (image+.cue), lossless"
4239840,2,1840441,9A8174B83151BE97FE5AF25FD2525A63476B28A4,439227332,1,2026-07-31 02:21:01,4,3,"{7,24,24,24,24,24,24,24,24,24,23,24,24,24,24,24,24,24,24,23,25,24,24,24,25,24,24,26,24,24,24}","{25,92,83,88,77,69,68,76,76,73,71,80,78,71,76,76,81,70,82,82,91,73,76,72,88,80,87,94,75,87,78}","(Gothic Metal) Endless - Perihelion - 1999, FLAC (image+.cue), lossless"
4241776,2,12063696,0887F689F684B01B46AA7B0E447C49023C91AA2D,258529913,1,2026-07-31 02:21:01,3,3,"{7,24,24,24,24,24,24,24,24,24,23,24,24,24,24,24,24,24,24,23,25,24,24,24,25,24,24,26,24,24,24}","{23,80,79,83,66,81,55,73,70,73,67,72,60,55,81,67,82,66,63,75,77,77,79,74,82,75,98,85,73,72,63}","(Gothic Metal) [CD] Deviate Ladies - Religious As Our Methods - 1997, FLAC (image+.cue), lossless"
4245553,2,1840441,76EF1C9C85A8BF6FE9364A9B6BBF77C926BEBD69,307808719,1,2026-07-31 02:21:01,4,3,"{7,24,24,24,24,24,24,24,24,24,23,24,24,24,24,24,24,24,24,23,25,24,24,24,25,24,24,26,24,24,24}","{25,92,83,88,74,72,61,76,72,72,72,82,80,71,79,76,81,73,82,82,92,74,78,72,91,81,85,95,78,83,78}","(Gothic Metal) Alight - Don't Fear the Revenge - 2009, FLAC (image+.cue), lossless"
4246167,2,171426,B6B75EED555AEFE9DA2CF0D6ABBB24057BDAA031,744539654,1,2026-07-31 02:21:01,4,3,"{7,24,24,24,24,24,24,24,24,24,23,24,24,24,24,24,24,24,24,23,25,24,24,24,25,24,24,26,24,24,24}","{28,96,109,157,133,123,105,112,129,140,117,138,140,139,154,115,87,112,140,133,147,122,116,103,136,138,146,155,155,139,123}","(Gothic Metal) Lacrimosa - Sehnsucht (Special Version) Ltd. 2 CD - 2009, FLAC (image+.cue), lossless"
4256084,8,6503697,3968D5F741E44BDCFF3121D95B6983197B06A998,659026184,1,2026-07-31 02:21:01,3,3,"{7,24,24,24,24,24,24,24,24,24,23,24,24,24,24,24,24,24,24,23,25,24,24,24,25,24,24,26,24,24,24}","{23,81,75,77,65,59,57,64,64,67,61,68,57,55,64,69,61,61,71,69,75,70,69,70,75,71,85,83,65,67,63}","(Gothic Metal) Lacrimosa - Live at Wave-Gotik-Treffen (23.05.10), FLAC (tracks), lossless"
4274514,2,25102764,31821FC5BC929FA3CDF7A43483061260402E801B,342074632,1,2026-07-31 02:21:01,3,3,"{7,24,24,24,24,24,24,24,24,24,23,24,24,24,24,24,24,24,24,23,25,24,24,24,25,24,24,26,24,24,24}","{26,80,75,77,69,64,60,68,71,68,66,73,57,59,70,77,66,67,77,74,81,72,68,74,83,79,92,88,70,71,67}","(Gothic Doom Metal) Elegeion - Odyssey Into Darkness (EP) - 1997, FLAC (image+.cue), lossless"
4274933,2,15204870,3C59266C612A8F0FF97906DC9976D9B601E499D6,533110788,1,2026-07-31 02:21:01,4,3,"{7,24,24,24,24,24,24,24,24,24,23,24,24,24,24,24,24,24,24,23,25,24,24,24,25,24,24,26,24,24,24}","{28,82,96,91,77,74,79,97,108,95,85,91,81,78,94,96,96,96,96,92,104,95,93,96,100,96,111,106,97,100,96}","(Gothic Metall) Saviour Machine - 20th Anniversary,1990 Demo - 2011, FLAC (image+.cue), lossless"
4283070,2,24581736,25AD7E05A424FFCBACE54C682AA221CDF80A8CAF,914327956,1,2026-07-31 02:21:01,3,3,"{7,24,24,24,24,24,24,24,24,24,23,24,24,24,24,24,24,24,24,23,25,24,24,24,25,24,24,26,24,24,24}","{21,99,76,78,65,79,78,83,78,67,61,72,57,55,82,90,76,64,71,69,75,70,70,70,82,71,86,76,68,88,99}","(Black/Gothic Metal) Forbidden Site - Discography (2 CD) - 1997, 1999, FLAC (image+.cue), lossless"
4283674,2,1840441,90F3F8024B3F3B9BAF4229E70FA29FA3165C6808,407026817,1,2026-07-31 02:21:01,4,3,"{7,24,24,24,24,24,24,24,24,24,23,24,24,24,24,24,24,24,24,23,25,24,24,24,25,24,24,26,24,24,24}","{25,94,86,88,74,67,65,73,79,117,77,87,77,72,87,78,81,62,62,95,93,73,79,72,93,78,86,94,92,79,82}","(Gothic/Doom Metal) Your Tomorrow Alone - Ordinary Lives - 2012, FLAC (image+.cue), lossless"
4293288,2,6474837,00F3A9BD3990AB0B4514468DD1AC610935FAD01C,342672878,1,2026-07-31 02:21:01,3,3,"{7,24,24,24,24,24,24,24,24,24,23,24,24,24,24,24,24,24,24,23,25,24,24,24,25,24,24,26,24,24,24}","{23,80,74,77,65,62,52,64,62,68,58,70,57,55,64,67,61,61,71,69,76,71,69,70,75,71,86,76,65,65,63}","(Gothic Metal) Dark Whisper - From Now On - 2011, APE (image+.cue), lossless"
4297238,2,28239205,0A747276A737D2295F7968BDCFF0CFB4A2B12A3D,423114990,1,2026-07-31 02:21:01,4,3,"{7,24,24,24,24,24,24,24,24,24,23,24,24,24,24,24,24,24,24,23,25,24,24,24,25,24,24,26,24,24,24}","{31,114,81,97,87,86,84,82,95,96,92,99,84,75,88,91,85,87,95,94,103,96,85,95,116,127,131,120,96,90,90}","(Dark Gothic Heavy Metal) Your Shapeless Beauty - Sycamore Grove (Digi) - 1999, FLAC (image+.cue), lossless"
4301013,2,25102764,F3B0DE7A9A03C9EC1A4CE6AF85FD4044F20EAEB0,1432108266,1,2026-07-31 02:21:01,3,3,"{7,24,24,24,24,24,24,24,24,24,23,24,24,24,24,24,24,24,24,23,25,24,24,24,25,24,24,26,24,24,24}","{26,80,74,77,65,60,56,64,64,70,61,68,57,55,64,67,61,61,71,69,75,70,63,70,75,71,85,76,63,65,63}","(Gothic Doom / Gothic Metal) Never Comes Silence - Discography (3 CD) - 1998-2005, FLAC (image+.cue), lossless"
4302772,2,28985825,2C63B4B44EAF7D0FD5EE3D394F619F265588EF42,398244193,1,2026-07-31 02:21:01,3,3,"{7,24,24,24,24,24,24,24,24,24,23,24,24,24,24,24,24,24,24,23,25,24,24,24,25,24,24,26,24,24,24}","{21,88,81,84,71,66,66,69,75,75,79,73,77,75,84,82,86,92,78,93,94,67,71,72,78,71,93,105,96,83,63}","(Symphonic Gothic Metal) Winter In Eden - Echoes Of Betrayal - 2012, FLAC (tracks+.cue), lossless"
4302864,2,21302716,A5F7C31074DC272373E404BE6C7D0A0855EBE237,479953995,1,2026-07-31 02:21:01,3,3,"{7,24,24,24,24,24,24,24,24,24,23,24,24,24,24,24,24,24,24,23,25,24,24,24,25,24,24,26,24,24,24}","{23,80,74,77,65,63,54,63,63,68,69,72,57,55,67,67,61,61,71,69,76,69,71,70,75,71,86,76,65,66,63}","(Gothic Metal) Asrai - 2 релиза - 1997-2004 (2 CD), FLAC (tracks+.cue), lossless"
4304575,2,7520499,EFEFFEA2AC7FEFF5340FF17EEE6E581DE1D73AAF,652428837,1,2026-07-31 02:21:01,8,3,"{7,24,24,24,24,24,24,24,24,24,23,24,24,24,24,24,24,24,24,23,25,24,24,24,25,24,24,26,24,24,24}","{42,172,153,135,122,120,163,189,170,150,157,129,128,147,149,149,124,126,152,147,138,160,174,157,192,164,193,208,131,145,168}","(Gothic / Doom Metal) Type O Negative - 2007 - Dead Again [2008, SPV 99198 CD+DVD - Red Version, Germany], FLAC (image+.cue), lossless"
4306823,2,1439008,710439681EC0D05A6CC2477B2E10E4B086AEA9FE,385786225,1,2026-07-31 02:21:01,5,4,"{7,24,24,24,24,24,24,24,24,24,23,24,24,24,24,24,24,24,24,23,25,24,24,24,25,24,24,26,24,24,24}","{37,148,159,129,111,101,133,122,121,97,116,118,119,100,112,107,90,88,88,117,117,95,96,86,101,110,105,122,100,96,131}","(Doom / Gothic) Lake of Tears - Forever Autumn (Japan CRCL-4749) - 1999, FLAC (image+.cue), lossless"
4311609,2,5297597,399B5BB7BD40DE228A509B54D5101ED855147A30,264125395,1,2026-07-31 02:21:01,3,3,"{7,24,24,24,24,24,24,24,24,24,23,24,24,24,24,24,24,24,24,23,25,24,24,24,25,24,24,26,24,24,24}","{23,80,74,77,65,62,52,64,62,68,61,72,57,55,64,67,61,61,71,69,75,69,66,70,75,71,85,76,68,65,63}","(Gothic / Folk Metal) Magnifiqat - Il Piu' Antico Dei Giorni 2004, FLAC (tracks+.cue), lossless"
4311989,2,1840441,2129412CDD0F147AC85F54926B070EA128E885C0,129490647,1,2026-07-31 02:21:01,6,4,"{7,24,24,24,24,24,24,24,24,24,23,24,24,24,24,24,24,24,24,23,25,24,24,24,25,24,24,26,24,24,24}","{37,138,141,108,98,93,91,109,114,100,91,94,100,97,99,90,118,93,87,94,105,91,92,92,111,100,107,114,101,98,99}","(Gothic Metal) Todesbonden - Stormbringer (EP) - 2004, FLAC (image+.cue), lossless"
4326220,2,25102764,6E9DBC0C7280F16769BAC070D521D26EB714D33C,589438662,1,2026-07-31 02:21:01,4,3,"{7,24,24,24,24,24,24,24,24,24,23,24,24,24,24,24,24,24,24,23,25,24,24,24,25,24,24,26,24,24,24}","{31,104,100,95,86,74,72,80,82,71,61,69,70,59,73,67,61,61,74,75,92,78,72,68,76,71,84,78,64,62,65}","(Gothic Metal / Gothic Rock) Sepia - Goodbye Tristesse - 2007, FLAC (image+.cue), lossless"
4349681,2,25102764,044A3973041B503128DA60BA808A51B8EFF83B5D,789495285,1,2026-07-31 02:21:01,6,4,"{7,24,24,24,24,24,24,24,24,24,23,24,24,24,24,24,24,24,24,23,25,24,24,24,25,24,24,26,24,24,24}","{54,204,226,206,182,184,166,187,191,181,151,158,158,165,176,178,185,193,188,165,193,177,163,187,199,181,188,168,157,181,160}","(Gothic Doom/Death Metal) Tristania - Widow's Weeds - 2001 (1998), FLAC (image+.cue), lossless"
4375653,2,239925,5B59489FD10F32E1E2D2203BA6091F85B468A02B,312946180,1,2026-07-31 02:21:01,5,3,"{7,24,24,24,24,24,24,24,24,24,23,24,24,24,24,24,24,24,24,23,25,24,24,24,25,24,24,26,24,24,24}","{36,128,133,125,103,112,137,102,98,104,101,102,82,85,94,97,83,83,87,98,102,86,90,95,93,76,93,91,75,76,80}","(Gothic Metal / Industrial Metal) Gothminister - Anima Inferna - 2011, FLAC (tracks+.cue), lossless"
4378110,2,21302716,6F889E8CACF7E042DAA6991476F83863CA088226,918119243,1,2026-07-31 02:21:01,4,3,"{7,24,24,24,24,24,24,24,24,24,23,24,24,24,24,24,24,24,24,23,25,24,24,24,25,24,24,26,24,24,24}","{30,124,118,107,100,94,107,108,92,109,95,81,86,85,78,92,110,115,97,102,99,97,103,100,99,108,127,128,98,100,104}","(Gothic Metal) End Of Green - High Hopes In Low Places &amp; Gravedancer EP - 2010 (3 CD), FLAC (tracks+.cue), lossless"
4378111,2,21302716,AA7942F6E8731674596A02934779981F78CEA262,1391031350,1,2026-07-31 02:21:01,3,3,"{7,24,24,24,24,24,24,24,24,24,23,24,24,24,24,24,24,24,24,23,25,24,24,24,25,24,24,26,24,24,24}","{23,80,74,77,65,58,54,64,64,68,61,70,57,55,64,67,61,61,71,69,76,72,67,70,74,71,85,76,66,67,63}","(Gothic Metal) Tunes Of Dawn - Дискография - 2005-2010, FLAC (tracks+.cue), lossless"
4380646,2,22075362,4F164FEA40699EABB1DFE17A91F8122B49BF5AB3,513789586,1,2026-07-31 02:21:01,4,3,"{7,24,24,24,24,24,24,24,24,24,23,24,24,24,24,24,24,24,24,23,25,24,24,24,25,24,24,26,24,24,24}","{28,96,96,92,76,72,73,80,70,77,84,96,81,79,88,89,85,85,95,87,95,80,70,70,77,71,83,102,88,93,87}","(Gothic Metal) Godyva - In Good And Evil - 2006, FLAC (tracks+.cue), lossless"
4381228,8,22075362,6FBEAA4079E4EDEDCCEC6CEC924B33C4C655E27F,271192863,1,2026-07-31 02:21:01,4,3,"{7,24,24,24,24,24,24,24,24,24,23,24,24,24,24,24,24,24,24,23,25,24,24,24,25,24,24,26,24,24,24}","{38,122,118,104,92,98,111,80,77,88,77,92,92,83,73,81,80,87,107,104,107,81,84,79,105,96,103,100,98,100,99}","(Gothic Metal) Tiarra - Drama Per Musica - 2006, FLAC (tracks), lossless"
4382898,2,7808983,8C4268CE3E18B06A6D6E19875FC6C35D1517D4BA,354916050,1,2026-07-31 02:21:01,5,4,"{7,24,24,24,24,24,24,24,24,24,23,24,24,24,24,24,24,24,24,23,25,24,24,24,25,24,24,26,24,24,24}","{35,135,144,122,91,109,117,168,177,154,159,138,151,154,170,144,145,163,198,115,121,107,110,116,116,124,199,202,165,165,189}","(Gothic Metal) Type O Negative - The Origin Of The Feces (Roadrunner / RR 8762-2 / INT 399.933 / 1997) - 1994 (1992), FLAC (image+.cue), lossless"
4383433,2,1950334,CFD38FEFD91D0540AE01D42AFFEC492DCC1EB3EE,569189484,1,2026-07-31 02:21:01,3,3,"{7,24,24,24,24,24,24,24,24,24,23,24,24,24,24,24,24,24,24,23,25,24,24,24,25,24,24,26,24,24,24}","{23,94,122,107,67,73,59,67,67,72,97,108,109,104,94,94,91,80,99,88,91,80,83,99,94,104,117,134,106,96,87}","(Gothic Death Metal) Crematory - Live... At The Out Of The Dark Festivals - 1997, FLAC (image+.cue), lossless"
4387764,2,16003235,BBC14ACAEBB1688F869D5F7D1CED7E884E62D726,352258711,1,2026-07-31 02:21:01,4,3,"{7,24,24,24,24,24,24,24,24,24,23,24,24,24,24,24,24,24,24,23,25,24,24,24,25,24,24,26,24,24,24}","{28,96,86,80,77,77,80,80,84,90,83,96,81,79,88,93,94,89,102,87,102,86,87,87,96,85,93,102,87,92,88}","(Symphonic Gothic Metal) Schlafes Bruder - Heute War Gott Nicht Hier - 2013, FLAC (tracks+.cue), lossless"
4390604,2,25428785,FA5CEFB7E3E5848D80C4F2605D06BE47BBAE434B,550974076,1,2026-07-31 02:21:01,7,3,"{7,24,24,24,24,24,24,24,24,24,23,24,24,24,24,24,24,24,24,23,25,24,24,24,25,24,24,26,24,24,24}","{45,156,167,156,129,109,86,111,139,138,97,118,122,117,142,127,97,103,108,115,91,94,99,83,98,114,115,114,100,102,91}","(Gothic Metal, Folk Rock) Antichrisis - Not Fade Away - 2012, FLAC (image+.cue), lossless"
4401718,2,1148206,9DD90EE308F636CCE14FBC48D5C1CB22F97D5E25,2122022624,1,2026-07-31 02:21:01,5,3,"{7,24,24,24,24,24,24,24,24,24,23,24,24,24,24,24,24,24,24,23,25,24,24,24,25,24,24,26,24,24,24}","{35,149,137,137,124,122,110,116,128,125,168,117,133,136,136,130,119,132,135,136,147,142,151,126,124,133,153,142,149,145,161}","(Gothic Metal) Mandragora Scream - 5 CDs (2001, 2003, 2006, 2009, 2012), FLAC (image+.cue), lossless"
4404603,2,2140930,B991FB5232F1CAF35D09A216B574EECA57ACE6A9,915458012,1,2026-07-31 02:21:01,5,3,"{7,24,24,24,24,24,24,24,24,24,23,24,24,24,24,24,24,24,24,23,25,24,24,24,25,24,24,26,24,24,24}","{35,120,134,146,129,126,121,149,121,134,105,105,134,138,119,123,126,128,136,129,142,145,127,141,113,124,156,155,136,115,121}","(Industrial Metal) Deathstars - Night Electric Night (Platinum Edition) - 2010, FLAC (tracks+.cue), lossless"
4412214,8,13986950,D166F5446482A93AEA549E4F95ACD3539EFCAFFD,723604580,1,2026-07-31 02:21:01,4,3,"{7,24,24,24,24,24,24,24,24,24,23,24,24,24,24,24,24,24,24,23,25,24,24,24,25,24,24,26,24,24,24}","{31,96,96,92,77,74,71,80,84,90,84,91,81,79,88,91,78,85,95,87,96,78,84,83,92,85,98,95,82,90,86}","(Gothic metal) Sengir - Discography (2003 - 2006), FLAC (tracks+.cue), lossless"
4417969,2,19588415,FA4563715A104B1D3BF1D620AF497FE54BACBBFF,200555634,1,2026-07-31 02:21:01,5,3,"{7,24,24,24,24,24,24,24,24,24,23,24,24,24,24,24,24,24,24,23,25,24,24,24,25,24,24,26,24,24,24}","{37,129,123,121,116,120,121,120,129,106,99,113,125,123,111,130,132,115,127,103,116,132,139,113,112,129,142,145,135,136,147}","(Gothic Metal / Gothic Rock) Lucyfire - The Pain Song - 2001 (Oblivion Steamhammer SPV 055-62653 CDS), FLAC (image+.cue), lossless"
4423669,2,9315322,2410E4978C38603FCE87EB2D1BC79054B7BABA37,435136645,1,2026-07-31 02:21:01,9,3,"{7,24,24,24,24,24,24,24,24,24,23,24,24,24,24,24,24,24,24,23,25,24,24,24,25,24,24,26,24,24,24}","{59,221,208,226,212,198,222,206,193,189,188,188,210,186,157,181,211,201,210,198,217,197,172,186,174,172,187,186,180,205,230}","(Gothic Rock) Lucyfire - This Dollar Saved My Life At Whitehorse - 2001, FLAC (image+.cue), lossless"
4430168,2,4726738,78232F85F883AD6D135909008F40881CF7FCE45B,480784759,1,2026-07-31 02:21:01,6,3,"{7,24,24,24,24,24,24,24,24,24,23,24,24,24,24,24,24,24,24,23,25,24,24,24,25,24,24,26,24,24,24}","{45,151,153,146,143,142,136,129,147,151,145,148,143,138,154,149,151,151,149,136,128,99,99,106,104,125,137,135,127,137,136}","(Gothic/Thrash/Progressive Metal) [CD] Lake Of Tears - Illwill (Japan Edition) - 2011, FLAC (image+.cue), lossless"
4430857,2,1840441,0A921D460511D174F0A83321BE1FDA63F8F3211D,1448827248,1,2026-07-31 02:21:01,7,3,"{7,24,24,24,24,24,24,24,24,24,23,24,24,24,24,24,24,24,24,23,25,24,24,24,25,24,24,26,24,24,24}","{47,173,155,148,143,135,139,135,132,129,125,122,143,136,137,119,141,140,132,133,145,122,128,129,124,113,135,155,132,137,132}","(Gothic/Death Metal) Tower - Discography (1997-2021) 4 CD, FLAC (image+.cue), lossless"
4435207,2,24143438,B147ABF5F909E80AFC5040BEA26021911DDE511F,162692587,1,2026-07-31 02:21:01,4,3,"{7,24,24,24,24,24,24,24,24,24,23,24,24,24,24,24,24,24,24,23,25,24,24,24,25,24,24,26,24,24,24}","{28,96,96,92,77,74,75,78,94,129,91,95,81,79,98,93,85,78,75,102,99,78,85,83,98,85,91,103,102,87,92}","(Gothic Metal) Anapilis - Lunar Optics - 2002, FLAC (image+.cue), lossless"
4435902,2,25102764,B93199CF810F4F20A11C1C6C5F448595151A64D7,1805591777,1,2026-07-31 02:21:01,5,3,"{7,24,24,24,24,24,24,24,24,24,23,24,24,24,24,24,24,24,24,23,25,24,24,24,25,24,24,26,24,24,24}","{38,120,120,108,77,73,73,80,83,90,84,95,92,68,86,91,89,86,106,87,106,87,85,83,92,90,94,111,95,94,89}","(Gothic Doom / Gothic Metal) EvenSong (Even Song) - Discography (3 CD) - 1999-2001, FLAC (image+.cue), lossless"
4438666,2,16003235,A3A20DFF0320BAF7600411F587DE8A8318742F63,659681513,1,2026-07-31 02:21:01,8,4,"{7,24,24,24,24,24,24,24,24,24,23,24,24,24,24,24,24,24,24,23,25,24,24,24,25,24,24,26,24,24,24}","{56,173,166,165,147,144,139,137,164,146,143,130,150,149,144,157,159,152,147,133,148,123,107,111,132,122,120,122,110,103,95}","(Gothic Metal) Theatres Des Vampires - Desire Of Damnation (Compilation 2 CD) - 2007, FLAC (image+.cue), lossless"
4441310,2,1840441,50CCFBDB3EA6BCF704BE828809F1E8802AA24847,180830814,1,2026-07-31 02:21:01,4,3,"{7,24,24,24,24,24,24,24,24,24,23,24,24,24,24,24,24,24,24,23,25,24,24,24,25,24,24,26,24,24,24}","{25,100,87,100,77,68,67,78,73,80,78,82,79,74,79,88,96,74,97,84,96,81,87,73,93,77,85,97,85,82,81}","(Gothic/Doom Metal) Eternal Passion - The Sleeping River (EP) - 1995, FLAC (image+.cue), lossless"
4442309,2,4726738,5D144AFC62F7DBD82C0EC3AEA7BAC289871CA3B1,342848029,1,2026-07-31 02:21:01,4,3,"{7,24,24,24,24,24,24,24,24,24,23,24,24,24,24,24,24,24,24,23,25,24,24,24,25,24,24,26,24,24,24}","{29,96,96,92,77,80,74,80,84,91,83,91,81,79,88,91,86,85,95,90,97,76,76,82,92,85,92,102,88,89,87}","(Gothic/Industrial Metal) Gothminister - Utopia - 2013, FLAC (image+.cue), lossless"
4442392,2,4726738,82CD65A6C83066DEA9D821FED8603B1F6EF7CCCA,714822898,1,2026-07-31 02:21:01,6,4,"{7,24,24,24,24,24,24,24,24,24,23,24,24,24,24,24,24,24,24,23,25,24,24,24,25,24,24,26,24,24,24}","{51,172,177,168,151,164,151,154,142,154,145,147,164,151,150,150,148,150,154,160,158,159,134,152,150,147,166,180,167,186,180}","(Gothic Metal / Neoclassical / Darkwave) Samsas Traum - Niemand, Niemand Anderem Als Dir (Limited Edition) - 2013, FLAC (image+.cue), lossless"
4442793,8,9544971,7691C852B8A0427F2100743498CC43B8A75BCCD6,663999033,1,2026-07-31 02:21:01,4,3,"{7,24,24,24,24,24,24,24,24,24,23,24,24,24,24,24,24,24,24,23,25,24,24,24,25,24,24,26,24,24,24}","{29,99,102,96,84,89,87,80,87,95,80,96,88,93,92,95,86,82,78,94,99,96,89,94,94,94,104,108,98,106,103}","(Gothic Metal) Samsas Traum - Asen’ka - Ein M&#228;rchen F&#252;r Kinder Und Solche, Die Es Werden Wollen - 2012, FLAC (tracks+.cue), lossless"
4443705,2,6474837,E0D80C0D0130F2B7548CDB87B480B90096C77762,536664367,1,2026-07-31 02:21:01,7,4,"{7,24,24,24,24,24,24,24,24,24,23,24,24,24,24,24,24,24,24,23,25,24,24,24,25,24,24,26,24,24,24}","{54,171,152,147,162,170,142,160,139,149,125,105,124,124,145,147,141,158,142,155,193,162,167,160,169,182,197,175,156,166,172}","(Gothic Metal) Theatre of Tragedy - Velvet Darkness They Fear (Japanese Ed.) - 1997, FLAC (image+.cue), lossless"
4453970,8,4578569,B55994B0B4DBEE1E9F90835318F351C18D0F3931,721323637,1,2026-07-31 02:21:01,3,3,"{7,24,24,24,24,24,24,24,24,24,23,24,24,24,24,24,24,24,24,23,25,24,24,24,25,24,24,26,24,24,24}","{24,82,79,78,70,64,61,64,64,69,64,71,58,58,64,67,61,61,71,70,81,71,69,71,75,71,83,86,65,70,63}","(NDH) Eisenherz - Discography - 2006-2013 (2 релиза), FLAC (tracks+.cue), lossless"
4457945,2,4726738,692B3306BDCA78FC494B8C8CAB1867F7F9BA6E89,407558571,1,2026-07-31 02:21:01,8,4,"{7,24,24,24,24,24,24,24,24,24,23,24,24,24,24,24,24,24,24,23,25,24,24,24,25,24,24,26,24,24,24}","{53,177,159,173,162,162,168,160,153,163,154,159,126,125,106,105,100,240,123,97,113,101,118,127,130,128,139,147,139,139,112}","(Gothic Metal) Lacrimas Profundere - Antiadore (Limited Edition) - 2013, FLAC (image+.cue), lossless"
4464507,2,4726738,C2881C4B41E2430C4DDA3A6A691634932FCD8DC3,56818972,1,2026-07-31 02:21:01,5,4,"{7,24,24,24,24,24,24,24,24,24,23,24,24,24,24,24,24,24,24,23,25,24,24,24,25,24,24,26,24,24,24}","{34,107,117,126,115,96,87,94,103,97,102,99,93,117,113,108,110,111,117,99,101,95,94,93,96,95,99,102,92,88,87}","(Pop/Gothic Power) Krypteria &amp; Der BVB-Jahrhundertchor - Die BVB-Hymne 2011 - 2011, FLAC (image+.cue), lossless"
4468381,2,25428785,1462A26EF49786B8B2CF1B2B7AE7B6A8FB50DA1C,531210597,1,2026-07-31 02:21:01,3,3,"{7,24,24,24,24,24,24,24,24,24,23,24,24,24,24,24,24,24,24,23,25,24,24,24,25,24,24,26,24,24,24}","{23,80,74,77,65,59,57,64,62,68,59,72,57,55,64,67,61,61,71,69,75,71,65,71,75,71,86,76,66,60,63}","(Progressive Dark / Gothic Metal) Melandrolia - Spleen - 2012, FLAC (image+.cue), lossless"
4468834,2,4726738,F8D37DAF5C150F9A250AC0D67FAC1E8248C993E6,86462980,1,2026-07-31 02:21:01,3,3,"{7,24,24,24,24,24,24,24,24,24,23,24,24,24,24,24,24,24,24,23,25,24,24,24,25,24,24,26,24,24,24}","{23,79,76,77,67,66,57,64,59,68,59,74,57,56,64,70,74,73,82,75,95,67,71,74,75,71,87,90,71,66,66}","(Gothic/Symphonic Metal) After Forever - Energize Me EP - 2007, FLAC (image+.cue), lossless"
4468851,2,4726738,5DC4B42C640517EDAE7B2625D979A02CB538B7B7,122580173,1,2026-07-31 02:21:01,3,3,"{7,24,24,24,24,24,24,24,24,24,23,24,24,24,24,24,24,24,24,23,25,24,24,24,25,24,24,26,24,24,24}","{23,80,75,77,65,60,57,64,63,68,61,70,57,55,64,69,61,61,71,69,75,71,66,71,75,71,85,76,65,67,63}","(Gothic Metal) Asrai - In Front Of Me - 2004, FLAC (image+.cue), lossless"
4469201,2,6474837,27D4D85122D9DAADACEF1ED49563DCCCDE7000D0,1269018337,1,2026-07-31 02:21:01,4,4,"{7,24,24,24,24,24,24,24,24,24,23,24,24,24,24,24,24,24,24,23,25,24,24,24,25,24,24,26,24,24,24}","{31,112,113,106,91,83,89,93,98,97,91,96,86,78,95,95,95,98,107,87,98,75,82,83,92,85,92,102,87,88,90}","(Gothic/Power Metal) Fortaleza ( Mex ) - Collection ( 2008 - 2012 ) 4 CD , FLAC (image+.cue), lossless"
4470556,2,1840441,F3F0231EF7884F12C48E39F58E237063AC57E16E,1467958814,1,2026-07-31 02:21:01,7,3,"{7,24,24,24,24,24,24,24,24,24,23,24,24,24,24,24,24,24,24,23,25,24,24,24,25,24,24,26,24,24,24}","{48,204,196,163,202,165,171,196,185,175,165,171,184,217,209,208,215,189,191,187,197,180,148,160,189,172,181,190,156,168,175}","(Gothic/Doom Metal) Ava Inferi - Discography (2006-2012) 4 CD, FLAC (image+.cue), lossless"
4473672,2,2414360,97D95987D37B2B9D6DE3263FBA9D7F3A36FEB4DD,73071057,1,2026-07-31 02:21:01,6,3,"{7,24,24,24,24,24,24,24,24,24,23,24,24,24,24,24,24,24,24,23,25,24,24,24,25,24,24,26,24,24,24}","{46,178,159,152,145,156,135,160,142,151,134,135,134,143,126,132,149,148,145,135,156,144,154,159,152,138,162,154,122,132,132}","(Gothic Metal) Sirenia - Seven Widows Weep (Single) - 2013 [WEB], FLAC (tracks), lossless"
4475551,2,25053998,68E249240C7E85032E910EC69143E9205DD66747,1216254836,1,2026-07-31 02:21:01,5,3,"{7,24,24,24,24,24,24,24,24,24,23,24,24,24,24,24,24,24,24,23,25,24,24,24,25,24,24,26,24,24,24}","{32,95,76,91,77,74,71,80,84,90,84,93,83,75,88,91,85,85,100,87,97,81,88,85,102,109,125,118,92,89,87}","(Doom/Death Metal | Gothic/Doom/Heavy Metal) Hypnotic Scenery - Discography - 3 CD (1995 - 2002), FLAC (image+.cue), lossless"
4476164,2,19588415,9973214041B96DCCBA6264F9E338BE0741EF0136,135401858,1,2026-07-31 02:21:01,4,3,"{7,24,24,24,24,24,24,24,24,24,23,24,24,24,24,24,24,24,24,23,25,24,24,24,25,24,24,26,24,24,24}","{28,96,96,92,77,72,76,80,85,89,88,96,81,79,88,91,85,85,95,87,101,79,86,83,92,88,93,102,88,96,98}","(Gothic Metal) Wish - Jane Doe [EP] - 1996, FLAC (image+.cue), lossless"
4476988,2,4726738,8E12EBEAA3148E73DDCECE28F19B06B62AD35E89,414847543,1,2026-07-31 02:21:01,3,3,"{7,24,24,24,24,24,24,24,24,24,23,24,24,24,24,24,24,24,24,23,25,24,24,24,25,24,24,26,24,24,24}","{23,80,74,77,65,61,52,64,62,68,60,72,57,55,67,67,61,61,71,73,76,70,65,71,77,71,85,76,65,62,63}","(Modern Gothic Metal) All Ends - All Ends - 2008, FLAC (image+.cue), lossless"
4477049,2,4726738,6AA29D31D4F7EEAB77F132344FF460AB1377A5A2,189290500,1,2026-07-31 02:21:01,6,3,"{7,24,24,24,24,24,24,24,24,24,23,24,24,24,24,24,24,24,24,23,25,24,24,24,25,24,24,26,24,24,24}","{38,121,102,99,92,100,89,93,96,99,116,102,96,87,88,93,93,99,112,99,101,100,116,121,107,102,111,125,97,99,94}","(Gothic Metal, Electro) Erben Der Sch&#246;pfung (Erben Der Schopfung) - Elis - 2001, FLAC (image+.cue), lossless"
4477106,2,4726738,B4A634A642C64F6B2FE3C9FB95CA2EA7EF4DAAC6,1097300822,1,2026-07-31 02:21:01,5,4,"{7,24,24,24,24,24,24,24,24,24,23,24,24,24,24,24,24,24,24,23,25,24,24,24,25,24,24,26,24,24,24}","{38,140,136,151,116,114,111,131,121,117,111,128,130,144,134,136,133,136,113,119,137,128,112,127,122,112,140,163,124,116,124}","(Symphonic Gothic Metal) After Forever - Decipher: The Album - The Sessions - 2001 (2011), FLAC (image+.cue), lossless"
4482634,2,4726738,FE860A56DCB786EA8134412EAB9B7EB07F3D39B0,1183399457,1,2026-07-31 02:21:01,3,3,"{7,24,24,24,24,24,24,24,24,24,23,24,24,24,24,24,24,24,24,23,25,24,24,24,25,24,24,26,24,24,24}","{23,80,75,77,65,65,58,64,64,68,61,71,58,58,64,67,61,61,71,70,82,78,68,77,76,71,83,82,78,93,93}","(Gothic Metal, Darkwave) Samsas Traum - Best Of-Leben Bedeutet K&#228;mpfen - 2013, FLAC (image+.cue), lossless"
4483174,2,1840441,81CA571D6DD0BDD36EB8F16B86AF142789CB5040,2965542011,1,2026-07-31 02:21:01,5,3,"{7,24,24,24,24,24,24,24,24,24,23,24,24,24,24,24,24,24,24,23,25,24,24,24,25,24,24,26,24,24,24}","{33,113,112,103,95,89,82,88,93,90,89,93,89,95,93,112,140,124,77,93,106,77,103,93,91,84,89,96,81,85,79}","(Dark/Doom/Gothic Metal) Galadriel - Discography (1997-2015) 8 CD, FLAC (image+.cue), lossless"
4485660,2,25102764,7310F4B1CF11D397E1D3D85EC6FD2689197F1902,753441272,1,2026-07-31 02:21:01,4,4,"{7,24,24,24,24,24,24,24,24,24,23,24,24,24,24,24,24,24,24,23,25,24,24,24,25,24,24,26,24,24,24}","{28,96,96,92,77,88,92,97,108,94,92,96,96,96,98,92,85,85,95,87,97,80,85,83,92,85,91,100,85,86,87}","(Symphonic Gothic Metal) Nemesea - Mana - 2005 (2004), FLAC (image+.cue), lossless"
4486163,2,25102764,70BDD4CCD00E162E741832F40516FA7E0EF50A66,819252737,1,2026-07-31 02:21:01,5,3,"{7,24,24,24,24,24,24,24,24,24,23,24,24,24,24,24,24,24,24,23,25,24,24,24,25,24,24,26,24,24,24}","{27,93,103,88,80,83,108,72,94,87,83,89,85,94,94,87,98,92,78,86,96,70,77,75,87,75,98,109,72,84,81}","(Gothic Doom/Death Metal) Cemetery Of Scream - Melancholy (Reissue) - 2007 (1995), FLAC (image+.cue), lossless"
4486194,2,7512944,598443E6CE4F849F9EF8DEC73DFBC3CF7891B0C6,302016378,1,2026-07-31 02:21:01,3,3,"{7,24,24,24,24,24,24,24,24,24,23,24,24,24,24,24,24,24,24,23,25,24,24,24,25,24,24,26,24,24,24}","{23,80,74,77,65,64,57,64,62,68,61,70,57,55,64,69,61,61,71,69,75,68,69,71,75,71,86,76,65,61,63}","(Sympho - Gothic metal) The A.X.E. Project (AXE Project) - Stories from a Lost Realm Part One - 2010, (image+.cue), lossless"
4486952,2,4726738,503E003E0987E920680D84D266ED2D929F0F7842,1047186089,1,2026-07-31 02:21:01,7,3,"{7,24,24,24,24,24,24,24,24,24,23,24,24,24,24,24,24,24,24,23,25,24,24,24,25,24,24,26,24,24,24}","{56,209,210,217,218,174,173,177,150,172,180,154,242,206,166,185,155,176,212,184,232,194,186,191,188,180,204,182,132,146,150}","(Gothic Metal) Mantus - Fatum (Best Of 2000-2012) - 2013, FLAC (image+.cue), lossless"
4489885,2,7808983,0721FAF5272BB5CF1B5B3C1844C47B52D51F9962,396720056,1,2026-07-31 02:21:01,7,4,"{7,24,24,24,24,24,24,24,24,24,23,24,24,24,24,24,24,24,24,23,25,24,24,24,25,24,24,26,24,24,24}","{50,194,195,193,168,187,166,210,211,186,169,186,201,188,205,209,166,179,221,155,165,199,179,171,156,159,177,169,169,148,167}","(Gothic Metal) Type O Negative - Slow, Deep And Hard (ATTIC / RR 9313-2 / Canada) - 1991, FLAC (image+.cue), lossless"
4494542,2,1840441,8BC23409C2802F1BC17E5E08515EE3A1500BFA1C,5189466564,1,2026-07-31 02:21:01,12,5,"{7,24,24,24,24,24,24,24,24,24,23,24,24,24,24,24,24,24,24,23,25,24,24,24,25,24,24,26,24,24,24}","{93,369,387,380,365,359,337,335,321,318,256,359,288,263,265,269,255,280,330,349,375,280,254,309,316,387,348,362,360,327,350}","(Gothic Metal) Tristania - Discography (1997-2013) 14 CD, FLAC (image+.cue), lossless"
4494991,2,1840441,57D495319B26F80AC33F7C91897525704BD31CFA,342122706,1,2026-07-31 02:21:01,11,4,"{7,24,24,24,24,24,24,24,24,24,23,24,24,24,24,24,24,24,24,23,25,24,24,24,25,24,24,26,24,24,24}","{71,248,217,246,269,237,241,248,268,234,245,238,226,226,219,171,189,176,160,187,229,164,196,225,235,220,195,223,200,184,168}","(Gothic/Doom Metal) Lacrimas Profundere - Memorandum - 1999, FLAC (image+.cue), lossless"
4495672,2,24195726,9BB36155FCA63564D36EE1174A8C5C4B0D985740,304549476,1,2026-07-31 02:21:01,3,3,"{7,24,24,24,24,24,24,24,24,24,23,24,24,24,24,24,24,24,24,23,25,24,24,24,25,24,24,26,24,24,24}","{27,96,96,86,69,75,68,74,70,90,84,76,63,79,70,67,67,76,71,69,81,76,84,72,77,85,91,76,68,91,68}","(Gothic/Sympho Black Metal) Drastic - Thieves Of Kisses - 1998, FLAC (image+.cue), lossless"
4497403,2,4726738,DAF953317AED7AA70BBAE89D768D4AE8649395FD,318348749,1,2026-07-31 02:21:01,9,4,"{7,24,24,24,24,24,24,24,24,24,23,24,24,24,24,24,24,24,24,23,25,24,24,24,25,24,24,26,24,24,24}","{68,253,249,247,248,213,210,210,190,214,208,210,247,218,219,224,213,204,218,218,217,185,192,192,194,188,203,191,166,155,176}","(Gothic Metal) Mantus - S&#252;nder (Sunder) - 2011, FLAC (image+.cue), lossless"
4497411,2,4726738,728B50C6A07D037DAC7C22D8D57A1ECDC0365500,374439973,1,2026-07-31 02:21:01,7,4,"{7,24,24,24,24,24,24,24,24,24,23,24,24,24,24,24,24,24,24,23,25,24,24,24,25,24,24,26,24,24,24}","{57,231,224,240,249,188,186,180,168,195,201,182,263,205,198,206,198,186,201,187,228,176,161,182,174,163,207,167,138,133,157}","(Gothic Metal) Mantus - W&#246;lfe (Wolfe) - 2012, FLAC (image+.cue), lossless"
4503088,2,2586612,271BE6D17965DEEE0E2606113DCAD29CEE2AF4EE,338745931,1,2026-07-31 02:21:01,4,3,"{7,24,24,24,24,24,24,24,24,24,23,24,24,24,24,24,24,24,24,23,25,24,24,24,25,24,24,26,24,24,24}","{28,95,87,87,72,67,68,76,74,81,77,91,76,74,79,87,79,79,90,84,93,76,76,75,87,85,92,96,76,76,78}","(Gothic Metal/Rock) Patricia Tapia KHY - Irrompible - 2011, FLAC (image+.cue), lossless"
4503464,2,416653,ADC2835E38D3F7295233DABF74003E995273FF9F,454962365,1,2026-07-31 02:21:01,3,3,"{7,24,24,24,24,24,24,24,24,24,23,24,24,24,24,24,24,24,24,23,25,24,24,24,25,24,24,26,24,24,24}","{23,80,74,77,65,60,60,64,64,68,61,66,57,55,64,67,61,61,71,69,75,72,71,71,75,71,86,76,65,65,63}","(Gothic/Doom Metal) To Cast a Shadow - In Memory Of - 2011, FLAC (image+.cue), lossless"
4510273,2,859391,18FA0141562BE7C1457DC91BFB3FCCEBDC04161E,600511169,1,2026-07-31 02:21:01,3,3,"{7,24,24,24,24,24,24,24,24,24,23,24,24,24,24,24,24,24,24,23,25,24,24,24,25,24,24,26,24,24,24}","{23,80,75,79,65,60,56,64,64,68,59,72,57,55,64,67,61,61,71,69,75,72,67,81,91,85,93,76,66,63,63}","(Gothic Metal) Entwine - Sliver + Time Of Despair (Japanese Edition) - 2005, FLAC (image+.cue), lossless"
4511322,2,6474837,6CED7879E4E7077BBA2C5635DD944E00079022E2,388044746,1,2026-07-31 02:21:01,3,3,"{7,24,24,24,24,24,24,24,24,24,23,24,24,24,24,24,24,24,24,23,25,24,24,24,25,24,24,26,24,24,24}","{23,80,74,77,65,60,57,64,61,68,60,69,57,55,64,67,61,61,71,69,76,70,67,71,75,71,86,76,61,65,63}","(Gothic Metal) Nuits Eternelles - Metamorfosis - 2010, FLAC (image+.cue), lossless"
4511629,2,13425447,6C8FBF1F6CACE7E1065350576F1C29AAB2FC4EF7,404498106,1,2026-07-31 02:21:01,3,3,"{7,24,24,24,24,24,24,24,24,24,23,24,24,24,24,24,24,24,24,23,25,24,24,24,25,24,24,26,24,24,24}","{25,92,89,87,70,73,61,78,73,84,60,76,57,71,77,79,76,79,91,78,94,81,84,83,92,82,93,86,74,71,63}","(Gothic Metal) Tristania - Illumination (with bonus track Ab Initio) - 2007, FLAC (tracks+.cue), lossless"
4512863,2,4726738,E46B9E8D4A96C6F0030D75F5E002C384C134310E,573005018,1,2026-07-31 02:21:01,5,3,"{7,24,24,24,24,24,24,24,24,24,23,24,24,24,24,24,24,24,24,23,25,24,24,24,25,24,24,26,24,24,24}","{36,146,136,130,113,92,105,109,112,126,116,106,119,117,105,98,117,112,97,109,115,94,87,86,89,89,122,130,103,107,101}","(Gothic Metal/Post-Grunge/Depressed Subcore) End Of Green - The Painstream (Limited Edition) - 2013, FLAC (image+.cue), lossless"
4515641,2,1840441,06DDAD313B4E2A447248718BE3DBAB4FA169B31A,520386942,1,2026-07-31 02:21:01,6,4,"{7,24,24,24,24,24,24,24,24,24,23,24,24,24,24,24,24,24,24,23,25,24,24,24,25,24,24,26,24,24,24}","{45,150,145,131,129,127,124,95,102,99,97,115,117,102,94,94,104,109,132,130,126,93,92,98,128,124,127,117,118,129,123}","(Gothic Metal) Tiarra - Post Scriptum - 2008, FLAC (image+.cue), lossless"
4521435,2,25102764,D898FFE52329543D61A5820778912B31621735B8,805504007,1,2026-07-31 02:21:01,3,3,"{7,24,24,24,24,24,24,24,24,24,23,24,24,24,24,24,24,24,24,23,25,24,24,24,25,24,24,26,24,24,24}","{23,80,74,77,65,61,59,64,61,68,61,70,57,55,64,67,61,61,71,69,74,72,68,71,75,71,85,76,64,65,63}","(Gothic Metal) Dark Angels - 2 CD (2007-2011), FLAC (image+.cue), lossless"
4527060,2,6474837,08D928C8596A766AD1F483EE4E96048434F9C3C9,356700778,1,2026-07-31 02:21:01,3,3,"{7,24,24,24,24,24,24,24,24,24,23,24,24,24,24,24,24,24,24,23,25,24,24,24,25,24,24,26,24,24,24}","{23,90,81,91,75,69,70,78,71,75,74,87,72,74,74,77,70,67,78,77,86,72,69,72,74,74,92,94,76,69,65}","(Gothic Metal) Casket - Tomorrow - 1997, FLAC (image+.cue), lossless"
4527417,2,13986950,374F8435AEC15585A7A0F631DECF9924E2A5070D,407070163,1,2026-07-31 02:21:01,3,3,"{7,24,24,24,24,24,24,24,24,24,23,24,24,24,24,24,24,24,24,23,25,24,24,24,25,24,24,26,24,24,24}","{23,80,74,77,65,57,53,64,64,68,61,70,57,55,64,69,61,61,71,69,76,67,69,71,77,71,85,76,65,66,63}","(Gothic Metal) Akentra - Asleep - 2011, FLAC (tracks+.cue), lossless"
4529107,2,4726738,8F2E966E707C01E92D8B68E55ED173204E46CF66,456028954,1,2026-07-31 02:21:01,3,3,"{7,24,24,24,24,24,24,24,24,24,23,24,24,24,24,24,24,24,24,23,25,24,24,24,25,24,24,26,24,24,24}","{24,84,91,80,75,85,73,77,68,75,77,89,82,71,71,87,78,62,53,89,84,77,83,80,88,89,93,96,76,87,63}","(Gothic Metal/Folk) [CD] Unshine - Dark Half Rising - 2013, FLAC (image+.cue), lossless"
4531845,2,21966301,99A815A1479905D020F94054B056D69286B3EE53,378549151,1,2026-07-31 02:21:01,4,3,"{7,24,24,24,24,24,24,24,24,24,23,24,24,24,24,24,24,24,24,23,25,24,24,24,25,24,24,26,24,24,24}","{26,80,74,77,65,64,55,64,64,68,61,72,57,55,64,67,61,62,81,69,74,71,69,71,75,71,86,76,68,65,73}","(Atmospheric Gothic Metal) Chimera - Chimera - 2011, APE (image+.cue), lossless"
4532327,2,13986950,0EFCF99DBD5C567A15EBC81DD9E68D063683E2A2,373458205,1,2026-07-31 02:21:01,5,4,"{7,24,24,24,24,24,24,24,24,24,23,24,24,24,24,24,24,24,24,23,25,24,24,24,25,24,24,26,24,24,24}","{35,120,120,112,97,96,90,97,94,88,92,96,96,96,96,96,96,96,96,92,101,95,87,81,90,85,99,105,96,97,96}","(Gothic Metal) Godyva - Alien Heart - 2013, FLAC (tracks+.cue), lossless"
4534214,2,4726738,266037356B47D9C2C1408C2BBA473DAA40EF2BA0,593717768,1,2026-07-31 02:21:01,5,3,"{7,24,24,24,24,24,24,24,24,24,23,24,24,24,24,24,24,24,24,23,25,24,24,24,25,24,24,26,24,24,24}","{35,129,121,110,82,76,78,80,90,92,86,95,84,86,88,89,86,77,79,93,100,77,85,85,92,86,96,104,90,91,87}","(Folk/Gothic) Letzte Instanz - 15 Jahre Brachialromantik - 2013, FLAC (image+.cue), lossless"
4537595,2,24195726,D7F6B5C81AF5B31739E5DCFDFFB25C6EAC284345,432960012,1,2026-07-31 02:21:01,5,3,"{7,24,24,24,24,24,24,24,24,24,23,24,24,24,24,24,24,24,24,23,25,24,24,24,25,24,24,26,24,24,24}","{31,114,111,107,99,97,75,80,84,90,86,92,98,80,88,91,85,102,116,94,94,77,84,83,93,95,104,99,90,95,91}","(Epic\Gothic Metal) Winterdome - Weltend&#228;mmerung - 2006 (2007), FLAC (image+.cue), lossless"
4538437,2,25102764,7B45BF13C1D3203E7DE14777C4E1CA4E90407760,238599831,1,2026-07-31 02:21:01,3,3,"{7,24,24,24,24,24,24,24,24,24,23,24,24,24,24,24,24,24,24,23,25,24,24,24,25,24,24,26,24,24,24}","{24,88,81,82,69,63,63,71,74,78,67,79,69,74,73,72,75,67,81,80,92,74,75,73,86,84,84,96,76,73,72}","(Dark Metal) Evenfall - Evenfall (EP) - 1997, FLAC (image+.cue), lossless"
4546059,2,25428785,E3BBF61A89D746222C0BDA75E2FBC16876FA0615,332010411,1,2026-07-31 02:21:01,3,3,"{7,24,24,24,24,24,24,24,24,24,23,24,24,24,24,24,24,24,24,23,25,24,24,24,25,24,24,26,24,24,24}","{23,88,75,88,68,73,69,78,69,72,65,74,62,65,73,81,67,61,59,74,87,69,76,74,82,76,88,86,65,73,71}","(Gothic Metal / Melodic Black, Sympho Black) Lord Vampyr - Gothika Vampyrika Heretika - 2013, FLAC (image+.cue), lossless"
4547449,2,21302716,0F14EAC0B742BC516CC39573697AC8144D2943AC,317205684,1,2026-07-31 02:21:01,3,3,"{7,24,24,24,24,24,24,24,24,24,23,24,24,24,24,24,24,24,24,23,25,24,24,24,25,24,24,26,24,24,24}","{23,80,74,77,65,61,60,64,62,68,61,70,57,55,64,67,61,61,71,69,75,71,67,71,75,71,85,76,66,65,63}","(Melodic Gothic Metal) Diminished 7 - Dim World - 2009, APE (image+.cue), lossless"
4549419,2,8285728,A3F8C9E7D05C16DA2DC0182C885D5158DE8105CE,517484047,1,2026-07-31 02:21:01,5,3,"{7,24,24,24,24,24,24,24,24,24,23,24,24,24,24,24,24,24,24,23,25,24,24,24,25,24,24,26,24,24,24}","{35,120,120,116,100,97,97,93,103,98,95,114,108,114,109,112,121,107,96,97,100,90,92,93,100,96,98,105,102,107,99}","(Symphonic Rock, Folk) Regicide - Break the Silence - 2006, FLAC (tracks+.cue), lossless"
4549433,2,8285728,F0001C593AD76D550E171FACC68ECD562D7E8E59,567529799,1,2026-07-31 02:21:01,5,3,"{7,24,24,24,24,24,24,24,24,24,23,24,24,24,24,24,24,24,24,23,25,24,24,24,25,24,24,26,24,24,24}","{35,120,120,117,100,97,98,93,103,96,97,112,108,114,109,111,121,107,96,97,102,97,94,94,100,96,99,105,102,96,104}","(Symphonic Rock, Folk) Regicide - Viorus - 2004, FLAC (tracks+.cue), lossless"
4551455,2,25053998,257AA64CB3275CECC7CF57E26DADAD2062249FAD,1489195142,1,2026-07-31 02:21:01,7,4,"{7,24,24,24,24,24,24,24,24,24,23,24,24,24,24,24,24,24,24,23,25,24,24,24,25,24,24,26,24,24,24}","{53,164,153,131,146,144,138,128,126,124,105,98,93,96,103,97,107,104,106,108,120,108,130,129,139,137,145,149,126,134,152}","(Gothic Rock) Scream Silence - Collection (3 CD) - (1999 - 2003), FLAC (image+.cue), lossless"
4553773,2,25053998,5008EDFFDB60BC2C01340B002F9FC0D68F375631,333745339,1,2026-07-31 02:21:01,4,3,"{7,24,24,24,24,24,24,24,24,24,23,24,24,24,24,24,24,24,24,23,25,24,24,24,25,24,24,26,24,24,24}","{28,96,96,87,65,63,59,64,62,68,61,85,70,55,64,67,67,61,71,69,76,69,68,77,76,75,86,76,62,65,63}","(Avant-Garde Gothic/Doom Metal) Nox Mortis - Im Schatten des Hasses - 1996, FLAC (image+.cue), lossless"
4557246,2,6474837,BA58FC6DCDC733A40745422EE7ABF48A0D918CDB,301914790,1,2026-07-31 02:21:01,3,3,"{7,24,24,24,24,24,24,24,24,24,23,24,24,24,24,24,24,24,24,23,25,24,24,24,25,24,24,26,24,24,24}","{23,80,77,77,67,69,65,69,64,67,62,76,60,55,66,67,62,63,77,76,76,71,71,72,75,72,86,76,73,89,89}","(Gothic/Death Metal) Dissolute Paradise - Lichtschmerzkerzenleidfeuer - 1996, FLAC (image+.cue), lossless"
4560213,2,6474837,B69D3EF5967EFE4364D47B8B61AC42A52130AA9A,171113933,1,2026-07-31 02:21:01,3,3,"{7,24,24,24,24,24,24,24,24,24,23,24,24,24,24,24,24,24,24,23,25,24,24,24,25,24,24,26,24,24,24}","{23,80,75,77,65,57,55,64,64,68,59,72,57,55,64,67,61,61,71,69,75,71,68,71,75,71,84,76,69,88,87}","(Gothic/Death Metal) Dissolute Paradise - Paradoxon - 1998, FLAC (image+.cue), lossless"
4564367,2,26365436,8FFDB727FE9F19225DE574077E2C0574A4523D0C,464244459,1,2026-07-31 02:21:01,5,3,"{7,24,24,24,24,24,24,24,24,24,23,24,24,24,24,24,24,24,24,23,25,24,24,24,25,24,24,26,24,24,24}","{35,99,96,91,84,81,94,85,87,91,85,96,83,80,94,93,84,85,99,93,98,77,84,85,101,95,90,100,88,91,88}","(gothic metal) Gates Of Dawn - Parasite - 2009, FLAC (image+.cue), lossless"
4569742,2,1840441,054494FC2C0039563068A054CFCF45F0285DCA48,438415074,1,2026-07-31 02:21:01,6,4,"{7,24,24,24,24,24,24,24,24,24,23,24,24,24,24,24,24,24,24,23,25,24,24,24,25,24,24,26,24,24,24}","{37,141,139,108,114,110,107,90,95,92,101,100,118,95,96,96,118,95,100,96,106,86,101,92,107,109,105,114,100,114,132}","(Gothic Metal) Todesbonden - Sleep Now, Quiet Forest - 2008, FLAC (image+.cue), lossless"
4569748,2,1840441,370B782121EE7FC08DD2034432ADD6080DD36496,411575527,1,2026-07-31 02:21:01,4,3,"{7,24,24,24,24,24,24,24,24,24,23,24,24,24,24,24,24,24,24,23,25,24,24,24,25,24,24,26,24,24,24}","{25,107,97,100,89,78,79,80,85,83,78,89,91,71,92,84,95,75,78,91,94,78,83,85,90,93,88,96,95,91,90}","(Symphonic Gothic Metal) Aperion - Act of Hybris - 2010, FLAC (image+.cue), lossless"
4569760,2,1840441,15EE6D3C481C25984814C19CB3BDAA576002FD4A,473532586,1,2026-07-31 02:21:01,4,3,"{7,24,24,24,24,24,24,24,24,24,23,24,24,24,24,24,24,24,24,23,25,24,24,24,25,24,24,26,24,24,24}","{25,92,83,88,74,69,64,76,70,72,72,82,82,71,76,76,81,70,82,82,92,74,77,73,89,81,86,92,82,81,78}","(Gothic Metal) Onyx Eyes - Delights and Tears - 2008, FLAC (image+.cue), lossless"
4579158,8,2414360,563C7E8B4CEC869D25C30C81D970808D50D67874,168787580,1,2026-07-31 02:21:01,8,3,"{7,24,24,24,24,24,24,24,24,24,23,24,24,24,24,24,24,24,24,23,25,24,24,24,25,24,24,26,24,24,24}","{56,178,174,162,145,180,180,156,177,178,147,162,192,181,152,156,158,181,177,186,202,188,196,195,196,236,276,288,246,248,235}","(Symphonic/Gothic Metal) Within Temptation - The Howling (EP) - 2007, FLAC (tracks+.cue), lossless"
4579218,8,2414360,675FA166665BFBFC95ECA49697F9CACE53B90095,92715542,1,2026-07-31 02:21:01,4,3,"{7,24,24,24,24,24,24,24,24,24,23,24,24,24,24,24,24,24,24,23,25,24,24,24,25,24,24,26,24,24,24}","{28,96,92,88,65,63,59,64,61,68,61,72,57,55,64,67,61,87,95,87,96,83,68,71,75,85,92,102,89,87,87}","(Symphonic/Gothic Metal) Within Temptation - Ice Queen (3-Track Single) - 2003, FLAC (tracks+.cue), lossless"
4580634,2,1840441,3197C545D910925BD04C78E9C8360312D1CC4821,497563706,1,2026-07-31 02:21:01,4,3,"{7,24,24,24,24,24,24,24,24,24,23,24,24,24,24,24,24,24,24,23,25,24,24,24,25,24,24,26,24,24,24}","{28,94,83,88,76,72,66,76,73,72,72,83,77,70,76,76,81,70,82,82,93,75,78,73,89,78,84,95,78,84,78}","(Gothic Metal) Catafalque - Unique - 2005, FLAC (image+.cue), lossless"
4580651,2,1840441,7F0ABF5CB9206F20E1EB90A6BA86834E13ABAE9B,324610056,1,2026-07-31 02:21:01,6,3,"{7,24,24,24,24,24,24,24,24,24,23,24,24,24,24,24,24,24,24,23,25,24,24,24,25,24,24,26,24,24,24}","{37,134,128,111,114,107,88,108,116,102,95,86,94,109,110,99,104,95,103,92,106,83,104,92,96,93,102,106,91,94,107}","(Gothic/Death/Doom Metal) Lethargy - The Dark Embrace of Silence - 1999, FLAC (image+.cue), lossless"
4580663,2,1840441,6682EEC4E1F65DDF89EEE2DE2DFD2E820F9D8474,305393525,1,2026-07-31 02:21:01,4,3,"{7,24,24,24,24,24,24,24,24,24,23,24,24,24,24,24,24,24,24,23,25,24,24,24,25,24,24,26,24,24,24}","{25,94,83,88,74,71,63,76,73,72,72,84,82,72,76,76,81,70,82,82,92,75,77,73,89,77,85,95,79,80,78}","(Gothic Metal) Swan Christy - One with the Swan - 1998, FLAC (image+.cue), lossless"
4581058,2,25053998,66CE84473093197408379B911FDA7557C480D867,377388523,1,2026-07-31 02:21:01,5,4,"{7,24,24,24,24,24,24,24,24,24,23,24,24,24,24,24,24,24,24,23,25,24,24,24,25,24,24,26,24,24,24}","{38,137,111,107,122,123,127,105,118,96,103,114,114,94,94,91,89,86,83,92,111,92,98,90,96,90,98,130,86,89,95}","(Horror/Atmospheric Gothic/Doom Metal) The Equinox Ov The Gods - Images Of Forgotten Memories - 1996, FLAC (image+.cue), lossless"
4584848,2,25102764,2E16FA6CDB83EE9433E07C63E7A94DCEF9A47832,263854024,1,2026-07-31 02:21:01,4,4,"{7,24,24,24,24,24,24,24,24,24,23,24,24,24,24,24,24,24,24,23,25,24,24,24,25,24,24,26,24,24,24}","{28,96,96,92,77,76,74,80,84,90,84,94,81,79,88,91,85,85,95,87,76,76,85,83,92,85,91,101,90,84,68}","(Blackened Gothic Doom Metal) Infinite Dawn - The Cry From A Grave (Demo) - 2003, FLAC (image+.cue), lossless"
4588725,2,13474449,AAD7B738CF8D4F8D83C12F0CD902E6D7D9F0CBB0,65968514,1,2026-07-31 02:21:01,3,3,"{7,24,24,24,24,24,24,24,24,24,23,24,24,24,24,24,24,24,24,23,25,24,24,24,25,24,24,26,24,24,24}","{23,84,77,77,65,68,58,64,64,68,63,75,58,55,64,67,61,72,72,73,76,71,69,73,75,71,85,76,66,65,63}","(gothic metal) [CD] Silentium - Frostnight (Single) - 2005, WavPack (image+.cue), lossless"
4589880,2,4726738,4560BD78B64D804A23D42C817E7E2FBB375B7738,430156023,1,2026-07-31 02:21:01,9,4,"{7,24,24,24,24,24,24,24,24,24,23,24,24,24,24,24,24,24,24,23,25,24,24,24,25,24,24,26,24,24,24}","{73,253,252,245,223,243,222,185,198,221,194,208,208,205,196,193,185,213,223,252,235,191,177,188,223,221,208,240,222,209,237}","(Symphonic/Gothic Metal) Leaves` Eyes - Symphonies Of The Night (Limited Edition) - 2013, FLAC (image+.cue), lossless"
4595638,2,6474837,57E2E39DF755EC39FBF4B269EDDB2751CEF9DFC3,312238010,1,2026-07-31 02:21:01,3,3,"{7,24,24,24,24,24,24,24,24,24,23,24,24,24,24,24,24,24,24,23,25,24,24,24,25,24,24,26,24,24,24}","{23,80,74,77,65,63,55,64,64,68,60,72,57,55,64,67,61,61,71,69,76,68,68,71,75,71,84,76,65,67,63}","(Gothic Metal) Maria Escarlata (Mar&#237;a Escarlata) - El Misterio - 2008, FLAC (image+.cue), lossless"
4597641,2,24195726,80C4B5A9F7DEE5D43E6B55B86883722DF4628E18,279730503,1,2026-07-31 02:21:01,3,3,"{7,24,24,24,24,24,24,24,24,24,23,24,24,24,24,24,24,24,24,23,25,24,24,24,25,24,24,26,24,24,24}","{26,85,81,82,69,70,70,70,67,75,66,75,72,73,73,74,70,69,86,78,85,72,71,74,77,77,98,98,79,73,72}","(Gothic Metal) Aeternitas - Rappacinis Tochter - Highlights - 2009, FLAC (image+.cue), lossless"
4598399,2,31883368,A2CD3283B8AD643C0773275E4F09125BA6041BF2,425977295,1,2026-07-31 02:21:01,4,3,"{7,24,24,24,24,24,24,24,24,24,23,24,24,24,24,24,24,24,24,23,25,24,24,24,25,24,24,26,24,24,24}","{28,101,92,103,99,103,71,83,84,90,83,92,98,81,88,93,85,101,116,94,95,78,84,83,95,101,105,99,92,103,92}","(Dark Metal, Gothic Metal) Crowhead - Frozen (Reissued-2003) - 2002, FLAC (image+.cue), lossless"
4606076,2,31883368,A950653505A768676862F0959AB9B14EA6FD05EB,381910101,2,2026-07-31 02:21:01,4,3,"{7,24,24,24,24,24,24,24,24,24,23,24,24,24,24,24,24,24,24,23,25,24,24,24,25,24,24,26,24,24,24}","{28,96,96,92,77,90,82,77,87,91,83,94,92,79,89,86,83,94,90,107,127,90,95,96,100,100,111,115,96,97,96}","(Heavy/Gothic Metal) [CD] Poisonblack (Проект Ville Laihiala, фронтмена c гр.Sentenced) - Lyijy - 2013, FLAC (tracks+.cue), lossless"
4615040,2,1840441,0808349E1B83743C664C354F81BB737CD469A17D,429701591,1,2026-07-31 02:21:01,4,3,"{7,24,24,24,24,24,24,24,24,24,23,24,24,24,24,24,24,24,24,23,25,24,24,24,25,24,24,26,24,24,24}","{25,94,83,88,74,69,65,76,70,86,91,91,94,93,94,90,98,85,83,92,102,84,85,73,88,78,85,95,78,88,78}","(Progressive Gothic Metal) Resonance Room - Untouchable Failure - 2013, FLAC (image+.cue), lossless"
4615340,2,6474837,92720D094A4ED5C4AD01A5B8B6B5C9035694C5C9,326412750,1,2026-07-31 02:21:01,3,3,"{7,24,24,24,24,24,24,24,24,24,23,24,24,24,24,24,24,24,24,23,25,24,24,24,25,24,24,26,24,24,24}","{27,96,91,103,93,78,68,82,73,85,92,96,95,84,75,76,74,74,90,100,100,81,84,77,94,93,110,103,87,94,88}","(Gothic Metal) [CD] Ancient Drive - Black Orgies - 2000, FLAC (image+.cue), lossless"
4618688,2,25428785,BA9A3B369DF68AB099C780C1875410246B7D1C58,3553626653,1,2026-07-31 02:21:01,8,4,"{7,24,24,24,24,24,24,24,24,24,23,24,24,24,24,24,24,24,24,23,25,24,24,24,25,24,24,26,24,24,24}","{51,193,206,196,163,156,149,151,156,162,165,190,192,179,162,144,141,141,159,140,166,138,149,153,165,162,160,205,184,136,133}","(Gothic Death Metal) [CD] Crematory - Inception 10 CD Box Set - 2013, FLAC (image+.cue), lossless"
4619729,2,25428785,2A02A2347CF9165772EF700405245CE230EE158B,357026745,1,2026-07-31 02:21:01,3,3,"{7,24,24,24,24,24,24,24,24,24,23,24,24,24,24,24,24,24,24,23,25,24,24,24,25,24,24,26,24,24,24}","{23,80,74,77,65,62,53,64,62,68,61,72,57,55,64,69,61,61,71,69,75,71,69,71,75,71,86,76,65,66,63}","(Epic Metal/Gothic Rock) Madness Of The Night - The Asgarda - 2013, FLAC (image+.cue), lossless"
4629994,2,1840441,1DE675276B39FF0237EAC4E0F28FEAEF386A03DE,1715389696,1,2026-07-31 02:21:01,14,3,"{7,24,24,24,24,24,24,24,24,24,23,24,24,24,24,24,24,24,24,23,25,24,24,24,25,24,24,26,24,24,24}","{106,405,399,366,414,382,355,374,375,394,368,408,421,400,435,435,395,430,453,431,520,359,370,390,416,358,421,460,433,432,428}","(Gothic Metal) The Sins of Thy Beloved - Discography (1997-2000) 4 CD, FLAC (image+.cue), lossless"
4637560,2,31883368,AC055A36C213BCC224358278C3885E1374394267,256387194,1,2026-07-31 02:21:01,3,3,"{7,24,24,24,24,24,24,24,24,24,23,24,24,24,24,24,24,24,24,23,25,24,24,24,25,24,24,26,24,24,24}","{23,80,75,77,65,61,53,64,61,68,72,73,57,55,64,67,61,61,71,69,75,70,83,72,75,71,86,76,67,61,63}","(Gothic Metal) [CD] Anabantha - Hermanos De Sangre: La Iniciacion - 2009, FLAC (image+.cue), lossless"
4638318,2,1840441,D6659B31CDD07353961F0E3AAE9E2A9DA9837FEA,1331796103,1,2026-07-31 02:21:01,4,3,"{7,24,24,24,24,24,24,24,24,24,23,24,24,24,24,24,24,24,24,23,25,24,24,24,25,24,24,26,24,24,24}","{28,95,87,91,86,93,81,77,74,73,72,84,79,69,76,76,80,63,62,82,92,74,78,73,90,78,87,94,81,86,78}","(Progressive Gothic Metal) The Last Embrace - Discography (2003-2013) 4 CD, FLAC (image+.cue), lossless"
4639134,2,4726738,0E7BA9779FD2055C4E7BEB493A13E86D4BB2D13A,3073169201,1,2026-07-31 02:21:01,5,3,"{7,24,24,24,24,24,24,24,24,24,23,24,24,24,24,24,24,24,24,23,25,24,24,24,25,24,24,26,24,24,24}","{36,119,99,93,77,80,86,80,83,93,83,96,82,82,85,91,84,85,95,86,98,86,86,85,91,84,104,109,96,104,100}","(Gothic/Dark Metal) [CD] Ewigheim - Дискография - 2002-2020 (10 CDs), FLAC (image+.cue), lossless"
4643273,2,1840441,8EC1B144FBD39A31978911D192CA36E8BE4AD226,2371659422,1,2026-07-31 02:21:01,5,3,"{7,24,24,24,24,24,24,24,24,24,23,24,24,24,24,24,24,24,24,23,25,24,24,24,25,24,24,26,24,24,24}","{27,106,96,116,117,97,78,77,83,82,95,99,109,90,82,88,87,107,95,120,109,92,86,78,109,109,120,109,92,103,95}","(Gothic Metal) Mandrake - Discography (1999-2010) 6 CD, FLAC (image+.cue), lossless"
4643279,2,1840441,427545E2862B927284AE4298E189CC77DE2B0C15,380066262,1,2026-07-31 02:21:01,5,3,"{7,24,24,24,24,24,24,24,24,24,23,24,24,24,24,24,24,24,24,23,25,24,24,24,25,24,24,26,24,24,24}","{30,95,109,101,96,85,86,87,93,92,90,106,99,112,102,105,116,96,87,107,120,96,94,90,111,95,97,106,93,99,111}","(Gothic Metal) Eyes of Eden - Faith - 2007, FLAC (image+.cue), lossless"
4643288,2,1840441,3C2F9616855B811142DA543C92F430F910749168,533589430,1,2026-07-31 02:21:01,5,3,"{7,24,24,24,24,24,24,24,24,24,23,24,24,24,24,24,24,24,24,23,25,24,24,24,25,24,24,26,24,24,24}","{33,126,117,118,107,117,97,90,95,110,106,115,119,109,100,96,100,93,113,143,139,119,112,114,124,118,133,150,127,123,136}","(Gothic Metal) Leaves' Eyes - Lovelorn - 2004, FLAC (image+.cue), lossless"
4644562,2,13425447,10866B3C90F016161CD799866F9FD128DA571FFF,519501890,1,2026-07-31 02:21:01,8,4,"{7,24,24,24,24,24,24,24,24,24,23,24,24,24,24,24,24,24,24,23,25,24,24,24,25,24,24,26,24,24,24}","{59,222,220,209,207,177,148,131,121,138,122,129,142,136,138,159,135,127,110,108,120,117,109,114,126,109,124,133,109,116,119}","(Gothic Metal) [CD] Theatre of Tragedy - Aegis (2013 Reissue) - 1998, FLAC (image+.cue), lossless"
4644573,2,13425447,0031F2FB0792D1E43DA393CF5BEBF69A22133354,499606173,1,2026-07-31 02:21:01,8,3,"{7,24,24,24,24,24,24,24,24,24,23,24,24,24,24,24,24,24,24,23,25,24,24,24,25,24,24,26,24,24,24}","{59,204,202,198,187,169,147,149,134,143,116,140,135,157,136,139,160,133,137,133,141,123,127,145,145,142,146,135,131,99,134}","(Gothic Metal) [CD] Theatre of Tragedy - Velvet Darkness They Fear (2013 Reissue) - 1996, FLAC (image+.cue), lossless"
4644595,2,13425447,A4F028E6168337DA1CC2A08EE99AE8B2AC84E501,101967003,1,2026-07-31 02:21:01,4,4,"{7,24,24,24,24,24,24,24,24,24,23,24,24,24,24,24,24,24,24,23,25,24,24,24,25,24,24,26,24,24,24}","{28,96,96,92,77,75,75,80,84,90,84,94,81,79,88,91,85,85,95,87,97,81,86,82,92,85,90,102,92,90,90}","(Symphonic Gothic Metal) [WEB] Sarah Jezebel Deva - Malediction (EP) - 2012, FLAC (tracks), lossless (участн. Cradle of Filth)"
4644751,2,1840441,B283540DBF233254708A3E9826E52D7B0FB485D8,124851717,1,2026-07-31 02:21:01,5,3,"{7,24,24,24,24,24,24,24,24,24,23,24,24,24,24,24,24,24,24,23,25,24,24,24,25,24,24,26,24,24,24}","{34,146,143,132,120,144,117,121,123,105,96,107,109,126,116,111,127,112,114,99,122,110,108,106,127,111,112,128,106,108,105}","(Gothic Metal) Theatre of Tragedy - Cassandra (Single) - 1998, FLAC (image+.cue), lossless"
4647088,2,11033291,13B82B6AD26F3C0E7BB917AEF2EFCFD5A51B5CD8,516849033,1,2026-07-31 02:21:01,4,4,"{7,24,24,24,24,24,24,24,24,24,23,24,24,24,24,24,24,24,24,23,25,24,24,24,25,24,24,26,24,24,24}","{28,96,96,92,77,75,73,80,84,90,81,96,81,79,88,91,85,85,95,87,78,78,85,85,92,85,91,102,86,89,68}","(Gothic / Industrial Metal) [WEB] Vespera - Desert of The Real - 2011, FLAC (tracks), lossless"
4647229,2,25053998,285A537AD2BA4015908821A8516B58C2614D5427,1244908626,1,2026-07-31 02:21:01,7,3,"{7,24,24,24,24,24,24,24,24,24,23,24,24,24,24,24,24,24,24,23,25,24,24,24,25,24,24,26,24,24,24}","{52,165,152,148,150,140,129,153,147,135,134,142,126,157,147,160,158,125,117,129,132,116,120,128,174,160,164,163,113,112,138}","(Symphonic Gothic/Doom Metal) [CD] Dawn Of Dreams - Discography (3 CD) - (1996 - 2001), FLAC (image+.cue), lossless"
4648378,2,13425447,0FDAD0F192B6CD73350457A055CBFE286171EEA5,486660771,1,2026-07-31 02:21:01,8,3,"{7,24,24,24,24,24,24,24,24,24,23,24,24,24,24,24,24,24,24,23,25,24,24,24,25,24,24,26,24,24,24}","{57,221,181,208,198,213,210,204,202,203,195,197,188,201,197,186,162,186,210,198,229,186,179,202,229,248,314,308,216,208,202}","(Symphonic Metal) After Forever - After Forever (Japanese edition) - 2007, FLAC (tracks+.cue), lossless"
4649275,2,13425447,EC03B81D9E3D9899B7CBFE08DDBC6F47E1E11C2B,473984176,1,2026-07-31 02:21:01,10,4,"{7,24,24,24,24,24,24,24,24,24,23,24,24,24,24,24,24,24,24,23,25,24,24,24,25,24,24,26,24,24,24}","{72,229,203,215,226,238,223,217,219,220,194,190,186,169,190,199,181,221,239,225,239,211,219,265,264,278,304,294,265,268,257}","(Symphonic Metal) After Forever - Decipher (Reissue 2003) - 2001, FLAC (image+.cue), lossless"
4649688,2,13425447,DD6C14165C45B1B85CD8BE15658F6FC436292A5F,398767726,1,2026-07-31 02:21:01,5,4,"{7,24,24,24,24,24,24,24,24,24,23,24,24,24,24,24,24,24,24,23,25,24,24,24,25,24,24,26,24,24,24}","{35,98,96,92,80,75,66,80,88,90,81,96,81,81,88,91,85,85,105,92,108,83,83,84,88,89,98,99,89,86,87}","(Symphonic Metal) After Forever - 3 Singles, 2000 - 2002, FLAC (tracks+.cue), lossless"
4650021,2,13425447,06F4DD0EBD75D9A3DD267249774D9D8F87D31AFC,5338339808,1,2026-07-31 02:21:01,23,3,"{7,24,24,24,24,24,24,24,24,24,23,24,24,24,24,24,24,24,24,23,25,24,24,24,25,24,24,26,24,24,24}","{184,548,478,602,701,714,702,647,520,582,596,630,630,548,584,526,470,486,487,529,527,436,458,493,546,498,480,487,492,483,505}","(Symphonic Gothic Metal) [CD] [WEB] Xandria - Дискография (Discography) (11 релизов), 2003 - 2015, FLAC (image+.cue), lossless"
4650871,2,13425447,2A1DD6E3B04BAA6ED52A97A6D9E879D9311ED592,193985960,1,2026-07-31 02:21:01,3,3,"{7,24,24,24,24,24,24,24,24,24,23,24,24,24,24,24,24,24,24,23,25,24,24,24,25,24,24,26,24,24,24}","{24,89,76,87,85,68,57,64,74,72,66,81,98,82,64,67,61,61,86,84,108,85,78,85,81,78,107,93,73,64,73}","(Symphonic Metal) After Forever - Exordium (EP) - 2003, FLAC (image+.cue), lossless"
4651879,2,4726738,9D4509BA5DBEBC046B8D5E75FAD347FC56C1057C,1326989327,1,2026-07-31 02:21:01,5,3,"{7,24,24,24,24,24,24,24,24,24,23,24,24,24,24,24,24,24,24,23,25,24,24,24,25,24,24,26,24,24,24}","{32,111,110,106,71,74,73,76,82,75,80,87,76,75,69,86,79,68,76,86,96,91,92,86,100,91,102,106,88,88,93}","(Gothic, Rock, Alternative, Dark Wave) [CD] Down Below - Zur Sonne-Zur Freiheit (Fan Box Ltd.) - 2013, FLAC (image+.cue), lossless"
4651886,2,4726738,F69AA1E99FB3A56253E2BEDFD2D92EE10F6AD717,187210061,1,2026-07-31 02:21:01,4,3,"{7,24,24,24,24,24,24,24,24,24,23,24,24,24,24,24,24,24,24,23,25,24,24,24,25,24,24,26,24,24,24}","{28,96,93,89,65,64,59,64,64,68,61,74,68,59,64,70,61,61,71,69,89,77,72,81,91,83,92,82,65,61,78}","(Gothic, Rock, Alternative, Dark Wave) [CD] Down Below - Unvergessene Zeit EP - 2013, FLAC (image+.cue), lossless"
4653008,2,13425447,2D3AC3FB527AF1EA8028F6F16C00C90287AA739F,438677682,1,2026-07-31 02:21:01,7,3,"{7,24,24,24,24,24,24,24,24,24,23,24,24,24,24,24,24,24,24,23,25,24,24,24,25,24,24,26,24,24,24}","{53,170,131,165,147,165,144,139,155,154,140,133,134,142,132,130,108,133,158,149,170,150,117,131,154,182,215,209,149,141,134}","(Symphonic Metal) After Forever - Invisible Circles - 2004, FLAC (image+.cue), lossless"
4655856,2,31883368,50E456143AA706A4BC8019FC68A2E7271F23A787,327986241,1,2026-07-31 02:21:01,3,3,"{7,24,24,24,24,24,24,24,24,24,23,24,24,24,24,24,24,24,24,23,25,24,24,24,25,24,24,26,24,24,24}","{24,89,76,84,65,71,55,64,75,72,61,70,57,55,64,67,61,61,77,78,78,77,76,72,75,71,86,93,69,82,93}","(Gothic Metal) [CD] Anabantha - Without Saying Goodbye (Reissued-2010) - 2006, FLAC (image+.cue), lossless"
4656120,2,4726738,E6BDB6FE785F573EB2352536585E8EE9DF52F740,429464085,1,2026-07-31 02:21:01,3,3,"{7,24,24,24,24,24,24,24,24,24,23,24,24,24,24,24,24,24,24,23,25,24,24,24,25,24,24,26,24,24,24}","{25,91,94,87,79,81,73,77,71,74,66,78,83,80,81,84,70,73,82,85,95,75,79,83,81,79,97,95,75,80,69}","(Symphonic Gothic Metal) [CD] Katra - Out Of The Ashes (Japanese Edition) - 2010, FLAC (image+.cue), lossless"
4663832,2,1439008,40800B7C184A1FFCB935AEEFA616A45C1309A4D7,569266446,1,2026-07-31 02:21:01,9,3,"{7,24,24,24,24,24,24,24,24,24,23,24,24,24,24,24,24,24,24,23,25,24,24,24,25,24,24,26,24,24,24}","{58,279,271,228,223,259,251,278,268,202,243,179,213,241,240,264,239,217,226,197,230,217,211,250,265,291,260,275,239,217,257}","(Gothic/Doom Metal) [CD] Type O Negative - Bloody Kisses (Japan APCY-8142 1-st press) - 1993, FLAC (image+.cue), lossless"
4665257,2,2414360,2339A0198949BBDA9C3F1A1FAE27FFE6B5653469,574568784,1,2026-07-31 02:21:01,5,3,"{7,24,24,24,24,24,24,24,24,24,23,24,24,24,24,24,24,24,24,23,25,24,24,24,25,24,24,26,24,24,24}","{35,100,99,94,80,78,77,108,106,90,86,88,85,80,90,92,87,90,98,83,97,77,88,90,96,87,95,103,93,87,82}","(Gothic Metal) [CD] Theatres Des Vampires - Moonlight Waltz Tour 2011 - 2011, FLAC (tracks+.cue), lossless"
4669269,2,32319329,2D404C38E444D1CFB1C003E94829E3A49BF069EE,520506319,1,2026-07-31 02:21:01,4,3,"{7,24,24,24,24,24,24,24,24,24,23,24,24,24,24,24,24,24,24,23,25,24,24,24,25,24,24,26,24,24,24}","{32,108,111,97,87,83,76,83,89,89,91,101,107,105,105,106,105,100,101,101,112,106,104,95,100,95,100,102,88,94,90}","(Symphonic Gothic Metal) [CD] Xandria - India (Japanese Edition) - 2005, FLAC (image+.cue), lossless"
4670556,2,4726738,2DC74368ACBCBF71E4B2E4B5E768E774FFBEB3D3,6998951141,1,2026-07-31 02:21:01,19,3,"{7,24,24,24,24,24,24,24,24,24,23,24,24,24,24,24,24,24,24,23,25,24,24,24,25,24,24,26,24,24,24}","{137,558,545,556,561,565,542,555,558,623,560,560,622,604,598,591,579,614,590,575,604,551,534,565,595,578,565,651,615,580,618}","(Gothic Metal, Alternative Metal) [CD] Lacuna Coil - Коллекция - 1998-2016, (18 CDs), FLAC (image+.cue), lossless"
4675056,2,32319329,C1BE9223A5A4E815928AD127851EBDECD2AB36D8,509023984,1,2026-07-31 02:21:01,3,3,"{7,24,24,24,24,24,24,24,24,24,23,24,24,24,24,24,24,24,24,23,25,24,24,24,25,24,24,26,24,24,24}","{23,88,97,102,80,85,73,79,84,90,89,97,99,92,91,95,92,105,123,100,102,79,87,83,93,89,92,125,100,89,105}","(Gothic Metal) [CD] Crematory - Antiserum (Limited Edition) - 2014, FLAC (image+.cue), lossless"
4677363,2,32319329,06954966B653C033D7CB63E05C9682D28E5C4126,378716708,1,2026-07-31 02:21:01,5,4,"{7,24,24,24,24,24,24,24,24,24,23,24,24,24,24,24,24,24,24,23,25,24,24,24,25,24,24,26,24,24,24}","{35,127,132,112,94,84,77,102,108,96,97,101,70,90,94,98,84,81,87,91,92,81,91,87,100,97,109,111,102,110,115}","(Gothic Metal) [CD] To/Die/For - Wounds Wide Open (Japanese Edition) - 2006, FLAC (image+.cue), lossless"
4679062,2,1840441,00E9F28A7F007E9E420CF0AC57F85669266F4898,427294292,1,2026-07-31 02:21:01,8,4,"{7,24,24,24,24,24,24,24,24,24,23,24,24,24,24,24,24,24,24,23,25,24,24,24,25,24,24,26,24,24,24}","{49,175,162,157,156,140,142,146,129,127,132,139,149,142,144,130,145,138,139,130,150,124,128,134,144,146,136,147,126,140,146}","(Gothic Metal) Trail of Tears - Profoundemonium - 2000, FLAC (image+.cue), lossless"
4679925,2,4726738,490746D68B23F6578142E95225AC49BD563E6929,399013121,1,2026-07-31 02:21:01,5,4,"{7,24,24,24,24,24,24,24,24,24,23,24,24,24,24,24,24,24,24,23,25,24,24,24,25,24,24,26,24,24,24}","{39,146,149,134,121,115,112,121,127,111,104,113,130,137,142,129,119,127,131,158,165,134,116,131,176,119,117,112,92,103,94}","(Gothic Metal) [CD] Elysion - Someplace Better (Limited Edition) - 2014, FLAC (image+.cue), lossless"
4683196,2,1840441,7D7035777C5ADBF04754B9A25171ED8487BA2E81,439738705,1,2026-07-31 02:21:01,4,3,"{7,24,24,24,24,24,24,24,24,24,23,24,24,24,24,24,24,24,24,23,25,24,24,24,25,24,24,26,24,24,24}","{25,92,83,88,76,70,63,76,76,72,71,82,77,71,76,76,81,70,83,82,92,74,74,73,89,78,87,92,84,92,90}","(Gothic/Death/Doom Metal) Amalthea - In Memory of the Tempest... and the Calm - 1998, FLAC (image+.cue), lossless"
4685456,2,1840441,7ACAB5C33BE518FD3B43B3BF3A21B77605E02D29,281832216,1,2026-07-31 02:21:01,16,3,"{7,24,24,24,24,24,24,24,24,24,23,24,24,24,24,24,24,24,24,23,25,24,24,24,25,24,24,26,24,24,24}","{114,404,408,387,363,398,394,381,384,364,380,388,328,305,332,323,345,374,395,363,405,316,317,343,430,389,376,405,367,394,384}","(Symphonic Metal) Haggard - And Thou Shalt Trust... The Seer - 1997, FLAC (image+.cue), lossless"
4687187,2,6621436,6BC90A24C8AA505E16B957DE465FB58B1D6ECCAD,403086886,1,2026-07-31 02:21:01,5,3,"{7,24,24,24,24,24,24,24,24,24,23,24,24,24,24,24,24,24,24,23,25,24,24,24,25,24,24,26,24,24,24}","{35,123,126,97,96,105,86,99,101,104,89,93,89,79,88,94,89,80,89,93,117,84,92,88,93,97,93,107,90,93,98}","(Black Metal/Dark Epic/Gothic Metal) Valkiria - Epika (Re-released In 2013 By GS Productions In A Digipack) - 2005, FLAC (image+.cue), lossless"
4687324,2,31883368,54BDF955ED52C96543E7AD33D9F19B023057E32E,355290865,1,2026-07-31 02:21:01,3,3,"{7,24,24,24,24,24,24,24,24,24,23,24,24,24,24,24,24,24,24,23,25,24,24,24,25,24,24,26,24,24,24}","{23,80,75,77,65,59,58,64,62,66,72,73,57,55,64,69,61,61,71,69,75,70,70,71,75,71,86,76,67,64,63}","(Gothic Metal) [CD] Anabantha - El Pozo De Los Deseos - 2009, FLAC (image+.cue), lossless"
4692509,2,13278863,DC375CA8B773E66B73A84370D09AA34D012018DF,407211493,1,2026-07-31 02:21:01,3,3,"{7,24,24,24,24,24,24,24,24,24,23,24,24,24,24,24,24,24,24,23,25,24,24,24,25,24,24,26,24,24,24}","{21,80,80,80,76,72,80,69,70,71,62,86,80,70,75,82,75,59,69,86,94,74,73,72,84,85,117,153,124,124,122}","(Symphonic Metal | Female Vocal) Silent Opera - Immortal Beauty - 2011, FLAC (image+.cue), lossless"
4697176,2,1609279,E50AAF390D45BA5FE13AA0482EE03213BC9BBA7E,1253561235,1,2026-07-31 02:21:01,5,3,"{7,24,24,24,24,24,24,24,24,24,23,24,24,24,24,24,24,24,24,23,25,24,24,24,25,24,24,26,24,24,24}","{38,130,135,150,132,128,100,95,132,100,97,99,122,116,99,97,102,91,70,111,136,110,98,97,107,99,138,121,96,100,100}","(Symphonic metal, gothic metal) Epica - Retrospect - 2013, FLAC (image+.cue), lossless"
4698880,2,11033291,BAB244779ADD16365D11747D223D6A1F72993683,1337359984,1,2026-07-31 02:21:01,5,4,"{7,24,24,24,24,24,24,24,24,24,23,24,24,24,24,24,24,24,24,23,25,24,24,24,25,24,24,26,24,24,24}","{38,120,120,113,93,76,77,97,108,98,91,90,94,93,97,95,89,92,106,87,79,88,90,87,92,92,96,107,91,87,68}","(Gothic Metal / Dark Metal) [CD] Ancestral Legacy - Discography (2005-2010), FLAC (image+.cue), lossless"
4704154,2,4726738,BDBA4B846F513F2E7798677003D7ABFF64B79FF4,292014878,1,2026-07-31 02:21:01,5,3,"{7,24,24,24,24,24,24,24,24,24,23,24,24,24,24,24,24,24,24,23,25,24,24,24,25,24,24,26,24,24,24}","{49,188,170,195,148,199,169,160,147,164,171,153,210,190,188,191,171,186,176,197,175,179,164,151,186,180,207,241,211,204,186}","(Gothic/ Alternative Rock) [CD] Anette Olzon - Shine - 2014, FLAC (image+.cue), lossless"
4708457,2,25102764,F4B8855FEF56392CE13F892E5EA8C32B2C36EFD3,587915496,1,2026-07-31 02:21:01,4,3,"{7,24,24,24,24,24,24,24,24,24,23,24,24,24,24,24,24,24,24,23,25,24,24,24,25,24,24,26,24,24,24}","{31,96,93,92,77,73,73,80,84,90,84,89,81,79,88,91,85,87,92,82,92,77,84,83,92,85,90,96,86,90,80}","(Gothic Doom Metal) [CD] Daylight Torn - Death Alone From Life Can Save - 2002 (1999), FLAC (image+.cue), lossless"
4709034,2,31883368,805D84A3D518E679ABA260405EA5A797C220CAC8,373813064,1,2026-07-31 02:21:01,3,3,"{7,24,24,24,24,24,24,24,24,24,23,24,24,24,24,24,24,24,24,23,25,24,24,24,25,24,24,26,24,24,24}","{23,80,74,77,65,62,55,64,62,68,61,72,57,55,64,67,61,61,71,69,75,68,67,71,75,71,85,76,63,67,63}","(Gothic Metal) [CD] Mar&#237;a Escarlata (Maria Escarlata) - El Desaf&#237;o (El Desafio) - 2010, FLAC (image+.cue), lossless"
4709120,2,31883368,779E5D2205D52D531BA8598190F15C798900EAD6,417700138,1,2026-07-31 02:21:01,3,3,"{7,24,24,24,24,24,24,24,24,24,23,24,24,24,24,24,24,24,24,23,25,24,24,24,25,24,24,26,24,24,24}","{23,80,75,77,65,59,56,64,62,68,72,70,57,55,64,67,61,61,71,69,76,70,69,71,75,71,85,76,69,67,63}","(Gothic Metal) [CD] Anabantha - XV Aniversario - 2012, FLAC (image+.cue), lossless"
4709652,2,15124335,E3ACA8F79A85C9D0DF01A16CA2AB987507A3BCFB,390564559,1,2026-07-31 02:21:01,3,3,"{7,24,24,24,24,24,24,24,24,24,23,24,24,24,24,24,24,24,24,23,25,24,24,24,25,24,24,26,24,24,24}","{23,80,75,77,65,67,70,66,62,72,68,71,64,61,64,67,61,61,71,71,80,68,68,71,75,71,87,80,64,63,63}","(Gothic Rock/Metal) [CD] Order of Isaz - Seven Years of Famine - 2014, FLAC (image+.cue), lossless"
4709962,2,31883368,F63C53CF60702F219D46F94A45B25E3A0E734009,410755883,1,2026-07-31 02:21:01,4,3,"{7,24,24,24,24,24,24,24,24,24,23,24,24,24,24,24,24,24,24,23,25,24,24,24,25,24,24,26,24,24,24}","{29,98,102,96,87,84,94,80,93,96,81,97,104,93,93,97,93,82,94,104,104,91,91,90,96,94,106,111,94,106,95}","(Symphonic Gothic Metal) [CD] Silent Opera - Reflections - 2014, FLAC (image+.cue), lossless"
4710054,2,25428785,350E084745F3EC8071998806C751D7DE981E2DBA,355987520,1,2026-07-31 02:21:01,4,3,"{7,24,24,24,24,24,24,24,24,24,23,24,24,24,24,24,24,24,24,23,25,24,24,24,25,24,24,26,24,24,24}","{28,95,96,92,77,71,73,80,84,90,83,95,81,79,87,91,84,85,95,87,98,80,86,83,92,85,91,102,88,97,87}","(Gothic Metal) [CD] Macbeth - Neo Gothic Propaganda - 2014, FLAC (image+.cue), lossless"
4710775,2,4726738,E3F6D80832CD5CCF96B59E70E7529E88C3867E5C,401651935,1,2026-07-31 02:21:01,3,3,"{7,24,24,24,24,24,24,24,24,24,23,24,24,24,24,24,24,24,24,23,25,24,24,24,25,24,24,26,24,24,24}","{23,80,74,77,65,62,52,64,64,68,61,92,57,55,64,67,61,61,71,69,76,69,68,71,75,71,84,76,62,65,63}","(Gothic Metal) [CD] Azylya - Sweet Cerebral Destruction - 2013, FLAC (image+.cue), lossless"
4710788,2,4726738,9F6006703B76DCDCC0B61D2CAF80AC864942F365,401070375,1,2026-07-31 02:21:01,4,3,"{7,24,24,24,24,24,24,24,24,24,23,24,24,24,24,24,24,24,24,23,25,24,24,24,25,24,24,26,24,24,24}","{29,119,111,94,98,102,94,93,86,98,98,95,95,88,88,93,97,94,95,102,111,92,96,100,99,79,87,87,74,80,77}","(Gothic/Progressive Metal) [CD] Elegy Of Madness - Brave Dreams - 2014, FLAC (image+.cue), lossless"
4710833,2,4726738,2EB1C1AF1974710713B9BB5C4C73D95AB8A39BD1,710405080,1,2026-07-31 02:21:01,4,3,"{7,24,24,24,24,24,24,24,24,24,23,24,24,24,24,24,24,24,24,23,25,24,24,24,25,24,24,26,24,24,24}","{28,98,103,96,87,85,89,81,93,95,87,99,104,93,88,111,113,105,117,122,130,113,99,106,117,121,131,137,113,120,105}","(Symphonic Metal) [CD] Norhod - Collection (2013-The Blazing Lily, 2016-Voices From The Ocean), (2 CDs), FLAC (image+.cue), lossless"
4710873,2,4726738,192410D240C88172DA14D2821DF8D28F6D520CCF,819360862,1,2026-07-31 02:21:01,3,3,"{7,24,24,24,24,24,24,24,24,24,23,24,24,24,24,24,24,24,24,23,25,24,24,24,25,24,24,26,24,24,24}","{24,87,88,89,73,68,69,78,76,83,75,95,90,85,95,95,95,97,108,87,99,78,71,71,75,71,85,76,67,65,76}","(Gothic Metal) [CD] Levania - Коллекция - 2012 - 2013, (2 CDs), FLAC (image+.cue), lossless"
4710968,2,4726738,FE7FA74860B4BBDE2E7F8733879A38633B6AC129,410498092,1,2026-07-31 02:21:01,6,4,"{7,24,24,24,24,24,24,24,24,24,23,24,24,24,24,24,24,24,24,23,25,24,24,24,25,24,24,26,24,24,24}","{42,146,142,136,118,107,108,114,92,120,115,96,98,105,111,118,111,96,103,92,102,94,94,96,100,95,106,105,96,94,96}","(Symphonic/Gothic Metal) [CD] Crysalys - The Awakening Of Gaia - 2011, FLAC (image+.cue), lossless"
4711005,2,4726738,E681967B0DAEF53EC557179DC9E0AB33373793AF,256109410,1,2026-07-31 02:21:01,3,3,"{7,24,24,24,24,24,24,24,24,24,23,24,24,24,24,24,24,24,24,23,25,24,24,24,25,24,24,26,24,24,24}","{26,80,75,77,65,64,55,64,63,68,61,70,64,79,88,77,61,61,71,69,75,70,66,71,75,71,86,76,66,65,63}","(Gothic/Doom Metal) [CD] Lenore S. Fingers - Inner Tales - 2014, FLAC (image+.cue), lossless"
4711220,2,4726738,78F896881ACE4AD508797A1A3C21CFD884DE112E,385150224,1,2026-07-31 02:21:01,3,3,"{7,24,24,24,24,24,24,24,24,24,23,24,24,24,24,24,24,24,24,23,25,24,24,24,25,24,24,26,24,24,24}","{24,97,97,94,74,73,73,80,75,89,82,82,67,76,85,83,85,78,89,72,86,73,69,71,75,71,85,76,67,69,81}","(Gothic/Melodic Death Metal) [CD] Tystnaden - Sham Of Perfection - 2006, FLAC (image+.cue), lossless"
4711232,2,4726738,8E4EA5E91AACE704A439092F1F82F6149C78F969,381068107,1,2026-07-31 02:21:01,3,3,"{7,24,24,24,24,24,24,24,24,24,23,24,24,24,24,24,24,24,24,23,25,24,24,24,25,24,24,26,24,24,24}","{21,83,81,79,66,63,58,64,64,71,64,76,63,57,67,67,67,61,71,69,76,70,68,70,75,71,86,76,65,65,63}","(Gothic/Melodic Death Metal) [CD] Tystnaden - In Our Eye - 2008, FLAC (image+.cue), lossless"
4712512,2,4726738,05EB2F9FAF7FB2FE37F01B93F19C6E57025B37AA,367306359,1,2026-07-31 02:21:01,3,3,"{7,24,24,24,24,24,24,24,24,24,23,24,24,24,24,24,24,24,24,23,25,24,24,24,25,24,24,26,24,24,24}","{22,83,84,82,69,71,66,72,66,74,66,76,75,71,73,76,65,70,79,79,88,68,70,74,76,73,91,97,79,74,63}","(Gothic/Folk Metal) [CD] Evenoire - Vitriol - 2012, FLAC (image+.cue), lossless"
4713469,2,25053998,2503516E91F1FB18F28735B16EE34C81DB3E2C2B,849986167,1,2026-07-31 02:21:01,7,3,"{7,24,24,24,24,24,24,24,24,24,23,24,24,24,24,24,24,24,24,23,25,24,24,24,25,24,24,26,24,24,24}","{44,187,178,157,151,162,152,154,153,142,125,120,108,118,126,125,116,92,110,92,114,106,107,96,105,93,106,125,109,99,100}","(Atmospheric Dark/Gothic Metal) [CD] The Blood Divine - Discography (2 CD) - (1996 - 1997), FLAC (image+.cue), lossless"
4713689,2,25053998,6327D9656A90CF3EA365EAFD6BABDB23C25889A6,518369995,1,2026-07-31 02:21:01,3,3,"{7,24,24,24,24,24,24,24,24,24,23,24,24,24,24,24,24,24,24,23,25,24,24,24,25,24,24,26,24,24,24}","{23,87,80,83,73,75,65,74,72,75,69,87,81,79,80,84,87,78,88,85,101,80,82,82,95,94,107,103,93,94,89}","(Gothic Metal) [CD] EverEve - Regret - 1999 (Remastered 2010), FLAC (image+.cue), lossless"
4713699,2,4726738,A3B7C0C6269E23EE9530D3994CC9773624241E9F,2391196232,1,2026-07-31 02:21:01,4,3,"{7,24,24,24,24,24,24,24,24,24,23,24,24,24,24,24,24,24,24,23,25,24,24,24,25,24,24,26,24,24,24}","{31,125,170,135,133,132,125,106,111,114,102,97,139,92,79,82,91,74,80,124,124,105,94,97,100,102,148,147,118,122,103}","(Symphonic Gothic Metal) [CD] Diabulus In Musica - Discography - 2010-2020, (5 CDs), FLAC (image+.cue), lossless"
4715775,2,4726738,494ADAC5C0B0331124BE31C99BA7B19B6A726906,630887504,1,2026-07-31 02:21:01,3,3,"{7,24,24,24,24,24,24,24,24,24,23,24,24,24,24,24,24,24,24,23,25,24,24,24,25,24,24,26,24,24,24}","{21,80,80,80,71,70,69,69,67,72,64,75,72,71,71,74,65,68,77,78,82,71,71,72,75,72,91,95,77,73,63}","(Symphonic Gothic Metal) [CD] Whyzdom - Blind ? - 2012, FLAC (image+.cue), lossless"
4719491,8,1981103,CA812941C4AA50520FF10324F2C0DF920A0AB177,13373612185,1,2026-07-31 02:21:01,4,4,"{7,24,24,24,24,24,24,24,24,24,23,24,24,24,24,24,24,24,24,23,25,24,24,24,25,24,24,26,24,24,24}","{28,96,96,94,77,74,71,80,85,91,85,93,82,79,88,93,91,76,72,83,102,76,84,83,93,88,102,104,96,89,87}","[Обновлено] (Gothic Metal) Within Temptation - 24 bootlegs - 2001-2015, FLAC (tracks), lossless"
4719859,2,25053998,A5952DF4F0AC46A51875E8B8B9B848ADAF7D318D,333180768,1,2026-07-31 02:21:01,3,3,"{7,24,24,24,24,24,24,24,24,24,23,24,24,24,24,24,24,24,24,23,25,24,24,24,25,24,24,26,24,24,24}","{23,80,75,77,65,64,54,64,62,68,61,70,57,55,64,67,61,61,71,69,75,70,69,71,75,71,84,76,64,90,87}","(Gothic/Dark Metal) [CD] Antiqua - In Red Nights - 1999, FLAC (image+.cue), lossless"
4720601,2,25053998,C621BCE7DA31661C3D73524EF269693252DAEBF0,470605095,1,2026-07-31 02:21:01,7,4,"{7,24,24,24,24,24,24,24,24,24,23,24,24,24,24,24,24,24,24,23,25,24,24,24,25,24,24,26,24,24,24}","{49,153,159,145,114,109,110,111,114,111,105,110,116,114,108,112,111,112,114,115,121,92,89,95,102,95,103,116,99,89,90}","(Gothic Metal) [CD] Domina Noctis - Nocturnalight - 2005, FLAC (image+.cue), lossless"
4721121,2,25102764,C64DE33760B6A20A8013A30D74E55F22F7861662,1396024634,1,2026-07-31 02:21:01,5,4,"{7,24,24,24,24,24,24,24,24,24,23,24,24,24,24,24,24,24,24,23,25,24,24,24,25,24,24,26,24,24,24}","{37,122,121,113,100,98,94,80,84,90,85,98,86,79,88,91,85,95,98,94,105,79,84,82,102,98,92,99,96,97,100}","(Symphonic Gothic Metal) Mutum - 2 CD (2007-2013), FLAC (image+.cue), lossless"
4722135,2,31883368,C5B1B85458B170D91327EB0C7C1F6AF6F9A183DF,308915928,1,2026-07-31 02:21:01,3,3,"{7,24,24,24,24,24,24,24,24,24,23,24,24,24,24,24,24,24,24,23,25,24,24,24,25,24,24,26,24,24,24}","{23,80,75,77,65,60,52,64,64,68,72,73,57,55,64,67,61,61,71,69,75,72,71,71,75,71,86,76,64,67,63}","(Gothic Metal) [CD] Anabantha - Desideratha - 2013, FLAC (image+.cue), lossless"
4722201,2,31883368,9B37C5580532EB62905BBF1E2CD8E915E90888ED,517774844,1,2026-07-31 02:21:01,4,3,"{7,24,24,24,24,24,24,24,24,24,23,24,24,24,24,24,24,24,24,23,25,24,24,24,25,24,24,26,24,24,24}","{30,106,101,99,83,78,85,89,91,93,87,92,92,94,93,90,95,95,102,87,97,85,84,89,93,91,96,103,88,96,81}","(Heavy/Progressive/Gothic Metal) [CD] Infernorama - A Symphony For The Heartless - 2005, FLAC (image+.cue), lossless"
4724700,2,2586612,EE28106348D2B37AF682F1315E10F888BCE9D74F,1618296611,1,2026-07-31 02:21:01,3,3,"{7,24,24,24,24,24,24,24,24,24,23,24,24,24,24,24,24,24,24,23,25,24,24,24,25,24,24,26,24,24,24}","{23,80,75,77,72,72,58,80,84,74,61,71,57,76,64,67,66,65,71,69,75,69,74,71,75,83,84,76,64,77,89}","(Progressive/ Gothic Metal) [CD] Tragodia - Дискография (2004-2013), FLAC (image+.cue), lossless"
4724857,2,25102764,873A7A64DE86615916F15990C7F7C6AA6C61A818,1454171931,1,2026-07-31 02:21:01,4,3,"{7,24,24,24,24,24,24,24,24,24,23,24,24,24,24,24,24,24,24,23,25,24,24,24,25,24,24,26,24,24,24}","{31,109,109,91,81,78,75,79,89,90,84,94,96,97,97,104,98,96,97,93,101,93,93,96,102,86,97,105,90,89,90}","(Symphonic Gothic Metal) Akoma - Discography (3 CD, 1 WEB) - 2005-2017, FLAC (image+.cue, tracks), lossless"
4725312,2,4726738,507F1BAE662650F9EA7418C21FF76709DAC216C3,468839761,1,2026-07-31 02:21:01,7,3,"{7,24,24,24,24,24,24,24,24,24,23,24,24,24,24,24,24,24,24,23,25,24,24,24,25,24,24,26,24,24,24}","{53,192,197,160,154,140,137,153,156,129,126,135,138,143,135,155,130,140,168,133,138,128,122,126,146,149,148,161,136,156,156}","(Gothic Metal,Folk) [CD] Savn - Savn - 2014, FLAC (image+.cue), lossless"
4726938,2,25053998,D970A1EDF028ABBA63AE3328BE152FD502C88D17,428404547,1,2026-07-31 02:21:01,3,3,"{7,24,24,24,24,24,24,24,24,24,23,24,24,24,24,24,24,24,24,23,25,24,24,24,25,24,24,26,24,24,24}","{23,80,74,77,65,58,59,64,64,68,61,72,57,55,64,67,61,61,71,69,76,69,67,71,75,71,84,76,67,63,63}","(Gothic Metal) [CD] Coma Divine - Dead End Circle - 2011, FLAC (image+.cue), lossless"
4729001,8,31883368,0DED41F23E55A87AFA35047796E201A515C7DF96,432290636,1,2026-07-31 02:21:01,3,3,"{7,24,24,24,24,24,24,24,24,24,23,24,24,24,24,24,24,24,24,23,25,24,24,24,25,24,24,26,24,24,24}","{22,84,82,82,70,68,65,72,67,74,66,77,75,71,73,76,65,70,78,79,89,71,73,74,76,73,90,97,78,75,63}","(Gothic/Folk Metal) [CD] Evenoire - Herons (Scene) - 2014, FLAC (tracks), lossless"
4729701,2,5096042,532C44083410822C3AA491C926EB9DD543D0FDA1,753247804,1,2026-07-31 02:21:01,4,3,"{7,24,24,24,24,24,24,24,24,24,23,24,24,24,24,24,24,24,24,23,25,24,24,24,25,24,24,26,24,24,24}","{28,96,99,92,77,73,75,80,84,90,84,95,81,86,89,92,85,76,72,88,97,81,87,84,92,85,91,102,92,88,87}","(Gothic/Symphonic Metal) [CD] Delain - The Human Contradiction (Limited Edition) - 2014, FLAC (image+.cue), lossless"
4731543,2,19588415,A25DF798E1E879D68E5A01BD78817F15F02F3139,189337052,1,2026-07-31 02:21:01,3,3,"{7,24,24,24,24,24,24,24,24,24,23,24,24,24,24,24,24,24,24,23,25,24,24,24,25,24,24,26,24,24,24}","{23,80,89,130,113,108,84,88,100,114,97,109,113,107,113,87,62,87,113,132,137,111,94,82,107,109,120,121,109,112,93}","(Gothic Metal) [CDS] Lacrimosa - Alles Luge - 1993 (Hall of Sermon DW 084 SPV CDS 055-140413), FLAC (image+.cue), lossless"
4734262,8,1981103,216528CF4E2D13B37F681C3B2BFA068FABB62601,979325302,1,2026-07-31 02:21:01,5,3,"{7,24,24,24,24,24,24,24,24,24,23,24,24,24,24,24,24,24,24,23,25,24,24,24,25,24,24,26,24,24,24}","{36,122,122,114,100,99,94,80,83,75,65,93,66,55,64,67,61,81,96,86,96,70,70,71,91,84,86,77,92,93,89}","(Gothic Metal) Leaves' Eyes - 2 bootlegs - 2013-2014, FLAC (tracks), lossless"
4738628,2,1840441,C03EE296575C0CB7E1E51C1F8A62D3585FCD6D22,599142932,1,2026-07-31 02:21:01,6,4,"{7,24,24,24,24,24,24,24,24,24,23,24,24,24,24,24,24,24,24,23,25,24,24,24,25,24,24,26,24,24,24}","{37,135,148,128,120,101,113,116,128,105,112,111,120,112,104,105,115,107,115,125,124,101,106,105,114,112,116,123,119,128,111}","(Gothic/Melodic Black Metal) In Silentio Noctis - Discography (2010-2013) 2 CD, FLAC (image+.cue), lossless"
4747405,8,21302716,C2768CB83F33BDFAE9F3895B4AB14736E7767D74,476827202,1,2026-07-31 02:21:01,3,3,"{7,24,24,24,24,24,24,24,24,24,23,24,24,24,24,24,24,24,24,23,25,24,24,24,25,24,24,26,24,24,24}","{26,114,110,98,95,89,69,87,67,91,88,105,115,93,109,94,112,88,88,109,108,97,93,79,97,98,92,96,85,68,77}","(Gothic/Love Metal) Reflexion - 4 демо-альбома - 2000-2004 (4 CD), FLAC (image+.cue), lossless"
4748783,8,31883368,CC465EC0F20CB872F39224B4B74AC4E301E66CF1,596158264,1,2026-07-31 02:21:01,5,4,"{7,24,24,24,24,24,24,24,24,24,23,24,24,24,24,24,24,24,24,23,25,24,24,24,25,24,24,26,24,24,24}","{35,119,120,112,99,88,101,98,109,96,92,96,97,96,93,96,96,96,96,92,102,90,94,96,100,96,109,105,107,113,96}","(Gothic Metal) [CD] Nevergreen - Vendetta - 2014, FLAC (tracks+.cue), lossless"
4754980,2,2107902,D8FED337B921E25D2EA4BFF46CABE84CD00959F3,477815486,1,2026-07-31 02:21:01,3,3,"{7,24,24,24,24,24,24,24,24,24,23,24,24,24,24,24,24,24,24,23,25,24,24,24,25,24,24,26,24,24,24}","{26,80,74,77,65,60,54,64,64,67,60,72,57,55,64,67,61,61,71,69,76,70,68,71,75,71,85,76,64,64,63}","(Gothic Metal) [CD] Dying Passion - Transient - 2013, WavPack (image+.cue), lossless"
4759767,8,1981103,BC704171764C788285831874DDA566658C7411AF,2233046876,1,2026-07-31 02:21:01,5,4,"{7,24,24,24,24,24,24,24,24,24,23,24,24,24,24,24,24,24,24,23,25,24,24,24,25,24,24,26,24,24,24}","{35,120,120,118,117,113,114,116,118,117,102,110,112,109,121,109,112,111,108,110,117,103,102,109,111,116,134,122,118,112,110}","[Обновлено] (Gothic Metal, Alternative Metal) Lacuna Coil - 7 bootlegs - 1998-2015, FLAC (tracks), lossless"
4761148,2,14123856,681AE36D5BBAB6D9806ADF0E4091D8A92DFEECF4,450688181,1,2026-07-31 02:21:01,3,3,"{7,24,24,24,24,24,24,24,24,24,23,24,24,24,24,24,24,24,24,23,25,24,24,24,25,24,24,26,24,24,24}","{23,84,85,100,81,77,84,81,80,99,84,96,90,97,87,90,93,106,93,87,101,98,85,94,94,98,102,115,90,107,128}","(Industrial Metal) [CD] Deathstars - The Perfect Cult - 2014, FLAC (tracks+.cue), lossless"
4762986,2,25053998,2048C9D50F38EFAB9C181DF0889E126309F878E4,598437333,1,2026-07-31 02:21:01,8,4,"{7,24,24,24,24,24,24,24,24,24,23,24,24,24,24,24,24,24,24,23,25,24,24,24,25,24,24,26,24,24,24}","{58,211,211,208,201,207,179,194,196,190,166,177,163,177,189,186,174,180,180,160,175,172,177,192,180,181,181,148,149,148,139}","(Gothic Metal) [CD] Tristania - Beyond The Veil - 1999, FLAC (image+.cue), lossless"
4767213,2,25053998,D532D23E35146A107659BD4B8F1A0FCE51528F8E,661101412,1,2026-07-31 02:21:01,5,3,"{7,24,24,24,24,24,24,24,24,24,23,24,24,24,24,24,24,24,24,23,25,24,24,24,25,24,24,26,24,24,24}","{39,120,129,113,99,105,96,99,124,109,94,99,97,99,94,98,102,96,98,118,105,104,100,108,110,102,117,113,100,98,105}","(Gothic/Doom Metal/Ambient) [WEB] Frozen Caress - Discography (5 Web-Release) - (2009 - 2014), FLAC (tracks), lossless"
4768823,2,13630825,7263F507BA74D5DC0E139218977AEFE175AEA8C8,392540659,1,2026-07-31 02:21:01,3,3,"{7,24,24,24,24,24,24,24,24,24,23,24,24,24,24,24,24,24,24,23,25,24,24,24,25,24,24,26,24,24,24}","{22,91,78,77,73,71,70,77,73,81,78,81,71,63,64,72,71,76,86,72,75,68,68,71,75,71,86,76,68,69,63}","(Atmospheric Rock / Gothic) [CD] The Chant - New Heaven - 2014, FLAC (tracks+.cue), lossless"
4773100,2,1840441,6B40325E0D009798BA7EBA4CB64456D0E2B5CC1B,478825258,1,2026-07-31 02:21:01,4,3,"{7,24,24,24,24,24,24,24,24,24,23,24,24,24,24,24,24,24,24,23,25,24,24,24,25,24,24,26,24,24,24}","{25,92,83,91,74,75,65,76,71,72,71,83,77,73,76,78,81,70,82,82,92,76,79,73,89,78,87,94,82,82,78}","(Gothic/Black Metal) Carnarium - Constelaciones de Requiems - 2002, FLAC (image+.cue), lossless"
4778963,2,29075857,5C0A429FCD778660CD0A3008034FA5EA530EDCFF,463375307,1,2026-07-31 02:21:01,5,3,"{7,24,24,24,24,24,24,24,24,24,23,24,24,24,24,24,24,24,24,23,25,24,24,24,25,24,24,26,24,24,24}","{35,103,106,105,90,95,86,94,108,96,92,97,88,82,94,96,99,100,115,103,130,110,116,116,122,130,133,156,126,99,104}","(Gothic/Doom Metal) [CD] Darkseed - Diving Into Darkness (Ltd. Edition Digipak/Remastered 2008) - 2000, FLAC (image+.cue), lossless"
4780603,2,6474837,AEF9BE6A853A4B075F320C2578A7824A23578ABA,246670952,1,2026-07-31 02:21:01,3,3,"{7,24,24,24,24,24,24,24,24,24,23,24,24,24,24,24,24,24,24,23,25,24,24,24,25,24,24,26,24,24,24}","{23,80,77,77,81,81,66,76,62,78,71,81,62,64,71,79,73,66,61,81,77,76,83,77,83,81,92,91,87,66,68}","(Gothic Metal) [CD] Drastisch - Let Your Life Pass You by - 2013, FLAC (image+.cue), lossless"
4781801,2,4726738,E1B1B6F4BD2D5D5127F051B11567AE39F88FAAA2,462562542,1,2026-07-31 02:21:01,3,3,"{7,24,24,24,24,24,24,24,24,24,23,24,24,24,24,24,24,24,24,23,25,24,24,24,25,24,24,26,24,24,24}","{24,92,92,91,77,75,68,79,79,86,77,89,75,67,83,85,81,88,95,83,97,76,72,78,92,82,89,93,87,90,82}","(Symphonic Gothic Metal) [CD] Nostra Morte - Sin Retorno - 2012, FLAC (image+.cue), lossless"
4782079,2,4726738,F2DFD64C85756E4B987BF81BEC74249C7BF382D0,473987026,1,2026-07-31 02:21:01,4,3,"{7,24,24,24,24,24,24,24,24,24,23,24,24,24,24,24,24,24,24,23,25,24,24,24,25,24,24,26,24,24,24}","{29,105,103,95,81,74,88,84,86,94,87,77,73,80,92,93,89,90,98,78,96,79,81,73,86,83,86,100,77,76,74}","(Gothic Metal) [CD] Elis - Catharsis (Japanese Edition - Promo CD) - 2009, FLAC (image+.cue), lossless"
4784920,2,29075857,921B70A1F6897447173D9C7EC5A597B3C0AEBC15,815354372,1,2026-07-31 02:21:01,5,3,"{7,24,24,24,24,24,24,24,24,24,23,24,24,24,24,24,24,24,24,23,25,24,24,24,25,24,24,26,24,24,24}","{35,126,127,108,96,104,75,99,100,103,90,90,86,82,90,96,89,81,93,91,100,81,94,85,90,85,103,106,91,84,95}","(Dark Atmospheric Metal) [CD] Valkiria - Коллекция (2006-2007) (Ltd. Edition Digipack/Re-Recorded 2014), FLAC (image+.cue), lossless"
4785469,2,4726738,482ADB3C6C3CC3D751A9822B85CD4606E72BA763,280078547,1,2026-07-31 02:21:01,3,3,"{7,24,24,24,24,24,24,24,24,24,23,24,24,24,24,24,24,24,24,23,25,24,24,24,25,24,24,26,24,24,24}","{23,80,74,77,65,61,59,64,63,68,59,70,61,55,64,67,61,61,72,69,75,69,68,71,75,71,86,76,68,67,63}","(Symphonic Gothic Metal) [CD] Sorronia - Words Of Silence - 2013, FLAC (image+.cue), lossless"
4787616,2,1840441,03DB7FAF8322A15E40F23552CFB10A92C57A8B7F,370669193,1,2026-07-31 02:21:01,4,3,"{7,24,24,24,24,24,24,24,24,24,23,24,24,24,24,24,24,24,24,23,25,24,24,24,25,24,24,26,24,24,24}","{25,95,83,88,74,68,66,76,79,72,71,83,77,73,76,76,81,70,83,82,93,73,75,73,88,78,83,95,81,85,78}","(Gothic Metal/Rock) Armonight - Suffering and Passion - 2010, FLAC (image+.cue), lossless"
4787636,2,1840441,664C8DE111402F9E9A03D3DE0B5A7E2A2A5F914B,452128399,1,2026-07-31 02:21:01,4,3,"{7,24,24,24,24,24,24,24,24,24,23,24,24,24,24,24,24,24,24,23,25,24,24,24,25,24,24,26,24,24,24}","{25,92,86,88,74,76,66,76,71,75,71,81,77,71,79,76,81,70,83,82,93,72,79,74,89,78,84,95,82,85,78}","(Gothic Metal/Rock) Romanthica - Eterno - 2013, FLAC (image+.cue), lossless"
4787647,2,1840441,2E9B1DD03F754E9A892805B88EA5FD0AAA64B326,287726869,1,2026-07-31 02:21:01,4,3,"{7,24,24,24,24,24,24,24,24,24,23,24,24,24,24,24,24,24,24,23,25,24,24,24,25,24,24,26,24,24,24}","{28,95,86,88,74,73,68,76,72,72,72,79,77,73,76,76,81,70,83,82,92,73,78,73,89,77,86,94,81,83,78}","(Gothic Metal/Rock) Creation's Tears - Methods to End It All - 2010, FLAC (image+.cue), lossless"
4787788,2,1840441,F0B7D56C8B31E70800ADFC5C1C54294418729A5F,809357060,1,2026-07-31 02:21:01,4,3,"{7,24,24,24,24,24,24,24,24,24,23,24,24,24,24,24,24,24,24,23,25,24,24,24,25,24,24,26,24,24,24}","{28,92,86,88,74,68,65,76,76,72,71,83,78,71,76,76,81,70,83,82,92,76,81,73,89,78,86,94,82,82,78}","(Gothic Metal/Rock) Admirabilis - Discography (2004-2007) 2 CD, FLAC (image+.cue), lossless"
4792369,2,25053998,6C23A952CC08CDC79FE6F997EBDA6D8E9B9D35B1,3226433104,1,2026-07-31 02:21:01,15,3,"{7,24,24,24,24,24,24,24,24,24,23,24,24,24,24,24,24,24,24,23,25,24,24,24,25,24,24,26,24,24,24}","{105,422,406,327,341,377,430,347,361,346,366,346,352,409,392,387,311,348,289,356,435,352,257,345,422,339,392,407,310,352,367}","(Gothic/Doom Metal) [CD] Type O Negative - The Complete Roadrunner Collection 1991-2003 (Multi-Disc Boxsets 6 CD) - 2013, FLAC (image+.cue), lossless"
4793493,8,1981103,4EF61AD037E422B21C853235DCB95DD0DDFF0ED3,2552786844,1,2026-07-31 02:21:01,3,3,"{7,24,24,24,24,24,24,24,24,24,23,24,24,24,24,24,24,24,24,23,25,24,24,24,25,24,24,26,24,24,24}","{27,96,94,95,81,84,77,79,80,81,74,72,57,55,67,81,72,76,68,79,96,80,70,85,80,81,100,92,80,74,82}","(Power Metal) Xandria - 6 bootlegs - 2012-2015, FLAC (tracks), lossless"
4797849,2,1840441,C2D3C7126D25EB643DF02BFD7765B7A416800DB4,335354073,1,2026-07-31 02:21:01,4,3,"{7,24,24,24,24,24,24,24,24,24,23,24,24,24,24,24,24,24,24,23,25,24,24,24,25,24,24,26,24,24,24}","{28,92,83,88,74,71,67,76,75,73,72,78,79,73,76,76,81,72,83,82,92,74,77,73,89,80,87,94,79,84,78}","(Gothic Metal) Kowai - Dissonance - 2014, FLAC (image+.cue), lossless"
4797854,2,1840441,BCC1A3ADF2DC8F3835E8A20A633EA9F06706E7C4,416656198,1,2026-07-31 02:21:01,5,3,"{7,24,24,24,24,24,24,24,24,24,23,24,24,24,24,24,24,24,24,23,25,24,24,24,25,24,24,26,24,24,24}","{31,99,90,95,82,70,64,76,73,76,69,83,77,71,79,76,81,70,83,82,93,76,75,73,89,77,83,95,81,83,78}","(Gothic Metal) Raven Tide - Echoes of Wonder - 2011, FLAC (image+.cue), lossless"
4801412,8,2414360,71C0E7CE3EA73B61376A6C21E127CFD9619787CF,17757406392,1,2026-07-31 02:21:01,18,4,"{7,24,24,24,24,24,24,24,24,24,23,24,24,24,24,24,24,24,24,23,25,24,24,24,25,24,24,26,24,24,24}","{127,438,463,464,451,448,465,485,463,484,494,475,479,446,444,469,440,444,436,455,472,397,411,470,481,460,443,478,457,464,447}","(Symphonic Gothic Metal) [CD, WEB] Within Temptation - Дискография (6 альбомов, 1 компиляция, 3 ЕР, 4 концерта, 14 синглов) - 1997-2014, FLAC, APE, lossless"
4808491,2,2414360,6D601DE0356063369292265BF9857538FE08C6B3,408807463,1,2026-07-31 02:21:01,7,3,"{7,24,24,24,24,24,24,24,24,24,23,24,24,24,24,24,24,24,24,23,25,24,24,24,25,24,24,26,24,24,24}","{46,150,157,147,128,128,109,121,116,122,114,127,134,143,140,138,142,147,146,138,129,117,111,126,136,142,149,138,108,99,100}","(Symphonic Gothic Metal) [CD] Xandria - India - 2005, FLAC (tracks+.cue), lossless"
4813379,8,2414360,5BCDB403846BDA57A5C2BAF4340A5C7D252F77DF,23187098,1,2026-07-31 02:21:01,6,4,"{7,24,24,24,24,24,24,24,24,24,23,24,24,24,24,24,24,24,24,23,25,24,24,24,25,24,24,26,24,24,24}","{42,144,144,129,99,97,98,97,108,99,92,96,96,96,95,98,96,101,96,94,103,99,91,96,100,96,110,105,97,97,90}","(Symphonic Gothic Metal) [WEB] Within Temptation - What Have You Done (Hexadigital's Remix) - 2014, FLAC (tracks), lossless"
4813424,8,2414360,33D7B6CA3B8C31AD906219B592E2C11CF911EF95,178133705,1,2026-07-31 02:21:01,5,4,"{7,24,24,24,24,24,24,24,24,24,23,24,24,24,24,24,24,24,24,23,25,24,24,24,25,24,24,26,24,24,24}","{35,120,115,106,77,76,75,77,93,90,81,95,82,82,88,91,85,76,72,88,97,81,81,83,92,82,93,106,88,91,87}","(Symphonic Gothic Metal) [CD] Within Temptation - Enter (Demo) - 1996, FLAC (tracks), lossless"
4813430,8,2414360,42B6C33BAD98F9AA83F1FF1F9D400FFFC17D264A,115296089,1,2026-07-31 02:21:01,9,4,"{7,24,24,24,24,24,24,24,24,24,23,24,24,24,24,24,24,24,24,23,25,24,24,24,25,24,24,26,24,24,24}","{63,202,203,194,155,179,185,179,164,190,174,183,193,191,176,197,208,229,224,241,249,217,182,174,183,231,269,297,233,249,247}","(Symphonic Gothic Metal) [CD] Within Temptation - Running Up That Hill (Single) - 2003, FLAC (tracks+.cue), lossless"
4813437,8,2414360,6C77E6972BDDFC944D71C69966AC6183667780AD,67479761,1,2026-07-31 02:21:01,4,3,"{7,24,24,24,24,24,24,24,24,24,23,24,24,24,24,24,24,24,24,23,25,24,24,24,25,24,24,26,24,24,24}","{28,96,90,88,65,64,60,64,64,68,65,77,69,58,64,67,61,65,71,83,81,84,70,71,74,77,88,82,70,70,63}","(Symphonic Gothic Metal) [CD] Within Temptation - Faster (Single) - 2011, APE (image+.cue), lossless"
4814673,2,6621436,17211FFD0EB1B5264B8DBEE645FD56FC8E7D5007,511062632,1,2026-07-31 02:21:01,4,3,"{7,24,24,24,24,24,24,24,24,24,23,24,24,24,24,24,24,24,24,23,25,24,24,24,25,24,24,26,24,24,24}","{32,118,123,83,76,71,73,70,67,78,68,73,74,77,74,72,77,70,85,80,102,82,78,73,87,84,91,102,79,79,77}","(Gothic Doom/Dark, Gothic Metal) Silentium - Altum - 2001, FLAC (image+.cue), lossless"
4815737,2,6621436,D1738598492B528C1F4A5D6D24E13168DDC39F8B,487682471,1,2026-07-31 02:21:01,4,3,"{7,24,24,24,24,24,24,24,24,24,23,24,24,24,24,24,24,24,24,23,25,24,24,24,25,24,24,26,24,24,24}","{33,106,104,96,80,76,87,89,78,86,87,96,91,91,94,92,95,89,82,106,109,86,80,74,86,84,97,108,90,91,88}","(Gothic Doom/Dark, Gothic Metal) Silentium - Seducia - 2006, FLAC (image+.cue), lossless"
4818191,2,4726738,70B7AC7D996BB397C76B32620F35736F10C4A73F,834673776,1,2026-07-31 02:21:01,5,4,"{7,24,24,24,24,24,24,24,24,24,23,24,24,24,24,24,24,24,24,23,25,24,24,24,25,24,24,26,24,24,24}","{37,134,131,122,110,106,112,106,120,106,105,109,104,109,109,107,113,111,106,102,110,99,103,111,114,109,125,115,104,104,110}","(Gothic, Melodic Death Metal) [CD] Tears Of Martyr - Коллекция - 2010-2013, (2 CDs), FLAC (image+.cue), lossless"
4819173,2,1840441,03A81FBF7D46B0E4BCF2DEE5B5E0FFC6C2EBA932,365527482,1,2026-07-31 02:21:01,4,3,"{7,24,24,24,24,24,24,24,24,24,23,24,24,24,24,24,24,24,24,23,25,24,24,24,25,24,24,26,24,24,24}","{25,92,83,88,74,71,65,76,77,85,77,82,81,72,79,76,81,70,83,82,92,75,77,74,88,78,87,94,79,87,78}","(Gothic Metal/Rock) Gotham O.D - Monochromatic - 2007, FLAC (image+.cue), lossless"
4819176,2,1840441,E7BCCB172679DFC67B5C9775FC7357271D37085B,437932875,1,2026-07-31 02:21:01,4,3,"{7,24,24,24,24,24,24,24,24,24,23,24,24,24,24,24,24,24,24,23,25,24,24,24,25,24,24,26,24,24,24}","{27,100,91,92,81,68,80,81,79,83,71,82,91,88,82,78,93,78,93,94,98,80,81,79,93,91,90,106,83,88,79}","(Gothic Metal) Eon - Envision | A Fragmented Drama - 2007, FLAC (image+.cue), lossless"
4825322,2,4726738,1F28BF8A7C455A615485090EE71B34EB293A0C44,5054855842,1,2026-07-31 02:21:01,9,3,"{7,24,24,24,24,24,24,24,24,24,23,24,24,24,24,24,24,24,24,23,25,24,24,24,25,24,24,26,24,24,24}","{64,267,255,267,254,267,248,271,281,264,269,280,279,284,249,264,224,248,256,253,267,243,268,319,299,249,300,307,268,286,247}","(Gothic Metal) [CD] Sirenia - Discography - 2002-2016, (10 CDs), FLAC (image+.cue), lossless"
4826858,2,1840441,7AD0DC2F156568D56FEEFBA55776DD046B1957AE,443944912,1,2026-07-31 02:21:01,4,3,"{7,24,24,24,24,24,24,24,24,24,23,24,24,24,24,24,24,24,24,23,25,24,24,24,25,24,24,26,24,24,24}","{28,92,85,88,74,71,58,76,75,72,72,86,79,94,94,90,98,67,60,89,103,81,72,78,95,77,87,94,82,87,91}","(Gothic Metal) Belyerath - The Eternal Fight - 2003, FLAC (image+.cue), lossless"
4826863,2,1840441,C2697D3D5B0212F2CD127145D450491A93565B1F,394247586,1,2026-07-31 02:21:01,4,3,"{7,24,24,24,24,24,24,24,24,24,23,24,24,24,24,24,24,24,24,23,25,24,24,24,25,24,24,26,24,24,24}","{29,92,86,90,74,77,68,76,72,72,71,82,84,94,94,84,81,75,84,82,94,76,75,73,88,78,85,96,80,80,78}","(Gothic Metal) Rainover - Transcending the Blue and Drifting Into Rebirth - 2013, FLAC (image+.cue), lossless"
4827099,2,1840441,D5EBB58F7F61192AB74BF486DA8ACB19868106DE,434080215,1,2026-07-31 02:21:01,5,3,"{7,24,24,24,24,24,24,24,24,24,23,24,24,24,24,24,24,24,24,23,25,24,24,24,25,24,24,26,24,24,24}","{33,115,106,102,96,84,86,87,94,92,92,91,94,94,94,90,98,87,84,92,103,84,88,91,97,94,98,106,94,92,90}","(Gothic Metal) Season's End - The Failing Light - 2005, FLAC (image+.cue), lossless"
4830098,2,1840441,7E9A40B3088C3C0162CD0C8AE9D5715929EBB28B,493854593,1,2026-07-31 02:21:01,5,3,"{7,24,24,24,24,24,24,24,24,24,23,24,24,24,24,24,24,24,24,23,25,24,24,24,25,24,24,26,24,24,24}","{33,112,107,102,96,88,88,87,93,94,89,91,94,94,94,90,98,85,84,92,102,83,88,91,96,94,98,107,92,93,90}","(Progressive Gothic Metal) Enchantya - Dark Rising - 2012, FLAC (image+.cue), lossless"
4830125,2,1840441,F42649DF6020C4A13BD345DF0A32B2043E2F6EA2,326037240,1,2026-07-31 02:21:01,4,3,"{7,24,24,24,24,24,24,24,24,24,23,24,24,24,24,24,24,24,24,23,25,24,24,24,25,24,24,26,24,24,24}","{25,100,92,96,79,72,74,83,83,83,72,82,87,89,81,80,92,76,92,93,100,78,85,79,90,87,92,103,79,99,100}","(Gothic/Doom Metal) Colder Thy Kiss - Into the Mouth of God (EP) - 1999, FLAC (image+.cue), lossless"
4840641,2,1840441,ADB6ACC8B1C6272DEA931FBE6842DE61D4B17F75,152980691,1,2026-07-31 02:21:01,4,3,"{7,24,24,24,24,24,24,24,24,24,23,24,24,24,24,24,24,24,24,23,25,24,24,24,25,24,24,26,24,24,24}","{25,92,83,88,74,73,66,76,73,72,68,82,77,74,76,76,81,70,83,82,93,72,77,73,89,78,86,94,78,85,78}","(Gothic Metal) Scarecrown - 'til the Last Breath (Demo) - 2006, FLAC (image+.cue), lossless"
4840643,2,1840441,FD8200B4A2DD3BF5BD077092A82D1D88AEC463A3,205525393,1,2026-07-31 02:21:01,4,3,"{7,24,24,24,24,24,24,24,24,24,23,24,24,24,24,24,24,24,24,23,25,24,24,24,25,24,24,26,24,24,24}","{25,100,95,95,79,73,75,82,81,81,74,81,87,89,85,78,93,77,93,94,99,77,83,79,90,87,91,104,80,90,80}","(Gothic Metal) Black Elegy - Deconstruct : Reconstruct (EP) - 2009, FLAC (image+.cue), lossless"
4840647,2,1840441,6B33F0360D2A236074CF9BDD5A0033B1DB872535,449889694,1,2026-07-31 02:21:01,4,3,"{7,24,24,24,24,24,24,24,24,24,23,24,24,24,24,24,24,24,24,23,25,24,24,24,25,24,24,26,24,24,24}","{28,92,83,91,74,69,66,76,72,72,69,80,78,72,78,76,81,70,83,82,92,74,76,73,89,81,86,94,79,82,78}","(Electro/Symphonic Metal) The Hourglass - Through Darkness and Light - 2014, FLAC (image+.cue), lossless"
4850202,2,24195726,85C0C7D771E2E7F97B63EC149DB1DD0655EE6626,142058938,1,2026-07-31 02:21:01,4,3,"{7,24,24,24,24,24,24,24,24,24,23,24,24,24,24,24,24,24,24,23,25,24,24,24,25,24,24,26,24,24,24}","{28,96,93,92,82,73,75,80,84,90,81,88,81,79,88,91,85,87,92,82,92,74,82,83,92,85,91,99,87,98,92}","(Epic Gothic Metal) [CD] Winterdome - Moravian (Or A God's Dawn) (EP) - 1998, FLAC (image+.cue), lossless"
4851908,2,2414360,151B1CF59EF7DE8A8FC4E9630D234750A49781AA,28110574,1,2026-07-31 02:21:01,3,3,"{7,24,24,24,24,24,24,24,24,24,23,24,24,24,24,24,24,24,24,23,25,24,24,24,25,24,24,26,24,24,24}","{22,88,84,87,70,72,61,73,76,75,67,77,70,70,70,74,68,72,81,78,86,71,73,72,81,74,94,93,76,76,71}","(Gothic Metal) [WEB] Ruurd Woltring feat. Epica - Forevermore - 2012, FLAC (tracks), lossless"
4852539,2,1840441,83AAC0085FDE21518E3AED50CF8F62241AD49034,214979390,1,2026-07-31 02:21:01,4,3,"{7,24,24,24,24,24,24,24,24,24,23,24,24,24,24,24,24,24,24,23,25,24,24,24,25,24,24,26,24,24,24}","{26,101,91,91,79,70,73,82,76,83,76,83,88,90,83,78,92,78,93,93,99,82,79,78,90,88,91,105,84,87,81}","(Gothic Metal) Autumn - Gallery of Reality (2 Singles) - 2005, FLAC (image+.cue), lossless"
4852710,2,1840441,85C0651C5284921B7A877F4D3315B516F4CA4CBF,388740721,1,2026-07-31 02:21:01,4,3,"{7,24,24,24,24,24,24,24,24,24,23,24,24,24,24,24,24,24,24,23,25,24,24,24,25,24,24,26,24,24,24}","{28,92,83,88,74,72,67,76,70,72,72,83,77,72,76,76,81,70,83,82,92,74,76,73,89,81,86,96,78,80,79}","(Gothic Metal) Morbid Death - Secrets - 2002, FLAC (image+.cue), lossless"
4856597,2,13647582,83FAF35B47EAD948249BD517A701F75E5640B3C6,649913413,1,2026-07-31 02:21:01,3,3,"{7,24,24,24,24,24,24,24,24,24,23,24,24,24,24,24,24,24,24,23,25,24,24,24,25,24,24,26,24,24,24}","{26,98,94,93,73,88,81,76,70,90,69,91,77,85,84,82,93,93,90,72,79,72,67,71,76,80,84,83,65,77,76}","(Melodic Death Metal / Gothic Metal) [CD] Devilment (Cradle Of Filth) - The Great And Secret Show [Limited Edition] - 2014, FLAC (image+.cue), lossless"
4857373,2,1840441,9066FCDF2EF6A462909408380F835F06ADA3D527,470617102,1,2026-07-31 02:21:01,8,4,"{7,24,24,24,24,24,24,24,24,24,23,24,24,24,24,24,24,24,24,23,25,24,24,24,25,24,24,26,24,24,24}","{53,194,191,177,165,158,163,165,149,149,154,159,186,170,158,161,177,162,166,176,187,161,144,141,161,153,164,192,173,172,170}","(Gothic Metal) Autumn - When Lust Evokes the Curse - 2002, FLAC (image+.cue), lossless"
4859501,2,19424258,384C56165BFDDEF3BEA037883BDFF9C0AD965A97,647391656,1,2026-07-31 02:21:01,3,3,"{7,24,24,24,24,24,24,24,24,24,23,24,24,24,24,24,24,24,24,23,25,24,24,24,25,24,24,26,24,24,24}","{23,80,75,77,65,61,60,64,66,78,83,93,81,70,76,74,68,76,87,80,82,76,74,73,91,78,87,78,79,71,84}","(Symphonic Gothic Metal) [CD] Lacrimosa - Echos (CIS Edition) - 2003, FLAC (image+.cue), lossless"
4861488,2,1840441,983685F70A18AEA5A210842CEEF414831F6FE121,382953849,1,2026-07-31 02:21:01,5,3,"{7,24,24,24,24,24,24,24,24,24,23,24,24,24,24,24,24,24,24,23,25,24,24,24,25,24,24,26,24,24,24}","{33,132,107,117,111,101,99,100,110,100,103,104,110,104,108,102,109,96,112,108,114,94,100,109,133,143,142,149,100,106,104}","(Gothic/Doom Metal) Estatic Fear - Somnium Obmutum - 1996, FLAC (image+.cue), lossless"
4861805,2,30179755,A25C2CD28814522A3E8BC8EA2869844BFD485788,490243289,1,2026-07-31 02:21:01,3,3,"{7,24,24,24,24,24,24,24,24,24,23,24,24,24,24,24,24,24,24,23,25,24,24,24,25,24,24,26,24,24,24}","{24,108,103,99,89,83,81,77,90,94,81,91,87,90,83,84,91,89,97,87,98,85,80,91,92,88,94,97,88,90,86}","(Dark Metal) [CD] Triptykon - Melana Chasmata (Ltd. Deluxe CD Box Set) - 2014, APE (image+.cue), lossless"
4862170,2,1840441,27B8C0F5CEEBC9F2AC424F349DFF798944FF0DB2,262710804,1,2026-07-31 02:21:01,4,3,"{7,24,24,24,24,24,24,24,24,24,23,24,24,24,24,24,24,24,24,23,25,24,24,24,25,24,24,26,24,24,24}","{25,92,83,88,74,71,62,76,73,72,71,83,77,71,76,76,81,70,83,82,93,74,74,73,89,78,87,94,81,81,78}","(Gothic/Doom Metal) Vigilia Septima - Drowning (EP) - 2006, FLAC (image+.cue), lossless"
4863763,2,6663218,4A541E08EE00C2B3273B49964F1D228E044E5A2B,442429479,1,2026-07-31 02:21:01,3,3,"{7,24,24,24,24,24,24,24,24,24,23,24,24,24,24,24,24,24,24,23,25,24,24,24,25,24,24,26,24,24,24}","{23,85,96,89,65,63,67,67,62,71,75,96,81,73,64,70,83,95,115,95,98,91,97,87,92,90,96,107,103,89,91}","(Goth Rock) Crematory - Klagebilder Remixcollection - 2006, FLAC (image+.cue), lossless"
4864331,2,4726738,06C2A3EFE4E7EF9C1B98855289FE74FD6DB6FED1,350086693,1,2026-07-31 02:21:01,3,3,"{7,24,24,24,24,24,24,24,24,24,23,24,24,24,24,24,24,24,24,23,25,24,24,24,25,24,24,26,24,24,24}","{26,80,74,77,65,61,59,64,64,67,61,70,57,55,64,67,61,61,71,69,76,70,64,71,77,71,85,76,61,67,63}","(Melodic Gothic Metal) [CD] Agharti - Change - 2013, FLAC (image+.cue), lossless"
4867399,2,1840441,F1D02C51DAB946AA6560A383B39FCBB1D062BB56,348958324,1,2026-07-31 02:21:01,5,3,"{7,24,24,24,24,24,24,24,24,24,23,24,24,24,24,24,24,24,24,23,25,24,24,24,25,24,24,26,24,24,24}","{30,92,83,88,74,73,64,76,75,73,92,92,85,69,79,76,81,70,83,82,92,86,95,91,96,96,98,96,79,84,79}","(Gothic Metal) Ember Sea - Nova - 2013, FLAC (image+.cue), lossless"
4867401,2,1840441,945088720038C4DE04846CB47D58B2C5A35243B3,467451540,1,2026-07-31 02:21:01,4,3,"{7,24,24,24,24,24,24,24,24,24,23,24,24,24,24,24,24,24,24,23,25,24,24,24,25,24,24,26,24,24,24}","{28,92,83,88,77,68,67,76,70,72,72,82,77,71,76,76,81,72,83,82,92,76,74,73,88,78,86,94,78,81,78}","(Symphonic Gothic Metal) Downcast Art - Forbidden Memories - 2011, FLAC (image+.cue), lossless"
4869431,2,18627483,E4399704436881CA06061F19247B7824C9C46F83,131035770,1,2026-07-31 02:21:01,5,3,"{7,24,24,24,24,24,24,24,24,24,23,24,24,24,24,24,24,24,24,23,25,24,24,24,25,24,24,26,24,24,24}","{35,127,106,98,86,97,96,91,94,92,87,91,97,117,102,105,110,96,97,105,118,102,93,101,107,106,115,116,90,91,96}","(Symphonic Metal) [WEB] Within Temptation - And We Run (EP) - 2014, FLAC (tracks), lossless"
4870439,2,4726738,1ADA0D285310EE4947C57DA7E59580040C3EC32C,169605747,1,2026-07-31 02:21:01,5,4,"{7,24,24,24,24,24,24,24,24,24,23,24,24,24,24,24,24,24,24,23,25,24,24,24,25,24,24,26,24,24,24}","{35,120,120,112,97,97,97,97,94,88,91,96,96,96,96,96,96,96,96,92,103,93,87,83,86,85,93,105,96,98,98}","(Gothic Metal) [CD] Where Angels Fall - Dies Irae EP - 2004, FLAC (image+.cue), lossless"
4872610,2,4726738,90D02292C1AA3C8315E03DA0303E4E3B9A134D6E,423646771,1,2026-07-31 02:21:01,5,3,"{7,24,24,24,24,24,24,24,24,24,23,24,24,24,24,24,24,24,24,23,25,24,24,24,25,24,24,26,24,24,24}","{35,108,107,109,76,70,61,74,69,74,79,79,78,60,64,82,83,76,95,86,96,81,81,83,83,82,85,97,76,72,70}","(Progressive/Gothic Metal) [CD] Kingfisher Sky - Arms Of Morpheus - 2014, FLAC (image+.cue), lossless"
4875988,2,4726738,E0CE1AAB79A23EDAA9824BE4CC4D0D1AA2617AA8,1046775089,1,2026-07-31 02:21:01,3,3,"{7,24,24,24,24,24,24,24,24,24,23,24,24,24,24,24,24,24,24,23,25,24,24,24,25,24,24,26,24,24,24}","{23,80,75,77,65,63,57,64,62,68,60,72,57,55,64,67,61,61,71,69,81,68,69,71,75,71,86,76,66,62,63}","(Gothic/Dark Metal) [CD] Sin7sinS - Дискография - 2010-2014, (3 CDs), FLAC (image+.cue), lossless"
4880098,2,25102764,ACFF2A39EBC9A76C33ECB83603B8EB5AD6FC58E1,220218483,1,2026-07-31 02:21:01,5,4,"{7,24,24,24,24,24,24,24,24,24,23,24,24,24,24,24,24,24,24,23,25,24,24,24,25,24,24,26,24,24,24}","{38,120,120,112,97,97,93,98,94,88,93,95,96,96,96,96,96,96,96,92,102,93,83,83,90,85,99,107,99,118,120}","(Atmospheric Gothic Metal) [CD] Demonia - Divine Tragedy (EP) - 1999, FLAC (image+.cue), lossless"
4884763,2,4726738,BAF7270AD21D653D41E9C54F401718CF12881912,4920076215,1,2026-07-31 02:21:01,4,3,"{7,24,24,24,24,24,24,24,24,24,23,24,24,24,24,24,24,24,24,23,25,24,24,24,25,24,24,26,24,24,24}","{36,117,105,90,84,99,103,84,82,89,74,82,111,102,84,90,85,98,95,117,126,110,104,95,111,112,132,130,98,105,106}","(Symphonic Gothic Metal) [CD] Coronatus - Дискография - 2007-2019 (12 CDs), FLAC, WavPack (*.wv) (image+.cue), lossless"
4887888,2,25102764,38D1BD165D8974B960E72908D18842344AE94666,329340347,1,2026-07-31 02:21:01,3,3,"{7,24,24,24,24,24,24,24,24,24,23,24,24,24,24,24,24,24,24,23,25,24,24,24,25,24,24,26,24,24,24}","{24,87,87,77,65,59,52,72,97,92,84,84,59,72,88,93,85,85,95,87,98,81,82,84,91,85,90,101,89,90,90}","(Atmospheric Gothic Metal) [CD] Sonata nocturnA - The Darkest Winter (EP) - 2003, FLAC (image+.cue), lossless"
4889814,2,1840441,8AEF90560272D370FB7AA9B2C127629AF51AC2E5,444593196,1,2026-07-31 02:21:01,9,5,"{7,24,24,24,24,24,24,24,24,24,23,24,24,24,24,24,24,24,24,23,25,24,24,24,25,24,24,26,24,24,24}","{59,215,212,213,207,181,183,200,192,166,165,158,190,171,173,143,165,156,165,156,187,164,134,129,139,147,169,179,157,166,171}","(Gothic Metal) Flowing Tears &amp; Withered Flowers - Swansongs - 1996, FLAC (image+.cue), lossless"
4889817,2,1840441,A965F1678635ABA3E0A193670EEDF24E29FF6BEC,340642784,1,2026-07-31 02:21:01,8,5,"{7,24,24,24,24,24,24,24,24,24,23,24,24,24,24,24,24,24,24,23,25,24,24,24,25,24,24,26,24,24,24}","{52,191,189,198,183,182,180,178,174,157,149,146,178,149,152,149,174,151,155,163,191,149,136,132,137,142,174,179,166,161,177}","(Gothic Metal) Flowing Tears - Jade - 2000, FLAC (image+.cue), lossless"
4889820,2,1840441,03B415C39B047266717F1737E47AE90F4A2EABD8,365457038,1,2026-07-31 02:21:01,7,5,"{7,24,24,24,24,24,24,24,24,24,23,24,24,24,24,24,24,24,24,23,25,24,24,24,25,24,24,26,24,24,24}","{50,186,182,196,183,193,180,178,173,147,143,144,195,165,158,144,159,155,169,187,200,162,145,141,142,144,183,194,167,178,178}","(Gothic Metal) Flowing Tears - Serpentine - 2002, FLAC (image+.cue), lossless"
4891693,2,12063696,9EBDCFAB8304A28BD9B899651F01BE51616E0D01,1008351353,1,2026-07-31 02:21:01,3,3,"{7,24,24,24,24,24,24,24,24,24,23,24,24,24,24,24,24,24,24,23,25,24,24,24,25,24,24,26,24,24,24}","{23,80,75,79,77,90,60,81,76,85,71,76,72,63,86,73,80,71,81,79,89,80,84,84,90,83,94,92,79,89,89}","(Gothic Metal, Black Metal, Avant-Garde Metal) [CD] Hefeystos - Дискография - 1996-1998 (2 CD, 1 EP), FLAC (image+.cue), lossless"
4892905,2,2414360,CCF16B4D1129132DD74F7E7D8F55B3A3BE8DAAB9,1208701846,1,2026-07-31 02:21:01,4,3,"{7,24,24,24,24,24,24,24,24,24,23,24,24,24,24,24,24,24,24,23,25,24,24,24,25,24,24,26,24,24,24}","{30,111,88,101,86,87,79,90,96,92,92,104,86,88,102,108,101,112,116,88,97,94,90,96,103,98,103,113,104,96,99}","(Symphonic Metal) [CD] Within Temptation - Let Us Burn (Elements &amp; Hydra Live in Concert) (Live album) - 2014, FLAC (tracks+.cue), lossless"
4893118,2,1840441,72094B768070D94F3E7C9ACEB959B6B60C0F97AB,306277910,1,2026-07-31 02:21:01,4,3,"{7,24,24,24,24,24,24,24,24,24,23,24,24,24,24,24,24,24,24,23,25,24,24,24,25,24,24,26,24,24,24}","{27,105,90,86,89,77,78,84,100,99,105,102,109,102,97,94,105,98,99,106,101,80,82,86,90,83,88,98,81,87,80}","(Gothic Metal) Sunseth Sphere - Storm Before Silence - 2001, FLAC (image+.cue), lossless"
4896735,2,25428785,373EA0526979D8675BB95D083A646C34C179D6C8,368919604,1,2026-07-31 02:21:01,3,3,"{7,24,24,24,24,24,24,24,24,24,23,24,24,24,24,24,24,24,24,23,25,24,24,24,25,24,24,26,24,24,24}","{23,79,77,77,65,76,73,72,89,97,77,80,86,79,74,76,75,65,62,87,96,79,82,78,81,78,93,100,86,82,80}","(Dark Gothic Metal) [CD] Black Moon Secret - Another World - 2014, FLAC (image+.cue), lossless"
4898507,2,1840441,2AC7782F4C342E679927CCAC9EBAD0C81E2742EA,180029266,1,2026-07-31 02:21:01,4,3,"{7,24,24,24,24,24,24,24,24,24,23,24,24,24,24,24,24,24,24,23,25,24,24,24,25,24,24,26,24,24,24}","{25,93,86,89,79,79,66,80,70,73,75,82,83,71,78,76,83,64,67,85,92,78,75,76,89,87,85,95,83,83,80}","(Gothic/Doom Metal) [WEB] Vigilia Septima - While We Sleep (EP) - 2007, FLAC (tracks), lossless"
4901320,2,9956513,C419BFD1AC52E0198AB053BF163681EA2CE89AA4,424290618,1,2026-07-31 02:21:01,4,3,"{7,24,24,24,24,24,24,24,24,24,23,24,24,24,24,24,24,24,24,23,25,24,24,24,25,24,24,26,24,24,24}","{28,96,99,92,79,76,72,80,84,90,76,85,72,55,75,91,88,85,95,88,97,81,85,84,94,92,93,105,84,98,86}","(Gothic Metal) [CD] EverEve - Seasons (Limited Edition) - 1996, FLAC (image+.cue), lossless"
4901830,2,334202,F9A39FBA3CDCF42E64C53C32874685AEC2ED8B2C,503947561,1,2026-07-31 02:21:01,4,3,"{7,24,24,24,24,24,24,24,24,24,23,24,24,24,24,24,24,24,24,23,25,24,24,24,25,24,24,26,24,24,24}","{28,99,114,110,97,96,87,93,103,91,90,97,90,88,95,98,94,97,86,122,113,87,87,93,107,98,90,109,98,105,98}","(Modern Classical, Goth Rock, Symphonic Gothic Metal) [CD] Lacrimosa - Echos - 2003 (1st Press), FLAC (image+.cue), lossless"
4901981,2,18627483,003DD73749E4842649970A84DC13CDD815AA5BBD,101926661,1,2026-07-31 02:21:01,8,4,"{7,24,24,24,24,24,24,24,24,24,23,24,24,24,24,24,24,24,24,23,25,24,24,24,25,24,24,26,24,24,24}","{56,178,171,161,130,141,137,131,129,129,124,127,145,148,131,127,132,138,127,140,156,144,123,130,135,129,159,163,124,127,131}","(Symphonic Gothic Metal) [WEB] Within Temptation - Whole World Is Watching (EP) - 2014, FLAC (tracks), lossless"
4906968,2,13425447,05D9177CC3C068640DD56A1C560666BBA960F4F6,387321237,1,2026-07-31 02:21:01,4,3,"{7,24,24,24,24,24,24,24,24,24,23,24,24,24,24,24,24,24,24,23,25,24,24,24,25,24,24,26,24,24,24}","{28,102,99,97,85,76,85,83,86,90,84,96,84,79,93,99,82,90,92,91,103,79,86,85,94,87,89,103,89,90,87}","(Gothic Metal) [WEB] Tristania - Rubicon (With exclusive track Caprice) - 2010, FLAC (tracks), lossless"
4907115,2,13425447,7F36376373DA4F4FB1B978D2F4FBA430C9A4B2AA,202962073,1,2026-07-31 02:21:01,6,3,"{7,24,24,24,24,24,24,24,24,24,23,24,24,24,24,24,24,24,24,23,25,24,24,24,25,24,24,26,24,24,24}","{42,167,147,133,129,131,144,138,128,135,134,122,142,140,115,117,135,133,141,130,130,113,112,116,141,127,129,138,116,112,120}","(Gothic Rock, Gothic Metal) [WEB] NeraNature - Disorders - 2014, FLAC (tracks), lossless"
4911006,2,2955262,89CEA9D64A024D0EA580661EFE175D848E26F461,60847350,1,2026-07-31 02:21:01,3,3,"{7,24,24,24,24,24,24,24,24,24,23,24,24,24,24,24,24,24,24,23,25,24,24,24,25,24,24,26,24,24,24}","{23,89,80,86,71,66,63,72,65,76,72,78,66,58,68,78,81,71,92,80,82,74,72,72,75,74,90,87,83,66,74}","(Love Metal) [CDS] Feiled - Lost - 2005, FLAC (image+.cue), lossless"
4914308,8,6621436,C7CB3705DF3194A44942EA7A6A7D2E477976B4BA,354080542,1,2026-07-31 02:21:01,5,3,"{7,24,24,24,24,24,24,24,24,24,23,24,24,24,24,24,24,24,24,23,25,24,24,24,25,24,24,26,24,24,24}","{35,123,124,107,95,100,81,97,109,99,86,93,80,93,90,93,90,88,105,92,107,83,94,85,91,94,96,104,89,90,95}","(Dark Epic/Gothic Metal) Valkiria - Here The Day Comes - 2012, FLAC (image+.cue), lossless"
4919005,2,2414360,556BDB36E7D917D6A6B75AA76268D7F4A76A5B26,36978841,1,2026-07-31 02:21:01,6,3,"{7,24,24,24,24,24,24,24,24,24,23,24,24,24,24,24,24,24,24,23,25,24,24,24,25,24,24,26,24,24,24}","{39,137,142,132,112,112,105,114,112,113,110,103,115,112,115,85,61,61,71,69,74,70,73,95,92,85,92,102,90,89,85}","(Gothic Metal / Symphonic Power Metal) [WEB] Krypteria - Canon Rock (Single) - 2011, FLAC (tracks), lossless"
4925008,2,4726738,AC6BF1D8A89FA859CBE8A8463E95CDC3FA11DB2A,962366911,1,2026-07-31 02:21:01,4,3,"{7,24,24,24,24,24,24,24,24,24,23,24,24,24,24,24,24,24,24,23,25,24,24,24,25,24,24,26,24,24,24}","{28,96,96,92,77,79,80,80,84,90,84,96,82,82,88,91,85,85,95,86,99,83,81,83,92,85,87,82,68,94,87}","(Gothic Metal, Darkwave, NDH) [CD] Umbra Et Imago - Die Unsterblichen - Eine Neo-gotische Oper In Drei Akten - 2015, FLAC (image+.cue), lossless"
4926688,2,1840441,142216622C1A2EC1929194C8A98F5CD3581F6DAC,256946985,1,2026-07-31 02:21:01,4,3,"{7,24,24,24,24,24,24,24,24,24,23,24,24,24,24,24,24,24,24,23,25,24,24,24,25,24,24,26,24,24,24}","{28,93,88,89,79,74,66,80,72,74,77,83,84,71,78,76,83,64,67,85,93,78,74,75,89,83,86,92,84,78,80}","(Gothic/Doom Metal) [WEB] Silence After Funeral - Where the Serpents Grow - 2013, FLAC (tracks), lossless"
4926690,2,1840441,E19143FC8C38BCD13BFD3A2CC94B9EFDEC66B6C1,115046346,1,2026-07-31 02:21:01,4,3,"{7,24,24,24,24,24,24,24,24,24,23,24,24,24,24,24,24,24,24,23,25,24,24,24,25,24,24,26,24,24,24}","{28,92,85,88,78,77,66,81,73,75,75,84,81,71,77,76,82,63,66,85,94,77,75,74,89,86,85,95,84,83,80}","(Gothic/Doom Metal) [WEB] Silence After Funeral - Majestic (EP) - 2015, FLAC (tracks), lossless"
4927287,2,18627483,ECA9724864012194AD4D78AFF3C13E2200B32163,469234479,1,2026-07-31 02:21:01,3,3,"{7,24,24,24,24,24,24,24,24,24,23,24,24,24,24,24,24,24,24,23,25,24,24,24,25,24,24,26,24,24,24}","{23,80,75,77,65,63,56,71,69,68,61,69,57,55,64,67,61,61,71,69,76,69,67,71,75,71,84,76,66,65,63}","(Gothic Metal/Melodic Death) Luna Obscura - Discography - 2004-2008, (2 CD), FLAC (tracks+.cue), lossless"
4938416,2,1840441,2D50F8A8189532C5D73B830DCCC71128199E0B0F,355756941,1,2026-07-31 02:21:01,5,3,"{7,24,24,24,24,24,24,24,24,24,23,24,24,24,24,24,24,24,24,23,25,24,24,24,25,24,24,26,24,24,24}","{33,110,107,102,96,88,79,87,92,92,90,92,94,103,94,90,98,85,84,92,114,97,91,91,94,94,97,106,91,93,90}","(Avantgarde Gothic Metal) Cantata Sangui - On Rituals and Correspondence in Constructed Realities - 2009, FLAC (image+.cue), lossless"
4939164,2,1840441,6FE2CA353BC2F0EC96718BE8669A41DFE3E316CB,461277606,1,2026-07-31 02:21:01,4,3,"{7,24,24,24,24,24,24,24,24,24,23,24,24,24,24,24,24,24,24,23,25,24,24,24,25,24,24,26,24,24,24}","{27,96,109,154,140,127,110,108,136,119,108,124,140,129,135,94,87,99,125,135,139,117,110,94,129,138,129,141,130,136,115}","(Gothic Metal) Trail of Tears - A New Dimension of Might - 2002, FLAC (image+.cue), lossless"
4942534,8,2414360,65A3339B878FAAE9871B369F7C8E69ABF706E97A,233230513,1,2026-07-31 02:21:01,4,3,"{7,24,24,24,24,24,24,24,24,24,23,24,24,24,24,24,24,24,24,23,25,24,24,24,25,24,24,26,24,24,24}","{28,101,96,94,79,75,73,77,79,90,82,96,81,79,88,93,84,85,95,87,98,76,78,75,92,85,90,92,82,79,82}","(Gothic Metal) [CD] Leaves' Eyes - Legend Land (EP) - 2006, FLAC (tracks+.cue), lossless"
4942542,2,2414360,64C568B6591BE2A1E3976CD8BC46559C1120A8F1,187972083,1,2026-07-31 02:21:01,6,4,"{7,24,24,24,24,24,24,24,24,24,23,24,24,24,24,24,24,24,24,23,25,24,24,24,25,24,24,26,24,24,24}","{47,157,147,147,123,121,118,93,101,101,96,121,105,96,96,96,97,117,127,127,133,106,96,97,124,117,98,122,124,113,130}","(Gothic Metal) [CD] Leaves' Eyes - My Destiny (EP) - 2009, APE (image+.cue), lossless"
4943342,8,22429312,EF0D7C0B78FAB39311AA66E4D43C5CADD4047C56,67313837,1,2026-07-31 02:21:01,4,3,"{7,24,24,24,24,24,24,24,24,24,23,24,24,24,24,24,24,24,24,23,25,24,24,24,25,24,24,26,24,24,24}","{33,118,126,118,111,92,77,72,69,85,76,101,94,83,91,84,87,95,86,96,109,82,76,93,116,104,102,97,97,101,99}","(Symphonic metal) [CDS] Xandria - In Love With The Darkness - 2005, FLAC (image+.cue), lossless"
4943673,2,6474837,8976CB6FA8C574DDBE348872A440C3AD20E0303E,375550431,1,2026-07-31 02:21:01,4,3,"{7,24,24,24,24,24,24,24,24,24,23,24,24,24,24,24,24,24,24,23,25,24,24,24,25,24,24,26,24,24,24}","{28,96,93,77,72,75,62,80,84,74,61,72,57,55,64,75,67,61,71,69,78,70,67,71,75,75,86,87,66,73,78}","(Melodic Dark Metal) [CD] Vanitas - Vereinsamt - Promotion '99 - 1999, FLAC (image+.cue), lossless"
4945543,8,2414360,778149DF63742D057E7769549A9687D5EC503088,1081554136,1,2026-07-31 02:21:01,5,4,"{7,24,24,24,24,24,24,24,24,24,23,24,24,24,24,24,24,24,24,23,25,24,24,24,25,24,24,26,24,24,24}","{38,150,144,139,121,129,130,137,117,113,123,117,144,141,113,121,124,134,133,139,144,120,104,102,101,109,137,159,134,139,127}","(Gothic/Folk Metal) [CD] Lyriel - Коллекция (3 CD) - 2009, FLAC (tracks+.cue), lossless"
4948684,2,32794053,1A96F864BC257E1439B85A430FA1A1CA888AD924,2329824778,1,2026-07-31 02:21:01,5,3,"{7,24,24,24,24,24,24,24,24,24,23,24,24,24,24,24,24,24,24,23,25,24,24,24,25,24,24,26,24,24,24}","{42,145,153,219,226,230,184,185,218,240,200,216,236,204,216,177,151,188,239,225,229,182,176,171,224,232,229,236,219,226,198}","(Symphonic Gothic/Black Metal) [CD] Trail of Tears - Collection: 1998-2013, FLAC (image+.cue), lossless"
4951328,2,2414360,D715BCF0A66F06FABD2970EF3B8CC64BC6CD79F4,49125890,1,2026-07-31 02:21:01,5,4,"{7,24,24,24,24,24,24,24,24,24,23,24,24,24,24,24,24,24,24,23,25,24,24,24,25,24,24,26,24,24,24}","{35,120,120,116,114,115,108,112,112,114,101,108,109,107,110,111,109,112,113,107,112,102,109,108,119,112,123,117,103,104,107}","(Gothic Metal, Alternative Metal) [WEB] Lacuna Coil - Fire (Single) - 2012, FLAC (tracks), lossless"
4951335,2,2414360,B4AAE75A6D06458ACAD58E02E6E6572611FC1CE0,197889206,1,2026-07-31 02:21:01,7,4,"{7,24,24,24,24,24,24,24,24,24,23,24,24,24,24,24,24,24,24,23,25,24,24,24,25,24,24,26,24,24,24}","{49,168,163,153,119,138,145,147,145,145,137,142,162,170,142,143,146,169,178,174,190,162,129,137,149,167,199,205,166,167,175}","(Symphonic Metal) [WEB] Within Temptation - Sinead (Single) - 2011, FLAC (tracks), lossless"
4953124,2,13621184,E0C12E171FAA6CFF798327C425C2AACD0F09C64F,801576117,1,2026-07-31 02:21:01,3,3,"{7,24,24,24,24,24,24,24,24,24,23,24,24,24,24,24,24,24,24,23,25,24,24,24,25,24,24,26,24,24,24}","{23,80,77,77,68,68,61,69,64,68,65,73,60,55,66,67,62,63,77,76,75,71,68,73,75,72,85,76,70,65,68}","(Industrial Blackened Gothic Metal) Carrier Flux - 3 CD (2000 - Introspective Nightmare; 2002 - In Waste; 2013 - Objection), FLAC (image+.cue), lossless"
4953530,2,32794010,45D29DC5E7489CB997DD60B6B705D38D1D49DA3A,397307476,1,2026-07-31 02:21:01,5,4,"{7,24,24,24,24,24,24,24,24,24,23,24,24,24,24,24,24,24,24,23,25,24,24,24,25,24,24,26,24,24,24}","{35,120,127,109,94,82,72,98,108,97,88,97,85,82,88,87,76,76,87,101,92,83,86,85,93,86,115,107,96,99,95}","(Gothic Metal) [CD] To/Die/For - IV (Japanese Edition WBEX-25006) - 2005, FLAC (image+.cue), lossless"
4954160,2,6474837,9E4A9A95D3CD49354393AFE5AF563F2CB671E029,517455421,1,2026-07-31 02:21:01,3,3,"{7,24,24,24,24,24,24,24,24,24,23,24,24,24,24,24,24,24,24,23,25,24,24,24,25,24,24,26,24,24,24}","{23,80,74,77,65,64,51,62,64,68,60,72,57,55,64,67,61,61,71,69,76,71,68,71,75,71,85,76,62,63,63}","(Gothic metal) [CD] Adversus - Einer Nacht Gewesenes - 2005, FLAC (image+.cue), lossless"
4956786,2,6390063,614471A18D2881BCA1CF6D26F92F9C63FC797C4A,197899231,1,2026-07-31 02:21:01,6,4,"{7,24,24,24,24,24,24,24,24,24,23,24,24,24,24,24,24,24,24,23,25,24,24,24,25,24,24,26,24,24,24}","{42,138,162,150,120,121,95,94,98,123,119,142,162,136,136,128,122,129,125,119,149,134,136,145,151,131,158,198,147,129,116}","(Gothic Metal) [CD] Crematory - Fly (Single) - 1999, FLAC (image+.cue), lossless"
4959122,2,25102764,EEA069FB72E2EAB7EA9A2F81ABA5E5F83CBC3D48,692121432,1,2026-07-31 02:21:01,3,3,"{7,24,24,24,24,24,24,24,24,24,23,24,24,24,24,24,24,24,24,23,25,24,24,24,25,24,24,26,24,24,24}","{23,80,74,77,65,60,56,67,64,68,60,71,57,55,64,67,61,61,71,69,75,70,65,71,75,71,85,79,64,65,63}","(Darkwave / Neoclassical / Dark Metal) [CD] Dreamlike Horror - Delightful Suicides - 2005, FLAC (image+.cue), lossless"
4959126,2,25102764,D0C32A97CCB9CFE5D81613B3C21CCBB7C7FD40A1,429431597,1,2026-07-31 02:21:01,5,4,"{7,24,24,24,24,24,24,24,24,24,23,24,24,24,24,24,24,24,24,23,25,24,24,24,25,24,24,26,24,24,24}","{35,130,123,105,85,81,93,95,96,103,95,102,81,81,93,94,89,99,91,92,97,78,81,88,91,91,96,103,90,98,87}","(Orchestral Gothic Doom Metal) [CD] En-Garde - Forgotten Memories (Compilation) - 2003, FLAC (image+.cue), lossless"
4960777,2,15199707,DC49ECA3F1A565C08E9BF648968DCC1EE62E9604,624271890,1,2026-07-31 02:21:01,8,3,"{7,24,24,24,24,24,24,24,24,24,23,24,24,24,24,24,24,24,24,23,25,24,24,24,25,24,24,26,24,24,24}","{66,231,228,201,184,175,173,164,156,165,171,159,188,161,158,160,150,165,172,181,188,155,144,150,150,143,167,172,136,135,157}","(Gothic Metal, Darkwave) Mantus - Melancholia [Trisol Music Group – TRI 507 CD] - 2015, FLAC (image+.cue), lossless"
4960900,2,25428785,812343097B87152DCF3EC667DE1A9DA30FADDC49,522604074,1,2026-07-31 02:21:01,3,3,"{7,24,24,24,24,24,24,24,24,24,23,24,24,24,24,24,24,24,24,23,25,24,24,24,25,24,24,26,24,24,24}","{23,80,75,77,65,58,59,64,64,67,61,72,57,55,64,67,61,61,71,69,75,68,70,71,75,71,85,76,67,63,63}","(Symphonic Gothic Metal) [CD] Whyzdom - Symphony for a Hopeless God - 2015, FLAC (image+.cue), lossless"
4974297,2,20826951,3A9A67B25E655F1AC5438998DC82563FED90F920,301548327,1,2026-07-31 02:21:01,3,3,"{7,24,24,24,24,24,24,24,24,24,23,24,24,24,24,24,24,24,24,23,25,24,24,24,25,24,24,26,24,24,24}","{23,80,75,77,65,61,54,64,64,67,70,73,57,55,64,67,61,61,71,69,75,69,69,71,75,71,86,78,64,66,63}","(Latin, Gothic, Metal) [CD] Anabantha - Letanias: Capitulo III - 2005, FLAC (image+.cue), lossless"
4974524,2,6474837,390708B945C1A34007B97260A2CDF082EFF4727E,447119127,1,2026-07-31 02:21:01,3,3,"{7,24,24,24,24,24,24,24,24,24,23,24,24,24,24,24,24,24,24,23,25,24,24,24,25,24,24,26,24,24,24}","{23,80,74,77,65,60,59,64,64,68,60,70,57,55,64,67,61,61,71,69,76,71,68,71,75,71,86,76,63,64,63}","(Symphonic Gothic Metal) [CD] Sylver Myst - Emotions Revealed - 2006, FLAC (image+.cue), lossless"
4976324,2,17610708,7DD4BCFB2FF53956DA68D2CA674AEEBBCABD8D9A,802860969,1,2026-07-31 02:21:01,8,4,"{7,24,24,24,24,24,24,24,24,24,23,24,24,24,24,24,24,24,24,23,25,24,24,24,25,24,24,26,24,24,24}","{62,233,250,241,250,232,229,217,221,232,211,241,283,255,206,233,219,189,207,236,257,202,169,200,186,185,206,212,160,171,173}","(Gothic metal, darkwave) [CD] Mantus - Portrait aus Wut und Trauer + Grenzland (Limited Edition 2 CD) - 2014, FLAC (image+.cue), lossless"
4982406,2,6474837,8FC87496B25830579E5F54FBA2C573C36D0B0AF6,156821775,1,2026-07-31 02:21:01,3,3,"{7,24,24,24,24,24,24,24,24,24,23,24,24,24,24,24,24,24,24,23,25,24,24,24,25,24,24,26,24,24,24}","{23,82,96,89,65,60,53,64,62,71,75,94,81,70,64,67,61,67,91,82,93,74,84,83,92,85,95,105,96,92,86}","(Industrial/Gothic Metal) [CD] Crematory - Limited DJ Club-CD [EP] - 1998, FLAC (image+.cue), lossless"
4982989,2,6474837,65AF18025306FCE2BB8656560B6F3481D341FBDF,275755234,1,2026-07-31 02:21:01,4,3,"{7,24,24,24,24,24,24,24,24,24,23,24,24,24,24,24,24,24,24,23,25,24,24,24,25,24,24,26,24,24,24}","{28,106,110,111,89,113,106,91,100,111,101,104,130,133,99,100,94,102,99,108,114,107,105,96,101,108,126,161,138,126,126}","(Gothic Folk Metal) [CD] Lyriel - Leverage - 2012, FLAC (image+.cue), lossless"
4983051,2,25102764,7949F06E0D60318C8DCB4ED5750A982AFF014DB5,336517060,1,2026-07-31 02:21:01,4,3,"{7,24,24,24,24,24,24,24,24,24,23,24,24,24,24,24,24,24,24,23,25,24,24,24,25,24,24,26,24,24,24}","{28,100,110,96,68,77,88,82,94,91,92,91,83,95,96,100,102,99,95,85,99,90,82,77,98,93,91,99,96,97,87}","(Symphonic Black / Gothic Metal) [CDR] Deborah - The Song Of Deborah - 2002, FLAC (image+.cue), lossless"
4983978,2,12063696,66F888C59ADC40006DEC80AE35FD0C3D4B7A1B9A,3128272177,1,2026-07-31 02:21:01,6,4,"{7,24,24,24,24,24,24,24,24,24,23,24,24,24,24,24,24,24,24,23,25,24,24,24,25,24,24,26,24,24,24}","{47,180,183,175,169,171,138,165,173,161,151,150,162,139,170,143,162,156,172,158,160,181,148,163,183,170,166,160,168,176,172}","(Gothic Metal) [CD] Dreadful Shadows - Дискография - 1994-1999 (10 релизов), FLAC (image+.cue), lossless"
4993744,2,2414360,5913B0119DFBBF09ED96FC540FB2B4BB6469F846,254448732,1,2026-07-31 02:21:01,4,3,"{7,24,24,24,24,24,24,24,24,24,23,24,24,24,24,24,24,24,24,23,25,24,24,24,25,24,24,26,24,24,24}","{28,96,96,92,77,72,73,94,108,98,85,96,81,79,84,91,85,76,95,92,100,92,94,96,100,96,97,102,87,92,87}","(Gothic/Alternative Rock) [CD] Anette Olzon - Shine - 2014, FLAC (tracks+.cue), lossless"
4999566,2,1840441,C02451890B024855E2E23704B18765FEB161184A,158721051,1,2026-07-31 02:21:01,4,3,"{7,24,24,24,24,24,24,24,24,24,23,24,24,24,24,24,24,24,24,23,25,24,24,24,25,24,24,26,24,24,24}","{25,92,85,88,74,69,63,76,72,73,71,83,77,71,79,76,81,70,83,82,93,73,75,73,89,77,85,95,82,84,80}","(Neoclassical Gothic/Doom Metal) Lanthanein - Nocturnalgica (EP) - 2015, FLAC (image+.cue), lossless"
5000265,2,32794010,37F56982F3B567D8E0CBEFBF00D07FA5B06AAD7C,629802377,1,2026-07-31 02:21:01,5,4,"{7,24,24,24,24,24,24,24,24,24,23,24,24,24,24,24,24,24,24,23,25,24,24,24,25,24,24,26,24,24,24}","{38,130,136,125,125,131,127,109,103,110,102,119,131,128,107,109,106,110,122,133,121,106,102,108,109,125,145,139,112,113,103}","(Symphonic Gothic Metal) [CD] Whyzdom - Symphony For A Hopeless God (Japanese Edition) - 2015, FLAC (image+.cue), lossless"
5000536,2,1840441,B6B3C27A224B95444F9F1ADF3D6496BB8BD805CA,412688019,1,2026-07-31 02:21:01,5,4,"{7,24,24,24,24,24,24,24,24,24,23,24,24,24,24,24,24,24,24,23,25,24,24,24,25,24,24,26,24,24,24}","{34,129,129,116,110,106,93,101,101,98,94,96,124,117,106,102,107,105,99,112,123,100,101,103,109,112,118,122,100,112,96}","(Symphonic Gothic Metal) Katra - Beast Within - 2008, FLAC (image+.cue), lossless"
5000541,2,1840441,1BFDEC85EB49B0B4F806FE7869C8DC132FC11F8A,432446778,1,2026-07-31 02:21:01,5,3,"{7,24,24,24,24,24,24,24,24,24,23,24,24,24,24,24,24,24,24,23,25,24,24,24,25,24,24,26,24,24,24}","{33,117,114,110,106,104,96,91,94,101,94,101,111,111,101,96,99,91,90,110,108,92,93,98,99,103,109,122,96,114,90}","(Gothic Metal) Unsun - The End of Life - 2008, FLAC (image+.cue), lossless"
5001974,2,32794010,B53EDC315EC6188DA0EF70FAC4CDC471B0A6966B,605210922,1,2026-07-31 02:21:01,4,3,"{7,24,24,24,24,24,24,24,24,24,23,24,24,24,24,24,24,24,24,23,25,24,24,24,25,24,24,26,24,24,24}","{32,111,111,104,84,93,77,95,91,98,84,78,59,81,92,92,85,97,103,71,96,80,81,83,92,82,103,105,89,91,87}","(Symphonic/Gothic Metal) [CD] Sirenia - The Seventh Life Path (Limited Digipak) - 2015, FLAC (image+.cue), lossless"
5002077,2,29075857,5DD4D25BDF3FFE01C1D221BF3D3C6C0DB40FB3D6,425670169,1,2026-07-31 02:21:01,4,3,"{7,24,24,24,24,24,24,24,24,24,23,24,24,24,24,24,24,24,24,23,25,24,24,24,25,24,24,26,24,24,24}","{31,117,107,110,89,99,90,88,100,94,87,95,87,93,94,93,91,100,100,95,94,78,85,89,101,92,97,97,89,88,84}","(Gothic Metal) [CD] Havayoth - His Creation Reversed (Japanese Edition) - 2000, FLAC (image+.cue), lossless"
5009594,2,6621436,B862EB34FF8580C81219D552A9518332A2BAB842,485023298,1,2026-07-31 02:21:01,5,4,"{7,24,24,24,24,24,24,24,24,24,23,24,24,24,24,24,24,24,24,23,25,24,24,24,25,24,24,26,24,24,24}","{38,120,120,112,97,95,91,97,94,88,93,96,97,96,96,96,96,96,96,95,122,90,82,83,90,85,96,105,97,96,96}","(Symphonic Dark/Industrial/Gothic Metal) W.E.B. - For Bidens - 2014, FLAC (image+.cue), lossless"
5014263,8,6663218,A084FB37F1E0FA7E989F5393B5AA6D50C724E355,297652092,1,2026-07-31 02:21:01,3,3,"{7,24,24,24,24,24,24,24,24,24,23,24,24,24,24,24,24,24,24,23,25,24,24,24,25,24,24,26,24,24,24}","{23,80,77,77,67,66,59,69,64,68,66,73,62,55,66,67,63,64,77,77,75,71,70,73,75,71,85,76,73,65,70}","(Melodic Gothic Metal) Diminished 7 - The Regal Chapters - 2014, FLAC (tracks), lossless"
5014650,2,30422594,C8D770E1DBAFDBBEE95E9951A57ABA6932850585,523219535,1,2026-07-31 02:21:01,4,3,"{7,24,24,24,24,24,24,24,24,24,23,24,24,24,24,24,24,24,24,23,25,24,24,24,25,24,24,26,24,24,24}","{29,104,101,101,85,76,82,89,86,97,97,121,113,111,105,102,110,111,120,117,120,104,96,100,115,127,115,125,101,102,112}","(Avant-Garde, Doom, Gothic Metal) [CD] &#214;xx&#246; X&#246;&#246;x - N&#228;m&#239;d&#228;&#235; (Oxxo Xoox - Namidae) - 2015 [BLOOD-091], FLAC (tracks+.cue), lossless"
5018831,2,6474837,A083C5582E58E6F4F01345B33E3BED7FAA8442E6,146743527,1,2026-07-31 02:21:01,4,3,"{7,24,24,24,24,24,24,24,24,24,23,24,24,24,24,24,24,24,24,23,25,24,24,24,25,24,24,26,24,24,24}","{28,103,120,109,77,74,70,80,84,71,74,96,81,70,64,67,81,91,114,95,98,89,93,98,99,104,101,105,96,93,87}","(Industrial/Gothic Metal) [CD] Crematory - Limited DJ Club-CD [MCD] - 2000, FLAC (image+.cue), lossless"
5024465,2,19588415,5338FDC041AF251D35756C7CE96960FE6D2DBD9F,113995631,1,2026-07-31 02:21:01,4,3,"{7,24,24,24,24,24,24,24,24,24,23,24,24,24,24,24,24,24,24,23,25,24,24,24,25,24,24,26,24,24,24}","{26,118,110,121,84,95,104,109,113,102,88,113,95,114,126,96,80,79,88,83,94,80,93,95,101,94,109,122,97,105,106}","(Gothic Metal) [CDS] Sundown - Halo - 1999, FLAC (image+.cue), lossless"
5024658,2,25102764,9805F9CEE456A2A7F59E8E88F242EB0C64E8D323,607200095,1,2026-07-31 02:21:01,3,3,"{7,24,24,24,24,24,24,24,24,24,23,24,24,24,24,24,24,24,24,23,25,24,24,24,25,24,24,26,24,24,24}","{26,80,74,77,65,62,55,64,62,68,61,69,57,55,64,67,61,61,71,69,76,70,69,71,75,71,85,76,67,65,63}","(Gothic Dark Metal) [CD] Godlethe - Last Breath Of Beauty - 2001, FLAC (image+.cue), lossless"
5027383,2,1439008,4AC5438D0CFC7B3BED82C31D5E282D3FB433363F,2763074936,1,2026-07-31 02:21:01,4,4,"{7,24,24,24,24,24,24,24,24,24,23,24,24,24,24,24,24,24,24,23,25,24,24,24,25,24,24,26,24,24,24}","{30,123,120,116,108,123,121,137,124,161,135,142,166,162,161,167,148,152,146,144,166,148,125,143,141,179,186,194,155,142,135}","(Gothic Metal) [CD] Poisonblack - Japanese Editions Collection - 2003-2013, FLAC (image+.cue), lossless"
5027965,8,1981103,DE7EB9F4A8C6440BAD4A1606DF4489A2441C332C,708802046,1,2026-07-31 02:21:01,4,3,"{7,24,24,24,24,24,24,24,24,24,23,24,24,24,24,24,24,24,24,23,25,24,24,24,25,24,24,26,24,24,24}","{33,159,172,140,115,114,110,99,100,102,103,110,112,97,111,104,99,96,94,101,108,103,90,78,91,90,93,99,92,84,86}","(Gothic Metal) The Sirens - Live in Harmonie (Liv Kristine, Anneke van Giersbergen &amp; Kari Ruesletten (RueslAtten), bootleg) - 2014, FLAC (tracks), lossless"
5028502,2,1840441,C523185B5E0488AE6A1BAA1C2B7200F2C8D740FA,222901487,1,2026-07-31 02:21:01,5,3,"{7,24,24,24,24,24,24,24,24,24,23,24,24,24,24,24,24,24,24,23,25,24,24,24,25,24,24,26,24,24,24}","{32,112,108,102,97,86,85,76,73,73,75,91,87,71,76,76,81,80,86,93,103,73,74,74,97,95,87,94,96,94,94}","(Gothic Metal) [WEB] Mutum - Sua Nostalgia (Demo) - 2004, FLAC (tracks), lossless"
5030697,2,11033291,3E4044A7895F43B503017375757B8DF47B3BF218,284083694,1,2026-07-31 02:21:01,4,4,"{7,24,24,24,24,24,24,24,24,24,23,24,24,24,24,24,24,24,24,23,25,24,24,24,25,24,24,26,24,24,24}","{28,96,96,92,79,72,76,80,84,90,82,96,80,79,88,91,85,85,95,87,77,75,83,85,92,85,91,102,91,87,68}","(Gothic/Power Metal/Female Vocal) [CD] Renascimento - Great Wall - 2012, FLAC (image+.cue), lossless"
5032860,2,25428785,E90465B866AAC16EF99859681FF6F49894F177DC,325624612,1,2026-07-31 02:21:01,5,3,"{7,24,24,24,24,24,24,24,24,24,23,24,24,24,24,24,24,24,24,23,25,24,24,24,25,24,24,26,24,24,24}","{35,124,123,116,96,96,78,108,118,132,102,103,106,110,105,109,91,96,98,108,99,94,91,93,96,90,116,115,107,98,99}","(Gothic Metal) [CD] To/Die/For - Cult - 2015, FLAC (image+.cue), lossless"
5037678,2,1840441,0197A6C649CFCF0DD32352165F048B0715217655,908128517,1,2026-07-31 02:21:01,4,3,"{7,24,24,24,24,24,24,24,24,24,23,24,24,24,24,24,24,24,24,23,25,24,24,24,25,24,24,26,24,24,24}","{25,92,85,95,74,71,65,78,76,72,72,79,77,71,79,76,81,77,87,83,93,73,74,73,90,79,84,95,79,87,80}","(Symphonic Gothic Metal) Whispering Woods - Discography (2011-2015) 2 CD, FLAC (image+.cue), lossless"
5042003,2,35731539,9900047831B7AF9A98C8AAB5CB133CC5080664C3,920540976,1,2026-07-31 02:21:01,4,4,"{7,24,24,24,24,24,24,24,24,24,23,24,24,24,24,24,24,24,24,23,25,24,24,24,25,24,24,26,24,24,24}","{28,98,107,92,78,74,68,84,90,89,91,97,90,81,93,92,89,86,95,88,96,82,86,82,107,85,98,102,92,94,89}","(Gothic Metal/Love Metal) Icon &amp; The Black Roses - Дискография - 2004-2014, FLAC (tracks+.cue), lossless"
5042280,2,1840441,B248255A4E02CC173747625C17B04A0BA989B2B3,1871636226,1,2026-07-31 02:21:01,11,4,"{7,24,24,24,24,24,24,24,24,24,23,24,24,24,24,24,24,24,24,23,25,24,24,24,25,24,24,26,24,24,24}","{74,243,251,254,242,254,228,221,223,203,197,235,288,230,231,265,242,241,254,251,271,216,198,228,233,247,257,253,226,262,227}","(Gothic/Folk Metal) Midnattsol - Discography (2005-2018) 4 CD, FLAC (image+.cue), lossless"
5045374,2,1840441,A574336BB90E4A475BD1B7E4219AF7FBFCF10AF9,138840179,1,2026-07-31 02:21:01,4,3,"{7,24,24,24,24,24,24,24,24,24,23,24,24,24,24,24,24,24,24,23,25,24,24,24,25,24,24,26,24,24,24}","{25,95,83,88,77,67,66,76,73,73,70,80,81,71,76,76,81,70,83,82,91,75,77,73,87,78,86,94,82,82,78}","(Gothic Metal) [WEB] Forget My Pain - Moonless (EP) - 2015, FLAC (tracks), lossless"
5045380,2,1840441,4968D591A172A71715A7AC3D693CF159BC3C1F32,267845363,1,2026-07-31 02:21:01,4,3,"{7,24,24,24,24,24,24,24,24,24,23,24,24,24,24,24,24,24,24,23,25,24,24,24,25,24,24,26,24,24,24}","{25,93,86,89,82,76,65,80,75,72,76,79,81,71,78,76,83,64,67,85,93,83,78,75,89,85,86,94,82,83,80}","(Symphonic Gothic Metal) [WEB] Whispers of Fate - Embrace My Winter - 2010, FLAC (tracks), lossless"
5050779,2,6621436,F6820809F72FFF312A0A3ACB447377CBFBECBE23,477788501,1,2026-07-31 02:21:01,3,3,"{7,24,24,24,24,24,24,24,24,24,23,24,24,24,24,24,24,24,24,23,25,24,24,24,25,24,24,26,24,24,24}","{26,100,99,90,69,62,72,74,76,88,74,82,74,78,78,76,78,73,89,85,101,79,81,86,92,87,85,98,77,75,75}","(Gothic/Doom/Death Metal) Eternal Mourning - The Resident Sadness - 2003, FLAC (image+.cue), lossless"
5051520,2,15274519,D38D370968817C3CECCBF0E7EE7C8DB2AEDD6951,352982342,1,2026-07-31 02:21:01,3,3,"{7,24,24,24,24,24,24,24,24,24,23,24,24,24,24,24,24,24,24,23,25,24,24,24,25,24,24,26,24,24,24}","{23,80,74,77,65,59,55,64,64,68,60,71,57,55,64,67,61,61,71,69,76,70,68,76,83,83,89,92,81,64,67}","(Gothic) Sculpture - Sculpture - 1999, FLAC (tracks+.cue), lossless"
5052384,2,7178046,BD828FE04CDF02A156FD90425D9119D585896845,379636525,1,2026-07-31 02:21:01,4,3,"{7,24,24,24,24,24,24,24,24,24,23,24,24,24,24,24,24,24,24,23,25,24,24,24,25,24,24,26,24,24,24}","{27,89,84,82,69,62,69,74,78,81,71,89,68,77,65,67,61,61,71,77,78,75,78,71,75,71,85,93,67,80,76}","(Symphonic Gothic Metal) [WEB] Purple Nail - Night Lights - 2013, FLAC (tracks), lossless"
5059019,8,21302716,4A086E922C14352E5CB82D6DC781F87EF09E5F10,378900430,1,2026-07-31 02:21:01,3,3,"{7,24,24,24,24,24,24,24,24,24,23,24,24,24,24,24,24,24,24,23,25,24,24,24,25,24,24,26,24,24,24}","{23,80,75,77,65,59,58,64,64,68,64,70,57,55,64,67,61,61,71,69,75,71,65,71,74,71,85,76,68,65,63}","(Synth/Gothic Metal) Lost Area - From The Ashes - 2013, FLAC (tracks), lossless"
5059089,2,21302716,468CBA63C8D3FB3D9F79B77D567D9A57C929DD8B,1305167387,1,2026-07-31 02:21:01,4,4,"{7,24,24,24,24,24,24,24,24,24,23,24,24,24,24,24,24,24,24,23,25,24,24,24,25,24,24,26,24,24,24}","{28,96,96,92,77,75,71,80,85,90,84,95,81,79,88,91,85,85,95,87,97,77,81,83,92,85,90,102,89,90,87}","(Gothic/Doom Metal) Nevergreen - 3 альбома - 1996-2009 (3 CD), FLAC (tracks+.cue), lossless"
5059091,2,21302716,DB316AE58C7E08086CCD61C385D882AA556EA393,364774716,1,2026-07-31 02:21:01,4,3,"{7,24,24,24,24,24,24,24,24,24,23,24,24,24,24,24,24,24,24,23,25,24,24,24,25,24,24,26,24,24,24}","{30,108,108,101,88,77,72,80,82,90,84,96,81,79,88,91,85,85,95,87,98,81,87,83,92,96,109,105,97,99,96}","(Atmospheric Gothic Metal) The Man-Eating Tree - In The Absence Of Light - 2015, FLAC (tracks+.cue), lossless"
5060089,2,1840441,5BF76ECC8184092EE1BF44D921B20EE04B4E7D20,375276509,1,2026-07-31 02:21:01,4,3,"{7,24,24,24,24,24,24,24,24,24,23,24,24,24,24,24,24,24,24,23,25,24,24,24,25,24,24,26,24,24,24}","{28,94,83,88,76,70,65,76,70,72,74,83,77,72,78,76,81,70,83,82,92,73,74,73,89,78,86,94,81,83,78}","(Gothic Metal/Rock) Purple Nail - Embrace the Dark - 2014, FLAC (image+.cue), lossless"
5060095,2,1840441,3E28DE183218B77398E3AB629BD71C954216D142,171655343,1,2026-07-31 02:21:01,4,3,"{7,24,24,24,24,24,24,24,24,24,23,24,24,24,24,24,24,24,24,23,25,24,24,24,25,24,24,26,24,24,24}","{28,92,86,88,74,69,67,76,72,76,71,83,77,72,76,76,81,70,83,82,92,73,77,73,90,77,86,94,81,81,78}","(Gothic Metal) Black Widows - Dark Side of an Angel (EP) - 2001, FLAC (image+.cue), lossless"
5060179,2,25102764,FCA0A7A96B9BBC1AF22F2838E3447F8E80190514,592213368,1,2026-07-31 02:21:01,3,3,"{7,24,24,24,24,24,24,24,24,24,23,24,24,24,24,24,24,24,24,23,25,24,24,24,25,24,24,26,24,24,24}","{23,80,74,77,65,64,54,64,62,68,61,72,57,55,64,67,61,61,71,69,76,71,70,71,75,71,85,79,66,63,63}","(Gothic Dark Metal) [CD] Nex Aestatis - When Summer Dies - 1998, FLAC (image+.cue), lossless"
5060939,2,1840441,B16B982C7EB83BB379B3A15DF9A06449DBB08BBA,397321834,1,2026-07-31 02:21:01,6,3,"{7,24,24,24,24,24,24,24,24,24,23,24,24,24,24,24,24,24,24,23,25,24,24,24,25,24,24,26,24,24,24}","{39,172,143,138,138,141,134,135,134,132,127,119,136,128,118,112,130,128,132,141,139,134,134,131,115,104,112,137,102,118,106}","(Progressive Gothic Metal) Echoes of Eternity - The Forgotten Goddess - 2007, FLAC (image+.cue), lossless"
5060949,2,1840441,F8FF5DF1FA91C927CFD1AAD2AA1F2A598C7B103D,442906531,1,2026-07-31 02:21:01,7,4,"{7,24,24,24,24,24,24,24,24,24,23,24,24,24,24,24,24,24,24,23,25,24,24,24,25,24,24,26,24,24,24}","{48,184,185,170,154,143,128,157,142,147,137,130,137,132,157,152,150,150,143,121,140,131,128,118,126,116,132,136,115,125,125}","(Melodic Metal) Lunatica - The Edge of Infinity - 2006, FLAC (image+.cue), lossless"
5060957,2,1840441,CDFBB4027578C828C196DC3ADA4894BB28AAD2C3,428024791,1,2026-07-31 02:21:01,4,3,"{7,24,24,24,24,24,24,24,24,24,23,24,24,24,24,24,24,24,24,23,25,24,24,24,25,24,24,26,24,24,24}","{25,95,87,88,78,77,69,79,70,73,75,87,80,71,77,76,82,63,66,85,94,77,78,75,89,86,83,95,84,84,80}","(Gothic/Doom/Dark Metal) [WEB] Catalepsia - World of Clich&#233; - 2015, FLAC (tracks), lossless"
5061261,2,25102764,5FBD5B4923FAAC9DF8F9916E241C3EABE015B16C,998572816,1,2026-07-31 02:21:01,3,3,"{7,24,24,24,24,24,24,24,24,24,23,24,24,24,24,24,24,24,24,23,25,24,24,24,25,24,24,26,24,24,24}","{26,80,74,77,65,59,59,64,64,66,60,70,57,55,64,67,61,61,71,69,75,71,67,71,75,71,86,76,67,63,63}","(Gothic Metal) Diluvium - Discography (2 CD) - 2001-2007, FLAC (image+.cue), lossless"
5062059,2,35731539,71FF404A00D65125A2636DFB21E26EE4E2C7E74A,295133677,1,2026-07-31 02:21:01,3,3,"{7,24,24,24,24,24,24,24,24,24,23,24,24,24,24,24,24,24,24,23,25,24,24,24,25,24,24,26,24,24,24}","{23,82,82,77,65,62,57,64,68,70,62,70,58,55,67,68,62,62,71,70,76,70,70,71,84,71,91,81,64,70,67}","(Gothic Metal/Love Metal) [CD] Ace Of Hearts - Monster - 2011, FLAC (tracks+.cue), lossless"
5062758,2,25102764,F0F4915919AA1196413F0EE57E71EF702CA5829E,171433272,1,2026-07-31 02:21:01,3,3,"{7,24,24,24,24,24,24,24,24,24,23,24,24,24,24,24,24,24,24,23,25,24,24,24,25,24,24,26,24,24,24}","{23,80,75,77,65,57,53,64,64,68,61,70,57,55,64,67,61,61,71,69,76,68,70,71,75,71,86,79,68,67,63}","(Gothic Metal) [CD] Of Infinity - The Essence Of Infinity (Demo) - 2004, FLAC (image+.cue), lossless"
5063213,2,25102764,DEB0C0CF8C9CC99050FCA5FD88F79052C1F50560,195371872,1,2026-07-31 02:21:01,3,3,"{7,24,24,24,24,24,24,24,24,24,23,24,24,24,24,24,24,24,24,23,25,24,24,24,25,24,24,26,24,24,24}","{23,80,74,77,65,62,56,64,64,68,58,69,57,55,64,67,61,61,71,69,75,71,70,71,75,71,85,79,67,89,87}","(Gothic Metal) [CD] Pipers Dawn - Moonclad (Demo) - 1996, FLAC (image+.cue), lossless"
5076613,2,28575093,DF7782F242F5D8376B8C9E8B15B6E12396A0A1BC,543536911,1,2026-07-31 02:21:01,5,4,"{7,24,24,24,24,24,24,24,24,24,23,24,24,24,24,24,24,24,24,23,25,24,24,24,25,24,24,26,24,24,24}","{40,115,104,93,100,98,111,102,103,108,95,89,68,78,89,87,96,91,85,92,100,91,112,113,121,113,135,120,106,107,109}","(Gothic Rock) [CD] Scream Silence - Heartburnt - 2015, FLAC (image+.cue), lossless"
5079592,2,25428785,DB9DF0BCFD97C228AB8A8675F3CA0924E3B1C31F,579624366,1,2026-07-31 02:21:01,3,3,"{7,24,24,24,24,24,24,24,24,24,23,24,24,24,24,24,24,24,24,23,25,24,24,24,25,24,24,26,24,24,24}","{23,80,76,77,65,59,59,64,62,68,61,71,57,64,64,67,61,61,71,76,76,68,69,71,75,71,103,115,113,106,108}","(Symphonic Metal / Female Vocal) [CD] The Murder Of My Sweet - Beth Out Of Hell - 2015, FLAC (image+.cue), lossless"
5080582,2,25428785,B077A527DA45A206432159CEF125B301C5C1D329,411853897,1,2026-07-31 02:21:01,7,3,"{7,24,24,24,24,24,24,24,24,24,23,24,24,24,24,24,24,24,24,23,25,24,24,24,25,24,24,26,24,24,24}","{49,202,187,188,154,174,161,155,176,158,163,153,166,174,151,165,153,167,156,178,161,140,146,172,178,158,169,186,150,164,178}","(Symphonic Metal) [CD] Leaves' Eyes - King Of Kings (Deluxe Edition) - 2015, FLAC (image+.cue), lossless"
5085716,2,529,7ABC3D8900A4126187A9C52E616E755BE8FEDA36,373594379,1,2026-07-31 02:21:01,3,3,"{7,24,24,24,24,24,24,24,24,24,23,24,24,24,24,24,24,24,24,23,25,24,24,24,25,24,24,26,24,24,24}","{23,80,75,77,65,59,49,64,62,68,61,70,57,55,64,67,61,61,71,69,75,68,71,71,75,71,85,76,64,64,63}","(Gothic Metal) [CD] Mortalia - Naked Warrior - 2001, FLAC (image+.cue), lossless"
5086040,2,1840441,3B898494992A556F20276EE282E7E09708421E17,294695931,1,2026-07-31 02:21:01,4,3,"{7,24,24,24,24,24,24,24,24,24,23,24,24,24,24,24,24,24,24,23,25,24,24,24,25,24,24,26,24,24,24}","{25,92,83,88,74,71,64,76,72,72,72,79,81,70,76,76,81,70,83,82,92,73,74,74,90,78,84,95,81,91,90}","(Gothic Metal) Morbid Death - Echoes of Solitude - 1997, FLAC (image+.cue), lossless"
5088437,2,529,3B4CCADCDAED5563538CC2E346BFE0778402DBE2,431519364,1,2026-07-31 02:21:01,3,3,"{7,24,24,24,24,24,24,24,24,24,23,24,24,24,24,24,24,24,24,23,25,24,24,24,25,24,24,26,24,24,24}","{23,80,74,77,65,62,58,66,64,68,61,68,57,55,64,69,61,61,71,69,75,69,66,71,75,71,86,76,67,66,63}","(Gothic/Black Metal) [CD] Batu Nisan - Cahaya Bidadari - 2013, FLAC (image+.cue), lossless"
5090425,2,1840441,8F3748AA912B782CEF7B84F253F24759001A23DC,336688149,1,2026-07-31 02:21:01,4,3,"{7,24,24,24,24,24,24,24,24,24,23,24,24,24,24,24,24,24,24,23,25,24,24,24,25,24,24,26,24,24,24}","{25,92,83,91,74,68,63,76,70,72,68,84,80,72,76,76,81,70,83,82,94,73,75,73,89,78,82,95,78,81,78}","(Gothic Metal) Morbid Death - Unlocked - 2004, FLAC (image+.cue), lossless"
5091537,2,32139836,604375C91907B6959A1993EC5CCE24106BC07FD4,356075295,1,2026-07-31 02:21:01,5,3,"{7,24,24,24,24,24,24,24,24,24,23,24,24,24,24,24,24,24,24,23,25,24,24,24,25,24,24,26,24,24,24}","{35,120,120,112,99,98,94,97,108,98,91,93,96,96,96,96,96,96,96,92,100,92,95,95,100,96,108,105,96,98,96}","(Symphonic Metal) [CD] Infy Snow - A Mortal's Tear - 2015, FLAC (image+.cue), lossless"
5093487,2,1840441,00230F16C73FA6067F5FD69E819DBEA74612B3CD,356327314,1,2026-07-31 02:21:01,6,3,"{7,24,24,24,24,24,24,24,24,24,23,24,24,24,24,24,24,24,24,23,25,24,24,24,25,24,24,26,24,24,24}","{40,136,114,103,114,111,124,104,106,100,109,103,112,106,94,101,107,101,107,109,110,96,104,107,109,109,107,129,100,109,103}","(Gothic Metal) Shadowgarden - Ashen - 2010, FLAC (image+.cue), lossless"
5093735,8,792008,2DB80E69F3FAE1B9190775323AF0AA60F69CC2F1,226266648,1,2026-07-31 02:21:01,5,3,"{7,24,24,24,24,24,24,24,24,24,23,24,24,24,24,24,24,24,24,23,25,24,24,24,25,24,24,26,24,24,24}","{41,123,115,92,77,91,91,97,108,95,84,96,81,79,88,91,83,96,96,92,103,89,88,99,100,94,101,105,97,95,96}","(Gothic Rock) [WEB] Patricia Morrison (ex-The Sisters Of Mercy) - Reflect On This - 1994, FLAC (tracks), lossless"
5095119,2,1840441,950FE8B93A6A245417A4C5F002FDB406281304AB,357574254,1,2026-07-31 02:21:01,4,3,"{7,24,24,24,24,24,24,24,24,24,23,24,24,24,24,24,24,24,24,23,25,24,24,24,25,24,24,26,24,24,24}","{27,98,100,98,88,88,71,74,86,80,78,91,84,79,86,85,88,72,67,79,99,84,84,75,93,87,92,107,90,91,89}","(Atmospheric Gothic Metal) Inhepsie - Oracle - 2003, FLAC (image+.cue), lossless"
5099579,2,63285,B7E322FA58AAFE6119E03033548541EFB4C12799,210573518,1,2026-07-31 02:21:01,8,4,"{7,24,24,24,24,24,24,24,24,24,23,24,24,24,24,24,24,24,24,23,25,24,24,24,25,24,24,26,24,24,24}","{70,258,271,318,277,256,233,236,258,274,237,246,260,255,259,227,206,227,241,236,256,238,230,206,250,253,270,290,272,262,276}","(Gothic Metal) [CDM] Danse Macabre - Matters of the Heart - 2002, FLAC (image+.cue), lossless"
5101330,2,21302716,703DB2410E571AA6C628352D9ADC13F202755336,945540911,1,2026-07-31 02:21:01,3,3,"{7,24,24,24,24,24,24,24,24,24,23,24,24,24,24,24,24,24,24,23,25,24,24,24,25,24,24,26,24,24,24}","{23,81,78,77,67,64,56,71,70,68,66,76,63,55,66,67,63,64,78,77,76,73,68,73,75,72,85,76,69,63,69}","(Gothic Metal/Metalcore) [WEB] RandomWalk - дискография - 2008-2015 (3 CD), FLAC (tracks), lossless"
5101593,2,25102764,BB5314D6AD2BAE5B06C53C9930836C9C612625FB,386935181,1,2026-07-31 02:21:01,3,3,"{7,24,24,24,24,24,24,24,24,24,23,24,24,24,24,24,24,24,24,23,25,24,24,24,25,24,24,26,24,24,24}","{26,80,74,77,65,63,57,64,62,66,61,70,57,55,64,67,61,61,71,69,75,70,69,71,75,71,84,79,68,63,63}","(Atmospheric Gothic Metal) [CD] Sweet Mother Of God - Sweet Mother Of God (Demo) (Reissue) - 2002 (2001), FLAC (image+.cue), lossless"
5107365,2,12063696,37F6610EF628AA41EA6E6C951A38F2C6A4FD8495,326064983,1,2026-07-31 02:21:01,3,3,"{7,24,24,24,24,24,24,24,24,24,23,24,24,24,24,24,24,24,24,23,25,24,24,24,25,24,24,26,24,24,24}","{23,83,85,87,71,106,92,87,68,74,71,78,68,66,96,71,75,72,64,88,101,79,83,80,87,86,110,97,76,93,82}","(Gothic Metal) [CD] Artrosis - Odi et Amo - 2015, FLAC (image+.cue), lossless"
5108117,2,4726738,21CDDB1F10CB8ED79F50B248FB63FE5B53EF9C20,449358372,1,2026-07-31 02:21:01,7,3,"{7,24,24,24,24,24,24,24,24,24,23,24,24,24,24,24,24,24,24,23,25,24,24,24,25,24,24,26,24,24,24}","{53,190,187,178,179,186,177,125,128,138,138,171,170,143,138,131,134,160,178,193,184,129,115,130,170,178,164,158,157,153,173}","(Symphonic Metal) [CD] Leaves' Eyes - King Of Kings (Japan Edition) - 2015, FLAC (image+.cue), lossless"
5109698,8,8627056,B1E3154ED26F9E862A846E445CD25915E3F4BF9C,101626165,1,2026-07-31 02:21:01,3,3,"{7,24,24,24,24,24,24,24,24,24,23,24,24,24,24,24,24,24,24,23,25,24,24,24,25,24,24,26,24,24,24}","{25,93,85,84,72,63,61,71,74,79,69,76,72,77,78,73,73,70,81,81,92,79,86,73,85,90,105,108,90,97,92}","(Industrial metal) [CDM] Mortiis - The Grudge Single - 2004, FLAC (tracks), lossless"
5109701,8,8627056,1504F343CDCF45B444CF2432207DC43B1ABD5B66,90351812,2,2026-07-31 02:21:01,3,3,"{7,24,24,24,24,24,24,24,24,24,23,24,24,24,24,24,24,24,24,23,25,24,24,24,25,24,24,26,24,24,24}","{23,88,81,85,70,64,66,71,74,78,70,77,70,74,73,74,76,88,105,94,101,88,100,89,92,111,109,107,90,93,89}","(Industrial metal) [CDM] Mortiis - Decadent &amp; Desperate - 2005, FLAC (tracks), lossless"
5111370,2,4726738,74E75C147660F366ECBCDEFB6127F4BBBD5BA9E8,805718728,1,2026-07-31 02:21:01,3,3,"{7,24,24,24,24,24,24,24,24,24,23,24,24,24,24,24,24,24,24,23,25,24,24,24,25,24,24,26,24,24,24}","{26,80,74,77,65,57,55,64,64,67,61,69,57,55,64,69,61,61,71,69,75,71,69,71,75,71,85,76,66,65,63}","(Gothic Metal) [CD] TBC - Discography (2010-28 Days; 2012-The Rise), (2 CDs), FLAC (image+.cue), lossless"
5111473,2,8627056,13BBB0EE57A7EB3AA889F20D7D3CB5937392FE7F,320660976,1,2026-07-31 02:21:01,3,3,"{7,24,24,24,24,24,24,24,24,24,23,24,24,24,24,24,24,24,24,23,25,24,24,24,25,24,24,26,24,24,24}","{23,88,83,86,70,62,67,70,67,77,67,81,71,75,73,72,72,66,82,96,96,74,86,74,88,92,93,99,120,94,88}","(Industrial) [WEB] Mortiis - Doppelganger - 2015, FLAC (tracks), lossless"
5112065,2,6621436,92B541E2756834EA746978BF33CCDB1BA742A3A0,3189940480,1,2026-07-31 02:21:01,18,4,"{7,24,24,24,24,24,24,24,24,24,23,24,24,24,24,24,24,24,24,23,25,24,24,24,25,24,24,26,24,24,24}","{128,521,529,568,594,607,664,676,627,663,670,683,728,653,596,622,617,640,721,652,685,612,580,577,712,721,726,743,663,695,638}","(Gothic/Doom Metal) Draconian - Discography (6CDs) 2003 - 2015, FLAC (image+.cue), lossless"
5114947,2,4726738,5785E0A08D5ACDFED64FC53F4C08BD7F19FEAADD,494574788,1,2026-07-31 02:21:01,3,3,"{7,24,24,24,24,24,24,24,24,24,23,24,24,24,24,24,24,24,24,23,25,24,24,24,25,24,24,26,24,24,24}","{23,80,74,77,65,62,54,64,64,68,60,72,57,55,64,69,61,61,71,69,75,68,66,71,75,71,86,76,61,65,63}","(Dark Gothic Rock/Metal) [CD] DoNotDream - Herbststurm - 2004, FLAC (image+.cue), lossless"
5117723,2,19672087,E3EEDC4157BE76D6B55AEB94C122EF1CBBFDC8A5,1199791078,1,2026-07-31 02:21:01,9,4,"{7,24,24,24,24,24,24,24,24,24,23,24,24,24,24,24,24,24,24,23,25,24,24,24,25,24,24,26,24,24,24}","{57,198,181,187,155,172,178,180,175,185,154,170,178,188,180,194,190,199,192,188,215,159,148,163,218,195,220,215,182,196,173}","(Symphonic Metal) [CD] Within Temptation - Let Us Burn - Elements &amp; Hydra 2 CD 2014, FLAC (image+.cue), lossless"
5123412,2,4726738,F44D7FF766CD7474AE7C9DC7DD08AE4B040D48E6,403340264,1,2026-07-31 02:21:01,4,3,"{7,24,24,24,24,24,24,24,24,24,23,24,24,24,24,24,24,24,24,23,25,24,24,24,25,24,24,26,24,24,24}","{25,90,91,87,82,85,97,75,74,84,83,95,87,77,79,95,69,68,75,92,99,76,77,86,83,96,105,100,83,82,70}","(Symphonic Metal) [CD] Graveshadow - Nocturnal Resurrection - 2015, FLAC (image+.cue), lossless"
5124553,2,20826951,11469868732208BBE04B55999865B6781120B7DC,308850816,1,2026-07-31 02:21:01,3,3,"{7,24,24,24,24,24,24,24,24,24,23,24,24,24,24,24,24,24,24,23,25,24,24,24,25,24,24,26,24,24,24}","{24,88,78,85,65,67,54,64,73,74,61,72,57,55,64,67,61,61,77,77,80,72,74,73,75,71,86,95,73,69,73}","(Latin, Gothic, Metal) [CD] Anabantha - Letanias Capitulo II - 2007, FLAC (image+.cue), lossless"
5127488,2,4726738,08DCDDCA9AE2328307AD5A9449960D690EB5EBEB,353507860,1,2026-07-31 02:21:01,3,3,"{7,24,24,24,24,24,24,24,24,24,23,24,24,24,24,24,24,24,24,23,25,24,24,24,25,24,24,26,24,24,24}","{23,80,75,77,65,64,52,64,63,70,61,74,57,55,64,67,61,61,71,69,76,71,68,72,75,71,84,76,68,63,63}","(NDH, Gothic Metal, Industrial) [CD] Nervenbeisser - Geschlechterschlacht (Remastered-2015) - 2004 (2015), FLAC (image+.cue), lossless"
5129215,2,334202,00F613A6C2DE1D98D49852406345434DD2296812,481250142,1,2026-07-31 02:21:01,10,3,"{7,24,24,24,24,24,24,24,24,24,23,24,24,24,24,24,24,24,24,23,25,24,24,24,25,24,24,26,24,24,24}","{65,239,228,228,240,252,266,258,245,248,221,212,252,225,261,248,208,208,236,258,271,226,250,236,227,232,244,236,192,217,210}","(Symphonic Gothic Metal) [CD] Lacrimosa - Hoffnung (Original Edition) - 2015, FLAC (image+.cue), lossless"
5133828,2,529,5F9A4C048192119F4AE1FB226303E7EFE54117EC,536044405,1,2026-07-31 02:21:01,3,3,"{7,24,24,24,24,24,24,24,24,24,23,24,24,24,24,24,24,24,24,23,25,24,24,24,25,24,24,26,24,24,24}","{23,80,74,77,65,60,58,64,64,68,61,72,57,55,64,67,61,61,71,69,75,68,67,71,75,71,84,76,68,64,63}","(Gothic Metal) [CD] One Without - Thoughts Of A Secluded Mind - 2009 [Japan Edition], FLAC (image+.cue), lossless"
5137213,2,39296579,D5C1F9513DCC828405FFB21D5D27FC4495BEE87C,331900866,1,2026-07-31 02:21:01,3,3,"{7,24,24,24,24,24,24,24,24,24,23,24,24,24,24,24,24,24,24,23,25,24,24,24,25,24,24,26,24,24,24}","{23,80,74,77,65,62,56,64,65,68,60,72,57,55,64,67,61,61,71,69,75,71,69,71,75,71,86,76,65,66,63}","(Gothic Metal) [CD] Gy&#246;ngyv&#233;r (Gyongyver) - L&#233;lekv&#225;ndorl&#225;s (Lelekvandorlas) - 2015, FLAC (image+.cue), lossless"
5138405,2,2406607,70DF27462B526EE32DAA78D72EF57D5CCED787E4,380824633,1,2026-07-31 02:21:01,3,3,"{7,24,24,24,24,24,24,24,24,24,23,24,24,24,24,24,24,24,24,23,25,24,24,24,25,24,24,26,24,24,24}","{23,80,74,77,65,60,56,64,64,68,60,72,57,55,64,67,61,61,71,69,75,68,67,71,75,71,86,79,67,62,63}","(Gothic/Doom Metal) [CD] Embraze - Endless Journey - 2001, FLAC (image+.cue), lossless"
5138968,2,6621436,64039CD923DCDC32119174B1BE8322A476A99631,1439063687,1,2026-07-31 02:21:01,4,4,"{7,24,24,24,24,24,24,24,24,24,23,24,24,24,24,24,24,24,24,23,25,24,24,24,25,24,24,26,24,24,24}","{28,96,96,92,77,71,64,92,105,96,95,96,83,87,96,96,100,105,96,99,102,91,88,96,100,96,109,106,98,95,96}","(Progressive/Doom/Gothic Metal) Lake of Tears - Collection 3 CD (1999 - 2014), FLAC (image+.cue), lossless"
5141058,2,25102764,047925BF2AD7CCC9D4F04CD0D67991FC82AE4379,366847576,1,2026-07-31 02:21:01,3,3,"{7,24,24,24,24,24,24,24,24,24,23,24,24,24,24,24,24,24,24,23,25,24,24,24,25,24,24,26,24,24,24}","{23,80,75,77,65,57,57,67,63,68,61,83,71,55,64,73,72,61,85,78,88,78,69,71,84,83,83,87,65,67,72}","(Melodic Death / Gothic Metal) [CDR] Aphelion Aphrodites - The Cycle Of Life (Demo) - 2004, FLAC (image+.cue), lossless"
5145055,2,6474837,CA6C1C3063012D4A5A1BBBC19AD8E0A01D4BEF29,362480106,1,2026-07-31 02:21:01,3,3,"{7,24,24,24,24,24,24,24,24,24,23,24,24,24,24,24,24,24,24,23,25,24,24,24,25,24,24,26,24,24,24}","{23,80,74,77,65,61,59,64,64,68,61,72,57,55,64,67,61,61,71,69,76,70,67,71,75,71,85,76,65,68,63}","(Gothic Metal) [CD] Nuits Eternelles - Noche Eterna - 2008, FLAC (image+.cue), lossless"
5149253,2,14914134,AD73A467BC215625B983600C3548B16405B75F72,514140657,1,2026-07-31 02:21:01,4,3,"{7,24,24,24,24,24,24,24,24,24,23,24,24,24,24,24,24,24,24,23,25,24,24,24,25,24,24,26,24,24,24}","{31,96,96,89,65,60,57,64,62,68,61,82,77,78,87,85,66,61,82,69,75,73,65,76,75,71,88,94,70,68,63}","(Dark Metal, Gothic Metal) [WEB] Ancestral Legacy - Terminal - 2014, FLAC (tracks), lossless"
5153111,2,13425447,197F99B6436AC292C93A50343F0AEC2AF0BBB83F,724279883,1,2026-07-31 02:21:01,5,4,"{7,24,24,24,24,24,24,24,24,24,23,24,24,24,24,24,24,24,24,23,25,24,24,24,25,24,24,26,24,24,24}","{43,136,134,119,108,101,90,83,94,95,93,103,86,79,88,91,91,100,115,112,109,88,91,90,112,103,106,103,112,111,107}","(Symphonic Gothic Metal) [WEB] Tiarra - X - 2015, FLAC (tracks), lossless"
5154528,2,4726738,910E9EB97B08DD9E3DB5695C3A7C7C0C950EBA37,13200442628,1,2026-07-31 02:21:01,10,4,"{7,24,24,24,24,24,24,24,24,24,23,24,24,24,24,24,24,24,24,23,25,24,24,24,25,24,24,26,24,24,24}","{73,316,269,273,267,283,322,320,350,350,293,335,375,331,345,350,344,363,357,352,388,378,319,352,361,343,369,379,380,358,384}","(Gothic, Dark Metal) [CD] Moonspell - Дискография - 1994-2019, (32 CDs), FLAC, WavPack (*.wv) (image+.cue), lossless"
5156465,2,911323,F750D1C0BE4AC55DE3B61DBB983FF2D2A43C3504,997773891,1,2026-07-31 02:21:01,6,4,"{7,24,24,24,24,24,24,24,24,24,23,24,24,24,24,24,24,24,24,23,25,24,24,24,25,24,24,26,24,24,24}","{42,151,150,130,115,109,100,126,120,117,116,118,111,102,97,101,109,113,120,135,136,98,101,106,116,115,138,141,115,124,115}","(Gothic Metal) [CD] To/Die/For - All Eternity &amp; Epilogue - 2006, FLAC (image+.cue), lossless"
5161247,2,8627056,6B0D7D0A876033F6977828BF9579B9ACD4690D10,246463258,1,2026-07-31 02:21:01,3,3,"{7,24,24,24,24,24,24,24,24,24,23,24,24,24,24,24,24,24,24,23,25,24,24,24,25,24,24,26,24,24,24}","{28,99,92,92,101,95,95,96,86,99,90,96,99,113,99,98,98,102,116,98,98,83,91,81,88,101,102,105,79,81,82}","(Industrial) [WEB] Mortiis - The Shining Lamp of God - 2016, FLAC (tracks), lossless"
5162318,2,15274519,C24FC21CF58B0BD8A01CA45E266E3395655EFC52,331620557,1,2026-07-31 02:21:01,3,3,"{7,24,24,24,24,24,24,24,24,24,23,24,24,24,24,24,24,24,24,23,25,24,24,24,25,24,24,26,24,24,24}","{23,80,79,78,65,69,55,69,69,72,67,78,65,59,68,75,69,66,71,75,73,69,73,71,75,72,88,82,72,65,68}","(Gothic Metal) [CD] Staub - Brandung - 2005, FLAC (tracks+.cue), lossless"
5175935,2,1840441,D6A5CF070BE0C1B8EA8E1438F4032CD0976BE97E,215992291,1,2026-07-31 02:21:01,4,3,"{7,24,24,24,24,24,24,24,24,24,23,24,24,24,24,24,24,24,24,23,25,24,24,24,25,24,24,26,24,24,24}","{25,92,83,88,75,70,62,76,76,72,72,84,77,71,76,76,81,70,83,82,92,73,75,73,89,78,85,95,82,87,78}","(Gothic Metal) Seventh Sin - Darkest of All Dreams (EP) - 2006, FLAC (image+.cue), lossless"
5176082,2,1840441,9019DF8CED19DB514F8C15F5778F2037620856F1,437738546,1,2026-07-31 02:21:01,4,3,"{7,24,24,24,24,24,24,24,24,24,23,24,24,24,24,24,24,24,24,23,25,24,24,24,25,24,24,26,24,24,24}","{28,92,83,88,74,69,64,76,71,72,71,80,77,69,76,76,81,73,83,82,93,74,78,74,89,83,85,95,82,82,78}","(Gothic Metal) Seventh Sin - When Reality Ends - 2014, FLAC (image+.cue), lossless"
5176128,2,32794053,00DABEB2743F966C905BAE4A1D8CEE601AA93D39,573394345,1,2026-07-31 02:21:01,6,4,"{7,24,24,24,24,24,24,24,24,24,23,24,24,24,24,24,24,24,24,23,25,24,24,24,25,24,24,26,24,24,24}","{42,165,177,147,137,137,112,130,151,146,140,139,103,114,135,123,120,138,135,145,131,120,108,135,136,140,155,150,118,127,124}","(Gothic Metal) [CD] To/Die/For - Jaded (Japanese Edition) - 2003, FLAC (image+.cue), lossless"
5176507,2,6474837,F6176D1244C4942EE62860825618574FBD8C9214,87259710,1,2026-07-31 02:21:01,5,3,"{7,24,24,24,24,24,24,24,24,24,23,24,24,24,24,24,24,24,24,23,25,24,24,24,25,24,24,26,24,24,24}","{34,121,118,102,98,90,96,95,104,99,92,98,94,92,90,85,76,95,93,91,105,91,87,92,106,93,109,107,96,94,102}","(Industrial/Gothic Metal, Ambient) [CD] Orfeu Rebelde - Cada Som Como Um Grito (EP) - 2009, FLAC (image+.cue), lossless"
5182800,2,8627056,79AFC9D0F54FDBF10E3278CEBF61C0E5264A9155,444486671,1,2026-07-31 02:21:01,5,3,"{7,24,24,24,24,24,24,24,24,24,23,24,24,24,24,24,24,24,24,23,25,24,24,24,25,24,24,26,24,24,24}","{33,169,155,148,129,130,124,125,123,119,111,102,128,97,93,89,110,77,92,90,130,94,119,110,104,122,115,124,113,96,101}","(Industrial) [CD] Mortiis - The Great Deceiver - 2016, FLAC (image+.cue), lossless"
5186663,2,21302716,6ECA8FA89B3C84A76988007729E80061083EBAA0,177408137,1,2026-07-31 02:21:01,6,4,"{7,24,24,24,24,24,24,24,24,24,23,24,24,24,24,24,24,24,24,23,25,24,24,24,25,24,24,26,24,24,24}","{42,147,144,133,126,122,108,127,122,122,115,118,101,102,99,102,106,99,102,96,105,98,114,128,132,129,131,141,120,125,130}","(Gothic Metal/Acoustic Rock) [WEB] Lacrimas Profundere - Acousticadore [EP] - 2014, FLAC (tracks), lossless"
5188294,2,4726738,2EAFF3818A7B249248A6CCB1797730D19EDF0C6E,1360148164,1,2026-07-31 02:21:01,4,3,"{7,24,24,24,24,24,24,24,24,24,23,24,24,24,24,24,24,24,24,23,25,24,24,24,25,24,24,26,24,24,24}","{28,103,88,84,85,94,99,84,78,84,87,94,86,79,83,89,78,82,98,88,83,73,86,87,93,78,91,98,71,103,87}","(Epic Symphonic Gothic Metal) [CD] Voices Of Destiny - Collection - 2010-2014, (3 CDs), FLAC (image+.cue), lossless"
5188308,2,4726738,B96A2F131083691270E43A730914D57B54A8F444,529735851,1,2026-07-31 02:21:01,3,3,"{7,24,24,24,24,24,24,24,24,24,23,24,24,24,24,24,24,24,24,23,25,24,24,24,25,24,24,26,24,24,24}","{23,80,80,77,65,60,50,64,64,68,79,75,78,55,64,67,61,61,71,69,75,71,69,71,75,71,86,76,64,67,63}","(Progressive Gothic Metal) [CD] Elyria - Reflection And Refraction - 2016, FLAC (image+.cue), lossless"
5197136,2,4726738,4E4682F7D2F17C14B81E3F554200F351BDFD24B0,1525903335,1,2026-07-31 02:21:01,8,4,"{7,24,24,24,24,24,24,24,24,24,23,24,24,24,24,24,24,24,24,23,25,24,24,24,25,24,24,26,24,24,24}","{72,237,274,273,208,193,176,169,176,211,183,189,191,208,203,219,228,245,226,209,263,229,249,278,282,277,290,279,240,236,258}","(Gothic Metal) [CD] Penumbra - Discography (Original Editions) - 1999-2015, (4 CDs), FLAC (image+.cue), lossless"
5200173,2,8627056,971EA645A6A878D3700BD0EE65914F27B8011F67,158510229,1,2026-07-31 02:21:01,3,3,"{7,24,24,24,24,24,24,24,24,24,23,24,24,24,24,24,24,24,24,23,25,24,24,24,25,24,24,26,24,24,24}","{23,112,100,98,73,72,79,88,78,88,77,83,88,83,73,72,75,66,81,80,92,77,93,81,85,93,90,99,80,85,75}","(Industrial) [WEB] Mortiis - Demons are Back - 2016, FLAC (tracks), lossless"
5202050,2,1840441,96D18437462B5440A026514E5DD79E10F32EE5D3,477194502,1,2026-07-31 02:21:01,4,3,"{7,24,24,24,24,24,24,24,24,24,23,24,24,24,24,24,24,24,24,23,25,24,24,24,25,24,24,26,24,24,24}","{25,92,83,88,76,69,63,84,73,72,69,83,77,72,76,76,81,72,83,82,93,74,79,74,89,78,84,95,83,84,78}","(Gothic Metal) Storm - Storm's a Brewin' - 2015, FLAC (image+.cue), lossless"
5202065,2,1840441,2003453944029164F6CAC3BC04AA7C65F6EAB618,315636453,1,2026-07-31 02:21:01,4,3,"{7,24,24,24,24,24,24,24,24,24,23,24,24,24,24,24,24,24,24,23,25,24,24,24,25,24,24,26,24,24,24}","{25,92,83,88,74,70,63,76,72,72,74,79,79,71,76,76,81,70,83,82,93,75,76,74,89,78,86,94,80,83,78}","(Gothic Metal) Worhol - The Awakening - 2015, FLAC (image+.cue), lossless"
5202073,2,1840441,E15FAD4BDAD0A690F87C52C3A5498F923D0AE7F1,136820589,1,2026-07-31 02:21:01,4,3,"{7,24,24,24,24,24,24,24,24,24,23,24,24,24,24,24,24,24,24,23,25,24,24,24,25,24,24,26,24,24,24}","{25,92,86,88,78,71,63,76,72,73,71,83,77,71,76,76,81,70,84,82,91,74,79,73,89,84,85,95,80,80,78}","(Gothic Metal) Ancient Desire - Ancient Desire (EP) - 2013, FLAC (image+.cue), lossless"
5203791,2,4726738,EEB0B7C6F0DBD14A8AC9F3AB1EB49D15BFB945CD,2332540936,1,2026-07-31 02:21:01,10,4,"{7,24,24,24,24,24,24,24,24,24,23,24,24,24,24,24,24,24,24,23,25,24,24,24,25,24,24,26,24,24,24}","{63,239,202,239,238,255,247,213,246,288,283,266,280,260,249,280,299,320,323,333,325,316,316,314,368,339,363,426,319,324,350}","(Gothic Metal/Rock) [CD] Beseech - Discography - 1998-2016, (6 CDs), FLAC (image+.cue), lossless"
5203809,2,27134777,FAB8FEBF402B304843BE705FFAFC3D8BE094161F,379624991,1,2026-07-31 02:21:01,7,3,"{7,24,24,24,24,24,24,24,24,24,23,24,24,24,24,24,24,24,24,23,25,24,24,24,25,24,24,26,24,24,24}","{51,156,156,158,169,170,172,158,156,156,153,166,171,158,162,156,154,166,174,167,177,155,138,155,168,164,170,176,135,144,133}","(Gothic Metal) [CD] Semblant - Last Night Of Mortality - 2010, FLAC (tracks+.cue), lossless"
5208441,2,32794053,308658E91F81A645C4CAFA487D768749CD2AA8DE,470864194,1,2026-07-31 02:21:01,7,3,"{7,24,24,24,24,24,24,24,24,24,23,24,24,24,24,24,24,24,24,23,25,24,24,24,25,24,24,26,24,24,24}","{52,158,178,162,160,173,165,147,140,139,144,160,179,168,141,155,155,151,150,157,196,156,163,165,161,171,183,267,224,164,154}","(Gothic Metal) [CD] Crematory - Monument (Limited Edition Digipak) - 2016, FLAC (image+.cue), lossless"
5213517,2,1439008,7D12F6C122B265044BA64D11BAE887816A406B2C,393835103,1,2026-07-31 02:21:01,9,4,"{7,24,24,24,24,24,24,24,24,24,23,24,24,24,24,24,24,24,24,23,25,24,24,24,25,24,24,26,24,24,24}","{57,235,249,205,187,144,188,176,225,166,202,190,229,203,215,219,205,185,162,173,180,168,157,144,205,215,167,222,180,177,223}","(Doom / Gothic) [CD] Lake of Tears - Headstones (Japan VICP-5654) - 1995, FLAC (image+.cue), lossless"
5219428,2,4726738,1B001BE2421CC1A24E5D92DDF40C2EABD62EAC1B,4745071947,1,2026-07-31 02:21:01,4,3,"{7,24,24,24,24,24,24,24,24,24,23,24,24,24,24,24,24,24,24,23,25,24,24,24,25,24,24,26,24,24,24}","{41,130,139,133,123,114,107,109,114,99,98,118,125,111,143,124,101,122,140,115,116,108,103,107,125,149,161,141,108,98,87}","(Gothic Horror Metal) [CD] The Vision Bleak - Collection - 2004-2016, (13 CDs), FLAC (image+.cue), lossless"
5229299,2,25428785,2C81CA14D80D6F362E57C6DDA9C99B75F220A8AF,419536821,1,2026-07-31 02:21:01,8,4,"{7,24,24,24,24,24,24,24,24,24,23,24,24,24,24,24,24,24,24,23,25,24,24,24,25,24,24,26,24,24,24}","{64,235,229,218,208,202,202,189,167,175,178,206,247,209,200,211,205,194,196,198,210,190,168,174,170,160,201,205,170,161,188}","(Darkwave, Gothic Metal) [CD] Mantus - Refugium - 2016, FLAC (image+.cue), lossless"
5230358,2,25428785,AE3FFF2AB33EC92DEC54060BBA46762D73496515,303722624,1,2026-07-31 02:21:01,3,3,"{7,24,24,24,24,24,24,24,24,24,23,24,24,24,24,24,24,24,24,23,25,24,24,24,25,24,24,26,24,24,24}","{23,80,74,77,65,62,58,64,64,68,61,70,57,55,64,67,61,61,71,69,75,72,71,71,75,71,85,76,66,66,63}","(Symphonic Progressive/Gothic Metal) [WEB] Circle Unbroken - Vincere - 2016, FLAC (tracks), lossless"
5232078,2,17704226,CB0D88E647600CD5E8D2226EA9D5456733586357,476073744,1,2026-07-31 02:21:01,10,3,"{7,24,24,24,24,24,24,24,24,24,23,24,24,24,24,24,24,24,24,23,25,24,24,24,25,24,24,26,24,24,24}","{60,194,195,186,158,124,119,132,123,151,140,142,130,111,115,124,122,128,146,118,132,108,128,148,154,165,168,172,162,151,161}","(Alternative Metal) [WEB] Lacuna Coil - Delirium (Deluxe) - 2016, FLAC (tracks), lossless"
5236157,2,1840441,664415BCB4A8AA326A9A78992669F7FBBEF35225,438269869,1,2026-07-31 02:21:01,4,3,"{7,24,24,24,24,24,24,24,24,24,23,24,24,24,24,24,24,24,24,23,25,24,24,24,25,24,24,26,24,24,24}","{26,101,91,94,78,79,78,83,75,82,74,84,90,87,81,80,92,77,93,93,98,82,85,80,92,88,91,104,81,102,101}","(Gothic/Doom Metal) Black Twilight - The Solitude of Being - 2000, FLAC (image+.cue), lossless"
5236163,2,1840441,2A3AD8994D32A216A8DB0A524EF19DC0FAFA11C4,411987093,1,2026-07-31 02:21:01,4,3,"{7,24,24,24,24,24,24,24,24,24,23,24,24,24,24,24,24,24,24,23,25,24,24,24,25,24,24,26,24,24,24}","{24,96,89,88,74,72,62,76,76,78,72,81,78,73,83,76,83,70,96,82,92,75,79,77,88,78,86,94,79,80,78}","(Symphonic/Gothic Metal) The Legion of Hetheria - Choices... - 2005, FLAC (image+.cue), lossless"
5240837,2,4726738,B0CE1FC8193E0E00537FAB4397D88AA9E0C7389E,2515782275,1,2026-07-31 02:21:01,8,3,"{7,24,24,24,24,24,24,24,24,24,23,24,24,24,24,24,24,24,24,23,25,24,24,24,25,24,24,26,24,24,24}","{59,214,215,206,176,158,188,201,186,186,165,162,169,204,168,165,185,175,189,184,193,167,165,164,206,201,238,238,210,221,194}","(Symphonic Gothic Metal) [CD] Schwarzer Engel - Collection - 2013-2020, (8 CDs), FLAC (image+.cue), lossless"
5244458,2,25102764,B481BEA67FEB458BBC7959FF9918435D14540750,205999234,1,2026-07-31 02:21:01,3,3,"{7,24,24,24,24,24,24,24,24,24,23,24,24,24,24,24,24,24,24,23,25,24,24,24,25,24,24,26,24,24,24}","{23,80,77,77,67,65,57,69,62,68,65,76,62,55,66,67,63,63,77,77,76,71,68,72,75,71,86,76,71,69,68}","(Melodic Death / Gothic Metal) [WEB] Beyond Sanity - Devour The Demon (EP) - 2010, FLAC (tracks), lossless"
5244626,2,1840441,429FBF9390FF29A7E66DC72047425A605B7A9AE1,241398263,1,2026-07-31 02:21:01,4,3,"{7,24,24,24,24,24,24,24,24,24,23,24,24,24,24,24,24,24,24,23,25,24,24,24,25,24,24,26,24,24,24}","{25,95,83,88,74,71,69,76,74,72,69,82,79,71,76,76,81,70,83,82,94,73,79,74,89,78,86,94,80,81,78}","(Gothic/Doom Metal) Marsyas - Lonely Tears - 2003, FLAC (image+.cue), lossless"
5245387,2,32794053,C63C21D9FB97223886071EBD136E64BB73BBF655,696629276,1,2026-07-31 02:21:01,6,4,"{7,24,24,24,24,24,24,24,24,24,23,24,24,24,24,24,24,24,24,23,25,24,24,24,25,24,24,26,24,24,24}","{38,136,146,112,99,96,95,97,108,111,102,101,108,109,107,109,110,108,108,110,113,99,108,109,101,104,112,105,103,94,98}","(Gothic/Symphonic Metal) [CD] Whyzdom - Blind? (Japanese Edition) - 2012, FLAC (image+.cue), lossless"
5245865,2,25102764,ECF5FC6A3A5CB142F3AA205FD1F5CE92CD4D80F4,498173373,1,2026-07-31 02:21:01,4,3,"{7,24,24,24,24,24,24,24,24,24,23,24,24,24,24,24,24,24,24,23,25,24,24,24,25,24,24,26,24,24,24}","{28,90,88,85,70,69,68,72,68,84,72,79,69,76,73,77,82,67,80,80,98,74,80,75,86,83,83,94,75,78,75}","(Gothic Metal) [CD] Sad Siberia - In The Ruins Of... Sad Siberia - 2007, FLAC (image+.cue), lossless"
5248681,2,1840441,9021BBD42B5C77A4039E63A2E42C37915F7EE3A3,358364394,1,2026-07-31 02:21:01,4,3,"{7,24,24,24,24,24,24,24,24,24,23,24,24,24,24,24,24,24,24,23,25,24,24,24,25,24,24,26,24,24,24}","{23,99,94,90,88,90,84,86,72,78,81,85,95,90,84,85,87,72,74,99,100,84,81,81,91,91,97,97,91,79,89}","(Neoclassical Gothic/Doom Metal) [WEB] Lanthanein - Lagrimas - 2016, FLAC (tracks), lossless"
5250653,2,13474449,21412DF06B821B879268C2CB864D6221E1FD723A,2519069688,1,2026-07-31 02:21:01,3,3,"{7,24,24,24,24,24,24,24,24,24,23,24,24,24,24,24,24,24,24,23,25,24,24,24,25,24,24,26,24,24,24}","{22,95,83,83,85,85,70,80,72,94,85,83,82,81,75,77,72,82,114,88,93,83,78,82,81,79,95,91,72,78,84}","(Gothic Metal, Dark Metal) [CD] Eden Weint Im Grab - коллекция 2008-2019 (6 альбомов), FLAC (image+.cue), lossless"
5254851,2,25102764,C7F457AC0B46C69B9EDCFF3D1B31E5FAEB4E170F,535025147,1,2026-07-31 02:21:01,3,3,"{7,24,24,24,24,24,24,24,24,24,23,24,24,24,24,24,24,24,24,23,25,24,24,24,25,24,24,26,24,24,24}","{23,80,74,77,65,62,55,64,64,68,57,69,57,55,64,67,61,61,71,69,76,69,67,71,75,71,85,76,68,62,63}","(Gothic Metal) [CD] WinterMoon - Down Under - 2007, FLAC (image+.cue), lossless"
5256783,2,2362882,2FF334151A4C5854308C1EDD214569A7CBA8B36F,2957960651,1,2026-07-31 02:21:01,12,3,"{7,24,24,24,24,24,24,24,24,24,23,24,24,24,24,24,24,24,24,23,25,24,24,24,25,24,24,26,24,24,24}","{86,321,392,291,285,388,319,295,354,299,269,259,347,409,332,349,288,288,316,308,405,305,267,281,303,264,317,361,280,317,321}","(Heavy Metal, Gothic Metal) [CD] Type O Negative - Selected Japanese editions of Type O Negative - 4х Albums - 1996-2007, FLAC (image+.cue), lossless"
5257175,2,13425447,2B0B0902C5F355D1306B61C4C9EDE023A4801389,158756806,1,2026-07-31 02:21:01,5,4,"{7,24,24,24,24,24,24,24,24,24,23,24,24,24,24,24,24,24,24,23,25,24,24,24,25,24,24,26,24,24,24}","{39,121,123,114,101,91,73,80,83,90,83,98,83,79,88,91,85,94,97,94,103,75,83,82,106,95,91,91,97,97,99}","(Symphonic Gothic Metal) [WEB] Tiarra - Le Monde des Tenebres (EP) - 2012, FLAC (tracks), lossless"
5257278,2,13425447,B4B39CD3D407AAC5A1E9909958E6F60C954A18D8,368722280,1,2026-07-31 02:21:01,3,3,"{7,24,24,24,24,24,24,24,24,24,23,24,24,24,24,24,24,24,24,23,25,24,24,24,25,24,24,26,24,24,24}","{23,80,79,80,67,62,59,69,64,68,65,76,62,55,66,67,62,63,77,77,74,71,71,72,75,71,86,76,72,68,68}","(Symphonic Extreme Metal) [WEB] Sariola - Sphere Of Thousand Sunsets (MMXII - V2.0) - 2012, FLAC (tracks), lossless"
5257281,2,13425447,250DDA69266228D5246FFFCE8F232A3808987775,155623547,1,2026-07-31 02:21:01,3,3,"{7,24,24,24,24,24,24,24,24,24,23,24,24,24,24,24,24,24,24,23,25,24,24,24,25,24,24,26,24,24,24}","{23,80,74,77,65,60,56,64,62,68,59,72,57,55,64,67,61,61,71,69,76,71,68,71,75,71,83,76,66,64,63}","(Symphonic Extreme Metal) [CD] Sariola - From the Dismal Sariola (EP) - 2014, FLAC (image+cue), lossless"
5257922,2,25102764,C80B33C47E3B7D0ED828F3D3ED5B1FF2C5A2CB84,185411215,1,2026-07-31 02:21:01,3,3,"{7,24,24,24,24,24,24,24,24,24,23,24,24,24,24,24,24,24,24,23,25,24,24,24,25,24,24,26,24,24,24}","{26,88,88,90,90,87,75,77,62,85,85,110,144,115,111,120,112,124,135,130,119,102,114,105,114,120,131,105,105,110,112}","(Gothic Doom Metal) [WEB] Rain Fell Within - Solemn Days (Demo) - 1998, FLAC (tracks), lossless"
5258022,2,1840441,2E816DB571E9ED9A5CB36CEB3A1789E5D81CBB26,116621694,1,2026-07-31 02:21:01,5,4,"{7,24,24,24,24,24,24,24,24,24,23,24,24,24,24,24,24,24,24,23,25,24,24,24,25,24,24,26,24,24,24}","{30,110,109,103,99,99,90,95,104,96,92,94,94,95,98,96,99,89,90,98,106,87,92,94,98,97,109,118,95,102,98}","(Atmospheric Gothic/Doom Metal) [WEB] Elegeion - Reignstorm (Single) - 2011, FLAC (tracks), lossless"
5258041,2,25102764,83FB71F3B5766D1CCB571CAEED1B9DBC1C1BD515,198385781,1,2026-07-31 02:21:01,3,3,"{7,24,24,24,24,24,24,24,24,24,23,24,24,24,24,24,24,24,24,23,25,24,24,24,25,24,24,26,24,24,24}","{24,96,91,91,82,77,78,82,69,83,83,88,75,77,80,86,80,69,66,74,75,71,71,72,76,72,85,76,71,60,75}","(Symphonic Doom/Death Metal) [WEB] Interitus - Interitus (Demo) - 1998, FLAC (tracks), lossless"
5258350,2,25102764,385361064E897BF13718BF4354D1038E35F3D806,522104268,1,2026-07-31 02:21:01,3,3,"{7,24,24,24,24,24,24,24,24,24,23,24,24,24,24,24,24,24,24,23,25,24,24,24,25,24,24,26,24,24,24}","{23,80,74,77,65,61,56,64,64,66,61,72,57,56,64,69,61,61,71,69,74,69,68,70,75,71,85,76,67,66,63}","(Gothic Doom Metal) [WEB] Euthanasia - Collection (3 Demos) - 1994-1997, FLAC (tracks), lossless"
5258380,2,1840441,67635B2305CA5F4D2BEEE2559715DECB73EE0BEC,310989514,1,2026-07-31 02:21:01,7,4,"{7,24,24,24,24,24,24,24,24,24,23,24,24,24,24,24,24,24,24,23,25,24,24,24,25,24,24,26,24,24,24}","{43,154,143,129,114,113,136,130,135,124,139,137,148,142,120,128,152,116,118,122,138,126,94,97,122,144,112,132,122,128,109}","(Symphonic/Gothic/Folk Metal) Interitus - Deborah - 2000, FLAC (image+.cue), lossless"
5258394,2,1840441,DD3B49395470AC7CC10294829CBB3DF59FBFCBF2,343562831,1,2026-07-31 02:21:01,5,3,"{7,24,24,24,24,24,24,24,24,24,23,24,24,24,24,24,24,24,24,23,25,24,24,24,25,24,24,26,24,24,24}","{31,116,100,97,86,80,94,98,106,98,94,105,119,107,102,101,107,75,87,100,106,88,78,78,92,96,98,108,84,90,92}","(Symphonic/Gothic/Folk Metal) Interitus - Srdce Krale - 2002, FLAC (image+.cue), lossless"
5258399,2,1840441,A43D4730DF7A61D20ED52D5119111DF3F74D8855,374315549,1,2026-07-31 02:21:01,6,4,"{7,24,24,24,24,24,24,24,24,24,23,24,24,24,24,24,24,24,24,23,25,24,24,24,25,24,24,26,24,24,24}","{38,140,125,117,106,112,115,119,126,101,118,121,131,131,122,102,111,95,95,107,115,99,92,96,101,104,108,119,110,106,102}","(Symphonic/Gothic/Folk Metal) Interitus - Frozen Darkness - 2005, FLAC (image+.cue), lossless"
5259730,2,1840441,0C2C453AC67A880C9A79905358E69440CAA86D96,132094509,1,2026-07-31 02:21:01,4,3,"{7,24,24,24,24,24,24,24,24,24,23,24,24,24,24,24,24,24,24,23,25,24,24,24,25,24,24,26,24,24,24}","{25,102,106,102,96,84,84,87,91,92,87,95,81,89,94,90,98,85,84,92,103,84,91,91,90,78,85,95,81,88,90}","(Gothic/Doom Metal) Eventide - Subalterns (EP) - 1999, FLAC (image+.cue), lossless"
5260386,2,25102764,DBF646A1970657D50F695E16EE57270800B4A6F1,208118597,1,2026-07-31 02:21:01,3,3,"{7,24,24,24,24,24,24,24,24,24,23,24,24,24,24,24,24,24,24,23,25,24,24,24,25,24,24,26,24,24,24}","{23,80,74,77,65,62,56,64,63,68,61,70,57,55,64,67,61,61,71,69,76,70,69,71,75,71,85,76,64,61,63}","(Gothic Dark Metal) [WEB] Locus Anim&#230; (Locus Animae) - Prima Che Sorga Il Sole (EP) - 2016, FLAC (tracks), lossless"
5262359,2,25102764,A72FC869857E6DBAEA39510948A2C699E5948FB7,761055320,1,2026-07-31 02:21:01,3,3,"{7,24,24,24,24,24,24,24,24,24,23,24,24,24,24,24,24,24,24,23,25,24,24,24,25,24,24,26,24,24,24}","{26,80,75,77,65,62,55,64,63,68,61,71,57,55,64,67,61,61,71,69,76,70,69,71,75,71,86,76,65,63,63}","(Symphonic Black / Gothic Metal) [CD] AmethistA - Realitale - 2006, FLAC (image+.cue), lossless"
5262944,2,1439008,95E98233760258CAD99E714FABAD55C6251031B1,489705878,1,2026-07-31 02:21:01,4,3,"{7,24,24,24,24,24,24,24,24,24,23,24,24,24,24,24,24,24,24,23,25,24,24,24,25,24,24,26,24,24,24}","{28,102,90,102,100,125,109,95,96,110,94,102,107,112,101,98,102,99,94,112,114,95,92,89,122,100,148,121,108,104,104}","(Heavy / Gothic Metal) [CD] Charon - Songs For The Sinners (Japan WBEX-25012) - 2005, FLAC (image+.cue), lossless"
5265653,2,25102764,1A34BF2E39521207DB204320E6A149E5740EC7B0,721872841,1,2026-07-31 02:21:01,3,3,"{7,24,24,24,24,24,24,24,24,24,23,24,24,24,24,24,24,24,24,23,25,24,24,24,25,24,24,26,24,24,24}","{23,80,74,77,65,59,59,66,64,68,60,70,57,55,64,67,61,61,71,69,75,69,69,71,75,71,86,76,65,65,63}","(Symphonic Black / Gothic Metal) [CD] Meza Virs - Vida Sacrificium Meum Est - 2006, FLAC (image+.cue), lossless"
5273569,2,8627056,317FD24A4EDF4C5EB368950CDACDF8F3FC93311D,306833497,1,2026-07-31 02:21:01,3,3,"{7,24,24,24,24,24,24,24,24,24,23,24,24,24,24,24,24,24,24,23,25,24,24,24,25,24,24,26,24,24,24}","{24,92,85,88,72,66,64,71,72,79,67,78,73,79,79,73,73,68,82,94,95,77,84,73,88,90,88,94,101,78,76}","(Industrial) [WEB] Mortiis - Geisteskrank - 2016, FLAC (tracks), lossless"
5275305,2,41235594,E77DF88D5437E4319DAD708060DC53A2162EF7E0,342770924,1,2026-07-31 02:21:01,6,4,"{7,24,24,24,24,24,24,24,24,24,23,24,24,24,24,24,24,24,24,23,25,24,24,24,25,24,24,26,24,24,24}","{38,119,106,105,105,121,111,101,99,109,95,100,81,74,76,76,67,69,78,78,94,69,89,91,94,99,105,115,93,94,86}","(Gothic Metal, Gothic Rock) [CD] Lacrimas Profundere - Hope Is Here - 2016, FLAC (image+.cue), lossless"
5286568,2,1840441,F8F4C7DF367E1C209D789CE302E6E3C6C08467F6,477764843,1,2026-07-31 02:21:01,9,3,"{7,24,24,24,24,24,24,24,24,24,23,24,24,24,24,24,24,24,24,23,25,24,24,24,25,24,24,26,24,24,24}","{61,211,211,239,248,259,254,214,202,201,199,155,149,211,187,242,250,265,220,192,243,204,193,199,199,195,201,251,165,123,136}","(Gothic Metal) Theatre of Tragedy - Assembly (Remastered) - 2002/2009, FLAC (image+.cue), lossless"
5289666,2,2414360,31411F5E0D72B0114FB57C745DDCA8C45AF20ACC,365218279,1,2026-07-31 02:21:01,7,4,"{7,24,24,24,24,24,24,24,24,24,23,24,24,24,24,24,24,24,24,23,25,24,24,24,25,24,24,26,24,24,24}","{43,168,155,161,128,149,144,129,144,129,130,127,147,145,123,145,113,126,127,154,168,145,149,170,183,157,175,202,152,184,168}","(Gothic Metal) [CD] Nemesea - Uprise (Limited Edition Digipak) - 2016, FLAC (tracks+.cue), lossless"
5293249,8,25191754,12D1D577E81135A33DA6C0CE10B5A98A78CBFCE2,373035149,1,2026-07-31 02:21:01,6,4,"{7,24,24,24,24,24,24,24,24,24,23,24,24,24,24,24,24,24,24,23,25,24,24,24,25,24,24,26,24,24,24}","{44,155,174,125,123,127,128,98,112,96,107,139,140,122,118,123,107,121,122,125,131,93,96,103,135,133,128,143,145,121,133}","(Doom Metal, Gothic Metal) [CD] Lake Of Tears - Greatest Tears Vol. I (Black Mark BMCD174) - 2004, FLAC (image+.cue), lossless"
5293846,2,2414360,30B57BBFFDD44B3D42107096C864F5B622F3D71B,986277675,1,2026-07-31 02:21:01,3,3,"{7,24,24,24,24,24,24,24,24,24,23,24,24,24,24,24,24,24,24,23,25,24,24,24,25,24,24,26,24,24,24}","{27,101,96,100,95,88,91,79,82,82,100,98,121,91,91,103,98,98,92,98,139,106,99,126,123,119,156,117,104,102,106}","(Symphonic Metal) [WEB] After Forever - Remagine (The Album - The Sessions) - 2015, FLAC (tracks), lossless"
5297951,8,25191754,F53DED2299C61C4989851701E044C08CF5650877,394508028,1,2026-07-31 02:21:01,6,4,"{7,24,24,24,24,24,24,24,24,24,23,24,24,24,24,24,24,24,24,23,25,24,24,24,25,24,24,26,24,24,24}","{43,153,170,125,121,123,121,101,112,96,108,132,126,119,116,123,107,119,122,116,126,97,100,104,134,125,119,134,135,118,132}","(Doom Metal, Gothic Metal) [CD] Lake Of Tears - Greatest Tears Vol. II (Black Mark BMCD175) - 2004, FLAC (image+.cue), lossless"
5301165,2,25428785,06ADEED70723358C6D8CD29521C7B1E3DA1619B4,323961471,1,2026-07-31 02:21:01,10,4,"{7,24,24,24,24,24,24,24,24,24,23,24,24,24,24,24,24,24,24,23,25,24,24,24,25,24,24,26,24,24,24}","{70,220,218,211,167,149,138,134,159,147,147,127,149,150,142,167,182,173,171,156,174,151,128,138,154,146,144,148,125,122,120}","(Gothic metal) [CD] Theatres des Vampires - Candyland - 2016, FLAC (image+.cue), lossless"
5303234,2,25428785,EF360E705A4B24B01E73A62E4B553436EAFD70AD,383438772,1,2026-07-31 02:21:01,7,3,"{7,24,24,24,24,24,24,24,24,24,23,24,24,24,24,24,24,24,24,23,25,24,24,24,25,24,24,26,24,24,24}","{52,179,177,189,191,183,175,199,206,200,184,183,188,198,192,187,185,190,201,184,201,170,170,180,198,183,194,202,177,161,165}","(Progressive Metal / Female Vocal) [WEB] Madder Mortem - Red in Tooth and Claw - 2016, FLAC (tracks), lossless"
5303515,2,7663435,2BC3EA71037BC4BB36400DCB89B1CD32CCF80D94,3891408035,1,2026-07-31 02:21:01,5,4,"{7,24,24,24,24,24,24,24,24,24,23,24,24,24,24,24,24,24,24,23,25,24,24,24,25,24,24,26,24,24,24}","{35,135,132,136,109,98,92,98,113,102,93,107,121,99,96,107,96,119,100,93,115,106,103,86,92,83,94,103,91,97,89}","(Gothic Metal [early]/Alternative Metal [now]) Entwine - Дискография 1999-2015 (Дискография, 10 CD), FLAC (image+.cue), lossless"
5304292,2,7178046,2F6DE71B973EF28C742D185D2FF75784092DE852,668802931,1,2026-07-31 02:21:01,3,3,"{7,24,24,24,24,24,24,24,24,24,23,24,24,24,24,24,24,24,24,23,25,24,24,24,25,24,24,26,24,24,24}","{24,90,86,98,75,80,88,74,74,74,64,90,88,71,77,90,78,61,70,94,97,74,81,75,91,85,93,107,71,73,78}","(Symphonic/Melodic Death/Power Metal) [CD] Far Beyond - A Frozen Flame Of Ice - 2016, FLAC (image+.cue), lossless"
5317627,2,1148206,BC8583AA09D72424316175EDE20BBE7CDA5877BF,488897389,1,2026-07-31 02:21:01,4,3,"{7,24,24,24,24,24,24,24,24,24,23,24,24,24,24,24,24,24,24,23,25,24,24,24,25,24,24,26,24,24,24}","{32,122,117,113,96,108,92,96,83,100,91,95,92,101,104,98,107,104,94,83,106,100,101,114,111,122,125,130,108,114,118}","(Symphonic Gothic/Groove Metal) [CD] Devilment - II - Mephisto Waltzes - 2016, FLAC (image+.cue), lossless"
5318329,2,22509202,E76A9C93913B887493ADD6BDE4506D19D66BCB95,16591356675,1,2026-07-31 02:21:01,18,3,"{7,24,24,24,24,24,24,24,24,24,23,24,24,24,24,24,24,24,24,23,25,24,24,24,25,24,24,26,24,24,24}","{120,456,510,543,538,590,533,513,547,600,560,639,618,501,407,438,430,498,583,549,540,456,470,525,641,630,584,614,609,600,566}","(Gothic Metal | Darkwave | Symphonic Metal | Dark Gothic Metal | Neue Deutsche Todeskunst | Modern Classical) [CD] Lacrimosa - Discography [54 Releases] - 1991 - 2017, FLAC, APE (image+.cue), lossless"
5323762,2,2414360,CC6F7D870D89BD6588B031000DF7EEFDD068838B,28201707,1,2026-07-31 02:21:01,6,4,"{7,24,24,24,24,24,24,24,24,24,23,24,24,24,24,24,24,24,24,23,25,24,24,24,25,24,24,26,24,24,24}","{42,158,158,155,145,137,143,150,122,122,127,133,141,133,144,133,135,136,136,135,136,121,104,105,115,124,138,152,144,127,137}","(Alternative Metal) [WEB] Lacuna Coil - Naughty Christmas (Single) - 2016, FLAC (tracks), lossless"
5332291,2,6621436,EE730AFD1FF67401ADEC5A57EFEA36C14A5CC219,373015540,1,2026-07-31 02:21:01,4,4,"{7,24,24,24,24,24,24,24,24,24,23,24,24,24,24,24,24,24,24,23,25,24,24,24,25,24,24,26,24,24,24}","{31,96,96,92,77,75,75,80,84,90,83,96,81,79,88,91,85,93,96,87,99,77,80,83,91,85,91,102,91,87,87}","(Symphonic Gothic Metal) [WEB] Whispering Woods - Fairy Woods I Reimagined (Remixed And Remastered). - 2015, FLAC (tracks), lossless"
5334975,2,7808983,B753EC5A35AD79CB970E1AA8E3874A2457D368FD,879251015,1,2026-07-31 02:21:01,15,4,"{7,24,24,24,24,24,24,24,24,24,23,24,24,24,24,24,24,24,24,23,25,24,24,24,25,24,24,26,24,24,24}","{114,346,311,289,231,277,266,309,321,303,303,304,337,371,349,328,272,307,325,312,333,311,245,304,337,358,335,350,350,318,323}","(Gothic Metal / Heavy Metal) [CD] Type O Negative - Life Is Killing Me (Limited Edition) - 2003, FLAC (image+.cue), lossless"
5344898,2,5171569,572E9ED840F33045DF2F89324207EEED284F874B,288589561,1,2026-07-31 02:21:01,4,3,"{7,24,24,24,24,24,24,24,24,24,23,24,24,24,24,24,24,24,24,23,25,24,24,24,25,24,24,26,24,24,24}","{28,105,102,103,79,80,91,81,86,95,85,96,84,90,88,95,92,92,93,86,95,84,90,89,98,85,91,101,83,98,85}","(Progressive Gothic Metal) [CD] Without Face - Deep Inside - 2000, FLAC (image+.cue), lossless"
5346073,2,25102764,98D635785471A6214841CAADB467187F16F77A3D,660894812,1,2026-07-31 02:21:01,4,4,"{7,24,24,24,24,24,24,24,24,24,23,24,24,24,24,24,24,24,24,23,25,24,24,24,25,24,24,26,24,24,24}","{28,96,95,102,99,98,71,72,84,90,85,96,98,81,88,91,85,90,96,92,100,75,85,83,89,96,108,102,91,95,97}","(Gothic Doom/Death Metal) [CD] Morbydia - Saturnia (Compilation) - 2016, FLAC (image+.cue), lossless"
5347574,2,32794053,39AD1F30543EA268247D0151CADEF72FC4744ABA,765303614,1,2026-07-31 02:21:01,9,3,"{7,24,24,24,24,24,24,24,24,24,23,24,24,24,24,24,24,24,24,23,25,24,24,24,25,24,24,26,24,24,24}","{83,330,351,379,403,436,409,359,390,433,402,388,444,443,439,469,418,419,375,394,389,329,299,358,380,366,361,343,309,329,305}","(Symphonic Metal) [CD] Xandria - Theater Of Dimensions (Limited Edition 2 CD) - 2017, FLAC (image+.cue), lossless"
5347628,2,2414360,368D55EA81ACA60222C7D083A6A5085007A3FA79,471718894,1,2026-07-31 02:21:01,4,3,"{7,24,24,24,24,24,24,24,24,24,23,24,24,24,24,24,24,24,24,23,25,24,24,24,25,24,24,26,24,24,24}","{29,113,105,90,90,91,87,95,82,86,91,94,92,95,88,95,92,89,94,96,94,76,68,71,77,78,91,102,86,90,87}","(Gothic Metal) [WEB] The Murder of My Sweet - Echoes of the Aftermath - 2017, FLAC (tracks), lossless"
5348849,2,5706460,7E78DDC0D5F147E548C8CA6BCB31B8868D08A188,883171707,1,2026-07-31 02:21:01,3,3,"{7,24,24,24,24,24,24,24,24,24,23,24,24,24,24,24,24,24,24,23,25,24,24,24,25,24,24,26,24,24,24}","{33,114,107,105,78,99,74,83,62,95,80,82,89,87,95,96,91,75,75,97,91,84,82,86,88,93,105,96,89,87,92}","(Gothic Metal, Alternative Metal, Female Vocals) September Mourning - Discography: 3 Albums (2012-2016), FLAC (image+.cue), lossless"
5353112,2,25102764,112C4FDDA5B612D00D2A84A444EE0B4E4F163914,96425292,1,2026-07-31 02:21:01,3,3,"{7,24,24,24,24,24,24,24,24,24,23,24,24,24,24,24,24,24,24,23,25,24,24,24,25,24,24,26,24,24,24}","{23,81,78,78,67,65,60,70,63,68,65,76,63,55,67,67,63,64,78,77,75,69,70,71,74,71,86,76,73,61,69}","(Gothic Metal) [WEB] OceanWaves - Demo (Demo) - 2015, FLAC (tracks), lossless"
5353136,2,25102764,7DAEC4926842094C7017CB77AB36215CADD1839E,183410610,1,2026-07-31 02:21:01,3,3,"{7,24,24,24,24,24,24,24,24,24,23,24,24,24,24,24,24,24,24,23,25,24,24,24,25,24,24,26,24,24,24}","{23,81,77,77,67,63,57,70,62,68,66,76,62,55,66,67,63,64,78,77,76,73,70,72,77,72,84,76,68,64,70}","(Gothic Dark Metal) [WEB] Akathisia - First Impact (Demo) - 2014, FLAC (tracks), lossless"
5353553,2,1840441,593DE50449AD90E9A5BE3C81B6F55B3198F95B87,335064487,1,2026-07-31 02:21:01,5,3,"{7,24,24,24,24,24,24,24,24,24,23,24,24,24,24,24,24,24,24,23,25,24,24,24,25,24,24,26,24,24,24}","{33,121,145,142,121,144,141,139,131,117,117,130,142,152,115,138,132,112,140,158,163,124,123,127,132,146,152,147,118,118,107}","(Symphonic Gothic Metal) Tears of Magdalena - Myths and Legends - 2008, FLAC (image+.cue), lossless"
5353575,2,1840441,2110E90FE9860D742466955E5953AADF8E689E0B,463864953,1,2026-07-31 02:21:01,4,3,"{7,24,24,24,24,24,24,24,24,24,23,24,24,24,24,24,24,24,24,23,25,24,24,24,25,24,24,26,24,24,24}","{25,94,91,88,74,74,69,76,72,72,72,90,97,97,94,90,98,85,84,92,103,85,92,91,94,97,101,101,75,85,79}","(Gothic Metal/Rock) Setanera - New Era - 2015, FLAC (image+.cue), lossless"
5354958,2,4726738,845F64B973A57F206AA1DBFD3DDED80CD61C40D9,6515710622,1,2026-07-31 02:21:01,12,3,"{7,24,24,24,24,24,24,24,24,24,23,24,24,24,24,24,24,24,24,23,25,24,24,24,25,24,24,26,24,24,24}","{82,277,284,258,276,297,297,311,322,316,304,360,314,315,265,299,246,237,279,242,262,272,276,278,312,335,299,306,294,307,299}","(Symphonic Gothic Metal) [CD] Delain - Collection - 2006-2019, (14 CDs), FLAC (image+.cue), lossless"
5356389,2,1840441,32623F612AC66E35C35EE7C31BCF6858615A4B52,333347249,1,2026-07-31 02:21:01,4,3,"{7,24,24,24,24,24,24,24,24,24,23,24,24,24,24,24,24,24,24,23,25,24,24,24,25,24,24,26,24,24,24}","{25,92,83,88,75,67,61,76,71,73,71,84,77,73,79,76,81,72,83,82,93,72,79,75,88,80,85,94,78,87,78}","(Gothic Metal) Revenience - Daedalum - 2016, FLAC (image+.cue), lossless"
5357361,2,13671866,0082011381A1860F1A7B90B5D13D9A8338F293E1,498692997,1,2026-07-31 02:21:01,4,3,"{7,24,24,24,24,24,24,24,24,24,23,24,24,24,24,24,24,24,24,23,25,24,24,24,25,24,24,26,24,24,24}","{28,96,95,85,77,72,74,80,80,90,84,96,81,79,89,91,85,85,95,87,97,76,86,84,92,85,91,102,82,89,87}","(Gothic Metal) Martyr Lucifer - Farewell to Graveland - 2011, FLAC (image+.cue), lossless"
5359831,2,4726738,D47180CE3A96E8A8EE98F8808FE15AFB1E80F32C,1069699347,1,2026-07-31 02:21:01,4,3,"{7,24,24,24,24,24,24,24,24,24,23,24,24,24,24,24,24,24,24,23,25,24,24,24,25,24,24,26,24,24,24}","{31,96,97,112,104,132,116,110,119,104,84,101,105,92,102,104,94,121,123,129,143,105,96,83,96,86,97,102,96,90,92}","(Gothic Metal) [CD] UnSun - The End Of Life/Clinic For Dolls (Japan Editions) - 2008-2010, FLAC (image+.cue), lossless"
5363530,2,4726738,092ED03EE7ACDEB0B923E06CCF78E1CBDB512394,1770100218,1,2026-07-31 02:21:01,5,4,"{7,24,24,24,24,24,24,24,24,24,23,24,24,24,24,24,24,24,24,23,25,24,24,24,25,24,24,26,24,24,24}","{36,137,127,111,111,109,111,113,103,98,109,105,116,115,103,123,113,119,118,96,102,95,87,83,89,85,98,105,96,96,98}","(Symphonic Metal) [CD] The Murder Of My Sweet - Collection (Japan Editions) - 2010-2015, (3 CDs), FLAC (image+.cue), lossless"
5364173,2,1840441,9FBC19D36FF55C46A1E2AEF57452B2389FD7DC31,321063049,1,2026-07-31 02:21:01,6,3,"{7,24,24,24,24,24,24,24,24,24,23,24,24,24,24,24,24,24,24,23,25,24,24,24,25,24,24,26,24,24,24}","{37,130,126,121,109,99,103,99,92,91,91,95,89,93,89,82,91,90,110,91,108,87,82,89,92,89,103,110,87,98,90}","(Gothic/Doom Metal) Octavia Sperati - Winter Enclosure - 2005, FLAC (image+.cue), lossless"
5364180,2,1840441,03A325F1138F7BC72A055058849BB0D3DE3DA5C7,338644950,1,2026-07-31 02:21:01,6,3,"{7,24,24,24,24,24,24,24,24,24,23,24,24,24,24,24,24,24,24,23,25,24,24,24,25,24,24,26,24,24,24}","{37,127,126,124,109,102,106,99,95,91,87,91,88,91,88,82,91,85,110,91,108,86,85,89,91,92,96,107,88,94,92}","(Gothic/Doom Metal) Octavia Sperati - Grace Submerged - 2007, FLAC (image+.cue), lossless"
5364899,2,8627056,16041E1113D6195A1595EE4B70B4F8F0898C7D1E,151090432,1,2026-07-31 02:21:01,3,3,"{7,24,24,24,24,24,24,24,24,24,23,24,24,24,24,24,24,24,24,23,25,24,24,24,25,24,24,26,24,24,24}","{21,107,95,93,72,76,77,80,83,76,72,70,75,65,68,68,64,61,71,69,75,79,77,72,84,75,87,88,80,77,69}","(Industrial) [WEB] Mortiis - The Great Leap (Single) - 2017, FLAC (tracks), lossless"
5366168,2,4726738,0D3C59CDC4EDDA3E615FB283DC849B56FA2DAEB4,413518077,1,2026-07-31 02:21:01,3,3,"{7,24,24,24,24,24,24,24,24,24,23,24,24,24,24,24,24,24,24,23,25,24,24,24,25,24,24,26,24,24,24}","{21,88,87,84,71,72,78,68,74,75,84,90,81,78,71,76,82,90,89,93,101,88,88,77,78,73,97,109,94,83,63}","(Symphonic Gothic Metal) [CD] Winter In Eden - Court Of Conscience - 2014, FLAC (image+.cue), lossless"
5367836,2,2414360,2422CD0787BADD968A664D5701213F9285D896B0,390508802,1,2026-07-31 02:21:01,3,3,"{7,24,24,24,24,24,24,24,24,24,23,24,24,24,24,24,24,24,24,23,25,24,24,24,25,24,24,26,24,24,24}","{24,94,87,91,82,86,86,74,79,81,82,93,91,84,77,78,89,99,97,107,110,101,89,84,88,91,102,118,106,105,90}","(Symphonic Gothic Metal) [CD] Winter In Eden - Awakening - 2010, FLAC (tracks+.cue), lossless"
5371818,2,1840441,19581901FCC8F1409321DA8CEFB825F04A742E60,343605948,1,2026-07-31 02:21:01,4,3,"{7,24,24,24,24,24,24,24,24,24,23,24,24,24,24,24,24,24,24,23,25,24,24,24,25,24,24,26,24,24,24}","{25,93,90,90,76,73,76,81,90,91,96,97,108,96,99,92,106,94,94,104,105,82,76,74,89,78,86,94,80,77,78}","(Gothic Metal) Reveries End - Edge of Dark Waters - 2016, FLAC (image+.cue), lossless"
5371823,2,1840441,D203D4A5A7DC810C05477690F4E3075F9D624E8E,400015331,1,2026-07-31 02:21:01,5,3,"{7,24,24,24,24,24,24,24,24,24,23,24,24,24,24,24,24,24,24,23,25,24,24,24,25,24,24,26,24,24,24}","{30,118,112,102,87,79,74,84,77,73,76,81,81,71,76,78,81,78,86,82,92,74,74,73,92,78,85,95,76,86,78}","(Gothic Metal) Memoria - The Timelessness - 2003, FLAC (image+.cue), lossless"
5375429,2,25102764,27FA971418EEA5A23B941C9B933EA6BF8277F0D0,949843025,1,2026-07-31 02:21:01,3,3,"{7,24,24,24,24,24,24,24,24,24,23,24,24,24,24,24,24,24,24,23,25,24,24,24,25,24,24,26,24,24,24}","{22,96,98,101,79,79,72,75,72,85,79,86,74,79,88,84,85,78,67,77,101,82,83,76,92,90,100,107,88,87,83}","(Gothic Metal) Aggelos - Discography (2 CD) - 2011-2016, FLAC (image+.cue), lossless"
5382848,2,1840441,4DB9B6255E061FE0FB59C30074A41C14BB5265D5,162753454,1,2026-07-31 02:21:01,4,3,"{7,24,24,24,24,24,24,24,24,24,23,24,24,24,24,24,24,24,24,23,25,24,24,24,25,24,24,26,24,24,24}","{28,93,86,89,79,78,64,79,74,72,74,81,84,71,78,76,83,64,67,85,94,81,77,76,89,85,88,94,82,85,80}","(Gothic Metal) [WEB] Pergana - The Mirror of Silence (EP) - 2011, FLAC (tracks), lossless"
5383371,2,4726738,B3010C99B4BFFA2845642717C883E3DF5C03FB2E,509583948,1,2026-07-31 02:21:01,3,3,"{7,24,24,24,24,24,24,24,24,24,23,24,24,24,24,24,24,24,24,23,25,24,24,24,25,24,24,26,24,24,24}","{23,80,74,77,65,58,60,64,64,67,61,70,57,55,64,67,61,61,71,69,75,70,70,71,75,71,85,76,65,63,63}","(Symphonic Gothic/Progressive Metal) [CD] Gates Of Oblivion - Mirrored Reflections - 2012, FLAC (image+.cue), lossless"
5383872,2,4726738,7ED4111EA0820A8E0C8903B7BCE01A89B9A4293A,307285798,1,2026-07-31 02:21:01,3,3,"{7,24,24,24,24,24,24,24,24,24,23,24,24,24,24,24,24,24,24,23,25,24,24,24,25,24,24,26,24,24,24}","{23,80,75,78,68,63,59,64,69,68,61,81,73,55,64,75,74,61,87,81,91,77,70,71,85,83,86,87,68,64,71}","(Gothic Metal) [CD] Confligo - The Edge Of Pain - 2003, FLAC (image+.cue), lossless"
5384935,2,13425447,10EC2DB0204F29D0B347FE8D4C2550134BBCC6EF,625349318,1,2026-07-31 02:21:01,6,4,"{7,24,24,24,24,24,24,24,24,24,23,24,24,24,24,24,24,24,24,23,25,24,24,24,25,24,24,26,24,24,24}","{42,152,145,135,123,130,125,121,124,129,117,127,134,130,128,120,120,120,120,127,132,112,115,124,125,120,144,140,154,144,143}","(Symphonic Gothic Metal) [WEB] Sirenia - Perils of the Deep Blue (Web edition with track &quot;Once A Star&quot;) - 2013, FLAC (tracks), lossless"
5384936,2,13425447,8F3751E138ABD36BD31536DD15673F90B5BA1A4B,466901140,1,2026-07-31 02:21:01,4,3,"{7,24,24,24,24,24,24,24,24,24,23,24,24,24,24,24,24,24,24,23,25,24,24,24,25,24,24,26,24,24,24}","{28,96,96,94,77,74,75,86,84,90,84,95,81,79,88,91,85,85,95,87,97,80,87,84,92,85,90,102,90,91,87}","(Symphonic Gothic Metal) [WEB] Sirenia - The Enigma of Life (Web edition with bonus track) - 2011, FLAC (tracks), lossless"
5384943,2,13425447,D9B894E188FB5F420229978CACEAF6C0B2D8F831,52035863,1,2026-07-31 02:21:01,3,3,"{7,24,24,24,24,24,24,24,24,24,23,24,24,24,24,24,24,24,24,23,25,24,24,24,25,24,24,26,24,24,24}","{23,80,77,77,68,65,59,69,63,68,63,76,62,55,66,67,62,66,77,76,76,71,69,73,75,72,84,76,73,66,68}","(Gothic Metal) [WEB] M&#248;rke (Morke) - Insanity (single) - 2017, FLAC (tracks), lossless"
5391147,2,25102764,4632E9BD51A2873B53F1B5D27C123C72F0F8998D,220951769,1,2026-07-31 02:21:01,3,3,"{7,24,24,24,24,24,24,24,24,24,23,24,24,24,24,24,24,24,24,23,25,24,24,24,25,24,24,26,24,24,24}","{24,89,85,84,71,66,70,77,66,79,72,80,78,73,76,75,75,69,87,89,92,78,78,73,86,85,86,93,79,77,77}","(Gothic Metal) [WEB] Magilum - &#304;nsanlar&#305;n Aras&#305;ndas&#305;n! (EP) - 2013, FLAC (tracks), lossless"
5391591,8,8627056,AECE6E9D97EFB04279BC33F13BCF2D3FCB75727D,1059432259,1,2026-07-31 02:21:01,4,3,"{7,24,24,24,24,24,24,24,24,24,23,24,24,24,24,24,24,24,24,23,25,24,24,24,25,24,24,26,24,24,24}","{28,96,106,92,77,73,75,80,85,89,83,93,84,81,84,87,82,78,68,83,98,75,99,82,91,97,93,102,86,83,87}","(Industrial) [WEB] Mortiis - The Great Corrupter - 2017, FLAC (tracks), lossless"
5394241,2,4726738,9EAFB99B0C58896E6EEF2735DDFFC5BD2E8485C9,2211365303,1,2026-07-31 02:21:01,16,4,"{7,24,24,24,24,24,24,24,24,24,23,24,24,24,24,24,24,24,24,23,25,24,24,24,25,24,24,26,24,24,24}","{92,376,334,332,302,365,384,339,353,324,334,327,359,369,305,316,325,353,332,326,327,277,294,290,287,250,326,343,262,271,282}","(Melodic Symphonic Metal) [CD] Lunatica - Discography - 2001-2009, (5 CDs), FLAC (image+.cue), lossless"
5400915,2,4726738,09E09AE8D214389D7BC7F500BD6538BAC38ACAB1,331550069,1,2026-07-31 02:21:01,3,3,"{7,24,24,24,24,24,24,24,24,24,23,24,24,24,24,24,24,24,24,23,25,24,24,24,25,24,24,26,24,24,24}","{23,89,81,81,69,65,62,71,70,77,68,77,73,74,73,74,74,69,81,81,94,73,78,74,86,83,85,93,77,76,72}","(Gothic/Symphonic Metal) [CD] Cella'Door - D&#228;mmerung (Dammerung)- 2015, FLAC (image+.cue), lossless"
5405479,2,6474837,096770AD003EE750D1677A985F5B2C41764A5ED7,335283370,1,2026-07-31 02:21:01,7,4,"{7,24,24,24,24,24,24,24,24,24,23,24,24,24,24,24,24,24,24,23,25,24,24,24,25,24,24,26,24,24,24}","{52,189,184,174,160,156,144,126,140,132,137,168,147,136,132,130,126,156,182,162,169,143,127,141,175,170,159,154,169,169,172}","(Old School Gothic Metal) [CD] Gothic (Rom) - Demons - 2017, FLAC (image+.cue), lossless"
5406028,2,25102764,AEEEA48AE626C0C25B4AF624FC3D261405A7E7C3,148369587,1,2026-07-31 02:21:01,3,3,"{7,24,24,24,24,24,24,24,24,24,23,24,24,24,24,24,24,24,24,23,25,24,24,24,25,24,24,26,24,24,24}","{22,90,78,77,73,66,67,77,72,80,77,78,71,64,64,72,71,75,86,78,80,71,77,80,76,71,89,87,72,81,77}","(Gothic Dark Metal) [WEB] Egrimonia - Along The Path Of Diversity (Demo) - 2008, FLAC (tracks), lossless"
5406051,2,25102764,88C94960837FF6C04C81FAD25FD1930B5F754F89,133304541,1,2026-07-31 02:21:01,3,3,"{7,24,24,24,24,24,24,24,24,24,23,24,24,24,24,24,24,24,24,23,25,24,24,24,25,24,24,26,24,24,24}","{23,81,77,77,67,65,57,70,62,68,66,76,63,55,66,67,63,64,78,77,75,68,67,72,75,71,86,76,74,68,69}","(Gothic Metal) [WEB] Bloodforge - Screaming Voices (EP) (Reissue) - 2017 (2010), FLAC (tracks), lossless"
5406915,2,25102764,DEF45D8669454B2947E612DE833E895CEDA7317C,439996138,1,2026-07-31 02:21:01,3,3,"{7,24,24,24,24,24,24,24,24,24,23,24,24,24,24,24,24,24,24,23,25,24,24,24,25,24,24,26,24,24,24}","{23,80,74,77,65,59,57,64,64,68,60,71,57,55,64,67,61,61,71,69,75,68,66,71,75,71,85,76,68,66,63}","(Gothic Metal) Wishing Well - Discography (4 WEB) - 2001-2005, FLAC (tracks), lossless"
5407304,2,25102764,9E39172B5DBDDBAFC9EE76B97C17CE72A07DD8FE,1120611570,1,2026-07-31 02:21:01,3,3,"{7,24,24,24,24,24,24,24,24,24,23,24,24,24,24,24,24,24,24,23,25,24,24,24,25,24,24,26,24,24,24}","{23,80,75,77,65,64,66,64,64,68,61,72,57,70,64,67,61,61,71,69,76,76,80,78,75,81,88,76,64,65,63}","(Atmospheric Gothic Metal) [WEB] Arcane Dimension (Halcyon Days) - Collection (3 Releases) - 2004-2010, FLAC (tracks), lossless"
5411204,2,1840441,E5302970433805841B3D2F8C3B2589E80428AA6B,484041415,1,2026-07-31 02:21:01,14,3,"{7,24,24,24,24,24,24,24,24,24,23,24,24,24,24,24,24,24,24,23,25,24,24,24,25,24,24,26,24,24,24}","{96,356,338,348,330,355,350,322,276,240,214,250,263,266,278,319,336,318,302,280,316,264,333,331,362,325,321,379,350,345,341}","(Gothic Metal) [CD] Theatre Of Tragedy - Aegis (Limited Digipak) - 1998, FLAC (image+.cue), lossless"
5413485,2,1840441,335738DC55398EE8A5E3C0C33EEDAE1A4283B153,425381670,1,2026-07-31 02:21:01,6,4,"{7,24,24,24,24,24,24,24,24,24,23,24,24,24,24,24,24,24,24,23,25,24,24,24,25,24,24,26,24,24,24}","{40,136,131,123,115,107,103,108,104,92,102,111,118,112,108,105,116,105,108,110,116,103,92,91,98,94,106,124,112,113,111}","(Gothic Metal) [CD] Where Angels Fall - Redemption - 2014, FLAC (image+.cue), lossless"
5415188,2,25102764,06D6207F5C75FB3D9B4B539598021B282941A32C,141922847,1,2026-07-31 02:21:01,3,3,"{7,24,24,24,24,24,24,24,24,24,23,24,24,24,24,24,24,24,24,23,25,24,24,24,25,24,24,26,24,24,24}","{23,80,74,85,77,72,61,64,63,68,74,95,81,57,64,69,61,76,95,87,79,67,69,71,86,85,92,76,77,82,80}","(Gothic Doom Metal) [WEB] Dark Embrace - Tears Of Pain (Demo) (Remastered) - 2014 (1995), FLAC (tracks), lossless"
5415888,2,4726738,450FD21F06DDDC46053A4C5C0E543583E23531BF,17304013886,1,2026-07-31 02:21:01,14,2,"{7,24,24,24,24,24,24,24,24,24,23,24,24,24,24,24,24,24,24,23,25,24,24,24,25,24,24,26,24,24,24}","{105,364,364,371,430,420,419,358,357,383,398,425,440,402,350,312,293,293,329,369,376,301,311,377,399,397,422,378,365,347,409}","(Symphonic Gothic Metal) [CD] Epica - Collection - 2003-2021 (40 CDs), FLAC (image+.cue), lossless"
5418666,2,2414360,02596441F408D46C5B5F5538B694916489C1F5D3,1410334819,1,2026-07-31 02:21:01,3,3,"{7,24,24,24,24,24,24,24,24,24,23,24,24,24,24,24,24,24,24,23,25,24,24,24,25,24,24,26,24,24,24}","{23,80,74,77,65,64,64,73,73,75,68,77,70,71,72,76,68,70,81,80,84,73,77,74,82,74,94,91,73,78,70}","(Symphonic Gothic Metal) [CD] Epica - Коллекция (4 CD) - 2005-2007, WavPack (iso.wv), lossless"
5420652,2,25102764,E1CF58015A595BBAEC7B2EA09C21680A0CC38BA1,185071261,1,2026-07-31 02:21:01,3,3,"{7,24,24,24,24,24,24,24,24,24,23,24,24,24,24,24,24,24,24,23,25,24,24,24,25,24,24,26,24,24,24}","{23,80,77,77,68,69,60,69,64,68,65,73,63,55,66,67,62,63,77,76,75,70,70,72,75,72,86,76,70,66,68}","(Gothic Dark Metal) [WEB] Bleed For Me - Bleed For Me (EP) - 2005, FLAC (tracks), lossless"
5427502,2,6474837,3F64B2D2BE0D257A05DF768EB546354DC4CAEFFB,445568468,1,2026-07-31 02:21:01,3,3,"{7,24,24,24,24,24,24,24,24,24,23,24,24,24,24,24,24,24,24,23,25,24,24,24,25,24,24,26,24,24,24}","{23,81,78,78,67,64,58,70,64,68,63,75,64,55,67,69,63,64,78,77,76,69,67,72,75,72,86,76,71,65,69}","(Gothic/Power Metal) [CD] Mindfield (Deu) - Deviant - 2000, FLAC (image+.cue), lossless"
5427753,2,2586612,85D44B587618BA69FF273F77C81C99FE915D0EFC,716952603,1,2026-07-31 02:21:01,3,3,"{7,24,24,24,24,24,24,24,24,24,23,24,24,24,24,24,24,24,24,23,25,24,24,24,25,24,24,26,24,24,24}","{23,80,74,77,65,59,56,64,64,68,61,71,57,55,64,67,61,61,71,69,76,69,67,71,75,71,86,76,68,64,63}","(Symphonic, Dark, Atmospheric Metal) [WEB] Sinneth Soul - Дискография (5 релизов) - 2016-2017, FLAC (tracks), lossless"
5428594,2,4726738,1F32203FCBC8CE86D6A60FA06A3B9B5B42811C37,503169915,1,2026-07-31 02:21:01,3,3,"{7,24,24,24,24,24,24,24,24,24,23,24,24,24,24,24,24,24,24,23,25,24,24,24,25,24,24,26,24,24,24}","{23,80,74,77,65,60,58,64,64,68,61,72,57,55,64,67,61,61,71,69,78,71,65,71,75,71,85,76,67,68,63}","(Gothic/Symphonic Metal) [CD] Talvienkeli - Hybris - 2017, FLAC (image+.cue), lossless"
5431806,2,1167648,183667E6E64407E0B42D69551D24720D83B47269,356142919,1,2026-07-31 02:21:01,4,3,"{7,24,24,24,24,24,24,24,24,24,23,24,24,24,24,24,24,24,24,23,25,24,24,24,25,24,24,26,24,24,24}","{25,96,96,92,77,67,69,80,84,90,84,94,81,79,88,91,85,85,95,87,98,83,85,83,92,85,92,102,86,89,87}","(Gothic Metal/Rock) [CD] Eilera - Face Your Demons - 2016, FLAC (tracks+.cue), lossless"
5433991,2,4726738,1FB2BE09AE47A92B77BCEBB1FE9FB14378B8826A,4878389279,1,2026-07-31 02:21:01,4,3,"{7,24,24,24,24,24,24,24,24,24,23,24,24,24,24,24,24,24,24,23,25,24,24,24,25,24,24,26,24,24,24}","{37,100,106,104,77,81,86,88,92,94,84,96,83,87,93,95,94,100,98,83,97,81,83,80,92,85,92,102,91,87,87}","(Gothic Darkwave) [CD] Illuminate - Collection - 2001-2019, (14 CDs), FLAC (image+.cue), lossless"
5439320,2,12063696,1731309FDD6054D6F0121836A82340EDC73BA167,1590764042,1,2026-07-31 02:21:01,4,3,"{7,24,24,24,24,24,24,24,24,24,23,24,24,24,24,24,24,24,24,23,25,24,24,24,25,24,24,26,24,24,24}","{29,98,102,97,84,107,86,80,95,96,87,97,92,93,102,96,94,88,86,96,99,97,97,97,99,94,113,105,97,104,87}","(Gothic Metal, Modern Metal) [CD, WEB] Scar of the Sun - Коллекция - 2011-2021 (3 CD), FLAC (image+.cue, tracks), lossless"
5445197,2,25102764,DF9CA2A7664DC51C26C8232DD161F5B0D12C387C,336321735,1,2026-07-31 02:21:01,3,3,"{7,24,24,24,24,24,24,24,24,24,23,24,24,24,24,24,24,24,24,23,25,24,24,24,25,24,24,26,24,24,24}","{23,88,81,82,70,62,68,71,66,77,68,80,70,74,73,72,73,67,81,80,95,73,74,73,85,84,85,93,72,95,88}","(Gothic Metal) [CD] Scriptoris Irae - Black Sun Shining - 1997, FLAC (image+.cue), lossless"
5445457,2,12063696,58EB2ED7B7234CD43B5056AE083211207B49E681,3134469991,1,2026-07-31 02:21:01,3,3,"{7,24,24,24,24,24,24,24,24,24,23,24,24,24,24,24,24,24,24,23,25,24,24,24,25,24,24,26,24,24,24}","{23,80,75,77,65,82,59,70,71,73,63,69,61,58,81,76,70,78,81,82,99,91,91,94,95,85,98,104,91,92,89}","(Gothic Metal) [CD, WEB] Umbra et Imago - Коллекция (8 релизов) - 1997-2002, FLAC (image+.cue, tracks), lossless"
5446706,2,25102764,48C5C610937817A1D971FDF545685B9026F2E34C,463813021,1,2026-07-31 02:21:01,3,3,"{7,24,24,24,24,24,24,24,24,24,23,24,24,24,24,24,24,24,24,23,25,24,24,24,25,24,24,26,24,24,24}","{24,82,76,77,65,62,57,66,64,68,64,72,57,57,64,67,61,61,71,69,80,72,70,71,75,71,85,76,68,60,63}","(Gothic Dark Metal) [CD] Exaudi - Sehnsucht - 2010, FLAC (image+.cue), lossless"
5448034,2,1840441,94E0BCEE4B415F87011AED9D556C3FC5A01BB724,329759352,1,2026-07-31 02:21:01,12,3,"{7,24,24,24,24,24,24,24,24,24,23,24,24,24,24,24,24,24,24,23,25,24,24,24,25,24,24,26,24,24,24}","{77,259,252,287,286,303,262,272,268,239,242,238,283,284,270,255,258,259,255,248,291,232,245,237,276,296,307,339,277,247,248}","(Gothic/Doom Metal) [CDR] Draconian - Dark Oceans We Cry (Demo) - 2002, FLAC (image+.cue), lossless"
5448164,2,334202,2713E8AE38F2BFBD2A66033B224DBB350F1BE193,568754991,1,2026-07-31 02:21:01,9,3,"{7,24,24,24,24,24,24,24,24,24,23,24,24,24,24,24,24,24,24,23,25,24,24,24,25,24,24,26,24,24,24}","{62,273,307,285,296,321,263,254,313,326,271,285,290,253,287,260,258,310,314,310,329,267,229,229,264,266,281,283,253,302,286}","(Symphonic Gothic Metal) [CD] Lacrimosa - Testimonium (Original Edition) - 2017, FLAC (image+.cue), lossless"
5450135,2,6663218,4F5833D1476328AAEE8BA69D7234BFA3645B46C3,467545845,1,2026-07-31 02:21:01,5,3,"{7,24,24,24,24,24,24,24,24,24,23,24,24,24,24,24,24,24,24,23,25,24,24,24,25,24,24,26,24,24,24}","{36,146,140,119,110,96,103,104,108,108,111,104,117,122,103,99,125,110,107,114,118,96,82,85,86,87,110,120,93,108,103}","(Depressed Subcore, Gothic Metal / Rock) [CD] End Of Green - Void Estate - 2017, FLAC (tracks+.cue), lossless"
5456094,2,5929524,DD9E6F31E772AC86EABCA45B72AAF51A7248264E,361025561,1,2026-07-31 02:21:01,4,3,"{7,24,24,24,24,24,24,24,24,24,23,24,24,24,24,24,24,24,24,23,25,24,24,24,25,24,24,26,24,24,24}","{25,94,86,88,76,70,64,76,72,73,71,81,79,69,76,76,81,70,83,82,93,73,76,73,88,78,86,94,82,80,78}","(Gothic Metal) [CD] Undish - A Gift of Flying - 2005, FLAC (image+.cue), lossless"
5458050,2,2414360,A50EC1EA45DBAC0DEB5A58FA6A3AEF82D2DCD8AD,534800274,1,2026-07-31 02:21:01,5,3,"{7,24,24,24,24,24,24,24,24,24,23,24,24,24,24,24,24,24,24,23,25,24,24,24,25,24,24,26,24,24,24}","{35,120,111,106,88,94,84,84,96,97,91,99,89,95,96,99,92,85,83,94,98,95,95,93,103,92,107,117,92,96,97}","(Symphonic Gothic Metal) [CD] Epica - The Solace System (EP) (Extended Edition) - 2017, FLAC (image+.cue), lossless"
5459257,2,32794053,0863DB306B66ECF4E638747C0C4E9ACC6C6D3106,643800213,1,2026-07-31 02:21:01,3,3,"{7,24,24,24,24,24,24,24,24,24,23,24,24,24,24,24,24,24,24,23,25,24,24,24,25,24,24,26,24,24,24}","{26,90,107,115,86,82,80,84,94,91,98,101,112,93,94,97,110,110,126,123,130,117,117,96,92,85,94,105,96,93,87}","(Gothic Metal) [CD] Crematory - Live Insurrection - 2017, FLAC (image+.cue), lossless"
5463857,2,1840441,424C5A2F635161BF53D7D6EF72674E9FE315BE7A,4338485607,1,2026-07-31 02:21:01,4,3,"{7,24,24,24,24,24,24,24,24,24,23,24,24,24,24,24,24,24,24,23,25,24,24,24,25,24,24,26,24,24,24}","{28,92,83,88,74,70,64,76,72,72,71,82,77,71,76,76,81,70,83,82,93,75,77,74,89,78,89,94,77,86,78}","(Gothic Metal) Ideas - Discography (2000-2017) 6 releases, FLAC (image+.cue), lossless"
5466167,2,4726738,AE69D3F0FC47E9586ED4D6372E375EC7DAA35068,277197931,1,2026-07-31 02:21:01,4,3,"{7,24,24,24,24,24,24,24,24,24,23,24,24,24,24,24,24,24,24,23,25,24,24,24,25,24,24,26,24,24,24}","{28,96,80,82,67,64,59,66,64,69,74,82,62,55,71,81,66,71,72,79,80,71,80,80,84,74,88,77,64,68,65}","(Gothic/Industrial Metal) [CD] Gothminister - The Other Side (Limited Edition) - 2017, FLAC (image+.cue), lossless"
5466692,2,17947043,1AB42E9C67DBD43B4FF93FDC343AAE9BBA2DF476,234349531,1,2026-07-31 02:21:01,3,3,"{7,24,24,24,24,24,24,24,24,24,23,24,24,24,24,24,24,24,24,23,25,24,24,24,25,24,24,26,24,24,24}","{23,80,75,77,65,64,66,64,63,68,60,69,57,55,64,67,61,57,55,74,78,69,66,71,75,75,86,76,63,68,68}","(Alternative metal / Anatolian rock) [CD] Hayko Cepkin - Beni B&#252;y&#252;ten &#350;ark&#305;lar Vol.1 (Beni Buyuten Sarkilar Vol.1) - 2016, FLAC (image+.cue), lossless"
5467798,8,2414360,5FB6EB69DF97DA7A31A09AC8E4FD0D47C3429775,543675370,1,2026-07-31 02:21:01,4,3,"{7,24,24,24,24,24,24,24,24,24,23,24,24,24,24,24,24,24,24,23,25,24,24,24,25,24,24,26,24,24,24}","{34,121,121,118,108,105,88,103,93,110,99,97,81,89,96,105,102,100,98,100,123,106,92,111,115,109,129,125,103,98,106}","(Symphonic Metal) [WEB] After Forever - Exordium - The Album – The Sessions - 2016, FLAC (tracks), lossless"
5473174,2,1840441,AA5C016CF13C8340F694F888FCA41695897175DB,360544316,1,2026-07-31 02:21:01,4,3,"{7,24,24,24,24,24,24,24,24,24,23,24,24,24,24,24,24,24,24,23,25,24,24,24,25,24,24,26,24,24,24}","{25,92,87,88,81,79,65,79,72,72,76,88,81,94,96,90,100,70,66,102,101,88,80,81,92,84,84,95,87,81,95}","(Symphonic Gothic Metal) [CD] Poemisia - La danza degli spiriti - 2013, FLAC (image+.cue), lossless"
5476034,2,23432296,48BE9EA8146A50B77237E1533FA51D28786DD649,265711603,1,2026-07-31 02:21:01,6,3,"{7,24,24,24,24,24,24,24,24,24,23,24,24,24,24,24,24,24,24,23,25,24,24,24,25,24,24,26,24,24,24}","{49,183,162,164,157,154,171,144,148,161,156,150,135,115,125,122,107,125,117,143,144,111,147,128,160,152,138,139,171,123,127}","(Dark Ambient) [WEB] Mortiis - The Unraveling Mind - 2017, FLAC (tracks), lossless"
5479324,2,1840441,D30C11CA4E2AA3730C1548A3EAF7AA9F202498FB,423904916,1,2026-07-31 02:21:01,4,3,"{7,24,24,24,24,24,24,24,24,24,23,24,24,24,24,24,24,24,24,23,25,24,24,24,25,24,24,26,24,24,24}","{27,96,94,91,89,77,73,87,82,85,82,90,97,83,87,79,94,86,93,88,100,81,89,83,93,91,87,99,92,84,82}","(Gothic Metal) [CD] Irradiance - Dissidence - 2015, FLAC (image+.cue), lossless"
5479583,2,1167648,C59021E17D38CCCB6F7487884941DEC827C7CB28,439741669,1,2026-07-31 02:21:01,6,4,"{7,24,24,24,24,24,24,24,24,24,23,24,24,24,24,24,24,24,24,23,25,24,24,24,25,24,24,26,24,24,24}","{47,176,164,161,145,152,147,161,153,151,147,150,178,175,143,157,152,167,161,161,175,150,154,145,142,143,168,199,173,171,153}","(Gothic/Folk Metal) [CD] Lyriel - Skin And Bones - 2014, FLAC (image+.cue), lossless"
5482657,2,25102764,8E5CA75DD8DB28AC924270FAD743A665E4A46FD6,348481110,1,2026-07-31 02:21:01,3,3,"{7,24,24,24,24,24,24,24,24,24,23,24,24,24,24,24,24,24,24,23,25,24,24,24,25,24,24,26,24,24,24}","{26,81,78,77,67,66,62,70,64,68,66,76,62,58,66,69,63,64,78,77,75,69,68,73,75,71,93,81,70,66,69}","(Atmospheric Death / Gothic Metal) [WEB] Korrigan - Thy Art, Lament - 2010, FLAC (tracks), lossless"
5483440,2,25102764,218E6E055C6C5D6437947B13CA9EF96B969AAFED,300509597,1,2026-07-31 02:21:01,3,3,"{7,24,24,24,24,24,24,24,24,24,23,24,24,24,24,24,24,24,24,23,25,24,24,24,25,24,24,26,24,24,24}","{23,80,74,77,65,63,56,64,62,68,62,69,57,55,64,67,61,61,71,69,76,70,68,71,75,71,85,76,66,65,63}","(Atmospheric Metal / Progressive Rock) [WEB] Via Obscura - Gedanken - 2012, FLAC (tracks), lossless"
5484525,2,25102764,780FE2139F33D6B36B028D8D156C242881E11720,218471471,1,2026-07-31 02:21:01,3,3,"{7,24,24,24,24,24,24,24,24,24,23,24,24,24,24,24,24,24,24,23,25,24,24,24,25,24,24,26,24,24,24}","{23,80,75,77,65,62,56,64,64,72,69,70,64,58,64,67,61,61,71,69,76,70,69,71,75,71,85,81,66,66,63}","(Gothic Metal) [WEB] Rosa Nocturna - V Tm&#225;ch (V Tmach) (EP) - 2010, FLAC (tracks), lossless"
5492774,2,13425447,4068D41D208C23C60DE24645A6E0D514CF44B4DC,427987028,1,2026-07-31 02:21:01,6,3,"{7,24,24,24,24,24,24,24,24,24,23,24,24,24,24,24,24,24,24,23,25,24,24,24,25,24,24,26,24,24,24}","{42,157,154,146,130,132,129,116,118,105,99,102,112,132,102,104,103,107,106,108,112,97,98,105,109,101,124,130,107,105,105}","(Symphonic Metal) [CD] Epica - We will take you with us (Limited edition digipack with track &quot;Falsches spiel&quot;) - 2005, FLAC (tracks+.cue), lossless"
5501560,2,25102764,73C99F0ABF2010620201E6D20221B0449F806649,460930892,1,2026-07-31 02:21:01,3,3,"{7,24,24,24,24,24,24,24,24,24,23,24,24,24,24,24,24,24,24,23,25,24,24,24,25,24,24,26,24,24,24}","{23,80,74,77,65,63,61,64,64,68,60,72,57,55,64,67,61,61,71,69,76,69,67,71,75,71,85,76,70,87,87}","(Gothic Dark Metal) [CD] Sun Of Sadness - A Forest In My Dreams (Demo) - 1998, FLAC (image+.cue), lossless"
5503504,2,25102764,3889076EF5364E4EA8E339762A8A69897F8E6F48,434497172,1,2026-07-31 02:21:01,3,3,"{7,24,24,24,24,24,24,24,24,24,23,24,24,24,24,24,24,24,24,23,25,24,24,24,25,24,24,26,24,24,24}","{23,80,75,77,65,63,55,64,64,68,62,71,57,55,64,67,61,61,71,69,75,69,67,71,75,71,86,76,65,67,63}","(Gothic Dark Metal) [CD] Phronesis - Diotima - 2006, FLAC (image+.cue), lossless"
5511414,2,4726738,DBE08D066B9A38A79A0DA415680A72330295A40E,427639881,1,2026-07-31 02:21:01,3,3,"{7,24,24,24,24,24,24,24,24,24,23,24,24,24,24,24,24,24,24,23,25,24,24,24,25,24,24,26,24,24,24}","{24,84,91,83,74,77,85,78,64,76,65,88,73,70,84,85,82,74,53,90,90,77,80,81,77,89,96,97,77,82,63}","(Gothic Metal) [CD] Unshine - Astrala - 2018, FLAC (image+.cue), lossless"
5511811,2,4726738,895F7375B5EA7C0C8488B0B61A9C2C34D86D3714,3165505183,1,2026-07-31 02:21:01,7,4,"{7,24,24,24,24,24,24,24,24,24,23,24,24,24,24,24,24,24,24,23,25,24,24,24,25,24,24,26,24,24,24}","{49,186,192,174,169,184,153,185,169,166,165,175,158,175,174,164,166,181,199,169,169,178,156,167,182,179,201,198,158,174,182}","(Symphonic Metal) [CD] Leaves' Eyes - Collection - 2016-2020 (11 CDs), FLAC (image+.cue), lossless"
5513786,2,2414360,3531D08485A621F39528DA381CE508EC8776A323,388893715,1,2026-07-31 02:21:01,8,4,"{7,24,24,24,24,24,24,24,24,24,23,24,24,24,24,24,24,24,24,23,25,24,24,24,25,24,24,26,24,24,24}","{52,192,189,184,170,178,158,132,125,122,138,154,154,137,134,137,128,158,158,167,164,126,99,120,149,136,150,151,154,154,182}","(Symphonic Metal) [CD] Leaves' Eyes - Sign Of The Dragonhead - 2018, FLAC (image+.cue), lossless"
5517386,2,1840441,EC77A457EF3752D2223215831217F98CAB12B621,507262824,1,2026-07-31 02:21:01,6,3,"{7,24,24,24,24,24,24,24,24,24,23,24,24,24,24,24,24,24,24,23,25,24,24,24,25,24,24,26,24,24,24}","{36,121,108,118,123,118,106,111,116,110,108,99,118,109,93,100,110,105,82,85,117,109,106,108,124,118,126,138,125,120,126}","(Gothic Metal) [CD] Apparition - Drowned In Questions - 2006, FLAC (image+.cue), lossless"
5518480,2,19588415,DD9D231963ABAA762BACF38B2E09B07C1C41350A,440267801,1,2026-07-31 02:21:01,3,3,"{7,24,24,24,24,24,24,24,24,24,23,24,24,24,24,24,24,24,24,23,25,24,24,24,25,24,24,26,24,24,24}","{23,80,75,77,65,66,65,68,64,70,66,67,64,61,64,67,61,61,71,70,80,69,67,71,75,71,86,80,66,65,63}","(Gothic Metal) [CD] Dark - Dark - 2015 (R.C.Studios (BRS) Worm Hole Death WHD094), FLAC (image+.cue), lossless"
5522555,2,25102764,56FF70512CA4E0426286E08FFA033AF922D0EE81,710118473,1,2026-07-31 02:21:01,3,3,"{7,24,24,24,24,24,24,24,24,24,23,24,24,24,24,24,24,24,24,23,25,24,24,24,25,24,24,26,24,24,24}","{23,80,74,77,65,58,57,64,65,68,62,72,57,55,64,67,61,61,71,69,75,69,69,71,75,71,85,76,65,65,63}","(Atmospheric Gothic Metal / Neofolk / Neoclassical) [CD] Ophelia - Sympathize With Your Phantasy - 2010, FLAC (image+.cue), lossless"
5534480,2,1840441,2C7A98FD34EB17C68DE6FCD25F7E5F050C7EAAD3,269400790,1,2026-07-31 02:21:01,4,3,"{7,24,24,24,24,24,24,24,24,24,23,24,24,24,24,24,24,24,24,23,25,24,24,24,25,24,24,26,24,24,24}","{25,92,86,88,77,71,66,78,73,72,72,80,78,74,76,76,81,70,83,82,92,72,76,74,89,79,87,94,82,94,90}","(Gothic Metal) [CD] Cold Passion - New Age Architects - 1998, FLAC (image+.cue), lossless"
5536480,2,6621436,3BCFD2C8FEB151898E0A58E6FF416640EB06682E,509325314,1,2026-07-31 02:21:01,5,4,"{7,24,24,24,24,24,24,24,24,24,23,24,24,24,24,24,24,24,24,23,25,24,24,24,25,24,24,26,24,24,24}","{38,120,120,112,97,96,97,97,94,88,92,96,96,96,96,96,96,101,96,102,105,91,83,83,90,85,97,105,133,96,96}","(Symphonic/Gothic Metal) [CD] W.E.B. - Tartarus - 2017, FLAC (image+.cue), lossless"
5547348,2,1840441,FA736DB776753910582DA9DC32C72DACF670E6E6,169040987,1,2026-07-31 02:21:01,4,3,"{7,24,24,24,24,24,24,24,24,24,23,24,24,24,24,24,24,24,24,23,25,24,24,24,25,24,24,26,24,24,24}","{25,92,85,88,78,80,65,79,73,73,75,81,80,72,77,76,82,63,66,85,93,78,77,73,91,87,87,94,82,86,80}","(Gothic/Doom Metal) [WEB] Silence The Yearning - Ruin (Demo) - 2016, FLAC (tracks), lossless"
5547349,2,1840441,CC9A289FCC3551E9FDA611B82E88836C04113AE0,225046986,1,2026-07-31 02:21:01,4,3,"{7,24,24,24,24,24,24,24,24,24,23,24,24,24,24,24,24,24,24,23,25,24,24,24,25,24,24,26,24,24,24}","{25,94,85,88,78,82,66,76,71,72,75,86,79,71,79,76,82,63,66,85,92,76,77,74,88,82,86,92,86,82,80}","(Gothic/Doom Metal) [WEB] Silence The Yearning - Unto My Death I Yield - 2016, FLAC (tracks), lossless"
5548275,2,25102764,03102E527B4713E34272073BFD555785F29EFF75,3410398572,1,2026-07-31 02:21:01,4,3,"{7,24,24,24,24,24,24,24,24,24,23,24,24,24,24,24,24,24,24,23,25,24,24,24,25,24,24,26,24,24,24}","{31,96,96,92,77,73,71,80,84,92,86,96,81,79,94,92,85,85,95,91,102,80,83,85,92,94,94,100,93,93,87}","(Gothic Metal / Progressive / Dark Rock) Batalion d'Amour - Collection (5 CD) - 1999-2016, FLAC (image+.cue), lossless"
5550148,2,2414360,0E15E2E686C9E9609BB08C56DFEE0FC5400B51F8,4750627296,1,2026-07-31 02:21:01,6,3,"{7,24,24,24,24,24,24,24,24,24,23,24,24,24,24,24,24,24,24,23,25,24,24,24,25,24,24,26,24,24,24}","{42,145,150,141,140,140,139,150,132,133,132,136,152,138,153,128,136,137,149,141,130,117,107,130,142,116,147,166,163,147,177}","(Gothic Metal, Alternative Metal, Symphonic Metal) [CD] Lacuna Coil - The Presence Of The Past (XX Years Of Lacuna Coil), 13 CD Box Set, Limited Edition, Numbered - 2018, FLAC (image+.cue), lossless"
5552104,2,17549842,057E22B953C199EAC8655D41A02C736DB4612573,131801029,1,2026-07-31 02:21:01,3,3,"{7,24,24,24,24,24,24,24,24,24,23,24,24,24,24,24,24,24,24,23,25,24,24,24,25,24,24,26,24,24,24}","{23,80,75,77,65,62,56,64,62,68,61,72,57,55,64,67,61,61,71,69,76,71,71,70,75,71,86,76,65,65,63}","(Symphonic Gothic Metal) [CDR] Ashentide - Ashentide (EP) - 2011, FLAC (image+.cue), lossless"
5553959,2,1840441,20CA19FC30C9301C0F2CEE1F853D935B0139F9BA,216290007,1,2026-07-31 02:21:01,10,3,"{7,24,24,24,24,24,24,24,24,24,23,24,24,24,24,24,24,24,24,23,25,24,24,24,25,24,24,26,24,24,24}","{63,238,246,268,269,275,257,256,252,276,261,255,282,278,287,285,290,282,256,230,247,186,207,201,216,211,203,246,204,205,206}","(Symphonic Metal) [WEB] Metalwings - Fallen Angel In The Hell (EP) - 2016, FLAC (tracks), lossless"
5553961,2,1840441,C730795C5E162F903FF528BF59565E5719C83919,448276626,1,2026-07-31 02:21:01,9,3,"{7,24,24,24,24,24,24,24,24,24,23,24,24,24,24,24,24,24,24,23,25,24,24,24,25,24,24,26,24,24,24}","{60,219,235,261,270,256,258,260,251,271,230,240,265,267,238,264,250,233,240,232,236,173,200,194,199,195,184,243,191,190,211}","(Symphonic Metal) [WEB] Metalwings - For All Beyond - 2018, FLAC (tracks), lossless"
5554718,2,4726738,3FB656500AD500677EC194D76A1A3A326D882918,1808957160,1,2026-07-31 02:21:01,19,3,"{7,24,24,24,24,24,24,24,24,24,23,24,24,24,24,24,24,24,24,23,25,24,24,24,25,24,24,26,24,24,24}","{137,506,511,545,538,532,478,486,445,431,382,400,405,400,403,489,460,425,389,393,396,378,315,338,324,379,425,477,470,447,480}","(Gothic Metal/Alternative Metal) [CD] Within Temptation - Collection - 1997-2023, (5 CDs), FLAC (image+.cue), lossless"
5554773,2,1840441,2D0CA872C490C6AD398B6241340808FEF46FDDC8,470682346,1,2026-07-31 02:21:01,5,3,"{7,24,24,24,24,24,24,24,24,24,23,24,24,24,24,24,24,24,24,23,25,24,24,24,25,24,24,26,24,24,24}","{33,112,107,102,94,85,81,87,81,79,94,93,98,94,98,90,98,85,84,92,104,85,79,74,87,77,86,106,91,93,90}","(Gothic Metal) [CD] Where Angels Fall - Illuminate - 2006, FLAC (image+.cue), lossless"
5560458,8,42936151,998C75B5B702BE5248C9688B9A0F2D584F0D072B,276625705,1,2026-07-31 02:21:01,3,3,"{7,24,24,24,24,24,24,24,24,24,23,24,24,24,24,24,24,24,24,23,25,24,24,24,25,24,24,26,24,24,24}","{23,80,74,77,65,58,54,64,64,68,62,72,57,55,64,67,61,61,71,69,76,69,70,71,75,71,85,76,64,64,63}","(Progressive Gothic Metal) [WEB] Evans and Stokes - Valley of the Kings - 2018, FLAC (tracks), lossless"
5563870,2,25102764,2875761CDD71D2282C1BF20B11F86B373B77BB46,283559355,1,2026-07-31 02:21:01,4,3,"{7,24,24,24,24,24,24,24,24,24,23,24,24,24,24,24,24,24,24,23,25,24,24,24,25,24,24,26,24,24,24}","{28,96,92,92,77,75,70,80,80,90,82,91,81,79,88,91,85,87,92,82,92,79,84,83,92,85,90,99,88,86,80}","(Atmospheric Gothic Metal) [CD] Ensoph - Les Confessions Du Mat (EP) - 1998, FLAC (image+.cue), lossless"
5564821,2,25102764,BBB34099A4C0114EFC84C5DC886BEE56FF190E21,236414230,1,2026-07-31 02:21:01,3,3,"{7,24,24,24,24,24,24,24,24,24,23,24,24,24,24,24,24,24,24,23,25,24,24,24,25,24,24,26,24,24,24}","{23,80,74,77,65,58,59,64,64,68,62,71,57,55,64,67,61,61,71,69,74,69,69,71,75,71,86,76,70,91,87}","(Atmospheric Gothic Metal) [CD] Severe Serenity - Dis Manibus (EP) - 1999, FLAC (image+.cue), lossless"
5569174,8,8627056,EB802DF18784D42E75498B32642554352B2376DD,385171723,1,2026-07-31 02:21:01,5,3,"{7,24,24,24,24,24,24,24,24,24,23,24,24,24,24,24,24,24,24,23,25,24,24,24,25,24,24,26,24,24,24}","{32,145,129,133,113,122,108,104,85,96,91,97,82,78,96,91,85,84,72,87,98,77,106,81,103,107,99,101,90,91,87}","(Industrial) [WEB] Mortiis - Perfectly Defect - 2018, FLAC (tracks), lossless"
5574780,2,43256904,59B7C60EBB270B3C002136B91D453F9AEDB0F24A,256386237,1,2026-07-31 02:21:01,4,4,"{7,24,24,24,24,24,24,24,24,24,23,24,24,24,24,24,24,24,24,23,25,24,24,24,25,24,24,26,24,24,24}","{32,107,104,98,100,86,89,89,93,93,88,93,92,112,93,93,99,92,104,93,101,101,94,89,96,92,108,107,92,97,91}","(Gothic Metal) [CD] Gloom - Catharsis - 2017, FLAC (image+.cue), lossless"
5581884,2,26384026,434CC0D9C207D2FE5E9D70C7657326A3E259BFBD,435065101,1,2026-07-31 02:21:01,4,3,"{7,24,24,24,24,24,24,24,24,24,23,24,24,24,24,24,24,24,24,23,25,24,24,24,25,24,24,26,24,24,24}","{29,103,86,82,70,106,104,90,89,108,96,92,93,112,81,86,73,78,82,100,105,97,98,87,89,99,123,134,100,109,90}","(Symphonic/Gothic Metal) [WEB] Graveshadow - Ambition's Price - 2018, FLAC (tracks), lossless"
5582177,2,2414360,BA7823AD9F9F6470FCCC5F636FB20B2C582117F4,372049984,1,2026-07-31 02:21:01,3,3,"{7,24,24,24,24,24,24,24,24,24,23,24,24,24,24,24,24,24,24,23,25,24,24,24,25,24,24,26,24,24,24}","{23,85,81,82,69,68,73,70,68,75,66,77,72,73,73,74,70,70,79,78,86,74,75,73,77,77,101,99,79,72,72}","(Gothic/Symphonic Metal) [WEB] Aeternitas - Tales of the Grotesque - 2018, FLAC (tracks), lossless"
5582188,2,2414360,C94255CF6DECAC92CBFA0CB17F03CA526782E371,443617540,1,2026-07-31 02:21:01,3,3,"{7,24,24,24,24,24,24,24,24,24,23,24,24,24,24,24,24,24,24,23,25,24,24,24,25,24,24,26,24,24,24}","{23,85,80,82,69,70,72,70,68,75,65,73,72,71,73,74,70,69,86,78,86,74,74,73,79,77,99,98,73,74,70}","(Gothic/Symphonic Metal) [WEB] Aeternitas - House of Usher - 2016, FLAC (tracks), lossless"
5591805,2,2414360,A94A74035EF365F748C2EEFDD0B8501AB7327029,419596556,1,2026-07-31 02:21:01,6,3,"{7,24,24,24,24,24,24,24,24,24,23,24,24,24,24,24,24,24,24,23,25,24,24,24,25,24,24,26,24,24,24}","{41,126,109,124,106,99,82,99,110,109,94,102,87,95,96,99,90,87,88,95,117,97,99,112,106,106,147,160,133,118,119}","(Symphonic Metal) [CD] After Forever - Prison of Desire (Limited Editon) - 2003, FLAC (tracks+.cue), lossless"
5592100,2,43325272,E11AFC646AEC8086CF3992E6F1E4F4A0AF311263,497109392,1,2026-07-31 02:21:01,6,3,"{7,24,24,24,24,24,24,24,24,24,23,24,24,24,24,24,24,24,24,23,25,24,24,24,25,24,24,26,24,24,24}","{40,134,141,140,131,85,99,102,111,89,92,94,112,103,90,85,107,98,102,100,115,91,91,84,90,88,106,131,128,124,121}","(Gothic Metal) [WEB] Celene (Cel&#233;ne) - Natale Tenebris - 2015, FLAC (tracks), lossless"
5597939,2,1840441,6DEE1352F4C869E102A8FA0E8F93D9A832133C9D,517887549,1,2026-07-31 02:21:01,5,3,"{7,24,24,24,24,24,24,24,24,24,23,24,24,24,24,24,24,24,24,23,25,24,24,24,25,24,24,26,24,24,24}","{33,113,117,116,116,87,101,99,94,87,84,89,92,84,86,89,97,78,75,84,99,77,88,84,94,89,98,117,108,105,99}","(Gothic Metal) [WEB] Celene (Cel&#233;ne) - R&#234;ves de Novembre d'or - 2018, FLAC (tracks), lossless"
5597965,2,1840441,8E981C6A605CB62C158D0968D399758F548153A7,364802184,1,2026-07-31 02:21:01,4,3,"{7,24,24,24,24,24,24,24,24,24,23,24,24,24,24,24,24,24,24,23,25,24,24,24,25,24,24,26,24,24,24}","{28,92,83,88,80,69,63,76,70,73,71,82,81,71,76,76,81,70,83,82,92,75,77,75,90,78,85,95,81,85,78}","(Gothic Metal) [CD] Lenore S. Fingers - All Things Lost On Earth - 2018, FLAC (image+.cue), lossless"
5607478,2,43256904,A36CB2A32D17E9B178E20C6FAE5992B1A058D2E2,563940086,1,2026-07-31 02:21:01,7,4,"{7,24,24,24,24,24,24,24,24,24,23,24,24,24,24,24,24,24,24,23,25,24,24,24,25,24,24,26,24,24,24}","{52,187,192,182,162,168,162,157,167,168,160,153,162,152,155,183,189,186,176,181,223,178,169,184,201,217,199,220,194,193,209}","(Gothic Metal | Doom | Prog Metal) [WEB] The Gathering - A Sound Relief - 2018, FLAC (tracks), lossless"
5607729,2,43256904,58643A10E317949D6BA7330DF42C6BA29A1DF20E,460949023,1,2026-07-31 02:21:01,3,3,"{7,24,24,24,24,24,24,24,24,24,23,24,24,24,24,24,24,24,24,23,25,24,24,24,25,24,24,26,24,24,24}","{23,87,74,87,68,63,52,71,64,68,71,85,57,57,66,68,68,68,87,73,80,67,68,71,75,71,86,76,65,66,63}","(Melodic Death | Gothic Metal) [WEB] Circus of Fools - REX - 2018, FLAC (tracks), lossless"
5616502,2,43256904,7D4EC080A90B265D2296C98C48119B796DE2FC58,375123869,1,2026-07-31 02:21:01,7,3,"{7,24,24,24,24,24,24,24,24,24,23,24,24,24,24,24,24,24,24,23,25,24,24,24,25,24,24,26,24,24,24}","{52,178,177,188,191,180,177,198,207,200,184,187,188,196,194,195,190,190,208,200,211,182,169,186,204,183,195,206,193,209,195}","(Progressive Metal) [WEB] Madder Mortem - Marrow - 2018, FLAC (tracks), lossless"
5616904,2,25428785,DE3FA42C5C8BE22B638960591299E9AF0E3D5BAE,344046379,1,2026-07-31 02:21:01,3,3,"{7,24,24,24,24,24,24,24,24,24,23,24,24,24,24,24,24,24,24,23,25,24,24,24,25,24,24,26,24,24,24}","{23,84,75,77,65,63,54,64,65,68,60,69,57,55,69,70,61,61,71,69,75,68,69,71,75,71,85,76,67,63,63}","(Industrial Gothic Metal) [WEB] Hell Boulevard - In Black We Trust - 2018, FLAC (tracks), lossless"
5618870,8,1840441,5D48CE3F1F1859075D067F20A1454A88A1D3D8E9,271322575,1,2026-07-31 02:21:01,4,3,"{7,24,24,24,24,24,24,24,24,24,23,24,24,24,24,24,24,24,24,23,25,24,24,24,25,24,24,26,24,24,24}","{25,93,86,88,81,77,60,80,71,72,73,82,81,70,78,76,83,64,67,85,93,79,76,75,89,85,85,95,87,78,80}","(Avantgarde Gothic Metal) [WEB] Apanthropia - Back To The End Of Days - 2015, FLAC (tracks), lossless"
5618879,8,1840441,CE269FCF94712B9CBAFA99FB0D658A6DE99A226B,463510777,1,2026-07-31 02:21:01,4,3,"{7,24,24,24,24,24,24,24,24,24,23,24,24,24,24,24,24,24,24,23,25,24,24,24,25,24,24,26,24,24,24}","{27,100,94,92,85,82,75,86,75,83,79,81,90,87,81,79,92,69,76,99,98,81,81,81,90,93,91,103,89,84,82}","(Gothic Metal) [WEB] Burning Tears - Tales From A Disturbed Soul - 2009, FLAC (tracks), lossless"
5618903,8,1840441,220D56380A744B380CAF90FD8E6E384A4135E374,450337245,1,2026-07-31 02:21:01,3,3,"{7,24,24,24,24,24,24,24,24,24,23,24,24,24,24,24,24,24,24,23,25,24,24,24,25,24,24,26,24,24,24}","{23,80,74,77,65,61,57,64,62,67,62,72,57,56,64,67,61,61,71,69,76,69,68,71,75,71,83,76,68,64,63}","(Gothic/Death Metal) [WEB] Eternal - Gothic Dreams - 2001, FLAC (tracks), lossless"
5618944,8,1840441,9CB090EEAD3807DFC3B8E6B1BD0CB6E44D3B483E,355802456,1,2026-07-31 02:21:01,4,3,"{7,24,24,24,24,24,24,24,24,24,23,24,24,24,24,24,24,24,24,23,25,24,24,24,25,24,24,26,24,24,24}","{25,92,85,88,79,78,68,79,72,72,73,84,79,69,79,78,83,64,66,85,93,76,81,76,86,84,86,94,87,80,80}","(Gothic Metal) [WEB] Kratos - Arlechino - 2016, FLAC (tracks), lossless"
5619030,2,25102764,25F255034188E7EB77F571F7D0126D88C48FDF94,653373024,1,2026-07-31 02:21:01,3,3,"{7,24,24,24,24,24,24,24,24,24,23,24,24,24,24,24,24,24,24,23,25,24,24,24,25,24,24,26,24,24,24}","{23,80,75,77,65,62,56,64,64,68,72,70,57,55,64,67,61,61,71,69,75,70,68,71,74,71,86,76,65,65,63}","(Progressive / Symphonic Gothic Metal) [CD] Noturna - Diablerie - 2005, FLAC (image+.cue), lossless"
5620017,2,29610992,F0480239B8987E21FDC552BE32534D09993496EC,342937811,1,2026-07-31 02:21:01,6,4,"{7,24,24,24,24,24,24,24,24,24,23,24,24,24,24,24,24,24,24,23,25,24,24,24,25,24,24,26,24,24,24}","{42,144,142,135,120,121,114,120,121,120,115,131,120,144,144,144,144,128,117,126,143,122,114,125,139,119,141,166,117,135,144}","(Gothic Metal) [CD] Let Me Dream - Soulshine - 2004 (RE 2006), WavPack (tracks+.cue), lossless"
5620540,2,2414360,94DA5107942ED77970043B7B537769B8A02DB73E,357922224,1,2026-07-31 02:21:01,4,4,"{7,24,24,24,24,24,24,24,24,24,23,24,24,24,24,24,24,24,24,23,25,24,24,24,25,24,24,26,24,24,24}","{28,108,111,106,96,90,88,93,102,94,90,96,86,82,90,92,85,81,90,92,101,90,88,94,97,93,99,104,95,93,94}","(Industrial / Gothic Metal) [WEB] Elyose - Reconnexion - 2018, FLAC (tracks), lossless"
5627174,2,4726738,17A417F0424B8075E72F4B36EA5B3AC11A71F68A,443165033,1,2026-07-31 02:21:01,3,3,"{7,24,24,24,24,24,24,24,24,24,23,24,24,24,24,24,24,24,24,23,25,24,24,24,25,24,24,26,24,24,24}","{22,87,88,101,87,95,73,75,70,81,69,79,78,75,75,78,66,78,83,90,92,77,73,75,82,77,95,100,80,77,73}","(Progressive Gothic/Doom Metal) [CD] Ethereal (Portugal) - The Dreams of Yearning - 2003, FLAC (image+.cue), lossless"
5627183,2,4726738,C3A63D47FB1D3D33ED0AF456B043401DAE60211F,239616289,1,2026-07-31 02:21:01,3,3,"{7,24,24,24,24,24,24,24,24,24,23,24,24,24,24,24,24,24,24,23,25,24,24,24,25,24,24,26,24,24,24}","{23,80,74,77,65,63,53,64,64,68,62,70,57,55,64,67,61,61,71,69,75,68,68,71,74,71,85,76,68,67,63}","(Gothic Metal) [CD] Luna Martyr - The Unseen, The Eternal... - 2000, FLAC (image+.cue), lossless"
5631782,2,43256904,61048E669CED3713FE11C3C4AFC998F521F0CBD4,236138287,1,2026-07-31 02:21:01,3,3,"{7,24,24,24,24,24,24,24,24,24,23,24,24,24,24,24,24,24,24,23,25,24,24,24,25,24,24,26,24,24,24}","{23,80,75,77,65,64,57,64,65,68,62,70,57,55,64,67,61,61,71,69,75,71,69,71,74,71,86,76,65,63,63}","(Gothic Metal) [WEB] Karmic Link - Dark Metropolis - 2018, FLAC (tracks), lossless"
5631939,8,1840441,995000710FC615249B7F26DFD2C807E939243129,447869101,1,2026-07-31 02:21:01,4,3,"{7,24,24,24,24,24,24,24,24,24,23,24,24,24,24,24,24,24,24,23,25,24,24,24,25,24,24,26,24,24,24}","{25,92,85,88,79,79,66,79,71,73,71,84,82,69,77,76,83,64,66,85,92,77,79,76,88,85,86,94,85,82,80}","(Gothic/Dark Metal) [WEB] A Sorrowful Dream - Toward Nothingness - 2009, FLAC (tracks), lossless"
5631942,8,1840441,B40170621853C15B5C34C91259CE77675409B624,451750655,1,2026-07-31 02:21:01,4,3,"{7,24,24,24,24,24,24,24,24,24,23,24,24,24,24,24,24,24,24,23,25,24,24,24,25,24,24,26,24,24,24}","{25,92,85,88,81,79,64,79,71,72,75,83,82,71,77,76,82,65,66,85,93,78,78,75,88,84,86,94,85,82,80}","(Gothic/Dark Metal) [WEB] A Sorrowful Dream - Passion - 2015, FLAC (tracks), lossless"
5632478,8,1840441,6A9EC634FB94EA731A7DC57C8A0A4FD3F2849274,319192303,1,2026-07-31 02:21:01,7,4,"{7,24,24,24,24,24,24,24,24,24,23,24,24,24,24,24,24,24,24,23,25,24,24,24,25,24,24,26,24,24,24}","{41,151,160,164,157,143,152,147,149,120,114,122,156,130,123,121,149,147,154,179,187,142,127,123,135,124,154,181,155,148,150}","(Gothic Metal) [WEB] Domina Noctis - Migration Of Souls - 2013, FLAC (tracks), lossless"
5632851,8,1840441,EB778AC1FAB948618F3875B84FF471DAA4F5653D,330675839,1,2026-07-31 02:21:01,5,3,"{7,24,24,24,24,24,24,24,24,24,23,24,24,24,24,24,24,24,24,23,25,24,24,24,25,24,24,26,24,24,24}","{31,100,89,95,86,77,60,79,71,77,74,83,78,73,77,76,82,63,66,85,92,76,74,74,90,84,87,94,83,84,82}","(Gothic Metal) [WEB] Raven Tide - Novarize - 2017, FLAC (tracks), lossless"
5632855,8,1840441,272F42C117024759F838304CD4EFCC94DCFA6A1F,397062136,1,2026-07-31 02:21:01,4,3,"{7,24,24,24,24,24,24,24,24,24,23,24,24,24,24,24,24,24,24,23,25,24,24,24,25,24,24,26,24,24,24}","{25,105,107,104,101,99,84,87,92,97,96,89,92,89,80,87,93,85,80,85,120,114,110,109,120,122,129,136,119,123,121}","(Gothic Metal) [WEB] Apparition - The Awakening - 2018, FLAC (tracks), lossless"
5632880,2,1840441,5364B0892D0FC2F7E73DD738CC6D3F5951EF426F,240919812,1,2026-07-31 02:21:01,4,3,"{7,24,24,24,24,24,24,24,24,24,23,24,24,24,24,24,24,24,24,23,25,24,24,24,25,24,24,26,24,24,24}","{25,94,83,88,74,69,66,76,70,72,69,83,77,71,76,76,81,72,83,82,92,74,77,74,89,78,87,94,78,83,78}","(Gothic Metal) [CD] Lithian - Eternal - 2018, FLAC (image+.cue), lossless"
5632957,8,1840441,E18DA0874C1BF554F6489F0EF9F8A96A6E26F913,324705147,1,2026-07-31 02:21:01,4,3,"{7,24,24,24,24,24,24,24,24,24,23,24,24,24,24,24,24,24,24,23,25,24,24,24,25,24,24,26,24,24,24}","{25,92,85,88,78,80,70,102,71,73,74,84,78,71,77,76,82,65,66,85,92,77,75,74,88,86,82,94,85,82,80}","(Gothic/Death Metal) [WEB] Alice In Darkland - The Evil's Entrails - 2002, FLAC (tracks), lossless"
5633383,8,2414360,05011294B67AD99CD5A0BA10674A56AF83DB7699,247491617,1,2026-07-31 02:21:01,3,3,"{7,24,24,24,24,24,24,24,24,24,23,24,24,24,24,24,24,24,24,23,25,24,24,24,25,24,24,26,24,24,24}","{23,80,75,77,67,60,53,64,64,68,60,70,67,55,64,67,61,61,71,69,74,68,67,71,75,71,85,76,66,61,66}","(Gothic Metal | Female Vocal) [WEB] Lana Blac - Nocturnal - 2018, FLAC (tracks), lossless"
5633632,2,4847513,798E0C7BEC540DCB60B64A23358634268B9D9015,307254609,1,2026-07-31 02:21:01,7,3,"{7,24,24,24,24,24,24,24,24,24,23,24,24,24,24,24,24,24,24,23,25,24,24,24,25,24,24,26,24,24,24}","{52,213,209,189,144,165,181,189,166,155,139,112,142,121,133,139,170,157,152,150,152,145,125,128,130,125,178,170,145,147,143}","(Symphonic Gothic Metal) [WEB] Walk in Darkness - In the Shadows of Things - 2017, FLAC (tracks), lossless"
5633911,2,43256904,74B9DF152CDD3482E3B53D63E318564A343415C1,436274668,1,2026-07-31 02:21:01,4,3,"{7,24,24,24,24,24,24,24,24,24,23,24,24,24,24,24,24,24,24,23,25,24,24,24,25,24,24,26,24,24,24}","{28,109,103,107,86,98,91,85,87,96,87,98,94,96,93,96,90,85,78,101,104,107,102,109,106,96,115,120,104,110,113}","(Gothic Metal | Darkwave) [CD] Samsas Traum - Scheiden tut weh - 2018 FLAC (tracks+.cue), lossless"
5634848,8,2414360,944D9856FC9844FEEF50D87887770E2DAE6F2250,295087365,1,2026-07-31 02:21:01,3,3,"{7,24,24,24,24,24,24,24,24,24,23,24,24,24,24,24,24,24,24,23,25,24,24,24,25,24,24,26,24,24,24}","{23,80,74,77,65,57,51,64,64,68,62,70,57,55,64,67,61,61,71,69,75,69,68,71,74,71,84,76,68,58,63}","(Gothic Metal, Female Vocal) [WEB] Feelings Of Fear - Alive - 2018, FLAC (tracks), lossless"
5635578,8,2414360,1160F2CEA423E7EAD9CEB7EC4E1417BBC44C3962,287689074,1,2026-07-31 02:21:01,4,3,"{7,24,24,24,24,24,24,24,24,24,23,24,24,24,24,24,24,24,24,23,25,24,24,24,25,24,24,26,24,24,24}","{27,110,97,88,84,86,84,88,83,88,91,87,85,81,79,86,88,79,87,90,102,92,88,91,104,94,99,106,92,92,94}","(Gothic Rock / Metal) [WEB] NeraNature - MagJa - 2018, FLAC (tracks), lossless"
5635988,2,2586612,FE892AA83A8A652CE75F85C02920AEF81C49024B,2665786934,1,2026-07-31 02:21:01,3,3,"{7,24,24,24,24,24,24,24,24,24,23,24,24,24,24,24,24,24,24,23,25,24,24,24,25,24,24,26,24,24,24}","{23,80,74,77,65,61,58,64,64,68,61,70,57,55,64,67,61,61,71,69,76,72,68,71,74,71,85,76,61,65,63}","(Symphonic Gothic/Heavy Metal) [CD] Babylon Mystery Orchestra - Дискография (6 CD) - 2003-2012, FLAC (image+.cue), lossless"
5637775,2,2799938,3F7B8B58BB67BDBBA0C917118FA81CBC116E50D2,471943955,1,2026-07-31 02:21:01,3,3,"{7,24,24,24,24,24,24,24,24,24,23,24,24,24,24,24,24,24,24,23,25,24,24,24,25,24,24,26,24,24,24}","{23,80,75,77,65,59,53,64,64,85,73,72,57,55,64,67,61,61,71,69,76,73,85,71,75,71,85,76,69,67,63}","(Gothic/ Symphonic Metal Opera) [WEB] DiAmorte - The Red Opera - 2018, FLAC (tracks), lossless"
5639339,2,25102764,A4AC612D4C3E5018041F59CEF6EF37230572EC15,2372763629,1,2026-07-31 02:21:01,3,3,"{7,24,24,24,24,24,24,24,24,24,23,24,24,24,24,24,24,24,24,23,25,24,24,24,25,24,24,26,24,24,24}","{26,80,74,77,65,60,53,64,64,68,62,72,57,55,64,67,61,61,71,69,76,69,68,71,74,71,83,102,88,88,87}","(Atmospheric Gothic Metal) [4 CD] Anubis - Collection (4 Releases) - 1999-2003, FLAC (image+.cue), lossless"
5641621,2,2414360,0606DDB8CBD4DA9760F6186D8B950EA092E09871,1033865434,1,2026-07-31 02:21:01,6,3,"{7,24,24,24,24,24,24,24,24,24,23,24,24,24,24,24,24,24,24,23,25,24,24,24,25,24,24,26,24,24,24}","{39,137,138,130,124,122,143,133,139,151,138,159,143,125,126,126,129,127,129,125,131,120,113,129,135,130,144,145,129,129,127}","(Gothic Metal) [WEB] Lacuna Coil - The 119 Show - Live In London - 2018, FLAC (tracks), lossless"
5641903,2,43256904,78E5CAF2DF120C639688C20A878E036838E5E615,340133543,1,2026-07-31 02:21:01,4,3,"{7,24,24,24,24,24,24,24,24,24,23,24,24,24,24,24,24,24,24,23,25,24,24,24,25,24,24,26,24,24,24}","{28,96,90,85,76,75,72,80,83,90,84,93,81,79,88,91,85,85,95,87,97,78,85,83,89,85,89,102,92,91,87}","(Gothic Metal) [WEB] Flat Earth - None for One - 2018, FLAC (tracks), lossless"
5642130,2,25102764,86DDF1BE233EBCBBF5E1F52546B59472A1248F2D,1033078664,1,2026-07-31 02:21:01,3,3,"{7,24,24,24,24,24,24,24,24,24,23,24,24,24,24,24,24,24,24,23,25,24,24,24,25,24,24,26,24,24,24}","{26,80,74,77,65,58,60,64,64,68,61,71,57,55,64,69,61,61,71,69,76,68,68,71,74,71,85,76,65,65,63}","(Gothic Metal) [CD] Amatris - Collection (2 Releases) - 2006-2007, FLAC (image+.cue), lossless"
5644111,2,1840441,58ACC32AAD4322633839F90BBE1859D2A1159516,329585297,1,2026-07-31 02:21:01,4,3,"{7,24,24,24,24,24,24,24,24,24,23,24,24,24,24,24,24,24,24,23,25,24,24,24,25,24,24,26,24,24,24}","{28,95,87,92,80,79,67,78,77,78,73,84,83,75,80,77,85,78,91,93,101,83,77,75,90,82,89,99,85,85,83}","(Gothic/Doom Metal) [CD] To Cast A Shadow - Winter's Embrace - 2016, FLAC (image+.cue), lossless"
5644705,2,25102764,BED6C5A7724844D7728DA6C9B061AB780963BE26,236030282,1,2026-07-31 02:21:01,3,3,"{7,24,24,24,24,24,24,24,24,24,23,24,24,24,24,24,24,24,24,23,25,24,24,24,25,24,24,26,24,24,24}","{23,81,76,80,69,69,59,69,68,72,64,72,68,58,68,69,65,69,76,75,79,71,68,71,76,71,87,86,71,70,74}","(Gothic Dark Metal) [CD] Ethereal - As Sad As Beautiful (EP) (Reissue) - 2016 (1998), FLAC (image+.cue), lossless"
5648823,2,25102764,CC3B70A19ECF627C3921EE06861236386FC123BA,297311099,1,2026-07-31 02:21:01,3,3,"{7,24,24,24,24,24,24,24,24,24,23,24,24,24,24,24,24,24,24,23,25,24,24,24,25,24,24,26,24,24,24}","{25,87,82,83,69,65,65,71,69,78,68,79,70,74,73,71,74,69,81,80,93,76,79,73,85,84,96,108,90,105,103}","(Gothic Dark Metal) [CD] Unburn - Beyond Life And Death (EP) - 1997, FLAC (image+.cue), lossless"
5651935,2,4726738,E7CEF50C314E58E67A18FFF273239601549BAE88,512756838,1,2026-07-31 02:21:01,3,3,"{7,24,24,24,24,24,24,24,24,24,23,24,24,24,24,24,24,24,24,23,25,24,24,24,25,24,24,26,24,24,24}","{23,80,77,89,65,61,55,64,62,68,62,72,57,55,64,67,61,61,71,69,76,68,70,71,74,71,84,76,67,64,63}","(Dark Gothic Metal) [CD] Majesty of Silence - But There's a Light - 2003, FLAC (image+.cue), lossless"
5654210,2,1840441,27C8DA9CA6B2DF0955D9C068914950EDA32509CC,351861944,1,2026-07-31 02:21:01,4,3,"{7,24,24,24,24,24,24,24,24,24,23,24,24,24,24,24,24,24,24,23,25,24,24,24,25,24,24,26,24,24,24}","{25,92,83,88,74,68,67,76,72,72,71,83,77,71,76,78,81,70,83,82,93,75,79,74,88,78,85,92,80,85,78}","(Gothic/Doom Metal) [WEB] 7th Moon - Alter Alma - 2002, FLAC (tracks), lossless"
5654807,2,1840441,8ADED5A6105669A984B13B73302FC175BE3C119C,311207591,1,2026-07-31 02:21:01,4,3,"{7,24,24,24,24,24,24,24,24,24,23,24,24,24,24,24,24,24,24,23,25,24,24,24,25,24,24,26,24,24,24}","{25,92,85,88,74,66,64,76,75,73,71,81,79,71,76,76,81,70,83,82,93,76,79,74,88,78,85,95,82,84,78}","(Gothic Metal) [CD] Iluminato - Reflections Of Humanity - 2011, FLAC (image+.cue), lossless"
5654834,8,1840441,67F8C72F02DAB099E25B9B3A707C311FE0EC2E4E,246826852,1,2026-07-31 02:21:01,4,3,"{7,24,24,24,24,24,24,24,24,24,23,24,24,24,24,24,24,24,24,23,25,24,24,24,25,24,24,26,24,24,24}","{25,96,86,91,79,75,68,81,74,73,76,84,81,71,78,76,83,66,67,85,93,78,77,76,88,85,84,94,86,79,80}","(Gothic Metal/Rock) [WEB] Liljana - Goodbye To Myself (EP) - 2014, FLAC (tracks), lossless"
5657022,2,1840441,1F9B60E21E12ECF38886B0CD388E8A620BEDA22E,141144730,1,2026-07-31 02:21:01,5,3,"{7,24,24,24,24,24,24,24,24,24,23,24,24,24,24,24,24,24,24,23,25,24,24,24,25,24,24,26,24,24,24}","{30,110,107,102,96,85,80,87,91,92,87,92,94,94,94,92,98,85,84,92,103,83,88,91,96,97,97,107,96,93,90}","(Gothic Metal) [CD] Season's End - Season's End (Demo) - 2009, FLAC (tracks+.cue), lossless"
5657313,8,1840441,A0C464D19C91CD26CEB070D82A6E24078B8829DF,120127265,1,2026-07-31 02:21:01,5,3,"{7,24,24,24,24,24,24,24,24,24,23,24,24,24,24,24,24,24,24,23,25,24,24,24,25,24,24,26,24,24,24}","{30,110,105,95,96,86,85,90,89,90,86,93,96,97,98,90,98,85,84,92,102,82,90,91,94,94,98,106,89,92,90}","(Gothic Metal) [CD] Season's End - A Tear Away From Sadness (EP) - 2000, FLAC (tracks), lossless"
5657335,8,1840441,FD8077D2F6F458E4D003DF7F3493859F05B36843,236123679,1,2026-07-31 02:21:01,4,3,"{7,24,24,24,24,24,24,24,24,24,23,24,24,24,24,24,24,24,24,23,25,24,24,24,25,24,24,26,24,24,24}","{25,92,85,88,78,81,68,78,68,72,70,85,79,73,77,76,82,63,66,85,94,77,77,73,88,84,87,94,83,84,80}","(Gothic Metal) [WEB] Finita - Lie (EP) - 2018, FLAC (tracks), lossless"
5657341,8,1840441,3439E5B18D1DE7A704C10CA7897282BD65A43B92,291500053,1,2026-07-31 02:21:01,5,3,"{7,24,24,24,24,24,24,24,24,24,23,24,24,24,24,24,24,24,24,23,25,24,24,24,25,24,24,26,24,24,24}","{30,110,104,102,96,84,85,87,94,92,91,89,95,92,94,90,98,98,104,94,98,81,90,91,97,93,96,105,89,95,82}","(Gothic Metal) [WEB] Finita - Voices From Sanatorium - 2015, FLAC (tracks), lossless"
5661992,8,1840441,4FEEE6D9EF5EFF70420052C7D967EC2683BFFFA0,415012420,1,2026-07-31 02:21:01,4,3,"{7,24,24,24,24,24,24,24,24,24,23,24,24,24,24,24,24,24,24,23,25,24,24,24,25,24,24,26,24,24,24}","{25,95,83,88,75,68,63,76,71,72,71,84,79,69,76,76,81,70,83,82,92,74,77,74,89,78,85,95,79,86,78}","(Gothic Metal) [WEB] Ember Sea - How To Tame A Heart - 2017, FLAC (tracks), lossless"
5663789,8,1840441,21056F6553D555D9A349DA6EF8BCA0F701C46314,516236413,1,2026-07-31 02:21:01,4,3,"{7,24,24,24,24,24,24,24,24,24,23,24,24,24,24,24,24,24,24,23,25,24,24,24,25,24,24,26,24,24,24}","{25,92,83,88,75,66,64,76,72,72,71,84,77,71,76,76,81,70,83,82,94,75,75,74,89,77,86,94,80,80,81}","(Symphonic Gothic/Power Metal) [WEB] Magion - A Different Shade Of Darkness - 2013, FLAC (tracks), lossless"
5666830,2,6474837,E4E70B4872178A78DBAA09BEA2991D172389A257,497503865,1,2026-07-31 02:21:01,3,3,"{7,24,24,24,24,24,24,24,24,24,23,24,24,24,24,24,24,24,24,23,25,24,24,24,25,24,24,26,24,24,24}","{22,91,78,77,73,67,73,77,71,79,79,78,71,64,64,71,71,75,86,78,80,72,76,79,76,71,87,87,71,80,77}","(Melodic Gothic Metal) [CD] Enchained Souls - In Memoriam - 2010, FLAC (image+.cue), lossless"
5668941,2,12063696,9E85E2B0F551F3CE86852CAD6E0EEE056EDFA54F,510938252,1,2026-07-31 02:21:01,3,3,"{7,24,24,24,24,24,24,24,24,24,23,24,24,24,24,24,24,24,24,23,25,24,24,24,25,24,24,26,24,24,24}","{23,80,74,77,66,70,56,70,73,76,67,75,60,58,79,73,78,70,81,73,80,76,79,79,82,75,90,76,65,66,65}","(Gothic Metal) [CD] Sculpture - Sculpture - 1999 (2004), FLAC (image+.cue), lossless"
5673463,8,43256904,B8A5706A6ED9E1BFB07F918925740CE05C49D0F3,339153434,1,2026-07-31 02:21:01,3,3,"{7,24,24,24,24,24,24,24,24,24,23,24,24,24,24,24,24,24,24,23,25,24,24,24,25,24,24,26,24,24,24}","{23,80,77,77,67,68,57,69,62,68,66,76,62,55,66,67,62,63,77,76,75,72,71,72,74,71,86,76,69,65,68}","(Doom | Gothic Metal) [WEB] My Darkest Time - Dawn - 2018, FLAC (tracks), lossless"
5675889,8,43256904,16760D12DF938E1D0374A462640245315CD5F835,393603849,1,2026-07-31 02:21:01,4,3,"{7,24,24,24,24,24,24,24,24,24,23,24,24,24,24,24,24,24,24,23,25,24,24,24,25,24,24,26,24,24,24}","{28,96,114,125,72,86,79,81,75,93,89,90,83,76,88,87,75,72,93,119,82,81,86,86,75,76,89,103,69,84,87}","(Doom | Gothic Metal) [CD] A Pale Horse Named Death - When the World Becomes Undone - 2019, FLAC (tracks), lossless"
5678435,8,1840441,7A6DA940642C4EEAD15A0319F5CBD5E0D2523198,342857907,1,2026-07-31 02:21:01,5,3,"{7,24,24,24,24,24,24,24,24,24,23,24,24,24,24,24,24,24,24,23,25,24,24,24,25,24,24,26,24,24,24}","{30,116,112,102,101,100,89,93,92,91,93,93,100,94,96,90,100,90,91,105,101,90,95,94,94,101,98,104,101,89,96}","(Gothic/Death Metal) [WEB] Tenebrarum - Divine War - 1997/2002, FLAC (tracks), lossless"
5680618,8,43256904,66E5F82B36EA1E14941D04E5C92763557FB23CC2,374254586,1,2026-07-31 02:21:01,7,4,"{7,24,24,24,24,24,24,24,24,24,23,24,24,24,24,24,24,24,24,23,25,24,24,24,25,24,24,26,24,24,24}","{52,204,188,164,167,153,176,180,166,165,167,157,174,163,156,152,157,148,154,173,179,157,143,107,140,138,156,174,154,148,160}","(Gothic Metal) [WEB] Autumn - Stacking Smoke - 2019, FLAC (tracks), lossless"
5682127,8,1840441,81D0E3520C0A2D80DAD6F69097B4C7D28873B8CC,245621998,1,2026-07-31 02:21:01,7,3,"{7,24,24,24,24,24,24,24,24,24,23,24,24,24,24,24,24,24,24,23,25,24,24,24,25,24,24,26,24,24,24}","{44,169,124,120,112,108,113,107,111,96,102,107,120,109,107,107,113,100,111,105,113,93,106,102,115,115,115,162,119,132,118}","(Gothic Metal) [WEB] Inner Shrine - Heroes - 2019, FLAC (tracks), lossless"
5687960,2,1840441,608790A0B81BEEF7E1EF8D1A3F0D44C695316C06,489605290,1,2026-07-31 02:21:01,7,3,"{7,24,24,24,24,24,24,24,24,24,23,24,24,24,24,24,24,24,24,23,25,24,24,24,25,24,24,26,24,24,24}","{43,182,165,156,172,183,177,145,161,180,157,157,172,161,158,147,154,142,129,142,146,129,121,154,169,167,147,164,142,143,143}","(Ethno Dark/Gothic Metal) [CD] Betray My Secrets - Betray My Secrets - 1999, FLAC (image+.cue), lossless"
5688808,8,1840441,235CAD66666BA039A0697DB85A08A29CE3AEA582,276840434,1,2026-07-31 02:21:01,4,3,"{7,24,24,24,24,24,24,24,24,24,23,24,24,24,24,24,24,24,24,23,25,24,24,24,25,24,24,26,24,24,24}","{25,94,83,88,74,69,67,76,69,72,69,84,79,72,76,76,81,70,83,82,92,74,77,74,87,78,89,94,76,85,78}","(Symphonic Gothic/Death Metal) [WEB] Behind The Mask - Hidden Beast - 2018, FLAC (tracks), lossless"
5688915,8,1840441,7CE6B3055CF206778D35D238992FC1FAD40189B6,149674544,1,2026-07-31 02:21:01,4,3,"{7,24,24,24,24,24,24,24,24,24,23,24,24,24,24,24,24,24,24,23,25,24,24,24,25,24,24,26,24,24,24}","{25,93,85,88,79,80,72,80,72,72,75,81,83,77,77,76,83,64,67,86,98,82,80,76,89,85,84,98,87,87,81}","(Gothic Metal) [WEB] Longed For Fusion - We'll Never Decay (EP) - 2009, FLAC (tracks), lossless"
5688922,8,1840441,BC35238BD0F43D326B0E83955BAF0BB374156789,308093978,1,2026-07-31 02:21:01,4,3,"{7,24,24,24,24,24,24,24,24,24,23,24,24,24,24,24,24,24,24,23,25,24,24,24,25,24,24,26,24,24,24}","{25,92,85,88,79,80,70,79,70,73,73,82,85,74,77,76,82,63,66,86,99,88,95,99,106,111,112,123,110,110,111}","(Gothic Metal) [WEB] Longed For Fusion - Salvation - 2007, FLAC (tracks), lossless"
5689102,8,43256904,615E5B1DE8AACD3041C1DC4870662991650FE3A6,407475392,1,2026-07-31 02:21:01,4,3,"{7,24,24,24,24,24,24,24,24,24,23,24,24,24,24,24,24,24,24,23,25,24,24,24,25,24,24,26,24,24,24}","{28,102,98,92,82,84,77,84,84,89,89,92,85,79,90,91,87,79,79,90,99,84,87,86,92,92,91,102,94,88,89}","(Gothic Metal) [WEB] Alchem - Viaggio al centro della terra - 2018, FLAC (tracks), lossless"
5690931,2,1840441,0D73809AF0F410DD9F1B3153FA39695D204D2DC9,540726335,1,2026-07-31 02:21:01,4,3,"{7,24,24,24,24,24,24,24,24,24,23,24,24,24,24,24,24,24,24,23,25,24,24,24,25,24,24,26,24,24,24}","{25,92,83,95,96,97,68,76,70,72,82,91,97,76,76,76,81,75,84,103,95,72,77,74,89,94,98,98,87,90,91}","(Melodic Death/Gothic Metal) [CD] Manic Movement - Thousand Sufferings - 1999, FLAC (image+.cue), lossless"
5690938,2,1840441,34DD6FB0CA06803689DE15E04BBD4885690AE7EA,607190945,1,2026-07-31 02:21:01,4,3,"{7,24,24,24,24,24,24,24,24,24,23,24,24,24,24,24,24,24,24,23,25,24,24,24,25,24,24,26,24,24,24}","{25,92,83,87,76,71,66,76,76,72,71,87,89,72,76,76,90,61,76,86,95,78,77,74,88,93,97,109,89,85,93}","(Melodic Death/Gothic Metal) [CD] Manic Movement - Future Dreaming Self... - 2001, FLAC (image+.cue), lossless"
5694286,2,2077094,AA2E67729A4D741913BBE0CE441F81F5E18B99FB,793369874,1,2026-07-31 02:21:01,6,4,"{7,24,24,24,24,24,24,24,24,24,23,24,24,24,24,24,24,24,24,23,25,24,24,24,25,24,24,26,24,24,24}","{48,186,204,200,161,172,156,165,160,168,173,177,181,163,138,171,154,134,164,175,195,163,146,161,155,140,149,164,111,140,128}","(Gothic Metal / Pagan Folk) [CD] Mantus - Katharsis &amp; Pagan Folk Songs (2 CD) - 2019, FLAC (image+.cue), lossless"
5696416,8,43256904,D572F1F59CAC2FA1E9DA7F695D2A492D3B1852F7,371312675,1,2026-07-31 02:21:01,3,3,"{7,24,24,24,24,24,24,24,24,24,23,24,24,24,24,24,24,24,24,23,25,24,24,24,25,24,24,26,24,24,24}","{23,80,77,77,68,68,60,71,64,68,62,74,62,55,66,67,62,63,77,76,76,69,67,75,74,72,86,76,69,66,68}","(Gothic Metal) [WEB] Bruxa Velha - Maleficus - 2019, FLAC (tracks), lossless"
5702191,2,1840441,47FE11A48DB26235B9229E2A17C8E0C170AC0120,501737938,1,2026-07-31 02:21:01,7,3,"{7,24,24,24,24,24,24,24,24,24,23,24,24,24,24,24,24,24,24,23,25,24,24,24,25,24,24,26,24,24,24}","{51,177,172,170,164,143,118,114,103,132,108,116,124,129,123,117,134,128,129,118,141,119,128,130,144,127,137,140,118,139,125}","(Gothic/Doom Metal) [CD] Theatre Of Tragedy - Theatre Of Tragedy (Remastered) - 1995/2013, FLAC (image+.cue), lossless"
5702203,2,4726738,9F19C4C9CAB9F0F4D130C512B91E6C005E58D330,1582542220,1,2026-07-31 02:21:01,6,3,"{7,24,24,24,24,24,24,24,24,24,23,24,24,24,24,24,24,24,24,23,25,24,24,24,25,24,24,26,24,24,24}","{51,181,187,162,145,176,164,126,124,113,106,117,137,128,118,113,102,124,133,147,147,109,103,111,136,132,142,141,131,166,164}","(Symphonic Gothic Metal) [CD] Imperia - Collection - 2007-2019, (3 CDs), FLAC (image+.cue), lossless"
5708648,2,43256904,C99A8E44AF6625E684854D11801725B226F82753,547462684,1,2026-07-31 02:21:01,5,3,"{7,24,24,24,24,24,24,24,24,24,23,24,24,24,24,24,24,24,24,23,25,24,24,24,25,24,24,26,24,24,24}","{31,102,114,96,83,88,83,80,87,96,88,94,99,104,95,98,93,92,90,108,103,90,90,97,93,95,104,104,94,87,87}","(Symphonic Gothic Metal) [CD] Whyzdom - As Time Turns To Dust (Japanese Edition) - 2018, FLAC (image+.cue), lossless"
5711387,2,12383977,5CA4919D5E544BD1836FC82F16201BD803991594,349038837,1,2026-07-31 02:21:01,3,3,"{7,24,24,24,24,24,24,24,24,24,23,24,24,24,24,24,24,24,24,23,25,24,24,24,25,24,24,26,24,24,24}","{26,81,77,78,68,73,59,67,69,68,61,80,78,62,68,75,61,61,73,77,89,74,70,72,74,71,90,92,63,89,88}","(Gothic Metal) [CD] Delight - Last Temptation - 2000, APE (image+.cue), lossless"
5711392,8,12383977,75BC980888F54E58CA83315F7D19531C17A70DF2,396452536,1,2026-07-31 02:21:01,3,3,"{7,24,24,24,24,24,24,24,24,24,23,24,24,24,24,24,24,24,24,23,25,24,24,24,25,24,24,26,24,24,24}","{23,81,77,78,68,73,66,67,67,71,70,78,78,61,68,82,70,66,50,78,87,79,69,72,75,71,90,95,67,80,74}","(Gothic Metal) [WEB] Delight - Od Nowa - 2004, FLAC (tracks), lossless"
5711491,8,43256904,B0F17C23C7918DC071CBC890E07FDDFD21404F66,489474092,1,2026-07-31 02:21:01,4,3,"{7,24,24,24,24,24,24,24,24,24,23,24,24,24,24,24,24,24,24,23,25,24,24,24,25,24,24,26,24,24,24}","{29,107,103,105,85,95,80,84,87,96,87,98,95,96,93,96,91,82,78,94,103,103,96,107,104,94,109,110,98,111,104}","(Gothic Metal) [WEB] Samsas Traum - Das vergessene Album - 2019, FLAC (tracks), lossless"
5715127,2,35002497,221025733E9CCDFD25282B5EE24011B560F537F5,983325458,1,2026-07-31 02:21:01,11,3,"{7,24,24,24,24,24,24,24,24,24,23,24,24,24,24,24,24,24,24,23,25,24,24,24,25,24,24,26,24,24,24}","{76,271,305,291,307,305,285,298,286,298,247,294,282,243,260,248,229,254,276,296,290,242,257,259,254,271,230,257,285,253,262}","(Gothic Metal) [CD] Lacrimosa - Zeitreise - 2019, FLAC (image+.cue), lossless"
5717788,2,12383977,3D4DEDAEAB5F527C1ED2A464DCB98986E285A5AE,433537870,1,2026-07-31 02:21:01,3,3,"{7,24,24,24,24,24,24,24,24,24,23,24,24,24,24,24,24,24,24,23,25,24,24,24,25,24,24,26,24,24,24}","{23,80,74,78,68,66,61,66,65,68,62,71,57,56,69,74,62,61,72,69,76,68,70,72,75,72,85,82,68,65,65}","(Symphonic/Gothic Metal) [CD] Venin Noir - In Pieces On The Lunar Soil - 2008 (2003), FLAC (image+.cue), lossless"
5720294,8,43256904,30E7F506581C8BF40568FF89793EC98CDA6ECD65,348603337,1,2026-07-31 02:21:01,3,3,"{7,24,24,24,24,24,24,24,24,24,23,24,24,24,24,24,24,24,24,23,25,24,24,24,25,24,24,26,24,24,24}","{23,80,78,77,65,67,55,64,78,90,70,72,67,55,64,67,65,61,71,78,77,69,66,71,75,71,85,76,65,65,63}","(Gothic Metal) [WEB] Black Eden - Dystopia - 2019, FLAC (tracks), lossless"
5720983,2,1840441,1828B0ABB66CAEEBFAF1BCFA6AD2976E3B37B4EA,524117155,1,2026-07-31 02:21:01,4,3,"{7,24,24,24,24,24,24,24,24,24,23,24,24,24,24,24,24,24,24,23,25,24,24,24,25,24,24,26,24,24,24}","{28,102,85,88,74,72,72,76,75,72,73,83,77,74,76,76,81,70,88,82,92,78,76,78,90,82,86,100,82,85,78}","(Gothic/Folk Metal) [CDR] Aegonia - The Forgotten Song - 2019, FLAC (image+.cue), lossless"
5722717,8,8627056,A59EB16546E58A89F27EC8420C01EBE24EECF2F6,414987593,1,2026-07-31 02:21:01,4,3,"{7,24,24,24,24,24,24,24,24,24,23,24,24,24,24,24,24,24,24,23,25,24,24,24,25,24,24,26,24,24,24}","{28,100,97,95,80,75,73,80,82,90,89,94,81,82,89,86,83,85,89,87,98,82,85,84,92,85,91,101,90,88,86}","(Industrial) [WEB] Mortiis - Live in London (Into the Pit the Live Series) - 2019, FLAC (tracks), lossless"
5724092,2,43256904,5B6D37C1D7B0448F9C9F0A6BB3BB0CC825172881,476063175,1,2026-07-31 02:21:01,9,4,"{7,24,24,24,24,24,24,24,24,24,23,24,24,24,24,24,24,24,24,23,25,24,24,24,25,24,24,26,24,24,24}","{61,244,228,254,218,220,196,218,219,203,186,186,214,221,202,213,214,230,201,207,226,183,191,227,228,210,243,245,193,218,207}","(Symphonic Metal) [CD] Sirenia - Arcane Astral Aeons - 2018, FLAC (image+.cue), lossless"
5726062,2,17947043,57A99E8BB32D126531C70FFEDEAFEB22FC4F786F,89391499,1,2026-07-31 02:21:01,3,3,"{7,24,24,24,24,24,24,24,24,24,23,24,24,24,24,24,24,24,24,23,25,24,24,24,25,24,24,26,24,24,24}","{23,80,74,77,65,67,63,64,65,68,61,72,57,55,64,67,61,61,71,69,75,69,69,72,75,71,85,76,62,68,63}","(Gothic Metal) [CD] &#20912;&#38684;&#20043;&#28122; (Frost Tears) - &#36953;&#24819; (Reminiscences) - 2012, FLAC (image+.cue), lossless"
5729106,2,952751,E97E9F6EE7F080821EE4FC17D927EFCA4F6F4BCA,282444509,1,2026-07-31 02:21:01,4,3,"{7,24,24,24,24,24,24,24,24,24,23,24,24,24,24,24,24,24,24,23,25,24,24,24,25,24,24,26,24,24,24}","{28,99,99,97,79,73,68,80,84,92,84,94,86,83,91,91,84,85,95,87,97,85,83,82,92,85,91,102,89,89,87}","(Symphonic Metal) [CD] Dunwich - Eternal Eclipse Of Frost - 1999, FLAC (tracks+.cue), lossless"
5731369,8,1840441,F206BA863CDA886DCCE3F024651F60A6E9B9C277,322470006,1,2026-07-31 02:21:01,4,3,"{7,24,24,24,24,24,24,24,24,24,23,24,24,24,24,24,24,24,24,23,25,24,24,24,25,24,24,26,24,24,24}","{25,92,83,91,75,72,67,76,70,73,72,80,77,72,76,76,81,70,83,82,94,73,75,73,89,78,87,94,82,82,78}","(Gothic Metal) [WEB] Frozen Tears - When The Earth Cries - 2000, FLAC (tracks), lossless"
5735100,8,43256904,3D526171FAB61CB9C2BFCA7E8DFB5BBB536741E2,325382694,1,2026-07-31 02:21:01,3,3,"{7,24,24,24,24,24,24,24,24,24,23,24,24,24,24,24,24,24,24,23,25,24,24,24,25,24,24,26,24,24,24}","{23,80,74,77,65,64,57,64,64,67,62,70,57,55,64,67,61,61,71,69,76,69,69,72,74,71,86,76,67,65,63}","(Folk Metal | Gothic Rock) [WEB] Elysium - Labyrinth of Fallen Angels - 2019, FLAC (tracks), lossless"
5736883,2,1840441,CD8ACA9B376875BAB32D9F0B775ECAB2491A438D,417125537,1,2026-07-31 02:21:01,4,3,"{7,24,24,24,24,24,24,24,24,24,23,24,24,24,24,24,24,24,24,23,25,24,24,24,25,24,24,26,24,24,24}","{25,92,90,88,74,69,63,76,71,73,78,79,81,71,76,83,81,70,83,82,94,76,80,73,88,79,85,94,79,86,78}","(Heavy/Gothic Metal) [CD] Enchantya - On Light And Wrath - 2019, FLAC (image+.cue), lossless"
5749000,2,23316590,C36256B842DC197F9B553CD4EE4225AF60886804,472198601,1,2026-07-31 02:21:01,5,3,"{7,24,24,24,24,24,24,24,24,24,23,24,24,24,24,24,24,24,24,23,25,24,24,24,25,24,24,26,24,24,24}","{36,167,134,125,102,86,91,111,108,96,121,120,130,122,110,120,119,134,108,125,120,126,91,116,121,119,120,105,108,105,100}","(Gothic Metal, Heavy Metal) [WEB] Idle Hands - Discography (2018-2019) 2 Albums, FLAC (tracks), lossless"
5753096,2,1840441,A042A6A4FC920B64AC3E23E592E9D3C91D732201,122647232,1,2026-07-31 02:21:01,4,3,"{7,24,24,24,24,24,24,24,24,24,23,24,24,24,24,24,24,24,24,23,25,24,24,24,25,24,24,26,24,24,24}","{25,92,83,88,74,71,61,74,70,72,69,84,77,71,76,76,81,70,83,82,93,73,76,74,88,80,85,95,79,83,78}","(Gothic Metal) [CDR] Devonian - Thy Loss (Demo) - 2002, FLAC (image+.cue), lossless"
5757797,2,27134777,C531FD454E39ADA4345AA07F237FBC2B643E437B,217012341,1,2026-07-31 02:21:01,3,3,"{7,24,24,24,24,24,24,24,24,24,23,24,24,24,24,24,24,24,24,23,25,24,24,24,25,24,24,26,24,24,24}","{23,80,74,77,65,60,57,64,64,68,62,71,57,55,64,67,61,61,71,69,76,70,66,72,75,71,85,76,68,67,63}","(Gothic metal) [WEB] Deathrical - Dark Saturnal - 2010, FLAC (tracks), lossless"
5764207,2,12063696,DAFBA265A5BABD7412B8BCB8AED346ED9B12173C,326742214,1,2026-07-31 02:21:01,4,3,"{7,24,24,24,24,24,24,24,24,24,23,24,24,24,24,24,24,24,24,23,25,24,24,24,25,24,24,26,24,24,24}","{29,104,106,97,71,70,70,74,65,69,66,79,62,76,91,68,66,76,79,75,84,70,71,74,74,72,89,77,68,77,70}","(Gothic Metal) [CD] Nattvind - Subuniverses - 2002, FLAC (image+.cue), lossless"
5768980,8,2799938,EA5AD6C5D24D84DDE98DBCF5B4422CC235000706,361587979,1,2026-07-31 02:21:01,6,3,"{7,24,24,24,24,24,24,24,24,24,23,24,24,24,24,24,24,24,24,23,25,24,24,24,25,24,24,26,24,24,24}","{42,174,146,154,147,166,161,154,163,145,164,182,172,160,124,157,175,162,146,153,175,180,154,159,165,155,174,223,194,213,206}","(Symphonic/Alternative Rock) [WEB] Nemesea - White Flag - 2019, FLAC (tracks), lossless"
5778523,2,23316590,6583E64F6796E2F7408410D774AEC515B31734E1,564980999,1,2026-07-31 02:21:01,9,4,"{7,24,24,24,24,24,24,24,24,24,23,24,24,24,24,24,24,24,24,23,25,24,24,24,25,24,24,26,24,24,24}","{66,237,225,242,218,211,199,228,229,224,228,227,248,224,213,225,226,230,240,251,244,213,177,199,238,243,233,244,222,232,216}","(Progressive Metal, Doom Metal) [WEB] Madder Mortem - Mercury (20th anniversary edition) - 2019, FLAC (tracks), lossless"
5784775,2,1840441,DBCDEA44F0786BE017E4E633855BDA8713C351B4,156663463,1,2026-07-31 02:21:01,4,3,"{7,24,24,24,24,24,24,24,24,24,23,24,24,24,24,24,24,24,24,23,25,24,24,24,25,24,24,26,24,24,24}","{25,92,83,88,76,69,64,76,71,73,71,82,79,71,76,76,81,73,83,82,92,74,76,73,90,79,85,95,83,95,90}","(Gothic/Doom Metal) [CD] Crystal Tears - In A Winter Fairytale... (EP) - 1997, FLAC (image+.cue), lossless"
5789810,8,8627056,1A4C095867325D1DAB8707554A321FB56287B9DF,227080875,1,2026-07-31 02:21:01,3,3,"{7,24,24,24,24,24,24,24,24,24,23,24,24,24,24,24,24,24,24,23,25,24,24,24,25,24,24,26,24,24,24}","{22,93,88,85,77,76,68,73,70,79,70,87,87,78,79,74,74,70,95,111,100,81,88,73,85,96,103,94,112,89,76}","(Industrial) [WEB] Mortiis - A Violent Dream - From The Vaults Albums, part 1 - Doppelganger - 2019, FLAC (tracks), lossless"
5790203,2,2799938,201DC6D6D310B417C9A38999093C47B3E2F61AE6,477319739,1,2026-07-31 02:21:01,14,3,"{7,24,24,24,24,24,24,24,24,24,23,24,24,24,24,24,24,24,24,23,25,24,24,24,25,24,24,26,24,24,24}","{94,367,364,363,411,435,451,422,389,454,482,488,461,431,447,432,405,411,432,390,407,365,328,339,392,366,396,451,422,385,376}","(Gothic / Alternative Metal) [2 CD] Lacuna Coil - Black Anima - 2019, FLAC (image+cue), lossless"
5790890,2,1840441,05C282E19C057F708999F8285226FD2B0449047F,339473147,1,2026-07-31 02:21:01,6,3,"{7,24,24,24,24,24,24,24,24,24,23,24,24,24,24,24,24,24,24,23,25,24,24,24,25,24,24,26,24,24,24}","{37,141,145,120,115,119,100,115,119,111,103,112,113,135,102,104,109,86,110,130,106,98,121,129,111,130,119,134,102,103,120}","(Dark Epic/Gothic Metal) [CD] Valkiria - No Darkness No Light - 2019, FLAC (image+.cue), lossless"
5793012,8,2935665,D1EF93148FE76C8BF4B4F1A762958433C959C5E5,1077817955,1,2026-07-31 02:21:01,6,4,"{7,24,24,24,24,24,24,24,24,24,23,24,24,24,24,24,24,24,24,23,25,24,24,24,25,24,24,26,24,24,24}","{38,133,130,120,117,118,111,105,111,127,119,138,140,135,130,126,124,126,140,143,141,117,121,124,130,150,159,147,121,125,127}","(Symphonic Gothic Metal) [WEB] After Forever - Invisible Circles: The Album – The Sessions - 2016, FLAC (tracks), lossless"
5795639,2,12063696,671551B9125430581090B0B1754801CAD29A589F,9701255092,1,2026-07-31 02:21:01,8,3,"{7,24,24,24,24,24,24,24,24,24,23,24,24,24,24,24,24,24,24,23,25,24,24,24,25,24,24,26,24,24,24}","{56,205,217,202,195,241,209,209,202,225,164,149,166,162,158,137,136,146,171,189,167,148,144,136,159,159,178,175,152,165,184}","(Gothic Metal) [CD] Crematory - Коллекция - 1993-2014 (21 CD), FLAC (image+.cue), lossless"
5798909,2,25102764,884EF519012856F43486A8AAB9DDCA33312DA420,331241080,1,2026-07-31 02:21:01,3,3,"{7,24,24,24,24,24,24,24,24,24,23,24,24,24,24,24,24,24,24,23,25,24,24,24,25,24,24,26,24,24,24}","{26,80,74,77,65,57,58,64,64,68,61,72,57,55,64,67,61,61,71,69,76,71,68,72,74,71,86,76,70,91,87}","(Gothic Doom Metal) [CDR] Dying Passion - No Time (Demo) - 1999, FLAC (image+.cue), lossless"
5801595,8,1840441,5536A336161EDAD3FFB88B22DC44BC6744399642,481412084,1,2026-07-31 02:21:01,4,3,"{7,24,24,24,24,24,24,24,24,24,23,24,24,24,24,24,24,24,24,23,25,24,24,24,25,24,24,26,24,24,24}","{25,92,83,88,76,68,61,76,72,72,71,82,80,69,76,76,81,70,83,82,93,75,78,74,88,78,89,94,78,85,78}","(Gothic/Doom Metal) [WEB] Edellom - Sirens - 2019, FLAC (tracks), lossless"
5802178,2,1840441,65A9062EF8CBDFE01561E910684C7A0217852561,203709538,1,2026-07-31 02:21:01,4,3,"{7,24,24,24,24,24,24,24,24,24,23,24,24,24,24,24,24,24,24,23,25,24,24,24,25,24,24,26,24,24,24}","{25,92,83,88,74,67,64,76,71,72,71,83,78,71,76,76,81,70,83,82,94,73,78,74,88,78,87,94,83,87,78}","(Gothic Metal) [CD] Infinite Dawn - The Enigma Of Reign (EP) - 2004, FLAC (image+.cue), lossless"
5803038,8,43256904,00642EB278EF31E1212D75D9B3E4593EA5CA8276,411048233,1,2026-07-31 02:21:01,3,3,"{7,24,24,24,24,24,24,24,24,24,23,24,24,24,24,24,24,24,24,23,25,24,24,24,25,24,24,26,24,24,24}","{32,140,121,136,151,169,166,157,139,135,152,158,167,155,162,165,142,152,169,193,164,146,126,145,142,179,176,194,154,136,142}","(Symphonic Gothic Metal) [WEB] After Forever - Eccentric (feat. Floor Jansen) [Remastered] - 2019, FLAC (tracks), lossless"
5807135,2,1840441,89941C0E663E875FF4FB59A91D3AB38575F65485,455480610,1,2026-07-31 02:21:01,6,3,"{7,24,24,24,24,24,24,24,24,24,23,24,24,24,24,24,24,24,24,23,25,24,24,24,25,24,24,26,24,24,24}","{37,136,131,123,117,108,101,108,112,109,105,107,123,113,108,105,116,115,112,111,132,126,117,106,120,111,119,120,92,100,93}","(Dark/Gothic Metal) [CD] Semblant - Lunar Manifesto - 2016, FLAC (image+.cue), lossless"
5807146,2,1840441,2AF7625F0D0F988CCB438125B73537CE24472E52,287264183,1,2026-07-31 02:21:01,5,3,"{7,24,24,24,24,24,24,24,24,24,23,24,24,24,24,24,24,24,24,23,25,24,24,24,25,24,24,26,24,24,24}","{30,110,109,102,92,83,79,87,92,92,70,89,94,92,80,76,81,70,85,82,93,75,77,81,88,83,87,94,83,107,100}","(Gothic/Doom Metal) [CD] Le Cri Du Mort - Discography (1997-1999) 2 CD, FLAC (image+.cue), lossless"
5811582,2,1840441,34DBA3704568D744DAF08AB2E1FBC5DC1F77412B,254396665,1,2026-07-31 02:21:01,11,3,"{7,24,24,24,24,24,24,24,24,24,23,24,24,24,24,24,24,24,24,23,25,24,24,24,25,24,24,26,24,24,24}","{56,209,201,215,191,173,169,150,138,144,147,151,146,130,135,131,140,141,142,142,171,152,179,168,167,176,191,196,158,191,157}","(Avantgarde Gothic/Dark Metal) [CD] Sadness - Ames De Marbre - 1993, FLAC (image+.cue), lossless"
5811663,2,14589453,8AAF75B027EB88BA329588200AA666C3F230480B,1507385342,1,2026-07-31 02:21:01,7,5,"{7,24,24,24,24,24,24,24,24,24,23,24,24,24,24,24,24,24,24,23,25,24,24,24,25,24,24,26,24,24,24}","{50,181,191,159,160,184,145,160,143,145,123,113,93,126,130,135,120,123,136,134,118,123,132,120,130,129,162,178,130,127,126}","(Melodic Gothic Metal) [CD] To/Die/For - Три CD с бонус-треками - 2000-2015, FLAC (image+.cue), lossless"
5811838,8,8627056,276F5BCB9B2364074AF7DB8ECAA43C2F9D4233BA,262386817,1,2026-07-31 02:21:01,3,3,"{7,24,24,24,24,24,24,24,24,24,23,24,24,24,24,24,24,24,24,23,25,24,24,24,25,24,24,26,24,24,24}","{22,94,88,84,75,76,70,74,66,78,69,82,88,78,82,75,77,68,93,107,98,81,84,75,85,97,103,97,103,80,74}","(Industrial) [WEB] Mortiis - A Violent Dream - From The Vaults Albums, part 2 - Demons Are Back - 2019, FLAC (tracks), lossless"
5812574,2,12063696,EEAE026449B4F5EA1F94C9CC76F31B1DCD224CC8,2833133438,1,2026-07-31 02:21:01,6,3,"{7,24,24,24,24,24,24,24,24,24,23,24,24,24,24,24,24,24,24,23,25,24,24,24,25,24,24,26,24,24,24}","{46,199,227,174,142,213,192,179,174,186,194,182,217,232,228,194,202,204,216,182,175,153,155,162,183,164,205,199,141,143,154}","(Gothic Metal) [CD] EverEve - Дискография - 1996-2005 (6 CD), FLAC (image+.cue), lossless"
5812917,2,9484089,F8DF2B7776D9B0ABCF95DCA8C2F96D13BCF8A5CD,530597353,1,2026-07-31 02:21:01,3,3,"{7,24,24,24,24,24,24,24,24,24,23,24,24,24,24,24,24,24,24,23,25,24,24,24,25,24,24,26,24,24,24}","{23,82,77,77,65,69,65,64,63,68,61,75,58,55,64,67,61,66,71,72,76,69,68,73,74,71,86,79,67,69,63}","(Gothic Metal) [CD] Nevergreen - Ab Ovo (Compilation) [HMRCD 025] - 2003, FLAC (image+.cue), lossless"
5813662,2,25102764,48EDA5515AAB1CB4B6E0744A9D95D558D4DE061B,542091597,1,2026-07-31 02:21:01,3,3,"{7,24,24,24,24,24,24,24,24,24,23,24,24,24,24,24,24,24,24,23,25,24,24,24,25,24,24,26,24,24,24}","{24,82,88,81,70,75,71,70,68,74,66,77,74,73,72,76,66,69,78,78,88,70,71,74,75,73,91,95,71,71,63}","(Atmospheric Gothic Metal) [CD] Lightless Moor - The Poem - Crying My Grief To A Feeble Dawn - 2013, FLAC (image+.cue), lossless"
5816004,8,2799938,2CA773A94CC8B65DBF62D39E3671D39155E4E453,455865679,1,2026-07-31 02:21:01,5,4,"{7,24,24,24,24,24,24,24,24,24,23,24,24,24,24,24,24,24,24,23,25,24,24,24,25,24,24,26,24,24,24}","{35,136,129,111,111,107,101,113,101,96,109,105,110,114,96,105,106,111,111,102,102,94,87,83,90,85,98,105,96,100,96}","(Gothic Metal) [WEB] The Murder of My Sweet - Brave Tin World - 2019, FLAC (tracks), lossless"
5817630,2,1840441,1723E36E69DC18803183664EAC586595FBEC5CCE,186073619,1,2026-07-31 02:21:01,4,3,"{7,24,24,24,24,24,24,24,24,24,23,24,24,24,24,24,24,24,24,23,25,24,24,24,25,24,24,26,24,24,24}","{25,93,89,88,74,71,67,76,76,72,75,81,81,70,76,76,81,61,66,81,93,73,77,74,90,78,83,94,81,93,90}","(Gothic Metal) [CD] Abiosis - Enfance (EP) - 1995, FLAC (image+.cue), lossless"
5819433,2,14589453,AEA661AD630C3C9491358DB3AFB47EBB17AF0CB3,448488439,1,2026-07-31 02:21:01,5,3,"{7,24,24,24,24,24,24,24,24,24,23,24,24,24,24,24,24,24,24,23,25,24,24,24,25,24,24,26,24,24,24}","{35,136,143,141,146,146,127,120,111,138,146,162,167,115,123,116,129,135,149,141,158,117,125,127,167,151,135,142,154,161,170}","(Gothic Metal) [CD] Lacrimosa - Elodia (9-трековая аргентинская версия) - 1999/2005, FLAC (image+.cue), lossless"
5819481,2,14589453,66980954353E455B23A1D61DCE125F29C1271052,546213368,1,2026-07-31 02:21:01,6,4,"{7,24,24,24,24,24,24,24,24,24,23,24,24,24,24,24,24,24,24,23,25,24,24,24,25,24,24,26,24,24,24}","{38,162,171,143,131,114,136,157,165,159,132,129,140,109,131,143,133,133,133,120,140,139,127,134,147,155,169,166,153,151,140}","(Gothic Metal) [CD] Lacrimosa - Testimonium (11-трековая версия, Корея) - 2017, FLAC (image+.cue), lossless"
5823457,8,8627056,232DA56660A6C87A718C0FF8BCDEE96814F40457,530033788,1,2026-07-31 02:21:01,5,3,"{7,24,24,24,24,24,24,24,24,24,23,24,24,24,24,24,24,24,24,23,25,24,24,24,25,24,24,26,24,24,24}","{32,143,146,118,108,125,104,101,102,114,112,98,126,126,113,130,107,106,120,132,143,108,119,101,103,122,126,129,136,101,118}","(Industrial) Mortiis - The Smell of Rain (Special Version with Demo Tracks) - 2019, FLAC (tracks), lossless"
5824835,8,43256904,E15680581F0BA419E0F49C775EBE56A1830FB78A,429162222,1,2026-07-31 02:21:01,3,3,"{7,24,24,24,24,24,24,24,24,24,23,24,24,24,24,24,24,24,24,23,25,24,24,24,25,24,24,26,24,24,24}","{23,80,79,77,66,61,56,64,62,68,61,71,57,55,64,67,61,61,72,69,76,69,68,72,80,76,88,78,68,67,63}","(Symphonic Metal) [WEB] Impulse - The Dark of Men - 2019, FLAC (tracks), lossless"
5824991,2,1840441,47762B99CAEB23A9288B027CA1059508A9C5D2B3,1004116280,1,2026-07-31 02:21:01,6,3,"{7,24,24,24,24,24,24,24,24,24,23,24,24,24,24,24,24,24,24,23,25,24,24,24,25,24,24,26,24,24,24}","{37,145,131,124,116,128,124,110,106,109,104,109,133,124,108,110,119,116,115,125,127,103,106,110,127,111,133,130,113,120,113}","(Gothic Metal) [CD] Angel - Discography (2005-2020) 3 CD, FLAC (image+.cue), lossless"
5835072,8,43256904,AD4F091B479C0EB28E7277A18697551A3179B526,521784552,1,2026-07-31 02:21:01,5,3,"{7,24,24,24,24,24,24,24,24,24,23,24,24,24,24,24,24,24,24,23,25,24,24,24,25,24,24,26,24,24,24}","{34,134,125,138,106,98,91,106,104,100,103,103,102,98,104,100,106,106,107,105,103,97,106,108,116,94,114,113,95,97,105}","(Melodic Death | Gothic Metal) [WEB] Circus of Fools - Raise the Curtain - 2015, FLAC (tracks), lossless"
5835091,8,43256904,FEBB2AF82158FDEE916123E025F48DAE46EAC383,215738108,1,2026-07-31 02:21:01,3,3,"{7,24,24,24,24,24,24,24,24,24,23,24,24,24,24,24,24,24,24,23,25,24,24,24,25,24,24,26,24,24,24}","{23,95,75,94,69,65,57,74,64,68,71,92,62,57,73,70,72,68,88,78,82,70,83,80,84,71,86,76,64,63,64}","(Melodic Death | Gothic Metal) [WEB] Circus of Fools - Contracult (EP) - 2020, FLAC (tracks), lossless"
5835103,8,43256904,69AC6101BF944440A48FFCDD3EFCACF7468FD012,376373072,1,2026-07-31 02:21:01,3,3,"{7,24,24,24,24,24,24,24,24,24,23,24,24,24,24,24,24,24,24,23,25,24,24,24,25,24,24,26,24,24,24}","{23,81,78,77,67,66,56,70,63,68,66,76,61,55,67,67,63,64,78,77,75,70,68,74,74,72,85,76,69,68,69}","(Gothic Metal) [WEB] The Mastro Project - Perdition - 2020, FLAC (tracks), lossless"
5839597,8,2799938,20ECA2EEBC13050C0CD0E1E46083F0DC4DDF029B,325422174,1,2026-07-31 02:21:01,4,3,"{7,24,24,24,24,24,24,24,24,24,23,24,24,24,24,24,24,24,24,23,25,24,24,24,25,24,24,26,24,24,24}","{28,120,107,100,93,95,83,96,93,103,106,94,95,97,89,95,95,89,88,99,101,91,103,108,108,75,89,88,66,78,78}","(Symphonic Metal) [WEB] Elegy of Madness - Invisible World - 2020, FLAC (tracks), lossless"
5841174,8,25428785,3EFC8AB05012D19867229DF9D9BE9E5992AE6DC9,294573333,1,2026-07-31 02:21:01,4,4,"{7,24,24,24,24,24,24,24,24,24,23,24,24,24,24,24,24,24,24,23,25,24,24,24,25,24,24,26,24,24,24}","{28,96,96,92,77,75,68,80,83,90,85,96,81,79,88,91,85,85,95,87,96,77,81,83,92,85,91,102,86,93,87}","(Gothic Metal) [WEB] Dwell in Doom - Death to Us - 2020, FLAC (tracks), lossless"
5844079,8,25428785,2AD01DC520E6921D1C6ECC7A18E4C7BDB15DFB39,366958236,1,2026-07-31 02:21:01,3,3,"{7,24,24,24,24,24,24,24,24,24,23,24,24,24,24,24,24,24,24,23,25,24,24,24,25,24,24,26,24,24,24}","{23,89,84,90,73,70,72,79,75,74,76,87,74,77,79,84,76,62,66,84,84,74,81,78,85,83,90,98,83,86,79}","(Symphonic / Gothic Metal) [WEB] Leecher - Deviant - 2020, FLAC (tracks), lossless"
5844438,2,44607446,C76EF4A8D3C9B565CBEBA73F4C7E38231C5AC3D9,292106402,1,2026-07-31 02:21:01,7,4,"{7,24,24,24,24,24,24,24,24,24,23,24,24,24,24,24,24,24,24,23,25,24,24,24,25,24,24,26,24,24,24}","{45,146,133,136,134,145,139,137,136,154,145,151,128,131,107,125,119,117,103,141,153,146,165,164,167,164,157,171,133,144,134}","(Gothic Metal/Rock) [CD] Lacrimas Profundere - Bleeding The Stars - 2019, FLAC (image+.cue), lossless"
5844847,2,6474837,9BF5ED4F578FD4C4E9A2FB588699DD5548167E48,620230750,1,2026-07-31 02:21:01,3,3,"{7,24,24,24,24,24,24,24,24,24,23,24,24,24,24,24,24,24,24,23,25,24,24,24,25,24,24,26,24,24,24}","{23,80,74,77,65,63,56,64,62,68,62,72,57,55,64,67,61,61,71,69,75,70,65,71,74,71,106,119,111,110,105}","(Symphonic Gothic Metal/Female Vocal) [CD] [WEB] Daemon Lost (Daemon Lost) - Дискография 2 albums (2011-2015), FLAC (tracks, image+.cue), lossless"
5846465,8,2799938,745A64DA5CD96373B6F932E00B294B6A88011648,406700707,1,2026-07-31 02:21:01,4,3,"{7,24,24,24,24,24,24,24,24,24,23,24,24,24,24,24,24,24,24,23,25,24,24,24,25,24,24,26,24,24,24}","{28,96,99,92,77,74,70,79,86,90,82,96,81,85,91,99,86,76,72,88,98,79,84,83,92,85,95,106,89,86,89}","(Symphonic Metal) [WEB] Delain - Apocalypse &amp; Chill - 2020, FLAC (tracks), lossless"
5854031,2,13861508,1D94874A5C63E815292920DEBF36AFEA70698C3C,392570682,1,2026-07-31 02:21:01,7,4,"{7,24,24,24,24,24,24,24,24,24,23,24,24,24,24,24,24,24,24,23,25,24,24,24,25,24,24,26,24,24,24}","{47,177,169,173,150,162,153,147,148,114,106,116,136,105,108,111,112,115,122,132,151,130,110,105,125,117,157,148,131,117,122}","(Gothic Metal) [CD] Flowing Tears - Razorbliss - 2004, FLAC (image+.cue), lossless"
5857460,8,43256904,85EA5919AB81B48B1BFF075AED6FA1E04B62FF84,345814635,1,2026-07-31 02:21:01,3,3,"{7,24,24,24,24,24,24,24,24,24,23,24,24,24,24,24,24,24,24,23,25,24,24,24,25,24,24,26,24,24,24}","{23,80,74,77,65,62,58,64,64,67,62,72,57,55,64,67,61,61,71,69,75,70,68,72,75,71,86,76,66,68,63}","(Gothic | Doom Metal) [WEB] Inno - The Rain Under - 2020, FLAC (tracks), lossless"
5858262,2,25102764,91BF12A7B48EA433222E84A2CC1803336A893DE0,388405560,1,2026-07-31 02:21:01,3,3,"{7,24,24,24,24,24,24,24,24,24,23,24,24,24,24,24,24,24,24,23,25,24,24,24,25,24,24,26,24,24,24}","{26,80,74,77,65,61,55,64,67,68,62,69,57,55,64,67,61,61,71,69,76,72,68,72,75,72,86,76,67,64,63}","(Folk / Gothic Metal) [CD] Black Leaves - Ivy And Moonlight - 2005, FLAC (image+.cue), lossless"
5859414,2,6474837,45DF0F809D2222E18BC6EF0CE36E3B306100B5C3,521652172,1,2026-07-31 02:21:01,3,3,"{7,24,24,24,24,24,24,24,24,24,23,24,24,24,24,24,24,24,24,23,25,24,24,24,25,24,24,26,24,24,24}","{23,80,74,77,65,62,57,64,63,68,60,72,57,55,64,67,61,61,71,69,76,70,68,72,75,71,86,76,68,68,63}","(Gothic Metal) [CD] Lingerbliss - Uncertain - 2010, FLAC (image+.cue), lossless"
5859437,2,6474837,FA8202FE7EDA2E1BE5355B0C37FE96A79F52B66B,315008740,1,2026-07-31 02:21:01,3,3,"{7,24,24,24,24,24,24,24,24,24,23,24,24,24,24,24,24,24,24,23,25,24,24,24,25,24,24,26,24,24,24}","{23,80,76,77,64,62,58,64,64,68,60,69,57,64,64,67,61,61,71,76,76,70,64,72,75,71,86,76,64,69,63}","(Gothic Metal/Acoustic) [CD] Lingerbliss - A False Premise - 2013, FLAC (image+.cue), lossless"
5861542,8,2414360,B58D4382714BF1775FE86A1BBF21A7EFA842A0EC,532692566,1,2026-07-31 02:21:01,4,3,"{7,24,24,24,24,24,24,24,24,24,23,24,24,24,24,24,24,24,24,23,25,24,24,24,25,24,24,26,24,24,24}","{28,96,96,91,77,77,73,80,84,90,85,96,82,82,88,91,85,85,95,86,98,83,87,83,92,85,92,87,69,67,63}","(Gothic Metal) [WEB] Semblant - Коллекция (1 альбом, 1 EP) - 2011-2020, FLAC (tracks), lossless"
5861543,8,25428785,8FE4BBFC9A7FA66C8297844EFA649A32A1DC05CB,283882004,1,2026-07-31 02:21:01,5,4,"{7,24,24,24,24,24,24,24,24,24,23,24,24,24,24,24,24,24,24,23,25,24,24,24,25,24,24,26,24,24,24}","{32,120,123,112,99,89,84,97,108,96,92,95,96,103,96,96,96,96,96,99,100,91,95,95,105,97,109,105,97,95,96}","(Gothic Metal, Rock) [WEB] Eilera - Waves - 2020, FLAC (tracks), lossless"
5863537,2,44607446,2ED35B38F51E62C1DBD39B0DECD0517F4BAE415A,508959474,1,2026-07-31 02:21:01,3,3,"{7,24,24,24,24,24,24,24,24,24,23,24,24,24,24,24,24,24,24,23,25,24,24,24,25,24,24,26,24,24,24}","{23,89,90,81,81,93,89,93,96,94,87,95,86,92,95,97,93,98,114,83,79,74,76,75,86,84,92,83,70,82,79}","(Gothic Metal) [CD] EverEve - Stormbirds - 1998 (Remastered in 2008), FLAC (image+.cue), lossless"
5864986,8,2414360,6347FA7649DB5E3AF5941A0F9CF425BC6CF406B4,425358465,1,2026-07-31 02:21:01,3,3,"{7,24,24,24,24,24,24,24,24,24,23,24,24,24,24,24,24,24,24,23,25,24,24,24,25,24,24,26,24,24,24}","{24,96,81,79,73,84,82,92,88,88,88,89,93,86,78,83,86,92,86,103,102,92,91,88,92,95,94,116,95,97,92}","(Gothic/Folk Metal) [WEB] Lyriel - Paranoid Circus - 2011, FLAC (tracks), lossless"
5865305,2,13861508,0A05D9519592529DA4C53110B8BC01F76BDC09C1,429191313,1,2026-07-31 02:21:01,5,4,"{7,24,24,24,24,24,24,24,24,24,23,24,24,24,24,24,24,24,24,23,25,24,24,24,25,24,24,26,24,24,24}","{36,130,124,120,103,100,112,107,106,106,100,99,109,115,103,102,108,114,126,106,115,101,105,104,116,113,120,119,103,109,110}","(Symphonic Gothic Metal) [CD] Siegfried - Drachenherz - 2001, FLAC (image+.cue), lossless"
5867337,8,43256904,BBD9D120A5757AC00A90FC21193537DA2B1BBF60,390041394,1,2026-07-31 02:21:01,3,3,"{7,24,24,24,24,24,24,24,24,24,23,24,24,24,24,24,24,24,24,23,25,24,24,24,25,24,24,26,24,24,24}","{23,80,77,77,67,62,56,69,62,68,65,76,62,55,66,69,62,63,77,76,74,70,67,74,74,79,94,76,74,66,68}","(Gothic Metal) [WEB] Adivarius - El Despertar de los Dioses Olvidados - 2020, FLAC (tracks), lossless"
5868747,2,25102764,A0D05218FA2DE3DBA844A04ADE3B2CF6F2225330,140586346,1,2026-07-31 02:21:01,3,3,"{7,24,24,24,24,24,24,24,24,24,23,24,24,24,24,24,24,24,24,23,25,24,24,24,25,24,24,26,24,24,24}","{23,80,78,77,65,63,57,64,62,68,61,69,57,62,64,67,61,61,71,76,75,71,65,72,75,71,85,76,61,67,63}","(Symphonic Gothic Metal) [WEB] Aniron - Concealed Within (EP) - 2013, FLAC (tracks), lossless"
5869856,2,13861508,4079620653D787C9FCA1151DB5DB25DCBA130A4E,428249754,1,2026-07-31 02:21:01,3,3,"{7,24,24,24,24,24,24,24,24,24,23,24,24,24,24,24,24,24,24,23,25,24,24,24,25,24,24,26,24,24,24}","{22,85,90,112,74,77,68,63,69,77,71,84,59,62,77,80,68,64,55,81,80,76,72,74,78,82,100,107,98,92,97}","(Gothic / Dark Wave) [CD] Janus - Vater - 1998, FLAC (image+.cue), lossless"
5871104,2,25102764,1C5BB723B04DAE2BBA408B8FB7D80BCC01AB09D2,142624969,1,2026-07-31 02:21:01,3,3,"{7,24,24,24,24,24,24,24,24,24,23,24,24,24,24,24,24,24,24,23,25,24,24,24,25,24,24,26,24,24,24}","{23,80,76,77,65,63,58,64,64,67,60,66,57,64,64,67,61,61,71,76,76,71,70,72,74,71,85,94,72,64,71}","(Symphonic Power / Gothic Metal) [WEB] Illectus - Me Against The World (EP) - 2013, FLAC (tracks), lossless"
5872867,8,2414360,B06A941C237CCF52A790E4D82FED625FE0CF099D,726581934,1,2026-07-31 02:21:01,3,3,"{7,24,24,24,24,24,24,24,24,24,23,24,24,24,24,24,24,24,24,23,25,24,24,24,25,24,24,26,24,24,24}","{23,80,74,77,65,62,52,64,64,67,62,69,61,55,64,67,61,61,71,69,76,71,67,71,74,71,86,76,67,66,63}","(Symphonic Gothic Metal) [WEB] Fallen Arise - Коллекция (2 альбома) - 2015-2020, FLAC (tracks), lossless"
5878366,8,1840441,D1CB3496AB71A2A2761549E50237BAB306B060E9,379136926,1,2026-07-31 02:21:01,4,3,"{7,24,24,24,24,24,24,24,24,24,23,24,24,24,24,24,24,24,24,23,25,24,24,24,25,24,24,26,24,24,24}","{25,92,86,91,74,71,60,76,72,73,71,83,77,80,79,76,81,61,60,83,92,75,80,73,89,78,85,95,81,83,78}","(Gothic Metal) [WEB] Mons Lvnae - Kyrie XIII (Reissue) - 2020, FLAC (tracks), lossless"
5881891,2,4726738,A3500141C771BC667BD1D78E86A620ACBB8AD67C,185489270,1,2026-07-31 02:21:01,5,3,"{7,24,24,24,24,24,24,24,24,24,23,24,24,24,24,24,24,24,24,23,25,24,24,24,25,24,24,26,24,24,24}","{35,132,137,114,100,107,92,108,104,100,115,100,104,138,115,119,110,120,126,111,122,132,128,110,113,111,131,151,116,135,120}","(Gothic Metal) [CD] The Old Dead Tree - The End (EP) - 2019, FLAC (image+.cue), lossless"
5885182,8,2414360,BAFC199F79831F099549B89674666831750E15EF,431021713,1,2026-07-31 02:21:01,9,4,"{7,24,24,24,24,24,24,24,24,24,23,24,24,24,24,24,24,24,24,23,25,24,24,24,25,24,24,26,24,24,24}","{58,210,227,195,212,205,201,203,200,216,195,195,224,221,206,220,224,207,202,198,212,182,183,220,229,233,248,264,238,239,252}","(Symphonic Gothic Metal) [WEB] Delain - April Rain (Special Edition) - 2009, FLAC (tracks), lossless"
5889107,2,13861508,DD1D1C8356939266742DE4DF2451AE0B3A1F5F4F,2511533108,1,2026-07-31 02:21:01,4,3,"{7,24,24,24,24,24,24,24,24,24,23,24,24,24,24,24,24,24,24,23,25,24,24,24,25,24,24,26,24,24,24}","{28,100,106,99,85,79,113,84,82,91,85,99,97,89,96,107,104,91,88,99,110,93,82,103,122,113,119,141,111,131,144}","(Gothic Rock) [CD] Dawn of Oblivion - Discography 1994-2017 (6 CD), FLAC (image+.cue), lossless"
5890677,2,21982338,2942DEB413DCC6057F6516D82AF36A40733BA434,29013756,1,2026-07-31 02:21:01,4,3,"{7,24,24,24,24,24,24,24,24,24,23,24,24,24,24,24,24,24,24,23,25,24,24,24,25,24,24,26,24,24,24}","{29,102,102,98,88,83,89,84,86,93,83,106,107,83,82,87,88,82,103,87,89,74,71,76,80,87,92,92,69,80,81}","(Symphonic / Gothic metal) [WEB] Metalwings - Second Chance [Single] - 2015, FLAC (track), lossless"
5895741,2,4726738,CE4ACAA39BE6B4AD25F9B5E78DE59604E8C6AED6,484660349,1,2026-07-31 02:21:01,3,3,"{7,24,24,24,24,24,24,24,24,24,23,24,24,24,24,24,24,24,24,23,25,24,24,24,25,24,24,26,24,24,24}","{23,80,74,77,65,59,54,64,64,68,62,71,57,55,64,67,61,61,71,74,99,78,84,83,92,85,93,102,88,88,87}","(Dark/Gothic Metal) [CD] Nebelstille - In alle Ewigkeit... (Limited Edition with bonus tracks) - 2009, FLAC (image+.cue), lossless"
5895972,2,13861508,C80B32AB646A105125EDA33E1146A78F25C4A97E,370897958,1,2026-07-31 02:21:01,5,3,"{7,24,24,24,24,24,24,24,24,24,23,24,24,24,24,24,24,24,24,23,25,24,24,24,25,24,24,26,24,24,24}","{37,124,121,114,100,96,112,104,111,104,101,106,105,103,103,101,106,111,125,99,111,99,103,100,112,109,119,127,102,100,82}","(Gothic Metal) [CD] Eisheilig - Imperium - 2009, FLAC (image+.cue), lossless"
5895999,2,13861508,A656541EF33BCAD6CD5920E4EB273713073301EF,412995554,1,2026-07-31 02:21:01,6,3,"{7,24,24,24,24,24,24,24,24,24,23,24,24,24,24,24,24,24,24,23,25,24,24,24,25,24,24,26,24,24,24}","{42,152,156,143,101,114,107,105,118,104,105,98,112,112,105,97,107,102,110,111,120,105,96,100,109,105,126,123,102,109,100}","(Gothic Rock) [CD] Letzte Instanz - Liebe Im Krieg - 2016, FLAC (image+.cue), lossless"
5899732,8,2414360,1F9AF9EFD5DD558A3DA0D9EFF79C0B8BA754AC57,532289270,1,2026-07-31 02:21:01,4,4,"{7,24,24,24,24,24,24,24,24,24,23,24,24,24,24,24,24,24,24,23,25,24,24,24,25,24,24,26,24,24,24}","{28,96,96,92,77,74,72,80,84,90,82,96,81,79,88,91,94,96,96,97,127,97,95,95,100,96,107,105,98,95,111}","(Gothic/Symphonic/Industrial/Alternative Metal) [WEB] Nemesea - Коллекция (1 концерт, 4 сингла) - 2009-2020, FLAC (tracks), lossless"
5903026,2,4726738,B52FAD52B6BBA6CC041E8F61D6C76F887FC7EDC8,3654349194,1,2026-07-31 02:21:01,4,3,"{7,24,24,24,24,24,24,24,24,24,23,24,24,24,24,24,24,24,24,23,25,24,24,24,25,24,24,26,24,24,24}","{30,125,134,108,102,109,107,110,104,110,109,94,103,115,105,109,118,113,128,104,105,100,101,102,109,107,139,108,101,128,100}","(Gothic/Black/Doom Metal/Melancholic Rock/Metal) [CD] Autumnblaze - Discography - 1997-2024, (12 CDs), FLAC (image+.cue), lossless"
5903283,8,2414360,A62C5EBDC219B33607DE38E5BF26696A399998AE,2300976277,1,2026-07-31 02:21:01,4,4,"{7,24,24,24,24,24,24,24,24,24,23,24,24,24,24,24,24,24,24,23,25,24,24,24,25,24,24,26,24,24,24}","{28,104,96,92,77,90,97,84,98,94,89,97,89,95,99,97,103,103,106,95,107,86,91,97,101,89,112,108,96,100,90}","(Symphonic Gothic Metal) [WEB] Epica - Колллекция (2 альбома, 1 сборник, 3 сингла) - 2007-2018, FLAC (tracks), lossless"
5906836,2,13861508,7F99FDACFF0A7DC27C97418E0DD67BCE93752783,368029793,1,2026-07-31 02:21:01,3,3,"{7,24,24,24,24,24,24,24,24,24,23,24,24,24,24,24,24,24,24,23,25,24,24,24,25,24,24,26,24,24,24}","{24,80,75,77,64,70,60,63,64,69,65,75,58,58,64,67,59,87,95,86,97,87,84,83,91,85,87,88,85,93,87}","(Gothic Metal) [CD] Eisheilig - Auf dem Weg In Deine Welt - 2007, FLAC (image+.cue), lossless"
5906861,2,13861508,6878E5F8DC51271E82A7F77EE2DA12BD7697AD85,440482748,1,2026-07-31 02:21:01,5,3,"{7,24,24,24,24,24,24,24,24,24,23,24,24,24,24,24,24,24,24,23,25,24,24,24,25,24,24,26,24,24,24}","{35,128,130,120,79,89,94,91,91,94,90,93,89,95,93,97,106,106,109,106,120,108,97,101,105,89,101,110,91,95,87}","(Gothic Rock) [CD] Letzte Instanz - Im Auge des Sturms - 2014, FLAC (image+.cue), lossless"
5909587,2,9484089,3384750D1A91F9B088E5D7840A176CF4C7EE6A76,318932979,1,2026-07-31 02:21:01,3,3,"{7,24,24,24,24,24,24,24,24,24,23,24,24,24,24,24,24,24,24,23,25,24,24,24,25,24,24,26,24,24,24}","{26,88,82,82,69,64,70,71,67,78,68,79,71,74,73,74,73,68,81,81,94,75,74,73,85,84,84,94,74,75,73}","(Gorhic Rock / Gothic Metal) [CD] Autumn Twilight - Sequel - 2010, FLAC (tracks+.cue), lossless"
5909613,2,9484089,D4ADA3BADBE7E2068DA2F6387547696C4A4CB137,364821145,1,2026-07-31 02:21:01,3,3,"{7,24,24,24,24,24,24,24,24,24,23,24,24,24,24,24,24,24,24,23,25,24,24,24,25,24,24,26,24,24,24}","{28,87,82,87,69,64,62,71,68,79,70,79,68,74,73,74,73,67,81,80,94,74,80,73,85,84,83,91,78,80,74}","(Gothic Metal / Gothic Rock) [CD] Autumn Twilight - Alteration (Limited Edition with Bonus Tracks) (Multimedia CD) - 2011, FLAC (tracks+.cue), lossless"
5909629,2,9484089,B7DD8A6FB02965680B883E5A403C63859DF97208,424384420,1,2026-07-31 02:21:01,3,3,"{7,24,24,24,24,24,24,24,24,24,23,24,24,24,24,24,24,24,24,23,25,24,24,24,25,24,24,26,24,24,24}","{28,88,81,83,69,65,65,71,66,78,68,78,70,75,73,74,73,68,81,80,94,74,77,74,85,84,85,94,73,77,72}","(Gothic Metal / Gothic Rock) [CD] Autumn Twilight / Sin-Overflow - Dream Seeks Dreamer (Split CD) - 2006, FLAC (tracks+.cue), lossless"
5909696,2,9484089,356F04F5142A509984AE0CAC6A6E5F1CA26EF8EB,269974211,1,2026-07-31 02:21:01,3,3,"{7,24,24,24,24,24,24,24,24,24,23,24,24,24,24,24,24,24,24,23,25,24,24,24,25,24,24,26,24,24,24}","{26,88,82,82,69,63,67,70,68,78,68,73,73,74,74,74,74,69,81,81,95,74,80,74,85,84,84,93,76,72,71}","(Gothic Metal / Gothic Rock) [CD] Autumn Twilight - As Light Suffers Colours - 2004, FLAC (tracks+.cue), lossless"
5911203,8,2414360,472AE43C486D84D7E413C5D9C88142AE78F070E3,583222775,1,2026-07-31 02:21:01,4,3,"{7,24,24,24,24,24,24,24,24,24,23,24,24,24,24,24,24,24,24,23,25,24,24,24,25,24,24,26,24,24,24}","{32,115,108,105,87,97,81,99,98,97,84,96,81,92,92,90,92,99,106,90,101,88,93,98,99,87,105,105,91,88,85}","(Gothic Metal) [WEB] Sirenia - Коллекция (1 альбом, 1 сингл) - 2010-2011, FLAC (tracks), lossless"
5923958,2,1840441,13D8D1094A5CCB55A4201D9BC01C59C7201E8548,445908198,1,2026-07-31 02:21:01,4,3,"{7,24,24,24,24,24,24,24,24,24,23,24,24,24,24,24,24,24,24,23,25,24,24,24,25,24,24,26,24,24,24}","{25,92,83,88,74,68,66,76,76,72,72,79,81,69,79,76,81,70,83,82,91,72,75,74,88,78,87,94,79,85,78}","(Gothic Metal) [CD] Hanging Doll - Reason &amp; Madness - 2008, FLAC (image+.cue), lossless"
5923962,2,1840441,1633619B6578125A11BCA93CF50327EFD13C4576,406315511,1,2026-07-31 02:21:01,4,3,"{7,24,24,24,24,24,24,24,24,24,23,24,24,24,24,24,24,24,24,23,25,24,24,24,25,24,24,26,24,24,24}","{25,92,86,88,74,69,64,78,71,72,72,84,79,71,76,76,81,70,83,82,93,74,80,77,89,78,86,94,79,86,78}","(Gothic Metal) [CD] Hanging Doll - The Sacred &amp; Profane - 2012, FLAC (tracks+.cue), lossless"
5924195,2,1840441,9E6B30BBB9B9B8D06C8BC75057CE25F08D4D6E8F,307838713,1,2026-07-31 02:21:01,4,3,"{7,24,24,24,24,24,24,24,24,24,23,24,24,24,24,24,24,24,24,23,25,24,24,24,25,24,24,26,24,24,24}","{25,92,83,88,74,73,66,76,74,73,71,81,79,71,76,76,81,70,83,82,94,75,78,74,88,78,86,94,81,82,78}","(Gothic Metal) [CD] Undish - Letters From The Earth - 1999, FLAC (image+.cue), lossless"
5924558,2,25102764,9D54C5363692CA6DB2A0F921E7FDDACCB3672DC7,363814874,1,2026-07-31 02:21:01,3,3,"{7,24,24,24,24,24,24,24,24,24,23,24,24,24,24,24,24,24,24,23,25,24,24,24,25,24,24,26,24,24,24}","{23,80,75,77,65,62,48,61,64,68,61,69,57,55,64,67,61,61,71,69,76,69,69,72,74,71,85,76,69,66,63}","(Atmospheric Metal / Dark Rock) [WEB] Indrama - Timescapes - 2010, FLAC (tracks), lossless"
5926086,2,25102764,85C2E44FEBA8EEC63E71CA5B622B9E96D96F4866,422342996,1,2026-07-31 02:21:01,4,3,"{7,24,24,24,24,24,24,24,24,24,23,24,24,24,24,24,24,24,24,23,25,24,24,24,25,24,24,26,24,24,24}","{31,130,139,120,132,131,111,127,108,149,133,100,125,119,91,105,104,95,92,104,109,97,94,102,102,100,123,120,101,102,89}","(Gothic Metal) [CD] Mortal Love - Forever Will Be Gone - 2006, FLAC (image+.cue), lossless"
5929841,2,2799938,CB1FFBD87220D5BB783A56E03FF284E97481CE23,560937121,1,2026-07-31 02:21:01,3,3,"{7,24,24,24,24,24,24,24,24,24,23,24,24,24,24,24,24,24,24,23,25,24,24,24,25,24,24,26,24,24,24}","{23,80,78,77,65,62,59,64,64,85,77,70,57,62,64,67,61,61,71,76,75,73,65,72,75,71,85,76,67,68,63}","(Melodic/Gothic Metal) [STREAM] Awake by Design - Awake by Design - 2020, FLAC (tracks), lossless"
5931861,2,2414360,EE8009F1A3952C65D333F8C31C7E8045B703B8E0,720191033,1,2026-07-31 02:21:01,3,3,"{7,24,24,24,24,24,24,24,24,24,23,24,24,24,24,24,24,24,24,23,25,24,24,24,25,24,24,26,24,24,24}","{23,80,76,77,65,58,55,64,64,68,62,72,57,62,64,69,61,61,71,76,76,69,65,72,74,71,85,76,65,66,63}","(Melodic Metal, Gothic Metal, Female Vocal) [STREAM] Canterra - Дискография (2 альбома) - 2016-2020, FLAC (tracks), lossless"
5933323,2,1840441,555717242C062F8AA56C8C8337CF3A770A6EC861,333704068,1,2026-07-31 02:21:01,5,3,"{7,24,24,24,24,24,24,24,24,24,23,24,24,24,24,24,24,24,24,23,25,24,24,24,25,24,24,26,24,24,24}","{30,110,103,102,97,85,84,87,92,93,86,96,94,94,94,90,98,96,110,94,96,82,90,91,94,93,97,107,90,94,84}","(Gothic/Black Metal) [CD] Soulgrind - Whitsongs - 1997, WavPack (image+.cue), lossless"
5934937,2,16602364,C0A6AB6E1C6D534BB87FE9B17328C55E2F42677D,712252868,1,2026-07-31 02:21:01,5,3,"{7,24,24,24,24,24,24,24,24,24,23,24,24,24,24,24,24,24,24,23,25,24,24,24,25,24,24,26,24,24,24}","{38,126,160,146,129,145,125,114,131,121,136,138,158,195,152,121,128,127,149,168,187,146,127,116,105,102,134,128,103,92,72}","(Gothic Metal) [CD] Crematory - Unbroken (Ltd Box) - 2020, FLAC (image+.cue), lossless"
5936594,2,1840441,4A0EE46410ECCBE70E7FDB8FF3C2674D82B05460,314385668,1,2026-07-31 02:21:01,5,4,"{7,24,24,24,24,24,24,24,24,24,23,24,24,24,24,24,24,24,24,23,25,24,24,24,25,24,24,26,24,24,24}","{30,110,107,102,114,115,92,87,97,94,89,101,97,94,95,90,105,86,84,92,103,84,101,91,94,97,101,106,98,99,92}","(Death Metal, Doom Metal, Avantgarde, Black Metal) [CD] Soulgrind - La Matanza, El Himno Pagano - 1994, FLAC (image+.cue), lossless"
5938268,2,4726738,3F9E75033CF1D5839B15A189D4183EF538FBBB35,1675624442,1,2026-07-31 02:21:01,5,4,"{7,24,24,24,24,24,24,24,24,24,23,24,24,24,24,24,24,24,24,23,25,24,24,24,25,24,24,26,24,24,24}","{35,134,138,132,103,111,111,114,127,107,117,104,111,114,115,115,115,119,127,120,116,119,107,121,146,122,148,153,139,154,140}","(Gothic Metal) [CD] Darkwell - Collection - 2000-2016, (4 CDs), FLAC (image+.cue), lossless"
5940810,2,1840441,B9C78EDBB147A3F777E3BAD672EF69E7D3F6471B,663397561,1,2026-07-31 02:21:01,5,4,"{7,24,24,24,24,24,24,24,24,24,23,24,24,24,24,24,24,24,24,23,25,24,24,24,25,24,24,26,24,24,24}","{30,110,107,102,96,85,80,87,95,92,87,93,98,92,94,90,98,87,84,92,103,83,90,90,96,93,97,106,91,93,90}","(Gothic Metal) [CD] Wings Of Fury - Discography (2001-2005) 3 CD, FLAC (image+.cue), lossless"
5941792,2,4726738,1E33146294AF527FCE42D203F4ED9D54BF7CC9C4,732559347,1,2026-07-31 02:21:01,3,3,"{7,24,24,24,24,24,24,24,24,24,23,24,24,24,24,24,24,24,24,23,25,24,24,24,25,24,24,26,24,24,24}","{23,80,74,77,65,59,52,63,62,68,62,72,57,55,64,67,61,61,71,69,76,72,67,72,75,71,86,76,66,67,63}","(Progressive/Gothic Metal) [CD] Embassy of Silence - Collection - 2012-2015, (2 CDs), FLAC (image+.cue), lossless"
5941931,2,39933877,3E96BF736B6E08BB78E3F3AC1FDEE1EC0E3A9579,331164815,1,2026-07-31 02:21:01,8,3,"{7,24,24,24,24,24,24,24,24,24,23,24,24,24,24,24,24,24,24,23,25,24,24,24,25,24,24,26,24,24,24}","{59,242,241,223,226,250,232,204,211,229,225,237,254,241,259,215,238,205,236,249,252,207,203,232,240,228,250,255,226,225,222}","(Symphonic Metal) [STREAM] Epica - The Quantum Enigma (B-Sides) - 2020, FLAC (tracks), lossless"
5942789,2,24023635,E9AAA0D4E0FD7B67F0889FC120F270D27CF28209,207446677,1,2026-07-31 02:21:01,3,3,"{7,24,24,24,24,24,24,24,24,24,23,24,24,24,24,24,24,24,24,23,25,24,24,24,25,24,24,26,24,24,24}","{23,80,76,77,65,60,54,64,62,68,62,72,57,64,64,67,61,61,71,76,75,71,70,72,74,71,86,76,67,67,63}","(Symphonic Metal) [WEB] Insinistra - Art of Slavery (EP) - 2020, FLAC (tracks), lossless"
5943224,2,25102764,38E4965A642BE2D890C49E27C48CBD597286C03E,590839784,1,2026-07-31 02:21:01,4,4,"{7,24,24,24,24,24,24,24,24,24,23,24,24,24,24,24,24,24,24,23,25,24,24,24,25,24,24,26,24,24,24}","{28,112,102,90,92,90,85,92,93,93,92,94,90,88,88,95,92,89,87,92,102,89,91,95,97,91,95,106,91,93,88}","(Gothic Metal) [CD] End My Sorrow - Of Ghostly Echos - 2016, FLAC (image+.cue), lossless"
5943992,2,4726738,55A1353DF4028295314F6881784F52D2DF9B8811,822336488,1,2026-07-31 02:21:01,3,3,"{7,24,24,24,24,24,24,24,24,24,23,24,24,24,24,24,24,24,24,23,25,24,24,24,25,24,24,26,24,24,24}","{21,80,81,83,71,69,69,69,70,72,64,74,74,70,71,79,66,71,77,83,82,69,73,72,78,74,92,94,73,73,67}","(Gothic/Doom Metal) [CD] Weeping Silence - Collection - 2012-2015, (2 CDs), FLAC (image+.cue), lossless"
5945447,2,25102764,ED84B3B6EC82CEDFE61E45B98825583FEC874B83,434546754,1,2026-07-31 02:21:01,3,3,"{7,24,24,24,24,24,24,24,24,24,23,24,24,24,24,24,24,24,24,23,25,24,24,24,25,24,24,26,24,24,24}","{23,80,74,77,65,62,54,64,65,68,62,72,57,55,64,67,61,61,71,69,76,71,67,72,74,71,86,76,65,64,63}","(Gothic Doom Metal) [WEB] Denun - Toluken (Reissue) - 2005 (2020), FLAC (tracks), lossless"
5946036,2,25102764,10E898E5E660B962622EB2F19B723ABCAF08E5AF,199370149,1,2026-07-31 02:21:01,3,3,"{7,24,24,24,24,24,24,24,24,24,23,24,24,24,24,24,24,24,24,23,25,24,24,24,25,24,24,26,24,24,24}","{23,87,78,87,69,68,64,64,64,68,62,72,57,55,64,67,61,61,71,69,76,72,67,72,74,71,85,76,65,62,63}","(Gothic Dark Metal) [WEB] In Perpetuum - Days Of Sorrow (Demo) - 2013, FLAC (tracks), lossless"
5947218,2,2414360,860243BB1950F1FF2321D920AC695F2D5B02D04F,822382259,1,2026-07-31 02:21:01,3,3,"{7,24,24,24,24,24,24,24,24,24,23,24,24,24,24,24,24,24,24,23,25,24,24,24,25,24,24,26,24,24,24}","{23,80,81,77,67,61,52,64,66,68,61,78,57,64,64,69,61,70,75,77,76,71,65,72,79,71,86,76,65,70,65}","(Symphonic Gothic Metal) [STREAM] Memoira - Коллекция (2 альбома) - 2013-2020, FLAC (tracks), lossless"
5948302,2,5171569,A785ADD4F544D06B41B7FFEE863735AE1764397B,226731948,1,2026-07-31 02:21:01,4,4,"{7,24,24,24,24,24,24,24,24,24,23,24,24,24,24,24,24,24,24,23,25,24,24,24,25,24,24,26,24,24,24}","{33,112,112,100,90,89,81,91,84,90,85,94,98,91,96,96,95,87,87,89,105,88,96,92,100,96,110,105,96,95,96}","(Dark Metal) [CD] Avec Tristesse - Ravishing Beauty - 2002/2004, FLAC (image+.cue), lossless"
5949317,2,25102764,80F7E11DCE091E2402D1540782D3A9CC95B0ADA2,346078793,1,2026-07-31 02:21:01,3,3,"{7,24,24,24,24,24,24,24,24,24,23,24,24,24,24,24,24,24,24,23,25,24,24,24,25,24,24,26,24,24,24}","{23,80,74,85,77,73,62,64,64,68,75,95,81,57,64,67,61,75,95,87,78,70,68,72,83,85,92,76,79,84,80}","(Atmospheric Gothic Metal) [WEB] Kratos - Looking Behind The Mirror... - 1999, FLAC (tracks), lossless"
5950499,2,43256904,154B666C780C5953182947A6BC7C72D928D28E88,335209700,1,2026-07-31 02:21:01,3,3,"{7,24,24,24,24,24,24,24,24,24,23,24,24,24,24,24,24,24,24,23,25,24,24,24,25,24,24,26,24,24,24}","{23,80,74,77,65,63,61,64,64,68,62,71,57,55,64,67,61,61,71,69,75,71,67,72,75,71,85,76,62,70,63}","(Gothic Metal) [STREAM] Nouseyesuon - Death Is Nothing to Us - 2020, FLAC (tracks), lossless"
5952017,2,43256904,C915DCD7A6339A4207B73ECE95097A7316B659B6,303290990,1,2026-07-31 02:21:01,3,3,"{7,24,24,24,24,24,24,24,24,24,23,24,24,24,24,24,24,24,24,23,25,24,24,24,25,24,24,26,24,24,24}","{23,80,74,77,65,59,56,64,63,68,62,71,57,55,64,67,61,61,71,69,75,70,70,71,75,71,86,76,65,66,63}","(Gothic Metal) [STREAM] Dwell in Doom - Witches - 2019, FLAC (tracks), lossless"
5952603,2,43256904,E2F1A82A6FD0FFA9AE407AB97C6EB3080B439920,443321852,1,2026-07-31 02:21:01,4,4,"{7,24,24,24,24,24,24,24,24,24,23,24,24,24,24,24,24,24,24,23,25,24,24,24,25,24,24,26,24,24,24}","{28,96,96,92,77,75,72,80,84,90,81,95,81,79,88,91,85,85,95,87,97,80,83,83,92,85,92,102,90,89,87}","(Gothic Metal) [STREAM] Dwell in Doom - Hibernal - 2020, FLAC (tracks), lossless"
5953286,8,8627056,8C68DA2355DBBD2848621DD6D2EFECBF9D778F31,230165222,1,2026-07-31 02:21:01,3,3,"{7,24,24,24,24,24,24,24,24,24,23,24,24,24,24,24,24,24,24,23,25,24,24,24,25,24,24,26,24,24,24}","{23,92,106,123,113,144,100,87,73,84,78,89,95,90,80,79,79,69,73,96,96,86,89,92,95,117,133,108,85,92,80}","(Industrial) [WEB] Mortiis - Sins of Mine (Apoptygma Berzerk) - 2020, FLAC (tracks), lossless"
5957892,2,43256904,EC7106AA8286F9E85C9D232D582974820EB34351,351955545,1,2026-07-31 02:21:01,3,3,"{7,24,24,24,24,24,24,24,24,24,23,24,24,24,24,24,24,24,24,23,25,24,24,24,25,24,24,26,24,24,24}","{23,80,74,77,65,60,53,64,64,68,62,70,57,55,64,69,61,61,71,69,75,68,75,72,74,71,86,76,64,66,63}","(Melodic Rock | Gothic Metal) [STREAM] Raimee - After All This Time - 2015, FLAC (tracks), lossless"
5958801,2,43256904,39F9339FA9A485245C1E87E4D8EF57C3F5FD9355,337557553,1,2026-07-31 02:21:01,3,3,"{7,24,24,24,24,24,24,24,24,24,23,24,24,24,24,24,24,24,24,23,25,24,24,24,25,24,24,26,24,24,24}","{23,80,77,78,71,64,69,70,64,68,62,80,68,64,65,67,61,61,71,76,88,68,72,72,74,77,90,94,81,71,63}","(Gothic Metal) [STREAM] Song of Anhubis - Reversed Reflection - 2020, FLAC (tracks), lossless"
5961153,2,4726738,295AAE3B0E5861BD4D40EDBFFD8A4244D61072F3,345165232,1,2026-07-31 02:21:01,4,4,"{7,24,24,24,24,24,24,24,24,24,23,24,24,24,24,24,24,24,24,23,25,24,24,24,25,24,24,26,24,24,24}","{28,96,96,92,77,73,74,80,84,90,85,96,81,80,88,93,85,85,95,87,98,76,80,83,92,85,90,102,88,96,98}","(Gothic Metal) [CD] Inhuman - Foreshadow - 1998, FLAC (image+.cue), lossless"
5961709,2,43256904,E4A2F68E330E0DA423FB2FE0C4F651500F5C58F8,356760153,1,2026-07-31 02:21:01,3,3,"{7,24,24,24,24,24,24,24,24,24,23,24,24,24,24,24,24,24,24,23,25,24,24,24,25,24,24,26,24,24,24}","{23,80,74,77,65,61,57,64,64,68,62,70,57,55,64,67,61,61,71,69,75,68,69,72,75,71,86,76,64,65,63}","(Symphonic Gothic Metal) [STREAM] DiGregorio - House of Gregory, Chapter 1 - 2020, FLAC (tracks), lossless"
5961724,2,43256904,991ADE5C6FEBB3AF23B8AB9B6EE0A6B10660D292,435886859,1,2026-07-31 02:21:01,3,3,"{7,24,24,24,24,24,24,24,24,24,23,24,24,24,24,24,24,24,24,23,25,24,24,24,25,24,24,26,24,24,24}","{23,81,77,77,67,66,58,71,62,68,66,76,60,55,66,67,63,64,78,77,76,70,71,73,74,71,86,76,73,64,70}","(Gothic Metal) [STREAM] Iva Toric - The Devil's Mark - 2020, FLAC (tracks), lossless"
5962089,2,43256904,41A5087ACCA3212EEF80E802CB9E1536F18D592D,549054725,1,2026-07-31 02:21:01,4,3,"{7,24,24,24,24,24,24,24,24,24,23,24,24,24,24,24,24,24,24,23,25,24,24,24,25,24,24,26,24,24,24}","{28,96,96,92,77,75,70,80,84,90,85,96,81,79,88,90,85,85,95,87,98,78,81,83,91,85,92,102,90,91,87}","(Gothic | Dark Metal) [STREAM] Enter Tragedy - Canossa - 2020, FLAC (tracks), lossless"
5962264,2,43256904,0F4E5C749E03561136633839133A1C7C0C7C910F,310788121,1,2026-07-31 02:21:01,3,3,"{7,24,24,24,24,24,24,24,24,24,23,24,24,24,24,24,24,24,24,23,25,24,24,24,25,24,24,26,24,24,24}","{23,80,74,77,65,60,51,64,62,68,62,72,57,55,64,67,61,61,71,69,75,66,67,72,77,71,86,76,64,68,63}","(Symphonic Gothic Metal) [STREAM] Alchemia - Inception - 2020, FLAC (tracks), lossless"
5962423,2,43256904,2CCDAFEAEE9FE559F79D66B3411A5C8E107D12FF,331821111,1,2026-07-31 02:21:01,3,3,"{7,24,24,24,24,24,24,24,24,24,23,24,24,24,24,24,24,24,24,23,25,24,24,24,25,24,24,26,24,24,24}","{23,80,75,77,65,61,60,64,64,67,61,72,66,79,88,91,85,85,95,87,97,78,83,83,92,85,92,102,81,92,87}","(Symphonic Gothic | Dark Metal) [STREAM] Dreamcrawler - Oniria - 2020, FLAC (tracks), lossless"
5962892,2,4726738,7BC5A032E8C82A5964DECF8B9F2E925B8C01BD57,447191350,1,2026-07-31 02:21:01,25,4,"{7,24,24,24,24,24,24,24,24,24,23,24,24,24,24,24,24,24,24,23,25,24,24,24,25,24,24,26,24,24,24}","{164,630,591,557,577,605,640,684,586,648,671,675,719,672,659,703,699,715,726,677,710,616,612,620,758,733,743,782,720,744,701}","(Gothic/Doom Metal) [CD] Draconian - Under a Godless Veil - 2020, FLAC (image+.cue), lossless"
5963435,2,43256904,98B52189646756E2A393F54355D2B7B357A11EBB,416358777,1,2026-07-31 02:21:01,3,3,"{7,24,24,24,24,24,24,24,24,24,23,24,24,24,24,24,24,24,24,23,25,24,24,24,25,24,24,26,24,24,24}","{23,80,75,77,65,61,53,64,63,68,62,72,57,55,64,67,61,61,71,69,76,68,70,71,75,71,86,76,66,67,66}","(Gothic Metal) [STREAM] Illumion - Hunting for Significance - 2009, FLAC (tracks), lossless"
5963769,2,43256904,2479BAB3549EA72D8C6A063E1EC93470AE280705,437829415,1,2026-07-31 02:21:01,3,3,"{7,24,24,24,24,24,24,24,24,24,23,24,24,24,24,24,24,24,24,23,25,24,24,24,25,24,24,26,24,24,24}","{23,80,75,77,65,60,55,64,64,68,62,66,57,55,64,67,61,61,71,69,74,73,70,72,75,71,86,76,67,66,63}","(Gothic Metal | Prog Rock) [STREAM] Illumion - The Waves - 2012, FLAC (tracks), lossless"
5965326,2,43256904,19B4E81E73A3CA0BC232B7F745A77590F65BB093,337984698,1,2026-07-31 02:21:01,6,3,"{7,24,24,24,24,24,24,24,24,24,23,24,24,24,24,24,24,24,24,23,25,24,24,24,25,24,24,26,24,24,24}","{44,162,148,174,168,162,165,175,159,142,136,122,144,116,129,121,151,137,140,151,137,132,127,149,143,119,133,158,123,138,130}","(Symphonic Gothic Metal) [STREAM] Walk in Darkness - On the Road to Babylon - 2020, FLAC (tracks), lossless"
5965551,2,43256904,FD657C58CA4C8B5045DEE7F3DDAAE3934D8A26BA,395473983,1,2026-07-31 02:21:01,3,3,"{7,24,24,24,24,24,24,24,24,24,23,24,24,24,24,24,24,24,24,23,25,24,24,24,25,24,24,26,24,24,24}","{23,80,74,77,65,61,57,64,62,68,62,72,57,56,64,67,61,61,71,69,75,69,66,72,74,71,84,76,66,68,63}","(Gothic Metal) [STREAM] Inhuman - Contra - 2020, FLAC (tracks), lossless"
5966833,2,12063696,8B47ED916A45F1283C15349EBB531CF85F0CB898,682543377,1,2026-07-31 02:21:01,3,3,"{7,24,24,24,24,24,24,24,24,24,23,24,24,24,24,24,24,24,24,23,25,24,24,24,25,24,24,26,24,24,24}","{27,92,94,99,74,91,80,92,97,91,79,85,95,96,92,73,89,88,87,91,100,91,95,89,103,95,103,93,75,75,72}","(Gothic Metal) [CD, WEB] Gloom - Коллекция - 2006-2020 (2 релиза), FLAC (image+.cue, tracks), lossless"
5968029,2,43256904,AFFBBF79914B6334EEBBBF9B2FDBD37753FEE1CE,362914360,1,2026-07-31 02:21:01,3,3,"{7,24,24,24,24,24,24,24,24,24,23,24,24,24,24,24,24,24,24,23,25,24,24,24,25,24,24,26,24,24,24}","{23,80,75,77,65,62,58,64,64,68,61,71,64,58,64,67,61,61,71,69,76,69,69,72,74,71,85,76,63,62,63}","(Gothic Metal) [STREAM] Rosa Nocturna - Za Hradbami &#268;asu - 2017, FLAC (tracks), lossless"
5970009,2,43256904,8988402D495D8CDA6B83441627A7D304951E251F,341673761,1,2026-07-31 02:21:01,3,3,"{7,24,24,24,24,24,24,24,24,24,23,24,24,24,24,24,24,24,24,23,25,24,24,24,25,24,24,26,24,24,24}","{23,80,75,77,65,61,56,64,65,68,59,68,57,55,65,67,61,61,71,69,75,68,69,72,75,71,86,76,64,68,63}","(Gothic | Heavy Metal) [STREAM] Dolina Cieni - Horyzont Zdarze&#324; - 2017, FLAC (tracks), lossless"
5970994,2,43256904,437E8FA41D10990CD9D662556399CCE14C565D39,458771479,1,2026-07-31 02:21:01,4,3,"{7,24,24,24,24,24,24,24,24,24,23,24,24,24,24,24,24,24,24,23,25,24,24,24,25,24,24,26,24,24,24}","{28,96,96,92,77,75,76,80,84,90,83,94,81,79,88,90,85,85,95,87,98,77,84,83,92,85,91,102,87,91,87}","(Gothic Metal | Dark Rock) [STREAM] Enter Tragedy - Anthropoz&#228;n - 2015, FLAC (tracks), lossless"
5972436,2,43256904,1346A3D84E7B58E2ACA782922B7C7610DDCADF32,364106087,1,2026-07-31 02:21:01,3,3,"{7,24,24,24,24,24,24,24,24,24,23,24,24,24,24,24,24,24,24,23,25,24,24,24,25,24,24,26,24,24,24}","{24,91,87,88,73,70,78,77,79,85,82,79,85,90,82,79,80,75,89,92,100,78,81,80,87,88,101,102,81,84,74}","(Gothic Metal) [STREAM] Aeternitas - Haunted Minds - 2020, FLAC (tracks), lossless"
5973177,2,43256904,116FEE2228D9B76AA4F7C0B59161130C22F5FDB2,365037541,1,2026-07-31 02:21:01,3,3,"{7,24,24,24,24,24,24,24,24,24,23,24,24,24,24,24,24,24,24,23,25,24,24,24,25,24,24,26,24,24,24}","{23,80,74,77,65,62,53,64,62,68,61,72,57,55,64,67,61,61,71,69,75,69,70,72,75,71,85,76,68,70,63}","(Gothic Metal) [STREAM] Gaias Pendulum - Arhat - 2020, FLAC (tracks), lossless"
5973589,2,43256904,166402641069EC88CE54235A2F31B7BB5A26B192,367064026,1,2026-07-31 02:21:01,3,3,"{7,24,24,24,24,24,24,24,24,24,23,24,24,24,24,24,24,24,24,23,25,24,24,24,25,24,24,26,24,24,24}","{23,80,74,77,65,61,58,64,64,68,62,70,57,55,64,67,61,61,71,69,76,69,68,72,74,71,85,76,65,64,67}","(Gothic Metal) [STREAM] Gaias Pendulum - Nebula - 2010, FLAC (tracks), lossless"
5974468,2,25102764,0AAEB39120593454384D6FE8F65253C317075C14,899753173,1,2026-07-31 02:21:01,3,3,"{7,24,24,24,24,24,24,24,24,24,23,24,24,24,24,24,24,24,24,23,25,24,24,24,25,24,24,26,24,24,24}","{23,80,80,77,65,69,60,80,68,68,66,71,57,55,65,85,63,61,71,77,86,68,69,79,76,71,90,87,75,75,63}","(Gothic Metal / Dark Rock) [CD] Carpatia Castle - &#268;ern&#233; Stolet&#237; - The Darkness Century (2 CD) - 2016, FLAC (image+.cue), lossless"
5974539,2,43256904,2E7887F3FD775E262A72A1CFA8C673FBBD8C3AB4,292452829,1,2026-07-31 02:21:01,4,3,"{7,24,24,24,24,24,24,24,24,24,23,24,24,24,24,24,24,24,24,23,25,24,24,24,25,24,24,26,24,24,24}","{26,82,85,77,65,62,57,64,62,68,60,77,69,62,78,82,75,74,83,75,86,78,76,79,74,79,88,76,75,66,63}","(Gothic Metal) [STREAM] Hada De Beng - Despertando a la Verdad - 2020, FLAC (tracks), lossless"
5974543,2,43256904,671DC5BE7AC7AAA4C6B3FD9B745A8DEDF28589A9,406911929,1,2026-07-31 02:21:01,4,3,"{7,24,24,24,24,24,24,24,24,24,23,24,24,24,24,24,24,24,24,23,25,24,24,24,25,24,24,26,24,24,24}","{26,82,85,77,65,64,55,64,62,68,62,72,69,59,77,80,76,74,83,75,86,76,77,78,76,79,88,76,74,64,63}","(Gothic Metal) [STREAM] Hada De Beng - ...En la Busca de Khristal - 2013, FLAC (tracks), lossless"
5975307,2,43256904,A10E3D50789F71CC20B45DE4FBDAD85943727276,448476654,1,2026-07-31 02:21:01,3,3,"{7,24,24,24,24,24,24,24,24,24,23,24,24,24,24,24,24,24,24,23,25,24,24,24,25,24,24,26,24,24,24}","{23,80,74,77,65,60,54,64,64,68,62,70,57,55,64,67,61,61,71,69,75,70,68,72,74,71,85,76,65,67,63}","(Dark | Gothic Metal) [STREAM] Sombria - Chirographon Dei - 2020, FLAC (tracks), lossless"
5976596,8,45130370,4E3A775A2D8C1649FC8E029C8A5CAD2F76F332FC,123852553,1,2026-07-31 02:21:01,9,4,"{7,24,24,24,24,24,24,24,24,24,23,24,24,24,24,24,24,24,24,23,25,24,24,24,25,24,24,26,24,24,24}","{60,232,240,240,237,229,225,238,243,240,244,262,277,255,252,239,234,237,254,248,245,227,185,194,216,225,235,275,225,235,238}","(Gothic Metal, Symphonic Metal) [STREAM] Within Temptation - The Purge [EP] - 2020, FLAC (tracks), lossless"
5979230,2,43256904,5F907C040280406A80FFEB88C286388568906A99,265291571,1,2026-07-31 02:21:01,5,4,"{7,24,24,24,24,24,24,24,24,24,23,24,24,24,24,24,24,24,24,23,25,24,24,24,25,24,24,26,24,24,24}","{35,120,128,115,99,101,94,97,117,96,98,98,92,94,96,93,99,98,100,109,101,94,99,95,102,101,108,105,98,98,106}","(Symphonic Metal | Gothic Metal) [STREAM] Angel - A Woman's Diary (The Hidden Chapter) - 2020, FLAC (tracks), lossless"
5979690,2,43256904,14165E2490CE12B21A03E229A346614D5303B22E,459415333,1,2026-07-31 02:21:01,3,3,"{7,24,24,24,24,24,24,24,24,24,23,24,24,24,24,24,24,24,24,23,25,24,24,24,25,24,24,26,24,24,24}","{23,80,74,77,65,61,53,65,64,68,62,72,64,58,65,73,61,61,71,69,76,68,68,72,74,71,86,78,68,74,63}","(Gothic Metal) [STREAM] Rosa Nocturna - And&#283;l&#233; A Bestie - 2020, FLAC (tracks), lossless"
5984143,2,43256904,A6DD1814B561BE86FA74E472D4E0759011792FBE,300864459,1,2026-07-31 02:21:01,3,3,"{7,24,24,24,24,24,24,24,24,24,23,24,24,24,24,24,24,24,24,23,25,24,24,24,25,24,24,26,24,24,24}","{23,80,74,77,65,63,57,64,64,68,59,71,57,55,64,67,61,61,71,69,76,70,71,72,74,71,85,76,65,66,63}","(Gothic Metal) [STREAM] Midnightdate - Disease of Mutual Hatred - 2020, FLAC (tracks), lossless"
5985863,2,43256904,BBBED27BFEA06D35DAF0969359DCC9713EFC9E36,266284658,1,2026-07-31 02:21:01,3,3,"{7,24,24,24,24,24,24,24,24,24,23,24,24,24,24,24,24,24,24,23,25,24,24,24,25,24,24,26,24,24,24}","{23,80,74,77,65,60,56,64,62,68,62,70,57,55,64,67,61,61,71,69,76,71,69,72,75,71,86,76,65,61,63}","(Doom | Gothic Metal) [STREAM] SaviorSkin - Remnants of Broken Idols - 2019, FLAC (tracks), lossless"
5985866,2,43256904,A44488168E029ABC696CBFDF32C55B88B71EDFE3,334599033,1,2026-07-31 02:21:01,3,3,"{7,24,24,24,24,24,24,24,24,24,23,24,24,24,24,24,24,24,24,23,25,24,24,24,25,24,24,26,24,24,24}","{23,80,74,77,65,62,55,66,62,68,62,71,57,55,64,67,61,61,71,69,75,69,67,72,74,71,86,76,64,66,63}","(Doom | Gothic Metal) [STREAM] SaviorSkin - Omnipotence of the Absolute - 2020, FLAC (tracks), lossless"
5994325,2,1840441,B80A5D19FE8DD73A901E8B1F25559E03F52811A3,388048775,1,2026-07-31 02:21:01,5,4,"{7,24,24,24,24,24,24,24,24,24,23,24,24,24,24,24,24,24,24,23,25,24,24,24,25,24,24,26,24,24,24}","{30,110,110,102,96,87,84,87,92,94,90,93,99,105,94,90,98,85,84,99,103,87,92,91,94,94,97,108,94,93,90}","(Symphonic Gothic Metal) [CD] Fallen Arise - Enigma - 2020, FLAC (image+.cue), lossless"
5995003,2,43256904,A498D7ABB73C194AF880F92303130FDF26AF7B2B,395139445,1,2026-07-31 02:21:01,3,3,"{7,24,24,24,24,24,24,24,24,24,23,24,24,24,24,24,24,24,24,23,25,24,24,24,25,24,24,26,24,24,24}","{23,80,75,77,65,59,60,64,64,68,62,72,57,55,64,67,61,61,71,69,76,70,66,72,74,71,85,76,62,63,63}","(Gothic Metal) [STREAM] Abyss Gazes - Dark Letter - 2018, FLAC (tracks), lossless"
5995014,2,43256904,574FAA1F6E3B2C68625509E08AC256A71B45D1FF,227536999,1,2026-07-31 02:21:01,3,3,"{7,24,24,24,24,24,24,24,24,24,23,24,24,24,24,24,24,24,24,23,25,24,24,24,25,24,24,26,24,24,24}","{23,80,76,77,65,64,53,64,64,68,62,72,57,55,64,67,61,61,71,69,75,68,69,72,75,71,86,76,67,62,63}","(Gothic Metal) [STREAM] Abyss Gazes - Theatrum Mundi - 2019, FLAC (tracks), lossless"
5996979,2,1840441,60335F9657901CBE38BC2168F9B5D60063BB0221,348410139,1,2026-07-31 02:21:01,4,3,"{7,24,24,24,24,24,24,24,24,24,23,24,24,24,24,24,24,24,24,23,25,24,24,24,25,24,24,26,24,24,24}","{28,92,83,88,77,71,64,76,73,73,71,84,77,71,76,76,81,70,83,82,93,76,77,74,89,78,87,94,80,83,78}","(Gothic Metal) [STREAM] Where Angels Fall - Marionettes - 2008, FLAC (tracks), lossless"
5997244,8,8627056,B0C68AD8E519A5D4F26658EB21573692D22371D0,114472239,1,2026-07-31 02:21:01,3,3,"{7,24,24,24,24,24,24,24,24,24,23,24,24,24,24,24,24,24,24,23,25,24,24,24,25,24,24,26,24,24,24}","{23,120,117,145,115,148,80,93,79,92,80,84,97,86,78,80,77,68,92,94,96,88,95,83,87,100,106,102,83,87,77}","(Industrial Metal) [WEB] Mortiis - Too Little Too Late (En Esch) - 2021, FLAC (tracks), lossless"
5997374,2,25102764,471184BC2E5DFC34FAC9AF0516D2163606907B43,938306808,1,2026-07-31 02:21:01,3,3,"{7,24,24,24,24,24,24,24,24,24,23,24,24,24,24,24,24,24,24,23,25,24,24,24,25,24,24,26,24,24,24}","{26,80,74,77,65,59,59,64,64,68,62,72,57,55,64,67,61,61,71,69,76,70,68,72,74,71,86,76,69,68,63}","(Gothic Metal / Dark Rock) [CD, CDR] The Crest - Collection (3 Releases) - 2000-2005, FLAC (image+.cue), lossless"
6000171,2,1840441,BF2808A724D66A7933505ECA3706C5E6FB99D4E3,561699981,1,2026-07-31 02:21:01,4,3,"{7,24,24,24,24,24,24,24,24,24,23,24,24,24,24,24,24,24,24,23,25,24,24,24,25,24,24,26,24,24,24}","{25,94,86,88,74,71,67,76,69,72,71,82,81,74,78,76,81,70,83,84,92,76,74,76,88,82,96,97,82,81,77}","(Melodic Heavy/Gothic Metal) [STREAM] Lullacry - Sweet Desire (Remastered) - 1999/2014, FLAC (tracks), lossless"
6000172,2,1840441,D5181F3D9FE029E79E15C8698DDFC2847980E21E,1058848856,1,2026-07-31 02:21:01,5,3,"{7,24,24,24,24,24,24,24,24,24,23,24,24,24,24,24,24,24,24,23,25,24,24,24,25,24,24,26,24,24,24}","{30,112,107,102,96,92,82,87,91,92,91,96,94,97,90,90,98,85,84,95,106,84,94,94,94,95,97,112,93,97,91}","(Melodic Heavy/Gothic Metal) [STREAM] Lullacry - Legacy 1998 - 2014 (Compilation) - 2014, FLAC (tracks), lossless"
6003173,2,2799938,AFECDAA05256D7AD4B09A978C428D091FE7061F8,418455638,1,2026-07-31 02:21:01,9,4,"{7,24,24,24,24,24,24,24,24,24,23,24,24,24,24,24,24,24,24,23,25,24,24,24,25,24,24,26,24,24,24}","{68,301,294,254,273,305,285,255,202,256,260,244,281,242,225,229,246,232,242,235,256,233,208,230,242,254,291,251,183,224,220}","(Darkwave / Gothic Metal) [STREAM] Mantus - Manifest - 2021, FLAC (tracks), lossless"
6008803,2,43256904,A8258193FE597E8B534714D7E5C19CDF932A2F9B,414999430,1,2026-07-31 02:21:01,3,3,"{7,24,24,24,24,24,24,24,24,24,23,24,24,24,24,24,24,24,24,23,25,24,24,24,25,24,24,26,24,24,24}","{23,80,76,77,65,57,55,64,64,68,62,72,57,64,64,69,61,61,71,76,76,70,70,72,74,71,86,76,67,68,63}","(Melodic Gothic Metal) [STREAM] 3 Dreams Never Dreamt - Another Vivid Detail - 2021, FLAC (tracks), lossless"
6010003,2,43256904,64C1B654FF124044F7BB76D52965BC660FA5B8CE,375311707,1,2026-07-31 02:21:01,3,3,"{7,24,24,24,24,24,24,24,24,24,23,24,24,24,24,24,24,24,24,23,25,24,24,24,25,24,24,26,24,24,24}","{23,80,74,77,65,61,55,64,64,68,62,72,57,55,64,67,61,61,71,69,76,69,68,72,74,71,86,76,67,65,63}","(Gothic Metal) [STREAM] Balsa de Piedra - Soror Tenebrosa - 2020, FLAC (tracks), lossless"
6013195,2,5406682,47C5DF02FF4A2E42A430832DAE8BBD51644A5A8D,278322480,1,2026-07-31 02:21:01,6,3,"{7,24,24,24,24,24,24,24,24,24,23,24,24,24,24,24,24,24,24,23,25,24,24,24,25,24,24,26,24,24,24}","{42,176,163,159,167,183,175,163,182,165,168,203,275,260,209,208,200,228,230,258,250,200,174,208,233,235,224,297,216,217,240}","(Gothic Metal, Progressive Rock) [STREAM] Lake of Tears - Ominous - 2021, FLAC (tracks), lossless"
6013809,2,43256904,FABF34352A6A6ACD4D6EF6BB0058471895E24C98,196528194,1,2026-07-31 02:21:01,5,4,"{7,24,24,24,24,24,24,24,24,24,23,24,24,24,24,24,24,24,24,23,25,24,24,24,25,24,24,26,24,24,24}","{35,120,123,112,99,95,95,97,108,96,92,96,96,103,96,96,96,96,96,99,100,95,94,99,100,96,109,105,96,95,96}","(Gothic | Symphonic Metal) [STREAM] Elyose - Persona (EP) - 2021, FLAC (tracks), lossless"
6014242,2,43256904,F5AC44C32F97108A3E67D45142E0190CFEB97D22,368017561,1,2026-07-31 02:21:01,3,3,"{7,24,24,24,24,24,24,24,24,24,23,24,24,24,24,24,24,24,24,23,25,24,24,24,25,24,24,26,24,24,24}","{23,93,91,80,74,68,60,69,68,73,67,90,77,58,74,72,65,71,91,85,88,71,72,76,79,86,91,91,77,76,70}","(Gothic | Symphonic Metal) [STREAM] Elyose - Ipso Facto - 2015, FLAC (tracks), lossless"
6014432,2,4726738,E21D8AB779DD38DF213691216FE699A289C4F7E9,776739451,1,2026-07-31 02:21:01,3,3,"{7,24,24,24,24,24,24,24,24,24,23,24,24,24,24,24,24,24,24,23,25,24,24,24,25,24,24,26,24,24,24}","{23,80,75,77,65,62,61,65,62,68,62,67,58,58,64,70,61,61,71,74,79,73,65,72,74,71,84,82,67,68,63}","(Gothic Metal) [CD] Sinamore - Discography - 2006-2007, (2 CDs), FLAC (image+.cue), lossless"
6019317,2,43256904,11F68A0BB0E0BB6B870B744924B268A46341C8F7,407782727,1,2026-07-31 02:21:01,3,3,"{7,24,24,24,24,24,24,24,24,24,23,24,24,24,24,24,24,24,24,23,25,24,24,24,25,24,24,26,24,24,24}","{23,80,75,77,65,60,55,64,61,68,61,69,57,55,64,67,61,61,71,69,74,70,68,72,74,71,85,76,69,64,63}","(Gothic | Doom Metal) [STREAM] Abyssian - Godly - 2021, FLAC (tracks), lossless"
6019869,2,16602364,53D067D9C507120F6A63714B330655894A161E3D,446466836,1,2026-07-31 02:21:01,3,3,"{7,24,24,24,24,24,24,24,24,24,23,24,24,24,24,24,24,24,24,23,25,24,24,24,25,24,24,26,24,24,24}","{23,82,96,89,65,63,59,64,62,71,76,91,88,91,88,77,61,67,91,82,91,75,84,87,99,92,93,112,104,94,88}","(Gothic Metal) [CD] Crematory - Liverevolution - 2005, FLAC (image+.cue), lossless"
6020669,2,14035655,B247A31046AE3E7E4F66C36410C2463FC52FE67F,462447787,1,2026-07-31 02:21:01,5,4,"{7,24,24,24,24,24,24,24,24,24,23,24,24,24,24,24,24,24,24,23,25,24,24,24,25,24,24,26,24,24,24}","{30,110,107,105,101,86,85,87,94,92,86,94,98,96,95,95,98,85,84,97,102,86,95,90,101,96,100,107,93,94,94}","(Gothic/Black Metal) [CD] Soulgrind - LADIT A.D. 1999: BIHTTPOTB - 1995, FLAC (image+.cue), lossless"
6020958,2,43256904,A4563D1CB26B4B70905169F47CE98FE32474C98E,402766710,1,2026-07-31 02:21:01,3,3,"{7,24,24,24,24,24,24,24,24,24,23,24,24,24,24,24,24,24,24,23,25,24,24,24,25,24,24,26,24,24,24}","{23,80,75,77,65,64,58,64,64,68,62,72,57,55,64,67,61,61,71,69,75,69,70,72,75,71,85,76,66,66,63}","(Gothic | Doom Metal) [STREAM] Abyssian - Nibiruan Chronicles - 2016, FLAC (tracks), lossless"
6021974,2,43256904,8EEA2C1AA165BFEAA057B809DCC04A178EDAB741,873025117,1,2026-07-31 02:21:01,14,3,"{7,24,24,24,24,24,24,24,24,24,23,24,24,24,24,24,24,24,24,23,25,24,24,24,25,24,24,26,24,24,24}","{100,467,451,460,492,454,456,409,384,419,427,407,437,472,452,429,465,458,476,428,404,405,425,502,490,456,442,481,419,436,495}","(Gothic | Symphonic Metal) [STREAM] Within Temptation - Resist (Extended Deluxe) - 2019, FLAC (tracks), lossless"
6022371,2,4892172,E4B9B445BEA3EE557A34698AC0EDC21B20CDBC72,392750949,1,2026-07-31 02:21:01,11,3,"{7,24,24,24,24,24,24,24,24,24,23,24,24,24,24,24,24,24,24,23,25,24,24,24,25,24,24,26,24,24,24}","{69,289,253,252,262,338,352,295,318,355,330,316,354,352,296,303,296,317,281,289,335,301,291,276,329,367,304,307,262,212,222}","(Gothic Metal) [CD] Moonspell - Hermitage - 2021, FLAC (image+.cue), lossless"
6024898,2,1840441,DE6430E8FA04CAB70B4D7101DB32E4A2565F3C8C,421728713,1,2026-07-31 02:21:01,4,3,"{7,24,24,24,24,24,24,24,24,24,23,24,24,24,24,24,24,24,24,23,25,24,24,24,25,24,24,26,24,24,24}","{25,105,88,89,89,77,77,87,83,82,81,82,89,81,76,77,91,78,75,87,97,81,80,86,90,83,90,97,84,87,80}","(Atmospheric Dark/Folk/Gothic Metal) [CD] Eidyllion - Gymnopaidia Del Leteo - 2002, FLAC (image+.cue), lossless"
6024917,2,1840441,8A39F616E182C47A79E7B8738EBC0DD913D44C59,384010640,1,2026-07-31 02:21:01,4,3,"{7,24,24,24,24,24,24,24,24,24,23,24,24,24,24,24,24,24,24,23,25,24,24,24,25,24,24,26,24,24,24}","{24,108,88,86,89,82,79,87,78,83,84,82,89,84,76,78,91,75,75,87,98,80,86,86,91,83,90,99,85,88,80}","(Atmospheric Dark/Folk/Gothic Metal) [CD] Eidyllion - Amorka - 2005, FLAC (image+.cue), lossless"
6026456,2,43256904,BCD8BF6337A10D173FE40511997B97E1FE550EE6,580733870,1,2026-07-31 02:21:01,3,3,"{7,24,24,24,24,24,24,24,24,24,23,24,24,24,24,24,24,24,24,23,25,24,24,24,25,24,24,26,24,24,24}","{22,92,75,77,65,57,61,64,64,68,75,71,57,55,68,67,61,61,71,69,76,70,69,71,74,71,86,76,79,71,63}","(Gothic | Symphonic Metal) [STREAM] Elyose - Live in Paris - 2020, FLAC (tracks), lossless"
6028620,2,43256904,02912FFB03B4F991F67525DEF7AB39AB32BB1A2E,312961736,1,2026-07-31 02:21:01,7,3,"{7,24,24,24,24,24,24,24,24,24,23,24,24,24,24,24,24,24,24,23,25,24,24,24,25,24,24,26,24,24,24}","{47,172,168,163,127,153,156,165,152,144,123,112,129,116,123,124,159,139,130,143,143,134,128,132,124,106,146,148,125,120,125}","(Symphonic | Gothic Metal) [STREAM] Walk in Darkness - Welcome to the New World - 2018, FLAC (tracks), lossless"
6033034,2,43256904,BBB2EA53C74C1C69A04EB2D7D2CACED8474685F5,513635190,1,2026-07-31 02:21:01,6,4,"{7,24,24,24,24,24,24,24,24,24,23,24,24,24,24,24,24,24,24,23,25,24,24,24,25,24,24,26,24,24,24}","{38,134,130,121,118,125,116,110,111,108,98,121,133,128,137,128,111,129,130,129,126,113,123,123,119,133,150,154,132,145,151}","(Symphonic Gothic Metal) [STREAM] Inception Of Eternity - Last Exit to the Past - 2021, FLAC (tracks), lossless"
6033055,2,43256904,7FDDC5EB02BA3B3BB50261FF8BFC554C4B2D9733,490871084,1,2026-07-31 02:21:01,3,3,"{7,24,24,24,24,24,24,24,24,24,23,24,24,24,24,24,24,24,24,23,25,24,24,24,25,24,24,26,24,24,24}","{23,80,74,77,65,61,56,64,62,68,62,71,57,55,64,67,61,61,71,69,75,70,67,72,74,71,86,76,68,67,63}","(Gothic | Black Metal) [STREAM] Mephisto - Pentafixion - 2021, FLAC (tracks), lossless"
6038288,2,43256904,12DD7D7A0C1164CA3394CA83411090661B0CF8B4,337616347,1,2026-07-31 02:21:01,15,4,"{7,24,24,24,24,24,24,24,24,24,23,24,24,24,24,24,24,24,24,23,25,24,24,24,25,24,24,26,24,24,24}","{98,322,318,318,308,308,323,308,291,268,288,300,292,288,321,319,303,293,308,281,302,269,266,276,296,286,307,341,315,293,314}","(Melodic Death | Gothic Metal) [STREAM] Dark The Suns - Suru Raivosi Syd&#228;meni Pimeydess&#228; - 2021, FLAC (tracks), lossless"
6038295,2,43256904,43A8A57C7571E7069F5247EAAF3B7832DB88115E,259326863,1,2026-07-31 02:21:01,3,3,"{7,24,24,24,24,24,24,24,24,24,23,24,24,24,24,24,24,24,24,23,25,24,24,24,25,24,24,26,24,24,24}","{23,80,76,77,65,59,57,64,62,68,62,70,57,64,64,67,61,61,71,77,76,69,68,72,74,71,85,76,66,68,63}","(Gothic Dark Metal | Hard Rock) [STREAM] Somberwind - Remain - 2021, FLAC (tracks), lossless"
6045387,2,1840441,60BD06F12EE2060BD327205409BCA60C7BAC9AAC,368533368,1,2026-07-31 02:21:01,4,3,"{7,24,24,24,24,24,24,24,24,24,23,24,24,24,24,24,24,24,24,23,25,24,24,24,25,24,24,26,24,24,24}","{25,92,83,88,74,68,64,76,72,72,71,84,80,71,76,76,81,70,83,82,93,73,77,74,89,77,89,94,79,85,78}","(Gothic/Folk Metal) [CD] Gaia - Nostalgia - 2004, FLAC (image+.cue), lossless"
6045391,2,1840441,1561C3C405164DDF141D884A28659F4B99B83161,320641468,1,2026-07-31 02:21:01,7,3,"{7,24,24,24,24,24,24,24,24,24,23,24,24,24,24,24,24,24,24,23,25,24,24,24,25,24,24,26,24,24,24}","{37,120,95,102,99,85,85,87,95,92,91,95,112,100,103,100,112,98,101,103,112,89,97,102,117,132,128,135,102,93,90}","(Gothic/Industrial Metal) [CD] Leiden - L'Aube Spirituelle - 2001, FLAC (image+.cue), lossless"
6045396,2,1840441,3393AD74FAB5F9FA93D3D470D24D07C29FA793E8,142687373,1,2026-07-31 02:21:01,4,3,"{7,24,24,24,24,24,24,24,24,24,23,24,24,24,24,24,24,24,24,23,25,24,24,24,25,24,24,26,24,24,24}","{25,92,83,88,74,66,64,76,69,72,69,80,80,72,76,76,81,70,83,82,92,74,76,75,88,77,88,94,77,84,78}","(Gothic/Dark Metal) [CD] Ekidna - MorteAmore - 1998, FLAC (image+.cue), lossless"
6050774,2,2799938,F922852BA355D0D636284A6769E6970327157278,380388732,1,2026-07-31 02:21:01,4,3,"{7,24,24,24,24,24,24,24,24,24,23,24,24,24,24,24,24,24,24,23,25,24,24,24,25,24,24,26,24,24,24}","{30,113,108,106,91,87,90,92,99,97,106,95,91,95,96,97,94,84,90,98,102,88,90,95,101,96,103,105,92,95,95}","(Gothic Metal) [CD] False Memories - The Last Night Of Fall - 2021, FLAC (image+.cue), lossless"
6051057,2,43256904,DB7D2B3FA26C5DAEA02CDFC4531AD2885C9E4CBA,322634676,1,2026-07-31 02:21:01,5,3,"{7,24,24,24,24,24,24,24,24,24,23,24,24,24,24,24,24,24,24,23,25,24,24,24,25,24,24,26,24,24,24}","{35,126,117,116,102,101,102,103,110,96,96,93,101,104,100,106,100,108,102,94,111,94,99,98,107,98,110,111,96,104,98}","(Gothic | Vampiric Black Metal) [STREAM] Lord Vampyr - The Vampire's Legacy - 2021, FLAC (tracks), lossless"
6051084,2,5406682,F329D9196F96CF18BB3F0C5E4D67D2F25F2AF085,337723591,1,2026-07-31 02:21:01,5,3,"{7,24,24,24,24,24,24,24,24,24,23,24,24,24,24,24,24,24,24,23,25,24,24,24,25,24,24,26,24,24,24}","{31,111,114,106,101,99,111,97,98,96,93,103,104,108,99,91,98,87,102,118,114,98,90,94,101,110,119,115,98,94,94}","(Melodic Gothic Metal, Symphonic Metal) [STREAM] Autumn Bride - Undying - 2021, FLAC (tracks), lossless"
6051178,2,43256904,85509D439EEBC6C391BEBB517B04F6B0F74EC076,344985031,1,2026-07-31 02:21:01,3,3,"{7,24,24,24,24,24,24,24,24,24,23,24,24,24,24,24,24,24,24,23,25,24,24,24,25,24,24,26,24,24,24}","{23,80,74,77,65,60,53,63,64,68,62,70,57,55,64,67,61,61,71,69,76,70,68,72,75,71,86,76,66,65,66}","(Gothic Metal) [STREAM] Everlust - Diary of Existence - 2021, FLAC (tracks), lossless"
6053468,2,43256904,283BF235B7AF89218B3DACC31B76CFC7526856C1,245088542,1,2026-07-31 02:21:01,4,3,"{7,24,24,24,24,24,24,24,24,24,23,24,24,24,24,24,24,24,24,23,25,24,24,24,25,24,24,26,24,24,24}","{29,90,85,83,73,68,63,68,72,81,74,86,70,66,76,80,74,73,84,77,89,77,77,81,83,79,83,88,78,80,76}","(Modern Gothic Metal) [STREAM] Regardless Of Me - Forms - 2021, FLAC (tracks), lossless"
6054198,2,43256904,FA86CD613C21C128744DBC9C22790752FCFA1C32,400322843,1,2026-07-31 02:21:01,3,3,"{7,24,24,24,24,24,24,24,24,24,23,24,24,24,24,24,24,24,24,23,25,24,24,24,25,24,24,26,24,24,24}","{23,80,74,80,66,64,56,65,64,69,62,67,59,55,64,71,63,61,71,69,75,71,67,71,75,71,86,76,67,66,63}","(Doom | Gothic Metal) [STREAM] Aeranea - A Voice for the Lost - 2021, FLAC (tracks), lossless"
6056996,2,43256904,3E3F0A3AD9046CABBC31F0CA04F436BD81FB1080,423754810,1,2026-07-31 02:21:01,3,3,"{7,24,24,24,24,24,24,24,24,24,23,24,24,24,24,24,24,24,24,23,25,24,24,24,25,24,24,26,24,24,24}","{26,82,81,81,73,72,75,70,70,74,67,91,77,61,75,75,67,59,74,94,101,77,81,79,78,87,107,106,85,90,90}","(Symphonic Heavy Metal) [STREAM] Dreamslave - Rest in Phantasy - 2015, FLAC (tracks), lossless"
6062852,2,43256904,739F30C7DA551C6C0FFC0BE5A1E017DA50450530,244575068,1,2026-07-31 02:21:01,3,3,"{7,24,24,24,24,24,24,24,24,24,23,24,24,24,24,24,24,24,24,23,25,24,24,24,25,24,24,26,24,24,24}","{23,80,75,77,65,59,60,64,64,68,61,70,57,55,64,69,61,61,71,69,76,71,67,72,74,71,86,76,66,67,63}","(Gothic Melodic Metal | Rock) [STREAM] Ascend The Soul - The Art of Faith - 2021, FLAC (tracks), lossless"
6063942,2,43256904,E3CE86FBEC2C3F88A858233B3B1F7E915D132F29,372349244,1,2026-07-31 02:21:01,3,3,"{7,24,24,24,24,24,24,24,24,24,23,24,24,24,24,24,24,24,24,23,25,24,24,24,25,24,24,26,24,24,24}","{23,87,81,85,69,66,66,72,74,79,62,72,57,55,64,67,61,61,71,69,75,69,68,72,75,71,86,76,65,63,67}","(Melodic Gothic Metal) [STREAM] Sacred Groove - MSTRPLN - 2021, FLAC (tracks), lossless"
6067184,2,43256904,5C42B238268B667F129370513D56F0FD1B16CC0E,492912037,1,2026-07-31 02:21:01,11,3,"{7,24,24,24,24,24,24,24,24,24,23,24,24,24,24,24,24,24,24,23,25,24,24,24,25,24,24,26,24,24,24}","{64,221,219,277,274,306,305,296,276,269,247,298,302,269,284,280,257,230,245,277,292,225,274,267,250,273,265,290,216,236,223}","(Symphonic Gothic Metal) [STREAM] Metalwings - A Whole New Land - 2021, FLAC (tracks), lossless"
6070100,2,43256904,71ECD0C5A4D20C5D1FA7FBDEB5C91D19E8460626,371008032,1,2026-07-31 02:21:01,3,3,"{7,24,24,24,24,24,24,24,24,24,23,24,24,24,24,24,24,24,24,23,25,24,24,24,25,24,24,26,24,24,24}","{23,80,74,77,65,62,59,64,62,68,61,70,57,55,64,67,61,61,71,69,75,70,66,72,75,71,84,76,64,69,63}","(Gothic Metal) [STREAM] Divisiv - Burn It Down - 2021, FLAC (tracks), lossless"
6070634,2,43256904,2D481E2D525BC921F7F2AFB0FAE58F1660E3473B,465709555,1,2026-07-31 02:21:01,3,3,"{7,24,24,24,24,24,24,24,24,24,23,24,24,24,24,24,24,24,24,23,25,24,24,24,25,24,24,26,24,24,24}","{23,80,74,77,65,60,60,64,62,68,62,70,57,55,64,67,61,61,71,69,74,71,69,72,75,71,86,76,67,66,63}","(Gothic Metal) [STREAM] Ember Sea - Two Stages - Live at Monopol &amp; Wolfsmond- 2021, FLAC (tracks), lossless"
6076202,8,9506801,E37B0ACFBEA39FD9395EE156A0A42E8E324FBB4E,195823215,1,2026-07-31 02:21:01,6,3,"{7,24,24,24,24,24,24,24,24,24,23,24,24,24,24,24,24,24,24,23,25,24,24,24,25,24,24,26,24,24,24}","{44,221,233,244,231,217,217,233,242,216,223,226,249,270,275,238,246,227,219,227,214,204,183,194,228,241,244,257,199,202,226}","(Gothic Metal, Symphonic Metal) [STREAM] Within Temptation - Shed My Skin - 2021, FLAC (tracks), lossless"
6076601,2,43256904,5FE263F170C961A7BBCFC1FC823D591355F9ACA7,513635969,1,2026-07-31 02:21:01,4,3,"{7,24,24,24,24,24,24,24,24,24,23,24,24,24,24,24,24,24,24,23,25,24,24,24,25,24,24,26,24,24,24}","{28,96,96,92,77,73,66,80,84,90,82,94,81,79,88,90,85,85,95,85,103,77,84,83,92,85,91,102,86,92,87}","(Gothic Metal) [STREAM] Dwell in Doom - Shadows Deepen, Day is Done - 2021, FLAC (tracks), lossless"
6078635,2,43256904,C158AEE7B464B759AB8FB8F3B2AEB7CCE3974120,281458174,1,2026-07-31 02:21:01,3,3,"{7,24,24,24,24,24,24,24,24,24,23,24,24,24,24,24,24,24,24,23,25,24,24,24,25,24,24,26,24,24,24}","{23,80,74,77,65,57,59,64,62,68,62,72,57,55,64,67,61,61,71,69,76,70,67,72,75,71,85,76,66,66,63}","(Gothic Metal) [STREAM] Dismal&#236;a (Dismalia) - Vile Enigma - 2021, FLAC (tracks), lossless"
6079166,2,43256904,5CD121838A38FA2DC8AC2CE4539DB32E08BCA95F,244887438,1,2026-07-31 02:21:01,3,3,"{7,24,24,24,24,24,24,24,24,24,23,24,24,24,24,24,24,24,24,23,25,24,24,24,25,24,24,26,24,24,24}","{23,80,74,77,65,61,61,64,62,68,62,70,57,55,64,67,61,61,71,69,74,70,67,72,75,71,86,76,65,67,63}","(Gothic | Doom Metal) [STREAM] Denun - Uroboros - 2021, FLAC (tracks), lossless"
6079173,2,43256904,CDB80E0164A5B3D7A096537F5311B7956520E281,361981484,1,2026-07-31 02:21:01,4,3,"{7,24,24,24,24,24,24,24,24,24,23,24,24,24,24,24,24,24,24,23,25,24,24,24,25,24,24,26,24,24,24}","{28,96,96,92,77,72,66,80,84,90,85,96,81,79,88,91,85,85,95,87,97,79,85,83,92,85,92,102,90,89,87}","(Deutschrock | Dark Metal) [STREAM] Egomey - Offenbarung - 2021, FLAC (tracks), lossless"
6080588,2,1840441,32192266A9CF4ABA91A3A37781BA8D810DA13A45,1229696525,1,2026-07-31 02:21:01,6,4,"{7,24,24,24,24,24,24,24,24,24,23,24,24,24,24,24,24,24,24,23,25,24,24,24,25,24,24,26,24,24,24}","{35,138,126,104,101,117,105,113,125,110,117,111,126,126,122,116,107,97,102,111,120,105,96,107,113,114,133,146,129,141,128}","(Gothic/Black Metal/Ambient) [CD] Lord Agheros - Collection (2008-2016) 4 CD, FLAC (image+.cue), lossless"
6091506,2,43256904,B457C3E54A852ED01866F1F0B88DDE0C1BDD48EA,213502901,1,2026-07-31 02:21:01,4,3,"{7,24,24,24,24,24,24,24,24,24,23,24,24,24,24,24,24,24,24,23,25,24,24,24,25,24,24,26,24,24,24}","{24,79,94,90,80,68,54,73,77,88,89,85,69,65,86,83,80,78,84,87,87,79,83,80,82,81,88,76,91,68,75}","(Melodic | Symphonic Metal) [STREAM] Awake By Design - Live At Tonesphere - 2021, FLAC (tracks), lossless"
6092101,2,43256904,27544BFEFAA582ADEF9013BEF484426EDE38F9EC,381358927,1,2026-07-31 02:21:01,3,3,"{7,24,24,24,24,24,24,24,24,24,23,24,24,24,24,24,24,24,24,23,25,24,24,24,25,24,24,26,24,24,24}","{23,76,55,66,67,68,56,70,62,68,65,76,63,55,67,67,63,64,78,77,75,71,66,72,74,71,85,76,69,63,69}","(Melodic | Symphonic Metal) [STREAM] Awake By Design - Sentiment - 2009, FLAC (tracks), lossless"
6094834,2,43256904,5553540490B9ABED997976F446D31306EB679B96,313329684,1,2026-07-31 02:21:01,5,4,"{7,24,24,24,24,24,24,24,24,24,23,24,24,24,24,24,24,24,24,23,25,24,24,24,25,24,24,26,24,24,24}","{35,133,136,112,99,95,97,97,106,96,93,95,96,96,96,97,96,96,96,92,100,93,93,96,100,96,110,105,96,97,96}","(Gothic | Doom Metal) [WEB] Firmament - Comfortable Oppression - 2021, FLAC (tracks), lossless"
6096591,2,43256904,994D35AF812D92DD2162A7D4E6E7C30549D4E928,150166280,1,2026-07-31 02:21:01,3,3,"{7,24,24,24,24,24,24,24,24,24,23,24,24,24,24,24,24,24,24,23,25,24,24,24,25,24,24,26,24,24,24}","{23,80,74,77,65,63,60,64,64,68,62,71,57,55,64,67,61,61,71,69,75,72,69,72,74,71,85,76,65,65,63}","(Gothic Metal) [WEB] Jeff Belarmino - Libre - 2021, FLAC (tracks), lossless"
6101323,2,43256904,BDCCA6BF4E15DF1D241ED0025506A15367A733C6,443379329,1,2026-07-31 02:21:01,4,3,"{7,24,24,24,24,24,24,24,24,24,23,24,24,24,24,24,24,24,24,23,25,24,24,24,25,24,24,26,24,24,24}","{28,98,98,92,82,81,75,83,84,91,96,95,82,79,89,90,86,78,78,90,98,83,88,86,92,91,91,99,96,87,91}","(Symphonic Gothic Metal) [WEB] Dracyor - Gy&#246;ngyv&#233;r - 2021, FLAC (tracks), lossless"
6107509,2,43256904,F35FD0816D69DA5F72DBEE35723A803C60EE3ECE,354652287,1,2026-07-31 02:21:01,4,4,"{7,24,24,24,24,24,24,24,24,24,23,24,24,24,24,24,24,24,24,23,25,24,24,24,25,24,24,26,24,24,24}","{28,99,98,92,81,82,74,83,84,90,88,96,82,79,89,91,86,78,78,90,97,83,85,86,91,91,92,101,93,92,89}","(Melodic | Symphonic Metal) [WEB] Awake By Design - Carve the Sun - 2015, FLAC (tracks), lossless"
6110381,2,43256904,EC4BD31FED3E412F6B1E1054586FAE2F083C39C5,308173544,1,2026-07-31 02:21:01,6,3,"{7,24,24,24,24,24,24,24,24,24,23,24,24,24,24,24,24,24,24,23,25,24,24,24,25,24,24,26,24,24,24}","{47,155,155,167,151,166,181,148,125,145,164,145,168,177,135,143,159,144,165,161,160,154,150,140,142,151,169,175,126,135,134}","(Indie Rock/Gothic) [WEB] Charlotte Wessels - Tales From Six Feet Under - 2021, FLAC (tracks), lossless"
6110420,2,43256904,C74A11A386B08E588129654DD2DF7EB25A2D5DCF,440083412,1,2026-07-31 02:21:01,6,4,"{7,24,24,24,24,24,24,24,24,24,23,24,24,24,24,24,24,24,24,23,25,24,24,24,25,24,24,26,24,24,24}","{44,163,160,157,144,143,146,143,138,151,142,135,150,153,135,145,139,139,144,153,146,138,133,141,147,150,165,171,142,141,136}","(Symphonic Gothic Metal) [WEB] Whyzdom - Of Wonders and Wars - 2021, FLAC (tracks), lossless"
6111510,2,21662407,56A552AC631FC7C731A5968F58E93D06981BC533,147679741,1,2026-07-31 02:21:01,3,3,"{7,24,24,24,24,24,24,24,24,24,23,24,24,24,24,24,24,24,24,23,25,24,24,24,25,24,24,26,24,24,24}","{23,81,78,78,67,67,60,70,64,68,63,76,64,55,67,69,63,64,78,77,75,72,69,73,74,72,86,76,71,67,69}","(Gothic Metal) [WEB] Vetrar Draugurinn - I. - 2017, FLAC (tracks), lossless"
6111541,2,37297848,B70A9DCE618A89CDCFF2954B60DE04D7EFE28EE0,392267912,1,2026-07-31 02:21:01,5,4,"{7,24,24,24,24,24,24,24,24,24,23,24,24,24,24,24,24,24,24,23,25,24,24,24,25,24,24,26,24,24,24}","{35,120,120,97,77,77,80,97,108,96,83,93,81,100,99,91,89,85,105,87,99,84,89,83,92,90,94,105,92,90,87}","(Gothic/Doom Metal) [CD] The Blood Divine - Rise Pantheon Dreams (Compilation) - 2002, FLAC (image+.cue), lossless"
6112266,2,4726738,40AA4A6676EFD8270A0D06EAB79A18661B3F514E,565166456,1,2026-07-31 02:21:01,4,3,"{7,24,24,24,24,24,24,24,24,24,23,24,24,24,24,24,24,24,24,23,25,24,24,24,25,24,24,26,24,24,24}","{28,96,92,92,77,72,70,80,83,90,85,96,81,79,88,86,83,85,90,87,97,78,85,83,92,85,92,102,90,87,85}","(Gothic Metal) [CD] Fragilehollow - Effete Mind - 2003, FLAC (image+.cue), lossless"
6113184,2,43256904,27A7C2EB65CA340B276B4B9608647C1E02A1322C,557864543,1,2026-07-31 02:21:01,8,3,"{7,24,24,24,24,24,24,24,24,24,23,24,24,24,24,24,24,24,24,23,25,24,24,24,25,24,24,26,24,24,24}","{47,137,154,135,121,125,126,123,127,125,118,132,138,141,130,119,138,132,131,130,145,116,119,131,131,128,145,146,130,120,119}","(Gothic Metal) [WEB] Mandragora Scream - Nothing But The Best - 2021, FLAC (tracks), lossless"
6113334,2,43256904,54F886559799FB7C59CDDEEB7ADC73E2763ED058,294716641,1,2026-07-31 02:21:01,3,3,"{7,24,24,24,24,24,24,24,24,24,23,24,24,24,24,24,24,24,24,23,25,24,24,24,25,24,24,26,24,24,24}","{23,81,78,78,67,69,58,70,63,67,65,74,61,55,67,67,63,64,78,77,75,71,69,73,74,72,86,76,68,68,69}","(Symphonic Gothic Metal) [WEB] Ofelia (Of&#232;lia) - Abismo Sin Fin - 2021, FLAC (tracks), lossless"
6113338,2,43256904,9CF29E569CE48D97F9CF7694C4876AFB0F54601A,367160851,1,2026-07-31 02:21:01,3,3,"{7,24,24,24,24,24,24,24,24,24,23,24,24,24,24,24,24,24,24,23,25,24,24,24,25,24,24,26,24,24,24}","{23,80,93,116,65,63,58,64,64,68,73,68,59,55,64,68,63,61,81,92,75,72,70,94,75,71,86,86,67,63,63}","(Doom | Gothic Metal) [WEB] A Pale Horse Named Death - Lay My Soul to Waste - 2013, FLAC (tracks), lossless"
6113374,2,43256904,A7A2FF1B4A99739777C54BEB56EC186E922719B9,479599430,1,2026-07-31 02:21:01,4,3,"{7,24,24,24,24,24,24,24,24,24,23,24,24,24,24,24,24,24,24,23,25,24,24,24,25,24,24,26,24,24,24}","{30,101,101,92,78,72,77,75,76,90,85,92,82,79,88,93,85,86,95,87,87,75,66,72,74,71,86,87,92,90,87}","(Gothic | Doom Metal) [WEB] October Noir - Fate, Wine, &amp; Wisteria - 2021, FLAC (tracks), lossless"
6113517,2,43256904,F89D6EF815154F4BC84582F488FF0C147A40D78C,605846797,1,2026-07-31 02:21:01,5,4,"{7,24,24,24,24,24,24,24,24,24,23,24,24,24,24,24,24,24,24,23,25,24,24,24,25,24,24,26,24,24,24}","{35,122,126,112,100,96,103,89,102,96,95,94,97,96,99,96,97,97,96,92,108,81,88,84,92,84,91,102,96,104,96}","(Gothic | Doom Metal) [WEB] October Noir - Thirteen - 2019, FLAC (tracks), lossless"
6113820,2,43256904,1F68792484894047D7C9FEF2E456E86D19AC827B,342860191,1,2026-07-31 02:21:01,4,3,"{7,24,24,24,24,24,24,24,24,24,23,24,24,24,24,24,24,24,24,23,25,24,24,24,25,24,24,26,24,24,24}","{28,96,104,104,91,87,90,89,90,98,93,97,97,91,93,93,98,89,103,95,109,90,98,118,99,99,98,105,96,92,89}","(Doom | Gothic Metal) [WEB] A Pale Horse Named Death - Infernum In Terra - 2021, FLAC (tracks), lossless"
6117132,2,43256904,04A6411D52D78C07FD33D1472F81AB4A515A77E0,581621380,1,2026-07-31 02:21:01,3,3,"{7,24,24,24,24,24,24,24,24,24,23,24,24,24,24,24,24,24,24,23,25,24,24,24,25,24,24,26,24,24,24}","{23,80,77,89,65,63,59,64,63,68,62,72,57,55,64,67,61,61,71,69,75,72,65,72,75,71,86,76,63,67,63}","(Dark Gothic Metal) [WEB] Majesty Of Silence - Die Sch&#246;pfung Tohuwabohu - 2021, FLAC (tracks), lossless"
6117148,2,43256904,7B2D47B03DA3923CE869CEE5E988238CB0276D7D,295139081,1,2026-07-31 02:21:01,5,4,"{7,24,24,24,24,24,24,24,24,24,23,24,24,24,24,24,24,24,24,23,25,24,24,24,25,24,24,26,24,24,24}","{35,123,120,112,99,96,92,97,108,96,92,96,99,96,98,97,96,100,107,92,101,94,92,96,104,96,110,105,98,96,102}","(Gothic Metal) [WEB] Light Of The Morning Star - Charnel noir - 2021, FLAC (tracks), lossless"
6117164,2,43256904,092977E43AE27C8F8A667ABDD98F689F001B985A,443353090,1,2026-07-31 02:21:01,4,3,"{7,24,24,24,24,24,24,24,24,24,23,24,24,24,24,24,24,24,24,23,25,24,24,24,25,24,24,26,24,24,24}","{28,96,96,92,77,72,71,80,84,90,85,96,81,79,88,90,85,85,95,87,97,76,85,83,92,85,91,102,90,90,87}","(Gothic Metal | Neue Deutsche H&#228;rte) [WEB] Roth - Nachtgebete (2 CD) - 2021, FLAC (tracks), lossless"
6117228,2,43256904,5B32BA2758BC446749F095615FB35298EF55E980,304517401,1,2026-07-31 02:21:01,4,3,"{7,24,24,24,24,24,24,24,24,24,23,24,24,24,24,24,24,24,24,23,25,24,24,24,25,24,24,26,24,24,24}","{28,96,96,92,77,72,72,80,84,90,85,93,81,79,88,90,85,85,95,87,99,76,81,84,92,85,92,102,86,92,87}","(Gothic Metal) [WEB] Vetrar Draugurinn - The Night Sky - 2021, FLAC (tracks), lossless"
6119603,2,37297848,EFEF26B12BD1247AB4754D3F5BAFDF91FD9F53E7,421774537,1,2026-07-31 02:21:01,3,3,"{7,24,24,24,24,24,24,24,24,24,23,24,24,24,24,24,24,24,24,23,25,24,24,24,25,24,24,26,24,24,24}","{23,80,74,85,77,72,60,64,64,68,76,94,81,57,64,67,61,75,95,87,78,70,65,72,85,85,93,76,83,83,80}","(Gothic/Doom Metal) [CD] Morbydia - Requiem to the Sun - 2004, FLAC (image+.cue), lossless"
6120161,2,43256904,62A9437DA205CA48BF3974A57B0201D42E82754D,390213046,1,2026-07-31 02:21:01,5,3,"{7,24,24,24,24,24,24,24,24,24,23,24,24,24,24,24,24,24,24,23,25,24,24,24,25,24,24,26,24,24,24}","{40,137,141,133,120,120,134,113,111,114,106,115,121,103,107,110,117,109,133,135,142,115,111,116,121,135,148,148,116,118,116}","(Symphonic Gothic Metal) [WEB] Eternal Silence - Timegate Anathema - 2021, FLAC (tracks), lossless"
6120172,2,43256904,E0362034CA003963B8E198C26AA90D3AAE76FBED,572084998,1,2026-07-31 02:21:01,5,4,"{7,24,24,24,24,24,24,24,24,24,23,24,24,24,24,24,24,24,24,23,25,24,24,24,25,24,24,26,24,24,24}","{35,120,120,112,99,97,94,97,107,96,92,96,96,96,96,97,96,96,96,92,100,92,91,97,100,96,110,105,97,96,98}","(Gothic Rock | Metal) [WEB] Winter - Pale Horse - 2021, FLAC (tracks), lossless"
6120182,2,43256904,9D5AE009E43E40F60EA3DCE270049FB7C6C28EC6,403226323,1,2026-07-31 02:21:01,5,4,"{7,24,24,24,24,24,24,24,24,24,23,24,24,24,24,24,24,24,24,23,25,24,24,24,25,24,24,26,24,24,24}","{35,122,122,112,104,105,98,102,96,99,97,100,104,96,100,98,100,102,108,108,100,96,94,98,100,102,107,105,103,96,103}","(Atmospheric Dark Metal) [WEB] Mercury Circle - Killing Moons - 2021, FLAC (tracks), lossless"
6120807,2,43256904,4C97CECF2675279D3DC22C4D3FA8A0DEA46AF9C2,413731414,1,2026-07-31 02:21:01,3,3,"{7,24,24,24,24,24,24,24,24,24,23,24,24,24,24,24,24,24,24,23,25,24,24,24,25,24,24,26,24,24,24}","{23,80,74,77,65,61,52,63,64,68,62,72,57,55,64,69,61,61,71,69,76,68,66,71,74,71,86,76,65,62,63}","(Gothic Metal) [WEB] Vetrar Draugurinn - Hinterlands - 2019, FLAC (tracks), lossless"
6123663,2,43256904,D53CBBEE6F93CC0AA8E53CD24DBF6A3A6C978689,345917930,1,2026-07-31 02:21:01,4,3,"{7,24,24,24,24,24,24,24,24,24,23,24,24,24,24,24,24,24,24,23,25,24,24,24,25,24,24,26,24,24,24}","{28,98,98,92,81,83,69,85,84,90,84,96,84,79,89,90,86,78,78,90,97,81,86,85,92,91,92,102,93,85,89}","(Symphonic Gothic Metal) [WEB] Leaf Xceed Music Division - Good Knight: Anthems of the Lost - 2021, FLAC (tracks), lossless"
6125510,2,43256904,1AFE3FCD0C3569E7C7FE0EB29471EE6BF9B7DDB4,234011415,1,2026-07-31 02:21:01,3,3,"{7,24,24,24,24,24,24,24,24,24,23,24,24,24,24,24,24,24,24,23,25,24,24,24,25,24,24,26,24,24,24}","{23,80,74,77,65,63,54,64,64,68,62,70,57,55,64,67,61,61,71,69,74,69,63,72,74,71,86,76,62,68,63}","(Gothic Metal) [WEB] Vergonia - Wings - 2021, FLAC (tracks), lossless"
6125674,2,43256904,6025E7EF62F55E11060F3DED3284A6D850733834,353722997,1,2026-07-31 02:21:01,4,3,"{7,24,24,24,24,24,24,24,24,24,23,24,24,24,24,24,24,24,24,23,25,24,24,24,25,24,24,26,24,24,24}","{28,84,96,92,86,71,65,80,74,88,69,95,85,59,80,91,82,87,90,90,84,74,74,78,80,75,87,87,75,78,73}","(Symphonic Gothic Metal) [WEB] Eternal Silence - Chasing Chimera - 2015, FLAC (tracks), lossless"
6126368,2,4726738,3FBAC998DDE2EE6F241550671B4F190FDD2291CB,317310916,1,2026-07-31 02:21:01,4,4,"{7,24,24,24,24,24,24,24,24,24,23,24,24,24,24,24,24,24,24,23,25,24,24,24,25,24,24,26,24,24,24}","{28,96,101,92,77,83,68,80,81,88,88,93,81,79,88,91,85,76,72,87,97,76,86,83,92,84,102,100,93,90,88}","(Gothic/Doom/Post Black Metal) [CD] Dead Summer Society - Decades - 2021, FLAC (image+.cue), lossless"
6127621,2,43256904,862E0181855346BB3BE4CC0F506CC21A5DC7E986,281817985,1,2026-07-31 02:21:01,4,3,"{7,24,24,24,24,24,24,24,24,24,23,24,24,24,24,24,24,24,24,23,25,24,24,24,25,24,24,26,24,24,24}","{28,98,96,92,77,73,75,81,82,90,84,93,57,55,66,67,61,65,81,69,75,72,70,72,78,71,85,79,64,71,67}","(Gothic Metal) [WEB] Light Of The Morning Star - Nocta - 2017, FLAC (tracks), lossless"
6129081,2,43256904,B5E7356E629BDA30F14D150D56424FF77AB7A4E5,363010230,1,2026-07-31 02:21:01,5,3,"{7,24,24,24,24,24,24,24,24,24,23,24,24,24,24,24,24,24,24,23,25,24,24,24,25,24,24,26,24,24,24}","{35,130,137,130,102,116,116,116,125,111,110,102,115,112,105,108,110,106,110,112,123,117,97,100,109,111,133,140,109,122,110}","(Gothic Rock | Folk Metal) [WEB] Letzte Instanz - Ehrenwort - 2021, FLAC (tracks), lossless"
6131276,2,43256904,BCD3DAEB791053B743502909550F7FE44AD09F09,496473717,1,2026-07-31 02:21:01,6,4,"{7,24,24,24,24,24,24,24,24,24,23,24,24,24,24,24,24,24,24,23,25,24,24,24,25,24,24,26,24,24,24}","{41,131,150,121,122,120,117,107,126,109,106,119,119,109,111,113,104,112,119,107,128,107,98,104,106,100,114,105,105,102,103}","(Symphonic Metal) [WEB] Xiphea - Witchcraft - 2021, FLAC (tracks), lossless"
6131334,2,43256904,2119DF478C1E6A88B24C55CDF36D9FFFD9C90959,372327859,1,2026-07-31 02:21:01,3,3,"{7,24,24,24,24,24,24,24,24,24,23,24,24,24,24,24,24,24,24,23,25,24,24,24,25,24,24,26,24,24,24}","{23,80,74,77,65,63,57,64,63,68,62,72,57,55,64,67,61,61,71,69,76,70,71,72,74,71,83,76,66,62,63}","(Symphonic Gothic Metal) [WEB] Eternal Silence - Mastermind Tyranny - 2017, FLAC (tracks), lossless"
6131714,2,43256904,FDE87389C4775C06CF35A80024D4606E9C7D9D06,385423592,1,2026-07-31 02:21:01,3,3,"{7,24,24,24,24,24,24,24,24,24,23,24,24,24,24,24,24,24,24,23,25,24,24,24,25,24,24,26,24,24,24}","{23,88,83,84,72,70,70,75,68,78,70,82,72,74,74,74,74,69,86,90,94,76,74,75,87,86,85,92,78,77,77}","(Dark Metal) [WEB] Raphael And The Thorns - Rituals - 2021, FLAC (tracks), lossless"
6131717,2,43256904,DB78C6AE5BBEED04FFB679593FEC30B640A7A2BA,342209354,1,2026-07-31 02:21:01,7,4,"{7,24,24,24,24,24,24,24,24,24,23,24,24,24,24,24,24,24,24,23,25,24,24,24,25,24,24,26,24,24,24}","{51,180,182,174,157,166,158,135,131,134,128,157,144,144,131,126,142,157,153,161,166,127,108,108,135,136,125,141,161,156,156}","(Symphonic Metal) [WEB] Epica - Kingdom of Heaven Part 3 - The Antediluvian Universe - Omega Alive - 2021, FLAC (tracks), lossless"
6134788,2,43256904,2F35993D536844960219B8FBB742732F688A4980,394816733,1,2026-07-31 02:21:01,4,3,"{7,24,24,24,24,24,24,24,24,24,23,24,24,24,24,24,24,24,24,23,25,24,24,24,25,24,24,26,24,24,24}","{28,96,96,110,106,92,93,97,108,96,93,95,96,96,106,98,96,96,96,92,100,80,87,84,92,85,91,102,86,94,87}","(Gothic Metal) [WEB] Amore Ad Lunam - White Wings Raven Soul - 2021, FLAC (tracks), lossless"
6134817,2,43256904,6AC04BA28E8EFB1286C7DD9AF899E11220E660E0,325313000,1,2026-07-31 02:21:01,4,3,"{7,24,24,24,24,24,24,24,24,24,23,24,24,24,24,24,24,24,24,23,25,24,24,24,25,24,24,26,24,24,24}","{28,100,99,92,82,86,72,84,82,89,89,96,84,79,90,90,87,79,79,90,99,81,86,85,92,92,91,102,90,86,90}","(Gothic | Doom Metal) [WEB] Disbeliever - Archetype - 2021, FLAC (tracks), lossless"
6136880,2,43256904,9117A7582A11520AC2DF7EB9E06031547173881F,362610215,1,2026-07-31 02:21:01,5,4,"{7,24,24,24,24,24,24,24,24,24,23,24,24,24,24,24,24,24,24,23,25,24,24,24,25,24,24,26,24,24,24}","{35,123,122,112,104,103,97,102,108,96,95,100,101,96,98,96,98,99,103,105,100,100,94,99,101,102,107,106,102,95,102}","(Gothic Metal) [WEB] Cosmica - The Apostle - 2021, FLAC (tracks), lossless"
6137136,2,43256904,3A7D09D5F4AF700506C1F692942BFD9328B4AD71,544026806,1,2026-07-31 02:21:01,5,4,"{7,24,24,24,24,24,24,24,24,24,23,24,24,24,24,24,24,24,24,23,25,24,24,24,25,24,24,26,24,24,24}","{35,120,120,112,99,95,93,97,108,97,91,97,96,96,96,97,96,96,96,92,101,92,90,96,100,96,108,105,96,97,96}","(Gothic Metal) [WEB] Unnamed Desire - Lost in the Triangle Ov Your Hell! - 2021, FLAC (tracks), lossless"
6141114,2,43256904,9A841730BA1619FD680A49D4176AF0E963CF3C89,314476944,1,2026-07-31 02:21:01,14,4,"{7,24,24,24,24,24,24,24,24,24,23,24,24,24,24,24,24,24,24,23,25,24,24,24,25,24,24,26,24,24,24}","{100,273,267,287,240,226,198,211,232,228,214,189,214,216,205,239,250,240,233,206,222,204,175,213,226,223,218,239,194,179,209}","(Gothic | Black Metal) [WEB] Theatres Des Vampires - In Nomine Sanguinis - 2021, FLAC (tracks), lossless"
6141463,2,20818411,9697E6729DD6B2B17A4A80B5E00490B1F087AB7A,273140816,1,2026-07-31 02:21:01,3,3,"{7,24,24,24,24,24,24,24,24,24,23,24,24,24,24,24,24,24,24,23,25,24,24,24,25,24,24,26,24,24,24}","{23,81,77,77,67,66,59,69,64,68,65,74,60,55,66,67,63,64,78,77,75,68,70,74,75,71,86,76,71,89,90}","(Gothic/Dark Metal) [CD] Mid Autumn Nights - And I Entitled It: &quot;A Dirge...&quot; - 1998, FLAC (image+.cue), lossless"
6141507,2,43256904,CF26FE64B845A47C2A1815CB08FDBD6999B6F52C,356551358,1,2026-07-31 02:21:01,5,3,"{7,24,24,24,24,24,24,24,24,24,23,24,24,24,24,24,24,24,24,23,25,24,24,24,25,24,24,26,24,24,24}","{36,120,126,115,100,103,93,97,107,96,92,94,98,91,88,98,93,81,73,89,97,78,83,83,91,85,92,103,90,89,87}","(Melodic | Gothic Metal) [WEB] Ewiniar - Burning the Night - 2021, FLAC (tracks), lossless"
6141798,2,43256904,C349C2342703254900608814B0A69F6D57DF0ADC,449545194,1,2026-07-31 02:21:01,6,4,"{7,24,24,24,24,24,24,24,24,24,23,24,24,24,24,24,24,24,24,23,25,24,24,24,25,24,24,26,24,24,24}","{44,164,150,147,137,156,165,168,160,170,187,166,191,179,153,165,180,187,184,175,199,180,185,210,206,209,222,222,207,211,207}","(Epic Heavy | Gothic | Doom Metal) [WEB] Opera Diabolicus - Death on a Pale Horse - 2021, FLAC (tracks), lossless"
6145280,2,43256904,83945A181BC1CAD49AC71D5963A91E55B1F18810,620553006,1,2026-07-31 02:21:01,5,4,"{7,24,24,24,24,24,24,24,24,24,23,24,24,24,24,24,24,24,24,23,25,24,24,24,25,24,24,26,24,24,24}","{39,131,130,122,122,140,136,117,107,113,101,121,149,136,116,115,121,140,135,147,151,151,140,134,144,149,163,162,130,159,172}","(Symphonic Gothic Metal) [WEB] Coronatus - Atmosphere (2 CD) - 2021, FLAC (tracks), lossless"
6148705,2,5406682,84F3A3561DC0BF64B776593088CC049632BF3038,554831613,1,2026-07-31 02:21:01,5,3,"{7,24,24,24,24,24,24,24,24,24,23,24,24,24,24,24,24,24,24,23,25,24,24,24,25,24,24,26,24,24,24}","{35,135,128,121,127,135,114,122,105,112,111,118,115,119,99,104,92,88,94,96,97,102,84,84,94,90,95,103,96,96,97}","(Symphonic Gothic Metal, Female Vocal) [WEB] The Murder of My Sweet - A Gentleman's Legacy - 2021, FLAC (tracks), lossless"
6149370,2,43256904,D88B59576D9D743D3848E00344C02C28B8F4293F,318130587,1,2026-07-31 02:21:01,5,4,"{7,24,24,24,24,24,24,24,24,24,23,24,24,24,24,24,24,24,24,23,25,24,24,24,25,24,24,26,24,24,24}","{38,129,131,116,106,99,111,107,104,107,98,102,109,123,106,101,109,104,106,116,118,103,103,106,115,114,123,123,106,106,107}","(Gothic Rock | Metal) [WEB] Autumn Twilight - Valid - 2021, FLAC (tracks), lossless"
6149478,2,4892172,EAF60D6301920EAA9CD3310CACBBC7A03C97444A,514530433,1,2026-07-31 02:21:01,4,3,"{7,24,24,24,24,24,24,24,24,24,23,24,24,24,24,24,24,24,24,23,25,24,24,24,25,24,24,26,24,24,24}","{28,120,111,94,86,85,103,97,82,128,126,148,132,120,119,119,122,110,110,139,130,110,99,109,117,111,139,126,136,120,130}","(Gothic Metal) [CD] Lacuna Coil - Live From The Apocalypse - 2021, FLAC (image+.cue), lossless"
6150417,2,43256904,67A08F35398B771E0C235748661BBE28958E5689,310529093,1,2026-07-31 02:21:01,5,4,"{7,24,24,24,24,24,24,24,24,24,23,24,24,24,24,24,24,24,24,23,25,24,24,24,25,24,24,26,24,24,24}","{35,120,120,112,99,100,92,97,106,97,91,96,96,96,96,96,96,96,96,96,101,93,92,96,100,96,106,105,96,97,96}","(Gothic Metal) [WEB] Sangre Maldita - Madre Oscura - 2021, FLAC (tracks), lossless"
6153286,2,43256904,16C91BD981A99EFC777294F1C77C598FD42B3B23,304692241,1,2026-07-31 02:21:01,5,4,"{7,24,24,24,24,24,24,24,24,24,23,24,24,24,24,24,24,24,24,23,25,24,24,24,25,24,24,26,24,24,24}","{35,120,123,112,99,98,97,97,108,97,92,96,96,105,96,97,96,96,96,99,101,92,93,96,100,96,106,105,97,96,96}","(Gothic Metal) [WEB] Art Of Haven - In Montibus Eram - 2021, FLAC (tracks), lossless"
6155968,2,5096042,32138586E3583C28BDCFD59B175E0032529CB759,531073406,1,2026-07-31 02:21:01,6,3,"{7,24,24,24,24,24,24,24,24,24,23,24,24,24,24,24,24,24,24,23,25,24,24,24,25,24,24,26,24,24,24}","{39,144,153,124,112,132,126,97,97,91,82,98,86,90,86,94,82,94,98,96,109,84,84,84,101,99,98,97,95,186,142}","(Symphonic / Gothic Metal) [CD] Imperia - The Last Horizon - 2021, FLAC (image+.cue), lossless"
6158884,2,43256904,D805F1C6637A6C80AFACFAB9E40A6591A8DBCCF7,203211262,1,2026-07-31 02:21:01,4,3,"{7,24,24,24,24,24,24,24,24,24,23,24,24,24,24,24,24,24,24,23,25,24,24,24,25,24,24,26,24,24,24}","{30,107,108,100,85,85,90,92,94,94,89,96,93,93,93,92,97,86,87,99,100,89,85,91,95,97,107,106,94,93,90}","(Gothic Metal) [WEB] Unholy Ceremony - Without Death There Is No Purpose - 2022, FLAC (tracks), lossless"
6160789,2,43256904,371656C5398F4894167F081CCBE84B9AB21A6302,341357195,1,2026-07-31 02:21:01,9,3,"{7,24,24,24,24,24,24,24,24,24,23,24,24,24,24,24,24,24,24,23,25,24,24,24,25,24,24,26,24,24,24}","{64,226,206,205,210,218,227,211,205,233,222,211,217,221,215,218,214,216,215,197,229,212,199,210,222,214,215,218,188,193,189}","(Symphonic Gothic Metal) [WEB] Schwarzer Engel - Sieben - 2022, FLAC (tracks), lossless"
6163832,2,43256904,3D4AC29A8F50528E535C0BCEBB73D5F4020C3769,190269046,1,2026-07-31 02:21:01,3,3,"{7,24,24,24,24,24,24,24,24,24,23,24,24,24,24,24,24,24,24,23,25,24,24,24,25,24,24,26,24,24,24}","{23,85,81,83,72,77,63,73,69,72,69,77,72,58,71,69,67,72,83,83,78,77,70,75,76,75,88,86,70,68,76}","(Atmospheric Dark Metal) [WEB] Mercury Circle - The Dawn of Vitriol - 2020, FLAC (tracks), lossless"
6169195,2,835518,3823B244540E67E2E1C2A27AED8C0244C4CE9CBA,166684889,1,2026-07-31 02:21:01,3,3,"{7,24,24,24,24,24,24,24,24,24,23,24,24,24,24,24,24,24,24,23,25,24,24,24,25,24,24,26,24,24,24}","{26,89,85,87,72,70,64,68,69,70,69,81,76,74,72,74,68,67,79,80,82,74,71,74,77,72,90,80,94,72,68}","(Gothic Metal) [CD] Moonspell - Under the Moonspell - 1994, FLAC (image+.cue), lossless"
6169702,2,835518,6389C25CA49198AEAC557540CA9EB367A58D44E4,352979712,1,2026-07-31 02:21:01,3,3,"{7,24,24,24,24,24,24,24,24,24,23,24,24,24,24,24,24,24,24,23,25,24,24,24,25,24,24,26,24,24,24}","{23,80,74,77,65,61,53,64,64,68,59,72,57,55,64,67,61,61,71,69,75,68,69,72,75,71,85,76,67,68,63}","(Gothic Metal) [CD] Moonlight - C&#226;ndra - 2002, FLAC (image+.cue), lossless"
6169774,2,835518,C1D3E1A559884B161BB7897B83070A0921355288,521731173,1,2026-07-31 02:21:01,4,3,"{7,24,24,24,24,24,24,24,24,24,23,24,24,24,24,24,24,24,24,23,25,24,24,24,25,24,24,26,24,24,24}","{27,87,85,85,73,69,68,79,63,68,61,71,57,55,64,67,61,61,71,69,76,70,71,72,75,71,96,76,66,67,63}","(Gothic Metal) [CD] Moonlight - Yaishi - 2001, FLAC (image+.cue), lossless"
6169983,2,835518,999CD6B4F50CFF99F21284A4FAB3565F9AE265F1,519257554,1,2026-07-31 02:21:01,3,3,"{7,24,24,24,24,24,24,24,24,24,23,24,24,24,24,24,24,24,24,23,25,24,24,24,25,24,24,26,24,24,24}","{23,80,74,77,65,63,53,64,62,68,62,72,57,55,64,67,61,61,71,69,76,71,70,72,75,71,85,76,69,66,63}","(Gothic Metal) [CD] Moonlight - Floe - 2000, FLAC (image+.cue), lossless"
6170040,2,835518,1BCBAB2CD681D22A6A215A5A519A0BD2772F011C,224969387,1,2026-07-31 02:21:01,3,3,"{7,24,24,24,24,24,24,24,24,24,23,24,24,24,24,24,24,24,24,23,25,24,24,24,25,24,24,26,24,24,24}","{23,80,74,77,65,61,56,64,64,67,62,72,57,55,64,67,61,61,71,69,75,72,67,72,75,71,86,76,64,67,63}","(Gothic Metal) [CD] Moonlight - Moonlight - 2003, FLAC (image+.cue), lossless"
6170078,2,835518,A743607E875149091CB3A625C19242DC39BD690F,540759854,1,2026-07-31 02:21:01,3,3,"{7,24,24,24,24,24,24,24,24,24,23,24,24,24,24,24,24,24,24,23,25,24,24,24,25,24,24,26,24,24,24}","{23,80,74,77,65,61,54,64,63,68,62,71,57,55,64,67,61,61,71,83,78,72,70,72,74,71,86,76,65,68,63}","(Gothic Metal) [CD] Moonlight - Meren re - 1997, FLAC (image+.cue), lossless"
6170459,2,835518,0AA97665A8E7A9856527585E32F07C01E2A60B98,606673679,1,2026-07-31 02:21:01,3,3,"{7,24,24,24,24,24,24,24,24,24,23,24,24,24,24,24,24,24,24,23,25,24,24,24,25,24,24,26,24,24,24}","{23,80,74,77,65,62,59,64,63,68,62,72,57,55,64,67,61,61,71,82,77,71,70,72,74,71,85,76,66,65,63}","(Gothic Metal) [CD] Moonlight - Inermis - 1999/2001, FLAC (image+.cue), lossless"
6170967,2,835518,4AAA5B5BF42F1423AEA3CB7BEC6DA919440682CF,511799477,1,2026-07-31 02:21:01,3,3,"{7,24,24,24,24,24,24,24,24,24,23,24,24,24,24,24,24,24,24,23,25,24,24,24,25,24,24,26,24,24,24}","{23,80,74,77,65,63,55,64,64,68,62,69,57,55,64,67,61,61,71,82,78,69,68,72,75,71,86,76,69,87,87}","(Gothic Metal) [CD] Moonlight - Kalpa Taru - 1996, FLAC (image+.cue), lossless"
6171320,2,835518,8F9E7B57EE5E335B16BB2CEF4C48EFC74F541856,380143003,1,2026-07-31 02:21:01,3,3,"{7,24,24,24,24,24,24,24,24,24,23,24,24,24,24,24,24,24,24,23,25,24,24,24,25,24,24,26,24,24,24}","{23,80,74,77,65,62,57,64,63,68,62,71,57,55,64,67,61,61,71,69,75,72,68,72,75,71,85,76,68,66,63}","(Progressive Gothic Metal) [CD] Moonlight - Audio 136 - 2004, FLAC (image+.cue), lossless"
6171400,2,835518,F015D3F4F1064AEF1193D48DE94C41B55A5562E4,426566327,1,2026-07-31 02:21:01,3,3,"{7,24,24,24,24,24,24,24,24,24,23,24,24,24,24,24,24,24,24,23,25,24,24,24,25,24,24,26,24,24,24}","{23,80,74,77,65,63,54,63,62,68,62,72,57,55,64,67,61,61,71,69,75,69,70,72,75,71,85,76,64,67,63}","(Progressive Gothic Metal) [CD] Moonlight - downWords - 2005, FLAC (image+.cue), lossless"
6171485,2,835518,E808B05C7937C8647BD8C9179B7F452B64E95EC9,471827323,1,2026-07-31 02:21:01,3,3,"{7,24,24,24,24,24,24,24,24,24,23,24,24,24,24,24,24,24,24,23,25,24,24,24,25,24,24,26,24,24,24}","{23,80,75,77,65,63,57,64,61,68,60,72,57,55,64,67,61,61,82,69,75,68,68,72,75,71,85,76,62,67,63}","(Progressive Gothic Metal) [CD] Moonlight - integrated in The system of guilt - 2006, FLAC (image+.cue), lossless"
6172436,2,835518,FB3D9197A4A60E5881191C90A6FA8BCFA44016DC,464603560,1,2026-07-31 02:21:01,3,3,"{7,24,24,24,24,24,24,24,24,24,23,24,24,24,24,24,24,24,24,23,25,24,24,24,25,24,24,26,24,24,24}","{26,80,75,81,67,61,56,64,64,68,65,72,57,55,64,67,61,67,74,69,75,70,68,72,78,71,85,76,67,72,63}","(Gothic Industrial Metal) [CD] Desdemona - s.u.p.e.r.N.O.V.A. - 2003, FLAC (image+.cue), lossless"
6174043,2,835518,41755D9C263768E8B26913588DD9F2F85051AC4C,464492497,1,2026-07-31 02:21:01,3,3,"{7,24,24,24,24,24,24,24,24,24,23,24,24,24,24,24,24,24,24,23,25,24,24,24,25,24,24,26,24,24,24}","{22,89,86,83,75,72,78,76,69,81,73,79,84,89,81,79,79,64,63,90,98,82,83,76,86,87,97,106,78,88,74}","(Gothic Metal) [CD] Siegfried - Drachenherz - 2001, FLAC (image+.cue), lossless"
6174444,2,43256904,F467D2546057D43C20113FF6C25715D48E7F4E64,109852673,1,2026-07-31 02:21:01,3,3,"{7,24,24,24,24,24,24,24,24,24,23,24,24,24,24,24,24,24,24,23,25,24,24,24,25,24,24,26,24,24,24}","{23,80,74,77,65,66,56,67,62,68,61,71,57,55,64,67,61,61,77,73,86,67,69,72,74,71,86,76,69,63,63}","(Gothic Metal | Rock) [WEB] September Mourning - Volume III (EP) - 2019, FLAC (tracks), lossless"
6175772,2,835518,44561DC146D6A2423719708CD65A2915A26AF663,327667362,1,2026-07-31 02:21:01,4,3,"{7,24,24,24,24,24,24,24,24,24,23,24,24,24,24,24,24,24,24,23,25,24,24,24,25,24,24,26,24,24,24}","{30,104,100,95,81,84,88,86,85,92,84,90,89,86,94,93,92,94,107,90,99,85,90,87,98,91,101,103,94,94,82}","(Gothic Metal) [CD] Madrigal - I Die, You Soar - 2001, FLAC (image+.cue), lossless"
6176640,2,12383977,EE00CF60BC188708BD94391E52B03FA180D84438,423126393,1,2026-07-31 02:21:01,4,3,"{7,24,24,24,24,24,24,24,24,24,23,24,24,24,24,24,24,24,24,23,25,24,24,24,25,24,24,26,24,24,24}","{31,117,128,120,106,126,119,105,111,119,111,111,108,120,112,120,121,112,110,108,123,101,95,95,117,117,123,109,92,91,89}","(Symphonic Gothic Metal) [CD] Silentium - Motiva - 2020, FLAC (image+.cue), lossless"
6177963,2,40428931,40465FDAFB9FCE0AD5C776F1B1697D314139D10E,383428491,1,2026-07-31 02:21:01,5,3,"{7,24,24,24,24,24,24,24,24,24,23,24,24,24,24,24,24,24,24,23,25,24,24,24,25,24,24,26,24,24,24}","{38,137,124,127,112,107,106,115,110,106,108,104,113,109,110,113,112,108,111,101,105,104,110,112,118,116,120,124,112,114,107}","(Symphonic Metal, Female Vocal) [WEB] Heaven's Guard - Pathfinder - 2022, FLAC (tracks), lossless"
6178413,2,40428931,20CDD4D07AC3EFDDA0D960140BA425CE0A121B32,435925278,1,2026-07-31 02:21:01,4,3,"{7,24,24,24,24,24,24,24,24,24,23,24,24,24,24,24,24,24,24,23,25,24,24,24,25,24,24,26,24,24,24}","{30,127,104,106,91,88,93,91,96,112,103,104,97,106,96,96,94,90,105,103,107,94,93,103,101,96,105,114,96,118,98}","(Symphonic Metal, Gothic Metal) [WEB] Shield of Wings - Unfinished - 2022, FLAC (tracks), lossless"
6180978,2,4726738,129126645732C69B42DCD4EB8946B01C014DA1E7,469248356,1,2026-07-31 02:21:01,3,3,"{7,24,24,24,24,24,24,24,24,24,23,24,24,24,24,24,24,24,24,23,25,24,24,24,25,24,24,26,24,24,24}","{23,80,75,77,65,61,59,64,82,90,77,71,57,55,64,67,61,61,71,69,77,76,70,77,74,71,87,76,67,68,70}","(Gothic Metal, Darkwave) [CD] Samsas Traum - Nostalgia (Compilation) - 2001, FLAC (image+.cue), lossless"
6181506,2,8627056,8EA2EB908FB44B5CC1FBAFEA6D532E20D6217861,299121615,1,2026-07-31 02:21:01,4,3,"{7,24,24,24,24,24,24,24,24,24,23,24,24,24,24,24,24,24,24,23,25,24,24,24,25,24,24,26,24,24,24}","{28,105,103,102,90,105,99,91,95,93,89,102,110,100,96,98,89,77,88,106,107,82,95,87,93,118,126,115,91,98,95}","(Industrial / Gothic) [WEB] Mortiis, Il Segno del Comando, Freddy Delirio and the Phantoms - The Awaken: Forgotten Songs from The Smell of Rain (I'm Beginning to See The Darkness) - 2022, FLAC (tracks), lossless"
6182666,2,43256904,7A833CCF26E3F9C604BCDA1C3DC2C9DB5F824739,355512365,1,2026-07-31 02:21:01,4,3,"{7,24,24,24,24,24,24,24,24,24,23,24,24,24,24,24,24,24,24,23,25,24,24,24,25,24,24,26,24,24,24}","{31,100,98,92,82,82,71,84,84,88,88,95,83,79,89,91,85,83,79,90,97,85,84,86,92,92,90,101,95,87,89}","(Atmospheric Rock | Metal) [WEB] Dying Passion - Skylor - 2022, FLAC (tracks), lossless"
6182729,2,835518,5063E56357780A0CE6B3D4368DA8D96ECF62E3D0,382474435,1,2026-07-31 02:21:01,7,4,"{7,24,24,24,24,24,24,24,24,24,23,24,24,24,24,24,24,24,24,23,25,24,24,24,25,24,24,26,24,24,24}","{50,169,170,151,144,157,144,143,156,144,140,136,133,148,142,98,117,119,98,115,132,120,150,146,150,146,132,140,134,137,126}","(Gothic Metal) [CD] Lacrimas Profundere - Burning: A Wish - 2001, FLAC (image+.cue), lossless"
6183566,2,835518,85E3CC00D6F7294E4B3619461CF02F9C815E4CD0,460439954,1,2026-07-31 02:21:01,4,3,"{7,24,24,24,24,24,24,24,24,24,23,24,24,24,24,24,24,24,24,23,25,24,24,24,25,24,24,26,24,24,24}","{29,97,97,93,77,75,75,82,84,90,85,94,81,79,88,91,85,78,89,90,100,83,90,94,96,97,105,109,95,97,93}","(Gothic Metal) [CD] Prophet - Fragile Prologue - 2002, FLAC (image+.cue), lossless"
6183839,2,43256904,03E2710E68B298E37364AB671C9B5F77FD937535,375366064,1,2026-07-31 02:21:01,5,4,"{7,24,24,24,24,24,24,24,24,24,23,24,24,24,24,24,24,24,24,23,25,24,24,24,25,24,24,26,24,24,24}","{35,120,120,112,99,95,92,97,106,113,107,91,96,96,96,97,96,96,96,92,102,96,93,96,100,96,109,105,96,95,98}","(Symphonic Gothic Metal) [WEB] Apolinara - Shadows and Signs - 2022, FLAC (tracks), lossless"
6185351,2,835518,6825069C5589F42D1B841497FA60706E100FE771,443750218,1,2026-07-31 02:21:01,3,3,"{7,24,24,24,24,24,24,24,24,24,23,24,24,24,24,24,24,24,24,23,25,24,24,24,25,24,24,26,24,24,24}","{26,80,79,85,79,82,56,65,66,68,74,93,100,86,88,91,85,72,72,100,102,81,68,77,90,85,98,88,82,83,98}","(Gothic Metal) [CD] Delight - Eternity - 2002, FLAC (image+.cue), lossless"
6185628,2,835518,F0D7D89FC41019544808F571C357F464CEF744CC,598791079,1,2026-07-31 02:21:01,5,3,"{7,24,24,24,24,24,24,24,24,24,23,24,24,24,24,24,24,24,24,23,25,24,24,24,25,24,24,26,24,24,24}","{38,95,118,88,80,84,66,78,77,83,83,91,73,74,96,99,82,82,93,83,100,88,92,87,92,85,96,125,106,67,63}","(Dark / Gothic Metal) [CD] Moonspell - Darkness And Hope - 2001, FLAC (image+.cue), lossless"
6185993,2,835518,E7EFACB702249237F8BD263ED9C1A93CE6B1B304,413491011,1,2026-07-31 02:21:01,3,3,"{7,24,24,24,24,24,24,24,24,24,23,24,24,24,24,24,24,24,24,23,25,24,24,24,25,24,24,26,24,24,24}","{23,83,76,77,65,61,58,64,72,72,85,94,85,79,88,91,85,85,95,87,97,77,82,83,92,85,102,102,87,90,90}","(Gothic Metal) [CD] On Thorns I Lay - Future Narcotic - 2000, FLAC (image+.cue), lossless"
6186279,2,835518,8BC6D35E7A871E56A8F27FF6C0E5BFBFFDF4527A,418334472,1,2026-07-31 02:21:01,5,3,"{7,24,24,24,24,24,24,24,24,24,23,24,24,24,24,24,24,24,24,23,25,24,24,24,25,24,24,26,24,24,24}","{35,120,120,112,99,96,93,97,118,98,92,100,96,96,96,96,91,96,107,92,101,95,94,107,122,116,110,107,92,97,96}","(Gothic Metal) [CD] Entwine - Gone - 2001, FLAC (image+.cue), lossless"
6186380,2,835518,579E25E5E381F278830E38A7889C077DFF211C76,459626071,1,2026-07-31 02:21:01,4,3,"{7,24,24,24,24,24,24,24,24,24,23,24,24,24,24,24,24,24,24,23,25,24,24,24,25,24,24,26,24,24,24}","{31,95,92,89,73,72,70,75,75,84,74,91,74,65,83,85,81,82,93,81,88,78,81,83,91,85,90,95,86,71,63}","(Gothic Metal) [CD] Eisheilig - Eisheilig - 2001, FLAC (image+.cue), lossless"
6186611,2,835518,FD8E9D7E3923398F498E68869BACC339561941FD,471814844,1,2026-07-31 02:21:01,5,4,"{7,24,24,24,24,24,24,24,24,24,23,24,24,24,24,24,24,24,24,23,25,24,24,24,25,24,24,26,24,24,24}","{35,116,117,109,95,91,91,96,99,94,88,94,95,87,98,96,96,94,95,86,99,88,89,93,97,93,105,110,96,90,87}","(Gothic Metal) [CD] Eisheilig - Die Garten Des Herrn - 2003, FLAC (image+.cue), lossless"
6188352,2,835518,A80C5DBBA5F08125F8A06E4E086281223B72F052,452015954,1,2026-07-31 02:21:01,3,3,"{7,24,24,24,24,24,24,24,24,24,23,24,24,24,24,24,24,24,24,23,25,24,24,24,25,24,24,26,24,24,24}","{25,81,87,136,117,112,90,89,118,116,105,102,117,110,116,89,62,93,110,104,123,98,93,88,114,120,131,125,116,112,93}","(Gothic Metal) [CD] Trail Of Tears - Profoundemonium - 2000, FLAC (image+.cue), lossless"
6191820,2,8627056,0068F5D6B8D39F3176A191DEFFF945D7FB185F49,158695170,1,2026-07-31 02:21:01,3,3,"{7,24,24,24,24,24,24,24,24,24,23,24,24,24,24,24,24,24,24,23,25,24,24,24,25,24,24,26,24,24,24}","{23,88,75,82,66,65,60,66,62,68,62,80,62,55,71,67,65,61,72,74,76,72,79,81,84,71,86,79,66,68,64}","(Melodic Death / Gothic Metal) [WEB] Circus of Fools - RMXCVLT (Compilation) - 2020, FLAC (tracks), lossless"
6191826,2,8627056,87E2FB9776E63FBA0543D621221C6EFD269F1620,150834900,1,2026-07-31 02:21:01,3,3,"{7,24,24,24,24,24,24,24,24,24,23,24,24,24,24,24,24,24,24,23,25,24,24,24,25,24,24,26,24,24,24}","{23,93,87,102,85,75,68,88,74,84,80,94,70,71,89,87,92,76,84,81,96,83,89,96,89,80,90,86,82,81,83}","(Melodic Death / Gothic Metal) [WEB] Circus of Fools - Affair of the Poisons (The Corona Sessions) (EP) - 2021, FLAC (tracks), lossless"
6194106,2,43256904,33926F530513AA5E73A14591F7A7E2441DD04B9E,284211502,1,2026-07-31 02:21:01,7,3,"{7,24,24,24,24,24,24,24,24,24,23,24,24,24,24,24,24,24,24,23,25,24,24,24,25,24,24,26,24,24,24}","{50,228,237,212,197,203,171,218,240,228,212,205,222,216,198,218,203,214,234,259,253,217,190,240,246,210,216,208,172,187,183}","(Gothic Metal) [WEB] Sakis Tolis - Among The Fires Of Hell - 2022, FLAC (tracks), lossless"
6194533,2,43256904,0D1BF97A4169C03D245FF859234B08BF02F3A3B7,310856574,1,2026-07-31 02:21:01,3,3,"{7,24,24,24,24,24,24,24,24,24,23,24,24,24,24,24,24,24,24,23,25,24,24,24,25,24,24,26,24,24,24}","{21,90,82,85,74,69,76,69,73,75,72,73,76,80,84,82,86,89,79,110,99,90,88,89,96,102,100,112,103,102,88}","(Symphonic | Gothic Metal) [WEB] Winter In Eden - Social Fake - 2022, FLAC (tracks), lossless"
6194688,2,835518,7EA367397B10134F80A357B8FCEA5DF53DBBCFDE,578800817,1,2026-07-31 02:21:01,8,3,"{7,24,24,24,24,24,24,24,24,24,23,24,24,24,24,24,24,24,24,23,25,24,24,24,25,24,24,26,24,24,24}","{56,179,179,183,213,180,186,192,195,199,167,184,181,193,198,188,146,165,189,168,160,144,164,159,160,166,169,169,162,157,164}","(Gothic Metal) [CD] Lacuna Coil - Comalies - 2002, FLAC (image+.cue), lossless"
6195140,2,43256904,8BB3B2816533A19A24A332E52408E5FC66509F53,329812844,1,2026-07-31 02:21:01,3,3,"{7,24,24,24,24,24,24,24,24,24,23,24,24,24,24,24,24,24,24,23,25,24,24,24,25,24,24,26,24,24,24}","{23,78,90,89,68,62,68,72,76,81,62,87,72,72,75,76,61,77,85,69,87,71,71,78,87,71,92,92,73,81,64}","(Hard Rock | Gothic | Industrial Metal) [WEB] Manzana - Neon Darkness - 2022, FLAC (tracks), lossless"
6196059,2,43256904,074D503E82BB2975EBDE3461335E9ADC642B36EB,328688412,1,2026-07-31 02:21:01,3,3,"{7,24,24,24,24,24,24,24,24,24,23,24,24,24,24,24,24,24,24,23,25,24,24,24,25,24,24,26,24,24,24}","{23,80,74,77,65,62,54,64,64,68,62,70,57,55,64,67,61,61,71,69,76,70,68,72,75,71,85,76,68,67,63}","(Gothic | Melodic Death Metal) [WEB] Dreamer - Tahta Hitam - 2022, FLAC (tracks), lossless"
6198990,2,835518,14BEB67E8694CE4B246D2FF45CD1B516022EA293,352252793,1,2026-07-31 02:21:01,4,3,"{7,24,24,24,24,24,24,24,24,24,23,24,24,24,24,24,24,24,24,23,25,24,24,24,25,24,24,26,24,24,24}","{28,98,99,92,77,79,74,79,84,90,85,96,81,84,88,91,85,85,95,89,96,82,87,86,91,86,91,105,89,92,86}","(Melodic Heavy/Gothic Metal) [CD] Lullacry - Be My God - 2001, FLAC (image+.cue), lossless"
6199712,2,43256904,91405C14923A784DAED86D480D73B305387B291C,269200462,1,2026-07-31 02:21:01,4,3,"{7,24,24,24,24,24,24,24,24,24,23,24,24,24,24,24,24,24,24,23,25,24,24,24,25,24,24,26,24,24,24}","{28,96,96,92,77,72,69,80,81,90,85,93,81,79,88,93,86,85,95,87,99,78,85,83,92,86,90,102,88,89,87}","(Gothic | Dark Metal) [WEB] False Memories - Live Until the Twilight - 2022, FLAC (tracks), lossless"
6202703,2,835518,765D1BB54DB22B1ADD25D1B6411CBBEFDCE1D05B,3060744219,1,2026-07-31 02:21:01,17,3,"{7,24,24,24,24,24,24,24,24,24,23,24,24,24,24,24,24,24,24,23,25,24,24,24,25,24,24,26,24,24,24}","{122,694,611,627,611,558,565,603,566,531,561,646,602,595,495,532,516,506,522,501,536,500,471,492,556,531,538,609,586,608,547}","(Doom | Gothic Metal) [CD] Lake Of Tears - Collection (9 CD) - 1994-2021, FLAC (image+.cue), lossless"
6202912,2,42936151,5F187577CD87440D615880408F6727C2492221BA,487850174,1,2026-07-31 02:21:01,4,4,"{7,24,24,24,24,24,24,24,24,24,23,24,24,24,24,24,24,24,24,23,25,24,24,24,25,24,24,26,24,24,24}","{28,128,109,123,86,98,92,90,106,94,93,96,101,96,95,96,96,126,101,102,97,93,103,116,114,95,133,180,142,158,146}","(Symphonic Metal / Melodic Death Metal / Female &amp; Male Vocal) [WEB] Semblant - Vermilion Eclipse - 2022, FLAC (tracks), lossless"
6203119,2,12063696,D2ADD61315185F42B314DE2CBB3F31BF1BEEE824,693181899,1,2026-07-31 02:21:01,3,3,"{7,24,24,24,24,24,24,24,24,24,23,24,24,24,24,24,24,24,24,23,25,24,24,24,25,24,24,26,24,24,24}","{25,95,107,104,83,115,87,83,99,100,91,99,89,101,104,118,107,77,86,93,116,93,94,87,103,98,120,111,91,85,89}","(Gothic Metal, Synth-Rock) [CD] Century - Дискография - 1999-2001 (2 CD), FLAC (image+.cue), lossless"
6203574,2,43256904,C51B29D99A64CCAF514BF36CAD6CBF4E7B94A5D5,365834864,1,2026-07-31 02:21:01,5,5,"{7,24,24,24,24,24,24,24,24,24,23,24,24,24,24,24,24,24,24,23,25,24,24,24,25,24,24,26,24,24,24}","{35,125,127,127,123,124,125,120,125,124,115,122,129,120,119,120,120,110,123,137,134,126,122,139,137,115,112,122,101,101,107}","(Progressive | Atmospheric Rock) [WEB] Midnight Worship - Midnight Worship - 2019, FLAC (tracks), lossless"
6204572,2,835518,C42288C07B0C6AD724F16B60726B3EFB4AB4BA05,2789343936,1,2026-07-31 02:21:01,7,4,"{7,24,24,24,24,24,24,24,24,24,23,24,24,24,24,24,24,24,24,23,25,24,24,24,25,24,24,26,24,24,24}","{45,167,183,150,139,148,157,160,179,171,174,154,163,189,191,183,183,178,183,176,183,169,165,169,196,185,205,186,137,165,162}","(Doom | Gothic Metal) [CD] Cemetery of Scream - Collection (7 CD) - 1993-2009, FLAC (image+.cue), lossless"
6207090,2,12063696,9DFA64D3F38F0389FD5FD641D7D0512758D0B55A,1575816830,1,2026-07-31 02:21:01,6,3,"{7,24,24,24,24,24,24,24,24,24,23,24,24,24,24,24,24,24,24,23,25,24,24,24,25,24,24,26,24,24,24}","{46,166,170,162,135,191,158,156,151,171,132,156,136,150,151,156,162,164,147,126,145,177,158,138,150,140,176,160,109,132,136}","(Gothic Metal, Synth-Rock) [CD] Theatre of Tragedy - Коллекция - 2000-2019 (4 CD), FLAC (image+.cue), lossless"
6209467,2,2799938,E8B92626A0C8B8ED0E0945C6571B02E47119BC90,143512873,1,2026-07-31 02:21:01,8,3,"{7,24,24,24,24,24,24,24,24,24,23,24,24,24,24,24,24,24,24,23,25,24,24,24,25,24,24,26,24,24,24}","{54,167,173,184,173,184,203,191,184,163,166,167,191,177,185,191,192,202,209,208,202,180,233,277,291,297,307,340,326,293,329}","(Atmospheric Rock, Alternative Rock, Post Rock) [WEB] The Gathering - Interference (EP) - 2022, FLAC (tracks), lossless"
6209564,2,42936151,503F953C631BFE60BE4C0CBCA22E240AEF93008D,303305751,1,2026-07-31 02:21:01,12,3,"{7,24,24,24,24,24,24,24,24,24,23,24,24,24,24,24,24,24,24,23,25,24,24,24,25,24,24,26,24,24,24}","{84,318,305,318,303,347,359,326,351,329,306,357,357,348,360,396,391,388,352,369,337,318,298,350,396,366,388,396,383,389,432}","(Atmospheric Rock / Alt. Rock / Post Rock) [CD] The Gathering - Beautiful Distortion - 2022, FLAC (tracks+.cue), lossless"
6210163,2,47602709,0F49DA9AFC439A4AB962E6E4AC5A24BA4D0F0028,345105763,1,2026-07-31 02:21:01,4,3,"{7,24,24,24,24,24,24,24,24,24,23,24,24,24,24,24,24,24,24,23,25,24,24,24,25,24,24,26,24,24,24}","{29,110,103,101,92,99,84,87,96,83,75,84,70,63,95,110,111,107,100,112,121,101,89,91,104,102,114,123,110,103,106}","(Atmospheric Gothic/Doom Metal) [WEB] Elegeion - Plight of the Heretic - 2022, FLAC (tracks), lossless"
6211351,2,43256904,8F10D70A4BCA72C1DB3DB517A24D5FE7022302AE,322934029,1,2026-07-31 02:21:01,3,3,"{7,24,24,24,24,24,24,24,24,24,23,24,24,24,24,24,24,24,24,23,25,24,24,24,25,24,24,26,24,24,24}","{23,80,74,77,65,60,57,64,65,67,62,72,57,55,64,69,61,61,71,69,75,70,69,70,75,71,86,76,65,67,63}","(Black | Gothic Metal) [WEB] Silva Luges - Franche Comt&#233; - 2022, FLAC (tracks), lossless"
6212329,2,43256904,349521EE901538696D45CA13ED2E06E4CF93F248,374010619,1,2026-07-31 02:21:01,3,3,"{7,24,24,24,24,24,24,24,24,24,23,24,24,24,24,24,24,24,24,23,25,24,24,24,25,24,24,26,24,24,24}","{23,80,74,77,65,61,58,64,65,68,62,71,57,55,64,67,61,61,71,69,75,72,67,72,73,71,84,76,66,64,63}","(Black | Gothic Metal) [WEB] Silva Luges - Dame Nature - 2015, FLAC (tracks), lossless"
6213618,2,43256904,4B4BF730D3F8E87AFCE54FF144C3B19C7E66C8B6,290479601,1,2026-07-31 02:21:01,3,3,"{7,24,24,24,24,24,24,24,24,24,23,24,24,24,24,24,24,24,24,23,25,24,24,24,25,24,24,26,24,24,24}","{23,80,74,77,65,61,56,64,62,68,62,72,57,55,64,67,61,61,71,69,74,73,68,72,75,71,84,76,63,68,63}","(Melodic Gothic Metal) [WEB] Outshine - The Awakening - 2022, FLAC (tracks), lossless"
6214155,2,43256904,D3DB3F2F743102FA15537F3299466BC542A3C51B,409715473,1,2026-07-31 02:21:01,3,3,"{7,24,24,24,24,24,24,24,24,24,23,24,24,24,24,24,24,24,24,23,25,24,24,24,25,24,24,26,24,24,24}","{23,94,84,86,69,64,63,71,67,74,72,84,66,68,73,79,74,73,84,73,86,75,77,75,89,83,97,87,80,75,77}","(Gothic | Melodic Groove Metal) [WEB] St. October - Whatever Darkness - 2022, FLAC (tracks), lossless"
6219200,2,43256904,44CC8B90396CD4D07994FC73BE9143D2315FA853,346595414,1,2026-07-31 02:21:01,3,3,"{7,24,24,24,24,24,24,24,24,24,23,24,24,24,24,24,24,24,24,23,25,24,24,24,25,24,24,26,24,24,24}","{23,80,74,77,65,58,51,63,62,68,62,72,57,55,64,69,61,61,71,69,76,69,71,72,75,71,85,76,62,65,63}","(Symphonic Gothic Metal) [WEB] Mundus Noster - Phantasmagoria - 2022, FLAC (tracks), lossless"
6221247,2,13671866,7C46BDF51E8B18A5DB45790E13D623E042324BE4,555725701,1,2026-07-31 02:21:01,4,4,"{7,24,24,24,24,24,24,24,24,24,23,24,24,24,24,24,24,24,24,23,25,24,24,24,25,24,24,26,24,24,24}","{28,96,96,92,77,73,72,80,81,90,85,95,81,79,88,91,85,85,95,87,97,80,85,83,91,84,90,102,87,94,87}","(Gothic Metal) [CD] Martyr Lucifer - Martyr Lucifer's Shards - 2013, FLAC (image+.cue), lossless"
6223224,2,43256904,2D6DE9FF2C61BA5FA73E678152833969D8CB3F12,445679150,1,2026-07-31 02:21:01,3,3,"{7,24,24,24,24,24,24,24,24,24,23,24,24,24,24,24,24,24,24,23,25,24,24,24,25,24,24,26,24,24,24}","{23,80,74,77,65,59,59,64,64,68,62,71,57,55,64,67,61,61,71,69,76,71,66,72,74,78,91,76,64,65,63}","(Gothic Metal) [WEB] Gabriel - Unforgiven - 2014, FLAC (tracks), lossless"
6226387,2,21982338,F4A1142ED23D6126E5AB22B024FA27463B9F2C3A,995647085,1,2026-07-31 02:21:01,5,4,"{7,24,24,24,24,24,24,24,24,24,23,24,24,24,24,24,24,24,24,23,25,24,24,24,25,24,24,26,24,24,24}","{35,120,120,116,105,112,109,118,107,111,104,103,111,112,105,113,110,111,109,110,115,102,102,108,112,108,128,122,111,113,112}","(Gothic / Melodic Doom / Alternative Metal) [WEB] Gonezilla - Discography (3 releases) - 2016-2022, FLAC (tracks), lossless"
6226969,2,43256904,B5AD1C1DAB44C7B967121313EDDFDED5A28A5F01,402211513,1,2026-07-31 02:21:01,3,3,"{7,24,24,24,24,24,24,24,24,24,23,24,24,24,24,24,24,24,24,23,25,24,24,24,25,24,24,26,24,24,24}","{23,79,77,89,67,66,58,74,82,73,76,72,66,68,65,68,66,72,72,85,82,70,70,72,75,72,86,78,93,81,69}","(Gothic | Doom Metal) [WEB] Dethotica - Echoes of Unanswered Prayers - 2022, FLAC (tracks), lossless"
6227867,2,45563923,A062694372D66AA87E129E71E7D008D9D3EA11CB,383807921,1,2026-07-31 02:21:01,4,4,"{7,24,24,24,24,24,24,24,24,24,23,24,24,24,24,24,24,24,24,23,25,24,24,24,25,24,24,26,24,24,24}","{28,96,96,92,77,73,71,80,84,90,85,96,81,79,89,91,85,85,95,87,97,79,85,83,92,85,91,102,93,88,87}","(Industrial Gothic Metal) [WEB] Beloved Enemy - Enemy Mine - 2007, FLAC (tracks), lossless"
6227958,2,45563923,3A7FD8F42B91DDB67AD6DF5F19B59E39A6959183,387515821,1,2026-07-31 02:21:01,4,4,"{7,24,24,24,24,24,24,24,24,24,23,24,24,24,24,24,24,24,24,23,25,24,24,24,25,24,24,26,24,24,24}","{28,110,96,104,83,93,83,91,88,90,87,97,88,78,102,97,95,100,103,87,97,79,85,83,92,82,92,102,90,91,87}","(Industrial Gothic Metal) [WEB] Beloved Enemy - Thank You For The Pain - 2011, FLAC (tracks), lossless"
6228410,2,43256904,C4CA5D0428C60DC486A819A3DC70DA8CD6AC5A3C,340341205,1,2026-07-31 02:21:01,4,3,"{7,24,24,24,24,24,24,24,24,24,23,24,24,24,24,24,24,24,24,23,25,24,24,24,25,24,24,26,24,24,24}","{28,104,92,93,78,82,70,84,84,90,85,93,83,79,89,91,89,85,96,87,100,81,97,94,100,85,92,102,92,90,88}","(Symphonic | Gothic Metal) [WEB] After Evolution - War of the Worlds - 2022, FLAC (tracks), lossless"
6228611,2,45563923,6E0B4A5744FDDA9D81ACDD2FA8998EB476BCA712,121523846,1,2026-07-31 02:21:01,4,4,"{7,24,24,24,24,24,24,24,24,24,23,24,24,24,24,24,24,24,24,23,25,24,24,24,25,24,24,26,24,24,24}","{28,96,96,92,77,71,72,80,84,90,85,96,81,79,90,93,85,85,95,87,97,81,83,83,92,80,91,102,90,91,87}","(Industrial Gothic Metal) [WEB] Beloved Enemy - Another Side (Acoustic) [EP] - 2021, FLAC (tracks), lossless"
6229452,2,43256904,695D2DA90217A4CFD0137B28BA5463889C2E4D7B,291582451,1,2026-07-31 02:21:01,3,3,"{7,24,24,24,24,24,24,24,24,24,23,24,24,24,24,24,24,24,24,23,25,24,24,24,25,24,24,26,24,24,24}","{23,81,75,77,65,61,58,65,64,68,61,80,67,55,64,68,62,64,71,69,74,71,70,72,75,71,86,76,67,66,64}","(Symphonic Power | Gothic Metal) [WEB] Anna Fiori - In Ohtli Tonalli - 2017, FLAC (tracks), lossless"
6229455,2,43256904,C99DD62D0D3EF9B13CC63D02FD2CB130DBAE3290,200813629,1,2026-07-31 02:21:01,4,3,"{7,24,24,24,24,24,24,24,24,24,23,24,24,24,24,24,24,24,24,23,25,24,24,24,25,24,24,26,24,24,24}","{26,94,87,83,68,62,61,75,74,73,74,78,71,55,64,68,62,64,71,69,75,73,69,72,81,84,88,76,71,65,63}","(Symphonic Power | Gothic Metal) [WEB] Anna Fiori - Magna Tonalli Magna Tonalli (Edici&#243;n Especial) (EP) - 2022, FLAC (tracks), lossless"
6235702,2,43256904,4D000C07E9FE057E36AE47A4144EC0B9BAF11B95,396229396,1,2026-07-31 02:21:01,4,4,"{7,24,24,24,24,24,24,24,24,24,23,24,24,24,24,24,24,24,24,23,25,24,24,24,25,24,24,26,24,24,24}","{29,103,104,98,85,87,88,83,88,93,87,96,91,94,93,97,87,84,79,91,101,86,92,90,95,95,101,104,92,97,87}","(Symphonic Metal) [WEB] Graveshadow - The Uncertain Hour - 2022, FLAC (tracks), lossless"
6239717,8,37297848,67AFDA9942A639D6BFC5F2A67F6AA41DCE7E723D,278237760,1,2026-07-31 02:21:01,4,3,"{7,24,24,24,24,24,24,24,24,24,23,24,24,24,24,24,24,24,24,23,25,24,24,24,25,24,24,26,24,24,24}","{28,128,122,137,120,113,130,111,114,121,120,124,119,118,119,139,138,125,132,110,126,112,112,113,110,109,119,143,127,114,127}","(Gothic/Doom Metal, Neoclassical Darkwave) [CD] Voyage - Embrace - 1995, FLAC (image+.cue), lossless"
6241392,2,13671866,2C594B667C1D6D147E23D5EA2A3FCF87DD40F980,496737569,1,2026-07-31 02:21:01,4,3,"{7,24,24,24,24,24,24,24,24,24,23,24,24,24,24,24,24,24,24,23,25,24,24,24,25,24,24,26,24,24,24}","{26,90,90,86,71,70,69,75,74,84,75,86,75,73,81,81,79,79,86,81,89,75,69,81,92,81,90,94,83,79,81}","(Gothic Metal) [CD] Martyr Lucifer - Gazing at the Flocks - 2018, FLAC (image+.cue), lossless"
6243181,8,37297848,B4AF5EF163708671C2897E4CEBBBEFF1F3D8B5D2,1494977207,1,2026-07-31 02:21:01,4,4,"{7,24,24,24,24,24,24,24,24,24,23,24,24,24,24,24,24,24,24,23,25,24,24,24,25,24,24,26,24,24,24}","{30,105,104,99,83,76,90,88,94,94,86,96,92,93,93,91,96,93,105,94,102,85,88,89,96,92,105,106,92,91,90}","(Gothic Metal, Gothic/Doom Metal) [CD, WEB] Silent Cry - Collection, 4 releases - 2002 - 2022, FLAC (image+.cue, tracks), lossless"
6245353,8,37297848,5E4752599DB08547D68E0B411D899FEC63AEB277,473444872,1,2026-07-31 02:21:01,7,3,"{7,24,24,24,24,24,24,24,24,24,23,24,24,24,24,24,24,24,24,23,25,24,24,24,25,24,24,26,24,24,24}","{51,177,165,152,168,163,157,171,161,154,141,157,146,165,146,169,167,149,166,139,157,154,142,133,151,145,155,172,154,142,178}","(Industrial Gothic/Death/Doom Metal) [CD] Sirrah - Did Tomorrow Come... [+1 bonus track] - 1997, FLAC (image+.cue), lossless"
6245919,2,43256904,96739B28CD47661E36625DEB139782CAFFE12C04,120714362,1,2026-07-31 02:21:01,6,3,"{7,24,24,24,24,24,24,24,24,24,23,24,24,24,24,24,24,24,24,23,25,24,24,24,25,24,24,26,24,24,24}","{43,174,167,157,139,160,155,153,145,136,159,144,150,143,116,122,113,137,130,114,125,85,101,92,119,116,104,116,116,128,119}","(Acoustic Metal) [WEB] Epica - Run For A Fall (Acoustic) - 2022, FLAC (tracks), lossless"
6246485,2,37297848,81F359A59F5AA5967FF8D7A3A02A7E26C5A0C58A,408780235,1,2026-07-31 02:21:01,5,4,"{7,24,24,24,24,24,24,24,24,24,23,24,24,24,24,24,24,24,24,23,25,24,24,24,25,24,24,26,24,24,24}","{30,111,96,92,77,89,91,91,101,95,91,96,94,97,94,95,85,76,73,91,101,86,83,88,96,91,101,105,94,96,87}","(Blackened Gothic/Doom Metal) [CD] Querimonia - Void of Malice - 2000, APE (image+.cue), lossless"
6247772,2,33880509,1E67961F5C1F7D49FB035620FF428D44D785D959,512728431,1,2026-07-31 02:21:01,3,3,"{7,24,24,24,24,24,24,24,24,24,23,24,24,24,24,24,24,24,24,23,25,24,24,24,25,24,24,26,24,24,24}","{23,80,75,78,65,61,56,64,64,68,61,72,58,75,65,67,61,61,71,70,79,70,70,72,77,70,84,82,74,69,63}","(Gothic Dark Metal) [CD] Semblant - Vermilion Eclipse - 2022, FLAC (image+.cue), lossless"
6249772,2,43256904,0262E4B78B3A7708B902E152E4641422B0337A50,328639207,1,2026-07-31 02:21:01,3,3,"{7,24,24,24,24,24,24,24,24,24,23,24,24,24,24,24,24,24,24,23,25,24,24,24,25,24,24,26,24,24,24}","{23,80,74,77,65,62,57,64,64,68,62,72,57,55,64,67,61,61,71,69,75,71,68,72,75,71,86,76,65,68,63}","(Symphonic Gothic | Progressive Metal) [WEB] Anemone - Danse Macabre - 2022, FLAC (tracks), lossless"
6250202,2,43256904,D61321732AFAE7D20977A1FC7711214A53223102,352274148,1,2026-07-31 02:21:01,6,5,"{7,24,24,24,24,24,24,24,24,24,23,24,24,24,24,24,24,24,24,23,25,24,24,24,25,24,24,26,24,24,24}","{42,149,151,151,147,151,148,144,148,148,138,140,129,120,119,127,136,110,122,134,135,123,119,134,149,128,127,138,115,119,120}","(Progressive Rock | Metal) [WEB] Midnight Worship - The Darkness - 2022, FLAC (tracks), lossless"
6251315,8,19235883,2CACDB7E908DB909E8EC80F2AE416EBC6E7A0422,352618833,1,2026-07-31 02:21:01,3,3,"{7,24,24,24,24,24,24,24,24,24,23,24,24,24,24,24,24,24,24,23,25,24,24,24,25,24,24,26,24,24,24}","{23,80,74,77,65,64,58,64,64,68,62,70,57,55,64,67,61,61,71,69,75,70,67,72,74,71,85,76,66,64,63}","(Gothic/Dark/Doom/Death Metal) [CD] Rixiler - Eterna oscuridad - 2002, FLAC (tracks), lossless"
6252395,2,43256904,D8D3C18AFA6C8AC3BC47F9C2ED3464BC813C8C3B,310546914,1,2026-07-31 02:21:01,3,3,"{7,24,24,24,24,24,24,24,24,24,23,24,24,24,24,24,24,24,24,23,25,24,24,24,25,24,24,26,24,24,24}","{23,80,74,77,65,63,54,64,65,68,62,70,57,55,64,67,61,61,71,69,75,72,69,72,75,71,86,76,66,67,63}","(Gothic Metal) [WEB] Child Of Caesar - Spirit &amp; Liberation - 2022, FLAC (tracks), lossless"
6252449,2,43256904,88BC4DDDA9ED27F651E9C6225D69603DE22D4D91,342675312,1,2026-07-31 02:21:01,3,3,"{7,24,24,24,24,24,24,24,24,24,23,24,24,24,24,24,24,24,24,23,25,24,24,24,25,24,24,26,24,24,24}","{23,80,74,77,65,64,53,64,64,68,61,71,57,55,64,67,61,61,71,69,75,72,66,72,75,71,85,76,68,67,63}","(Gothic Metal) [WEB] Silenced Within - Silenced Within - 2022, FLAC (tracks), lossless"
6252461,2,43256904,64B4341C1FB35CBDBC3179565B7F5CA247A29081,292858399,1,2026-07-31 02:21:01,4,4,"{7,24,24,24,24,24,24,24,24,24,23,24,24,24,24,24,24,24,24,23,25,24,24,24,25,24,24,26,24,24,24}","{28,96,96,92,77,74,75,80,84,90,85,96,81,79,88,91,85,85,95,87,97,76,86,83,92,84,93,101,90,90,87}","(Gothic Metal | Rock) [WEB] The Quiet - Ruins And Shadows - 2022, FLAC (tracks), lossless"
6253264,2,43256904,CB8E1B6F6EC5B4A3E234A8F90B42267D51B7F7A9,428208487,1,2026-07-31 02:21:01,4,3,"{7,24,24,24,24,24,24,24,24,24,23,24,24,24,24,24,24,24,24,23,25,24,24,24,25,24,24,26,24,24,24}","{28,104,97,99,78,79,72,84,84,90,85,90,83,79,89,93,89,85,96,87,99,83,94,94,100,85,91,102,91,88,88}","(Gothic Metal) [WEB] Rosa Nocturna - Angels and Beasts - 2022, FLAC (tracks), lossless"
6253743,2,43256904,85050ABE1EB35EE8E26DC8BA73A8FA942DED2350,545952033,1,2026-07-31 02:21:01,4,4,"{7,24,24,24,24,24,24,24,24,24,23,24,24,24,24,24,24,24,24,23,25,24,24,24,25,24,24,26,24,24,24}","{28,96,96,92,77,72,73,80,84,90,83,95,81,79,88,91,85,85,95,87,98,78,84,83,85,85,91,102,92,89,87}","(Gothic Metal | Hard Rock) [WEB] Dividing Line - Happy Dark Rock with a Touch of Gothic (Live at Met Bar Lenzburg) - 2022, FLAC (tracks), lossless"
6257001,2,43256904,DB2D1AC8FB71347817743F9527EB7F93AE054773,804852565,1,2026-07-31 02:21:01,5,3,"{7,24,24,24,24,24,24,24,24,24,23,24,24,24,24,24,24,24,24,23,25,24,24,24,25,24,24,26,24,24,24}","{30,108,119,102,133,115,96,102,108,102,88,98,90,99,106,95,92,83,97,110,105,98,97,91,104,102,106,115,103,102,99}","(Symphonic Metal) [WEB] Epica - Live At Paradiso - 2022, FLAC (tracks), lossless"
6257125,2,43256904,A52D686BD43062097D903D81E6B21ED67D1CCA27,321668816,1,2026-07-31 02:21:01,3,3,"{7,24,24,24,24,24,24,24,24,24,23,24,24,24,24,24,24,24,24,23,25,24,24,24,25,24,24,26,24,24,24}","{23,80,74,77,65,61,58,64,64,68,62,68,57,55,64,67,61,61,71,69,76,69,67,72,75,71,86,76,64,60,63}","(Gothic Metal | Rock) [WEB] Shivar - Astraia - 2022, FLAC (tracks), lossless"
6258001,2,37297848,A5D80A2381B27DBEBD5A6DC1EF0E11AAB9F7C203,194869377,1,2026-07-31 02:21:01,4,3,"{7,24,24,24,24,24,24,24,24,24,23,24,24,24,24,24,24,24,24,23,25,24,24,24,25,24,24,26,24,24,24}","{22,92,92,90,74,68,72,77,77,79,78,91,76,96,95,96,96,73,65,88,100,89,75,81,97,82,92,95,82,99,114}","(Gothic/Doom Metal) [CD] Blood Tears - Symphony of Dark Chords (EP) - 2002, FLAC (image+.cue), lossless"
6266476,2,43256904,BC55237B16DC5D30304E99F61675BC2CB22C0091,251978885,1,2026-07-31 02:21:01,4,4,"{7,24,24,24,24,24,24,24,24,24,23,24,24,24,24,24,24,24,24,23,25,24,24,24,25,24,24,26,24,24,24}","{28,96,96,92,77,75,70,80,84,90,85,92,81,79,88,91,85,85,95,87,99,77,84,83,92,84,90,102,89,89,87}","(Symphonic Death | Gothic Metal) [WEB] Nexus Dei - Cantata Nocturna - 2022, FLAC (tracks), lossless"
6266488,2,43256904,75455879D833F0CA7B60AC57037438351542CCA1,251209316,1,2026-07-31 02:21:01,4,4,"{7,24,24,24,24,24,24,24,24,24,23,24,24,24,24,24,24,24,24,23,25,24,24,24,25,24,24,26,24,24,24}","{28,96,96,92,77,74,72,80,84,94,85,96,81,79,88,91,85,85,95,87,97,77,86,83,93,85,93,103,88,91,87}","(Gothic | Black Metal) [WEB] Voak - Verdr&#228;ngung - 2022, FLAC (tracks), lossless"
6267238,2,43256904,0AF9ECEEA2DA0321C4148B4019B755A3BA2C4E84,288952886,1,2026-07-31 02:21:01,6,3,"{7,24,24,24,24,24,24,24,24,24,23,24,24,24,24,24,24,24,24,23,25,24,24,24,25,24,24,26,24,24,24}","{41,125,133,129,152,168,182,152,154,160,157,156,175,159,150,148,150,131,147,188,171,140,145,148,150,163,165,186,149,153,149}","(Synth | Alternative | Gothic Rock) [WEB] Charlotte Wessels - Tales from Six Feet Under Vol. II - 2022, FLAC (tracks), lossless"
6268519,2,37297848,6FC253533BD5BD7448613AC5CAFDDEF0FD26A476,911515273,1,2026-07-31 02:21:01,3,3,"{7,24,24,24,24,24,24,24,24,24,23,24,24,24,24,24,24,24,24,23,25,24,24,24,25,24,24,26,24,24,24}","{23,80,74,77,65,63,58,64,63,67,62,72,57,55,64,67,61,61,71,69,76,67,69,72,74,71,86,102,90,89,82}","(Death/Gothic Metal) [WEB] Tenebrarum - Collection, 3 releases - 1994 - 1997, FLAC (tracks), lossless"
6270163,2,43256904,06DCCBCA7050652EF19712875FD6D4BFBAEC082D,318908483,1,2026-07-31 02:21:01,5,3,"{7,24,24,24,24,24,24,24,24,24,23,24,24,24,24,24,24,24,24,23,25,24,24,24,25,24,24,26,24,24,24}","{35,109,112,112,101,87,80,96,95,97,95,100,96,92,92,99,94,101,98,100,104,95,97,93,103,89,112,119,88,95,88}","(Gothic Rock) [WEB] Valentine Wolfe - Lullabies, Love Songs, And Laments - 2022, FLAC (tracks), lossless"
6270181,2,43256904,7DC809C3A86228011C57770908A3C4D8C4DA8A34,285408684,1,2026-07-31 02:21:01,3,3,"{7,24,24,24,24,24,24,24,24,24,23,24,24,24,24,24,24,24,24,23,25,24,24,24,25,24,24,26,24,24,24}","{23,80,74,77,65,62,57,63,62,68,63,72,57,55,64,67,61,61,71,71,75,71,67,72,74,71,85,76,66,67,63}","(Gothic Rock) [WEB] Rossometile - Ostara - 2022, FLAC (tracks), lossless"
6272968,2,43256904,2575B9BF30C1DB027EA42F702389973005E6575A,277559528,1,2026-07-31 02:21:01,3,3,"{7,24,24,24,24,24,24,24,24,24,23,24,24,24,24,24,24,24,24,23,25,24,24,24,25,24,24,26,24,24,24}","{23,79,77,89,67,67,62,75,84,73,76,72,66,68,65,68,66,72,72,85,81,69,69,72,75,72,87,78,92,80,69}","(Gothic Metal | Rock) [WEB] Gospelheim - Ritual &amp; Repetition - 2022, FLAC (tracks), lossless"
6273780,2,43256904,699156104DC87B616A2EE01727492D6EF8BE3EF2,328403107,1,2026-07-31 02:21:01,3,3,"{7,24,24,24,24,24,24,24,24,24,23,24,24,24,24,24,24,24,24,23,25,24,24,24,25,24,24,26,24,24,24}","{23,80,74,77,65,62,60,64,62,67,62,72,57,55,64,67,61,61,71,69,74,71,68,72,75,71,85,76,67,68,63}","(Symphonic Gothic Metal) [WEB] Solitude Within - When Kingdoms Fall - 2022, FLAC (tracks), lossless"
6274119,2,43256904,76DBE64B6AF8F5962F6A3B0276985898D1422E53,363240618,1,2026-07-31 02:21:01,3,3,"{7,24,24,24,24,24,24,24,24,24,23,24,24,24,24,24,24,24,24,23,25,24,24,24,25,24,24,26,24,24,24}","{23,89,81,90,72,71,70,79,71,76,78,87,74,69,79,83,76,71,87,82,84,78,82,78,86,83,91,97,83,85,79}","(Symphonic Gothic Metal) [WEB] Sede Vacante - Conium - 2022, FLAC (tracks), lossless"
6274127,2,43256904,7989426ADA357056DA20D2BA533DA306AF13C34F,316565328,1,2026-07-31 02:21:01,4,4,"{7,24,24,24,24,24,24,24,24,24,23,24,24,24,24,24,24,24,24,23,25,24,24,24,25,24,24,26,24,24,24}","{30,113,105,106,91,84,84,92,98,95,92,94,91,88,96,97,94,84,90,91,102,89,84,97,101,96,100,104,93,93,95}","(Symphonic Gothic Metal) [WEB] Sede Vacante - Skies Infernal - 2016, FLAC (tracks), lossless"
6280422,2,42936151,467E26347A1C53F45C2D5EB79408F12C2A587B4E,310704919,1,2026-07-31 02:21:01,8,3,"{7,24,24,24,24,24,24,24,24,24,23,24,24,24,24,24,24,24,24,23,25,24,24,24,25,24,24,26,24,24,24}","{55,186,179,213,219,255,238,209,227,223,220,230,228,218,246,227,228,229,237,228,257,220,206,211,229,235,217,231,197,187,187}","(Gothic Rock / Metal) [CD] Lacrimas Profundere - How to Shroud Yourself with Night - 2022, FLAC (tracks+.cue), lossless"
6281373,8,45679099,F0CE747F79CD4C60692A62E303836AF2E4FC4636,568793218,1,2026-07-31 02:21:01,4,3,"{7,24,24,24,24,24,24,24,24,24,23,24,24,24,24,24,24,24,24,23,25,24,24,24,25,24,24,26,24,24,24}","{28,97,79,81,75,69,64,67,64,72,61,92,75,60,68,69,62,61,71,82,97,84,71,77,89,77,90,76,91,86,84}","(Gothic Metal, Dark Metal) [CD] Moonspell - From Down Below: Live 80 Meters Deep - 2022, FLAC (image+.cue), lossless"
6281648,2,43256904,D1F7540FEEFA8D412C06C3F1F3F8B7FF5E910743,287385764,1,2026-07-31 02:21:01,7,4,"{7,24,24,24,24,24,24,24,24,24,23,24,24,24,24,24,24,24,24,23,25,24,24,24,25,24,24,26,24,24,24}","{48,190,171,163,139,146,137,159,152,148,142,132,125,135,129,137,143,148,190,190,185,210,168,139,120,124,159,152,144,149,136}","(Symphonic Melodic Rock | Metal | Synthwave) [WEB] Lunatica - Back to the 80's - 2022, FLAC (tracks), lossless"
6282754,2,43256904,0BC87CD6FF8FEA1A7B2042A5AF2619FB188E3E97,245709853,1,2026-07-31 02:21:01,3,3,"{7,24,24,24,24,24,24,24,24,24,23,24,24,24,24,24,24,24,24,23,25,24,24,24,25,24,24,26,24,24,24}","{23,80,74,77,65,62,56,64,64,68,59,72,57,55,64,67,61,61,71,69,76,70,70,72,74,71,86,83,79,66,63}","(Gothic | Progressive | Post-Metal) [WEB] Joint Depression - Projection - 2022, FLAC (tracks), lossless"
6283755,2,43256904,59843FCC8CE0F9589972337DF1C26E965F3EC014,575363370,1,2026-07-31 02:21:01,5,3,"{7,24,24,24,24,24,24,24,24,24,23,24,24,24,24,24,24,24,24,23,25,24,24,24,25,24,24,26,24,24,24}","{35,170,160,162,167,160,172,185,160,139,159,155,150,146,138,163,158,155,171,156,176,176,159,154,159,167,199,200,149,148,164}","(Symphonic Rock | Metal) [WEB] Floor Jansen - Live in Amsterdam - 2022, FLAC (tracks), lossless"
6283821,2,43256904,2CBDF8BB0531ED48FBB19111F719D3E4947E6FD4,271589901,1,2026-07-31 02:21:01,9,3,"{7,24,24,24,24,24,24,24,24,24,23,24,24,24,24,24,24,24,24,23,25,24,24,24,25,24,24,26,24,24,24}","{54,247,229,250,248,234,262,211,240,238,231,210,239,230,200,207,225,246,227,237,270,214,193,208,240,210,209,248,219,217,192}","(Symphonic Power Metal) [WEB] Epica - The Alchemy Project - 2022, FLAC (tracks), lossless"
6285131,2,25102764,1039746C6154C6BBA9DE20C4E73232FCB7DDF05E,695228221,1,2026-07-31 02:21:01,5,4,"{7,24,24,24,24,24,24,24,24,24,23,24,24,24,24,24,24,24,24,23,25,24,24,24,25,24,24,26,24,24,24}","{35,120,120,112,100,97,98,99,96,106,92,96,96,99,97,96,96,96,95,92,102,96,87,83,92,85,92,100,98,97,98}","(Gothic Dark Metal) [CD] Eternal - Gothic Dreams (Reissue) - 2018 (2001), FLAC (image+.cue), lossless"
6285626,2,42936151,1AE15ECFE748E3FB906A40B930CC548FA510F515,396428356,1,2026-07-31 02:21:01,3,3,"{7,24,24,24,24,24,24,24,24,24,23,24,24,24,24,24,24,24,24,23,25,24,24,24,25,24,24,26,24,24,24}","{23,80,75,77,65,60,57,64,64,68,62,71,57,55,64,67,61,61,71,69,76,70,70,72,74,71,85,76,68,59,63}","(Melodic Gothic Metal) [WEB] Saint Astray - Shadow Dial - 2022, FLAC (tracks), lossless"
6287475,2,43256904,CBDA056C1ACE6FE14D10BBFEF48FAC059E738C8E,367350757,1,2026-07-31 02:21:01,9,4,"{7,24,24,24,24,24,24,24,24,24,23,24,24,24,24,24,24,24,24,23,25,24,24,24,25,24,24,26,24,24,24}","{61,239,227,228,183,188,198,208,204,186,173,169,185,153,161,165,198,181,182,178,178,171,166,179,177,156,184,196,171,175,166}","(Symphonic Gothic Metal) [WEB] Walk In Darkness - Leaves Rolling in Time - 2022, FLAC (tracks), lossless"
6288633,2,334202,439DCD191D305B8A5713A0C017DA4A7AD06A6CA6,781411480,1,2026-07-31 02:21:01,16,3,"{7,24,24,24,24,24,24,24,24,24,23,24,24,24,24,24,24,24,24,23,25,24,24,24,25,24,24,26,24,24,24}","{98,364,349,348,357,383,416,418,400,421,422,392,358,393,395,399,391,448,457,372,395,366,340,369,438,379,374,428,407,421,443}","(Gothic Metal, Alternative Metal) [CD] Lacuna Coil - Comalies XX - 2022, FLAC (image+.cue), lossless"
6291686,2,25102764,1CE2E89F3D06472B133DA345EBFBAF88606461F2,233267191,1,2026-07-31 02:21:01,4,3,"{7,24,24,24,24,24,24,24,24,24,23,24,24,24,24,24,24,24,24,23,25,24,24,24,25,24,24,26,24,24,24}","{25,94,74,77,65,64,67,73,77,82,77,87,78,74,79,82,61,61,71,79,87,78,67,74,78,83,90,93,82,82,63}","(Gothic Dark Metal) [CD] Morrighan's Cry - Morrighan's Cry (Demo) - 2006, FLAC (image+.cue), lossless"
6292693,2,17086152,1EA10A7C2401BB85D915CDF5A4EC638404642B6D,354455130,1,2026-07-31 02:21:01,11,3,"{7,24,24,24,24,24,24,24,24,24,23,24,24,24,24,24,24,24,24,23,25,24,24,24,25,24,24,26,24,24,24}","{84,322,321,344,324,349,335,335,319,296,276,320,364,355,334,314,299,283,311,407,348,285,323,330,334,337,389,397,324,313,359}","(Symphonic Gothic Metal) [CD] Epica - The Alchemy Project (EP) - 2022, FLAC (image+.cue), lossless"
6294207,2,21302716,2F86AE919A0F365BEF0403334122EA11A9F5E22D,426031899,1,2026-07-31 02:21:01,7,3,"{7,24,24,24,24,24,24,24,24,24,23,24,24,24,24,24,24,24,24,23,25,24,24,24,25,24,24,26,24,24,24}","{61,185,185,201,195,216,203,193,183,184,159,171,171,187,196,192,205,183,171,183,209,199,184,196,230,156,195,213,163,165,193}","(Symphonic Gothic Metal) [WEB] Mortemia - The Pandemic Pandemonium Sessions - 2021-2022, FLAC (tracks), lossless"
6296120,2,40428931,0165601A7F0012AD421D62A0C39194DAFDD19134,332048909,1,2026-07-31 02:21:01,4,3,"{7,24,24,24,24,24,24,24,24,24,23,24,24,24,24,24,24,24,24,23,25,24,24,24,25,24,24,26,24,24,24}","{30,96,81,79,67,88,88,91,79,98,98,91,87,93,88,91,94,84,81,94,99,75,83,85,97,94,102,109,89,87,93}","(Gothic Metal, Progressive Metal, Symphonic Metal) [WEB] Rioghan - Different Kinds of Losses - 2022, FLAC (tracks), lossless"
6298005,2,334202,53517AB021F48774DA11EC457D948527C183D3F2,3790180546,1,2026-07-31 02:21:01,9,3,"{7,24,24,24,24,24,24,24,24,24,23,24,24,24,24,24,24,24,24,23,25,24,24,24,25,24,24,26,24,24,24}","{65,272,262,282,272,267,272,253,278,259,226,261,240,215,245,254,273,251,289,303,311,268,251,284,239,226,226,279,254,249,269}","(Gothic Metal) [CD] Within Temptation - Album Collection [Reissue] - 1997-2011, FLAC (image+.cue), lossless"
6299080,2,43256904,5ABA01D5EA28C69736C73D467FC28C1BBB173CB0,375978126,1,2026-07-31 02:21:01,3,3,"{7,24,24,24,24,24,24,24,24,24,23,24,24,24,24,24,24,24,24,23,25,24,24,24,25,24,24,26,24,24,24}","{23,80,74,77,65,61,60,64,61,68,62,71,57,55,64,69,61,61,71,69,75,69,69,72,75,71,86,76,63,65,63}","(Gothic Rock | Doom Metal) [WEB] Dwell In Doom - Songs from the Deadland - 2022, FLAC (tracks), lossless"
6304055,2,43256904,D619F3C4B97B75616E642CD883EEF0C5119B2F5A,393064037,1,2026-07-31 02:21:01,4,3,"{7,24,24,24,24,24,24,24,24,24,23,24,24,24,24,24,24,24,24,23,25,24,24,24,25,24,24,26,24,24,24}","{28,96,96,92,77,74,75,80,82,91,91,98,81,79,88,91,85,76,72,82,98,81,84,85,83,78,92,102,88,87,87}","(Progressive | Gothic Metal) [WEB] Wedingoth - Candlelight - 2010, FLAC (tracks), lossless"
6304057,2,43256904,0CBC910DA57021B3C7B24D52A3FA8226F30F5ADA,397882074,1,2026-07-31 02:21:01,4,3,"{7,24,24,24,24,24,24,24,24,24,23,24,24,24,24,24,24,24,24,23,25,24,24,24,25,24,24,26,24,24,24}","{28,96,96,92,77,76,76,80,84,90,83,96,81,83,88,91,85,76,72,82,97,76,82,85,84,78,91,102,91,86,87}","(Progressive | Gothic Metal) [WEB] Wedingoth - Alone in the Crowd - 2016, FLAC (tracks), lossless"
6306465,2,43256904,6EE9228D8D23CEAFADF1B088627429178E8B8C70,169594703,1,2026-07-31 02:21:01,4,3,"{7,24,24,24,24,24,24,24,24,24,23,24,24,24,24,24,24,24,24,23,25,24,24,24,25,24,24,26,24,24,24}","{28,97,96,94,77,79,75,80,84,90,84,96,81,83,88,91,85,86,95,87,98,78,82,83,92,85,90,102,90,91,87}","(Symphoic Gothic Metal) [WEB] Markus Alppi - Caelum - 2023, FLAC (tracks), lossless"
6308199,2,43256904,00FF812452F0E62AA832E30272409ED8A1224360,417405113,1,2026-07-31 02:21:01,3,3,"{7,24,24,24,24,24,24,24,24,24,23,24,24,24,24,24,24,24,24,23,25,24,24,24,25,24,24,26,24,24,24}","{23,80,74,77,65,63,56,66,62,68,62,93,81,83,88,91,85,76,72,83,97,79,84,85,84,78,90,102,92,90,87}","(Progressive | Gothic Metal) [WEB] Wedingoth - Five Stars Above - 2022, FLAC (tracks), lossless"
6311658,2,43256904,D373D57117042EA7985C865EA0B3D80770FC3108,317121373,1,2026-07-31 02:21:01,5,3,"{7,24,24,24,24,24,24,24,24,24,23,24,24,24,24,24,24,24,24,23,25,24,24,24,25,24,24,26,24,24,24}","{29,124,119,109,90,99,91,94,98,94,92,98,94,94,103,94,100,90,98,93,102,82,109,99,104,91,101,107,90,89,98}","(Gothic | Doom Metal) [WEB] Tribunal - The Weight Of Remembrance - 2023, FLAC (tracks), lossless"
6311977,2,49614756,1DF91EAC99B622730D56D84597E8BBC89B82F459,467343763,1,2026-07-31 02:21:01,10,3,"{7,24,24,24,24,24,24,24,24,24,23,24,24,24,24,24,24,24,24,23,25,24,24,24,25,24,24,26,24,24,24}","{72,305,309,328,313,309,305,295,302,309,300,316,331,338,332,350,349,324,306,357,396,302,314,330,350,335,382,416,322,342,360}","(Symphonic Gothic Metal) [CD] Sirenia - Riddles, Ruins &amp; Revelations (Limited Edition) - 2021, FLAC (image+.cue), lossless"
6314175,2,43256904,81E44A9D768F03668D2096C2AB8F0C28BAFE4CB9,347597108,1,2026-07-31 02:21:01,4,3,"{7,24,24,24,24,24,24,24,24,24,23,24,24,24,24,24,24,24,24,23,25,24,24,24,25,24,24,26,24,24,24}","{28,96,96,92,77,74,74,80,84,90,83,95,81,79,88,91,85,85,95,87,97,80,86,84,92,85,91,102,86,93,87}","(Gothic | Doom Metal) [WEB] Hyldr - Order of the Mist - 2023, FLAC (tracks), lossless"
6317474,2,43256904,9ED53575B8FD0856E202B2478267F915ADF44480,552565970,1,2026-07-31 02:21:01,8,3,"{7,24,24,24,24,24,24,24,24,24,23,24,24,24,24,24,24,24,24,23,25,24,24,24,25,24,24,26,24,24,24}","{65,258,303,253,289,291,253,234,256,285,254,221,210,246,256,263,262,287,266,278,290,238,229,225,245,255,301,319,281,251,244}","(Symphonic Metal) [WEB] Xandria - The Wonders Still Awaiting - 2023, FLAC (tracks), lossless"
6320002,2,43256904,71B382F9BD0E7B239ECD5AC757242F1630CE354C,327378978,1,2026-07-31 02:21:01,4,3,"{7,24,24,24,24,24,24,24,24,24,23,24,24,24,24,24,24,24,24,23,25,24,24,24,25,24,24,26,24,24,24}","{28,96,96,92,77,72,71,80,84,90,85,95,81,79,88,90,85,85,95,87,97,80,86,83,92,85,92,102,90,91,87}","(Gothic Metal) [WEB] Soundless Whisper - Breakthrough - 2023, FLAC (tracks), lossless"
6321966,2,16007922,179AEEC10345A548461FEF9F02A1E1CFC1A4886F,452470825,1,2026-07-31 02:21:01,6,4,"{7,24,24,24,24,24,24,24,24,24,23,24,24,24,24,24,24,24,24,23,25,24,24,24,25,24,24,26,24,24,24}","{34,152,120,129,127,122,132,124,112,119,108,92,113,140,119,103,100,95,116,105,114,96,90,87,95,98,119,106,115,82,81}","(Gothic Metal) [CD] Moonspell - The Butterfly Effect - 1999 (Reissue 2020), FLAC (image+.cue), lossless"
6323150,2,16007922,39B04A2224ECF9476BED9B430D733E1DA13A4297,592317004,1,2026-07-31 02:21:01,8,4,"{7,24,24,24,24,24,24,24,24,24,23,24,24,24,24,24,24,24,24,23,25,24,24,24,25,24,24,26,24,24,24}","{43,169,142,130,124,126,152,146,149,148,141,128,153,140,139,123,125,117,118,113,130,107,103,94,116,127,137,115,123,81,86}","(Gothic Metal) [CD] Moonspell - Sin / Pecado - 1998 (Reissue 2019), FLAC (image+.cue), lossless"
6324880,2,43256904,94434FDDF2DC8F2B88DAEADEB9E5F2C1572C9FA4,371766469,1,2026-07-31 02:21:01,5,3,"{7,24,24,24,24,24,24,24,24,24,23,24,24,24,24,24,24,24,24,23,25,24,24,24,25,24,24,26,24,24,24}","{35,120,120,112,99,92,84,80,84,90,83,95,96,96,96,96,96,96,96,92,101,91,92,96,100,96,101,102,93,86,87}","(Gothic Metal) [WEB] Setanera - Equilibrium - 2023, FLAC (tracks), lossless"
6325551,2,16007922,3D605014FEE69379D11C8004EAAFB19FE23DC7CA,376825619,1,2026-07-31 02:21:01,5,3,"{7,24,24,24,24,24,24,24,24,24,23,24,24,24,24,24,24,24,24,23,25,24,24,24,25,24,24,26,24,24,24}","{35,139,109,97,86,88,86,82,89,91,88,94,88,89,92,98,91,73,78,76,96,76,75,73,74,85,105,108,117,98,71}","(Gothic Metal) [CD] Moonspell - Darkness And Hope - 2001 (Reissue 2021), FLAC (image+.cue), lossless"
6325802,2,19235883,9785AF44485693154EC7B1E367299D8ABA06D0A5,583996761,1,2026-07-31 02:21:01,4,3,"{7,24,24,24,24,24,24,24,24,24,23,24,24,24,24,24,24,24,24,23,25,24,24,24,25,24,24,26,24,24,24}","{28,96,96,92,92,79,89,85,98,90,86,96,84,79,88,90,85,85,95,87,97,78,86,83,92,85,93,104,92,93,87}","(Gothic Metal) [WEB] Tragedia - Collection, 2 releases - 2017 - 2023, FLAC (tracks), lossless"
6327904,2,1840441,070BE900ACCEA128588B0E8E528134A6FE164228,362203105,1,2026-07-31 02:21:01,5,3,"{7,24,24,24,24,24,24,24,24,24,23,24,24,24,24,24,24,24,24,23,25,24,24,24,25,24,24,26,24,24,24}","{30,110,107,102,97,85,84,87,93,92,89,92,96,94,94,90,98,85,84,92,103,85,88,91,94,94,98,106,93,92,93}","(Gothic/Doom Metal) [CD] Motus Tenebrae - Deathrising - 2016, FLAC (tracks+.cue), lossless"
6331277,2,37297848,E81FF35A8E5302F81637588370AD032699F7468C,293563909,1,2026-07-31 02:21:01,3,3,"{7,24,24,24,24,24,24,24,24,24,23,24,24,24,24,24,24,24,24,23,25,24,24,24,25,24,24,26,24,24,24}","{23,80,75,78,65,65,53,65,70,68,62,71,61,60,76,67,61,61,71,69,75,70,68,72,75,71,86,76,67,89,87}","(Gothic/Doom/Death Metal) [CD] Dystrophy - Spiegel meiner K&#228;lte - 1995, FLAC (image+.cue), lossless"
6331882,2,43256904,5E0954DB5836A804B154A9554E262CF841F633AC,434545100,1,2026-07-31 02:21:01,5,3,"{7,24,24,24,24,24,24,24,24,24,23,24,24,24,24,24,24,24,24,23,25,24,24,24,25,24,24,26,24,24,24}","{29,117,112,111,89,82,77,90,92,92,86,96,87,87,98,96,95,81,82,86,101,87,102,100,103,89,94,104,90,95,91}","(Symphonic Metal) [WEB] Lumnia - Humanity Despair - 2023, FLAC (tracks), lossless"
6333522,2,43256904,173A1FFA0D9404D329B61F8B74015192F63FEBFE,395198774,1,2026-07-31 02:21:01,5,3,"{7,24,24,24,24,24,24,24,24,24,23,24,24,24,24,24,24,24,24,23,25,24,24,24,25,24,24,26,24,24,24}","{29,109,113,105,88,76,74,86,90,92,86,98,85,87,93,97,92,83,81,86,99,77,90,85,94,90,97,103,92,93,87}","(Symphonic Gothic Metal) [WEB] Malignea - Malignea - 2023, FLAC (tracks), lossless"
6335648,2,37297848,4327B54EFFA1A137D40C5476D66490CFA3EA5773,343068248,1,2026-07-31 02:21:01,4,3,"{7,24,24,24,24,24,24,24,24,24,23,24,24,24,24,24,24,24,24,23,25,24,24,24,25,24,24,26,24,24,24}","{22,93,90,89,73,67,66,77,77,79,76,90,78,72,81,85,80,78,88,81,88,77,79,78,90,82,92,96,85,82,81}","(Folk/Gothic Metal) [CD] Crescent Lament (&#24646;&#26376;&#19977;&#36884;) - Elegy for the Blossoms (&#33457;&#27556;) - 2015, FLAC (image+.cue), lossless"
6335889,2,37297848,E25C739BE67CBCD794F98B2321E448FAC40BC724,367069420,1,2026-07-31 02:21:01,4,3,"{7,24,24,24,24,24,24,24,24,24,23,24,24,24,24,24,24,24,24,23,25,24,24,24,25,24,24,26,24,24,24}","{22,93,92,90,74,70,68,77,77,80,79,89,75,96,95,96,96,73,65,88,98,86,77,82,97,81,93,96,84,81,96}","(Gothic/Doom Metal) [CD] Dead Summer Society - ...So Many Years of Longing.. - 2015, FLAC (image+.cue), lossless"
6337361,8,19235883,066D3572AC72D15FFD0E6434C25864E9CA274945,285161889,1,2026-07-31 02:21:01,3,3,"{7,24,24,24,24,24,24,24,24,24,23,24,24,24,24,24,24,24,24,23,25,24,24,24,25,24,24,26,24,24,24}","{23,80,74,77,65,59,57,64,62,68,62,71,57,55,64,67,61,61,71,69,76,69,68,72,75,71,86,76,69,67,63}","(Gothic Metal) [CD] Entwined - Dancing Under Glass - 1998, FLAC (tracks), lossless"
6340681,2,2799938,A42E46A00E60180719C6B10464D0C43EC743C38D,229376639,1,2026-07-31 02:21:01,12,3,"{7,24,24,24,24,24,24,24,24,24,23,24,24,24,24,24,24,24,24,23,25,24,24,24,25,24,24,26,24,24,24}","{80,316,303,273,291,277,280,310,267,276,279,239,238,232,220,263,285,276,281,286,313,297,247,252,256,267,286,312,291,295,310}","(Pop-Rock) [WEB] Floor Jansen - Paragon - 2023, FLAC (tracks), lossless"
6340725,2,43256904,DE3BA2E40FD68540F2FBBBFCA9373E52BE64440D,371914727,1,2026-07-31 02:21:01,4,3,"{7,24,24,24,24,24,24,24,24,24,23,24,24,24,24,24,24,24,24,23,25,24,24,24,25,24,24,26,24,24,24}","{30,120,112,112,106,98,101,106,100,100,100,108,113,100,95,99,109,100,102,102,108,95,121,123,116,100,107,111,97,103,98}","(Gothic Metal) [WEB] Eden Weint Im Grab - Apokalypse Galore - 2023, FLAC (tracks), lossless"
6341317,2,37297848,62877DA777891FF3F48E8F293EFC245F4D27F2F5,314127314,1,2026-07-31 02:21:01,4,3,"{7,24,24,24,24,24,24,24,24,24,23,24,24,24,24,24,24,24,24,23,25,24,24,24,25,24,24,26,24,24,24}","{31,95,75,90,77,73,74,80,84,90,85,95,83,75,88,91,85,85,98,87,99,77,84,84,100,78,85,81,68,67,67}","(Gothic/Doom Metal/Darkwave) [CD] Eterne - Deadauthor - 1996, FLAC (image+.cue), lossless"
6346894,2,49614756,B7D5CA4E668F3D0AE27E3F5A9571D4E2AC2CF456,593602138,1,2026-07-31 02:21:01,4,4,"{7,24,24,24,24,24,24,24,24,24,23,24,24,24,24,24,24,24,24,23,25,24,24,24,25,24,24,26,24,24,24}","{28,127,142,124,84,88,97,82,94,95,96,98,119,114,93,94,98,126,113,100,132,101,113,102,110,103,131,162,132,124,98}","(Gothic Metal) [CD] Crematory - Oblivion - 2018, FLAC (image+.cue), lossless"
6347373,2,43256904,8FA6ECB8E5946E18D28BFC0D1BCE73FE54C77BFB,308330478,1,2026-07-31 02:21:01,12,3,"{7,24,24,24,24,24,24,24,24,24,23,24,24,24,24,24,24,24,24,23,25,24,24,24,25,24,24,26,24,24,24}","{86,295,337,350,305,303,238,231,249,281,239,246,256,242,252,261,272,265,238,245,283,254,276,307,339,302,357,380,304,299,315}","(Symphonic Gothic Metal) [WEB] Penumbra - Eden - 2023, FLAC (tracks), lossless"
6352660,2,37297848,856D94028EAA85A893F844D5803C992FF6173EAD,196932775,1,2026-07-31 02:21:01,4,3,"{7,24,24,24,24,24,24,24,24,24,23,24,24,24,24,24,24,24,24,23,25,24,24,24,25,24,24,26,24,24,24}","{22,93,90,90,74,70,67,77,77,79,78,87,76,72,81,87,80,78,89,80,89,79,80,78,90,82,93,96,84,87,81}","(Gothic/Doom Metal) [WEB] Amoris Umbra - Brisa del Sur (EP) - 2003, FLAC (tracks), lossless"
6353283,2,47602709,B32A7ED1A2D83F2B57BFB88FD62452FC3ECFB829,222866211,1,2026-07-31 02:21:01,4,3,"{7,24,24,24,24,24,24,24,24,24,23,24,24,24,24,24,24,24,24,23,25,24,24,24,25,24,24,26,24,24,24}","{25,93,85,85,70,67,61,68,69,70,61,82,70,55,64,76,80,61,63,92,103,91,74,72,89,73,85,76,83,81,63}","(Gothic/Doom Metal) [CD] Yggdrasil - Heaven of Blood - 2002, FLAC (tracks+.cue), lossless"
6353791,2,1840441,B40280E897257536E6E7A68C9E7A8805B11D5609,360380756,1,2026-07-31 02:21:01,5,3,"{7,24,24,24,24,24,24,24,24,24,23,24,24,24,24,24,24,24,24,23,25,24,24,24,25,24,24,26,24,24,24}","{30,110,103,102,96,84,81,87,92,92,90,88,96,95,94,90,98,96,104,94,98,82,92,91,92,93,96,105,93,94,84}","(Progressive Gothic Metal) [CD] Without Face - Astronomicon - 2002, FLAC (image+.cue), lossless"
6355292,2,37297848,BBA97829EA2C975E4DC82DD706C75D728F350DB1,239004362,1,2026-07-31 02:21:01,4,3,"{7,24,24,24,24,24,24,24,24,24,23,24,24,24,24,24,24,24,24,23,25,24,24,24,25,24,24,26,24,24,24}","{22,92,90,90,74,70,67,77,77,79,77,90,76,72,81,85,80,78,88,81,90,77,79,78,89,82,92,96,87,86,81}","(Gothic/Doom Metal) [WEB] Charm Designer - Blood Sounds (EP) - 2008/2018, FLAC (tracks), lossless"
6355960,2,37297848,744DC6E1D6612413B662C3A6FC99B95FDD59ACFF,503062095,1,2026-07-31 02:21:01,4,3,"{7,24,24,24,24,24,24,24,24,24,23,24,24,24,24,24,24,24,24,23,25,24,24,24,25,24,24,26,24,24,24}","{22,97,94,107,96,99,78,77,80,85,88,97,104,76,84,86,81,89,93,100,94,85,81,79,95,100,110,99,91,95,94}","(Epic Gothic/Doom Metal) [WEB] Dark Embrace - The Rebirth of Darkness (Children Whispered Screams from Beyond) - 2006, FLAC (tracks), lossless"
6356748,2,12063696,1FE12B71B132E4447AAD93144D162319735E7FD4,1475097772,1,2026-07-31 02:21:01,4,3,"{7,24,24,24,24,24,24,24,24,24,23,24,24,24,24,24,24,24,24,23,25,24,24,24,25,24,24,26,24,24,24}","{23,85,85,83,70,92,64,79,87,96,76,75,74,78,86,77,70,73,86,74,95,80,90,79,85,74,90,76,94,70,67}","(Dark Metal, Gothic Metal) [CD, WEB] Moonspell - Коллекция (4 релиза) - 1993-2008, FLAC (image+.cue, tracks), lossless"
6358538,2,43256904,CD03E13896B29CE041A5DACAE74AE7C4C9C33B29,381337406,1,2026-07-31 02:21:01,5,3,"{7,24,24,24,24,24,24,24,24,24,23,24,24,24,24,24,24,24,24,23,25,24,24,24,25,24,24,26,24,24,24}","{35,137,134,128,113,116,130,117,125,114,118,120,109,109,105,114,107,106,114,112,121,103,107,107,117,113,136,134,113,103,110}","(Heavy | Gothic Metal) [WEB] Enchantya - Cerberus - 2023, FLAC (tracks), lossless"
6362017,2,12063696,10C3BD48700929D1F12C83B7BB506C7DE6317302,332955458,1,2026-07-31 02:21:01,3,3,"{7,24,24,24,24,24,24,24,24,24,23,24,24,24,24,24,24,24,24,23,25,24,24,24,25,24,24,26,24,24,24}","{23,80,74,77,66,72,58,70,72,73,63,72,60,55,79,69,70,68,80,71,74,75,76,77,82,74,88,79,65,67,63}","(Gothic Metal, Folk Metal) [WEB] Crescent Lament (&#24646;&#26376;&#19977;&#36884;) - Land of Lost Voices (&#22116;&#22818;) - 2020, FLAC (tracks), lossless"
6365379,2,529,A840C998CB81A6994C169B2B2B3E02D3D80CD4A4,323284019,1,2026-07-31 02:21:01,17,3,"{7,24,24,24,24,24,24,24,24,24,23,24,24,24,24,24,24,24,24,23,25,24,24,24,25,24,24,26,24,24,24}","{108,413,478,481,482,457,478,473,419,450,410,397,401,386,404,423,427,400,408,374,419,361,373,389,432,459,410,469,450,442,430}","(Symphonic / Gothic Metal, Symphonic / Alternative Rock) [WEB] Within Temptation - Wireless - 2023 , FLAC (tracks), lossless"
6365885,2,37297848,33E44EE41C1DA83BD0D401CC2193FB9F9325721F,424142268,1,2026-07-31 02:21:01,4,3,"{7,24,24,24,24,24,24,24,24,24,23,24,24,24,24,24,24,24,24,23,25,24,24,24,25,24,24,26,24,24,24}","{34,127,120,140,125,133,102,106,107,107,110,128,136,113,112,103,112,113,125,137,123,103,109,112,134,125,145,117,109,115,119}","(Gothic/ Doom Metal) [WEB] Flowers In Dark - Celestial Vengeance - 2023, FLAC (tracks), lossless"
6368674,2,43256904,656C7673037334440FDF8D04255C25DCE75CA3BB,328858392,1,2026-07-31 02:21:01,4,3,"{7,24,24,24,24,24,24,24,24,24,23,24,24,24,24,24,24,24,24,23,25,24,24,24,25,24,24,26,24,24,24}","{28,96,96,92,77,75,73,80,84,90,85,94,81,79,88,90,85,85,95,87,97,77,84,83,91,85,92,102,92,90,87}","(Gothic Metal) [WEB] Divisiv - Lies in Disguise - 2023, FLAC (tracks), lossless"
6369566,2,43256904,3EC567D0D5E7607AA6957244FE4D8697B63017DB,335159723,1,2026-07-31 02:21:01,6,3,"{7,24,24,24,24,24,24,24,24,24,23,24,24,24,24,24,24,24,24,23,25,24,24,24,25,24,24,26,24,24,24}","{39,162,153,156,131,109,123,127,122,120,114,130,125,124,128,126,122,116,124,123,124,118,140,139,143,114,137,147,123,121,120}","(Symphonic Metal) [WEB] Oryad - Sacred &amp; Profane - 2023, FLAC (tracks), lossless"
6370057,2,47602709,CC4676F9F82D36028A69ACAAD516DC58ED96F47A,395579596,1,2026-07-31 02:21:01,4,3,"{7,24,24,24,24,24,24,24,24,24,23,24,24,24,24,24,24,24,24,23,25,24,24,24,25,24,24,26,24,24,24}","{25,99,86,97,86,92,85,67,70,70,61,83,70,55,64,76,80,70,83,82,83,73,73,72,89,72,85,78,78,83,63}","(Progressive/Gothic Metal) [WEB] The Last Embrace - The Winding Path - 2015, FLAC (tracks), lossless"
6370655,2,37297848,20DAB866E8765E5E3FF9BFEDF949B88A5AA4CFB3,273064500,1,2026-07-31 02:21:01,3,3,"{7,24,24,24,24,24,24,24,24,24,23,24,24,24,24,24,24,24,24,23,25,24,24,24,25,24,24,26,24,24,24}","{23,88,82,82,69,61,66,70,75,77,68,76,74,74,72,72,74,67,81,81,94,73,78,73,85,84,85,92,72,77,74}","(Dark / Gothic / Doom Metal) [WEB] Shadow Of Doom - Rising From The Past - 2003, FLAC (tracks), lossless"
6372023,2,2799938,0F0D64FA5AA2CF2CFAA52E355DA7184194AA67CD,1385374595,1,2026-07-31 02:21:01,7,3,"{7,24,24,24,24,24,24,24,24,24,23,24,24,24,24,24,24,24,24,23,25,24,24,24,25,24,24,26,24,24,24}","{49,194,169,154,169,163,141,155,162,175,164,154,198,189,149,144,144,150,144,148,189,168,159,175,214,246,235,227,186,149,172}","(Darkwave, Gothic Metal, Electro, Industrial) [CD] Lacrimosa - The Anniversary Box (1990-2020) - 2021, FLAC (image+.cue), lossless"
6374787,2,1840441,2565D485C11626A8824A15AC7B8D160F28533274,346529251,1,2026-07-31 02:21:01,5,3,"{7,24,24,24,24,24,24,24,24,24,23,24,24,24,24,24,24,24,24,23,25,24,24,24,25,24,24,26,24,24,24}","{33,133,101,124,107,103,104,89,78,94,80,103,94,106,105,108,113,84,61,89,104,90,83,89,98,93,91,94,82,85,88}","(Dark/Gothic Metal) [CD] Monumentum - In Absentia Christi - 1995/2017, FLAC (image+.cue), lossless"
6381169,2,1840441,046B0B47986AAB74AB15D3156D0A70DA4C1375D8,526602101,1,2026-07-31 02:21:01,5,3,"{7,24,24,24,24,24,24,24,24,24,23,24,24,24,24,24,24,24,24,23,25,24,24,24,25,24,24,26,24,24,24}","{30,103,98,100,84,77,69,83,84,85,75,87,95,79,79,82,85,66,68,85,95,77,83,76,92,89,96,94,84,90,79}","(Dark/Gothic Metal) [CD] Inhuman - Strange Desire - 1996/2017, FLAC (image+.cue), lossless"
6383360,2,47602709,584FB54DADF77AFA6364D1E1C8C48BB9E17F16DF,231854561,1,2026-07-31 02:21:01,8,4,"{7,24,24,24,24,24,24,24,24,24,23,24,24,24,24,24,24,24,24,23,25,24,24,24,25,24,24,26,24,24,24}","{51,185,184,181,164,129,145,148,162,156,151,150,171,160,138,143,179,170,175,171,186,161,140,134,165,140,165,164,170,171,154}","(Gothic Metal) [WEB] Celene (Cel&#233;ne) - Forlorn Paradise - 2023, FLAC (tracks), lossless"
6383511,2,45563923,6B5F2906A3FB52D76C94EFE6737A8B97E5AB8B75,52534064,1,2026-07-31 02:21:01,4,3,"{7,24,24,24,24,24,24,24,24,24,23,24,24,24,24,24,24,24,24,23,25,24,24,24,25,24,24,26,24,24,24}","{28,96,96,92,77,74,69,80,84,90,85,96,81,79,88,90,85,85,95,87,97,79,84,83,91,85,91,102,93,91,87}","(Gothic Metal) [WEB] Lord of Shadows - She Was but an Echo of Yore (Single) - 2023, FLAC (tracks), lossless"
6383515,2,45563923,137073C3D6AF422371B07E4B9EE33CB472296564,53128421,1,2026-07-31 02:21:01,4,3,"{7,24,24,24,24,24,24,24,24,24,23,24,24,24,24,24,24,24,24,23,25,24,24,24,25,24,24,26,24,24,24}","{28,96,96,92,77,75,69,80,83,90,81,95,81,79,88,91,85,85,95,87,98,78,83,83,92,85,92,102,89,88,87}","(Gothic Metal) [WEB] Lord of Shadows - Faith of Thy Beloved (Single) - 2023, FLAC (tracks), lossless"
6383523,2,45563923,528F6A732DDDBC67E20740222EA3AD363BAA434A,86101332,1,2026-07-31 02:21:01,4,3,"{7,24,24,24,24,24,24,24,24,24,23,24,24,24,24,24,24,24,24,23,25,24,24,24,25,24,24,26,24,24,24}","{31,111,99,106,89,97,83,100,77,78,89,98,92,80,104,100,93,102,111,100,97,88,94,85,89,95,115,119,96,92,96}","(Gothic Metal) [WEB] Lord of Shadows - Extremum Vitae Spiritum Edere [EP] - 2022, FLAC (tracks), lossless"
6383721,2,43256904,ACD38AE22C945847A1CEAE35C80390B202B65979,273934064,1,2026-07-31 02:21:01,4,3,"{7,24,24,24,24,24,24,24,24,24,23,24,24,24,24,24,24,24,24,23,25,24,24,24,25,24,24,26,24,24,24}","{28,96,96,92,77,75,70,80,84,90,85,95,81,79,88,90,85,85,95,87,97,77,81,83,92,85,90,102,91,92,87}","(Gothic | Doom Metal) [WEB] Lithik - Geomorphology - 2023, FLAC (tracks), lossless"
6383748,2,43256904,9F24DA6849887AA65219EB9BBBC7158478A40B3D,455066582,1,2026-07-31 02:21:01,4,3,"{7,24,24,24,24,24,24,24,24,24,23,24,24,24,24,24,24,24,24,23,25,24,24,24,25,24,24,26,24,24,24}","{28,96,96,92,77,73,72,79,84,90,85,95,81,79,88,91,85,85,95,87,96,77,82,83,92,85,92,102,91,93,87}","(Gothic | Heavy Metal | Rock) [WEB] Endtime Prophets - A new Religion - 2023, FLAC (tracks), lossless"
6384790,2,4716912,D2DF0608324BF20F831E233C50DE3247FF7E69CC,1046228251,1,2026-07-31 02:21:01,15,3,"{7,24,24,24,24,24,24,24,24,24,23,24,24,24,24,24,24,24,24,23,25,24,24,24,25,24,24,26,24,24,24}","{98,337,343,356,363,402,373,363,377,392,346,340,340,399,412,413,381,412,414,391,386,401,376,342,333,323,281,352,304,307,310}","(Gothic Metal) [CD] Xandria - The Wonders Still Awaiting - 2023 (Expanded Edition, 2 CD), FLAC (image+.cue), lossless"
6393178,2,49614756,19513A1B66A1DF6E2C8C2876CF68B9EB3ECEB60E,530294597,1,2026-07-31 02:21:01,9,3,"{7,24,24,24,24,24,24,24,24,24,23,24,24,24,24,24,24,24,24,23,25,24,24,24,25,24,24,26,24,24,24}","{61,232,244,242,224,253,203,202,228,232,249,258,285,248,186,198,194,204,246,238,261,215,212,245,248,241,257,254,244,250,218}","(Gothic Metal) [CD] Crematory - Inglorious Darkness - 2022, FLAC (image+.cue), lossless"
6393270,2,49614756,DD75FD826F5965570E697EE74E8ADA85208486EB,466151461,1,2026-07-31 02:21:01,9,3,"{7,24,24,24,24,24,24,24,24,24,23,24,24,24,24,24,24,24,24,23,25,24,24,24,25,24,24,26,24,24,24}","{64,266,260,263,264,285,271,262,270,251,231,199,232,267,248,255,266,259,262,261,270,209,232,235,240,263,274,293,213,208,190}","(Symphonic Gothic Metal) [CD] Sirenia - 1977 - 2023, FLAC (image+.cue), lossless"
6394534,2,22509202,CB16F215BB5F5897B47F6FBF330CC44F23F91FA8,685104834,1,2026-07-31 02:21:01,10,3,"{7,24,24,24,24,24,24,24,24,24,23,24,24,24,24,24,24,24,24,23,25,24,24,24,25,24,24,26,24,24,24}","{64,251,257,242,244,231,241,233,269,262,227,247,259,245,253,265,262,247,252,272,257,213,222,242,271,268,215,281,275,248,271}","(Gothic Metal) [CD] Lacrimosa - Leidenschaft [Deluxe Earbook Edition] 2 CD - 2021 / 2022, FLAC (image+.cue), lossless"
6397199,2,43256904,D57250FF0E330F94DCAE3291B61DCEE6B4938109,404270507,1,2026-07-31 02:21:01,7,3,"{7,24,24,24,24,24,24,24,24,24,23,24,24,24,24,24,24,24,24,23,25,24,24,24,25,24,24,26,24,24,24}","{44,150,167,153,144,140,147,140,148,144,135,142,145,132,135,153,138,133,143,140,154,129,121,137,140,159,170,173,136,151,158}","(Acoustic | Doom | Gothic Metal) [WEB] Denis Pauna - In The Sound of Hollow Bodies (Tribute to Type O Negative) - 2022, FLAC (tracks), lossless"
6398818,2,43256904,8E03E9AAFABCDE8967EB796A551C6273513B85AA,396722874,1,2026-07-31 02:21:01,14,4,"{7,24,24,24,24,24,24,24,24,24,23,24,24,24,24,24,24,24,24,23,25,24,24,24,25,24,24,26,24,24,24}","{86,344,341,359,359,365,355,340,353,340,352,366,397,378,321,335,297,337,338,352,364,335,350,386,398,375,373,391,372,361,333}","(Symphonic Rock) [WEB] Within Temptation - Bleed Out - 2023, FLAC (tracks), lossless"
6403872,2,37297848,AD040BB73357E2169842EC233998A7A1E585BF07,279829590,1,2026-07-31 02:21:01,7,4,"{7,24,24,24,24,24,24,24,24,24,23,24,24,24,24,24,24,24,24,23,25,24,24,24,25,24,24,26,24,24,24}","{49,181,176,174,156,166,145,157,143,128,145,155,158,159,166,188,184,158,141,143,152,122,130,126,134,125,145,149,133,122,130}","(Gothic/Doom Metal) [WEB] Lord Of Shadows - Echoes Of Yore - 2023, FLAC (tracks), lossless"
6406036,2,43256904,FD37B5D09AE85DCA77D9D609757083FAF53C84DE,317936456,1,2026-07-31 02:21:01,4,3,"{7,24,24,24,24,24,24,24,24,24,23,24,24,24,24,24,24,24,24,23,25,24,24,24,25,24,24,26,24,24,24}","{28,96,96,92,77,73,72,80,84,90,83,96,81,79,88,91,85,85,95,87,98,80,86,83,92,85,92,102,89,90,89}","(Melodic Doom | Gothic Metal) [WEB] Asidie - Inside a Restless Mind - 2023, FLAC (tracks), lossless"
6407492,2,1840441,6C72FE7A02ABBC4EA1DB8FEE61E5F9DB64B015AB,336049143,1,2026-07-31 02:21:01,5,3,"{7,24,24,24,24,24,24,24,24,24,23,24,24,24,24,24,24,24,24,23,25,24,24,24,25,24,24,26,24,24,24}","{30,110,109,110,99,85,84,91,94,93,89,98,94,93,101,93,99,94,85,100,110,87,89,91,94,100,102,111,98,92,90}","(Gothic/Doom Metal) [CD] Croon - Just - 1996, FLAC (image+.cue), lossless"
6415939,2,19588415,847169F373142B04609FA0FBCABEFAC6E9F272AD,117458642,1,2026-07-31 02:21:01,3,3,"{7,24,24,24,24,24,24,24,24,24,23,24,24,24,24,24,24,24,24,23,25,24,24,24,25,24,24,26,24,24,24}","{23,80,75,77,65,67,64,69,65,70,69,70,64,61,64,67,61,61,71,70,74,72,67,72,75,71,87,80,64,69,63}","(Gothic Metal) [WEB] DARK BRS - Inside The Void - 2021, FLAC (tracks), lossless"
6420188,2,43256904,C06FFE0D6E30655BDDF2D5A29C0B5BA62F1F3435,348538701,1,2026-07-31 02:21:01,15,3,"{7,24,24,24,24,24,24,24,24,24,23,24,24,24,24,24,24,24,24,23,25,24,24,24,25,24,24,26,24,24,24}","{100,358,319,335,331,344,340,336,323,307,310,318,321,324,337,353,342,349,311,298,321,294,296,326,325,289,308,376,304,308,344}","(Melodic Death Metal | Gothic Metal) [WEB] Dark The Suns - Raven and the Nightsky - 2023, FLAC (tracks), lossless"
6420734,2,1840441,59C093F810213E497E1839C56B1AC1E88F572F54,403643034,1,2026-07-31 02:21:01,6,3,"{7,24,24,24,24,24,24,24,24,24,23,24,24,24,24,24,24,24,24,23,25,24,24,24,25,24,24,26,24,24,24}","{37,134,138,137,117,84,88,92,92,85,84,90,86,87,86,86,96,78,78,87,100,82,82,84,94,87,94,102,84,93,103}","(Gothic Metal) [CD] Domina Noctis - Second Rose - 2008/2009, FLAC (image+.cue), lossless"
6423102,2,1840441,DE753472ACD9FC93ABE54A9E8CF69FB349760D4B,340517278,1,2026-07-31 02:21:01,9,3,"{7,24,24,24,24,24,24,24,24,24,23,24,24,24,24,24,24,24,24,23,25,24,24,24,25,24,24,26,24,24,24}","{57,213,207,202,222,209,204,213,197,191,167,159,193,164,175,191,209,188,194,176,185,154,161,169,179,175,190,193,179,176,170}","(Death/Doom Metal) [CD] The Gathering - Always... - 1992/1997, FLAC (image+.cue), lossless"
6423803,2,12063696,95127776ECF7A8222E1F74E5C45B517F134B2CEC,555784626,1,2026-07-31 02:21:01,4,3,"{7,24,24,24,24,24,24,24,24,24,23,24,24,24,24,24,24,24,24,23,25,24,24,24,25,24,24,26,24,24,24}","{28,104,97,99,79,103,71,89,92,92,84,90,84,79,100,91,98,81,82,83,99,93,102,99,107,85,99,102,86,89,88}","(Gothic Metal, Industrial-Metal) [WEB] Fellahin Fall - Коллекция (3 релиза) - 2019-2023, FLAC (tracks), lossless"
6424311,2,42936151,5753CE73C21E1C559FFEBBB528F9293A252B4250,733792804,1,2026-07-31 02:21:01,18,3,"{7,24,24,24,24,24,24,24,24,24,23,24,24,24,24,24,24,24,24,23,25,24,24,24,25,24,24,26,24,24,24}","{117,488,510,462,451,443,408,452,428,434,421,458,439,436,453,482,496,474,480,461,472,496,454,450,475,514,499,486,451,467,462}","(Alt. Metal / Symphonic Metal / Electronic / Female Vocal) [WEB] Within Temptation - Bleed Out - 2023, FLAC (tracks), lossless"
6434030,2,42936151,84B58FBE82FFD42F43178C44ABDEC144305789E9,481424514,1,2026-07-31 02:21:01,4,3,"{7,24,24,24,24,24,24,24,24,24,23,24,24,24,24,24,24,24,24,23,25,24,24,24,25,24,24,26,24,24,24}","{28,96,100,95,77,73,73,77,87,90,87,95,81,79,88,90,85,85,95,87,97,78,84,83,92,85,91,102,86,91,87}","(Gothic Metal) [WEB] Sacrifire - The Art of Decay - 2023, FLAC (tracks), lossless"
6440369,2,43256904,6D650FD2FD5A2D362C6A81BCEA6E8C28B6CE9AF4,263234177,1,2026-07-31 02:21:01,3,3,"{7,24,24,24,24,24,24,24,24,24,23,24,24,24,24,24,24,24,24,23,25,24,24,24,25,24,24,26,24,24,24}","{23,80,74,77,65,63,58,64,64,68,62,71,57,55,64,67,61,61,71,69,76,72,67,72,74,71,86,76,64,68,63}","(Gothic Metal) [WEB] I Am The Arcane - Societas Arcana - 2019, FLAC (tracks), lossless"
6440760,2,37297848,9E356D149EB984C0D578E4EB3354EBCCD546AB4E,909598729,1,2026-07-31 02:21:01,3,3,"{7,24,24,24,24,24,24,24,24,24,23,24,24,24,24,24,24,24,24,23,25,24,24,24,25,24,24,26,24,24,24}","{23,80,74,77,65,63,58,64,62,68,62,69,57,55,64,67,61,61,71,69,75,71,69,72,75,71,84,76,63,69,63}","(Gothic Metal) [WEB] Impromtus ad Mortem - Collection, 2 releases - 2014 - 2017, FLAC (tracks), lossless"
6441576,2,43256904,3E9468944EB1F62C0FF350AFDB6376C078C5374F,362841002,1,2026-07-31 02:21:01,9,3,"{7,24,24,24,24,24,24,24,24,24,23,24,24,24,24,24,24,24,24,23,25,24,24,24,25,24,24,26,24,24,24}","{69,295,303,305,317,371,319,260,241,274,267,239,286,218,207,209,225,219,241,255,266,202,206,207,221,235,266,248,222,245,209}","(Gothic Metal | Darkwave) [WEB] Mantus - Verst&#228;rker - 2023, FLAC (tracks), lossless"
6442124,2,1840441,11DC2618D07F665146DC64ECA5490B918D9BAAD1,327620120,1,2026-07-31 02:21:01,4,3,"{7,24,24,24,24,24,24,24,24,24,23,24,24,24,24,24,24,24,24,23,25,24,24,24,25,24,24,26,24,24,24}","{25,102,90,103,94,77,79,88,74,78,80,90,88,90,85,84,89,67,67,86,97,82,81,78,89,89,100,98,86,88,78}","(Gothic Metal) [CD] Casket - Emotions... ...Dream Or Reality - 1997, FLAC (tracks+.cue), lossless"
6442129,2,1840441,68E58E683BAF716094F29C40EBFD0677FF62A222,352589771,1,2026-07-31 02:21:01,4,3,"{7,24,24,24,24,24,24,24,24,24,23,24,24,24,24,24,24,24,24,23,25,24,24,24,25,24,24,26,24,24,24}","{25,102,90,103,92,78,76,88,75,79,79,89,85,91,85,84,90,67,67,86,98,80,83,77,90,86,100,98,85,87,79}","(Gothic Metal) [CD] Casket - Faithless - 1998, FLAC (image+.cue), lossless"
6445851,2,43256904,29652B939D1E5EAFE77CAA9079D5442F91B709D1,425412066,1,2026-07-31 02:21:01,5,3,"{7,24,24,24,24,24,24,24,24,24,23,24,24,24,24,24,24,24,24,23,25,24,24,24,25,24,24,26,24,24,24}","{29,109,112,106,89,78,78,86,92,100,93,97,85,87,93,96,92,81,81,86,100,77,91,86,94,90,96,103,92,94,87}","(Symphonic | Gothic | Progressive Metal) [WEB] Veil Of Mist - Another End Is Possible - 2023, FLAC (tracks), lossless"
6445864,2,43256904,EC29D92A9D3C92DB51FA2F948E701B79B7B06796,344200562,1,2026-07-31 02:21:01,4,3,"{7,24,24,24,24,24,24,24,24,24,23,24,24,24,24,24,24,24,24,23,25,24,24,24,25,24,24,26,24,24,24}","{28,96,96,92,77,73,73,80,84,90,85,94,81,79,88,90,85,85,95,87,96,77,86,83,92,85,91,102,88,91,87}","(Gothic | Black Metal) [WEB] Locus Anim&#230; (Locus Animae) - Buio - 2023, FLAC (tracks), lossless"
6446387,2,43256904,4A673D76CE4948CC4F4FB514AC16B766BD266DB1,319814726,1,2026-07-31 02:21:01,7,3,"{7,24,24,24,24,24,24,24,24,24,23,24,24,24,24,24,24,24,24,23,25,24,24,24,25,24,24,26,24,24,24}","{39,162,156,146,131,119,124,133,127,132,131,132,139,136,127,134,134,138,133,139,141,128,131,119,134,116,135,141,103,118,116}","(Symphonic Metal) [WEB] Elegy Of Madness - XI - 2023, FLAC (tracks), lossless"
6447056,2,12063696,65AEC3947B5CCBB89DE13DE2AB28D4BA605A1CC7,508645856,1,2026-07-31 02:21:01,6,3,"{7,24,24,24,24,24,24,24,24,24,23,24,24,24,24,24,24,24,24,23,25,24,24,24,25,24,24,26,24,24,24}","{39,150,162,143,141,180,165,172,200,182,180,152,205,202,180,155,171,169,173,159,162,148,151,129,162,144,167,144,127,141,168}","(Gothic Metal) [WEB] Cemetery of Scream - Oceans - 2023, FLAC (tracks), lossless"
6447507,2,34900414,C2222905EE3B688AB9FEBAD7546061A7F39D7D57,629732546,1,2026-07-31 02:21:01,31,3,"{7,24,24,24,24,24,24,24,24,24,23,24,24,24,24,24,24,24,24,23,25,24,24,24,25,24,24,26,24,24,24}","{209,856,803,765,827,815,809,775,749,751,663,639,611,624,650,779,810,787,733,753,810,667,628,706,704,693,728,738,684,745,791}","(Alternative Metal, Symphonic Metal, Female Vocal) [CD] Within Temptation - Bleed Out (Ltd-Edition) - 2023, FLAC (image+.cue), lossless"
6447566,2,43256904,370C66BECAAD4BAF1ADA20399D8297E1DF16DAE1,331051564,1,2026-07-31 02:21:01,4,3,"{7,24,24,24,24,24,24,24,24,24,23,24,24,24,24,24,24,24,24,23,25,24,24,24,25,24,24,26,24,24,24}","{28,96,96,92,77,73,74,80,84,90,84,96,81,79,88,91,85,92,99,88,99,78,84,83,92,83,90,102,85,92,89}","(Symphonic Gothic Metal) [WEB] Nota Profana - The Devil's Playground - 2013, FLAC (tracks), lossless"
6448174,2,12063696,5E50207BA879BDDECBD49032CADD009074CA1298,1743256748,1,2026-07-31 02:21:01,5,3,"{7,24,24,24,24,24,24,24,24,24,23,24,24,24,24,24,24,24,24,23,25,24,24,24,25,24,24,26,24,24,24}","{37,175,193,192,228,227,189,168,147,135,159,133,171,225,223,231,247,221,248,188,205,191,235,231,271,295,281,286,201,249,204}","(Dungeon Synth) [CD, WEB] Mortiis - Коллекция - 1993-2021 (7 релизов), FLAC (image+cue, tracks), lossless"
6448374,2,43256904,B966EFE1A25B83C7E0A6C49B2908C67AAFA13567,461944176,1,2026-07-31 02:21:01,4,3,"{7,24,24,24,24,24,24,24,24,24,23,24,24,24,24,24,24,24,24,23,25,24,24,24,25,24,24,26,24,24,24}","{34,120,120,104,81,94,92,88,90,96,92,97,87,96,92,90,83,98,95,87,96,93,95,90,92,96,99,102,89,95,89}","(Gothic | Death Metal) [WEB] Sangre Maldita - Alma Negra - 2023, FLAC (tracks), lossless"
6448485,2,43256904,4D9D68F0F2C6DE9F20460A1A62FDF015C037FBC6,265732072,1,2026-07-31 02:21:01,7,3,"{7,24,24,24,24,24,24,24,24,24,23,24,24,24,24,24,24,24,24,23,25,24,24,24,25,24,24,26,24,24,24}","{43,165,165,162,164,153,166,158,158,157,151,138,135,140,139,163,151,149,156,148,135,117,127,126,133,141,165,182,173,158,156}","(Extreme Symphonic | Gothic Metal) [WEB] W.E.B. - Into Hell Fire We Burn - 2023, FLAC (tracks), lossless"
6451422,2,12063696,1968CBA1CAC1B946BA855D20379FDC7E2F777A56,179352266,1,2026-07-31 02:21:01,3,3,"{7,24,24,24,24,24,24,24,24,24,23,24,24,24,24,24,24,24,24,23,25,24,24,24,25,24,24,26,24,24,24}","{23,80,74,77,66,77,56,70,72,73,64,69,60,55,79,67,70,68,80,71,76,76,78,76,82,74,88,76,70,69,63}","(Gothic Metal, Heavy Metal) [WEB] Lullacry - To Every Heartache - 2013, FLAC (tracks), lossless"
6451923,2,37297848,CC3402DD64F9B609EB9AF8ACEBA272E1D6DDE5A9,385234846,1,2026-07-31 02:21:01,4,3,"{7,24,24,24,24,24,24,24,24,24,23,24,24,24,24,24,24,24,24,23,25,24,24,24,25,24,24,26,24,24,24}","{28,96,96,92,77,75,72,79,84,90,84,96,81,79,88,90,85,85,95,87,98,79,85,83,92,85,91,102,90,86,87}","(Gothic/Doom/Death Metal) [WEB] Spell of Enchantress - Lost Prayers Of Those Forever Gone - 2023, FLAC (tracks), lossless"
6456173,2,1840441,897DADEB3D722E27E8E658DA7B97B6058681B5D7,1030394249,1,2026-07-31 02:21:01,12,3,"{7,24,24,24,24,24,24,24,24,24,23,24,24,24,24,24,24,24,24,23,25,24,24,24,25,24,24,26,24,24,24}","{84,313,314,309,292,331,339,362,333,303,325,299,345,326,314,326,361,365,346,358,341,307,235,236,243,242,250,292,291,296,306}","(Gothic Metal) [CD] Elysion - Discography (2009-2023) 3 CD, FLAC (image+.cue), lossless"
6459083,2,12063696,93F219F72D0FA466803988B4051415C80E958EE6,1826938010,1,2026-07-31 02:21:01,3,3,"{7,24,24,24,24,24,24,24,24,24,23,24,24,24,24,24,24,24,24,23,25,24,24,24,25,24,24,26,24,24,24}","{23,80,75,77,66,73,56,70,70,73,63,70,60,55,81,67,70,68,80,71,76,75,78,76,80,74,88,76,63,67,63}","(Gothic Metal) [WEB] SadDoLLs (Sad Dolls) - Коллекция (8 релизов) - 2009-2020, FLAC (tracks), lossless"
6464938,2,12063696,CD23A6E6800406454838B38331086FFC61BC7774,2458436847,1,2026-07-31 02:21:01,8,3,"{7,24,24,24,24,24,24,24,24,24,23,24,24,24,24,24,24,24,24,23,25,24,24,24,25,24,24,26,24,24,24}","{57,216,168,224,244,282,239,217,227,228,220,231,322,263,227,184,201,178,253,281,289,261,225,220,210,218,288,248,205,194,218}","(Gothic Metal, Industrial-Metal) [CD, WEB] Deathstars - Коллекция (5 релизов) - 2002-2023, FLAC (image+.cue, tracks), lossless"
6467078,2,12063696,DBC27D7DFE3A48C7E2450769266D05DF2634BFD9,393830418,1,2026-07-31 02:21:01,5,3,"{7,24,24,24,24,24,24,24,24,24,23,24,24,24,24,24,24,24,24,23,25,24,24,24,25,24,24,26,24,24,24}","{35,126,126,132,126,148,137,124,136,138,127,124,125,144,146,124,134,151,139,136,125,105,109,105,109,108,130,127,121,119,124}","(Gothic Metal) [CD] Lake of Tears - Forever Autumn - 1999, FLAC (image+.cue), lossless"
6467684,2,169860,A1B90C172C9F0DD307EC303C076DF7471393408C,415519196,1,2026-07-31 02:21:01,6,4,"{7,24,24,24,24,24,24,24,24,24,23,24,24,24,24,24,24,24,24,23,25,24,24,24,25,24,24,26,24,24,24}","{47,150,143,126,139,134,143,140,141,141,119,115,104,104,119,112,124,128,125,126,135,125,148,151,157,149,170,164,142,147,144}","(Gothic metal) [CD] Scream Silence - Saviourine - 2005, FLAC (image+.cue), lossless"
6473078,2,12063696,F4289EED31991F14235C1076376D67F79644A921,672706400,1,2026-07-31 02:21:01,3,3,"{7,24,24,24,24,24,24,24,24,24,23,24,24,24,24,24,24,24,24,23,25,24,24,24,25,24,24,26,24,24,24}","{23,81,75,77,66,76,58,76,71,76,60,72,62,55,82,67,70,68,81,73,83,76,76,76,82,74,87,76,66,65,63}","(Gothic Metal, Synth-Rock) [WEB] Romanthica - Коллекция (2 релиза) - 2016-2018, FLAC (tracks), lossless"
6474357,2,43256904,23373760C3D4806ACCB12A15DB53B87FC30E6656,312654835,1,2026-07-31 02:21:01,4,3,"{7,24,24,24,24,24,24,24,24,24,23,24,24,24,24,24,24,24,24,23,25,24,24,24,25,24,24,26,24,24,24}","{28,96,96,92,77,73,72,80,84,90,85,96,81,79,88,91,85,85,95,87,98,78,85,83,92,85,92,102,90,93,87}","(Blackened Gothic Metal | Dark Rock) [WEB] The Vice - Dead Canary Run - 2024, FLAC (tracks), lossless"
6477494,2,43256904,C2B1AD0DB340FBF133B4617B4EEA12B794250277,326332647,1,2026-07-31 02:21:01,7,3,"{7,24,24,24,24,24,24,24,24,24,23,24,24,24,24,24,24,24,24,23,25,24,24,24,25,24,24,26,24,24,24}","{55,193,202,224,204,205,231,274,279,277,267,262,244,255,261,258,259,249,282,269,272,207,222,281,306,269,277,313,301,260,284}","(Progressive Metal) [WEB] Madder Mortem - Old Eyes, New Heart - 2024, FLAC (tracks), lossless"
6481412,2,169860,39E2261989F5701C9F16AC79E50AD477BB7B469A,333578778,1,2026-07-31 02:21:01,3,3,"{7,24,24,24,24,24,24,24,24,24,23,24,24,24,24,24,24,24,24,23,25,24,24,24,25,24,24,26,24,24,24}","{26,92,89,90,77,69,66,78,70,81,74,91,83,64,82,83,77,66,63,74,87,77,81,78,88,77,90,91,83,78,77}","(Gothic Metal) [CD] Daylight Torn - New Skin - 2001, FLAC (image+.cue), lossless"
6484720,2,1840441,DB8B88D9F0E1C2FE2B9A297C1B53D5F2EE6D456B,342920844,1,2026-07-31 02:21:01,4,3,"{7,24,24,24,24,24,24,24,24,24,23,24,24,24,24,24,24,24,24,23,25,24,24,24,25,24,24,26,24,24,24}","{25,103,92,118,99,83,81,80,78,93,99,104,107,82,83,87,101,84,105,97,104,82,88,87,105,105,104,104,94,106,121}","(Gothic/Doom Metal) [CD] Eternal Passion - Loneliness - 1997, FLAC (image+.cue), lossless"
6494174,2,43256904,9E79949B279F5D53760D23BF217FD4CBDB65BD02,316153122,1,2026-07-31 02:21:01,5,3,"{7,24,24,24,24,24,24,24,24,24,23,24,24,24,24,24,24,24,24,23,25,24,24,24,25,24,24,26,24,24,24}","{35,132,121,123,100,104,93,103,112,97,93,103,101,101,110,100,100,96,99,99,103,100,113,116,114,96,109,105,98,96,99}","(Industrial Gothic Metal) [WEB] Hell Boulevard - Requiem - 2024, FLAC (tracks), lossless"
6501987,2,1273598,C1BAA5653E540C75EFCA4E448788EE4032AA7F29,282787464,1,2026-07-31 02:21:01,6,4,"{7,24,24,24,24,24,24,24,24,24,23,24,24,24,24,24,24,24,24,23,25,24,24,24,25,24,24,26,24,24,24}","{42,156,150,150,127,134,115,129,125,126,118,125,134,118,119,121,124,120,121,130,127,121,137,140,139,120,131,130,124,130,121}","(Gothic Metal) [WEB] Enter Tragedy - Trinitas - 2024, FLAC (tracks), lossless"
6503277,2,43256904,CAD92312C263D70BBB7B69BFED40C646C1EBCED4,749866545,1,2026-07-31 02:21:01,13,3,"{7,24,24,24,24,24,24,24,24,24,23,24,24,24,24,24,24,24,24,23,25,24,24,24,25,24,24,26,24,24,24}","{94,378,363,368,357,354,316,331,318,330,321,316,308,321,313,334,336,346,353,337,349,329,298,324,352,329,309,346,328,326,353}","(Symphonic Metal) [WEB] Leaves' Eyes - Myths of Fate - 2024, FLAC (tracks), lossless"
6504292,2,43256904,7FC749BE62E8D59DFE31341821A81B5FCD9D5513,326850737,1,2026-07-31 02:21:01,6,4,"{7,24,24,24,24,24,24,24,24,24,23,24,24,24,24,24,24,24,24,23,25,24,24,24,25,24,24,26,24,24,24}","{42,172,168,162,143,145,150,140,146,149,133,145,165,136,142,146,144,153,151,152,146,135,137,145,152,151,169,163,151,153,168}","(Symphonic Metal) [WEB] Unshine - Karn Of Burnings - 2024, FLAC (tracks), lossless"
6504991,2,20459551,01985C61CE9B7CE67F93589071B296FFD059909C,359281939,1,2026-07-31 02:21:01,3,3,"{7,24,24,24,24,24,24,24,24,24,23,24,24,24,24,24,24,24,24,23,25,24,24,24,25,24,24,26,24,24,24}","{23,80,75,77,65,62,54,64,65,68,61,70,57,55,64,67,61,61,71,69,76,69,67,72,74,71,86,76,68,64,63}","(Gothic Metal) [CD] Greedy Invalid - Lost Letter - 2002, FLAC (image+.cue), lossless"
6505644,2,43256904,46315D1B56A06AC75543B32DA64476089010BD23,297631412,1,2026-07-31 02:21:01,4,3,"{7,24,24,24,24,24,24,24,24,24,23,24,24,24,24,24,24,24,24,23,25,24,24,24,25,24,24,26,24,24,24}","{28,102,106,103,87,88,90,84,92,96,93,95,89,95,93,102,96,98,85,97,105,93,90,94,97,93,106,105,91,99,87}","(Doom Metal | Alternative | Gothic Rock) [WEB] Autumnblaze - Auf Zerfetzten Schwingen - 2024, FLAC (tracks), lossless"
6505738,2,50511676,DC71DCF064C01750C3B7E00E6CA5C68BF624B96E,298208679,1,2026-07-31 02:21:01,3,3,"{7,24,24,24,24,24,24,24,24,24,23,24,24,24,24,24,24,24,24,23,25,24,24,24,25,24,24,26,24,24,24}","{23,90,74,77,65,60,58,64,64,68,60,72,61,55,64,67,61,61,71,69,75,72,68,72,74,71,85,76,67,66,66}","(Progressive Gothic Metal) [WEB] Via Obscura - Traum - 2009, FLAC (tracks), lossless"
6509218,2,450224,73BA49BC793F2257435671338014AED03C5644E9,219950690,1,2026-07-31 02:21:01,6,4,"{7,24,24,24,24,24,24,24,24,24,23,24,24,24,24,24,24,24,24,23,25,24,24,24,25,24,24,26,24,24,24}","{42,145,144,135,124,117,119,120,128,121,117,116,120,120,119,116,120,120,124,116,126,113,114,120,125,120,137,136,114,115,120}","(Symphonic Metal) [WEB] Legends of Andalor - Solemia - 2024, FLAC (tracks), lossless"
6514401,2,40428931,0C2F16058CCE85AA0B243577B603A65C7AEC23DA,385694235,1,2026-07-31 02:21:01,4,4,"{7,24,24,24,24,24,24,24,24,24,23,24,24,24,24,24,24,24,24,23,25,24,24,24,25,24,24,26,24,24,24}","{28,83,75,80,81,72,73,76,84,93,89,95,83,79,87,91,85,85,95,87,98,79,82,83,92,85,91,103,97,96,100}","(Gothic/Heavy Metal, Female Vocal) [WEB] Evolucija - The World Is Full of Wrath - 2024, FLAC (tracks), lossless"
6516561,2,43256904,334A8DED396D7A2007679A1D1D6E8376ACC5DE67,271549059,1,2026-07-31 02:21:01,5,3,"{7,24,24,24,24,24,24,24,24,24,23,24,24,24,24,24,24,24,24,23,25,24,24,24,25,24,24,26,24,24,24}","{35,126,131,127,124,120,119,125,131,126,138,130,128,127,117,132,120,144,131,124,130,116,114,129,135,129,136,136,142,141,149}","(Gothic Metal) [WEB] The Vision Bleak - Weird Tales - 2024, FLAC (tracks), lossless"
6516564,2,43256904,AA03CB96DC2500C3E67DDA1048E5E7F868171CA4,391681276,1,2026-07-31 02:21:01,4,3,"{7,24,24,24,24,24,24,24,24,24,23,24,24,24,24,24,24,24,24,23,25,24,24,24,25,24,24,26,24,24,24}","{28,102,96,92,77,95,100,97,111,101,90,105,86,94,98,99,85,88,100,87,97,81,95,100,100,94,92,118,98,101,96}","(Gothic Metal | Rock) [WEB] Gone Til Winter - Hiding From The Sun - 2024, FLAC (tracks), lossless"
6516610,2,43256904,EF5D6F3E561829F2DDD705DB6492489876243BE9,444629636,1,2026-07-31 02:21:01,5,3,"{7,24,24,24,24,24,24,24,24,24,23,24,24,24,24,24,24,24,24,23,25,24,24,24,25,24,24,26,24,24,24}","{35,120,121,112,99,111,92,97,108,96,93,95,108,108,94,96,96,96,96,101,102,93,92,96,100,96,125,110,96,98,96}","(Gothic | Doom | Death Metal) [WEB] Catalepsia - Pavisam - 2024, FLAC (tracks), lossless"
6517626,2,50511676,1265A1D4FADE4B529B4E9E33BE6B68AD784A0990,185060980,1,2026-07-31 02:21:01,3,3,"{7,24,24,24,24,24,24,24,24,24,23,24,24,24,24,24,24,24,24,23,25,24,24,24,25,24,24,26,24,24,24}","{23,80,74,77,65,58,57,64,62,68,62,72,57,55,64,67,61,61,71,69,75,71,68,72,75,71,86,76,65,70,63}","(Symphonic Gothic/Death Metal) [CD] Mourn in Silence - Redemption (EP) - 2003, FLAC (tracks+.cue), lossless"
6518693,2,37297848,D307F5B9AE256BD2C23FE85E962B899F00EDE226,279550145,1,2026-07-31 02:21:01,4,3,"{7,24,24,24,24,24,24,24,24,24,23,24,24,24,24,24,24,24,24,23,25,24,24,24,25,24,24,26,24,24,24}","{28,96,96,92,77,80,73,80,102,96,91,92,84,79,88,89,87,76,72,89,99,78,85,83,91,85,91,102,91,88,87}","(Gothic Metal) [WEB] Escarlathia - Escarlathia - 2024, FLAC (tracks), lossless"
6521330,2,12063696,8DDB5F25818C6F68DAAB976D961029F6A68143AC,3103798409,1,2026-07-31 02:21:01,10,3,"{7,24,24,24,24,24,24,24,24,24,23,24,24,24,24,24,24,24,24,23,25,24,24,24,25,24,24,26,24,24,24}","{72,259,342,335,269,299,311,269,255,285,244,271,270,253,254,252,253,257,285,277,299,242,245,256,219,249,262,284,211,236,249}","(Gothic Metal, Industrial-Metal) [CD, WEB] Gothminister - Дискография (8 релизов) - 2003-2024, FLAC (image+.cue, tracks), lossless"
6522286,2,1840441,E091799E1085FC0C9B720C3BE9CCB21BEDF6A501,384589805,1,2026-07-31 02:21:01,5,3,"{7,24,24,24,24,24,24,24,24,24,23,24,24,24,24,24,24,24,24,23,25,24,24,24,25,24,24,26,24,24,24}","{37,143,135,129,117,104,120,123,118,113,105,104,124,131,112,111,130,107,118,121,134,108,115,111,123,123,129,142,112,118,120}","(Gothic Metal) [CD] Evenfall - Cumbersome - 2002, FLAC (image+.cue), lossless"
6522669,2,1840441,941D87B4F1683797A0FE077075F51554D489905D,1255913479,1,2026-07-31 02:21:01,6,3,"{7,24,24,24,24,24,24,24,24,24,23,24,24,24,24,24,24,24,24,23,25,24,24,24,25,24,24,26,24,24,24}","{42,160,161,133,124,125,136,131,138,123,141,120,170,145,136,118,141,124,137,136,144,127,128,126,141,139,146,147,123,141,135}","(Gothic Metal) [CD] Atargatis - Collection (1999-2007) 4 CD, FLAC (image+.cue), lossless"
6524178,2,12063696,17FD5B2B8116DF1AE41C61D5CE303785498B6ADE,365963608,1,2026-07-31 02:21:01,14,3,"{7,24,24,24,24,24,24,24,24,24,23,24,24,24,24,24,24,24,24,23,25,24,24,24,25,24,24,26,24,24,24}","{95,361,320,342,373,382,350,332,355,340,374,386,381,321,302,304,339,353,363,348,316,297,321,320,347,382,415,352,320,324,346}","(Doom Metal, Death Metal) [WEB] The Gathering - Always... 30 Year Anniversary Edition - 1992 (2024), FLAC (tracks), lossless"
6524210,2,37297848,613997A6E374C00CDDA9B74214AD9E712BEE0EFB,67224192,1,2026-07-31 02:21:01,4,3,"{7,24,24,24,24,24,24,24,24,24,23,24,24,24,24,24,24,24,24,23,25,24,24,24,25,24,24,26,24,24,24}","{22,98,102,118,104,93,85,84,84,91,98,113,113,92,89,94,93,103,104,100,101,83,90,89,102,110,119,103,94,94,102}","(Gothic Metal) [WEB] Dark Embrace - Under the Veil of Winter [2 tracks promo] (Demo) - 1996/2014, FLAC (tracks), lossless"
6533964,2,43256904,78DBFC893B71E3CDCCB8CAB40E98495093852AF2,325382072,1,2026-07-31 02:21:01,6,3,"{7,24,24,24,24,24,24,24,24,24,23,24,24,24,24,24,24,24,24,23,25,24,24,24,25,24,24,26,24,24,24}","{36,135,126,135,132,141,129,135,124,125,123,137,143,135,125,124,128,124,129,134,143,125,140,147,149,137,135,150,137,132,127}","(Melodic Gothic Metal) [WEB] Lamori - Neon Blood Fire - 2024, FLAC (tracks), lossless"
6536321,2,17086152,5CF469CB82A7CE6DE81C80F5EC62B8B0E942C886,318180811,1,2026-07-31 02:21:01,5,3,"{7,24,24,24,24,24,24,24,24,24,23,24,24,24,24,24,24,24,24,23,25,24,24,24,25,24,24,26,24,24,24}","{35,120,117,120,120,119,115,120,120,118,115,120,120,118,112,122,120,120,120,115,125,114,112,120,124,120,120,130,118,117,120}","(Melodic Death Metal) [CD] Dark Embrace - Dark Heavy Metal - 2023, FLAC (image+.cue), lossless"
6538359,2,43256904,5C6D6A4ADF8BCB6D4A9F7720E1528827E24414BC,302961080,1,2026-07-31 02:21:01,5,4,"{7,24,24,24,24,24,24,24,24,24,23,24,24,24,24,24,24,24,24,23,25,24,24,24,25,24,24,26,24,24,24}","{35,131,127,128,104,117,105,107,106,105,97,110,116,112,109,104,104,104,102,111,112,119,119,131,119,104,133,125,132,108,104}","(Gothic Metal) [WEB] Samsas Traum - Kalk (Underground Edition) - 2024, FLAC (tracks), lossless"
6541438,2,1840441,0846C4B9B2CD021B0A986605CC5860391BFC80C6,1413527798,1,2026-07-31 02:21:01,4,3,"{7,24,24,24,24,24,24,24,24,24,23,24,24,24,24,24,24,24,24,23,25,24,24,24,25,24,24,26,24,24,24}","{25,92,83,91,74,68,64,76,75,71,72,82,77,72,76,76,81,70,83,82,93,74,79,74,86,78,87,94,79,82,78}","(Death/Gothic Metal) [CD] Tenebrarum - Collection (2001-2014) 2 releases, FLAC (image+.cue), lossless"
6541630,2,43256904,61EB46EA7843BF72905702F86B1A6DB866F236E1,344612186,1,2026-07-31 02:21:01,4,3,"{7,24,24,24,24,24,24,24,24,24,23,24,24,24,24,24,24,24,24,23,25,24,24,24,25,24,24,26,24,24,24}","{28,96,96,92,77,73,72,80,84,90,85,94,81,79,88,91,85,85,95,87,97,76,85,83,92,85,91,102,92,91,87}","(Gothic | Doom Metal) [WEB] Encantarya - Sonatas no Reino do Eco - 2024, FLAC (tracks), lossless"
6542634,2,1840441,C10F52E4883D575563B481791851512CC7554C2E,1077940943,1,2026-07-31 02:21:01,4,3,"{7,24,24,24,24,24,24,24,24,24,23,24,24,24,24,24,24,24,24,23,25,24,24,24,25,24,24,26,24,24,24}","{31,106,85,88,78,72,67,76,75,73,72,84,77,77,94,90,98,88,75,92,100,75,75,74,89,78,88,94,81,84,78}","(Gothic/Doom Metal) [CD] Tales Of Dark... - Discography (2006-2009) 2 CD, FLAC (image+.cue), lossless"
6544080,2,43256904,B9E8259D5733553CB28A1474648C03E3A9E67A2D,488883609,1,2026-07-31 02:21:01,5,3,"{7,24,24,24,24,24,24,24,24,24,23,24,24,24,24,24,24,24,24,23,25,24,24,24,25,24,24,26,24,24,24}","{39,154,139,147,151,164,143,177,143,159,152,145,132,139,167,135,167,146,159,158,160,154,138,160,152,144,155,160,151,148,171}","(Gothic Metal) [WEB] Autumns Eyes - Grimoire of Oak &amp; Shadow - 2024, FLAC (tracks), lossless"
6560850,2,1840441,B2A7E0098D2E88FF1B6BA543C4694B862866D88D,457495634,1,2026-07-31 02:21:01,5,3,"{7,24,24,24,24,24,24,24,24,24,23,24,24,24,24,24,24,24,24,23,25,24,24,24,25,24,24,26,24,24,24}","{30,110,105,107,120,108,88,90,89,93,92,108,119,96,97,90,98,99,108,110,105,85,89,91,104,109,113,106,94,104,105}","(Gothic Metal) [CD] Veil Of Sorrow - Dark Rivers Of The Heart - 2001, FLAC (image+.cue), lossless"
6564338,2,2077094,7B29C3348BAF7FB8DEB375A62956F21133B5F7B1,424826924,1,2026-07-31 02:21:01,5,3,"{7,24,24,24,24,24,24,24,24,24,23,24,24,24,24,24,24,24,24,23,25,24,24,24,25,24,24,26,24,24,24}","{32,142,160,155,160,171,192,165,160,147,143,123,152,150,149,143,145,134,162,185,162,158,152,154,141,156,185,189,159,176,177}","(Symphonic Metal) [CD] Imperia - Dark Paradise - 2024, FLAC (image+.cue), lossless"
6572188,2,1840441,A2936820D8CB02DB1DCB76D77F85390925984A56,295583169,1,2026-07-31 02:21:01,6,3,"{7,24,24,24,24,24,24,24,24,24,23,24,24,24,24,24,24,24,24,23,25,24,24,24,25,24,24,26,24,24,24}","{37,167,163,151,132,163,145,158,147,148,165,158,176,200,218,187,183,156,155,187,172,147,167,184,197,139,163,172,153,166,192}","(Gothic Metal) [CD] The Vision Bleak - Weird Tales - 2024, FLAC (image+.cue), lossless"
6580498,2,27134777,A60357193FFDE70FE3CC518CBF920674C9EEA1E4,257899808,1,2026-07-31 02:21:01,3,3,"{7,24,24,24,24,24,24,24,24,24,23,24,24,24,24,24,24,24,24,23,25,24,24,24,25,24,24,26,24,24,24}","{23,80,74,77,65,59,55,64,64,68,62,71,57,55,64,67,61,61,71,69,76,71,67,72,75,71,86,76,68,65,63}","(Gothic Metal) [WEB] Holiness - Beneath The Surface, 2009, FLAC (tracks), lossless"
6580578,8,47602709,BF707895EE60A2189C38F65AECC204FD4C1111AA,420934052,1,2026-07-31 02:21:01,4,3,"{7,24,24,24,24,24,24,24,24,24,23,24,24,24,24,24,24,24,24,23,25,24,24,24,25,24,24,26,24,24,24}","{24,99,86,86,80,77,69,73,72,72,67,85,75,77,90,91,101,88,81,100,98,75,79,77,90,80,84,82,80,85,69}","(Melodic Gothic Metal) [CD] Nicumo - Storms Arise - 2017, FLAC (tracks), lossless"
6580620,2,47602709,A1C308B92FA0239ECEC8C7544BF6C67EA65B03C3,381742999,1,2026-07-31 02:21:01,4,3,"{7,24,24,24,24,24,24,24,24,24,23,24,24,24,24,24,24,24,24,23,25,24,24,24,25,24,24,26,24,24,24}","{25,93,81,85,72,67,62,67,71,70,62,82,70,64,88,90,98,85,74,94,91,75,76,72,86,73,85,76,82,84,63}","(Melodic Gothic Metal) [WEB] Nicumo - The End of Silence - 2013, FLAC (tracks), lossless"
6580942,2,40330812,CA0CA2E90DF663A04CF56CC6F571DDD1025AD2FE,1025558147,1,2026-07-31 02:21:01,7,3,"{7,24,24,24,24,24,24,24,24,24,23,24,24,24,24,24,24,24,24,23,25,24,24,24,25,24,24,26,24,24,24}","{55,204,211,204,221,213,199,199,179,184,170,187,176,211,197,205,215,218,223,272,272,232,213,239,254,230,229,261,219,210,224}","(Gothic Metal, Symphonic Rock) [CD] Lacrimosa - Schakal 1994-2024 - 2024, FLAC (image+.cue), lossless"
6599596,2,47602709,E2D148DB87C862BC10F8117E4442DF618BDE4A19,365719458,1,2026-07-31 02:21:01,6,3,"{7,24,24,24,24,24,24,24,24,24,23,24,24,24,24,24,24,24,24,23,25,24,24,24,25,24,24,26,24,24,24}","{45,177,182,174,181,185,191,188,173,179,170,181,191,200,193,179,192,173,194,206,190,188,164,179,211,207,189,205,188,196,183}","(Gothic Metal) [WEB] The Foreshadowing - New Wave Order - 2024, FLAC (tracks), lossless"
6609895,2,50372780,B21FC83087915AF3694049CD82793BD552554641,349621744,1,2026-07-31 02:21:01,5,3,"{7,24,24,24,24,24,24,24,24,24,23,24,24,24,24,24,24,24,24,23,25,24,24,24,25,24,24,26,24,24,24}","{35,152,158,157,147,165,161,155,172,163,156,148,130,164,174,131,136,137,124,153,157,125,135,148,153,188,207,248,195,179,177}","(Gothic Metal) [CD] High Parasite - Forever We Burn - 2024, FLAC (image+.cue), lossless"
6614879,2,12063696,224AB29B14BA20799D2753A97FC6C5F422D98CF1,1675711916,1,2026-07-31 02:21:01,5,3,"{7,24,24,24,24,24,24,24,24,24,23,24,24,24,24,24,24,24,24,23,25,24,24,24,25,24,24,26,24,24,24}","{38,217,245,241,204,248,235,223,201,244,254,250,248,259,230,226,239,217,265,246,234,212,233,216,258,256,337,341,261,289,251}","(Gothic Metal) [CD] Type O Negative - Коллекция (3 Релиза) - 1993-1999, FLAC (image+.cue), lossless"
6616013,2,51179072,291961A5EEB2B754222DC2D982F1025D45887479,274146884,1,2026-07-31 02:21:01,6,3,"{7,24,24,24,24,24,24,24,24,24,23,24,24,24,24,24,24,24,24,23,25,24,24,24,25,24,24,26,24,24,24}","{36,126,127,123,130,134,139,131,124,127,122,138,151,138,131,126,124,123,128,136,143,121,125,128,131,139,136,150,133,127,128}","(Gothic Metal) [WEB] Caressing Misery - Lost and Serene - 2024, FLAC (tracks), lossless"
6618394,2,14589453,8F56B1E2555AE24305A775FB4C25731E142A5921,1426729410,1,2026-07-31 02:21:01,7,3,"{7,24,24,24,24,24,24,24,24,24,23,24,24,24,24,24,24,24,24,23,25,24,24,24,25,24,24,26,24,24,24}","{47,181,189,171,150,184,175,159,155,154,144,130,155,135,126,147,132,133,145,134,150,132,144,145,146,151,183,165,157,144,139}","(Gothic Metal) [CD] Lacrimosa - Коллекция макси-синглов - 1993-2002 (4 CD), FLAC (image+.cue), lossless"
6620267,2,1840441,FD1E706FEFCF0F11A64713588D94B8680DCFEAFB,311333177,1,2026-07-31 02:21:01,11,4,"{7,24,24,24,24,24,24,24,24,24,23,24,24,24,24,24,24,24,24,23,25,24,24,24,25,24,24,26,24,24,24}","{69,237,249,247,249,179,199,168,166,162,168,194,178,179,175,176,183,171,160,160,203,190,244,196,187,187,172,193,138,153,152}","(Avantgarde Gothic/Dark Metal) [CD] Sadness - Danteferno - 1995, FLAC (image+.cue), lossless"
6629823,2,503218,5C0A723285DA79023C72DF419F7CB94F1C34ADBF,938232625,1,2026-07-31 02:21:01,5,3,"{7,24,24,24,24,24,24,24,24,24,23,24,24,24,24,24,24,24,24,23,25,24,24,24,25,24,24,26,24,24,24}","{35,123,118,117,101,107,99,103,109,100,92,98,108,110,94,99,103,99,101,107,124,127,139,128,128,135,166,160,146,144,129}","(Atmospheric/Gothic/Darkwave) [WEB] N.A.O.S. (NAOS) – Discography (3 albums) – 1995-1999 (2024 remastered), FLAC (tracks), lossless"
6633290,2,1840441,CB4BED48DED07B1F3D48D494DFB2E2AD8518A9FA,382988067,1,2026-07-31 02:21:01,7,3,"{7,24,24,24,24,24,24,24,24,24,23,24,24,24,24,24,24,24,24,23,25,24,24,24,25,24,24,26,24,24,24}","{37,125,105,106,97,97,95,91,109,92,101,98,105,101,95,84,96,81,92,91,102,85,81,80,100,82,86,104,81,83,80}","(Gothic/Doom Metal) [CD] The Equinox Ov The Gods - Where Angels Dare Not Tread - 2002, FLAC (image+.cue), lossless"
6633437,2,4716912,62595C265A0217617C1B42B0D46597522D010975,340239227,1,2026-07-31 02:21:01,9,3,"{7,24,24,24,24,24,24,24,24,24,23,24,24,24,24,24,24,24,24,23,25,24,24,24,25,24,24,26,24,24,24}","{75,309,319,336,342,421,364,335,338,337,338,375,399,449,423,431,387,371,386,420,421,422,367,356,387,333,396,362,323,334,355}","(Symphonic Metal) [CD] Xandria - Universal Tales (Japanese Edition) - 2024, FLAC (image+.cue), lossless"
6633806,2,43256904,EEB465BD2C904EC29EC2C06FDD3E0BE80AD0523C,365801514,1,2026-07-31 02:21:01,5,3,"{7,24,24,24,24,24,24,24,24,24,23,24,24,24,24,24,24,24,24,23,25,24,24,24,25,24,24,26,24,24,24}","{36,134,124,112,99,116,117,120,116,120,112,115,118,125,138,130,120,120,112,115,117,95,115,120,125,108,109,130,119,119,120}","(Gothic | Doom Metal) [WEB] Revel In Void - The Painting - 2025, FLAC (tracks), lossless"
6635030,2,37297848,CB447204E610930B508B537C0D6C2DD1C400C4CB,227639913,1,2026-07-31 02:21:01,3,3,"{7,24,24,24,24,24,24,24,24,24,23,24,24,24,24,24,24,24,24,23,25,24,24,24,25,24,24,26,24,24,24}","{23,82,78,93,80,73,64,68,61,71,75,94,81,66,92,95,86,98,88,102,94,70,70,72,84,88,99,83,87,84,84}","(Doom/Gothic Metal) [WEB] The Art Of Dethronement - Down on My Knees (EP) - 2000, FLAC (tracks), lossless"
6635213,2,43256904,559CC49AEFE1FE0EB37170841EC3BC889552F497,710495978,1,2026-07-31 02:21:01,7,3,"{7,24,24,24,24,24,24,24,24,24,23,24,24,24,24,24,24,24,24,23,25,24,24,24,25,24,24,26,24,24,24}","{51,206,203,192,197,178,190,180,191,180,185,209,231,226,191,207,224,227,208,209,231,202,180,186,189,189,210,216,189,213,208}","(Gothic | Depressed Subcore) [WEB] End Of Green - Twinfinity - 2025, FLAC (tracks), lossless"
6644833,2,43256904,3696D2E989F6696B25325B316BB4C6AD4D6348A5,390051736,1,2026-07-31 02:21:01,5,3,"{7,24,24,24,24,24,24,24,24,24,23,24,24,24,24,24,24,24,24,23,25,24,24,24,25,24,24,26,24,24,24}","{35,128,118,123,100,104,98,104,107,97,91,126,102,103,120,121,124,120,116,120,114,98,111,116,114,96,110,106,96,96,97}","(Symphonic Gothic Metal) [WEB] Opertus - Golden Shade - 2025, FLAC (tracks), lossless"
6645300,2,43256904,BFF4A79EFDEE653123D3CA600D4C8E24547A3C99,385918304,1,2026-07-31 02:21:01,5,3,"{7,24,24,24,24,24,24,24,24,24,23,24,24,24,24,24,24,24,24,23,25,24,24,24,25,24,24,26,24,24,24}","{35,120,118,112,99,97,93,97,109,96,92,119,97,102,113,121,120,120,115,115,114,94,95,96,105,101,123,106,96,99,98}","(Symphonic Gothic Metal) [WEB] Katrina - Amor Vamp&#237;rico - 2025, FLAC (tracks), lossless"
6645842,2,4726738,EE5F370DBB1D2CFE41B408282C65D18194A2A65D,373526070,1,2026-07-31 02:21:01,18,3,"{7,24,24,24,24,24,24,24,24,24,23,24,24,24,24,24,24,24,24,23,25,24,24,24,25,24,24,26,24,24,24}","{127,508,469,506,470,570,590,584,520,498,567,629,669,580,565,554,469,519,572,551,602,571,485,552,555,579,619,673,570,599,616}","(Gothic/Alternative Metal) [CD] Lacuna Coil - Sleepless Empire (Ltd. CD Box Set) - 2025, FLAC (image+.cue), lossless"
6645866,2,43256904,96B7CD66EDE836FF949960A41381496F1EB34D06,480826040,1,2026-07-31 02:21:01,5,3,"{7,24,24,24,24,24,24,24,24,24,23,24,24,24,24,24,24,24,24,23,25,24,24,24,25,24,24,26,24,24,24}","{35,128,119,118,111,140,137,125,134,123,122,145,109,141,154,147,137,144,122,137,115,104,129,120,124,110,122,149,129,128,140}","(Symphonic Gothic Metal) [WEB] Ros - Salvator - 2025, FLAC (tracks), lossless"
6646472,2,34993489,172093F2B0FCCB2EF59A9599B704ACA0DB429692,163033976,1,2026-07-31 02:21:01,3,3,"{7,24,24,24,24,24,24,24,24,24,23,24,24,24,24,24,24,24,24,23,25,24,24,24,25,24,24,26,24,24,24}","{23,92,79,79,67,68,69,68,68,70,64,78,68,68,68,78,76,67,77,76,87,71,81,79,90,83,94,99,78,70,67}","(Gothic/Black Metal) [WEB] Veile - The Ghost Sonata (EP) - 2021, FLAC (tracks), lossless"
6646876,2,43256904,8969B74BB28BBF689B989C4B68C1D820BFF9B31C,369996203,1,2026-07-31 02:21:01,4,3,"{7,24,24,24,24,24,24,24,24,24,23,24,24,24,24,24,24,24,24,23,25,24,24,24,25,24,24,26,24,24,24}","{28,96,96,92,77,74,78,80,84,91,92,96,81,79,88,91,85,79,72,94,97,93,92,96,100,104,114,108,104,97,92}","(Gothic | Progressive Metal) [WEB] Rioghan - Kept - 2025, FLAC (tracks), lossless"
6647410,2,34993489,69CDFC654CBEEBA28F89EBE418E95E0363B70265,365160897,1,2026-07-31 02:21:01,4,3,"{7,24,24,24,24,24,24,24,24,24,23,24,24,24,24,24,24,24,24,23,25,24,24,24,25,24,24,26,24,24,24}","{28,96,96,92,77,75,72,80,84,92,85,97,81,81,102,102,107,96,86,96,109,78,87,84,92,94,100,104,97,90,87}","(Gothic Metal) [WEB] Jennie Tebler's Out of Oblivion - Till Death Tear Us Part - 2008, FLAC (tracks), lossless"
6647832,2,43256904,2E7AAC1B63FBE22371C7E6D12846677FCCFE7393,333451531,1,2026-07-31 02:21:01,6,3,"{7,24,24,24,24,24,24,24,24,24,23,24,24,24,24,24,24,24,24,23,25,24,24,24,25,24,24,26,24,24,24}","{42,175,171,161,166,179,176,175,180,180,178,164,169,186,202,191,184,184,194,200,201,169,199,205,199,166,154,181,164,171,179}","(Gothic Metal) [WEB] Romanthica - Romanthica - 2025, FLAC (tracks), lossless"
6648490,2,34993489,D68CFBAD27C8F2322575DAE559CB7771E9EFF72A,96112614,1,2026-07-31 02:21:01,3,3,"{7,24,24,24,24,24,24,24,24,24,23,24,24,24,24,24,24,24,24,23,25,24,24,24,25,24,24,26,24,24,24}","{23,80,75,77,65,61,56,64,64,68,60,80,57,55,64,72,74,61,71,70,79,69,69,72,77,72,90,92,78,65,63}","(Gothic Metal) [WEB] Light of the Morning Star - Cemetery Glow (EP) - 2016, FLAC (tracks), lossless"
6648742,2,17086152,64B0AF96C1199D647C75EB7E1DD00ABD550F8965,456025299,1,2026-07-31 02:21:01,6,3,"{7,24,24,24,24,24,24,24,24,24,23,24,24,24,24,24,24,24,24,23,25,24,24,24,25,24,24,26,24,24,24}","{42,166,175,158,159,158,162,155,156,181,168,174,177,168,154,150,183,195,195,191,194,161,135,135,127,133,169,189,177,156,147}","(Gothic Metal) [CD] Cemetery Skyline - Nordic Gothic (Japan) - 2024, FLAC (image+.cue), lossless"
6649411,2,43256904,3BAB449CDAFCD57B3AA5381E6EFAAC315696C5C5,347641553,1,2026-07-31 02:21:01,4,3,"{7,24,24,24,24,24,24,24,24,24,23,24,24,24,24,24,24,24,24,23,25,24,24,24,25,24,24,26,24,24,24}","{28,104,103,92,77,77,68,80,86,95,97,97,85,81,96,98,96,96,91,95,105,77,90,82,105,85,91,104,91,91,89}","(Progressive Gothic | Doom Metal) [WEB] Ethereal - Downfall - 2024, FLAC (tracks), lossless"
6650479,2,34993489,C6B38062FD77666A36C8600F0F13D40B74A46431,130953457,1,2026-07-31 02:21:01,5,3,"{7,24,24,24,24,24,24,24,24,24,23,24,24,24,24,24,24,24,24,23,25,24,24,24,25,24,24,26,24,24,24}","{35,124,121,107,105,128,113,118,123,120,118,115,112,116,114,104,107,91,92,98,112,92,114,112,121,108,122,139,136,128,113}","(Gothic Metal) [WEB] Light of the Morning Star - Wings in the Night Sky (EP) - 2024, FLAC (tracks), lossless"
6655024,2,12063696,64920A67DAFAF1EE688A09F29D477AE45F782127,624047595,1,2026-07-31 02:21:01,5,4,"{7,24,24,24,24,24,24,24,24,24,23,24,24,24,24,24,24,24,24,23,25,24,24,24,25,24,24,26,24,24,24}","{35,127,120,123,118,144,120,124,121,122,114,126,151,144,141,130,140,134,153,130,146,141,160,142,133,143,176,138,119,109,106}","(Gothic Metal) [CD] Sundown - Коллекция (2 CD) - 1997-1999, FLAC (image+.cue), lossless"
6655898,2,1840441,5B03AE7EC44BC0DC40435662C01DA42B422EE63C,1143298960,1,2026-07-31 02:21:01,4,3,"{7,24,24,24,24,24,24,24,24,24,23,24,24,24,24,24,24,24,24,23,25,24,24,24,25,24,24,26,24,24,24}","{25,111,111,95,84,86,91,93,84,87,87,89,108,109,114,106,121,103,103,117,115,85,90,90,100,97,102,107,89,96,92}","(Gothic Metal) [CD] Lost in Tears - Discography (1999-2005) 3 CD, FLAC (image+.cue), lossless"
6658198,2,42936151,7734D29EBADAA7173B8110475E54784A5B34D5C3,509138917,1,2026-07-31 02:21:01,10,3,"{7,24,24,24,24,24,24,24,24,24,23,24,24,24,24,24,24,24,24,23,25,24,24,24,25,24,24,26,24,24,24}","{70,249,231,227,196,211,217,229,192,221,209,219,204,202,199,191,197,197,205,199,214,214,205,235,205,195,224,241,215,224,205}","(Symphonic Metal) [WEB] Delain - Dance With The Devil (Japan Edition) - 2024, FLAC (tracks+cue), lossless"
6658562,2,12063696,2A533AEBBD4116788BD4B3907AF2E07CC6ADC9F6,531463465,1,2026-07-31 02:21:01,4,3,"{7,24,24,24,24,24,24,24,24,24,23,24,24,24,24,24,24,24,24,23,25,24,24,24,25,24,24,26,24,24,24}","{28,113,123,100,92,125,97,111,108,103,98,93,101,99,113,97,99,99,104,100,106,104,101,102,111,107,135,122,103,108,101}","(Dark Metal) [WEB] Lord Agheros - Коллекция (2 Релиза) - 2022-2025, FLAC (tracks), lossless"
6664277,2,34993489,239474197AAC022EBD39B2B79284319CDCA8909B,46926142,1,2026-07-31 02:21:01,8,3,"{7,24,24,24,24,24,24,24,24,24,23,24,24,24,24,24,24,24,24,23,25,24,24,24,25,24,24,26,24,24,24}","{54,204,193,189,192,173,198,226,227,228,215,228,201,201,214,225,212,219,214,170,171,188,198,167,171,199,179,212,181,146,184}","(Orchestral) [WEB] Daniel Brennare (Lake of Tears) - The Secrets of the Rain (EP) - 2024, FLAC (tracks), lossless"
6675908,2,42936151,7D983F0BEAE2755BB7D971C6406BC8C7D0FD1825,1843233712,1,2026-07-31 02:21:01,17,3,"{7,24,24,24,24,24,24,24,24,24,23,24,24,24,24,24,24,24,24,23,25,24,24,24,25,24,24,26,24,24,24}","{121,437,426,442,420,465,509,426,455,477,447,404,440,405,382,423,436,467,517,548,576,449,448,496,500,505,570,563,462,469,520}","(Symphonic Metal / Female Vocal) [CD] Epica - Aspiral - 2025, FLAC (tracks+cue), lossless"
6676668,2,2981511,8C1CE088BF9A86E8ADBBA2FC22E89A280FF18A13,343480346,1,2026-07-31 02:21:01,8,3,"{7,24,24,24,24,24,24,24,24,24,23,24,24,24,24,24,24,24,24,23,25,24,24,24,25,24,24,26,24,24,24}","{52,230,211,203,203,222,220,224,221,224,228,206,229,241,255,217,222,225,230,228,213,184,210,226,228,218,197,253,244,233,232}","(Atmospheric Gothic Metal) [WEB] The Man-Eating Tree - Night Verses - 2025, FLAC (tracks), lossless"
6679041,2,17086152,C298E4242880E7EFA80F19C8BBFC7A051CA592BC,498993468,1,2026-07-31 02:21:01,22,3,"{7,24,24,24,24,24,24,24,24,24,23,24,24,24,24,24,24,24,24,23,25,24,24,24,25,24,24,26,24,24,24}","{163,652,625,684,672,711,658,660,630,624,637,722,752,711,691,625,653,593,646,675,711,602,592,599,607,598,697,686,594,652,686}","(Symphonic Metal) [CD] Epica - Aspiral - 2025, FLAC (image+.cue), lossless"
6679938,2,43256904,6CE99030BF91A5907166FED92CAF5128B9A43AA5,345204524,1,2026-07-31 02:21:01,6,3,"{7,24,24,24,24,24,24,24,24,24,23,24,24,24,24,24,24,24,24,23,25,24,24,24,25,24,24,26,24,24,24}","{42,191,208,224,221,212,204,187,177,172,182,164,179,208,177,159,169,163,163,156,179,168,183,175,195,180,169,206,159,171,172}","(Gothic | Doom Metal) [WEB] Tribunal - In Penitence and Ruin - 2025, FLAC (tracks), lossless"
6686650,2,2981511,A7ED8AE92E39D5E4C3AD765ED442852F279E3A6E,458651296,1,2026-07-31 02:21:01,4,3,"{7,24,24,24,24,24,24,24,24,24,23,24,24,24,24,24,24,24,24,23,25,24,24,24,25,24,24,26,24,24,24}","{28,101,115,102,103,118,110,108,120,101,100,113,99,113,137,128,138,140,112,120,130,106,96,107,107,102,111,111,112,103,105}","(Gothic | Doom Metal) [WEB] Firmament - A New World If You Can Take It - 2025, FLAC (tracks), lossless"
6687693,2,43256904,FB5BE33C02DD1CB67D1D5684F2B7B97735F195BF,268984808,1,2026-07-31 02:21:01,6,3,"{7,24,24,24,24,24,24,24,24,24,23,24,24,24,24,24,24,24,24,23,25,24,24,24,25,24,24,26,24,24,24}","{41,137,169,156,115,141,125,157,161,149,151,118,156,179,164,156,160,154,112,154,169,122,127,133,143,129,136,153,162,155,142}","(Gothic Metal) [WEB] Sinamore - No More Chains - 2025, FLAC (tracks), lossless"
6689382,2,43256904,2B4E247022A39B154E26529C37E50DF524C22A80,394724459,1,2026-07-31 02:21:01,4,3,"{7,24,24,24,24,24,24,24,24,24,23,24,24,24,24,24,24,24,24,23,25,24,24,24,25,24,24,26,24,24,24}","{28,113,96,101,83,91,83,88,92,92,89,97,81,91,107,120,108,111,102,104,126,81,97,92,101,91,96,105,92,93,88}","(Gothic | Vampiric Black Metal) [WEB] Lord Vampyr - The Greatest Bloodbath - 2025, FLAC (tracks), lossless"
6694962,2,34993489,B441D65A12498DFEF2F638B10227BB1F6190BD44,496832505,1,2026-07-31 02:21:01,4,3,"{7,24,24,24,24,24,24,24,24,24,23,24,24,24,24,24,24,24,24,23,25,24,24,24,25,24,24,26,24,24,24}","{37,129,134,142,116,125,126,129,132,139,135,122,113,151,158,152,132,127,120,116,123,90,101,128,146,116,118,123,109,116,122}","(Gothic Metal) [WEB] The Nefilim - Zoon (Expanded Edition) - 2024, FLAC (tracks), lossless"
6697337,2,51280726,2E3AF20FB4B5CB6A42B71FE5F760D3D00DA87E9B,146593834,1,2026-07-31 02:21:01,4,3,"{7,24,24,24,24,24,24,24,24,24,23,24,24,24,24,24,24,24,24,23,25,24,24,24,25,24,24,26,24,24,24}","{28,104,98,93,77,95,93,99,105,101,92,98,87,101,124,104,97,97,91,92,104,85,99,103,102,94,94,105,99,99,99}","(Gothic Metal) [WEB] Avataria - Downfall (EP) - 2025, FLAC (tracks), lossless"
6702997,2,17086152,E537891F29CF7EBF41CF7F6C68CCF16A95DF029B,471410967,1,2026-07-31 02:21:01,11,3,"{7,24,24,24,24,24,24,24,24,24,23,24,24,24,24,24,24,24,24,23,25,24,24,24,25,24,24,26,24,24,24}","{81,358,361,324,307,292,296,310,328,300,314,333,382,373,370,337,341,335,358,392,407,370,393,359,430,416,486,468,389,385,413}","(Gothic Metal) [CD] Crematory - Destination - 2025, FLAC (image+.cue), lossless"
6703876,2,17086152,276B1A772F19C3025FF9459BC50A88B8E86BE453,556466257,1,2026-07-31 02:21:01,16,3,"{7,24,24,24,24,24,24,24,24,24,23,24,24,24,24,24,24,24,24,23,25,24,24,24,25,24,24,26,24,24,24}","{116,521,576,556,538,542,621,566,515,503,502,510,551,573,566,541,567,574,595,617,592,481,548,530,560,567,635,705,588,550,617}","(Gothic Metal) [CD] Lacrimosa - Lament - 2025, FLAC (image+.cue), lossless"
6704901,2,1840441,C46BD6981D14219B773962FC0082BF3CC673134A,547417660,1,2026-07-31 02:21:01,4,3,"{7,24,24,24,24,24,24,24,24,24,23,24,24,24,24,24,24,24,24,23,25,24,24,24,25,24,24,26,24,24,24}","{27,100,95,98,99,89,93,97,103,97,93,114,128,131,116,111,127,113,118,103,129,145,145,140,166,162,152,177,154,150,157}","(Gothic Metal/Rock) [CD] Angelical Tears - Discography (2010-2012) 2 CD, FLAC (image+.cue), lossless"
6705415,2,50372780,23534787590E56857AECE4DA578E160135C630C6,405658803,1,2026-07-31 02:21:01,7,3,"{7,24,24,24,24,24,24,24,24,24,23,24,24,24,24,24,24,24,24,23,25,24,24,24,25,24,24,26,24,24,24}","{47,187,174,162,153,178,194,175,167,169,158,157,212,213,193,169,164,167,180,162,186,164,170,171,178,185,195,187,175,138,142}","(Gothic Metal) [CD] Moonspell - The Antidote - 2003 (Reissue 2023), FLAC (image+.cue), lossless"
6706812,2,40428931,181FC59557C79BBC7816CE103E33FD368CF4DBC5,337311341,1,2026-07-31 02:21:01,7,4,"{7,24,24,24,24,24,24,24,24,24,23,24,24,24,24,24,24,24,24,23,25,24,24,24,25,24,24,26,24,24,24}","{49,158,159,150,139,135,133,130,120,120,115,139,121,128,153,162,162,164,185,189,179,142,122,126,126,120,133,135,117,117,122}","(Symphonic Metal, Gothic Metal) [WEB] Darkyra - Life Force - 2025, FLAC (tracks), lossless"
6710003,2,27879789,B8B46E93C686E449AB28FF97B1FB3C1BF28AD9DB,268375949,1,2026-07-31 02:21:01,5,3,"{7,24,24,24,24,24,24,24,24,24,23,24,24,24,24,24,24,24,24,23,25,24,24,24,25,24,24,26,24,24,24}","{37,130,124,152,136,140,132,145,163,154,140,171,146,160,150,182,175,165,157,171,157,140,160,169,153,138,137,130,135,135,123}","(Symphonic Gothic Metal) [WEB] Itinerum - Resurgence - 2025, FLAC (tracks), lossless"
6712045,2,27879789,900E7B5021CC013A2AA7D6F1CF666EE70F66B629,314408846,1,2026-07-31 02:21:01,4,4,"{7,24,24,24,24,24,24,24,24,24,23,24,24,24,24,24,24,24,24,23,25,24,24,24,25,24,24,26,24,24,24}","{28,96,96,92,77,73,75,80,84,90,85,91,81,81,96,96,96,96,86,92,103,79,83,83,92,85,92,103,90,92,87}","(Gothic Metal) [CD] Shadows Dance - A Quatrain For The Damned - 2003 (Riessued 2005), FLAC (image+.cue), lossless"
6712832,2,1840441,CE7E62693625CE13DC6731556A323F3075538DDC,1880519601,1,2026-07-31 02:21:01,11,3,"{7,24,24,24,24,24,24,24,24,24,23,24,24,24,24,24,24,24,24,23,25,24,24,24,25,24,24,26,24,24,24}","{72,322,269,320,280,238,243,266,234,214,218,239,285,272,265,229,258,292,299,271,261,242,210,266,261,258,244,285,269,304,323}","(Symphonic Metal) [CD] Delain - Collection (2009-2024) 4 CD, FLAC (image+.cue), lossless"
6717153,2,21992991,9ED6709B8FC4CF887CA71A263F815D28C398932E,159948613,1,2026-07-31 02:21:01,7,4,"{7,24,24,24,24,24,24,24,24,24,23,24,24,24,24,24,24,24,24,23,25,24,24,24,25,24,24,26,24,24,24}","{51,189,187,173,153,167,162,157,155,156,160,141,169,185,186,176,183,177,180,193,227,154,149,152,161,156,192,199,161,159,156}","(Gothic Rock, Folk Metal) [WEB] Letzte Instanz - XXVII (EP) - 2024, FLAC (tracks), lossless"
6726046,2,48415870,5F0A332E63825B8208A4262723A40DC7F5D02F6F,355157088,1,2026-07-31 02:21:01,4,4,"{7,24,24,24,24,24,24,24,24,24,23,24,24,24,24,24,24,24,24,23,25,24,24,24,25,24,24,26,24,24,24}","{28,96,96,92,77,73,73,80,84,90,85,93,81,81,96,96,96,96,86,92,102,80,85,83,92,85,92,102,86,87,87}","(Symphonic Gothic Metal) [CD] Manic Movement - Hot! Hot! Hot! - 2010, FLAC (image+.cue), lossless"
6728346,2,1840441,18667622D78B8B8C7C17375B0EF4375CC3FF4C7E,319757357,1,2026-07-31 02:21:01,6,3,"{7,24,24,24,24,24,24,24,24,24,23,24,24,24,24,24,24,24,24,23,25,24,24,24,25,24,24,26,24,24,24}","{32,136,129,123,130,135,129,139,145,133,137,132,149,160,178,158,147,151,145,159,164,136,114,120,127,139,136,150,134,139,130}","(Gothic/Doom Metal) [CD] Morthicia - The Art of Loneliness - 1999, FLAC (image+.cue), lossless"
6732354,2,12063696,70499A83123F51FC116A77A6C58499D9596F48EF,374286060,1,2026-07-31 02:21:01,4,4,"{7,24,24,24,24,24,24,24,24,24,23,24,24,24,24,24,24,24,24,23,25,24,24,24,25,24,24,26,24,24,24}","{28,107,114,102,86,126,98,102,114,117,102,96,107,127,116,110,106,95,111,98,110,110,120,102,115,97,136,117,95,92,99}","(Dark Metal) [CD] The Blood Divine - Awaken - 1996, FLAC (image+.cue), lossless"
6749826,2,1840441,187ABB685917D3E27CF254970A935B6B1B06F4F2,387353590,1,2026-07-31 02:21:01,8,3,"{7,24,24,24,24,24,24,24,24,24,23,24,24,24,24,24,24,24,24,23,25,24,24,24,25,24,24,26,24,24,24}","{46,180,152,160,165,162,170,171,173,166,166,168,185,192,200,194,188,179,172,184,199,160,165,172,185,178,174,226,169,183,160}","(Gothic/Doom Metal) [CD] Let Me Dream - Greyscales - 1999, FLAC (image+.cue), lossless"
6757199,2,20459551,167732EDC3E6D15B8216CB021C18ED83B2A8F1DC,396953849,1,2026-07-31 02:21:01,4,2,"{7,24,24,24,24,24,24,24,24,24,23,24,24,24,24,24,24,24,24,23,25,24,24,24,25,24,24,26,24,24,24}","{30,94,90,98,93,98,108,104,112,105,96,107,100,118,116,128,109,98,91,112,140,95,93,99,104,104,112,121,99,99,95}","(Gothic Metal) [CD] The Nefilim - Zoon - 1996, FLAC (image+.cue), lossless"
6758422,2,20459551,D05E3AA2BC84292BA7E271182A773C406F7BD0C3,1047830431,1,2026-07-31 02:21:01,5,4,"{7,24,24,24,24,24,24,24,24,24,23,24,24,24,24,24,24,24,24,23,25,24,24,24,25,24,24,26,24,24,24}","{35,120,107,119,121,117,118,120,120,120,115,120,122,129,143,147,144,146,134,139,147,106,100,110,111,110,121,127,107,99,110}","(Gothic Metal) [WEB] Greedy Invalid - 4 Releases Collection - 2005-2013, FLAC (tracks), lossless"
6773111,2,1840441,02A258E34A6AF3BF713854E79AB6E3C66F14DECD,451459667,1,2026-07-31 02:21:01,7,3,"{7,24,24,24,24,24,24,24,24,24,23,24,24,24,24,24,24,24,24,23,25,24,24,24,25,24,24,26,24,24,24}","{39,146,131,135,144,141,124,123,135,143,153,128,148,150,168,173,169,168,164,161,186,153,146,161,174,175,169,198,162,171,153}","(Gothic/Doom Metal) [CD] G.E.N - No Ink for a Self Portrait - 2014, FLAC (image+.cue), lossless"
6773985,2,1840441,23282D826B2F06BFDA3B7FE0ACAA0FE0B697DF04,978674299,1,2026-07-31 02:21:01,8,3,"{7,24,24,24,24,24,24,24,24,24,23,24,24,24,24,24,24,24,24,23,25,24,24,24,25,24,24,26,24,24,24}","{49,206,179,176,170,180,188,170,200,183,187,160,195,199,218,225,206,190,192,220,234,181,175,179,171,185,179,235,193,191,187}","(Symphonic Gothic Metal) [CD] After Forever - Collection (2000-2007) 2 CD, FLAC (image+.cue), lossless"
6778360,2,20459551,F65B2E7B640C30D3084A9F9079F5D17D1F68B601,7715444135,1,2026-07-31 02:21:01,9,4,"{7,24,24,24,24,24,24,24,24,24,23,24,24,24,24,24,24,24,24,23,25,24,24,24,25,24,24,26,24,24,24}","{67,258,261,221,233,259,235,249,254,250,284,264,228,203,212,227,251,236,279,232,286,248,215,245,236,221,251,295,248,276,296}","(Gothic Metal) [CD] Crematory - Destination (Complete 18 CD Bundle) - 2025, FLAC (image+.cue), lossless"
6780922,2,2981511,8B9E9CF3DE865DED0C61323BEF4101DFB6F6FEF7,436633143,1,2026-07-31 02:21:01,9,3,"{7,24,24,24,24,24,24,24,24,24,23,24,24,24,24,24,24,24,24,23,25,24,24,24,25,24,24,26,24,24,24}","{63,194,200,209,209,183,191,176,171,168,164,182,172,190,190,201,197,193,190,190,223,155,162,177,190,180,183,235,177,185,181}","(Gothic Metal) [WEB] Inner Shrine - The Last Emperor - 2025, FLAC (tracks), lossless"
6783244,2,1840441,8DD563207D2BC5202D8D12A4FF1C711F44D18007,334297460,1,2026-07-31 02:21:01,5,3,"{7,24,24,24,24,24,24,24,24,24,23,24,24,24,24,24,24,24,24,23,25,24,24,24,25,24,24,26,24,24,24}","{32,124,126,115,120,117,128,117,120,112,109,117,142,129,117,115,131,114,121,127,136,105,108,106,116,120,137,156,126,132,112}","(Gothic/Death Metal) [CD] Dissolute Paradise - Pi - 1995, FLAC (image+.cue), lossless"
6787903,2,1840441,81C9B91247C697204A572824D25A85E1DA79AF89,2018224771,1,2026-07-31 02:21:01,5,3,"{7,24,24,24,24,24,24,24,24,24,23,24,24,24,24,24,24,24,24,23,25,24,24,24,25,24,24,26,24,24,24}","{30,113,141,135,147,141,151,130,126,134,133,134,145,144,143,146,128,135,151,142,151,118,136,128,142,131,162,184,150,172,173}","(Gothic Metal/Alternative Metal) [CD] Lacuna Coil - Collection (1998-2012) 5 CD, FLAC (image+.cue), lossless"
6793195,2,20628117,D0185628830DAB240DAABF97732BD04E0E25AC6B,331364827,1,2026-07-31 02:21:01,4,3,"{7,24,24,24,24,24,24,24,24,24,23,24,24,24,24,24,24,24,24,23,25,24,24,24,25,24,24,26,24,24,24}","{29,94,97,97,93,99,96,97,100,110,93,114,103,125,150,134,141,131,120,135,147,109,84,108,118,100,103,112,99,100,124}","(Gothic Metal) [CD] Sundown - Design 19 - 1997, FLAC (image+.cue), lossless"
6815020,2,1840441,DCBB27DEAFDEB64FB396012F83F7FF7E22A5D79C,807868683,1,2026-07-31 02:21:01,6,3,"{7,24,24,24,24,24,24,24,24,24,23,24,24,24,24,24,24,24,24,23,25,24,24,24,25,24,24,26,24,24,24}","{37,124,130,134,129,128,108,108,117,105,105,107,130,125,139,138,145,130,122,149,150,108,99,108,119,113,101,127,111,111,114}","(Gothic Metal) [CD] Xandria - Collection (2003-2004) 2 CD, FLAC (image+.cue), lossless"
6819458,2,1840441,EE1B364FCAF07391902F03072E8B7BA8202378E7,826390137,1,2026-07-31 02:21:01,7,3,"{7,24,24,24,24,24,24,24,24,24,23,24,24,24,24,24,24,24,24,23,25,24,24,24,25,24,24,26,24,24,24}","{47,169,164,162,171,153,174,161,162,161,153,165,178,186,191,187,203,195,190,201,222,180,157,174,204,194,202,231,172,182,169}","(Dark/Gothic Metal) [CD] Vanguard - Discography (2005-2009) 2 CD, FLAC (image+.cue), lossless"
6819715,2,34993489,109BB7D841497A44F4109C47AC927F9BE3BBAE90,338984980,1,2026-07-31 02:21:01,5,3,"{7,24,24,24,24,24,24,24,24,24,23,24,24,24,24,24,24,24,24,23,25,24,24,24,25,24,24,26,24,24,24}","{36,161,173,153,141,171,157,154,143,149,136,163,161,156,175,180,176,172,182,192,197,177,182,172,172,146,193,181,131,146,158}","(Gothic/Doom/Death Metal) [WEB] Evig Natt - Vaketimen - 2026, FLAC (tracks), lossless"
6826173,2,34993489,971475D16656ED199ECEC7535F7E572BB7B32225,123200799,1,2026-07-31 02:21:01,9,3,"{7,24,24,24,24,24,24,24,24,24,23,24,24,24,24,24,24,24,24,23,25,24,24,24,25,24,24,26,24,24,24}","{65,291,277,317,334,310,332,293,283,297,284,300,325,295,267,313,309,304,311,358,371,295,272,294,316,334,348,413,323,324,334}","(Symphonic Metal) [WEB] Leaves' Eyes - Song Of Darkness (EP) - 2026, FLAC (tracks), lossless"
6826374,2,1840441,8BD64C4F99D5BEB43742843D9F41562FC8B0A3FE,374347174,1,2026-07-31 02:21:01,7,3,"{7,24,24,24,24,24,24,24,24,24,23,24,24,24,24,24,24,24,24,23,25,24,24,24,25,24,24,26,24,24,24}","{44,185,158,156,162,153,148,152,152,150,152,160,167,169,185,177,193,187,182,184,197,153,132,143,157,151,158,184,148,154,160}","(Gothic Metal) [CD] Inner Shrine - Pulsar - 2013, FLAC (image+.cue), lossless"
6829455,2,42936151,A7AB32F2D34B4FA48483A7497BDD411A0B113B44,404725666,1,2026-07-31 02:21:01,7,3,"{7,24,24,24,24,24,24,24,24,24,23,24,24,24,24,24,24,24,24,23,25,24,24,24,25,24,24,26,24,24,24}","{47,215,202,198,194,229,202,188,189,206,202,210,247,243,222,227,236,211,216,240,277,204,164,193,202,195,217,203,159,172,171}","(Gothic Metal) [CD] For My Pain… – Buried Blue - 2026, FLAC (tracks+cue), lossless"
6833661,2,1840441,D23E7464E71C3A03F11173DB15DE0192C71CABF5,645182938,1,2026-07-31 02:21:01,8,3,"{7,24,24,24,24,24,24,24,24,24,23,24,24,24,24,24,24,24,24,23,25,24,24,24,25,24,24,26,24,24,24}","{48,199,178,141,155,162,189,174,184,167,165,176,189,189,185,188,178,158,178,181,189,160,136,161,168,182,182,208,153,161,151}","(Gothic Metal/Rock) [CD] SaraLee - Collection (&amp; Split with Gotham O.D &amp; Velvetcut) (2006-2007) 2 CD, FLAC (image+.cue), lossless"
6838719,2,4726738,D3BFF6F309362B0090567E572E17EFCF4BFD2B9B,301703103,1,2026-07-31 02:21:01,9,3,"{7,24,24,24,24,24,24,24,24,24,23,24,24,24,24,24,24,24,24,23,25,24,24,24,25,24,24,26,24,24,24}","{64,275,294,269,268,297,313,268,280,308,252,280,336,323,346,344,383,388,372,410,395,316,265,302,331,328,402,404,305,300,331}","(Dark Gothic Black Metal) [CD] Sakis Tolis - Everything Comes to an End - 2026, FLAC (image+.cue), lossless"
6849764,2,18391600,59EE3B915960ADAC46A69A9DA1936ABC00E776AC,339354992,1,2026-07-31 02:21:01,15,2,"{7,24,24,24,24,24,24,24,24,24,23,24,24,24,24,24,24,24,24,23,25,24,24,24,25,24,24,26,24,24,24}","{100,406,376,373,351,352,396,371,385,339,356,350,368,410,398,349,362,356,413,343,381,365,307,330,350,365,341,362,326,282,298}","(Progressive / Doom / Gothic Metal / Rock) [WEB] Lake Of Tears - Forever Autumn (Remastered) - 2022, FLAC (tracks), lossless"
6849776,2,18391600,D01DF8CACDF0FE413AB5844067E67D037E51AE2C,368718548,1,2026-07-31 02:21:01,14,2,"{7,24,24,24,24,24,24,24,24,24,23,24,24,24,24,24,24,24,24,23,25,24,24,24,25,24,24,26,24,24,24}","{100,368,352,395,355,361,371,359,398,359,367,359,394,397,390,337,383,374,423,372,390,337,306,336,377,381,369,392,346,318,349}","(Progressive / Doom / Gothic Metal / Rock) [WEB] Lake Of Tears - Headstones (Remastered) - 2024, FLAC (tracks), lossless"
6855546,2,26748030,3C7C6669FA5694049E186F050AFCB9ACCF35830E,314179130,1,2026-07-31 02:21:01,3,2,"{7,24,24,24,24,24,24,24,24,24,23,24,24,24,24,24,24,24,24,23,25,24,24,24,25,24,24,26,24,24,24}","{23,98,86,88,88,98,110,90,99,97,87,92,111,114,110,109,113,111,107,121,129,99,85,91,100,94,106,112,95,95,90}","(Gothic/Black Metal) [WEB] Soulgrind - Elixir Mystica - 2001, FLAC (tracks), lossless"
6856168,2,4726738,92AD3EA03C7D7CDB586CD22711500A3583D62A13,465016512,1,2026-07-31 02:21:01,33,2,"{7,24,24,24,24,24,24,24,24,24,23,24,24,24,24,24,24,24,24,23,25,24,24,24,25,24,24,26,24,24,24}","{224,971,988,918,836,911,920,910,845,900,833,877,1005,900,812,800,854,894,892,1001,1060,859,797,894,957,935,1155,1268,1048,1038,1038}","(Gothic/Doom/Death Metal) [CD] Draconian - In Somnolent Ruin - 2026, FLAC (image+.cue), lossless"
6857289,8,19588415,AF48012A880FC44EDB532ACAD52F0749F0F76926,423570952,1,2026-07-31 02:21:01,3,2,"{7,24,24,24,24,24,24,24,24,24,23,24,24,24,24,24,24,24,24,23,25,24,24,24,25,24,24,26,24,24,24}","{23,80,75,80,77,80,99,82,85,91,91,98,87,91,101,96,100,99,100,96,105,92,79,82,92,85,97,103,93,94,87}","(Gothic Metal) [CD] Satyrian - Eternitas - 2006, FLAC (tracks), lossless"
6860377,2,1840441,4987ADA09E9814D784FA0892C3685DF1C4C9812F,399171385,1,2026-07-31 02:21:01,5,2,"{7,24,24,24,24,24,24,24,24,24,23,24,24,24,24,24,24,24,24,23,25,24,24,24,25,24,24,26,24,24,24}","{31,131,145,120,127,128,147,129,125,125,141,133,167,168,153,143,156,149,154,153,161,134,130,138,151,147,151,167,132,151,144}","(Progressive/Gothic/Industrial Metal) [CD] The Scarr - Animalenemy - 2001 (Reissued-2002), FLAC (image+.cue), lossless"
6860393,2,1840441,B6975B63C88105FC49840A79D9EA9DE7BD2E47BC,332576911,1,2026-07-31 02:21:01,7,2,"{7,24,24,24,24,24,24,24,24,24,23,24,24,24,24,24,24,24,24,23,25,24,24,24,25,24,24,26,24,24,24}","{46,169,163,162,168,156,177,162,160,165,157,169,194,188,195,190,211,192,193,195,214,174,142,149,168,164,169,190,158,172,162}","(Gothic Metal) [CD] Dharma - Dharmageddon - 2012, FLAC (image+.cue), lossless"
6862229,2,37297848,9552C2D048625C574B2F5E8FA02922A365E8B906,156378573,1,2026-07-31 02:21:01,9,2,"{7,24,24,24,24,24,24,24,24,24,23,24,24,24,24,24,24,24,24,23,25,24,24,24,25,24,24,26,24,24,24}","{52,198,207,188,180,194,221,198,198,201,178,179,187,205,212,251,240,228,216,247,265,197,164,175,192,210,193,206,182,184,208}","(Symphonic Gothic/Doom Metal) [WEB] Tristis Symphoniam - Crying in the Darkness (EP) - 2026, FLAC (tracks), lossless"
6863265,8,19588415,155DB7FB31DB856F54A99D4A37C4BA211C8ED3A8,203311171,1,2026-07-31 02:21:01,6,2,"{7,24,24,24,24,24,24,24,24,24,23,24,24,24,24,24,24,24,24,23,25,24,24,24,25,24,24,26,24,24,24}","{49,182,181,185,178,187,229,196,187,183,156,141,130,139,137,129,140,157,144,160,170,132,91,115,131,116,118,134,104,114,137}","(Gothic / Doom Metal) Sisters Of The Moon - Discography (3 releases) - 2017 - 2022, FLAC (tracks), lossless"
6863762,2,4726738,030308556ACD4D0F382A052A009D7C84D067EC46,1135839358,1,2026-07-31 02:21:01,9,2,"{7,24,24,24,24,24,24,24,24,24,23,24,24,24,24,24,24,24,24,23,25,24,24,24,25,24,24,26,24,24,24}","{62,239,249,242,230,247,229,221,215,197,187,215,235,241,231,241,251,288,288,268,242,223,193,197,197,172,207,233,180,193,228}","(Gothic Metal) [CD] Cemetery Skyline - Nordic Gothic (2 Editions, 3 CDs) - 2024-2026, FLAC (image+.cue), lossless"
6864252,2,20459551,514302946FBD236B4EB3D6C7F64958BF1A3EBCBF,457441559,1,2026-07-31 02:21:01,6,3,"{7,24,24,24,24,24,24,24,24,24,23,24,24,24,24,24,24,24,24,23,25,24,24,24,25,24,24,26,24,24,24}","{43,151,140,141,141,165,176,154,156,134,124,120,141,153,150,143,167,147,153,156,166,129,125,136,144,143,160,197,169,167,169}","(Goth Rock, Industrial, EBM) [WEB] Noah Veil And The Dogs Of Heaven - Forever Immortal - 2017, FLAC (tracks), lossless"
6866922,2,1840441,8DECC58D1B04B1EE4428D66D942278FA4B3C2627,888692506,1,2026-07-31 02:21:01,10,2,"{7,24,24,24,24,24,24,24,24,24,23,24,24,24,24,24,24,24,24,23,25,24,24,24,25,24,24,26,24,24,24}","{64,195,175,181,192,207,217,193,205,210,226,244,252,235,227,200,225,216,204,241,278,209,161,181,200,188,202,238,198,218,202}","(Symphonic Power/Gothic Metal) [CD] Demether - Discography (2004-2007) 2 CD, FLAC (image+.cue), lossless"
6874546,2,1840441,F53C2385633D44B94EC89FFB3DEF9707A52B64F7,423683646,1,2026-07-31 02:21:01,7,2,"{7,24,24,24,24,24,24,24,24,24,23,24,24,24,24,24,24,24,24,23,25,24,24,24,25,24,24,26,24,24,24}","{43,160,156,147,157,151,167,144,150,171,173,180,190,191,203,191,214,205,211,217,223,176,157,159,183,188,169,171,129,141,121}","(Gothic Metal) [CD] Synful Ira - Between Hope and Fear - 2012, FLAC (image+.cue), lossless"
6875390,2,1840441,D9202D8033A0FE998541F538E7BBCC9F0B61EC57,389301946,1,2026-07-31 02:21:01,7,2,"{7,24,24,24,24,24,24,24,24,24,23,24,24,24,24,24,24,24,24,23,25,24,24,24,25,24,24,26,24,24,24}","{46,180,177,184,188,176,172,148,151,178,174,179,194,196,182,165,196,182,196,194,263,211,175,229,202,179,173,174,115,131,102}","(Gothic Metal) [CD] Lindsay Schoolcraft - Martyr - 2019, FLAC (image+.cue), lossless"
6877650,2,50372780,7786E4F4A3894A7C9E40582F7E89412BFEEEC3B4,327038203,1,2026-07-31 02:21:01,43,2,"{7,24,24,24,24,24,24,24,24,24,23,24,24,24,24,24,24,24,24,23,25,24,24,24,25,24,24,26,24,5,0}","{283,1322,1344,1455,1523,1607,1554,1393,1434,1450,1455,1512,1680,1791,1639,1638,1728,1785,2002,2041,2073,1673,1708,1874,2030,2200,2155,2268,1577,100,0}","(Gothic Metal) [CD] Moonspell - Far From God - 2026, FLAC (image+.cue), lossless"
6881867,2,2077094,9AEE376FF91B98E21DF19A7D945CB4F5FB865109,326096961,1,2026-07-31 02:21:01,8,2,"{7,24,24,24,24,24,24,24,24,24,23,24,24,24,24,24,24,24,8,0,0,0,0,0,0,0,0,0,0,0,0}","{53,258,289,247,239,206,207,190,198,198,216,193,159,179,177,185,168,172,32,0,0,0,0,0,0,0,0,0,0,0,0}","(Symphonic Metal) [CD] Winter In Eden - Never Untold - 2026, FLAC (image+.cue), lossless"
6883759,2,50372780,064925BE3CBEAB931E0B7891222F098FB4CE54C4,519779399,1,2026-07-31 02:21:01,9,1,"{7,24,24,24,24,24,24,24,24,24,23,24,24,9,0,0,0,0,0,0,0,0,0,0,0,0,0,0,0,0,0}","{60,256,249,219,207,245,295,270,209,193,129,111,145,50,0,0,0,0,0,0,0,0,0,0,0,0,0,0,0,0,0}","(Gothic/Doom Metal) [CD] Type O Negative - The Best Of Type O Negative - 2006, FLAC (image+.cue), lossless"
6884688,2,4726738,98743D170EEE2865A77D62D8C0D2F63AB7683B04,384369546,1,2026-07-31 02:21:01,6,1,"{7,24,24,24,24,24,24,24,24,24,23,7,0,0,0,0,0,0,0,0,0,0,0,0,0,0,0,0,0,0,0}","{38,159,182,133,126,192,149,157,142,174,191,34,0,0,0,0,0,0,0,0,0,0,0,0,0,0,0,0,0,0,0}","(Death/Melodic Metal) [CD] Sacriversum - Before the Birth of Light - 2026, FLAC (image+.cue), lossless"
