topic_id,reg_time,topic_poster,info_hash,tor_size_bytes,keeping_priority,seeder_last_seen,seeders,keeper_seeders,average_seeds_count,average_seeds_sum,topic_title
2702721,2,7928328,3E121DAFD2AB6B191D5A7E0138171D9C9F2EB1AA,7106626191,1,2026-07-31 02:21:01,4,3,"{7,24,24,24,24,24,24,24,24,24,23,24,24,24,24,24,24,24,24,23,25,24,24,24,25,24,24,26,24,24,24}","{29,111,126,129,131,128,120,118,122,120,116,123,130,124,116,115,116,121,126,130,116,119,108,118,124,107,136,131,129,120,122}","Покинутый рай / Sawan Biang [12/12] [Таиланд, 2008 г., мелодрама, TVRip] [THAI+Sub]"
2785085,2,595138,D3E27EECF93EDFEC9E8A379281DA56116DFB5326,7495659319,1,2026-07-31 02:21:01,3,3,"{7,24,24,24,24,24,24,24,24,24,23,24,24,24,24,24,24,24,24,23,25,24,24,24,25,24,24,26,24,24,24}","{21,72,68,69,71,71,42,56,59,68,53,65,51,57,61,64,61,60,72,66,61,61,57,59,70,47,67,68,61,68,63}","Ловушка любви / Leh Ratee (A Woman's Trickery)[THAI+Sub] [12/12][Таиланд, 2004 г., мелодрама, TVRip]"
2977315,2,595138,4644C3375CD61FB94B22DCE044C1A520D86FFE7D,15329762599,1,2026-07-31 02:21:01,3,3,"{7,24,24,24,24,24,24,24,24,24,23,24,24,24,24,24,24,24,24,23,25,24,24,24,25,24,24,26,24,24,24}","{24,104,104,106,109,107,102,93,110,101,90,101,106,108,96,97,100,89,98,107,111,107,167,180,185,176,170,213,198,205,188}","В плену любви / Defendant of Love [THAI+Sub] [14/14][Таиланд, 2008 г., мелодрама, TVRip]"
3069024,2,6819532,EE6D3E2F360107D289AAF41DFD0C86AF82411316,8659467082,1,2026-07-31 02:21:01,3,3,"{7,24,24,24,24,24,24,24,24,24,23,24,24,24,24,24,24,24,24,23,25,24,24,24,25,24,24,26,24,24,24}","{26,80,80,79,79,79,65,71,84,90,76,89,75,81,85,88,85,84,97,89,86,83,82,83,95,71,95,94,85,92,87}","Сети любви / Oom-rug / Chain of Love (Ampaiporn Jitmaingong) [14/14] [Таиланд, THAI+Sub] (RAW) (Таиланд, 2006, мелодрама, TVRip)"
3196636,2,15599021,B2A203D3929EEECADE9DB81BA348B1E33E07235E,742054955,1,2026-07-31 02:21:01,3,3,"{7,24,24,24,24,24,24,24,24,24,23,24,24,24,24,24,24,24,24,23,25,24,24,24,25,24,24,26,24,24,24}","{26,80,80,79,79,79,69,69,85,90,76,89,75,81,85,88,86,84,96,89,86,82,81,83,95,70,93,94,85,92,87}","Горький вкус любви / Namtan Mai / Burnt Sugar [2 из 13] (Sana Kraprayul) [Таиланд, 2009, драма / романтика, TVRip] [THAI+Sub]"
3235996,2,7928328,D20D14AFE768D26AEB5AB7B8759020CD58F74548,17405190360,1,2026-07-31 02:21:01,3,3,"{7,24,24,24,24,24,24,24,24,24,23,24,24,24,24,24,24,24,24,23,25,24,24,24,25,24,24,26,24,24,24}","{26,80,80,79,79,79,70,65,85,90,76,89,75,81,85,88,86,84,96,89,84,84,80,83,95,71,91,94,85,92,87}","Стекляшка среди алмазов / Kaew Lom Phet / Glass Encircles Diamond [24/24] [Таиланд, 2008, мелодрама, DVDRip] [THAI+Sub]"
3430479,2,8023595,BB00B2724E3F0254B911ACC428691F214CD26726,7377391333,1,2026-07-31 02:21:01,3,3,"{7,24,24,24,24,24,24,24,24,24,23,24,24,24,24,24,24,24,24,23,25,24,24,24,25,24,24,26,24,24,24}","{26,80,80,79,79,80,70,72,85,90,76,89,75,81,86,88,85,84,97,89,85,81,81,83,95,71,93,94,85,92,87}","Любовь без границ / Love beyond frontier / Ubut Rak Kham Kob Fah [10/25] (THAI+Sub) [2008, Таиланд, комедия/романтика/драма, TVRip]"
3443928,2,3077621,A0FC4ECE8DCAAA0CBDE95AB857E89D15EC766A76,12571905754,1,2026-07-31 02:21:01,3,3,"{7,24,24,24,24,24,24,24,24,24,23,24,24,24,24,24,24,24,24,23,25,24,24,24,25,24,24,26,24,24,24}","{24,82,78,81,81,86,95,110,123,124,119,112,127,123,129,128,129,125,123,115,116,113,109,115,123,127,118,139,125,138,124}","Горничная с наворотами / Sao Chai Hi-Tech / Hi-Tech Maid Servant (22/22) [Таиланд, 2010 г., комедия, романтика, TVRip] [THAI+Sub] [RAW] [Таиланд]"
3721358,2,3075709,3DC6729CD58C1AE0002C5BE4FD77E36BC0C5D7FF,4617200983,1,2026-07-31 02:21:01,3,3,"{7,24,24,24,24,24,24,24,24,24,23,24,24,24,24,24,24,24,24,23,25,24,24,24,25,24,24,26,24,24,24}","{26,80,80,79,79,79,70,69,85,90,76,89,75,81,86,88,85,84,96,89,84,81,80,83,95,71,92,94,85,92,87}","Гималаи Тары / Thara Himalai / Thara's Himalaya (Krit Sukramongkol) [9/9] [THAI+Sub] [Таиланд, 2010, Романтика, комедия, TVRip]"
3723300,2,3075709,3B03C33CDF832920F7832F1B5F761F27FA658038,4281020091,1,2026-07-31 02:21:01,3,2,"{7,24,24,24,24,24,24,24,24,24,23,24,24,24,24,24,24,24,24,23,25,24,24,24,25,24,24,26,24,24,24}","{24,102,102,103,109,107,92,89,103,94,86,98,93,71,78,80,78,72,89,81,77,75,74,74,88,61,86,88,77,85,80}","Околдованный Ваяпак / Wayu Pak Montra / Wayupak's Enchantment (Pongpat Wachirabunjong) [8/8] [THAI+Sub] [Таиланд, 2010, Романтика, комедия, TVRip]"
3724859,2,3077621,7D83F524302C0D4458558F756A81AC0E7B031C4E,6657411428,1,2026-07-31 02:21:01,5,3,"{7,24,24,24,24,24,24,24,24,24,23,24,24,24,24,24,24,24,24,23,25,24,24,24,25,24,24,26,24,24,24}","{26,77,73,71,75,70,76,101,124,113,111,108,108,108,108,111,113,106,116,109,105,101,105,106,110,117,106,111,115,125,126}","Сомпонг и Сомчай / Sompong Nong Somchai (13/13) [Таиланд, 2004г., комедия, романтика, TVRip] [THAI+Sub] [RAW] [Таиланд]"
3753523,2,3075709,AD87529A4AD16B4005891FE9E271E60EE89754AE,5235482069,1,2026-07-31 02:21:01,3,3,"{7,24,24,24,24,24,24,24,24,24,23,24,24,24,24,24,24,24,24,23,25,24,24,24,25,24,24,26,24,24,24}","{21,72,68,71,71,71,44,55,59,68,53,64,51,57,62,64,62,60,72,66,60,59,59,59,70,47,70,68,61,68,63}","Сердце Аккани / Duangjai Akkanee / Akkanee's Heart (Yuttana Lorpanpaiboon) [10/10] [THAI+Sub] [Таиланд, 2010, Романтика, комедия, TVRip]"
3765473,2,3075709,411BB4A427AFF06E2D931704CE1EF4CC0BC37AF0,5581461316,1,2026-07-31 02:21:01,3,3,"{7,24,24,24,24,24,24,24,24,24,23,24,24,24,24,24,24,24,24,23,25,24,24,24,25,24,24,26,24,24,24}","{21,76,75,76,76,75,59,60,67,71,60,72,67,72,65,64,66,65,81,80,74,68,60,64,77,51,82,83,70,75,70}","Ловушка любви Патапи / Pathapee Leh Ruk / Pathapee's Love Trick (Somjing Srisuparb) [7/7] [THAI+Sub] [RAW] [Таиланд, 2010, Романтика, комедия, DVDRip"
3805502,2,3077621,37D3F3DD5BE0E24A14985462B931DA9ADDEBBE22,632555943,1,2026-07-31 02:21:01,3,3,"{7,24,24,24,24,24,24,24,24,24,23,24,24,24,24,24,24,24,24,23,25,24,24,24,25,24,24,26,24,24,24}","{26,80,80,80,79,79,68,70,83,89,82,88,75,81,86,94,85,84,96,89,86,84,81,82,95,87,93,94,83,108,93}","Уж замуж невтерпёж / Sen Tai Salai Sode / A Deadline To End Being Single (1/20) [Таиланд, 2011г., комедия, романтика, TVRip] [THAI+Sub] [RAW] [Таиланд]"
3928708,2,14508271,23EDA2A34F7670EAF4D4370AF5BFBDD8B755D5D7,14059213272,1,2026-07-31 02:21:01,3,3,"{7,24,24,24,24,24,24,24,24,24,23,24,24,24,24,24,24,24,24,23,25,24,24,24,25,24,24,26,24,24,24}","{26,80,80,79,92,89,70,69,85,90,76,89,75,81,86,88,85,84,96,89,93,95,94,96,101,86,94,106,85,92,87}","Для любви нет преград / Game Rai Game Ruk / Evil game loses to love game / Любовь побеждает зло (21/21) [THAI+Sub] [Таиланд, 2011, романтика, драма, TVRip]"
3974720,2,3075709,EADDDE05FAD5DB1D08AD3AADE5C2EE6C291096A3,8531910765,1,2026-07-31 02:21:01,3,3,"{7,24,24,24,24,24,24,24,24,24,23,24,24,24,24,24,24,24,24,23,25,24,24,24,25,24,24,26,24,24,24}","{21,72,68,69,71,71,45,51,59,68,53,65,51,57,62,64,62,60,73,66,61,63,59,59,70,47,71,68,61,68,63}","Любовь побеждает зло / Game Rai Pai Game Rak / Evil Game loses to Love Game / Для любви нет преград [21/21] [THAI+Sub] [Таиланд, 2011, Романтика, драма, TVRip]"
4060995,2,3075709,85DABAABDBDB4D6DFBB192B3569DB410491BD743,10585556120,1,2026-07-31 02:21:01,3,3,"{7,24,24,24,24,24,24,24,24,24,23,24,24,24,24,24,24,24,24,23,25,24,24,24,25,24,24,26,24,24,24}","{26,80,80,79,79,79,66,70,84,89,80,88,75,81,86,91,85,84,97,89,86,82,81,83,95,89,91,94,84,110,91}","Любовь в тени / Love In Shadow / Ngao Ruk Luang Jai [13/13] [THAI+Sub] [Таиланд, 2010, Романтика, драма, TVRip]"
4062152,2,3075709,FE30FB6BCF28CFA3ABB1A0BCA7BAF993FA4BEAEF,5814438402,1,2026-07-31 02:21:01,3,3,"{7,24,24,24,24,24,24,24,24,24,23,24,24,24,24,24,24,24,24,23,25,24,24,24,25,24,24,26,24,24,24}","{26,80,80,79,79,79,65,69,85,89,81,89,75,81,86,91,86,84,96,89,84,85,84,82,92,88,92,94,84,109,92}","Любовь в тени / Ngao Ruk Luang Jai / Love In Shadow [13/13] [THAI+Sub] [Таиланд, 2010, Романтика, драма, TVRip]"
4075450,2,14657563,40BE0658ED6518170532CBA021F00072357C267E,7505185963,1,2026-07-31 02:21:01,3,3,"{7,24,24,24,24,24,24,24,24,24,23,24,24,24,24,24,24,24,24,23,25,24,24,24,25,24,24,26,24,24,24}","{26,80,80,79,79,79,69,70,83,90,76,89,75,81,86,87,85,84,96,89,85,83,81,83,94,71,95,94,85,92,87}","И завтра я все еще буду любить тебя / Proong Nee Gor Ruk Ter / Tomorrow, I’ll Still Love You (Boy Thakonkeit ) (30/30) [THAI+Sub] [Таиланд 2009, романтика, TVRip]"
4085528,2,3075709,FED7769C83E7DBAEEFFB0B4EF62FE1D30EE13936,6197282062,1,2026-07-31 02:21:01,4,4,"{7,24,24,24,24,24,24,24,24,24,23,24,24,24,24,24,24,24,24,23,25,24,24,24,25,24,24,26,24,24,24}","{28,96,96,97,99,100,86,87,109,96,96,95,96,96,99,95,100,96,98,92,100,97,91,96,100,87,92,104,96,97,96}","Вор, укравший мое сердце / Jone Plone Jai / The Thief Who Stole My Heart [12/12] [THAI+Sub] [Таиланд, 2003, Романтика, драма, TVRip]"
4092915,2,14657563,5EC9317B67D4C487E2C455901EA5104D64AB9FD8,3872117302,1,2026-07-31 02:21:01,3,3,"{7,24,24,24,24,24,24,24,24,24,23,24,24,24,24,24,24,24,24,23,25,24,24,24,25,24,24,26,24,24,24}","{25,81,91,95,95,92,81,82,103,96,91,96,91,89,96,98,90,91,93,93,85,94,93,96,92,84,91,102,96,95,93}","Сто способов коварного соблазнителя / 100 Tricks of a Cunning Charmer / Roy Leh Sanae Rai [16/16] [THAI+Sub] [Таиланд, 2002, мелодрама, TVRip]"
4112425,2,25409843,17913DF9C162F813DAE3FA44CDE4493AB4669C7B,7334537324,1,2026-07-31 02:21:01,3,3,"{7,24,24,24,24,24,24,24,24,24,23,24,24,24,24,24,24,24,24,23,25,24,24,24,25,24,24,26,24,24,24}","{21,72,68,69,70,71,46,52,59,68,57,65,51,57,62,67,62,60,72,66,60,63,57,59,70,62,71,68,60,89,71}","Ванида / Wanida (Yuthana Lorphanpaiboon) [16/16] [THAI+Sub] [Таиланд, 2010, романтика, драма, TVRip]"
4146079,2,3075709,E639D909D073A98483E8A11CF48123E7C1EA3ABD,11648816045,1,2026-07-31 02:21:01,3,3,"{7,24,24,24,24,24,24,24,24,24,23,24,24,24,24,24,24,24,24,23,25,24,24,24,25,24,24,26,24,24,24}","{24,91,89,92,93,94,83,82,101,93,88,91,90,95,87,92,88,79,81,94,95,95,148,159,163,189,168,197,181,188,180}","Ванида / Wanida (Yuthana Lorphanpaiboon) [16/16] [THAI+Sub] [RAW] [Таиланд, 2010, Романтика, драма, DVDRip]"
4186521,2,3075709,182CA60CE6A8CEE45C2BC5D69A3D83E0AF6775A4,12930238538,1,2026-07-31 02:21:01,5,4,"{7,24,24,24,24,24,24,24,24,24,23,24,24,24,24,24,24,24,24,23,25,24,24,24,25,24,24,26,24,24,24}","{29,103,99,98,99,100,87,84,109,96,94,96,96,96,99,95,98,96,98,92,100,96,89,96,101,86,96,104,96,96,96}","Золотая троица / Sam Num Neua Thong / 3 Golden Men (Krit Sukramongkon) [15/15] [THAI+Sub] [Таиланд, 2011, романтика, комедия, TVRip] [RAW]"
4188280,2,3075709,CC7EB1DABFB2F6C7DF5A7E387EE28E19D008BFC0,15320138553,1,2026-07-31 02:21:01,3,3,"{7,24,24,24,24,24,24,24,24,24,23,24,24,24,24,24,24,24,24,23,25,24,24,24,25,24,24,26,24,24,24}","{21,76,72,73,75,75,48,58,63,70,57,64,64,60,67,68,67,71,89,81,64,64,58,59,74,52,86,85,65,71,68}","Крайний срок... выйти замуж / Sentai… Salai Soht / A deadline… to end being single (Thongchai Prasongsanti) [20/20] [THAI+Sub] [Таиланд, 2011, Романтика, комедия, TVRip] [RAW]"
4206158,2,3075709,4DF597AD45CB463DE04A9E066AF84CDBE6343A2D,8343341491,1,2026-07-31 02:21:01,3,3,"{7,24,24,24,24,24,24,24,24,24,23,24,24,24,24,24,24,24,24,23,25,24,24,24,25,24,24,26,24,24,24}","{22,78,89,89,93,89,74,80,95,90,87,92,84,82,89,97,85,80,87,88,79,85,86,86,92,95,91,96,96,115,91}","Безумная свадьба / Wiwa Wa Woon / Chaotic Wedding [15/15] [THAI+Sub] [Таиланд, 2010, комедия, романтика, TVRip]"
4206526,2,3075709,725FC08B5993150B3DD7CDD66E3BBCCF617900A7,19040171381,1,2026-07-31 02:21:01,3,3,"{7,24,24,24,24,24,24,24,24,24,23,24,24,24,24,24,24,24,24,23,25,24,24,24,25,24,24,26,24,24,24}","{21,72,68,69,71,71,47,58,59,68,53,65,51,57,62,64,61,60,73,66,61,60,58,59,69,47,71,68,61,68,63}","Чья это земля? / Torranee Nee Krai Kong / Who does this earth belong to? [17/17] [THAI+Sub] [Таиланд, 2012, романтика, комедия, TVRip] [RAW]"
4212498,2,3075709,FEED6E8B018E3B1D4EDD7958C4E4BDCFAD617AF1,20141960710,1,2026-07-31 02:21:01,3,3,"{7,24,24,24,24,24,24,24,24,24,23,24,24,24,24,24,24,24,24,23,25,24,24,24,25,24,24,26,24,24,24}","{26,80,80,85,87,79,69,69,85,89,80,89,75,81,86,90,86,84,96,89,85,81,81,83,95,90,95,94,83,109,91}","Пин Анон / Pin Anong / A Woman's Hairpin / The Perfect Stranger [Ott Teerasak] [22/22] [THAI+Sub] [Таиланд, 2012, драма, романтика, TVRip] [RAW]"
4238150,2,3075709,E4C0AB240BAB8AE507F77F08203ED0A5485A6325,11581914703,1,2026-07-31 02:21:01,3,3,"{7,24,24,24,24,24,24,24,24,24,23,24,24,24,24,24,24,24,24,23,25,24,24,24,25,24,24,26,24,24,24}","{26,81,80,82,79,79,65,71,87,90,80,89,75,81,86,89,88,84,97,89,85,92,147,149,164,177,161,170,171,193,183}","Таддао Буссая / Tat Dao Bussaya / Taddao Bussaya [16/16] [THAI+Sub] [Таиланд, 2010, Романтика, комедия, TVRip]"
4245940,2,3077621,213734240650CDAFEF21B6C305C993300B1623E5,8734327854,1,2026-07-31 02:21:01,3,2,"{7,24,24,24,24,24,24,24,24,24,23,24,24,24,24,24,24,24,24,23,25,24,24,24,25,24,24,26,24,24,24}","{23,86,81,82,78,80,89,122,135,122,119,115,124,121,122,119,128,123,131,122,122,109,109,115,118,128,120,135,127,166,134}","Война войной, а обед по расписанию! / Punya Chon Kon Krua / The kitchen scholar (Anne Thongprasom) (12/12) [Таиланд, 2012г., комедия, романтика, TVRip] [THAI+Sub] [RAW] [Таиланд]"
4312863,2,3075709,AEEB21465326351DCC344C2FF6E4BD36D69746CB,10558508843,1,2026-07-31 02:21:01,3,3,"{7,24,24,24,24,24,24,24,24,24,23,24,24,24,24,24,24,24,24,23,25,24,24,24,25,24,24,26,24,24,24}","{24,101,102,104,107,106,97,94,108,98,91,100,107,107,97,97,94,88,98,104,108,97,95,96,105,85,105,118,102,98,98}","Горький мед / Nam Pueng Kom / Bitter Honey [13/13] [THAI+Sub] [Таиланд, 2009, мелодрама, TVRip]"
4367128,2,2736386,7B8843F16FC671A9DD22F606A5F3B5BC763F09B5,7830438866,1,2026-07-31 02:21:01,4,4,"{7,24,24,24,24,24,24,24,24,24,23,24,24,24,24,24,24,24,24,23,25,24,24,24,25,24,24,26,24,24,24}","{28,96,96,98,97,100,90,93,109,96,99,96,96,96,99,98,100,96,97,92,100,95,93,96,100,103,96,104,96,125,99}","Страстная, красивая и одинокая / Hot, Perfect and Single / Suay Rerd Cherd Sode [15/15] [THAI+Sub] [Таиланд, 2010, Романтика, Драма, TVRip]"
4367153,2,2736386,C035A8AD5DC1F71E791D586526E0ACC174935A1D,5287284996,1,2026-07-31 02:21:01,3,3,"{7,24,24,24,24,24,24,24,24,24,23,24,24,24,24,24,24,24,24,23,25,24,24,24,25,24,24,26,24,24,24}","{26,80,80,79,79,79,65,73,85,90,76,87,75,81,86,87,86,84,97,89,86,82,81,83,95,71,92,94,85,92,87}","Тайный код любви / Seub Lab Rahat Rak / Secret Code of Love [14/14] [THAI+Sub][Таиланд,2007, экшн, саспенс, DTVRip]"
4393296,2,2736386,9DD448EC4405B6C82BB2FA6E8BAB00419C73BA8C,15431807923,1,2026-07-31 02:21:01,3,3,"{7,24,24,24,24,24,24,24,24,24,23,24,24,24,24,24,24,24,24,23,25,24,24,24,25,24,24,26,24,24,24}","{21,76,75,75,76,75,55,63,78,78,70,75,69,71,78,83,79,72,90,81,76,75,74,73,88,73,83,88,75,86,80}","Разбитое сердце / Cracked Heart / Jai Rao [15/15] [THAI+Sub] [Таиланд, 2008, романтика, драма TVRip] [RAW]"
4415859,2,3075709,49F56F3804EE2F1FEDB1DE2B7913948B8D5203CE,7222199946,1,2026-07-31 02:21:01,4,4,"{7,24,24,24,24,24,24,24,24,24,23,24,24,24,24,24,24,24,24,23,25,24,24,24,25,24,24,26,24,24,24}","{28,108,109,112,114,114,105,96,117,101,100,100,112,109,102,95,102,101,105,106,110,101,96,101,106,90,106,119,105,103,103}","Превратности любви / Likit Kammathep / Likit Gammatep / The Fate Cupid [12/12] [THAI+Sub] [Таиланд, 2007, Романтика / Драма / Slap-Kiss, TVRip]"
4422529,2,3075709,7DE8180B84E9468ED57761C09521668DE32A60FF,15347038296,1,2026-07-31 02:21:01,3,3,"{7,24,24,24,24,24,24,24,24,24,23,24,24,24,24,24,24,24,24,23,25,24,24,24,25,24,24,26,24,24,24}","{26,80,80,79,92,89,81,73,82,89,80,89,75,81,86,91,86,84,97,89,84,84,80,83,95,88,95,94,83,94,87}","В сиянии солнца / Tawan Tor Saeng / Sunshine [15/15] [THAI+Sub] [RAW] [Таиланд, 2012, романтика, драма, TVRip]"
4444228,2,2736386,BEDDB3479DBF8486E65A2E0770495B12E1D0421E,6446099608,1,2026-07-31 02:21:01,3,3,"{7,24,24,24,24,24,24,24,24,24,23,24,24,24,24,24,24,24,24,23,25,24,24,24,25,24,24,26,24,24,24}","{26,80,81,84,92,89,81,75,85,89,80,89,75,81,86,91,86,84,97,89,86,84,82,83,95,88,94,94,83,108,93}","Пин Анон / Pin Anong (Ott Teerasak) (7/22) [RUS] [Таиланд, 2012, мелодрама, романтика, TVRip]"
4475908,2,8023595,521055B1A93BD78181FDB99A0FD1DEB9037A086E,1244151745,1,2026-07-31 02:21:01,3,3,"{7,24,24,24,24,24,24,24,24,24,23,24,24,24,24,24,24,24,24,23,25,24,24,24,25,24,24,26,24,24,24}","{26,80,80,80,79,79,66,73,85,89,80,89,75,81,86,91,86,84,97,89,85,82,80,83,95,88,93,94,83,109,91}","Любовь без границ / Ubut Rak Kham Kob Fah / Love beyond frontier (Chookiat Sakveerakul) [6/23] [CHI+Sub] [Таиланд, 2008, комедия/романтика/драма, TVRip]"
4487183,2,3075709,AEF7BDDB8E5728C492B41BC034089FB160230CD5,4010053081,1,2026-07-31 02:21:01,3,3,"{7,24,24,24,24,24,24,24,24,24,23,24,24,24,24,24,24,24,24,23,25,24,24,24,25,24,24,26,24,24,24}","{26,79,80,79,79,79,68,73,85,90,76,88,75,80,86,87,86,84,97,89,85,85,84,83,75,66,94,94,85,92,87}","Разлученные сердца / Hua Jai Song Park / A Divided Heart [13/13] [THAI+Sub] [Таиланд, 2009, Драма, романтика, TVRip]"
4492369,2,3075709,8F913B44E80B6F2F286AF062B9DD058BD4BBC3B2,18685205058,1,2026-07-31 02:21:01,4,4,"{7,24,24,24,24,24,24,24,24,24,23,24,24,24,24,24,24,24,24,23,25,24,24,24,25,24,24,26,24,24,24}","{28,98,98,101,113,100,90,93,110,96,94,96,96,96,96,97,100,96,97,92,99,105,171,178,180,178,186,207,196,201,195}","Малышка / Sao Noi / Little Girl [34/34] [THAI+Sub] [Таиланд, 2012, романтика, драма, TVRip] [RAW]"
4506963,2,3075709,FB2A8E162E6DC7129CCEA512347125BB3A4E7655,13874446848,1,2026-07-31 02:21:01,4,3,"{7,24,24,24,24,24,24,24,24,24,23,24,24,24,24,24,24,24,24,23,25,24,24,24,25,24,24,26,24,24,24}","{22,74,73,71,71,71,42,55,59,68,53,65,51,57,62,64,62,60,73,66,60,62,57,59,70,46,71,68,61,68,63}","Не хочу жениться / Roy Marn / I don't want to Marry you [15/15] [THAI+Sub] [Таиланд, 2011, Романтика / Драма / Slap-Kiss, TVRip] [RAW]"
4506986,2,3075709,9EC257E40B08A7B0C9CCBD98EA7B1FA32A42EC41,12781957094,1,2026-07-31 02:21:01,3,3,"{7,24,24,24,24,24,24,24,24,24,23,24,24,24,24,24,24,24,24,23,25,24,24,24,25,24,24,26,24,24,24}","{21,72,68,70,71,71,45,54,63,68,53,65,51,56,62,64,62,60,72,66,60,62,57,59,70,46,69,68,61,68,63}","Сколько верёвочке ни виться / Sood Sai Paan / End of the String [17/17] [THAI+Sub] [Таиланд, 2013, романтика, драма, TVRip] [RAW]"
4524430,2,3075709,5B7B637484E447DA55E219FFDE98F9AAB30AF1EE,13126024420,1,2026-07-31 02:21:01,3,3,"{7,24,24,24,24,24,24,24,24,24,23,24,24,24,24,24,24,24,24,23,25,24,24,24,25,24,24,26,24,24,24}","{21,76,76,76,76,75,62,65,76,76,71,74,68,72,78,84,80,72,89,81,76,76,71,75,85,77,83,88,76,98,86}","Мой любимый враг / Koo Kaen Saen Ruk / My Beloved Enemy (Kritsada Technilobon) [19/19] [THAI+Sub] [Таиланд, 2011, романтика, комедия, TVRip]"
4524470,2,3075709,B19DC756ABC1202ADA4608801195AED91495C605,8911518803,1,2026-07-31 02:21:01,4,4,"{7,24,24,24,24,24,24,24,24,24,23,24,24,24,24,24,24,24,24,23,25,24,24,24,25,24,24,26,24,24,24}","{28,110,110,116,113,113,104,101,125,101,106,102,113,111,100,103,103,100,105,105,112,114,166,186,191,210,195,218,203,241,218}","Тайны сердца / Ngao Hua Jai / Shadow of the Heart / The Heart's Shadow (Ekkapob Thanyongmahasakul) [16/16] [THAI+Sub] [Таиланд, 2010, Драма, TVRip]"
4524792,2,3077621,C0CBEAA6AC0790B51C53EF41B8D82E58531383A1,9358046784,1,2026-07-31 02:21:01,4,2,"{7,24,24,24,24,24,24,24,24,24,23,24,24,24,24,24,24,24,24,23,25,24,24,24,25,24,24,26,24,24,24}","{25,78,82,80,76,86,91,115,130,120,117,102,136,132,130,123,127,118,125,112,119,107,111,117,128,126,118,138,124,131,125}","Шпионка / Nang Rai Sai Lab / Undercover Villain (13/13) [Таиланд, 2013г., комедия, романтика, экшн, TVRip] [THAI+Sub] [RAW]"
4550287,2,3075709,46B8F2093103145E60F1E9276A527EE482117A7F,15926488148,1,2026-07-31 02:21:01,3,3,"{7,24,24,24,24,24,24,24,24,24,23,24,24,24,24,24,24,24,24,23,25,24,24,24,25,24,24,26,24,24,24}","{21,72,68,69,71,71,46,54,59,68,53,65,51,57,62,64,62,60,73,66,61,60,58,59,70,47,71,68,61,68,63}","Месть, научившая любить / Roy Lae Sanae Luang / Tricky lovers / Charming Deception [18/18] [THAI+Sub] [RAW] [Таиланд, 2013, романтика, месть, TVRip]"
4562865,2,3075709,B8FE2839CB20A72EDBD9B6AA0916436EA2BF6CB5,12445328281,1,2026-07-31 02:21:01,4,4,"{7,24,24,24,24,24,24,24,24,24,23,24,24,24,24,24,24,24,24,23,25,24,24,24,25,24,24,26,24,24,24}","{28,99,99,102,99,100,93,92,116,103,99,96,96,96,96,100,100,96,98,92,100,105,165,181,180,197,178,208,196,222,202}","Роза без шипов / Kularb Rai Narm / The Rose without Thorn [13/13] [THAI+Sub] [Таиланд, 2010, романтика, драма, TVRip] [RAW]"
4599009,2,3075709,122DF477492A520091E7C89F78DCC386F3422EF6,11656485683,1,2026-07-31 02:21:01,3,3,"{7,24,24,24,24,24,24,24,24,24,23,24,24,24,24,24,24,24,24,23,25,24,24,24,25,24,24,26,24,24,24}","{26,80,80,79,79,79,62,66,85,90,76,89,75,81,86,88,86,84,97,89,85,83,80,83,94,71,95,94,85,92,87}","День, которого я жду / Wan Nee Tee Ror Khoi / The end of waiting [10/19] [THAI+Sub] [Таиланд, 2013, мелодрама, TVRip] [RAW]"
4628559,2,18499415,A9BBE2E5457047BBB5B6AC735F1125F2AD2474E3,13095436984,1,2026-07-31 02:21:01,3,3,"{7,24,24,24,24,24,24,24,24,24,23,24,24,24,24,24,24,24,24,23,25,24,24,24,25,24,24,26,24,24,24}","{26,80,80,79,79,79,68,73,85,90,76,89,75,81,86,88,86,84,97,89,84,82,81,83,93,71,93,94,85,92,87}","Любовь повсюду / Ruk Ork Akard / Love On Air [14/14] [THAI+Sub] [Таиланд, 2012, романтика, комедия, TVRip] [RAW]"
4636231,2,3075709,09EC09AF59691B5DF1956C92B3664F5B9A1CA699,10282229161,1,2026-07-31 02:21:01,3,3,"{7,24,24,24,24,24,24,24,24,24,23,24,24,24,24,24,24,24,24,23,25,24,24,24,25,24,24,26,24,24,24}","{21,72,68,69,71,71,44,52,59,68,58,65,51,57,62,67,62,60,73,66,61,62,57,59,70,63,67,68,61,87,70}","Дикая роза / Kularb Rai Glai Ruk / Evil Rose Becomes Love [11/11] [THAI+Sub] [Таиланд, 2011, Романтика, Драма, Slap-Kiss, TVRip] [RAW]"
4637718,2,3075709,A5F5A2148EA96CB107800C16E7C45CEF1E6A7998,14605294826,1,2026-07-31 02:21:01,3,3,"{7,24,24,24,24,24,24,24,24,24,23,24,24,24,24,24,24,24,24,23,25,24,24,24,25,24,24,26,24,24,24}","{26,81,80,82,79,79,58,69,84,91,76,89,75,81,86,86,88,84,97,90,84,90,144,148,151,158,161,177,172,166,168}","Дорога любви / Tang Parn Kammathep / Cupid Pathway [18/18] [THAI+Sub] [Таиланд, 2001, романтика, slap/kiss, TVRip] [RAW]"
4637733,2,3075709,F7D0FA7C1D367A7848587562C8F6B8C2432C46D0,24659415355,1,2026-07-31 02:21:01,3,3,"{7,24,24,24,24,24,24,24,24,24,23,24,24,24,24,24,24,24,24,23,25,24,24,24,25,24,24,26,24,24,24}","{26,80,81,84,81,79,61,71,83,90,76,89,75,81,86,87,86,84,96,89,85,84,84,83,95,71,93,94,85,92,87}","Муж / Samee / Husband [14/14] [THAI+Sub] [Таиланд, 2013, драма / романтика, TVRip] [RAW]"
4650460,2,3075709,0CF0E36B1015FC957D56865C9E36D4B8AD06219D,23770771566,1,2026-07-31 02:21:01,3,3,"{7,24,24,24,24,24,24,24,24,24,23,24,24,24,24,24,24,24,24,23,25,24,24,24,25,24,24,26,24,24,24}","{26,80,80,79,79,79,65,72,85,90,76,88,75,81,86,88,86,84,96,89,86,83,82,83,95,70,93,94,85,92,87}","Закат над Чаопрайя / Koo Kum / Koo Gum / Sunset at Chaopraya [24/24] [THAI+Sub] [Таиланд, 2013, драма, романтика, TVRip] [RAW]"
4655849,2,33033500,6901EF438C7B4CE5E9EDB55ABE89DB1993AAD87C,8564787956,1,2026-07-31 02:21:01,3,3,"{7,24,24,24,24,24,24,24,24,24,23,24,24,24,24,24,24,24,24,23,25,24,24,24,25,24,24,26,24,24,24}","{21,72,68,69,71,71,41,56,59,68,53,65,51,57,62,64,70,69,84,70,61,61,59,59,70,47,69,68,61,68,63}","Полный дом / Full house [9/20] [RAW] [THAI+Sub] [Таиланд, 2014, романтика, комедия, HDTVRip] [1080p]"
4670029,2,31475165,A8FF022B6D29FFCDF3A8D58B46A8E38E2CCE5E83,9116919675,1,2026-07-31 02:21:01,3,3,"{7,24,24,24,24,24,24,24,24,24,23,24,24,24,24,24,24,24,24,23,25,24,24,24,25,24,24,26,24,24,24}","{26,80,80,79,79,79,70,80,85,89,80,89,75,81,86,91,86,84,96,89,85,82,82,83,95,90,89,94,84,110,87}","Сердечная битва / Hua Jai Rua Puang / Heart Tugs [12/20] [THAI+Sub] [Таиланд, 2013, комедия, романтика, TVRip] [RAW]"
4670277,2,3075709,D12508848F9CD94CE0B4DF54A94ECC191DC31656,7891448315,1,2026-07-31 02:21:01,3,3,"{7,24,24,24,24,24,24,24,24,24,23,24,24,24,24,24,24,24,24,23,25,24,24,24,25,24,24,26,24,24,24}","{25,89,93,89,92,93,77,85,102,95,87,96,91,93,94,96,91,84,91,93,95,90,96,93,95,82,89,103,97,89,91}","Невероятная Бо / Bo See Chompoo / Pink Ribbon [13/13] [THAI+Sub] [RAW] [Таиланд, 2005, драма, романтика, TVRip]"
4675163,2,3075709,5C66A626FD42A8F4221252808403D1C6AA89DA8F,11427660577,1,2026-07-31 02:21:01,3,3,"{7,24,24,24,24,24,24,24,24,24,23,24,24,24,24,24,24,24,24,23,25,24,24,24,25,24,24,26,24,24,24}","{26,80,80,79,79,79,69,71,85,90,76,89,75,81,86,88,86,84,97,89,85,84,83,83,95,71,95,94,85,92,87}","Красный особняк / Kehas See Daeng / The Red Mansion [13/13] [THAI+Sub] [Таиланд, 2011, романтика, драма, исторический, TVRip] [RAW]"
4680542,2,13592661,8ED2F951EBC4073C3E583AADA0B5E2EC4546E9C5,14444988354,1,2026-07-31 02:21:01,3,3,"{7,24,24,24,24,24,24,24,24,24,23,24,24,24,24,24,24,24,24,23,25,24,24,24,25,24,24,26,24,24,24}","{21,76,72,73,72,74,57,57,67,73,62,71,64,70,76,75,67,58,59,78,80,68,63,65,76,70,85,85,69,95,74}","Полный дом / Full house [20 из 20] [Таиланд, 2014, комедия, романтика, HDTVRip] [RAW] [720p] VO (Julia Prosenuk)"
4691975,2,3075709,F467D6C4CA31DA867DC47B7B5770B37BCA6671E9,13040511093,1,2026-07-31 02:21:01,3,3,"{7,24,24,24,24,24,24,24,24,24,23,24,24,24,24,24,24,24,24,23,25,24,24,24,25,24,24,26,24,24,24}","{21,77,75,77,76,76,58,58,67,70,64,69,68,71,65,67,66,65,80,80,75,71,61,64,78,67,83,83,70,77,71}","Звезда, покорившая Луну / The Star Courts The Moon / Dao Kiao Duen [11/11] [THAI+Sub] [Таиланд, 2013, романтика, комедия, TVRip] [RAW]"
4702216,2,3075709,810C7636877CEE6FA4A6E8EA5DDE5590EE0B9929,28447917249,1,2026-07-31 02:21:01,4,3,"{7,24,24,24,24,24,24,24,24,24,23,24,24,24,24,24,24,24,24,23,25,24,24,24,25,24,24,26,24,24,24}","{28,108,104,105,111,108,97,81,99,96,110,102,109,101,93,95,95,98,105,101,107,92,93,101,103,86,109,117,93,100,100}","Кубик-рубик / Cubic [16/16] [THAI+Sub] [Таиланд, 2014, экшен, романтика, TVRip] [RAW]"
4720416,2,4709759,D0E8314C10748215EB8FCDB30BB3A4EDD78AEC76,15188809512,1,2026-07-31 02:21:01,3,3,"{7,24,24,24,24,24,24,24,24,24,23,24,24,24,24,24,24,24,24,23,25,24,24,24,25,24,24,26,24,24,24}","{26,80,80,79,79,79,63,67,83,89,80,89,75,84,92,91,86,84,96,89,86,84,80,83,95,87,95,94,85,92,87}","Волшебный сад / Nai Suan Kwan [13/13] [THAI+Sub] [Таиланд, 2014, романтика, драма, TVRip] [RAW]"
4758893,2,3075709,A85407D277BBC4FE72AA65F40775DB5D92CD3005,14233686147,1,2026-07-31 02:21:01,3,3,"{7,24,24,24,24,24,24,24,24,24,23,24,24,24,24,24,24,24,24,23,25,24,24,24,25,24,24,26,24,24,24}","{26,80,80,79,79,79,67,68,85,89,80,89,75,81,86,91,86,84,97,89,85,82,81,83,95,91,95,94,83,95,87}","Тернистый путь к счастью / Awayjee See Chompoo / Pink Hell [12/12] [THAI+Sub] [Таиланд, 2008, драма /романтика, TVRip] [RAW]"
4759072,2,3075709,71C23F0E49C71110B725256556AAC4E71BD372FF,15268308893,1,2026-07-31 02:21:01,3,3,"{7,24,24,24,24,24,24,24,24,24,23,24,24,24,24,24,24,24,24,23,25,24,24,24,25,24,24,26,24,24,24}","{21,72,68,69,71,71,47,58,58,68,53,65,51,57,62,64,63,67,72,66,61,60,58,59,70,46,69,68,61,73,74}","Кун Чай Роннапи (Братья Тжутатеп 5-ая история) / Khun Chai Ronapee / Suparburoot Jutathep Part 5 [11/11] [THAI+Sub] [Таиланд, 2013, романтика, исторический, TVRip] [RAW]"
4759093,2,3075709,1B46491EFA35635ADE5B22769EFF12ECA725CC93,15233221722,1,2026-07-31 02:21:01,3,3,"{7,24,24,24,24,24,24,24,24,24,23,24,24,24,24,24,24,24,24,23,25,24,24,24,25,24,24,26,24,24,24}","{21,72,68,71,71,71,44,51,59,68,53,65,51,57,62,64,63,69,86,66,60,62,59,59,70,47,69,68,61,75,75}","Кун Чай Путтипат (Братья Тжутатеп 3-я история) / Khun Chai Puttipat / Suparburoot Jutathep Part 3 [10/10] [THAI+Sub] [Таиланд, 2013, романтика, исторический, HDTVRip] [RAW]"
4762949,2,3077621,DC4EF7E6E1B2DBD1F485398D5284976D7D3B3425,26335193269,1,2026-07-31 02:21:01,4,3,"{7,24,24,24,24,24,24,24,24,24,23,24,24,24,24,24,24,24,24,23,25,24,24,24,25,24,24,26,24,24,24}","{22,76,85,80,84,97,89,103,125,127,120,121,140,143,137,129,132,130,136,130,127,119,121,129,131,123,127,141,130,138,132}","Телохранительница / Bodyguard Sao / Female Bodyguard (15/15) [Таиланд, 2013г., экшн, романтика, комедия, TVRip] [THAI+Sub] [RAW] [Таиланд]"
4799300,2,30858111,9382B50B67529AD58A92327B4B955032E5FEA1B2,19045090400,1,2026-07-31 02:21:01,3,3,"{7,24,24,24,24,24,24,24,24,24,23,24,24,24,24,24,24,24,24,23,25,24,24,24,25,24,24,26,24,24,24}","{21,72,68,69,71,71,43,57,59,68,53,65,51,57,62,64,66,60,73,67,61,60,59,59,70,46,71,68,61,68,63}","Любовь, затмившая солнце / Roy Ruk Hak Liam Tawan / Love Wins Out Over The Sun (11/11) [RAW] [THAI+Sub] [Таиланд, 2014, романтика / экшен, HDTVRip]"
4799568,2,30858111,D791416E2C4E6BCE5938D50A6AC818C94D10B1A4,27747409791,1,2026-07-31 02:21:01,3,3,"{7,24,24,24,24,24,24,24,24,24,23,24,24,24,24,24,24,24,24,23,25,24,24,24,25,24,24,26,24,24,24}","{26,80,80,79,79,79,67,68,85,90,76,89,75,81,86,87,86,75,73,93,84,81,81,83,95,70,93,96,85,92,87}","За любовью на край света / Lah Rak Kam Kop Fah / Chasing love to the end of the world (20/20) [RAW] [THAI+Sub] [Таиланд, 2014, Романтика, драма, экшн, комедия, TVRip]"
4807779,2,30858111,5FBF63C1F4410CFC6042161B30E9952F65160A80,21854016367,1,2026-07-31 02:21:01,3,3,"{7,24,24,24,24,24,24,24,24,24,23,24,24,24,24,24,24,24,24,23,25,24,24,24,25,24,24,26,24,24,24}","{21,76,75,77,79,76,58,65,77,78,66,75,69,72,79,79,79,72,90,81,76,73,74,73,88,61,85,87,77,85,80}","Ненависти вопреки / Sanaeha Sunya Kaen / Love promise grudge (15/15) [THAI+Sub] [RAW] [Таиланд, 2014, романтика, месть, HDTVRip]"
4807795,2,30858111,6D5DC77A06095CE84CD5A962D41E3C60D7F1509E,22202981239,1,2026-07-31 02:21:01,3,3,"{7,24,24,24,24,24,24,24,24,24,23,24,24,24,24,24,24,24,24,23,25,24,24,24,25,24,24,26,24,24,24}","{21,72,69,73,74,71,43,56,70,68,53,65,51,57,62,64,62,60,72,66,61,60,57,59,70,46,69,68,61,68,63}","Нефритовая кровь дракона / Yok Luerd Mungkorn / Jade of the blooded dragon (22/22) [THAI+Sub] [RAW] [Таиланд, 2012, романтика, драма, экшен, TVRip]"
4824472,2,30858111,08F673D4DDC8FD0E9009ACFEF4CF44D506C8F16F,14723101051,1,2026-07-31 02:21:01,3,3,"{7,24,24,24,24,24,24,24,24,24,23,24,24,24,24,24,24,24,24,23,25,24,24,24,25,24,24,26,24,24,24}","{21,72,69,73,71,69,46,56,59,68,57,64,51,57,62,67,62,60,73,66,61,61,59,59,70,70,69,68,66,84,70}","Любовь под боком / Ton Ruk Rim Rua / Love started at the fence (11/11) [THAI+Sub] [RAW] [Таиланд, 2013, комедия, романтика, TVRip]"
4830487,2,30858111,B1B3E357EBBF388E68B1C58E291E7BFA430E0EFA,11445700726,1,2026-07-31 02:21:01,3,3,"{7,24,24,24,24,24,24,24,24,24,23,24,24,24,24,24,24,24,24,23,25,24,24,24,25,24,24,26,24,24,24}","{26,80,80,79,79,80,57,66,85,89,80,89,75,81,86,91,86,84,96,89,83,83,82,83,94,85,93,94,84,114,92}","Мадам Дан / Madam Dun (09/13) [THAI+Sub] [RAW] [Таиланд, 2013-2014, романтика, комедия, TVRip]"
4853275,2,30858111,5D319BD59BA3A7A6FF40EE6F253F4E2FFFEC4630,11159996221,1,2026-07-31 02:21:01,3,3,"{7,24,24,24,24,24,24,24,24,24,23,24,24,24,24,24,24,24,24,23,25,24,24,24,25,24,24,26,24,24,24}","{26,80,80,79,79,80,68,76,83,90,76,87,75,81,86,88,86,84,97,89,84,82,83,83,95,71,93,94,85,92,87}","Притворная любовь / Pretend Love / Fai Luang (16/16) [THAI+Sub] [RAW] [Таиланд, 1998, романтика, месть, TVRip]"
4854399,2,30858111,045E58C4C77C84ADA9D9908AFDAB2BBC20270D02,24560134197,1,2026-07-31 02:21:01,4,3,"{7,24,24,24,24,24,24,24,24,24,23,24,24,24,24,24,24,24,24,23,25,24,24,24,25,24,24,26,24,24,24}","{22,73,68,69,71,71,35,50,59,68,53,63,51,57,62,64,62,60,72,66,61,62,58,59,69,47,69,68,61,68,63}","Звезда, покорившая Луну 2 / Dao Kieng Duen (14/14) [THAI+Sub] [RAW] [2014, Таиланд, романтика, комедия, HDTVRip]"
4858894,2,30322017,92A8F920058DDD949922721B9D3EAC2FD63FD5AF,15912040448,1,2026-07-31 02:21:01,3,3,"{7,24,24,24,24,24,24,24,24,24,23,24,24,24,24,24,24,24,24,23,25,24,24,24,25,24,24,26,24,24,24}","{26,80,80,79,79,79,67,68,84,90,76,89,75,81,86,88,86,84,96,89,86,84,80,83,95,70,95,94,85,92,87}","В плену любви / Jam Loey Rak / Defendant of Love [14 из 14] [Таиланд, 2008, мелодрама, DTVRip] [VO]"
4870421,2,7889202,35C51309E2BC38A945429D86B10F20EE96F2B9EF,9956809642,1,2026-07-31 02:21:01,3,3,"{7,24,24,24,24,24,24,24,24,24,23,24,24,24,24,24,24,24,24,23,25,24,24,24,25,24,24,26,24,24,24}","{26,81,80,85,99,100,86,87,103,97,101,94,96,96,96,100,100,92,97,92,102,122,187,201,213,220,194,238,216,251,236}","Шоколад / Hua Jai Chocolate / Heart of Chocolate (14 из 14) [Таиланд, 2005, романтика, драма, TVRip] [480p] [VO+Original] (eto-ile)"
4875512,2,3077621,D7BCA15F0AF5D25378ED26AB908B89E78BC08EEC,4722283134,1,2026-07-31 02:21:01,3,2,"{7,24,24,24,24,24,24,24,24,24,23,24,24,24,24,24,24,24,24,23,25,24,24,24,25,24,24,26,24,24,24}","{22,78,76,69,73,72,80,108,112,108,107,102,113,99,110,104,113,109,103,105,107,99,97,103,105,97,105,117,109,111,109}","Любовь наших сердец / Rak Nee Hua Jai Rao Jong / This Love Belongs to Our Hearts (4/15) [THAI+Sub] [Таиланд, 2007г., комедия, романтика, TVRip] [480p] [RAW]"
4882025,2,4709759,D77B447E06A06C2E1E7AC183DCA18C40BBF53B5F,26778702034,1,2026-07-31 02:21:01,3,3,"{7,24,24,24,24,24,24,24,24,24,23,24,24,24,24,24,24,24,24,23,25,24,24,24,25,24,24,26,24,24,24}","{21,72,68,69,71,71,46,56,59,68,53,65,51,60,76,71,62,60,72,66,59,62,58,59,70,64,69,68,61,68,63}","Иллюзия солнца (3 мушкетерши 1-я часть) / Maya Tawan [13/13] [THAI+Sub] [Таиланд, 2013, романтика, драма, TVRip] [RAW]"
4898991,2,1561579,8D36AB814A1D7A2CCDD37FBDD1328B9030BD6B7F,16562823707,1,2026-07-31 02:21:01,3,3,"{7,24,24,24,24,24,24,24,24,24,23,24,24,24,24,24,24,24,24,23,25,24,24,24,25,24,24,26,24,24,24}","{21,72,68,69,71,71,42,53,58,68,53,65,51,57,62,64,62,60,73,66,61,60,58,59,70,47,71,68,61,76,74}","Кун Чай Ратчанон (Братья Тжутатеп 4-ая история) / Khun Chai Rachanon (Suparburoot Jutathep Part 4) / [11 из 11][Таиланд, 2013, романтика, исторический, TVRip][RAW][720p]"
4928919,2,2736386,B9EDFCE214A48EB5B5D6DC7B0977E7457BAD140C,21254330952,1,2026-07-31 02:21:01,3,3,"{7,24,24,24,24,24,24,24,24,24,23,24,24,24,24,24,24,24,24,23,25,24,24,24,25,24,24,26,24,24,24}","{21,72,68,71,71,71,43,51,59,67,57,65,51,57,62,67,62,60,72,66,61,59,59,59,70,66,71,68,61,86,68}","Отражение сердца / Ngao Jai / Heart's Shadow [15/15] [THAI+Sub] [RAW] [Таиланд, 2015, романтика, драма, TVRip]"
4933829,2,21686379,5BE6F85511B097CABF4AC9D51519FF87453BE0B3,31237683691,1,2026-07-31 02:21:01,3,3,"{7,24,24,24,24,24,24,24,24,24,23,24,24,24,24,24,24,24,24,23,25,24,24,24,25,24,24,26,24,24,24}","{26,80,80,79,79,79,64,72,85,90,74,88,75,81,86,88,86,84,97,89,86,83,82,83,95,71,93,94,85,92,87}","Отражение сердца / Ngao Jai / Heart's Shadow [15/15] [Таиланд, 2015, романтика, драма, HDTVRip] [1080p] VO (SOUND-GROUP)"
4934227,2,4709759,BBC48E6162612262010CE8B2DC12EAE0A6C9CEA0,27731908970,1,2026-07-31 02:21:01,3,2,"{7,24,24,24,24,24,24,24,24,24,23,24,24,24,24,24,24,24,24,23,25,24,24,24,25,24,24,26,24,24,24}","{23,72,71,73,71,71,49,55,58,68,53,65,51,57,62,64,62,60,73,66,68,72,61,65,83,58,69,68,61,68,73}","Заклятие луны (3 мушкетерши 2-я часть) / Mon Jan Tra [11/11] [THAI+Sub] [Таиланд, 2013, романтика, драма, TVRip] [RAW]"
4951815,2,3779174,8EBD96C636240388C60F2F2A4D37709064CB2402,2474116645,1,2026-07-31 02:21:01,3,3,"{7,24,24,24,24,24,24,24,24,24,23,24,24,24,24,24,24,24,24,23,25,24,24,24,25,24,24,26,24,24,24}","{21,72,68,69,71,71,44,53,58,68,53,65,51,57,62,64,62,60,73,66,60,61,57,59,50,41,68,68,61,68,63}","Принц-лягушонок / Tarnchai Nai Sai Mok / Prince in the Line of Fog (3/15) [RAW] [THAI-Sub] [2012, Таиланд, гендерная интрига, романтика, комедия, TVRip]"
4964859,2,7889202,444239E1CADDEA41C384CCCCADFBD26B8F223E96,8128197468,1,2026-07-31 02:21:01,3,3,"{7,24,24,24,24,24,24,24,24,24,23,24,24,24,24,24,24,24,24,23,25,24,24,24,25,24,24,26,24,24,24}","{21,72,68,69,70,71,44,56,59,68,55,65,51,57,62,67,62,60,73,66,59,62,58,59,70,62,69,68,61,84,63}","Любовь - не морковь / Ruk Kerd Nai Tarad Sod / Love Starts at the Fresh Market (12 из 12) [RUS(int), THAI] [Таиланд, 2001, комедия, романтика, TVRip]"
4968395,2,2736386,2EE9B34BC80DECB924296F541BBD23B50B7AA561,9541673163,1,2026-07-31 02:21:01,3,3,"{7,24,24,24,24,24,24,24,24,24,23,24,24,24,24,24,24,24,24,23,25,24,24,24,25,24,24,26,24,24,24}","{21,72,68,69,71,71,44,52,59,68,57,63,51,57,62,67,62,60,72,66,60,59,58,59,69,67,71,68,61,81,68}","Обман цвета жемчуга / Maya See Muk / Pearl-Colored Deception [6/23] [THAI+Sub] [Таиланд, 2013, романтика, драма, комедия, TVRip] [RAW]"
4969804,2,2736386,296F34706378AF4A212278BE0D634AFA0CA4635C,16110978550,1,2026-07-31 02:21:01,3,3,"{7,24,24,24,24,24,24,24,24,24,23,24,24,24,24,24,24,24,24,23,25,24,24,24,25,24,24,26,24,24,24}","{21,72,68,69,71,71,43,52,59,68,51,65,51,57,62,64,61,60,72,66,59,60,59,59,70,47,71,68,61,68,63}","Тигр / Suer [9/9] [THAI+Sub] [Таиланд, 2015, романтика, экшен, TVRip] [RAW]"
4977219,2,21686379,F9C947486B0740C6DA0881F8CB3F015A38243B94,24920368747,1,2026-07-31 02:21:01,3,3,"{7,24,24,24,24,24,24,24,24,24,23,24,24,24,24,24,24,24,24,23,25,24,24,24,25,24,24,26,24,24,24}","{21,72,68,71,71,71,44,55,59,68,52,65,51,60,70,71,62,60,72,66,60,70,58,67,82,81,71,73,78,72,73}","Ловушка любви / Leh Ratee / A Woman's Trickery [12/12] [Таиланд, 2015, мелодрама, slap &amp; kiss, HDTVRip] [1080p] DVO (SOUND-GROUP)"
5002646,2,3077621,690F21F40A7C1E845FB91E9B2AD6CE5F0BB8C43E,999830148,1,2026-07-31 02:21:01,3,2,"{7,24,24,24,24,24,24,24,24,24,23,24,24,24,24,24,24,24,24,23,25,24,24,24,25,24,24,26,24,24,24}","{26,76,72,73,71,72,77,93,108,109,110,108,109,103,109,109,110,110,110,101,102,98,101,94,109,115,104,118,108,132,119}","Слёзы Амура / Любовь зла / Namthaa Kammathep / Cupid's Tears / Stupid Cupid (3/12) [Таиланд, 2015г., стёб, пародия, TVRip] [THAI+Sub] [RAW] [360p]"
5019508,2,4709759,91D66318E1EAE1FB901C21D601B14FBFCA7F05D8,15506084522,1,2026-07-31 02:21:01,3,3,"{7,24,24,24,24,24,24,24,24,24,23,24,24,24,24,24,24,24,24,23,25,24,24,24,25,24,24,26,24,24,24}","{21,72,68,70,71,71,47,56,58,68,53,65,51,60,77,72,65,60,72,66,61,60,59,59,69,46,71,68,59,68,63}","Сияющая звезда (3 мушкетерши 3-я часть) / Fah Krajang Dao [8/8] [Таиланд, THAI+Sub] [2013, Таиланд, романтика, драма, TVRip] [RAW]"
5019651,2,2736386,D4F05F03BC88F11034EE8C4301AE46AE5734D0D9,10911005275,1,2026-07-31 02:21:01,3,3,"{7,24,24,24,24,24,24,24,24,24,23,24,24,24,24,24,24,24,24,23,25,24,24,24,25,24,24,26,24,24,24}","{21,72,68,69,71,71,46,55,59,68,53,65,51,56,62,64,62,60,73,67,60,61,58,59,70,47,71,68,59,68,63}","Принцесса / Manee Yard Fah / The Princess [13/13] [Таиланд, THAI+Sub] [RAW] [2000, Таиланд, романтика, комедия, драма, TVRip]"
5019659,2,2736386,D3FC6CC695EE4E1C552E811AE2401B94D7BF2572,24782627299,1,2026-07-31 02:21:01,3,3,"{7,24,24,24,24,24,24,24,24,24,23,24,24,24,24,24,24,24,24,23,25,24,24,24,25,24,24,26,24,24,24}","{21,75,74,80,77,75,61,62,67,71,58,72,68,71,65,63,66,56,56,84,74,71,61,64,77,51,84,83,66,75,70}","Неутихающий огонь страсти / Mai Sin Rai Fai Sawat / Mai Sin Rai Fai Sawat [16/16] [THAI+Sub] [RAW] [Таиланд, 2015, драма, месть, HDTVRip]"
5045338,2,484973,65E3D4DE5115AFEA7ACBD847E0DF0DD0EAA7A2A0,16154269750,1,2026-07-31 02:21:01,3,3,"{7,24,24,24,24,24,24,24,24,24,23,24,24,24,24,24,24,24,24,23,25,24,24,24,25,24,24,26,24,24,24}","{21,72,68,69,71,71,42,58,59,68,53,65,51,59,75,64,62,60,73,66,59,60,58,59,70,47,71,68,59,68,63}","Ловушка ангелов / Leh Nangfah / Angel Magic [28/28] [THAI+Sub] [Таиланд, 2014, романтика, комедия, фантастика, HDTVRip]"
5060840,2,30858111,D5818846C6617C1C93EFD1BFD1C75360C0F4A730,14002609130,1,2026-07-31 02:21:01,3,3,"{7,24,24,24,24,24,24,24,24,24,23,24,24,24,24,24,24,24,24,23,25,24,24,24,25,24,24,26,24,24,24}","{21,72,69,74,71,71,45,57,58,68,53,63,51,57,62,64,61,60,72,66,61,61,58,59,70,47,71,68,59,68,63}","Там, где небеса касаются песка / Where the Sky Meets the Sand / Fah Jarod Sai [11/11] [THAI+Sub] [RAW] [Таиланд, 2013, романтика, драма, TVRip]"
5061388,2,3077621,C8FCABFCBA59B0D364D1438AB304F30F1474A30A,5081112828,1,2026-07-31 02:21:01,4,3,"{7,24,24,24,24,24,24,24,24,24,23,24,24,24,24,24,24,24,24,23,25,24,24,24,25,24,24,26,24,24,24}","{26,72,68,69,71,77,81,100,124,107,100,104,112,102,108,110,111,110,111,103,104,101,104,96,104,102,108,111,109,109,111}","Сотня хитростей любви / Leh Roy Ruk / Hundred tricks of love (8/14) [THAI+Sub] [Таиланд, 2012г., комедия, романтика, детектив, TVRip] [RAW] [Таиланд]"
5063147,2,30858111,071A5CBE6D00D515D38ADAD64B6EA0910E2E353F,20902543966,1,2026-07-31 02:21:01,3,3,"{7,24,24,24,24,24,24,24,24,24,23,24,24,24,24,24,24,24,24,23,25,24,24,24,25,24,24,26,24,24,24}","{21,72,68,69,71,71,46,52,59,68,57,65,51,57,62,67,62,60,72,66,61,61,59,59,70,64,69,68,59,83,68}","Восходящее солнце: Вслед за мечтой / Dream Trace of Boiling Sun / Roy Fun Tawan Duerd (Восходящее солнце 2) (12/12) [Таиланд, 2014 год, романтика, экшен, TVRip] [RAW] [960р]"
5069970,2,7889202,93B2FB516B3B7B77F96FFC0C9DD05908A478B8DD,14086903536,1,2026-07-31 02:21:01,3,2,"{7,24,24,24,24,24,24,24,24,24,23,24,24,24,24,24,24,24,24,23,25,24,24,24,25,24,24,26,24,24,24}","{26,73,72,77,84,86,53,62,74,89,80,89,74,81,82,75,71,64,86,78,78,73,73,62,82,82,76,81,72,100,87}","Секреты суперзвезды / Kwarm Lub Kaung Superstar / Secret of Superstar (35 из 35) [RUS(int), THAI] [Таиланд, 2008, драма, TVRip] [RAW]"
5077738,2,35974887,02C0F3C9178E462221597763A1A47F3E039FC0B5,18571665260,1,2026-07-31 02:21:01,3,2,"{7,24,24,24,24,24,24,24,24,24,23,24,24,24,24,24,24,24,24,23,25,24,24,24,25,24,24,26,24,24,24}","{26,80,81,78,79,79,54,65,84,82,80,89,75,81,86,91,86,84,97,89,84,83,72,83,95,81,86,80,57,86,70}","Любовь в сети / Ab Ruk Online / Secret Love Online [15/15] [Таиланд, THAI+Sub] [RAW] [2015, Таиланд, романтика / комедия, HDTVRip]"
5094066,2,1688321,609CB49ED6634B64A15F401D36F76B96A038D95C,13877035616,1,2026-07-31 02:21:01,3,3,"{7,24,24,24,24,24,24,24,24,24,23,24,24,24,24,24,24,24,24,23,25,24,24,24,25,24,24,26,24,24,24}","{22,77,73,75,76,71,45,57,70,71,63,70,57,58,68,66,67,65,74,66,60,66,65,65,77,72,71,68,65,94,73}","Озорной поцелуй / Kiss Me [20/20] [Таиланд, 2015, романтика, комедия, HDTVRip] [THAI+Sub] [RAW] [720p]"
5102171,2,484973,BEF7371AC12F18C3E1332C4C81960404230D341A,15330811372,1,2026-07-31 02:21:01,4,2,"{7,24,24,24,24,24,24,24,24,24,23,24,24,24,24,24,24,24,24,23,25,24,24,24,25,24,24,26,24,24,24}","{28,96,86,96,99,101,91,85,95,96,96,95,100,96,98,97,101,89,76,92,121,112,106,120,126,102,116,118,96,95,98}","Сто способов коварного соблазнителя / Roy Leh Sanae Rai / 100 Trickery's Dangerous Passion [14/14] [Таиланд, THAI+Sub] [Таиланд, 2015, мелодрама, HDTVRip]"
5164767,2,16146154,F842A534F49A234D0807BE10788B707BE2F7DA0E,17919901060,1,2026-07-31 02:21:01,3,3,"{7,24,24,24,24,24,24,24,24,24,23,24,24,24,24,24,24,24,24,23,25,24,24,24,25,24,24,26,24,24,24}","{21,75,80,79,79,79,67,64,85,90,76,89,80,79,86,87,85,84,97,89,83,84,82,83,95,71,95,94,83,92,87}","Сто способов коварного соблазнителя / Roy Leh Sanae Rai / 100 Trickery's Dangerous Passion [14/14] [Таиланд, RUS(int)] [Таиланд, 2015, Мелодрама, HDTVRip] [720p] [Таиланд, VO] (Julia Prosenuk)"
5168100,2,30858111,3E79F039634A5FCB6FF66E6D95F8D7C0602F802D,12023087929,1,2026-07-31 02:21:01,3,3,"{7,24,24,24,24,24,24,24,24,24,23,24,24,24,24,24,24,24,24,23,25,24,24,24,25,24,24,26,24,24,24}","{21,76,74,78,77,75,58,60,67,71,60,71,68,75,78,72,66,65,82,80,74,69,60,64,77,51,83,83,68,75,70}","Бык (Кровь Дракона 3 история) / Krating (Luerd Mungkorn Part 3) [10/10] [THAI+Sub] [RAW][Таиланд, 2015, экшен, драма, романтика, HDTVRip]"
5168335,2,7889202,C369FE1C450D61D13CF807852694668BC1895487,10642254223,1,2026-07-31 02:21:01,3,3,"{7,24,24,24,24,24,24,24,24,24,23,24,24,24,24,24,24,24,24,23,25,24,24,24,25,24,24,26,24,24,24}","{24,88,88,98,113,114,104,106,116,113,106,109,110,112,108,108,117,106,114,105,113,119,165,189,198,199,200,223,212,247,204}","Приссана / Prissana / Prissana [RAW] [RUS(int), THAI] [Таиланд, 2000, романтика, TVRip]"
5224457,2,2736386,390B3876FAB8E6DFFF5D622047C21E939797B125,12691093399,1,2026-07-31 02:21:01,3,3,"{7,24,24,24,24,24,24,24,24,24,23,24,24,24,24,24,24,24,24,23,25,24,24,24,25,24,24,26,24,24,24}","{21,77,74,77,77,76,54,60,67,71,59,71,68,71,65,64,65,65,80,80,73,71,60,64,76,51,83,83,66,75,70}","Носорог (Кровь Дракона 4-ая история) / Rhino/ Raed (Luerd Mungkorn Part 4) [10/10] [Таиланд, 2015, экшен, комедия, романтика, HDTVRip] [THAI+Sub] [RAW]"
5233771,2,7889202,A1FCAF018427B5444C16E038C7EE3680F109FC99,8067660957,1,2026-07-31 02:21:01,4,3,"{7,24,24,24,24,24,24,24,24,24,23,24,24,24,24,24,24,24,24,23,25,24,24,24,25,24,24,26,24,24,24}","{31,91,93,92,103,108,86,79,95,95,90,95,83,90,94,98,96,97,104,91,93,100,154,164,177,199,172,186,195,229,208}","Массая / Massaya / Massaya [11/11] [Таиланд, 2000, драма, TVRip] [480p] [VO+Original] (eto-ile)"
5258109,2,18482614,2D99DD07AED3A8FB4B368CF537E3FFD767AF47B1,1470368908,1,2026-07-31 02:21:01,3,3,"{7,24,24,24,24,24,24,24,24,24,23,24,24,24,24,24,24,24,24,23,25,24,24,24,25,24,24,26,24,24,24}","{21,75,80,79,79,78,62,62,85,90,76,89,75,80,86,86,86,84,97,89,84,82,80,82,95,71,93,94,83,92,87}","Сделай это правильно / Make it right [2/12] [Таиланд, 2016, романтика, гей-тема, школа, дружба, HDTVRip]"
5280285,2,6267451,8516E76A3C09F692643533A734957FAD735C2672,18422611975,1,2026-07-31 02:21:01,3,3,"{7,24,24,24,24,24,24,24,24,24,23,24,24,24,24,24,24,24,24,23,25,24,24,24,25,24,24,26,24,24,24}","{21,72,68,71,71,71,41,58,57,68,53,66,51,57,62,67,77,60,73,66,61,60,57,59,69,47,71,68,59,68,63}","Звезда, покорившая Луну 2 / Dao Kieng Duen (14/14) [2014, Таиланд, романтика, комедия, лакорн, HDTVRip] [RAW] [720p] VO (Julia Prosenuk)"
5321033,2,41799766,431D78772BF9D9F0C56859AA362FFA44EA30A1E0,1563382837,1,2026-07-31 02:21:01,3,3,"{7,24,24,24,24,24,24,24,24,24,23,24,24,24,24,24,24,24,24,23,25,24,24,24,25,24,24,26,24,24,24}","{21,75,80,79,79,79,64,69,85,89,78,89,75,83,88,91,86,84,97,89,85,83,82,83,93,87,93,94,81,110,93}","Полёт любви / Love Flight / Ruk Sut Tai Tee Bpaai Fah [4/4] [Таиланд, 2015, романтика, WEB-DL] [RAW] [1080p] VO (Julia Prosenuk)"
5323456,2,41799766,581DE78163F6E4280E1D69E58D7C0B8806C086BE,16405869222,1,2026-07-31 02:21:01,4,3,"{7,24,24,24,24,24,24,24,24,24,23,24,24,24,24,24,24,24,24,23,25,24,24,24,25,24,24,26,24,24,24}","{22,84,88,89,91,91,79,71,92,91,81,93,91,92,87,88,86,78,80,93,95,91,81,85,98,72,92,104,87,91,90}","Бог смерти в сладостном цвете / Majurat See Nam Pueng / God of death in honey color [15/15] [Таиланд, 2013, мелодрама, slap/kiss, TVRip] [480p] VO (Julia Prosenuk)"
5327991,2,41799766,1BF2C13CA3CDD9A4D8644266F40CACBE1336D002,3297542556,1,2026-07-31 02:21:01,3,2,"{7,24,24,24,24,24,24,24,24,24,23,24,24,24,24,24,24,24,24,23,25,24,24,24,25,24,24,26,24,24,24}","{23,80,85,83,83,92,82,75,93,93,81,93,89,89,94,93,90,82,84,92,97,91,84,87,81,75,95,108,86,92,91}","Входящий от Зеро / Wangming Lianxian / Zero calling [7/7] [Сингапур, 2014, триллер, HDTVRip] [576p] DVO (Studio Victory Asia)"
5332005,2,7889202,B00C59BC7291CF14210AC488A43002340BB3266B,9446121811,1,2026-07-31 02:21:01,3,2,"{7,24,24,24,24,24,24,24,24,24,23,24,24,24,24,24,24,24,24,23,25,24,24,24,25,24,24,26,24,24,24}","{26,82,92,93,111,101,76,72,90,97,87,96,90,84,95,97,90,79,89,92,87,94,84,90,102,98,98,101,91,122,105}","Кровная вражда / Artid Ching Duang / Feuding Sun [28/28] [Таиланд, 2009, драма, TVRip] [576p] [VO+Original] (eto-ile)"
5338917,2,41799766,D6FECDAC04BEC408DCF455DC8E085E074F70983E,15902881412,1,2026-07-31 02:21:01,3,3,"{7,24,24,24,24,24,24,24,24,24,23,24,24,24,24,24,24,24,24,23,25,24,24,24,25,24,24,26,24,24,24}","{24,92,89,92,91,93,83,81,99,95,80,92,91,94,87,86,88,79,81,93,93,96,146,162,169,161,161,194,174,179,179}","В сиянии солнца / Tawan Tor Saeng / Sunshine [15/15] [Таиланд, 2012, романтика, драма, TVRip] [RAW] [480p] VO (Julia Prosenuk)"
5339984,2,41799766,D4AE4692FA3FCB41CFF2F3FF3D87EB6D32F65DD8,13213978024,1,2026-07-31 02:21:01,3,3,"{7,24,24,24,24,24,24,24,24,24,23,24,24,24,24,24,24,24,24,23,25,24,24,24,25,24,24,26,24,24,24}","{21,75,80,80,79,79,68,69,85,90,74,89,75,81,86,88,86,84,96,89,85,82,79,83,95,71,93,94,83,92,87}","Любовь никогда не умирает / Love Never Dies / Rak Mai Mee Wan Tay [11/11] [Таиланд, 2011, романтика, драма, фэнтези, TVRip] [480p] VO (sandairina)"
5343080,2,41799766,C01F920822CDC043DBB9FB16EDD8E5E466B8024B,22087399833,1,2026-07-31 02:21:01,3,3,"{7,24,24,24,24,24,24,24,24,24,23,24,24,24,24,24,24,24,24,23,25,24,24,24,25,24,24,26,24,24,24}","{26,81,80,81,79,79,68,72,86,91,76,88,80,81,87,86,88,84,96,89,86,90,146,158,156,159,154,191,168,169,169}","Ненависти вопреки / Sanaeha Sunya Kaen / Love promise grudge [15/15] [Таиланд, 2014, романтика, месть, HDTVRip] [RAW] [480p] VO (Julia Prosenuk)"
5346995,2,41799766,3E087A0920A420DD4BFBD4FAA25C0D0C6436EB49,28596808916,1,2026-07-31 02:21:01,3,3,"{7,24,24,24,24,24,24,24,24,24,23,24,24,24,24,24,24,24,24,23,25,24,24,24,25,24,24,26,24,24,24}","{26,90,96,98,99,99,88,88,109,96,96,93,96,96,96,99,98,96,97,92,99,96,92,96,100,94,94,104,96,96,98}","Кубик-рубик / Cubic [16/16] [Таиланд, 2014, экшен, романтика, TVRip] [RAW] VO (Julia Prosenuk)"
5352814,2,41799766,DAF23C246D956BC17C8CD8A7200151AEBE02A053,28413762764,1,2026-07-31 02:21:01,3,3,"{7,24,24,24,24,24,24,24,24,24,23,24,24,24,24,24,24,24,24,23,25,24,24,24,25,24,24,26,24,24,24}","{26,88,80,81,86,79,66,67,94,91,77,90,75,81,85,90,88,84,98,93,86,95,147,161,165,157,162,171,173,168,176}","За любовью на край света / Lah Rak Kam Kop Fah / Chasing love to the end of the world [20/20] [Таиланд, 2014, романтика, драма, экшн, комедия, HDTVRip] [RAW] VO (Julia Prosenuk)"
5356381,2,30322017,4CFF1164A690BF9ECE781B2591FBD51BB10E7C0C,19121611518,1,2026-07-31 02:21:01,4,3,"{7,24,24,24,24,24,24,24,24,24,23,24,24,24,24,24,24,24,24,23,25,24,24,24,25,24,24,26,24,24,24}","{30,90,84,84,79,80,67,73,95,91,81,88,86,97,88,91,88,82,74,87,90,90,145,148,161,165,168,201,181,190,172}","Волны жизни / Kluen Cheevit / Life waves [13 из 15] [Таиланд, 2017, драма, месть, slap&amp;kiss, HDTVRip] [RAW] [720p] [VO] (SOUND-GROUP)"
5359465,2,21686379,7E8357EFDCD38B6FB77958CCD01A8E7772CAFFE0,2904728908,1,2026-07-31 02:21:01,3,3,"{7,24,24,24,24,24,24,24,24,24,23,24,24,24,24,24,24,24,24,23,25,24,24,24,25,24,24,26,24,24,24}","{26,81,80,81,79,79,68,70,86,91,76,89,75,81,86,86,88,84,96,89,86,94,139,158,136,153,148,176,172,164,162}","Достучаться до сердца / Tarm Ruk Keun Jai [2/14] [Таиланд, 2015-2016, романтика, комедия, HDTVRip] [720p] DVO (SOUND-GROUP)"
5363208,2,41799766,81ED5E45F73FF9646567250BA0BFD68D9CDC8BD8,24617924552,1,2026-07-31 02:21:01,3,3,"{7,24,24,24,24,24,24,24,24,24,23,24,24,24,24,24,24,24,24,23,25,24,24,24,25,24,24,26,24,24,24}","{21,75,80,79,79,80,66,73,85,90,74,86,75,79,86,88,86,84,97,89,83,82,84,83,95,71,95,94,83,92,87}","Буря страсти / Morrasoom Sawaat [16/16] [Таиланд, 2015-2016, драма, месть, HDTVRip] [RAW] [720p] VO (Julia Prosenuk)"
5375654,2,41799766,0FAC534ADD6AF1A33FD4016D2FF38D4E907A7E52,22445865025,1,2026-07-31 02:21:01,5,3,"{7,24,24,24,24,24,24,24,24,24,23,24,24,24,24,24,24,24,24,23,25,24,24,24,25,24,24,26,24,24,24}","{35,130,157,135,125,131,128,127,121,135,127,121,141,136,133,157,140,126,121,115,128,139,214,211,231,236,200,254,229,284,249}","Волны жизни / Kluen Cheevit [15/15] [Таиланд, 2017, драма, романтика, HDTVRip] [RAW] [720p] VO (Julia Prosenuk)"
5385756,2,7774751,5AE7EA2DE756CCD5848CDFEECAC188C939F3C602,13027361453,1,2026-07-31 02:21:01,3,3,"{7,24,24,24,24,24,24,24,24,24,23,24,24,24,24,24,24,24,24,23,25,24,24,24,25,24,24,26,24,24,24}","{21,75,80,79,79,79,68,69,85,90,74,89,75,80,86,87,86,84,97,89,84,84,80,83,95,71,93,94,83,92,87}","Кровь за кровь / Leurd Tat Leurd [8/15] [Таиланд, 2015, драма, экшен, романтика, WEBRip] (RAW) [720p] [DVO + Original + Sub] (SOUND-GROUP и Batafurai team)"
5395228,2,7774751,0ACDCD15D5D2870780E7BE27C76208CEA81A94B2,20244683108,1,2026-07-31 02:21:01,3,3,"{7,24,24,24,24,24,24,24,24,24,23,24,24,24,24,24,24,24,24,23,25,24,24,24,25,24,24,26,24,24,24}","{24,91,89,92,91,93,85,76,102,97,81,93,91,94,87,86,88,78,81,93,94,96,155,162,168,161,169,196,167,184,175}","Огонь мести / Game Payabaht [18/18] [Таиланд, 2017,драма, месть, WEBRip] (RAW) [720p] [DVO + Original + Sub] (SOUND-GROUP и Batafurai team)"
5408651,2,7889202,C5B175763471740359C7890DF37EF8BC7138BE1F,9742713359,1,2026-07-31 02:21:01,3,3,"{7,24,24,24,24,24,24,24,24,24,23,24,24,24,24,24,24,24,24,23,25,24,24,24,25,24,24,26,24,24,24}","{26,80,80,85,100,100,82,92,100,97,96,94,97,96,96,97,102,92,97,92,100,107,164,171,181,180,183,195,196,189,197}","Возлюбленная шерифа / Tok Kra Dai Hua Jai Ploy Jone [20/20] [Таиланд, 2003, драма, романтика, комедия, TVRip][480p] [VO+Original] (eto-ile)"
5429984,2,41799766,F7EE9B6906AAD8EF1323A1FB71F87A2BE5E1085F,21132360802,1,2026-07-31 02:21:01,3,3,"{7,24,24,24,24,24,24,24,24,24,23,24,24,24,24,24,24,24,24,23,25,24,24,24,25,24,24,26,24,24,24}","{26,81,80,82,79,79,71,73,87,91,76,89,75,81,86,86,88,84,97,89,84,89,143,149,158,155,157,181,169,173,163}","Моя жизнь для меня, моё сердце для тебя / My life for me, my heart for you / Chee Wit Puer Ka Huajai Puer Ter [18/18] [Таиланд, 2017, романтика, драма, боевик, HDTVRip] [RAW] [720p] DVO (HighHopes)"
5432242,2,7774751,3C76439B37DC20AA272542755923961E8F5C66A4,744515813,1,2026-07-31 02:21:01,3,3,"{7,24,24,24,24,24,24,24,24,24,23,24,24,24,24,24,24,24,24,23,25,24,24,24,25,24,24,26,24,24,24}","{26,81,80,82,79,79,65,71,85,89,82,92,75,81,86,92,88,75,73,87,86,93,139,160,162,181,151,181,169,193,176}","Мой тайный друг / My Secret Friend [2/2] [Таиланд, 2017,фантастика, романтика, комедия, WEBRip] (RAW) [1080p] [DVO + Original + Sub]"
5438742,2,41799766,4923856CF2C3A85FE659D761B22EB89B80B2A8BC,4702168895,1,2026-07-31 02:21:01,3,3,"{7,24,24,24,24,24,24,24,24,24,23,24,24,24,24,24,24,24,24,23,25,24,24,24,25,24,24,26,24,24,24}","{26,81,81,80,79,79,66,70,87,90,80,89,75,81,86,89,88,84,96,89,86,89,145,152,164,176,155,190,171,203,182}","Свободный режиссер (УниПринцы) / U-Prince Series - Playful Comm-Arts / U-Prince Series Kiran [04/04] [Таиланд, 2016, комедия, романтика, HDTVRip] [RAW] [720p] VO (HighHopes)"
5439122,2,41799766,0C61083A3F5256F982718FEC239F3A3D388B0CEE,4785242845,1,2026-07-31 02:21:01,3,3,"{7,24,24,24,24,24,24,24,24,24,23,24,24,24,24,24,24,24,24,23,25,24,24,24,25,24,24,26,24,24,24}","{26,80,81,81,79,79,68,72,86,90,80,89,75,81,86,89,88,84,96,89,84,84,143,155,158,180,158,163,173,202,178}","Общительный гуманитарий (УниПринцы) / U-Prince Series - Extroverted Humanist / U-Prince Series Kiryu [04/04] [Таиланд, 2017, романтика, комедия, HDTVRip] [RAW] [720p] VO (HighHopes)"
5442228,2,41799766,07385E9127CFE348C3C4EEBBB45F6E423D85284C,12019001622,1,2026-07-31 02:21:01,3,3,"{7,24,24,24,24,24,24,24,24,24,23,24,24,24,24,24,24,24,24,23,25,24,24,24,25,24,24,26,24,24,24}","{23,80,80,79,79,81,69,66,85,90,76,89,75,83,92,87,86,84,96,89,85,84,80,83,95,71,95,94,83,92,87}","Мой любимый - дьявол / Devil Lover / Pler Jai Hai Nai Pisat [17/17] [Таиланд, 2015, романтика, драма, фантастика, HDTVRip] [720p] DVO (XDUB DORAMA)"
5443593,2,30322017,29B9571E9B01396213A710EAEC8C024394CB445B,2942732796,1,2026-07-31 02:21:01,3,3,"{7,24,24,24,24,24,24,24,24,24,23,24,24,24,24,24,24,24,24,23,25,24,24,24,25,24,24,26,24,24,24}","{26,81,80,82,79,80,65,70,86,90,76,89,75,81,86,86,88,84,97,89,86,90,141,150,132,152,160,180,172,175,167}","Тайна перевоплощения / Leh Lub Salub Rang / Secret trick while bodies switch [03 из 10] [Таиланд, 2017, комедия, романтика, гендерная интрига, фантастика, HDTVRip] [RAW] [720p] [DVO] (SOUND-GROUP и Batafurai Team )"
5443807,2,7889202,95229269E0FD087BD173896BAC649DBFD3E10708,9486669647,1,2026-07-31 02:21:01,3,3,"{7,24,24,24,24,24,24,24,24,24,23,24,24,24,24,24,24,24,24,23,25,24,24,24,25,24,24,26,24,24,24}","{26,81,79,82,106,98,89,78,97,93,84,98,88,86,90,88,96,80,87,89,92,93,151,173,174,175,180,205,186,165,175}","Случайная любовь / Sadut Ruk / Stumble Love [11/11] [Таиланд, 2006, драма, экшн, TVRip] [480p] [VO+Original] (eto-ile)"
5446786,2,41799766,E5F11C1C7EA26ADCB0434C5EE602732476405806,4609024519,1,2026-07-31 02:21:01,3,3,"{7,24,24,24,24,24,24,24,24,24,23,24,24,24,24,24,24,24,24,23,25,24,24,24,25,24,24,26,24,24,24}","{26,81,81,82,79,79,67,73,86,90,80,88,85,88,86,89,88,84,97,89,86,88,140,153,158,177,158,173,173,193,177}","Сумасбродный музыкант (УниПринцы) / U-Prince Series - Crazy Artist / U-Prince Series Hippy [04/04] [Таиланд, 2017, романтика, комедия, HDTVRip] [RAW] [720p] DVO (HighHopes)"
5450384,8,41799766,D20CD3885511D4094CE4E817D47149FA46A63B29,13897802553,1,2026-07-31 02:21:01,3,3,"{7,24,24,24,24,24,24,24,24,24,23,24,24,24,24,24,24,24,24,23,25,24,24,24,25,24,24,26,24,24,24}","{23,80,80,79,79,80,65,81,90,90,75,97,102,80,88,88,91,78,74,112,97,82,93,83,99,70,95,102,83,92,87}","Дворец / Princess Hours [20/20] [Таиланд, 2017, комедия, драма, романтика, школа, WEBRip] [720p, 1080p] VO (Julia Prosenuk)"
5453362,2,21686379,6AC34902679434D5CACE20FE973FAF32FAC26849,19319599247,1,2026-07-31 02:21:01,4,3,"{7,24,24,24,24,24,24,24,24,24,23,24,24,24,24,24,24,24,24,23,25,24,24,24,25,24,24,26,24,24,24}","{28,98,99,102,99,100,92,87,111,96,94,96,96,96,96,97,100,96,97,92,99,104,164,180,188,192,181,204,192,200,194}","Игра иллюзий / Game Maya / Game superstar [17/17] [Таиланд, 2017, романтика, экшен, HDTVRip] [1080p] VO (SOUND-GROUP)"
5454935,2,41799766,46489F901E47CA79170E83317F9F25AD1FD0A804,5505001423,1,2026-07-31 02:21:01,3,3,"{7,24,24,24,24,24,24,24,24,24,23,24,24,24,24,24,24,24,24,23,25,24,24,24,25,24,24,26,24,24,24}","{26,83,81,81,79,79,68,71,86,90,78,89,75,81,85,89,88,84,97,89,85,84,143,156,166,178,166,191,174,200,175}","Амбициозный босс (УниПринцы) / U-Prince Series - Ambitious Boss / U-Prince Series Brian [05/05] [Таиланд, 2017, романтика, HDTVRip] [RAW] [720p] DVO (HighHopes)"
5458826,2,41799766,F881626443BF3FF8F74020597051F4C0D1141954,3777823464,1,2026-07-31 02:21:01,3,3,"{7,24,24,24,24,24,24,24,24,24,23,24,24,24,24,24,24,24,24,23,25,24,24,24,25,24,24,26,24,24,24}","{26,81,80,81,79,79,72,69,86,90,82,89,75,81,86,92,88,84,97,89,83,88,156,152,138,164,153,174,174,191,179}","Смышлёный пилот (УниПринцы) / U-Prince Series - Foxy Pilot / U-Prince Series Hawk [04/04] [Таиланд, 2016, романтика, HDTVRip] [RAW] [720p] VO (Julia Prosenuk)"
5459720,2,21686379,9720E943B3B32CE5A81B0C674FF99EAA6DBD923A,23753020590,1,2026-07-31 02:21:01,3,3,"{7,24,24,24,24,24,24,24,24,24,23,24,24,24,24,24,24,24,24,23,25,24,24,24,25,24,24,26,24,24,24}","{24,92,98,95,91,93,80,84,101,98,81,94,91,94,87,94,88,79,81,93,94,93,150,159,179,167,176,194,192,185,185}","Пламенный океан (серия &quot;Огонь&quot;, 2 часть) / Ocean flame / Talay Fai The Fire Series Part 2 [16/16] [Таиланд, 2015, романтика, slap&amp;kiss HDTVRip] [720p] VO (SOUND-GROUP)"
5463293,2,41799766,3347A76C6AE59517D93AFF59552F24364D0D8D33,3810633843,1,2026-07-31 02:21:01,3,3,"{7,24,24,24,24,24,24,24,24,24,23,24,24,24,24,24,24,24,24,23,25,24,24,24,25,24,24,26,24,24,24}","{26,80,80,81,79,79,66,71,85,89,80,89,75,81,86,89,88,84,97,89,86,90,146,162,143,169,156,176,171,194,175}","Расчётливый экономист (УниПринцы) / U-Prince Series - Absolute Economist / U-Prince Series Teddy [04/04] [Таиланд, 2016, комедия, романтика, HDTVRip] [RAW] [720p] VO (Julia Prosenuk)"
5464619,2,41799766,3D8BD9F9F644F3715348BD967B71E2007356BF77,3801697847,1,2026-07-31 02:21:01,3,3,"{7,24,24,24,24,24,24,24,24,24,23,24,24,24,24,24,24,24,24,23,25,24,24,24,25,24,24,26,24,24,24}","{26,82,80,82,79,79,68,71,85,90,80,89,75,81,86,89,88,84,96,89,86,90,149,155,141,175,153,186,166,200,176}","Безбашенный повар (УниПринцы) / U-Prince Series - Badass Baker / U-Prince Series Dash [04/04] [Таиланд, 2016, комедия, романтика, HDTVRip] [RAW] [720p] VO (Julia Prosenuk)"
5471158,2,41799766,578E1E2EA975B5B7EBEB8F0E2388CF4F3D7ADFCB,3259398609,1,2026-07-31 02:21:01,3,3,"{7,24,24,24,24,24,24,24,24,24,23,24,24,24,24,24,24,24,24,23,25,24,24,24,25,24,24,26,24,24,24}","{26,81,80,83,79,79,66,74,87,89,78,89,75,80,86,89,88,84,96,89,85,88,143,154,140,173,153,176,167,197,180}","Загадочный политолог (УниПринцы) / U-Prince Series - Badly Politics / U-Prince Series Survey [04/04] [Таиланд, 2017, романтика, HDTVRip] [RAW] [720p] VO (GreatGroup)"
5476514,2,41799766,0BC72B0AFDC317DC9B97CDA02D330EF3422AEAD9,3841386296,1,2026-07-31 02:21:01,3,3,"{7,24,24,24,24,24,24,24,24,24,23,24,24,24,24,24,24,24,24,23,25,24,24,24,25,24,24,26,24,24,24}","{26,82,80,81,79,79,70,73,86,90,80,89,75,81,88,89,88,84,97,89,85,87,144,159,144,165,159,163,177,197,178}","Чудаковатый геолог (УниПринцы) / U-Prince Series - Lovely Geologist / U-Prince Series T-rex [04/04] [Таиланд, 2016, романтика, комедия, HDTVRip] [RAW] [720p] VO (Julia Prosenuk)"
5478626,2,41799766,DCB75BE20D0DB19999B42F057536049105FD5771,3836956328,1,2026-07-31 02:21:01,3,3,"{7,24,24,24,24,24,24,24,24,24,23,24,24,24,24,24,24,24,24,23,25,24,24,24,25,24,24,26,24,24,24}","{26,82,80,81,79,79,68,67,86,90,80,88,75,81,86,89,88,84,96,89,85,94,135,146,142,172,153,190,169,193,183}","Чистюля ветеринар (УниПринцы) / U-Prince Series - Gentle Vet / U-Prince Series Thesis [04/04] [Таиланд, 2016, романтика, комедия, HDTVRip] [RAW] [720p] VO (Julia Prosenuk)"
5480312,2,41799766,FBC5E4D4BC81B193125D644DB2F539BC6FDE8419,8770622135,1,2026-07-31 02:21:01,3,3,"{7,24,24,24,24,24,24,24,24,24,23,24,24,24,24,24,24,24,24,23,25,24,24,24,25,24,24,26,24,24,24}","{21,72,68,69,71,71,42,54,59,68,59,64,51,57,62,70,62,60,72,66,61,60,59,59,70,69,71,69,59,84,70}","Красавчик ковбой (УниПринцы) / U-Prince Series - Handsome Cowboy / U-Prince Series Sibtis [08/08] [Таиланд, 2016, комедия, романтика, HDTVRip] [RAW] [720p] VO (Julia Prosenuk)"
5499501,2,41799766,F595DEF48283EECF82C88F97CA594CE27F06E85D,4863053875,1,2026-07-31 02:21:01,3,3,"{7,24,24,24,24,24,24,24,24,24,23,24,24,24,24,24,24,24,24,23,25,24,24,24,25,24,24,26,24,24,24}","{26,81,80,81,79,79,63,72,87,91,76,89,75,81,86,86,88,90,107,89,86,90,145,156,155,154,160,188,165,163,163}","Романтичный монстр / My Dear Loser Series: Monster Romance [10/10] [Таиланд, 2017, комедия, романтика, WEBRip] [RAW] [720p] VO (HighHopes)"
5499907,2,41799766,A372CB02CBCA67CA2E0A503970262E302167035B,7651893570,1,2026-07-31 02:21:01,3,3,"{7,24,24,24,24,24,24,24,24,24,23,24,24,24,24,24,24,24,24,23,25,24,24,24,25,24,24,26,24,24,24}","{21,75,80,79,79,80,66,72,83,90,76,86,75,81,86,87,86,84,96,89,85,84,82,83,94,72,95,94,83,92,87}","Жуткие истории / Dead time stories / Khwan Phwa [13/13] [Таиланд, 2015, ужасы, мистика, HDTVRip] [RAW] [720p] VO (GREEN TEA)"
5515347,2,41799766,E8C32CC40763D20CF37357078377A80CAF3069B4,7552887131,1,2026-07-31 02:21:01,3,3,"{7,24,24,24,24,24,24,24,24,24,23,24,24,24,24,24,24,24,24,23,25,24,24,24,25,24,24,26,24,24,24}","{26,81,80,83,79,79,65,68,87,91,76,89,75,81,86,86,88,90,108,89,84,91,136,150,160,162,153,189,169,173,163}","Счастливы вместе / My Dear Loser Series: Happy Ever After [12/12] [Таиланд, 2017 - 2018, комедия, романтика, WEBRip] [RAW] [720p] VO (HighHopes)"
5522732,2,41799766,C2505C7032A5EAD61A4F4596454104B294F37518,9214349445,1,2026-07-31 02:21:01,3,3,"{7,24,24,24,24,24,24,24,24,24,23,24,24,24,24,24,24,24,24,23,25,24,24,24,25,24,24,26,24,24,24}","{21,85,81,81,90,88,71,71,101,94,80,93,88,84,86,91,88,79,83,95,84,85,82,85,94,72,97,105,87,92,89}","Королевская невестка / Royal Daughter in-law / Sapai Jao [17/17] [Таиланд, 2015, мелодрама, романтика, комедия, WEBRip] [RAW] [480p, 360p] VO (STAR-TREK)"
5545163,2,21686379,AE6A39B24A849734B9039290E2C6084A5F0A5168,17173824222,1,2026-07-31 02:21:01,4,3,"{7,24,24,24,24,24,24,24,24,24,23,24,24,24,24,24,24,24,24,23,25,24,24,24,25,24,24,26,24,24,24}","{24,95,117,93,133,113,81,114,101,109,82,125,152,123,97,86,111,105,134,128,109,87,84,97,80,92,121,141,91,136,86}","Ты в моём сердце / Neung Nai Suang / One in My Heart [12/12] [Таиланд, 2015, романтика, комедия, HDTVRip] [720p] DVO (SOUND-GROUP)"
5550377,2,16864819,25929D70C6FCF91A31B3B527474B13A9A294B272,25617373648,1,2026-07-31 02:21:01,3,3,"{7,24,24,24,24,24,24,24,24,24,23,24,24,24,24,24,24,24,24,23,25,24,24,24,25,24,24,26,24,24,24}","{26,81,79,81,79,79,66,71,90,91,76,89,75,81,89,86,88,84,97,89,86,91,148,153,148,154,151,172,174,174,167}","Клин клином / Petch Tud Petch / Diamond cuts diamond [16/16] [2016, Таиланд, драма, боевик, романтика, HDTVRip] [RAW] [720p] VO (Asian Miracle Group)"
5556883,2,7889202,BED5B97A04722B36B69C0EC911C8A7D34C82BEA8,7770889383,1,2026-07-31 02:21:01,3,3,"{7,24,24,24,24,24,24,24,24,24,23,24,24,24,24,24,24,24,24,23,25,24,24,24,25,24,24,26,24,24,24}","{26,81,80,81,87,95,75,84,90,96,88,94,83,92,87,89,92,91,107,90,98,103,152,168,171,187,177,199,190,189,198}","Вместе навсегда / Song Rao Nirund Dom / The two of us... for eternity [15/15] [Таиланд, 2005, драма, романтика, TVRip] [464p] [VO+Original] (eto-ile)"
5574050,2,41799766,B7335AD9F253B27ABC666474EED777FBD4A759D1,14524524608,1,2026-07-31 02:21:01,3,3,"{7,24,24,24,24,24,24,24,24,24,23,24,24,24,24,24,24,24,24,23,25,24,24,24,25,24,24,26,24,24,24}","{21,75,80,79,79,79,75,66,85,92,76,89,78,82,86,88,86,84,97,89,88,84,82,83,94,75,95,95,83,92,87}","Любовь неподвластна времени / Love Beyond Time / Buang Banjathorn [10/10] [Таиланд, 2017, исторический, романтика, драма, мистика, фантастика, WEBRip] [478p, 720p] VO (STAR-TREK)"
5583629,2,41799766,196A8C3B56ABB52C8AE15162ECCA5CC3C0815BF0,19366542123,1,2026-07-31 02:21:01,3,3,"{7,24,24,24,24,24,24,24,24,24,23,24,24,24,24,24,24,24,24,23,25,24,24,24,25,24,24,26,24,24,24}","{26,92,80,80,86,79,69,71,95,89,77,88,75,62,83,73,84,78,101,93,85,82,63,85,92,70,93,95,84,95,87}","Коварный план любви / The Evil Plan Ends with Love / Paen Rai Long Tai Warak [30/30] [Таиланд, 2017, драма, романтика, WEBRip] [RAW] [478p, 720p] VO (STAR-TREK)"
5583672,10,10851952,7A72CF827DADA66175F1BF87A2341C747488F934,16003138418,1,2026-07-31 02:21:01,3,2,"{7,24,24,24,24,24,24,24,24,24,23,24,24,24,24,24,24,24,24,23,25,24,24,24,25,24,24,26,24,24,24}","{26,97,101,103,102,98,91,89,136,136,118,120,125,119,121,112,100,128,105,97,107,108,114,117,118,89,109,105,98,102,105}","Полумиры / Halfworlds / Сезон: 1 / Серии: 1-8 из 8 (Джоко Анвар, Экачай Уэкронгтам) [2015, Индонезия, ужасы, фэнтези, триллер, детектив, WEB-DL 1080p] DVO (ViruseProject) + Original + Sub (Rus, Eng)"
5585128,2,41799766,E8BB768E069EA97467366A00CE9D4E908536E75B,19731331079,1,2026-07-31 02:21:01,3,3,"{7,24,24,24,24,24,24,24,24,24,23,24,24,24,24,24,24,24,24,23,25,24,24,24,25,24,24,26,24,24,24}","{21,75,80,79,79,77,70,67,85,90,76,88,75,84,86,88,86,84,96,89,85,84,82,83,93,71,95,94,85,93,98}","Обманутое сердце / Lying Heart / Jai Luang [26/26] [Таиланд, 2017, драма, романтика, WEBRip] [RAW] [720p] VO (SOUND-GROUP)"
5585772,2,10851952,31FB632017CF19E76DB59BC5FAEDFD7CF9ED6FCA,21084445714,1,2026-07-31 02:21:01,3,2,"{7,24,24,24,24,24,24,24,24,24,23,24,24,24,24,24,24,24,24,23,25,24,24,24,25,24,24,26,24,24,24}","{26,89,96,99,99,98,90,88,108,95,94,97,97,93,100,95,103,110,99,91,99,100,92,96,100,86,95,102,96,97,99}","Полумиры / Halfworlds / Сезон: 2 / Серии: 1-8 из 8 (Джоко Анвар, Экачай Уэкронгтам) [2016, Индонезия, ужасы, фэнтези, триллер, детектив, WEB-DL 1080p] DVO (ViruseProject) + Original + Sub (Rus, Eng)"
5668443,2,41799766,E049D291B7B01F510E2F3B1EB5A37B41CF71DCCD,20854268359,1,2026-07-31 02:21:01,3,3,"{7,24,24,24,24,24,24,24,24,24,23,24,24,24,24,24,24,24,24,23,25,24,24,24,25,24,24,26,24,24,24}","{22,76,107,100,110,101,80,70,112,96,95,98,99,95,96,96,103,96,97,93,100,103,94,96,100,86,96,104,96,96,97}","Предназначенные судьбой / The Crown Princess / Likit Ruk [12/12] [Таиланд, 2018, романтика, драма, боевик, WEBRip] [RAW] [720p] VO (SOUND-GROUP)"
5668892,2,41799766,E2B7A21EED6698B55E7C58D3AAE4D25A2197A479,26029817395,1,2026-07-31 02:21:01,5,2,"{7,24,24,24,24,24,24,24,24,24,23,24,24,24,24,24,24,24,24,23,25,24,24,24,25,24,24,26,24,24,24}","{24,118,114,126,113,115,105,97,115,108,99,99,111,102,106,112,107,103,105,105,112,100,105,101,108,96,110,113,106,110,107}","Судьба любовью нас связала / Love Destiny / Bpoop Phaeh Saniwaat [15/15] [Таиланд, 2018, романтика, фантастика, драма, исторический, WEBRip] [RAW] [720p] VO (SOUND-GROUP)"
5685606,8,16864819,52912D18FE278AD4D377B7A0404CBB79E3F4AF68,9647162587,1,2026-07-31 02:21:01,3,3,"{7,24,24,24,24,24,24,24,24,24,23,24,24,24,24,24,24,24,24,23,25,24,24,24,25,24,24,26,24,24,24}","{26,81,80,82,79,79,65,70,86,90,80,89,75,81,86,89,87,84,96,89,86,89,140,153,156,176,157,190,178,198,174}","Приговор / Правосудие / Dai Rueng / The Judgement / The Judgement Like... [13 из 13] [RUS(int)] [Таиланд, 2018, драма, школа, романтика, HDTVRip] [720] VO (Asian Miracle Group)"
5686344,2,7242200,87163F65CCA754CA9A2F264D5995BF3C4E58FEC2,11837887379,1,2026-07-31 02:21:01,3,3,"{7,24,24,24,24,24,24,24,24,24,23,24,24,24,24,24,24,24,24,23,25,24,24,24,25,24,24,26,24,24,24}","{21,77,74,79,77,75,58,64,67,74,66,78,73,71,71,69,65,64,80,79,74,70,61,64,77,51,83,83,66,74,70}","Розовый грех / Dtra Barb See Chompoo [24/24] [TW+Sub] [RAW] [Таиланд, 2018, мелодрама, романтика, HDTVRip]"
5706029,2,41799766,1FBABA67D7736C77C48BC5F8A573135A4828C545,17721062774,1,2026-07-31 02:21:01,3,3,"{7,24,24,24,24,24,24,24,24,24,23,24,24,24,24,24,24,24,24,23,25,24,24,24,25,24,24,26,24,24,24}","{21,75,80,79,79,78,65,72,85,90,74,88,75,81,86,88,86,84,97,89,86,81,81,83,95,71,93,94,83,92,87}","Розы и бриллианты / Rose and Diamonds / Kularb Tud Petch [11/11] [Таиланд, 2016, романтика, боевик, комедия, драма, WEBRip] [RAW] [720p] VO (SOUND-GROUP)"
5706457,2,41799766,A630FF804B624A5DDCCF1FCD1ED451EBBA3A4F10,23618714108,1,2026-07-31 02:21:01,3,2,"{7,24,24,24,24,24,24,24,24,24,23,24,24,24,24,24,24,24,24,23,25,24,24,24,25,24,24,26,24,24,24}","{26,89,96,98,99,100,101,85,96,99,93,96,99,101,96,96,98,96,98,92,107,96,91,96,100,90,96,107,98,96,96}","Игра в любовь / Game of Love / Game Sanaeha [14/14] [Таиланд, 2018, драма, романтика, WEBRip] [RAW] [720p] DVO (Anidub &amp; SOUND-GROUP)"
5727765,8,41799766,FD914943022CC90F00213D968EEDF7F709DD40CE,9743487657,1,2026-07-31 02:21:01,3,2,"{7,24,24,24,24,24,24,24,24,24,23,24,24,24,24,24,24,24,24,23,25,24,24,24,25,24,24,26,24,24,24}","{26,82,92,88,93,96,74,73,83,90,76,88,83,81,86,88,86,84,96,89,85,82,80,83,95,71,93,94,83,92,87}","Волк / Волк: охота на любовь / Wolf / Wolf The Series [13/13] [Таиланд, 2019, дружба, детектив, игра, саспенс, WEBRip] [720p] VO (RiN)"
5728133,2,10851952,0E9718BC407F1296C6157D55C3816D01A0F3CCDF,6183832702,1,2026-07-31 02:21:01,3,3,"{7,24,24,24,24,24,24,24,24,24,23,24,24,24,24,24,24,24,24,23,25,24,24,24,25,24,24,26,24,24,24}","{21,76,80,79,79,79,68,68,92,90,74,87,75,81,86,88,86,84,97,89,93,82,81,83,95,70,93,94,83,97,95}","Босс / Amo / Сезон: 1 / Серии: 1-13 из 13 (Брийанте Мендоса) [2017, Филиппины, криминал, WEBRip 720p] DVO (ViruseProject) + Original + Sub (Rus, Eng, Spa)"
5728134,2,10851952,CB6516C162BFA33B87B456DA912C3003435FEB17,4379844716,1,2026-07-31 02:21:01,3,3,"{7,24,24,24,24,24,24,24,24,24,23,24,24,24,24,24,24,24,24,23,25,24,24,24,25,24,24,26,24,24,24}","{25,86,86,85,84,95,83,83,95,96,83,94,95,99,93,95,92,84,84,93,99,99,149,157,169,173,169,201,183,184,182}","Босс / Amo / Сезон: 1 / Серии: 1-13 из 13 (Брийанте Мендоса) [2017, Филиппины, криминал, WEBRip] DVO (ViruseProject) + Original + Sub (Rus)"
5753912,2,41799766,69DC4CD54127F9A59DDAFFCB9F0F0093668B3D76,18673381983,1,2026-07-31 02:21:01,3,3,"{7,24,24,24,24,24,24,24,24,24,23,24,24,24,24,24,24,24,24,23,25,24,24,24,25,24,24,26,24,24,24}","{25,81,80,81,79,79,68,70,87,91,76,89,82,81,86,86,88,84,97,89,86,90,144,160,156,150,148,179,176,179,174}","Для тебя / For you / Puer Tur / Peur Ter [14/14] [Таиланд, 2016, романтика, драма, HDTVRip] [RAW] [720p] VO (HighHopes)"
5761813,2,41799766,1ECB2523E6C45EDFC93F41AA550F7444B13E6AEE,18244488360,1,2026-07-31 02:21:01,3,3,"{7,24,24,24,24,24,24,24,24,24,23,24,24,24,24,24,24,24,24,23,25,24,24,24,25,24,24,26,24,24,24}","{26,81,80,81,79,79,66,67,87,91,76,89,75,81,86,86,88,84,97,89,86,88,148,150,158,161,156,180,173,164,168}","Цветок в тени / Asoke's shadow / Ngao Asoke [19/19] [Таиланд, 2016, мелодрама, HDTVRip] [RAW] [720p] DVO (HighHopes)"
5765341,2,41799766,EA7CA846C2D9234075650902F6F1C74EDFE16846,11364223956,1,2026-07-31 02:21:01,3,3,"{7,24,24,24,24,24,24,24,24,24,23,24,24,24,24,24,24,24,24,23,25,24,24,24,25,24,24,26,24,24,24}","{21,75,80,79,79,81,68,70,85,89,81,86,75,81,86,93,86,84,96,89,85,82,78,83,95,92,93,94,81,108,92}","Любовь за границей / Любовь за горизонтом / Love Beyond Frontier / Ubatruk Karmkobfah [13/13] [Таиланд, 2019, романтика, комедия, WEBRip] [RAW] [720p] DVO (Asian Miracle Group)"
5767106,2,41799766,9D3C0DDBB9E6168B7849DFD65334B813157261FE,8941267852,1,2026-07-31 02:21:01,4,3,"{7,24,24,24,24,24,24,24,24,24,23,24,24,24,24,24,24,24,24,23,25,24,24,24,25,24,24,26,24,24,24}","{28,98,99,101,99,99,102,93,97,101,99,96,104,103,96,102,100,96,97,93,103,107,162,179,183,204,187,220,191,221,200}","Парень напрокат / Парень в аренду / Boy For Rent [12/12] [Таиланд, 2019, романтика, драма, WEBRip] [RAW] [720p] VO (Asian Miracle Group)"
5770456,2,41799766,0EE5E062FD398668493A6E446963279A75D49B99,19062487040,1,2026-07-31 02:21:01,3,3,"{7,24,24,24,24,24,24,24,24,24,23,24,24,24,24,24,24,24,24,23,25,24,24,24,25,24,24,26,24,24,24}","{26,81,80,81,79,79,83,76,82,103,83,92,89,93,90,94,89,80,77,87,98,91,151,160,168,165,169,186,177,170,169}","Прошлая жизнь / The Past Life / Tae Pang Korn [21/21] [Таиланд, 2017, исторический, мистика, романтика, драма, HDTVRip] [RAW] [720p] VO (Высокая Азия)"
5771235,2,41799766,7FB37A9C2D36DB821ABD171B4CA881F1061A249E,19343412625,1,2026-07-31 02:21:01,4,3,"{7,24,24,24,24,24,24,24,24,24,23,24,24,24,24,24,24,24,24,23,25,24,24,24,25,24,24,26,24,24,24}","{28,115,116,117,115,113,107,106,125,108,104,101,126,120,112,115,119,110,116,108,114,120,188,190,199,198,203,224,239,241,221}","Опавший лист / Летящий лист / The Fallen Leaf / Bai Mai Tee Plid Plew [21/21] [Таиланд, 2019, мелодрама, романтика, драма, WEBRip] [RAW] [720p] VO (Asian Miracle Group)"
5775912,2,41799766,A5AFEE2A873FDF436DFD43BD3B4E365408BFFB12,8904611328,1,2026-07-31 02:21:01,3,3,"{7,24,24,24,24,24,24,24,24,24,23,24,24,24,24,24,24,24,24,23,25,24,24,24,25,24,24,26,24,24,24}","{21,75,80,79,79,77,82,71,85,94,80,88,76,85,86,91,86,84,96,89,87,82,82,83,94,95,95,100,81,106,90}","Тайная семёрка / Secret Seven: The Series [12/12] [Таиланд, 2017, романтика, драма, комедия, WEBRip] [RAW] [720p] VO (RiN)"
5777253,10,16864819,0DDFF725EA486678C0EF50BAD4C20B37F74EDCC5,11497535102,1,2026-07-31 02:21:01,4,3,"{7,24,24,24,24,24,24,24,24,24,23,24,24,24,24,24,24,24,24,23,25,24,24,24,25,24,24,26,24,24,24}","{26,91,82,105,80,86,90,78,91,97,79,98,92,91,93,101,89,91,92,108,102,103,157,201,180,189,176,217,215,215,209}","Теория любви / Теория флирта с тобой / Theory of Love [12/12 + спешл] [Таиланд, 2019, драма, гей-тема, комедия, романтика, HDTVRip] [720] DVO (Asian Miracle Group)"
5805132,2,41799766,952B4DAB289A6A65BE88502750E722C9635E9C5A,21890824914,1,2026-07-31 02:21:01,3,3,"{7,24,24,24,24,24,24,24,24,24,23,24,24,24,24,24,24,24,24,23,25,24,24,24,25,24,24,26,24,24,24}","{21,75,80,79,79,79,71,68,85,89,78,89,75,81,88,91,86,84,97,89,85,84,82,83,95,87,93,94,81,109,92}","Невеста-механик / Mechanic Bride / Jao Sao Chang Yon [30/30] [Таиланд, 2018, романтика, комедия, WEBRip] [RAW] [720p] DVO (Озвучка от Exa)"
5811640,2,7774751,70C68DB251AAC50E4395A3B9667856EC0ADB8C23,8638108460,1,2026-07-31 02:21:01,5,3,"{7,24,24,24,24,24,24,24,24,24,23,24,24,24,24,24,24,24,24,23,25,24,24,24,25,24,24,26,24,24,24}","{33,98,100,115,101,97,97,90,110,97,99,96,101,103,96,104,100,99,108,103,103,107,164,182,178,216,184,202,198,212,199}","Отрезанные от мира / The Stranded (7/7) [Таиланд, 2019, саспенс, WEB-DL] (RAW) [720p] [VO + Original + Sub]"
5817644,2,41799766,FE1D2272C19426A5D5D3319F342D82666E9AA89C,15771166587,1,2026-07-31 02:21:01,3,3,"{7,24,24,24,24,24,24,24,24,24,23,24,24,24,24,24,24,24,24,23,25,24,24,24,25,24,24,26,24,24,24}","{21,75,80,80,79,79,69,60,88,92,83,89,81,83,87,93,86,87,103,89,97,87,83,83,99,93,94,94,84,110,87}","Дьявольский ангел / Укрощение чертовки / Devil Angel / Operation to Subdue the She Devil / Yuttakarn Prab Nang Marn [18/18] [Таиланд, 2018-2019, мелодрама, драма, романтика, комедия, WEBRip] [RAW] [720p] DVO (Asian Miracle Group &amp; Озвучка от Exa)"
5826693,10,41799766,DDCF933B95E9E3B281ACCCA1CFAB9C534AE6771B,16301649179,1,2026-07-31 02:21:01,4,3,"{7,24,24,24,24,24,24,24,24,24,23,24,24,24,24,24,24,24,24,23,25,24,24,24,25,24,24,26,24,24,24}","{29,132,144,130,130,129,116,123,121,121,119,119,128,125,121,125,121,115,121,119,128,128,192,193,216,219,201,233,224,217,217}","Розовый грех / Pink Sin / Dtra Barb See Chompoo [24/24] [Таиланд, 2018, романтика, драма, WEBRip] [720p] VO, DVO (SOUND-GROUP)"
5827489,10,41799766,B486423836A070346178A8598510533A36EA203C,28947044833,1,2026-07-31 02:21:01,4,2,"{7,24,24,24,24,24,24,24,24,24,23,24,24,24,24,24,24,24,24,23,25,24,24,24,25,24,24,26,24,24,24}","{27,97,112,112,120,120,111,111,133,133,125,137,129,142,153,148,145,143,131,126,142,141,203,215,227,242,228,251,242,260,230}","Каменное сердце / Heart of Stone / Hua Jai Sila [27/27] [Таиланд, 2019, романтика, драма, HDTVRip] [RAW] [720p] DVO (HighHopes)"
5831925,10,41799766,123614B55E08A1EA6184D1E8FA6E6CFAC117FE5A,13645347301,1,2026-07-31 02:21:01,3,3,"{7,24,24,24,24,24,24,24,24,24,23,24,24,24,24,24,24,24,24,23,25,24,24,24,25,24,24,26,24,24,24}","{21,78,83,79,79,78,70,64,86,89,78,88,76,84,86,91,87,84,96,91,89,82,82,83,95,88,92,95,85,114,104}","Бесконечная любовь (Таиланд) / Endless Love / Ruk Mot Jai [15/15] [Таиланд, 2019, романтика, драма, WEBRip] [RAW] [720p] DVO (Asian Miracle Group)"
5831938,10,41799766,A7693ADB5F9C2912BA1894FBB459366FC26AA93B,8970179210,1,2026-07-31 02:21:01,3,3,"{7,24,24,24,24,24,24,24,24,24,23,24,24,24,24,24,24,24,24,23,25,24,24,24,25,24,24,26,24,24,24}","{21,70,69,73,72,69,40,51,59,68,53,63,53,60,65,64,64,60,73,66,61,59,62,59,70,50,73,68,63,68,65}","Слёзы Купидона / Cupid's Tears / Namthaa Kammathep [12/12] [Таиланд, 2015, пародия, комедия, романтика, драма, гендерная интрига, WEBRip] [RAW] [720p] VO (Asian Miracle Group)"
5834699,10,41799766,50A3122E3AA74FA031FFA45C38E9F136E4A2D010,6866562763,1,2026-07-31 02:21:01,3,3,"{7,24,24,24,24,24,24,24,24,24,23,24,24,24,24,24,24,24,24,23,25,24,24,24,25,24,24,26,24,24,24}","{26,81,80,81,78,79,67,71,86,90,80,89,75,81,86,89,88,84,97,89,86,88,142,166,158,170,156,179,176,194,172}","Подарок для ненавистника / Подарок для того, кого ненавидишь / A Gift For Whom You Hate / A Gift To The People You Hate [10/10] [Таиланд, 2019, триллер, мистика, ужасы, драма, WEBRip] [RAW] [720p] DVO (Asian Miracle Group)"
5855349,2,41799766,18BADF3F496131E54D084D1EE6E933EA39283EAE,22544794644,1,2026-07-31 02:21:01,3,3,"{7,24,24,24,24,24,24,24,24,24,23,24,24,24,24,24,24,24,24,23,25,24,24,24,25,24,24,26,24,24,24}","{26,90,96,98,99,97,88,89,109,96,101,96,97,100,99,101,98,107,120,97,100,101,91,96,100,99,99,104,96,96,96}","Ты - это я / You Are Me / Khun Mae Suam Roy [31/31] [Таиланд, 2018, романтика, драма, WEBRip] [RAW] [720p] VO (Julia Prosenuk)"
5870758,10,16864819,3B7449536561D5A6C716AF1E7E654A1509B94625,8290960826,1,2026-07-31 02:21:01,3,3,"{7,24,24,24,24,24,24,24,24,24,23,24,24,24,24,24,24,24,24,23,25,24,24,24,25,24,24,26,24,24,24}","{26,81,80,81,81,79,65,72,86,91,74,89,75,81,86,86,88,84,97,89,86,91,156,157,151,166,163,188,161,176,170}","Украсть за одну ночь / Обмен за одну ночь / Одна украденная ночь / One Night Steal / One Night Steal [11/11] [Таиланд, 1080] [2019, комедия, романтика, HDTVRip] DVO (Asian Miracle Group)"
5872625,2,41799766,820DF11D2E28DA19CE06F4B2A15C945EDB847E90,23867899707,1,2026-07-31 02:21:01,4,3,"{7,24,24,24,24,24,24,24,24,24,23,24,24,24,24,24,24,24,24,23,25,24,24,24,25,24,24,26,24,24,24}","{28,115,123,119,107,113,91,84,111,97,93,96,96,96,93,86,88,84,97,89,94,107,163,178,178,182,170,205,194,194,197}","Нан Ай / Nang Ai / Nang Ay [15/15] [Таиланд, 2016, дружба, школа, драма, романтика, WEBRip] [720p] DVO (Озвучка от Exa)"
5872902,2,16864819,4EDF4196A49E0305A8E90E7A2F24E9B4D4DB34FA,21634683901,1,2026-07-31 02:21:01,3,3,"{7,24,24,24,24,24,24,24,24,24,23,24,24,24,24,24,24,24,24,23,25,24,24,24,25,24,24,26,24,24,24}","{21,74,68,69,73,71,43,50,73,67,56,72,56,57,64,71,62,60,80,69,59,62,60,62,72,65,70,69,61,89,76}","Сердце рыцаря / Hua Jai Look Poochai / Huajai Look Poochai [15/15] [Таиланд, RUS(int)] [2019, драма, романтика, боевик, мелодрама, HDTVRip] [720] [RAW] DVO (Asian Miracle Group)"
5873972,2,41799766,03CAB9D0932733D59644F1B4E175BEAF7CE82BC2,22367237005,1,2026-07-31 02:21:01,3,3,"{7,24,24,24,24,24,24,24,24,24,23,24,24,24,24,24,24,24,24,23,25,24,24,24,25,24,24,26,24,24,24}","{21,81,80,79,86,79,70,71,101,94,84,98,75,81,85,91,86,84,99,93,84,82,83,85,92,87,93,95,85,103,87}","Верная жена / Beloved Loyal Wife / Padiwarada [14/14] [Таиланд, 2016, исторический, романтика, WEBRip] [RAW] [720p] DVO (Озвучка от Exa)"
5874905,10,16864819,453E7F086FBE708369C614E962FE540B39DDCFB9,7456190424,1,2026-07-31 02:21:01,4,3,"{7,24,24,24,24,24,24,24,24,24,23,24,24,24,24,24,24,24,24,23,25,24,24,24,25,24,24,26,24,24,24}","{28,90,98,91,93,95,81,76,102,95,93,97,94,100,93,89,90,78,74,87,90,92,155,179,172,192,178,195,179,205,194}","Отель звёзд / Звёздный отель / Hotel Stars / Hotel Stars [12/12] [Таиланд, 2019, романтика, драма, гей-тема, комедия, HDTVRip] [1080] DVO (Asian Miracle Group)"
5875504,10,16864819,4E3F1A6786E632A5298B6798CB0F6D2EB5A0F6AD,8085466779,1,2026-07-31 02:21:01,3,3,"{7,24,24,24,24,24,24,24,24,24,23,24,24,24,24,24,24,24,24,23,25,24,24,24,25,24,24,26,24,24,24}","{26,80,80,80,80,79,69,71,87,90,81,89,75,81,86,89,90,84,97,89,86,92,143,158,157,183,153,183,170,190,167}","Одинокие истории или Бангкокские холостяки / Sot Stories / Sot Story / Bangkok Bachelors [RAW] [RUS(int)] [2016, Таиланд, драма, комедия, романтика, HDTVRip] [16/16] [1080] DVO (Asian Miracle Group)"
5876947,10,16864819,B02466C60B5BC9B476B2344B1ABD3BB5C372B0A9,12658489028,1,2026-07-31 02:21:01,3,2,"{7,24,24,24,24,24,24,24,24,24,23,24,24,24,24,24,24,24,24,23,25,24,24,24,25,24,24,26,24,24,24}","{24,111,113,116,116,120,124,114,115,113,105,115,126,120,128,122,116,111,118,117,118,128,120,122,131,108,120,161,134,166,162}","Пока мы не встретимся вновь / Когда мы встретимся снова / Красная нить / Until We Meet Again The Series / Red String / The Red Thread [RAW] [RUS(int)] [2019, Таиланд, романтика, драма, гей-тема, комедия, школа, HDTVRip] [17/17 + спешл] [1080] DVO (Asian Miracle Group)"
5882336,10,16864819,ED056F9C39CE9EC80AEFBC57183BD16B6FBEDB03,8754595557,1,2026-07-31 02:21:01,3,3,"{7,24,24,24,24,24,24,24,24,24,23,24,24,24,24,24,24,24,24,23,25,24,24,24,25,24,24,26,24,24,24}","{21,72,68,69,71,71,44,53,59,68,57,65,51,57,62,67,62,67,72,66,61,61,58,59,70,63,71,68,58,88,70}","Поверни налево, поверни направо / Повернуть налево, повернуть направо / Turn Left Turn Right (2020) [RAW] [RUS(int)] [2020, Таиланд, драма, романтика, HDTVRip] [1080] [10/10] DVO (Asian Miracle Group)"
5894937,2,41799766,B2AFC38119703F8BA24A06D664DAFA4010CE72D3,17719463083,1,2026-07-31 02:21:01,3,3,"{7,24,24,24,24,24,24,24,24,24,23,24,24,24,24,24,24,24,24,23,25,24,24,24,25,24,24,26,24,24,24}","{21,75,80,79,79,79,75,69,84,89,80,89,77,85,86,91,86,84,97,87,91,81,78,83,95,93,95,94,81,108,94}","Красивая ложь / Beautiful Lie / Game Rak Ao Keun [22/22 + 22 - альтернативный конец] [Таиланд, 2019-2020, семейный, трагедия, драма, романтика, WEBRip] [RAW] [720p] VO (Julia Prosenuk)"
5895279,2,41799766,A23A59375E65169F7669C7EF5D69DBFD75AF03A8,15170279585,1,2026-07-31 02:21:01,4,2,"{7,24,24,24,24,24,24,24,24,24,23,24,24,24,24,24,24,24,24,23,25,24,24,24,25,24,24,26,24,24,24}","{29,115,126,115,116,120,116,111,115,109,104,105,117,115,105,110,105,106,110,106,102,95,115,116,125,132,118,135,116,148,125}","Ты моя судьба / Обречён любить тебя (Таиланд) / You're My Destiny / Fated To Love You / Tur Keu Prom Likit [17/17] [Таиланд, 2017, романтика, комедия, драма, WEBRip] [RAW] [720p] VO (Julia Prosenuk)"
5903091,2,41799766,EDC3E0832258BD46B70C21BDEC4A33029944CD9D,10228932650,1,2026-07-31 02:21:01,3,2,"{7,24,24,24,24,24,24,24,24,24,23,24,24,24,24,24,24,24,24,23,25,24,24,24,25,24,24,26,24,24,24}","{26,89,96,98,99,97,85,91,109,96,101,96,96,96,96,102,98,96,97,93,99,99,91,96,100,103,92,104,97,118,105}","Ангел рядом со мной / Angel Beside Me / The-wa-da Tha Cha Ruk [12/12] [Таиланд, 2020, мелодрама, романтика, фантастика, комедия, WEBRip] [RAW] [1080p] DVO (Pus'ki Production)"
5908765,2,41799766,05FBA1328CB4183553F367F5DEB0DDC953B3B2FA,13363828448,1,2026-07-31 02:21:01,3,3,"{7,24,24,24,24,24,24,24,24,24,23,24,24,24,24,24,24,24,24,23,25,24,24,24,25,24,24,26,24,24,24}","{21,85,81,81,88,90,74,72,99,94,85,94,87,81,86,95,87,79,80,95,81,88,78,84,94,92,96,105,86,118,98}","Звезда, покорившая Луну / The Star Courts the Moon / Dao Kiao Duen / Dao Kaew Duen [11/11] [Таиланд, 2013, романтика, комедия, TVRip] [RAW] [480p] DVO (Amazing Dubbing)"
5911785,2,41799766,57743A2C54348E3E94104EA269A6AF4F4B099A79,22055392994,1,2026-07-31 02:21:01,4,2,"{7,24,24,24,24,24,24,24,24,24,23,24,24,24,24,24,24,24,24,23,25,24,24,24,25,24,24,26,24,24,24}","{28,108,104,101,104,111,114,103,131,120,101,107,125,131,133,130,172,163,196,189,158,134,125,139,132,160,199,197,163,190,147}","Мой законный муж / My Husband in Law / Ok Keub Hak Ab Ruk Khun Samee [15/15] [Таиланд, 2020, романтика, драма, комедия, WEBRip] [RAW] [720p] VO (Julia Prosenuk)"
5919359,10,41799766,C00DB8E4512E880C33F904AFEC39236640FEEE77,18845909688,1,2026-07-31 02:21:01,4,2,"{7,24,24,24,24,24,24,24,24,24,23,24,24,24,24,24,24,24,24,23,25,24,24,24,25,24,24,26,24,24,24}","{28,110,114,81,79,79,65,67,85,90,76,89,75,81,86,88,86,84,96,89,84,81,83,83,94,71,95,94,83,92,87}","Тоннель / Туннель (Таиланд) / Tunnel [16/16] [Таиланд, 2019, психология, триллер, детектив, драма, фантастика, саспенс, криминал, WEB-DL] [RAW] [720p] MVO (ColdFilm)"
5924963,2,41799766,8DCF9F92A615CD5560503978DCA1ED9CD7CD24C4,19099251851,1,2026-07-31 02:21:01,4,3,"{7,24,24,24,24,24,24,24,24,24,23,24,24,24,24,24,24,24,24,23,25,24,24,24,25,24,24,26,24,24,24}","{28,99,99,102,99,100,90,91,110,97,96,95,96,96,96,97,100,103,97,92,99,104,168,183,184,188,183,201,206,192,187}","Любовное пророчество / Forecasted to Love / Payakorn Sorn Ruk [13/13] [Таиланд, 2020, мистика, романтика, драма, боевик, комедия, WEBRip] [RAW] [720p] VO (Julia Prosenuk)"
5967571,10,16864819,75D173ABEB8E71EACD6A6E4AA587C686EFBCCAF9,18308002029,1,2026-07-31 02:21:01,3,3,"{7,24,24,24,24,24,24,24,24,24,23,24,24,24,24,24,24,24,24,23,25,24,24,24,25,24,24,26,24,24,24}","{26,81,80,81,79,79,71,68,86,91,74,89,75,81,86,86,88,84,96,89,85,88,155,153,157,160,152,180,175,171,163}","Кто ты (тайская версия) / Who Are You: Tur Keu Chan Eek Kon / Who Are You (Thailand) [18/18] [1080] [Таиланд, 2020, дружба, детектив, драма, школа, романтика, HDTVRip] DVO (Asian Miracle Group)"
5968420,10,16864819,6EBDA9B2564D3A53AA1939C62003E3A9A2C86F6E,9601582491,1,2026-07-31 02:21:01,3,3,"{7,24,24,24,24,24,24,24,24,24,23,24,24,24,24,24,24,24,24,23,25,24,24,24,25,24,24,26,24,24,24}","{26,83,80,81,79,80,77,75,86,96,80,88,80,87,86,89,88,84,97,90,89,88,138,158,169,176,170,202,189,222,183}","Шиппер / The Shipper / The Shipper [12/12] [1080] [Таиланд, 2020, романтика, гей-тема, школа, гендерная интрига, комедия, трагедия, HDTVRip] DVO (Asian Miracle Group)"
5969691,2,41799766,D19A593A07FE371008CC96F9F05A17170C748C1F,20286513538,1,2026-07-31 02:21:01,3,3,"{7,24,24,24,24,24,24,24,24,24,23,24,24,24,24,24,24,24,24,23,25,24,24,24,25,24,24,26,24,24,24}","{21,75,80,79,79,76,68,66,85,90,81,86,75,81,86,91,86,84,97,89,86,84,81,83,94,87,91,94,81,113,93}","Битва за любовь / Wife / Mia / Songkram Ruk [28/28] [Таиланд, 2018, семейный, драма, романтика, WEBRip] [RAW] [720p] DVO (Озвучка от Exa)"
5970424,10,16864819,69B1C6272602195D27ADB5344E564844DCD9F861,4626579123,1,2026-07-31 02:21:01,3,3,"{7,24,24,24,24,24,24,24,24,24,23,24,24,24,24,24,24,24,24,23,25,24,24,24,25,24,24,26,24,24,24}","{26,81,80,82,79,98,93,90,92,92,101,99,96,96,98,103,99,98,88,89,100,106,168,182,185,186,167,202,194,222,198}","Я Ти, и я тоже / I'm Tee, Me Too / I'm Tee, Me Too [08/08] [1080] [Таиланд, 2020, ситком, дружба, комедия, HDTVRip] DVO (Asian Miracle Group)"
5970846,10,16864819,79A1D33A5E0485D4CB0CD5CAEE2CB1EB618251A1,7552499527,1,2026-07-31 02:21:01,3,3,"{7,24,24,24,24,24,24,24,24,24,23,24,24,24,24,24,24,24,24,23,25,24,24,24,25,24,24,26,24,24,24}","{21,72,68,69,70,71,53,55,60,71,54,74,57,73,68,64,62,60,73,67,65,61,59,59,70,55,75,81,61,68,63}","УРА! Хаос в общаге S1-2 / Бедлам в общаге S1-S2 / YYY S1-S2 / WorldY S1-S2 [S1 06/06; S2 03/03] [1080] [Таиланд, 2020, комедия, романтика, ситком, гей-тема, HDTVRip] DVO (Asian Miracle Group)"
5986828,2,41799766,3A77BD60124F69D1404EFD22C90AC3C1E68CF9CC,25027325380,1,2026-07-31 02:21:01,3,2,"{7,24,24,24,24,24,24,24,24,24,23,24,24,24,24,24,24,24,24,23,25,24,24,24,25,24,24,26,24,24,24}","{24,88,84,83,84,89,79,66,96,96,81,92,84,88,90,84,89,77,73,91,100,104,170,180,191,189,193,228,201,199,199}","Пока светит солнце / As Long as the Sky Has The Sun / My Forever Sunshine / Thrab Fah Mee Tawan [19/19] [Таиланд, 2020, романтика, мелодрама, комедия, WEBRip] [RAW] [720p] VO (Julia Prosenuk)"
5988424,10,16864819,D0A12CD44BD59F993339D50DCB32EC254ED2682F,17638062926,1,2026-07-31 02:21:01,4,2,"{7,24,24,24,24,24,24,24,24,24,23,24,24,24,24,24,24,24,24,23,25,24,24,24,25,24,24,26,24,24,24}","{28,149,120,127,97,113,113,89,107,133,118,137,119,128,114,115,127,122,116,118,131,155,188,230,209,243,220,252,252,270,227}","Потому что мы вместе / Потому что мы (всё ещё) вместе / 2gether / Because we are together / 2gether The Series / Still 2gether / Because we are still together / Still Together [1S 13/13 и 2S 5/5] [2020, романтика, драма, гей-тема, комедия, музыкальный, HDTVRip] DVO (Asian Miracle Group) [1080]"
5989636,10,16864819,65FD9F07CBC16376287D2FD8A0A9CBB5F9B24F1A,16767900118,1,2026-07-31 02:21:01,4,3,"{7,24,24,24,24,24,24,24,24,24,23,24,24,24,24,24,24,24,24,23,25,24,24,24,25,24,24,26,24,24,24}","{28,97,97,98,110,98,118,104,103,107,105,106,114,112,112,107,111,108,111,102,129,107,167,182,203,210,188,228,202,206,200}","Почему ты? / История Сайфы и Зона / Why R U? / Why are you? / Why R U: SaifahZon Story / SaifahZon Story [S1 13/13+BTS SPECIAL; S2 3/3] [1080] [Таиланд, 2020, романтика, гей-тема, дружба, HDTVRip] DVO (Asian Miracle Group)"
6004166,2,41799766,DD6F9E17754DAA4EEBECF30493E64099B02813B4,20896263956,1,2026-07-31 02:21:01,3,3,"{7,24,24,24,24,24,24,24,24,24,23,24,24,24,24,24,24,24,24,23,25,24,24,24,25,24,24,26,24,24,24}","{21,75,80,79,87,89,75,76,87,94,76,89,85,89,93,91,88,75,74,93,88,83,82,83,94,71,93,94,83,92,88}","Закон чести / The Envy Code / Rahut Rissaya [17/17] [Таиланд, 2020, мелодрама, месть, романтика, WEBRip] [RAW] [720p] VO (Julia Prosenuk)"
6032891,2,16864819,1FBFCFF1533BA0BF005C1A612378BB91948819D0,16945021202,1,2026-07-31 02:21:01,4,3,"{7,24,24,24,24,24,24,24,24,24,23,24,24,24,24,24,24,24,24,23,25,24,24,24,25,24,24,26,24,24,24}","{24,78,91,90,98,103,92,88,100,112,89,100,92,94,91,100,91,83,95,101,90,93,83,87,98,103,104,117,90,117,98}","Наби, моя любимая мачеха / Наби, моя мачеха / Nabi, My Stepdarling / Darling in Law / Step Darling [1080] [Таиланд, 22/22] [2021, романтика, драма, HDTVRip] VO (Asian Miracle Group)"
6037303,10,16864819,EF0A5E76C6BEA68BCA8D1E8007137C4BC2F197A8,22164810287,1,2026-07-31 02:21:01,3,3,"{7,24,24,24,24,24,24,24,24,24,23,24,24,24,24,24,24,24,24,23,25,24,24,24,25,24,24,26,24,24,24}","{24,88,81,85,93,102,83,75,99,105,82,100,107,88,97,84,95,77,74,92,102,96,177,179,188,183,199,221,207,201,214}","Скованные судьбой / Chain of Vengeance / So Wayree [15/15] [Таиланд, 2020, романтика, мелодрама, драма, HDTVRip] [720] DVO (Asian Miracle Group)"
6038344,10,16864819,B8B17D63C2C62B4338832D797A6486F81BA552C6,12887221953,1,2026-07-31 02:21:01,3,3,"{7,24,24,24,24,24,24,24,24,24,23,24,24,24,24,24,24,24,24,23,25,24,24,24,25,24,24,26,24,24,24}","{26,81,80,84,79,79,69,70,86,92,76,88,75,81,86,86,88,84,96,89,85,101,144,158,164,163,154,190,179,177,164}","Не спи, мой герой / Payak Rai Sai Lub / Don't Sleep My Hero [720] [Таиланд, 20/20] [2019, романтика, боевик, комедия, драма, HDTVRip] DVO (Asian Miracle Group)"
6039103,2,41799766,23D010BF4427D2A6ABEDC583E4B89A6F0277F1EF,20702318064,1,2026-07-31 02:21:01,3,2,"{7,24,24,24,24,24,24,24,24,24,23,24,24,24,24,24,24,24,24,23,25,24,24,24,25,24,24,26,24,24,24}","{24,103,87,82,109,98,74,70,80,90,77,86,77,84,83,92,86,86,98,92,93,92,100,83,95,90,93,94,81,109,90}","Давай сразимся, призрак (Таиланд) / Let's Fight Ghost [16/16] [Таиланд, 2021, мистика, романтика, комедия, WEBRip] [RAW] [720p] DVO (Pus'ki Production)"
6043009,2,16864819,409B7C3EBF9DF4752F866219D93841DCB6672FCA,8277232244,1,2026-07-31 02:21:01,4,3,"{7,24,24,24,24,24,24,24,24,24,23,24,24,24,24,24,24,24,24,23,25,24,24,24,25,24,24,26,24,24,24}","{28,101,99,102,98,100,89,86,110,97,99,96,96,96,96,100,100,96,98,92,100,106,168,179,190,214,182,219,199,225,204}","Тонхон и Чонлати / ТонхонЧонлати / Thonhon Chonlathee [2020, Таиланд, комедия, романтика, гей-тема, HDTVRip] [10/10] [1080] DVO (Asian Miracle Group)"
6043720,10,16864819,B3F99A0F7E53E61274236AF70DDB0452F750617A,13152089785,1,2026-07-31 02:21:01,3,3,"{7,24,24,24,24,24,24,24,24,24,23,24,24,24,24,24,24,24,24,23,25,24,24,24,25,24,24,26,24,24,24}","{26,81,83,82,83,79,75,72,86,95,80,89,79,86,86,89,90,84,97,90,92,93,144,155,166,183,160,186,165,172,167}","Ген Y / Gen Y [2020, Таиланд, драма, гей-тема, романтика, HDTVRip] [12/12] [1080] DVO (Asian Miracle Group)"
6045003,10,16864819,3B6ACF671D16178F16467A0C5BC65B3E6BED68E4,19667119383,1,2026-07-31 02:21:01,3,3,"{7,24,24,24,24,24,24,24,24,24,23,24,24,24,24,24,24,24,24,23,25,24,24,24,25,24,24,26,24,24,24}","{21,76,72,73,75,75,65,70,65,78,62,71,68,62,66,71,65,65,83,85,74,64,82,83,98,94,96,113,87,101,89}","Моя любимая Золушка / Sanae Rak Nang Sin / Saneh Rak Nang Cin / My Cinderella Girls / Love of Cinderella [16/16] [Таиланд, 720] [2018, драма, комедия, романтика, HDTVRip] VO (Asian Miracle Group)"
6045564,10,16864819,D9F775E63DA607A9702975D7B0293CD68E23B610,11407518873,1,2026-07-31 02:21:01,4,3,"{7,24,24,24,24,24,24,24,24,24,23,24,24,24,24,24,24,24,24,23,25,24,24,24,25,24,24,26,24,24,24}","{26,113,100,115,114,105,105,104,112,120,94,105,96,113,112,116,110,102,111,112,112,104,171,172,175,166,188,231,205,206,183}","Сказка о 1000 звёзд / Сказка о тысяче звёзд / История тысячи звёзд / A Tale of Thousand Stars / 1000 Stars [10/10] [Таиланд, 1080] [2021, гей-тема, драма, романтика, HDTVRip] DVO (Asian Miracle Group)"
6046056,10,16864819,357DC905396561E02A93B8B99242C921B4F13054,23709375952,1,2026-07-31 02:21:01,3,3,"{7,24,24,24,24,24,24,24,24,24,23,24,24,24,24,24,24,24,24,23,25,24,24,24,25,24,24,26,24,24,24}","{26,81,80,81,79,79,72,73,86,94,76,91,80,88,89,98,90,85,104,93,86,90,150,155,159,163,156,186,163,175,170}","Небо для одной звезды / Neung Dao Fah Diew / Underneath the same sky / One star, one sky [720] [Таиланд, 17/17] [2018, романтика, военный, исторический, драма, HDTVRip] VO (Asian Miracle Group)"
6046168,10,16864819,9797DD42BFEA6E962C5ECAF16C93F14C92798564,10090284060,1,2026-07-31 02:21:01,4,3,"{7,24,24,24,24,24,24,24,24,24,23,24,24,24,24,24,24,24,24,23,25,24,24,24,25,24,24,26,24,24,24}","{25,103,92,89,93,99,106,95,105,97,86,102,97,94,102,95,96,100,104,112,123,103,164,179,171,186,167,204,175,189,185}","Обстоятельства смерти / Manner of Death [14/14] [Таиланд, 1080] [2020, гей-тема, романтика, детектив, саспенс, HDTVRip] DVO (Asian Miracle Group)"
6048130,10,16864819,143D6E950C6B64A98690FDAA7CD764FEFAE3868C,12269439557,1,2026-07-31 02:21:01,3,3,"{7,24,24,24,24,24,24,24,24,24,23,24,24,24,24,24,24,24,24,23,25,24,24,24,25,24,24,26,24,24,24}","{26,81,80,82,79,79,65,73,87,92,76,89,75,81,86,86,88,84,96,89,85,92,148,159,155,151,158,171,174,175,166}","Грустная романтика (2020) / Lok Thang Bai Hai Nai Khon Diao / Romantic Blue [1080] [Таиланд, 13/13 + спешл] [2020, романтика, криминал, триллер, драма, HDTVRip] DVO (Asian Miracle Group)"
6048144,10,16864819,223400B7A1E7E886DEE238142214F3ABCE5C145A,22677889828,1,2026-07-31 02:21:01,4,3,"{7,24,24,24,24,24,24,24,24,24,23,24,24,24,24,24,24,24,24,23,25,24,24,24,25,24,24,26,24,24,24}","{28,98,98,101,99,100,92,93,110,97,96,95,96,96,100,97,100,96,98,92,100,109,166,182,180,182,176,216,197,190,191}","У неба есть солнце, а у меня есть ты / Fah Mee Tawan / The Sky Has the Sun / Blue Sun / As Long As The Sky Has the Sun [720] [Таиланд, 18/18] [2020, драма, романтика, HDTVRip] DVO (Asian Miracle Group)"
6056758,2,5220206,6957EDC0B64FAC2A8A02D42BB4CF5D00E735C05F,12081295534,1,2026-07-31 02:21:01,3,3,"{7,24,24,24,24,24,24,24,24,24,23,24,24,24,24,24,24,24,24,23,25,24,24,24,25,24,24,26,24,24,24}","{26,81,80,81,79,79,73,74,86,91,80,89,83,88,86,89,88,84,97,92,93,88,142,156,163,192,152,190,180,190,174}","Пузырьковый чай / Hwan nxy r&#7841;k 100% / My Bubble Tea [13 из 13] [Таиланд, RAW] [RUS(int)] [2020, комедия, романтика, фэнтези, HDTVRip] [720p] DVO (GREEN TEA)"
6061581,2,16864819,807E58B09E38C4ABA1569ED853309C7D933D8905,21797845669,1,2026-07-31 02:21:01,5,2,"{7,24,24,24,24,24,24,24,24,24,23,24,24,24,24,24,24,24,24,23,25,24,24,24,25,24,24,26,24,24,24}","{35,129,143,137,131,133,140,144,132,129,131,134,143,139,122,140,133,131,138,164,149,120,125,131,127,127,125,141,121,132,122}","Сверкающая жемчужина / Prao Mook / Praomook / Prow Mook [15/15] [Таиланд, 2021, драма, романтика, HDTVRip] VO [720] (Asian Miracle Group)"
6136769,2,41799766,C5850CBDE14B8DFD0AECEA1088D14F44C999B066,23062014278,1,2026-07-31 02:21:01,3,3,"{7,24,24,24,24,24,24,24,24,24,23,24,24,24,24,24,24,24,24,23,25,24,24,24,25,24,24,26,24,24,24}","{21,72,69,69,72,73,47,52,59,68,53,65,55,61,62,64,64,64,78,69,61,61,58,59,75,50,79,82,67,73,63}","Предназначение любви / Желание судьбы / The Destiny of Love / Prom Pissawat [Таиланд, 2020, романтика, драма, WEBRip] [RAW] [720p] VO (Julia Prosenuk)"
6151612,2,41799766,AACB2806FD7F187B2C91FC4B76397BB83B53E721,17484016812,1,2026-07-31 02:21:01,3,3,"{7,24,24,24,24,24,24,24,24,24,23,24,24,24,24,24,24,24,24,23,25,24,24,24,25,24,24,26,24,24,24}","{21,73,69,70,76,71,43,54,58,69,53,65,51,57,62,64,62,62,72,66,61,60,60,58,70,46,74,68,59,68,63}","Люблю тебя и ненавижу / Irresistible [22/22] [Таиланд, 2021, романтика, драма, WEBRip] [RAW] [720p] VO (Julia Prosenuk)"
6155841,2,16864819,ACA8BF19CC3920E0EEDE62258B0100A49D273409,17253902390,1,2026-07-31 02:21:01,5,2,"{7,24,24,24,24,24,24,24,24,24,23,24,24,24,24,24,24,24,24,23,25,24,24,24,25,24,24,26,24,24,24}","{32,127,107,102,96,117,100,72,72,99,86,80,81,96,94,84,112,110,108,110,116,115,97,92,87,104,102,110,109,118,98}","Цветочки после ягодок (тайская версия) / Цветочная четверка / Мальчики краше цветов / F4 Thailand: Boys Over Flowers / F4 Thailand: Boys Over Flowers [16/16] [2021-2022, Таиланд, романтика, комедия, драма, HDTVRip] [1080] DVO (Asian Miracle Group)"
6156894,2,41799766,49E4D9CADFA83E237082A3CF2712971ECC52BA40,7949428256,1,2026-07-31 02:21:01,3,2,"{7,24,24,24,24,24,24,24,24,24,23,24,24,24,24,24,24,24,24,23,25,24,24,24,25,24,24,26,24,24,24}","{26,83,80,80,80,86,85,77,95,91,82,89,91,93,89,91,96,89,82,88,94,82,82,83,95,85,94,100,89,109,93}","Цветочки после ягодок (тайская версия) / Мальчики краше цветов / F4 Thailand: Boys Over Flowers [08/16] [Таиланд, 2021-2022, драма, романтика, комедия, WEB-DL] [RAW] [1080p] MVO (Храм Дорам ТВ)"
6157202,2,16864819,FC8F77AF7DE9F25F7C712B99B76B8DC5403C2256,35651225005,1,2026-07-31 02:21:01,3,1,"{7,24,24,24,24,24,24,24,24,24,23,24,24,24,24,24,24,24,24,23,25,24,24,24,25,24,24,26,24,24,24}","{26,80,80,79,79,79,67,67,85,91,77,89,75,81,90,99,84,84,95,89,86,83,80,83,93,73,98,99,89,93,88}","Шпионка поневоле / Kao Waan Hai Noo Pen Sai Lub / My Secret Bride / They Asked her to be a Spy [18/18] [Таиланд, 1080] [2019, романтика, боевик, комедия, драма, HDTVRip] VO (Asian Miracle Group)"
6159391,2,16864819,E0E56A5D9C99BA9938E144C2DFD18918A7A2E0AF,13916901110,1,2026-07-31 02:21:01,3,3,"{7,24,24,24,24,24,24,24,24,24,23,24,24,24,24,24,24,24,24,23,25,24,24,24,25,24,24,26,24,24,24}","{21,72,68,70,71,71,42,54,59,69,53,66,51,57,62,64,62,60,72,66,59,60,60,59,70,47,71,68,59,68,63}","Око за око / Ter Kao Ngao Kaen / An Eye for an Eye [18/18] [Таиланд, 1080] [2021, драма, романтика, HDTVRip] DVO (Asian Miracle Group)"
6159889,2,16864819,618FDF2323B3024A16C613FEB5B9A3841E4C3C84,10983118313,1,2026-07-31 02:21:01,3,2,"{7,24,24,24,24,24,24,24,24,24,23,24,24,24,24,24,24,24,24,23,25,24,24,24,25,24,24,26,24,24,24}","{26,86,85,79,79,79,65,72,83,89,83,86,80,81,86,93,86,84,96,89,88,86,86,83,95,94,94,95,88,103,93}","Романтический штрих / Dtaem Ruk / Mr. Lipstick / Love Points [14/14] [Таиланд, 1080] [2021, комедия, романтика, HDTVRip] VO (Asian Miracle Group)"
6164384,2,16864819,2568442F8C2EA5B8CEED80EEEBBC625F64099901,12191694203,1,2026-07-31 02:21:01,3,2,"{7,24,24,24,24,24,24,24,24,24,23,24,24,24,24,24,24,24,24,23,25,24,24,24,25,24,24,26,24,24,24}","{27,99,100,119,109,112,87,61,60,71,62,91,72,76,88,100,84,81,93,79,93,88,92,100,96,93,93,105,124,136,111}","Я рассказал закату о тебе / Я обещал тебе луну / Bplae Rak Chan Duay Jai Ter / I Told Sunset About You / Interpret My Love As Your Heart / I Promised You the Moon [S1 5/5 + спешл; S2 5/5] [1080] [Таиланд, 2020, 2021, школа, драма, романтика, гей-тема, HDTVRip] VO (Asian Miracle Group)"
6167762,2,16864819,F5E6BB1C7BB857541871D57B2BFC60E657507A2D,9192531958,1,2026-07-31 02:21:01,3,2,"{7,24,24,24,24,24,24,24,24,24,23,24,24,24,24,24,24,24,24,23,25,24,24,24,25,24,24,26,24,24,24}","{24,103,91,83,84,111,92,85,113,99,92,112,120,109,98,113,111,97,96,106,120,106,98,122,105,108,105,125,94,114,113}","Кондитеры / Парни из кондитерской / Baker Boys / Baker Boys [12/12] [Таиланд, 1080] [2021, детектив, гей-тема, комедия, романтика, дружба, HDTVRip] DVO (Asian Miracle Group)"
6213020,2,2182701,5B25E566C99BF913D76DB9418197905B703C7210,3946334105,1,2026-07-31 02:21:01,4,3,"{7,24,24,24,24,24,24,24,24,24,23,24,24,24,24,24,24,24,24,23,25,24,24,24,25,24,24,26,24,24,24}","{22,82,74,73,84,73,50,59,86,83,76,79,51,65,66,68,65,70,92,72,64,60,71,72,67,45,71,73,69,80,79}","Чужая жизнь моего сердца / Rang Mai Huajai Dem Same / Heart in New Body[4/16] [RAW] [Таиланд, 2016, драма, фантастика, романтика, HDTVRip][720p] VO (SagiTtarius)"
6232315,10,38772094,F646E08EC82467526AB3D2123C6D056BC13A5A20,5642068079,1,2026-07-31 02:21:01,3,3,"{7,24,24,24,24,24,24,24,24,24,23,24,24,24,24,24,24,24,24,23,25,24,24,24,25,24,24,26,24,24,24}","{21,72,68,71,71,71,55,59,62,71,60,65,55,60,65,70,64,62,78,74,66,63,59,61,74,75,78,73,60,84,72}","Она была прекрасна (тайская версия) / Me Always You/ Chaotic Love / Troublemaking Women / Сезон: 1 / Серии: 1-24 из 24 (Яньон Куруанкур) [2021, Таиланд, романтика, комедия Тег: офис, HDTVRip] DVO (MIN-Dub Studio)"
6242629,2,18673500,8DE877E553CF8B05D51EC0FBD89BDF977476A9F1,16163125319,1,2026-07-31 02:21:01,3,3,"{7,24,24,24,24,24,24,24,24,24,23,24,24,24,24,24,24,24,24,23,25,24,24,24,25,24,24,26,24,24,24}","{26,82,80,85,80,82,70,69,87,98,76,91,82,87,86,86,88,75,80,88,89,91,150,154,160,160,149,186,174,175,172}","Осколки / Reunion / Сезон: 1 / Серии: 1-13 из 13 (Ли Теан-Джин / Lee Thean-Jeen) [2021, Сингапур, детектив, драма, криминал, HDTV 1080p] Dub (Plan B)"
6242642,2,18673500,BCDB1E7B4DE30E27741BBD77C8311525B2605DB1,7360249856,1,2026-07-31 02:21:01,3,3,"{7,24,24,24,24,24,24,24,24,24,23,24,24,24,24,24,24,24,24,23,25,24,24,24,25,24,24,26,24,24,24}","{26,86,87,85,83,92,85,79,96,95,89,90,90,93,93,97,92,84,83,92,99,96,154,165,167,180,178,204,184,197,178}","Осколки / Reunion / Сезон: 1 / Серии: 1-13 из 13 (Ли Теан-Джин / Lee Thean-Jeen) [2021, Сингапур, детектив, драма, криминал, HDTVRip] Dub (Plan B)"
6246038,2,42564784,D958EECD29A0E6B2F3F843CBFAB7C7536328E4D4,45548163420,2,2026-07-31 02:21:01,9,3,"{7,24,24,24,24,24,24,24,24,24,23,24,24,24,24,24,24,24,24,23,25,24,24,24,25,24,24,26,24,24,24}","{53,154,149,153,146,150,144,152,175,169,170,180,175,172,161,177,130,162,162,164,189,164,226,263,247,235,255,306,232,261,227}","Осколки / Reunion / Сезон: 1 / Серии: 1-13 из 13 (Ли Тиань-джин / Lee Thean-jeen) [2021, Сингапур, драма, криминал, HDTV 1080i] Dub (Plan B) + Original Eng"
6380645,2,10605115,5FC262858A7C41484EC15D1FED42B7AB3338DFE9,4113375232,1,2026-07-31 02:21:01,3,1,"{7,24,24,24,24,24,24,24,24,24,23,24,24,24,24,24,24,24,24,23,25,24,24,24,25,24,24,26,24,24,24}","{24,79,81,77,78,80,64,69,87,93,80,87,72,79,82,89,81,79,91,87,88,86,85,82,77,91,89,101,82,116,88}","Удалить / Delete / Сезон: 1 / Серии: 1-8 из 8 (Паркпум Вонгпум) [2023, Таиланд, Фантастика, триллер, драма, детектив, WEB-DLRip] MVO (HDRezka Studio)"
6386851,2,5220206,82DE16629E306B7985A984D337B6F28EC1537E14,18886004858,1,2026-07-31 02:21:01,5,3,"{7,24,24,24,24,24,24,24,24,24,23,24,24,24,24,24,24,24,24,23,25,24,24,24,25,24,24,26,24,24,24}","{38,150,197,200,184,186,177,182,196,169,183,191,167,176,164,122,109,86,84,115,102,96,159,169,170,197,228,276,193,181,190}","Удалить / Delete / сезон 1 / Серии: 1-8 из 8 (Паркпум Вонгпум) [2023, Таиланд, фантастика, триллер, драма, детектив, WEB-DL 1080p] 2 x MVO (TVShows, HDRezka) + Original + Dub (Eng)+ Sub (Ukr, Eng, Fr)"
6388995,2,7889202,9CA5F3961CE12B691911940A15FDFA1D76B3AEAE,7686125357,1,2026-07-31 02:21:01,3,3,"{7,24,24,24,24,24,24,24,24,24,23,24,24,24,24,24,24,24,24,23,25,24,24,24,25,24,24,26,24,24,24}","{25,86,86,91,106,99,82,85,94,104,97,107,96,96,100,104,107,99,109,99,113,112,176,184,181,177,180,198,192,190,199}","Роза дьявола / Devil's Rose / Сезон: 1 / Серии: 1-12 из 12 (Бой Таконкиат Вираван) [2011, Таиланд, романтика, драма, TVRip] VO (eto-ile) + Original"
6392957,2,47035130,80120F79E8AE90C3DE23FBFE07A39DED532DF879,55971721130,1,2026-07-31 02:21:01,3,2,"{7,24,24,24,24,24,24,24,24,24,23,24,24,24,24,24,24,24,24,23,25,24,24,24,25,24,24,26,24,24,24}","{21,72,68,72,71,70,21,32,35,45,38,48,42,33,41,50,36,36,50,62,40,37,36,38,46,45,45,42,35,62,45}","Домашняя школа: ученики под арестом / Home School / Nak Riian Dtong Kang / Сезон: 1 / Серии: 1-18 из 18 (Фон Канитта Кванъю) [2023, Таиланд, саспенс, детектив, школа, триллер, WEB-DL 1080p] DVO (RedTail) + Original"
6457519,2,6477978,C9F886AE6C6CC4EC85B47FFBAFC261582A589119,12953740694,1,2026-07-31 02:21:01,7,2,"{7,24,24,24,24,24,24,24,24,24,23,24,24,24,24,24,24,24,24,23,25,24,24,24,25,24,24,26,24,24,24}","{45,164,155,158,154,162,149,151,149,147,148,148,160,158,153,154,117,96,93,94,93,90,92,91,94,118,135,159,125,106,114}","Школьные истории / Школьные байки / School Tales The Series / Сезон: 1 / Серии: 1-8 из 8 (Тханадол Нуансут, Путипонг Сайсикаев, Сонгсак Монгколтонг) [2022, Таиланд, ужасы, WEB-DL 1080p] MVO (HDRezka Studio) + Original + Sub Eng"
6462468,2,39454311,366D77171794870A3E085660329CA8A95980CB54,8097603515,1,2026-07-31 02:21:01,6,2,"{7,24,24,24,24,24,24,24,24,24,23,24,24,24,24,24,24,24,24,23,25,24,24,24,25,24,24,26,24,24,24}","{44,148,173,177,180,183,190,174,184,180,150,183,198,176,179,173,171,101,144,160,143,138,137,142,142,140,154,175,157,149,150}","Опасный роман / Dangerous Romance / Сезон: 1 / Серии: 1-12 из 12 (Лит Пхадун Саматжан, Тох Воравут Танаматчайчароен) [2023, Таиланд, школа, драма, романтика, гей-тема, WEB-DL 1080p] Original + Rus Sub (The Art of Love Asia)"
6487344,2,18673500,BE091971E909DA311F5917D10560B6407DE84A9D,36959253814,1,2026-07-31 02:21:01,3,3,"{7,24,24,24,24,24,24,24,24,24,23,24,24,24,24,24,24,24,24,23,25,24,24,24,25,24,24,26,24,24,24}","{21,72,70,69,71,71,43,56,59,68,56,68,51,57,62,64,66,64,77,66,61,62,58,60,70,46,69,68,59,71,63}","CTRL / CTRL / Сезон: 1 / Серии: 1-25 из 25 (Молби Лоу / Molby Low) [2021, Сингапур, фантастика, детектив, драма, криминал, HDTV 1080p] Dub (Plan B)"
6511600,8,36908373,B416F695048B3B70F446CF880D2867ADC659FC48,4711404881,1,2026-07-31 02:21:01,3,3,"{7,24,24,24,24,24,24,24,24,24,23,24,24,24,24,24,24,24,24,23,25,24,24,24,25,24,24,26,24,24,24}","{21,72,67,69,71,71,48,57,59,69,53,65,64,71,70,71,65,62,73,66,60,60,54,59,70,46,70,68,59,68,63}","Школьные истории / Школьные байки / School Tales The Series / Серии: 1-8 из 8 (Тханадол Нуансут, Путипонг Сайсикаев, Сонгсак Монгколтонг) [2022, Таиланд, ужасы, WEB-DLRip] MVO (HDRezka Studio)"
6529825,0,10897325,D43FBBA43DF0EB57A7E6444EC6B250E85B42FBBF,11061220117,1,2026-07-31 02:21:01,4,1,"{7,24,24,24,24,24,24,24,24,24,23,24,24,24,24,24,24,24,24,23,25,24,24,24,25,24,24,26,24,24,24}","{28,112,121,120,120,128,86,72,100,95,98,92,102,97,97,96,92,94,84,92,96,113,100,104,110,87,115,122,117,113,136}","Оказывается, можно получить суперсилу, если хранить девственность до 30 лет / Cherry Magic Thailand / Сезон: 1 / Серии: 1-12 из 12 (Нутапонг Монгколсавас) [2024, Таиланд, комедия, драма, фантазия, романтика, гей-тема, WEB-DL 1080p] DVO (Странные миры) + Original"
6537233,2,4305293,919C1C8CE59464ED09EA142ADE19EDBEC40D925D,6318465024,1,2026-07-31 02:21:01,4,3,"{7,24,24,24,24,24,24,24,24,24,23,24,24,24,24,24,24,24,24,23,25,24,24,24,25,24,24,26,24,24,24}","{23,84,78,75,75,79,73,72,73,84,73,77,70,76,78,80,71,88,102,91,83,79,78,83,91,80,92,90,77,111,89}","Последняя леди / Zui hou de fu ren / Last Madame / Сезон: 1 / Серии: 1-12 из 12 (Ровена Ло, Ё Чэнь, Жан Ео) [2019-2020, Сингапур, драма, мелодрама, история, WEB-DLRip] Dub (plan B) + Original"
6540993,2,4305293,C876B988F5F68F3B41522584FE675F05100CF9D2,8490208379,1,2026-07-31 02:21:01,4,3,"{7,24,24,24,24,24,24,24,24,24,23,24,24,24,24,24,24,24,24,23,25,24,24,24,25,24,24,26,24,24,24}","{24,102,100,94,84,108,78,83,108,105,91,88,85,89,101,101,93,97,106,99,105,96,87,99,107,99,96,111,93,127,102}","Последняя леди / Zui hou de fu ren / Last Madame / Сезон: 1 / Серии: 1-12 из 12 (Ровена Ло, Ё Чэнь, Жан Ео) [2019-2020, Сингапур, драма, мелодрама, история, WEB-DL 1080p] Dub (plan B) + Original"
6545251,2,4305293,2AC741D50E234BE1D7476F9690502FB9C8B824FA,7513382912,1,2026-07-31 02:21:01,3,2,"{7,24,24,24,24,24,24,24,24,24,23,24,24,24,24,24,24,24,24,23,25,24,24,24,25,24,24,26,24,24,24}","{17,65,63,63,58,65,47,65,57,70,63,58,55,58,60,61,52,65,81,67,67,62,55,67,66,65,72,75,62,90,71}","Руководство для подростка / Teenage Textbook / Сезон: 1 / Серии: 1-13 из 13 (Сэм Ло) [2021, Сингапур, комедия, мелодрама, драма, HDTVRip] Dub (plan B)"
6545801,2,4305293,1F0E75C6A2E3982A244329E154E16F16A1007DF2,24105495172,1,2026-07-31 02:21:01,4,2,"{7,24,24,24,24,24,24,24,24,24,23,24,24,24,24,24,24,24,24,23,25,24,24,24,25,24,24,26,24,24,24}","{18,60,62,59,53,66,40,55,49,64,49,53,46,51,54,53,45,60,71,61,60,53,49,59,66,40,66,63,55,65,58}","Руководство для подростка / Teenage Textbook / Сезон: 1 / Серии: 1-13 из 13 (Сэм Ло) [2021, Сингапур, комедия, мелодрама, драма, HDTV 1080p] Dub (plan B)"
6549780,2,4305293,8E54D35AAD96D8A791140D7F05999B14C22AA3EA,18419193856,1,2026-07-31 02:21:01,3,2,"{7,24,24,24,24,24,24,24,24,24,23,24,24,24,24,24,24,24,24,23,25,24,24,24,25,24,24,26,24,24,24}","{22,88,75,72,74,76,63,71,75,86,70,81,71,78,80,79,72,83,97,87,86,75,70,83,72,61,90,98,81,90,84}","CTRL / CTRL / Сезон: 1 / Серии: 1-25 из 25 (Молби Лоу) [2021, Сингапур, детектив, криминал, триллер, WEBRip] Dub (plan B) + Originai (Chi)"
6551596,2,4305293,7E2B38C250EA0A325C22DDE598363B5D42E0FE2F,3150880768,1,2026-07-31 02:21:01,3,2,"{7,24,24,24,24,24,24,24,24,24,23,24,24,24,24,24,24,24,24,23,25,24,24,24,25,24,24,26,24,24,24}","{17,59,62,59,58,64,49,61,54,70,58,59,67,72,76,74,62,71,75,79,78,70,64,76,69,58,80,90,71,79,75}","Хлоя / Khloe / Сезон: 1 / Серии: 1-10 из 10 (Джерри Лим) [2020, Сингапур, триллер, HDTVRip] Dub (plan B)"
6553067,2,4305293,5A76C38C52170A4A0F261C5AC86C1D00F3C16531,36475368800,1,2026-07-31 02:21:01,3,2,"{7,24,24,24,24,24,24,24,24,24,23,24,24,24,24,24,24,24,24,23,25,24,24,24,25,24,24,26,24,24,24}","{24,77,76,72,74,77,62,67,75,86,72,81,71,77,80,80,72,83,96,86,86,76,70,83,71,61,91,91,80,90,84}","CTRL / CTRL / Сезон: 1 / Серии: 1-25 из 25 (Молби Лоу) [2021, Сингапур, детектив, криминал, триллер, WEBRip 1080p] Dub (plan B) + Original (Chi)"
6553068,2,4305293,6CCD7595A077ED9114E0FBABBA102712467A547E,9941710156,1,2026-07-31 02:21:01,4,3,"{7,24,24,24,24,24,24,24,24,24,23,24,24,24,24,24,24,24,24,23,25,24,24,24,25,24,24,26,24,24,24}","{23,81,79,74,78,80,66,74,73,86,70,77,71,78,79,78,74,84,97,82,90,77,75,83,91,67,91,90,82,89,84}","Хлоя / Khloe / Сезон: 1 / Серии: 1-10 из 10 (Джерри Лим) [2020, Сингапур, триллер, HDTV 1080p] Dub (plan B)"
6561710,2,4305293,7104C098D35602915A35E1DA253E6AE008070CE1,6352734208,1,2026-07-31 02:21:01,3,2,"{7,24,24,24,24,24,24,24,24,24,23,24,24,24,24,24,24,24,24,23,25,24,24,24,25,24,24,26,24,24,24}","{19,69,77,80,65,75,52,64,58,76,70,63,65,72,69,71,55,73,81,81,80,69,61,72,80,52,79,86,82,78,70}","Водила / Si ji / Сезон: 1 / Серии: 1-11 из 11 (Сэм Ло) [2020, Сингапур, боевик, криминал, HDTVRip] Dub (plan B)"
6566413,8,4305293,4645DF2730F19BAC33E7EBF98F7A1A4FECE14F4A,20457389200,1,2026-07-31 02:21:01,4,3,"{7,24,24,24,24,24,24,24,24,24,23,24,24,24,24,24,24,24,24,23,25,24,24,24,25,24,24,26,24,24,24}","{23,77,76,72,76,80,64,71,73,88,73,80,71,82,84,79,76,90,96,86,86,75,77,83,94,68,94,90,86,94,83}","Водила / Si ji / The Driver / Сезон: 1 / Серии: 1-11 из 11 (Сэм Ло) [2020, Сингапур, боевик, криминал, HDTV 1080p] Dub (plan B)"
6579484,0,39454311,6961E9C13901624BABFB42CC79E0962FDCEA59FE,12158671515,1,2026-07-31 02:21:01,7,1,"{7,24,24,24,24,24,24,24,24,24,23,24,24,24,24,24,24,24,24,23,25,24,24,24,25,24,24,26,24,24,24}","{50,197,238,196,182,229,177,167,212,183,183,204,171,159,164,162,180,126,166,189,170,147,179,154,159,163,251,226,188,184,180}","4 минуты / 4 Minutes / Сезон: 1 / Серии: 1-8 из 8 (Крунин Пханпхатса Тхуптиен) [2024, Таиланд, драма, фантастика, криминал, гей-тема, WEB-DL 1080p] DVO (Странные Миры) + Original + Sub (Rus [The Art of Love Asia], Eng, Chi, Ind)"
6692913,2,4305293,05355D2162908967A1C26E2F547B84B5DC0B11BF,13684631552,1,2026-07-31 02:21:01,3,2,"{7,24,24,24,24,24,24,24,24,24,23,24,24,24,24,24,24,24,24,23,25,24,24,24,25,24,24,26,24,24,24}","{18,61,63,63,55,67,40,53,49,65,51,55,47,54,59,55,46,60,71,63,60,54,52,59,48,37,66,64,56,65,59}","Авеню / Авеню 14 / Avenue 14 / Сезон: 1 / Серии: 1-20 из 20 (Дживан Нэйтан) [2018-2019, Сингапур, ужасы, триллер, детектив, WEBRip] Dub (plan B) + Original"
6693112,2,4305293,4C43F51573B0223007118B8A92D84AEAB9A85B9B,22658256000,1,2026-07-31 02:21:01,3,2,"{7,24,24,24,24,24,24,24,24,24,23,24,24,24,24,24,24,24,24,23,25,24,24,24,25,24,24,26,24,24,24}","{18,70,69,62,65,67,39,55,57,64,52,64,47,62,64,58,59,68,71,63,61,54,59,71,51,52,68,76,72,69,73}","Авеню / Авеню 14 / Avenue 14 / Сезон: 1 / Серии: 1-20 из 20 (Дживан Нэйтан) [2018-2019, Сингапур, ужасы, триллер, детектив, WEBRip 1080p] Dub (plan B) + Original"
6693561,2,4305293,E42025FB7EC3780BAFB16B66DCE1AF322A5035C2,14736097280,1,2026-07-31 02:21:01,2,1,"{7,24,24,24,24,24,24,24,24,24,23,24,24,24,24,24,24,24,24,23,25,24,24,24,25,24,24,26,24,24,24}","{12,61,47,55,47,62,54,56,54,64,55,61,54,53,56,58,47,60,72,61,71,48,51,60,44,38,66,72,66,68,60}","Береговая охрана / C.L.I.F. / Сезон: 5 / Серии: 1-20 из 20 (Лян Кай О, Люн Ман Чонг, Лай Лин Леонг) [2019, Сингапур, боевик, триллер, драма, криминал, приключения, WEBRip] Dub (plan B) + Original"
6695699,2,4305293,8D5805A9EAEAFD443D4DB494A9D18D19CABB22A3,28028115476,1,2026-07-31 02:21:01,2,1,"{7,24,24,24,24,24,24,24,24,24,23,24,24,24,24,24,24,24,24,23,25,24,24,24,25,24,24,26,24,24,24}","{12,61,47,55,47,61,47,53,52,64,57,61,55,76,76,59,47,61,71,61,71,49,52,60,45,39,67,72,66,68,60}","Береговая охрана / C.L.I.F. / Сезон: 5 / Серии: 1-20 из 20 (Лян Кай О, Люн Ман Чонг, Лай Лин Леонг) [2019, Сингапур, боевик, триллер, драма, криминал, приключения, WEBRip 1080p] Dub (plan B) + Original"
6697677,10,10897325,E637047C03D7484DBD680EA6B26C4D33C47B15F5,5091861484,1,2026-07-31 02:21:01,4,2,"{7,24,24,24,24,24,24,24,24,24,23,24,24,24,24,24,24,24,24,23,25,24,24,24,25,24,24,26,24,24,24}","{30,121,135,120,128,133,96,89,111,115,126,100,93,99,93,96,107,127,127,116,116,127,111,104,104,103,122,123,96,104,124}","Механизм любви / Love Mechanics / Сезон: 1 / Серии: 1-10 из 10 (Пхадунг Самаджарн) [2022, Таиланд, Драма, романтика, гей-тема, WEB-DL 1080p] MVO (BLStudio) + Original"
6698552,2,4305293,D8C18367CA66AA785448110008A54A758F2AB6E7,4792369152,1,2026-07-31 02:21:01,3,2,"{7,24,24,24,24,24,24,24,24,24,23,24,24,24,24,24,24,24,24,23,25,24,24,24,25,24,24,26,24,24,24}","{17,60,61,59,53,65,38,49,49,64,53,53,46,51,53,56,45,60,71,61,60,53,50,59,46,52,65,64,55,83,65}","Пятый этаж / The Fifth Floor / Сезон: 1 / Серии: 1-13 из 13 (Гленн Чань, Ровена Ло) [2018, Сингапур, триллер, WEBRip] Dub (plan B) + Original"
6710428,2,4305293,5CCF547F714FB5D7F1EC86FA841AB2DBEFAF54C8,6679084040,1,2026-07-31 02:21:01,4,3,"{7,24,24,24,24,24,24,24,24,24,23,24,24,24,24,24,24,24,24,23,25,24,24,24,25,24,24,26,24,24,24}","{23,77,76,71,88,81,63,69,73,86,72,77,70,75,78,77,69,88,97,84,84,78,74,83,71,62,94,90,79,89,81}","Пятый этаж / The Fifth Floor / Сезон: 1 / Серии: 1-13 из 13 (Гленн Чань, Ровена Ло) [2018, Сингапур, триллер, WEBRip 1080p] Dub (plan B) + Original"
6732624,2,35580534,32895DAE642CF3F407AB279C3C973921F7B58828,16491892040,1,2026-07-31 02:21:01,2,1,"{7,24,24,24,24,24,24,24,24,24,23,24,24,24,24,24,24,24,24,23,25,24,24,24,25,24,24,26,24,24,24}","{23,80,72,74,79,83,68,69,69,75,64,79,62,57,55,43,40,52,47,67,90,46,50,51,38,29,72,60,44,52,50}","Дьявольское искусство / Искусство дьявола / Long khong / Art of The Devil / Серии: 1-8 из 8 (Путипонг Сайсикаев) [2020, Таиланд, ужасы, WEB-DL 1080p] MVO + Original Tha + Sub (Tha, Eng)"
6736987,2,35580534,D1AB9A59076EEB6FBBB8E0A1A13C540FF327FE72,31050092725,1,2026-07-31 02:21:01,4,1,"{7,24,24,24,24,24,24,24,24,24,23,24,24,24,24,24,24,24,24,23,25,24,24,24,25,24,24,26,24,24,24}","{33,104,109,95,96,110,102,90,88,98,93,90,107,107,100,98,80,46,50,72,101,44,50,49,36,60,120,120,60,55,83}","Адская деревня / Tet o lang Dia Nguc / Hellbound Village / Сезон: 1 / Серии: 1-12 из 12 (Чан Хуу Тан) [2023, Вьетнам, ужасы, триллер, WEB-DL 1080p] MVO (Gold Cinema) + Kaz Dub (DEM Production) + Original Vie + Sub (Eng, Vie)"
6783655,2,4305293,799486A4F20825A549B497FA5494FD9BEE00A089,11052021760,1,2026-07-31 02:21:01,3,2,"{7,24,24,24,24,24,24,24,24,24,23,24,24,24,24,24,24,24,24,23,25,24,24,24,25,24,24,26,24,24,24}","{17,60,62,59,53,65,38,56,49,64,48,53,46,52,53,53,45,60,71,61,61,53,51,59,46,35,63,64,65,73,69}","Пропавшие / Missing / Сезон: 1 / Серии: 1-15 из 15 (Фэнфэй Хуан) [2018, Сингапур, драма, WEBRip] Dub (Suspense) + Original"
6809403,2,17362937,580A3B49CBA97F3C35E482A99CB946801FC56834,12928079357,1,2026-07-31 02:21:01,9,1,"{7,24,24,24,24,24,24,24,24,24,23,24,24,24,24,24,24,24,24,23,25,24,24,24,25,24,24,26,24,24,24}","{46,178,180,199,171,207,235,243,201,202,164,184,185,222,219,197,197,197,207,203,191,168,168,205,198,229,265,302,207,310,289}","КиннПорш / KinnPorsche / Сезон: 1 / Серии: 1-14 из 14 (Конгкиат Кхомсири, Банчорн Ворасатари, Крисда Виттхаякхайорндет) [2022, Таиланд, боевик, криминал, мелодрама, драма, WEB-DL 1080p] MVO (RedDiamond Studio) + Original (Tha) + Sub (Eng, Ind, Kor, May, Vie, Chi)"
6812237,2,47393246,E4EDB4985692B0716D3EB05B9826CF5A4828741E,4639356202,1,2026-07-31 02:21:01,4,1,"{7,24,24,24,24,24,24,24,24,24,23,24,24,24,24,24,24,24,24,23,25,24,24,24,25,24,24,26,24,24,24}","{25,78,71,74,64,80,57,71,88,69,81,79,60,80,71,108,83,88,72,73,73,66,68,93,82,71,88,100,68,110,101}","Девушка, которую он не замечал / The Girl He Never Noticed / Сезон: 1 / Серии: 1-8 из 8 (Беатрис Чиа) [2022, Сингапур, Драма, мелодрама, WEBRip 1080p] Dub"
