topic_id,reg_time,topic_poster,info_hash,tor_size_bytes,keeping_priority,seeder_last_seen,seeders,keeper_seeders,average_seeds_count,average_seeds_sum,topic_title
280102,2,1059509,28618092BAB0FE5D75C5BA46BD748E0378DC2B49,12490766431,1,2026-07-31 02:21:01,5,1,"{7,24,24,24,24,24,24,24,24,24,23,24,24,24,24,24,24,24,24,23,25,24,24,24,25,24,24,26,24,24,24}","{33,92,92,94,82,80,75,77,88,92,81,92,98,96,97,106,105,108,112,89,93,82,80,86,94,85,93,94,88,92,82}","Восхитительная Чхун Хян / Delightful Girl Choon Hyang (Jun Ki Sang, Ji Byung Hyun) (17/17) [Корея, 2005 г., комедия, романтика, TVRip] [RAW] [KOR+Sub Rus]"
302267,2,1063912,D5BFB1F639E75FEDFD5BC03630747F95BAB850E4,17641609573,1,2026-07-31 02:21:01,2,2,"{7,24,24,24,24,24,24,24,24,24,23,24,24,24,24,24,24,24,24,23,25,24,24,24,25,24,24,26,24,24,24}","{14,66,48,54,52,56,40,44,42,59,39,57,44,41,37,42,47,50,68,55,50,47,32,48,51,53,53,42,52,54,52}","Дворец / The Imperial Household или Goong [KOR+Sub Rus] [Корея, 2006 г., комедия, мелодрама, TVRip] [24/24]"
347012,2,1063912,8A85A46FCA77FEA399E75E3B8EFA3B7502A0FB5C,14955453135,1,2026-07-31 02:21:01,2,2,"{7,24,24,24,24,24,24,24,24,24,23,24,24,24,24,24,24,24,24,23,25,24,24,24,25,24,24,26,24,24,24}","{14,105,116,119,131,130,134,87,81,83,77,63,75,103,91,91,66,94,95,106,82,83,59,70,80,78,83,77,60,70,69}","Дьявол / The Devil (20/20) [KOR+Sub Rus][Корея, 2007 г., детектив, мистика, драма, DVDRip]"
355543,2,12179,6898D48D367C98BE2BF7629B0057A246BA2F1F87,7343470451,1,2026-07-31 02:21:01,2,2,"{7,24,24,24,24,24,24,24,24,24,23,24,24,24,24,24,24,24,24,23,25,24,24,24,25,24,24,26,24,24,24}","{14,48,44,45,47,47,26,37,36,44,31,58,27,32,35,42,36,36,47,43,35,39,34,35,44,37,47,41,36,44,39}","Райское дерево / Tree of heaven (Lee Jang Soo) [10/10] [Корея, Япония, 2006 г., Драма, DTVRip] [KOR+Sub Rus] [RAW]"
385639,2,1059509,5C16B68B3F1094F7E7247C4E61ACEB51969A92A0,11811324305,2,2026-07-31 02:21:01,2,2,"{7,24,24,24,24,24,24,24,24,24,23,24,24,24,24,24,24,24,24,23,25,24,24,24,25,24,24,26,24,24,24}","{14,48,44,45,47,47,26,37,36,45,31,39,27,32,38,42,36,36,47,43,34,38,35,36,44,37,47,41,36,44,35}","Только ты / Only You (Choi Moon Suk) [16/16] [Корея, 2005 г., Романтика, драма, DVDRip] [RAW] [KOR+Sub Rus] + OST"
462787,2,1063912,3E71AADB7B194323C11889EB40D9D5A173E6D38E,1544297419,1,2026-07-31 02:21:01,3,3,"{7,24,24,24,24,24,24,24,24,24,23,24,24,24,24,24,24,24,24,23,25,24,24,24,25,24,24,26,24,24,24}","{21,72,68,69,71,71,50,63,62,68,54,63,51,56,62,66,60,60,71,66,60,59,55,60,69,61,71,67,60,68,59}","Фильмы с участием корейской группы DBSK [Корея, 2006 г., Комедия, романтика, драма, боевик, мистика, TVRip] + Sub Rus"
473728,2,523706,36C17FED9F84C3A6A66D6131355E7E3AEC4E1FFB,12356505004,1,2026-07-31 02:21:01,2,2,"{7,24,24,24,24,24,24,24,24,24,23,24,24,24,24,24,24,24,24,23,25,24,24,24,25,24,24,26,24,24,24}","{17,50,44,52,47,50,30,37,36,44,31,39,27,35,36,42,36,36,47,43,36,38,35,36,44,37,47,41,36,47,31}","Первое кафе Принц / The 1st Shop of Coffee Prince (Ли Юн-Джун) [17/17] [KOR+Sub Rus] [RAW] [Корея, 2007 г., романтическая комедия, DTVrip]"
541231,2,1014143,8F20DF0532621729AAEF0CCB952D04424A6370A8,16159338181,1,2026-07-31 02:21:01,2,2,"{7,24,24,24,24,24,24,24,24,24,23,24,24,24,24,24,24,24,24,23,25,24,24,24,25,24,24,26,24,24,24}","{14,48,44,45,47,47,26,37,36,44,31,39,27,32,34,42,36,36,47,43,35,43,35,36,44,37,47,41,36,44,39}","Весна О Даль Чжи / Dal Ja's Spring / The Spring of Oh Dal Ja (Lee Jae Sang) [Корея, 2007 г., романтическая комедия, TVRip, 22/22] [RAW] [KOR+Sub Rus]"
544989,2,1891578,BA10D5DC6A96EBB57126FD70A99B0D5AEFAF2424,1679131303,1,2026-07-31 02:21:01,3,3,"{7,24,24,24,24,24,24,24,24,24,23,24,24,24,24,24,24,24,24,23,25,24,24,24,25,24,24,26,24,24,24}","{21,72,68,69,71,71,50,61,59,68,54,63,51,56,62,66,60,60,71,66,59,59,57,60,69,61,69,67,60,68,56}","Влюбленная ведьма [3/16] / Witch Amusement / Witch Yoo Hee / A Witch in Love (Джун Ки Санг) [KOR+Sub Rus][Корея, 2007 г., комедия, романтика]"
563082,2,1933797,82BF9D6DB6FBCAC00EC67B12976FDF8B29BF1A77,11768455766,1,2026-07-31 02:21:01,3,2,"{7,24,24,24,24,24,24,24,24,24,23,24,24,24,24,24,24,24,24,23,25,24,24,24,25,24,24,26,24,24,24}","{15,62,59,57,64,65,44,54,53,45,45,54,39,47,55,57,49,50,65,59,50,40,50,43,57,50,47,62,52,59,30}","На краю радуги / Over the rainbow/Dance battle (Han Heui) (16/16) [Корея, 2006 г., драма, романтика, TVRip] [KOR+Sub Rus] [RAW]"
567108,2,786580,B0D1A9B791E42AF65AF80D3C59568E93A67F6506,11753367285,1,2026-07-31 02:21:01,2,2,"{7,24,24,24,24,24,24,24,24,24,23,24,24,24,24,24,24,24,24,23,25,24,24,24,25,24,24,26,24,24,24}","{18,68,60,55,57,64,31,40,36,44,45,55,39,44,35,55,52,51,50,50,59,48,35,36,49,47,57,41,36,47,42}","Мой любимый учитель / Hello My Teacher (16/16) [KOR+Sub Rus] [Корея,2005, Мелодрама, комедия, TVRip] [RAW]"
579453,2,273201,24A780F2B1FBB4C9A58AD2F463E05B0C3F2B4269,7343194624,1,2026-07-31 02:21:01,2,2,"{7,24,24,24,24,24,24,24,24,24,23,24,24,24,24,24,24,24,24,23,25,24,24,24,25,24,24,26,24,24,24}","{14,48,44,45,47,47,26,37,36,44,31,39,27,32,38,42,36,36,47,43,36,37,32,36,44,37,47,41,36,44,39}","Плохая семья / Bad family (10/16) (Yoo In Shik) [RAW][KOR+Sub Rus][Корея, 2006 г., комедия, DTVRip]"
614638,2,1395487,47E6F363BC355F4E7DE4FF636D0BF77EEB978678,14690468329,1,2026-07-31 02:21:01,3,3,"{7,24,24,24,24,24,24,24,24,24,23,24,24,24,24,24,24,24,24,23,25,24,24,24,25,24,24,26,24,24,24}","{22,71,68,70,71,71,53,63,65,75,57,68,59,62,61,72,63,60,71,67,69,65,65,67,73,67,75,75,64,70,73}","Мужчина и Женщина/ A Man and a Woman / Secret lovers (Kim Sang Ho) [20/20] (KOR+Sub Rus) [Корея, 2005 г., драма, TVRip] [RAW]"
623778,2,898925,F0E5D98DB7E7A8754088DD3673E5899382D16D69,230455566,1,2026-07-31 02:21:01,3,3,"{7,24,24,24,24,24,24,24,24,24,23,24,24,24,24,24,24,24,24,23,25,24,24,24,25,24,24,26,24,24,24}","{26,78,83,80,83,83,74,79,85,90,77,85,75,80,82,90,84,84,95,87,89,85,87,84,94,85,98,93,84,92,79}","Опасная любовь / Unforgettable love (DBSK Banjun Dramas) [KOR+Sub Rus][Корея, 2006 г., Драма, Комедия, Романтика, TVRip]"
677744,2,1602169,7EE714DC56C1AB443C65CADB07438220CF6BA179,11754121377,1,2026-07-31 02:21:01,2,1,"{7,24,24,24,24,24,24,24,24,24,23,24,24,24,24,24,24,24,24,23,25,24,24,24,25,24,24,26,24,24,24}","{13,52,45,61,56,56,56,45,42,60,37,47,42,49,54,67,56,39,47,59,50,49,39,43,57,49,64,70,55,54,45}","Прости, я люблю тебя / I'm Sorry, I Love You / Mianhada, Saranghanda [16/16] [RAW] [KOR+Sub Rus] [Корея, 2004 г., драма, романтика, DTVrip]"
692597,2,2662254,65C1ACA4AC9FE6F90029D8B6F4488E8F75DF7B6B,733130198,1,2026-07-31 02:21:01,3,3,"{7,24,24,24,24,24,24,24,24,24,23,24,24,24,24,24,24,24,24,23,25,24,24,24,25,24,24,26,24,24,24}","{21,72,68,69,71,67,50,63,61,68,54,63,51,56,62,66,60,60,71,81,60,60,55,60,69,61,70,67,60,68,63}","Дворец Спешл 1.5 / Goong Special 1.5 [RAW][KOR+Sub Rus][Корея, 2006 г., комедия, романтика, HDTVRip]"
710098,2,1933797,F1AEFFBFC5590CB3D19777A8F0E43E4A27674230,11756468754,1,2026-07-31 02:21:01,3,2,"{7,24,24,24,24,24,24,24,24,24,23,24,24,24,24,24,24,24,24,23,25,24,24,24,25,24,24,26,24,24,24}","{27,83,78,85,79,82,116,137,124,128,120,132,131,131,134,141,138,132,135,122,139,118,119,147,156,165,125,105,96,96,98}","Моя девушка / My Girl (Jeon Ki-sang) [16/16] [KOR+Sub Rus] [Корея, 2005 г., драма, романтика, комедия, TVRip] [RAW]"
719971,2,786580,FE34E7D25609B24420E4A4D1CED5F120372A683B,715687036,1,2026-07-31 02:21:01,3,3,"{7,24,24,24,24,24,24,24,24,24,23,24,24,24,24,24,24,24,24,23,25,24,24,24,25,24,24,26,24,24,24}","{26,80,80,79,79,80,73,77,86,90,77,87,75,80,83,90,84,84,95,89,84,84,80,84,94,85,94,93,84,92,67}","Пойдем в школу, Сан-Ду! / Let's Go to School, Sang-doo! (1/16) [KOR+Sub Rus][RAW][Корея, 2003 г., Драма комедия, романтикам, TVRip]"
721120,2,1283314,8C8C6B539E5462280F8A2DA78A213D4D5D4661EF,18371820059,1,2026-07-31 02:21:01,2,2,"{7,24,24,24,24,24,24,24,24,24,23,24,24,24,24,24,24,24,24,23,25,24,24,24,25,24,24,26,24,24,24}","{14,48,44,45,47,47,26,37,36,44,31,37,27,32,34,39,36,36,47,43,36,38,35,36,44,37,46,41,36,44,39}","Хон Гиль Дон / Hong Gil Dong / Sharp Blade Hong Gil Dong (24/24 + SP) [Корея, 2008 г., комедия, романтика, экшн, HDTVRip] [KOR+Sub Rus][RAW]"
724323,2,1947298,B6D7710D5A6B62B7256C9AC4BA68053B2BA5711D,11824896661,1,2026-07-31 02:21:01,3,2,"{7,24,24,24,24,24,24,24,24,24,23,24,24,24,24,24,24,24,24,23,25,24,24,24,25,24,24,26,24,24,24}","{21,72,68,69,71,71,50,61,60,68,54,63,51,63,57,66,60,61,71,66,61,61,54,59,69,61,70,67,60,68,53}","Скандальная столица / Capital Scandal (Han Jun-Seo/Хан Чжун Со) [16/16] [KOR+Sub Rus] [RAW] [Корея, 2007 г., драма, романтическая комедия, HDTVRip]"
731623,2,1059509,4AB55775740F5C48325564139235B8809F8928A5,14686227744,1,2026-07-31 02:21:01,2,2,"{7,24,24,24,24,24,24,24,24,24,23,24,24,24,24,24,24,24,24,23,25,24,24,24,25,24,24,26,24,24,24}","{14,48,44,45,47,47,26,37,36,44,31,39,27,32,34,39,36,36,47,43,36,37,33,36,44,37,46,41,36,44,28}","Весенний вальс / Spring Waltz / Bom-ui Wal-cheu (Yoon Suk Ho) 20/20 [Корея, 2006 г., романтика, TVRip] [RAW] [KOR+Sub Rus]"
905541,2,1014143,D23398BD0C767F1528CDBE456307B902EBE74D86,11751415547,1,2026-07-31 02:21:01,2,2,"{7,24,24,24,24,24,24,24,24,24,23,24,24,24,24,24,24,24,24,23,25,24,24,24,25,24,24,26,24,24,24}","{14,48,44,45,47,47,26,37,36,44,31,39,27,32,33,42,36,36,47,43,35,38,33,42,44,37,47,41,36,44,30}","С какой ты звезды? / Which Star Are You From/What Star Did You Come From (Pyo Min Su, Han Joo Suk) [16/16][Корея, 2006 г., драма, романтика, комедия, DVDRip][RAW][KOR+Sub Rus]"
927547,2,3025590,CB8D4CDA903001F151C85823FC7099C8E6B5CA96,8811302912,1,2026-07-31 02:21:01,3,3,"{7,24,24,24,24,24,24,24,24,24,23,24,24,24,24,24,24,24,24,23,25,24,24,24,25,24,24,26,24,24,24}","{21,72,66,77,74,86,73,81,82,87,64,63,64,71,59,76,72,75,81,74,81,75,76,80,85,77,77,85,70,86,77}","Тайна блестящего камня / Damo (Lee Jae-Gyu) [14/14][RUS, KOR][Корея, 2003 г., исторический детектив, драма, DVDRip]"
964020,2,1933797,5F8DD04FED0A66AFC142E68A75264E8934AB90FD,14694084200,1,2026-07-31 02:21:01,3,3,"{7,24,24,24,24,24,24,24,24,24,23,24,24,24,24,24,24,24,24,23,25,24,24,24,25,24,24,26,24,24,24}","{22,71,67,69,71,77,57,63,66,75,57,68,59,58,61,69,63,60,73,67,68,67,66,67,74,68,74,77,62,70,61}","Влюблённые / Lovers [20/20] (Shin Woo Chul) [Корея, 2006 г., драма, романтика, комедия, TVRip][KOR+Sub Rus][RAW]"
1014431,2,506419,439201E6D1665240B8273E8DDDE24D037DA8C0EC,1633646323,1,2026-07-31 02:21:01,3,3,"{7,24,24,24,24,24,24,24,24,24,23,24,24,24,24,24,24,24,24,23,25,24,24,24,25,24,24,26,24,24,24}","{21,72,68,69,71,71,50,61,60,68,54,63,51,56,62,63,54,60,71,66,60,60,57,60,69,61,71,67,60,68,63}","Первая любовь / First Love и Незваный гость / Uninvited Guest (Banjun Drama с участием DBSK) [Корея, 2006 г., комедия, романтика, TVRip][KOR+Sub Rus]"
1024159,2,3003640,4E1023BE216AEBAC7E495735A26E6EF95CE192D5,5881929213,1,2026-07-31 02:21:01,3,2,"{7,24,24,24,24,24,24,24,24,24,23,24,24,24,24,24,24,24,24,23,25,24,24,24,25,24,24,26,24,24,24}","{21,72,68,69,71,74,50,63,61,68,56,61,54,56,51,75,62,59,71,67,61,60,59,60,72,67,76,70,60,71,55}","Белоснежка / Snow White (Lee Jae Sang) [16/16] [Корея, 2004 г., комедийная мелодрама, TVRip][RAW] [KOR+Sub Rus]"
1038350,2,2666114,77F76327619ED2AF47375AC925A338A87629E74E,11749165498,1,2026-07-31 02:21:01,4,1,"{7,24,24,24,24,24,24,24,24,24,23,24,24,24,24,24,24,24,24,23,25,24,24,24,25,24,24,26,24,24,24}","{33,129,110,126,132,136,106,109,97,90,81,87,110,103,107,104,106,103,102,124,120,133,137,127,113,106,128,139,134,106,108}","Время Пса и Волка / Time of Dog and Wolf (16/16) (Kim Jin Min) [Корея, 2007 г., боевик, романтика, HDTVRip][KOR+Sub Rus][RAW]"
1062501,2,2666114,26D940793EA447CAC0BB275A04F4252271B62753,11746963632,1,2026-07-31 02:21:01,2,2,"{7,24,24,24,24,24,24,24,24,24,23,24,24,24,24,24,24,24,24,23,25,24,24,24,25,24,24,26,24,24,24}","{14,48,44,48,47,70,61,37,36,56,38,44,27,37,37,44,38,38,47,43,35,37,33,36,44,37,45,41,36,44,32}","Любовь, которая убивает / A Love to Kill (16/16) (Kim Kyu Tae) [Корея, 2005 г., драма, TVRip] [KOR+Sub Rus] [RAW]"
1079386,2,1602169,ECA54D400775237855E56BEE5A65ACDC7615A8B4,13984000780,1,2026-07-31 02:21:01,2,2,"{7,24,24,24,24,24,24,24,24,24,23,24,24,24,24,24,24,24,24,23,25,24,24,24,25,24,24,26,24,24,24}","{14,51,50,51,55,66,26,37,36,44,35,39,27,32,36,43,36,36,47,43,35,37,36,37,44,37,45,41,38,44,36}","Иль Чжи Мэ / Iljimae / Il Ji-Mae: The Phantom Thief [20/20] [KOR+Sub Rus] [Корея, 2008 г., историческая драма, детектив, романтика, экшен, HDTVRip] [RAW]"
1139812,2,2368654,7BFCB9E603E0A1AE007C4C183D0A0D4C1AA1435F,2205592001,1,2026-07-31 02:21:01,2,2,"{7,24,24,24,24,24,24,24,24,24,23,24,24,24,24,24,24,24,24,23,25,24,24,24,25,24,24,26,24,24,24}","{14,48,44,45,47,47,26,37,36,44,31,37,27,32,34,42,36,36,47,43,36,37,34,36,44,37,47,41,36,44,33}","Супер-Новичок / Super Rookie / Sin-ip Sa-won / Суперновичок (Han Heui ) [6/20] [KOR+Sub Rus] [Корея, 2005 г., комедия, драма, мелодрама, TVRip] [RAW]"
1149526,2,493531,79E8005B32478C948C579612805A32A6DE66FF48,11749631212,1,2026-07-31 02:21:01,2,2,"{7,24,24,24,24,24,24,24,24,24,23,24,24,24,24,24,24,24,24,23,25,24,24,24,25,24,24,26,24,24,24}","{14,48,46,46,52,47,27,41,40,45,31,48,51,56,59,66,58,36,47,43,36,37,33,36,44,37,46,41,36,44,39}","Виноградарь / The Vineyard Man (16/16) [Корея, 2006 г., романтическая комедия, DTVRip] [RAW] [KOR+Sub Rus]"
1191668,2,3003640,0FE93220DB70C1C7D7AC1369CC2DB04EA65D6075,14685030298,1,2026-07-31 02:21:01,2,2,"{7,24,24,24,24,24,24,24,24,24,23,24,24,24,24,24,24,24,24,23,25,24,24,24,25,24,24,26,24,24,24}","{19,66,44,61,55,47,26,37,41,44,31,39,27,52,34,42,36,36,47,43,36,37,34,36,44,37,47,41,36,44,30}","Воспоминания о Бали / What Happened in Bali / Bal-li-e-seo Saeng-kin il (Choi Moon Suk) [Корея, 2004 г., драма, TVRip] [RAW] [KOR+Sub Rus] [20]"
1194350,2,595138,0A1E8CE296F2862E875F65E83688AF406C5F4469,39867655092,1,2026-07-31 02:21:01,3,2,"{7,24,24,24,24,24,24,24,24,24,23,24,24,24,24,24,24,24,24,23,25,24,24,24,25,24,24,26,24,24,24}","{21,73,68,70,71,71,58,77,84,90,76,87,71,80,88,88,68,50,71,66,62,61,77,82,91,87,98,95,84,92,81}","К востоку от рая / East Of Eden [56/56] [RAW] [KOR+Sub Rus] [Корея, 2008 г., драма, HDTVRip]"
1196282,2,595138,B2E6580E3727182EEF906BEB5CCC8B5E994B861C,10903185250,1,2026-07-31 02:21:01,3,3,"{7,24,24,24,24,24,24,24,24,24,23,24,24,24,24,24,24,24,24,23,25,24,24,24,25,24,24,26,24,24,24}","{21,72,68,69,71,71,50,61,60,68,54,63,51,56,58,66,60,60,71,66,60,60,57,60,69,61,70,67,60,68,49}","Пойдем в школу, Сан-Ду! / Let's Go to School, Sang-doo! [Корея, 2003 г., драма, романтика, TVRip][2-16/16] [RAW] [KOR+Sub Rus]"
1201269,2,5186130,3B8AB9C500C192BCAA94B2AD369AC8F091D8F244,423989500,1,2026-07-31 02:21:01,3,3,"{7,24,24,24,24,24,24,24,24,24,23,24,24,24,24,24,24,24,24,23,25,24,24,24,25,24,24,26,24,24,24}","{26,80,80,79,79,80,73,77,85,90,77,87,75,80,80,90,84,84,95,89,84,81,82,84,94,85,95,93,84,92,69}","Опасная любовь / Dangerous Love [RUS] [Корея, 2006, комедия, мистика, TVRip]"
1203949,2,2287766,6DE4C6C1A4E603B0FAE78789809A0174DF6F5802,13212184685,1,2026-07-31 02:21:01,3,2,"{7,24,24,24,24,24,24,24,24,24,23,24,24,24,24,24,24,24,24,23,25,24,24,24,25,24,24,26,24,24,24}","{21,72,63,66,71,65,33,37,36,44,31,39,27,32,34,42,36,36,47,43,39,56,54,50,69,61,71,60,52,59,42}","Возмутительные женщины / Rude Women / Outrageous Women [18/18] [Корея, 2006 г., Романтика, TVRip][RAW][KOR+Sub Rus]"
1213804,2,3716892,F62F539978AE07B345E1A69335DC56203FD90647,11749978856,1,2026-07-31 02:21:01,3,2,"{7,24,24,24,24,24,24,24,24,24,23,24,24,24,24,24,24,24,24,23,25,24,24,24,25,24,24,26,24,24,24}","{21,72,57,45,47,47,26,37,36,44,31,39,27,32,35,42,36,36,47,43,35,38,34,36,44,37,49,41,36,44,25}","Безумная парочка / Fantasy Couple [16/16] [Корея, 2006 г., комедия, романтика, DTVRip] [KOR+Sub Rus] [RAW]"
1217880,2,1602169,A550EFA04902C0A591A3D52629A2A7C1015056E5,2944922630,1,2026-07-31 02:21:01,2,2,"{7,24,24,24,24,24,24,24,24,24,23,24,24,24,24,24,24,24,24,23,25,24,24,24,25,24,24,26,24,24,24}","{14,48,44,45,47,47,26,37,36,44,31,39,27,32,34,42,36,36,47,43,36,37,33,36,44,37,47,41,36,44,39}","Если любить... как они / If in love... like them / Perhaps Love / A Special Promise [Корея, 2007 г., драма, романтика, TVRip] [RAW] [KOR+Sub Rus] [4/4]"
1243989,2,595138,0A59200B2B44221651F99EAB4438A6F083020E58,16162293439,1,2026-07-31 02:21:01,2,1,"{7,24,24,24,24,24,24,24,24,24,23,24,24,24,24,24,24,24,24,23,25,24,24,24,25,24,24,26,24,24,24}","{21,75,71,74,75,75,61,70,71,78,62,74,67,71,72,76,67,66,79,80,74,72,67,71,78,73,82,84,75,79,59}","Зелёная роза / Green rose (Kim Soo Ryong, Kim Jin Geun) [22/22] [KOR+Sub Rus] [Корея, 2005 г., драма, TVRip] [RAW]"
1262653,2,679047,FE17607DA401ECD42FC73415175B5CE55C18CFC5,19078305566,1,2026-07-31 02:21:01,2,2,"{7,24,24,24,24,24,24,24,24,24,23,24,24,24,24,24,24,24,24,23,25,24,24,24,25,24,24,26,24,24,24}","{16,57,51,57,58,78,60,51,49,53,43,52,63,90,58,57,47,54,48,78,59,45,49,47,55,48,79,74,51,60,54}","Что-то около 1% / Something about 1% / 1% of Anything / One Percent of Anything (Jang Geun-soo) [26/26] (RAW)[KOR+Sub Rus] [Корея, 2003 г., комедия, романтика, TVRip]"
1282967,2,595138,AC9C9D08AF8D113C561267C192DDC3408FF5EDFF,11795191342,1,2026-07-31 02:21:01,3,2,"{7,24,24,24,24,24,24,24,24,24,23,24,24,24,24,24,24,24,24,23,25,24,24,24,25,24,24,26,24,24,24}","{21,72,68,69,71,69,49,64,85,87,54,63,51,55,58,65,55,48,68,64,58,60,56,59,67,61,69,67,60,68,55}","Привет, мисс! / Привет, детка! / Hello! Miss / Hello! Baby [16/16] [RAW] [KOR+Sub Rus] [Корея, комедия, романтика, TVRip]"
1319374,2,2878684,9EA3DC6D1E8EA59D5A12D698EC57F2A9988BD396,7347276558,1,2026-07-31 02:21:01,2,2,"{7,24,24,24,24,24,24,24,24,24,23,24,24,24,24,24,24,24,24,23,25,24,24,24,25,24,24,26,24,24,24}","{14,48,44,45,47,47,26,37,39,54,31,39,27,32,37,42,36,36,47,43,36,38,33,35,44,37,51,57,46,45,32}","Меня зовут Ким Сам-Сун / My Name is Kim Sam Soon [10/16] [Корея, 2005 г., комедия, романтика, DTVRip] (RAW) [KOR+Sub Rus]"
1353653,2,1241105,7BAD8D1EEF39FB1BB97812AD43159C6337F17137,5877029109,1,2026-07-31 02:21:01,2,2,"{7,24,24,24,24,24,24,24,24,24,23,24,24,24,24,24,24,24,24,23,25,24,24,24,25,24,24,26,24,24,24}","{14,48,44,45,47,47,26,37,36,44,31,39,27,32,34,42,36,36,47,43,40,39,35,36,44,37,47,41,36,44,34}","Легенда о четырех Стражах / Tae Wang Sa Shin Gi / The Legend (Yoon Sang Ho, Kim Jong Hak) [8/24][KOR+Sub Rus][RAW][Корея, 2007 г., Историческая драма, притча, фэнтези, TVRip]"
1356429,2,595138,F3E8CB5E6691031F157DECCFB91CD22C782BB273,17621183347,1,2026-07-31 02:21:01,2,1,"{7,24,24,24,24,24,24,24,24,24,23,24,24,24,24,24,24,24,24,23,25,24,24,24,25,24,24,26,24,24,24}","{25,74,80,81,77,71,60,77,73,91,83,79,58,61,80,82,68,70,102,90,60,65,80,82,80,83,88,82,80,76,83}","Ва-банк / All In [24/24][Корея, 2003 г., Драма, Романтика, Криминал, TVRip][KOR+Sub Rus][RAW]"
1377345,2,315166,D1E98AAA4970F793E664E33FCBB919D77EBF6EF0,449555234,1,2026-07-31 02:21:01,3,3,"{7,24,24,24,24,24,24,24,24,24,23,24,24,24,24,24,24,24,24,23,25,24,24,24,25,24,24,26,24,24,24}","{26,80,80,79,79,80,73,79,85,90,77,87,75,80,82,90,84,84,95,89,85,81,78,84,94,85,95,93,84,92,78}","Разворот / U-turn (Чан Чжин / Jang Jin) [Корея, 2008 г., Минидрама, комедия, романтика, HDTVRip] [RAW] [KOR+Sub Rus] [4/4]"
1419881,2,315166,DEF39BCD9430B11E16993B81FAFFB1C115B7DD95,696301084,1,2026-07-31 02:21:01,3,3,"{7,24,24,24,24,24,24,24,24,24,23,24,24,24,24,24,24,24,24,23,25,24,24,24,25,24,24,26,24,24,24}","{25,79,67,73,73,75,63,63,77,85,69,75,56,63,76,80,77,74,80,79,69,74,83,83,90,85,78,81,76,86,72}","Зимняя история / Music drama: Winter story [RAW] [KOR+Sub Rus] [Корея, 2006 г., Мелодрама, боевик, романтика, музыкальная драма, HDTVRip]"
1444938,2,595138,5C61CAE23005E235640CD53272011727038BD1A2,4994573867,1,2026-07-31 02:21:01,4,1,"{7,24,24,24,24,24,24,24,24,24,23,24,24,24,24,24,24,24,24,23,25,24,24,24,25,24,24,26,24,24,24}","{28,96,83,94,99,95,77,79,70,90,78,87,78,79,81,88,84,80,75,89,88,88,87,93,103,97,95,106,94,87,81}","Плохая семья / Bad Family (Yoo In Shik) [16/16] [RAW][KOR+Sub Rus][Корея, 2006 г., комедия, романтика, TVRip]"
1448577,2,595138,75B0424837B7062896F14C399D8563EEC277E1EE,7705833100,1,2026-07-31 02:21:01,2,2,"{7,24,24,24,24,24,24,24,24,24,23,24,24,24,24,24,24,24,24,23,25,24,24,24,25,24,24,26,24,24,24}","{15,51,45,50,47,48,29,38,40,51,34,44,33,34,38,46,39,36,47,44,44,43,42,41,49,42,51,50,38,46,30}","Грустная история любви / Грустная песня любви / Sad Love Story (Sad Love Song) [20/20][KOR+Sub Rus][Корея, 2005 г., драма, TVRip]"
1448728,2,1933797,33B8DE8EB8ABAB3F592311DF494653D13BCE6FA7,17462369280,1,2026-07-31 02:21:01,2,2,"{7,24,24,24,24,24,24,24,24,24,23,24,24,24,24,24,24,24,24,23,25,24,24,24,25,24,24,26,24,24,24}","{14,48,44,67,71,71,57,53,60,55,51,61,27,32,34,42,36,36,47,43,35,38,35,36,44,37,47,46,36,44,29}","Цветочки после ягодок / Boys over flowers [25/25] (Jeon Ki-sang) [Корея, 2009 г., драма, романтика, комедия, TVRip] [KOR+Sub Rus] [RAW]"
1578776,2,595138,19E4DFEC0EDA2D92AFE02F5FC62798E0D2CDC1CA,28716378546,1,2026-07-31 02:21:01,2,2,"{7,24,24,24,24,24,24,24,24,24,23,24,24,24,24,24,24,24,24,23,25,24,24,24,25,24,24,26,24,24,24}","{14,48,44,45,47,47,26,37,36,44,31,39,27,32,38,42,31,36,47,43,36,37,35,36,44,37,47,41,36,44,39}","Феникс / Phoenix / The Fire Bird (Oh Kyung Hoon) (26/26) [RAW] [RUS(int)] [Корея, 2004 г., драма, романтика, TVRip]"
1622524,2,806380,B8C0ABD0A2DBE224EFA997743BC503762B8368CC,11745366044,1,2026-07-31 02:21:01,3,2,"{7,24,24,24,24,24,24,24,24,24,23,24,24,24,24,24,24,24,24,23,25,24,24,24,25,24,24,26,24,24,24}","{20,59,57,56,70,59,35,43,56,61,40,62,44,43,41,51,48,49,53,55,47,52,73,70,79,82,74,74,68,88,71}","Полный Дом / Full House (Pyo Min Su)[16 из 16][RAW][KOR+Sub Rus][Корея, 2004, романтическая комедия, TVRip]"
1636902,2,6861747,4BFF514C1A2498259829506C58C95DCF7EDB9D9F,14063056686,1,2026-07-31 02:21:01,2,2,"{7,24,24,24,24,24,24,24,24,24,23,24,24,24,24,24,24,24,24,23,25,24,24,24,25,24,24,26,24,24,24}","{14,48,44,45,47,47,26,37,36,44,31,39,27,32,34,42,36,36,47,43,35,37,34,36,44,37,46,41,36,44,39}","Каин и Авель / Cain and Abel / Kaingwa Abel (Ким Хён Сик/Kim Hyeong Sik) [20/20] [RAW] [KOR+Sub Rus] [Корея, 2009 г., Драма, боевик, TVRip]"
1639298,2,3245293,E8C0884421D06BAA2D030C41AF0BF382F76B1FBA,10281912335,1,2026-07-31 02:21:01,2,2,"{7,24,24,24,24,24,24,24,24,24,23,24,24,24,24,24,24,24,24,23,25,24,24,24,25,24,24,26,24,24,24}","{14,48,44,45,47,47,26,37,36,44,31,39,27,37,37,42,36,36,47,43,36,38,33,36,43,37,46,41,36,44,37}","Пойдем на пляж / Let's Go To The Beach (Lee Seung-ryeol) [14/14] [Корея, 2005 г., комедия, драма, романтика, TVRip] [RAW] [KOR+Sub Rus]"
1653423,2,1810760,A58E29DA069B2DF8F0B1D814CFAACC80E3779D83,11748773297,1,2026-07-31 02:21:01,3,3,"{7,24,24,24,24,24,24,24,24,24,23,24,24,24,24,24,24,24,24,23,25,24,24,24,25,24,24,26,24,24,24}","{21,72,68,69,71,71,50,61,60,68,54,87,52,56,59,63,60,60,71,66,60,58,58,60,69,61,70,67,60,68,63}","Один прекрасный день / One Fine Day (Sin Hyeon Chang) (16/16) [Корея, 2006 г., романтика, мелодрама, TVRip][RAW][KOR+Sub Rus]"
1677824,2,595138,026F6194EC12ED1192764937D73AA132208ED84C,19514257408,1,2026-07-31 02:21:01,3,3,"{7,24,24,24,24,24,24,24,24,24,23,24,24,24,24,24,24,24,24,23,25,24,24,24,25,24,24,26,24,24,24}","{21,72,68,69,71,71,50,61,60,68,54,61,51,56,59,66,60,60,71,66,61,60,58,60,69,61,71,67,60,68,54}","Все о Еве / All about Eve (20/20)[RAW][RUS(int)][Корея, 2000 г., драма, романтика, TVRip]"
1680026,2,3024566,F5ACB01DE2267C4DB0CA213807C85E0726D74FE6,3670746170,1,2026-07-31 02:21:01,2,2,"{7,24,24,24,24,24,24,24,24,24,23,24,24,24,24,24,24,24,24,23,25,24,24,24,25,24,24,26,24,24,24}","{14,48,44,45,47,47,26,37,36,44,31,39,31,33,38,42,36,36,47,43,35,39,34,36,44,37,46,41,36,44,39}","Осень в моем сердце / Gaeul donghwa / Autumn in My Heart (5 из 16) [Корея, 2003, Драма, TVRip] [RAW] [KOR+Sub Rus]"
1729030,2,6371348,2B4D094EB220087BD469D300EDAFFB3B52E35427,11744215448,1,2026-07-31 02:21:01,2,2,"{7,24,24,24,24,24,24,24,24,24,23,24,24,24,24,24,24,24,24,23,25,24,24,24,25,24,24,26,24,24,24}","{14,48,44,45,52,47,26,37,36,44,42,39,27,38,35,42,36,36,48,43,36,39,33,36,44,37,47,41,36,57,39}","Мы - победим! / O! Pil-seung Bong Soon-yeong (Ji Young Soo) [16/16][Корея, 2004 г., комедия, драма, романтика, TVRip][KOR+Sub Rus][RAW]"
1731641,2,595138,5D81BE1B0ED012145C555FF52D4E57A284F9A599,11754843340,1,2026-07-31 02:21:01,3,3,"{7,24,24,24,24,24,24,24,24,24,23,24,24,24,24,24,24,24,24,23,25,24,24,24,25,24,24,26,24,24,24}","{21,72,68,69,71,71,51,63,60,68,54,63,51,61,58,66,60,60,71,66,60,59,56,60,69,61,70,67,60,68,48}","Одержимые любовью / Loveholic (Lee Gun Joon, Moon Joon Ha, Kim Kyu Tae) [16/16] [RAW] [KOR+Sub Rus][Корея, TVRip, 2005, драма]"
1738677,2,7963939,2B4AE3947CD778B29AE5FFA69AC99CAFB0791DB7,11685301807,1,2026-07-31 02:21:01,2,1,"{7,24,24,24,24,24,24,24,24,24,23,24,24,24,24,24,24,24,24,23,25,24,24,24,25,24,24,26,24,24,24}","{22,78,88,77,76,84,81,77,66,73,58,69,65,72,69,77,65,58,68,84,84,71,70,65,74,61,84,91,65,75,61}","Неудачная парочка / Bad Couple (16/16) (Lee Min Woo) [Корея, 2007, комедия, романтика, TVRip] [RAW] [KOR+Sub Rus]"
1817393,2,679047,9DBCA6974443314E5C905F4CD6A687A156AD6E1C,14690482680,1,2026-07-31 02:21:01,2,2,"{7,24,24,24,24,24,24,24,24,24,23,24,24,24,24,24,24,24,24,23,25,24,24,24,25,24,24,26,24,24,24}","{14,48,44,45,47,47,26,37,36,44,31,39,28,36,35,42,36,36,47,43,36,38,32,36,44,37,47,41,36,44,39}","Мой милый шпион / Sweet spy / Talcoman Supai (Го Дон Сун / Go Dong Sun) [20/20][RAW][KOR+Sub Rus] [Корея, 2005 г., комедия, романтика, детектив, шпионский боевик, TVRip]"
1823738,2,7928328,151E96E8D3FF8888513DE193C69EB35273DD77D6,11750873608,1,2026-07-31 02:21:01,2,2,"{7,24,24,24,24,24,24,24,24,24,23,24,24,24,24,24,24,24,24,23,25,24,24,24,25,24,24,26,24,24,24}","{14,48,44,45,47,47,26,37,36,44,31,39,27,37,34,42,36,36,47,43,36,38,33,45,46,44,47,41,36,44,39}","Эта удивительная жизнь / Wonderful Life [16/16] (Lee Chang Han, Jo Soo Won) [KOR+Sub Rus] [Корея, 2005 г., комедия, романтика, семья, драма, TVRip][RAW]"
1831513,2,1602169,E8FD70E58A6FA9BF55B50677106B99B9C95A98E6,12966098369,1,2026-07-31 02:21:01,3,2,"{7,24,24,24,24,24,24,24,24,24,23,24,24,24,24,24,24,24,24,23,25,24,24,24,25,24,24,26,24,24,24}","{17,59,59,60,63,63,45,67,47,64,44,59,48,44,51,58,54,48,60,53,48,54,46,46,57,47,57,57,53,58,44}","Вирус Бетховена / Beethoven Virus (Lee Jae Kyu / Ли Чжэ Гю) [18/18] [Корея, 2008 г., драма, комедия, романтика, классическая музыка, HDTVRip] [RAW] [KOR+Sub]"
1836895,2,1602169,C5BE7B21FC14DB9239CE911BBA0DE19E19DEA846,10006484381,1,2026-07-31 02:21:01,2,1,"{7,24,24,24,24,24,24,24,24,24,23,24,24,24,24,24,24,24,24,23,25,24,24,24,25,24,24,26,24,24,24}","{23,72,68,70,73,70,55,61,68,71,56,64,60,65,64,81,65,53,52,78,82,59,68,68,77,53,63,61,64,72,59}","Ли Сан - Король Чончжо / Yi San - King Jeong Jo / Lee San, Wind of the Palace (Lee Byung Hoon, Kim Geun Hong) [14/77] [Корея, 2007-2008 г., историческая драма, HDTVRip] [RAW] [KOR+Sub Rus]"
1852202,8,595138,2A20E30F048E1805BEAB1E66562650D3A841AE40,11752507121,1,2026-07-31 02:21:01,2,2,"{7,24,24,24,24,24,24,24,24,24,23,24,24,24,24,24,24,24,24,23,25,24,24,24,25,24,24,26,24,24,24}","{14,48,44,45,47,52,32,39,37,54,31,39,27,41,43,43,37,36,47,47,36,40,37,43,48,40,47,43,40,45,42}","История любви в Гарварде/Love Story in Harvard (Lee Jang Soo, Lee Jin Suk) [16/16] [RAW] [Корея, KOR+Sub Rus] [мелодрама, 2004, TVRip]"
1852775,2,7928328,46BE108932CCB3205BD413F8B860D6BC8B1984CC,14691196831,1,2026-07-31 02:21:01,2,2,"{7,24,24,24,24,24,24,24,24,24,23,24,24,24,24,24,24,24,24,23,25,24,24,24,25,24,24,26,24,24,24}","{14,58,48,45,47,47,26,37,36,44,31,39,27,36,36,42,41,36,47,43,35,39,33,40,51,37,47,41,36,44,28}","Оставь последний танец мне / Save the Last Dance for Me [20/20] (Lee Sung Yol) [KOR+Sub Rus] [Корея, 2004-2005 гг., мелодрама, TVRip][RAW]"
1856861,2,7928328,7BE0EFDB4BDAF4A34E2AB44E9262201FF2DEC160,5869364375,1,2026-07-31 02:21:01,2,2,"{7,24,24,24,24,24,24,24,24,24,23,24,24,24,24,24,24,24,24,23,25,24,24,24,25,24,24,26,24,24,24}","{14,48,44,46,49,47,26,37,36,44,31,39,27,32,35,42,36,37,47,43,36,37,35,36,44,42,47,41,36,44,39}","Легенды родного города / Hometown Legends / [8/8] [KOR+Sub Rus] (Kwak Jung Hwan, Lee Min Hong, Kim Jung Min, Kim Yong Soo, Lee Jung Sub Rus) [Корея, 2008 г., ужасы, TVRip] [RAW]"
1882713,2,4268452,7B4045141A9DBA3481E77440D580182D6595D5F8,11502092384,1,2026-07-31 02:21:01,2,2,"{7,24,24,24,24,24,24,24,24,24,23,24,24,24,24,24,24,24,24,23,25,24,24,24,25,24,24,26,24,24,24}","{14,48,44,45,47,47,26,37,36,44,31,39,27,32,34,42,36,36,47,43,36,38,34,36,44,37,47,41,36,44,39}","Поймай Карла, О Су Чжон! / Get Karl, Oh Soo Jung! (Park Hyung Ki / Пак Хён Ки) [Корея, 2007г., комедия, романтика, TVRip] [RAW] [KOR+Sub Rus] [16/16]"
1888515,2,1427435,70CAE4CE32EFF291FA2F59EBAB4C703D2B66DF97,6603569959,1,2026-07-31 02:21:01,3,2,"{7,24,24,24,24,24,24,24,24,24,23,24,24,24,24,24,24,24,24,23,25,24,24,24,25,24,24,26,24,24,24}","{25,73,72,69,70,71,55,63,64,70,63,65,51,57,64,68,60,68,76,66,70,74,60,68,86,73,74,70,72,88,68}","Уличный боец / Fight (8 из 8+special) (Park Jung Woo)[Корея, 2008, экшн, TVRip] (RAW) [KOR+Sub Rus]"
1902610,2,6218694,889AB0C50E53DE6AFCCB0DA36E8CAA0EEAC8116E,1468284629,1,2026-07-31 02:21:01,2,2,"{7,24,24,24,24,24,24,24,24,24,23,24,24,24,24,24,24,24,24,23,25,24,24,24,25,24,24,26,24,24,24}","{17,49,44,45,47,49,29,37,40,51,43,50,38,35,36,45,38,36,48,43,37,42,35,38,44,39,48,41,36,46,35}","Невеста из Ханоя / Hanoi Bride [2/2] [RAW][KOR+Sub Rus] [Корея, 2005 г., романтика, TVRip]"
1913884,2,458589,F107D74BA765C44CAD014E9F072529246FDBCB08,39651432914,1,2026-07-31 02:21:01,3,3,"{7,24,24,24,24,24,24,24,24,24,23,24,24,24,24,24,24,24,24,23,25,24,24,24,25,24,24,26,24,24,24}","{21,72,68,69,71,71,50,61,60,68,54,63,51,56,62,66,54,60,71,66,61,57,57,60,69,61,70,67,60,68,63}","Сеул 1945 / Seoul 1945 [55/71] [Корея, 2006 г., историческая, военная мелодрама, TVRip] [KOR+Sub Rus]"
1932731,2,2287766,B4A0574DE98B22ED5205D0DF1EC7EF6671157E85,7767429070,1,2026-07-31 02:21:01,3,3,"{7,24,24,24,24,24,24,24,24,24,23,24,24,24,24,24,24,24,24,23,25,24,24,24,25,24,24,26,24,24,24}","{21,72,68,69,71,71,50,64,62,68,54,63,51,56,62,66,55,60,71,66,59,57,58,59,69,61,70,67,60,68,63}","Аукционный дом / Auction House [12/12] [KOR+Sub Rus] [RAW] [Корея, 2007 г., драма, TVRip]"
1935318,2,595138,EB0226E079A17130FB70F7D92F7AE4D027B5D676,14665856183,1,2026-07-31 02:21:01,2,2,"{7,24,24,24,24,24,24,24,24,24,23,24,24,24,24,24,24,24,24,23,25,24,24,24,25,24,24,26,24,24,24}","{14,48,44,45,47,47,26,37,36,44,32,39,27,35,36,42,36,36,47,43,36,37,35,42,44,37,47,41,36,44,27}","Тысяча лет любви / Thousand Years of Love [20/20] [RAW] [KOR+Sub Rus] [Корея, 2003 г., мелодрама, фэнтези, TVRip]"
1938132,2,6425071,B49112137DDA14CB4349D8C97FF345FE4DD7B3BF,12483785470,2,2026-07-31 02:21:01,3,3,"{7,24,24,24,24,24,24,24,24,24,23,24,24,24,24,24,24,24,24,23,25,24,24,24,25,24,24,26,24,24,24}","{21,72,68,69,71,71,50,61,60,68,54,63,51,56,69,69,60,60,71,66,59,60,56,60,69,61,70,67,60,68,59}","Фестиваль фейерверков / Exhibition of Fireworks [17/17] [KOR+Sub Rus] [Корея, мелодрама, 2006, TVRip]"
1938191,2,595138,E69792138683E028E98218AA27E75BB04AF186C6,2723073654,1,2026-07-31 02:21:01,2,2,"{7,24,24,24,24,24,24,24,24,24,23,24,24,24,24,24,24,24,24,23,25,24,24,24,25,24,24,26,24,24,24}","{14,48,44,45,47,47,26,46,36,44,31,39,27,32,34,42,36,36,47,43,35,38,34,36,44,37,47,41,36,44,39}","Зимняя соната / Winter Sonata(Yun Seok Ho, Lee Hyung Min) [04/20][KOR+Sub Rus] [Корея, 2002 г., драма, TVRip]"
1956014,2,595138,BA7EED82D9DB343733CDE97EBF40BF7E9FD93843,14677593440,1,2026-07-31 02:21:01,2,2,"{7,24,24,24,24,24,24,24,24,24,23,24,24,24,24,24,24,24,24,23,25,24,24,24,25,24,24,26,24,24,24}","{14,48,44,45,47,70,46,57,39,47,35,39,42,49,45,43,41,36,50,67,61,50,41,47,44,37,64,66,55,46,39}","Аромат лета / Summer Scent (Yoon Suk Ho) [20/20] [RAW] [KOR+Sub Rus] [Корея, 2003 г., мелодрама, TVRip]"
1991647,2,595138,C92E69A946599E1DE7573251B795841AA2E5B07A,44012133723,1,2026-07-31 02:21:01,3,2,"{7,24,24,24,24,24,24,24,24,24,23,24,24,24,24,24,24,24,24,23,25,24,24,24,25,24,24,26,24,24,24}","{21,72,68,69,71,71,50,61,60,68,54,65,66,57,60,67,60,60,71,66,60,59,56,59,69,61,71,68,60,68,54}","Золотая Невеста / Golden Bride (Woon Goon Il) [64/64][KOR+Sub Rus] [Корея, 2007-2008 г., драма, TVRip]"
2000153,2,1602169,70311F1EDAF25218B027A5B7552595FA517F72D1,9707050867,1,2026-07-31 02:21:01,2,2,"{7,24,24,24,24,24,24,24,24,24,23,24,24,24,24,24,24,24,24,23,25,24,24,24,25,24,24,26,24,24,24}","{14,48,44,49,47,47,26,48,36,44,31,44,39,32,34,58,36,36,47,64,35,43,33,38,44,44,61,41,36,49,39}","Летопись Трёх Царств: Повесть о Чумоне / The Book of Three Han: The Chapter of Joo Mong / Samhanji - Jumong Pyeon (Lee Joo Hwan, Kim Geun Hong) [Корея, 2006-2007 г., историческая драма, HDTVRip] [RAW] [KOR+Sub Rus] [11/81]"
2000955,2,7928328,3F29CA03C510F12E775BC4B796F5B1CF54439DBC,11754650972,1,2026-07-31 02:21:01,2,2,"{7,24,24,24,24,24,24,24,24,24,23,24,24,24,24,24,24,24,24,23,25,24,24,24,25,24,24,26,24,24,24}","{14,48,44,45,47,47,26,37,36,44,31,39,27,36,34,42,36,36,47,43,35,38,35,36,44,37,45,41,39,44,39}","Моей невестке 19 лет / My Sister in Law is 19 [16/16] (Lee Chang Han) [KOR+Sub Rus] [Корея, 2004 г., драма, романтика, TVRip][RAW]"
2001157,2,595138,E12C02A3F5A8691056A2E4159E7C24954DB0E6DA,11603835782,1,2026-07-31 02:21:01,2,2,"{7,24,24,24,24,24,24,24,24,24,23,24,24,24,24,24,24,24,24,23,25,24,24,24,25,24,24,26,24,24,24}","{14,48,44,45,47,47,27,37,36,44,35,39,27,32,37,45,36,36,47,43,36,39,36,36,44,37,47,41,41,44,29}","Убежденный холостяк / The Man Who Can't Get Married [16/16][KOR+Sub Rus][RAW][Корея, 2009 г., романтическая комедия, TVRip]"
2001256,2,595138,48E400146E6905329604C4F6EFB1A789C7753EA3,14824645063,1,2026-07-31 02:21:01,2,2,"{7,24,24,24,24,24,24,24,24,24,23,24,24,24,24,24,24,24,24,23,25,24,24,24,25,24,24,26,24,24,24}","{14,66,68,69,71,71,50,61,60,68,54,63,52,59,59,66,62,60,71,66,61,57,55,61,70,61,71,69,60,68,51}","Безнадежная любовь / Bad Love [20/20][KOR+Sub Rus][RAW][Корея, 2007-2008 г., мелодрама, TVRip]"
2002946,2,7201517,AEF121B262577BD1B961CADA6A8627BCFAB71ED3,11605882532,1,2026-07-31 02:21:01,3,2,"{7,24,24,24,24,24,24,24,24,24,23,24,24,24,24,24,24,24,24,23,25,24,24,24,25,24,24,26,24,24,24}","{21,73,55,61,64,71,50,61,59,58,54,63,50,55,52,67,53,60,73,57,49,64,57,45,60,49,62,63,53,61,51}","Трое Пап и Одна Мама / Папаши / One Mom and Three Dads (Lee Jae Sang / Ли Чжэ Сан) [16/16] [RAW] [KOR+Sub Rus] [Корея, 2008, комедия, TVRip]"
2003400,2,3325751,23B68096074613ECC09F680C6F9E4C1D1B0FA687,13827476977,1,2026-07-31 02:21:01,7,1,"{7,24,24,24,24,24,24,24,24,24,23,24,24,24,24,24,24,24,24,23,25,24,24,24,25,24,24,26,24,24,24}","{37,124,124,130,143,154,151,175,166,133,151,136,155,143,129,124,122,111,113,104,114,98,100,104,112,103,121,141,113,125,106}","Убеждённый холостяк / The Man Who Can't Get Married (Kim Jung Gyu) [Корея, 2009 г., комедия, романтика, DTVRip] [RAW] [KOR+Sub Rus] [16/16]"
2009949,2,1602169,51F3582A234EEA71AE904285AE4E2176145987C8,7733125879,1,2026-07-31 02:21:01,3,3,"{7,24,24,24,24,24,24,24,24,24,23,24,24,24,24,24,24,24,24,23,25,24,24,24,25,24,24,26,24,24,24}","{21,72,69,69,71,71,50,61,61,68,54,63,51,56,62,63,60,60,71,66,60,62,58,60,69,61,69,67,60,68,61}","Царица Сондок / Queen Seon Duk / The Great Queen Seondeok / Seondeok YeoWang (Park Hong Gyung, Kim Geun Hong) [Корея, 2009 г., историческая драма, HDTVRip] [RAW] [KOR+Sub Rus] [10/62]"
2025163,2,679047,968BC57D25B651BC6A5F1855FF826197CED15A86,11585349180,1,2026-07-31 02:21:01,2,2,"{7,24,24,24,24,24,24,24,24,24,23,24,24,24,24,24,24,24,24,23,25,24,24,24,25,24,24,26,24,24,24}","{14,48,46,45,47,47,26,37,36,44,31,39,27,37,36,42,36,36,47,43,36,38,35,36,44,37,47,41,36,44,22}","Когда наступает ночь / Everyday Night / When Night Comes / When it's at night (Сон Хён-Сок) [17/17] [KOR+Sub Rus] [Корея, 2008 г., комедия, романтика, TVRip] [RAW]"
2027180,2,8361227,8B12277559697041637DE9D0252005650555C964,2588031757,1,2026-07-31 02:21:01,3,3,"{7,24,24,24,24,24,24,24,24,24,23,24,24,24,24,24,24,24,24,23,25,24,24,24,25,24,24,26,24,24,24}","{21,76,68,69,71,71,50,61,60,68,54,63,51,56,58,66,60,60,71,66,61,62,57,60,69,61,71,67,60,74,68}","Токийский дождь / Tokyo Shower [4/4] (Lee Joon Hyung) [Корея, 2008, драма, TVRip] [KOR+Sub Rus][RAW]"
2032833,2,10151067,564EE1193F46F592B400D21E5F26FD167E29C4EE,11387706530,1,2026-07-31 02:21:01,3,2,"{7,24,24,24,24,24,24,24,24,24,23,24,24,24,24,24,24,24,24,23,25,24,24,24,25,24,24,26,24,24,24}","{18,64,59,57,66,65,53,54,53,45,45,55,40,47,53,57,53,50,65,59,50,43,54,46,58,55,50,69,52,59,39}","Первая любовь принца/Prince's First Love (Lee Kwan Hee) [18/18] [Корея, 2004 год, комедия, романтика, TVRip] [RAW] [KOR+Sub Rus]"
2039852,2,8450738,B85184C22E553AEFDD80C2FDEC74A97D84AF3FB8,14690263960,1,2026-07-31 02:21:01,3,2,"{7,24,24,24,24,24,24,24,24,24,23,24,24,24,24,24,24,24,24,23,25,24,24,24,25,24,24,26,24,24,24}","{15,62,58,57,62,64,44,54,53,45,45,56,39,50,56,57,49,50,65,59,51,38,48,43,53,49,47,62,52,59,29}","Королева игры / Queen of the Game [20/20][Oh Se-kang][KOR+Sub Rus][Корея, 2006-2007г., мелодрама,TVRip]"
2040847,2,10435911,5CE5A507FFAEAFDBC4D066FB48852FA16AE29904,12521098080,1,2026-07-31 02:21:01,2,2,"{7,24,24,24,24,24,24,24,24,24,23,24,24,24,24,24,24,24,24,23,25,24,24,24,25,24,24,26,24,24,24}","{14,48,44,45,47,47,26,37,36,44,31,39,27,36,37,42,36,36,47,43,36,37,41,36,62,46,53,58,45,44,29}","Что будет, то будет! / Que Sera Sera [17/17] [RAW](Kim Yoon Chul)[KOR+Sub Rus][Корея, 2007 г., комедия, мелодрама, драма, TVRip]"
2042679,2,145347,5A26163547C354C7B805D9B5BC96CB6586F9E844,5217676917,1,2026-07-31 02:21:01,3,3,"{7,24,24,24,24,24,24,24,24,24,23,24,24,24,24,24,24,24,24,23,25,24,24,24,25,24,24,26,24,24,24}","{26,80,80,79,79,80,73,79,84,90,77,88,87,84,82,88,87,91,95,89,85,83,82,84,94,85,95,93,84,92,72}","Роман / Romance / Ro-Mang-Seu (Lee Dae Young)[10/16][RAW][KOR+Sub Rus][Корея, 2002 г., комедия, мелодрама, драма, DVDRip]"
2044146,2,10611154,A5B30FC9A1B2A1A1EC29C04379B49FA2413F386A,11621037109,1,2026-07-31 02:21:01,3,2,"{7,24,24,24,24,24,24,24,24,24,23,24,24,24,24,24,24,24,24,23,25,24,24,24,25,24,24,26,24,24,24}","{21,72,75,74,75,77,53,68,62,70,57,66,74,78,48,52,42,37,51,52,39,46,41,40,56,49,56,49,38,44,30}","Партнёры / Partner [16/16] (Hwang Eui Kyung, Kim Won Suk) [RAW][KOR+Sub Rus][Корея, 2009 г., драма, романтика, TVRip]"
2062540,2,3044047,63AB8BD1F8BA1AF5CB0E2C8992E11D8C3D48B10B,9350858752,1,2026-07-31 02:21:01,3,3,"{7,24,24,24,24,24,24,24,24,24,23,24,24,24,24,24,24,24,24,23,25,24,24,24,25,24,24,26,24,24,24}","{21,72,68,69,71,71,50,61,60,68,53,86,54,56,58,66,58,70,71,66,61,56,55,60,69,61,71,69,60,68,57}","Звезда души моей / Wish Upon A Star / Star in My Heart (Kim Ki Ho) (16/16) [RAW] [RUS(int)+KOR] [Корея, 1997 г., мелодрама, TVRip]"
2079057,2,595138,D9E90ED78AE05388EB3D18F03D9985459AC423BA,3922248589,1,2026-07-31 02:21:01,2,2,"{7,24,24,24,24,24,24,24,24,24,23,24,24,24,24,24,24,24,24,23,25,24,24,24,25,24,24,26,24,24,24}","{14,48,44,45,47,47,26,37,36,44,31,39,27,32,38,42,36,36,47,43,36,37,34,36,44,37,46,41,36,44,39}","Витражи / Stained Glass (Lee Chang Soon) [18/18][KOR+Sub Rus][Корея, 2004-2005 г., мелодрама, TVRip]"
2089012,2,595138,D3C854FB8CBECDAAC8CD0F1F61245A73C2B3BF98,11752182009,1,2026-07-31 02:21:01,3,2,"{7,24,24,24,24,24,24,24,24,24,23,24,24,24,24,24,24,24,24,23,25,24,24,24,25,24,24,26,24,24,24}","{21,72,68,69,71,62,52,61,60,52,53,61,51,58,58,66,60,60,71,66,60,61,57,60,69,61,71,71,60,68,63}","Здравствуй, Бог/ Hello God (Ji Young Soo)[16/16][KOR+Sub Rus][RAW][Корея, 2006 г., мелодрама, TVRip]"
2092159,2,10560750,B3B2969AA1E5F5225B92C0700331F019B30857C2,16789743616,1,2026-07-31 02:21:01,2,2,"{7,24,24,24,24,24,24,24,24,24,23,24,24,24,24,24,24,24,24,23,25,24,24,24,25,24,24,26,24,24,24}","{14,65,56,56,57,48,31,40,39,46,44,54,47,37,38,43,36,39,47,43,42,52,41,39,46,37,46,41,42,56,34}","Ва банк / ALL IN (Чой Ван-Гу) [24/24] [RUS] [Корея, 2003 г., драма, романтика, криминал, TVRip]"
2092761,2,595138,5C289795CEE3A67200DB3349DEFD32479D0F6182,11700901959,1,2026-07-31 02:21:01,2,2,"{7,24,24,24,24,24,24,24,24,24,23,24,24,24,24,24,24,24,24,23,25,24,24,24,25,24,24,26,24,24,24}","{14,48,55,62,47,47,26,37,36,44,31,39,27,37,35,42,36,36,47,43,36,37,34,36,44,37,47,41,36,44,32}","Зачем ты пришёл в мой дом? / Why Did You Come To Our House (Shin Yoon Sub Rus)[20/20][KOR+Sub Rus][RAW][Корея, 2008 г., романтическая комедия, TVRip]"
2092994,2,7928328,E8FD095288B609442467A28F135081199EFF3442,17474020506,1,2026-07-31 02:21:01,2,2,"{7,24,24,24,24,24,24,24,24,24,23,24,24,24,24,24,24,24,24,23,25,24,24,24,25,24,24,26,24,24,24}","{14,48,46,45,47,47,26,37,36,44,31,39,27,33,33,39,36,36,47,45,36,39,43,36,44,37,55,41,36,45,38}","Поглощённые солнцем / Swallow the Sun [25/25] (Yoo Chul Yong) [KOR+Sub Rus] [Корея, 2009 г., романтика, TVRip][RAW]"
2116642,2,2574993,F020409468C8D56B0348B5FCC6DA720D78D37C5E,3516654244,1,2026-07-31 02:21:01,3,3,"{7,24,24,24,24,24,24,24,24,24,23,24,24,24,24,24,24,24,24,23,25,24,24,24,25,24,24,26,24,24,24}","{26,80,80,79,79,80,73,77,86,90,76,85,75,80,82,90,84,84,95,89,83,81,79,84,94,85,94,93,84,92,85}","Остров Тхамна / Tamna, The Island [05/20] [RAW] (Yoon Sang Ho)[KOR+Sub Rus][Корея, 2009 г., комедия, мелодрама, исторический, TVRip]"
2151125,2,7928328,08432B1B098DBF127E566D8351E62CBBD1DAC793,14894453302,1,2026-07-31 02:21:01,2,2,"{7,24,24,24,24,24,24,24,24,24,23,24,24,24,24,24,24,24,24,23,25,24,24,24,25,24,24,26,24,24,24}","{14,48,44,48,47,47,26,37,36,44,32,45,40,38,46,43,36,36,47,43,36,38,34,36,44,37,47,41,36,44,31}","Мечта / Dream [20/20] [KOR+Sub Rus] (Baek Soo Chan) [Корея, 2009 г., спорт, романтика, TVRip] [RAW]"
2154782,2,595138,18FF2BF3BC725E06DBD9F3CCC62DF1D49CE3C7E3,3671597577,1,2026-07-31 02:21:01,2,2,"{7,24,24,24,24,24,24,24,24,24,23,24,24,24,24,24,24,24,24,23,25,24,24,24,25,24,24,26,24,24,24}","{14,48,44,50,55,54,35,53,46,51,38,41,34,32,38,42,39,40,47,48,61,38,32,44,64,40,45,41,36,44,39}","Кома / Coma (Gong Su Chang,Jo Gyu Ok, Yoon Jun Seok, Kim Jeong Gu)[05/05][RAW][KOR+Sub Rus][Корея, 2005 г., ужасы, DVDRip]"
2162698,2,1602169,D72480CEBD1EBD6DA8205D8DD3C13B922E0A1613,3167820629,1,2026-07-31 02:21:01,3,3,"{7,24,24,24,24,24,24,24,24,24,23,24,24,24,24,24,24,24,24,23,25,24,24,24,25,24,24,26,24,24,24}","{26,80,89,80,79,81,73,79,86,90,76,87,75,80,82,90,84,84,95,89,83,80,77,83,94,85,94,93,84,91,85}","Одержимая / Possessed / Hon / Soul / Spirit / Ghost (Kang Dae-Seon, Kim Sang-Ho) [04/10] [KOR+Sub Rus] [Корея, 2009 г., мистика, психологический триллер, драма, HDTVRip] [RAW]"
2163719,2,3325751,DFE3A919E8BBCF9E404F6711A50C4A55267705E9,17121615143,1,2026-07-31 02:21:01,2,2,"{7,24,24,24,24,24,24,24,24,24,23,24,24,24,24,24,24,24,24,23,25,24,24,24,25,24,24,26,24,24,24}","{14,48,44,45,47,47,26,37,36,44,31,39,27,32,34,39,36,36,47,43,35,37,33,36,44,37,47,41,36,44,39}","Сладкая жизнь / La Dolce Vita / Bittersweet Life / Dalkomhan Insaeng [24/24] (Kim Jin Min) [Корея, 2008 г., драма, HDTVRip] [RAW] [KOR+Sub Rus]"
2182628,2,1589870,2AF577372E3D9888367162BD8054833C648FFE40,11451303328,1,2026-07-31 02:21:01,2,2,"{7,24,24,24,24,24,24,24,24,24,23,24,24,24,24,24,24,24,24,23,25,24,24,24,25,24,24,26,24,24,24}","{14,48,44,45,47,47,43,61,60,48,31,39,27,32,35,42,36,36,47,43,36,38,35,36,44,40,46,41,54,69,53}","Этот дурак! / That Fool / While I Was Looking [16/16] [Корея, 2009 г., комедия, драма, романтика, TVRip] [RAW] [KOR+Sub Rus]"
2189766,2,3325751,5771C9F1513303859EEB6F22A1062D2873047463,14682189037,1,2026-07-31 02:21:01,2,2,"{7,24,24,24,24,24,24,24,24,24,23,24,24,24,24,24,24,24,24,23,25,24,24,24,25,24,24,26,24,24,24}","{14,59,44,45,47,47,26,37,43,47,31,39,36,37,39,42,36,36,47,43,36,36,34,36,44,37,47,41,36,44,34}","Всё в твоих руках / Ruler of Your Own World (Park Sung Soo) [20/20] [KOR+Sub Rus] [Корея, 2002 г., драма, романтика, DVDRip] [RAW]"
2193541,2,595138,A4BB3BB39D77DC16FEC182276E13E25FBDE0C27A,11683380055,1,2026-07-31 02:21:01,2,2,"{7,24,24,24,24,24,24,24,24,24,23,24,24,24,24,24,24,24,24,23,25,24,24,24,25,24,24,26,24,24,24}","{14,48,45,45,47,47,26,37,36,44,32,39,30,32,41,44,36,36,47,45,36,37,32,36,44,37,48,42,37,44,33}","Улыбнись снова / Smile Again (Hong Sung Chang) [Корея, 2006 г., мелодрама, TVRip] [16/16][RAW][KOR+Sub Rus]"
2195676,2,5958813,914A203DBF6B03363BB7BA20DB00CDEF03C383A0,8850819158,1,2026-07-31 02:21:01,2,2,"{7,24,24,24,24,24,24,24,24,24,23,24,24,24,24,24,24,24,24,23,25,24,24,24,25,24,24,26,24,24,24}","{14,48,44,45,47,47,26,37,36,44,31,39,27,32,34,43,43,40,55,43,35,37,35,36,44,44,47,41,36,44,39}","Бишунму: Танцующие в небесах / Bichunmoo [Yoon Sang Ho] [14/14] [Корея, 2008 год, Романтика, фэнтези, драма, DTVRip][KOR+Sub Rus] [RAW]"
2202992,2,7724978,B9B98F58510ACDC23BB78BC219B16CE8980BDA77,11962025455,1,2026-07-31 02:21:01,2,2,"{7,24,24,24,24,24,24,24,24,24,23,24,24,24,24,24,24,24,24,23,25,24,24,24,25,24,24,26,24,24,24}","{14,48,44,45,47,47,26,37,36,44,31,39,27,32,34,42,36,36,47,43,36,52,57,49,44,48,47,41,36,44,39}","Адвокаты Кореи / Lawyers of Korea [16/16] (Yoon Jae Moon) [KOR+Sub Rus][RAW][Корея, 2008г., романтика, комедия, DTVRip]"
2236269,2,8450738,C2E6B3C86D1984F19B56D831781CC73BCB30962E,14613944520,1,2026-07-31 02:21:01,2,2,"{7,24,24,24,24,24,24,24,24,24,23,24,24,24,24,24,24,24,24,23,25,24,24,24,25,24,24,26,24,24,24}","{14,48,44,45,47,47,26,37,46,45,31,39,27,33,34,42,36,36,47,43,36,37,34,36,44,37,46,41,36,44,39}","Моя любимая - звезда / Star's Lovers (Boo Sung Chul)[20/20][KOR+Sub Rus][Корея, 2008-2009г., мелодрама,TVRip]"
2264789,2,679047,A0480547FFD4CE74EA92FA87CABD5EF821069F67,2936957616,1,2026-07-31 02:21:01,2,2,"{7,24,24,24,24,24,24,24,24,24,23,24,24,24,24,24,24,24,24,23,25,24,24,24,25,24,24,26,24,24,24}","{14,48,44,45,47,47,26,37,36,44,31,39,27,32,34,42,36,36,47,43,36,37,32,36,44,37,47,41,36,44,33}","Расстаемся! / Couple breaking / Keo-peul-beu-re-king / (Ким Сан Рэ / Kim Sang Rae) [4/4][RAW][KOR+Sub Rus][Корея, 2007г., романтика, комедия TVRip]"
2268184,2,5958813,9FE4FAE52B4662CB100EF9364090FE5D4C77319F,14691103727,1,2026-07-31 02:21:01,2,2,"{7,24,24,24,24,24,24,24,24,24,23,24,24,24,24,24,24,24,24,23,25,24,24,24,25,24,24,26,24,24,24}","{17,69,44,45,53,51,32,44,36,44,30,39,35,32,33,42,39,40,52,59,54,38,35,36,44,37,59,54,40,44,34}","Влюбленные в Париже / Lovers in Paris [Shin Woo Chul] [20/20] [RAW] [KOR+Sub Rus] [Корея, 2006 год, мелодрама, TVRip]"
2277271,2,3044047,CDD2707966E59AFC853EFA49CFE8493F16A06B12,3700927875,1,2026-07-31 02:21:01,2,2,"{7,24,24,24,24,24,24,24,24,24,23,24,24,24,24,24,24,24,24,23,25,24,24,24,25,24,24,26,24,24,24}","{14,48,44,45,47,47,26,37,36,44,31,39,27,32,33,42,36,36,47,43,35,38,34,36,44,37,47,41,36,44,30}","Спасибо / Thank You (Ли Чже Дон / Lee Jae Dong) [16/16] [KOR+Sub Rus] [RAW] [Корея, 2007 г., мелодрама, романтика, TVRip]"
2287011,2,5958813,448CC4F9536CC8CF2ED72282FDAB76848804A467,6666182855,1,2026-07-31 02:21:01,3,3,"{7,24,24,24,24,24,24,24,24,24,23,24,24,24,24,24,24,24,24,23,25,24,24,24,25,24,24,26,24,24,24}","{21,72,68,69,71,71,50,61,60,68,54,63,51,56,58,66,60,60,71,66,60,58,54,60,69,61,70,67,60,68,63}","Прекрасная Ин Сун / In-Soon Is Pretty [Pyo Min Soo] [9/16] [RAW] [KOR+Sub Rus] [Корея, 2007 год, драма, TVRip]"
2295918,2,8450738,70A07B4F1FC686735A5615B0B08FE64896CE073E,11747254626,1,2026-07-31 02:21:01,2,2,"{7,24,24,24,24,24,24,24,24,24,23,24,24,24,24,24,24,24,24,23,25,24,24,24,25,24,24,26,24,24,24}","{14,48,44,45,47,47,26,37,36,44,31,39,27,32,36,42,36,36,47,43,36,37,32,36,44,37,47,41,36,44,33}","Замуж за миллионера / Marrying a millionaire [Kim Young Sup] [16/16] [KOR+Sub Rus] [Корея, 2005г., романтика, драма,DTVRip] [RAW]"
2334512,2,488030,B27ACB23DADE4560C502D1B729ECE6287E030C7B,16069428467,1,2026-07-31 02:21:01,2,2,"{7,24,24,24,24,24,24,24,24,24,23,24,24,24,24,24,24,24,24,23,25,24,24,24,25,24,24,26,24,24,24}","{14,48,56,47,47,50,39,37,36,44,31,39,34,32,34,42,36,36,47,43,36,36,34,36,44,37,46,41,36,44,39}","Айрис / IRIS (Kim Kyu Tae, Yang Yoon Ho) [20/20] [Корея, 2009 г., экшен,триллер,романтика, HDTVRip] [RAW] [KOR+Sub Rus]"
2336136,2,8244059,1B8E39B1D484E917AF6C27608E4C6EB0D1DF3EF9,14114386367,1,2026-07-31 02:21:01,2,2,"{7,24,24,24,24,24,24,24,24,24,23,24,24,24,24,24,24,24,24,23,25,24,24,24,25,24,24,26,24,24,24}","{14,48,44,45,47,47,26,37,36,44,31,39,27,35,34,42,36,36,47,43,35,38,33,36,44,37,47,41,36,44,26}","Королева домохозяек / Queen of Housewives (Go Dong Sun) [20/20] [Корея, RAW] [KOR+Sub Rus] (Корея, 2009, романтика DTVRip)"
2337327,2,6371348,8ACDE5070C83165974EFFBE928370C9CEB822D1F,11597759604,1,2026-07-31 02:21:01,2,2,"{7,24,24,24,24,24,24,24,24,24,23,24,24,24,24,24,24,24,24,23,25,24,24,24,25,24,24,26,24,24,24}","{14,54,58,66,58,64,47,79,60,59,53,61,50,51,50,57,49,43,63,62,54,57,48,57,50,45,70,71,52,62,29}","A.N.JELL: Ты прекрасен! / Ангелы / You're Beautiful / He's Beautiful / You're Handsome / Minami Shineyo (Hong Sung Chang) [16/16] [Корея, 2009 г., романтика, комедия, музыкальный, TVRip] [KOR+Sub Rus] [RAW]"
2391947,2,703376,819505A9CBA3F07DDF65306B6ACEE38465F81DDE,8814183892,1,2026-07-31 02:21:01,3,3,"{7,24,24,24,24,24,24,24,24,24,23,24,24,24,24,24,24,24,24,23,25,24,24,24,25,24,24,26,24,24,24}","{21,72,68,69,71,71,50,61,63,68,54,63,51,56,62,66,60,60,71,66,60,58,57,60,69,61,70,67,60,68,56}","Снежный цветок / Snow Flower (Lee Jong Soo) [Корея, 2006 г., мелодрама, TVRip] [12/16][RAW][KOR+Sub Rus]"
2395651,2,679047,F85E9D716BF4A786F6EFB470AB7B85CCEC607E4B,13977745834,1,2026-07-31 02:21:01,2,2,"{7,24,24,24,24,24,24,24,24,24,23,24,24,24,24,24,24,24,24,23,25,24,24,24,25,24,24,26,24,24,24}","{14,48,44,45,47,47,26,37,36,44,31,39,27,32,37,42,36,36,47,43,36,38,33,36,44,37,46,41,36,44,30}","Мэрия / The City Hall (Шин У Чхоль / Shin Woo Chul) [20/20] [RAW] [KOR+Sub Rus] [Корея, 2009 г., комедия, романтика, политика, DTVRip]"
2400140,2,488030,FB9ADFE3D44CCDEDBAC9D65111240AAD29F590F7,2194975613,1,2026-07-31 02:21:01,3,3,"{7,24,24,24,24,24,24,24,24,24,23,24,24,24,24,24,24,24,24,23,25,24,24,24,25,24,24,26,24,24,24}","{21,72,68,69,71,71,50,61,60,68,54,63,51,56,62,66,54,60,71,66,60,57,58,60,69,61,71,67,60,68,63}","Особенный Соул / Soul Special [Корея, 2009 г., романтика, TVRip] [RAW] [KOR+Sub Rus] [12/12]"
2403796,2,3325751,53DA3CA1B528810944669EAF8658A191EA130BA9,734372765,1,2026-07-31 02:21:01,3,3,"{7,24,24,24,24,24,24,24,24,24,23,24,24,24,24,24,24,24,24,23,25,24,24,24,25,24,24,26,24,24,24}","{21,72,68,69,71,69,50,61,60,68,54,63,51,56,62,66,60,60,71,66,59,63,57,60,68,61,69,67,60,68,52}","Что мне делать? / Drama City: What Should I Do? (Park Man Yeong) [Корея, 2004 г., драма, TVRip] [RAW] [KOR+Sub Rus]"
2411278,2,8450738,423A3BB7F8D22818CB3574FD2DD19B6A22D08546,11752398558,1,2026-07-31 02:21:01,2,2,"{7,24,24,24,24,24,24,24,24,24,23,24,24,24,24,24,24,24,24,23,25,24,24,24,25,24,24,26,24,24,24}","{14,48,44,45,47,47,43,61,60,48,31,39,27,32,35,42,36,36,47,43,36,37,34,36,44,40,47,41,56,69,62}","Схожу по тебе с ума / Crazy for You [16/16][KOR+Sub Rus][RAW][Корея, 2007г., мелодрама,TVRip]"
2439179,2,679047,88F08E0F8356230DAE4CD1B39E8B0493395A3017,11864873346,1,2026-07-31 02:21:01,2,2,"{7,24,24,24,24,24,24,24,24,24,23,24,24,24,24,24,24,24,24,23,25,24,24,24,25,24,24,26,24,24,24}","{14,53,61,64,58,64,30,54,54,58,47,55,41,53,52,61,53,52,68,60,52,54,50,56,62,54,63,61,53,62,47}","Непобедимая Ли Пхён Ган / Укрощение наследника / Invincible Lee Pyung Kang / Taming of the Heir (Ли Джон Соб) [16/16][RAW][KOR+Sub Rus] [Корея, 2009 г., Комедия, Романтика, TVRip]"
2448212,2,703376,5253461CA92145E8F5AD31B4286FDA47367CDD26,20881244834,1,2026-07-31 02:21:01,3,3,"{7,24,24,24,24,24,24,24,24,24,23,24,24,24,24,24,24,24,24,23,25,24,24,24,25,24,24,26,24,24,24}","{21,74,69,73,76,73,59,70,69,74,63,70,60,66,67,75,67,69,82,73,65,69,64,70,77,71,76,79,67,75,62}","От судьбы не убежишь / Creating Destiny (Jang Geun Su) [Корея, 2009 г., романтическая комедия, TVRip] [31/31][RAW][KOR+Sub]"
2466232,2,5127844,4329D9108E4C0968BAE883B33D3E612078CD7F55,31684600712,2,2026-07-31 02:21:01,4,2,"{7,24,24,24,24,24,24,24,24,24,23,24,24,24,24,24,24,24,24,23,25,24,24,24,25,24,24,26,24,24,24}","{30,114,92,85,85,89,87,104,103,93,84,91,90,101,104,104,91,82,86,90,93,90,83,94,102,88,97,100,103,115,91}","Жемчужина дворца / Jewel in the Palace (Ли Бён Хун) [54/54][Корея, 2004 г., мелодрама, TVRip][RUS]"
2489590,2,706719,A0EDEB15330BE0196022EBC2060E7B422DF12022,12257177012,1,2026-07-31 02:21:01,2,2,"{7,24,24,24,24,24,24,24,24,24,23,24,24,24,24,24,24,24,24,23,25,24,24,24,25,24,24,26,24,24,24}","{14,48,44,45,47,47,43,61,60,48,31,39,27,32,35,42,36,36,47,43,36,37,34,36,44,40,47,41,56,69,63}","Зимняя соната / Winter Sonata (Yun Seok Ho, Lee Hyung Min) / серии 1, 5-20 (20) [KOR+Sub Rus] [RAW (1,5-16)] [Корея, 2002 г., драма, TVRip]"
2521517,2,199513,FF099BC633E90628F95B003B9C3811F553851F21,21621831680,2,2026-07-31 02:21:01,5,1,"{7,24,24,24,24,24,24,24,24,24,23,24,24,24,24,24,24,24,24,23,25,24,24,24,25,24,24,26,24,24,24}","{34,99,95,106,106,114,123,114,111,112,103,96,121,100,102,103,116,126,97,115,130,107,113,109,116,110,114,144,120,110,108}","Жемчужина дворца / Jewel in the Palace (Ли Бён Хун) [70/70][Корея, 2004 г., мелодрама, DVDRip] [Rus]"
2578656,2,3794075,EA72F022E3A94AC4D35F33DFC7EA6AFBF2047BD8,14667820813,1,2026-07-31 02:21:01,2,2,"{7,24,24,24,24,24,24,24,24,24,23,24,24,24,24,24,24,24,24,23,25,24,24,24,25,24,24,26,24,24,24}","{14,48,44,45,47,47,26,37,36,44,31,39,27,32,35,42,36,36,47,43,36,38,33,36,44,37,47,41,36,44,26}","Дворец С / Goong S / Prince Hours / Imperial Household S (Hwang In Roe) [20/20] [KOR+Sub Rus] [Корея, 2007, романтика, комедия, DTVRip] [RAW]"
2586592,2,6218694,83F4D26451329F893FD598884BDBB6892841E9D9,11509550698,1,2026-07-31 02:21:01,2,2,"{7,24,24,24,24,24,24,24,24,24,23,24,24,24,24,24,24,24,24,23,25,24,24,24,25,24,24,26,24,24,24}","{14,48,44,45,47,47,26,37,36,44,31,39,35,40,34,42,36,36,47,43,35,38,35,36,44,37,47,41,36,44,32}","Я учитель / I Am Sam / I am Teacher [16/16] (Kim Jung Gyu) [Корея, 2007 г., комедия, романтика, DTVRip][KOR+Sub Rus][RAW]"
2625793,2,6141046,44BC067BF451C0C1BC4E9199D1168996182CC49E,17468383185,1,2026-07-31 02:21:01,3,2,"{7,24,24,24,24,24,24,24,24,24,23,24,24,24,24,24,24,24,24,23,25,24,24,24,25,24,24,26,24,24,24}","{21,75,68,68,69,71,51,62,77,68,55,72,51,60,66,69,63,60,94,69,80,73,64,60,69,65,75,72,60,73,60}","АЙРИС / IRIS (20/20)(Kim Kyoo-tae, Yang Yoon-ho)[RAW] [RUS (int)] [Корея, 2009 г., экшен, триллер, романтика, HDTVRip]"
2653731,2,706719,73FEFEF5245A9EF168501EA0B287624D54E129F0,11750882894,1,2026-07-31 02:21:01,2,2,"{7,24,24,24,24,24,24,24,24,24,23,24,24,24,24,24,24,24,24,23,25,24,24,24,25,24,24,26,24,24,24}","{14,48,44,45,47,47,26,37,36,44,31,39,27,32,34,42,36,36,47,43,40,37,32,36,44,37,46,41,36,44,28}","Легенда о четырех Стражах / Tae Wang Sa Shin Gi / The Legend / The Four Gods (Yoon Sang Ho, Kim Jong Hak) [9-24 из 24] [KOR+Sub Rus] [RAW] [Корея, 2007 г., Историческая драма, фэнтези, TVRip]"
2654287,2,488030,56FA0C72508D654087624FF25FE24186DC65F312,1997857151,1,2026-07-31 02:21:01,3,3,"{7,24,24,24,24,24,24,24,24,24,23,24,24,24,24,24,24,24,24,23,25,24,24,24,25,24,24,26,24,24,24}","{21,72,68,69,71,71,50,61,60,68,54,63,51,56,62,66,55,60,71,70,65,63,60,60,72,61,71,70,60,73,65}","Течение реки Амноккан / Amnok River Flows (Lee Jong Han) [3/3] [Корея, 2008 г., драма, TVRip] [RAW] [KOR+Sub Rus]"
2657769,2,6425071,F0B59C637F7751F9827FF598D7CF6928869119E9,8086194058,1,2026-07-31 02:21:01,2,2,"{7,24,24,24,24,24,24,24,24,24,23,24,24,24,24,24,24,24,24,23,25,24,24,24,25,24,24,26,24,24,24}","{14,48,44,45,49,49,26,37,36,48,31,39,27,32,33,42,41,39,47,43,36,38,35,36,44,37,47,41,36,44,34}","Гиена / Hyena [11/16] [[KOR+Sub Rus] (Jo Soo Won) [Корея, комедия, эротика, 2006, DTVRip][RAW]"
2666498,2,595138,ED658D7B10C1AE81FE159A4820CD9B5269A872C9,6611039526,1,2026-07-31 02:21:01,2,2,"{7,24,24,24,24,24,24,24,24,24,23,24,24,24,24,24,24,24,24,23,25,24,24,24,25,24,24,26,24,24,24}","{14,55,57,60,58,54,29,46,39,50,38,50,31,34,37,46,42,44,53,46,41,41,42,39,53,42,62,47,45,62,45}","101-ое предложение / 101st Proposal (Jang Tae Yoo) [Корея, 2006 г., романтическая комедия, TVRip] [15/15][RAW][KOR+Sub Rus]"
2666578,2,595138,612EE4D098DE9B66A6E14944BFD0D97AB8E4197C,11129398087,1,2026-07-31 02:21:01,2,2,"{7,24,24,24,24,24,24,24,24,24,23,24,24,24,24,24,24,24,24,23,25,24,24,24,25,24,24,26,24,24,24}","{14,48,44,45,47,47,26,37,36,44,31,39,27,37,35,42,36,36,47,43,35,39,34,36,44,37,47,41,36,44,28}","Последний скандал / The Last Scandal (Lee Tae Gon) [16/16] [Корея, 2008 г., романтическая комедия, TVRip] [RAW][KOR+Sub Rus]"
2666618,2,595138,9428028D363AEDC3B2E8DDED5A9AC49EA63766BA,8810236306,1,2026-07-31 02:21:01,2,2,"{7,24,24,24,24,24,24,24,24,24,23,24,24,24,24,24,24,24,24,23,25,24,24,24,25,24,24,26,24,24,24}","{15,55,51,53,54,62,38,43,42,49,31,39,27,32,40,42,36,36,47,43,36,37,32,36,44,37,47,41,36,44,21}","Люблю тебя / Loving You (Lee Geon Jun) [Корея, 2002 г., мелодрама, TVRip] [12/12][RAW][KOR+Sub Rus]"
2666676,2,595138,0B6A15B9120F9901058874630E4B809283DECA87,14804153877,1,2026-07-31 02:21:01,2,2,"{7,24,24,24,24,24,24,24,24,24,23,24,24,24,24,24,24,24,24,23,25,24,24,24,25,24,24,26,24,24,24}","{14,51,44,49,56,47,29,37,42,48,34,46,27,35,44,53,37,36,56,54,36,40,33,45,57,40,47,41,50,45,40}","Женщины, озаренные солнцем / Women of the Sun (Bae Kyung Soo) [Корея, 2008 г., драма, TVRip] [20/20][RAW][KOR+Sub Rus]"
2666892,2,10614535,FFF688F1480E9FB5508BEB213BCA02F0A65AFB7D,17131252638,1,2026-07-31 02:21:01,2,2,"{7,24,24,24,24,24,24,24,24,24,23,24,24,24,24,24,24,24,24,23,25,24,24,24,25,24,24,26,24,24,24}","{14,48,44,45,47,47,26,37,36,44,31,39,27,32,34,42,36,36,47,43,35,37,34,36,44,37,47,41,36,44,39}","От любви до ненависти / Hateful But Once Again (Kim Jong Chang) (24/24)[Корея, 2009, романтика, драма][RAW] [KOR+Sub Rus]"
2673284,2,8252790,3DB68766C129591906F18F70CD91D793FC297358,16213425685,1,2026-07-31 02:21:01,2,2,"{7,24,24,24,24,24,24,24,24,24,23,24,24,24,24,24,24,24,24,23,25,24,24,24,25,24,24,26,24,24,24}","{19,55,50,52,62,63,50,56,43,45,32,46,45,40,43,43,40,36,47,51,40,37,33,36,44,37,52,55,45,47,30}","A.N.JELL: Ты прекрасен! / A.N.JELL: You're beautiful (You're Handsome) [16/16+BTS][RAW][KOR+Sub Rus][2009, Корея, комедия, романтика, DTVRip]"
2683581,2,4327512,F49B375ADD26283D503E01BAE23FAACA5B9F9449,11777460440,1,2026-07-31 02:21:01,3,3,"{7,24,24,24,24,24,24,24,24,24,23,24,24,24,24,24,24,24,24,23,25,24,24,24,25,24,24,26,24,24,24}","{21,72,68,69,71,71,50,61,60,68,53,63,51,63,57,63,55,60,71,66,60,55,54,60,69,66,71,67,65,80,60}","Невидимая Война / Герой / Unseen Warfare / Hero (Kim Kyung Hee, Lee Dong Yoon)[16/16][Корея, 2009/10, комедия, детектив, TVRip] [RAW] [KOR+Sub Rus]"
2695627,2,6861589,C134129648F49D227DAD015FB288A088FD157D56,4872369456,1,2026-07-31 02:21:01,3,3,"{7,24,24,24,24,24,24,24,24,24,23,24,24,24,24,24,24,24,24,23,25,24,24,24,25,24,24,26,24,24,24}","{21,72,68,69,71,71,51,63,60,75,60,66,58,68,66,74,74,68,85,70,72,63,69,68,69,64,74,67,60,68,63}","Душа / Одержимая / Possessed / Hon / Soul / Spirit / Ghost (Kang Dae-Seon, Kim Sang-Ho) [10/10] [KOR+Sub Rus] [Корея, 2009 г., мистика, психологический триллер, драма, DVDRip-AVC]"
2705518,2,6819532,8460FFED73148C7E45562FA69B1A8EBB96B38A32,17573181959,1,2026-07-31 02:21:01,2,2,"{7,24,24,24,24,24,24,24,24,24,23,24,24,24,24,24,24,24,24,23,25,24,24,24,25,24,24,26,24,24,24}","{14,48,44,45,47,47,26,37,36,44,31,41,33,37,38,46,40,42,71,48,59,43,38,44,48,44,51,66,43,50,39}","Чудесные дни / Beautiful Days (Lee Jang Soo) [24/24] (KOR+Sub Rus) (Корея, 2001, мелодрама, TVRip) (RAW)"
2714987,2,7611813,569062385CCA5C9A7C0B62DFCB84C4B0BD7E6B05,11116624403,1,2026-07-31 02:21:01,2,2,"{7,24,24,24,24,24,24,24,24,24,23,24,24,24,24,24,24,24,24,23,25,24,24,24,25,24,24,26,24,24,24}","{14,64,59,61,61,61,41,53,45,57,42,50,43,46,49,51,52,51,58,54,51,50,46,46,56,50,63,54,51,55,45}","Моя прекрасная леди / My Fair Lady / Take Care of the Young Lady [16/16] [Ji Young Soo] [RAW] [Корея, 2009 г., мелодрама, DTVRip] [KOR+Sub Rus]"
2716821,2,14386726,25BF50A14A3C988308ED2C0E2E8756796A884738,10701481984,2,2026-07-31 02:21:01,3,1,"{7,24,24,24,24,24,24,24,24,24,23,24,24,24,24,24,24,24,24,23,25,24,24,24,25,24,24,26,24,24,24}","{28,80,80,88,94,85,83,79,87,89,76,88,71,79,86,91,77,90,86,88,78,83,70,79,86,80,92,93,75,93,82}","Сила любви / Любовь, которая убивает / A love to kill (Kim Kyu Tae) [16/16] [RUS(int)] [Корея, 2005 г., драма, DTVRip]"
2725303,10,2389208,FF5EB9FF75071B3E245D13404D931836E0AC399B,4407128955,1,2026-07-31 02:21:01,2,2,"{7,24,24,24,24,24,24,24,24,24,23,24,24,24,24,24,24,24,24,23,25,24,24,24,25,24,24,26,24,24,24}","{14,48,44,45,47,47,26,37,36,44,31,39,27,32,34,39,36,36,47,43,36,44,34,36,44,37,47,41,36,44,39}","Меня зовут Ким Сам Сун / My Name is Kim Sam Soon [11-16/16] [KOR+Sub Rus][RAW] [Корея, 2005г., романтическая комедия, DTVRip]"
2726771,2,8922644,DA1AA2AEB4D16A7E1D5316CBCBF829695E949D9B,18323315618,1,2026-07-31 02:21:01,3,3,"{7,24,24,24,24,24,24,24,24,24,23,24,24,24,24,24,24,24,24,23,25,24,24,24,25,24,24,26,24,24,24}","{21,75,70,69,71,74,50,61,60,68,54,63,51,61,58,68,54,60,71,66,62,62,58,60,69,61,73,67,60,68,50}","Искушение ангела/ Temptation of an Angel (Son Jung Hyun) [Корея, 2009 г., мелодрама, TVRip] [21/21][RAW][KOR+Sub Rus]"
2750701,2,2741134,3AA99FF607A34213F88C168F48AB694EDA1B3C3E,11703966243,1,2026-07-31 02:21:01,2,2,"{7,24,24,24,24,24,24,24,24,24,23,24,24,24,24,24,24,24,24,23,25,24,24,24,25,24,24,26,24,24,24}","{14,48,44,45,67,49,26,37,36,44,31,39,27,32,34,42,36,36,47,43,35,38,35,36,44,37,47,41,36,44,28}","Город влюбленных, или &quot;Хочу замуж!&quot; / City Lovers / Still, Marry Me! / Ajikdo Gyeolhonhago Shipeun Yeoja [16/16] (Kim Min Sik) [Корея, 2010 г., комедия, романтика, DTVRip][KOR+Sub Rus][RAW]"
2753100,2,7928328,7893CB69865EAB7B666E29EC6D4E2FA174F57894,3430009225,1,2026-07-31 02:21:01,2,2,"{7,24,24,24,24,24,24,24,24,24,23,24,24,24,24,24,24,24,24,23,25,24,24,24,25,24,24,26,24,24,24}","{14,51,44,46,47,55,43,53,45,60,34,50,44,49,39,42,48,42,47,48,42,39,34,36,44,37,54,58,44,48,39}","Вперёд, скумбрия, вперёд! / Mackerel Run [8/8] [Корея, 2007 г., комедия, романтика, HDTVRip] [KOR+Sub Rus] [RAW]"
2754387,2,2389208,6E24E528FDEE48C1D0B1DF1393F5CEF448E2E09E,7379096920,1,2026-07-31 02:21:01,2,2,"{7,24,24,24,24,24,24,24,24,24,23,24,24,24,24,24,24,24,24,23,25,24,24,24,25,24,24,26,24,24,24}","{14,48,44,45,47,60,38,37,38,47,31,39,39,44,34,42,36,36,47,54,45,38,32,36,44,37,59,54,36,44,34}","Моя любовь Патчжви / My Love Patzzi [10/10] [KOR+Sub Rus][RAW] [Корея, 2002г., романтическая комедия, DTVRip]"
2755156,2,6819532,4EF02C56E2B485D11FEEA9932F66D91203B30C45,11763884691,1,2026-07-31 02:21:01,2,2,"{7,24,24,24,24,24,24,24,24,24,23,24,24,24,24,24,24,24,24,23,25,24,24,24,25,24,24,26,24,24,24}","{15,52,45,50,47,48,30,39,42,51,34,44,33,38,37,44,46,36,49,44,42,42,46,43,49,42,50,51,38,45,31}","Счастливы вместе / Happy Together [16/16] (Oh Jong Rok) (RAW) (Корея, 1999, мелодрама, TVRip) (KOR+Sub Rus)"
2755168,2,15446027,B5B9587A39AC2F4F8A87785B91B83F3BC891B315,17100496926,1,2026-07-31 02:21:01,3,3,"{7,24,24,24,24,24,24,24,24,24,23,24,24,24,24,24,24,24,24,23,25,24,24,24,25,24,24,26,24,24,24}","{21,74,70,73,71,75,61,59,64,74,58,64,62,64,61,68,65,57,78,73,66,74,72,87,82,61,81,89,52,48,31}","Цветочки после ягодок / Boys over flowers (Jeon Ki-sang) [25/25] [RUS(int)] [Корея, 2009 г., драма, романтика, комедия, TVRip] (RAW)"
2780246,2,2151552,A072A1BDB90A6155BC13EE31FB2B727B0CEA668B,17623219037,1,2026-07-31 02:21:01,2,2,"{7,24,24,24,24,24,24,24,24,24,23,24,24,24,24,24,24,24,24,23,25,24,24,24,25,24,24,26,24,24,24}","{14,48,44,46,49,47,26,37,36,44,31,39,27,32,34,42,36,37,47,43,35,35,34,36,44,42,47,41,39,44,28}","Хван Чжин И / Hwang Jin Yi (Kim Chul Kyu) [24/24] [Корея, 2006 г., Историческая драма, TVRip] [KOR+Sub Rus]"
2783952,2,3794075,1B4F13991E952340C2E0BC4C5B343D88620DE4A9,11765466698,1,2026-07-31 02:21:01,3,3,"{7,24,24,24,24,24,24,24,24,24,23,24,24,24,24,24,24,24,24,23,25,24,24,24,25,24,24,26,24,24,24}","{21,72,68,69,71,71,50,61,60,68,54,63,51,56,58,66,60,60,71,66,61,59,56,60,68,61,71,67,60,68,63}","Не спрашивай о моём прошлом / Don't Ask Me About the Past (Kim Heung Dong) [16/16][RAW][KOR+Sub Rus][Корея, 2008, романтика, комедия, DTVrip]"
2784471,2,6371348,21824E7D1136C0579FB094693F1CD88869932D27,11899513370,1,2026-07-31 02:21:01,2,2,"{7,24,24,24,24,24,24,24,24,24,23,24,24,24,24,24,24,24,24,23,25,24,24,24,25,24,24,26,24,24,24}","{14,48,44,45,47,47,26,37,36,44,31,39,27,32,35,42,36,36,47,43,35,38,33,36,44,37,47,41,36,44,35}","Мастер обучения / Master of Study / God of Study / Lord of Studying / Gongbueui Shin ( Yoo Hyun Ki ) [16/16][Корея, 2010г., школа, комедия, драма TVRip][KOR+Sub Rus][RAW]"
2802385,2,2287766,4CF76BC84A1BC02B44DCBFB88992B46D33F3EB38,7089124907,1,2026-07-31 02:21:01,2,2,"{7,24,24,24,24,24,24,24,24,24,23,24,24,24,24,24,24,24,24,23,25,24,24,24,25,24,24,26,24,24,24}","{23,84,79,76,78,76,68,73,79,82,68,82,66,69,72,78,75,76,93,84,76,75,70,74,86,65,71,67,60,68,68}","Война цветов / Tazza / War of Flowers [9/21] [KOR+Sub Rus] [RAW] [Корея, 2008 г., драма,экшен, TVRip]"
2823684,2,595138,B0D148D9D0B0FCAC1869FC2540C02140284E940F,19568627621,1,2026-07-31 02:21:01,3,3,"{7,24,24,24,24,24,24,24,24,24,23,24,24,24,24,24,24,24,24,23,25,24,24,24,25,24,24,26,24,24,24}","{22,75,67,69,71,71,51,62,62,68,54,63,51,56,57,66,55,60,71,66,60,59,60,60,69,61,70,67,64,68,45}","Великолепное наследие / Shining Inheritance / Brilliant Legacy (Jin Hyuk) [28/28] [Корея, 2009 г., романтика, TVRip] [KOR+Sub Rus] [RAW]"
2826820,2,2151552,6130E9F96E90E4F239DE080B81FC2E000FD7B552,16989659162,1,2026-07-31 02:21:01,3,2,"{7,24,24,24,24,24,24,24,24,24,23,24,24,24,24,24,24,24,24,23,25,24,24,24,25,24,24,26,24,24,24}","{18,48,51,50,47,47,28,37,36,44,31,39,27,32,34,42,36,36,47,43,43,48,36,42,59,47,47,41,36,44,49}","Возвращение Иль Чжи Мэ / The Return of Iljimae (Hwang In Roe &amp; Kim Soo Young) [24/24] [RAW] [Корея, 2009 г., Историческая драма, DTVRip] [KOR+Sub Rus]"
2866727,2,679047,AB94336EF93F72EFCD2754B5B73827A9706DFAD1,11754523383,1,2026-07-31 02:21:01,2,2,"{7,24,24,24,24,24,24,24,24,24,23,24,24,24,24,24,24,24,24,23,25,24,24,24,25,24,24,26,24,24,24}","{14,48,44,45,47,47,26,37,36,44,31,39,27,37,33,39,36,36,48,43,36,38,34,36,44,37,47,41,36,44,30}","Наш способ пережить разрыв (Правила любви) / Our Attitude to Prepare Parting / Our Stance on How to Treat a Break-up / Rules of Love (Ли Чжэ Дон / Lee Jae Dong) [16/16] [KOR+Sub Rus] [Корея, 2005 г., комедия, романтика, TVRip]"
2869453,2,7611813,DBA7570306B7A897A90D06B2ED3823B9DE46A46C,11857749700,1,2026-07-31 02:21:01,3,2,"{7,24,24,24,24,24,24,24,24,24,23,24,24,24,24,24,24,24,24,23,25,24,24,24,25,24,24,26,24,24,24}","{20,72,68,69,70,71,38,37,36,44,31,39,27,39,35,39,36,36,47,43,35,38,35,36,44,37,47,41,36,44,29}","Моя леди / Oh My Lady [16/16] [Park Young Soo] [RAW] [Корея, 2010 г., романтика, DTVRip] [KOR+Sub Rus]"
2876106,2,2287766,431163265060065D1A52528F4336DC18BEA3BAF7,11753140416,1,2026-07-31 02:21:01,2,2,"{7,24,24,24,24,24,24,24,24,24,23,24,24,24,24,24,24,24,24,23,25,24,24,24,25,24,24,26,24,24,24}","{14,48,44,45,47,47,26,37,36,44,31,39,27,32,34,42,36,36,47,43,36,36,35,36,44,37,46,41,36,44,31}","Дело вкуса / Personal Taste / Personal Preference [16/16] [KOR+Sub Rus] [RAW] [Корея, 2010 г., романтика, комедия, DTVRip]"
2876639,2,3794075,70E45A5FD7694DC30B677D242478CE87265A6ABB,39402047631,1,2026-07-31 02:21:01,3,2,"{7,24,24,24,24,24,24,24,24,24,23,24,24,24,24,24,24,24,24,23,25,24,24,24,25,24,24,26,24,24,24}","{16,55,74,76,71,73,41,51,75,81,69,76,64,70,74,80,77,75,105,68,60,60,57,60,69,61,70,67,60,68,58}","Вечная любовь / Loving You a Thousand Times (Kim Jung Min) [55/55][RAW][KOR+Sub Rus][Корея, 2009-2010, романтика, DTVrip]"
2884443,2,7611813,E848ADF75C44E5C50D52EE40B39059B1DFAAA9A9,23041720004,1,2026-07-31 02:21:01,2,2,"{7,24,24,24,24,24,24,24,24,24,23,24,24,24,24,24,24,24,24,23,25,24,24,24,25,24,24,26,24,24,24}","{14,48,44,55,65,60,41,39,42,50,31,37,27,32,35,42,36,36,47,43,35,37,34,36,44,37,47,41,36,44,39}","Моя леди / Oh My Lady [16/16] [Park Young Soo] [RAW] [Корея, 2010 г., романтика, HDTVRip] [KOR+Sub Rus]"
2928151,2,9492293,7750921871A420FFBAB15D47FF0FD14435CEB13A,720816300,1,2026-07-31 02:21:01,2,2,"{7,24,24,24,24,24,24,24,24,24,23,24,24,24,24,24,24,24,24,23,25,24,24,24,25,24,24,26,24,24,24}","{14,48,44,45,47,47,26,37,35,44,31,39,27,32,38,39,36,36,47,43,36,38,35,36,44,37,47,41,36,44,39}","Токийские Каникулы / Tokyo Holiday / Dokyo Holidei (DBSK) [Корея, 2006, комедия, TVRip][RAW][KOR+Sub Rus]"
2929179,2,7630967,3A26EFD421E00816161685FBBE6DCB7EB887A932,11742884310,1,2026-07-31 02:21:01,3,3,"{7,24,24,24,24,24,24,24,24,24,23,24,24,24,24,24,24,24,24,23,25,24,24,24,25,24,24,26,24,24,24}","{22,71,67,70,71,71,53,63,67,75,56,67,61,63,63,74,63,60,73,69,69,64,66,67,74,68,73,76,62,69,61}","Любовное письмо / Love Letter / Leo-beu Le-teo [16/16] [Южная Корея, 2003 г., романтика, мелодрама] [RAW] [KOR+Sub Rus]"
2931030,2,9372379,3B3BCB75EAAA2433C43821A99A45F01EA6F316A3,29018951599,1,2026-07-31 02:21:01,4,2,"{7,24,24,24,24,24,24,24,24,24,23,24,24,24,24,24,24,24,24,23,25,24,24,24,25,24,24,26,24,24,24}","{23,80,72,74,78,79,75,77,84,74,76,80,57,79,85,74,83,84,95,89,84,85,77,82,88,85,94,97,84,87,68}","Принцесса Чжа Мён Го / Ja Myung Go / Princess Ja Myung Go [39/39][KOR+Sub Rus][RAW][Корея, 2009 год, историческая драма, романтика, DTVRip]"
2950619,2,595138,1AC746C772A0150EEFD2A9843D00A7FDE62C2085,11753129026,1,2026-07-31 02:21:01,3,3,"{7,24,24,24,24,24,24,24,24,24,23,24,24,24,24,24,24,24,24,23,25,24,24,24,25,24,24,26,24,24,24}","{21,72,68,69,71,71,50,61,60,68,54,63,51,56,62,66,60,60,71,66,60,60,56,60,69,61,69,67,60,68,56}","90 дней, время любви / 90 Days, Time to Love (Oh Jong Rok) [Корея, 2006 г., драма, TVRip] [16/16][KOR+Sub Rus]"
2950676,2,595138,E29905D57AA4CFE06D19752F7FED6E6B0E6ED413,11741044591,1,2026-07-31 02:21:01,2,1,"{7,24,24,24,24,24,24,24,24,24,23,24,24,24,24,24,24,24,24,23,25,24,24,24,25,24,24,26,24,24,24}","{23,76,62,51,57,55,32,37,36,45,45,56,39,36,34,52,53,51,50,47,36,45,35,36,48,47,57,41,36,46,29}","Очаровательный прокурор / Prosecutor Princess (Jin Hyuk) [Корея, 2010 г., романтика, TVRip] [16/16][RAW][KOR+Sub Rus]"
2951936,2,2589553,53B034C90ACAA6AC9A4080B8C431159C24F50FBD,11746126199,1,2026-07-31 02:21:01,2,2,"{7,24,24,24,24,24,24,24,24,24,23,24,24,24,24,24,24,24,24,23,25,24,24,24,25,24,24,26,24,24,24}","{14,48,44,45,47,47,26,37,36,44,31,39,27,37,36,42,36,36,47,43,35,38,33,36,43,37,47,41,36,44,27}","Поймай свою звезду / Shoot for the Stars (Lee Jang Soo) [16/16] [Корея, 2002 г., драма, романтика, TVRip] [KOR+Sub Rus]"
2952158,2,3794075,CFDA2E1C9CF189343006E81FFD3D2666E9D66772,734663834,1,2026-07-31 02:21:01,3,3,"{7,24,24,24,24,24,24,24,24,24,23,24,24,24,24,24,24,24,24,23,25,24,24,24,25,24,24,26,24,24,24}","{21,72,68,69,71,71,50,61,60,68,54,63,51,56,62,66,60,60,71,66,59,58,58,60,69,61,71,67,60,68,63}","Билли Джин, взгляни на меня / Billie Jean, Look At Me (Min Doo Shik) [2/26] [RAW] [KOR+Sub Rus] [Корея, 2006-2007, романтика, комедия, TVRip]"
2952422,2,4439341,128551039B7ED13A47872809E0450E74B1E0C46F,14630494810,1,2026-07-31 02:21:01,3,3,"{7,24,24,24,24,24,24,24,24,24,23,24,24,24,24,24,24,24,24,23,25,24,24,24,25,24,24,26,24,24,24}","{24,80,68,69,71,73,51,61,59,68,54,63,51,56,58,63,58,64,75,77,60,58,57,60,69,61,70,67,60,68,62}","Рождение богача / Birth of A Rich man (Lee Jin Suh) [20/20] [Южная Корея, RAW] [KOR+Sub Rus] (Южная Корея, 2010 год, мелодрама, TVRip)"
2953648,2,9595373,F1DBA12FF06D0AEFC6D0D42B17E7E401496EDB49,11751783472,1,2026-07-31 02:21:01,3,3,"{7,24,24,24,24,24,24,24,24,24,23,24,24,24,24,24,24,24,24,23,25,24,24,24,25,24,24,26,24,24,24}","{21,73,68,69,71,71,50,61,59,68,54,63,51,56,62,66,65,60,71,66,59,61,57,64,76,61,70,67,60,68,57}","В погоне за миллионом / Miss Kim Makes 1 Million [16 из 16] (Jang Ki Hong) [Корея, 2004г., романтическая комедия, TVRip] [RAW] [KOR+Sub Rus]"
2955062,2,2589553,65AD24744B4686EC7D9E3FE69D18BB3E5A1A66C2,11736131317,1,2026-07-31 02:21:01,3,3,"{7,24,24,24,24,24,24,24,24,24,23,24,24,24,24,24,24,24,24,23,25,24,24,24,25,24,24,26,24,24,24}","{21,72,68,69,71,71,50,61,60,68,54,63,51,61,58,66,60,60,71,66,60,61,55,60,69,61,70,67,60,68,48}","Фортепьяно / Piano (Oh Jong Rok) [16/16] [Корея, 2001 г., мелодрама, TVRip] [KOR+Sub Rus]"
2955417,2,873636,A4D0F4A41CE720BB7B992AB6DC36537312B7410C,11750082145,1,2026-07-31 02:21:01,2,2,"{7,24,24,24,24,24,24,24,24,24,23,24,24,24,24,24,24,24,24,23,25,24,24,24,25,24,24,26,24,24,24}","{14,48,44,45,47,47,26,37,36,44,31,39,27,36,35,42,36,36,47,43,35,39,35,36,44,37,47,41,36,44,39}","Когда мужчина влюблен / When a Man is in Love (Choi Yoon Suk) [16/16] [KOR+Sub Rus] [Южная корея, 2004 г., Мелодрама, TVRip]"
2955427,8,4439341,5DE8B3AB48BF33ACCD03AE6AA90323415BF1418C,11779151914,1,2026-07-31 02:21:01,2,2,"{7,24,24,24,24,24,24,24,24,24,23,24,24,24,24,24,24,24,24,23,25,24,24,24,25,24,24,26,24,24,24}","{14,53,48,52,60,55,26,51,36,57,47,51,35,44,50,46,47,44,56,54,52,47,34,40,48,47,55,65,46,51,24}","Мир, в котором они живут / Worlds Within / The World That They Live In (Pyo Min Soo, Kim Kyu Tae) [16/16] [Южная Корея, RAW] [KOR+Sub Rus] (Южная Корея, 2008 год, мелодрама, TVRip)"
2961710,2,7927604,14F17B81AA6AE76BF890074FB4F77C552E960A58,11750665896,1,2026-07-31 02:21:01,2,2,"{7,24,24,24,24,24,24,24,24,24,23,24,24,24,24,24,24,24,24,23,25,24,24,24,25,24,24,26,24,24,24}","{14,48,44,45,47,47,26,37,36,44,31,39,27,39,34,42,36,36,47,43,35,38,33,36,44,37,47,41,36,44,28}","Несуразное сыскное агентство / Evasive Inquiry Agency (Ham Yeong-hoon) [Корея, 2007 г., комедия, TVRip] [RAW] [KOR+Sub Rus] [16/16]"
2962428,2,4439341,D3C3650C95AD2696013EBBB4DAA4B8E4084D2ABD,11731003057,1,2026-07-31 02:21:01,3,2,"{7,24,24,24,24,24,24,24,24,24,23,24,24,24,24,24,24,24,24,23,25,24,24,24,25,24,24,26,24,24,24}","{21,69,68,69,71,71,64,69,87,83,53,68,63,68,65,74,85,88,87,79,70,68,71,68,79,69,85,86,70,83,71}","Отражения желаний / Cinderella Man ( Yoo Jung Joon) [16/16] [Южная Корея, RAW] [KOR+Sub Rus] (Южная Корея, 2009, романтика, HDTVRip)"
2963808,2,6218694,9232D489D71935EEAF94F036E9C01995C36DED7E,13368507652,1,2026-07-31 02:21:01,3,2,"{7,24,24,24,24,24,24,24,24,24,23,24,24,24,24,24,24,24,24,23,25,24,24,24,25,24,24,26,24,24,24}","{21,79,70,76,82,73,52,46,53,58,43,59,43,47,49,63,45,44,64,71,56,65,59,66,87,74,81,79,72,69,69}","Личные предпочтения / Personal Preference / Personal Taste [16/16] [Son Hyung Suk] [RAW] [Южная Корея, 2010 г., романтика, DTVRip] [KOR+Sub Rus]"
2964298,2,2589553,45496C774FDC816D18DD4C402384A2B63E3353D7,24320843040,1,2026-07-31 02:21:01,2,2,"{7,24,24,24,24,24,24,24,24,24,23,24,24,24,24,24,24,24,24,23,25,24,24,24,25,24,24,26,24,24,24}","{14,48,44,45,47,47,26,37,36,44,31,39,27,32,34,42,36,36,47,43,35,37,34,36,44,37,46,41,36,44,36}","Дон И / Dong Yi (Lee Byung Hoon, Kim Sang Hyub) [33/60] [KOR+Sub Rus] [Корея, 2010 г., исторический, драма, TVRip]"
2969683,2,8956750,04FD375FE750535207479EE3C208FA76F48BCD68,14010962468,1,2026-07-31 02:21:01,3,2,"{7,24,24,24,24,24,24,24,24,24,23,24,24,24,24,24,24,24,24,23,25,24,24,24,25,24,24,26,24,24,24}","{21,55,44,48,55,56,37,42,43,53,34,47,32,41,43,52,36,36,56,54,35,36,35,45,55,52,50,47,52,45,47}","Доктора акушеры-гинекологи / Obstetrics and Gynecology Doctors (16/16) [Корея, 2010 г., медицина, драма, HDTVRip] [KOR+Sub Rus][RAW]"
2971136,2,873636,61E6939F1103B20CF9BF733431D5368E85D7B239,11749597581,1,2026-07-31 02:21:01,3,3,"{7,24,24,24,24,24,24,24,24,24,23,24,24,24,24,24,24,24,24,23,25,24,24,24,25,24,24,26,24,24,24}","{21,72,68,69,71,71,50,61,60,68,53,63,51,56,58,66,60,60,71,66,59,58,55,60,68,61,71,67,60,68,54}","Мистер Гудбай / Mr. Goodbye (Hwang Eui-kyung) [Южная корея, 2006 г., Романтика, комедия, мелодрама, HDTVRip] [16/16] [KOR+Sub Rus]"
2974316,2,595138,6F057817BBD0C970618140B16CD520E19A0A810B,12575213843,1,2026-07-31 02:21:01,3,2,"{7,24,24,24,24,24,24,24,24,24,23,24,24,24,24,24,24,24,24,23,25,24,24,24,25,24,24,26,24,24,24}","{21,72,68,69,71,72,50,63,62,68,56,61,54,56,51,67,62,59,71,67,61,61,60,60,71,67,75,71,60,70,61}","Магия / Magic (Hong Chang Wook &amp; Ko Kyung Hee) [16/16] [Корея, 2004 г., драма, TVRip] [RAW] [KOR+Sub Rus]"
2974819,2,2589553,94C2B04C7DE87193702628D7C14ABB404C268FFA,14561746966,1,2026-07-31 02:21:01,2,2,"{7,24,24,24,24,24,24,24,24,24,23,24,24,24,24,24,24,24,24,23,25,24,24,24,25,24,24,26,24,24,24}","{15,52,45,50,50,48,29,40,42,51,49,45,36,36,46,48,39,36,49,44,42,45,44,43,49,42,51,50,38,45,41}","Бросок - История одного человека / Slingshot / Story of a Man / A Man's Story (Yoon Sung Sik) [20/20] [Корея, 2009 г., экшн, романтика, TVRip] [KOR+Sub Rus]"
2975295,2,7201517,1A6C16FFC2D05BB73C44B41D6B7CC5EB6062A828,10072820113,1,2026-07-31 02:21:01,2,2,"{7,24,24,24,24,24,24,24,24,24,23,24,24,24,24,24,24,24,24,23,25,24,24,24,25,24,24,26,24,24,24}","{14,48,44,45,47,47,26,37,36,44,31,39,27,32,35,42,36,36,47,43,36,38,34,36,44,37,47,41,36,44,39}","Лоббист / Lobbyist [Lee Hyun Jik, Bu Sung Chul] [14/24] [KOR+Sub Rus] [Корея, 2007 г., боевик, детектив, романтика, драма, DTVrip] [RAW]"
2981777,2,10394681,B42BD155DFB15B67D7D75087827039F624DFAEC6,11714318997,1,2026-07-31 02:21:01,3,3,"{7,24,24,24,24,24,24,24,24,24,23,24,24,24,24,24,24,24,24,23,25,24,24,24,25,24,24,26,24,24,24}","{21,72,68,69,71,73,50,61,60,68,54,63,51,56,65,72,60,72,71,66,61,61,55,60,69,61,71,67,60,68,50}","Цветы моей жизни / Flowers For My Life (Ji Yeong-soo) [16/16] [Южная Корея, 2007 г., мелодрама, TVRip] [RAW] [KOR+Sub Rus]"
2991162,2,1602169,13D46FA8C0FBCF495246A59F8C1F244A8E9F121D,27258537703,1,2026-07-31 02:21:01,2,2,"{7,24,24,24,24,24,24,24,24,24,23,24,24,24,24,24,24,24,24,23,25,24,24,24,25,24,24,26,24,24,24}","{14,48,44,45,47,47,26,37,36,44,31,37,27,32,34,42,36,36,47,43,35,37,35,36,44,37,47,41,36,44,39}","Чечжунвон / Jejoongwon (Hong Chang Wook / Хон Чхан Ук) [36/36] [KOR+Sub Rus] [Корея, 2010 г., историческая драма, медицина, HDTVRip] [RAW]"
3002885,2,2151552,443EE88A26016ABE8254893810D18288715ED0F0,21429726439,1,2026-07-31 02:21:01,3,2,"{7,24,24,24,24,24,24,24,24,24,23,24,24,24,24,24,24,24,24,23,25,24,24,24,25,24,24,26,24,24,24}","{21,72,65,51,71,71,50,61,60,62,54,63,51,56,52,49,61,61,71,65,59,63,62,53,69,61,65,46,60,82,76}","Ким Суро / Kim Soo Ro (Choi Jong Soo &amp; Jang Soo Bong ) [23/32] [RAW] [Корея, 2010 г., Историческая драма, HDTVRip] [KOR+Sub Rus]"
3003584,2,15105910,3735EAFD1B1E9CFE2118427EFD0B811B6AB65BA5,11775345181,1,2026-07-31 02:21:01,2,2,"{7,24,24,24,24,24,24,24,24,24,23,24,24,24,24,24,24,24,24,23,25,24,24,24,25,24,24,26,24,24,24}","{14,48,44,45,47,47,26,37,36,44,31,39,27,37,34,42,36,36,47,43,35,36,34,36,44,37,46,41,36,44,39}","Влюблённый отец-одиночка / Single Papa in Love / Single Dad in Love (Moon Bo Hyun) [Южная Корея, 2008 г., комедия, драма, TVRip] [16/16] [RAW] [KOR+Sub Rus]"
3008171,2,2662151,F61FDFE806107EC5CDB8D86326EF449F36B9E2D7,20293607023,1,2026-07-31 02:21:01,6,1,"{7,24,24,24,24,24,24,24,24,24,23,24,24,24,24,24,24,24,24,23,25,24,24,24,25,24,24,26,24,24,24}","{41,121,100,78,116,96,90,111,144,123,113,128,125,128,124,119,93,91,101,100,102,83,95,110,114,139,115,131,100,109,121}","Морской владыка / Владыка Морей / Hae Shin / Emperor of the Sea / Sea God (Kang Il Soo) (51 из 51) [RAW] [RUS (int), KOR+Sub] [Корея, 2004-2005 г., историческая драма, DVDRip]"
3008593,2,15446027,94CFA82E3F56FFCC555E5D61D3EFFFEB8A2D1D32,14553890632,2,2026-07-31 02:21:01,2,2,"{7,24,24,24,24,24,24,24,24,24,23,24,24,24,24,24,24,24,24,23,25,24,24,24,25,24,24,26,24,24,24}","{16,54,46,61,58,55,40,47,42,52,42,45,38,44,49,49,46,48,54,53,48,41,43,40,51,49,51,56,23,55,49}","Моя леди / Oh My Lady [16/16] [Park Young Soo] [RUS(int), KOR] [RAW] [Корея, 2010 г., романтика, DTVRip]"
3009050,2,7630967,6DDD6B5595FF5BB8089E37F6BBB87FA9EF7C2AA1,14639708003,1,2026-07-31 02:21:01,3,1,"{7,24,24,24,24,24,24,24,24,24,23,24,24,24,24,24,24,24,24,23,25,24,24,24,25,24,24,26,24,24,24}","{26,80,80,79,79,85,73,79,86,68,56,77,78,79,75,87,88,90,95,90,85,82,81,83,91,91,89,95,86,93,78}","Плохой парень / Bad Guy / Bad Man / Nappeun Namja (Lee Hyung Min) [17/17] [Южная Корея, 2010 г., триллер, мелодрама, мистерия, HDTVRip] [KOR+Sub Rus] [RAW]"
3009304,2,2151552,7077915B1A116FEB44750FB5C2F4A527F383D38A,21579667255,1,2026-07-31 02:21:01,2,2,"{7,24,24,24,24,24,24,24,24,24,23,24,24,24,24,24,24,24,24,23,25,24,24,24,25,24,24,26,24,24,24}","{14,48,44,45,47,47,26,37,36,44,31,39,34,32,34,42,36,36,47,43,36,39,33,35,44,46,47,41,39,44,33}","Охотники на рабов / Slave Hunters / Chuno (24/24) (Kwak Jung Hwan, Chun Sung Il) [KOR+Sub Rus] [RAW] [Корея, 2010 г., историческая драма, DTVRip]"
3015424,2,15446027,08552B4E30282C4EA4BCD903E60C017C4EC90E0E,14815021056,1,2026-07-31 02:21:01,3,2,"{7,24,24,24,24,24,24,24,24,24,23,24,24,24,24,24,24,24,24,23,25,24,24,24,25,24,24,26,24,24,24}","{21,76,71,71,74,73,59,61,60,70,54,63,54,58,61,62,55,60,71,67,61,58,36,40,49,39,56,54,44,49,44}","Личные предпочтения / Personal Preference / Personal Taste [16/16] [Son Hyung Suk] (Rus(int), KOR) [RAW] [Южная Корея, 2010 г., романтика, DTVRip]"
3019484,2,6150700,66BEB8D05EBAA0CE4C103157B1E2F87E96123A01,6414465661,1,2026-07-31 02:21:01,3,3,"{7,24,24,24,24,24,24,24,24,24,23,24,24,24,24,24,24,24,24,23,25,24,24,24,25,24,24,26,24,24,24}","{21,72,68,69,71,71,50,61,60,68,54,61,51,56,58,66,60,60,71,66,60,60,56,59,69,61,71,67,60,68,51}","Остров Тхамна / Tamna, The Island (Yoon Sang Ho) [Корея, 2009 г., комедия, мелодрама, исторический, TVRip][RAW][KOR+Sub Rus] [6-16/16]"
3036793,2,4327512,52CEC20459B32FFFB1A0D85EEC7F6A1C944AF13E,764934245,1,2026-07-31 02:21:01,2,2,"{7,24,24,24,24,24,24,24,24,24,23,24,24,24,24,24,24,24,24,23,25,24,24,24,25,24,24,26,24,24,24}","{14,63,59,61,61,62,37,51,47,59,44,53,42,47,49,57,51,49,47,54,51,40,35,39,47,37,47,41,49,59,53}","Влияние / The Influence / Inpulrueonseu (Lee Jae Kyu) [4/4] [Корея, 2010, мелодрама, мистика, TVRip] [RAW] [KOR+Sub Rus]"
3044772,2,7713350,F6BFE650B3BDDA076EE829F09635EDB5F07B0835,14692521555,1,2026-07-31 02:21:01,3,2,"{7,24,24,24,24,24,24,24,24,24,23,24,24,24,24,24,24,24,24,23,25,24,24,24,25,24,24,26,24,24,24}","{18,56,51,48,57,60,37,47,50,51,48,51,40,47,49,53,51,54,57,54,53,48,45,48,52,49,61,53,50,61,45}","Трасса №1 / Road Number One [20/20] [Lee Jang Soo, Kim Jin Min] [RAW] [Корея, 2010 г., боевик, драма, DTVRip] [KOR+Sub Rus]"
3050097,2,9372379,D24E8EA48A914C899A470F7E5F4D04D12DB9F3F1,22040771120,1,2026-07-31 02:21:01,2,2,"{7,24,24,24,24,24,24,24,24,24,23,24,24,24,24,24,24,24,24,23,25,24,24,24,25,24,24,26,24,24,24}","{14,48,44,45,47,47,26,37,36,44,31,39,27,32,35,42,36,36,47,43,36,37,34,36,44,37,46,41,36,44,29}","Король выпечки, Ким Так Гу / King of Baking, Kim Tak Goo [30/30] [KOR+Sub Rus] [RAW] [Корея, 2010 год, драма, романтика, DTVRip]"
3059275,2,8922644,12EEFBFE30490F2A5D26FCF6E8B84355CD4D82D5,11738776800,1,2026-07-31 02:21:01,2,2,"{7,24,24,24,24,24,24,24,24,24,23,24,24,24,24,24,24,24,24,23,25,24,24,24,25,24,24,26,24,24,24}","{14,58,48,45,47,54,26,37,36,63,38,39,27,32,36,39,41,36,47,43,35,38,34,40,51,37,47,41,36,44,24}","Вперед, к успеху! / Cheerful Girl's Success Story / A Bright Girl's Success Story / Successful Story of a Bright Girl (Jang Gi-hong) [16/16] [Южная Корея, RAW] [KOR+Sub Rus] (Южная Корея, 2002 год, романтическая комедия, DVDRip)"
3061971,2,5376798,773D699E9E7564ACEE094DE3EEB287B68198B34D,14690929250,1,2026-07-31 02:21:01,2,2,"{7,24,24,24,24,24,24,24,24,24,23,24,24,24,24,24,24,24,24,23,25,24,24,24,25,24,24,26,24,24,24}","{15,52,45,50,47,48,29,39,42,51,34,44,33,35,38,47,39,36,49,44,43,44,44,43,49,42,51,50,38,45,49}","Весенние дни / Spring Days [20/20] (Kim Jong Hyuk) [Корея, 2005 г., драма, романтика, SDTVRip][KOR+Sub Rus][RAW]"
3071500,2,703376,E69AA1ADBF03D6EE113F845E3D224D34AE6B3A31,13979338700,1,2026-07-31 02:21:01,3,2,"{7,24,24,24,24,24,24,24,24,24,23,24,24,24,24,24,24,24,24,23,25,24,24,24,25,24,24,26,24,24,24}","{21,69,44,45,47,47,26,37,36,44,31,39,27,32,34,42,36,36,47,43,35,37,33,36,44,37,46,41,36,44,34}","Очаровательный прокурор / Prosecutor Princess (Jin Hyeok) [Корея, 2010 г., романтика, TVRip] [16/16][RAW][KOR+Sub Rus]"
3085175,2,3325751,C7DC865BB3E39B877F6C0B3F97440899BCEA3990,734453659,1,2026-07-31 02:21:01,3,3,"{7,24,24,24,24,24,24,24,24,24,23,24,24,24,24,24,24,24,24,23,25,24,24,24,25,24,24,26,24,24,24}","{21,72,68,69,71,71,50,63,61,68,53,61,51,56,62,66,60,60,71,66,60,61,57,60,69,61,71,67,60,68,59}","Мой старший брат / Drama City: My Older Brother (Kim Kyu Tae) [Южная Корея, 2004 г., драма, TVRip] [RAW] [KOR+Sub Rus]"
3086030,2,8956750,1C8D811EA88A3FB33D467A608FED7E1A02828D31,17685090304,1,2026-07-31 02:21:01,3,3,"{7,24,24,24,24,24,24,24,24,24,23,24,24,24,24,24,24,24,24,23,25,24,24,24,25,24,24,26,24,24,24}","{21,72,68,69,71,71,51,63,60,68,54,63,51,56,58,66,60,60,71,66,60,61,56,60,69,61,71,67,60,68,46}","Превратности любви / Match Made in Heaven (20/20) [Корея, 2004 г., драма, романтика, TVRip] [RUS] [RAW]"
3107721,2,3325751,3466C8177FC612E618329AE195F46E8F5B3D108F,11749080700,1,2026-07-31 02:21:01,3,3,"{7,24,24,24,24,24,24,24,24,24,23,24,24,24,24,24,24,24,24,23,25,24,24,24,25,24,24,26,24,24,24}","{21,72,68,69,71,71,50,61,60,68,54,63,51,61,58,66,60,60,71,66,60,60,58,60,69,61,71,67,60,68,63}","Доктор Гангстер / Dr. Kkang / Dokteo Kkaeng [16/16] (Park Sung Soo / Пак Сон Су) [Южная Корея, 2006 г., драма, TVRip] [KOR+Sub Rus]"
3113496,2,14207590,9437D8834D9E91C3EE14417153BD9BEC85B396F1,12098900309,1,2026-07-31 02:21:01,2,2,"{7,24,24,24,24,24,24,24,24,24,23,24,24,24,24,24,24,24,24,23,25,24,24,24,25,24,24,26,24,24,24}","{14,48,44,45,47,47,26,37,36,44,31,39,27,36,35,42,36,36,47,43,36,38,34,36,44,37,46,41,36,44,31}","Герой невидимая война / Hero unseen warfare (Ким Кён Хи, Ли Дон Юн) [16/16] [RAW] [RUS(int),KOR] [Корея, 2009/10, комедия, детектив, DTVRip]"
3115824,2,1014143,CF340096A8375BD513E8957FFB681DBD27FFFF2A,11774876399,1,2026-07-31 02:21:01,2,2,"{7,24,24,24,24,24,24,24,24,24,23,24,24,24,24,24,24,24,24,23,25,24,24,24,25,24,24,26,24,24,24}","{14,53,45,47,49,54,29,39,43,49,35,39,30,32,42,52,40,47,53,63,43,38,37,41,46,40,63,48,37,49,29}","Моя девушка - кумихо / My Girlfriend is a Nine-Taled Fox / My Girlfriend is a Gumiho (Boo Sung Chul)[16/16][RAW][KOR+Sub Rus][Корея, 2010 г., романтическая комедия, фэнтези, DTVRip]"
3118331,2,8956750,B7471504C9D30D7EB22804EC3BADBB95BF2866D7,10002497536,1,2026-07-31 02:21:01,2,2,"{7,24,24,24,24,24,24,24,24,24,23,24,24,24,24,24,24,24,24,23,25,24,24,24,25,24,24,26,24,24,24}","{14,48,44,45,47,47,26,37,36,44,31,39,27,32,32,39,36,36,47,43,36,36,34,36,44,37,47,41,36,44,20}","Истина / Honesty / Truth (16/16) [Корея, 2000 г., драма, романтика, TVRip] [RUS] [RAW]"
3120371,2,6819532,400E6079674AFE7D2CF930E82CA67424C25BC195,12172946351,1,2026-07-31 02:21:01,2,2,"{7,24,24,24,24,24,24,24,24,24,23,24,24,24,24,24,24,24,24,23,25,24,24,24,25,24,24,26,24,24,24}","{14,48,44,45,47,47,26,37,36,44,31,39,27,36,34,42,36,36,47,43,36,37,33,36,44,37,47,41,36,44,39}","Трехлистный клевер / Three Leaf Clover [16/16] (Jang Yong Woo) (Корея, мелодрама, 2005, TVRip) (KOR+Sub Rus)"
3120766,2,14207590,37BFA93424A3D357189ED5B6A844CAF7C174853E,11522892777,1,2026-07-31 02:21:01,3,3,"{7,24,24,24,24,24,24,24,24,24,23,24,24,24,24,24,24,24,24,23,25,24,24,24,25,24,24,26,24,24,24}","{21,76,76,75,71,69,56,66,60,68,56,63,51,56,62,63,60,60,77,66,59,57,57,60,69,61,71,67,37,68,62}","Ангел: Ты прекрасен / A.N.Jell: You're beautiful / (Hong Sung Chang) [16/16] [RAW] [RUS(int),KOR] [Корея, 2009, Романтика,комедия,музыкальный, DTVRip]"
3126886,2,10995513,DE275073D72F98FA86E2FB4878C7AC7E46AB4111,11593081082,1,2026-07-31 02:21:01,2,2,"{7,24,24,24,24,24,24,24,24,24,23,24,24,24,24,24,24,24,24,23,25,24,24,24,25,24,24,26,24,24,24}","{14,48,44,45,47,47,26,37,36,44,31,39,27,32,38,39,36,36,47,43,36,36,34,36,44,37,47,41,36,44,29}","Непримиримые соперники / Kangjeok / Powerful Opponents aka Rivals [16/16] [Южная Корея, 2008 г., романтика, комедия, HDTVRip] [RAW] [KOR+Sub Rus]"
3126932,8,13388172,8F39425D15F7C27B231897244940995DE0E3558D,1789356814,1,2026-07-31 02:21:01,3,3,"{7,24,24,24,24,24,24,24,24,24,23,24,24,24,24,24,24,24,24,23,25,24,24,24,25,24,24,26,24,24,24}","{21,72,68,69,71,69,50,61,60,68,54,59,51,56,62,63,60,60,71,66,59,61,57,60,69,61,70,67,60,68,63}","Город влюбленных, или &quot;Хочу замуж!&quot; / City Lovers / Still, Marry Me! / Ajikdo Gyeolhonhago Shipeun Yeoja (14-16 из 16) (Kim Min Sik) [Корея, 2010 г., комедия, романтика, DTVRip][KOR+Sub Rus]"
3129623,2,6819532,EDFA13DEFA5169916410711423499BC590650A2B,11678777066,1,2026-07-31 02:21:01,2,2,"{7,24,24,24,24,24,24,24,24,24,23,24,24,24,24,24,24,24,24,23,25,24,24,24,25,24,24,26,24,24,24}","{14,48,44,45,47,47,26,37,36,44,31,39,27,35,34,42,36,36,47,43,35,37,34,36,44,37,47,41,36,44,39}","Аэропорт / Air City [16/16] (Choi Won Suk) (RAW) (Корея, 2007, экшен, мелодрама, TVRip) (KOR+Sub Rus)"
3136297,2,7713350,260DEDF3CA0F2012BBE1540E73EE1DAA19BC6791,17603790980,1,2026-07-31 02:21:01,2,2,"{7,24,24,24,24,24,24,24,24,24,23,24,24,24,24,24,24,24,24,23,25,24,24,24,25,24,24,26,24,24,24}","{14,48,44,45,47,47,26,38,36,44,31,39,27,32,37,42,36,36,47,43,35,37,34,36,44,37,47,41,36,44,28}","Божественный герой / A Man Called God [24/24] [Lee Hyung Sun] [RAW] [Корея, 2010 г., боевик, мелодрама, DTVRip] [KOR+Sub Rus] [360p]"
3136756,2,12732561,123E15DBFDE14724D9A94A9157ADDC96E377107A,4405683426,1,2026-07-31 02:21:01,4,2,"{7,24,24,24,24,24,24,24,24,24,23,24,24,24,24,24,24,24,24,23,25,24,24,24,25,24,24,26,24,24,24}","{19,67,63,64,66,64,43,64,61,67,59,64,53,61,54,56,64,62,79,74,56,63,62,55,63,64,74,66,61,81,82}","Что ты творишь? / What's Up, Fox? [6/16] [Kwon Suk Jang] [RAW] [Корея, 2006 г., романтика, комедия, TVRip] [KOR+Sub Rus]"
3137579,2,7611813,FA6181492EADB8F45F288CE72DC946013BF263D3,3247767417,1,2026-07-31 02:21:01,3,3,"{7,24,24,24,24,24,24,24,24,24,23,24,24,24,24,24,24,24,24,23,25,24,24,24,25,24,24,26,24,24,24}","{21,72,68,69,71,71,50,61,60,68,53,61,51,56,58,66,60,60,71,66,60,61,56,60,69,61,71,67,60,68,63}","Озорной поцелуй / Mischievous Kiss / Playful Kiss (Hwang In Roe, Kim Do Hyung) [04/16] [Корея, 2010 г., романтика, DTVRip][RAW][KOR+Sub Rus]"
3138536,2,7201517,DDA7224E9533562CE775CE5EA0BFA58FE37ADB3D,7689441255,1,2026-07-31 02:21:01,3,3,"{7,24,24,24,24,24,24,24,24,24,23,24,24,24,24,24,24,24,24,23,25,24,24,24,25,24,24,26,24,24,24}","{24,72,70,74,78,77,61,63,63,71,59,67,69,58,65,65,63,64,71,67,59,63,64,73,71,65,74,68,60,68,61}","Скандал в Сонгюнгване / Sungkyunkwan Scandal (Kim Won Suk /Ким Вон Сук) [9/20] [RAW] [KOR+Sub Rus] [Корея, 2010, история, романтика, комедия, TVRip]"
3143912,2,14207590,9BB20FEC086BDF5273ECC70AD6655D8C482E613A,9490404317,1,2026-07-31 02:21:01,3,3,"{7,24,24,24,24,24,24,24,24,24,23,24,24,24,24,24,24,24,24,23,25,24,24,24,25,24,24,26,24,24,24}","{21,72,68,69,71,71,50,61,60,69,54,61,51,56,58,63,60,60,71,66,60,58,57,60,69,61,70,67,60,68,59}","Трасса №1 / Road Number (Lee Jang Soo, Kim Jin Min)[13/20] [RAW] [RUS(int),KOR] [Корея, 2010, боевик, драма, DTVRip]"
3152930,2,14207590,DB16E0CCD59BDADBED0802BA9E3E73DC7D8FA2B3,1445272058,1,2026-07-31 02:21:01,3,3,"{7,24,24,24,24,24,24,24,24,24,23,24,24,24,24,24,24,24,24,23,25,24,24,24,25,24,24,26,24,24,24}","{21,72,68,69,71,71,50,61,60,68,53,61,51,56,62,66,60,60,71,66,59,58,57,60,69,61,71,67,60,68,58}","Влияние / The Influence / (Ли Чжэ-Гю) [4/4] [RAW] [RUS(int),KOR] [Корея, 2010, мелодрама, романтика, DVDRip]"
3156281,2,3325751,4178F3B581CEF9FDA9C97C5916441020283B3FF4,11761813836,1,2026-07-31 02:21:01,5,2,"{7,24,24,24,24,24,24,24,24,24,23,24,24,24,24,24,24,24,24,23,25,24,24,24,25,24,24,26,24,24,24}","{29,85,68,69,74,80,73,77,85,90,78,85,75,80,83,90,84,88,95,89,84,81,79,84,94,85,95,93,84,91,76}","Одиноки в любви / Alone in Love [16/16] (Han Ji Seung / Хан Чжи Сын) [Южная Корея, 2006 г., драма, DVDRip] [KOR+Sub Rus][RAW]"
3156800,2,13331455,CD87F73F020C625C55BBAD2D720265B2ABF31F74,44513732661,1,2026-07-31 02:21:01,2,2,"{7,24,24,24,24,24,24,24,24,24,23,24,24,24,24,24,24,24,24,23,25,24,24,24,25,24,24,26,24,24,24}","{14,48,44,45,47,47,26,37,36,44,31,39,27,32,34,42,36,36,47,43,35,39,35,36,44,37,46,41,36,44,39}","ГИГАНТ / GIANT (Yu In Sik ) [60/60] [KOR+Sub Rus] [RAW] [Корея, 2010 г, драма, боевик, романтика, TVRip]"
3159229,2,16616402,70D3CDFDDDAB6533A4E1B35C1E98E717645617C1,367837345,1,2026-07-31 02:21:01,3,2,"{7,24,24,24,24,24,24,24,24,24,23,24,24,24,24,24,24,24,24,23,25,24,24,24,25,24,24,26,24,24,24}","{26,80,80,79,79,80,74,79,84,74,75,87,75,81,86,90,84,84,95,89,84,84,81,83,94,85,93,94,84,92,84}","Драгоценные Воспоминания / Cherished Memories ( Hwang In Roe) [Южная Корея, 1998 г., мелодрама, романтика, TVRip] [RAW] [KOR+Sub Rus] [01/01]"
3173563,2,3794075,74A67CDE916993B889337FC12BB21651EDCF0E62,723313562,1,2026-07-31 02:21:01,3,3,"{7,24,24,24,24,24,24,24,24,24,23,24,24,24,24,24,24,24,24,23,25,24,24,24,25,24,24,26,24,24,24}","{26,80,80,79,79,80,73,79,87,90,77,85,75,80,82,90,84,84,95,89,85,80,79,84,92,85,94,93,84,92,76}","Незабываемый день / Day / Haru: An Unforgettable Day in Korea (Park Myeong-cheon) [1/1] [Корея, 2010 г., романтика, WEBRip][RAW][KOR+Sub Rus]"
3173893,2,3245293,221B3B07546EAA19607EE1754CBF8F21C6203FB2,14775630529,1,2026-07-31 02:21:01,2,2,"{7,24,24,24,24,24,24,24,24,24,23,24,24,24,24,24,24,24,24,23,25,24,24,24,25,24,24,26,24,24,24}","{14,48,56,45,50,47,42,37,36,44,31,39,27,33,34,42,36,36,47,43,36,37,34,36,44,37,47,41,36,44,39}","Отдел по расследованию серийных убийств / H.I.T (Homicide Investigation Team) [20/20] [Южная Корея, 2007, драма, TVRip] [KOR+Sub Rus] [RAW] [360p]"
3173962,2,14207590,2ACC4D70FDE71732116C33BADD3C29C45D8E13B6,2920020964,1,2026-07-31 02:21:01,3,3,"{7,24,24,24,24,24,24,24,24,24,23,24,24,24,24,24,24,24,24,23,25,24,24,24,25,24,24,26,24,24,24}","{21,72,68,69,71,71,50,61,60,68,54,63,51,56,62,66,60,60,71,66,59,61,58,60,68,61,71,67,60,68,56}","Озорной поцелуй / Mischievous Kiss (Hwang In Roe, Kim Do Hyung)/ [4/16] [RAW] [RUS(int),KOR] [Корея, 2010, романтика, школа, DTVrip]"
3182939,2,1688321,2C28B0EE4BDEF74FEEDA9909A701578D2F1F8E23,11753964586,1,2026-07-31 02:21:01,2,2,"{7,24,24,24,24,24,24,24,24,24,23,24,24,24,24,24,24,24,24,23,25,24,24,24,25,24,24,26,24,24,24}","{14,48,44,45,47,47,26,37,36,44,31,39,27,32,35,42,36,36,47,43,36,39,35,36,44,37,47,41,36,44,22}","Озорной поцелуй / Mischievous Kiss / Playful Kiss (Hwang In Roe, Kim Do Hyung) [16/16] [Корея, 2010 г., романтика, DTVRip][RAW][KOR+Sub Rus]"
3183337,2,3245293,05CDCA6882F1242E9C3903E4F5DD01ED2904ECC6,1337267800,1,2026-07-31 02:21:01,3,3,"{7,24,24,24,24,24,24,24,24,24,23,24,24,24,24,24,24,24,24,23,25,24,24,24,25,24,24,26,24,24,24}","{21,72,68,69,71,71,50,63,60,68,54,61,51,56,62,66,60,60,71,66,60,62,55,60,69,61,71,67,36,68,63}","Любовь слепа / Telecinema: Mind and Love / Love is Blind (Lee Jang Soo ) [Южная Корея, 2009, комедия, мелодрама, TVRip][2/2] [RAW] [KOR+Sub Rus]"
3194033,2,3245293,741B3B03FE3E945CA715AD6E78E854AD9ECF48B8,2936713719,1,2026-07-31 02:21:01,3,3,"{7,24,24,24,24,24,24,24,24,24,23,24,24,24,24,24,24,24,24,23,25,24,24,24,25,24,24,26,24,24,24}","{26,80,80,79,79,80,73,77,85,90,77,85,75,80,82,90,84,84,95,89,84,82,80,83,94,89,93,93,84,92,84}","Спортивный городок Тхэрын / Taereung National Village [8/8] (Lee Yoon-Jung / Ли Юн Чжон) [Южная Корея, 2005 г., драма, TVRip] [KOR+Sub Rus] [RAW]"
3209780,2,4327512,70DDE708B3074419ED8DDFB596399CE70AA55174,14263309894,1,2026-07-31 02:21:01,2,2,"{7,24,24,24,24,24,24,24,24,24,23,24,24,24,24,24,24,24,24,23,25,24,24,24,25,24,24,26,24,24,24}","{14,48,44,45,47,47,26,37,36,44,31,40,31,32,34,42,36,36,47,43,36,37,45,55,56,50,61,49,43,48,46}","Золотая Вилла / Wigiilbal Poongnyeon Villa / Harvest Villa (Jo Hyeon Tak) [20/20] [Южная Корея, RAW] [KOR+Sub Rus] [2010, Южная Корея, комедия, саспенс, HDTVRip]"
3211325,2,4327512,DB73213B647B576D2BEE2AB74F76561ED103FE02,38892027159,1,2026-07-31 02:21:01,2,2,"{7,24,24,24,24,24,24,24,24,24,23,24,24,24,24,24,24,24,24,23,25,24,24,24,25,24,24,26,24,24,24}","{14,48,44,46,47,47,26,37,36,44,31,39,27,32,34,42,36,36,47,43,36,38,34,36,44,37,47,41,39,44,39}","Пламя желаний / Yokmangeui Bulkkot / Flames of Desire (Baek Ho Min) [50/50] [RAW] [KOR+Sub Rus] [Корея, 2010/11, драма, романтика, HDTVRip]"
3211802,2,2669478,E31A64AAE4FBC613D5F92943900D649EA7D14D00,11666236188,1,2026-07-31 02:21:01,3,3,"{7,24,24,24,24,24,24,24,24,24,23,24,24,24,24,24,24,24,24,23,25,24,24,24,25,24,24,26,24,24,24}","{21,72,68,69,76,77,64,73,66,69,54,63,51,56,62,68,74,64,73,72,63,70,59,65,84,75,84,75,44,79,60}","Родина-мать зовёт / Долг превыше всего / Gukgaga Bureunda / My Country Calls / Call Of The Country [16/16] [Южная Корея, 2010, романтика, комедия, DTVRip] [RAW] [360p] VO (Юрий Балякин)"
3224545,2,15077851,8EDB7679171C50250CDB455145443BEE22AEB4E5,29277197438,1,2026-07-31 02:21:01,3,3,"{7,24,24,24,24,24,24,24,24,24,23,24,24,24,24,24,24,24,24,23,25,24,24,24,25,24,24,26,24,24,24}","{21,72,68,69,71,71,50,61,60,68,54,63,51,56,59,66,60,60,71,66,59,59,56,60,69,61,69,67,60,68,50}","Летопись Трех Царств: Легенда о Чумоне / Jumong - Prince of The Legend / Jumong - Prince of The Legend (13-81/81) (Lee Joo Hwan, Kim Geun Hong) [KAZ+Sub Rus] [Корея, 2006, Историческая драма, TVRip]"
3238234,10,13389590,A0A768172DEA33B40496B3706A3DBCAF09A15F64,7347575965,1,2026-07-31 02:21:01,4,2,"{7,24,24,24,24,24,24,24,24,24,23,24,24,24,24,24,24,24,24,23,25,24,24,24,25,24,24,26,24,24,24}","{19,68,62,63,67,64,43,64,62,67,59,65,51,58,53,59,63,61,80,74,55,70,62,59,65,67,76,69,63,82,72}","Что ты затеяла, лиса? / What's Up, Fox? / Hey Fox, What You Want To Do? [7-16/16][RAW][KOR+Sub Rus][Южная Корея, 2006 г., Романтическая комедия, TVRip]"
3242477,2,3075709,34CCA2FC9F4A539B2910A45BB1A1D022F20A56AF,11479949850,1,2026-07-31 02:21:01,2,2,"{7,24,24,24,24,24,24,24,24,24,23,24,24,24,24,24,24,24,24,23,25,24,24,24,25,24,24,26,24,24,24}","{14,48,44,45,47,47,26,37,36,44,31,39,27,37,36,42,36,36,47,43,36,39,35,36,44,37,47,41,36,44,29}","Тройной прыжок / Triple (Lee Yoon Jung) [16/16] [RAW] [KOR+Sub Rus] [Корея, 2009 г., Спорт, романтика, TVRip]"
3255814,2,4439341,51D8B4ECFBE16475EE68AC15D6FD88918C1B4AFA,1462734614,1,2026-07-31 02:21:01,2,2,"{7,24,24,24,24,24,24,24,24,24,23,24,24,24,24,24,24,24,24,23,25,24,24,24,25,24,24,26,24,24,24}","{14,48,44,45,47,47,26,37,36,44,31,37,27,32,35,42,36,36,47,43,36,38,34,36,44,37,47,41,36,44,33}","Озорной поцелуй YouTube / Mischievous Kiss / Playful Kiss [07/07] [RAW] [KOR+Sub Rus] [Южная Корея, 2010, романтика, комедия, IPTVRip]"
3258401,2,7201517,0A2A188E3971E7024B320C14CC77E4D649B98A92,2568957245,1,2026-07-31 02:21:01,3,3,"{7,24,24,24,24,24,24,24,24,24,23,24,24,24,24,24,24,24,24,23,25,24,24,24,25,24,24,26,24,24,24}","{21,72,68,69,71,71,50,61,60,68,54,63,51,56,62,66,55,60,71,66,59,57,56,60,69,61,71,67,60,68,63}","Мэ Ри, которая гуляла всю ночь / Выходи за меня, Мэри! / Mary Stayed Out All Night / Marry Me, Mary! (Hong Suk Goo)[3/16] [RAW] [KOR+Sub Rus][Корея, 2010, романтика, комедия, HDTVRip]"
3258461,2,6425071,9EB54B80344D698CFCFA5FC3EE07AC8A7F10B563,8840714538,1,2026-07-31 02:21:01,3,3,"{7,24,24,24,24,24,24,24,24,24,23,24,24,24,24,24,24,24,24,23,25,24,24,24,25,24,24,26,24,24,24}","{21,72,68,69,71,71,50,61,60,68,54,63,51,56,62,66,54,60,71,66,60,57,58,60,68,64,82,67,60,75,87}","Мэ Ри, где же ты была всю ночь? / Mary Stayed Out All Night [12/16] (Hong Suk Goo) [KOR+Sub Rus] [Корея, 2010, комедия, романтика, HDTVRip] [RAW]"
3268179,2,3325751,5B31D572F047BEF041743FD890350E7ABBA07962,14900895379,1,2026-07-31 02:21:01,2,2,"{7,24,24,24,24,24,24,24,24,24,23,24,24,24,24,24,24,24,24,23,25,24,24,24,25,24,24,26,24,24,24}","{15,50,44,45,47,47,26,37,36,44,31,37,27,32,35,62,60,60,71,66,61,58,56,59,68,61,70,67,60,68,63}","Таинственный сад / Secret Garden [20/20] (Shin Woo-chul / Син У Чхоль) [Южная Корея, 2010, романтика, мистика, TVRip] [KOR+Sub Rus] [RAW]"
3268238,2,3245293,49DB6ECC748952A1378BCE6D627B6BBEE4C248CA,17049969664,1,2026-07-31 02:21:01,3,3,"{7,24,24,24,24,24,24,24,24,24,23,24,24,24,24,24,24,24,24,23,25,24,24,24,25,24,24,26,24,24,24}","{21,72,68,69,71,71,50,61,60,68,54,63,51,56,58,63,55,60,71,66,60,58,56,60,69,61,70,67,60,68,59}","Таинственный сад / Secret Garden (Shin Woo-chul / Син У Чхоль) [20/20 + SP] [Южная Корея, 2010, романтика, мистика, TVRip] [KOR+Sub Rus] [RAW]"
3273953,2,15491628,C6EBF5EE75CBED5CA8190056219AAE3A91E89B47,13162569728,1,2026-07-31 02:21:01,2,2,"{7,24,24,24,24,24,24,24,24,24,23,24,24,24,24,24,24,24,24,23,25,24,24,24,25,24,24,26,24,24,24}","{14,51,44,45,55,52,58,79,90,86,86,85,89,83,87,91,88,100,107,99,82,88,85,83,91,91,74,41,36,44,23}","Одержимые любовью / Loveholic (Lee Gun Joon, Moon Joon Ha, Kim Kyu Tae)[16 из 16][RAW][RUS(int), KOR] [Южная Корея, 2005, драма, TVRip]"
3279164,2,3245293,9FCB803D6B24CC01342A6D2F94793C078EFDB05C,734347970,1,2026-07-31 02:21:01,3,3,"{7,24,24,24,24,24,24,24,24,24,23,24,24,24,24,24,24,24,24,23,25,24,24,24,25,24,24,26,24,24,24}","{21,72,68,69,71,71,50,61,60,68,54,63,51,56,62,66,55,60,71,66,60,59,57,60,68,61,71,67,60,68,63}","Синие ночи Чеджу / Drama City: Blue Nights of Jeju (Kim Kyu Tae) [1/1] [Южная Корея, 2004 г., драма, TVRip] [RAW] [KOR+Sub Rus]"
3296751,2,15275915,91710DEBB2DADAD28909BFF53E61FEBA1F0F29A1,1266182144,1,2026-07-31 02:21:01,3,3,"{7,24,24,24,24,24,24,24,24,24,23,24,24,24,24,24,24,24,24,23,25,24,24,24,25,24,24,26,24,24,24}","{21,72,68,69,71,71,50,61,60,68,54,63,51,56,62,66,60,60,71,66,60,56,58,59,69,61,70,67,60,68,58}","Айрис / A-i-ri-seu / IRIS (2/20) [RUS(int)] [Корея, 2009, экшн, триллер, романтика, DTVRip] [RAW]"
3302584,2,1688321,F275B3F30E5278194A0C263B89E7B341A5FFE31E,11731341693,1,2026-07-31 02:21:01,3,3,"{7,24,24,24,24,24,24,24,24,24,23,24,24,24,24,24,24,24,24,23,25,24,24,24,25,24,24,26,24,24,24}","{21,72,68,69,71,71,50,61,60,68,53,63,51,61,58,66,60,60,71,66,61,61,58,60,69,61,71,67,60,68,47}","Невинный возраст / Age Of Innocence [16/16] [Корея, 2002, мелодрама, романтика, TVRip] [KOR+Sub Rus]"
3309639,2,7928328,23BFC0E0E6E20C2F7C14071C25B300FB7407C715,30305516581,1,2026-07-31 02:21:01,2,2,"{7,24,24,24,24,24,24,24,24,24,23,24,24,24,24,24,24,24,24,23,25,24,24,24,25,24,24,26,24,24,24}","{14,48,44,46,48,50,26,43,41,45,31,39,27,32,38,42,36,38,51,43,36,37,35,37,46,38,46,42,36,46,40}","А я денежки люблю / All my love / Mongttang Naesarang [96/210] (Кан Ён Сон, Хван Гё Чжин) [KOR+Sub Rus] [Корея, 2010-2011 гг., ситком, TVRip][RAW]"
3312495,2,13862888,F9D1D41BFA8D0F6A62709DDE097AE7E8B6FB575D,37574073534,1,2026-07-31 02:21:01,2,2,"{7,24,24,24,24,24,24,24,24,24,23,24,24,24,24,24,24,24,24,23,25,24,24,24,25,24,24,26,24,24,24}","{14,48,44,45,47,47,26,37,36,44,31,39,27,32,37,42,36,36,47,43,36,37,33,36,44,37,46,41,36,44,28}","Глория / Gloria (Kim Min Shik, Kim Kyung Hee) [50/50] [KOR+Sub Rus] (Корея, 2010 г., драма, TVRip)"
3316448,2,4439341,D6CF6E456B59112A5DA4693470E3278EF784D8BD,15220313867,1,2026-07-31 02:21:01,2,2,"{7,24,24,24,24,24,24,24,24,24,23,24,24,24,24,24,24,24,24,23,25,24,24,24,25,24,24,26,24,24,24}","{14,48,44,45,47,47,26,37,36,44,31,39,27,32,37,42,36,36,47,43,36,36,34,36,44,37,47,41,36,44,28}","Беглец: план Б / Do Mang Ja / The Fugitive: Plan B [20/20][RAW][KOR+Sub Rus] [Южная Корея, 2010, экшн, романтика, комедия, TVRip]"
3326202,2,13569896,04EF3D3AF58B35D1029D3A7E26040E838E9E01C6,13349526764,2,2026-07-31 02:21:01,3,2,"{7,24,24,24,24,24,24,24,24,24,23,24,24,24,24,24,24,24,24,23,25,24,24,24,25,24,24,26,24,24,24}","{25,80,80,83,83,81,63,61,60,68,54,61,51,56,58,66,60,60,71,66,60,61,57,60,69,61,69,67,60,68,42}","Виноградарь / The Vineyard Man (16/16) [RUS(int),KOR+Sub] [RAW] [Корея, 2006 г., романтическая комедия, DTVRip]"
3331949,2,12819028,2B0D51D199EDED5C59E23F1EF6F0544E00D4CF18,16397234349,1,2026-07-31 02:21:01,3,2,"{7,24,24,24,24,24,24,24,24,24,23,24,24,24,24,24,24,24,24,23,25,24,24,24,25,24,24,26,24,24,24}","{21,72,68,69,71,74,70,77,66,76,69,72,66,65,73,90,84,84,95,89,90,81,80,84,94,85,95,93,84,92,69}","Афина: Богиня войны / Athena: Goddes Of War / Atena: Jeonjaeng-ui Yeoshin (Kim Myung Joon, Kim Tae Hoon, Hwang Jung Hyun) [20/20] [Южная Корея, 2010 г., экшн, триллер, романтика, HDTVRip] [KOR+Sub Rus] [RAW]"
3331980,2,2669478,493042C745BAA23724A58F044A19200E77CC783F,15703139240,1,2026-07-31 02:21:01,2,2,"{7,24,24,24,24,24,24,24,24,24,23,24,24,24,24,24,24,24,24,23,25,24,24,24,25,24,24,26,24,24,24}","{14,48,44,45,47,47,26,37,36,44,31,39,27,32,35,42,36,36,47,43,35,38,34,36,44,37,45,41,36,44,32}","Родной дом / Jeulgeowoon Naui Jib / My Happy Home / Home Sweet Home [16/16] [Южная Корея, RAW] [2010, Южная Корея, детектив, драма, DTVRip] [450p] VO / KOR+Sub (Юрий Балякин)"
3337708,2,1688321,4324D20B6DABB17272C53AF0779C70A531AE8D6F,11161650444,1,2026-07-31 02:21:01,3,2,"{7,24,24,24,24,24,24,24,24,24,23,24,24,24,24,24,24,24,24,23,25,24,24,24,25,24,24,26,24,24,24}","{21,72,68,69,71,71,50,61,60,68,54,63,51,54,57,66,60,60,71,66,61,57,57,60,69,61,71,77,60,68,63}","Любовь как бейсбол / 9 End 2 Outs [16/16] [Южная Корея, 2007, романтика, комедия, TVRip] [RAW] [KOR+Sub Rus]"
3355556,2,3023577,059267D68F6E3CA1DC8B571139A554B9EF0B1E1B,13929527295,1,2026-07-31 02:21:01,2,2,"{7,24,24,24,24,24,24,24,24,24,23,24,24,24,24,24,24,24,24,23,25,24,24,24,25,24,24,26,24,24,24}","{14,48,44,45,47,47,26,37,36,44,30,37,27,47,39,50,46,55,60,56,53,38,34,52,54,41,64,52,43,47,47}","Одержимые мечтой / Dream High (Ли Ын Бок) [16/16] [Южная Корея, RAW] [KOR+Sub Rus] (Южная Корея, 2011, музыкальный, школа, романтика, HDTVRip)"
3364565,2,14789714,9F215E41B0D94278DB8D5FF6DADAC957FED93F42,943579739,1,2026-07-31 02:21:01,3,3,"{7,24,24,24,24,24,24,24,24,24,23,24,24,24,24,24,24,24,24,23,25,24,24,24,25,24,24,26,24,24,24}","{21,72,68,69,71,67,50,63,60,68,54,63,51,56,62,66,60,60,71,66,59,60,57,58,69,61,71,67,60,68,57}","Пианист / Pianist (KBS Drama Special) (Moon Joon Ha) [1/1] [Корея, 2010 г., мелодрама, романтика, HDTVRip][RAW][KOR+Sub Rus]"
3364687,2,2662151,E5DD8A5433DD5AB0B7866E4024039DA4ABE5ADD4,13290695210,1,2026-07-31 02:21:01,3,3,"{7,24,24,24,24,24,24,24,24,24,23,24,24,24,24,24,24,24,24,23,25,24,24,24,25,24,24,26,24,24,24}","{20,87,82,86,87,88,73,87,93,101,82,69,71,87,75,84,94,80,73,92,103,82,77,87,98,81,80,91,67,89,74}","Рисующий ветер / Художник ветра / Ba-lam-eui Hwa-won / The Painter of the Wind [20/20] [RAW] [RUS(int), KOR] [Корея, 2008, исторический, романтика, DVDRip]"
3369772,2,3245293,FCEB05088643B3C8E2059B225505CDB5A726B169,817565947,1,2026-07-31 02:21:01,3,3,"{7,24,24,24,24,24,24,24,24,24,23,24,24,24,24,24,24,24,24,23,25,24,24,24,25,24,24,26,24,24,24}","{21,72,68,69,71,71,50,63,60,68,54,63,51,56,62,66,60,60,71,66,59,60,57,60,69,61,70,67,60,68,61}","Летняя история / Summer Story (KBS Drama Special) (Yoon Sung Shik / Юн Сон Сик) [1/1] [Южная Корея, 2010 г., драма, TVRip] [RAW] [KOR+Sub Rus]"
3379540,2,4439341,0246EAF563FA9B33E9A112DE45ACC75D2EE52E50,11244104444,1,2026-07-31 02:21:01,3,3,"{7,24,24,24,24,24,24,24,24,24,23,24,24,24,24,24,24,24,24,23,25,24,24,24,25,24,24,26,24,24,24}","{21,72,68,69,71,71,50,63,60,68,54,63,51,56,62,66,60,60,71,66,59,61,59,60,69,61,70,67,60,68,62}","Стиль / Style [Oh Jong Rok] [RAW] [KOR+Sub Rus] [16/16] [2009, Южная Корея, романтика, комедия, TVRip]"
3382243,2,8956750,85E2875B75D3D4557537E04B75FA12729C7D3CDA,9550897339,1,2026-07-31 02:21:01,3,3,"{7,24,24,24,24,24,24,24,24,24,23,24,24,24,24,24,24,24,24,23,25,24,24,24,25,24,24,26,24,24,24}","{21,72,68,69,71,71,60,61,60,68,54,63,51,56,58,66,60,60,71,66,60,61,57,60,69,61,70,67,60,68,47}","Хирург Пон Дар Хи / Surgeon Bong Dal Hee (Hee Kim Hyung Sik) [13/18] [RAW] [KOR+Sub Rus] [Корея, 2007, драма, медицина, TVRip]"
3383194,2,12819028,A102551A13755477C2FAB2AF7FDE0B6D9781DBA9,17757551376,1,2026-07-31 02:21:01,2,2,"{7,24,24,24,24,24,24,24,24,24,23,24,24,24,24,24,24,24,24,23,25,24,24,24,25,24,24,26,24,24,24}","{14,48,44,45,47,47,26,37,36,44,31,39,27,33,34,42,36,36,47,43,36,38,34,36,44,37,47,41,36,44,24}","Гурман / Gourmet / The Grand Chef / Trencherman / Best Chef / Shikgaek (Choi Jong Soo) [24/24] [Южная Корея, 2008 г., романтика, HDTVRip] [KOR+Sub Rus] [RAW]"
3389074,2,4439341,2B48F5F6F57D02482E31F45A7405008E677356C8,9249666090,1,2026-07-31 02:21:01,3,3,"{7,24,24,24,24,24,24,24,24,24,23,24,24,24,24,24,24,24,24,23,25,24,24,24,25,24,24,26,24,24,24}","{21,72,68,69,71,71,50,61,60,68,54,63,51,56,58,66,60,60,71,66,60,59,57,60,69,61,71,67,60,68,63}","Моя принцесса / Ma-i Peu-rin-se-seu / My Princess [Kang Dae-seon] (11/16) [RAW] [KOR+Sub Rus][Южная Корея, 2011, романтика, комедия, HDTVRip]"
3400527,2,4709759,70D817A9B3C1AE424927ED904518C670ADDAE8E6,9539533033,1,2026-07-31 02:21:01,2,2,"{7,24,24,24,24,24,24,24,24,24,23,24,24,24,24,24,24,24,24,23,25,24,24,24,25,24,24,26,24,24,24}","{14,48,44,48,47,52,26,37,36,61,38,43,27,32,35,42,36,36,47,43,36,37,33,36,43,37,47,41,36,44,31}","Моя принцесса / Ma-i Peu-rin-se-seu / My Princess [Kang Dae-seon] (6-16/16) [RAW] [KOR+Sub Rus] [Корея, 2011, комедия, романтика, HDTVRip]"
3401700,2,8956750,85355E3E4CB30C741B2AB35A1ED36975B2378FA6,2366400043,1,2026-07-31 02:21:01,3,3,"{7,24,24,24,24,24,24,24,24,24,23,24,24,24,24,24,24,24,24,23,25,24,24,24,25,24,24,26,24,24,24}","{21,72,68,69,71,71,50,61,60,68,54,61,51,56,59,66,60,60,71,66,60,62,57,60,69,61,70,67,60,68,64}","Рок, Рок, Рок / Rock Rock Rock (KBS Drama Special Series) (Lee Won-ik) [3/4] [KOR+Sub Rus] [Корея, 2010, драма, музыка, TVRip] [RAW]"
3410334,2,6896572,03477A8C71B48F5B0C48A60D8F0214909516BE31,14544065612,1,2026-07-31 02:21:01,2,1,"{7,24,24,24,24,24,24,24,24,24,23,24,24,24,24,24,24,24,24,23,25,24,24,24,25,24,24,26,24,24,24}","{10,59,60,55,94,50,38,64,69,72,48,69,91,78,53,51,70,47,92,85,56,43,37,42,46,60,84,76,60,90,41}","Моя принцесса / Ma-i Peu-rin-se-seu / My princess [16/16] [RAW] [RUS(int), KOR] [Корея, 2011, Романтика, комедия, DTVRip] (MVO) GREEN TEA"
3413752,2,2151552,B1A713C9A996AEB1133F7403C0B8B67005C38A8A,26697509976,1,2026-07-31 02:21:01,2,2,"{7,24,24,24,24,24,24,24,24,24,23,24,24,24,24,24,24,24,24,23,25,24,24,24,25,24,24,26,24,24,24}","{14,48,44,45,47,47,26,37,36,44,31,39,27,32,38,42,36,36,47,43,36,39,35,35,44,37,47,41,36,44,39}","История кисэн / Shin Gisaeng Dyeon / New Tales of Gisaeng ( Son Moon Kwon) [26/52] [Полухардсаб] [Корея, 2011 г., Драма, HDTVRip] [KOR+Sub Rus]"
3417606,2,13569896,20362E131138606EDC8BDB615B553BCDA1F1882E,1769294744,1,2026-07-31 02:21:01,3,3,"{7,24,24,24,24,24,24,24,24,24,23,24,24,24,24,24,24,24,24,23,25,24,24,24,25,24,24,26,24,24,24}","{21,72,68,69,71,71,50,61,60,68,54,63,51,56,62,66,55,60,71,66,60,58,58,60,69,61,71,67,60,68,63}","Одержимые мечтой / Dream High [1/16] [Южная Корея, RAW] [RUS(int),KOR+Sub] (Южная Корея, 2011, музыкальный, школа, романтика, HDTVRip)"
3424193,2,17884367,8B96F1D1107C574BF3A42DDC49103C249A0B5B50,11757478221,1,2026-07-31 02:21:01,3,2,"{7,24,24,24,24,24,24,24,24,24,23,24,24,24,24,24,24,24,24,23,25,24,24,24,25,24,24,26,24,24,24}","{26,80,74,73,75,78,71,71,70,81,67,75,68,66,81,80,77,83,88,78,76,85,60,60,69,61,70,67,60,68,50}","Месть кумихо / The Gumiho's Revenge (Lee Gun Joon, Lee Jae Sang) [16/16] [RAW] [KOR+Sub Rus] [Корея, 2010, триллер, мистика, мелодрама, DTVRip]"
3437868,2,4327512,C98D12E666F724241B8A9B72D3492086D01C2E29,11753722450,1,2026-07-31 02:21:01,3,3,"{7,24,24,24,24,24,24,24,24,24,23,24,24,24,24,24,24,24,24,23,25,24,24,24,25,24,24,26,24,24,24}","{21,72,68,69,71,71,50,61,60,68,54,63,51,56,58,66,60,60,71,66,61,62,58,60,69,61,70,67,60,68,57}","Райская долина / Paradaiseu Mokjang / Paradise Ranch [16/16] [RAW] [KOR+Sub Rus] [Корея, 2011, комедия, романтика, TVRip]"
3440568,2,21591619,DACA083E22F1F3D85B7AC2058C61C9FBE2855E58,22874874227,1,2026-07-31 02:21:01,2,2,"{7,24,24,24,24,24,24,24,24,24,23,24,24,24,24,24,24,24,24,23,25,24,24,24,25,24,24,26,24,24,24}","{14,48,44,45,47,47,26,37,36,44,31,39,27,32,34,42,36,36,47,43,35,39,34,36,44,37,47,41,36,44,39}","Королева неудач / Yeokjeonui Yeowang / Queen of Reversals [Kim Nam Won, Jung Dae Yoon] (31/31) [KOR+Sub Rus] [Корея, 2010-2011, Мелодрама, комедия, TVRip] [RAW]"
3443146,2,4709759,09848A74CAEDBA754A817F3AB8CAE9DD5940021A,5881758574,1,2026-07-31 02:21:01,3,3,"{7,24,24,24,24,24,24,24,24,24,23,24,24,24,24,24,24,24,24,23,25,24,24,24,25,24,24,26,24,24,24}","{21,72,69,69,71,71,50,61,60,68,54,63,51,56,58,66,60,60,71,66,60,58,55,59,68,61,71,67,60,68,63}","Снежная Королева / The Snow Queen [Lee Hyeong Min] [16/16] [RAW] [KOR+Sub Rus] [Корея, 2006 год, романтика, драма, TVRip]"
3448983,2,14051670,FE993631677B1480FBF4B4B5CFC88E6E94C41A38,11757495098,1,2026-07-31 02:21:01,3,3,"{7,24,24,24,24,24,24,24,24,24,23,24,24,24,24,24,24,24,24,23,25,24,24,24,25,24,24,26,24,24,24}","{21,72,68,69,71,71,50,61,60,68,54,63,51,56,68,70,60,60,71,66,59,61,56,60,69,61,71,67,60,68,63}","Когда наступит весна / When Spring Comes / Flowers Bloom When Spring Comes [RAW] [KOR+Sub Rus] [16 из 16] [Корея, 2007, Романтика, комедия, HDTVRip]"
3458150,2,4709759,F295817F6BB8B593C38CC1CACEC76229DE58CB1C,8814174322,1,2026-07-31 02:21:01,3,2,"{7,24,24,24,24,24,24,24,24,24,23,24,24,24,24,24,24,24,24,23,25,24,24,24,25,24,24,26,24,24,24}","{18,73,72,65,73,73,37,55,62,63,72,70,54,50,65,75,73,72,66,68,40,57,56,55,64,72,75,69,55,60,56}","Родственные души / Soulmate (Noh Do Chul, Sun Hye Yoon) [KOR+Sub Rus] [Южная Корея, 2006 г., романтическая комедия, TVRip] [12/12] [RAW]"
3466909,2,14207590,FCE6763D44A16634AFAECC0AF0F1ECA2A024D9A8,15870300160,1,2026-07-31 02:21:01,5,1,"{7,24,24,24,24,24,24,24,24,24,23,24,24,24,24,24,24,24,24,23,25,24,24,24,25,24,24,26,24,24,24}","{33,105,106,96,94,97,87,94,87,88,77,85,75,80,86,90,84,75,72,90,84,83,78,84,90,85,93,93,77,92,81}","Сестра Золушки / Cinderella's Sister / [Kim Young Jo] (20/20) [RAW] [RUS(int),KOR] [2010, Южная Корея, романтика, мелодрама, DTVRip]"
3467311,2,4709759,F3A43A54E96A9888BA3E0D38540BD439C7E395CA,7404377476,1,2026-07-31 02:21:01,3,3,"{7,24,24,24,24,24,24,24,24,24,23,24,24,24,24,24,24,24,24,23,25,24,24,24,25,24,24,26,24,24,24}","{21,72,68,69,71,71,50,60,60,68,54,63,51,56,58,66,60,60,71,66,59,61,56,59,69,61,71,67,60,68,49}","Дуэт / The Duo [9/32] [Корея, 2011, исторический, романтика, драма, HDTVRip] [RAW] [450p] + Sub Rus"
3471990,2,3245293,FF37BC438A029763599B7B7F8D6FEB60076E3ACB,13768127096,1,2026-07-31 02:21:01,2,2,"{7,24,24,24,24,24,24,24,24,24,23,24,24,24,24,24,24,24,24,23,25,24,24,24,25,24,24,26,24,24,24}","{14,48,44,45,47,47,26,37,36,44,31,39,27,32,35,42,36,36,47,43,36,37,33,36,44,37,47,41,36,44,39}","Убойный отдел / Kangryukban / Crime Squad [16/16] (Kwon Gye Hong / Квон Ге Хон) (Южная Корея, Южная Корея, Южная Корея, 2011, детектив, HDTVRip) [KOR+Sub Rus] [RAW]"
3474229,2,4709759,8749C4FFEB686B88C29CD0D17DE27FBEE909A606,14765692796,1,2026-07-31 02:21:01,2,2,"{7,24,24,24,24,24,24,24,24,24,23,24,24,24,24,24,24,24,24,23,25,24,24,24,25,24,24,26,24,24,24}","{14,48,44,45,47,47,26,37,36,44,31,39,27,32,36,42,36,36,47,43,36,37,35,36,44,37,57,41,36,44,29}","Паста / Pasta (Kwon Seok Jang) [20/20] [KOR+Sub Rus] [Корея, 2010 г., романтическая комедия, TVRip] [RAW]"
3479179,2,21591619,5EEEB82F184C20B817E157C865723585307B5C78,16960420240,1,2026-07-31 02:21:01,3,3,"{7,24,24,24,24,24,24,24,24,24,23,24,24,24,24,24,24,24,24,23,25,24,24,24,25,24,24,26,24,24,24}","{21,72,68,69,71,71,50,61,60,68,54,63,51,56,60,66,55,60,71,66,59,58,56,60,68,61,71,67,60,68,55}","Поющая в терновнике / Kashinamoosae / The Thorn Bird [Kim Jong Chang] (20/20) [RAW] [KOR+Sub Rus] [Корея, 2011г., Мелодрама, драма, романтика, HDTVRip]"
3483295,2,6896572,73C1C6F84731050394D21AF88D1E34DD9746B82B,12000130568,1,2026-07-31 02:21:01,3,3,"{7,24,24,24,24,24,24,24,24,24,23,24,24,24,24,24,24,24,24,23,25,24,24,24,25,24,24,26,24,24,24}","{21,72,68,69,71,70,50,61,61,68,54,61,51,56,58,66,60,60,71,66,59,60,57,60,69,61,71,67,60,68,52}","Я - легенда / Naneun Junseolida / I Am Legend [16/16] [KOR+Sub Rus] [Корея, 2010, Романтика, музыкальный, TVRip] [RAW]"
3487266,2,7925346,6C7769CC7B9A3C68AC8F5F355CC8774160702E4D,14903336417,1,2026-07-31 02:21:01,2,2,"{7,24,24,24,24,24,24,24,24,24,23,24,24,24,24,24,24,24,24,23,25,24,24,24,25,24,24,26,24,24,24}","{14,48,48,45,47,47,26,37,36,44,31,37,27,32,33,42,39,37,50,47,44,49,44,36,44,37,51,41,36,46,47}","49 дней / 49 il / 49 Days [20/20] (Jo Yeong Gwang) [KOR+Sub Rus] [Корея, 2011, романтика, мистика, DTVRip] [RAW]"
3489923,2,9372379,8FD231EA3B35489E7698461B6E1A1688F884E73A,3989349865,1,2026-07-31 02:21:01,2,2,"{7,24,24,24,24,24,24,24,24,24,23,24,24,24,24,24,24,24,24,23,25,24,24,24,25,24,24,26,24,24,24}","{14,48,44,45,47,47,26,37,36,44,31,39,27,32,38,42,36,36,47,43,36,38,33,36,44,37,47,41,36,44,39}","Любви все возрасты покорны... / Bolsurok Aegyomanjeom / More Charming by the Day [12/138] [KOR+Sub Rus] [Корея, 2010, ситком, семейный, комедия, романтика, TVRip]"
3498312,2,4709759,D7C614F803A8997B55F5A4BF93A3D2E3C0D9D584,16821397507,1,2026-07-31 02:21:01,3,2,"{7,24,24,24,24,24,24,24,24,24,23,24,24,24,24,24,24,24,24,23,25,24,24,24,25,24,24,26,24,24,24}","{21,72,68,69,71,71,50,61,60,68,54,63,51,56,57,66,60,62,71,66,60,59,55,59,69,61,73,93,73,69,54}","49 дней / 49 Days [Jo Young Kwang] (20/20) [RAW] [KOR+Sub Rus] [2011, Южная Корея, фэнтези, романтика, HDTVRip]"
3500498,2,7925346,283CA75DAA384B6E9F4041D876312CCE97A373F7,11745102092,1,2026-07-31 02:21:01,2,2,"{7,24,24,24,24,24,24,24,24,24,23,24,24,24,24,24,24,24,24,23,25,24,24,24,25,24,24,26,24,24,24}","{14,48,44,45,47,47,26,37,36,44,31,39,27,32,38,42,36,36,47,43,35,38,35,36,44,37,47,41,36,44,39}","Горячая кровь / Yeolhyeol Jangsaggun / Hot Blood (18/20) [KOR+Sub Rus][RAW] [Корея, 2009, драма, DTVRip]"
3519076,2,6896572,7B21DF9B51F848754BCEEFFF1BABF6DDB3D5248C,16326316598,1,2026-07-31 02:21:01,2,2,"{7,24,24,24,24,24,24,24,24,24,23,24,24,24,24,24,24,24,24,23,25,24,24,24,25,24,24,26,24,24,24}","{14,55,44,45,47,47,26,37,36,44,35,39,27,32,34,42,36,36,47,43,35,37,34,36,44,37,47,41,36,44,29}","Беглец: План Б / Do Mang Ja / The Fugitive: Plan B [20/20] [RUS(int), KOR] [Южная Корея, 2010, экшн, романтика, комедия, TVRip] [RAW] [VO] GREEN TEA"
3522196,2,10700212,33136AB990FDBFB99FBD745F1993D6D5580D582F,12809777152,1,2026-07-31 02:21:01,2,2,"{7,24,24,24,24,24,24,24,24,24,23,24,24,24,24,24,24,24,24,23,25,24,24,24,25,24,24,26,24,24,24}","{16,71,87,79,117,75,58,82,67,77,50,87,114,95,65,60,80,58,80,81,73,62,42,54,62,78,87,94,77,109,58}","Озорной поцелуй / Mischievous Kiss (Hwang In Roe, Kim Do Hyung)/ [16/16] [RAW] [RUS(int),KOR] [Корея, 2010, романтика, школа, DTVrip]"
3526943,2,3245293,B10869B7C895AA28B0AF56E11FCCC38F3B493E98,6980156903,1,2026-07-31 02:21:01,2,2,"{7,24,24,24,24,24,24,24,24,24,23,24,24,24,24,24,24,24,24,23,25,24,24,24,25,24,24,26,24,24,24}","{14,54,57,64,64,62,40,51,50,55,43,44,41,46,51,56,52,56,72,62,54,51,49,49,62,53,61,57,52,60,45}","Белое Рождество / White Christmas (Kim Yong Soo / Ким Ён Су) [08/08] [KOR+Sub Rus] [Южная Корея, 2011, драма, триллер, HDTVRip] [RAW]"
3540983,2,1688321,FC0F9E9F9EA2071AEFF883104970B135C4E584B5,12141750192,1,2026-07-31 02:21:01,2,2,"{7,24,24,24,24,24,24,24,24,24,23,24,24,24,24,24,24,24,24,23,25,24,24,24,25,24,24,26,24,24,24}","{14,48,44,45,47,47,26,37,36,44,31,39,27,32,34,42,36,36,47,43,36,38,35,36,44,37,47,41,36,44,29}","Доктор Чэмп / Dr. Champ [16/16] [Корея, 2010, романтика, спорт, медицина, DTVRip] [KOR+Sub Rus] [RAW]"
3548611,2,4709759,B181CACADF954A0692C9EBA444763F45BCFB6270,10900168254,1,2026-07-31 02:21:01,2,2,"{7,24,24,24,24,24,24,24,24,24,23,24,24,24,24,24,24,24,24,23,25,24,24,24,25,24,24,26,24,24,24}","{14,48,44,45,47,47,26,39,37,44,31,37,27,32,35,39,36,36,47,43,35,38,33,36,43,37,47,41,36,44,39}","Нянь / Manny [Lee Yong Hae, Park Soo Chul] (16/16) [RAW] [KOR+Sub Rus] [Корея, 2011, комедия, романтика, HDTVRip]"
3556655,2,4048229,10D300ACA492BD17D47C971D98AC96D559ABE183,3675621221,1,2026-07-31 02:21:01,3,3,"{7,24,24,24,24,24,24,24,24,24,23,24,24,24,24,24,24,24,24,23,25,24,24,24,25,24,24,26,24,24,24}","{21,72,68,69,71,71,50,61,59,68,54,63,51,56,61,63,54,64,71,66,60,58,58,60,69,61,71,67,60,68,48}","Гиена / Hyena (Jo Soo Won) (12-16/16) [KOR+Sub Rus] [Корея, 2006, Романтическая комедия,мелодрама DTVRip] [RAW]"
3560552,2,10700212,2A7E2C902CF30311FBC0065C7CBE9BBE6AF1AFE8,18010392576,1,2026-07-31 02:21:01,2,2,"{7,24,24,24,24,24,24,24,24,24,23,24,24,24,24,24,24,24,24,23,25,24,24,24,25,24,24,26,24,24,24}","{14,68,73,73,77,74,50,73,83,90,76,95,80,72,81,85,85,84,103,95,97,86,82,87,85,84,93,97,89,83,82}","Таинственный сад / Secret Garden (Shin Woo-chul / Син У Чхоль) [20/20] [RUS(int), KOR] [Корея, 2010, романтика, мистика, TVRip] [RAW]"
3562353,2,13862888,5D1FB692DE680A9E0788E3C40694E1A181BDA58D,15190262180,1,2026-07-31 02:21:01,2,2,"{7,24,24,24,24,24,24,24,24,24,23,24,24,24,24,24,24,24,24,23,25,24,24,24,25,24,24,26,24,24,24}","{14,48,44,45,47,47,26,37,36,44,31,39,27,32,35,42,36,36,47,43,35,39,33,35,44,37,46,41,36,44,39}","Могучий Чхиль У / Strongest Chil Woo (Park Man Young) [20/20] [KOR+Sub Rus] (Корея, 2008 г., историческая драма, TVRip) [RAW]"
3564416,2,4327512,36B53D49FFF54201D8CA2638E7DD3CC41BF7DCF7,12174211356,1,2026-07-31 02:21:01,3,3,"{7,24,24,24,24,24,24,24,24,24,23,24,24,24,24,24,24,24,24,23,25,24,24,24,25,24,24,26,24,24,24}","{21,72,68,69,71,71,50,61,60,68,54,63,51,56,56,66,60,60,71,66,60,60,57,60,69,61,71,67,60,68,56}","Идеальный роман / Choigowei Sarang / The Greatest Love [16/16] [RAW] [KOR+Sub Rus] [Корея, 2011, комедия, романтика, TVRip]"
3567762,2,679047,704DB10D315400F2C97C927F04931BFBE0F62D72,3778069836,1,2026-07-31 02:21:01,4,2,"{7,24,24,24,24,24,24,24,24,24,23,24,24,24,24,24,24,24,24,23,25,24,24,24,25,24,24,26,24,24,24}","{28,96,85,96,99,101,96,97,94,96,96,94,99,96,97,99,98,91,75,92,99,99,94,98,107,96,99,104,96,95,98}","Детское личико / Baby-faced Beauty / Dongahn minyeo / Babyfaced Beauty [5/20] [KOR+Sub Rus] [Корея, 2011, комедия, романтика, TVRip] [RAW]"
3568470,2,4327512,3A80604CE56B9C80DA631EB1623B62A6167C2C4E,13341854211,1,2026-07-31 02:21:01,3,2,"{7,24,24,24,24,24,24,24,24,24,23,24,24,24,24,24,24,24,24,23,25,24,24,24,25,24,24,26,24,24,24}","{21,73,55,62,62,74,50,61,59,69,61,68,48,57,56,68,52,62,71,57,47,60,54,45,60,49,62,59,48,59,50}","Обмани меня! / Naege Geojitmaleul Haebwa / Lie to Me [16/16] [RAW] [KOR+Sub Rus] [Корея, 2011, комедия, романтика, HDTVRip]"
3571126,2,6819532,004D50534D98DA2F932FD48B64F62EF2A1E4BB3A,11777539702,1,2026-07-31 02:21:01,2,2,"{7,24,24,24,24,24,24,24,24,24,23,24,24,24,24,24,24,24,24,23,25,24,24,24,25,24,24,26,24,24,24}","{14,48,44,45,47,47,26,37,36,44,31,39,27,35,34,39,36,36,47,43,36,37,33,36,44,37,47,41,36,44,39}","Мафиози в подгузнике / Kid Gang / Kid Gang [16/16] [KOR+Sub Rus] [Корея, 2007, комедия (с элементами чёрного юмора), TVRip]"
3584864,2,15446027,3B83BDEED14DD9370AAD9703C307EDDFD7A1D0E4,17184990934,1,2026-07-31 02:21:01,3,2,"{7,24,24,24,24,24,24,24,24,24,23,24,24,24,24,24,24,24,24,23,25,24,24,24,25,24,24,26,24,24,24}","{21,72,68,69,71,66,50,61,60,68,54,63,51,56,58,63,60,60,71,66,60,60,56,60,69,61,71,67,60,70,55}","Обмани меня! / Naege Geojitmaleul Haebwa / Lie to Me (16/16) [RUS(int), RUS(ext), KOR] [Корея, 2011, комедия, романтика, HDTVRip] [RAW]"
3589178,2,7744122,F081F501678EB98C8B6BB9A0BF22A3E6C76CA1D9,16664756998,1,2026-07-31 02:21:01,2,2,"{7,24,24,24,24,24,24,24,24,24,23,24,24,24,24,24,24,24,24,23,25,24,24,24,25,24,24,26,24,24,24}","{14,48,44,45,47,47,26,37,36,44,31,39,27,32,33,42,36,36,47,43,36,38,34,35,44,37,52,60,58,67,54}","Городской охотник / Siti Hyunteo / City Hunter [Jin Hyuk] (20/20) [RAW] [KOR+Sub Rus] [Корея, 2011, детектив, комедия, боевик, романтика, HDTVRip]"
3589381,2,6896572,7ADC4DDFC8EDDEC480B2E8538063E6F1CB1FDDCB,14796646641,1,2026-07-31 02:21:01,2,2,"{7,24,24,24,24,24,24,24,24,24,23,24,24,24,24,24,24,24,24,23,25,24,24,24,25,24,24,26,24,24,24}","{14,50,52,48,53,54,29,43,41,46,33,44,32,34,36,45,49,39,48,50,37,41,39,36,45,43,57,53,44,54,41}","Городской охотник / Siti Hyunteo / City Hunter [20/20] [KOR+Sub Rus] [Корея, 2011, романтика, комедия, детектив, TVRip] [RAW]"
3596704,2,5577667,ABB1258F086B4402BD445F2AEC5FEF99C4B0A985,51399053582,1,2026-07-31 02:21:01,2,2,"{7,24,24,24,24,24,24,24,24,24,23,24,24,24,24,24,24,24,24,23,25,24,24,24,25,24,24,26,24,24,24}","{14,48,44,50,47,47,26,48,36,44,31,44,39,32,33,42,36,36,47,65,36,42,42,52,48,43,61,41,36,49,29}","Летопись Трех Царств: Легенда о Чумоне / Jumong - Prince of The Legend / The Book of Three Han: The Chapter of Joo Mong (Lee Joo Hwan, Kim Geun Hong) [Корея, 2006, историческая драма, HDTVRip] [RAW] [KOR+Sub Rus] [12-81/81]"
3597687,2,18370246,6D5C4B3F1F46325D22B45B1EA9AFD2D142E3FFAC,11857601317,1,2026-07-31 02:21:01,3,1,"{7,24,24,24,24,24,24,24,24,24,23,24,24,24,24,24,24,24,24,23,25,24,24,24,25,24,24,26,24,24,24}","{26,80,76,79,78,83,80,87,87,80,77,85,72,80,75,90,71,72,92,77,72,80,75,69,84,73,86,85,72,83,63}","Мисс Рипли / Miss. Ripley (Choi Yi Sup, Choi Won Suk) (16/16) [RAW] [KOR+Sub] [Южная Корея, 2011, Мелодрама, TVRip]"
3603787,2,10700212,B02EAFBA147D48BB27D9C025373A439833B9A29E,16657440768,1,2026-07-31 02:21:01,4,1,"{7,24,24,24,24,24,24,24,24,24,23,24,24,24,24,24,24,24,24,23,25,24,24,24,25,24,24,26,24,24,24}","{29,165,198,193,228,175,140,152,107,160,111,155,164,157,108,120,131,125,172,128,117,116,115,127,105,119,181,176,140,165,124}","Городской охотник / Siti Hyunteo / City Hunter [20/20] [RUS(int), KOR] [Корея, 2011, детектив, боевик, романтика TVRip] DVO (GREEN TEA)"
3617301,2,1688321,F656CFBD7884EAD6FBB53B55AFCC5BC5DF5B43BD,12596130168,1,2026-07-31 02:21:01,2,2,"{7,24,24,24,24,24,24,24,24,24,23,24,24,24,24,24,24,24,24,23,25,24,24,24,25,24,24,26,24,24,24}","{14,48,44,45,47,47,26,37,37,44,31,39,27,32,34,42,36,36,47,43,35,37,34,36,43,37,47,41,36,44,39}","Одержимые мечтой / Вперед - за мечтой! / Dream High [16/16] [Южная Корея, RAW] [KOR+Sub Rus] (Южная Корея, 2011, музыкальный, школа, романтика, HDTVRip)"
3620671,2,19218970,5BF369B96C7529B428C1FA1704310BDC68283573,9679139212,1,2026-07-31 02:21:01,3,2,"{7,24,24,24,24,24,24,24,24,24,23,24,24,24,24,24,24,24,24,23,25,24,24,24,25,24,24,26,24,24,24}","{21,72,68,69,71,71,50,61,61,51,31,39,27,32,50,63,60,60,71,66,61,61,57,60,69,71,73,67,60,68,49}","Хочу романтики / I need romance (Lee Chang Han) [16/16] [Корея, 2011, романтика, комедия, TVRip] [KOR+Sub Rus] [RAW]"
3621243,2,20872072,B507CCF7D272D9FC8B0E8BA7CF50A74C46B1C63A,839272167,1,2026-07-31 02:21:01,3,3,"{7,24,24,24,24,24,24,24,24,24,23,24,24,24,24,24,24,24,24,23,25,24,24,24,25,24,24,26,24,24,24}","{21,72,68,69,71,69,50,61,60,68,53,63,51,56,62,66,60,60,71,66,59,58,57,60,69,61,71,67,60,68,56}","Да будет Шоу! / Welcome to the Show [1/1] [KOR+Sub Rus] [Корея, 2011, комедия, TVRip] [RAW]"
3630195,2,15907115,A348E1736D57F8292F8D5E40679310E2D5E7C22A,4609910784,1,2026-07-31 02:21:01,3,3,"{7,24,24,24,24,24,24,24,24,24,23,24,24,24,24,24,24,24,24,23,25,24,24,24,25,24,24,26,24,24,24}","{26,80,80,79,79,80,73,77,85,90,77,87,75,80,82,90,84,84,95,89,84,86,79,83,94,85,94,93,84,92,86}","Зачем ты пришёл в мой дом? / Woori jipyeo wae wassni? / Why Did You Come To Our House? [07/20] [RUS] [Корея, 2008 г., комедия, романтическая комедия, TVRip]"
3635799,2,20068232,CA21FDF4F6E51CE41AD40DD453E7AB0E2C831833,12695460361,1,2026-07-31 02:21:01,2,2,"{7,24,24,24,24,24,24,24,24,24,23,24,24,24,24,24,24,24,24,23,25,24,24,24,25,24,24,26,24,24,24}","{14,54,62,54,59,59,39,46,46,60,37,47,39,48,45,49,40,48,54,56,43,43,43,43,56,50,57,56,48,49,54}","Струны Души / Neon naege banhaess-eo / Heartstrings [15/15] [Корея, KOR+Sub Rus] [2011, Корея, Мелодрама, Романтика, Школа, Музыкальный, HDTVRip]"
3635929,2,21591619,2BF75BBCEBA4A1EAA38403C64B1DC34AF6D8FA04,25945796079,1,2026-07-31 02:21:01,2,2,"{7,24,24,24,24,24,24,24,24,24,23,24,24,24,24,24,24,24,24,23,25,24,24,24,25,24,24,26,24,24,24}","{14,48,44,45,47,47,26,37,36,44,31,39,27,32,34,39,36,36,47,43,36,37,35,36,44,37,46,41,36,44,39}","В глубине сердца / Neon Nae-ge Ban-Ehss-eo / Heartstrings [Pyo Min Soo] (15/15) [KOR+Sub Rus] [Корея, 2011г., Мелодрама, романтика, школа, музыкальный, HDTVRip] [RAW]"
3636497,2,7928328,F864452910109371C31C1DC717BA777EFF549A18,22628429453,1,2026-07-31 02:21:01,2,2,"{7,24,24,24,24,24,24,24,24,24,23,24,24,24,24,24,24,24,24,23,25,24,24,24,25,24,24,26,24,24,24}","{14,48,44,45,47,47,26,37,36,44,31,39,27,35,38,43,36,38,47,43,35,37,32,36,44,42,53,41,36,44,39}","Улыбнись, Дон Хэ / Useora Donghaeya / Smile, Dong Hae [50/159] (Kim Myung Wook, Mo Wan Il) [KOR+Sub Rus] [Корея, 2010-2011 гг., семья, HDTVRip] [RAW] [450p]"
3644684,2,17569627,2BB816A84EC33741B20156832B64BE1AF9C34934,22666713050,1,2026-07-31 02:21:01,2,2,"{7,24,24,24,24,24,24,24,24,24,23,24,24,24,24,24,24,24,24,23,25,24,24,24,25,24,24,26,24,24,24}","{14,48,44,45,47,47,26,37,36,44,31,77,75,80,82,39,36,36,47,43,36,39,35,36,44,37,47,41,36,44,39}","Воин Пэк Тон Су / Musa Baek Dong Soo / Warrior Baek Dong Soo [29/29] [RAW] [KOR+Sub Rus] [Корея, 2011, Историческая, DTVRip]"
3647800,2,3245293,ED5CECCB39DBE03F51BF2DE899407EDB77C0AC20,931852136,1,2026-07-31 02:21:01,3,3,"{7,24,24,24,24,24,24,24,24,24,23,24,24,24,24,24,24,24,24,23,25,24,24,24,25,24,24,26,24,24,24}","{21,72,68,69,71,71,50,61,60,68,54,63,51,56,62,66,55,60,71,66,59,59,59,59,69,61,71,67,60,68,63}","Быстрее мне признайся / Hurry and Tell Me (KBS Drama Special) (Yoon Sung Shik / Юн Сон Сик) [1/1] [Южная Корея, 2010 г., драма, TVRip] [RAW] [KOR+Sub Rus]"
3651417,2,7928328,DC299D12C286020DBD9348A09819F58DED82AE67,15772741018,1,2026-07-31 02:21:01,2,2,"{7,24,24,24,24,24,24,24,24,24,23,24,24,24,24,24,24,24,24,23,25,24,24,24,25,24,24,26,24,24,24}","{14,55,44,52,53,70,45,44,43,47,38,46,49,57,46,50,42,57,61,68,43,37,41,41,46,43,64,58,42,50,48}","Шпионка Мён Воль / Spy Myung Wol / Myung Wol the Spy [18/18] [KOR+Sub Rus] [Корея, 2011 год, романтическая комедия, HDTVRip] [RAW] [450p]"
3651428,2,9372379,B7B526C1227E3AA08207F5178C9D4B609D581130,14064338330,1,2026-07-31 02:21:01,3,3,"{7,24,24,24,24,24,24,24,24,24,23,24,24,24,24,24,24,24,24,23,25,24,24,24,25,24,24,26,24,24,24}","{21,72,74,69,71,73,50,61,76,68,54,84,66,62,82,68,79,62,71,78,80,64,77,61,91,69,71,67,60,79,61}","Шпионка Мён Воль / Spy Myung Wol / Myung Wol the Spy [18/18] [KOR+Sub Rus] [Корея, 2011 год, романтическая комедия, DTVRip] [RAW]"
3667260,2,3245293,2A2A1858093B7CCF76BF9F6D3A5149F0C778D2B7,13514836361,1,2026-07-31 02:21:01,2,2,"{7,24,24,24,24,24,24,24,24,24,23,24,24,24,24,24,24,24,24,23,25,24,24,24,25,24,24,26,24,24,24}","{14,48,44,45,47,47,26,37,36,44,31,39,27,32,35,42,36,37,47,43,35,39,35,36,44,37,46,41,36,44,39}","Аромат женщины / Scent of a Woman / [16/16] (Park Hyung Ki / Пак Хён Ги) [Южная Корея, 2011, романтика, драма, TVRip] [KOR+Sub Rus] [RAW]"
3667413,2,4709759,757A00089AF15FA5E63D8B81122AFF1E63977048,11964245824,1,2026-07-31 02:21:01,2,2,"{7,24,24,24,24,24,24,24,24,24,23,24,24,24,24,24,24,24,24,23,25,24,24,24,25,24,24,26,24,24,24}","{14,48,44,45,47,47,26,37,51,68,54,63,52,56,58,66,60,60,71,66,60,62,57,60,68,61,69,67,60,68,51}","Запах женщины / Yeoineui Hyanggi / Scent of a Woman [Park Hyung Ki] (16/16) [KOR+Sub Rus] [Корея, 2011, романтика, мелодрама, TVRip] [RAW]"
3673120,2,9372379,0D8C2F54057903DB183ABC507A28EB9435E206A1,8926347392,1,2026-07-31 02:21:01,2,2,"{7,24,24,24,24,24,24,24,24,24,23,24,24,24,24,24,24,24,24,23,25,24,24,24,25,24,24,26,24,24,24}","{14,48,44,55,65,61,40,39,41,50,31,39,27,32,38,42,36,36,47,43,36,38,35,36,44,37,47,41,36,44,39}","Возлюбленный принцессы / Gongjooeui Namja / The Princess Man [10/24] [KOR+Sub Rus] [RAW] [Корея, 2011, история, романтика, HDTVRip]"
3673123,2,7928328,89F65DECEC544C239F860EDC578BF713EC533C9C,8079634560,1,2026-07-31 02:21:01,3,3,"{7,24,24,24,24,24,24,24,24,24,23,24,24,24,24,24,24,24,24,23,25,24,24,24,25,24,24,26,24,24,24}","{21,70,68,69,71,67,50,67,63,68,54,68,51,56,62,63,60,62,71,74,60,60,55,64,69,63,78,74,64,68,61}","Возлюбленный принцессы / Gongjooeui Namja / The Princess' Man [10/24] [KOR+Sub Rus] [RAW] [Корея, 2011, история, романтика, DTVRip]"
3682155,2,4709759,8CA0492C86B472DD25E36C25DB7BEE8BB4BA9730,32015929308,1,2026-07-31 02:21:01,2,2,"{7,24,24,24,24,24,24,24,24,24,23,24,24,24,24,24,24,24,24,23,25,24,24,24,25,24,24,26,24,24,24}","{14,48,44,45,47,47,26,37,36,44,31,39,27,32,33,42,36,36,47,43,36,36,33,36,44,37,47,41,36,44,39}","Королева Сондок / Seonduk Yeo Wang / Queen Seon Duk [Park Hong Kyun, Kim Geun Hong] (38/62) [RAW] [KOR+Sub Rus] [Корея, 2009, историческая драма, HDTVRip]"
3685494,2,5577667,6648B7544EE6EF6852E5FA21C9EB7B34527D61D6,47427682526,1,2026-07-31 02:21:01,2,2,"{7,24,24,24,24,24,24,24,24,24,23,24,24,24,24,24,24,24,24,23,25,24,24,24,25,24,24,26,24,24,24}","{14,64,59,57,63,61,42,52,52,61,45,49,44,47,51,56,53,48,64,58,53,53,63,68,71,64,71,69,60,65,63}","Царь Кынчхого / Geunchogo Wang / King Geunchogo (Yoon Chang Bum, Kim Young Jo) [60/60] [KOR+Sub Rus] [Корея, 2010, историческая драма, HDTVRip] [RAW]"
3686512,2,21742561,064CA4906528424D48CA1B6DB8E8F78F90186512,10724864754,1,2026-07-31 02:21:01,3,3,"{7,24,24,24,24,24,24,24,24,24,23,24,24,24,24,24,24,24,24,23,25,24,24,24,25,24,24,26,24,24,24}","{21,72,68,69,71,71,50,61,60,68,54,63,51,61,58,66,60,60,71,66,59,60,57,60,69,61,71,67,60,68,63}","Прожектор / Spotlight [16/16] [KOR+Sub Rus] [Корея,2008, романтика, TVRip] [RAW]"
3687963,2,13071324,D6469DAB843C8A9B648B7209135141A5EAE03A60,25727596035,1,2026-07-31 02:21:01,2,2,"{7,24,24,24,24,24,24,24,24,24,23,24,24,24,24,24,24,24,24,23,25,24,24,24,25,24,24,26,24,24,24}","{16,53,44,45,52,52,64,86,97,93,78,85,87,86,88,94,86,95,107,96,90,78,79,83,87,93,77,41,36,44,39}","Услышь моё сердце / Nae Maeumi Deulrini / Listen 2 My Heart (Kim Sang Ho) [30/30] [KOR+Sub Rus] [Южная Корея, 2011, мелодрама, DTVRip] [RAW]"
3695741,2,3325751,2C73DEBC53BE8F1169ACFE44D2EFEEC3CFE79E7D,30631119452,1,2026-07-31 02:21:01,2,2,"{7,24,24,24,24,24,24,24,24,24,23,24,24,24,24,24,24,24,24,23,25,24,24,24,25,24,24,26,24,24,24}","{14,48,44,45,47,47,26,37,36,44,31,39,27,32,34,39,36,36,47,43,35,39,43,39,47,40,51,41,36,59,47}","Кебэк / Gye Baek (Kim Geun Hong / Ким Гын Хон) [36/36] [Южная Корея, 2011 г., историческая драма, HDTVRip] [KOR+Sub Rus] [RAW]"
3699816,2,17569627,43D1782DD531BA7BC1DB83101A2999820510A77E,2674683739,1,2026-07-31 02:21:01,2,2,"{7,24,24,24,24,24,24,24,24,24,23,24,24,24,24,24,24,24,24,23,25,24,24,24,25,24,24,26,24,24,24}","{14,48,44,45,47,47,26,37,36,44,31,37,27,32,38,42,36,36,47,43,36,39,35,36,44,37,47,41,36,44,39}","Королева гольфа / Beodibeodi / Birdie Buddy [Yoon Sang Ho] [4 из 24] [KOR+Sub Rus] [Корея, 2011, Спорт, романтика, драма, TVRip] [RAW]"
3709927,2,4048229,DFF7092F152249396E004309CEF15DDB3FA2F570,4378830022,1,2026-07-31 02:21:01,3,3,"{7,24,24,24,24,24,24,24,24,24,23,24,24,24,24,24,24,24,24,23,25,24,24,24,25,24,24,26,24,24,24}","{21,72,68,69,71,71,50,61,60,68,54,62,66,62,58,69,67,68,71,66,60,59,58,59,69,61,71,67,60,68,63}","Роман / Romangseu / Romance (11-16/16) [KOR+Sub Rus] [Корея, 2002, Мелодрама, романтика, DVDRip]"
3721544,2,1688321,22F14EC02401F35BB9109FC09ABBB15F3D18DD42,8980427382,1,2026-07-31 02:21:01,2,2,"{7,24,24,24,24,24,24,24,24,24,23,24,24,24,24,24,24,24,24,23,25,24,24,24,25,24,24,26,24,24,24}","{14,48,44,45,47,47,26,37,36,44,30,39,27,32,38,39,36,36,47,43,35,39,35,36,44,37,46,41,36,44,23}","Мой сладкий город / My Sweet City / My Sweet Seoul [16/16] [Корея, 2008, романтика, HDTVRip] [RAW][KOR+Sub Rus]"
3727542,2,10700212,700D3A17806BAACD592D909D12D2CA39A72D6FE8,13412740286,1,2026-07-31 02:21:01,3,2,"{7,24,24,24,24,24,24,24,24,24,23,24,24,24,24,24,24,24,24,23,25,24,24,24,25,24,24,26,24,24,24}","{26,88,80,79,84,80,73,82,87,87,84,83,81,91,80,88,88,88,95,89,86,81,79,88,97,91,103,94,79,92,87}","Мэри не ночевала дома / Мэ Ри, где же ты была всю ночь? / Mary Stayed Out All Night / Marry Me Mary [16/16] [RUS(int), KOR] [Корея, 2010, Романтика, комедия, музыкальный, HDTVRip] RAW"
3737964,2,22123101,63FAB5722A2397886E3D7B8BEC4BD8642336F997,2204372298,1,2026-07-31 02:21:01,2,2,"{7,24,24,24,24,24,24,24,24,24,23,24,24,24,24,24,24,24,24,23,25,24,24,24,25,24,24,26,24,24,24}","{23,75,71,82,71,71,50,75,68,68,62,63,51,56,62,74,63,69,71,71,62,64,56,70,83,70,76,82,68,69,63}","Девочка К / Sonyeo K / Killer K / Girl Killer (Kim Jong Hyun) (3/3) [RAW] [KOR+Sub Rus] [Корея, 2011, экшн, триллер, HDTVRip]"
3741877,2,7928328,6FCCE2306F1D7F4CF45919CC11C5B1FCDDF0FD1A,18350696543,1,2026-07-31 02:21:01,2,2,"{7,24,24,24,24,24,24,24,24,24,23,24,24,24,24,24,24,24,24,23,25,24,24,24,25,24,24,26,24,24,24}","{14,48,44,45,47,47,26,37,36,44,31,39,27,32,38,42,31,36,47,43,36,36,34,36,44,37,47,41,36,44,39}","Да здравствует любовь / Aejungmanmanse / Hooray for Love [20/57] [KOR+Sub Rus] [Корея, 2011-2012, романтика, HDTVRip] [RAW] [450p]"
3742415,2,17569627,4645728260F28D173977F898AFC91B7AB8CDAEB5,12243720169,1,2026-07-31 02:21:01,3,3,"{7,24,24,24,24,24,24,24,24,24,23,24,24,24,24,24,24,24,24,23,25,24,24,24,25,24,24,26,24,24,24}","{21,72,68,69,71,71,50,61,59,68,54,63,51,56,62,66,60,60,71,66,59,59,57,60,69,61,71,67,60,68,61}","Мюзикл: история мечты / Deo Myoo-ji-keol / The Musical (15/15) [KOR+Sub Rus][Южная Корея, 2011, Музыкальный, HDTVRip] [RAW]"
3753481,2,15372485,CF47DA5AEB0AA053A75048EFEFA1958C5335CAF6,11181382832,1,2026-07-31 02:21:01,2,2,"{7,24,24,24,24,24,24,24,24,24,23,24,24,24,24,24,24,24,24,23,25,24,24,24,25,24,24,26,24,24,24}","{14,48,44,45,47,47,26,37,36,44,31,39,27,37,38,42,36,36,47,43,35,36,33,36,44,37,46,41,36,44,31}","Я люблю тебя / Saranghae / I Love You (Lee Chang Han &amp; Sung Do Joon) (16/16) [KOR+Sub Rus] [Корея, 2008, романтика, комедия, TVRip] [RAW]"
3756330,2,22660123,2EB4D31E83C3BBFA11E7429A31A9F122E0F8B72E,6374244673,1,2026-07-31 02:21:01,3,3,"{7,24,24,24,24,24,24,24,24,24,23,24,24,24,24,24,24,24,24,23,25,24,24,24,25,24,24,26,24,24,24}","{21,72,68,69,71,71,50,61,60,68,53,63,51,56,62,66,55,60,71,66,67,62,59,62,69,61,71,67,60,68,63}","Ни за что не проиграю / Jigoneun Motsala / Can't Lose (Lee Jae Dong) [7/18] [RAW] [KOR+Sub Rus] [Южная Корея, 2011, романтика, комедия, HDTVRip]"
3757591,2,6896572,DE9625BD48A5AEC8E847BC6877C2D4EAB27C4933,11856230400,1,2026-07-31 02:21:01,3,2,"{7,24,24,24,24,24,24,24,24,24,23,24,24,24,24,24,24,24,24,23,25,24,24,24,25,24,24,26,24,24,24}","{23,77,76,74,77,74,77,83,73,73,73,88,67,81,81,79,76,71,71,83,79,75,60,67,85,75,93,96,61,88,76}","Теперь ты моя / Струны души / Neon naege banhaess-eo / You've Fallen for Me / Heartstrings [15/15] [KOR, RUS(int)] [Корея, 2011, Мелодрама, романтика, школа, музыкальный, HDTVRip] [RAW] (DVO) GREEN TEA"
3759308,2,1688321,FE0F94F8B923E6EC0F668627D8CBF460C35E2DAB,13758579096,1,2026-07-31 02:21:01,2,2,"{7,24,24,24,24,24,24,24,24,24,23,24,24,24,24,24,24,24,24,23,25,24,24,24,25,24,24,26,24,24,24}","{14,48,44,45,47,47,26,37,36,44,31,39,27,35,34,42,36,36,47,43,36,39,33,36,44,37,47,41,36,44,21}","Звездопад / Stars Falling From the Sky (Go Kyung Hee) [20/20] [Корея, 2010 г., романтика, TVRip] [RAW][KOR+Sub Rus]"
3763164,2,4327512,41ED6A2F4B8B74D099A55CF400823DC94A16357E,8511037372,1,2026-07-31 02:21:01,3,2,"{7,24,24,24,24,24,24,24,24,24,23,24,24,24,24,24,24,24,24,23,25,24,24,24,25,24,24,26,24,24,24}","{21,77,74,71,71,71,53,61,66,72,58,69,51,56,63,78,61,60,86,78,60,60,56,69,80,64,70,67,74,69,72}","Вампир-прокурор / Vampire Geumsa / Vampire Prosecutor [12/12] [KOR+Sub Rus] [Корея, 2011, мистика, детектив, TVRip] [RAW]"
3768858,2,6896572,59AFA2AA4B8C366FC2F06E8F05A03C0790568769,12801798144,1,2026-07-31 02:21:01,2,2,"{7,24,24,24,24,24,24,24,24,24,23,24,24,24,24,24,24,24,24,23,25,24,24,24,25,24,24,26,24,24,24}","{14,60,62,70,66,71,61,63,55,87,66,55,63,81,48,89,93,67,78,95,77,92,87,70,109,111,79,106,93,88,84}","Первое кафе Принц / The 1st Shop of Coffee Prince [17/17] [Корея, 2007, романтическая комедия, DTVRip] [RAW] (MVO) GREEN TEA"
3778035,2,7928328,76FFC784BCB3F187CF68BF5DB379A27EFF97A06E,21825627078,1,2026-07-31 02:21:01,3,3,"{7,24,24,24,24,24,24,24,24,24,23,24,24,24,24,24,24,24,24,23,25,24,24,24,25,24,24,26,24,24,24}","{21,72,68,69,71,71,50,61,60,68,54,63,51,56,59,66,60,60,71,66,60,61,56,60,69,61,71,67,60,68,51}","Человек чести / Man of Honor / Youngkwangeui Jaein / Young Kwang's Jae In / Glory Jane / Слава и признание [24/24] [KOR+Sub Rus] [Корея, 2011 год, романтика, драма, HDTVRip] [RAW] [450p]"
3780012,2,12943065,DF2AC70C267280A5C13F89EB643F936585D39A4A,2343246467,1,2026-07-31 02:21:01,2,2,"{7,24,24,24,24,24,24,24,24,24,23,24,24,24,24,24,24,24,24,23,25,24,24,24,25,24,24,26,24,24,24}","{14,48,44,45,47,47,26,37,36,44,31,39,27,32,34,42,36,36,47,43,36,37,34,36,44,37,46,41,36,44,39}","Норико едет в Сеул / Noriko Go To Seoul (1/1) [KOR+Sub Rus] [Корея, 2011, драма, HDTVRip]"
3782942,2,4048229,0D225AA8963FFB7531A55F14DA6374FAAF769253,10716804058,1,2026-07-31 02:21:01,2,2,"{7,24,24,24,24,24,24,24,24,24,23,24,24,24,24,24,24,24,24,23,25,24,24,24,25,24,24,26,24,24,24}","{18,48,44,45,51,55,26,40,39,44,31,39,43,46,38,45,36,36,47,43,50,42,34,35,44,37,46,41,36,47,24}","Война цветов / Tazza / War of Flowers (Kang Shin Ho) (7-21/21) [KOR+Sub Rus] [Корея, 2008, Мелодрама, криминал, романтика. TVRip]"
3783082,2,1688321,719E98B71EE5C76E08E8654FA14123D6C087963C,11803668049,1,2026-07-31 02:21:01,3,3,"{7,24,24,24,24,24,24,24,24,24,23,24,24,24,24,24,24,24,24,23,25,24,24,24,25,24,24,26,24,24,24}","{21,72,68,69,71,71,50,61,59,68,54,63,51,56,62,66,60,60,71,66,60,59,58,60,69,61,71,67,60,68,60}","Томато / To-ma-to / Tomato [16/16] [Корея, 1999 г., романтика, TVRip] [RAW] [KOR+Sub Rus]"
3784426,2,12918456,744512F51732AAE00EDD8CDE1D9E2E9706B90E6C,2930696861,1,2026-07-31 02:21:01,3,3,"{7,24,24,24,24,24,24,24,24,24,23,24,24,24,24,24,24,24,24,23,25,24,24,24,25,24,24,26,24,24,24}","{21,72,68,69,71,71,50,61,60,68,54,67,51,56,62,66,55,60,71,66,60,58,55,60,69,61,71,67,60,68,63}","История любви / 8 историй любви / Leobeuseutori / Reobeuseutori / Love story / 8 love stories [04/16] [KOR+Sub Rus] [Корея, 1999, драма, романтика, DVDRip]"
3785755,2,20549474,AC42E422904D0BED97E8BEDA8B2509B793327C1C,14623815094,1,2026-07-31 02:21:01,3,2,"{7,24,24,24,24,24,24,24,24,24,23,24,24,24,24,24,24,24,24,23,25,24,24,24,25,24,24,26,24,24,24}","{21,72,68,69,71,71,50,61,50,68,54,63,51,56,35,42,57,60,71,66,61,60,51,60,69,61,71,67,60,68,50}","Тысяча поцелуев / Chunbuneui Ibmatchoom / A Thousand Kisses [50/50] [Корея, 2011, драма, романтика, TVRip] [KOR+Sub Rus]"
3805125,2,18370246,F4DD1D394E48B0A05E9092D5E0289BF06862E4A0,10721057424,1,2026-07-31 02:21:01,3,2,"{7,24,24,24,24,24,24,24,24,24,23,24,24,24,24,24,24,24,24,23,25,24,24,24,25,24,24,26,24,24,24}","{21,72,68,69,71,71,50,61,60,68,54,61,51,56,58,66,60,60,71,66,61,60,58,60,69,61,70,67,60,68,63}","Красавчик на обед / Kkotminam Ramyeongage / Flower Boy Ramen Shop / Flower Boy Ramyun Shop (16/16) [RAW] [KOR+Sub Rus] [Корея, 2011, Комедия, романтика, HDTVRip]"
3813808,2,18784422,18B43055B912AAE881649B88FC06976C854386B6,15345197440,1,2026-07-31 02:21:01,2,2,"{7,24,24,24,24,24,24,24,24,24,23,24,24,24,24,24,24,24,24,23,25,24,24,24,25,24,24,26,24,24,24}","{14,48,44,45,47,47,26,37,37,44,31,39,27,32,35,42,36,36,47,46,47,46,37,40,50,43,57,53,42,49,44}","Сестра Золушки / Cinderella’s sister (Kim Yeong-Jo) [20 из 20] [KOR+Sub Rus] [Корея, 2010, романтика, мелодрама, TVRip]"
3815309,2,10700212,422CBA5D5A14E72632FBBF4A23A07E5AF1825740,7343468544,2,2026-07-31 02:21:01,2,2,"{7,24,24,24,24,24,24,24,24,24,23,24,24,24,24,24,24,24,24,23,25,24,24,24,25,24,24,26,24,24,24}","{14,49,50,69,71,71,50,61,60,76,54,63,51,56,57,48,42,42,70,66,59,49,42,40,48,58,71,67,60,68,68}","Райское дерево / Tengoku no ki / Tree of heaven [10/10] (Ли Чжан су /Lee Jang Soo) [RUS(int)] [Южная корея, Япония, 2006, Драма, TVRip] [RAW]"
3815685,2,12913289,575A29425FDE34D3548C30ECBFE7A223A3AF2321,6970625732,1,2026-07-31 02:21:01,3,3,"{7,24,24,24,24,24,24,24,24,24,23,24,24,24,24,24,24,24,24,23,25,24,24,24,25,24,24,26,24,24,24}","{21,77,70,71,73,77,50,63,60,68,54,68,59,60,56,66,60,60,71,66,61,58,57,60,68,61,69,76,37,68,47}","Белое Рождество / White Christmas(Kim Yong Soo) [08/08] [RUS(int)] [Южная Корея, 2011, драма, триллер, HDTVRip] [RAW]"
3821335,2,3794075,32B07FA32BFA54FF1634EEB4391EFB05BAB44E8A,14112873645,1,2026-07-31 02:21:01,2,2,"{7,24,24,24,24,24,24,24,24,24,23,24,24,24,24,24,24,24,24,23,25,24,24,24,25,24,24,26,24,24,24}","{14,48,44,45,47,47,26,37,37,46,31,39,27,32,31,42,36,36,47,43,35,36,33,36,44,37,47,41,36,44,32}","Я тоже цветочек / I'm A Flower Too / Me Too, Flower [15/15] [Корея, 2011 г., романтическая комедия, TVRip] [450p] [KOR+Sub Rus] [RAW]"
3822067,2,3075709,8F977571290E5B3D1A961FB61C8CD1FF1C50ADE2,5853649650,1,2026-07-31 02:21:01,4,3,"{7,24,24,24,24,24,24,24,24,24,23,24,24,24,24,24,24,24,24,23,25,24,24,24,25,24,24,26,24,24,24}","{22,73,73,71,73,74,67,71,78,69,68,78,62,71,78,81,74,74,89,81,75,63,76,67,78,73,70,87,76,83,63}","Удар / Ttae Ryeo / Punch / Beat (Lee Young Chul) [16/16] [KOR+Sub Rus] [Корея, 2003, спорт, драма, TVRip] [RAW]"
3826158,2,3245293,B3D00425DEF79595320F27183482BA318580C705,11124431953,1,2026-07-31 02:21:01,3,3,"{7,24,24,24,24,24,24,24,24,24,23,24,24,24,24,24,24,24,24,23,25,24,24,24,25,24,24,26,24,24,24}","{21,72,68,69,71,71,50,61,60,68,54,63,51,56,58,66,60,60,71,66,60,60,56,59,69,61,69,67,60,68,59}","Когда-нибудь / Someday (Kim Kyung Yong / Ким Гён Ён) [16/16] [Южная Корея, 2006, драма, романтика, TVRip] [KOR+Sub Rus] [RAW]"
3826659,2,6412462,592FFDC66B6849DDD062C23DC8D0CC664D510DB7,17267821100,1,2026-07-31 02:21:01,3,3,"{7,24,24,24,24,24,24,24,24,24,23,24,24,24,24,24,24,24,24,23,25,24,24,24,25,24,24,26,24,24,24}","{21,72,68,69,71,71,50,61,60,68,53,63,51,56,58,66,60,60,71,66,61,60,54,60,69,61,71,67,60,68,57}","Товарищи / Comrades [20/20] [RUS (int), KOR] [Корея, 2010, драма, история, война, DTVRip-AVC] [RAW]"
3849274,2,1688321,2F7C1692BE9247E66EC03528B642E4CE697CB08D,15830578186,1,2026-07-31 02:21:01,2,2,"{7,24,24,24,24,24,24,24,24,24,23,24,24,24,24,24,24,24,24,23,25,24,24,24,25,24,24,26,24,24,24}","{14,48,44,45,47,47,26,37,36,44,31,39,27,32,33,42,36,36,47,43,35,38,34,36,44,37,47,41,36,44,39}","Возлюбленный принцессы / Любовь принцессы / Gongjooeui Namja / The Princess Man [8-24/24] [KOR] [Корея, 2011, история, романтика, HDTVRip] [RAW] [450p] + Sub Rus"
3853541,2,21168070,0BFEE409B3B6827DA02B221A2CD9D63BA0CA2834,6997695163,1,2026-07-31 02:21:01,2,2,"{7,24,24,24,24,24,24,24,24,24,23,24,24,24,24,24,24,24,24,23,25,24,24,24,25,24,24,26,24,24,24}","{14,48,44,45,47,47,26,37,36,44,31,39,27,32,38,42,36,36,48,43,35,37,35,36,44,37,47,41,36,44,39}","Дерево с глубокими корнями / Purigipeul namu / Deep Rooted Tree (Jang Tae Yoo) [8/24] [KOR+Sub Rus] [Корея, 2011, исторический, мистика, триллер, драма, DTVRip] [RAW]"
3854427,2,1688321,D45DA6949F5E0C98AF3FFF7EC991A27142832470,9127174337,1,2026-07-31 02:21:01,4,3,"{7,24,24,24,24,24,24,24,24,24,23,24,24,24,24,24,24,24,24,23,25,24,24,24,25,24,24,26,24,24,24}","{23,75,73,73,74,75,58,65,60,68,54,63,51,56,62,66,55,60,71,66,60,58,57,59,69,61,70,67,60,68,63}","Я тоже, цветочек! / I'm A Flower Too / Me Too, Flower! (Go Dong Sun) [11/15] [KOR+Sub Rus] [Корея, 2011, Романтика, комедия, HDTVRip] [RAW]"
3854510,2,1688321,7EE1243F41C93D583B8BB279C9F1A3FA06772C96,15779120903,1,2026-07-31 02:21:01,2,2,"{7,24,24,24,24,24,24,24,24,24,23,24,24,24,24,24,24,24,24,23,25,24,24,24,25,24,24,26,24,24,24}","{14,48,46,45,47,52,27,39,36,44,31,39,27,32,34,42,36,36,47,43,36,39,34,36,44,37,47,41,36,44,27}","Защити босса / Bo-seu-ga Dal-la-jyeott-eo-yo / Protect the Boss [18/18] [KOR+Sub Rus] [Корея, 2011, Романтика, комедия, HDTVRip] [RAW] [450р]"
3859975,2,12943065,FBE7000D1EEED8E36C726DC1AB5ECEBE6DF807B6,734642114,1,2026-07-31 02:21:01,2,2,"{7,24,24,24,24,24,24,24,24,24,23,24,24,24,24,24,24,24,24,23,25,24,24,24,25,24,24,26,24,24,24}","{14,48,44,45,47,47,26,37,36,44,31,39,27,32,38,42,36,36,47,43,35,38,34,36,44,37,47,41,36,44,39}","Бегун / Running, Goo / Racing Heart / Running Shirt [Lee Dong Yoon] [1/4] [KOR+Sub Rus] [Корея, 2010, драма, спорт, TVRip] [RAW]"
3860547,2,18961554,04F7ED67FCBC7F906F1219263776D11155B4D062,37381234268,1,2026-07-31 02:21:01,3,1,"{7,24,24,24,24,24,24,24,24,24,23,24,24,24,24,24,24,24,24,23,25,24,24,24,25,24,24,26,24,24,24}","{23,78,70,69,75,85,78,80,82,79,71,85,79,86,73,58,73,62,63,84,90,75,64,66,84,63,79,85,72,79,61}","Честь семьи / Glory of the Family / Family Honor (Park Young Soo) [54/54] [KOR+Sub Rus] [Корея, 2008 г., мелодрама, TVRip] [RAW]"
3862812,2,18961554,7F8237C7607BD444C8ED2E5301179D97C60D47F9,15028325900,1,2026-07-31 02:21:01,3,2,"{7,24,24,24,24,24,24,24,24,24,23,24,24,24,24,24,24,24,24,23,25,24,24,24,25,24,24,26,24,24,24}","{21,72,68,69,71,62,52,61,60,52,53,63,51,58,58,66,60,60,71,66,60,59,55,60,69,61,71,68,60,68,63}","Незабудка ~ Обещание длиною в тысячу дней ~ / A Thousand Days' Promise / Forget-Me-Not [20/20] [KOR+Sub Rus] [Корея, 2011 г., романтика, мелодрама, HDTVRip] [RAW]"
3863556,2,17468257,A94D966B987BBC56FE165A4D575664293C8515A0,18264309385,1,2026-07-31 02:21:01,3,3,"{7,24,24,24,24,24,24,24,24,24,23,24,24,24,24,24,24,24,24,23,25,24,24,24,25,24,24,26,24,24,24}","{21,72,68,69,71,71,50,63,60,68,54,63,51,56,59,66,60,60,71,66,61,60,66,75,81,74,85,75,74,81,64}","Мозг / Brain [Yoo Hyun Ki, Song Hyun Wook] (20 из 20) [KOR+Sub Rus] [Южная Корея, 2011, драма, медицина, TVRip] [RAW]"
3866738,2,12819028,16D48DF2A97F24B2B2B68520A4C0AA7F02F7C101,13874896608,1,2026-07-31 02:21:01,3,2,"{7,24,24,24,24,24,24,24,24,24,23,24,24,24,24,24,24,24,24,23,25,24,24,24,25,24,24,26,24,24,24}","{21,79,92,108,93,71,50,61,60,68,54,65,60,56,69,91,97,91,101,88,95,60,59,60,69,61,90,122,71,69,51}","Нереальная любовь / Идеальный роман / Распрекрасная любовь / Искусство любить / The Greatest Love / Best Love / The Discovery of Affection (Park Hong Kyun, Lee Dong Yoon) [16/16] [Южная Корея, 2011 г., романтика, комедия, HDTVRip] [KOR+Sub Rus] [RAW]"
3868228,8,18961554,C67F2C1B27A801720A59579EF7ABE59C1227B98B,13702092483,1,2026-07-31 02:21:01,2,2,"{7,24,24,24,24,24,24,24,24,24,23,24,24,24,24,24,24,24,24,23,25,24,24,24,25,24,24,26,24,24,24}","{14,57,50,53,58,63,42,37,42,50,39,46,41,49,49,48,42,44,59,56,51,52,42,44,53,45,63,59,55,55,42}","Как жизнь? / В чем дело? / Что случилось?/ Что скажешь? / What`s Up? [20/20] [KOR+Sub Rus] [Корея, 2011 г., Музыкальный, романтика, университет, DTVRip] [RAW]"
3877841,8,7611813,4B530EBAFFF022C7DAD0841BDB8F5EC604DF0D57,2124963099,1,2026-07-31 02:21:01,3,3,"{7,24,24,24,24,24,24,24,24,24,23,24,24,24,24,24,24,24,24,23,25,24,24,24,25,24,24,26,24,24,24}","{21,72,68,69,71,71,50,61,60,68,54,63,51,56,58,66,60,60,71,66,61,61,57,60,69,61,71,67,60,68,63}","Цвет женщины / Color of Woman (Kim Soo Young) [03/20] [Корея, 2011-2012 гг., романтика, комедия, DTVRip][RAW][KOR+Sub Rus]"
3885295,2,7928328,DA155785E6DA33D2C4774AEB0EA9450C0FA453C6,32793202411,1,2026-07-31 02:21:01,2,2,"{7,24,24,24,24,24,24,24,24,24,23,24,24,24,24,24,24,24,24,23,25,24,24,24,25,24,24,26,24,24,24}","{14,48,44,45,47,47,26,37,36,44,31,39,27,32,34,42,36,36,47,43,35,38,33,36,46,37,47,41,36,44,39}","Ну-ка, улыбнись / Smile, You (Lee Tae Gon) [45/45] [RAW] [KOR+Sub Rus] [Южная Корея, 2009-2010 гг., комедия, романтика, DTVRip]"
3889298,2,7928328,A4EE75E4584E0E8A4FF8C7A0310C226BF3FE6895,11369276308,1,2026-07-31 02:21:01,2,2,"{7,24,24,24,24,24,24,24,24,24,23,24,24,24,24,24,24,24,24,23,25,24,24,24,25,24,24,26,24,24,24}","{14,48,44,52,53,66,46,41,42,56,46,39,41,48,46,39,39,42,55,61,55,42,34,36,44,43,47,41,41,55,44}","Овощной магазин холостяка / Chonggakne Yachaegage / Bachelor’s Vegetable Store (Lee Joon Hyung) [15/24] [KOR+Sub Rus] [Корея, 2011-2012 гг., романтика, комедия, TVRip] [RAW]"
3894889,2,11878133,7C6BA4C5CBB588F126EE10A97B1B0CB0C0A7B3D3,14854952234,1,2026-07-31 02:21:01,2,2,"{7,24,24,24,24,24,24,24,24,24,23,24,24,24,24,24,24,24,24,23,25,24,24,24,25,24,24,26,24,24,24}","{14,66,69,74,74,47,26,37,38,46,31,49,27,35,41,69,72,77,88,73,64,38,37,41,44,44,71,74,42,58,50}","Романтика без правил / Nanpokhan Romaenseu / Wild Romance / Aggressive Romance (Bae Kyung Soo) (16/16) [KOR+Sub Rus] [Корея, 2012, романтика, комедия, мелодрама, HDTVRip] [RAW]"
3895092,2,1688321,AAA42AD0FD37C02347EA6484C5051E84B1C1F241,13327820074,1,2026-07-31 02:21:01,2,2,"{7,24,24,24,24,24,24,24,24,24,23,24,24,24,24,24,24,24,24,23,25,24,24,24,25,24,24,26,24,24,24}","{14,48,44,45,47,47,26,37,36,44,31,39,27,32,33,42,36,36,47,43,37,38,32,36,44,37,46,41,36,44,30}","Романтика без правил / Nanpokhan Romaenseu / Wild Romance [16/16] [Корея, 2012, романтика, комедия, DTVRip] [RAW][KOR+Sub Rus]"
3898083,2,1688321,EDAD8C84DD343C640112785DA420CF1970C19DAB,15356222982,1,2026-07-31 02:21:01,2,2,"{7,24,24,24,24,24,24,24,24,24,23,24,24,24,24,24,24,24,24,23,25,24,24,24,25,24,24,26,24,24,24}","{14,66,69,66,67,70,37,50,53,63,48,59,55,64,57,62,54,62,72,69,78,53,51,71,58,46,64,52,45,48,29}","Солнце в объятиях Луны / The Moon Embracing the Sun / Moon That Embraces the Sun [20/20] [Корея, 2012, исторический, романтика, DTVRip] [RAW] [KOR+Sub Rus]"
3910309,2,2151552,05E33DA9BC3AAD1432FA45A00863902157F4B583,6269597767,1,2026-07-31 02:21:01,3,2,"{7,24,24,24,24,24,24,24,24,24,23,24,24,24,24,24,24,24,24,23,25,24,24,24,25,24,24,26,24,24,24}","{21,72,68,69,71,71,42,62,66,68,54,63,51,56,58,66,60,60,71,66,55,61,58,59,71,61,71,67,60,68,65}","Братья Очжаккё / Ojakgyo Hyungjedeul / Ojakgyo Brothers (Ki Min Soo) (6/58) [KOR+Sub Rus] [Корея, 2011, Семейная драма, HDTVRip] [RAW]"
3915767,2,12819028,7EA2AE6C38E52BF13CCF300C6A713B94D90D4298,14166620336,1,2026-07-31 02:21:01,2,2,"{7,24,24,24,24,24,24,24,24,24,23,24,24,24,24,24,24,24,24,23,25,24,24,24,25,24,24,26,24,24,24}","{14,57,54,58,59,61,42,56,55,58,42,37,27,47,34,59,51,56,73,59,55,56,46,57,64,53,54,57,52,60,58}","Художник ветра / Рисующий ветер / The Painter of the Wind / Ba-lam-eui Hwa-won (Jung Tae Yoo) [20/20] [Южная Корея, 2008 г., исторический, романтика, DTVRip] [KOR+Sub Rus] [RAW]"
3924590,2,3325751,8F78B121153558A40C02BD4547768CAAD600DC40,14694838439,1,2026-07-31 02:21:01,3,3,"{7,24,24,24,24,24,24,24,24,24,23,24,24,24,24,24,24,24,24,23,25,24,24,24,25,24,24,26,24,24,24}","{21,76,70,71,72,79,58,62,69,75,57,69,62,61,64,72,64,67,77,74,70,68,61,63,73,66,74,72,66,73,61}","Товарищи / Comrades (Kim Sang Hwi / Ким Сан Хви, Song Hyun Wook / Сон Хён Ук) [20/20] [Корея, 2010 г., военная драма, TVRip] [RAW] [KOR+Sub Rus]"
3926637,2,3794075,839534CDD8EB6DC2DDBB38E0B1EADD5B864FBE89,14008740302,1,2026-07-31 02:21:01,3,2,"{7,24,24,24,24,24,24,24,24,24,23,24,24,24,24,24,24,24,24,23,25,24,24,24,25,24,24,26,24,24,24}","{21,72,68,69,71,67,50,61,60,68,51,63,51,56,58,65,58,60,71,66,61,59,47,48,63,61,64,64,54,67,63}","Одержимые мечтой 2 / Dream High 2 [16/16] [KOR+Sub Rus] [Корея, 2012, романтика, комедия, музыка, TVRip] [RAW] [450p]"
3928339,2,1688321,917FD8D20A679D4E90BD2CEB52162FD5B77A7A0C,4722721862,1,2026-07-31 02:21:01,3,3,"{7,24,24,24,24,24,24,24,24,24,23,24,24,24,24,24,24,24,24,23,25,24,24,24,25,24,24,26,24,24,24}","{21,72,68,69,71,71,50,61,60,68,54,63,51,56,62,66,55,60,71,66,60,59,58,59,69,61,71,67,60,68,63}","Одержимые мечтой 2 / Вперед - за мечтой! 2 / Dream High 2 [6/16] [Корея, 2012, Школа, драма, комедия, романтика, DTVRip] [KOR+Sub Rus] [RAW]"
3928828,2,14789714,59F10C26BC462EC422CAEE542AE4CB656A52EE7F,8284243718,1,2026-07-31 02:21:01,2,2,"{7,24,24,24,24,24,24,24,24,24,23,24,24,24,24,24,24,24,24,23,25,24,24,24,25,24,24,26,24,24,24}","{14,48,44,45,47,47,26,37,36,44,31,39,27,32,34,42,36,36,47,43,36,38,35,35,44,37,47,41,36,44,39}","Заткнись и играй! / Shut Up! Flower Boy Band / Shut up and Let's play! /Shut up! Группа красавцев / Бойзбэнд красивых мальчиков [Lee Kwon] (16/16) [KOR+Sub Rus] [Корея, 2012, школа, романтика, музыкальный, TVRip] [RAW]"
3929718,2,6896572,B495F158A13C3C19BFC9B833F24F4A9484F72279,11753251724,2,2026-07-31 02:21:01,4,3,"{7,24,24,24,24,24,24,24,24,24,23,24,24,24,24,24,24,24,24,23,25,24,24,24,25,24,24,26,24,24,24}","{22,74,72,88,81,83,77,82,95,93,76,90,96,82,82,79,70,66,106,89,86,77,64,64,69,82,94,93,85,92,82}","Меня зовут Ким Сам Сун / Nae I-reum-eun Kim Sam-soon / My Name is Kim Sam Soon (Kim Yoon Chul) [16/16] [RUS(int)] [RAW] [Корея, 2005, комедия, романтика, DTVRip] (DVO) GREEN TEA"
3931960,2,14207590,F635A57A28EEFC379C110E651AFB7AD48EC45839,12081092608,1,2026-07-31 02:21:01,2,2,"{7,24,24,24,24,24,24,24,24,24,23,24,24,24,24,24,24,24,24,23,25,24,24,24,25,24,24,26,24,24,24}","{14,48,44,45,47,47,26,37,36,44,31,39,27,32,34,39,36,36,47,43,36,38,34,49,44,48,52,56,39,54,49}","Одержимые мечтой / Dream High [16/16] [RAW] [RUS(int)] [Южная Корея, 2011, Музыкальный, школа, романтика, TVRip]"
3936780,2,10700212,3BC01A31F47910BED5D215399314447AC5F3287B,10631725056,1,2026-07-31 02:21:01,3,3,"{7,24,24,24,24,24,24,24,24,24,23,24,24,24,24,24,24,24,24,23,25,24,24,24,25,24,24,26,24,24,24}","{21,72,68,69,71,71,50,61,60,68,54,63,51,56,58,66,60,60,71,66,60,62,58,60,69,61,71,67,37,68,59}","Рамён от красивых мальчиков / Красавчик на обед / Kkotminam Ramyeongage / Flower Boy Ramyun Shop [16/16] [RUS(int)] [Корея, 2011, Комедия, романтика, HDTVRip] [RAW]"
3942511,2,17487354,95DE41696E2FF99E5A37D09B9550429FF46E63CD,14989221994,1,2026-07-31 02:21:01,2,2,"{7,24,24,24,24,24,24,24,24,24,23,24,24,24,24,24,24,24,24,23,25,24,24,24,25,24,24,26,24,24,24}","{14,48,44,54,50,54,37,44,39,44,31,39,27,32,34,42,36,36,70,66,63,61,57,59,69,61,72,93,73,69,63}","Операция &quot;Любовь&quot; / Operation Love / Operation Proposal [16/16] [полухардсаб] [KOR+Sub Rus] [Корея, 2012, романтика, фэнтези, TVRip]"
3944347,2,24273978,F9838295E6CACEAB27D85165CCB06C1E89894D06,21265637978,1,2026-07-31 02:21:01,2,2,"{7,24,24,24,24,24,24,24,24,24,23,24,24,24,24,24,24,24,24,23,25,24,24,24,25,24,24,26,24,24,24}","{14,48,44,45,47,47,26,37,36,44,31,39,27,32,34,42,36,36,47,43,35,37,32,35,44,37,47,41,36,44,39}","Братья Очжаккё / Ojakgyo Hyungjedeul / Ojakkyo Brothers (8-58/58) [хардсаб] [KOR+Sub Rus] [Корея, 2011, романтика, семейный, DTVRip]"
3953089,2,1688321,80C0493D5D8B660165DE1C657629874699B2E7EB,11949276232,1,2026-07-31 02:21:01,3,3,"{7,24,24,24,24,24,24,24,24,24,23,24,24,24,24,24,24,24,24,23,25,24,24,24,25,24,24,26,24,24,24}","{21,72,68,69,71,71,50,61,60,68,54,63,51,56,58,66,55,60,71,66,60,59,58,60,69,61,71,67,60,68,56}","Любовь и брак / Love and Marriage [16/16] [Корея, 2008, романтическая комедия, DTVRip] [KOR+Sub Rus] [RAW]"
3955075,2,4709759,12FEF6D96AADE19429C63EA5B288449018ECA577,17264201256,1,2026-07-31 02:21:01,2,2,"{7,24,24,24,24,24,24,24,24,24,23,24,24,24,24,24,24,24,24,23,25,24,24,24,25,24,24,26,24,24,24}","{19,55,50,52,53,59,36,48,38,45,32,39,36,40,43,40,40,36,47,51,40,38,35,36,44,37,53,55,45,47,27}","Мидас / Maiduseu / Midas [Kang Shin Hyo] (21/21) [RAW] [KOR+Sub Rus] [Корея, 2011, драма, романтика, HDTVRip]"
3957346,2,3794410,E08FF66002878B84D832936432313287F9BA5B28,41802838016,1,2026-07-31 02:21:01,3,3,"{7,24,24,24,24,24,24,24,24,24,23,24,24,24,24,24,24,24,24,23,25,24,24,24,25,24,24,26,24,24,24}","{21,72,68,69,71,71,50,61,60,68,54,63,51,56,62,66,55,60,71,66,60,57,56,60,68,61,69,67,60,68,63}","Женщина солнца / Women of the Sun (Bae Kyung Soo) [20/20] (RUS) [Корея, 2008 г., драма, SATRip] [RAW] (DVD5х10)"
3962478,2,24273978,41104205ADDF87E383DE611E6C7CBA25CCB0BA78,19358039084,1,2026-07-31 02:21:01,2,2,"{7,24,24,24,24,24,24,24,24,24,23,24,24,24,24,24,24,24,24,23,25,24,24,24,25,24,24,26,24,24,24}","{14,48,44,45,47,47,26,37,36,44,31,39,27,32,34,42,36,36,47,43,36,36,34,35,44,37,46,41,36,44,32}","Служащий / Salaryman Chohanji / Salaryman (22/22) [KOR+Sub Rus] [Корея, 2012, мелодрама, комедия, HDTVRip][RAW]"
3962509,8,24273978,9A811D9DE92C7A18DAB5B5F66AA489FC43CA7D26,6498531499,1,2026-07-31 02:21:01,3,3,"{7,24,24,24,24,24,24,24,24,24,23,24,24,24,24,24,24,24,24,23,25,24,24,24,25,24,24,26,24,24,24}","{21,72,68,69,71,71,50,61,60,68,54,63,51,56,58,66,60,60,71,66,61,59,54,60,69,61,70,67,60,68,49}","Луна и Солнце / Солнце в объятиях луны / Haereul Poomeun Dal / The Moon That Embraces the Sun (7-20/20) [KOR+Sub Rus] [Корея, 2012, Романтика, исторический, мистика, DTVRip]"
3966577,2,12179,E094AE97A72C9F0AF15671CC96FC4AA6A3B78A1B,26126875296,1,2026-07-31 02:21:01,2,2,"{7,24,24,24,24,24,24,24,24,24,23,24,24,24,24,24,24,24,24,23,25,24,24,24,25,24,24,26,24,24,24}","{14,48,44,58,58,49,26,37,36,44,31,39,29,36,36,39,36,37,47,43,36,37,33,36,44,42,47,41,36,44,22}","Туфельки для Золушки / Glass Slippers ( Choi Yoon Suk) [40/40] [KOR+Sub Rus] [Корея, 2002, мелодрама, DVDRrip] [RAW]"
3966780,2,2359264,56521859EB8EEBBC878AB873DD1CCAA9022BEE95,36472205875,1,2026-07-31 02:21:01,2,2,"{7,24,24,24,24,24,24,24,24,24,23,24,24,24,24,24,24,24,24,23,25,24,24,24,25,24,24,26,24,24,24}","{14,63,59,57,63,61,41,52,52,59,46,50,44,48,52,59,53,48,64,58,51,53,51,49,59,51,63,61,53,60,56}","Бог войны / Mushin / God of War / Soldier / Military Official [KOR+Sub Rus] [47/56] [Южная Корея, 2012, исторический, DTVRip] [RAW]"
3970042,2,6896572,695C44A5CCED02FD7106CE67291349BFC3FB4387,9990299648,1,2026-07-31 02:21:01,3,3,"{7,24,24,24,24,24,24,24,24,24,23,24,24,24,24,24,24,24,24,23,25,24,24,24,25,24,24,26,24,24,24}","{21,73,69,70,76,87,61,61,67,68,61,61,61,77,69,66,68,72,86,73,72,64,57,59,76,67,72,74,41,68,71}","Заткнись и играй! / Shut Up! Flower Boy Band / Shut up and Let's play! [Lee Kwon] (16/16) [RUS(int)] [Корея, 2012, школа, романтика, музыкальный, TVRip] [RAW] (DVO) GREEN TEA"
3972419,2,4048229,8D988210CFC388957113E6724742B24444A6C451,15431019795,1,2026-07-31 02:21:01,3,2,"{7,24,24,24,24,24,24,24,24,24,23,24,24,24,24,24,24,24,24,23,25,24,24,24,25,24,24,26,24,24,24}","{15,67,65,66,66,70,49,66,67,60,58,69,46,56,69,72,65,62,81,70,54,49,63,54,68,81,59,76,67,63,42}","В эфире / On air (Shin Woo Chul) (21/21) [KOR+Sub Rus] [Корея, 2008, Мелодрама, профессиональный, романтика DTVRip] [RAW]"
3978322,2,24273978,DD8D9E73E52079FA709369EFE25D1892AAB1FB7C,24630782177,1,2026-07-31 02:21:01,4,3,"{7,24,24,24,24,24,24,24,24,24,23,24,24,24,24,24,24,24,24,23,25,24,24,24,25,24,24,26,24,24,24}","{22,77,77,70,71,71,50,61,60,68,54,63,51,56,58,66,60,63,85,82,77,78,71,81,88,78,87,89,78,84,86}","Пир богов / Shindeuleui Manchan / Feast of the Gods (32/32) [KOR+Sub Rus] [Корея, 2012, романтика, комедия, DTVRip] [RAW]"
3981386,2,16132700,8B3CC5F832B59690519604A010D87E27A50DA689,815074227,1,2026-07-31 02:21:01,3,3,"{7,24,24,24,24,24,24,24,24,24,23,24,24,24,24,24,24,24,24,23,25,24,24,24,25,24,24,26,24,24,24}","{21,72,68,69,71,71,50,63,60,68,54,63,51,56,62,66,60,60,71,66,59,58,57,60,69,61,70,67,60,68,63}","Удивительная Ке Чхун Бин / The Great Gye Choon Bin (KBS Drama Special) [Lee Eung Bok] (1/1) [KOR+Sub Rus] [Корея, 2010, комедия, романтика, TVRip] [RAW]"
3987866,2,21591619,AB07D65AE44748FBFBE7CD8005222FCFCB03C0CA,1401570190,1,2026-07-31 02:21:01,2,2,"{7,24,24,24,24,24,24,24,24,24,23,24,24,24,24,24,24,24,24,23,25,24,24,24,25,24,24,26,24,24,24}","{14,48,46,45,47,47,26,37,36,44,31,39,27,32,34,39,36,38,47,48,36,39,35,36,44,40,49,41,36,49,21}","В чужом глазу соринку видим / Urireul Haengbokhagye Haneun Myeotgaji Jilmun / Several questions that make us happy [Hong Suk Goo] (2/2) [KOR+Sub Rus] [Корея, 2007г., романтика, мелодрама, DTVRip] [RAW]"
3992761,8,20068232,7C9DC5817F66CFD6F256F01DA783BC48BDBC369F,16063839576,1,2026-07-31 02:21:01,2,2,"{7,24,24,24,24,24,24,24,24,24,23,24,24,24,24,24,24,24,24,23,25,24,24,24,25,24,24,26,24,24,24}","{14,48,44,45,47,47,26,37,36,44,31,39,27,32,36,44,36,36,47,43,35,37,33,36,44,37,47,41,36,44,28}","Принц с чердака / Oktabbang Wangseja / The Rooftop Prince / Attic Prince (Shin Yoon Sub Rus) [20/20] [KOR+Sub Rus] [Южная Корея, 2012, Комедия, романтика, HDTVRip] [RAW]"
3992977,2,4327512,84FEAC9419DCBE98452B253F748BCFA79FF9E078,6899747728,1,2026-07-31 02:21:01,3,3,"{7,24,24,24,24,24,24,24,24,24,23,24,24,24,24,24,24,24,24,23,25,24,24,24,25,24,24,26,24,24,24}","{21,72,68,69,71,70,50,61,60,68,54,61,51,56,62,66,60,60,71,66,59,60,57,60,69,61,70,67,60,68,60}","Принц с чердака / Oktabbang Wangseja / The Rooftop Prince [9/20] [RAW] [KOR+Sub Rus] [Корея, 2012, фэнтези, комеди, романтика, TVRip]"
3994472,2,24131219,86193DDDDD15EB923C5AD226BB036F19E17736BF,15245549568,1,2026-07-31 02:21:01,3,1,"{7,24,24,24,24,24,24,24,24,24,23,24,24,24,24,24,24,24,24,23,25,24,24,24,25,24,24,26,24,24,24}","{27,88,84,93,82,96,94,105,96,98,87,85,80,116,123,107,95,82,86,89,95,96,88,89,93,93,86,95,94,88,93}","Принц с чердака / Oktabbang Wangseja / The Rooftop Prince (Shin Yoon Sub) [20/20] [RUS(int)] [Корея, 2012, фэнтези, комеди, романтика, TVRip]"
3994799,2,4709759,001DF45108747382B73BAA8D601BAF8B77CD4750,4888759781,1,2026-07-31 02:21:01,3,3,"{7,24,24,24,24,24,24,24,24,24,23,24,24,24,24,24,24,24,24,23,25,24,24,24,25,24,24,26,24,24,24}","{21,72,68,69,71,71,50,60,60,68,53,63,51,56,62,66,54,60,71,66,60,58,58,60,69,61,68,67,60,68,63}","2 сердца в унисон / The King 2 Hearts / King 2 Hearts / Король двух сердец / Королевство двух сердец (6/20) [2012, Южная Корея, романтика, комедия, HDTVRip] [RAW] [450р] + Sub Rus"
3995191,2,6415172,9A58645BA275CE39105EAAF1081391DAB5FAA610,15132185449,1,2026-07-31 02:21:01,2,2,"{7,24,24,24,24,24,24,24,24,24,23,24,24,24,24,24,24,24,24,23,25,24,24,24,25,24,24,26,24,24,24}","{14,48,44,45,47,47,26,37,36,44,31,41,27,32,33,42,36,49,66,65,53,59,54,61,63,61,69,45,36,44,32}","Королевство двух сердец / King 2 Hearts / 2 сердца в унисон / Король двух сердец (Lee Jae Gyoo) [20/20] [Корея, 2012, романтика, HDTVRip] [KOR+Sub Rus] [RAW]"
3995865,2,3245293,F574F6A90016C964E954A06106F6EC3A2BBF60E6,16823178359,1,2026-07-31 02:21:01,3,3,"{7,24,24,24,24,24,24,24,24,24,23,24,24,24,24,24,24,24,24,23,25,24,24,24,25,24,24,26,24,24,24}","{21,72,68,69,71,71,50,61,60,68,54,63,51,56,58,66,60,60,71,66,60,62,56,60,69,61,70,67,60,68,63}","Человек с экватора / The Equator Man (Kim Yong Soo / Ким Ён Су) [20/20] [Южная Корея, 2012, драма, романтика, TVRip] [KOR+Sub Rus] [RAW]"
3999756,2,22123101,CCE523BEFCCF5D33B347F3DC5E5BEC5FEBFB2363,10288879693,1,2026-07-31 02:21:01,3,3,"{7,24,24,24,24,24,24,24,24,24,23,24,24,24,24,24,24,24,24,23,25,24,24,24,25,24,24,26,24,24,24}","{21,72,68,69,71,71,50,61,60,68,54,61,51,56,58,66,60,60,71,66,60,60,59,59,69,61,71,67,60,68,52}","К-поп: Последнее прослушивание / K-Pop Choikang Survival / K-Pop - The Ultimate Audition (Lee Jung Pyo) (14/14) [KOR+Sub Rus] [Южная Корея, 2012, музыкальный, романтическая комедия, DTVRip] [RAW]"
4000678,2,6218694,A7B19A403F46F28524FF2EC11ADE6837207DB076,16882811730,1,2026-07-31 02:21:01,3,2,"{7,24,24,24,24,24,24,24,24,24,23,24,24,24,24,24,24,24,24,23,25,24,24,24,25,24,24,26,24,24,24}","{21,72,68,69,71,74,50,63,61,68,56,63,54,56,51,71,62,60,71,68,60,60,61,60,72,66,77,71,60,72,63}","Дождь любви / Love Rain (Yoon Seok Ho) [20/20] [KOR+Sub Rus] [Южная Корея, 2012, романтика, мелодрама, DTVRip] [RAW]"
4001063,2,21141254,2BD8AC7F2867826D99099967A406CB935B4FC19F,15128676202,1,2026-07-31 02:21:01,3,3,"{7,24,24,24,24,24,24,24,24,24,23,24,24,24,24,24,24,24,24,23,25,24,24,24,25,24,24,26,24,24,24}","{21,72,68,69,72,72,55,61,60,68,54,61,51,56,59,63,60,60,71,66,69,69,57,59,69,61,70,67,60,74,64}","Синдром / Sindeulom / Syndrome (Lee Sung Joo, Ko Jae Hyun) [20/20] [Южная Корея, 2012, драма, медицина, романтика, TVRip] [KOR+Sub Rus] [RAW]"
4011367,2,6896572,801650937F8208254E6EE259480CFB8C40A38B9C,15909476352,1,2026-07-31 02:21:01,4,1,"{7,24,24,24,24,24,24,24,24,24,23,24,24,24,24,24,24,24,24,23,25,24,24,24,25,24,24,26,24,24,24}","{28,93,117,121,112,116,124,117,117,127,116,99,114,114,121,114,109,114,118,107,114,110,95,101,113,114,109,137,125,113,103}","Дождь любви / Sarang bi / Love rain [Юн Сок Хо / Yoon Suk Ho] [20/20] [RUS(int)] [Корея, 2012, романтика, мелодрама, DTVRip] [RAW] (DVO) GREEN TEA"
4014899,2,10700212,8974FCC2A512E9168551867151A888642EF768A2,12075278336,1,2026-07-31 02:21:01,2,2,"{7,24,24,24,24,24,24,24,24,24,23,24,24,24,24,24,24,24,24,23,25,24,24,24,25,24,24,26,24,24,24}","{14,48,44,45,47,47,26,37,36,44,31,39,27,32,38,39,31,39,50,54,35,37,37,37,44,37,47,41,36,44,39}","Негодяй / Bulhandang / Robber (Yoo In Sik) [16/16] [RUS(int)] [Корея, 2008, мелодрама, TVRip] [RAW]"
4022336,2,3104910,996E496067252D9A463D63DE2E9CAE53C5B29A5F,360931811,1,2026-07-31 02:21:01,2,2,"{7,24,24,24,24,24,24,24,24,24,23,24,24,24,24,24,24,24,24,23,25,24,24,24,25,24,24,26,24,24,24}","{14,48,44,45,47,47,26,37,37,44,31,39,27,32,38,39,36,36,47,43,36,38,34,35,44,37,47,41,36,44,39}","Терпеть тебя не могу! Ну ладно, потерплю / Miwoona Gowoona / Likable or Not (Ли Док Гон / Lee Duk Gun) [1 из 172] [KOR+Sub Rus] [Корея, 2007, романтика, DTVRip] [RAW]"
4023671,2,19507013,24D2DC980B55B2DD39DEB5CBB3909F8E6D76E379,4344654630,1,2026-07-31 02:21:01,3,3,"{7,24,24,24,24,24,24,24,24,24,23,24,24,24,24,24,24,24,24,23,25,24,24,24,25,24,24,26,24,24,24}","{21,72,68,69,71,71,50,61,60,68,54,63,51,56,62,66,55,60,71,66,59,59,54,60,69,61,71,67,60,68,63}","Как жизнь? / В чем дело? / Что случилось / What`s Up? (Song Ji Won) [9/20] [RUS(int)] [Южная Корея, 2011, Музыкальный, романтика, TVRip] [RAW]"
4024341,2,12179,3D26A4CC4BB8E0D84E8D785F50AB89E6074B5726,12484624315,1,2026-07-31 02:21:01,2,2,"{7,24,24,24,24,24,24,24,24,24,23,24,24,24,24,24,24,24,24,23,25,24,24,24,25,24,24,26,24,24,24}","{14,48,44,45,47,47,26,37,36,44,31,39,27,36,34,42,36,36,47,43,35,39,35,36,52,41,48,51,36,54,50}","Детсадовская любовь / Kindergarten Love / Widaehan Yusan / Great Inheritance / Great Expectations (Kim Pyung Joong) [17/17] [KOR+Sub Rus] [Корея, 2006, комедия, романтика, DTVRip] [RAW]"
4031642,2,7690216,A98DF69530BA7F76C118E2D77234E06980F20AD1,13531365376,2,2026-07-31 02:21:01,3,2,"{7,24,24,24,24,24,24,24,24,24,23,24,24,24,24,24,24,24,24,23,25,24,24,24,25,24,24,26,24,24,24}","{26,83,84,83,94,101,101,119,99,97,97,92,91,96,98,93,92,96,87,90,86,91,87,90,98,95,94,103,82,96,76}","Прости, я люблю тебя / I'm Sorry, I Love You (Ли Хён Мин / Lee Hyung Min) [16/16] [RUS (int)] [Южная Корея, 2004, драма, DTVRip] [RAW]"
4032387,2,10950786,6E61D51A77B0AFACEC30E1B48FB157C212F71ECD,21555680816,1,2026-07-31 02:21:01,4,2,"{7,24,24,24,24,24,24,24,24,24,23,24,24,24,24,24,24,24,24,23,25,24,24,24,25,24,24,26,24,24,24}","{28,94,97,92,90,96,86,104,100,112,97,101,93,102,95,103,105,92,89,108,104,101,90,92,104,103,103,126,107,107,103}","Возлюбленный принцессы / Любовь принцессы / Gongjooeui Namja / The Princess Man (Kim Jung Min) [24 of 24] [RUS(int)] [Корея, 2011, история, романтика, HDTVRip] [RAW]"
4035669,2,26548468,8D2D0EF2FDB10C1B71D9EA9409DDBD2B59251EB5,768925696,1,2026-07-31 02:21:01,3,3,"{7,24,24,24,24,24,24,24,24,24,23,24,24,24,24,24,24,24,24,23,25,24,24,24,25,24,24,26,24,24,24}","{21,72,68,69,71,71,51,63,60,68,54,63,51,56,62,66,60,60,71,66,62,78,80,83,94,85,95,93,84,93,85}","Незабываемый день / Haru: An Unforgettable Day in Korea / Day (Park Myeong-cheon) [RUS(int), KOR] [Корея, 2010, романтика, драма, WEBRip]"
4036825,2,16835376,CD08414E6443B291DC0ADDC4F5EE2220A4E78891,5559607881,1,2026-07-31 02:21:01,2,2,"{7,24,24,24,24,24,24,24,24,24,23,24,24,24,24,24,24,24,24,23,25,24,24,24,25,24,24,26,24,24,24}","{14,48,44,45,47,47,26,37,36,44,31,39,27,32,38,42,36,36,47,43,36,38,34,36,44,37,47,41,36,44,39}","Моя королева /In-hyeon-wang-hoo-eui Nam-ja / Queen In Hyun’s Man / Мужчина королевы Ин Хён / Королева и Я (Kim Byeong Soo) [7/16] [Корея, 2012 г., романтика, комедия, фантастика, HDTVRip] [KOR+Sub Rus]"
4039160,2,7928328,B981E07DCF046BA190120DCAD6EFF372FFDC8FD0,1193185280,1,2026-07-31 02:21:01,3,3,"{7,24,24,24,24,24,24,24,24,24,23,24,24,24,24,24,24,24,24,23,25,24,24,24,25,24,24,26,24,24,24}","{21,70,76,75,71,76,67,73,75,76,67,76,71,74,76,72,74,73,75,80,74,72,64,74,86,68,88,83,77,80,73}","Таинственный ангел / The Secret Angel / The Wonder Love / Angel and Love (Matsuyama Hiroaki, Kato Hiromasa, Ishii Yusuke ) [10/10] [KOR+Sub Rus] [Китай, Южная Корея, 2012 год, мини-дорама, романтика, WEBRip]"
4040099,2,19507013,326D89442E953FAFC53CC5E24A73DA6EB750699E,6493710336,1,2026-07-31 02:21:01,2,2,"{7,24,24,24,24,24,24,24,24,24,23,24,24,24,24,24,24,24,24,23,25,24,24,24,25,24,24,26,24,24,24}","{14,48,44,45,47,47,26,37,36,44,31,39,27,32,38,42,36,36,47,43,35,38,33,36,44,37,46,41,36,44,39}","К-поп: Последнее прослушивание/ К-поп: Выживает сильнейший / K-Pop - Choikang Survival / K-Pop - The Ultimate Audition (Lee Jung Pyo) [8/14] [RUS(int)] [Корея, 2012, Музыкальный, романтика, комедия, TVRip]"
4041889,2,1688321,FFDEF8E0CA4FE2D19F02A4943D2A3E52828696F3,10447835381,1,2026-07-31 02:21:01,3,2,"{7,24,24,24,24,24,24,24,24,24,23,24,24,24,24,24,24,24,24,23,25,24,24,24,25,24,24,26,24,24,24}","{24,79,74,73,72,74,52,75,74,79,65,63,66,67,74,80,68,63,77,76,61,69,71,62,81,77,76,72,74,77,64}","Рыцарь королевы Инхён / Мужчина королевы Ин Хён / Inhyeon Wanghu-ui Namja / Queen In Hyun’s Man / Возлюбленный королевы Инхён (Kim Byung Soo) [16/16] [Корея, 2012, роматика, комедия, фантастика, HDTVRip] [KOR+Sub Rus] [RAW]"
4042508,2,2359264,6D5961FCFDE611EC699E2463E5CF9D06D3A5CB5F,26443593032,1,2026-07-31 02:21:01,3,3,"{7,24,24,24,24,24,24,24,24,24,23,24,24,24,24,24,24,24,24,23,25,24,24,24,25,24,24,26,24,24,24}","{22,71,67,76,77,76,65,64,71,75,56,68,59,58,60,67,63,60,73,67,67,66,66,67,74,67,77,75,63,69,68}","Глаза утренней зари / Yeo-myoung-eui Noon-dong-ja / Eyes of Dawn (Kim Jong Hak / Ким Чжон Хак) [36/36] [KOR+Sub Rus] [Южная Корея, 1991-1992, история, военный, драма, романтика, TVRip] [RAW]"
4044211,2,17913899,64DDBF35DC931EC5F90FCF7FCE7F3ADDAA4258F1,1211576804,1,2026-07-31 02:21:01,3,3,"{7,24,24,24,24,24,24,24,24,24,23,24,24,24,24,24,24,24,24,23,25,24,24,24,25,24,24,26,24,24,24}","{21,72,68,69,71,71,50,61,60,68,54,61,51,56,62,66,55,60,71,66,60,57,58,60,69,61,71,67,60,68,63}","Король моды / Fashion Wang / Fashion King [2/20] [RUS(int)] [Корея, 2012, Романтика, драма, DTVRip] [RAW]"
4052511,2,14168763,BA468CCECB0765E16C5D0F3263EDEE9FAFE1B2A4,10858738101,1,2026-07-31 02:21:01,3,3,"{7,24,24,24,24,24,24,24,24,24,23,24,24,24,24,24,24,24,24,23,25,24,24,24,25,24,24,26,24,24,24}","{21,72,68,69,71,71,50,61,60,68,54,63,51,56,58,66,55,60,71,66,61,59,55,60,69,61,71,67,60,68,53}","К-поп: школа выживания / K-Pop - Choikang Survival / K-Pop-The Ultimate Audition / Strongest K-Pop Survival (Ли Чон Пё) (14 из 14) [RUS(int)] [Корея, 2012, романтика, музыкальный, HDTVRip] [RAW]"
4060017,2,19218970,0DCADD4FF3AC5CCBD43131E4B6F9A333EA8E278B,1895527411,1,2026-07-31 02:21:01,2,2,"{7,24,24,24,24,24,24,24,24,24,23,24,24,24,24,24,24,24,24,23,25,24,24,24,25,24,24,26,24,24,24}","{14,48,44,45,47,47,26,37,36,44,31,39,27,32,38,42,36,36,47,43,35,39,33,35,44,37,47,41,36,44,39}","Пианиссимо / Pianisimo / Pianissimo (4, 6, 8/8) [KOR+Sub Rus] [Корея, 2010, романтика, мелодрама, драма, DVDRip] [RAW]"
4060821,2,1688321,D61BDBBCF4245A2D8F798EF6BD8D706C1E929B91,15874861919,1,2026-07-31 02:21:01,3,3,"{7,24,24,24,24,24,24,24,24,24,23,24,24,24,24,24,24,24,24,23,25,24,24,24,25,24,24,26,24,24,24}","{21,72,68,69,71,71,50,61,65,72,60,63,51,56,57,66,62,61,73,66,59,61,66,63,68,61,69,67,60,68,63}","Дамо / Тайна блестящего камня / Damo (Lee Jae-Gyu) [14/14] [Корея, 2003, исторический, романтика, DTVRip/HDTVRip] [KOR+Sub Rus] [RAW]"
4063739,2,2359264,B745EDC04FF1F916E1DC168BBBFB0C80FC5C730D,18363550240,1,2026-07-31 02:21:01,2,2,"{7,24,24,24,24,24,24,24,24,24,23,24,24,24,24,24,24,24,24,23,25,24,24,24,25,24,24,26,24,24,24}","{19,99,97,94,99,95,92,107,88,92,75,85,99,116,110,105,103,108,106,102,129,103,97,94,93,93,101,113,107,103,105}","Песочные часы / Mo-rae-shi-gae / Sandglass / Hourglass (Kim Jong Hak / Ким Чжон Хак) [24/24] [KOR+Sub Rus] [Корея, 1995, драма, романтика, экшн, криминал, TVRip] [RAW]"
4065969,2,1688321,7873BC3615D88E7298BC4B9AED1BC5DCB2E72AE0,11272943351,1,2026-07-31 02:21:01,2,2,"{7,24,24,24,24,24,24,24,24,24,23,24,24,24,24,24,24,24,24,23,25,24,24,24,25,24,24,26,24,24,24}","{14,48,44,45,47,47,26,37,36,44,31,39,27,32,34,42,36,36,47,43,36,39,35,36,44,37,47,41,36,44,39}","К-ПОП - Последнее прослушивание / K-Pop Choikang Survival / K-Pop - The Ultimate Audition (Lee Jung Pyo) [14/14] [KOR+Sub Rus] [Корея, 2012, музыкальный, комедия, романтика, HDTVRip] [RAW] [450р]"
4074397,2,11878133,AFEA01706788C1FF8D5EE71B0B5D9A5857D8E1CA,17763539505,1,2026-07-31 02:21:01,2,2,"{7,24,24,24,24,24,24,24,24,24,23,24,24,24,24,24,24,24,24,23,25,24,24,24,25,24,24,26,24,24,24}","{14,48,44,45,47,50,29,37,38,56,36,48,51,56,57,66,60,64,80,72,59,60,57,60,70,61,71,67,60,68,57}","Истинный джентльмен / Shinsaui Poomgyuk / Gentleman's Dignity / Достоинство Джентльмена (Shin Woo-Cheol, Kwon Hyuk-Chan) (20/20) [KOR+Sub Rus] [Корея, 2012, романтическая мелодрама, HDTVRip] [RAW]"
4075058,2,7713350,4949BEDEAD6062082E602C22A9118CDA35064F1B,20099157530,1,2026-07-31 02:21:01,2,2,"{7,24,24,24,24,24,24,24,24,24,23,24,24,24,24,24,24,24,24,23,25,24,24,24,25,24,24,26,24,24,24}","{14,48,44,45,47,47,26,37,36,44,31,39,27,32,34,39,36,36,47,43,36,37,34,36,44,37,47,41,36,44,39}","Доктор Чжин - путешественник во времени / Time Slip Dr. Jin / Доктор Джин [Han Hee] (22 из 22) [KOR+Sub Rus] [Южная Корея, 2012, исторический, медицина, TVRip] [RAW]"
4077836,2,24131219,1A7AC2390C818453C78DB82563C4999451293FA3,19754547200,1,2026-07-31 02:21:01,2,2,"{7,24,24,24,24,24,24,24,24,24,23,24,24,24,24,24,24,24,24,23,25,24,24,24,25,24,24,26,24,24,24}","{14,62,61,56,61,68,44,51,50,71,49,50,32,45,51,55,41,58,82,65,70,73,72,88,104,106,101,118,99,113,96}","Доктор Джин / Путешествие во времени доктора Джина / Dak-teo-jin / Time Slip Dr. Jin (Han Hee) [22 из 22] [RUS(int)] [Корея, 2012 год, романтика, драма, мистика, исторический, медицина, DTVRip]"
4078057,2,27151246,19E4E2C31072FEBC91FEF6FE76FE41D3E59E982D,14393125305,1,2026-07-31 02:21:01,3,3,"{7,24,24,24,24,24,24,24,24,24,23,24,24,24,24,24,24,24,24,23,25,24,24,24,25,24,24,26,24,24,24}","{21,72,68,69,71,80,61,68,65,68,53,63,69,65,67,66,55,60,71,83,79,71,59,60,69,61,82,77,65,68,63}","К востоку от рая / Edeonui dongjjok / East Of Eden (Ким Джинман, Чхве Бёнгиль) (19/56) [RUS(int)+Sub] [Корея, 2008, драма, DTVRip] [RAW]"
4078997,2,11878133,F8F4477C8517227EB4583899CE115C64934297B6,13422294063,1,2026-07-31 02:21:01,4,2,"{7,24,24,24,24,24,24,24,24,24,23,24,24,24,24,24,24,24,24,23,25,24,24,24,25,24,24,26,24,24,24}","{28,96,96,98,99,100,96,96,108,96,92,96,96,96,94,96,96,96,96,92,100,94,90,96,100,96,94,104,96,96,93}","Давай - рискни / A-i-doo A-i-doo / I Do, I Do (Kang Dae Sun) (16/16) [KOR+Sub Rus] [Корея, 2012, романтика, драма HDTVRip] [RAW]"
4079708,2,17487354,BDC1FEDCF85CCD9CB6CDBF1B38D6AA12B0C859B1,23478027128,1,2026-07-31 02:21:01,4,2,"{7,24,24,24,24,24,24,24,24,24,23,24,24,24,24,24,24,24,24,23,25,24,24,24,25,24,24,26,24,24,24}","{18,67,61,61,62,66,49,58,44,60,31,62,55,53,50,47,44,52,52,43,50,44,35,36,44,43,47,54,59,70,58}","Мститель в маске / Gaksital / Bridal Mask (Yun Seong-Sik) (28/28) [KOR+Sub Rus] [Корея, 2012, драма, исторический, экшн, HDTVRip] [RAW]"
4080114,2,3245293,C129F2574D0070A42356D19E84AEDBE065A0C37D,20593814112,1,2026-07-31 02:21:01,3,3,"{7,24,24,24,24,24,24,24,24,24,23,24,24,24,24,24,24,24,24,23,25,24,24,24,25,24,24,26,24,24,24}","{21,75,82,76,74,77,85,78,79,80,77,63,51,71,75,76,73,95,100,80,89,75,67,92,90,75,80,81,86,93,75}","Маска / Маска невесты / Bridal Mask / Gaksital (Yoon Sung Shik / Юн Сон Сик) [28/28] [Южная Корея, 2012, историческая драма, экшн, TVRip] [KOR+Sub Rus] [RAW]"
4080492,2,24131219,58A748B17B3241F20F0B2EAF69D2B2F683CF2DAC,13543346176,1,2026-07-31 02:21:01,3,3,"{7,24,24,24,24,24,24,24,24,24,23,24,24,24,24,24,24,24,24,23,25,24,24,24,25,24,24,26,24,24,24}","{23,75,70,69,72,75,77,89,86,84,62,68,62,58,69,66,60,60,71,66,60,62,57,59,69,61,69,67,37,68,62}","Давай - рискни / Согласна, согласна! / A-i-doo A-i-doo / I Do, I Do (Kang Dae Sun) [16/16] [RUS(int)] [Корея, 2012, романтика, драма, HDTVRip]"
4081534,2,7713350,4A89D85D2962D6A3EF0D4CBAA37F55CF4305C9D6,2523208541,1,2026-07-31 02:21:01,4,2,"{7,24,24,24,24,24,24,24,24,24,23,24,24,24,24,24,24,24,24,23,25,24,24,24,25,24,24,26,24,24,24}","{28,102,101,98,100,122,112,96,108,95,92,103,60,56,73,99,67,88,97,115,109,85,96,97,104,92,103,111,94,93,96}","Фантом / Призрак / Ghost / Phantom (Kim Hyung Suk) [3/20] [KOR+Sub Rus] [Корея, 2012, детектив, экшн, криминал, HDTVRip] [RAW] [p450]"
4083659,2,4327512,5F00A6A00949FE76EA2833B84AAC84AB32C6E30E,754660039,1,2026-07-31 02:21:01,3,3,"{7,24,24,24,24,24,24,24,24,24,23,24,24,24,24,24,24,24,24,23,25,24,24,24,25,24,24,26,24,24,24}","{21,72,68,69,71,71,50,61,60,68,54,63,51,56,62,66,55,60,71,66,60,58,58,60,68,61,71,67,60,68,63}","Императрица / Yeoje / The Empress (Choi Do Hoon) [1/13] [RAW] [KOR+Sub Rus] [Корея, 2011, драма, TVRip]"
4083859,2,11061935,F61D6469B4760B2B540249D52871FBE92DA8A913,15048628564,1,2026-07-31 02:21:01,2,1,"{7,24,24,24,24,24,24,24,24,24,23,24,24,24,24,24,24,24,24,23,25,24,24,24,25,24,24,26,24,24,24}","{24,77,75,69,71,72,52,63,69,65,54,61,51,56,61,66,60,60,71,66,61,61,54,58,69,61,71,73,60,68,53}","Призрак / Yoo-ryeong / Ghost (Kim Hyung Suk) [20/20] [KOR+Sub Rus] [Южная Корея, 2012, драма, экшн, криминал, HDTVRip] [RAW]"
4084113,2,3794075,6F18D46954F0A642CE45A97D55B9460BFCE5CB90,13511586107,1,2026-07-31 02:21:01,2,2,"{7,24,24,24,24,24,24,24,24,24,23,24,24,24,24,24,24,24,24,23,25,24,24,24,25,24,24,26,24,24,24}","{14,53,44,45,47,47,29,37,36,44,31,39,28,32,34,42,36,36,47,43,36,38,36,35,44,37,47,52,36,44,39}","Большой / Big (Ji Byung Hyun) [16/16] [KOR+Sub Rus] [Корея, 2012, комедия, TVRip] [RAW] [450p]"
4084944,2,2878684,25F95150BBC584D8FD16530488158CCC19C95ECE,36740808700,1,2026-07-31 02:21:01,3,2,"{7,24,24,24,24,24,24,24,24,24,23,24,24,24,24,24,24,24,24,23,25,24,24,24,25,24,24,26,24,24,24}","{26,78,71,69,71,71,50,61,83,90,79,87,75,80,72,72,76,69,79,84,75,58,62,62,75,71,88,73,60,89,79}","Моя любовь со мной / Моя любовь рядом со мной / Nae Sarang Nae Gyeotae / My love by my side (Han Jung Hwan) [50/50] [Южная Корея, 2011 г., романтика, семейный, TVRip] [KOR+Sub Rus] [RAW]"
4086620,2,24131219,940FE3525CE038F64148D548A8EE3D012DB3C36A,13600299008,1,2026-07-31 02:21:01,4,2,"{7,24,24,24,24,24,24,24,24,24,23,24,24,24,24,24,24,24,24,23,25,24,24,24,25,24,24,26,24,24,24}","{28,96,94,89,90,96,91,88,89,91,90,86,90,90,85,92,94,89,103,90,91,85,82,87,92,88,97,91,77,94,90}","Большой / Big (Ji Byung Hyun) [16 из 16] [RUS(int)] [Корея,2012, комедия, TVRip] [RAW] [450p]"
4088524,2,24131219,C0BE329B21673497438711AF8D46DBBEBB06C518,14190592000,1,2026-07-31 02:21:01,4,2,"{7,24,24,24,24,24,24,24,24,24,23,24,24,24,24,24,24,24,24,23,25,24,24,24,25,24,24,26,24,24,24}","{22,71,68,71,72,72,54,64,60,68,54,63,51,56,62,66,60,60,71,66,60,59,57,60,69,61,71,67,36,70,63}","Я тоже цветочек / Me Too, Flower (Go Dong Sun) [15/15] [RUS(int)] [Корея, 2011, романтическая комедия, TVRip]"
4089932,2,23845022,DBF40A1113D8AEF4B62B648218AEBCDF8B68B555,15159670784,1,2026-07-31 02:21:01,3,3,"{7,24,24,24,24,24,24,24,24,24,23,24,24,24,24,24,24,24,24,23,25,24,24,24,25,24,24,26,24,24,24}","{21,72,68,69,71,71,50,61,59,68,54,61,51,56,62,66,60,60,71,66,60,60,56,60,69,61,71,67,60,68,58}","Я тоже цветочек / Me Too, Flower (Go Dong Sun) [15 из 15] [RUS(int)] [Корея, 2011, Романтика, комедия, TVRip] [RAW]"
4090494,2,10950786,A9C0671166D7E3446C70CFBA35C1089381D280FE,11684432098,2,2026-07-31 02:21:01,3,1,"{7,24,24,24,24,24,24,24,24,24,23,24,24,24,24,24,24,24,24,23,25,24,24,24,25,24,24,26,24,24,24}","{24,121,148,135,170,114,114,146,145,145,113,146,165,124,138,130,153,150,168,151,124,119,115,100,84,103,153,148,98,154,115}","Моя девушка / My Girl (Яон Ки-сан / Jeon Ki-sang) [16 из 16] [RUS(int)] [Южная Корея, 2005, драма, романтика, комедия, TVRip] [RAW]"
4098107,2,1688321,7A053D5642491DB90A98D43CCCE27999955BAE13,11748216481,1,2026-07-31 02:21:01,3,3,"{7,24,24,24,24,24,24,24,24,24,23,24,24,24,24,24,24,24,24,23,25,24,24,24,25,24,24,26,24,24,24}","{21,72,68,69,71,71,51,63,60,68,54,63,51,56,64,72,60,60,71,66,60,59,57,59,69,61,71,67,60,68,47}","Идеальная девушка / My Fair Lady / The Perfect Girl / [16/16] (Хван Чжон Хван) [Корея, 2003, романтика, мелодрама, TVRip] [KOR+Sub Rus] [RAW]"
4099705,2,7690216,8F87F5C07A9AD335BB8D593C7F87D944B114FC79,15185911808,2,2026-07-31 02:21:01,2,1,"{7,24,24,24,24,24,24,24,24,24,23,24,24,24,24,24,24,24,24,23,25,24,24,24,25,24,24,26,24,24,24}","{24,102,95,95,91,91,77,98,97,96,87,87,92,74,90,90,86,94,93,103,97,110,116,99,100,98,103,117,97,103,83}","Зимняя соната / Winter Sonata (Yun Seok Ho, Lee Hyung Min) [20/20] [RUS(int), KOR] [Корея, 2002, романтика, драма, TVRip] [RAW]"
4103521,2,3075709,EF3F16D8FB8194B3494172B056E581DFE1ADEDAA,11743566717,1,2026-07-31 02:21:01,3,1,"{7,24,24,24,24,24,24,24,24,24,23,24,24,24,24,24,24,24,24,23,25,24,24,24,25,24,24,26,24,24,24}","{26,80,73,74,79,82,73,78,71,90,79,85,77,79,84,88,84,77,75,89,82,84,80,82,95,85,94,93,84,83,77}","Фортепиано / Фортепьяно / Piano (Oh Jong Rok) [16/16] [KOR+Sub Rus] [RAW] [Корея, 2001, Мелодрама, DVDRip]"
4104662,2,4439341,242D4370B0CABC4537E12A6D4F46B8120C83952F,3979797757,1,2026-07-31 02:21:01,3,3,"{7,24,24,24,24,24,24,24,24,24,23,24,24,24,24,24,24,24,24,23,25,24,24,24,25,24,24,26,24,24,24}","{21,72,68,69,71,71,51,63,60,68,54,70,51,56,58,66,60,60,71,66,59,60,60,59,69,61,71,67,73,78,63}","Воспоминания о Бали / Bal-li-e-seo Saeng-kin il / What Happened in Bali (Choi Moon Suk) [20/20] [Корея, 2004 г., драма, TVRip] [KOR+Sub Rus][RAW]"
4113019,8,24273978,4C7517C7513E7DC48AE27018F2A320CD3EFE16EB,15989341368,1,2026-07-31 02:21:01,2,2,"{7,24,24,24,24,24,24,24,24,24,23,24,24,24,24,24,24,24,24,23,25,24,24,24,25,24,24,26,24,24,24}","{14,48,46,45,47,49,28,38,36,44,31,39,27,32,34,42,36,36,47,43,36,38,35,35,44,37,46,41,36,44,26}","Возлюбленный / Chin-ae-ha-neun Dang-sin-e-ge / Beloved (Jo Hyun Tak) (16/16) [KOR+Sub Rus] [Корея, 2012, мелодрама, романтика, DTVRip] [RAW]"
4113094,2,6896572,DD8B2FBB444C52D5552EE63AA621BA3B1879FCF3,3455959040,1,2026-07-31 02:21:01,2,2,"{7,24,24,24,24,24,24,24,24,24,23,24,24,24,24,24,24,24,24,23,25,24,24,24,25,24,24,26,24,24,24}","{14,48,44,55,57,47,26,37,36,44,31,39,27,32,34,42,36,36,47,43,36,38,35,36,44,37,47,41,36,44,28}","Вперёд, скумбрия, вперёд! / Run! Mackerel / Mackerel Run [Kim Yong Jae, Choi Young Hoon, Kim Hong Sun] [8/8] [RUS(int)] [Корея, 2007, комедия, романтика, драма, школа DTVRip] [RAW] (VO) GREEN TEA"
4117516,2,5857663,6EF972CBBE9740C374D1D982AEB3C973F5A71117,11619987456,1,2026-07-31 02:21:01,3,1,"{7,24,24,24,24,24,24,24,24,24,23,24,24,24,24,24,24,24,24,23,25,24,24,24,25,24,24,26,24,24,24}","{28,80,80,87,81,82,79,90,85,87,77,85,75,80,86,87,84,84,95,89,85,79,81,84,94,85,94,93,68,93,84}","Партнёры / Partner (Hwang Eui Kyung, Kim Won Suk) [16/16] [RUS(int)] [Корея, 2009, драма, романтика, TVRip] [RAW] VO (GREEN TEA)"
4118184,2,23370014,A20C35952F74C50D16F70CFDC394CA1D785BD43D,734364743,1,2026-07-31 02:21:01,4,2,"{7,24,24,24,24,24,24,24,24,24,23,24,24,24,24,24,24,24,24,23,25,24,24,24,25,24,24,26,24,24,24}","{28,96,86,95,99,102,96,97,94,96,94,96,99,96,100,99,98,92,75,92,101,97,93,98,103,96,98,104,96,95,97}","Отдел расследований страховых событий / Life Teukbyeol Josa Team / Life Special Investigation Team (Im Tae Woo) [1/12] [KOR+Sub Rus] [Корея, 2008, детектив, комедия, романтика, DTVRip] [RAW]"
4118596,2,8493119,A8640245394C70445306ED758D36CF3D56ADDA9F,28600246592,1,2026-07-31 02:21:01,3,3,"{7,24,24,24,24,24,24,24,24,24,23,24,24,24,24,24,24,24,24,23,25,24,24,24,25,24,24,26,24,24,24}","{21,72,68,69,74,79,63,61,60,68,54,67,68,69,62,66,60,60,75,83,67,61,56,59,69,69,88,83,60,68,63}","Ты - моя судьба / Neoneun Nae Unmyeong / You are My Destiny (Kim Myung Wook) (31-60/178) [KOR+Sub Rus] [Корея, 2008, Романтика, семейное кино, HDTVRip] [RAW]"
4134612,2,10523288,CD87FE0A64E5BE310AB92D7D7392F15197A31873,12689683900,1,2026-07-31 02:21:01,3,3,"{7,24,24,24,24,24,24,24,24,24,23,24,24,24,24,24,24,24,24,23,25,24,24,24,25,24,24,26,24,24,24}","{21,72,68,69,71,71,50,61,60,68,54,63,51,58,58,66,60,60,71,66,61,61,65,73,77,71,82,70,65,70,68}","Королевский двор: тайна заговора / Hansungbyulgok / Conspiracy in the court (Kwak Jung Hwan) [8/8] [KOR+Sub Rus] [Корея, 2007, история, романтика, драма, DVDRip] [RAW]"
4137359,2,7928328,66EDB594EBEB3DC2BFA519C22BE23B34B08ECA3D,11904742186,1,2026-07-31 02:21:01,3,3,"{7,24,24,24,24,24,24,24,24,24,23,24,24,24,24,24,24,24,24,23,25,24,24,24,25,24,24,26,24,24,24}","{21,72,68,69,71,71,50,61,59,68,54,63,51,56,62,66,60,60,71,66,59,62,59,60,69,61,71,67,60,68,62}","Я верю в любовь / Sarangeul Mideoyo / I Believe in Love / Believe in Love / My Love, My Family [Lee Jae Sang] [15/62] [KOR+Sub Rus] [Корея, 2011, семья, романтика, комедия, HDTVRip] [RAW]"
4145228,2,3325751,33719130F7F3D1FDD8E393467139CBF4A5FA479C,14692458271,1,2026-07-31 02:21:01,2,2,"{7,24,24,24,24,24,24,24,24,24,23,24,24,24,24,24,24,24,24,23,25,24,24,24,25,24,24,26,24,24,24}","{14,48,44,45,47,47,26,37,36,44,31,39,27,33,35,42,36,36,47,43,35,38,33,36,44,37,46,41,36,44,39}","Белая башня / Hayan Geotap / White Tower (Ahn Pan Suk / Ан Пхан Сок ) [20/20] [KOR+Sub Rus] [Южная Корея, 2007, медицинская драма, TVRip] [RAW]"
4146974,2,6896572,C5E2C4559D311871DD8B6C181A4C947763F5B07F,8577634910,1,2026-07-31 02:21:01,3,2,"{7,24,24,24,24,24,24,24,24,24,23,24,24,24,24,24,24,24,24,23,25,24,24,24,25,24,24,26,24,24,24}","{17,55,60,61,55,56,44,59,39,68,50,53,35,49,49,45,43,52,66,59,57,47,39,45,52,54,54,71,46,75,62}","Вампир-прокурор / Vampire Geumsa / Vampire Prosecutor (Kim Byeong Soo) (12/12) [RUS(int)] [Корея, 2011, мистика, детектив, DTVRip] [RAW] (DVO) GREEN TEA"
4150460,2,13328053,A16E86EEB7A00FA960738C12FE59ECA1DD1B5F20,9494978531,1,2026-07-31 02:21:01,2,2,"{7,24,24,24,24,24,24,24,24,24,23,24,24,24,24,24,24,24,24,23,25,24,24,24,25,24,24,26,24,24,24}","{14,48,44,45,47,47,26,55,62,68,36,62,51,33,34,42,36,36,47,43,35,37,34,36,44,37,47,41,55,46,27}","Ответы из прошлого / Eungdabhara 1997 / Answer to 1997 / Reply 1997 / Вернуться в 1997 (Шин Вон Хо) [16/16] [KOR+Sub Rus] [Корея, 2012, комедия, школа, романтика TVRip] [RAW] [450p]"
4152214,2,7690216,309C4FC85040F11CED221339A89AE0DF9C2A1A36,1228142592,1,2026-07-31 02:21:01,3,3,"{7,24,24,24,24,24,24,24,24,24,23,24,24,24,24,24,24,24,24,23,25,24,24,24,25,24,24,26,24,24,24}","{21,72,68,69,71,69,50,63,60,68,54,63,51,56,62,66,60,60,71,66,59,59,57,60,69,61,71,67,60,68,55}","Норико едет в Сеул / Noriko Go To Seoul (Lee Gyo Wuk) (1/1) [RUS(int), KOR] [Южная Корея, Япония, 2011, комедия, драма, семейный, TVRip] [RAW]"
4152494,2,4709759,3C6B6D70DF268D2105EC8ADD8516A741432BC971,5456336441,1,2026-07-31 02:21:01,3,3,"{7,24,24,24,24,24,24,24,24,24,23,24,24,24,24,24,24,24,24,23,25,24,24,24,25,24,24,26,24,24,24}","{21,72,68,69,71,71,50,61,60,68,54,63,54,56,62,66,55,60,71,66,60,58,59,60,69,61,71,67,60,68,63}","Защитить босса / Bo-seu-ga Dal-la-jyeott-eo-yo / Protect the Boss [Son Jung Hyun] (7/18) [RAW] [KOR+Sub Rus] [Корея, 2011, комедия, романтика, TVRip]"
4154199,2,2359264,C406FC3A4212B3909FD7548B03AAA15596643F08,5021639160,1,2026-07-31 02:21:01,2,2,"{7,24,24,24,24,24,24,24,24,24,23,24,24,24,24,24,24,24,24,23,25,24,24,24,25,24,24,26,24,24,24}","{14,48,44,45,47,47,26,37,36,48,31,39,27,36,44,43,40,42,53,43,44,41,39,39,49,43,56,41,36,44,39}","Королева Инсу / Queen Insoo / Insoo Daebi (Lee Tae Gon / Ли Тхэ Гон) [7/60] [KOR+Sub Rus] [Корея, 2011-2012, исторический, DTVRip] [RAW]"
4154529,2,1688321,3E44AB93B8F1E9DBFE9DECB024DBD9D0207E573E,18129957984,1,2026-07-31 02:21:01,2,2,"{7,24,24,24,24,24,24,24,24,24,23,24,24,24,24,24,24,24,24,23,25,24,24,24,25,24,24,26,24,24,24}","{14,64,60,60,61,65,44,49,48,53,41,48,43,48,45,50,45,44,55,59,53,53,63,65,79,66,81,85,69,79,63}","Вера / Faith / Shin-eui (Ким Чон Хак) [24/24] [KOR+Sub Rus] [Корея, 2012, фэнтези, фантастика, HDTVRip] [RAW]"
4154766,2,11878133,0E7C383382543D79641F799DC53AA916C52B50E1,19800975189,1,2026-07-31 02:21:01,2,2,"{7,24,24,24,24,24,24,24,24,24,23,24,24,24,24,24,24,24,24,23,25,24,24,24,25,24,24,26,24,24,24}","{14,48,44,45,47,47,26,37,36,44,31,42,28,32,34,42,36,36,47,43,36,37,32,35,44,44,50,41,36,44,39}","Вера / Shin-eui / Faith (Kim Jong Hak) (24/24) [KOR+Sub Rus] [Корея, 2012, историческая мелодрама, фэнтези, HDTVRip] [RAW]"
4155236,2,3794075,DDB8D40AC65C3448F8341CA14DA8C2FE27ECB151,12757378716,1,2026-07-31 02:21:01,2,2,"{7,24,24,24,24,24,24,24,24,24,23,24,24,24,24,24,24,24,24,23,25,24,24,24,25,24,24,26,24,24,24}","{14,48,46,45,47,47,26,37,36,44,31,39,27,32,34,39,36,36,47,45,36,37,44,36,44,37,49,41,36,45,48}","Для тебя во всём цвету / To the Beautiful You / Hana Kimi (Jun Ki Sang) [16/16] [KOR+Sub Rus] [Корея, 2012, романтика, комедия, DTVRip] [RAW] [450p]"
4155922,2,6896572,217D6F0D087E3B80ACAA6587750109C52DAE3320,13230151170,1,2026-07-31 02:21:01,5,3,"{7,24,24,24,24,24,24,24,24,24,23,24,24,24,24,24,24,24,24,23,25,24,24,24,25,24,24,26,24,24,24}","{25,79,76,78,78,81,76,87,78,86,83,86,73,84,76,83,78,74,80,83,90,81,71,79,88,77,89,98,74,86,86}","Для тебя во всём цвету / Areumdawoon Geudaeege / To the Beautiful You (Jun Ki Sang) [16/16] [RUS(int)] [Корея, 2012, комедия, романтика, TVRip] (DVO) GREEN TEA"
4156068,2,2359264,04684A1FBA7165A0DEF2397733BA734DE9EFE620,839426487,1,2026-07-31 02:21:01,3,3,"{7,24,24,24,24,24,24,24,24,24,23,24,24,24,24,24,24,24,24,23,25,24,24,24,25,24,24,26,24,24,24}","{21,72,68,69,71,71,50,61,60,68,54,61,51,56,57,66,60,60,71,66,61,60,57,60,68,61,71,67,60,68,63}","Незабытая любовь / Miryun / Linger (KBS Drama Special Season 2) [Kim Sang Hwi] [1/1] [KOR+Sub Rus] [Корея, 2011, исторический, драма, мелодрама, TVRip] [RAW]"
4156561,2,1688321,5903BA9E0DC0137658CE26511C5DE2FAE7B3F948,14864570581,1,2026-07-31 02:21:01,3,2,"{7,24,24,24,24,24,24,24,24,24,23,24,24,24,24,24,24,24,24,23,25,24,24,24,25,24,24,26,24,24,24}","{21,72,68,69,71,71,50,61,60,68,54,63,51,56,60,66,60,61,71,66,60,60,58,59,69,61,70,67,60,68,52}","Аран и магистрат / Arangsaddojeon / Arang and the Magistrate (Ким Сан Хо) [20/20] [KOR+Sub Rus] [Корея, 2012, Фэнтези, мистика, комедия, романтика, HDTVRip] [RAW]"
4158579,2,20869346,183EA565A5415500BDB41818DD71F3A2D81755FA,6664945664,1,2026-07-31 02:21:01,3,3,"{7,24,24,24,24,24,24,24,24,24,23,24,24,24,24,24,24,24,24,23,25,24,24,24,25,24,24,26,24,24,24}","{21,72,68,69,71,71,50,61,60,68,54,63,51,56,62,66,54,60,71,66,60,59,57,60,69,61,71,67,60,68,63}","Убойный отдел / Kangryukban / Crime Squad [Kwon Gye Hong] [8/16] [RUS(int)] [Корея, 2011, детектив, HDTVRip] [RAW]"
4159210,2,21933460,CCA6305DE354F3D15282C686F24DABCC29518833,18602356736,1,2026-07-31 02:21:01,3,2,"{7,24,24,24,24,24,24,24,24,24,23,24,24,24,24,24,24,24,24,23,25,24,24,24,25,24,24,26,24,24,24}","{18,61,48,45,66,69,35,72,54,71,66,80,49,70,60,70,71,85,78,91,77,66,51,53,75,73,66,79,90,81,56}","Вера / Shin-eui / Faith (Ким Чон Хак) [24/24] [RUS(int)] [Южная Корея, 2012, история, фантастика, DTVRip] [RAW] (GREEN TEA)"
4160800,2,1688321,1420B6FED890CD678B83B4AB27046388F8E3C814,11198761812,1,2026-07-31 02:21:01,2,2,"{7,24,24,24,24,24,24,24,24,24,23,24,24,24,24,24,24,24,24,23,25,24,24,24,25,24,24,26,24,24,24}","{14,48,44,45,47,47,26,37,36,44,31,39,27,32,35,39,36,36,47,43,36,38,34,36,44,37,47,41,36,44,39}","Неизвестный рай / Stranger Than Heaven / Stranger than Paradise (Kim Jong Hyeok) [16/16] [Корея, 2006, романтика, мелодрама, DTVRip] [KOR+Sub Rus] [RAW]"
4161241,2,10523288,D55F5CA216641D234A297A06090FE8AA4073F481,29768151788,1,2026-07-31 02:21:01,2,2,"{7,24,24,24,24,24,24,24,24,24,23,24,24,24,24,24,24,24,24,23,25,24,24,24,25,24,24,26,24,24,24}","{14,50,44,45,50,47,51,71,63,49,34,43,33,32,34,53,45,39,47,47,36,42,35,36,44,49,55,46,56,85,82}","Королева мая / Me-i-kwin / May Queen (Baek Ho Min) [38/38] [KOR+Sub Rus] [Корея, 2012, мелодрама, HDTVRip] [RAW]"
4163538,2,7928328,49EF6BF0A948B86717C116AFC145F0286ACE535C,24356050468,1,2026-07-31 02:21:01,2,2,"{7,24,24,24,24,24,24,24,24,24,23,24,24,24,24,24,24,24,24,23,25,24,24,24,25,24,24,26,24,24,24}","{14,48,44,45,47,47,26,37,36,44,31,39,27,32,34,39,36,36,47,53,36,38,34,35,44,43,68,41,41,54,27}","Пять пальцев / Five Fingers (Choi Young Hoon) [30/30] [KOR+Sub Rus] [Корея, 2012, романтика, музыка, мелодрама, DTVRip] [RAW]"
4169366,2,6645030,8817ABD372B4138BB24F3E51317991547B6EC0BC,11474245632,1,2026-07-31 02:21:01,2,2,"{7,24,24,24,24,24,24,24,24,24,23,24,24,24,24,24,24,24,24,23,25,24,24,24,25,24,24,26,24,24,24}","{14,48,44,45,47,48,47,37,36,44,31,39,48,44,34,42,36,36,47,60,55,38,34,36,44,37,64,55,36,44,35}","Мисс Панда и мистер Ёж / Pandayanggwa Goseumdoch / Panda and Hedgehog / Панда и ёж (Ли Мин Чоль) [16/16] [RUS(int)] [Корея, 2012, Романтика, комедия, HDTVRip] [RAW] DVO GREEN TEA"
4169686,8,7897295,66DBB3AB14BA4486395F31ADAFF08F3EA10ABB16,6594699218,1,2026-07-31 02:21:01,2,2,"{7,24,24,24,24,24,24,24,24,24,23,24,24,24,24,24,24,24,24,23,25,24,24,24,25,24,24,26,24,24,24}","{14,48,44,45,47,47,26,37,36,44,31,42,27,32,34,42,36,36,47,43,35,37,33,35,44,37,46,41,36,44,39}","Хотельер / Hotelieo / Hotelier (Jang Yong Woo) [4-20 из 20] [KOR+Sub Rus] [Корея,2001, драма, романтика, TVRip] [RAW]"
4170116,2,1688321,2EE979C945F819BC12A848FEC3FB5A2040EDF0C7,2091556048,1,2026-07-31 02:21:01,2,2,"{7,24,24,24,24,24,24,24,24,24,23,24,24,24,24,24,24,24,24,23,25,24,24,24,25,24,24,26,24,24,24}","{14,48,48,45,47,47,26,37,36,44,31,39,27,32,34,42,36,36,47,46,35,39,47,35,43,37,50,41,36,45,32}","Мой мальчик / По секрету, мальчик / Ma Boy (Ли Чжон Мин) [3/3] [KOR+Sub Rus] [Корея, 2012, Романтика, комедия, TVRip] [RAW]"
4171484,2,24350315,7AEB6BF9AD014E83CFCCCE8C0C5642B8C4A7C74C,24284131838,1,2026-07-31 02:21:01,2,2,"{7,24,24,24,24,24,24,24,24,24,23,24,24,24,24,24,24,24,24,23,25,24,24,24,25,24,24,26,24,24,24}","{14,54,44,45,54,47,26,37,49,44,35,69,27,44,36,45,36,36,49,48,36,38,35,38,49,49,59,55,42,60,55}","Мститель в маске / Gaksital / Bridal Mask (28/28) [2012, Южная Корея, драма, исторический, экшн, HDTVRip] [RAW] (DVO) (STEPonee)"
4171789,2,4048229,D47EBB464E7EBB2563EBD9CF229EF65C26F3EF55,13218441659,1,2026-07-31 02:21:01,2,2,"{7,24,24,24,24,24,24,24,24,24,23,24,24,24,24,24,24,24,24,23,25,24,24,24,25,24,24,26,24,24,24}","{14,48,44,45,47,47,26,37,37,44,31,39,27,37,54,41,36,36,47,43,35,36,35,36,44,37,46,41,36,44,29}","Свадьба / We-ding / Wedding (Jung Hae Ryong) (18/18) [KOR+Sub Rus] [Корея, 2005 год, Романтика, мелодрама, TVRip] [RAW]"
4172309,2,3325751,92FA141DDC26E9AAA12A485A9D378B41B4C4A3D1,3686441089,1,2026-07-31 02:21:01,2,2,"{7,24,24,24,24,24,24,24,24,24,23,24,24,24,24,24,24,24,24,23,25,24,24,24,25,24,24,26,24,24,24}","{14,48,44,45,47,47,26,37,36,44,31,39,27,32,34,39,36,36,47,43,36,39,32,36,44,37,46,41,36,44,39}","Обычная любовь / KBS Drama Special Series 2: Ordinary Love (Kim Jin Won / Ким Чжин Вон) [4/4] [KOR+Sub Rus] [Южная Корея, 2012, драма, романтика TVRip] [RAW]"
4173784,10,12179,DA559F070DB45CDD63352C5596BC4FB797136245,2203543491,1,2026-07-31 02:21:01,2,2,"{7,24,24,24,24,24,24,24,24,24,23,24,24,24,24,24,24,24,24,23,25,24,24,24,25,24,24,26,24,24,24}","{14,48,44,45,47,47,26,37,36,44,31,39,27,32,34,42,36,36,47,43,35,39,34,36,44,37,46,41,36,44,39}","Хотельер / Hotelieo / Hotelier (Jang Yong Woo) [3/20] [KOR+Sub Rus] [Корея, 2001, драма, романтика, TVRip] [RAW]"
4183027,2,24350315,A6AED02927EC5B96EB5A9F68C60C141360FC1C16,14009052110,1,2026-07-31 02:21:01,4,2,"{7,24,24,24,24,24,24,24,24,24,23,24,24,24,24,24,24,24,24,23,25,24,24,24,25,24,24,26,24,24,24}","{28,79,75,79,76,70,50,61,62,68,57,70,59,60,62,66,64,60,76,78,83,72,77,86,100,83,94,93,69,76,74}","Одержимые мечтой 2 / Dream High 2 (16/16) [2012, Южная Корея, романтика, комедия, музыка, HDTVRip] [RAW] (DVO) (STEPonee)"
4184209,2,3325751,0FB66DAC73A2B4B431F6CEF28DDCC7F9DAD0FA80,15174060716,1,2026-07-31 02:21:01,3,3,"{7,24,24,24,24,24,24,24,24,24,23,24,24,24,24,24,24,24,24,23,25,24,24,24,25,24,24,26,24,24,24}","{21,72,68,69,71,70,50,61,60,68,54,63,51,56,59,66,60,60,71,66,60,60,57,60,69,61,71,67,60,68,58}","Сама невинность / Хороший парень / Innocent Man / Nice Guy (Kim Jin Won / Ким Чжин Вон) [20/20] [Южная Корея, 2012, драма, TVRip] [KOR+Sub Rus] [RAW]"
4184365,2,1688321,8CA3EA66EB01E95FA422B20EE93930CDB1970A34,16031343691,1,2026-07-31 02:21:01,2,2,"{7,24,24,24,24,24,24,24,24,24,23,24,24,24,24,24,24,24,24,23,25,24,24,24,25,24,24,26,24,24,24}","{14,48,45,45,47,50,27,39,36,44,31,39,27,32,34,42,36,36,47,43,35,38,34,36,44,37,47,41,36,44,36}","Хороший парень / Сама невинность / Innocent Man / Nice Guy (Ким Чжин Вон) [20/20] [Корея, 2012, мелодрама, романтика, HDTVRip] [KOR+Sub Rus] [RAW] [450р]"
4184868,8,2858124,5758596C087D9B5489E06B419A8EE7BD09FC34E1,9123779991,1,2026-07-31 02:21:01,3,2,"{7,24,24,24,24,24,24,24,24,24,23,24,24,24,24,24,24,24,24,23,25,24,24,24,25,24,24,26,24,24,24}","{21,68,68,69,71,70,50,61,60,68,54,63,51,56,62,66,60,60,71,66,60,60,57,59,69,61,71,67,60,68,63}","Вампир-прокурор 2 / Baem-pa-i-eo Keom-sa 2 / Vampire Prosecutor 2 [Yoo Seon Dong] [11/11] [KOR+Sub Rus] [Корея, 2012, мистика, детектив, HDTVRip] [RAW][450p]"
4185158,2,2151552,B067E80A457E34948EEECA0E6865E81CD5AB02AD,15586089644,1,2026-07-31 02:21:01,2,2,"{7,24,24,24,24,24,24,24,24,24,23,24,24,24,24,24,24,24,24,23,25,24,24,24,25,24,24,26,24,24,24}","{14,48,44,45,47,46,26,37,36,44,31,39,27,32,36,42,36,36,47,43,35,37,33,36,44,37,46,41,36,44,33}","Панда и Ёжик / Pandayanggwa Goseumdochi / Panda and Hedgehog / Мисс Панда и мистер Ёж ( Lee Min Chul) (16/16) [KOR+Sub Rus] [Корея, 2012, Романтическая комедия, HDTVRip] [450p]"
4189353,2,6645030,2DC279426CD151692E2BD8D1394B2E32686C0F92,10743826432,1,2026-07-31 02:21:01,3,1,"{7,24,24,24,24,24,24,24,24,24,23,24,24,24,24,24,24,24,24,23,25,24,24,24,25,24,24,26,24,24,24}","{26,89,92,89,95,90,79,79,88,98,100,99,83,82,87,91,93,79,62,81,83,85,81,95,102,89,94,88,80,91,85}","Рыцарь королевы Инхён / Inhyeon Wanghu-ui Namja / Queen In Hyun’s Man (Kim Byung Soo) [16/16] [RUS(int)] [Корея, 2012, роматика, комедия, фантастика, HDTVRip] [RAW] DVO GREEN TEA"
4193815,2,28636256,36E7E76E66E4CC68C8D4F1B52749B3E3C3D15053,2498918400,1,2026-07-31 02:21:01,2,2,"{7,24,24,24,24,24,24,24,24,24,23,24,24,24,24,24,24,24,24,23,25,24,24,24,25,24,24,26,24,24,24}","{14,48,44,45,47,46,26,37,36,44,31,39,27,32,38,42,36,36,47,43,35,38,32,36,44,37,46,41,36,44,39}","Достоинство Джентльмена / A Gentleman’s Dignity / Истинный джентльмен / Shinsaui Poomgyuk / Джентльмены (Shin Woo-Cheol, Kwon Hyuk-Chan) [3 из 20] [RUS(int), KOR] [Корея, 2012, романтическая мелодрама, комедия, DTVRip] [RAW]"
4200457,2,1602169,19C6B9015A42A940F3613666CDBCA1EA7959247D,2936707621,1,2026-07-31 02:21:01,3,3,"{7,24,24,24,24,24,24,24,24,24,23,24,24,24,24,24,24,24,24,23,25,24,24,24,25,24,24,26,24,24,24}","{21,72,68,69,71,70,50,61,60,68,54,63,51,56,62,66,55,60,71,66,59,57,56,60,69,61,70,67,60,68,63}","Синдон / Shin Don / Sindon (Ким Чжин Мин / Kim Jin Min) [04/61] [Южная Корея, 2005, историческая драма, TVRip] [KOR+Sub Rus] [RAW]"
4204943,2,8493119,3CEE238A940B8A764CFC6D4010F4C95752A4D770,28499937492,1,2026-07-31 02:21:01,3,3,"{7,24,24,24,24,24,24,24,24,24,23,24,24,24,24,24,24,24,24,23,25,24,24,24,25,24,24,26,24,24,24}","{21,73,71,69,73,79,63,63,60,68,54,67,67,69,62,66,60,60,82,89,68,60,57,60,69,69,87,83,60,68,63}","Ты - моя судьба / Neoneun Nae Unmyeong / You are My Destiny (Kim Myung Wook) (61-90/178) [KOR+Sub Rus] [Корея, 2008, Романтика, семейное кино, HDTVRip] [RAW]"
4205199,2,24273978,D9700ABB0EA8DB5F5039A1E2EED77AAB997C13BA,25670341114,1,2026-07-31 02:21:01,3,2,"{7,24,24,24,24,24,24,24,24,24,23,24,24,24,24,24,24,24,24,23,25,24,24,24,25,24,24,26,24,24,24}","{25,80,76,69,71,70,50,61,72,92,76,69,51,56,66,82,84,80,87,73,63,60,57,66,94,82,73,78,85,92,75}","О-Ля-Ля, женатики! / Oolralra Booboo / Ohlala Couple (Lee Jung-Sub Rus) (18/18) [KOR+Sub Rus] [Корея, 2012, семейный, романтика, комедия, HDTVRip] [RAW]"
4214271,2,13328053,B1929CF3CA23BBE4034359877A037963AFE02178,1681522704,1,2026-07-31 02:21:01,3,3,"{7,24,24,24,24,24,24,24,24,24,23,24,24,24,24,24,24,24,24,23,25,24,24,24,25,24,24,26,24,24,24}","{21,72,68,69,71,70,50,61,59,68,54,63,51,56,62,66,60,60,71,66,58,59,58,60,69,61,70,67,60,68,56}","Мировая мама / Ummaga Meogilrae / What is Mom (Кан Ён Сон) [3 из 27] [KOR+Sub Rus] [Южная Корея, 2012, ситком, HDTVRip] [RAW]"
4215407,2,1688321,7BEA3890E52E3D920D05501C0FACE811D9B16095,14103696682,1,2026-07-31 02:21:01,2,2,"{7,24,24,24,24,24,24,24,24,24,23,24,24,24,24,24,24,24,24,23,25,24,24,24,25,24,24,26,24,24,24}","{14,48,44,45,47,46,26,37,36,44,31,39,27,32,34,42,36,36,47,43,35,38,32,36,44,37,47,41,36,44,39}","О-Ля-Ля, какая пара! / О-Ля-Ля, женатики! / Oolralra Booboo / Ohlala Couple / Ooh La La Couple [18/18] [KOR+Sub Rus] [Корея, 2012, семейный, комедия, романтика, HDTVRip] [RAW] [450р]"
4217421,2,6896572,A07386D69A063379793512F9BCB438E2AAEC351F,1912889344,1,2026-07-31 02:21:01,2,2,"{7,24,24,24,24,24,24,24,24,24,23,24,24,24,24,24,24,24,24,23,25,24,24,24,25,24,24,26,24,24,24}","{15,53,47,49,52,51,30,41,39,48,33,43,32,44,35,45,40,37,49,47,38,43,37,39,47,39,50,43,39,50,37}","Мой мальчик / По секрету, мальчик / Ma Boy (Ли Чжон Мин) [3 из 3] [RUS(int)] [Корея, 2012, романтика, комедия, гендерная интрига, TVRip] [RAW] (DVO) GREEN TEA"
4221334,2,7928328,A5181942772D5E321860C4682E015298F27EE9FD,35859076076,1,2026-07-31 02:21:01,2,2,"{7,24,24,24,24,24,24,24,24,24,23,24,24,24,24,24,24,24,24,23,25,24,24,24,25,24,24,26,24,24,24}","{14,48,44,45,47,46,26,37,36,44,31,39,27,32,38,42,36,36,47,43,35,38,33,36,44,37,47,41,36,44,39}","Дом вверх дном / Dagchigo paemilri / Shut Up Family / Family / Paemilri (Чо Чжун Хи, Чхве Сон Бом) [103/120] [KOR+Sub Rus] [Корея, 2012-2013, ситком, семья, DTVRip] [RAW]"
4224145,2,4709759,892B21348ADEA2E77A4B9E89DA176D79294E1A87,15156178382,1,2026-07-31 02:21:01,2,2,"{7,24,24,24,24,24,24,24,24,24,23,24,24,24,24,24,24,24,24,23,25,24,24,24,25,24,24,26,24,24,24}","{14,48,44,45,47,46,26,37,36,44,31,39,27,32,34,42,36,36,47,43,35,39,35,36,44,37,45,41,36,44,39}","Семейные узы / Королевская семья / Royal Family [Kim Do Hoon] (18/18) [RAW] [KOR+Sub Rus] [Корея, 2011, драма, романтика, HDTVRip]"
4225850,2,1688321,97935D17316D820577093FB235FBF2F70B9EE257,14406636549,1,2026-07-31 02:21:01,2,2,"{7,24,24,24,24,24,24,24,24,24,23,24,24,24,24,24,24,24,24,23,25,24,24,24,25,24,24,26,24,24,24}","{14,51,44,45,47,46,26,37,38,44,31,39,27,32,35,42,44,36,47,43,36,37,33,36,44,37,46,41,36,44,42}","Полный дом 2 / Poolhawooseu Teikeu 2 / Full House 2 (Ким Чжин Юн) [32/32] или [16/16] [KOR+Sub Rus] [Корея, 2012, Романтика, комедия, TVRip] [RAW]"
4231540,2,6896572,62A0B139FB5CF178F09BDB6D6167323B6BCA86CB,15880736768,1,2026-07-31 02:21:01,3,3,"{7,24,24,24,24,24,24,24,24,24,23,24,24,24,24,24,24,24,24,23,25,24,24,24,25,24,24,26,24,24,24}","{21,80,72,74,74,76,62,68,68,76,62,66,55,68,68,71,66,60,85,69,67,60,79,73,79,62,75,74,38,77,67}","Защитить босса / Защити босса / Bo-seu-ga Dal-la-jyeott-eo-yo / Protect the Boss [Son Jung Hyun / Сон Чжон Хён] [18/18] [RUS(int)] [Корея, 2011, Комедия, романтика, DTVRip] [RAW] (DVO) GREEN TEA"
4231756,2,13538830,BC22AAF93D285A0F872A333440FA629E0E3F09F5,1471955027,1,2026-07-31 02:21:01,3,3,"{7,24,24,24,24,24,24,24,24,24,23,24,24,24,24,24,24,24,24,23,25,24,24,24,25,24,24,26,24,24,24}","{21,72,68,69,71,70,50,61,60,68,54,63,51,56,62,66,55,60,71,66,60,57,56,60,68,61,69,67,60,68,70}","Головоломка Бога / Загадки Бога / Shin-ui Quiz / God's Quiz (Lee Joon Hyung / Ли Чжун Хён) [2/10] [KOR+Sub Rus] [Южная Корея, 2010, медицина, криминал, мистика, DTVRip] [RAW] [450p]"
4232621,2,6896572,DEFE51619230BD650A58AA3A12CB624AE95428DC,13082796032,1,2026-07-31 02:21:01,2,2,"{7,24,24,24,24,24,24,24,24,24,23,24,24,24,24,24,24,24,24,23,25,24,24,24,25,24,24,26,24,24,24}","{14,48,44,45,47,53,32,37,36,56,38,43,27,49,38,42,47,43,47,45,36,44,36,36,44,37,48,41,36,44,26}","Моя прекрасная леди / Take Care of Agasshi / My Fair Lady [Ji Young Soo] [16/16] [RUS(int)] [Корея, 2009, романтическая комедия, DTVRip] [RAW] (VO) GREEN TEA"
4234517,2,3075709,B2C4A8EFA8B8C31405B538DEA66ED7DD3699FCAC,13220545610,1,2026-07-31 02:21:01,3,3,"{7,24,24,24,24,24,24,24,24,24,23,24,24,24,24,24,24,24,24,23,25,24,24,24,25,24,24,26,24,24,24}","{22,71,67,70,71,71,53,62,65,74,57,69,61,62,61,74,63,60,73,67,66,66,67,67,74,65,75,75,65,77,66}","Витражи / Yurihwa / Stained Glass (Lee Chang Soon) [18/18] [KOR+Sub Rus] [Корея, 2004, мелодрама, TVRip] [RAW]"
4235184,2,6371348,A37A548019B80E548012E49919964FE9BB27B345,11843115870,1,2026-07-31 02:21:01,2,2,"{7,24,24,24,24,24,24,24,24,24,23,24,24,24,24,24,24,24,24,23,25,24,24,24,25,24,24,26,24,24,24}","{14,48,44,45,47,46,26,37,36,44,31,39,27,37,35,42,36,36,47,43,35,38,32,35,44,37,47,41,36,44,30}","Осенний дождь / Gaeul Sonagi / Autumn Shower (Yoon Jae Moon / Юн Чже Мун) [16/16] [KOR+Sub Rus] [Корея, 2005, мелодрама, DVDRip] [RAW]"
4238793,2,6896572,165DDBBA9EC10FE1C59952CE9633C73573CA9ADE,16939757568,1,2026-07-31 02:21:01,3,3,"{7,24,24,24,24,24,24,24,24,24,23,24,24,24,24,24,24,24,24,23,25,24,24,24,25,24,24,26,24,24,24}","{22,83,68,72,74,75,65,70,76,76,64,73,67,70,82,88,73,74,69,84,78,77,70,69,83,75,81,86,57,77,67}","Возвращение Иль Чжи Мэ / Dolanon Iljimae / The Return of Iljimae / Moon River [Hwang In Roe &amp; Kim Soo Young] [24 из 24] [RUS(int)] [Корея, 2009, Историческая драма, TVRip] [RAW] (DVO) GREEN TEA"
4239918,2,6896572,AAF1B8296F30058302AD2D8C68D543DD64842B52,15618756040,1,2026-07-31 02:21:01,4,1,"{7,24,24,24,24,24,24,24,24,24,23,24,24,24,24,24,24,24,24,23,25,24,24,24,25,24,24,26,24,24,24}","{33,145,147,161,198,123,136,148,172,149,112,158,180,146,125,114,144,127,180,140,140,114,113,114,111,147,159,182,141,184,124}","49 Дней / 49 Days [Чо Ён Гван / Jo Young Kwang] [20/20] [RUS(int)] [Корея, 2011, Фэнтези, романтика, мелодрама, DTVRip] [RAW] (DVO) GREEN TEA"
4242318,2,24131219,F7B6BB4B10FDD4795FC815533BA212D18F6F105E,11556259932,1,2026-07-31 02:21:01,4,2,"{7,24,24,24,24,24,24,24,24,24,23,24,24,24,24,24,24,24,24,23,25,24,24,24,25,24,24,26,24,24,24}","{19,62,59,61,62,66,50,54,58,52,48,64,44,47,54,63,60,54,65,64,65,39,49,50,55,49,46,64,60,61,32}","Когда наступает ночь / Everyday Night / When Night Comes / When it's at night [Сон Хён-Сок] [17/17] [RUS(int)] [Южная Корея, 2008, романтика, комедия, приключения, TVRip] [RAW]"
4242391,2,-1,7E48F7135D0E5D04807D2C9A0DA6243624C7771C,13335686759,1,2026-07-31 02:21:01,3,3,"{7,24,24,24,24,24,24,24,24,24,23,24,24,24,24,24,24,24,24,23,25,24,24,24,25,24,24,26,24,24,24}","{21,72,69,69,71,74,51,63,61,70,55,61,51,56,62,66,60,60,71,66,59,60,58,60,69,61,70,67,60,68,57}","Король драмы / De-ra-ma-eui Je-wang / The King of Dramas [Hong Seong-chang] [18/18] [KOR+Sub Rus] [Корея, 2012, романтика, комедия, DTVRip] [RAW]"
4244242,2,2736386,631553CE1C041FAEB0256A6FA9173E76EDDE9497,17337242920,1,2026-07-31 02:21:01,2,2,"{7,24,24,24,24,24,24,24,24,24,23,24,24,24,24,24,24,24,24,23,25,24,24,24,25,24,24,26,24,24,24}","{14,48,46,45,47,46,26,37,36,44,31,39,27,32,33,42,36,36,47,43,35,37,33,36,44,37,47,41,36,44,32}","Я скучаю по тебе / I Miss You (Ли Чже Дон) [21/21] [Южная Корея, 2012 год, мелодрама, HDTVRip] [KOR+Sub Rus] [RAW] [450р]"
4244563,2,1688321,B54D89D16AC7C9445BF6450342CD6162BBDF8C9D,15628029292,1,2026-07-31 02:21:01,2,2,"{7,24,24,24,24,24,24,24,24,24,23,24,24,24,24,24,24,24,24,23,25,24,24,24,25,24,24,26,24,24,24}","{14,48,44,45,47,46,26,37,36,44,31,39,27,32,34,42,36,36,47,43,36,37,32,36,44,37,47,41,36,44,39}","Скучаю по тебе / Missing You / I Miss You / Я скучаю по тебе (Ли Чжэ Дон) [21/21] [KOR+Sub Rus] [Корея, 2012, Мелодрама, романтика, DTVRip] [RAW] [360p]"
4245472,2,6896572,6D67D900430B1FA72EE2765F1CF72BBEB3D7D05A,17533167616,1,2026-07-31 02:21:01,3,2,"{7,24,24,24,24,24,24,24,24,24,23,24,24,24,24,24,24,24,24,23,25,24,24,24,25,24,24,26,24,24,24}","{22,69,69,70,82,71,45,70,59,63,48,61,42,47,50,57,55,52,69,56,54,62,91,89,96,93,88,85,87,93,68}","Я скучаю по тебе / Bogosipda / I Miss You (Ли Чже Дон) [21/21] [RUS(int)] [Корея, 2012, мелодрама, HDTVRip] [450p] (DVO) GREEN TEA"
4246140,2,24131219,EA52F1D82AACEA9AE73875078F088062A44E5C79,14742728704,1,2026-07-31 02:21:01,2,2,"{7,24,24,24,24,24,24,24,24,24,23,24,24,24,24,24,24,24,24,23,25,24,24,24,25,24,24,26,24,24,24}","{14,48,44,45,47,46,26,37,36,44,31,39,27,32,35,42,36,39,47,43,36,36,32,36,43,37,47,41,36,44,23}","Король дорам / Король драмы / De-ra-ma-eui Je-wang / The King of Dramas [Hong Seong-chang] [18/18] [RUS(int)] [Корея, 2012, романтика, комедия, драма, TVRip] [RAW]"
4252594,2,4048229,F23D34F073F85E10110C3A7123D337B6B15B24AA,5140621824,1,2026-07-31 02:21:01,2,2,"{7,24,24,24,24,24,24,24,24,24,23,24,24,24,24,24,24,24,24,23,25,24,24,24,25,24,24,26,24,24,24}","{14,48,44,45,47,46,26,37,36,44,31,39,27,32,34,42,36,36,47,43,35,39,35,36,44,37,46,41,36,44,39}","Суперновичок / Shin-ip Sa-won / Super Rookie / Супер-Новичок( Han Hee) ( 7-20 / 20) [KOR+Sub Rus] [Корея, 2005, комедия, романтика, мелодрама, TVRip] [RAW]"
4253871,2,16876780,C47AD95D636F737C5CD67EAF69987D84DF436853,19325573555,1,2026-07-31 02:21:01,3,3,"{7,24,24,24,24,24,24,24,24,24,23,24,24,24,24,24,24,24,24,23,25,24,24,24,25,24,24,26,24,24,24}","{21,72,68,69,71,70,50,61,60,68,54,63,51,56,58,66,55,60,71,66,61,58,56,59,68,61,71,67,60,68,54}","Королева Сондок / Seondeok Yeo Wang / Queen Seon Duk [36-62/62] [KOR+Sub Rus][RAW] [Корея, 2009, историческая драма, HDTVRip]"
4264470,2,1014143,32C24710D629FFA9642B9B5AD92E394977D909BD,63635230489,1,2026-07-31 02:21:01,2,2,"{7,24,24,24,24,24,24,24,24,24,23,24,24,24,24,24,24,24,24,23,25,24,24,24,25,24,24,26,24,24,24}","{14,48,44,45,47,46,26,37,36,44,31,39,27,32,34,42,36,36,47,43,36,36,33,36,44,37,47,41,36,44,27}","Будь сильной, Гым Сун / Goot-se-eo-ra Geum-soon-ah / Be Strong Geum Soon (Lee Dae Young) [163/163] [KOR+Sub Rus] [RAW] [Корея, 2005, мелодрама, комедия, TVRip]"
4270031,2,11878133,842C6B51897F0809B920636614A89EBB45DB376D,14287143061,1,2026-07-31 02:21:01,2,2,"{7,24,24,24,24,24,24,24,24,24,23,24,24,24,24,24,24,24,24,23,25,24,24,24,25,24,24,26,24,24,24}","{14,48,44,45,47,46,26,37,36,44,31,39,27,32,34,42,36,36,47,43,35,38,33,36,44,53,46,41,36,44,39}","Алиса из Чхондама / Cheong-dam-dong ael-li-seu / Cheongdam-dong Alice (Jo Soo-won) [16/16] [KOR+Sub Rus] [Южная Корея, 2012, романтика, комедия, HDTVRip] [RAW] [450р]"
4272993,2,13328053,DA7BAB60CF29F3A756F75E47BA7B799EBAD922DE,14592036132,1,2026-07-31 02:21:01,3,2,"{7,24,24,24,24,24,24,24,24,24,23,24,24,24,24,24,24,24,24,23,25,24,24,24,25,24,24,26,24,24,24}","{17,61,48,55,53,54,27,52,57,70,46,52,37,44,57,63,47,32,51,64,45,50,44,37,61,44,58,44,39,53,35}","Школа / Hakgyo 2013 / School 2013 (Ли Ын Бок, Ли Мин Хон) [16/16 + спешл] [KOR+Sub Rus] [Корея, 2012, школа, романтика TVRip] [RAW] [450p]"
4276943,2,29675194,962A5E7F3C9B4E3B39A84C835517B000979D81F2,10291979275,1,2026-07-31 02:21:01,2,2,"{7,24,24,24,24,24,24,24,24,24,23,24,24,24,24,24,24,24,24,23,25,24,24,24,25,24,24,26,24,24,24}","{15,51,45,49,47,47,29,39,41,51,34,44,33,38,40,47,39,36,49,44,42,41,42,40,49,41,52,49,41,45,32}","Реинкарнация. В поисках потерянной любви / Hwansaeng - Nekseuteu / Rebirth - Next (Ю Чжон Чжун) [14/14] [KOR+Sub Rus] [Корея, 2005, мелодрама, мистика, медицина, историческая драма, TVRip] [RAW]"
4277929,2,15391832,09812B4139E4419B76BD0B364B85EF357BDE871F,14751066198,1,2026-07-31 02:21:01,2,2,"{7,24,24,24,24,24,24,24,24,24,23,24,24,24,24,24,24,24,24,23,25,24,24,24,25,24,24,26,24,24,24}","{14,48,44,45,47,46,26,37,36,44,31,39,27,32,42,63,36,36,47,43,35,36,35,36,44,37,47,41,36,44,27}","Я люблю Ли Тэ-Ри / Aileobeu Itaeli / I Love Lee Tae Ri (Ким До Хёк) (16/16) [RUS(int)] [Корея. 2012, романтика, комедия, DTVRip] [RAW]"
4279088,2,7774751,D18A086F53C29027A2FFDEA965236B51BCBBE40E,2992769105,1,2026-07-31 02:21:01,3,3,"{7,24,24,24,24,24,24,24,24,24,23,24,24,24,24,24,24,24,24,23,25,24,24,24,25,24,24,26,24,24,24}","{26,80,80,79,79,80,73,79,85,90,77,87,75,80,84,90,84,84,95,89,83,83,83,84,94,85,93,93,84,92,87}","Если любить... как они / If in love... like them / Perhaps Love / A Special Promise (4/4) [RUS (int), KOR+Sub] [Корея, 2007, драма, романтика, TVRip] (RAW)"
4281039,2,6896572,2F3051FADBB97F341D5A04216390B17FFE8320E5,14485651456,1,2026-07-31 02:21:01,3,2,"{7,24,24,24,24,24,24,24,24,24,23,24,24,24,24,24,24,24,24,23,25,24,24,24,25,24,24,26,24,24,24}","{26,78,68,69,71,70,52,61,60,68,53,63,51,56,67,66,60,60,71,69,59,60,55,60,69,61,70,67,37,68,61}","Алиса из Чхондама / Cheong-dam-dong ael-li-seu / Cheongdam-dong Alice ( Jo Soo-won) (16/16) [RUS(int)] [Корея, 2012, романтика, комедия, HDTVRip] [RAW] (VO) GREEN TEA"
4289725,2,18718217,3539DE60E34F566655CBB906D676D6312D52472B,236585645,1,2026-07-31 02:21:01,3,3,"{7,24,24,24,24,24,24,24,24,24,23,24,24,24,24,24,24,24,24,23,25,24,24,24,25,24,24,26,24,24,24}","{21,72,68,69,71,70,50,61,60,68,54,63,51,56,58,66,60,60,71,66,60,61,58,60,69,61,71,67,60,68,56}","Жуткий тип, Я и призрак / Museowoon Nomgwa Gwishingwa Na / The Scary One, The Ghost and I [Kim Yong Soo] [1/1] [KOR+Sub Rus] [Корея, 2010, комедия, мистика, детектив, TVRip] [RAW]"
4293864,2,13671634,756541676FD7DD149CC9B1FD92FE8389AB4608C8,18454871117,1,2026-07-31 02:21:01,2,2,"{7,24,24,24,24,24,24,24,24,24,23,24,24,24,24,24,24,24,24,23,25,24,24,24,25,24,24,26,24,24,24}","{14,48,44,45,47,46,26,37,36,44,31,39,27,32,34,42,36,36,47,43,36,37,34,36,44,37,47,41,36,44,39}","Позаботься о нас, Капитан! / Butakhaeyo, Captain / Take Care of Us, Captain [Joo Dong Min] (20 из 20) [KOR+Sub Rus] [Корея, 2012, драма, романтика, комедия, HDTVRip]"
4295143,2,16287683,D7BDB21F16713E42DF42495D9695A0B72AC22E98,4106466731,1,2026-07-31 02:21:01,2,2,"{7,24,24,24,24,24,24,24,24,24,23,24,24,24,24,24,24,24,24,23,25,24,24,24,25,24,24,26,24,24,24}","{14,48,44,45,47,46,26,37,36,44,31,39,27,32,34,42,36,36,47,43,51,58,50,60,69,66,71,65,41,55,47}","Овощной магазин холостяка / Chonggakne Yachaegage / Bachelor’s Vegetable Store [Ли Джун Хён] [16-24/24] [KOR+Sub Rus] [Корея, 2011-2012, Комедия, романтика, драма, TVRip] [RAW]"
4301188,2,2851223,8573395AB7869582970B6F14B8B2D58E5040A2EE,11351345771,1,2026-07-31 02:21:01,3,3,"{7,24,24,24,24,24,24,24,24,24,23,24,24,24,24,24,24,24,24,23,25,24,24,24,25,24,24,26,24,24,24}","{21,72,68,69,71,70,50,61,60,68,54,63,51,56,62,66,60,60,71,66,59,60,57,60,68,61,71,67,37,68,62}","Вера / Shin-eui / Faith (Kim Jong Hak) [14 из 24] [RUS(int), KOR+Sub] [Корея, 2012, история, фэнтези, романтика, медицина, DTVRip] [RAW]"
4303837,2,8820856,7C7A68974C23BCB940B4F64F3001A961CCF16CD9,3291539456,1,2026-07-31 02:21:01,2,2,"{7,24,24,24,24,24,24,24,24,24,23,24,24,24,24,24,24,24,24,23,25,24,24,24,25,24,24,26,24,24,24}","{14,48,44,45,47,46,29,37,39,44,31,39,27,32,38,42,36,36,47,43,35,38,33,35,44,37,49,41,12,44,39}","Вернуться в 1997 / Eungdabhara 1997 / Reply 1997 / Answer to 1997 / Ответы из прошлого (Shin Won Ho) [07/16] [RUS(int)] [Корея, 2012, комедия, школа, романтика, DTVRip]"
4310554,2,18718217,DE59B02DFA6D3183239D47141B4B86AF0339F4E3,3673433822,1,2026-07-31 02:21:01,3,3,"{7,24,24,24,24,24,24,24,24,24,23,24,24,24,24,24,24,24,24,23,25,24,24,24,25,24,24,26,24,24,24}","{26,80,80,79,79,81,73,77,84,90,77,87,75,80,84,90,84,84,95,89,84,81,78,84,94,85,93,93,84,92,81}","Тайный детектив, Чжон Як Ён / Joseon Choori Hakgeuk Jeong Yak Yong / Korean Mystery Detective, Jung Yak Yong [5/8] [Южная Корея, KOR+Sub Rus] [2009, Южная Корея, детектив, исторический, TVRip] [RAW]"
4312789,2,29776514,BBF00A033C65E8C89D6F4EF69442C7ACB4D7583E,11303800832,2,2026-07-31 02:21:01,3,2,"{7,24,24,24,24,24,24,24,24,24,23,24,24,24,24,24,24,24,24,23,25,24,24,24,25,24,24,26,24,24,24}","{21,72,68,77,79,80,73,75,87,85,77,87,85,80,77,55,67,66,94,88,83,70,63,57,69,82,88,71,83,90,74}","Мой любимый учитель / Hello My Teacher [16 из 16] [Южная Корея, 2005, Мелодрама, комедия, TVRip] [RAW] [480p] (VO) (codevip)"
4313624,2,6896572,45F5F4FE01B7BA64A3E56C80BE6B8259A2D40871,9100208128,1,2026-07-31 02:21:01,3,3,"{7,24,24,24,24,24,24,24,24,24,23,24,24,24,24,24,24,24,24,23,25,24,24,24,25,24,24,26,24,24,24}","{21,72,71,73,71,70,50,61,60,74,71,80,62,62,62,63,66,60,71,66,59,58,54,60,69,61,71,67,36,68,60}","Мой сосед - красавчик / Neighbor Hottie / Flower Boy Next Door (Чон Чжон Хва) [16/16] [RUS(int)] [Корея, 2013, комедия, романтика, HDTVRip] [RAW] (DVO) GREEN TEA"
4317170,2,7774751,BC3B25D35177C2FFC398E7799B1057333829B322,17095389097,1,2026-07-31 02:21:01,2,2,"{7,24,24,24,24,24,24,24,24,24,23,24,24,24,24,24,24,24,24,23,25,24,24,24,25,24,24,26,24,24,24}","{14,48,44,45,47,46,26,37,36,44,31,42,27,32,32,42,36,38,55,43,38,39,37,36,44,38,47,41,36,49,37}","Аран и магистрат / Arangsaddojeon / Arang and the Magistrate (Ким Сан Хо) (20/20) [RUS (int), KOR+Sub] [Корея, 2012, Фэнтези, мистика, комедия, романтика, HDTVRip] (RAW)"
4318870,2,15608589,EB0DB69D8D353CD5983D57FB37AC86B13EA4D6E1,20079377487,1,2026-07-31 02:21:01,3,3,"{7,24,24,24,24,24,24,24,24,24,23,24,24,24,24,24,24,24,24,23,25,24,24,24,25,24,24,26,24,24,24}","{21,72,68,69,71,70,51,63,60,68,54,63,51,56,62,66,60,60,71,66,58,60,58,60,69,61,70,67,60,68,60}","Королева амбиций / Queen of Ambition / Yawang (Jo Young Kwang, Park Shin Woo) [24/24] [KOR+Sub Rus] [Южная Корея, 2013, романтика, мелодрама, HDTVRip] [RAW] [450р]"
4328162,2,-1,F6E9A6C58FE2CB4630E971BBD4B6B93899FA349F,13935970745,1,2026-07-31 02:21:01,2,2,"{7,24,24,24,24,24,24,24,24,24,23,24,24,24,24,24,24,24,24,23,25,24,24,24,25,24,24,26,24,24,24}","{14,48,44,52,47,46,26,37,36,45,31,39,27,32,35,42,36,36,47,43,36,39,35,36,44,37,47,41,36,44,39}","Парочка под прикрытием / 7th Grade Civil Servant / My Girlfriend is An Agent / Моя девушка - спецагент (Kim Sang-hyeob) [20/20] [KOR+Sub Rus] [Южная Корея, 2013, романтика, боевик, комедия, HDRip] [RAW]"
4331047,8,21933460,08045424927D8A0423D68E2A4801726841CB1D2B,18726627328,1,2026-07-31 02:21:01,3,2,"{7,24,24,24,24,24,24,24,24,24,23,24,24,24,24,24,24,24,24,23,25,24,24,24,25,24,24,26,24,24,24}","{21,72,68,69,71,70,50,61,63,51,31,39,27,32,34,42,36,36,47,43,35,38,34,36,65,62,70,67,60,68,58}","Парочка под прикрытием / Моя девушка спецагент / 7th Grade Civil Servant / 7th Level Civil Servant / My Girlfriend is An Agent [20/20] [RUS(int)] [Корея, 2013, романтика, комедия, детектив, HDTVRip] [RAW] (GREEN TEA)"
4331387,2,213560,E9F4CD52320E14C7672BA662361DDABB48DC9524,7186902583,1,2026-07-31 02:21:01,2,2,"{7,24,24,24,24,24,24,24,24,24,23,24,24,24,24,24,24,24,24,23,25,24,24,24,25,24,24,26,24,24,24}","{14,48,44,45,47,46,26,50,43,59,46,58,38,45,52,50,51,51,58,56,52,49,48,38,54,45,55,50,46,58,42}","Осень в моём сердце / Осенняя сказка / Gaeul Donghwa / Autumn in My Heart / Autumn Tale / Endless Love 1 (Yoon Suk Ho) [16/16][RAW][KOR+Sub Rus] [Корея, 2000, романтика, драма, DVDRip]"
4339575,2,2359264,F09BFF8EA73477BE57B80ECD404B4F10A1DFE939,3792768191,1,2026-07-31 02:21:01,3,3,"{7,24,24,24,24,24,24,24,24,24,23,24,24,24,24,24,24,24,24,23,25,24,24,24,25,24,24,26,24,24,24}","{21,72,68,69,71,70,50,61,60,68,54,63,51,56,60,66,60,60,71,66,61,60,56,60,69,61,69,67,60,70,63}","Ли Хвеён - борец за независимость / Jayuin Lee Hoe Young / Freedom Fighter, Lee Hoe Young (Shin Chang Suk / Син Чхан Сок) [5/5] [KOR+Sub Rus] [Корея, 2010, исторический, DTVRip] [RAW]"
4343422,2,14657563,6404C6076A0B1F43956982487ADEA693BF1BAE21,3672993656,1,2026-07-31 02:21:01,3,3,"{7,24,24,24,24,24,24,24,24,24,23,24,24,24,24,24,24,24,24,23,25,24,24,24,25,24,24,26,24,24,24}","{21,72,68,69,71,70,50,61,60,68,54,63,51,56,59,66,60,60,71,66,61,60,58,60,69,61,70,67,60,68,63}","Хирург Пон Дар Хи / Surgeon Bong Dal Hee (Hee Kim Hyung Sik) [14-18/18] [KOR+Sub Rus] [Корея, 2007, драма, медицина, TVRip] [RAW]"
4343602,2,2359264,91A1781C1310710E23AC6DCE8B6C1978068B86FC,734487089,1,2026-07-31 02:21:01,3,3,"{7,24,24,24,24,24,24,24,24,24,23,24,24,24,24,24,24,24,24,23,25,24,24,24,25,24,24,26,24,24,24}","{21,72,68,69,71,70,50,61,60,68,54,63,51,61,62,66,60,60,71,66,60,61,56,60,69,61,70,67,60,68,62}","Бессмертный флотоводец Ли Сунсин / Bulmyeolui Yi Soon-shin / The Immortal Lee Soon-Shin / Immortal Admiral Yi Soon-shin [Хан Чжун Со (Han Jun-Seo) / (Ли Сон Чжу) Lee Sung-Joo] [1/104] [KOR+Sub Rus] [Корея, 2004-2005, исторический, DTVRip] [RAW]"
4344556,2,13122934,E23DEAD1CBFAE3590664F1251B6AF579EE20B5F2,12572902512,1,2026-07-31 02:21:01,2,2,"{7,24,24,24,24,24,24,24,24,24,23,24,24,24,24,24,24,24,24,23,25,24,24,24,25,24,24,26,24,24,24}","{14,48,44,45,47,46,26,37,36,44,31,39,27,32,34,42,36,36,47,43,36,39,35,36,44,37,47,41,39,44,39}","Гений рекламы Ли Тэ Пэк / Ad Genius Lee Tae Baek / Gwanggocheonjae Lee Tae Baek / Рекламный гений Ли Тэ Бэк (Пак Ки Хо) [16/16] [KOR+Sub Rus] [Корея, 2013, романтика, комедия, TVRip] [RAW]"
4349125,2,17487354,3071E6270D66CD9C11C16BE8A3E81A43C96C64C6,12951534608,1,2026-07-31 02:21:01,2,2,"{7,24,24,24,24,24,24,24,24,24,23,24,24,24,24,24,24,24,24,23,25,24,24,24,25,24,24,26,24,24,24}","{14,60,70,74,73,46,26,37,36,44,31,39,27,32,41,69,71,62,72,68,67,39,35,36,44,37,72,73,36,44,39}","Этой зимой дует ветер / That Winter, The Wind Blows / Wind Blows in Winter (Kim Kyu Tae) [16/16] [KOR+Sub Rus] [RAW] [Корея, 2013 год, романтика, мелодрама, DTVRip]"
4349366,2,2359264,A2F0577C21750DD25FBDD722A390124817C3B2D4,4406986783,1,2026-07-31 02:21:01,3,3,"{7,24,24,24,24,24,24,24,24,24,23,24,24,24,24,24,24,24,24,23,25,24,24,24,25,24,24,26,24,24,24}","{21,72,68,69,71,69,50,61,60,68,54,63,51,56,62,66,60,60,71,66,58,60,60,60,69,61,71,67,60,83,77}","Тэ Чжоён / Dae Jo Yeong (Kim Jong Sun) [KOR+Sub Rus] [6/134] [Южная Корея, 2006 -2007, исторический, DTVRip] [RAW]"
4349699,2,10060265,5C2CD6ECA17DDB0EE4952E3E8D486C911C5A4156,14952541142,1,2026-07-31 02:21:01,3,1,"{7,24,24,24,24,24,24,24,24,24,23,24,24,24,24,24,24,24,24,23,25,24,24,24,25,24,24,26,24,24,24}","{26,82,86,79,79,80,77,77,110,90,77,86,77,85,82,90,79,72,91,89,86,80,77,83,92,92,96,95,96,92,80}","Айрис-II / Airiseu II / IRIS II / Айрис 2/ IRIS 2 / A-i-ri-seu 2 (Pyo Min Soo, Kim Tae Hoon) [20/20] [Южная Корея, 2013, драма, экшн, DTVRip] [KOR+Sub Rus] [RAW] [352p]"
4350208,2,24131219,890754DDF7120AAB4297F1DC8E5154CC3D60CB72,12404340736,1,2026-07-31 02:21:01,2,2,"{7,24,24,24,24,24,24,24,24,24,23,24,24,24,24,24,24,24,24,23,25,24,24,24,25,24,24,26,24,24,24}","{14,53,44,45,47,48,28,41,36,44,31,39,27,32,34,42,36,36,47,43,36,39,35,36,44,37,47,41,36,44,34}","Этой зимой дует ветер / That Winter, The Wind Blows / Wind Blows in Winter (Kim Kyu Tae) [16/16] [RUS(int)] [Южная Корея, 2013 г., романтика, мелодрама, TVRip]"
4351668,2,3325751,FB67C2955202AF052BFB237ECA26CACAA092632E,11724103746,1,2026-07-31 02:21:01,4,3,"{7,24,24,24,24,24,24,24,24,24,23,24,24,24,24,24,24,24,24,23,25,24,24,24,25,24,24,26,24,24,24}","{22,77,68,73,75,72,63,65,64,74,54,66,66,68,67,70,58,62,71,81,69,62,60,64,74,65,81,82,62,72,67}","Этой зимой дует ветер / Geu Gyeo-wool, Barami Boonda / That Winter, the Wind Blows [16/16] (Kim Kyu Tae / Ким Гютхэ) [Южная Корея, 2013, драма, TVRip] [KOR+Sub Rus] [RAW]"
4353042,2,6645030,887406969A38FFA61A4815CDA29B6694907B6437,13494705015,2,2026-07-31 02:21:01,4,4,"{7,24,24,24,24,24,24,24,24,24,23,24,24,24,24,24,24,24,24,23,25,24,24,24,25,24,24,26,24,24,24}","{30,85,93,97,97,89,92,85,107,99,90,98,97,102,91,96,97,98,102,92,103,97,94,96,105,98,97,106,93,98,92}","Кофейня / Coffee House (Pyo Min-soo) [18/18] [RUS(int)] [Корея, 2010 г., романтика, комедия, HDTVRip] [RAW] DVO GREEN TEA &amp; HonDub"
4362352,2,1688321,476058E2D142BAA816BB4CE8E790719E45B155AC,1187366455,1,2026-07-31 02:21:01,3,3,"{7,24,24,24,24,24,24,24,24,24,23,24,24,24,24,24,24,24,24,23,25,24,24,24,25,24,24,26,24,24,24}","{21,72,68,69,71,67,50,63,60,68,53,63,51,56,62,66,60,60,71,66,60,59,59,60,69,61,71,67,60,68,60}","Мы сможем пожениться? / Сможем ли мы пожениться? / Can We Get Married? (Kim Yoon-cheol) [2/20] [Корея, 2012, Семья, романтика, TVRip] [RAW] [KOR+Sub Rus]"
4365001,2,7928328,875CBD4C774FA64D15CE605C7A71A8D4EEC62C61,28536224707,1,2026-07-31 02:21:01,3,2,"{7,24,24,24,24,24,24,24,24,24,23,24,24,24,24,24,24,24,24,23,25,24,24,24,25,24,24,26,24,24,24}","{19,75,79,69,71,70,50,61,60,68,54,63,51,56,62,66,65,68,80,77,73,69,59,74,77,70,83,82,70,80,66}","Неудержимый пинок, сезон 2 / High Kick! (season 2) / High Kick Through The Roof / Unstoppable High Kick (Season) 2 [126/126] [KOR+Sub Rus][Южная Корея, 2009-2010, ситком, романтика, комедия, семья, DTVRip] [RAW]"
4365296,2,6896572,F7E8F24327BA3AFEBCB87BB2AF3D075C2717D626,13893293838,1,2026-07-31 02:21:01,3,2,"{7,24,24,24,24,24,24,24,24,24,23,24,24,24,24,24,24,24,24,23,25,24,24,24,25,24,24,26,24,24,24}","{16,56,44,53,54,52,31,42,51,52,31,46,27,52,58,53,52,45,67,59,46,38,36,64,53,50,67,61,34,65,59}","Нереальная любовь / Идеальный роман / Распрекрасная любовь / Искусство любить / The Greatest Love / Best Love (Park Hong Kyun, Lee Dong Yoon) [16/16] [RUS(int)] [Корея, 2011 г., романтика, комедия, HDTVRip] [450p] [RAW] (DVO) GREEN TEA"
4365489,2,3075709,A882A5B5750E79BC925981E916D6E2F666D5E512,13158463342,2,2026-07-31 02:21:01,4,3,"{7,24,24,24,24,24,24,24,24,24,23,24,24,24,24,24,24,24,24,23,25,24,24,24,25,24,24,26,24,24,24}","{22,73,77,92,94,93,90,94,101,89,91,94,85,94,90,87,80,72,89,90,98,71,81,71,78,96,95,106,93,96,68}","Мы встречаемся / Jigeumeun Yeonaejung / We Are Dating Now / Dating Now (Oh Se Kang) [16/16] [KOR+Sub Rus] [RAW] [Корея, 2002, Мелодрама, DVDRip]"
4373081,2,3075709,0550A55AA322CBD196B78A0D07945F862FCCB23C,11742455883,1,2026-07-31 02:21:01,3,1,"{7,24,24,24,24,24,24,24,24,24,23,24,24,24,24,24,24,24,24,23,25,24,24,24,25,24,24,26,24,24,24}","{27,83,72,77,79,82,75,82,78,92,83,89,86,81,83,92,87,80,75,90,87,87,85,87,95,89,93,99,85,83,85}","18-ти летняя невеста / Nang Rang 18 Seh / Sweet 18 / Little Bride / 18 Year Old Bride [16/16] [KOR+Sub Rus] [RAW] [Корея, 2004, Драма, DVDRip]"
4379758,2,3075709,3115CEF10368DD7BAD969D6FF3A89EDC4CA6325A,11736027374,1,2026-07-31 02:21:01,3,3,"{7,24,24,24,24,24,24,24,24,24,23,24,24,24,24,24,24,24,24,23,25,24,24,24,25,24,24,26,24,24,24}","{21,72,68,69,71,69,50,63,60,68,54,63,51,56,62,63,60,60,71,66,58,59,56,60,69,61,70,67,60,68,59}","Кот на крыше / Oktapbang goyangi / Cat on the Roof / Rooftop Room Cat / Attic Cat (Kim Sa Hyun) [16/16] [KOR+Sub Rus] [RAW] [Корея, 2003, Романтика, комедия, DVDRip]"
4386995,2,2040369,44DF26FC4533335A6B085FB383B8D514D2FD73B3,26633129253,1,2026-07-31 02:21:01,3,3,"{7,24,24,24,24,24,24,24,24,24,23,24,24,24,24,24,24,24,24,23,25,24,24,24,25,24,24,26,24,24,24}","{21,72,68,69,73,79,64,63,60,68,54,67,68,69,62,66,60,60,75,83,67,60,57,60,69,69,86,83,60,68,63}","Ты - моя судьба / Neoneun Nae Unmyeong / You are My Destiny (Kim Myung Wook) (91-120/178) [KOR+Sub Rus] [Корея, 2008, Романтика, семейное кино, HDTVRip] [RAW]"
4390579,2,1814647,F40FCD2611C1FD110F6B7A45CDDA5E062680A3D0,3012435514,1,2026-07-31 02:21:01,2,2,"{7,24,24,24,24,24,24,24,24,24,23,24,24,24,24,24,24,24,24,23,25,24,24,24,25,24,24,26,24,24,24}","{14,48,44,45,47,46,26,37,36,44,31,39,27,32,38,42,36,36,47,43,36,37,35,36,44,37,47,41,36,44,39}","Ли Сун Шин - лучшая! / Lee Soon Sin is the Best / Ли Сун Шин лучше всех! / Lee Soon Shin is the Best (Noh Do Cheol) [04/50] [Южная Корея, 2013 год, Романтика, TVRip] [KOR+Sub Rus] [RAW]"
4391742,2,2359264,6AC84063C126D2DA090CF4D0ECC88B341D2332F8,14805728265,1,2026-07-31 02:21:01,3,3,"{7,24,24,24,24,24,24,24,24,24,23,24,24,24,24,24,24,24,24,23,25,24,24,24,25,24,24,26,24,24,24}","{21,72,68,69,71,70,50,61,59,68,54,63,51,56,62,66,60,60,71,66,59,60,56,60,69,61,70,67,60,68,59}","Жестокий дворец: война цветов / Goongjoongjanhoksa - Ggotdeului Jeonjaeng / Cruel Palace - War of Flowers / Palace's Cruel History - War of flowers [20/50] [Южная Корея, KOR+Sub Rus] [2013, Южная Корея, исторический, драма, романтика, DTVRip] [RAW]"
4394867,8,19218970,8984CBB8142A9676CB2DAEC06A397B451DC5A72B,20377226229,1,2026-07-31 02:21:01,3,3,"{7,24,24,24,24,24,24,24,24,24,23,24,24,24,24,24,24,24,24,23,25,24,24,24,25,24,24,26,24,24,24}","{21,72,68,69,71,70,50,61,60,68,54,63,51,56,59,66,60,60,71,66,61,58,57,60,69,61,69,67,60,68,50}","Навстречу солнцу / Taeyangsokeuro / Into The Sun (Moon Jung Soo) [20/20] [KOR+Sub Rus] [Корея, 2003, романтика, мелодрама, DVDRip] [RAW]"
4400656,2,7244271,8D39F3C41AEE5BE60706B65FA5ED9659EEC9B38B,1469025233,1,2026-07-31 02:21:01,3,3,"{7,24,24,24,24,24,24,24,24,24,23,24,24,24,24,24,24,24,24,23,25,24,24,24,25,24,24,26,24,24,24}","{21,72,68,69,71,70,50,61,60,68,54,63,51,56,62,66,60,60,71,66,59,61,57,60,68,61,71,67,60,68,63}","8 дней таинственных покушений на короля Чонджо / Eight Days Mystery of Jeong Jo Assassination (Park Jong Won) [2/10] [KOR+Sub Rus] [Корея, 2007, исторический, политический, триллер, DTVRip]"
4401927,2,14857823,1062138236FAA9A1AC329241890B44E88E73952D,21378592768,1,2026-07-31 02:21:01,3,2,"{7,24,24,24,24,24,24,24,24,24,23,24,24,24,24,24,24,24,24,23,25,24,24,24,25,24,24,26,24,24,24}","{15,60,61,60,66,49,31,54,53,60,47,56,35,37,52,62,55,54,66,48,39,50,37,54,48,54,48,47,46,48,24}","Феникс / Phoenix / The Fire Bird (Oh Kyung Hoon) [26/26][RUS(int), KOR] [Корея, 2004, драма, мелодрама, TVRip] [RAW]"
4402276,2,31082590,9DF6E61EBE760AFE94B094F5AE9A526FE833F808,19172119244,1,2026-07-31 02:21:01,2,2,"{7,24,24,24,24,24,24,24,24,24,23,24,24,24,24,24,24,24,24,23,25,24,24,24,25,24,24,26,24,24,24}","{14,48,44,45,47,46,26,37,36,44,31,39,39,34,34,42,36,36,47,43,36,39,34,36,44,37,47,41,36,44,33}","Позаботься о нас, Капитан! / Butakhaeyo, Captain / Take Care of Us, Captain [20 из 20] [Южная Корея, 2012, драма, романтика, комедия, HDTVRip] [450p] MVO (KANSAI)"
4402330,2,13328053,7074288CB73ACAAFC241CFAC8869273098D46D9F,15684410132,1,2026-07-31 02:21:01,3,3,"{7,24,24,24,24,24,24,24,24,24,23,24,24,24,24,24,24,24,24,23,25,24,24,24,25,24,24,26,24,24,24}","{21,72,68,71,72,70,50,63,60,68,54,63,51,56,62,71,60,60,71,66,64,60,58,60,69,61,71,67,60,68,52}","Когда мужчина влюблен / Namjaga Saranghal Ddae / When a Man Loves (Ким Сан Хо) [20/20] [KOR+Sub Rus] [Корея, 2013, мелодрама, TVRip] [RAW] [450p]"
4415365,2,27215574,0CDACD03A662EF53EBA4729FF129EE415526D4CB,13548065886,1,2026-07-31 02:21:01,3,3,"{7,24,24,24,24,24,24,24,24,24,23,24,24,24,24,24,24,24,24,23,25,24,24,24,25,24,24,26,24,24,24}","{21,72,68,69,71,70,51,63,60,68,54,63,51,56,62,66,60,60,71,66,60,60,54,60,69,61,70,67,60,68,58}","Предназначение жены / Anaeui Jagyuk / A Wife’s Credentials [16/16] [Южная Корея, KOR+Sub Rus] [2012, Южная Корея, мелодрама, DTVRip] [RAW] [360p]"
4415988,2,20113081,FCA2B992BB7DFB0159E0323F4DD8B5F8E9D0F460,17285801123,1,2026-07-31 02:21:01,2,2,"{7,24,24,24,24,24,24,24,24,24,23,24,24,24,24,24,24,24,24,23,25,24,24,24,25,24,24,26,24,24,24}","{14,48,44,45,47,46,26,37,36,44,31,39,27,33,33,42,36,36,47,43,36,39,34,36,44,37,47,41,36,44,32}","Море амбиций / Nae Yeoja / Sea of Ambition (Lee Kwan Hee) [24/24] [KOR+Sub Rus] [RAW] [Южная Корея, 2008, мелодрама, HDTVRip]"
4423152,2,1688321,27A58B586745A814942EDCCBBD99130D869463CF,14698597028,1,2026-07-31 02:21:01,2,2,"{7,24,24,24,24,24,24,24,24,24,23,24,24,24,24,24,24,24,24,23,25,24,24,24,25,24,24,26,24,24,24}","{14,48,44,45,47,46,26,37,36,44,31,39,27,32,34,42,36,36,47,43,36,38,34,36,44,37,47,41,36,44,27}","Когда мужчина влюблен / Namjaga Saranghal Ddae / When A Man Loves [20/20] [Корея, 2013, мелодрама, романтика, DTVRip] [KOR+Sub] [RAW] [360p]"
4425954,2,11902080,C849B6EC01522F6BBEF524486333A3E0121893C5,17572085408,1,2026-07-31 02:21:01,3,3,"{7,24,24,24,24,24,24,24,24,24,23,24,24,24,24,24,24,24,24,23,25,24,24,24,25,24,24,26,24,24,24}","{21,72,68,69,71,70,50,61,60,68,54,66,51,56,58,69,55,60,71,66,61,57,58,60,69,61,71,67,60,68,45}","Рукописи рода Ку /Легенда о полукровке / Книга семьи Гу / Gu Family Book / The legend of the half-blood (Син У Чхоль) [24/24] [KOR+Sub Rus] [Корея, 2013, фантастика, исторический, романтика, TVRip] [RAW]"
4429304,2,458589,385234BD5E57EB6DC909A731CAF6F3EC4F0A2FCE,11746227818,1,2026-07-31 02:21:01,3,3,"{7,24,24,24,24,24,24,24,24,24,23,24,24,24,24,24,24,24,24,23,25,24,24,24,25,24,24,26,24,24,24}","{21,72,70,73,74,73,56,61,66,68,60,63,62,73,64,66,62,75,81,73,73,65,58,60,77,73,71,71,65,68,61}","Вкусное предложение / Mashinun Chunghon / Delicious Proposal / Sweet Proposal (Park Sung Soo) [16/16] [KOR+Sub Rus] [Корея, 2001, Романтика, TVRip]"
4430188,2,4327512,535AE44CFAB688F0A524F429E129F191353CD244,6130501995,1,2026-07-31 02:21:01,3,3,"{7,24,24,24,24,24,24,24,24,24,23,24,24,24,24,24,24,24,24,23,25,24,24,24,25,24,24,26,24,24,24}","{21,72,68,69,71,70,50,61,60,68,54,63,51,56,58,66,60,60,71,66,61,60,57,60,69,61,69,67,60,68,63}","Она крута! / Она - просто нечто / Woowahan Nyeo / She is Wow (Kim Chul Kyu) [12/12] [KOR+Sub Rus] [Корея, 2013, комедия, романтика, TVRip] [RAW]"
4431254,2,6327412,6F9641A843E48427BF25EC2C0122B5AF27F1177D,14042864766,1,2026-07-31 02:21:01,2,2,"{7,24,24,24,24,24,24,24,24,24,23,24,24,24,24,24,24,24,24,23,25,24,24,24,25,24,24,26,24,24,24}","{14,48,44,45,47,46,26,37,36,44,31,39,27,36,34,39,36,36,47,43,35,37,34,36,44,37,47,41,36,44,39}","Друг, это наша с тобой легенда / The Unfinished Tale / Friend, The Untold Story ( Kwak Kyeong Taek / Квак Гён Тхэк) [20/20] [KOR+Sub Rus] [Корея, 2009, мелодрама, криминал, TVRip] [RAW]"
4439214,2,2669478,4F12B9BF51CE72F1D084EEF4E862875C676FE0AC,14416437248,1,2026-07-31 02:21:01,4,2,"{7,24,24,24,24,24,24,24,24,24,23,24,24,24,24,24,24,24,24,23,25,24,24,24,25,24,24,26,24,24,24}","{28,96,98,117,93,97,95,98,98,93,92,94,90,91,92,90,92,96,87,95,91,94,92,92,108,105,101,102,93,96,89}","Плохой парень / Bad Guy / Na-ppeun nam-ja [17/17] [Южная Корея, 2010, драма, HDTVRip] [RAW] [450p] VO (STEPonee)"
4441031,2,24872009,B8AE7F3F8DA1328CFABFE7813E1985DD8D1D559C,5916667408,1,2026-07-31 02:21:01,3,3,"{7,24,24,24,24,24,24,24,24,24,23,24,24,24,24,24,24,24,24,23,25,24,24,24,25,24,24,26,24,24,24}","{21,72,68,69,71,70,51,63,60,68,54,63,51,56,62,66,55,60,71,66,60,58,58,60,69,61,69,67,60,68,63}","Большие хлопоты, или Не в детях счастье / Moozasik Sangpalja / Childless Comfort (Чон Ыль Ён /Jung Eul-Young) (9/40) [KOR+Sub Rus] [Корея, 2012-2013, семейный, романтика, комедия, DTVRip] [RAW]"
4441395,2,289103,35472817B50AB998443548234C515C0D41423DE3,16336121110,1,2026-07-31 02:21:01,2,2,"{7,24,24,24,24,24,24,24,24,24,23,24,24,24,24,24,24,24,24,23,25,24,24,24,25,24,24,26,24,24,24}","{14,51,50,54,67,57,39,43,41,70,47,52,61,70,70,85,86,63,54,86,73,72,62,86,95,88,98,104,90,93,82}","Принц с чердака / Oktabbang Wangseja / Rooftop Prince (Shin Yoon Sub) [20/20] [RUS(int)] [Корея, 2012, комедия, мелодрама, DTVRip] [RAW]"
4442588,2,31722724,F637D0A45CF118970F9C3A79F4535D6B4E0CFD80,7130711908,1,2026-07-31 02:21:01,3,3,"{7,24,24,24,24,24,24,24,24,24,23,24,24,24,24,24,24,24,24,23,25,24,24,24,25,24,24,26,24,24,24}","{21,72,68,69,71,70,50,63,59,68,54,63,51,56,62,66,60,60,71,66,59,59,55,59,69,61,71,67,60,68,61}","Ошеломляющая / Она - просто нечто / Woowahan Nyeo / She is WOW (Kim Cheol Kyu) [12/12] [KOR+Sub Rus] [Корея, 2013, комедия, семейный, мелодрама DTVRip] [640]"
4444549,2,14789714,2D00E20C3B1288792E62DCEFB44D0298DB75653E,7632930036,1,2026-07-31 02:21:01,2,2,"{7,24,24,24,24,24,24,24,24,24,23,24,24,24,24,24,24,24,24,23,25,24,24,24,25,24,24,26,24,24,24}","{14,48,44,45,47,46,26,37,37,44,31,39,27,32,34,42,36,36,47,43,35,38,33,36,44,37,47,41,36,44,39}","МонСтар / Monstar / Monseuta [Kim Won Seok] (12/12) [KOR+Sub Rus] [Корея, 2013, музыкальный, драма, романтика, TVRip] [RAW] [MP4, 450p]"
4448834,2,16422356,4A5111A60D25FCE82F55DE03AD5C9027A17E2A47,740495138,1,2026-07-31 02:21:01,3,3,"{7,24,24,24,24,24,24,24,24,24,23,24,24,24,24,24,24,24,24,23,25,24,24,24,25,24,24,26,24,24,24}","{24,83,81,79,83,85,74,83,87,92,79,87,80,94,81,94,88,79,73,89,85,84,82,87,97,94,93,105,94,93,86}","Это я, бабуль! / Naya, Halmeoni / It’s Me, Grandmother [Jung Dae Yoon] [1/1] [KOR+Sub Rus] [Корея, 2010, Семейный, мелодрама, TVRip] [RAW]"
4451176,2,1688321,B69B6AF65B61851A19AA396E692310D7E98BA46B,9309990102,1,2026-07-31 02:21:01,2,2,"{7,24,24,24,24,24,24,24,24,24,23,24,24,24,24,24,24,24,24,23,25,24,24,24,25,24,24,26,24,24,24}","{14,48,44,48,47,46,26,40,42,44,31,41,33,32,34,42,36,38,51,45,35,36,35,36,44,37,50,41,36,44,39}","Агентство знакомств &quot;Сирано&quot; / Агентство &quot;Сирано&quot; /Yeonaejojakdan: Shirano / Dating Agency Cyrano (Кан Гён Хун) [16/16] [Корея, 2013, Романтика, комедия, DTVRip] [RAW] [KOR+Sub Rus] [360p]"
4454539,2,14857823,871CAFB5ADD174856147EF57493B622A6DF5AF9E,16219596800,1,2026-07-31 02:21:01,3,3,"{7,24,24,24,24,24,24,24,24,24,23,24,24,24,24,24,24,24,24,23,25,24,24,24,25,24,24,26,24,24,24}","{21,74,70,72,71,72,61,67,63,71,56,66,60,65,65,70,59,64,78,66,66,62,59,64,76,61,80,75,64,73,67}","Все о Еве / Eveui modeun geot / All about Eve (Чхоль-су Хань) [20/20] [RUS(int), KOR] [Корея, 2000, драма, мелодрама, DVDRip] [RAW]"
4454643,2,31475165,4D8AFC5FB876FD32639592253F673C587D807EEC,2926068515,1,2026-07-31 02:21:01,3,2,"{7,24,24,24,24,24,24,24,24,24,23,24,24,24,24,24,24,24,24,23,25,24,24,24,25,24,24,26,24,24,24}","{26,77,73,69,75,74,59,66,60,68,60,63,51,79,67,66,63,60,85,90,66,77,64,69,72,64,79,67,73,84,84}","Акула / Shark / Sangeo (Park Chang Hong) [4/20] [KOR+Sub Rus] [RAW] [Южная Корея, 2013 год, драма, TVRip]"
4455468,2,16422356,B345A642C108FA57FBD140D2917A97AFBD8FCED1,839855992,1,2026-07-31 02:21:01,3,3,"{7,24,24,24,24,24,24,24,24,24,23,24,24,24,24,24,24,24,24,23,25,24,24,24,25,24,24,26,24,24,24}","{21,73,67,71,71,71,66,66,68,68,54,63,53,58,60,65,60,63,86,68,62,67,60,62,69,63,73,69,66,70,69}","Я что, похож на лопуха? / Naega Wooseuwoboyeo? / You are Amusing [Hwang In Hyeok] [1/1] [KOR+Sub Rus] [Корея, 2012, Семейный, мелодрама, TVRip] [RAW]"
4458805,2,1688321,781601076235A6ADFC9E04E9D00097DBF81A1AB2,13694620664,1,2026-07-31 02:21:01,2,2,"{7,24,24,24,24,24,24,24,24,24,23,24,24,24,24,24,24,24,24,23,25,24,24,24,25,24,24,26,24,24,24}","{14,48,44,45,47,46,26,37,36,44,31,39,27,32,34,42,36,36,47,43,36,36,33,36,48,37,47,41,36,44,46}","Я слышу твой голос / Neoui Moksoriga Deulrye / I Hear Your Voice [18/18] [Корея, 2013, Романтика, комедия, криминал, мистика, HDTVRip] [RAW] [KOR+Sub Rus] [360p]"
4466748,2,16422356,3CF5C6FD02C422480D57011C4D844CCFF788986D,1481274047,1,2026-07-31 02:21:01,3,3,"{7,24,24,24,24,24,24,24,24,24,23,24,24,24,24,24,24,24,24,23,25,24,24,24,25,24,24,26,24,24,24}","{21,72,68,69,71,70,50,61,60,68,54,63,51,56,58,66,60,60,71,66,61,60,55,59,69,61,71,67,60,68,63}","Отчий дом / Ahbeojieui Jip / Father's House [Kim Soo Ryong] [2/2] [KOR+Sub Rus] [Корея, 2009, семейный, мелодрама, TVRip] [RAW]"
4467915,2,19507013,74F1297A9B91F12200E7048C505C7733AFDA6633,3118690478,1,2026-07-31 02:21:01,3,3,"{7,24,24,24,24,24,24,24,24,24,23,24,24,24,24,24,24,24,24,23,25,24,24,24,25,24,24,26,24,24,24}","{21,72,68,69,71,70,50,61,60,68,54,63,51,56,58,66,60,60,71,66,59,58,56,60,69,61,70,67,60,68,63}","Одержимая / Душа / Possessed / Hon / Soul / Spirit / Ghost [4/10] [JAP+Sub Rus] [Корея, 2009, мистика, психологический триллер, драма, TVRip] [RAW]"
4468028,2,4327512,6853E63A87E7899561C537C40F5B85109656FBDC,14615918276,1,2026-07-31 02:21:01,3,2,"{7,24,24,24,24,24,24,24,24,24,23,24,24,24,24,24,24,24,24,23,25,24,24,24,25,24,24,26,24,24,24}","{15,48,45,45,53,70,53,66,64,68,56,63,47,32,37,44,60,60,73,66,59,61,57,67,69,61,80,74,70,68,54}","Я тебя слышу / Я слышу тебя / Я слышу твой голос / Neoui Moksoriga Deulrye / I Hear Your Voice (Jo Soo Won) [18/18] [KOR+Sub Rus] [Корея, 2013, романтика, фантастика, комедия, криминал, TVRip] [RAW] [450р]"
4475864,2,5857663,4EEB23593206B613859CD45A66DF9E1B60533FB7,5419479040,1,2026-07-31 02:21:01,2,2,"{7,24,24,24,24,24,24,24,24,24,23,24,24,24,24,24,24,24,24,23,25,24,24,24,25,24,24,26,24,24,24}","{14,48,44,45,54,51,31,54,36,48,38,39,27,32,38,42,39,46,47,43,36,39,34,36,47,37,46,41,40,44,39}","Агентство знакомств &quot;Сирано&quot; / Агентство &quot;Сирано&quot; /Yeonaejojakdan: Shirano / Dating Agency Cyrano (Кан Гён Хун) [9/16] [Корея, 2013, Романтика, комедия, DTVRip] [RAW] DVO (GREEN TEA)"
4479202,2,31942143,39A73B3939719482E72B03BBBA94341E8A6B3F55,4050393454,1,2026-07-31 02:21:01,3,3,"{7,24,24,24,24,24,24,24,24,24,23,24,24,24,24,24,24,24,24,23,25,24,24,24,25,24,24,26,24,24,24}","{21,72,68,69,71,70,50,61,60,68,54,63,51,56,58,66,60,60,71,66,59,59,55,60,69,61,71,67,60,68,63}","Золотая империя / Empire of Gold / Golden Empire [Jo Nam Kook] [05/24] [KOR+Sub Rus] [Корея, 2013, Политическая сага, триллер, боевик, романтика, HDTVRip] [RAW] [450p]"
4481920,2,31347777,D7647B6BAC1F375BA1FCA76D089B6A985A6EE2D8,14785038336,1,2026-07-31 02:21:01,2,1,"{7,24,24,24,24,24,24,24,24,24,23,24,24,24,24,24,24,24,24,23,25,24,24,24,25,24,24,26,24,24,24}","{24,93,87,87,80,100,93,106,67,79,66,65,53,87,81,70,67,61,76,68,67,65,58,72,93,73,92,96,80,76,82}","Скандал в Сонгюнгване / Sungkyunkwan Scandal (Kim Won Seok) [20/20] [RUS(int)] [Корея, 2010 г., исторический, романтика, комедия, DTVRip] [RAW] DVO GREEN TEA"
4483344,2,16287683,89CB4655660E2702CFDA16C59178ABA0D1A298B1,1455854616,1,2026-07-31 02:21:01,3,3,"{7,24,24,24,24,24,24,24,24,24,23,24,24,24,24,24,24,24,24,23,25,24,24,24,25,24,24,26,24,24,24}","{21,72,68,69,71,70,50,61,60,68,54,63,51,56,58,66,60,60,71,66,60,60,59,60,69,61,71,67,60,68,63}","Кинжал и лепесток / Kalgwa Kkot / Sword and Flower / Blade and Petal / Knife and Flower (Kim Yong Soo) [KOR+Sub Rus] [2/20] [Корея, 2013, исторический, романтика, экшн, TVRip]"
4484564,2,-1,964D4F00B4203730C9ECC15C565C412C7C5E0C42,10979192361,1,2026-07-31 02:21:01,2,1,"{7,24,24,24,24,24,24,24,24,24,23,24,24,24,24,24,24,24,24,23,25,24,24,24,25,24,24,26,24,24,24}","{24,71,76,57,59,58,38,47,48,57,43,48,39,47,46,53,49,49,63,54,49,51,50,52,55,38,47,41,48,59,52}","Лезвие и лепесток / Blade and Petal / Sword and Flower / Кинжал и лепесток (Kim Yong-soo) [20/20] [KOR+Sub Rus] [Корея, 2013, исторический, романтика, экшн, DTVRip] [RAW]"
4489938,2,21933460,3DCAB846FA026EA3182BC73B555F7AC533D4D4B6,10159111653,1,2026-07-31 02:21:01,3,3,"{7,24,24,24,24,24,24,24,24,24,23,24,24,24,24,24,24,24,24,23,25,24,24,24,25,24,24,26,24,24,24}","{21,72,68,69,71,70,50,61,60,68,54,63,51,56,56,66,60,60,71,66,59,61,58,60,69,61,71,67,60,68,53}","МонСтар / MonStar / МонStar (Ким Вон Сок ) [12/12] [RUS(int)] [Южная Корея, 2013, музыкальный, романтика, школа, HDTVRip] [360p] (GREEN TEA)"
4492660,2,11902080,747EE9E797B64C7D0CC054C07804B94FA599A3C7,3153841855,1,2026-07-31 02:21:01,3,3,"{7,24,24,24,24,24,24,24,24,24,23,24,24,24,24,24,24,24,24,23,25,24,24,24,25,24,24,26,24,24,24}","{21,72,68,69,71,70,50,61,60,68,54,63,51,56,57,66,60,60,71,66,60,60,57,60,69,61,70,67,60,68,63}","СНО: Специальный независимый отдел / Teukbyeol Susadae MSS / Special Task Force MSS [04/04] [KOR+Sub Rus] [Корея, 2011, Экшн, криминал, TVRip]"
4497504,2,16422356,B3BC788BBB8254425100659CE75DAE30369C416F,738697294,1,2026-07-31 02:21:01,3,3,"{7,24,24,24,24,24,24,24,24,24,23,24,24,24,24,24,24,24,24,23,25,24,24,24,25,24,24,26,24,24,24}","{21,72,68,69,72,70,50,61,60,68,54,63,51,56,58,66,60,60,71,66,61,59,59,59,70,61,71,67,60,68,63}","Соседка / Yeopjib Ajumma / The Woman Next Door [Hwang Eui Kyung] [1/1] [KOR+Sub Rus] [Корея, 2010, детектив, романтика, TVRip] [RAW]"
4497798,2,1688321,407555C12CC7CCA234F2D1B0DF73E15ACA5B3832,12235832877,1,2026-07-31 02:21:01,2,2,"{7,24,24,24,24,24,24,24,24,24,23,24,24,24,24,24,24,24,24,23,25,24,24,24,25,24,24,26,24,24,24}","{14,48,44,45,47,46,26,37,36,44,31,39,27,32,34,42,36,36,47,43,36,37,33,36,44,37,46,41,36,44,39}","Класс королевы / Yeowangui Gyosil / The Queen's Classroom (Lee Dong Yoon) [16/16] [Корея, 2013, Драма, школа, комедия, HDTVRip] [KOR+Sub Rus] [RAW] [360p]"
4500230,2,5857663,C59CBF71AD17A180FFE3062748F60E64970F032B,8163151872,1,2026-07-31 02:21:01,3,3,"{7,24,24,24,24,24,24,24,24,24,23,24,24,24,24,24,24,24,24,23,25,24,24,24,25,24,24,26,24,24,24}","{21,72,68,69,71,70,50,61,60,68,54,63,51,56,58,63,60,60,71,66,60,59,53,60,69,61,70,67,60,68,63}","Акула / Sangeo / Shark (Пак Чхан Хон) [10/20] [Rus(int)] [Корея, 2013, триллер, мелодрама, романтика, HDTVRip] [RAW] [450p] VO (GREEN TEA)"
4504717,2,13706312,48F2EF4945A10ECDCEC1DB7706A5D0AECEAD1622,16959748492,1,2026-07-31 02:21:01,3,3,"{7,24,24,24,24,24,24,24,24,24,23,24,24,24,24,24,24,24,24,23,25,24,24,24,25,24,24,26,24,24,24}","{22,76,74,69,71,70,51,63,60,69,58,71,68,67,66,72,72,68,71,68,65,61,61,68,76,62,70,67,38,70,57}","Чан Ок Чон - Жизнь ради любви / Наложница / Jang Ok Jung, Living by Love ( Boo Sung-Chul) (24 из 24) [RUS(int)] [Корея, 2013, Исторический, драма, DTVRip] [RAW]"
4505231,2,1688321,23445586A0DFB00B7562E73ABE50686F973F3E98,15208442867,1,2026-07-31 02:21:01,3,3,"{7,24,24,24,24,24,24,24,24,24,23,24,24,24,24,24,24,24,24,23,25,24,24,24,25,24,24,26,24,24,24}","{21,73,72,69,71,70,52,61,62,68,54,61,58,56,59,70,60,61,71,66,61,60,53,60,69,61,69,73,60,68,68}","Хороший доктор / Goot Dakteo / Good Doctor (Ки Мин Су) [20/20] [KOR+Sub Rus] [Корея, 2013, медицина, романтика, мелодрама, HDTVRip] [RAW] [360p]"
4506176,2,13122934,8C5679199BF1E8673542A5891CDEBF47CACFD3A0,13817708957,1,2026-07-31 02:21:01,2,2,"{7,24,24,24,24,24,24,24,24,24,23,24,24,24,24,24,24,24,24,23,25,24,24,24,25,24,24,26,24,24,24}","{14,48,44,45,47,46,26,37,36,44,31,39,27,32,38,42,31,36,47,43,35,35,33,36,44,37,47,41,36,44,39}","Повелитель солнца / Joogoonui Taeyang / The Master’s sun / (Чжин Хёк) [17/17] [KOR+Sub Rus] [Корея, 2013, ужасы, фэнтези, романтика, комедия, HDTVRip] [RAW] [450p]"
4506812,2,24131219,8C60B32C04C0E4A3A0C51F18D2866A303EAA6534,13032466964,1,2026-07-31 02:21:01,3,2,"{7,24,24,24,24,24,24,24,24,24,23,24,24,24,24,24,24,24,24,23,25,24,24,24,25,24,24,26,24,24,24}","{19,91,82,101,76,95,72,66,71,86,62,69,87,109,79,94,82,92,85,116,121,107,122,96,101,92,115,117,95,85,93}","Властелин солнца / Властитель солнца / Повелитель солнца / The Master's Sun / Joogoonui Taeyang (Чжин Хёк) [17/17] [RUS(int)] [2013, Корея, романтика, комедия, мистика, TVRip]"
4507278,2,2389208,A0D3DE9D5DAE9B4D51EA0C60D6AB8C88E2443AB3,13742887359,1,2026-07-31 02:21:01,2,2,"{7,24,24,24,24,24,24,24,24,24,23,24,24,24,24,24,24,24,24,23,25,24,24,24,25,24,24,26,24,24,24}","{14,48,44,45,47,46,26,37,44,54,31,39,27,32,43,44,42,37,59,52,39,52,41,37,53,45,69,42,36,44,31}","Две недели / Toowikseu / Two Weeks (Son Hyung Suk) (16/16) [KOR+Sub Rus] [Корея, 2013, драма, триллер, HDTVRip] [RAW] [450]"
4507949,2,13122934,E0E0AD6FF4A4A80636DBF79B37B1113C673A4E05,3253938930,1,2026-07-31 02:21:01,3,2,"{7,24,24,24,24,24,24,24,24,24,23,24,24,24,24,24,24,24,24,23,25,24,24,24,25,24,24,26,24,24,24}","{21,72,68,69,71,64,51,61,60,52,53,63,51,56,58,66,60,60,71,66,59,60,57,60,69,61,70,70,60,68,53}","Переходный возраст / Sachoongi Medeulli / Adolescence Medley / (Ким Сон Юн) [4/4] [KOR+Sub Rus] [Корея, 2013, школа, романтика, комедия, молодежный, HDTVRip] [RAW] [450p]"
4511123,2,24131219,ECBD67540F317B499D0EEC103D41FE74B6177442,9293932544,1,2026-07-31 02:21:01,2,2,"{7,24,24,24,24,24,24,24,24,24,23,24,24,24,24,24,24,24,24,23,25,24,24,24,25,24,24,26,24,24,24}","{14,48,44,45,47,46,26,37,36,44,31,39,27,32,34,42,36,36,47,43,35,38,33,36,44,37,47,41,36,44,27}","Кто ты? / Who are you? (Чжо Хён Так / Jo Hyeon tak) [16/16] [RUS(int)] [Корея, 2013 г., мелодрама, романтика, экшн, мистика, фантастика, DTVRip]"
4516229,2,11878133,6FB27A0F4E41A6F3BC0D015307B5905AD1FA0304,12931962243,1,2026-07-31 02:21:01,2,2,"{7,24,24,24,24,24,24,24,24,24,23,24,24,24,24,24,24,24,24,23,25,24,24,24,25,24,24,26,24,24,24}","{14,48,44,45,47,46,26,37,36,44,31,39,27,32,35,42,36,36,47,43,36,38,35,35,44,37,47,41,36,44,39}","Властитель солнца / Joogoonui Taeyang / The Master's Sun / (Jin Hyeok) [17/17] [KOR+Sub Rus] [Южная Корея, 2013 год, романтическая комедия с мистическим сюжетом, HDTVRip] [RAW]"
4529165,2,24131219,45102A65F06FDB699262E4489905C9D970B860B9,17562320896,1,2026-07-31 02:21:01,3,2,"{7,24,24,24,24,24,24,24,24,24,23,24,24,24,24,24,24,24,24,23,25,24,24,24,25,24,24,26,24,24,24}","{23,84,83,84,85,83,70,70,82,93,68,94,76,85,84,85,84,84,87,84,82,84,79,83,91,73,87,80,87,93,78}","Достоинство джентльмена / Истинный джентльмен / Gentleman's Dignity [20/20 + спешл] [Южная Корея, 2012, романтическая комедия, TVRip] [400р] [Южная Корея, DVO] (GREEN TEA)"
4531318,2,1688321,FF05CC017E2F755BCEF5FB9460064FF525622ED8,38864846921,1,2026-07-31 02:21:01,3,3,"{7,24,24,24,24,24,24,24,24,24,23,24,24,24,24,24,24,24,24,23,25,24,24,24,25,24,24,26,24,24,24}","{21,72,68,69,71,70,50,61,60,68,54,63,51,56,58,66,60,60,71,66,61,58,59,60,69,61,71,67,60,68,63}","Вековое наследие / A hundred year’s inheritance / Third Generation Noodle House (Чжу Сон У) [50/50] [KOR+Sub Rus] [Корея, 2013, семейный, романтика, HDTVRip] [RAW] [360p]"
4534809,2,3003640,3D86299BED3B266127966784FA2576A7F69EF1B7,18846674813,1,2026-07-31 02:21:01,3,3,"{7,24,24,24,24,24,24,24,24,24,23,24,24,24,24,24,24,24,24,23,25,24,24,24,25,24,24,26,24,24,24}","{21,72,68,69,71,70,50,61,60,68,54,63,51,56,59,63,60,60,71,66,60,59,58,60,69,61,70,67,60,68,63}","Королева амбиций / Queen of Ambition / Yawang (Jo Young Kwang, Park Shin Woo) [24/24] [KOR+Sub Rus] [RAW] [Южная Корея, 2013, романтика, мелодрама, TVRip]"
4535846,2,16422356,9E1981BD969F98A1B2A70119E030B88464D3125F,734984741,1,2026-07-31 02:21:01,3,3,"{7,24,24,24,24,24,24,24,24,24,23,24,24,24,24,24,24,24,24,23,25,24,24,24,25,24,24,26,24,24,24}","{21,72,68,69,71,70,51,63,60,68,54,63,51,56,58,66,60,60,71,66,60,62,56,60,69,61,70,67,60,68,63}","Земляничное мороженое / Ddalgi Aiseukeurim / Strawberry Ice Cream [Ji Byeong Hyeon] [1/1] [KOR+Sub Rus] [Корея, 2011, мелодрама, романтика, TVRip] [RAW]"
4537840,2,6327412,80A84C2B67287C2956585E58D0F32D3F8D931347,14141769939,1,2026-07-31 02:21:01,2,2,"{7,24,24,24,24,24,24,24,24,24,23,24,24,24,24,24,24,24,24,23,25,24,24,24,25,24,24,26,24,24,24}","{14,48,44,45,47,46,26,37,36,44,40,39,27,48,34,42,36,36,47,43,35,38,33,35,44,39,55,53,53,50,36}","Однажды в Сэнчори / Once Upon a Time in Saengchori (Kim Young Ki , Jo Chan Joo) [KOR+Sub Rus] [20/20] [Корея ,2010, комедия, саспенс, романтика, HDTVRip] [RAW]"
4538413,2,9134218,3181ACEA64FFF0A492DE8876503128039E7E9A2F,12883245056,1,2026-07-31 02:21:01,2,2,"{7,24,24,24,24,24,24,24,24,24,23,24,24,24,24,24,24,24,24,23,25,24,24,24,25,24,24,26,24,24,24}","{14,53,55,59,54,58,46,59,55,58,45,46,57,61,55,57,39,45,55,58,52,61,54,51,70,60,75,57,55,72,38}","Я слышу тебя / Neoui Moksoriga Deulrye / Я слышу твой голос / I hear your voice [18 из 18] (Jo Soo Won) [Корея, 2013, романтика, комедия, мистика, TVRip] [RAW] [400р] DVO (Kedra &amp; Hydra)"
4541248,2,10279723,3EF599EC93BD684B55880678B554060B1006EF30,16959942252,1,2026-07-31 02:21:01,2,2,"{7,24,24,24,24,24,24,24,24,24,23,24,24,24,24,24,24,24,24,23,25,24,24,24,25,24,24,26,24,24,24}","{14,52,48,53,51,55,37,41,39,49,34,40,36,40,38,46,40,40,54,43,40,43,35,39,51,37,55,49,40,48,35}","Поющая в терновнике / Kashinamoosae / The Thorn Bird [20/20] [Южная Корея, 2011, драма, романтика, HDTVRip] [RAW] [450p] (VO) STEPonee"
4542035,2,13122934,04FDA51DA9BC0F34CF20B5CB5B4F000F3965B03F,37838910258,1,2026-07-31 02:21:01,2,2,"{7,24,24,24,24,24,24,24,24,24,23,24,24,24,24,24,24,24,24,23,25,24,24,24,25,24,24,26,24,24,24}","{14,63,59,60,63,61,42,37,36,44,31,39,27,32,50,60,54,54,68,57,54,52,53,56,63,55,60,64,54,61,57}","Моя дочь Со Ён / Nae Ddal Seoyoungi / My Daughter Seo Yeong / (Ю Хён Ки) [50/50] [KOR+Sub Rus] [Корея, 2012, семейный, мелодрама, романтика, HDTVRip] [RAW] [360p]"
4545611,2,2669478,71BDBC8D5DF042F3C25C7336BBFBC89963FD57C2,16148364860,1,2026-07-31 02:21:01,3,2,"{7,24,24,24,24,24,24,24,24,24,23,24,24,24,24,24,24,24,24,23,25,24,24,24,25,24,24,26,24,24,24}","{21,72,68,69,71,70,50,64,63,68,54,64,43,65,67,66,61,60,71,66,59,62,57,60,69,61,70,67,60,53,29}","Безжалостный город / Moo-jung-do-si / Heartless City / Cruel City [20/20] [Южная Корея, 2013, боевик, криминал, DTVRip] [RAW] [400p] DVO (STEPonee)"
4546052,2,3245293,AEB37BF620DD1FB9B874DD83E2BE775A07593DF3,12684075405,1,2026-07-31 02:21:01,2,2,"{7,24,24,24,24,24,24,24,24,24,23,24,24,24,24,24,24,24,24,23,25,24,24,24,25,24,24,26,24,24,24}","{14,48,44,45,47,46,26,37,36,44,31,39,27,32,34,39,36,36,47,43,35,36,35,36,44,37,47,41,36,44,39}","Тайна / Secret / Secret Love / Секрет / Тайная любовь (Lee Eung Bok, Baek Sang Hoon) [16/16] [KOR+Sub Rus] [Южная Корея, 2013, драма, романтика, HDTVRip] [450р]"
4551634,2,6327412,6AB558B3B60F55390FDD656357A362620B4D908E,9347014621,1,2026-07-31 02:21:01,3,2,"{7,24,24,24,24,24,24,24,24,24,23,24,24,24,24,24,24,24,24,23,25,24,24,24,25,24,24,26,24,24,24}","{21,72,61,66,71,62,30,37,36,44,31,39,27,32,34,42,36,36,47,43,38,54,47,48,68,62,70,59,50,57,34}","Когда-нибудь / Someday (Ким Гён Ён) [16/16] [Южная Корея, 2006, романтика, TVRip] [KOR+Sub Rus] [RAW]"
4554276,2,31347777,8ED20B141069B503984DFCF999A5D4B68CFB76B7,11760781312,1,2026-07-31 02:21:01,3,2,"{7,24,24,24,24,24,24,24,24,24,23,24,24,24,24,24,24,24,24,23,25,24,24,24,25,24,24,26,24,24,24}","{21,77,76,89,79,89,94,73,88,87,80,72,76,80,69,79,73,73,73,94,99,80,65,68,80,79,87,97,75,108,90}","Моя девушка - кумихо / My Girlfriend is a Gumiho (Boo Sung Chul) [16/16] [RUS(int)] [Южная Корея, 2010 г., романтическая комедия, фэнтези, DTVRip] (GREEN TEA)"
4554436,2,1688321,A584FFCBD2D54F9CA6BD5856CF71D83C19E473B0,38693772989,1,2026-07-31 02:21:01,2,2,"{7,24,24,24,24,24,24,24,24,24,23,24,24,24,24,24,24,24,24,23,25,24,24,24,25,24,24,26,24,24,24}","{14,48,44,45,47,46,26,37,36,44,31,39,27,32,34,42,36,36,47,43,36,37,34,36,44,37,47,41,36,44,39}","Я призываю тебя, золото! / Come Out Gold! / I Summon You, Gold! [50/50] [Корея, 2013, семейный, романтика, HDTVRip] [RAW] [KOR+Sub Rus] [360p]"
4555905,2,4327512,E94936879D9A6FCD2F097178E976DBD107E43CC8,17266003349,1,2026-07-31 02:21:01,2,2,"{7,24,24,24,24,24,24,24,24,24,23,24,24,24,24,24,24,24,24,23,25,24,24,24,25,24,24,26,24,24,24}","{14,51,44,45,55,46,26,37,36,44,31,39,27,39,41,45,50,55,70,57,37,53,45,50,57,49,49,57,49,59,45}","Немного любви никогда не помешает / Saranghaeseo Namjoona / A Little Love Never Hurts [50/50] [Южная Корея, KOR+Sub Rus] [2013, Южная Корея, романтика, семья, TVRip] [RAW] [450p]"
4557280,2,2389208,951042C7C6BC958D5C664ED8AB2CDF466A13711A,15301629132,1,2026-07-31 02:21:01,2,2,"{7,24,24,24,24,24,24,24,24,24,23,24,24,24,24,24,24,24,24,23,25,24,24,24,25,24,24,26,24,24,24}","{14,48,44,45,47,46,26,37,36,44,31,39,27,32,35,39,36,36,47,43,35,38,33,35,44,37,47,41,36,44,29}","Наследники. Под тяжестью короны / Sangsok Jadeul / The Heirs (20/20) [KOR+Sub Rus] [2013, Южная Корея, романтика, школа, HDTVRip] [RAW] [450]"
4557289,2,1688321,AB035BC72CD12D8447BE136D11A5F8D6F048BC36,14304059075,1,2026-07-31 02:21:01,2,2,"{7,24,24,24,24,24,24,24,24,24,23,24,24,24,24,24,24,24,24,23,25,24,24,24,25,24,24,26,24,24,24}","{14,64,59,59,61,63,41,46,47,53,40,48,43,47,45,50,45,44,55,59,51,49,39,44,52,46,56,59,43,54,47}","Наследники / Sangsok Jadeul / The Heirs [20/20] [Корея, KOR+Sub Rus] [2013, Корея, комедия, романтика, драма, HDTVRip] [RAW] [360p]"
4557780,2,10700212,7E391B647A2584D4E1F3D3E6FD5F07A58B6E59A9,11017971244,1,2026-07-31 02:21:01,2,2,"{7,24,24,24,24,24,24,24,24,24,23,24,24,24,24,24,24,24,24,23,25,24,24,24,25,24,24,26,24,24,24}","{14,49,46,51,49,47,34,42,36,44,31,39,27,32,34,42,36,36,53,43,35,36,33,36,44,37,46,41,36,44,29}","Наследники / Sangsok Jadeul / The Heirs [15/20] [Южная Корея, 2013, комедия, романтика, школа, DTVRip] [400p] [Южная Корея, DVO] (GREEN TEA)"
4558734,2,17487354,B04AE497DD60B9AD99D82A4758E7EAF176FF414E,16245915227,1,2026-07-31 02:21:01,3,1,"{7,24,24,24,24,24,24,24,24,24,23,24,24,24,24,24,24,24,24,23,25,24,24,24,25,24,24,26,24,24,24}","{26,78,71,65,58,74,42,46,72,90,63,69,41,52,55,63,82,82,83,58,71,65,58,62,68,55,53,51,64,82,81}","Зеленый скальпель / Green scalpel / Good doctor / Хороший доктор (Ki Min Soo) [20/20] [KOR+Sub Rus] [RAW] [Южная Корея, 2013 год, драма, медицина, TVRip]"
4559950,2,3075709,48EAA83199F80D195491B29745A873F64A6CFFF6,14357540700,1,2026-07-31 02:21:01,3,3,"{7,24,24,24,24,24,24,24,24,24,23,24,24,24,24,24,24,24,24,23,25,24,24,24,25,24,24,26,24,24,24}","{21,72,68,69,71,70,50,61,60,68,54,61,51,56,58,66,60,60,71,66,59,58,55,60,69,61,71,67,60,68,63}","Её легенда / Geunyeoui Shinhwa / Her Legend / Her Myth / Bag Story [20/20] [KOR+Sub Rus] [RAW][Корея, 2013, Романтика, TVRip] [360p]"
4560795,2,8493119,96AF4695F5472488CAF965CE23E657ED7209D722,15417596062,1,2026-07-31 02:21:01,3,3,"{7,24,24,24,24,24,24,24,24,24,23,24,24,24,24,24,24,24,24,23,25,24,24,24,25,24,24,26,24,24,24}","{21,72,68,68,70,70,50,61,60,68,54,63,51,56,58,66,60,61,71,66,60,61,59,59,69,66,71,67,60,68,59}","Лучшие медики страны / Medical Top Team / Гении медицины (Ким До Хун) [20 из 20] [KOR+Sub Rus] [Корея, 2013, медицинская драма, DTVRip] [RAW]"
4561547,2,1688321,5917A4F23C267833FF4B70ADC4F2B62F431CDF67,20678873541,1,2026-07-31 02:21:01,2,2,"{7,24,24,24,24,24,24,24,24,24,23,24,24,24,24,24,24,24,24,23,25,24,24,24,25,24,24,26,24,24,24}","{14,48,44,45,47,46,26,37,36,44,31,39,27,32,34,42,36,36,47,43,36,39,35,36,44,37,47,41,36,44,39}","Отвечай, 1994 / Ответь мне, 1994 / Eungdabhara 1994 / Reply 1994 (Шин Вон Хо) [21/21] [KOR+Sub Rus] [Южная Корея, романтика, комедия, 2013, DTVRip] [RAW] [360p]"
4562670,2,6896572,FBB56990EB6FDCF908A8A3A83615525A13EF753F,9926529674,1,2026-07-31 02:21:01,3,2,"{7,24,24,24,24,24,24,24,24,24,23,24,24,24,24,24,24,24,24,23,25,24,24,24,25,24,24,26,24,24,24}","{26,80,80,79,79,78,74,79,85,90,77,87,75,80,82,90,84,84,95,89,85,83,81,83,94,85,94,93,84,92,87}","Выбор Будущего / Выходи за него, если духу хватит / Mi-Rae's Choice / Marry him if you dare / The Future Choice [Квон Ге Хон] [12/16] [RUS(int)] [Корея, 2013, мелодрама, фантастика, путешествия во времени, HDTVRip] [RAW] [450p] (MVO) GREEN TEA"
4563676,2,4327512,A3380659A8B03F7305CDBA7FCD43D8ADB7A6E542,587084820,1,2026-07-31 02:21:01,3,3,"{7,24,24,24,24,24,24,24,24,24,23,24,24,24,24,24,24,24,24,23,25,24,24,24,25,24,24,26,24,24,24}","{21,72,68,69,71,70,50,61,60,68,54,63,51,56,59,66,60,60,71,66,61,60,57,60,69,61,71,67,60,68,63}","Увидимся в школе! / Banggwa Hoo Bokboolbok / See You At School (Jung Jung Hwa) [2/12] [KOR+Sub Rus] [Корея, 2013, мини-драма, школа, романтика, DTVRip] [RAW] [450p]"
4565066,2,24350315,F0FBE96FBF4D23928C960AC1E250F8515F65F068,6718808064,1,2026-07-31 02:21:01,3,2,"{7,24,24,24,24,24,24,24,24,24,23,24,24,24,24,24,24,24,24,23,25,24,24,24,25,24,24,26,24,24,24}","{26,80,80,79,79,80,73,77,85,90,62,63,51,56,58,66,60,60,71,66,60,61,57,60,69,61,71,67,60,68,63}","Выйди за него замуж, если осмелишься / Выбор будущего / Mi-rae-ui sun-taek / Marry Him If You Dare [8/16] [Южная Корея, 2013, фантастика, романтика, DTVRip] [RAW] (DVO) (STEPonee)"
4566058,2,14789714,9D10CB17CE72B1968E530E1719A3C086D8124193,3624081313,1,2026-07-31 02:21:01,3,3,"{7,24,24,24,24,24,24,24,24,24,23,24,24,24,24,24,24,24,24,23,25,24,24,24,25,24,24,26,24,24,24}","{21,72,68,69,71,70,50,61,60,68,54,59,51,56,58,66,60,60,71,66,60,61,59,60,69,61,71,67,60,68,63}","Гении медицины / Medical Top Team (Ким До Хун) [5 из 20] [KOR+Sub Rus] [Корея, 2013, медицинская драма, DTVRip] [RAW] [360p]"
4566732,2,2669478,F778EEA4938E149DD5C087A04B19368B5739290E,16983103114,1,2026-07-31 02:21:01,3,2,"{7,24,24,24,24,24,24,24,24,24,23,24,24,24,24,24,24,24,24,23,25,24,24,24,25,24,24,26,24,24,24}","{21,75,71,75,80,76,81,77,68,74,59,72,62,70,74,74,51,77,89,77,67,74,65,69,78,67,77,75,45,71,93}","Наследники / Sang-sok-ja-deul / The Heirs [20/20] [Южная Корея, 2013, романтика, школа, DTVRip] [RAW] [400p] MVO (STEPonee)"
4566831,2,2669478,EBC6E52E21241C809BAD6FC3BFF86BC2A8E18A88,17581967360,1,2026-07-31 02:21:01,4,2,"{7,24,24,24,24,24,24,24,24,24,23,24,24,24,24,24,24,24,24,23,25,24,24,24,25,24,24,26,24,24,24}","{28,91,84,80,82,80,73,77,84,89,79,83,96,94,97,96,95,95,105,95,100,93,88,93,100,96,98,102,84,98,92}","Хороший парень / Славный парень / Сама невинность / Se-sang eo-di-e-do eobs-neun cha-kan-nam-ja / Nice Guy [20/20] [Южная Корея, 2012, драма, DTVRip] [RAW] [400p] MVO (STEPonee)"
4569797,2,30322017,6D4BEAEFAF4B7243AFED05040E652D8AAF57D754,12353261568,1,2026-07-31 02:21:01,3,1,"{7,24,24,24,24,24,24,24,24,24,23,24,24,24,24,24,24,24,24,23,25,24,24,24,25,24,24,26,24,24,24}","{26,73,72,71,71,70,50,58,36,47,31,39,27,32,48,66,60,60,71,66,61,61,56,60,69,61,70,67,60,68,60}","Восхитительная Чхун Хян / Kwae-geol Choon-hyang / Delightful Girl Choon Hyang (Jun Ki Sang, Ji Byung Hyun) [17 из 17] [Корея, 2005, романтика, комедия, TVRip] [RAW] [VO] (Wenlana)"
4571371,2,21933460,E53C6F2120F31AC9EFAD0B1F4FD5675EAB007F97,9016207360,1,2026-07-31 02:21:01,3,2,"{7,24,24,24,24,24,24,24,24,24,23,24,24,24,24,24,24,24,24,23,25,24,24,24,25,24,24,26,24,24,24}","{26,80,80,79,79,80,73,77,85,90,62,63,51,56,59,66,60,60,71,66,61,60,56,60,69,61,69,67,60,68,63}","Выбор Будущего / Выбор Ми Рэ / Выходи за него, если духу хватит / Mi-Rae's Choice / Marry him if you dare / The Future Choice [Квон Ге Хон] [12/16] [RUS(int)] [Корея, 2013, мелодрама, фантастика, путешествия во времени, HDTV] [RAW] [360p] (GREEN TEA)"
4574963,2,3245293,6E33B5A24EE595A5B0F246E999300013367B6B52,715336212,1,2026-07-31 02:21:01,3,3,"{7,24,24,24,24,24,24,24,24,24,23,24,24,24,24,24,24,24,24,23,25,24,24,24,25,24,24,26,24,24,24}","{21,72,68,69,71,70,50,61,60,68,54,63,51,56,58,66,60,60,71,66,60,60,58,60,69,61,70,67,60,68,63}","Мисс Чо - Мастер дурацкой мести / Drama City: Love Revenger Miss Jo [1/1] [KOR+Sub Rus] [Южная Корея, 2008, романтика, TVRip]"
4575530,2,1688321,FA0787A088A6E7EC4575D6E1BCA154895BF3D365,35850791266,1,2026-07-31 02:21:01,3,2,"{7,24,24,24,24,24,24,24,24,24,23,24,24,24,24,24,24,24,24,23,25,24,24,24,25,24,24,26,24,24,24}","{21,75,72,72,74,68,64,61,60,64,54,63,51,59,73,84,78,73,92,71,63,75,69,71,89,84,77,97,83,92,62}","Императрица Ки / Ki Hwanghoo / Qi Empress [51/51] [Корея, 2013, История, романтика, экшн, политика, драма, HDTVRip] [RAW] [KOR+Sub Rus] [360p]"
4577121,2,3075709,7527F9261FB10244A0A6522852D3C03AE51643A9,22016183142,1,2026-07-31 02:21:01,3,3,"{7,24,24,24,24,24,24,24,24,24,23,24,24,24,24,24,24,24,24,23,25,24,24,24,25,24,24,26,24,24,24}","{21,72,68,69,71,70,50,61,66,90,75,63,51,56,59,66,67,60,74,66,59,60,56,60,69,61,70,67,60,68,63}","Прекраснее цветка / Kgotboda Areumdawi / More beautiful than a flower / Bravo Mom [30/30] [KOR+Sub Rus] [RAW] [Корея, 2004, мелодрама, драма, DVDRip]"
4577154,2,3075709,4E0DC923E0C3155A8A289D64100CF78E6D37A87E,764228471,1,2026-07-31 02:21:01,3,3,"{7,24,24,24,24,24,24,24,24,24,23,24,24,24,24,24,24,24,24,23,25,24,24,24,25,24,24,26,24,24,24}","{21,72,68,69,71,70,50,61,60,68,53,63,51,56,59,66,60,60,71,66,60,59,55,60,69,61,70,67,60,68,63}","Богиня брака / Gyeorhon-ui Yeoshin / Goddess of marriage (О Чжин-Сок / Oh Jin-Seok) [1/36] [KOR+Sub Rus] [RAW] [Корея, 2013, драма, семейный, романтика, комедия, TVRip] [360p]"
4580813,2,16146154,CDC4A7ED58C26AB315FBFB2D607D24BBF00F104B,11515272646,1,2026-07-31 02:21:01,2,2,"{7,24,24,24,24,24,24,24,24,24,23,24,24,24,24,24,24,24,24,23,25,24,24,24,25,24,24,26,24,24,24}","{14,48,44,45,47,46,26,37,36,44,31,39,27,32,36,39,36,36,47,43,36,39,34,36,44,37,46,41,36,44,26}","Секрет / Bimil / Secret / Тайная любовь / Тайна (Ли Ын Бок) [16/16] [Южная Корея, 2013, Мелодрама, HDTVRip] [KOR+Sub Rus] [RAW] [360p]"
4582141,2,1688321,7CCCDCCB40850518169E6D1D9CA13FE623E40518,24155317412,1,2026-07-31 02:21:01,3,3,"{7,24,24,24,24,24,24,24,24,24,23,24,24,24,24,24,24,24,24,23,25,24,24,24,25,24,24,26,24,24,24}","{21,72,68,69,71,70,50,61,60,68,54,63,51,56,58,66,60,60,71,66,60,58,56,59,69,61,71,67,60,68,63}","Тысяча поцелуев / Chunbuneui Ibmatchoom / A Thousand Kisses [1-10; 29-50] [Корея, 2011, драма, романтика, HDTVRip] [RAW] [KOR+Sub Rus] [360p]"
4584494,2,68093,B20D687F240FA555D6693BA72437D81D17F9D638,1495949191,1,2026-07-31 02:21:01,3,3,"{7,24,24,24,24,24,24,24,24,24,23,24,24,24,24,24,24,24,24,23,25,24,24,24,25,24,24,26,24,24,24}","{21,72,68,69,71,70,50,61,60,68,54,63,51,56,59,66,60,60,71,66,59,60,54,60,69,61,71,67,60,68,63}","Баскетбол / Bbaseukket Bol / Basketball (Kwak Jung Hwan) [02 из 24] [KOR+Sub Rus] [Корея, 2013, исторический, спорт, мелодрама, HDTVRip] [450p] [RAW]"
4585961,2,15006125,46F9128AA76C3BE9C9461090A40120770DF5BF7D,56996163099,1,2026-07-31 02:21:01,3,3,"{7,24,24,24,24,24,24,24,24,24,23,24,24,24,24,24,24,24,24,23,25,24,24,24,25,24,24,26,24,24,24}","{21,72,77,72,76,87,68,67,71,86,68,80,51,82,60,86,77,78,89,78,64,82,68,80,90,70,79,110,94,84,79}","Дочь Короля - Су Пэк Хян / Jewangui Ddal Soobaekhyang / King’s Daughter Soo Baek Hyang [KOR+Sub Rus] [108 из 108] [2013, Южная Корея, драма, история, романтика, TVRip] [RAW]"
4587645,2,5543065,7C46BE1C18B9329B3674602A99863F88E7DBC274,1574359059,1,2026-07-31 02:21:01,2,2,"{7,24,24,24,24,24,24,24,24,24,23,24,24,24,24,24,24,24,24,23,25,24,24,24,25,24,24,26,24,24,24}","{14,48,44,45,47,46,26,37,36,44,31,39,27,32,38,42,36,36,47,54,36,36,33,36,47,37,47,41,36,44,39}","Безумная парочка / Hwansangui Keopeul / Fantasy Couple [02/16] [Южная Корея, 2006, романтика, мелодрама, комедия, DTVRip] [RAW] [360p] VO"
4587944,2,3075709,2E1456113756A89DDD0B3C77EAE001BE250EA374,16154483921,1,2026-07-31 02:21:01,3,3,"{7,24,24,24,24,24,24,24,24,24,23,24,24,24,24,24,24,24,24,23,25,24,24,24,25,24,24,26,24,24,24}","{21,72,68,69,71,70,50,61,60,68,53,63,51,56,59,66,60,60,71,66,61,61,57,60,69,61,71,67,60,68,63}","Второе предложение / Du-beon-jjae Peu-reo-po-jeu / A Second Proposal [22/22] [KOR+Sub Rus] [Южная Корея, 2004, мелодрама, комедия, TVRip] [RAW]"
4590549,2,3075709,12A2FA5E6BA8D30B2CF3EE6419C3D89287E0374D,11753774611,1,2026-07-31 02:21:01,2,2,"{7,24,24,24,24,24,24,24,24,24,23,24,24,24,24,24,24,24,24,23,25,24,24,24,25,24,24,26,24,24,24}","{14,48,44,45,47,46,26,37,36,44,31,39,27,32,34,42,36,36,47,43,36,38,34,36,44,37,47,41,36,44,39}","Возвращайся, Сун Э! / Dolawayo Sunaessi / Please Come Back, Soon Ae! (Han Jung Hwan) [16/16] [KOR+Sub Rus] [RAW] [Корея, 2006, романтика, комедия, TVRip] [360p]"
4590679,2,3075709,3C568277E4069681A17742A59AE6E9E84496CEA6,6151064122,1,2026-07-31 02:21:01,2,2,"{7,24,24,24,24,24,24,24,24,24,23,24,24,24,24,24,24,24,24,23,25,24,24,24,25,24,24,26,24,24,24}","{14,48,44,45,47,46,26,37,36,44,31,39,27,32,36,42,36,36,47,43,35,36,34,36,44,37,45,41,39,44,39}","Жизнь как чудо / In Saeng Eun Ah Reum Dah Wuh / Life is Beautiful (Moon Bo Hyun) [16/16] [KOR+Sub Rus] [Корея, 2001, драма, романтика, DVDRip]"
4592287,2,15006125,2DB0DB2B510EE7C903970C9E7FE29AF44AF80B38,41724342553,1,2026-07-31 02:21:01,2,2,"{7,24,24,24,24,24,24,24,24,24,23,24,24,24,24,24,24,24,24,23,25,24,24,24,25,24,24,26,24,24,24}","{14,48,44,45,47,46,26,37,36,44,31,39,27,32,38,42,36,36,47,43,35,39,35,36,44,37,47,41,36,44,39}","Весенняя сладость / История Двух Сестер / Jisungimyun Kamcheon / Sweet Springs / A Tale of Two Sisters [100 из 135] [Южная Корея, 2013, семейный, романтика, TVRip] [RAW] + Sub Rus"
4594872,2,1688321,3D1AE0C5D94EBC14C6154C26F6E37332C64CAAD3,11674504190,1,2026-07-31 02:21:01,2,2,"{7,24,24,24,24,24,24,24,24,24,23,24,24,24,24,24,24,24,24,23,25,24,24,24,25,24,24,26,24,24,24}","{14,48,44,45,47,46,26,37,36,44,31,39,27,32,32,42,36,36,47,43,35,39,35,36,44,37,47,41,36,44,31}","Красавчик / Pretty Man / Beautiful Boy / Bel Ami [16/16] [Южная Корея, 2013, романтика, комедия, HDTVRip] [KOR+Sub Rus] [RAW] [360p]"
4599960,2,10279723,FFC9BE80C44EA1865B616715CFDB8124B7D61844,17681311848,1,2026-07-31 02:21:01,3,2,"{7,24,24,24,24,24,24,24,24,24,23,24,24,24,24,24,24,24,24,23,25,24,24,24,25,24,24,26,24,24,24}","{21,52,52,69,51,72,53,56,50,68,59,63,40,32,33,42,36,36,47,43,36,37,35,36,44,37,47,41,36,44,27}","Королевство двух сердец / Deo-King-too-heo-cheu / King 2 Hearts [20/20] [Южная Корея, 2012, романтика, комедия, DTVRip] [RAW] [400p] (DVO) (STEPonee)"
4603034,2,19507013,C3C2EDC8857862D485A937FB37EDDBFFB2228013,10210124030,1,2026-07-31 02:21:01,2,2,"{7,24,24,24,24,24,24,24,24,24,23,24,24,24,24,24,24,24,24,23,25,24,24,24,25,24,24,26,24,24,24}","{20,69,76,71,55,68,58,53,63,71,43,63,53,57,52,51,57,46,70,44,61,38,44,41,49,52,58,54,42,51,27}","Время обедать / Shiksyareul Habshida / Let's Eat [16/16] [Южная Корея, 2013, Драма, романтика, комедия, TVRip] [RAW] [KOR+Sub Rus] [360p]"
4605441,2,13221845,06E76C3544702BBD321078AC00DC585AC552BFF8,11589561471,2,2026-07-31 02:21:01,3,3,"{7,24,24,24,24,24,24,24,24,24,23,24,24,24,24,24,24,24,24,23,25,24,24,24,25,24,24,26,24,24,24}","{21,72,68,69,71,70,52,61,60,68,54,63,51,56,58,66,60,61,71,77,61,60,58,60,77,61,70,67,60,68,79}","Пойдем в школу, Сан-Ду! / Let's Go to School, Sang-doo! [16/16] [Корея, 2003, драма, романтика, TVRip] [RAW] (VO) (Fresh Viksa - стражер GREEN TEA)"
4606288,2,13221845,4CA4BC2600EDD109FDBD84E0B2E8E3758B87F978,3671824384,1,2026-07-31 02:21:01,3,3,"{7,24,24,24,24,24,24,24,24,24,23,24,24,24,24,24,24,24,24,23,25,24,24,24,25,24,24,26,24,24,24}","{21,72,68,69,71,67,50,61,60,68,54,63,51,56,62,66,60,60,71,66,59,60,58,58,69,61,70,67,37,68,61}","Наследники / Наследники: дожить до коронации / Наследники. Под тяжестью короны / Sangsokjadeul / Sangsok Jadeul / Sang-sok-ja-deul / The Heirs / The Inheritors [16-20/20] [2013, романтика, комедия, школа, DTVRip] [400p] [DVO] [GREEN TEA]"
4607083,2,4327512,258E485564FC5B898F3730C34455F8496E8CE3B0,1026252845,1,2026-07-31 02:21:01,3,3,"{7,24,24,24,24,24,24,24,24,24,23,24,24,24,24,24,24,24,24,23,25,24,24,24,25,24,24,26,24,24,24}","{21,72,68,69,71,70,50,61,60,68,54,63,51,56,58,66,60,60,71,66,61,62,55,60,69,61,71,67,60,68,63}","Золотая радуга / Hwanggeum Moojigae / Golden Rainbow [3/50] [Южная Корея, 2013, драма, TVRip] [RAW] [450p] + Sub Rus"
4609708,2,18162630,7CD3B29254AAE17839C187F5F0FFA35EF8E8CEA9,2322145066,1,2026-07-31 02:21:01,3,3,"{7,24,24,24,24,24,24,24,24,24,23,24,24,24,24,24,24,24,24,23,25,24,24,24,25,24,24,26,24,24,24}","{21,72,68,69,71,70,50,61,60,68,54,63,51,56,58,66,60,60,71,66,60,60,57,60,69,61,71,67,60,68,63}","Нежное слово / One Warm Word / Kind words / Одно теплое слово [3/20] [Южная Корея, 2013, романтика, мелодрама, HDTVRip] [KOR+Sub Rus] [RAW] [450p]"
4611446,2,1688321,DBD7C5E4367942875DFD2879ACBC7BA76AEC7A5C,12512172961,1,2026-07-31 02:21:01,2,2,"{7,24,24,24,24,24,24,24,24,24,23,24,24,24,24,24,24,24,24,23,25,24,24,24,25,24,24,26,24,24,24}","{14,48,54,45,47,46,26,39,49,46,32,39,28,35,35,42,36,36,47,43,36,36,33,36,44,37,47,41,36,44,43}","Премьер-министр и я / Chongriwa Na / Prime Minister and I [17/17] [Корея, 2013, романтическая комедия, HDTVRip] [RAW] [KOR+Sub Rus] [360p]"
4611656,2,13221845,1167F238A48C007F6A60B69E12D43B6E78698114,18636204032,2,2026-07-31 02:21:01,3,3,"{7,24,24,24,24,24,24,24,24,24,23,24,24,24,24,24,24,24,24,23,25,24,24,24,25,24,24,26,24,24,24}","{21,70,69,73,72,71,52,61,63,68,54,63,61,56,64,66,65,60,71,66,60,61,60,61,69,71,76,67,37,68,67}","Дворец / Goong / The Imperial Household [24/24] [Южная Корея, 2006, комедия, мелодрама, DTVRip] [2013, Южная Корея, романтика, комедия, школа, DTVRip] [400p] [Южная Корея, DVO] [GREEN TEA &amp; SkyeFilm]"
4612051,2,2669478,80EC1FE34F80385959CEF67798899CAAEDBF0652,13745274366,1,2026-07-31 02:21:01,3,3,"{7,24,24,24,24,24,24,24,24,24,23,24,24,24,24,24,24,24,24,23,25,24,24,24,25,24,24,26,24,24,24}","{21,75,75,73,71,77,71,73,72,80,67,78,63,67,73,81,70,72,91,80,83,85,83,76,75,70,83,97,61,80,75}","Секрет / Тайная любовь / Bimil / Secret / Secret Love [16/16] [Южная Корея, 2013, мелодрама, DTVRip] [RAW] [400p] DVO (STEPonee)"
4613003,2,13222212,0D3C8CE2CCBF17806175F301D2389FB04BCC3448,775040261,1,2026-07-31 02:21:01,3,3,"{7,24,24,24,24,24,24,24,24,24,23,24,24,24,24,24,24,24,24,23,25,24,24,24,25,24,24,26,24,24,24}","{21,72,68,69,71,70,50,61,60,68,54,63,51,56,58,66,60,60,71,66,60,60,57,60,69,61,71,67,60,68,63}","Твой Нуар / TVOJ NUAR / Your Noir [1/1] [Южная Корея, 2013, мелодрама,романтика, экшен, HDTVRip] [RAW] [360p] + Sub Rus"
4614732,2,13221845,04B81CDE1CA95BDB053838912CF8F5AB1040F923,7476174848,1,2026-07-31 02:21:01,3,3,"{7,24,24,24,24,24,24,24,24,24,23,24,24,24,24,24,24,24,24,23,25,24,24,24,25,24,24,26,24,24,24}","{21,72,68,69,71,70,50,61,60,68,54,63,51,56,58,63,60,60,71,66,60,61,57,60,69,61,70,67,60,68,56}","Красавчик / Beautiful Man / Pretty boy / Bel ami [10/16] [Южная Корея, 2013, романтика, комедия, DTVRip] [RAW] [360p] [Южная Корея, DVO] (GREEN TEA)"
4615121,2,8493119,4BFD5F24E021301122B0460B25961657FC08FD05,41467712466,1,2026-07-31 02:21:01,2,2,"{7,24,24,24,24,24,24,24,24,24,23,24,24,24,24,24,24,24,24,23,25,24,24,24,25,24,24,26,24,24,24}","{14,48,44,45,47,46,26,37,37,44,31,39,27,32,34,42,36,36,47,43,35,39,34,36,44,37,47,41,36,44,39}","Дочь короля, Су Бэк Хян / Jewang-ui Ddal, Soo Baek Hyang / King's Daughter Su Baek Hyang [108 из 108] [Южная Корея, 2013, исторический, семейный, политика, романтика, TVRip] [KOR+Sub Rus] [RAW] [352p]"
4616252,2,13221845,23085EF1082B79E2B41A37FDB58FBA87D650F7B9,16205672448,1,2026-07-31 02:21:01,3,3,"{7,24,24,24,24,24,24,24,24,24,23,24,24,24,24,24,24,24,24,23,25,24,24,24,25,24,24,26,24,24,24}","{21,72,68,69,71,70,50,61,60,68,54,61,51,56,62,66,60,60,71,66,59,60,57,60,78,61,71,67,37,68,57}","Когда мужчина влюблён / Nam-ja-ga sa-rang-hal dae / When A Man Loves / When A Man's In Love [20/20] [Южная Корея, 2013, мелодрама, TVRip] [450] (DVO) (GREEN TEA)"
4617364,2,12179,5157436D1E3083F0E8C74C430B1E2B9115576006,23178379450,1,2026-07-31 02:21:01,2,2,"{7,24,24,24,24,24,24,24,24,24,23,24,24,24,24,24,24,24,24,23,25,24,24,24,25,24,24,26,24,24,24}","{14,50,47,59,52,61,46,58,39,69,66,40,29,37,45,46,43,53,50,53,43,52,38,41,61,41,62,54,57,47,40}","Великолепное наследие / Shining Inheritance / Brilliant Legacy [28/28] [Корея, 2009, романтика, DTVRip] [RAW] [DVO] (GREEN TEA)"
4618916,2,1688321,9220CCBA005A6493E36F40A4D57D029519A523F0,14691261511,1,2026-07-31 02:21:01,2,2,"{7,24,24,24,24,24,24,24,24,24,23,24,24,24,24,24,24,24,24,23,25,24,24,24,25,24,24,26,24,24,24}","{14,48,44,45,47,46,29,37,36,44,31,43,27,32,34,42,36,38,47,47,35,37,42,36,45,40,47,56,59,72,48}","Человек со звезды / You Who Came From the Stars / My Love From Another Star [21/21] [Корея, 2013, Романтика, комедия, мелодрама, HDTVRip] [KOR+Sub Rus] [RAW] [360p]"
4619235,2,11878133,5CAA9A185F0C6C1B13A5D4AE3B21D8D7974D4D3F,15777606056,1,2026-07-31 02:21:01,3,2,"{7,24,24,24,24,24,24,24,24,24,23,24,24,24,24,24,24,24,24,23,25,24,24,24,25,24,24,26,24,24,24}","{21,72,68,69,71,70,50,59,55,68,52,61,51,55,54,66,60,60,71,64,53,58,55,60,69,61,71,67,63,68,63}","Человек со звезды / Byeoleseo On Geudae / You Who Came From the Stars [21/21] [Южная Корея, 2013, фантастика, романтика, мелодрама, HDTVRip] [KOR+Sub Rus] [RAW] [450p]"
4621411,2,13221845,48FD81849894631C6B3428A761D8564AC3E65971,555573946,1,2026-07-31 02:21:01,3,3,"{7,24,24,24,24,24,24,24,24,24,23,24,24,24,24,24,24,24,24,23,25,24,24,24,25,24,24,26,24,24,24}","{21,72,68,69,71,70,50,61,60,68,54,63,51,56,58,66,60,60,71,79,67,63,65,70,86,70,71,74,74,68,60}","Таинственный ангел / Sikeurit Enjel / The Secret Angel [10/10] [Китай, Южная Корея, 2012, мини-дорама, романтика, TVRip] [DVO] [GREEN TEA]"
4622324,2,29380223,4921FB5AE22D072E4F8CF5940B41F039413A7D24,2330855832,1,2026-07-31 02:21:01,3,3,"{7,24,24,24,24,24,24,24,24,24,23,24,24,24,24,24,24,24,24,23,25,24,24,24,25,24,24,26,24,24,24}","{21,72,68,69,71,70,50,61,60,68,54,63,51,56,58,66,60,60,71,66,59,59,57,60,69,61,71,67,60,68,63}","Хорошо воспитанная дочь Ха На / Послушная дочь Ха На / Well Brought Up Daughter, Hana / One Well-Raised Daughter [5 из 120] [Южная Корея, KOR+Sub Rus][2013, Южная Корея, драма, семейный, романтика, гендерная интрига, HDTVRip] [RAW]"
4632479,2,8493119,5C824B35F33CEAE92330C04C007734459826A665,46172941447,1,2026-07-31 02:21:01,4,2,"{7,24,24,24,24,24,24,24,24,24,23,24,24,24,24,24,24,24,24,23,25,24,24,24,25,24,24,26,24,24,24}","{22,73,81,79,80,77,89,82,113,110,105,105,98,101,100,111,109,107,105,106,108,102,102,97,109,105,112,118,90,112,110}","Воспитанная дочь Ха На / Jal Kiwoon Ddal Hana / A Well Grown Daughter / Well Brought Up Daughter Ha Na [122 из 122] [Южная Корея, KOR+Sub Rus] [2013, Южная Корея, семейный, романтика, TVRip] [RAW] [352p]"
4637004,2,25823830,16E79F947976EDF8A462906D9A0231AD4F28E03F,16465593041,1,2026-07-31 02:21:01,2,2,"{7,24,24,24,24,24,24,24,24,24,23,24,24,24,24,24,24,24,24,23,25,24,24,24,25,24,24,26,24,24,24}","{18,50,44,52,47,50,30,37,36,44,31,37,27,35,40,43,38,37,47,43,35,42,35,37,49,43,60,66,43,48,50}","Воля Небес / Чосонский изгнанник / The Fugitive of Joseon / Mandate of Heaven [20/20] [Южная Корея, 2013, история, приключения, экшен, драма, романтика, медицина, HDTVRip] [RAW] [450p] [Южная Корея, KOR+Sub Rus]"
4638287,2,1688321,0194E155699AC0DCDAD14BACEE351FD5B84ADAE4,953144333,1,2026-07-31 02:21:01,3,3,"{7,24,24,24,24,24,24,24,24,24,23,24,24,24,24,24,24,24,24,23,25,24,24,24,25,24,24,26,24,24,24}","{21,72,68,69,71,70,50,61,60,68,54,63,51,56,58,63,60,60,71,66,61,61,58,60,69,61,71,67,60,68,63}","Двадцатилетние / Seumoosal / 20 Years Old [4/4] [Корея, 2014, Романтика, HDTVRip] [RAW] [360p] + Sub Rus"
4643332,2,4327512,A7C6378331E2846F13D313D0525696E0789A47E2,15250436397,1,2026-07-31 02:21:01,3,1,"{7,24,24,24,24,24,24,24,24,24,23,24,24,24,24,24,24,24,24,23,25,24,24,24,25,24,24,26,24,24,24}","{26,80,73,74,79,92,84,79,71,90,79,87,90,94,85,88,84,71,51,89,91,83,80,84,93,85,93,110,86,83,78}","Король моды / Paeseon Wang / Fashion King [20/20] [Южная Корея, 2012, комедия, романтика, драма, TVRip] [RAW] [352p] + Sub Rus"
4648323,2,1688321,F90FDED3483227CD4E388BE6AF7B0EDB7D172E8D,12504216400,1,2026-07-31 02:21:01,2,2,"{7,24,24,24,24,24,24,24,24,24,23,24,24,24,24,24,24,24,24,23,25,24,24,24,25,24,24,26,24,24,24}","{14,48,45,45,47,46,26,37,37,44,31,39,27,32,35,42,36,36,47,43,35,35,33,36,44,37,47,41,36,44,39}","Чон Як Йон, детектив времен Чосон / Joseon Choori Hakgeuk Jeong Yak Yong / Korean Mystery Detective, Jung Yak Yong [8/8] [Корея, 2009, История, мистика, детектив, HDTVRip] [RAW] [544p] + Sub Rus"
4651300,2,1688321,0E1DF48E3EE7BE29426F885B3A8162DABA526734,14971917997,1,2026-07-31 02:21:01,3,2,"{7,24,24,24,24,24,24,24,24,24,23,24,24,24,24,24,24,24,24,23,25,24,24,24,25,24,24,26,24,24,24}","{26,80,77,77,79,77,70,77,85,79,61,73,65,65,72,73,62,74,71,75,77,73,78,72,97,89,96,84,92,95,86}","Парочка скорой помощи / Eunggeubnamnyeo / Emergency Couple / Emergency Man and Woman [21/21] [Корея, 2014, Романтика, комедия, медицина, HDTVRip] [RAW] [360p] + Sub Rus"
4655784,2,2669478,85EAF5D5FFED91E761242438E0B1F4B41FC32D27,10768820080,1,2026-07-31 02:21:01,2,2,"{7,24,24,24,24,24,24,24,24,24,23,24,24,24,24,24,24,24,24,23,25,24,24,24,25,24,24,26,24,24,24}","{14,54,49,49,55,61,41,43,40,49,38,46,44,48,37,46,54,42,47,52,39,38,35,36,44,38,64,59,52,54,38}","Хочу романтики 3 / Ro-maen-seu-ga pil-yo-hae 3 / I Need Romance 3 [16/16] [Южная Корея, 2014, романтика, комедия, DTVRip] [RAW] [400p] DVO (STEPonee)"
4665554,2,204748,E06F922E4F436216D1D1102216EB5701168FD6EB,24831918080,1,2026-07-31 02:21:01,2,2,"{7,24,24,24,24,24,24,24,24,24,23,24,24,24,24,24,24,24,24,23,25,24,24,24,25,24,24,26,24,24,24}","{14,55,47,45,59,62,44,54,52,70,49,42,38,34,45,55,52,46,58,57,52,74,55,76,79,65,72,77,70,75,51}","Богиня огня Чонги / Богиня огня Чжон И / Boolui Yeoshin Jeongi / Jung Yi Goddess of Fire [32/32] [Корея, 2013, исторический, драма, HDTVRip] [RAW] [360p] (VO) (GREEN TEA, Корея, Юлия Балиева)"
4666612,2,4709759,44AB7914281F79335022B09893A4DEDACB1FD7EB,3526288277,1,2026-07-31 02:21:01,2,2,"{7,24,24,24,24,24,24,24,24,24,23,24,24,24,24,24,24,24,24,23,25,24,24,24,25,24,24,26,24,24,24}","{14,48,44,45,47,46,26,37,36,44,31,39,27,32,38,42,36,36,47,43,36,37,33,36,44,37,46,41,36,44,39}","Якша / Ya Cha / Yaksha [5/12] [Южная Корея, 2010, Историческая, приключения, боевик, TVRip] [RAW] [450p] + Sub Rus"
4666618,2,4709759,6E0D3FBD3BBC1C974E8BBD3071766F7EEDE9A978,7111642964,1,2026-07-31 02:21:01,2,2,"{7,24,24,24,24,24,24,24,24,24,23,24,24,24,24,24,24,24,24,23,25,24,24,24,25,24,24,26,24,24,24}","{14,48,44,45,47,46,26,36,36,44,31,39,27,32,39,42,36,36,47,43,35,39,34,36,44,37,47,41,36,44,39}","Помада цвета страсти / Bunhong libseutig / Pink Lipstick [65/149] [Южная Корея, 2010, Романтика, семейный, TVRip] [RAW] [360p] + Sub Rus"
4666706,2,2669478,B317536636E05D9BD429531598787F2BD02BE360,14992437924,1,2026-07-31 02:21:01,3,1,"{7,24,24,24,24,24,24,24,24,24,23,24,24,24,24,24,24,24,24,23,25,24,24,24,25,24,24,26,24,24,24}","{26,81,80,79,79,79,85,85,88,91,77,87,75,87,82,90,84,84,95,89,85,81,75,84,94,85,93,93,84,92,72}","Очаровательный прокурор / Geom-sa peu-rin-se-seu / Prosecutor Princess [16/16] [Южная Корея, 2010, романтическая комедия, DTVRip] [RAW] [400p] VO (STEPonee)"
4669391,2,18162630,9BBA6B340AA3565971EE7E3673EC93DAD9D1802A,771942993,1,2026-07-31 02:21:01,3,3,"{7,24,24,24,24,24,24,24,24,24,23,24,24,24,24,24,24,24,24,23,25,24,24,24,25,24,24,26,24,24,24}","{21,72,68,69,71,70,50,63,60,68,54,61,51,56,58,66,60,60,71,66,61,57,55,59,69,61,71,67,60,68,63}","Око дьявола / Aftermath [S1 5/5 + S2 5/6] [2014, Южная Корея, триллер, веб-драма, HDTVRip] [KOR+Sub Rus] [RAW] [480p]"
4676793,2,1688321,F34EFBD057F3D3FEB1C1794B86BAC9CB1630D057,12396787448,1,2026-07-31 02:21:01,2,2,"{7,24,24,24,24,24,24,24,24,24,23,24,24,24,24,24,24,24,24,23,25,24,24,24,25,24,24,26,24,24,24}","{14,48,44,45,47,46,26,37,36,44,31,39,27,32,34,42,36,36,47,43,36,38,35,36,44,37,48,41,36,44,39}","Невеста века / Hundred Year Bride / Bride of the Century [16/16] [Корея, 2014, Романтика, фэнтези, мелодрама, семейная, HDTVRip] [RAW] [360p] + Sub Rus"
4677355,2,10279723,120A2B2214C1E2DFCD3D90D88018438DA1591F29,17608019064,1,2026-07-31 02:21:01,3,1,"{7,24,24,24,24,24,24,24,24,24,23,24,24,24,24,24,24,24,24,23,25,24,24,24,25,24,24,26,24,24,24}","{29,95,111,96,105,102,98,94,101,98,85,92,92,96,93,100,93,81,76,89,101,92,85,97,96,82,101,108,89,96,95}","Хороший доктор / Goot Dakteo / Good doctor [20/20] [Южная Корея, 2013, медицина, романтика, мелодрама, DTVRip] [RAW] [400p] (MVO) (STEPonee)"
4680921,2,21686379,EAD12A812D5322D4BFB347BC8EF257C1C5B579B2,3713072264,1,2026-07-31 02:21:01,2,2,"{7,24,24,24,24,24,24,24,24,24,23,24,24,24,24,24,24,24,24,23,25,24,24,24,25,24,24,26,24,24,24}","{14,48,44,45,47,46,26,39,36,44,31,39,27,32,38,42,36,36,47,43,35,38,35,36,44,37,46,41,36,44,39}","Баскетбол / Basketball / Basketball [05/18] [Южная Корея, 2013, романтика, спорт, исторический, TVRip] [RAW] [450p] DVO (Sound-Group)"
4681025,2,24883061,6A9B8D9819B90C79C83EC9AA4C501A8BA3F24A1A,12424057193,1,2026-07-31 02:21:01,2,2,"{7,24,24,24,24,24,24,24,24,24,23,24,24,24,24,24,24,24,24,23,25,24,24,24,25,24,24,26,24,24,24}","{14,48,44,45,47,46,26,37,36,44,31,39,27,32,34,42,36,36,47,43,35,36,34,36,44,37,47,41,36,44,39}","Коварство одинокой женщины / Коварная одинокая женщина / Angkeumhan Dolsingnyeo / Cunning single lady / Sly and single again [16 из 16] [Южная Корея, 2014, комедия, романтика, TVRip] [RAW] [450p] + Sub Rus"
4684624,2,24883061,0DDC126A88321D5E0A1DA6EEADF6818F57A4563C,9445430565,1,2026-07-31 02:21:01,2,2,"{7,24,24,24,24,24,24,24,24,24,23,24,24,24,24,24,24,24,24,23,25,24,24,24,25,24,24,26,24,24,24}","{14,48,44,45,47,46,26,37,36,44,31,39,27,32,35,42,36,36,47,43,36,38,35,36,44,37,46,41,36,44,35}","Мера справедливости / Shinui Jeoeul / The Scale of Providence [16 из 16] [Южная Корея, 2008, детектив, романтика, TVRip] [RAW] [360p] + Sub Rus"
4684638,2,24883061,1D947A889EA185839D8A8C1C1526C20E6B442A66,7377863991,1,2026-07-31 02:21:01,3,2,"{7,24,24,24,24,24,24,24,24,24,23,24,24,24,24,24,24,24,24,23,25,24,24,24,25,24,24,26,24,24,24}","{26,80,80,79,77,80,75,77,85,74,76,87,75,81,82,90,84,84,95,89,84,79,80,84,94,85,95,97,84,92,87}","Легенды нашего города / Jeonsolui Gohyang / Hometown Legends / Hometown Legends 2009 [10 из 10] [Южная Корея, 2009, ужасы, фэнтези, TVRip] [RAW] [360p] + Sub Rus"
4684648,2,24883061,D88779CC7A8027C8D3A5D3F2F336702D0DAC7B70,25253256770,1,2026-07-31 02:21:01,3,2,"{7,24,24,24,24,24,24,24,24,24,23,24,24,24,24,24,24,24,24,23,25,24,24,24,25,24,24,26,24,24,24}","{16,63,68,69,71,70,50,61,52,68,54,63,51,49,35,42,43,60,71,66,60,61,47,59,69,61,71,67,60,68,51}","Как одна семья / Ggak-du-gi / Kimcheed Radish Cubes [44 из 44] [Южная Корея, 2007, семейный, романтика, TVRip] [RAW] [360p] + Sub Rus"
4685461,2,10060265,4B3EDA60A730628EF43356AE4762A41A0BBB63C0,12028301052,1,2026-07-31 02:21:01,3,2,"{7,24,24,24,24,24,24,24,24,24,23,24,24,24,24,24,24,24,24,23,25,24,24,24,25,24,24,26,24,24,24}","{21,72,68,69,71,70,50,61,60,68,54,63,51,56,57,66,60,60,71,66,60,58,55,60,68,61,70,67,60,68,45}","Три дня / Sseuri Deijeu / Three Days [16/16] [Корея, 2014, экшн, политический триллер, мелодрама, HDTVRip] [KOR+Sub Rus] [RAW] [450p]"
4685811,2,35028562,B350396955CF8234D53C2FC95B3E0FD0D637DBAB,7426254848,1,2026-07-31 02:21:01,2,2,"{7,24,24,24,24,24,24,24,24,24,23,24,24,24,24,24,24,24,24,23,25,24,24,24,25,24,24,26,24,24,24}","{14,48,44,46,51,61,29,43,37,55,32,44,32,32,50,45,37,36,47,49,49,43,33,42,65,52,47,41,36,44,44}","Десятый - специальный отдел расследования преступлений / Special Crimes Force TEN / Special Affairs Team TEN / Teuk-soo-sa-geon-jeon-dam-ban [9/9] [2011, Южная Корея, Криминал, мистика, триллер, DVDRip] (VO)"
4687391,2,3245293,70BC7C3E3FA9894C2C429992753B2430FC2298F2,12487780824,1,2026-07-31 02:21:01,3,3,"{7,24,24,24,24,24,24,24,24,24,23,24,24,24,24,24,24,24,24,23,25,24,24,24,25,24,24,26,24,24,24}","{21,72,68,69,71,70,51,63,60,68,54,63,51,56,59,66,60,60,71,66,59,60,57,60,69,61,70,67,60,68,63}","Подарок Небес / Подарок Небес - 14 дней / God's Gift - 14 Days (Lee Dong Hoon / Ли Донхун) [16/16] [Южная Корея, 2014, Драма, детектив, мистика, TVRip] [KOR+Sub Rus] [RAW] [450p]"
4690681,2,34736781,87BB03C89E40353796D52EE164F730222C957819,11076053818,1,2026-07-31 02:21:01,4,2,"{7,24,24,24,24,24,24,24,24,24,23,24,24,24,24,24,24,24,24,23,25,24,24,24,25,24,24,26,24,24,24}","{25,96,83,84,92,88,94,93,92,91,83,96,90,99,93,94,87,84,75,84,97,96,86,93,98,91,99,90,81,97,89}","Назад в прошлое: 9 шансов всё изменить / Nine: Nine Times Time Travel [20/20] [Южная Корея, 2013, мелодрама, фантастика, HDTVRip] [400p] (VO) GREEN TEA"
4691638,2,30322017,7A1E75F41C62C3DDBC3526F2B3F685F9255E46E6,14398234624,1,2026-07-31 02:21:01,3,3,"{7,24,24,24,24,24,24,24,24,24,23,24,24,24,24,24,24,24,24,23,25,24,24,24,25,24,24,26,24,24,24}","{21,72,68,69,71,70,50,61,60,68,54,63,51,56,59,66,60,60,71,66,59,59,58,60,69,61,71,67,60,68,53}","Влюблённые / Yeonin / Lovers [20 из 20] [Южная Корея, 2006, драма, романтика, комедия, TVRip] [RAW] VO (SOUND-GROUP)"
4693871,2,1688321,9D7EA8DE0BA5A352B60D81528911531D67C673C4,32991236833,1,2026-07-31 02:21:01,2,2,"{7,24,24,24,24,24,24,24,24,24,23,24,24,24,24,24,24,24,24,23,25,24,24,24,25,24,24,26,24,24,24}","{14,48,44,45,47,46,26,39,44,44,31,39,27,32,33,42,36,36,47,43,35,40,33,36,44,37,47,41,36,44,39}","Чудесное время / Хорошие времена / Cham Joheun Sijeol / Wonderful Days [50/50] [Корея, 2014, семейный, романтика, комедия, мелодрама, HDTVRip] [RAW] [360p] + Sub Rus"
4694683,2,34736781,60A7786EB0ECB5E54BC644214460160D297544E4,12377022464,1,2026-07-31 02:21:01,3,2,"{7,24,24,24,24,24,24,24,24,24,23,24,24,24,24,24,24,24,24,23,25,24,24,24,25,24,24,26,24,24,24}","{26,79,83,85,88,91,82,85,81,87,80,84,79,89,76,81,77,75,94,88,90,73,75,79,87,79,85,81,49,87,79}","Я тебя услышу / Я слышу твой голос / I Hear Your Voice / Сезон: 1 / Серии: 1-18 из 18 (Со Вон Чжо) [2013, Южная Корея, Мелодрама, комедия, фантастика, HDTVRip] MVO (STEPonee)"
4708353,2,1688321,A382EBF44C1966ECFEAFAA4385AC7489BC70BB11,1535951487,1,2026-07-31 02:21:01,2,2,"{7,24,24,24,24,24,24,24,24,24,23,24,24,24,24,24,24,24,24,23,25,24,24,24,25,24,24,26,24,24,24}","{14,48,44,45,47,46,26,37,36,44,31,37,27,32,33,42,36,36,47,43,35,39,34,36,44,37,47,41,36,44,20}","История Кан Ку / Kang-Koo's Story [2/2] [Корея, 2014, драма, романтика, HDTVRip] [KOR+Sub Rus] [RAW] [360p]"
4710081,2,1688321,65AE5A260B3508B9696B2ED5652EABA4BB0689C4,24462800556,1,2026-07-31 02:21:01,2,2,"{7,24,24,24,24,24,24,24,24,24,23,24,24,24,24,24,24,24,24,23,25,24,24,24,25,24,24,26,24,24,24}","{18,49,44,52,47,48,30,37,36,44,31,39,27,35,45,44,39,39,48,43,35,41,34,38,47,41,47,41,36,44,30}","Король отеля / Hotel King [32/32] [Корея, 2014, Романтика, драма, HDTVRip] [KOR+Sub Rus] [RAW] [360p]"
4710099,2,1688321,DA77E2872017AB02E0AD8BC213296FCDEE1B19BF,15268870407,1,2026-07-31 02:21:01,3,3,"{7,24,24,24,24,24,24,24,24,24,23,24,24,24,24,24,24,24,24,23,25,24,24,24,25,24,24,26,24,24,24}","{21,72,68,69,74,70,50,61,60,68,54,63,51,56,58,66,60,60,71,66,60,61,56,60,69,61,71,67,60,68,51}","Глаза ангела / Angel Eyes [20/20] [Корея, 2014, Мелодрама, романтика, медицина, HDTVRip] [KOR+Sub Rus] [RAW] [360p]"
4715719,2,10060265,5245AD3906C54BE363B3A387D1E68ED8FCE2CA07,14030212195,1,2026-07-31 02:21:01,3,2,"{7,24,24,24,24,24,24,24,24,24,23,24,24,24,24,24,24,24,24,23,25,24,24,24,25,24,24,26,24,24,24}","{21,72,68,69,71,70,50,61,60,68,54,63,51,56,58,66,60,60,71,66,60,58,58,60,69,61,71,67,60,68,59}","Гап Дон - Воспоминания об убийстве / Кап Дон / Gapdongi / Gab Dong / Memories Of Murder [20/20] [Корея, 2014, криминал, триллер, мелодрама, DTVRip] [360p] [Корея, RAW] + Sub Rus"
4717563,2,35403860,0FEB52FC5AC5AD046C4FE28E30A4D4D368AE2D6B,10439550976,1,2026-07-31 02:21:01,3,3,"{7,24,24,24,24,24,24,24,24,24,23,24,24,24,24,24,24,24,24,23,25,24,24,24,25,24,24,26,24,24,24}","{21,83,73,83,79,76,66,75,80,78,59,66,51,60,70,74,65,64,81,69,60,66,63,70,76,61,71,67,37,70,55}","Тайный роман / Тайное влечение / Milhwe / Secret Love Affair [16/16] [Южная Корея, 2014, романтика, мелодрама, музыкальный, DTVRip] [RAW] [400p] DVO GREEN TEA"
4718681,2,35403860,A564DED787BFF3826295107E893C2FD332733490,12154310656,1,2026-07-31 02:21:01,2,2,"{7,24,24,24,24,24,24,24,24,24,23,24,24,24,24,24,24,24,24,23,25,24,24,24,25,24,24,26,24,24,24}","{14,48,46,45,47,46,26,37,36,44,30,39,27,32,33,42,36,36,47,43,36,37,34,36,44,37,47,41,36,44,29}","Красавчик / Beautiful Man / Pretty boy / Bel ami [16/16] (Юн Сан Хо, Южная Корея, Чон Чон Хва) [2013, Южная Корея, романтика, комедия, HDTV] [RAW] [360p] DVO GREEN TEA"
4719919,2,204748,81D7793CB40782F10F55464D0A2CF4D47B31AF09,15386064896,1,2026-07-31 02:21:01,4,3,"{7,24,24,24,24,24,24,24,24,24,23,24,24,24,24,24,24,24,24,23,25,24,24,24,25,24,24,26,24,24,24}","{27,79,79,79,86,82,100,91,94,89,65,82,71,73,75,86,81,77,94,91,74,79,73,78,81,88,87,96,78,95,91}","Солнце в объятиях луны Луна и Солнце / Луна, которая захватила Солнце /Haereul Poomeun Dal / The Sun and the Moon [20/20] [Южная Корея, 2012, Романтика, исторический, мистика, HDTVRip] [RAW] [360p] [Южная Корея, DVO] (GREEN TEA)"
4722946,2,204748,CCA1CB01B6343F21313D5A24403829A143828677,37839155935,1,2026-07-31 02:21:01,3,2,"{7,24,24,24,24,24,24,24,24,24,23,24,24,24,24,24,24,24,24,23,25,24,24,24,25,24,24,26,24,24,24}","{23,77,89,78,65,79,68,91,85,119,89,116,88,149,89,89,93,94,95,89,111,102,101,93,100,103,95,95,85,91,71}","Императрица Ки / Ki Hwanghoo / Qi Empress (51/51) [2013, Корея, история, романтика, политика, драма, HDTVRip] [360p] [Корея, RAW] [DVO] (GREEN TEA)"
4722966,2,35403860,25CC16223B415873C1B06A70ECE6AED959A36CD2,17971292160,1,2026-07-31 02:21:01,2,2,"{7,24,24,24,24,24,24,24,24,24,23,24,24,24,24,24,24,24,24,23,25,24,24,24,25,24,24,26,24,24,24}","{16,62,65,70,60,71,66,69,56,70,57,68,68,73,61,57,72,66,71,71,72,52,44,57,68,57,80,96,70,63,65}","Эпоха чувств / Время молодых / Эпоха страстей / Inspiring Generation / Gam-gyuk-shi-dae: too-shi-nui tan-saeng [24/24] [Южная Корея, 2014, драма, романтика, боевик, исторический, DTVRip] [RAW] [360p] DVO GREEN TEA"
4725279,2,25108004,7E9B9BA030451C621A8B30B9CB72EA777D5B50B8,14372153344,1,2026-07-31 02:21:01,3,3,"{7,24,24,24,24,24,24,24,24,24,23,24,24,24,24,24,24,24,24,23,25,24,24,24,25,24,24,26,24,24,24}","{21,72,68,69,71,69,50,61,63,68,54,63,51,56,62,66,60,60,71,66,59,59,58,60,69,61,71,67,41,76,83}","Цветок на острие кинжала / The Blade and Petal / Sword and Flower / Лезвие и лепесток [20 из 20] [Южная Корея, 2013, исторический, боевик, драма, романтика, HDTVRip] [RAW] [400p] VO (GREEN TEA)"
4728822,2,1688321,0ADED8DEA9988D0F85F51CF6CCCFC27371723DA2,346052198,1,2026-07-31 02:21:01,3,3,"{7,24,24,24,24,24,24,24,24,24,23,24,24,24,24,24,24,24,24,23,25,24,24,24,25,24,24,26,24,24,24}","{21,72,68,69,71,70,50,61,60,68,54,63,51,56,58,66,60,60,71,66,60,59,56,59,69,61,71,67,60,68,63}","Наконец-то ты пришёл! / Come, Come, Absolutely Come [1/60] [Корея, 2011-2012, ситком, HDTVRip] [RAW] [400p] + Sub Rus"
4729848,2,10279723,1302EE5364DA89F43E47EFBD1D2CEBFA4A852EC3,15295978244,1,2026-07-31 02:21:01,2,1,"{7,24,24,24,24,24,24,24,24,24,23,24,24,24,24,24,24,24,24,23,25,24,24,24,25,24,24,26,24,24,24}","{23,83,80,87,79,94,86,82,86,97,69,84,90,77,90,91,72,67,90,101,79,62,61,65,89,86,90,87,53,93,64}","Кап Дон - Воспоминания об убийстве / Gapdongi / Gabdong - Memories of Murder [20/20] [Южная Корея, 2014, мелодрама, криминал, мистика, триллер, TVRip] [RAW] [400p] (MVO) (STEPonee)"
4732649,2,2669478,80CA6515945F5C046310793715740090B44ED0B5,13010896424,1,2026-07-31 02:21:01,2,2,"{7,24,24,24,24,24,24,24,24,24,23,24,24,24,24,24,24,24,24,23,25,24,24,24,25,24,24,26,24,24,24}","{14,48,47,45,47,46,26,37,39,44,31,39,27,32,34,42,36,36,47,43,36,37,32,36,44,37,47,42,36,44,34}","Три дня / Sseu-ri-dae-i-zeu / Three Days [16/16] [Южная Корея, 2014, романтика, боевик, криминал, политика, DTVRip] [RAW] [400p] MVO (STEPonee)"
4733372,2,1688321,8FD5C42D572E14A8CED00BA9AB46B8DED932398B,18293400882,1,2026-07-31 02:21:01,2,2,"{7,24,24,24,24,24,24,24,24,24,23,24,24,24,24,24,24,24,24,23,25,24,24,24,25,24,24,26,24,24,24}","{14,48,44,45,47,46,26,37,36,44,31,37,27,32,34,42,36,36,47,43,35,40,34,36,44,37,47,42,36,44,24}","Треугольник / Teuraiaenggeul / Triangle [26/26] [Корея, 2014, Драма, семейный, романтика, HDTVRip] [KOR+Sub Rus] [RAW] [360p]"
4734429,2,1688321,39FD17E4E1551730C54640C9604802639C87183C,14093519823,1,2026-07-31 02:21:01,3,3,"{7,24,24,24,24,24,24,24,24,24,23,24,24,24,24,24,24,24,24,23,25,24,24,24,25,24,24,26,24,24,24}","{21,72,69,69,71,74,51,61,60,68,54,63,51,56,56,66,55,60,71,66,60,58,56,60,69,61,70,67,60,68,45}","Вы окружены / You're All Surrounded [20/20] [Корея, 2014, Комедия, романтика, HDTVRip] [KOR+Sub Rus] [RAW] [360p]"
4736401,2,458589,A6E3ABEB3FD950C4B3FBA0B7E3650CB4A4F86F1F,51466974211,1,2026-07-31 02:21:01,3,2,"{7,24,24,24,24,24,24,24,24,24,23,24,24,24,24,24,24,24,24,23,25,24,24,24,25,24,24,26,24,24,24}","{26,80,77,76,79,79,56,63,60,68,54,63,51,56,58,66,60,60,71,66,64,76,70,73,93,85,93,86,75,82,70}","Три брата / Susanghan Samhyungje / Three Brothers [70/70] [Южная Корея, 2009, Романтика, комедия, драма, TVRip] [360p] [Южная Корея, RAW] + Sub Rus"
4736985,2,1688321,7335C10060B7D35DDFE93314DAF9808E3F79D0C5,54988116583,1,2026-07-31 02:21:01,2,2,"{7,24,24,24,24,24,24,24,24,24,23,24,24,24,24,24,24,24,24,23,25,24,24,24,25,24,24,26,24,24,24}","{14,62,59,59,63,64,40,52,53,58,44,51,61,62,55,62,53,48,64,58,52,54,47,52,62,51,61,61,52,61,56}","Стальная Императрица / Железная Императрица / The Iron Empress / Empress Chun Choo [78/78] [Корея, 2009, драма, исторический, HDTVRip] [RAW] [360p] + Sub Rus"
4737975,2,8493119,433806024F813F421F91A0ED78F3A296343001E5,740100694,1,2026-07-31 02:21:01,3,3,"{7,24,24,24,24,24,24,24,24,24,23,24,24,24,24,24,24,24,24,23,25,24,24,24,25,24,24,26,24,24,24}","{21,72,68,69,71,70,50,63,60,68,54,63,51,56,59,66,60,60,71,66,61,59,57,60,69,61,71,67,60,68,63}","Я Бабочка / Naneun Nabi / I'm a Butterfly [1/1] [Южная Корея, 2010, триллер, мистика, TVRip] [KOR+Sub Rus] [RAW] [360p]"
4748801,2,35403860,DC08F41628F04E05DBB6C50768E8D7AA6F89D5C6,13029853184,1,2026-07-31 02:21:01,2,2,"{7,24,24,24,24,24,24,24,24,24,23,24,24,24,24,24,24,24,24,23,25,24,24,24,25,24,24,26,24,24,24}","{14,48,44,45,47,46,26,40,36,44,31,39,27,32,33,42,36,36,47,43,35,37,33,36,44,37,47,41,36,44,31}","Премьер-министр и я / The Prime Minister and I [17/17] [Южная Корея, 2013, романтика, комедия, DTVRip] [RAW] [360p] [Южная Корея, DVO] [GREEN TEA]"
4751980,2,35403860,DA3982A36C5701167015BFE41112ECFCF4F4FBB6,19049326592,1,2026-07-31 02:21:01,2,2,"{7,24,24,24,24,24,24,24,24,24,23,24,24,24,24,24,24,24,24,23,25,24,24,24,25,24,24,26,24,24,24}","{14,48,44,45,47,46,26,37,40,52,31,37,27,32,34,42,36,36,47,43,35,37,34,41,55,37,47,41,36,44,31}","Треугольник / Triangle / Teuraiaenggeul [26/26] [Южная Корея, 2014, семейный, романтика, драма, HDTV] [RAW] [360p] DVO GREEN TEA"
4752118,2,35403860,5B27DD44B9CA38CE978467F575728BEBAB7E62B8,14553739264,1,2026-07-31 02:21:01,3,2,"{7,24,24,24,24,24,24,24,24,24,23,24,24,24,24,24,24,24,24,23,25,24,24,24,25,24,24,26,24,24,24}","{21,75,75,76,76,78,58,65,65,70,63,72,70,82,72,78,87,70,61,58,72,72,68,77,83,69,83,74,75,79,58}","Вы окружены / You're All Surrounded [20/20] [Южная Корея, 2014, комедия, боевик, романтика, HDTVRip] [RAW] [360p] DVO GREEN TEA"
4764456,2,1688321,F470EAC0209AEB144544CF45DD0BAF7C1E5C733F,12606985891,1,2026-07-31 02:21:01,2,2,"{7,24,24,24,24,24,24,24,24,24,23,24,24,24,24,24,24,24,24,23,25,24,24,24,25,24,24,26,24,24,24}","{14,48,44,45,47,46,26,37,36,44,31,39,27,32,35,42,36,36,47,43,35,36,33,36,44,37,47,41,36,44,39}","Король старшей школы / Gogyo Cheosewang / King of High School Life Conduct [17/17] [Корея, 2014, Романтика, комедия, HDTVRip] [RAW] [360p] + Sub Rus"
4766384,2,12440789,DBBA01F94BB47DABF2CE9F0BD1DB63100FF4716F,31533254498,1,2026-07-31 02:21:01,4,3,"{7,24,24,24,24,24,24,24,24,24,23,24,24,24,24,24,24,24,24,23,25,24,24,24,25,24,24,26,24,24,24}","{22,73,73,71,73,74,67,71,78,69,67,78,62,71,78,81,74,74,89,81,75,59,73,67,78,73,71,86,76,83,54}","Язык нежности / Ae-jung-ui Jo-geon / Terms of Endearment [70 из 70] [Южная Корея, KOR+Sub Rus] [2004, Южная Корея, Драма, TVRip]"
4769289,2,1688321,F8DDC2D8F0006D27DAA60BDE1F64CB0567368F1B,28302962243,1,2026-07-31 02:21:01,2,2,"{7,24,24,24,24,24,24,24,24,24,23,24,24,24,24,24,24,24,24,23,25,24,24,24,25,24,24,26,24,24,24}","{14,48,44,45,47,46,26,37,36,44,31,39,27,32,35,42,36,36,47,43,35,39,32,36,44,37,47,41,36,44,32}","Бесконечная любовь / Ggeuteobsneun Sarang / Endless love [37/37] [Корея, 2014, романтика, политика, HDTVRip] [RAW] [360p] + Sub Rus"
4770343,2,11878133,4F4E2D8122FAA134DEC19DB454109EE334BFAB95,17104020049,1,2026-07-31 02:21:01,2,2,"{7,24,24,24,24,24,24,24,24,24,23,24,24,24,24,24,24,24,24,23,25,24,24,24,25,24,24,26,24,24,24}","{14,48,44,45,47,46,26,37,36,44,31,39,27,32,37,42,36,36,47,43,36,36,35,36,43,37,46,41,36,44,31}","Чосонский стрелок / The Chosun Shooter (22/22) [RAW] [2014, Южная Корея, историческая драма, TVRip] [450p] + Sub Rus"
4771787,2,25108004,58E74B693EACB24D140436DD7C76F894D5704F03,16677017600,1,2026-07-31 02:21:01,3,2,"{7,24,24,24,24,24,24,24,24,24,23,24,24,24,24,24,24,24,24,23,25,24,24,24,25,24,24,26,24,24,24}","{21,72,68,69,68,58,50,48,37,60,56,63,51,56,62,63,55,60,71,48,53,58,59,60,51,56,71,67,56,68,56}","Стрелок из Чосона / Joseon Chongjapi / The Joseon Gunman / The Joseon Shooter [22 из 22] [Южная Корея, 2014, Исторический, мелодрама, экшн, романтика, саспенс, HDTVRip] [RAW] [360p] DVO (GREEN TEA)"
4775434,2,25823830,1EB883D642E38A75DE3B13FE93B81CAF7A377313,39657098176,1,2026-07-31 02:21:01,5,1,"{7,24,24,24,24,24,24,24,24,24,23,24,24,24,24,24,24,24,24,23,25,24,24,24,25,24,24,26,24,24,24}","{35,133,120,119,119,111,128,100,96,100,90,110,94,97,103,128,121,108,113,107,128,107,97,112,121,109,122,128,117,115,106}","Жемчужина дворца / Великая Чан Гым / Dae Jang Geum / A Jewel in the Palace [54/54] [Южная Корея, 2003-2004, медицина, драма, романтика, история, DVDRip] [RAW] [450p] + Sub Rus"
4775465,2,24883061,02DF620BCD59964866EA1A9C112C87501580231F,15292088908,1,2026-07-31 02:21:01,3,3,"{7,24,24,24,24,24,24,24,24,24,23,24,24,24,24,24,24,24,24,23,25,24,24,24,25,24,24,26,24,24,24}","{21,72,68,69,71,70,51,62,60,68,54,63,51,56,62,66,55,60,71,66,60,58,55,60,69,61,71,67,60,68,63}","Обречён любить тебя / Woonmyungcheoreom Neol Saranghae / Fated to Love You [20/20] [Южная Корея, 2014, романтика, мелодрама, комедия, TVRip] [RAW] [450p] + Sub Rus"
4776607,2,1688321,AA085F045C5A94FAA975E99E6847FCE789CEC637,11259138025,1,2026-07-31 02:21:01,2,2,"{7,24,24,24,24,24,24,24,24,24,23,24,24,24,24,24,24,24,24,23,25,24,24,24,25,24,24,26,24,24,24}","{14,48,44,51,52,49,41,37,36,44,31,39,27,32,35,42,36,36,47,43,36,42,34,36,44,37,53,41,36,44,39}","Любовь после свадьбы / Marriage Without Love / Marriage Not Dating [16/16] [Корея, 2014, Романтика, комедия, HDTVRip] [RAW] [360p] + Sub Rus"
4777354,2,16146154,923AE461045445EB5D76B66D636334B49CE5998E,17947075182,1,2026-07-31 02:21:01,3,3,"{7,24,24,24,24,24,24,24,24,24,23,24,24,24,24,24,24,24,24,23,25,24,24,24,25,24,24,26,24,24,24}","{21,72,68,69,71,70,50,61,60,68,54,63,51,56,58,80,71,76,91,83,76,71,73,74,85,75,85,84,75,87,69}","Божественный герой / Shinira Bulriwoon Sanai / A Man Called God [24 из 24] [Южная Корея, 2010, Боевик, драма, триллер, HDTVRip] [RAW] [400p] DVO (GREEN TEA)"
4778209,2,9134218,E16D50A9D602D6930D208FB527A8324C82F99CED,15363911680,1,2026-07-31 02:21:01,4,3,"{7,24,24,24,24,24,24,24,24,24,23,24,24,24,24,24,24,24,24,23,25,24,24,24,25,24,24,26,24,24,24}","{23,78,82,76,91,79,69,78,79,82,73,76,64,64,83,80,76,92,111,84,81,79,83,90,83,104,91,88,65,95,76}","Чосонский стрелок / The Chosun Shooter [22 из 22] [Южная Корея, 2014, историческая драма, HDTVRip] [400p] DVO (Kedra &amp; Hydra)"
4779911,2,1561579,F4C5A9425AAAC434A65BE56909477C65B03EC500,12253366528,1,2026-07-31 02:21:01,2,2,"{7,24,24,24,24,24,24,24,24,24,23,24,24,24,24,24,24,24,24,23,25,24,24,24,25,24,24,26,24,24,24}","{14,48,44,45,47,46,26,37,36,44,31,39,27,32,36,42,36,36,47,43,36,39,35,36,44,37,47,41,36,44,35}","Сразу под венец / Marriage Without Love / Anticipate Marriage / Marriage Not Dating [16 из 16] [Южная Корея, 2014, романтическая комедия, HDTVRip] [RAW] [450p] + Sub Rus"
4782319,2,1688321,992B32891E0AC9F9AB05A8837E9CF768423289AF,14200842758,1,2026-07-31 02:21:01,2,2,"{7,24,24,24,24,24,24,24,24,24,23,24,24,24,24,24,24,24,24,23,25,24,24,24,25,24,24,26,24,24,24}","{14,48,44,45,47,46,26,37,36,44,31,39,27,32,34,62,60,60,71,66,59,61,56,60,68,61,71,67,60,68,63}","Обречён любить тебя / Woonmyungcheoreom Neol Saranghae / Fated to Love You [20/20] [Корея, 2014, Романтика, комедия, HDTVRip] [RAW] [360p] + Sub Rus"
4783926,2,1688321,455400BF466B539FC73D356A291EB9844719670C,14685650525,1,2026-07-31 02:21:01,2,2,"{7,24,24,24,24,24,24,24,24,24,23,24,24,24,24,24,24,24,24,23,25,24,24,24,25,24,24,26,24,24,24}","{14,48,44,45,47,46,26,37,36,44,31,37,27,32,35,42,36,36,47,43,36,39,33,36,43,37,47,41,36,44,39}","Искушение / Yoohok / Temptation [20/20] [Корея, 2014, мелодрама, романтика, семейный, HDTVRip] [RAW] [360p] + Sub Rus"
4784413,2,3245293,1FEF175C5A29E778B48D1510F9C333FDD0D7D30E,806616854,1,2026-07-31 02:21:01,3,2,"{7,24,24,24,24,24,24,24,24,24,23,24,24,24,24,24,24,24,24,23,25,24,24,24,25,24,24,26,24,24,24}","{26,80,83,79,79,80,74,77,85,74,76,87,75,80,82,90,84,84,95,89,84,80,76,83,94,85,93,97,84,92,87}","Вот такая любовь / KBS Drama Special: Love Like That [1/1] [Южная Корея, 2014, драма, романтика, TVRip] [RAW] [360p] + Sub Rus"
4789038,2,11878133,28748CE1CDCB0C8736932E7C171721555A35E4E8,12051716798,1,2026-07-31 02:21:01,2,2,"{7,24,24,24,24,24,24,24,24,24,23,24,24,24,24,24,24,24,24,23,25,24,24,24,25,24,24,26,24,24,24}","{14,48,44,46,47,49,28,44,40,44,31,39,32,33,42,46,43,38,47,47,35,39,44,37,50,50,51,46,52,47,32}","Ничего страшного, это любовь / It's Okay, That's Love / It's Alright, It's Love / Gwaenchanha, Sarangiya [16/16] [Южная Корея, 2014, романтическая комедия, TVRip] [RAW] [450p] + Sub Rus"
4789152,2,8493119,88151F0AA2AC4B7EE1D0B21F5DEFDF9E0D6B2B82,6071964408,1,2026-07-31 02:21:01,2,2,"{7,24,24,24,24,24,24,24,24,24,23,24,24,24,24,24,24,24,24,23,25,24,24,24,25,24,24,26,24,24,24}","{14,48,44,45,47,46,26,37,36,44,31,39,27,32,34,42,36,36,47,43,35,37,33,39,44,40,47,41,44,44,39}","Мода 70-х / Paesun 70's / Fashion 70's [10 из 28] [Южная Корея, 2005, драма, 70-е годы, TVRip] [RAW] [400p] + Sub Rus"
4790821,2,9134218,544714DC9E57ED6ADBAF423771288009C3F0A72A,10843064320,1,2026-07-31 02:21:01,3,2,"{7,24,24,24,24,24,24,24,24,24,23,24,24,24,24,24,24,24,24,23,25,24,24,24,25,24,24,26,24,24,24}","{19,54,47,60,60,53,34,53,51,50,36,50,40,39,37,57,51,42,52,57,48,45,37,47,59,41,52,55,50,51,34}","Ничего страшного, это любовь / Gwaenchanha, Sarangiya / It’s Okay, It’s Love [16 из 16] [Южная Корея, 2014, романтическая комедия, HDTVRip] [400p] DVO (Kedra &amp; Hydra)"
4791054,2,31942143,5A62BBFEFE21F08EB98EC269C39C5AEE07676A8C,13862315758,1,2026-07-31 02:21:01,2,2,"{7,24,24,24,24,24,24,24,24,24,23,24,24,24,24,24,24,24,24,23,25,24,24,24,25,24,24,26,24,24,24}","{14,52,51,45,64,50,35,46,46,46,32,39,42,40,38,44,36,36,54,46,36,37,34,40,47,44,51,49,52,46,28}","Лестница в небеса / Stairway to Heaven [20/20] [Корея, 2003-2004, мелодрама, DVDRip] [RAW] [480p] + Sub Rus"
4796813,2,1688321,F23C87A6EEC0B8B56A70E4BFD27AD467903866A8,17165975897,1,2026-07-31 02:21:01,2,2,"{7,24,24,24,24,24,24,24,24,24,23,24,24,24,24,24,24,24,24,23,25,24,24,24,25,24,24,26,24,24,24}","{14,48,44,45,47,46,26,37,36,44,31,39,27,32,34,42,47,36,47,43,35,39,40,44,44,50,47,43,49,44,39}","Дневник ночного дозора / Night Watchman's Journal / The Night Watchman [24/24] [Корея, 2014, Псевдоисторический, фэнтези, экшн, HDTVRip] [RAW] [360p] + Sub Rus"
4797307,2,18162630,2F55A69BA33C7C7BD6B09FB513F382794CE50CFF,18315643180,1,2026-07-31 02:21:01,2,2,"{7,24,24,24,24,24,24,24,24,24,23,24,24,24,24,24,24,24,24,23,25,24,24,24,25,24,24,26,24,24,24}","{14,48,44,45,47,46,26,37,36,44,30,39,27,32,35,42,36,36,47,43,35,38,34,36,44,37,46,41,36,44,30}","Мама / Mama / Mama – Nothing to Fear [24/24] [Южная Корея, 2014, мелодрама, романтика, TVRip] [RAW] [352p] + Sub Rus"
4801416,2,30858111,04713EF84669094CAA9E0E225783166ABAEABFE5,18342700099,1,2026-07-31 02:21:01,2,2,"{7,24,24,24,24,24,24,24,24,24,23,24,24,24,24,24,24,24,24,23,25,24,24,24,25,24,24,26,24,24,24}","{14,48,44,45,47,46,26,37,36,44,31,39,27,32,34,39,43,36,47,43,35,37,42,44,56,50,47,42,49,44,39}","Ночной дозор / The Night Watchman [24 из 24] [Южная Корея, 2014, исторический, фэнтези, молодёжный, TVRip] [RAW][KOR+Sub Rus] [450p]"
4803055,2,1688321,F3BAB22F7863FAEA054852D3E982F4124E1A4A22,11246829807,1,2026-07-31 02:21:01,2,2,"{7,24,24,24,24,24,24,24,24,24,23,24,24,24,24,24,24,24,24,23,25,24,24,24,25,24,24,26,24,24,24}","{14,48,44,45,47,46,26,37,36,44,30,39,27,32,34,42,36,36,47,43,36,38,32,36,44,37,47,41,36,44,38}","Просто это любовь / Gwaenchanha, Sarangiya / It's Alright, It's Love [16/16] [Корея, 2014, мелодрама, романтика, медицина, HDTVRip] [RAW] [360p] + Sub Rus"
4805059,2,1688321,87C5B99C041540568D56362DD7E2C7F855927C83,8869471288,1,2026-07-31 02:21:01,2,2,"{7,24,24,24,24,24,24,24,24,24,23,24,24,24,24,24,24,24,24,23,25,24,24,24,25,24,24,26,24,24,24}","{14,48,44,50,47,46,26,41,39,46,31,39,27,32,34,42,54,40,47,43,36,38,32,36,44,37,47,41,36,44,39}","Три мушкетера / Samchongsa / The Three Musketeers [1 сезон: 12/12] [Корея, 2014, Исторический, экшн, романтика, мелодрама, политика, HDTVRip] [RAW] [360p] + Sub Rus"
4805666,2,1688321,F2648C643C2954329A266536CAB1BA626A7C8D28,8227652249,1,2026-07-31 02:21:01,3,2,"{7,24,24,24,24,24,24,24,24,24,23,24,24,24,24,24,24,24,24,23,25,24,24,24,25,24,24,26,24,24,24}","{15,60,61,60,66,49,31,54,53,60,47,56,35,36,53,61,54,54,66,48,39,51,37,54,49,54,47,47,47,48,39}","Следствие ведут старички / Kkothalbae Soosadae / Flower Grandpa Investigative Team [12/12] [Корея, 2014, комедия, мистика, детектив, HDTVRip] [RAW] [360p] + Sub Rus"
4805788,2,1688321,555BEFDA03EC18EA188C1CEF580D7C246F3C43D8,11499699112,1,2026-07-31 02:21:01,2,2,"{7,24,24,24,24,24,24,24,24,24,23,24,24,24,24,24,24,24,24,23,25,24,24,24,25,24,24,26,24,24,24}","{14,48,44,45,47,46,26,39,36,44,31,39,27,32,36,42,36,36,47,43,35,38,32,36,44,37,47,41,36,44,25}","Отель с секретами / Mai Sikeurit Hotel / My Secret Hotel [16/16] [Корея, 2014, Романтическая комедия, мистика, HDTVRip] [RAW] [360p] + Sub Rus"
4811833,2,1688321,ABF18AAD1AA57D21B779DA9A95A9A85E2922C1FD,39935742917,1,2026-07-31 02:21:01,3,1,"{7,24,24,24,24,24,24,24,24,24,23,24,24,24,24,24,24,24,24,23,25,24,24,24,25,24,24,26,24,24,24}","{26,80,77,77,79,77,55,61,60,68,54,61,51,56,58,66,60,60,71,66,62,74,70,73,94,85,95,85,75,81,76}","Вперед! Чан Бо Ри / Jang Bori is Here! / Come! Jang Bo Ri [52/52] [Корея, 2014, драма, комедия, романтика, семейный, HDTVRip] [RAW] [360p] + Sub Rus"
4826332,2,1688321,7CADE1D4B218000812DE37264B9153563B5C2E30,11388827052,1,2026-07-31 02:21:01,2,2,"{7,24,24,24,24,24,24,24,24,24,23,24,24,24,24,24,24,24,24,23,25,24,24,24,25,24,24,26,24,24,24}","{14,48,44,45,47,46,26,37,36,44,30,39,27,32,34,42,36,36,47,43,35,38,32,36,44,37,47,41,36,44,39}","Слишком хороша для меня / Too Lovely Girl For Me / My Lovable Girl [16/16] [Корея, 2014, музыка, мелодрама, романтика, HDTVRip] [RAW] [360p] + Sub Rus"
4835220,2,1688321,9689A899D3464CE683F37330914841D83726FED7,10942158773,1,2026-07-31 02:21:01,2,2,"{7,24,24,24,24,24,24,24,24,24,23,24,24,24,24,24,24,24,24,23,25,24,24,24,25,24,24,26,24,24,24}","{14,48,44,45,47,46,26,37,36,44,31,39,27,32,37,42,36,36,47,43,36,39,34,36,43,37,46,41,36,44,30}","Лучшая свадьба / The Greatest Wedding / The Greatest Marriage [16/16] [Корея, 2014, Романтика, комедия, драма, HDTVRip] [RAW] [360p] + Sub Rus"
4836484,2,33640066,E1889D3B83380C36B80A14E710F37F0269771E2F,12502739139,2,2026-07-31 02:21:01,3,3,"{7,24,24,24,24,24,24,24,24,24,23,24,24,24,24,24,24,24,24,23,25,24,24,24,25,24,24,26,24,24,24}","{21,72,68,69,71,70,50,61,60,68,54,63,51,56,58,66,60,60,71,66,59,61,57,60,69,61,70,67,60,68,57}","В поисках романтики / Finding True Love / Discovery of Romance [16/16] [Южная Корея, 2014, Романтика, комедия, HDTVRip] [RAW] [450p] + Sub Rus"
4838038,2,21686379,FC34E0D88024502EE5D2F1A80292296FA822D541,3050405888,1,2026-07-31 02:21:01,3,3,"{7,24,24,24,24,24,24,24,24,24,23,24,24,24,24,24,24,24,24,23,25,24,24,24,25,24,24,26,24,24,24}","{21,72,69,73,71,71,50,61,60,68,54,63,53,56,58,66,61,60,71,66,59,60,58,60,69,63,77,67,63,68,64}","Обречен любить тебя / Woonmyungcheoreom Neol Saranghae / Fated to Love You [04/20] [Южная Корея, 2014, мелодрама, комедия, романтика, TVRip] [450p] DVO (SOUND-GROUP)"
4844793,2,25108004,1897E46CE3FC134B39BF3FAD2A160310C4FD7F55,13973282816,1,2026-07-31 02:21:01,2,2,"{7,24,24,24,24,24,24,24,24,24,23,24,24,24,24,24,24,24,24,23,25,24,24,24,25,24,24,26,24,24,24}","{14,48,45,50,51,52,26,37,36,44,31,39,31,32,33,42,37,36,47,43,35,38,36,36,44,40,55,41,39,44,41}","Мэрия / The City Hall / City Hall / Городская администрация [20 из 20] [Южная Корея, 2009, Комедия, политика, романтика, DTVRip] [RAW] [360p] DVO (GREEN TEA)"
4846023,2,1688321,CA5E4583F22C3004725691E15ABF5D8EE97268F4,11597341346,1,2026-07-31 02:21:01,2,2,"{7,24,24,24,24,24,24,24,24,24,23,24,24,24,24,24,24,24,24,23,25,24,24,24,25,24,24,26,24,24,24}","{14,53,44,45,47,60,32,45,37,47,34,40,36,37,35,42,40,41,47,43,35,39,33,36,44,40,55,41,38,44,43}","Кантабиле завтрашнего дня / Naeil's Cantabile / Tomorrow Cantabile [16/16] [Корея, 2014, романтика, комедия, музыкальный, HDTVRip] [RAW] [360p] + Sub Rus"
4848821,2,21686379,07A1C167E502D1835A611F0D0921F8853AA71684,16876820480,1,2026-07-31 02:21:01,3,2,"{7,24,24,24,24,24,24,24,24,24,23,24,24,24,24,24,24,24,24,23,25,24,24,24,25,24,24,26,24,24,24}","{21,72,68,69,71,70,50,61,59,50,31,37,27,32,34,42,36,36,47,43,36,39,33,36,44,37,47,41,36,44,25}","Позаботься о нас, Капитан! / Butakhaeyo, Captain / Take Care of Us, Captain [20/20] [Южная Корея, 2012, драма, романтика, комедия, TVRip] [450p] MVO (SOUND-GROUP)"
4854563,2,204748,7040C286F0FD93FA2A57BBC7637F2ECC10AD2DE0,21508605952,1,2026-07-31 02:21:01,1,1,"{7,24,24,24,24,24,24,24,24,24,23,24,24,24,24,24,24,24,24,23,25,24,24,24,25,24,24,26,24,24,24}","{7,27,28,34,29,26,2,13,16,20,8,15,12,17,25,18,25,12,23,20,27,42,22,17,40,25,52,29,31,24,22}","Воин Пэк Тон Су / Musa Baek Dong Soo / Warrior Baek Dong Soo [29/29] [Южная Корея, 2011, исторический, драма, экшн, HDTVRip] [360p] DVO GREEN TEA"
4856229,2,1688321,4886C3FEA4644160DA0DAF0C402498E5B4222F80,15333402035,1,2026-07-31 02:21:01,2,2,"{7,24,24,24,24,24,24,24,24,24,23,24,24,24,24,24,24,24,24,23,25,24,24,24,25,24,24,26,24,24,24}","{14,48,44,45,47,46,26,37,36,44,31,39,27,32,34,42,36,36,47,43,35,37,34,36,44,37,47,41,36,52,63}","Гордость и предубеждение / Omangwa Pyungyeon / Pride and Prejudice [21/21] [Корея, 2014, Драма, романтика, криминал, HDTVRip] [RAW] [360p] + Sub Rus"
4856604,2,1688321,5EA39343BFEB7378407680C285EEE9F99BB7BE19,15323295346,1,2026-07-31 02:21:01,2,2,"{7,24,24,24,24,24,24,24,24,24,23,24,24,24,24,24,24,24,24,23,25,24,24,24,25,24,24,26,24,24,24}","{14,48,44,45,47,46,26,37,36,44,31,39,27,32,34,42,36,36,47,43,35,38,34,36,44,37,47,41,36,44,33}","Современный фермер / Modeonpameo / Modern Farmer [20/20] [Корея, 2014, Романтика, комедия, HDTVRip] [RAW] [360p] + Sub Rus"
4859698,2,1688321,B33EE2423A3A80AF5F7897A2F38E586911496D98,16404947651,1,2026-07-31 02:21:01,3,3,"{7,24,24,24,24,24,24,24,24,24,23,24,24,24,24,24,24,24,24,23,25,24,24,24,25,24,24,26,24,24,24}","{21,72,68,69,71,70,50,61,60,68,54,63,51,56,58,66,55,60,71,66,61,57,55,60,69,61,70,67,60,75,72}","Рождение красавицы / Minyeoui Tansaeng / Birth of a Beauty [21/21] [Корея, 2014, Романтика, комедия, HDTVRip] [RAW] [360p] + Sub Rus"
4862078,2,1688321,2B979007E810724701CF511D820B94A5FF11C55D,45446764658,1,2026-07-31 02:21:01,2,2,"{7,24,24,24,24,24,24,24,24,24,23,24,24,24,24,24,24,24,24,23,25,24,24,24,25,24,24,26,24,24,24}","{14,48,44,45,47,46,26,37,36,44,31,37,27,32,34,42,36,36,47,43,36,37,32,36,44,37,46,41,36,44,39}","Семейка Ван / Беспокойная семейка Ван / The Wang Family / King's Family [50/50] [Корея, 2013, семейный, романтика, комедия, HDTVRip] [RAW] [400p] + Sub Rus"
4868345,2,1688321,3B57A4A34B79087848F21478DF257920EC499D80,14133048731,1,2026-07-31 02:21:01,2,2,"{7,24,24,24,24,24,24,24,24,24,23,24,24,24,24,24,24,24,24,23,25,24,24,24,25,24,24,26,24,24,24}","{14,48,44,46,47,49,28,42,39,44,31,37,32,33,41,46,43,38,47,47,36,41,44,39,50,50,50,46,50,47,32}","Пиноккио / Pinocchio [20/20] [Корея, 2014, фэнтези, романтика, HDTVRip] [RAW] [360p] + Sub Rus"
4868775,2,20460227,7F7AE13F7EB39D8FF2A19D7538E2E34A0AD22C3C,3357903969,1,2026-07-31 02:21:01,3,3,"{7,24,24,24,24,24,24,24,24,24,23,24,24,24,24,24,24,24,24,23,25,24,24,24,25,24,24,26,24,24,24}","{21,72,68,69,71,70,51,63,60,68,54,63,51,56,59,66,60,60,71,66,60,58,55,60,69,61,70,67,60,68,63}","Любовь моя / Amore mio / My love [4 из 4] [Южная Корея, 2012, романтика, мелодрама, TVRip] [RAW] + Sub Rus"
4869050,2,21686379,828E585F5D9B2F1B1E61F82340C8E472E35B4427,11921012736,1,2026-07-31 02:21:01,4,3,"{7,24,24,24,24,24,24,24,24,24,23,24,24,24,24,24,24,24,24,23,25,24,24,24,25,24,24,26,24,24,24}","{23,75,69,73,72,74,64,72,62,83,67,71,57,63,69,67,67,66,85,82,80,66,62,68,75,74,79,92,57,86,74}","Мистер Бэк / Mr. Baek / Mister Back [16/16] [Южная Корея, 2014, романтика, комедия, фэнтези, TVRip] [450p] DVO (SOUND-GROUP)"
4870164,2,3245293,C2886BA13946795BB23E99B328393AB238CDC407,11343012760,1,2026-07-31 02:21:01,2,2,"{7,24,24,24,24,24,24,24,24,24,23,24,24,24,24,24,24,24,24,23,25,24,24,24,25,24,24,26,24,24,24}","{15,52,45,49,48,47,29,39,42,51,34,44,32,39,37,48,39,36,49,44,43,41,42,43,49,41,53,50,39,45,35}","Навстречу солнечному свету / Into the Sunlight [16/16] [Южная Корея, 1999, романтика, драма, DVDRip] [RAW] + Sub Rus"
4879079,2,18162630,E9C08B2059A9BE17DC9CCD42ABD4512BE30FB112,7057203419,1,2026-07-31 02:21:01,3,3,"{7,24,24,24,24,24,24,24,24,24,23,24,24,24,24,24,24,24,24,23,25,24,24,24,25,24,24,26,24,24,24}","{21,72,71,70,71,70,56,64,60,68,62,67,51,56,63,66,60,60,71,66,60,59,57,60,69,61,70,67,60,68,63}","Тайная дверь / Secret Door [10/24] [Южная Корея, 2014, исторический, мелодрама, TVRip] [RAW] [352p] + Sub Rus"
4879969,2,10279723,42D2D17BBF1E0B62C9464943C2F4344F81BAF04E,12666166830,1,2026-07-31 02:21:01,3,3,"{7,24,24,24,24,24,24,24,24,24,23,24,24,24,24,24,24,24,24,23,25,24,24,24,25,24,24,26,24,24,24}","{21,71,68,71,71,70,51,63,62,68,60,66,51,63,65,72,60,60,85,66,61,59,63,64,76,64,75,68,60,72,72}","Слишком мила для меня / Слишком прекрасна для меня / Слишком хороша для меня / Nae-gen neo-moo sa-lang-seu-leo-woon geu-nyeo / My Lovely Girl / Too Lovable For Me [16/16] [Южная Корея, 2014, мелодрама, TVRip] [RAW] [400p] MVO (STEPonee)"
4881027,2,25823830,C3CBEA426546F7C44E25B09F4D05CE4520078EBF,7987656777,1,2026-07-31 02:21:01,3,2,"{7,24,24,24,24,24,24,24,24,24,23,24,24,24,24,24,24,24,24,23,25,24,24,24,25,24,24,26,24,24,24}","{22,76,57,63,47,57,44,68,65,68,43,45,32,45,55,60,51,56,64,52,50,48,39,45,54,58,50,55,60,66,70}","Игра лжецов / Laieo Geim / Liar Game [12/12] [Южная Корея, 2014, психологическая драма, HDTVRip] [RAW] [360p] + Sub Rus"
4885177,2,6267451,9F7CF9897F474F05DEA56E6DEDE5D3B43D049C98,14930980864,1,2026-07-31 02:21:01,3,2,"{7,24,24,24,24,24,24,24,24,24,23,24,24,24,24,24,24,24,24,23,25,24,24,24,25,24,24,26,24,24,24}","{15,65,64,60,67,66,50,54,53,51,57,56,40,47,52,57,55,50,65,62,60,46,53,53,64,51,50,62,54,69,30}","Безнадежная любовь / Bad Love [20/20] [RUS(int)] [Южная Корея, 2007-2008, мелодрама, HDTVRip] [RAW] [360p] VO (Kai и ирин-диктор-стажер GREEN TEA)"
4888908,2,1688321,122BB6BAB35604BAD164947D66317F87A4AEE2DB,14652702312,1,2026-07-31 02:21:01,2,2,"{7,24,24,24,24,24,24,24,24,24,23,24,24,24,24,24,24,24,24,23,25,24,24,24,25,24,24,26,24,24,24}","{15,48,44,45,48,48,35,41,44,68,53,63,51,55,37,42,36,36,47,51,54,41,33,36,44,37,46,56,59,71,48}","Хилер / Hilleo / Healer [20/20] [Корея, 2014, Экшн, романтика, комедия, HDTVRip] [RAW] [360p] + Sub Rus"
4891523,2,4853062,AE00B66B0CF5CDF55F2B2F94E552573F5EA87FD1,2187857920,1,2026-07-31 02:21:01,3,2,"{7,24,24,24,24,24,24,24,24,24,23,24,24,24,24,24,24,24,24,23,25,24,24,24,25,24,24,26,24,24,24}","{25,82,83,95,92,80,67,75,84,88,81,88,77,80,86,81,85,81,92,86,93,87,78,84,93,88,94,93,102,100,88}","Неизвестные герои / Безымянные герои / Unknown Heroes (Рю Хо-сон / Ryu Ho-son, Ко Хак-лим / Ko Hak-lim) [1978, Северная Корея, Шпионский фильм, VHSRip] VO"
4891551,2,12194254,3AA71ECFC44F467C9D8DE63DA1FA9109E381316F,17834198296,1,2026-07-31 02:21:01,3,2,"{7,24,24,24,24,24,24,24,24,24,23,24,24,24,24,24,24,24,24,23,25,24,24,24,25,24,24,26,24,24,24}","{26,75,75,73,77,74,66,71,79,83,69,78,66,71,77,81,76,75,86,79,76,72,68,75,83,76,80,79,51,84,74}","Мидас / Maiduseu / Midas [21/21] [Корея, 2011, Драма, романтика, HDTVRip] [RAW] [450p] VO (Korean Craze)"
4894464,2,32181383,2CFE9513E7C8BB6D5EB8EB9FB8B948640947F9A2,10216487798,1,2026-07-31 02:21:01,3,3,"{7,24,24,24,24,24,24,24,24,24,23,24,24,24,24,24,24,24,24,23,25,24,24,24,25,24,24,26,24,24,24}","{26,80,80,79,79,80,74,73,85,90,77,85,75,93,85,88,79,76,95,89,84,78,78,84,94,85,95,93,74,69,65}","Зачем ты пришёл в мой дом? / Why Did You Come To Our House? [20/20] [Корея, 2008, семейный, драма, романтика, комедия, мелодрама, TVRip] [RAW] [360p] VO (Korean Craze)"
4912475,2,38251431,0F05BCBEF7FFF9798943775DEF0B4FF84ECE9247,15688933018,1,2026-07-31 02:21:01,2,2,"{7,24,24,24,24,24,24,24,24,24,23,24,24,24,24,24,24,24,24,23,25,24,24,24,25,24,24,26,24,24,24}","{14,48,44,45,47,46,26,37,36,44,31,37,27,32,34,42,36,36,47,43,36,37,33,36,44,37,47,41,36,44,32}","Мисс Корея / Miss Korea [20/20] [Южная Корея, 2013-2014, романтика, комедия, повседневность, HDTVRip] [RAW] [450p] + Sub Rus"
4913404,2,38251431,C204B9C47AB09672569FD2A57E06017F046E0101,15658063147,1,2026-07-31 02:21:01,3,2,"{7,24,24,24,24,24,24,24,24,24,23,24,24,24,24,24,24,24,24,23,25,24,24,24,25,24,24,26,24,24,24}","{21,82,76,80,84,92,70,77,89,103,79,84,78,104,85,83,81,73,76,80,56,62,54,52,77,80,92,89,74,85,70}","Целитель / Хилер / Healer [20/20] [Южная Корея, 2014-2015, экшн, романтика, комедия, HDTVRip] [RAW] [450p] + Sub Rus"
4914055,2,1688321,5856A32357AFFBC6BFCCEE8FA91B9613312405A0,18096652325,1,2026-07-31 02:21:01,4,1,"{7,24,24,24,24,24,24,24,24,24,23,24,24,24,24,24,24,24,24,23,25,24,24,24,25,24,24,26,24,24,24}","{26,94,92,82,81,80,73,77,85,86,78,85,75,83,83,90,84,84,95,89,84,82,78,84,93,85,94,93,84,92,80}","Убей меня, исцели меня / Убей и исцели / Kill Me, Heal Me [20/20] [Корея, 2015, Романтика, комедия, медицина, мистерия, HDTVRip] [RAW] [400p] + Sub Rus"
4916100,2,1688321,E13F408F41E1AB764DA8BFBF990B3FD248B73A92,8468118873,1,2026-07-31 02:21:01,2,2,"{7,24,24,24,24,24,24,24,24,24,23,24,24,24,24,24,24,24,24,23,25,24,24,24,25,24,24,26,24,24,24}","{14,48,44,45,47,46,26,37,36,44,31,43,27,32,34,39,36,36,47,43,35,39,34,36,44,37,79,41,36,44,31}","Шпион / SPY / Spy [16/16] [Корея, 2015, триллер, семейный, романтика, HDTVRip] [RAW] [360p] + Sub Rus"
4916323,2,38275061,1E8D2BBD59EF768B5171B7B49AE9CD5192323814,14087424459,1,2026-07-31 02:21:01,3,1,"{7,24,24,24,24,24,24,24,24,24,23,24,24,24,24,24,24,24,24,23,25,24,24,24,25,24,24,26,24,24,24}","{28,79,85,85,91,82,81,80,76,91,88,80,76,96,88,89,85,78,62,89,88,87,90,79,89,82,91,101,63,84,78}","Убей меня, исцели меня / Убей и исцели / Kill Me, Heal Me [20/20] [Южная Корея, 2015, комедия, мистика, романтика] [360p] DVO (GREEN TEA)"
4920199,2,1688321,0229AF7AC7FFCE49BB4F2201653299B8EF04BBF4,17652708637,1,2026-07-31 02:21:01,2,2,"{7,24,24,24,24,24,24,24,24,24,23,24,24,24,24,24,24,24,24,23,25,24,24,24,25,24,24,26,24,24,24}","{14,48,44,45,47,46,26,37,36,44,31,39,27,32,34,42,36,36,47,43,35,38,34,36,44,37,47,41,36,44,39}","Сияй или сойди с ума / Shine or Go Crazy [24/24] [Корея, 2015, История, романтика, фэнтези, HDTVRip] [RAW] [360p] + Sub Rus"
4921444,2,3245293,4440F8FFB4B3CF653DBE2B6C2F2A94F6824C8D6D,15112559350,1,2026-07-31 02:21:01,2,2,"{7,24,24,24,24,24,24,24,24,24,23,24,24,24,24,24,24,24,24,23,25,24,24,24,25,24,24,26,24,24,24}","{14,48,44,45,47,46,26,37,36,44,31,39,27,32,33,42,36,36,47,43,36,36,33,36,44,37,47,41,36,44,39}","Хайд, Джекил и я / Hyde, Jekyll, Me [20/20] [Южная Корея, 2015, драма, романтика, комедия, HDTVRip] [RAW] [450p] + Sub Rus"
4922061,2,12194254,265A0159AEFFCE94CD05E81CAFDF808BC9B22C70,25793956174,1,2026-07-31 02:21:01,2,2,"{7,24,24,24,24,24,24,24,24,24,23,24,24,24,24,24,24,24,24,23,25,24,24,24,25,24,24,26,24,24,24}","{14,48,44,45,47,46,26,37,36,44,31,39,27,32,34,42,36,36,47,43,36,41,37,36,44,37,47,47,40,47,31}","Безумно люблю тебя / I Really Really Like You [34/34] [Корея, 2006, романтика, комедия, драма, TVRip] [RAW] [360p] VO (Korean Craze)"
4923161,2,25108004,33DEACA8FF16798F66A636B0C02FDE16549E10EE,8218628096,1,2026-07-31 02:21:01,2,2,"{7,24,24,24,24,24,24,24,24,24,23,24,24,24,24,24,24,24,24,23,25,24,24,24,25,24,24,26,24,24,24}","{14,48,46,45,50,53,29,38,38,47,42,39,39,32,34,39,36,36,47,43,39,39,34,36,44,42,51,43,43,44,39}","Плохие парни / Bad Guys [11 из 11] [Южная Корея, 2014, детектив, драма, HDTVRip] [RAW] [360p] DVO (GREEN TEA)"
4927126,2,16864819,2FD2EA5C2EE6E6B15CE8EC78A64B560EF96C02C5,14362657482,1,2026-07-31 02:21:01,2,2,"{7,24,24,24,24,24,24,24,24,24,23,24,24,24,24,24,24,24,24,23,25,24,24,24,25,24,24,26,24,24,24}","{14,48,44,45,47,47,29,37,40,53,31,39,27,32,34,45,40,36,47,53,39,37,34,36,45,37,50,41,38,47,26}","Хайд, Джекилл и я / Haideu Jikil Na / Hyde, Jekyll and I / Jekyll and Me [20/20] [Южная Корея, 2015, комедия, психология, романтика, TVRip] [RAW] [360p] DVO (GREEN TEA)"
4933449,2,1688321,E42231B80FCAB5D50D6102E28BE52D447ED45BE3,754459758,1,2026-07-31 02:21:01,3,3,"{7,24,24,24,24,24,24,24,24,24,23,24,24,24,24,24,24,24,24,23,25,24,24,24,25,24,24,26,24,24,24}","{21,72,68,69,71,70,51,63,60,68,54,63,51,56,58,66,60,60,71,66,60,58,53,60,69,61,71,67,60,68,63}","Никогда не сдавайся, Гу Хэ Ра / Perseverance, Goo Hea Ra / Perseverance Goo Haera [1/12] [Корея, 2015, Музыкальная романтика, HDTVRip] [RAW] [360p] + Sub Rus"
4946659,2,13140088,A2766A668637DDA0AFD96961E9C9F3162DB0707C,34912319431,1,2026-07-31 02:21:01,2,2,"{7,24,24,24,24,24,24,24,24,24,23,24,24,24,24,24,24,24,24,23,25,24,24,24,25,24,24,26,24,24,24}","{14,48,44,45,47,46,26,37,36,44,31,39,27,32,34,39,36,36,47,43,35,38,32,36,44,37,46,41,36,44,39}","Город из стекла / City of Glass / Glass Castle [51/51] [Южная Корея, 2008-09, драма, романтика, TVRip] [RAW] [352p] + Sub Rus"
4952304,2,7591524,C436B3D563E47C14E40E0630E90CEA4AB9B3AAA1,8830701568,1,2026-07-31 02:21:01,3,3,"{7,24,24,24,24,24,24,24,24,24,23,24,24,24,24,24,24,24,24,23,25,24,24,24,25,24,24,26,24,24,24}","{21,72,68,70,75,87,76,84,74,79,78,84,63,56,71,66,61,60,71,66,72,65,56,66,90,77,71,67,36,68,50}","Специальная команда Десять / Special Affairs Team TEN / Сезон: 2 / Серии: 1-12 из 12 [2011, Южная Корея, драма, криминал, детектив, HDTVRip] VO [den904]"
4953541,2,3428025,AE2909440FA934648144B3FCFA633F1F94B02652,21943253601,1,2026-07-31 02:21:01,2,2,"{7,24,24,24,24,24,24,24,24,24,23,24,24,24,24,24,24,24,24,23,25,24,24,24,25,24,24,26,24,24,24}","{14,48,44,45,47,48,26,45,46,45,46,43,30,37,39,42,48,44,57,61,41,49,49,55,75,58,50,50,64,44,31}","Легенда о Четырёх Стражах / Tae Wang Sa Shin Gi / The Story of the First King's Four Gods [24/24] [Корея, 2007, дорама, фэнтези, HDTVRip] MVO/VO + Kor + Rus Sub"
4955087,2,38275061,84D8F2557B71B255282E23EF108349733D3C7DDA,11761768448,1,2026-07-31 02:21:01,4,2,"{7,24,24,24,24,24,24,24,24,24,23,24,24,24,24,24,24,24,24,23,25,24,24,24,25,24,24,26,24,24,24}","{22,83,73,71,82,73,67,71,89,68,69,80,62,71,77,78,74,74,97,86,76,61,74,70,76,73,71,88,79,89,58}","Зачем ты пришел в мой дом / Why Did You Came To Our House [20/20] (Shin Yoon Sub) [Корея, 2008, романтическая комедия, TVRip] [RAW] [360p] DVO GREEN TEA"
4968428,2,1688321,E17AA1DA56C0BCDF9DDD9A503358A55AB0A4C8BF,14540650064,1,2026-07-31 02:21:01,2,2,"{7,24,24,24,24,24,24,24,24,24,23,24,24,24,24,24,24,24,24,23,25,24,24,24,25,24,24,26,24,24,24}","{14,48,44,45,47,46,26,37,36,44,31,39,27,32,34,42,36,36,47,43,36,38,32,36,44,37,47,41,36,44,39}","Сердитая мамочка / Aenggeuri Mam / Angry Mom [16/16] [Корея, 2015, Романтика, семейная драма, школа, HDTVRip] [RAW] [400p] + Sub Rus"
4972590,2,7591524,AA5ABA25A1A8D2614944A40131047A8F98E88354,14706468864,1,2026-07-31 02:21:01,4,3,"{7,24,24,24,24,24,24,24,24,24,23,24,24,24,24,24,24,24,24,23,25,24,24,24,25,24,24,26,24,24,24}","{25,83,84,83,83,92,88,92,97,95,84,99,85,84,88,87,76,79,87,94,99,84,90,96,99,92,91,95,64,85,87}","Гапдонги. Воспоминания убийцы / Gap Dong [20/20] [Южная Корея, 2014, триллер, детектив, HDTVRip] DVO (DeadSno &amp; den904) [RAW]"
4976549,2,1688321,BBBE40D20CDDDDFD71444A96864B68F07C93FB56,14228333521,1,2026-07-31 02:21:01,2,2,"{7,24,24,24,24,24,24,24,24,24,23,24,24,24,24,24,24,24,24,23,25,24,24,24,25,24,24,26,24,24,24}","{14,48,44,45,47,46,26,37,36,44,31,39,27,32,35,42,36,36,47,43,35,38,46,60,68,61,70,67,60,68,63}","Ну очень чувствительная парочка / The Girl Who Sees Smells / Sensory Couple [16/16] [Корея, 2015, ром-ком с элементами детектива и фантастики, романтика, HDTVRip] [RAW] [400p] + Sub Rus"
4979227,2,1688321,48147AD2C2DEABE04F20AA83309CE58EFBDDFCFD,9796249553,1,2026-07-31 02:21:01,2,2,"{7,24,24,24,24,24,24,24,24,24,23,24,24,24,24,24,24,24,24,23,25,24,24,24,25,24,24,26,24,24,24}","{19,55,50,52,53,59,36,48,38,45,32,39,36,39,40,40,40,36,47,51,39,38,35,36,44,37,53,55,45,47,39}","Влюбиться в Сун Чжон / Soonjunge Banhada / Falling in Love With Soon Jung [16/16] [Корея, 2015, Романтика, HDTVRip] [RAW] [360p] + Sub Rus"
4984302,2,3428025,C5F99C478188500FB10BDB34BCB1AFD46B03B9F3,19112195489,1,2026-07-31 02:21:01,4,3,"{7,24,24,24,24,24,24,24,24,24,23,24,24,24,24,24,24,24,24,23,25,24,24,24,25,24,24,26,24,24,24}","{22,73,80,74,73,74,67,71,80,76,73,83,87,91,91,92,93,100,120,82,89,80,79,79,83,88,89,98,95,91,84}","Сияй или сойди с ума / Shine or Go Crazy / Bitnageona Michigeona [24/24] [Корея, 2015, дорама, история, романтика, HDTVRip] [360p] (VO + Original + Rus Sub) (GREEN TEA)"
4991592,2,1688321,C29FBF0ED24D0FC03A5BD11D057147EA9F2990E7,16755243678,1,2026-07-31 02:21:01,2,2,"{7,24,24,24,24,24,24,24,24,24,23,24,24,24,24,24,24,24,24,23,25,24,24,24,25,24,24,26,24,24,24}","{14,48,44,49,55,46,29,37,42,48,35,48,27,32,39,53,37,36,56,55,35,42,35,44,55,40,47,41,50,45,36}","Адвокаты по разводам: история любви / Yihonbyunhosaneun Yeonaejoong / Divorce Lawyer in Love [18/18] [Корея, 2015, Романтика, комедия, HDTVRip] [RAW] [400p] + Sub Rus"
4995404,2,1688321,33A38B932BDB2C6C3E7418E5A8A32DC75D6A7683,11688518924,1,2026-07-31 02:21:01,2,2,"{7,24,24,24,24,24,24,24,24,24,23,24,24,24,24,24,24,24,24,23,25,24,24,24,25,24,24,26,24,24,24}","{14,48,44,45,47,46,26,37,36,44,31,39,27,32,34,42,36,36,47,43,36,38,32,36,44,37,47,41,36,44,39}","Мой парень лопушок / Мой невезучий парень / My Unfortunate Boyfriend [16/16] [Корея, 2015, романтика, комедия, HDTVRip] [RAW] [400p] + Sub Rus"
4996560,2,1688321,F0554B9949059CB6865B551EE4DBF00F8A87C7B6,17450440122,1,2026-07-31 02:21:01,3,3,"{7,24,24,24,24,24,24,24,24,24,23,24,24,24,24,24,24,24,24,23,25,24,24,24,25,24,24,26,24,24,24}","{21,72,68,69,71,70,50,61,60,68,54,63,51,56,59,66,60,60,71,66,60,58,53,60,69,61,71,67,60,68,56}","Кровь / Blood [20/20] [Корея, 2015, вампиры, медицина, романтика, HDTVRip] [RAW] [400p] + Sub Rus"
5003031,2,12194254,D1C91F4D92FD559E2C8D138EA3834E3B18E96D82,21552872912,1,2026-07-31 02:21:01,2,2,"{7,24,24,24,24,24,24,24,24,24,23,24,24,24,24,24,24,24,24,23,25,24,24,24,25,24,24,26,24,24,24}","{14,48,44,45,47,47,35,37,36,44,31,39,29,32,33,39,36,40,47,54,40,53,40,36,58,55,60,62,51,56,57}","Поглощённые солнцем / Swallow the Sun [25/25] [Корея, 2009, драма, экшн, HDTVRip] [RAW] [450p] VO (Korean Craze)"
5006243,2,1688321,1BDDFFAFA4EDF257C74EC8F9E5992E4D2ABA0753,13657327932,1,2026-07-31 02:21:01,2,2,"{7,24,24,24,24,24,24,24,24,24,23,24,24,24,24,24,24,24,24,23,25,24,24,24,25,24,24,26,24,24,24}","{14,51,48,55,51,55,26,48,46,56,42,41,37,42,45,52,41,38,53,50,35,42,41,37,51,39,52,41,36,51,43}","Не жизнь, а сказка / Тепло и Уютно / Jeju Island Gatsby / Warm and Cozy [16/16] [Корея, 2015, Романтика, HDTVRip] [RAW] [400p] + Sub Rus"
5007249,2,1688321,1DBD2D0BDFF1E65079FEAAD92B882497D1E25372,10592738922,1,2026-07-31 02:21:01,3,2,"{7,24,24,24,24,24,24,24,24,24,23,24,24,24,24,24,24,24,24,23,25,24,24,24,25,24,24,26,24,24,24}","{21,71,72,73,71,73,50,66,66,79,63,63,61,63,68,73,63,62,78,71,55,65,63,61,77,64,77,67,60,74,65}","Апельсиновый мармелад / Orenji Marmaleideu / Orange Marmalade [12/12] [Корея, 2015, фэнтези, школа, романтика, HDTVRip] [RAW] [400p] + Sub Rus"
5016131,2,1688321,B0D9F648517B472B1A4727360D58FE44B51402F3,13987777433,1,2026-07-31 02:21:01,2,2,"{7,24,24,24,24,24,24,24,24,24,23,24,24,24,24,24,24,24,24,23,25,24,24,24,25,24,24,26,24,24,24}","{14,48,44,45,47,46,26,37,36,44,31,39,27,32,34,42,36,36,47,43,36,37,35,36,44,37,46,41,36,44,30}","Прокурор в маске / Masked Prosecutor [16/16] [Корея, 2015, юриспруденция, романтика, драма, детектив, HDTVRip] [RAW] [400p] + Sub Rus"
5017554,2,38541667,B165B9DA79A443B15807B09B6A4F2FA14A2CE3E8,8600362525,1,2026-07-31 02:21:01,3,3,"{7,24,24,24,24,24,24,24,24,24,23,24,24,24,24,24,24,24,24,23,25,24,24,24,25,24,24,26,24,24,24}","{21,72,68,69,71,70,50,61,60,68,54,63,51,56,59,66,55,60,71,66,60,58,55,60,69,61,69,67,60,68,49}","Волшебное преображение / Bipo &amp; Aepeuteo Seonghyeongoekwa / Before And After Cosmetic Surgery [12 из 12] [Южная Корея, 2008, комедия, драма, TVRip] [RAW] [360p] VO (sergik1)"
5022148,2,1688321,A7C75EFD095D66450058FCE120252411C608C0D0,13954139660,1,2026-07-31 02:21:01,3,2,"{7,24,24,24,24,24,24,24,24,24,23,24,24,24,24,24,24,24,24,23,25,24,24,24,25,24,24,26,24,24,24}","{21,72,68,69,71,65,57,61,60,68,58,63,63,68,58,66,60,63,76,77,69,61,59,49,44,40,58,54,50,82,63}","Высшее общество / Sangryu Sahoe / High Society [16/16] [Корея, 2015, Романтика, комедия, HDTVRip] [RAW] [400p] + Sub Rus"
5034121,2,3325751,7907579E5FAC67627D47A45157B00A06157534EB,13010256114,1,2026-07-31 02:21:01,2,2,"{7,24,24,24,24,24,24,24,24,24,23,24,24,24,24,24,24,24,24,23,25,24,24,24,25,24,24,26,24,24,24}","{14,48,44,45,47,46,26,37,36,44,31,39,27,32,34,39,36,36,47,43,36,39,34,36,44,37,46,41,36,44,39}","Тогда мы еще не любили / Neoreul Saranghan Shigan / The Time We Were Not In Love [16/16] [Южная Корея, 2015, романтика, комедия, HDTVRip] [RAW] [450p] + Sub Rus"
5038226,2,6758163,E684DE6D5B81A30F55C9E92678807184B2D53858,12321554182,1,2026-07-31 02:21:01,2,2,"{7,24,24,24,24,24,24,24,24,24,23,24,24,24,24,24,24,24,24,23,25,24,24,24,25,24,24,26,24,24,24}","{14,48,44,45,47,46,26,37,36,44,31,39,27,32,34,39,36,36,47,48,39,43,35,36,44,37,47,41,38,44,27}","Я тебя помню / Привет, монстр / Neoreul Gieokhae / I Remember You [16 из 16] [Корея, 2015, детектив, романтика, триллер, HDTVRip] [RAW] [450p] + Sub Rus"
5046460,2,1688321,35769AF852F2D9F9124FEDBB2309891DEAC82DA5,14508471859,1,2026-07-31 02:21:01,2,2,"{7,24,24,24,24,24,24,24,24,24,23,24,24,24,24,24,24,24,24,23,25,24,24,24,25,24,24,26,24,24,24}","{14,48,44,45,47,46,26,37,36,44,31,39,27,32,34,42,36,36,47,43,36,37,35,36,44,37,46,41,36,44,39}","7000 дней до нашей любви / The Time I've Loved You / The Time We Were Not In Love [16/16] [Корея, 2015, Романтика, комедия, HDTVRip] [RAW] [400p] + Sub Rus"
5055664,2,1688321,FA5A47D49C96F4BDD39A6121D6767C0EEE406EE6,15272796938,1,2026-07-31 02:21:01,3,3,"{7,24,24,24,24,24,24,24,24,24,23,24,24,24,24,24,24,24,24,23,25,24,24,24,25,24,24,26,24,24,24}","{24,80,77,76,74,76,68,72,91,81,69,82,66,69,72,78,76,75,93,85,76,75,70,75,84,65,71,67,60,68,55}","Ён Паль: Подпольный доктор / Yongpali / Yong Pal [18/18] [Корея, 2015, Медицина, драма, романтика, HDTVRip] [RAW] [400p] + Sub Rus"
5062099,2,213560,B0A399CC4F801F1CFC0D06496E5D4E351F205CFD,11752341044,1,2026-07-31 02:21:01,2,2,"{7,24,24,24,24,24,24,24,24,24,23,24,24,24,24,24,24,24,24,23,25,24,24,24,25,24,24,26,24,24,24}","{14,51,44,45,47,46,26,37,36,44,31,39,27,40,34,42,36,39,58,48,42,47,33,35,44,37,47,41,36,44,39}","18 против 29-ти / Yoryodol, Sumurahop / 18 vs. 29 / Eighteen vs Twenty-nine [16/16] [Южная Корея, 2005, драма, комедия, романтика, DVDRip] [RAW] [480p] + Sub Rus"
5071775,2,213560,EA44702F26E6B13DB2ECF6D9EEA7BBC50FAABD74,9993303016,1,2026-07-31 02:21:01,2,2,"{7,24,24,24,24,24,24,24,24,24,23,24,24,24,24,24,24,24,24,23,25,24,24,24,25,24,24,26,24,24,24}","{14,48,44,45,47,46,26,37,36,44,31,39,27,39,35,42,36,36,47,43,35,38,35,36,44,37,46,41,36,44,39}","Осенний дождь / Gaeul Sonagi / Autumn Shower [16 из 16] [Южная Корея, 2005, мелодрама, DVDRip-AVC] [RAW] [480p] + Sub Rus"
5080539,2,13538830,010F0F5DF3218F8B2B965FCD74AB202CE2C3E541,12249336905,1,2026-07-31 02:21:01,2,2,"{7,24,24,24,24,24,24,24,24,24,23,24,24,24,24,24,24,24,24,23,25,24,24,24,25,24,24,26,24,24,24}","{14,48,44,45,47,46,26,37,36,44,31,39,27,32,34,42,36,41,47,43,35,37,32,36,44,37,47,41,36,44,21}","Она была красоткой / Geunyeoneun Yeppeodda / She was Pretty [16/16] [Южная Корея, 2015, романтика, комедия, HDTVRip] [RAW] [450p] + Sub Rus"
5080891,2,1688321,75278979412EC8B4F338D388873D543F74ED23A1,14113798296,1,2026-07-31 02:21:01,2,2,"{7,24,24,24,24,24,24,24,24,24,23,24,24,24,24,24,24,24,24,23,25,24,24,24,25,24,24,26,24,24,24}","{14,48,44,45,47,46,26,37,36,44,31,39,27,32,37,42,36,36,47,43,35,38,32,36,44,39,47,41,36,44,31}","Она была миленькой / Она была милашкой / She was pretty [16/16] [Корея, 2015, Романтика, комедия, HDTVRip] [RAW] [400p] + Sub Rus"
5092923,2,1688321,64710B6EB40116E678AE365D21C19191A7514CBD,10376460174,1,2026-07-31 02:21:01,2,2,"{7,24,24,24,24,24,24,24,24,24,23,24,24,24,24,24,24,24,24,23,25,24,24,24,25,24,24,26,24,24,24}","{14,63,62,50,53,64,46,42,43,62,47,44,33,51,52,43,42,51,62,61,56,54,49,51,52,55,63,47,39,62,51}","Давай дерзай / Cheer Up! / Sassy, Go Go [12/12] [Корея, 2015, Школа, романтика, HDTVRip] [RAW] [400p] + Sub Rus"
5097399,2,1688321,6572959358F70BF77721F630C4904FDC55067C35,43695327072,1,2026-07-31 02:21:01,2,2,"{7,24,24,24,24,24,24,24,24,24,23,24,24,24,24,24,24,24,24,23,25,24,24,24,25,24,24,26,24,24,24}","{14,63,63,62,63,61,44,37,36,44,34,37,27,32,52,60,54,54,68,59,55,52,54,56,64,55,62,61,54,61,57}","Все о моей маме / All About My Mom [54/54] [Корея, 2015, семейный, мелодрама, романтика, HDTVRip] [RAW] [400p] + Sub Rus"
5106046,2,25823830,E1108A6AFC7635E835390803FA2EB3A3407A04B2,16994316071,1,2026-07-31 02:21:01,2,1,"{7,24,24,24,24,24,24,24,24,24,23,24,24,24,24,24,24,24,24,23,25,24,24,24,25,24,24,26,24,24,24}","{23,72,72,76,73,72,59,71,64,69,55,63,60,63,61,67,64,51,48,76,65,51,35,36,44,37,67,72,45,59,44}","Мисэн / Полужизнь / Misaeng / Incomplete life [20/20] [Южная Корея, 2014, драма, HDTVRip] [RAW] [450p] + Sub Rus"
5106813,2,1688321,EEDA9CC0A5ADE60C32A42B0B027D421EEFE55130,14375540229,1,2026-07-31 02:21:01,2,2,"{7,24,24,24,24,24,24,24,24,24,23,24,24,24,24,24,24,24,24,23,25,24,24,24,25,24,24,26,24,24,24}","{14,55,48,55,54,63,42,37,36,44,31,39,27,32,34,42,40,39,47,43,36,38,34,36,44,37,45,41,36,44,39}","Жвачка / Bubblegum [16/16] [Корея, 2015, Романтика, комедия, HDTVRip] [RAW] [400p] + Sub Rus"
5118249,2,1688321,6C3962B70720F94ADE34400CED5263DDF228649C,13974546358,1,2026-07-31 02:21:01,3,2,"{7,24,24,24,24,24,24,24,24,24,23,24,24,24,24,24,24,24,24,23,25,24,24,24,25,24,24,26,24,24,24}","{24,76,72,69,71,70,50,61,60,68,54,63,51,56,59,66,60,60,71,66,61,60,58,60,68,61,70,67,60,68,45}","О, моя Венера! / Oh My God / Oh My Venus [16/16] [Корея, 2015, Романтика, комедия, HDTVRip] [RAW] [400p] + Sub Rus"
5120724,2,1688321,9E9FA40E1681755FDD34F3591BDBE15BE43E75F1,45052503191,1,2026-07-31 02:21:01,3,2,"{7,24,24,24,24,24,24,24,24,24,23,24,24,24,24,24,24,24,24,23,25,24,24,24,25,24,24,26,24,24,24}","{21,72,68,69,71,70,46,61,51,68,54,63,51,54,33,53,55,60,71,66,60,61,50,60,69,61,69,67,60,68,55}","Гламурное искушение / Блистательное обольщение / Glamorous Temptation [50/50] [Корея, 2015, семейный, романтика, месть, драма, HDTVRip] [RAW] [400p] + Sub Rus"
5124759,2,1688321,217A8E619DFA5E866C6100EF653340EDDA1312B1,19490133167,1,2026-07-31 02:21:01,2,2,"{7,24,24,24,24,24,24,24,24,24,23,24,24,24,24,24,24,24,24,23,25,24,24,24,25,24,24,26,24,24,24}","{14,51,44,45,47,46,26,37,36,44,31,39,27,45,39,57,55,57,61,56,53,38,35,55,56,41,67,55,46,48,35}","Отвечай, 1988 / Answer to 1988 / Answer Me 1988 / Eungdabhara 1988 [20/20] [Корея, 2015, романтика, комедия, HDTVRip] [RAW] [400p] + Sub Rus"
5127105,2,12194254,C96E8BD18A9206093522683FF7D0B24A5E392CE6,14348869416,1,2026-07-31 02:21:01,3,2,"{7,24,24,24,24,24,24,24,24,24,23,24,24,24,24,24,24,24,24,23,25,24,24,24,25,24,24,26,24,24,24}","{26,75,75,73,77,72,66,72,77,83,71,77,66,71,77,81,77,75,86,79,78,75,67,74,84,76,84,78,53,84,71}","Лестница в небеса / Stairway to Heaven [20/20] [Корея, 2003-2004, драма, DVDRip] [RAW] [480p] VO (Korean Craze)"
5127696,2,12076059,87D30C33CD9BB7AFD4C3C9206121C26BD454B58A,36729357201,1,2026-07-31 02:21:01,2,2,"{7,24,24,24,24,24,24,24,24,24,23,24,24,24,24,24,24,24,24,23,25,24,24,24,25,24,24,26,24,24,24}","{14,48,44,45,54,46,26,37,36,44,31,39,27,39,34,42,36,48,59,58,36,48,44,50,57,49,47,57,49,59,51}","Дом синей птицы / Гнездо синей птицы / Parangsaeui Jib / The Bluebird's House / Bluebird's Nest [50 из 50] [Южная Корея, 2015, семья, драма, романтика, комедия, HDTVRip] [RAW] [360p] + Sub Rus"
5170411,2,16146154,D0E3074D3CC5B8894D7CDEEDE226D7EE99071D1F,12797042688,1,2026-07-31 02:21:01,2,2,"{7,24,24,24,24,24,24,24,24,24,23,24,24,24,24,24,24,24,24,23,25,24,24,24,25,24,24,26,24,24,24}","{22,79,77,76,74,78,52,65,81,77,67,77,62,71,75,78,69,66,77,83,59,67,65,60,69,64,84,69,40,78,85}","О, моя Венера / O Mai Bineoseu / Oh My Venus [16 из 16] [Южная Корея, 2015, Романтика, комедия, HDTVRip] [RAW] [450p] DVO (GREEN TEA)"
5171139,2,3245293,FC3F683E2AEB51CC3AABE0F806F91138F7279F3C,13069502821,1,2026-07-31 02:21:01,2,2,"{7,24,24,24,24,24,24,24,24,24,23,24,24,24,24,24,24,24,24,23,25,24,24,24,25,24,24,26,24,24,24}","{14,48,44,45,47,46,26,37,35,44,31,39,27,34,34,39,36,36,47,43,35,37,32,36,44,37,46,41,36,44,39}","Финальная игра / The Final Match / The Last Game [16 из 16] [Южная Корея, 1994, драма, спорт, романтика, DVDRip] [RAW] + Sub Rus"
5171184,2,16146154,390586D8C8368F5C17E41A9B6A8013A2B020BEA7,13920129024,1,2026-07-31 02:21:01,3,2,"{7,24,24,24,24,24,24,24,24,24,23,24,24,24,24,24,24,24,24,23,25,24,24,24,25,24,24,26,24,24,24}","{24,82,71,69,74,88,76,83,88,91,84,87,70,61,65,67,70,76,79,73,60,76,68,66,73,74,76,68,36,73,77}","Сыр в мышеловке / Chijeu In Deo Teuraep / Cheese in the Trap [16 из 16] [Южная Корея, 2016, Комедия, романтика, HDTVRip] [RAW] [450p] DVO (SoftBox)"
5175870,3,15151705,EC31DB945F36ACFF492F540DB973CD0D0F01B93E,18718372505,1,2026-07-31 02:21:01,4,1,"{7,24,24,24,24,24,24,24,24,24,23,24,24,24,24,24,24,24,24,23,25,24,24,24,25,24,24,26,24,24,24}","{28,80,81,80,91,92,88,68,79,81,61,74,66,83,81,76,65,68,93,80,78,73,68,77,85,73,84,79,80,79,59}","Деревня: Секрет Ачиары / Тайна деревни Ачиара / The Village: Achiara's Secret / Maeul: Achiaraui Bimil [16 из 16] [2015, Южная Корея, Детектив, триллер, дорама, HDTVRip] DVO [GREEN TEA]"
5177715,2,1688321,75E87608A3AD356F5C529AE62CD5CBFA98100AF8,13642224637,1,2026-07-31 02:21:01,2,2,"{7,24,24,24,24,24,24,24,24,24,23,24,24,24,24,24,24,24,24,23,25,24,24,24,25,24,24,26,24,24,24}","{14,63,59,60,63,61,44,37,36,44,31,39,27,32,50,60,54,54,68,88,54,53,54,56,64,55,62,64,55,61,57}","Потомки солнца / Descended From the Sun [16/16] [Корея, 2016, Мелодрама, романтика, военный, HDTVRip] [RAW] [400p] + Sub Rus"
5177734,2,1688321,B2666CCF30D0506A5799050ECB62B6EE50052A2F,13928880127,1,2026-07-31 02:21:01,2,2,"{7,24,24,24,24,24,24,24,24,24,23,24,24,24,24,24,24,24,24,23,25,24,24,24,25,24,24,26,24,24,24}","{14,48,44,45,47,46,26,37,36,44,31,39,27,32,34,42,36,36,47,43,35,38,34,36,44,37,46,41,36,44,39}","Он вернулся / Come Back Ahjussi / Please Come Back, Mister [16/16] [Корея, 2016, Фантастика, мелодрама, комедия, HDTVRip] [RAW] [400p] + Sub Rus"
5178023,2,1688321,F15AAC81F19D03EF83518F5701F743864007538F,17220726019,1,2026-07-31 02:21:01,2,2,"{7,24,24,24,24,24,24,24,24,24,23,24,24,24,24,24,24,24,24,23,25,24,24,24,25,24,24,26,24,24,24}","{14,62,65,54,70,55,42,54,42,44,31,39,27,44,34,42,37,39,47,47,36,39,35,36,47,48,53,47,37,44,39}","Помнить - война сына / Remember – War of the Son [20/20] [Корея, 2015-2016, детектив, триллер, романтика, HDTVRip] [RAW] [400p] + Sub Rus"
5178737,2,10851952,8C815C015BEE0BB452B8F7571C0D4FE79A0BED09,11470018560,1,2026-07-31 02:21:01,3,2,"{7,24,24,24,24,24,24,24,24,24,23,24,24,24,24,24,24,24,24,23,25,24,24,24,25,24,24,26,24,24,24}","{21,72,69,69,71,74,59,65,64,96,69,63,50,66,62,76,65,60,71,82,101,82,105,100,93,99,94,92,102,83,59}","Высшее общество / Sangryu Sahoe / High Society [16/16] [Южная Корея, 2015, романтика, комедия, HDTVRip] [RAW] [400p] DVO (ViruseProject &amp; Green-Tea)"
5185107,2,1688321,8E8B5C532734AC103D04D535D7F3F32F693E008B,14564201095,1,2026-07-31 02:21:01,2,2,"{7,24,24,24,24,24,24,24,24,24,23,24,24,24,24,24,24,24,24,23,25,24,24,24,25,24,24,26,24,24,24}","{14,48,44,45,47,46,26,37,36,44,30,39,27,32,34,42,36,36,47,43,35,37,32,36,44,37,47,41,36,44,39}","Брачный контракт / Wife of 100 Days / Marriage Contract [16/16] [Корея, 2016, Романтика, мелодрама, HDTVRip] [RAW] [400p] + Sub Rus"
5188222,2,1688321,4793A231ADA1A7FBE4DFD7781903AF9351905525,13232456256,1,2026-07-31 02:21:01,3,2,"{7,24,24,24,24,24,24,24,24,24,23,24,24,24,24,24,24,24,24,23,25,24,24,24,25,24,24,26,24,24,24}","{21,72,72,72,72,73,50,67,68,78,63,65,61,65,65,76,65,62,77,71,55,67,62,61,76,63,77,67,60,75,67}","Школа Мурим / Moorim School [16/16] [Корея, 2016, Школа, боевые искусства, фэнтези, HDTVRip] [RAW] [400p] + Sub Rus"
5192434,2,15358239,AA0FED0DE8450E167B8EA43EE0BE5933AD32CAB0,11880295765,1,2026-07-31 02:21:01,2,1,"{7,24,24,24,24,24,24,24,24,24,23,24,24,24,24,24,24,24,24,23,25,24,24,24,25,24,24,26,24,24,24}","{25,79,76,81,77,79,80,68,61,68,55,66,61,58,61,68,80,68,76,79,80,70,61,65,72,63,80,77,85,93,77}","Сигнал / Signal [16/16] [Корея, 2016, детектив, триллер, фантастика, HDTVRip] [RAW] [360p] + Sub Rus"
5192696,0,15151705,DBB2623A3267E0FEF3188CB036A59471FE0ABEEB,27114201603,1,2026-07-31 02:21:01,3,2,"{7,24,24,24,24,24,24,24,24,24,23,24,24,24,24,24,24,24,24,23,25,24,24,24,25,24,24,26,24,24,24}","{22,75,75,74,73,69,58,60,75,96,62,88,78,76,78,84,77,62,71,92,72,61,74,87,91,86,80,85,81,82,87}","Легенда | Легенда о четырёх Стражах небесного владыки / The Story of the First King's Four Gods | Tae Wang Sa Shin Gi / Сезон: 1 / Серии: 1-24 из 24 (Ким Чон Хак, Юн Сан Хо) [2007, Дорама, история, приключения, мистика, драма, военный, HDTVRip] MVO + VO"
5197497,2,16146154,D8CF2E1102B1C9851F90577D52ABFBF1B1C008C3,12122095616,1,2026-07-31 02:21:01,2,2,"{7,24,24,24,24,24,24,24,24,24,23,24,24,24,24,24,24,24,24,23,25,24,24,24,25,24,24,26,24,24,24}","{14,67,64,61,68,49,26,37,62,59,53,49,63,83,58,77,73,72,63,75,68,68,80,83,74,90,78,87,66,95,51}","Герой по соседству / Dongneui Youngwoong / Local Hero [16 из 16] [Южная Корея, 2016, Детектив, триллер, драма, HDTVRip] [RAW] [450p] DVO (SoftBox)"
5200961,2,16146154,5DA871FDA9FC45FD57BF955BDA8E8CD607690FF6,15149649379,1,2026-07-31 02:21:01,3,3,"{7,24,24,24,24,24,24,24,24,24,23,24,24,24,24,24,24,24,24,23,25,24,24,24,25,24,24,26,24,24,24}","{21,75,68,69,71,71,73,77,85,90,77,87,75,80,81,90,79,84,95,88,83,81,79,84,94,85,93,93,86,85,47}","Сладкая жизнь / Dalkomhan insaeng / Bittersweet Life [24 из 24] [Южная Корея, 2008, Мелодрама, HDTVRip] [RAW] [360p] DVO (GREEN TEA)"
5209155,2,1688321,61B5AD19C676D663179F2BE6358CF55CF465723D,14638100623,1,2026-07-31 02:21:01,2,2,"{7,24,24,24,24,24,24,24,24,24,23,24,24,24,24,24,24,24,24,23,25,24,24,24,25,24,24,26,24,24,24}","{14,48,44,45,47,46,26,37,36,44,31,39,27,32,36,42,36,36,47,43,36,38,34,36,44,37,46,41,36,44,26}","Мисс темперамент и Нам Чон Ги / Госпожа Темперамент и Нам Чон Ги / Ms. Temper &amp; Nam Jung Gi [16/16] [Корея, 2016, комедия, романтика, HDTVRip] [RAW] [400p] + Sub Rus"
5212427,2,1688321,B93FB2BEF5B75443E37C23AB788917EC1F0CB45E,15415817062,1,2026-07-31 02:21:01,2,2,"{7,24,24,24,24,24,24,24,24,24,23,24,24,24,24,24,24,24,24,23,25,24,24,24,25,24,24,26,24,24,24}","{14,48,44,45,47,46,26,37,36,44,31,39,27,32,34,42,36,41,47,43,36,37,33,37,44,41,51,41,36,54,42}","Шоумен / Entertainer [18/18] [Корея, 2016, комедия, драма, романтика, музыкальный, HDTVRip] [RAW] [400p] + Sub Rus"
5223301,2,1688321,3E9D375735C72ADCF39CBAF928AFE4DA546DCE0E,14390780801,1,2026-07-31 02:21:01,2,2,"{7,24,24,24,24,24,24,24,24,24,23,24,24,24,24,24,24,24,24,23,25,24,24,24,25,24,24,26,24,24,24}","{14,48,44,45,47,46,26,37,36,44,31,39,27,32,33,42,36,36,47,43,35,39,35,36,44,37,47,41,36,44,24}","Память / Gieok / Memory [16/16] [Корея, 2016, мелодрама, HDTVRip] [RAW] [400p] + Sub Rus"
5226139,2,1688321,F6D0FA7DBFD7EF1939FFE3E082C1CC648D93FF1A,18705953786,1,2026-07-31 02:21:01,3,2,"{7,24,24,24,24,24,24,24,24,24,23,24,24,24,24,24,24,24,24,23,25,24,24,24,25,24,24,26,24,24,24}","{24,81,81,81,82,91,81,77,88,87,78,89,86,84,77,86,78,87,85,89,91,76,68,62,94,88,92,106,84,92,84}","Страшно красивая / Красавица Гон Шим / Beautiful Gong Shim [20/20] [Корея, 2016, комедия, романтика, HDTVRip] [RAW] [400p] + Sub Rus"
5231889,2,1688321,4FA644E5877FFB7C00BBF49D848FDC40BCC46E18,14270430089,1,2026-07-31 02:21:01,2,2,"{7,24,24,24,24,24,24,24,24,24,23,24,24,24,24,24,24,24,24,23,25,24,24,24,25,24,24,26,24,24,24}","{14,48,44,58,47,55,32,37,36,44,31,39,39,45,34,42,36,36,47,54,44,38,33,36,44,37,59,54,36,44,21}","Удачный роман / Unbbal Romaenseu / Romance By Luck / Lucky Romance [16/16] [Корея, 2016, Романтика, комедия, HDTVRip] [RAW] [400p] + Sub Rus"
5233742,2,1688321,8AC2CE1B98C474339494447D7EA345407C31CEAB,16843492058,1,2026-07-31 02:21:01,2,2,"{7,24,24,24,24,24,24,24,24,24,23,24,24,24,24,24,24,24,24,23,25,24,24,24,25,24,24,26,24,24,24}","{14,48,44,45,47,46,26,37,36,44,31,39,27,32,34,42,36,36,47,43,35,38,35,36,44,37,55,41,36,44,27}","Другая О Хэ Ён / Oh Hae Young Again / Another Oh Hae Young [18/18] [Корея, 2016, романтика, комедия, HDTVRip] [RAW] [400p] + Sub Rus"
5245763,2,1688321,EAD57237ABD313F72EA69E576115EF5AC0FA8448,17158180099,1,2026-07-31 02:21:01,2,2,"{7,24,24,24,24,24,24,24,24,24,23,24,24,24,24,24,24,24,24,23,25,24,24,24,25,24,24,26,24,24,24}","{14,48,44,49,54,53,34,41,36,52,33,37,27,32,35,42,36,38,47,43,36,39,34,36,47,39,47,41,36,46,39}","Доктора / Doctors [20/20] [Корея, 2016, Романтика, медицина, HDTVRip] [RAW] [400p] + Sub Rus"
5254384,2,1688321,7213663DFB38ECCBCF6112736AE85630BA32D178,17150326026,1,2026-07-31 02:21:01,2,2,"{7,24,24,24,24,24,24,24,24,24,23,24,24,24,24,24,24,24,24,23,25,24,24,24,25,24,24,26,24,24,24}","{14,81,77,70,74,78,65,83,67,65,67,71,76,95,98,96,104,103,100,103,105,90,82,76,62,90,106,113,107,101,106}","Безрассудная страсть / Безрассудно Влюбленные / Uncontrollably fond / Lightly, Ardently / Arbitrarily Fond / Recklessly Affectionate [20/20] [Корея, 2016, Романтика, комедия, HDTVRip] [RAW] [400p] + Sub Rus"
5255867,2,1688321,9ACCFE79205A36E37C3ADA848D80BC06B97C59B8,14268762147,1,2026-07-31 02:21:01,3,2,"{7,24,24,24,24,24,24,24,24,24,23,24,24,24,24,24,24,24,24,23,25,24,24,24,25,24,24,26,24,24,24}","{21,72,51,45,47,46,26,37,47,68,55,63,51,48,42,66,60,60,48,57,59,59,55,56,69,59,71,57,36,44,26}","Хорошая жена / The Good Wife [16/16] [Корея, 2016, юриспруденция, политика, HDTVRip] [RAW] [400p] + Sub Rus"
5255871,2,1688321,D0CF34FE8F6C6228B4E810578D5D3E4FFB8CECF4,14037677664,1,2026-07-31 02:21:01,2,2,"{7,24,24,24,24,24,24,24,24,24,23,24,24,24,24,24,24,24,24,23,25,24,24,24,25,24,24,26,24,24,24}","{14,48,44,45,47,50,26,37,36,44,31,41,40,54,34,40,53,36,47,47,38,52,52,57,46,50,47,41,36,44,21}","Сразимся, призрак / Давай сразимся, призрак! / Let’s Fight Ghost [16/16] [Корея, 2016, Мистика, комедия, романтика, HDTVRip] [RAW] [400p] + Sub Rus"
5255874,2,1688321,ADE1B8E53294DB4353D7D890AABA045B69D4ACF5,12871032996,1,2026-07-31 02:21:01,2,2,"{7,24,24,24,24,24,24,24,24,24,23,24,24,24,24,24,24,24,24,23,25,24,24,24,25,24,24,26,24,24,24}","{14,48,44,45,47,46,26,37,36,44,31,41,27,32,34,42,39,40,47,43,36,37,32,36,44,37,47,41,36,44,39}","Блестящий ум / Beautiful Mind [14/14] [Корея, 2016, мистика, мелодрама, медицина, HDTVRip] [RAW] [400p] + Sub Rus"
5258612,2,1688321,B785CF7215F08D993701B5BDC20B1F7B624B8C8B,13876608185,1,2026-07-31 02:21:01,2,2,"{7,24,24,24,24,24,24,24,24,24,23,24,24,24,24,24,24,24,24,23,25,24,24,24,25,24,24,26,24,24,24}","{14,56,56,56,60,57,42,63,52,46,37,46,31,32,48,58,43,43,50,56,42,50,51,56,53,57,59,64,54,66,57}","W - два мира / W: Меж двух миров / W - two worlds [16/16] [Корея, 2016, Романтика, мелодрама, саспенс, HDTVRip] [RAW] [400p] + Sub Rus"
5269988,2,1688321,4CE197BC531F0F3507CAD254FDE022FE339B0DCA,14203125414,1,2026-07-31 02:21:01,2,2,"{7,24,24,24,24,24,24,24,24,24,23,24,24,24,24,24,24,24,24,23,25,24,24,24,25,24,24,26,24,24,24}","{14,48,44,45,47,46,26,39,36,53,41,49,37,32,34,42,36,36,47,43,35,38,32,36,44,39,59,41,36,44,28}","Золушка и четыре рыцаря / Cinderellawa Ne Myungui Gisa / Cinderella and Four Knights [16/16] [Корея, 2016, Романтика, комедия, HDTVRip] [RAW] [400p] + Sub Rus"
5269996,2,1688321,1CE276814C56B831F1967F0AEAAC041CE9ED6DAE,18185969358,1,2026-07-31 02:21:01,2,2,"{7,24,24,24,24,24,24,24,24,24,23,24,24,24,24,24,24,24,24,23,25,24,24,24,25,24,24,26,24,24,24}","{14,48,44,45,47,46,26,37,36,44,31,39,27,32,34,42,36,36,47,43,36,38,32,36,44,37,46,41,36,44,39}","Последняя любовь / Second To Last Love [20/20] [Корея, 2016, комедия, романтика, HDTVRip] [RAW] [400p] + Sub Rus"
5271936,2,2182701,5FCC0E040871004299DAB91930596B808A71A284,7620972544,1,2026-07-31 02:21:01,4,3,"{7,24,24,24,24,24,24,24,24,24,23,24,24,24,24,24,24,24,24,23,25,24,24,24,25,24,24,26,24,24,24}","{22,74,74,73,74,73,53,64,77,82,70,78,51,64,62,66,63,69,80,69,62,61,70,70,85,65,70,70,42,80,70}","Афина: Богиня войны / Athena: Jeonjaeng-ui Yeoshin / Athena: Goddess Of War [9/20] [Южная Корея, 2010, экшн, триллер, романтика, HDTVRip] [RAW] [450p] DVO (SagiTtarius &amp; GrandAni)"
5273672,2,1688321,693CD48AD3803BBFEA89FAD23DAB7422E3B69127,15532208920,1,2026-07-31 02:21:01,4,1,"{7,24,24,24,24,24,24,24,24,24,23,24,24,24,24,24,24,24,24,23,25,24,24,24,25,24,24,26,24,24,24}","{28,90,97,81,93,100,107,93,107,98,105,99,97,84,87,92,91,92,91,92,90,86,85,97,91,89,103,94,84,83,103}","Свет луны, очерченный облаком / Лунный свет, влекомый облаками / Moonlight drawn by clouds [18/18] [Корея, 2016, Исторический, романтика, комедия, гендерная интрига, HDTVRip] [RAW] [400р] + Sub Rus"
5273819,2,1688321,974AFE19BB237EBB7BB2A0C61A95EF6D71515798,20684583802,1,2026-07-31 02:21:01,3,2,"{7,24,24,24,24,24,24,24,24,24,23,24,24,24,24,24,24,24,24,23,25,24,24,24,25,24,24,26,24,24,24}","{18,48,47,60,52,46,26,37,36,44,31,39,27,32,35,39,46,36,47,43,36,38,32,43,53,37,47,41,41,44,27}","Воплощение зависти / Jealousy Incarnate [24/24] [Корея, 2016, Романтика, комедия, HDTVRip] [RAW] [400p] + Sub Rus"
5275669,2,1688321,82A5F0A11840115CB040988C56F1E7BBE0E7AEDB,17550477067,1,2026-07-31 02:21:01,2,2,"{7,24,24,24,24,24,24,24,24,24,23,24,24,24,24,24,24,24,24,23,25,24,24,24,25,24,24,26,24,24,24}","{19,65,68,53,58,51,28,47,40,48,39,67,53,40,47,43,43,37,68,69,68,62,41,53,55,72,80,63,50,48,61}","Алые сердца: Корё / Лунные влюбленные / Moon Lovers: Scarlet Heart Ryeo [20/20] [Корея, 2016, Фантастика, история, романтика, драма, HDTVRip] [RAW] [400p] + Sub Rus"
5278622,2,213560,93FCBC71A55CFA177ACD821E8A3EF61823E92EF9,12423759407,1,2026-07-31 02:21:01,5,1,"{7,24,24,24,24,24,24,24,24,24,23,24,24,24,24,24,24,24,24,23,25,24,24,24,25,24,24,26,24,24,24}","{35,112,93,84,84,84,61,67,87,91,85,88,79,93,89,91,85,91,78,77,94,96,91,98,106,100,107,118,99,110,84}","Зимняя соната + Спешл / Gyeoul-yeonga / Winter Sonata + Special / Endless Love 2 [20 из 20] [Южная Корея, 2002, драма, мелодрама, DVDRip-AVC] [RAW] [480p] + Sub Rus"
5280913,2,1688321,C9F10774CF55D7BCF18669FFB72329ED89D2C4E4,55789045069,1,2026-07-31 02:21:01,3,2,"{7,24,24,24,24,24,24,24,24,24,23,24,24,24,24,24,24,24,24,23,25,24,24,24,25,24,24,26,24,24,24}","{21,72,68,69,71,70,50,61,50,68,54,59,27,32,34,44,57,60,71,66,59,60,53,60,69,61,70,67,60,68,54}","Наша Гап Сун / Our Gap Soon [61/61] [Корея, 2016, семья, романтика, комедия, HDTVRip] [RAW] [400p] + Sub Rus"
5284027,2,16146154,CEEA0EEFC6755A07F3BD3D21830B4AA58E71F24B,25478989504,1,2026-07-31 02:21:01,3,2,"{7,24,24,24,24,24,24,24,24,24,23,24,24,24,24,24,24,24,24,23,25,24,24,24,25,24,24,26,24,24,24}","{21,72,68,69,71,70,50,61,60,68,54,63,51,56,58,66,60,60,71,66,61,61,58,60,73,64,73,68,60,68,56}","Король отеля / Hotel King [32 из 32] [Южная Корея, 2014, Мелодрама, HDTVRip] [RAW] [360p] DVO (GREEN TEA)"
5286016,2,1688321,49F6DC17864BE845AEF8E1AF9D79F66FB2312B4C,14210643602,1,2026-07-31 02:21:01,2,2,"{7,24,24,24,24,24,24,24,24,24,23,24,24,24,24,24,24,24,24,23,25,24,24,24,25,24,24,26,24,24,24}","{14,56,44,52,54,69,45,45,44,47,38,46,51,58,46,50,42,56,63,67,42,37,39,41,48,43,64,57,42,50,48}","Король шопинга Луи / Syopingwang Rui / Shopping King Louie [16/16] [Корея, 2016, романтика, комедия, HDTVRip] [RAW] [400p] + Sub Rus"
5286874,2,1688321,0C05AFF967E07D4F681FB3003DE08579E0DDFF9D,15190208285,1,2026-07-31 02:21:01,7,1,"{7,24,24,24,24,24,24,24,24,24,23,24,24,24,24,24,24,24,24,23,25,24,24,24,25,24,24,26,24,24,24}","{39,165,188,143,129,144,141,133,119,139,119,119,142,122,96,101,119,130,108,83,79,94,111,112,92,95,117,200,161,184,126}","К2 / К2 - Телохранитель / The K2 [16/16] [Корея, 2016, романтика, политика, триллер, драма, HDTVRip] [RAW] [400p] + Sub Rus"
5294465,2,189571,64B5125E2BA65B5303BA3E0735133855808EB6C7,5045344314,1,2026-07-31 02:21:01,2,2,"{7,24,24,24,24,24,24,24,24,24,23,24,24,24,24,24,24,24,24,23,25,24,24,24,25,24,24,26,24,24,24}","{14,48,44,45,47,46,26,37,36,44,31,40,42,36,34,45,43,44,47,43,35,38,35,36,44,37,47,41,36,44,32}","С какой ты звезды? / Which star are you from [16 из 16] [Южная Корея, 2006, романтика, комедия, драма, мелодрама, DVDRip] [RAW] [360p] VO (Korean Craze)"
5304118,2,12194254,0A8F6D5A91DF048871B64E3578AFA47B4B0762A1,16702587380,1,2026-07-31 02:21:01,2,2,"{7,24,24,24,24,24,24,24,24,24,23,24,24,24,24,24,24,24,24,23,25,24,24,24,25,24,24,26,24,24,24}","{14,48,44,45,48,46,26,37,39,44,31,39,28,32,34,39,36,36,47,43,36,38,32,36,44,37,47,41,36,44,32}","Зелёная роза / Green rose [22/22] [2005, драма, TVRip] [RAW] VO (Korean Craze)"
5310915,2,1688321,1C832CF17FC38CF821518267F7BA167334CF390C,11170667341,1,2026-07-31 02:21:01,2,2,"{7,24,24,24,24,24,24,24,24,24,23,24,24,24,24,24,24,24,24,23,25,24,24,24,25,24,24,26,24,24,24}","{14,48,44,45,47,46,26,37,36,44,31,39,27,32,34,42,36,36,47,43,35,39,35,36,44,37,47,41,36,44,35}","Роман моей жены / На этой неделе у моей жены роман / Моя ветреная жена / My Wife’s Having an Affair this Week [12/12] [2016, романтика, комедия, мелодрама, HDTVRip] [RAW] [400p] + Sub Rus"
5312616,2,1688321,C06FD34AFD88613B3B0B414BDF6D41C2779CF68E,17454058733,1,2026-07-31 02:21:01,3,2,"{7,24,24,24,24,24,24,24,24,24,23,24,24,24,24,24,24,24,24,23,25,24,24,24,25,24,24,26,24,24,24}","{21,74,74,73,74,74,67,59,62,90,75,90,75,80,95,92,78,96,86,87,105,90,75,79,88,79,92,87,79,89,79}","Легенда Синего Моря / The Legend of the Blue Sea [20/20] [2016, Романтика, комедия, фантастика, HDTVRip] [RAW] [400p] + Sub Rus"
5312669,2,1688321,6C9A02FEEE56B8CD0CA9683D51796D9700A18026,13944229510,1,2026-07-31 02:21:01,2,2,"{7,24,24,24,24,24,24,24,24,24,23,24,24,24,24,24,24,24,24,23,25,24,24,24,25,24,24,26,24,24,24}","{14,66,78,75,74,74,53,41,60,68,54,60,51,56,75,84,78,78,92,84,80,74,81,79,87,79,90,89,78,87,84}","Фея тяжёлой атлетики Ким Бок Чжу / Weightlifting Fairy Kim Bok Joo [16/16] [2016, Романтика, комедия, спорт, HDTVRip] [RAW] [400p] + Sub Rus"
5319347,2,1688321,5D85ED4891ACA342B16C07AD111286B02AEA644B,39123382721,1,2026-07-31 02:21:01,2,2,"{7,24,24,24,24,24,24,24,24,24,23,24,24,24,24,24,24,24,24,23,25,24,24,24,25,24,24,26,24,24,24}","{14,48,44,45,47,46,26,37,36,44,31,39,27,32,35,42,36,36,47,43,36,38,37,36,44,37,47,44,39,46,35}","Я позабочусь о тебе, отец / Father, I’ll Take Care of You [50/50] [2016, семейный, романтика, HDTVRip] [RAW] [400p] + Sub Rus"
5320670,2,1688321,8F9590CF9F76EF96880A58C4478A5A7934CDCBCD,18528758815,1,2026-07-31 02:21:01,4,1,"{7,24,24,24,24,24,24,24,24,24,23,24,24,24,24,24,24,24,24,23,25,24,24,24,25,24,24,26,24,24,24}","{28,116,105,111,118,101,91,81,73,83,87,99,90,97,107,120,119,105,130,125,121,120,128,128,172,149,136,121,108,112,99}","Демон / Токкэби / Goblin / Demon [16+SP/16+SP] [2016, Мистика, фэнтези, драма, романтика, HDTVRip] [RAW] [400p] + Sub Rus"
5322224,2,33540272,A05C7D75ABB1043676A106F2F9AF53CF18590905,9700316955,1,2026-07-31 02:21:01,3,2,"{7,24,24,24,24,24,24,24,24,24,23,24,24,24,24,24,24,24,24,23,25,24,24,24,25,24,24,26,24,24,24}","{26,80,77,72,79,73,50,61,77,79,77,80,63,70,73,82,71,81,80,71,68,62,75,66,94,80,71,67,75,79,54}","Фея тяжёлой атлетики Ким Бок Чжу / Weightlifting Fairy Kim Bok Joo / Yeokdoyojung Kimbokjoo [16 из 16] [2016, романтика, комедия, спорт, TVRip] [RAW] [360p] DVO (REFERO)"
5328923,2,1688321,E719B40793EC4784DBFA1007C8D03C6B7D0AFD93,17675397255,1,2026-07-31 02:21:01,4,2,"{7,24,24,24,24,24,24,24,24,24,23,24,24,24,24,24,24,24,24,23,25,24,24,24,25,24,24,26,24,24,24}","{22,83,77,72,70,84,58,67,65,90,80,84,53,56,70,89,62,40,69,74,90,82,80,63,68,71,79,88,83,84,74}","Хваран / Flower Knights: The Beginning / Hwarang [20/20] [2016, комедия, романтика, исторический, HDTVRip] [RAW] [400p] + Sub Rus"
5342226,2,41828543,870CD98C59E96D12E12C39FBF4ECDAA861F6F388,5737474048,1,2026-07-31 02:21:01,2,2,"{7,24,24,24,24,24,24,24,24,24,23,24,24,24,24,24,24,24,24,23,25,24,24,24,25,24,24,26,24,24,24}","{14,48,44,45,47,46,26,37,36,44,31,39,27,32,34,42,36,36,47,43,35,38,34,36,44,37,47,41,36,44,39}","Загадки Бога 2 / Головоломки Бога 2 / God's quiz 2 / Shin-ui Quiz 2 [12/12] [2011, Криминал, медицина, комедия , HDTVRip] [400p] + Sub Rus"
5342234,2,41828543,EAAA61F4A8DBC5B29DCDCFB1BD3F84A05F216133,6692532224,1,2026-07-31 02:21:01,2,2,"{7,24,24,24,24,24,24,24,24,24,23,24,24,24,24,24,24,24,24,23,25,24,24,24,25,24,24,26,24,24,24}","{14,48,44,45,47,46,26,37,36,44,31,39,27,32,35,42,36,36,47,43,36,38,31,36,44,37,46,41,36,44,39}","Загадки Бога 3 / Головоломки Бога 3 / God's quiz 3 / Shin-ui Quiz 3 [12/12] [2012, Криминал, медицина, комедия , HDTVRip] [400p] + Sub Rus"
5342236,2,41828543,2226EC2317225D127D72AF0976172DF8B3639D74,7879417856,1,2026-07-31 02:21:01,2,2,"{7,24,24,24,24,24,24,24,24,24,23,24,24,24,24,24,24,24,24,23,25,24,24,24,25,24,24,26,24,24,24}","{14,48,44,45,47,46,26,37,36,44,31,39,27,32,34,42,36,36,47,43,36,39,32,36,44,37,46,41,36,44,39}","Загадки Бога 4 / Головоломки Бога 4 / God's quiz 4 / Shin-ui Quiz 4 [12/12] [2014, Криминал, медицина, комедия , HDTVRip] [400p] + Sub Rus"
5343469,2,1688321,6BD44068EB5E20D2658F5D652839D462DD46B6D4,15553426587,1,2026-07-31 02:21:01,2,2,"{7,24,24,24,24,24,24,24,24,24,23,24,24,24,24,24,24,24,24,23,25,24,24,24,25,24,24,26,24,24,24}","{14,48,44,45,47,46,26,37,36,44,31,41,48,32,37,72,112,61,129,62,35,39,34,39,44,40,47,41,36,48,45}","Замкнутый босс / Introverted Boss [16/16] [2017, Комедия, романтика, HDTVRip] [RAW] [400p] + Sub Rus"
5344029,2,41799766,FF115955D408A86B202126D620D7CA76A7C666E6,14222505619,1,2026-07-31 02:21:01,2,2,"{7,24,24,24,24,24,24,24,24,24,23,24,24,24,24,24,24,24,24,23,25,24,24,24,25,24,24,26,24,24,24}","{14,48,44,45,47,46,26,37,36,44,31,39,27,32,38,42,31,36,47,43,36,37,34,36,44,37,47,41,36,44,39}","Принцесса Лулу / Princess Lulu / Lu-lu Kong-joo [20/20] [2005, драма, романтика, комедия, DVDRip] [RAW] [480p] VO (стажер GREEN TEA)"
5344220,2,1688321,7951EAB65B15CAA34F9D1C5A8CDB5B374EF7CE41,14233192812,1,2026-07-31 02:21:01,2,2,"{7,24,24,24,24,24,24,24,24,24,23,24,24,24,24,24,24,24,24,23,25,24,24,24,25,24,24,26,24,24,24}","{14,48,44,45,47,46,26,37,36,44,31,39,27,32,35,42,36,36,47,43,35,37,35,36,44,37,47,41,36,44,29}","Голос / The Voice [16/16] [2017, Детектив, криминал, триллер, HDTVRip] [RAW] [400p] + Sub Rus"
5345705,2,1688321,6BCF43E5C4C809EAC12F561E7AA79F2CA4B65ED2,14368787081,1,2026-07-31 02:21:01,2,2,"{7,24,24,24,24,24,24,24,24,24,23,24,24,24,24,24,24,24,24,23,25,24,24,24,25,24,24,26,24,24,24}","{14,48,53,59,49,46,26,37,36,44,31,37,27,40,34,42,37,39,47,43,35,39,34,38,49,47,52,41,37,51,36}","Пропавшая девятка / Missing 9 / Missing Nine [16/16] [2017, Фильм-катастрофа, саспенс, детектив, триллер, мелодрама, HDTVRip] [RAW] [400p] + Sub Rus"
5345712,2,1688321,A917F4CC5DCAA46515507FF460E7AC1BC88B1CF6,11070511296,1,2026-07-31 02:21:01,2,2,"{7,24,24,24,24,24,24,24,24,24,23,24,24,24,24,24,24,24,24,23,25,24,24,24,25,24,24,26,24,24,24}","{14,48,44,45,47,46,26,37,36,44,31,39,27,34,55,39,36,36,47,43,35,38,35,36,44,37,47,41,36,44,39}","Лжесвидетельство / Solomon's Perjury [12/12] [2016-2017, Школа, криминал, HDTVRip] [RAW] [400p] + Sub Rus"
5347253,2,1688321,FEC89BB690AE7106028FB922FCC8310BFE8024EB,15913004570,1,2026-07-31 02:21:01,2,2,"{7,24,24,24,24,24,24,24,24,24,23,24,24,24,24,24,24,24,24,23,25,24,24,24,25,24,24,26,24,24,24}","{17,77,80,80,81,88,79,68,89,80,68,99,63,79,57,62,58,58,75,72,67,64,56,56,75,64,74,77,66,66,57}","Обвиняемый / Подсудимый / Pigoin / Defendant [18/18] [2017, детектив, триллер, HDTVRip] [RAW] [400p] + Sub Rus"
5348123,2,1688321,AFAC1218070556A24EED86E64EAB056C52EE6103,17507517786,1,2026-07-31 02:21:01,2,1,"{7,24,24,24,24,24,24,24,24,24,23,24,24,24,24,24,24,24,24,23,25,24,24,24,25,24,24,26,24,24,24}","{25,84,81,83,98,87,84,83,72,81,72,80,78,79,74,79,85,71,90,92,87,77,82,79,87,73,76,81,90,73,72}","Шеф Ким / Chief Kim [20/20] [2017, Комедия, романтика, HDTVRip] [RAW] [400p] + Sub Rus"
5352535,2,1688321,06BFD0E4460F7A38BBD6759CA221B3329301BCDD,26385337343,1,2026-07-31 02:21:01,2,2,"{7,24,24,24,24,24,24,24,24,24,23,24,24,24,24,24,24,24,24,23,25,24,24,24,25,24,24,26,24,24,24}","{14,57,70,62,58,67,63,56,55,75,44,52,60,74,56,77,73,47,58,59,63,66,40,58,78,60,92,95,83,70,76}","Бунтарь: Вор, укравший народ / Бунтарь Хон Гиль Дон / Rebel: Thief Who Stole the People / Rebel Hong Gil Dong [30/30] [2017, Исторический, HDTVRip] [RAW] [400p] + Sub Rus"
5353119,2,1688321,6597A4498F92B9EB969EECD292D1B76C5FCBED87,14917445568,1,2026-07-31 02:21:01,2,2,"{7,24,24,24,24,24,24,24,24,24,23,24,24,24,24,24,24,24,24,23,25,24,24,24,25,24,24,26,24,24,24}","{14,48,44,45,47,46,26,37,36,44,31,39,27,42,37,52,41,45,47,48,44,45,34,39,44,37,47,41,50,58,66}","Завтра с тобой / Naeil Geudaewa / Tomorrow with you [16/16] [2017, Комедия, романтика, фантастика, HDTVRip] [RAW] [400p] + Sub Rus"
5357162,8,41828543,1FFD3D368D70B3DC806E6C8657C1BB690D6B25CE,8221102253,1,2026-07-31 02:21:01,2,2,"{7,24,24,24,24,24,24,24,24,24,23,24,24,24,24,24,24,24,24,23,25,24,24,24,25,24,24,26,24,24,24}","{14,53,44,51,47,46,26,59,60,68,54,45,47,41,34,59,52,59,57,43,35,44,58,50,68,60,58,59,60,68,26}","Сможем ли мы пожениться? / Мы сможем пожениться? / Can We Get Married? (Ким Юн Чхоль) [20/20] [Корея, 2012, Семья, романтика, мелодрама, комедия TVRip] [480p] + Sub Rus"
5359166,2,19044018,F7A25519CA510C41138BD8ABD5FDBDEAE4A3248F,18697728661,1,2026-07-31 02:21:01,2,2,"{7,24,24,24,24,24,24,24,24,24,23,24,24,24,24,24,24,24,24,23,25,24,24,24,25,24,24,26,24,24,24}","{14,48,44,45,47,46,26,37,36,44,31,39,27,32,37,42,36,47,62,75,49,52,42,52,54,49,72,61,46,44,29}","Морской владыка / Владыка Морей / Hae Shin / Emperor of the Sea / Sea God [51 из 51] [2004-2005, Историческая драма, DVDRip] [RAW] + Sub Rus"
5361624,2,1688321,1F0D7523BBBF4CD80D1FEF6BCC2B144F5E7832DB,3565354857,1,2026-07-31 02:21:01,3,2,"{7,24,24,24,24,24,24,24,24,24,23,24,24,24,24,24,24,24,24,23,25,24,24,24,25,24,24,26,24,24,24}","{21,72,68,69,71,71,66,69,69,84,57,74,68,71,61,66,74,66,71,71,67,58,55,60,69,61,78,84,68,70,54}","Обнаженный пожарный / Maenmomui Sobanggwan / Naked Fireman [4/4] [2017, Детектив, романтическая комедия, HDTVRip] [RAW] [400p] + Sub Rus"
5362252,2,213560,3F05461AE0E7F93464ED8A412FEDBE5DA79C00B5,11760357765,1,2026-07-31 02:21:01,2,2,"{7,24,24,24,24,24,24,24,24,24,23,24,24,24,24,24,24,24,24,23,25,24,24,24,25,24,24,26,24,24,24}","{15,52,45,48,48,47,29,40,42,51,34,44,33,41,37,46,38,36,49,44,43,42,40,43,49,41,53,50,39,45,48}","Прощай, моя любовь / An-nyoung Nae Sa-rang / Goodbye My Love [16/16] [1999, Драма, романтика, DVDRip] [RAW] [480p] + Sub Rus"
5363282,2,1688321,A8116DA2C719ACBB9C530338F13CE2500C77E6E1,15040029124,1,2026-07-31 02:21:01,3,3,"{7,24,24,24,24,24,24,24,24,24,23,24,24,24,24,24,24,24,24,23,25,24,24,24,25,24,24,26,24,24,24}","{21,76,75,75,77,95,85,77,73,76,63,84,67,69,73,74,69,68,100,85,77,82,61,68,78,70,84,92,75,75,65}","Силачка До Бон Сун / Strong Woman Do Bong Soon [16/16] [2017, романтика, комедия, фантастика, экшн, HDTVRip] [RAW] [400p] + Sub Rus"
5363650,2,13140088,386C5F342565C178B6304FFC4B5A8441B83DD0AD,57058049539,1,2026-07-31 02:21:01,3,2,"{7,24,24,24,24,24,24,24,24,24,23,24,24,24,24,24,24,24,24,23,25,24,24,24,25,24,24,26,24,24,24}","{21,70,60,69,71,70,50,61,55,50,54,61,51,49,49,66,59,60,71,66,61,62,51,60,69,54,70,67,60,68,48}","Сладкий трепет сердца / Sweet Palpitations / Pit a Pat My Love [135/135] [2011, романтика, семейный, HDTVRip] [RAW] [352p] + Sub Rus"
5372141,2,1688321,DE6626FDA6BD3D3A9F396A869066C76060037F54,36808949610,1,2026-07-31 02:21:01,2,2,"{7,24,24,24,24,24,24,24,24,24,23,24,24,24,24,24,24,24,24,23,25,24,24,24,25,24,24,26,24,24,24}","{14,48,44,45,47,46,26,37,36,44,31,39,27,32,34,42,36,36,47,43,36,37,34,36,44,37,47,41,36,44,35}","Это уже слишком / You Are Too Much / You’re Too Much [50/50] [2017, семейный, драма, мелодрама, HDTVRip] [RAW] [400p] + Sub Rus"
5377524,2,1688321,C098BE7AE5DD5CC908C8193362D481258E9FF1C5,14609154238,1,2026-07-31 02:21:01,3,2,"{7,24,24,24,24,24,24,24,24,24,23,24,24,24,24,24,24,24,24,23,25,24,24,24,25,24,24,26,24,24,24}","{21,90,83,73,82,75,74,74,75,85,73,82,66,67,80,92,87,100,115,84,85,80,74,86,96,93,86,97,90,94,76}","Она очень любит ложь / The liar and his lover [16/16] [2017, Комедия, романтика, HDTVRip] [RAW] [400p] + Sub Rus"
5378025,2,13140088,E0B3BFBDF1F116747C4E87861C53B03F75CA2D12,36058022851,1,2026-07-31 02:21:01,3,2,"{7,24,24,24,24,24,24,24,24,24,23,24,24,24,24,24,24,24,24,23,25,24,24,24,25,24,24,26,24,24,24}","{21,72,68,69,71,70,50,61,53,68,54,63,51,56,55,66,59,60,71,66,61,62,52,60,69,61,71,67,60,68,58}","Золотая пора моей жизни / My Life's Golden Age [56/56] [2008-2009, семейный, романтика, HDTVRip] [RAW] [352p] + Sub Rus"
5380734,2,1688321,DE7C008270C8CA624E69DC8020F51080424438A6,43927001176,1,2026-07-31 02:21:01,2,2,"{7,24,24,24,24,24,24,24,24,24,23,24,24,24,24,24,24,24,24,23,25,24,24,24,25,24,24,26,24,24,24}","{14,52,48,45,47,53,31,37,36,44,31,39,36,36,40,47,42,42,47,57,49,45,41,36,44,37,56,57,40,49,27}","Странный отец / Father is Strange [52/52] [2017, семейный, драма, романтика, HDTVRip] [RAW] [400p] + Sub Rus"
5381403,2,41799766,16EEA0ED42F6ECD336D412EB1496B2936922F357,14273458083,1,2026-07-31 02:21:01,3,2,"{7,24,24,24,24,24,24,24,24,24,23,24,24,24,24,24,24,24,24,23,25,24,24,24,25,24,24,26,24,24,24}","{26,80,80,79,79,80,73,79,87,87,54,63,51,56,58,66,55,60,71,66,60,58,57,60,69,61,70,69,61,68,49}","Мой милый шпион / Sweet Spy / Talcoman Supai [20/20] [2005, драма, детектив, комедия, боевик, романтика, TVRip] VO (GREEN TEA)"
5382970,2,1688321,A4C2A698D5BB3C9CA2B723ADEB7D20EBD2EE1FD2,14843490696,1,2026-07-31 02:21:01,2,2,"{7,24,24,24,24,24,24,24,24,24,23,24,24,24,24,24,24,24,24,23,25,24,24,24,25,24,24,26,24,24,24}","{14,50,50,48,54,54,29,42,41,46,33,44,32,46,39,44,47,39,48,50,37,40,40,37,45,41,55,52,44,52,35}","Шёпот / Advance / Whisper [17/17] [2017, политика, триллер, романтика, HDTVRip] [RAW] [400p] + Sub Rus"
5385723,2,1688321,FA941CD3102DE6969041AD547A71729C2F7645B2,14983736648,1,2026-07-31 02:21:01,2,2,"{7,24,24,24,24,24,24,24,24,24,23,24,24,24,24,24,24,24,24,23,25,24,24,24,25,24,24,26,24,24,24}","{14,60,101,88,57,70,35,61,70,64,31,48,47,35,61,51,54,46,76,50,54,51,45,51,93,90,78,73,62,86,96}","Слово как оружие / Чикагская пишущая машинка / Chicago Typewriter [16/16] [2017, Фантастика, романтика, комедия, HDTVRip] [RAW] [400p] + Sub Rus"
5387089,2,12194254,6654D8DEC14E0FA1B23320731E2276A25BCBBDBC,14490735794,1,2026-07-31 02:21:01,3,3,"{7,24,24,24,24,24,24,24,24,24,23,24,24,24,24,24,24,24,24,23,25,24,24,24,25,24,24,26,24,24,24}","{21,73,69,71,72,71,50,61,60,68,54,61,51,61,60,66,61,60,71,66,67,59,57,60,69,61,71,68,64,68,59}","Оставь последний танец мне / Save the Last Dance for Me [20/20] [2004-2005, романтика, мелодрама, TVRip] [RAW] VO (Korean Craze)"
5390489,2,1688321,EE81F84332115BA58CEB20ED3931A7909FF4715B,10093700197,1,2026-07-31 02:21:01,4,2,"{7,24,24,24,24,24,24,24,24,24,23,24,24,24,24,24,24,24,24,23,25,24,24,24,25,24,24,26,24,24,24}","{28,96,98,101,99,96,109,95,91,106,82,90,77,81,95,114,108,88,102,106,137,110,103,122,121,105,120,133,110,100,100}","Мой тайный роман / My secret romance [13/13] [2017, Комедия, романтика, HDTVRip] [RAW] [400p] + Sub Rus"
5390496,2,1688321,782EA5C0752451E066DEB0461A9DFFD14B2B6403,13890870644,1,2026-07-31 02:21:01,3,2,"{7,24,24,24,24,24,24,24,24,24,23,24,24,24,24,24,24,24,24,23,25,24,24,24,25,24,24,26,24,24,24}","{21,69,55,67,71,74,50,61,53,71,59,71,51,49,49,66,60,56,73,81,70,72,73,69,53,45,81,67,60,67,58}","Королева детектива / Chooriui Yeowang / Mystery Queen [16/16] [2017, детектив, комедия, HDTVRip] [RAW] [400p] + Sub Rus"
5401405,2,1688321,7A3AAA16AC451E9C7B730BABF18406FDCDBFA43D,17696573002,1,2026-07-31 02:21:01,4,1,"{7,24,24,24,24,24,24,24,24,24,23,24,24,24,24,24,24,24,24,23,25,24,24,24,25,24,24,26,24,24,24}","{27,94,89,83,82,87,76,92,85,90,78,87,76,80,73,66,60,60,71,66,60,61,59,60,67,61,71,67,60,68,45}","Сомнительный напарник / Suspicious Partner [20/20] [2017, Романтика, комедия, триллер, HDTVRip] [400p] + Sub Rus"
5402244,2,1688321,E84F774A979A5819B7FBD431E61782F5E6EE3F0D,14581155824,1,2026-07-31 02:21:01,2,2,"{7,24,24,24,24,24,24,24,24,24,23,24,24,24,24,24,24,24,24,23,25,24,24,24,25,24,24,26,24,24,24}","{14,48,44,45,47,59,39,37,36,44,31,39,44,44,33,42,36,36,47,54,45,38,34,36,44,37,57,54,36,63,55}","Один на один / Лицом к лицу / Man to Man [16/16] [2017, Экшн, триллер, романтика, комедия, HDTVRip] [RAW] [400p] + Sub Rus"
5408624,2,1688321,320AFE04A79E48A37922973B2B8E779BDB745794,13996772780,1,2026-07-31 02:21:01,2,2,"{7,24,24,24,24,24,24,24,24,24,23,24,24,24,24,24,24,24,24,23,25,24,24,24,25,24,24,26,24,24,24}","{14,48,44,45,47,46,26,37,36,44,30,39,27,32,35,42,39,53,53,55,40,41,40,36,44,41,65,46,52,51,46}","Прорвёмся / Ssam Maiwei / Fight for My Way [16/16] [2017, Комедия, романтика, HDTVRip] [RAW] [400p] + Sub Rus"
5412300,2,1688321,2A662C4403167AE17CB04F4F4434530A7EF0DA4B,18114216367,1,2026-07-31 02:21:01,2,1,"{7,24,24,24,24,24,24,24,24,24,23,24,24,24,24,24,24,24,24,23,25,24,24,24,25,24,24,26,24,24,24}","{24,75,74,73,71,70,50,61,60,68,54,63,51,56,58,66,60,60,71,66,60,60,58,60,68,61,70,67,61,68,45}","Королева на семь дней / Queen for Seven Days [20/20] [2017, Историческая, драма, романтика, HDTVRip] [RAW] [400p] + Sub Rus"
5412307,2,1688321,D759AE4D5082CE09A096ACE50E11123CB9772056,13720822027,1,2026-07-31 02:21:01,2,2,"{7,24,24,24,24,24,24,24,24,24,23,24,24,24,24,24,24,24,24,23,25,24,24,24,25,24,24,26,24,24,24}","{14,72,68,69,71,67,26,37,51,68,54,63,47,56,50,66,54,60,71,66,61,57,51,60,61,61,71,67,60,68,56}","Моя несносная девчонка / My Sassy Girl (2017) [32/32] [2017, Исторический, романтика, комедия, HDTVRip] [RAW] [400p] + Sub Rus"
5416849,2,18209299,C54D28626F2D73FD0535AC623EEA56BD9FCAA61D,13014835589,1,2026-07-31 02:21:01,1,1,"{7,24,24,24,24,24,24,24,24,24,23,24,24,24,24,24,24,24,24,23,25,24,24,24,25,24,24,26,24,24,24}","{7,24,20,21,23,22,2,13,12,20,10,15,3,8,14,18,12,12,23,20,11,15,45,60,43,17,22,15,13,20,15}","Лес тайн / Secret Forest [16/16] [2017, триллер, TVRip] [RAW] [450p] + Sub Rus"
5419445,2,1688321,D1B50E4611EEAB39E945A3AF49450CE6C8E5A6CD,14307457309,1,2026-07-31 02:21:01,2,2,"{7,24,24,24,24,24,24,24,24,24,23,24,24,24,24,24,24,24,24,23,25,24,24,24,25,24,24,26,24,24,24}","{19,58,51,64,55,65,39,50,51,63,53,39,36,41,41,40,40,36,47,51,39,37,35,36,44,37,53,55,45,47,20}","Двойник / Duel [16/16] [2017, Триллер, драма, криминал, фантастика, HDTVRip] [RAW] [400p] + Sub Rus"
5419447,2,1688321,613AB26264E2D1E4E0549CE28325E5A69B2FCEE8,11635754712,1,2026-07-31 02:21:01,3,2,"{7,24,24,24,24,24,24,24,24,24,23,24,24,24,24,24,24,24,24,23,25,24,24,24,25,24,24,26,24,24,24}","{21,75,68,66,59,59,36,51,48,63,54,54,46,58,46,43,40,39,55,54,39,37,35,36,44,37,53,55,48,55,37}","Круг: Два мира в поисках истины / Circle [12+SP/12+SP] [2017, Научная фантастика, триллер, HDTVRip] [RAW] [400p] + Sub Rus"
5419448,2,1688321,BEBB9DC55D6FCF778290F7A9DBDBB80B27A61359,15056649302,1,2026-07-31 02:21:01,2,2,"{7,24,24,24,24,24,24,24,24,24,23,24,24,24,24,24,24,24,24,23,25,24,24,24,25,24,24,26,24,24,24}","{15,49,45,45,48,50,44,37,36,48,34,39,27,46,37,42,39,36,59,47,36,47,43,36,46,46,46,44,46,44,28}","Лучший хит / The Best Hit [16/16] [2017, Дружба, музыкальный, фантастика, романтика, комедия, HDTVRip] [RAW] [400p] + Sub Rus"
5419450,2,1688321,8F11766D9AEA992CD2361BD392D6C0F5099B6C08,14054824260,1,2026-07-31 02:21:01,2,2,"{7,24,24,24,24,24,24,24,24,24,23,24,24,24,24,24,24,24,24,23,25,24,24,24,25,24,24,26,24,24,24}","{14,48,44,45,47,46,26,37,37,44,31,37,27,45,36,44,45,44,54,52,47,39,40,39,50,42,50,64,67,71,68}","Хранители / Lookout [32/32] [2017, криминал, боевик, детектив, HDTVRip] [RAW] [400p] + Sub Rus"
5420670,2,1688321,00680658779B0DC6C9E80E8302345704ED97C12B,17574725041,1,2026-07-31 02:21:01,2,2,"{7,24,24,24,24,24,24,24,24,24,23,24,24,24,24,24,24,24,24,23,25,24,24,24,25,24,24,26,24,24,24}","{14,48,44,45,47,46,26,37,36,44,31,39,27,32,33,42,36,36,47,43,35,36,34,36,44,37,47,41,36,44,33}","Её чувство собственного достоинства / Woman of Dignity [20/20] [2017, мелодрама, HDTVRip] [RAW] [400p] + Sub Rus"
5424712,2,1688321,FA620160931F388A628A2BFD6D680F59492707D9,15323368819,1,2026-07-31 02:21:01,3,1,"{7,24,24,24,24,24,24,24,24,24,23,24,24,24,24,24,24,24,24,23,25,24,24,24,25,24,24,26,24,24,24}","{29,91,83,73,76,79,61,70,111,111,123,98,104,120,90,89,83,89,79,66,62,63,55,59,67,37,47,66,77,76,59}","Невеста речного Бога / The Bride of Habaek / Bride of the Water God [16/16] [2017, романтика, фэнтези, комедия, HDTVRip] [RAW] [400p] + Sub Rus"
5441310,2,1688321,684ECB39EBB94046586D3932A2BCDFBF0A80E066,15413397621,1,2026-07-31 02:21:01,2,2,"{7,24,24,24,24,24,24,24,24,24,23,24,24,24,24,24,24,24,24,23,25,24,24,24,25,24,24,26,24,24,24}","{14,48,44,45,47,46,37,37,36,46,31,42,27,32,34,49,36,36,47,43,38,38,34,36,44,37,47,41,36,44,34}","Достоин звания доктора / Live Up To Your Name, Dr. Heo [16/16] [2017, Медицина, фантастика, история, комедия, HDTVRip] [RAW] [400p] + Sub Rus"
5443424,2,1688321,2C8BD3753423040822C4A09F792975B0CFDF3ABB,14664507153,1,2026-07-31 02:21:01,3,2,"{7,24,24,24,24,24,24,24,24,24,23,24,24,24,24,24,24,24,24,23,25,24,24,24,25,24,24,26,24,24,24}","{21,72,67,45,66,70,50,61,56,68,54,63,51,56,40,43,43,60,71,66,61,54,51,59,67,55,45,41,57,68,53}","Школа 2017 / Hakgyo 2017 / School 2017 [16/16] [2017, Школа, драма, романика, дружба, детектив, HDTVRip] [RAW] [400p] + Sub Rus"
5446409,2,1688321,92C2C7FF6484DFD519493FBF4D508AFB01D45281,14227334010,1,2026-07-31 02:21:01,2,2,"{7,24,24,24,24,24,24,24,24,24,23,24,24,24,24,24,24,24,24,23,25,24,24,24,25,24,24,26,24,24,24}","{14,48,44,45,47,46,26,37,36,44,31,39,27,32,34,42,36,36,47,43,36,39,34,36,44,37,52,49,36,47,34}","Люк / Maenhol: Isanghan Naraui Pil / Manhole: Wonderland's Feel [16/16] [2017, Фантастика, комедия, романтика, HDTVRip] [RAW] [400p] + Sub Rus"
5446411,2,1688321,D824E07393F0BB878D22AF5F01F49DD70EFFE021,17139563259,1,2026-07-31 02:21:01,3,3,"{7,24,24,24,24,24,24,24,24,24,23,24,24,24,24,24,24,24,24,23,25,24,24,24,25,24,24,26,24,24,24}","{21,72,69,69,71,70,50,68,61,75,57,61,51,56,58,66,55,61,71,66,61,57,58,60,68,61,72,67,60,68,64}","Любовь короля / Wangeun Saranghanda / The King Loves [40/40] [2017, История, романтика, драма, HDTVRip] [RAW] [400p] + Sub Rus"
5453277,2,1688321,060251C0841982ADF03D6838D86A667DFD07C99F,16948897533,1,2026-07-31 02:21:01,3,3,"{7,24,24,24,24,24,24,24,24,24,23,24,24,24,24,24,24,24,24,23,25,24,24,24,25,24,24,26,24,24,24}","{21,72,68,69,71,70,50,61,60,68,54,63,51,56,59,66,55,60,71,66,61,58,58,60,69,61,70,67,68,83,50}","Плавучий госпиталь / Корабль-госпиталь / Hospital Ship [40/40] [2017, Драма, медицина, романтика, HDTVRip] [RAW] [400p] + Sub Rus"
5453281,2,1688321,EE466104370B834BEBFDCDC74BDD549C4D4DA82D,14273234975,1,2026-07-31 02:21:01,2,2,"{7,24,24,24,24,24,24,24,24,24,23,24,24,24,24,24,24,24,24,23,25,24,24,24,25,24,24,26,24,24,24}","{15,48,62,52,47,58,42,47,52,59,31,52,27,45,46,58,52,54,57,57,47,52,32,38,46,42,54,43,49,57,37}","Спаси меня / Save Me [16/16] [2017, Экшн, саспенс, триллер, криминал, HDTVRip] [RAW] [400p] + Sub Rus"
5453284,2,1688321,68A3A278F47CBACAFE1F3E463A82856CF87D9174,17391862537,1,2026-07-31 02:21:01,2,2,"{7,24,24,24,24,24,24,24,24,24,23,24,24,24,24,24,24,24,24,23,25,24,24,24,25,24,24,26,24,24,24}","{18,67,60,50,58,54,32,37,36,45,45,56,40,36,37,55,52,51,50,47,37,48,39,36,48,47,55,41,36,46,35}","Мыслить как преступник / Keurimineol Maindeu / Criminal Minds [20/20] [2017, Драма, криминал, детектив, HDTVRip] [RAW] [400p] + Sub Rus"
5454986,2,1688321,0D26232DC291D98AEED9D7B6EE27DF3DDD43D09B,12676546696,1,2026-07-31 02:21:01,3,2,"{7,24,24,24,24,24,24,24,24,24,23,24,24,24,24,24,24,24,24,23,25,24,24,24,25,24,24,26,24,24,24}","{21,72,68,69,71,70,50,61,60,68,53,63,51,56,58,66,60,60,71,66,60,59,55,60,69,61,71,67,60,68,59}","Сильнейший доставщик / Choigang Baedalkkun / Strongest Deliveryman [16/16] [2017, Драма, романтика, комедия, HDTVRip] [RAW] [400p] + Sub Rus"
5454988,2,1688321,DCE8ABC6200CF1B1D86EA3CA504F6D0DABBFE677,7154431661,1,2026-07-31 02:21:01,2,2,"{7,24,24,24,24,24,24,24,24,24,23,24,24,24,24,24,24,24,24,23,25,24,24,24,25,24,24,26,24,24,24}","{14,48,44,45,47,46,26,37,36,44,30,37,27,32,37,42,36,36,47,43,35,39,34,36,44,37,47,41,36,44,25}","Поколение девушек 1979 / Girls Generation 1979 [8/8] [2017, Школа, дружба, романтика, мистика, HDTVRip] [RAW] [400p] + Sub Rus"
5457667,2,1688321,3B0CF8FC5EECBC08A7C0956E921973BE3C841AC9,17179895780,1,2026-07-31 02:21:01,2,2,"{7,24,24,24,24,24,24,24,24,24,23,24,24,24,24,24,24,24,24,23,25,24,24,24,25,24,24,26,24,24,24}","{19,72,69,69,71,70,46,61,55,67,33,39,27,49,34,42,36,38,53,66,63,66,55,50,74,57,67,71,61,54,39}","Температура любви / Sarangui Ondo / Temperature of Love [40/40] [2017, Романтика, комедия, HDTVRip] [RAW] [400p] + Sub Rus"
5458983,2,1688321,4679A900CB4C1129F2E0ECC7F2744FC1F069124F,3360041948,1,2026-07-31 02:21:01,3,3,"{7,24,24,24,24,24,24,24,24,24,23,24,24,24,24,24,24,24,24,23,25,24,24,24,25,24,24,26,24,24,24}","{21,72,65,72,79,80,73,109,85,90,77,87,85,96,94,96,96,94,92,92,99,83,78,84,94,85,95,93,84,92,74}","Мама-Робот / Borg Mom [4/8] [2017, Корея, Комедия, семейный, ситком, научная фантастика, HDTVRip] [RAW] [400p]"
5459426,2,1688321,F33CF49314FC5D57FC4577519AD129CB8F221676,13815360609,1,2026-07-31 02:21:01,4,1,"{7,24,24,24,24,24,24,24,24,24,23,24,24,24,24,24,24,24,24,23,25,24,24,24,25,24,24,26,24,24,24}","{25,79,85,79,80,83,88,67,80,80,72,85,70,76,80,73,68,72,108,81,93,72,69,78,83,95,84,94,85,101,84}","Пока ты спишь / Пока ты спала / While you were sleeping [32/32] [2017, Фантастика, романтика, драма, криминал, детектив, HDTVRip] [RAW] [400p] + Sub Rus"
5467587,2,1688321,474C6F127614EC39C496293DAE26FA94865D5B05,15436543934,1,2026-07-31 02:21:01,3,2,"{7,24,24,24,24,24,24,24,24,24,23,24,24,24,24,24,24,24,24,23,25,24,24,24,25,24,24,26,24,24,24}","{21,77,78,77,75,76,61,70,64,72,58,64,70,62,63,80,64,65,76,79,69,64,53,58,69,51,80,79,64,71,60}","Эта жизнь для нас первая / Эта жизнь у нас первая / Это наша первая жизнь / This Is My First Life [16/16] [2017, Драма, романтика, комедия, HDTVRip] [RAW] [400p] + Sub Rus"
5467589,2,1688321,3AA71F3AC504CC21B7D3A8FB32321F3B0F7D09CF,13980036244,1,2026-07-31 02:21:01,3,2,"{7,24,24,24,24,24,24,24,24,24,23,24,24,24,24,24,24,24,24,23,25,24,24,24,25,24,24,26,24,24,24}","{21,72,68,95,71,70,41,61,53,63,47,39,27,32,45,66,52,36,47,48,60,60,54,60,67,41,71,67,60,68,43}","Парень и девушка прошлого века / Парень и девушка 20 века / 20th Century Boy and Girl [32/32] [2017, Романтика, комедия, HDTVRip] [RAW] [400p] + Sub Rus"
5467621,2,1688321,0DBCE14603579B2172248C40FB39EBA80DC0810D,36685760773,1,2026-07-31 02:21:01,2,1,"{7,24,24,24,24,24,24,24,24,24,23,24,24,24,24,24,24,24,24,23,25,24,24,24,25,24,24,26,24,24,24}","{14,48,44,45,47,46,26,37,32,44,29,30,27,32,36,42,35,36,47,43,35,38,31,32,44,37,47,41,36,52,51}","Моя золотая жизнь / My Golden Life [52/52] [2017, семейный, романтика, HDTVRip] [RAW] [400p] + Sub Rus"
5469245,2,1688321,6F44D44737CDB1BEB5FB4E66F3186F1DBE1970DE,10673316234,1,2026-07-31 02:21:01,2,2,"{7,24,24,24,24,24,24,24,24,24,23,24,24,24,24,24,24,24,24,23,25,24,24,24,25,24,24,26,24,24,24}","{14,51,46,45,50,46,27,42,43,47,35,42,29,39,36,53,46,38,51,43,35,38,35,46,45,43,48,51,38,44,32}","Исповедь супругов / Confession Couple / Go Back Couple [12/12] [2017, романтика, комедия, семейный, фантастика, HDTVRip] [RAW] [400p] + Sub Rus"
5469312,2,1688321,8852C3222C92D9AD5D70FC8C4D8AAF10DB28B2C3,13771550538,1,2026-07-31 02:21:01,2,2,"{7,24,24,24,24,24,24,24,24,24,23,24,24,24,24,24,24,24,24,23,25,24,24,24,25,24,24,26,24,24,24}","{14,48,44,45,47,46,26,37,36,44,31,39,27,32,34,42,36,36,47,43,35,37,34,36,44,37,47,41,36,44,26}","Ведьмин суд / Суд ведьмы / Witch's Court [16/16] [2017, юридический, криминал, романтика, HDTVRip] [RAW] [400p] + Sub Rus"
5469373,2,1688321,C5ABECE56E36DF8674E97CA487D4601EA6776C53,10777322669,1,2026-07-31 02:21:01,3,1,"{7,24,24,24,24,24,24,24,24,24,23,24,24,24,24,24,24,24,24,23,25,24,24,24,25,24,24,26,24,24,24}","{25,83,81,79,81,90,87,77,80,93,79,90,76,49,42,49,61,60,71,75,71,65,53,63,71,63,76,67,60,74,50}","Турпакет / Багаж / The Package [12/12] [2017, Путешествия, комедия, драма, дружба, романтика, HDTVRip] [RAW] [400p] + Sub Rus"
5469378,2,1688321,B6B4E7CA71F5877AF38E611B30EDE3EDDC867315,15389676741,1,2026-07-31 02:21:01,2,2,"{7,24,24,24,24,24,24,24,24,24,23,24,24,24,24,24,24,24,24,23,25,24,24,24,25,24,24,26,24,24,24}","{14,48,44,45,47,46,26,37,36,44,31,39,27,32,34,42,36,36,47,43,36,39,33,36,44,37,47,41,37,44,30}","Революционная любовь / Revolutionary Love [16/16] [2017, Романтика, комедия, дружба, HDTVRip] [RAW] [400p] + Sub Rus"
5469380,2,1688321,3F3A2A79CD41255E3B3F447EBD66B76CA5B0C5C4,19401704680,1,2026-07-31 02:21:01,2,2,"{7,24,24,24,24,24,24,24,24,24,23,24,24,24,24,24,24,24,24,23,25,24,24,24,25,24,24,26,24,24,24}","{20,58,46,48,47,46,31,44,43,45,31,39,31,35,37,46,53,36,47,43,36,39,35,38,44,49,48,41,37,44,29}","Тьма / Блэк / Black [18/18] [2017, Романтика, криминал, триллер, фантастика, HDTVRip] [RAW] [400p] + Sub Rus"
5469381,2,1688321,B900B890E6603F8A3132B618F02A2F747897D10C,5355623931,1,2026-07-31 02:21:01,2,2,"{7,24,24,24,24,24,24,24,24,24,23,24,24,24,24,24,24,24,24,23,25,24,24,24,25,24,24,26,24,24,24}","{14,48,44,45,47,46,26,37,36,44,31,39,27,32,34,42,36,36,47,43,36,36,34,36,44,37,46,41,36,44,39}","Бешеный пёс / Mad Dog [6/16] [2017, Детектив, драма, криминал, HDTVRip] [RAW] [400p] + Sub Rus"
5479944,2,12194254,6869DD7FB92EEFC966FC096CFAA37C6445048278,12224937984,1,2026-07-31 02:21:01,3,2,"{7,24,24,24,24,24,24,24,24,24,23,24,24,24,24,24,24,24,24,23,25,24,24,24,25,24,24,26,24,24,24}","{21,72,68,69,71,70,50,61,60,68,54,61,51,56,57,66,60,60,71,66,60,61,58,60,69,61,70,67,60,69,59}","Эта удивительная жизнь / Wonderful Life [16/16] [2005, комедия, романтика, семья, драма, TVRip] [RAW] VO (Korean Craze)"
5481597,2,32181383,0C6DD7FC95A5802337602AB8462235B7BFA4A332,14853386240,1,2026-07-31 02:21:01,2,2,"{7,24,24,24,24,24,24,24,24,24,23,24,24,24,24,24,24,24,24,23,25,24,24,24,25,24,24,26,24,24,24}","{20,72,68,69,71,58,50,61,59,68,53,63,50,45,38,56,36,50,71,66,56,60,58,63,68,61,70,65,66,61,56}","Однажды в Сэнчори / Once Upon a Time in Saengchori / Once Upon a Time in Saengchori [20/20] [2010, комедия, саспенс, романтика, HDTVRip] [RAW] [450p] VO (Korean Craze)"
5490247,2,1688321,5B4288B28F1FC34EAF690A135EAC13EA73A461A4,13846661870,1,2026-07-31 02:21:01,2,2,"{7,24,24,24,24,24,24,24,24,24,23,24,24,24,24,24,24,24,24,23,25,24,24,24,25,24,24,26,24,24,24}","{14,48,44,45,47,46,38,37,36,46,31,42,27,32,35,49,36,36,47,43,39,36,34,36,44,37,47,41,36,44,34}","Два Копа / Two Cops [32/32] [2017, Комедия, романтика, фантастика, детектив, HDTVRip] [RAW] [400p] + Sub Rus"
5503945,2,1688321,E6783E07DBFCFC2226F2FE7692E7E885B1AD595E,14289222649,1,2026-07-31 02:21:01,2,2,"{7,24,24,24,24,24,24,24,24,24,23,24,24,24,24,24,24,24,24,23,25,24,24,24,25,24,24,26,24,24,24}","{14,55,44,53,73,90,72,51,48,54,45,73,74,71,61,71,51,55,50,78,68,42,51,47,53,55,72,85,70,53,39}","Я не робот / Roboti Aniya / I'm not a robot [32/32] [2017-2018, Научная фантастика, романтика, комедия, мелодрама, HDTVRip] [RAW] [400p] + Sub Rus"
5507187,2,1688321,EBE0B36E390C2D56BAD4F2A49751E693F5EFDCB6,17492930274,1,2026-07-31 02:21:01,2,2,"{7,24,24,24,24,24,24,24,24,24,23,24,24,24,24,24,24,24,24,23,25,24,24,24,25,24,24,26,24,24,24}","{14,48,44,45,47,46,26,39,36,49,31,39,30,34,34,42,36,36,47,50,35,38,33,37,48,37,47,41,36,44,23}","Чёрный рыцарь / Тёмный рыцарь / Heukgisa / The Black Knight [20/20] [2017-2018, драма, романтика, фэнтези, HDTVRip] [RAW] [400p] + Sub Rus"
5507188,2,1688321,C62CE1D4DF57192E763959D692B218D2BA6A42C7,16093395249,1,2026-07-31 02:21:01,3,2,"{7,24,24,24,24,24,24,24,24,24,23,24,24,24,24,24,24,24,24,23,25,24,24,24,25,24,24,26,24,24,24}","{22,79,72,72,71,70,50,61,59,68,54,63,51,56,58,66,60,60,71,66,61,61,55,60,67,61,71,67,61,68,55}","Только между влюбленными / Rain or Shine / Just Between Lovers [16/16] [2017-2018, Мелодрама, романтика, HDTVRip] [RAW] [400p] + Sub Rus"
5507189,2,1688321,B7F04F5480B7A72C0C379BF0F1303CADEFCFFF9A,13660578449,1,2026-07-31 02:21:01,2,2,"{7,24,24,24,24,24,24,24,24,24,23,24,24,24,24,24,24,24,24,23,25,24,24,24,25,24,24,26,24,24,24}","{14,48,44,45,47,46,26,37,36,44,31,39,27,32,34,42,36,36,47,43,35,38,34,36,44,37,64,61,49,66,63}","Мудрая жизнь в тюрьме / Wise Prison Life [11/16] [2017-2018, комедия, драма, HDTVRip] [RAW] [400p] + Sub Rus"
5507190,2,1688321,6B3180DE49703427CED881887ECAC3755B112B65,21451373567,1,2026-07-31 02:21:01,2,2,"{7,24,24,24,24,24,24,24,24,24,23,24,24,24,24,24,24,24,24,23,25,24,24,24,25,24,24,26,24,24,24}","{14,48,44,45,47,46,26,37,36,44,31,39,27,32,34,42,36,36,47,43,36,37,35,36,44,37,47,41,36,44,32}","Запах денег / Money Flower [24/24] [2017-2018, драма, романтика, бизнес, HDTVRip] [RAW] [400p] + Sub Rus"
5511873,2,213560,41142954D52BC8FD08DBA5F880F2D45BEFE67A33,11754898221,1,2026-07-31 02:21:01,3,1,"{7,24,24,24,24,24,24,24,24,24,23,24,24,24,24,24,24,24,24,23,25,24,24,24,25,24,24,26,24,24,24}","{26,80,80,79,79,80,73,77,85,90,77,87,75,80,73,90,84,84,95,89,85,82,79,84,94,85,95,93,84,92,71}","Ирландия / Aillaendeu / Ireland [16/16] [2004, драма, романтика, TVRip] [RAW] [480p] + Sub Rus"
5523428,2,1688321,A39826C6BEFE4FE7F82722CC18B73626F07FDA06,14371995464,1,2026-07-31 02:21:01,2,2,"{7,24,24,24,24,24,24,24,24,24,23,24,24,24,24,24,24,24,24,23,25,24,24,24,25,24,24,26,24,24,24}","{16,71,77,78,87,72,61,68,67,69,61,65,67,58,67,73,69,65,73,84,92,75,68,73,83,65,86,83,57,72,52}","Мама / Mother [16/16] [2018, мелодрама, HDTVRip] [RAW] [400p] + Sub Rus"
5523512,2,1688321,5077C69B9380BE873C34A8781538A68D0787EBC1,14684314272,1,2026-07-31 02:21:01,2,2,"{7,24,24,24,24,24,24,24,24,24,23,24,24,24,24,24,24,24,24,23,25,24,24,24,25,24,24,26,24,24,24}","{18,67,68,53,55,52,34,41,36,52,33,39,27,32,34,42,36,38,47,43,35,38,33,36,47,39,47,41,36,46,39}","Радио &quot;Романтика&quot; / Радио Романтика / Radio Romance [16/16] [2018, Мелодрама, романтика, HDTVRip] [400p] + Sub Rus"
5523515,2,1688321,21B5A8E74DF56C0E77F9C924F9717EDCA56B1FB4,19774960556,1,2026-07-31 02:21:01,3,2,"{7,24,24,24,24,24,24,24,24,24,23,24,24,24,24,24,24,24,24,23,25,24,24,24,25,24,24,26,24,24,24}","{21,72,77,84,92,89,82,86,98,94,80,86,87,80,93,99,96,96,96,96,120,108,115,120,125,115,105,104,98,97,95}","Гостевой дом &quot;Вайкики&quot; / Смех в &quot;Вайкики&quot; / Laughter in Waikiki [20+SP/20+SP] [2018, комедия, романтика, драма, ситком, HDTVRip] [RAW] [400p] + Sub Rus"
5523516,2,1688321,4FD94346C3F097FC24D8DDA5B8181C2D127BDBF9,13895964759,1,2026-07-31 02:21:01,2,2,"{7,24,24,24,24,24,24,24,24,24,23,24,24,24,24,24,24,24,24,23,25,24,24,24,25,24,24,26,24,24,24}","{14,53,62,49,52,51,33,45,42,52,36,42,36,37,40,47,45,47,56,50,46,46,39,47,54,53,56,50,49,45,32}","Крест / Крест: Дар божий / Cross [16/16] [2018, Драма, медицина, триллер, месть, HDTVRip] [RAW] [400p] + Sub Rus"
5532935,2,23733559,6371F71A26078502BC444294A4E7CA402F6FF9D5,6030947653,1,2026-07-31 02:21:01,2,1,"{7,24,24,24,24,24,24,24,24,24,23,24,24,24,24,24,24,24,24,23,25,24,24,24,25,24,24,26,24,24,24}","{21,74,68,68,71,70,54,72,62,68,69,82,69,48,46,59,77,80,82,53,54,59,59,47,75,55,61,59,74,56,41}","Кровь / Beulreodeu / Blood [20 из 20] [2015, медицина, романтика, фантастика, драма, вампиры, HDTVRip] [RAW] [360p] DVO, KOR (GREEN TEA)"
5536684,2,1688321,A268C78092630575D97613FF582C814D18ECCB59,20824522158,1,2026-07-31 02:21:01,2,2,"{7,24,24,24,24,24,24,24,24,24,23,24,24,24,24,24,24,24,24,23,25,24,24,24,25,24,24,26,24,24,24}","{14,53,49,48,61,57,30,46,54,57,39,56,32,39,37,55,63,69,83,69,63,62,61,62,77,75,71,71,72,78,51}","Хваюги / A Korean Odyssey / Hwayugi [20/20] [2018, Фэнтези, комедия, романтика, HDTVRip] [RAW] [400p] + Sub Rus"
5537169,2,1688321,E2B9F5B0B0AB094DC10DEA5DF2602EA5584A6982,15949244917,1,2026-07-31 02:21:01,3,2,"{7,24,24,24,24,24,24,24,24,24,23,24,24,24,24,24,24,24,24,23,25,24,24,24,25,24,24,26,24,24,24}","{21,72,68,69,71,69,49,60,60,68,53,63,51,56,60,62,53,51,67,82,77,64,59,58,77,71,86,86,78,86,71}","Добрая ведьма / Хорошая ведьма / Good Witch [20/20] [2018, Комедия, романтика, мелодрама, семейный, HDTVRip] [RAW] [400p] + Sub Rus"
5537570,2,1688321,4EE2A35419A988566F885C67CCC8551FF04C7CBD,11503386516,1,2026-07-31 02:21:01,2,2,"{7,24,24,24,24,24,24,24,24,24,23,24,24,24,24,24,24,24,24,23,25,24,24,24,25,24,24,26,24,24,24}","{14,48,44,45,47,46,26,37,36,44,31,39,27,32,34,42,36,36,47,43,35,39,35,36,44,37,47,41,36,44,39}","Этот парень О Су / Этот мужчина О Су / That Man Oh Soo [16/16] [2018, фэнтези, комедия, романтика, HDTVRip] [RAW] [400p] + Sub Rus"
5537573,2,1688321,ED15026C3DCAFF77BD3E97C43D9442B3FC613F4D,20931969140,1,2026-07-31 02:21:01,2,2,"{7,24,24,24,24,24,24,24,24,24,23,24,24,24,24,24,24,24,24,23,25,24,24,24,25,24,24,26,24,24,24}","{14,48,44,45,47,46,26,37,36,44,31,37,27,32,34,42,36,36,47,44,43,48,37,41,52,47,58,57,50,53,56}","Мой муж О Чжак Ду / My Husband Oh Jak Doo [24/24] [2018, Драма, мелодрама, романтика, HDTVRip] [RAW] [400p] + Sub Rus"
5537576,2,1688321,D9801EC11D89BBAE2EA59FF72BC44E088D007217,17884136416,1,2026-07-31 02:21:01,2,2,"{7,24,24,24,24,24,24,24,24,24,23,24,24,24,24,24,24,24,24,23,25,24,24,24,25,24,24,26,24,24,24}","{14,48,44,45,47,46,26,37,36,44,31,39,27,32,34,42,36,36,47,43,35,37,34,36,44,37,47,41,36,44,28}","Живой / Жизнь / Live [18/18] [2018, Детектив, драма, HDTVRip] [RAW] [400p] + Sub Rus"
5539985,2,213560,26B87609F1E36E61566941E3DE20649F2529584D,9141059664,1,2026-07-31 02:21:01,2,2,"{7,24,24,24,24,24,24,24,24,24,23,24,24,24,24,24,24,24,24,23,25,24,24,24,25,24,24,26,24,24,24}","{14,48,44,45,47,46,26,37,36,44,31,39,27,32,35,42,36,36,47,43,36,38,32,36,44,37,47,41,36,44,21}","Хотельер / Hotelieo / Hotelier [20/20] [2001, драма, романтика, DVDRip] [RAW] [480p] + Sub Rus"
5543894,2,1688321,0FF418F1EFE2A006F7360E0F42648B764D823B98,14089855648,1,2026-07-31 02:21:01,2,2,"{7,24,24,24,24,24,24,24,24,24,23,24,24,24,24,24,24,24,24,23,25,24,24,24,25,24,24,26,24,24,24}","{16,63,62,64,65,62,45,55,51,68,47,55,42,50,51,62,53,50,66,59,53,57,49,50,64,52,63,61,54,60,39}","Переключи мир / Switch: Change the World [32/32] [2018, Драма, юриспруденция, HDTVRip] [RAW] [400p] + Sub Rus"
5543903,2,1688321,689893732E34EC1F1847F4D26872D2F92E7EA6D3,4541077476,1,2026-07-31 02:21:01,2,1,"{7,24,24,24,24,24,24,24,24,24,23,24,24,24,24,24,24,24,24,23,25,24,24,24,25,24,24,26,24,24,24}","{14,48,44,45,47,46,26,37,26,25,8,15,3,8,14,15,12,12,23,20,11,16,11,12,19,13,23,15,12,20,15}","Великий принц: Рисуя любовь / Grand Prince: Paint a Picture [5/20] [2018, Исторический, романтика, мелодрама, HDTVRip] [RAW] [400p] + Sub Rus"
5543910,2,1688321,ABB2E4DCF3541B2355855469284D392FAEDD4078,14184194633,1,2026-07-31 02:21:01,2,2,"{7,24,24,24,24,24,24,24,24,24,23,24,24,24,24,24,24,24,24,23,25,24,24,24,25,24,24,26,24,24,24}","{14,55,48,50,51,59,31,42,40,48,35,42,40,36,39,51,47,45,52,58,39,42,37,36,50,42,67,62,41,54,30}","Игра в любовь / Великий соблазнитель / Love Game: The Great Seducer [32/32] [2018, Романтика, мелодрама, HDTVRip] [RAW] [400p] + Sub Rus"
5543916,2,1688321,835B036559A0BB3E79551D520D76F7F66659BF1E,14237460234,1,2026-07-31 02:21:01,3,2,"{7,24,24,24,24,24,24,24,24,24,23,24,24,24,24,24,24,24,24,23,25,24,24,24,25,24,24,26,24,24,24}","{21,72,68,69,71,70,60,61,61,72,54,66,51,56,58,73,60,60,68,66,63,59,54,60,69,61,70,67,60,68,63}","Королева детектива 2 / Mystery Queen 2 [16/16] [2018, детектив, комедия, HDTVRip] [RAW] [400p] + Sub Rus"
5567057,2,1688321,BE8CDE58E46E862AF48B916C1647B26E86125349,14019302497,1,2026-07-31 02:21:01,3,2,"{7,24,24,24,24,24,24,24,24,24,23,24,24,24,24,24,24,24,24,23,25,24,24,24,25,24,24,26,24,24,24}","{26,80,80,83,86,86,81,81,77,91,76,85,75,80,82,90,83,83,104,89,84,80,69,60,85,85,94,93,84,89,83}","Красавчик и Чжон Ым / Handsome Guy and Jung Eum [32/32] [2018, романика, комедия, HDTVRip] [RAW] [400p] + Sub Rus"
5567059,2,1688321,33C1EEF557933D321D8F1B80D8A5BB6E003CF7F3,16655512893,1,2026-07-31 02:21:01,2,2,"{7,24,24,24,24,24,24,24,24,24,23,24,24,24,24,24,24,24,24,23,25,24,24,24,25,24,24,26,24,24,24}","{14,48,44,45,47,46,26,37,36,44,31,39,27,32,34,42,36,36,47,43,36,37,32,45,69,53,46,41,37,44,21}","Лапша любви / Блюдо любви / Wok of Love [38/38] [2018, Комедия, мелодрама, романтика, HDTVRip] [RAW] [400p] + Sub Rus"
5567060,2,1688321,90E16B2FED03D227CB3873BB1E43B65D20F38043,14458356505,1,2026-07-31 02:21:01,3,1,"{7,24,24,24,24,24,24,24,24,24,23,24,24,24,24,24,24,24,24,23,25,24,24,24,25,24,24,26,24,24,24}","{26,78,70,69,71,70,50,62,67,87,76,83,73,78,42,71,80,67,88,84,75,61,52,67,74,69,86,74,59,65,63}","Вовремя / О времени / About Time [16/16] [2018, Мелодрама, романтика, фантастика, HDTVRip] [RAW] [400p] + Sub Rus"
5567062,2,1688321,28A40B83BF7212FD9F0B6BBDB08C4CB0AA7C4241,14282116129,1,2026-07-31 02:21:01,3,2,"{7,24,24,24,24,24,24,24,24,24,23,24,24,24,24,24,24,24,24,23,25,24,24,24,25,24,24,26,24,24,24}","{21,77,68,69,71,73,38,51,57,70,59,66,62,64,54,44,40,41,47,43,42,59,56,38,70,83,81,64,81,86,65}","Богатый мужчина / Reachy Maeny / Rich Man [16/16] [2018, Романтика, комедия, HDTVRip] [RAW] [400p] + Sub Rus"
5567066,2,1688321,1FEB7002BBB0E7AD6327A6CA085FE088D13A6427,3624353639,1,2026-07-31 02:21:01,2,2,"{7,24,24,24,24,24,24,24,24,24,23,24,24,24,24,24,24,24,24,23,25,24,24,24,25,24,24,26,24,24,24}","{14,48,44,45,47,46,26,37,36,44,46,45,27,32,38,42,36,36,47,43,36,38,44,36,53,41,49,41,44,48,22}","Адвокат вне закона / Lawless Attorney / Lawless Lawyer [4/16] [2018, Драма, юриспруденция, триллер, детектив, HDTVRip] [RAW] [400p] + Sub Rus"
5567068,2,1688321,2A412E6AE985EF4514DBAD5EDFA71B5B42F0E7E6,15936045424,1,2026-07-31 02:21:01,5,2,"{7,24,24,24,24,24,24,24,24,24,23,24,24,24,24,24,24,24,24,23,25,24,24,24,25,24,24,26,24,24,24}","{25,72,74,75,74,80,72,70,59,68,55,66,61,41,51,55,39,36,58,49,45,62,55,41,62,53,67,72,62,47,64}","Красивая нуна, покупающая мне еду / Однажды под дождем / Pretty Noona Who Buys Me Food / Something in the Rain [16/16] [2018, Мелодрама, романтика, HDTVRip] [RAW] [400p] + Sub Rus"
5580077,2,3075709,51D228604B034C0A61060F08C7E22DFEA581991C,11830417408,1,2026-07-31 02:21:01,3,3,"{7,24,24,24,24,24,24,24,24,24,23,24,24,24,24,24,24,24,24,23,25,24,24,24,25,24,24,26,24,24,24}","{21,72,68,69,71,70,50,61,64,68,54,63,51,56,58,63,55,60,71,66,61,57,57,59,69,61,70,67,60,68,46}","Секрет / Bi-mil / Secret [18/18] [2000, мелодрама, драма, романтика, DVDRip] [RAW] [480p] VO (Korean Craze)"
5580848,2,3075709,CD684532168190549A2EA406EFF07D3E497F3A0F,10329819136,1,2026-07-31 02:21:01,3,2,"{7,24,24,24,24,24,24,24,24,24,23,24,24,24,24,24,24,24,24,23,25,24,24,24,25,24,24,26,24,24,24}","{23,75,68,69,71,70,50,66,82,88,68,86,73,80,79,75,76,66,73,92,97,74,89,92,95,91,99,103,83,86,84}","Роман / Ro-Mang-Seu / Romangseu / Romance [16/16] [2002, мелодрама, драма, комедия, TVRip] [RAW] [360p] VO (Korean Craze)"
5586543,2,3075709,7F6E268535D292577B9CBFBA0ECB9474AE91335E,12388358144,1,2026-07-31 02:21:01,2,2,"{7,24,24,24,24,24,24,24,24,24,23,24,24,24,24,24,24,24,24,23,25,24,24,24,25,24,24,26,24,24,24}","{14,48,44,45,47,46,26,37,37,44,31,39,27,32,34,42,36,36,47,43,35,37,34,36,44,37,65,45,36,44,29}","Моей невестке 19 / Hyeolsunimeun Yeolah Heop / My Sister in Law is 19 [16/16] [2004, мелодрама, драма, романтика, DVDRip] [RAW] [480p] VO (Korean Craze)"
5588760,2,1688321,A20A244C9BEBF9D82BAF67FC4E17172D56E1589D,15443580814,1,2026-07-31 02:21:01,4,2,"{7,24,24,24,24,24,24,24,24,24,23,24,24,24,24,24,24,24,24,23,25,24,24,24,25,24,24,26,24,24,24}","{28,163,161,148,158,169,167,145,113,128,122,143,140,174,163,156,160,165,190,180,166,135,140,132,132,166,158,187,160,153,154}","Что не так, секретарь Ким? / Что случилось с секретарём Ким? / What’s Wrong With Secretary Kim? [16/16] [2018, Романтика, комедия, HDTVRip] [RAW] [400p] + Sub Rus"
5589078,2,1688321,079903628F53942FAAA0D3DDB13711B8E06FFDD5,15683095845,1,2026-07-31 02:21:01,2,2,"{7,24,24,24,24,24,24,24,24,24,23,24,24,24,24,24,24,24,24,23,25,24,24,24,25,24,24,26,24,24,24}","{14,48,44,45,47,50,44,43,39,47,31,44,33,53,40,46,41,44,55,57,39,41,38,39,49,41,53,42,41,52,24}","Ты тоже человек? / Neodo Inganini / Are you human too? [36/36] [2018, Научная фантастика, мистерия, драма, романтика, HDTVRip] [RAW] [400p] + Sub Rus"
5597402,2,1688321,E586610B3A8FA9947A9C8F3982DE0B22F4F82299,14538679560,1,2026-07-31 02:21:01,2,2,"{7,24,24,24,24,24,24,24,24,24,23,24,24,24,24,24,24,24,24,23,25,24,24,24,25,24,24,26,24,24,24}","{14,54,46,49,55,46,29,37,42,48,35,47,27,32,42,53,37,36,56,54,36,40,34,45,55,40,46,41,50,45,29}","Мой ID: Каннамская Красотка / My ID Is Gangnam Beauty [16/16] [2018, лайв-экшн, драма, романтика, HDTVRip] [RAW] [400p] + Sub Rus"
5597403,2,1688321,DA7EFDA5989176B90FA52831C840B4C1C6BE6EA2,13689387566,1,2026-07-31 02:21:01,3,3,"{7,24,24,24,24,24,24,24,24,24,23,24,24,24,24,24,24,24,24,23,25,24,24,24,25,24,24,26,24,24,24}","{21,72,68,69,71,70,50,61,60,68,54,61,51,56,57,66,55,60,71,66,59,58,53,60,68,61,70,67,61,68,56}","Помощник по дому / Ваш помощник по дому / Your House Helper [16/16] [2018, Романтика, комедия, HDTVRip] [RAW] [400p] + Sub Rus"
5597406,2,1688321,41573EC1D11835A65ED2AEBF9CB1ED4CD9F58CAA,24316355648,1,2026-07-31 02:21:01,4,1,"{7,24,24,24,24,24,24,24,24,24,23,24,24,24,24,24,24,24,24,23,25,24,24,24,25,24,24,26,24,24,24}","{37,96,103,86,103,122,124,104,102,125,133,103,97,113,74,100,86,79,76,103,102,101,86,97,97,95,97,108,91,104,90}","Мистер Саншайн / Misteu Saneushaineu / Mr. Sunshine [24/24] [2018, Драма, романтика, исторический, военный, HDTVRip] [RAW] [400p] + Sub Rus"
5597407,2,1688321,6EBDD405A112319E0952AD7B2EB974E2EF720326,13750805032,1,2026-07-31 02:21:01,2,2,"{7,24,24,24,24,24,24,24,24,24,23,24,24,24,24,24,24,24,24,23,25,24,24,24,25,24,24,26,24,24,24}","{14,51,44,48,56,58,40,46,40,46,32,40,40,41,36,44,40,36,54,47,47,45,36,38,51,45,55,50,44,47,44}","Из 17 в 30 / 30, но 17 / Thirty But Seventeen [16/16] [2018, Комедия, мелодрама, романтика, HDTVRip] [RAW] [400p] + Sub Rus"
5597408,2,1688321,E3E2B23E644C4411C994300509FBB2A7B9BB0115,13708688595,1,2026-07-31 02:21:01,2,1,"{7,24,24,24,24,24,24,24,24,24,23,24,24,24,24,24,24,24,24,23,25,24,24,24,25,24,24,26,24,24,24}","{23,79,76,72,78,78,63,63,63,74,70,79,63,60,70,79,76,75,74,70,59,71,59,60,72,71,80,67,60,70,62}","Уважаемый судья / Your Honor [16/16] [2018, Драма, комедия, HDTVRip] [RAW] [400p] + Sub Rus"
5597411,2,1688321,DB9C1FD4B2D5D57B2EB1F88D5F9934A7F54C3F22,13620845273,1,2026-07-31 02:21:01,3,2,"{7,24,24,24,24,24,24,24,24,24,23,24,24,24,24,24,24,24,24,23,25,24,24,24,25,24,24,26,24,24,24}","{21,74,68,69,71,66,31,59,60,69,58,66,52,62,52,64,62,61,73,66,60,60,54,69,69,66,75,75,61,68,59}","Время / Shigan / Time (2018) [16/16] [2018, Мелодрама, романтика, HDTVRip] [RAW] [400p] + Sub Rus"
5628713,2,1688321,45FA08A0C8B0A115310A31DDA727699877914654,15105299631,1,2026-07-31 02:21:01,2,2,"{7,24,24,24,24,24,24,24,24,24,23,24,24,24,24,24,24,24,24,23,25,24,24,24,25,24,24,26,24,24,24}","{14,48,44,45,47,46,26,37,36,44,31,39,27,32,34,42,36,36,47,43,36,39,35,36,43,37,46,41,36,44,27}","Мисс Хаммурапи / Miss Hammurabi [16/16] [2018, романтика, детектив, HDTVRip] [RAW] [400p] + Sub Rus"
5628732,2,1688321,F42010B1E7AD46B9BAB0F5D9BECB336A2F704F7E,14777349428,1,2026-07-31 02:21:01,2,2,"{7,24,24,24,24,24,24,24,24,24,23,24,24,24,24,24,24,24,24,23,25,24,24,24,25,24,24,26,24,24,24}","{14,48,44,45,47,46,26,37,36,44,31,39,27,32,36,42,36,36,47,43,36,38,34,36,43,37,47,41,36,44,34}","Жена, которую я знаю / Familiar Wife / Wife That I Know [16/16] [2018, Фантастика, романтика, HDTVRip] [RAW] [400p] + Sub Rus"
5628741,2,1688321,097DD3A81369C1CE1D892CFB87A4F93BAE19C918,13751503804,1,2026-07-31 02:21:01,2,2,"{7,24,24,24,24,24,24,24,24,24,23,24,24,24,24,24,24,24,24,23,25,24,24,24,25,24,24,26,24,24,24}","{14,48,44,45,47,46,26,37,36,44,31,39,27,32,34,42,36,36,47,43,35,38,33,36,43,37,47,41,36,44,39}","Там, куда падают звёзды / Yeougaksibyeol / Where Stars Land [16/16] [2018, Мелодрама, романтика, HDTVRip] [RAW] [400p] + Sub Rus"
5628746,2,1688321,CDF85A7695403F42D92C505DF2B3E82832DB06B6,14306313567,1,2026-07-31 02:21:01,2,2,"{7,24,24,24,24,24,24,24,24,24,23,24,24,24,24,24,24,24,24,23,25,24,24,24,25,24,24,26,24,24,24}","{15,58,66,76,75,50,32,37,36,48,34,39,27,49,43,68,72,72,110,71,71,47,43,36,45,46,70,78,46,44,28}","И миллион звёзд падёт с небес / Улыбка, застывшая в твоих глазах / Hundred Million Stars From the Sky [16/16] [2018, Драма, романтика, мистерия, триллер, HDTVRip] [RAW] [400p] + Sub Rus"
5628814,2,1688321,11CFA83AED9E836CCA01BE273504055129118099,15743812445,1,2026-07-31 02:21:01,2,2,"{7,24,24,24,24,24,24,24,24,24,23,24,24,24,24,24,24,24,24,23,25,24,24,24,25,24,24,26,24,24,24}","{14,52,48,55,51,54,26,49,47,57,43,41,51,41,44,53,41,38,53,50,36,43,39,37,52,46,67,52,36,51,25}","Муж на сто дней / 100 Days My Prince [16/16] [2018, Мелодрама, исторический, романтика, комедия, HDTVRip] [RAW] [400p] + Sub Rus"
5628817,2,1688321,F41629B33CB5F060C26235B8B13E5E89545ACF81,14926174433,1,2026-07-31 02:21:01,2,2,"{7,24,24,24,24,24,24,24,24,24,23,24,24,24,24,24,24,24,24,23,25,24,24,24,25,24,24,26,24,24,24}","{14,48,44,45,47,46,26,37,37,44,31,39,27,32,34,42,36,36,47,43,36,39,34,36,43,37,46,41,36,44,39}","Третье очарование / The Third Charm [16/16] [2018, Романтика, драма, комедия, HDTVRip] [RAW] [400p] + Sub Rus"
5656766,2,1688321,C879C98BCCD6F5DA09B84433FFED993E4CDDA9ED,14246931932,1,2026-07-31 02:21:01,2,2,"{7,24,24,24,24,24,24,24,24,24,23,24,24,24,24,24,24,24,24,23,25,24,24,24,25,24,24,26,24,24,24}","{14,62,44,47,60,49,26,37,36,47,36,43,31,32,33,39,40,36,47,43,35,41,34,59,74,61,70,73,60,65,59}","Предупреждение о любви / Fluttering Warning [16/16] [2018, Комедия, романтика, мелодрама, HDTVRip] [RAW] [400p] + Sub Rus"
5656769,2,1688321,696CDC83CCCE44534B4554B38B1B0700A5D90038,22222960046,1,2026-07-31 02:21:01,3,1,"{7,24,24,24,24,24,24,24,24,24,23,24,24,24,24,24,24,24,24,23,25,24,24,24,25,24,24,26,24,24,24}","{22,79,82,82,75,97,54,64,61,94,77,88,82,69,44,57,51,51,70,86,73,64,54,62,63,63,72,70,63,70,49}","Последняя императрица / Достоинство императрицы / The Last Empress / An Empress's Dignity [26/26] [2018, Драма, фэнтези, романтика, триллер, HDTVRip] [RAW] [400p] + Sub Rus"
5656770,2,1688321,54FE5AB0C2DCBDB79D1A781BDE0BEDB708D3A72B,13749481136,1,2026-07-31 02:21:01,3,2,"{7,24,24,24,24,24,24,24,24,24,23,24,24,24,24,24,24,24,24,23,25,24,24,24,25,24,24,26,24,24,24}","{21,73,74,80,76,81,64,71,81,90,57,46,44,51,37,51,63,66,79,79,74,70,56,41,51,42,60,56,51,75,37}","Буду счастлива, если вы умрете / Happy If You Died / Feel Good To Die [16/16] [2018, Романтика, лайв-экшн, фантастика, комедия, HDTVRip] [RAW] [400p] + Sub Rus"
5659079,2,1688321,B5B01DD82055634883C48F175865E6BECC1973EC,14062221859,1,2026-07-31 02:21:01,3,2,"{7,24,24,24,24,24,24,24,24,24,23,24,24,24,24,24,24,24,24,23,25,24,24,24,25,24,24,26,24,24,24}","{22,75,73,75,75,78,60,65,56,68,58,62,61,60,55,70,61,64,71,73,66,65,50,60,68,64,75,67,60,68,45}","Сказка о фее Керён / Mama Fairy and the Woodcutter / Tale of Gyeryong Fairy [16/16] [2018, Фантастика, романтика, комедия, HDTVRip] [RAW] [400p] + Sub Rus"
5659089,2,1688321,660426789957ABB4E4084460025785FE92809A59,15204541709,1,2026-07-31 02:21:01,3,2,"{7,24,24,24,24,24,24,24,24,24,23,24,24,24,24,24,24,24,24,23,25,24,24,24,25,24,24,26,24,24,24}","{15,62,63,62,65,59,54,56,51,62,54,58,48,48,49,56,61,53,66,57,52,56,54,55,63,54,68,61,55,62,48}","Уборка со страстью / Ildan Tteugeobge Cheongsohala / Clean With Passion For Now [16/16] [2018, Лайв-экшн, романтика, комедия, HDTVRip] [RAW] [400p] + Sub Rus"
5659097,2,1688321,282087E2E5960872AEDBD89FAA6577943FA0291F,9511223972,1,2026-07-31 02:21:01,2,2,"{7,24,24,24,24,24,24,24,24,24,23,24,24,24,24,24,24,24,24,23,25,24,24,24,25,24,24,26,24,24,24}","{14,67,68,65,71,70,44,61,56,68,54,63,51,56,42,65,54,36,56,66,60,59,55,56,68,59,66,63,60,68,58}","Кофе, пожалуйста / Coffee, Do Me a Favor [12/12] [2018, Романтика, фантастика, комедия, HDTVRip] [RAW] [400p] + Sub Rus"
5659105,2,1688321,AFCE9B8705B72C78C26EE3198FED05913ABE7338,14515395217,1,2026-07-31 02:21:01,2,2,"{7,24,24,24,24,24,24,24,24,24,23,24,24,24,24,24,24,24,24,23,25,24,24,24,25,24,24,26,24,24,24}","{14,55,44,52,54,69,45,44,44,47,38,46,50,58,46,53,42,57,63,67,42,38,36,41,47,44,65,57,42,51,30}","Воспоминания об Альгамбре / Memories of the Alhambra [16/16] [2018, Научная фантастика, триллер, саспенс, романтика, мистика, HDTVRip] [RAW] [400p] + Sub Rus"
5670627,10,43718996,07EF144C92FD445905B17C758972D0385103C2AC,7792364080,1,2026-07-31 02:21:01,3,3,"{7,24,24,24,24,24,24,24,24,24,23,24,24,24,24,24,24,24,24,23,25,24,24,24,25,24,24,26,24,24,24}","{20,84,74,75,71,70,60,69,61,83,68,84,73,79,78,76,76,74,90,88,79,67,74,81,89,80,93,91,58,79,78}","Богиня Керён / Сказка о фее Керён / Gyeryongsunnyeojeon / Mama Fairy and the Woodcutter [16/16] [2018, фэнтези, романтика, лайв-экшн, TVRip] [RAW] [480p] DVO (SOFTBOX)"
5672663,2,1688321,37104318BE7808225101C27328C14F388F29FF97,8953867718,1,2026-07-31 02:21:01,3,2,"{7,24,24,24,24,24,24,24,24,24,23,24,24,24,24,24,24,24,24,23,25,24,24,24,25,24,24,26,24,24,24}","{22,78,78,71,68,62,44,55,53,72,69,82,75,75,61,66,46,36,47,43,35,45,48,55,61,56,64,44,36,44,32}","Когда время остановилось / Когда время останавливается / When Time Stops [12/12] [2018, Драма, романтика, фантастика, HDTVRip] [RAW] [400p] + Sub Rus"
5680439,2,1688321,3EE1722CBA4773FD8D70E8CE55C210927CBCAED4,13714872331,1,2026-07-31 02:21:01,3,2,"{7,24,24,24,24,24,24,24,24,24,23,24,24,24,24,24,24,24,24,23,25,24,24,24,25,24,24,26,24,24,24}","{21,63,58,57,60,64,49,48,46,52,39,50,36,47,45,55,51,48,57,60,61,54,39,50,71,62,78,59,54,65,67}","Красная луна, голубое солнце / Beuleundal Peureunhae / Red Moon Blue Sun [16/16] [2018-2019, Драма, триллер, детектив, мистерия, HDTVRip] [RAW] [400p] + Sub Rus"
5680451,2,1688321,7375F1C490360470D4A587D1B0A0D1BB1C15C55D,14772145532,1,2026-07-31 02:21:01,3,1,"{7,24,24,24,24,24,24,24,24,24,23,24,24,24,24,24,24,24,24,23,25,24,24,24,25,24,24,26,24,24,24}","{25,74,74,73,78,71,54,61,51,77,54,72,38,37,51,39,36,36,47,62,59,59,52,60,68,42,73,67,60,68,58}","Бойфренд / Encounter / Boyfriend [16/16] [2018-2019, Мелодрама, романтика, HDTVRip] [RAW] [400p] + Sub Rus"
5686762,2,1688321,4A3935F4279367C9606D1349FD07D919D6E50EC2,13719801766,1,2026-07-31 02:21:01,3,2,"{7,24,24,24,24,24,24,24,24,24,23,24,24,24,24,24,24,24,24,23,25,24,24,24,25,24,24,26,24,24,24}","{17,65,50,48,58,53,29,41,42,56,41,66,33,41,41,54,41,39,65,58,47,43,42,38,59,50,50,49,47,51,50}","Возвращение Бок Су / My Strange Hero / Bok-Soo's Back [16/16] [2019, Комедия, романтика, школа, HDTVRip] [RAW] [400p] + Sub Rus"
5686780,2,1688321,45D970CAE32C9D58A3E6C63983C4B449D37018F6,14120755864,1,2026-07-31 02:21:01,3,2,"{7,24,24,24,24,24,24,24,24,24,23,24,24,24,24,24,24,24,24,23,25,24,24,24,25,24,24,26,24,24,24}","{24,80,67,65,75,88,106,116,96,114,108,118,131,133,108,115,102,127,125,132,123,113,125,124,106,108,110,84,66,74,54}","Любовь как дополнение / Роман в придачу / Романтическое приложение / Romance Is a Bonus Book / Romance is a Supplement [16/16] [2019, Романтика, комедия, мелодрама, HDTVRip] [RAW] [400p] + Sub Rus"
5696791,2,9115373,DDFD39A0B0D9C94B699388DD76543EC05BD987D4,4403602625,1,2026-07-31 02:21:01,9,1,"{7,24,24,24,24,24,24,24,24,24,23,24,24,24,24,24,24,24,24,23,25,24,24,24,25,24,24,26,24,24,24}","{55,212,225,218,199,203,210,192,224,200,142,166,165,139,137,150,134,145,106,158,175,177,135,181,200,160,167,183,161,150,135}","Королевство зомби / Королевство / Kingdom / Сезон: 1 / Серии: 1-6 из 6 (Ким Сон-хун / Kim Seong-hoon) [2019, Южная Корея, США, Ужасы, боевик, триллер, детектив, WEBRip] DVO (Кубик в кубе) + Original + Sub (Rus, Eng)"
5697121,2,28883073,68B37DCF22D0A6EBB564611979DE045BF046F4F2,4298678272,1,2026-07-31 02:21:01,4,2,"{7,24,24,24,24,24,24,24,24,24,23,24,24,24,24,24,24,24,24,23,25,24,24,24,25,24,24,26,24,24,24}","{23,80,67,72,78,77,51,54,55,72,70,69,53,70,59,58,48,44,49,89,80,87,72,81,86,86,87,77,77,79,73}","Королевство зомби / Королевство / Kingdom / Сезон: 1 / Серии: 1-6 из 6 (Ким Сон-хун) [2019, Южная Корея, США, ужасы, боевик, триллер, WEB-DLRip] MVO (NewStudio) + Original"
5709650,2,1688321,008A2954EE2EBD0773CFCAB82D668853B792378C,14884728160,1,2026-07-31 02:21:01,2,2,"{7,24,24,24,24,24,24,24,24,24,23,24,24,24,24,24,24,24,24,23,25,24,24,24,25,24,24,26,24,24,24}","{14,48,44,45,47,46,26,37,36,44,31,39,27,32,34,42,36,36,47,43,36,38,34,36,43,37,46,41,36,44,27}","Коснуться твоего сердца / Touched By Honesty / Touch your heart [16/16] [2019, Мелодрама, романтика, комедия, юриспруденция, HDTVRip] [RAW] [400p] + Sub Rus"
5709653,2,1688321,AC1FF383C4B9E2DB9E870E08BDBB4E4FA58D5C4D,11033782562,1,2026-07-31 02:21:01,2,2,"{7,24,24,24,24,24,24,24,24,24,23,24,24,24,24,24,24,24,24,23,25,24,24,24,25,24,24,26,24,24,24}","{14,48,44,45,47,48,48,53,40,44,31,39,30,37,34,42,36,37,55,48,36,42,36,36,43,40,47,41,36,44,39}","Свет в твоих глазах / Eyes Are Dazzling / The Light In Your Eyes [12/12] [2019, Романтика, комедия, фантастика, мелодрама, HDTVRip] [RAW] [400p] + Sub Rus"
5721492,2,1688321,A91E65B58874EDCD006FA08533A1C0793576EE1F,14994234401,1,2026-07-31 02:21:01,4,1,"{7,24,24,24,24,24,24,24,24,24,23,24,24,24,24,24,24,24,24,23,25,24,24,24,25,24,24,26,24,24,24}","{27,89,84,82,93,87,88,88,80,94,82,106,97,103,73,88,84,74,96,89,136,111,107,104,127,115,103,107,106,103,106}","Её личная жизнь / Her Private Life [16/16] [2019, Мелодрама, романтика, комедия, HDTVRip] [RAW] [400p] + Sub Rus"
5721494,2,1688321,A04CA28A23606FE79464734C09D4009C69E0E1E2,13667106750,1,2026-07-31 02:21:01,2,2,"{7,24,24,24,24,24,24,24,24,24,23,24,24,24,24,24,24,24,24,23,25,24,24,24,25,24,24,26,24,24,24}","{14,48,44,45,47,46,26,37,36,44,31,39,27,32,34,42,36,36,47,43,36,37,33,38,43,41,47,41,43,44,39}","Большая проблема / Bigishoo / Big Issue [16/16] [2019, Драма, фантастика, саспенс, романтика, HDTVRip] [RAW] [400p] + Sub Rus"
5721495,2,1688321,0181FF80FDF718E6A0D2113870B082B02FC5C0AC,15456554949,1,2026-07-31 02:21:01,3,2,"{7,24,24,24,24,24,24,24,24,24,23,24,24,24,24,24,24,24,24,23,25,24,24,24,25,24,24,26,24,24,24}","{21,72,68,69,71,70,50,62,60,68,54,63,51,56,57,63,60,60,71,66,61,61,57,60,68,61,70,67,60,68,45}","Дорогие граждане! / Dear Citizens! [18/18] [2019, криминал, комедия, HDTVRip] [RAW] [400p] + Sub Rus"
5721497,2,1688321,AF959FD5E0EEED6A0ABD2F7DEB689FBFC8B2D327,14564465052,1,2026-07-31 02:21:01,2,2,"{7,24,24,24,24,24,24,24,24,24,23,24,24,24,24,24,24,24,24,23,25,24,24,24,25,24,24,26,24,24,24}","{15,66,60,63,64,62,43,55,54,62,45,57,49,50,39,42,36,36,47,43,36,46,48,56,61,56,65,44,36,44,35}","Психометрический парень / Psychometric Fellow [16/16] [2019, Романтика, фантастика, детектив, DTVRip] [RAW] [400p] + Sub Rus"
5752449,2,1688321,8692E2C45FF36154AAF89E30247E566C4316E5B9,12795596008,1,2026-07-31 02:21:01,3,2,"{7,24,24,24,24,24,24,24,24,24,23,24,24,24,24,24,24,24,24,23,25,24,24,24,25,24,24,26,24,24,24}","{21,70,50,52,71,70,46,44,50,67,46,39,27,35,43,86,81,84,95,89,83,84,74,85,92,85,93,93,84,94,82}","Влюблён в тебя с первого взгляда / Таи&#774;ная жизнь моего секретаря / I Loved You From The Beginning / The Secret Life of My Secretary [16/16] [2019, романтика, комедия, HDTVRip] [RAW] [400p] + Sub Rus"
5752451,2,1688321,715E51D4962BCF04B07003DC82E62BE954F30206,14287322793,1,2026-07-31 02:21:01,3,2,"{7,24,24,24,24,24,24,24,24,24,23,24,24,24,24,24,24,24,24,23,25,24,24,24,25,24,24,26,24,24,24}","{20,79,68,54,64,70,51,67,54,68,54,40,27,32,34,54,50,58,71,66,61,60,51,59,65,48,71,67,63,78,53}","Бездна / Eobiseu / Abyss [16/16] [2019, Романтика, мистика, фантастика, комедия, юриспруденция, HDTVRip] [RAW] [400p] + Sub Rus"
5786668,2,6762455,10195990FD90BE5D8EC6CB877ED90F9824A2E70F,5549840384,1,2026-07-31 02:21:01,3,1,"{7,24,24,24,24,24,24,24,24,24,23,24,24,24,24,24,24,24,24,23,25,24,24,24,25,24,24,26,24,24,24}","{22,89,93,96,85,99,78,75,103,96,97,88,102,94,96,100,93,99,72,113,101,87,71,92,98,96,120,142,74,83,88}","Королевство зомби / Королевство / Kingdom / Сезон: 1 / Серии: 1-6 из 6 (Ким Сон-хун) [2019, Южная Корея, США, ужасы, боевик, триллер, WEB-DLRip] MVO (Jaskier)"
5790843,2,41799766,2E87850EA90D49B678EB6D2AF29C8E85AD94CC3C,7632896000,1,2026-07-31 02:21:01,2,2,"{7,24,24,24,24,24,24,24,24,24,23,24,24,24,24,24,24,24,24,23,25,24,24,24,25,24,24,26,24,24,24}","{14,48,44,45,50,46,29,40,36,44,31,39,27,32,34,42,36,36,47,43,36,38,35,36,43,37,47,41,36,44,39}","Моя любовь Патчжви / My Love Patzzi / Nae Sarang Patjwi [10/10] [2002, мелодрама, романтика, комедия, DTVRip] [RAW] [464p] VO (Korean Craze)"
5866985,2,12606045,6197E2F7A3D20BA7113023066FFC3F44E7E4E194,4079506370,1,2026-07-31 02:21:01,4,2,"{7,24,24,24,24,24,24,24,24,24,23,24,24,24,24,24,24,24,24,23,25,24,24,24,25,24,24,26,24,24,24}","{28,91,78,61,93,63,75,62,87,74,68,76,43,63,68,71,75,51,58,67,53,59,51,47,43,39,52,44,60,52,55}","Королевство зомби / Королевство / Kingdom / Сезон: 2 / Серии: 1-6 из 6 (Ким Сон-хун) [2020, Южная Корея, США, ужасы, боевик, триллер, детектив., WEB-DLRip] MVO (HDRezka) + Original + Sub (Rus, Eng, Kor)"
5867191,2,9115373,8DF368FBFBE76126FE9805686020910C8F3F366D,4079164510,1,2026-07-31 02:21:01,5,1,"{7,24,24,24,24,24,24,24,24,24,23,24,24,24,24,24,24,24,24,23,25,24,24,24,25,24,24,26,24,24,24}","{28,123,128,112,123,111,125,143,148,164,199,209,195,171,164,157,151,164,133,158,160,133,112,192,193,209,174,215,134,120,114}","Королевство зомби / Королевство / Kingdom / Сезон: 2 / Серии: 1-6 из 6 (Ким Сон-хун, Пак Ин-джэ) [2020, Южная Корея, США, Ужасы, боевик, триллер, детектив, WEB-DLRip] MVO (LostFilm) + Original + Sub (Rus, Eng)"
5910890,2,37026245,81ECEC0D5BACDC57456CB95EADBD89E2FE39EEE9,14982962786,1,2026-07-31 02:21:01,3,3,"{7,24,24,24,24,24,24,24,24,24,23,24,24,24,24,24,24,24,24,23,25,24,24,24,25,24,24,26,24,24,24}","{21,72,72,69,74,72,67,61,60,77,69,64,57,59,62,69,77,68,71,80,61,61,55,70,71,68,78,85,73,81,87}","Новое Сердце / Neu Hatteu / New Heart [23 из 23] [2007, Южная Корея, драма, мелодрама, медицина, HDTVRip] [RAW] [480p] DVO (SOFTBOX)"
5945095,2,24193292,44CA1F09DAFEF7EFBCE64BEFC13547C60C7926CC,839587885,1,2026-07-31 02:21:01,2,2,"{7,24,24,24,24,24,24,24,24,24,23,24,24,24,24,24,24,24,24,23,25,24,24,24,25,24,24,26,24,24,24}","{14,48,44,45,47,46,26,37,36,44,31,39,27,32,34,42,36,36,47,43,35,38,33,36,43,37,47,41,36,44,39}","Нож парикмахера / Kaljabi Ibalsa / Knife Barber (KBS Drama Special Season 3) [Lee Jung Sub Rus] [1/1] [Корея, 2012, драма, комедия, HDTVRip] [RAW] [352р]"
5988519,2,35580534,68E48158DEBD2D673DC0D6ACE044B55C1DD02BDD,13077153792,1,2026-07-31 02:21:01,7,1,"{7,24,24,24,24,24,24,24,24,24,23,24,24,24,24,24,24,24,24,23,25,24,24,24,25,24,24,26,24,24,24}","{41,149,177,183,190,218,202,189,188,166,148,156,249,225,202,200,177,197,197,263,236,183,177,180,187,204,220,252,207,198,183}","Я не робот / Roboti Aniya / I'm Not a Robot / I Am Not a Robot [16 из 16] [2017-2018, мелодрама, фантастика, комедия, WEB-DLRip] [RAW] [400p] DVO (т/к &quot;Жастар-1&quot; / &quot;ТДК-42&quot;)"
6006137,2,35580534,36E947DF18C24BBA0FD20EAADC94F07AA81482F3,14997389312,1,2026-07-31 02:21:01,4,1,"{7,24,24,24,24,24,24,24,24,24,23,24,24,24,24,24,24,24,24,23,25,24,24,24,25,24,24,26,24,24,24}","{31,123,99,83,82,90,79,90,89,93,85,95,132,112,97,106,110,108,104,108,109,100,91,103,116,100,121,130,102,103,116}","Тайная любовь / Тайна / Секрет / Bimil / Secret Love [16 из 16] [2013, мелодрама, WEB-DLRip] [RAW] [400p] 2x MVO (ТОО &quot;ПРИМ&quot; / 31 канал; Мобильное телевидение / &quot;Дорама&quot;)"
6017530,2,35580534,6BEB4A3384BB22E4260405AD20B356B802C7C925,13400764416,1,2026-07-31 02:21:01,2,1,"{7,24,24,24,24,24,24,24,24,24,23,24,24,24,24,24,24,24,24,23,25,24,24,24,25,24,24,26,24,24,24}","{23,79,68,68,80,77,59,64,49,64,58,82,80,66,60,57,56,63,68,76,116,62,67,69,75,83,96,90,39,62,63}","Невиновный / Славный парень / Sesang eodiedo eobneun chakan namja / The Innocent Man / Nice Guy [20 из 20] [2012, мелодрама, WEB-DLRip] [RAW] [400p] MVO (ТОО &quot;ПРИМ&quot; / 31 канал)"
6018997,2,42564784,DBC0D0D89B2913CF3E1544BC988E2C933B7392BD,21612493728,1,2026-07-31 02:21:01,10,1,"{7,24,24,24,24,24,24,24,24,24,23,24,24,24,24,24,24,24,24,23,25,24,24,24,25,24,24,26,24,24,24}","{74,304,267,277,313,275,277,261,256,235,240,279,329,264,227,197,248,272,254,327,331,212,230,238,231,212,227,257,203,236,247}","Сигнал / Sigeuneol / Signal [16 из 16] [2016, Южная Корея, детектив, фантастика, криминал, драма, HDRip] [RAW] [400р] [RUS(int)] MVO (Мобильное телевидение) по заказу телеканала Дорама + Sub (Rus, Eng) + Original Kor"
6028031,2,35580534,29EA01E070B2B0B9692992DF14F5EDDF5A8EC593,13130993664,1,2026-07-31 02:21:01,6,1,"{7,24,24,24,24,24,24,24,24,24,23,24,24,24,24,24,24,24,24,23,25,24,24,24,25,24,24,26,24,24,24}","{38,142,132,128,134,154,166,175,159,135,113,124,121,146,103,148,144,167,171,203,197,192,206,202,195,178,198,234,209,246,284}","Потомки солнца / Tae-yang-eui hoo-ye / Descendants Of The Sun [16 из 16] [2016, мелодрама, боевик, драма, WEB-DLRip] [RAW] [400p] MVO (ТОО &quot;ПРИМ&quot; / 31 канал)"
6044990,2,35580534,16B5E78121059B5B8A811B9B51270684BB983591,17758451712,1,2026-07-31 02:21:01,3,2,"{7,24,24,24,24,24,24,24,24,24,23,24,24,24,24,24,24,24,24,23,25,24,24,24,25,24,24,26,24,24,24}","{18,85,88,78,120,76,83,103,88,96,83,104,126,100,94,99,109,90,100,102,126,86,89,109,100,116,120,134,104,133,95}","Безрассудная любовь / Безрассудно влюблённые / Hamburo aeteuthage / Uncontrollably Fond [20 из 20] [2016, мелодрама, комедия, WEB-DLRip] [RAW] [400p] MVO (ТОО &quot;ПРИМ&quot; / 31 канал)"
6057988,2,35580534,8E37EA67528BCD8385F8E722449D202198F9E03F,14728376320,1,2026-07-31 02:21:01,3,1,"{7,24,24,24,24,24,24,24,24,24,23,24,24,24,24,24,24,24,24,23,25,24,24,24,25,24,24,26,24,24,24}","{26,90,78,93,100,81,95,92,93,87,70,88,73,81,79,76,75,75,80,86,82,68,74,87,92,80,84,90,58,86,96}","Повелитель солнца / Joogoonui Taeyang / Master's Sun [17 из 17] [2013, фэнтези, мелодрама, комедия, WEB-DLRip] [RAW] [400p] MVO (ТОО &quot;ПРИМ&quot; / 31 канал)"
6065796,2,42564784,0DACC0505CA902CE090600BF02BF6D0F5798407B,20241160192,1,2026-07-31 02:21:01,3,1,"{7,24,24,24,24,24,24,24,24,24,23,24,24,24,24,24,24,24,24,23,25,24,24,24,25,24,24,26,24,24,24}","{28,87,83,93,93,87,70,66,92,90,84,85,114,107,84,92,88,99,110,92,87,92,94,89,94,106,108,104,90,101,91}","История девятихвостого лиса / Сказание о кумихо / Gumihodyeon / Tale of the Nine Tailed / Tale of Gumiho [16 из 16] [2020, Южная Корея, мелодрама, фэнтези, WEB-DLRip] MVO (Мобильное телевидение) + Original Kor"
6070326,2,35580534,8BB96B0597C067C486326BAA42E69381C0B71344,16095473664,1,2026-07-31 02:21:01,3,1,"{7,24,24,24,24,24,24,24,24,24,23,24,24,24,24,24,24,24,24,23,25,24,24,24,25,24,24,26,24,24,24}","{21,93,69,78,75,76,71,69,75,98,86,98,99,113,65,77,78,62,34,95,103,85,68,74,85,67,94,78,28,58,56}","Пиноккио / Pinokio / Pinocchio [20 из 20] [2014-2015, детектив, мелодрама, WEB-DLRip] [RAW] [400p] MVO (ТОО &quot;ПРИМ&quot; / 31 канал)"
6072163,2,9986604,B25AA09F8A166B0647300E199B47389281E12572,9077915648,1,2026-07-31 02:21:01,3,1,"{7,24,24,24,24,24,24,24,24,24,23,24,24,24,24,24,24,24,24,23,25,24,24,24,25,24,24,26,24,24,24}","{26,95,99,85,81,79,76,84,98,91,117,115,82,101,87,100,91,94,113,82,100,91,75,87,102,105,103,97,75,96,93}","На пути к небесам / Mubeu tu haebeun: naneun yupumjeongrisaimnida / Move to Heaven / Сезон: 1 / Серии: 1-10 из 10 (Ким Сон-хо) [2021, Южная Корея, драма, WEB-DLRip] MVO (TVShows)"
6082131,2,35580534,92C91F28413CED0BEC7548E0F54C43C483FDAFD3,14706468864,1,2026-07-31 02:21:01,3,1,"{7,24,24,24,24,24,24,24,24,24,23,24,24,24,24,24,24,24,24,23,25,24,24,24,25,24,24,26,24,24,24}","{26,89,76,69,71,70,50,61,74,90,78,87,75,73,65,90,86,84,72,75,60,61,52,59,86,81,95,81,60,68,53}","Дар небес: 14 дней / Sinui seonmul - 14il / God's Gift - 14 Days [16 из 16] [2014, триллер, детектив, криминал, фэнтези, WEB-DLRip] [RAW] [400p] 2x MVO (ТОО &quot;ПРИМ&quot; / 31 канал; Time Media Group / &quot;Дорама&quot;)"
6089816,2,26578682,97388F9A9997F5E34BA32DA933A196A6B6F8D721,14346506240,1,2026-07-31 02:21:01,3,1,"{7,24,24,24,24,24,24,24,24,24,23,24,24,24,24,24,24,24,24,23,25,24,24,24,25,24,24,26,24,24,24}","{21,71,81,72,89,87,73,74,71,76,76,89,63,80,72,85,81,75,85,94,105,105,91,93,90,95,106,89,79,88,67}","Любовь в лунном свете / Лунный свет, нарисованный облаками / Gooreumi Geurin Dalbit / Moonlight Drawn by Clouds [18 из 18] [2016, мелодрама, комедия, драма, исторический, WEB-DLRip] [RAW] [400p] MVO (Мобильное телевидение)"
6094788,2,13140088,7ABE72C4283CAA9192C7E134D8C8F2F2DE70846F,17658835827,1,2026-07-31 02:21:01,2,2,"{7,24,24,24,24,24,24,24,24,24,23,24,24,24,24,24,24,24,24,23,25,24,24,24,25,24,24,26,24,24,24}","{14,48,44,45,47,46,26,37,36,44,31,39,27,33,36,42,36,36,47,43,36,39,34,36,43,37,45,41,36,44,27}","Женщина моего мужа / My Man's Woman [24/24] [2007, драма, HDTVRip] [RAW] [352p] + Sub Rus"
6097048,2,18149055,B6450A9F921CCD9A0117C39CD6AB9992A590D3C8,8259947447,1,2026-07-31 02:21:01,3,1,"{7,24,24,24,24,24,24,24,24,24,23,24,24,24,24,24,24,24,24,23,25,24,24,24,25,24,24,26,24,24,24}","{26,68,55,59,62,73,63,54,60,73,66,65,60,96,81,96,85,98,112,67,79,74,66,83,97,110,130,108,91,72,70}","Милый дом / Seuwiteuhom / Sweet Home (Ли Ын Бок) [10 из 10] [2020, ужасы, фантастика, драма, WEB-DLRip] [RAW] [450p] DVO (IDEAFILM) + Original + Sub (Rus, Eng)"
6100668,2,35580534,08459D026BF03FED41CD38C6C11E3DB4415A4281,14531264512,1,2026-07-31 02:21:01,5,1,"{7,24,24,24,24,24,24,24,24,24,23,24,24,24,24,24,24,24,24,23,25,24,24,24,25,24,24,26,24,24,24}","{41,203,226,202,290,195,185,231,202,208,178,219,256,245,183,192,192,191,229,212,197,180,167,162,156,178,239,240,191,210,155}","Тайная жизнь моего секретаря / Люблю тебя с первого взгляда / Chomyeone saranghamnida / The Secret Life of My Secretary / I Loved You From The Beginning [32 из 32] [2019, мелодрама, комедия, WEB-DLRip] [RAW] [400p] DVO (Седьмой канал) + Original"
6112608,2,13980964,FD714F2E17C4EF191A7A86FFE86981435DDB9819,6261344256,1,2026-07-31 02:21:01,23,1,"{7,24,24,24,24,24,24,24,24,24,23,24,24,24,24,24,24,24,24,23,25,24,24,24,25,24,24,26,24,24,24}","{158,689,645,655,559,751,739,673,684,709,665,650,726,651,700,653,631,726,831,734,705,579,615,689,709,706,669,702,638,712,727}","Игра в кальмара / Ojingeo geim / Squid Game / Сезон: 1 / [9 из 9] (Хван Дон-хёк / Hwang Dong-hyeok) [2021, Южная Корея, триллер, драма, WEB-DLRip] MVO (LostFilm)"
6113598,2,35580534,1E9B57C2A3D1FCEC15E956C890D5C0CC88A4D7A3,14313637888,1,2026-07-31 02:21:01,2,2,"{7,24,24,24,24,24,24,24,24,24,23,24,24,24,24,24,24,24,24,23,25,24,24,24,25,24,24,26,24,24,24}","{14,53,44,45,50,61,41,37,43,65,51,73,58,60,58,52,52,51,66,78,78,51,50,62,78,56,73,65,39,63,61}","Там, куда падают звёзды / Где приземляются звёзды / Yeougaksibyeol / Where Stars Land [16 из 16] [2018, мелодрама, WEB-DLRip] [RAW] [400p] DVO (Седьмой канал) + Original"
6114034,2,26578682,2856316CF4E0FE738D490449F2514C492826AA47,19463022592,1,2026-07-31 02:21:01,3,2,"{7,24,24,24,24,24,24,24,24,24,23,24,24,24,24,24,24,24,24,23,25,24,24,24,25,24,24,26,24,24,24}","{17,67,67,72,70,68,56,61,60,80,59,73,79,81,82,87,84,87,100,90,85,80,78,85,109,103,106,102,115,109,98}","Солнце в объятиях Луны / Haereul pumeun Dal / The Moon That Embraces the Sun [20 из 20] [2012, мелодрама, исторический, фэнтези, драма, WEB-DLRip] [RAW] [400p] MVO (Мобильное телевидение)"
6116984,2,42564784,3705DB1960249807C0EE932277220A9C9C097AF6,8712438640,1,2026-07-31 02:21:01,4,1,"{7,24,24,24,24,24,24,24,24,24,23,24,24,24,24,24,24,24,24,23,25,24,24,24,25,24,24,26,24,24,24}","{31,156,112,104,119,132,109,110,132,119,100,97,138,130,116,109,139,135,102,112,128,98,87,118,106,146,104,114,108,113,149}","Поезд / Teurein / Train [12 из 12] [2020, Южная Корея, детектив, криминал, фантастика, WEB-DLRip-AVC] MVO (Мобильное телевидение) + Original Kor + Eng Sub"
6117025,2,42564784,FC1C4DDB3BD427BCDA6F0A622603CC5A179985DE,13571857644,1,2026-07-31 02:21:01,5,0,"{7,24,24,24,24,24,24,24,24,24,23,24,24,24,24,24,24,24,24,23,25,24,24,24,25,24,24,26,24,24,24}","{32,127,142,125,134,128,166,138,154,151,155,159,97,63,117,141,97,127,143,144,113,141,126,113,102,95,142,112,60,126,162}","Поезд / Teurein / Train [12 из 12] [2020, Южная Корея, детектив, криминал, фантастика, WEB-DLRip] MVO (Мобильное телевидение) + Original Kor + Eng Sub"
6119906,2,9986604,FB391927D01CFF9B97649515AE715DBCEDF04425,8579495936,1,2026-07-31 02:21:01,55,0,"{7,24,24,24,24,24,24,24,24,24,23,24,24,24,24,24,24,24,24,23,25,24,24,24,25,24,24,26,24,24,24}","{349,1655,1695,1876,1841,1798,1553,1780,1825,1834,1584,1714,1786,1940,1883,1816,1705,1769,1912,1608,1641,1542,1565,1569,1496,1737,1673,1944,1765,1756,1710}","Игра в кальмара / Ojingeo geim / Squid Game / Сезон: 1 / Серии: 1-9 из 9 (Хван Дон-хёк) [2021, Южная Корея, триллер, драма, WEB-DLRip] MVO (TVShows)"
6119988,2,5155021,03013A5937B9DCFCD17B0FE3E9F835ADB3540259,7290577223,1,2026-07-31 02:21:01,20,1,"{7,24,24,24,24,24,24,24,24,24,23,24,24,24,24,24,24,24,24,23,25,24,24,24,25,24,24,26,24,24,24}","{101,393,416,428,393,449,436,430,417,513,436,400,459,335,371,366,330,399,388,469,463,330,305,291,340,376,418,434,370,371,415}","Игра в кальмара / Ojingeo geim / Squid Game / Сезон: 1 / [9 из 9] (Хван Дон-хёк / Hwang Dong-hyeok) [2021, Южная Корея, триллер, драма, WEB-DLRip] [400p] MVO (HDrezka Studio) + Original (Kor) + Sub (Rus)"
6121762,2,23770535,BFED7817F5D7C794ACADD1DFCB46856F7965648C,6928652652,1,2026-07-31 02:21:01,10,1,"{7,24,24,24,24,24,24,24,24,24,23,24,24,24,24,24,24,24,24,23,25,24,24,24,25,24,24,26,24,24,24}","{69,292,300,329,337,339,372,364,347,367,314,285,318,333,301,323,291,309,324,363,333,287,276,317,357,338,372,339,327,388,383}","Игра в кальмара / Ojingeo geim / Squid Game / Сезон: 1 / Серии: 1-9 из 9 (Хван Дон-хёк) [2021, Южная Корея, триллер, драма, WEB-DLRip-AVC] MVO (LostFilm)"
6128600,2,42564784,3489BB27FE13502E55345A1FE5903983D6757D04,20005672001,1,2026-07-31 02:21:01,3,2,"{7,24,24,24,24,24,24,24,24,24,23,24,24,24,24,24,24,24,24,23,25,24,24,24,25,24,24,26,24,24,24}","{21,68,53,62,67,80,74,73,80,100,81,100,117,115,88,75,84,104,107,120,95,97,81,79,74,62,85,93,83,71,68}","Ты тоже человек? / Neodo inganini? / Are You Human Too? [18 из 18] [2018, Южная Корея, мелодрама, фантастика, WEB-DLRip] MVO (Мобильное телевидение) + Sub (Rus, Eng, Kor)"
6130713,2,13980964,8BCBF91C5FA73FED01C887C54EF844FBC201886B,5104836608,1,2026-07-31 02:21:01,18,1,"{7,24,24,24,24,24,24,24,24,24,23,24,24,24,24,24,24,24,24,23,25,24,24,24,25,24,24,26,24,24,24}","{117,578,611,556,527,596,545,477,448,421,388,447,417,401,423,434,381,447,480,499,477,432,454,528,508,411,516,579,504,565,536}","Во имя мести / Моё имя / My Name / Mai neim / Undercover / Сезон: 1 / Серии: 1-8 из 8 (Ким Джин-мин) [2021, Южная Корея, триллер, криминал, боевик, драма, WEB-DLRip] MVO (TVShows)"
6132840,2,37026245,4330B6D5C3A25EA19257C018E5F2F000D04046DC,12523335084,1,2026-07-31 02:21:01,5,1,"{7,24,24,24,24,24,24,24,24,24,23,24,24,24,24,24,24,24,24,23,25,24,24,24,25,24,24,26,24,24,24}","{29,105,115,109,155,153,205,158,133,158,157,178,234,155,113,132,128,164,217,264,221,158,170,165,131,182,163,210,167,173,169}","Королева Чхорин / Королева Чорин / Cheorin Wanghoo / Cheolinwanghoo / Mr. Queen / No Touch Princess [20/20] [2020-2021, комедия, исторический, фантастика, гендерная интрига, WEB-DL] [480p] DVO (SOFTBOX) (РЕЛИЗ БЕЗ РЕКЛАМЫ)"
6139713,2,42564784,B224A1727E5C5E6C553E639129472841FC295F07,55493393405,1,2026-07-31 02:21:01,7,2,"{7,24,24,24,24,24,24,24,24,24,23,24,24,24,24,24,24,24,24,23,25,24,24,24,25,24,24,26,24,24,24}","{33,112,115,122,138,145,184,161,141,132,127,163,157,195,199,184,179,169,164,148,144,133,133,156,127,169,187,169,123,146,134}","Императрица Ки / Ki Hwanghu / Ki Hwanghoo / Qi Empress [51 из 51] [2013-2014, Южная Корея, история, биография, драма, мелодрама, BDRip] [400p] MVO (Мобильное телевидение) + Original Kor + Sub (Rus, Eng)"
6140481,2,27879789,3F24BC9F7BFFDF47D49048B21652F84A450D8B02,4047107100,1,2026-07-31 02:21:01,7,1,"{7,24,24,24,24,24,24,24,24,24,23,24,24,24,24,24,24,24,24,23,25,24,24,24,25,24,24,26,24,24,24}","{44,189,325,240,305,344,396,311,290,294,323,262,263,222,167,165,176,157,123,203,186,171,147,144,147,181,228,232,188,135,123}","Зов ада / Jiok / Hellbound / Сезон: 1 [6 из 6] [2021, фэнтези, драма, триллер, ужасы, WEB-DLRip] [400p] MVO (HDRezka Studio) + Original (Kor) + Sub (Rus, Eng)"
6141765,2,42564784,01225C5ACC561E82C0BAFDBECB21B9CAAC417E66,18557561694,1,2026-07-31 02:21:01,3,2,"{7,24,24,24,24,24,24,24,24,24,23,24,24,24,24,24,24,24,24,23,25,24,24,24,25,24,24,26,24,24,24}","{28,101,90,92,94,83,83,92,96,109,89,94,79,85,86,99,85,81,95,93,82,89,89,125,114,105,103,101,77,78,68}","Сыр в мышеловке / Chijeuindeoteuraep / Chijeu In Deo Teuraep / Cheese in the Trap [16 из 16] [2016, Южная Корея, мелодрама, комедия, WEB-DLRip] [400p] MVO (Мобильное телевидение) + Original Kor + Sub (Rus, Eng)"
6148917,2,42564784,D47205969AA02A78FBAC99AC27E336B2DDE3D4BD,1245892036,0,2026-07-31 02:21:01,2,2,"{7,24,24,24,24,24,24,24,24,24,23,24,24,24,24,24,24,24,24,23,25,24,24,24,25,24,24,26,24,24,24}","{18,73,86,75,95,84,85,75,77,86,76,86,81,87,86,75,116,111,111,87,84,72,65,65,73,77,78,100,70,73,66}","Игра в кальмара / Ojingeo geim / Squid Game [1 из 9] [2021, Южная Корея, триллер, драма, WEB-DLRip] Dub (Пифагор) + Original Kor + Sub (Rus, Eng, Kor)"
6155490,2,277339,B8A929435B7147D5BE74398096C7BAE371C8682A,4542220288,1,2026-07-31 02:21:01,17,1,"{7,24,24,24,24,24,24,24,24,24,23,24,24,24,24,24,24,24,24,23,25,24,24,24,25,24,24,26,24,24,24}","{113,477,522,456,447,466,479,498,554,452,408,422,479,494,557,540,534,501,482,470,510,506,430,463,450,437,465,531,457,359,365}","Море Спокойствия / The Silent Sea / Сезон: 1 / (8 из 8) (Чхве Хан-ён) [2021, Южная Корея, Фантастика, триллер, WEBRip] MVO (HDRezka Studio)"
6157979,2,35580534,D7AD8F5FF1E19AD42CF3C608C8205A522A33DBD4,16704481280,1,2026-07-31 02:21:01,2,2,"{7,24,24,24,24,24,24,24,24,24,23,24,24,24,24,24,24,24,24,23,25,24,24,24,25,24,24,26,24,24,24}","{14,65,59,52,48,62,39,50,42,72,51,67,60,49,52,49,49,55,64,71,85,61,44,53,63,69,71,56,44,53,45}","Таинственный сад / Sikeurit gadeun / Secret Garden [20 из 20] [2010-2011, мелодрама, комедия, фэнтези, WEB-DLRip] [RAW] [400p] MVO (ТОО &quot;ПРИМ&quot; / 31 канал)"
6168872,2,13980964,6DA1809DEA873FA4D3CB7955EF0DB76FCEB9E806,6279876608,1,2026-07-31 02:21:01,30,2,"{7,24,24,24,24,24,24,24,24,24,23,24,24,24,24,24,24,24,24,23,25,24,24,24,25,24,24,26,24,24,24}","{179,804,845,862,838,931,965,839,816,765,737,811,866,850,867,865,866,886,870,967,800,752,764,749,791,837,763,812,873,907,909}","Игра в кальмара / Ojingeo geim / Squid Game / Сезон: 1 / [9 из 9] (Хван Дон-хёк / Hwang Dong-hyeok) [2021, Южная Корея, триллер, драма, WEB-DLRip] Dub (Пифагор)"
6171646,2,277339,2BD2FA705D8FB085184C6D1919262ADE0BCEB550,9144950784,1,2026-07-31 02:21:01,17,1,"{7,24,24,24,24,24,24,24,24,24,23,24,24,24,24,24,24,24,24,23,25,24,24,24,25,24,24,26,24,24,24}","{130,437,485,548,455,491,450,440,415,429,409,470,521,591,491,476,440,470,467,531,423,374,378,415,409,470,456,514,435,393,392}","Мы все мертвы / Jigeum uri hakgyoneun / All of Us Are Dead / Сезон: 1 / Серии: 1-12 из 12 (Ли Джэ-гю, Ким Нам-су) [2022, Южная Корея, Фантастика, ужасы, драма, WEBRip] MVO (HDRezka Studio)"
6175622,2,42564784,C16A312D40AF466EDF747C029F69017D357F033B,4731702816,1,2026-07-31 02:21:01,2,2,"{7,24,24,24,24,24,24,24,24,24,23,24,24,24,24,24,24,24,24,23,25,24,24,24,25,24,24,26,24,24,24}","{14,48,44,47,47,46,26,37,36,44,31,39,27,32,38,42,36,36,47,43,36,38,35,36,42,37,46,41,36,44,39}","Рисующий ветер / Balameui hwawon / Painter of the Wind [5 из 20] [2008, Южная Корея, мелодрама, биография, HDTV] [RAW] [576p] MVO (Калейдоскоп ТВ)"
6179635,2,5155021,BEEB6C45B4093DE123F762AC6011490204A52072,10989218469,1,2026-07-31 02:21:01,3,2,"{7,24,24,24,24,24,24,24,24,24,23,24,24,24,24,24,24,24,24,23,25,24,24,24,25,24,24,26,24,24,24}","{20,84,80,69,77,84,52,66,77,79,71,82,99,92,76,98,75,95,94,98,107,92,95,83,92,106,90,108,84,101,86}","Мы все мертвы / Jigeum uri hakgyoneun / Сезон: 1 / Серии: 1-12 из 12 (Ли Джэ-гю, Ким Нам-су) [2022, Южная Корея, ужасы, боевик, драма, WEB-DLRip] MVO (AlexFilm) + Original"
6194879,2,42564784,CD8C10EDFEDCCC9D0C201B61E6FC73B3CA5C4E88,9277795178,1,2026-07-31 02:21:01,9,1,"{7,24,24,24,24,24,24,24,24,24,23,24,24,24,24,24,24,24,24,23,25,24,24,24,25,24,24,26,24,24,24}","{55,264,240,233,218,247,311,297,258,254,261,332,367,318,254,238,240,277,216,261,269,223,221,206,256,249,274,289,218,205,232}","Дорога в тысячу ли / Патинко / Pachinko [8 из 8] [2022, США, Южная Корея, Канада, драма, история, WEB-DLRip] Dub (Невафильм) + Original Kor + Sub (Rus, Ukr, Eng, Kor)"
6198296,2,42564784,68F4A182A96A9829E45B1B1696ED1D42C41265AF,18528315392,1,2026-07-31 02:21:01,12,1,"{7,24,24,24,24,24,24,24,24,24,23,24,24,24,24,24,24,24,24,23,25,24,24,24,25,24,24,26,24,24,24}","{77,252,211,231,220,211,278,235,238,262,272,328,300,294,295,314,336,364,388,335,355,318,281,389,412,363,317,384,385,354,361}","Демон / Гоблин / Бессмертный: Романтическое заклятие / Токкэби / Dokkaebi / Goblin: The Lonely and Great God [16 из 16] [Южная Корея, 2016-2017, фэнтези, мелодрама, драма, комедия, HDTVRip] Dub (ТВ-3 / Zone Vision)"
6210896,2,35580534,1837DF9950B931047DAF3B127B7DF71127799AF6,5290274816,1,2026-07-31 02:21:01,3,2,"{7,24,24,24,24,24,24,24,24,24,23,24,24,24,24,24,24,24,24,23,25,24,24,24,25,24,24,26,24,24,24}","{16,55,46,51,57,59,41,44,42,53,35,45,43,45,44,49,44,42,54,59,45,46,42,41,43,46,64,58,40,50,35}","49 дней / 49il / 49 Days [6 из 20] [2011, фэнтези, мелодрама, WEBRip] [RAW] [400p] MVO (ТОО &quot;ПРИМ&quot; / 31 канал)"
6212216,2,277339,ED8EB04C4CCF13425B278D551271EE38EC980ACC,4971956224,1,2026-07-31 02:21:01,3,3,"{7,24,24,24,24,24,24,24,24,24,23,24,24,24,24,24,24,24,24,23,25,24,24,24,25,24,24,26,24,24,24}","{20,108,108,112,88,95,129,163,145,154,135,139,158,138,138,144,130,138,127,140,144,132,128,139,159,164,131,134,98,94,68}","Звук волшебства / Annarasumanara / The Sound of Magic / Сезон: 1 / Серии: 1-6 из 6 (Ким Сон Юн) [2022, Южная Корея, Мелодрама, мюзикл, драма, WEBRip] MVO (HDRezka Studio)"
6217414,2,42564784,4362969681420FA8F81D0A213A03BF8D4E5EB7DE,17128597504,1,2026-07-31 02:21:01,6,1,"{7,24,24,24,24,24,24,24,24,24,23,24,24,24,24,24,24,24,24,23,25,24,24,24,25,24,24,26,24,24,24}","{68,302,293,280,316,243,279,230,245,234,214,270,309,300,291,245,292,317,351,394,260,243,186,226,249,268,301,326,275,308,301}","История девятихвостого лиса / Сказание о кумихо / Gumihodyeon / Tale of the Nine Tailed / Tale of Gumiho [16 из 16] [Южная Корея, 2020, мелодрама, фэнтези, HDTVRip] Dub (ТВ3 / Zone Vision)"
6231868,8,31219696,F8A3B6E8DE1A9078C3BBFF60D466DDC16ACBD760,3750717676,1,2026-07-31 02:21:01,2,2,"{7,24,24,24,24,24,24,24,24,24,23,24,24,24,24,24,24,24,24,23,25,24,24,24,25,24,24,26,24,24,24}","{14,48,44,45,47,46,26,61,60,82,68,87,74,79,75,78,64,77,90,87,77,50,51,57,65,56,68,65,57,54,51}","Любовник Джинкс / Jingkeuseuui Yeonin (Jinxed at First) / Сезон: 1 / Серии: 16 из 16 (Сан Хун Но) [2022, Южная Корея, Фантастика, романтика, детектив, мелодрама, WEB-DLRip] MVO (LE-Production)"
6251242,2,5220206,CFD4C555703C7B164F7FCFA3F6D7DDBCAB469240,14362405294,1,2026-07-31 02:21:01,5,0,"{7,24,24,24,24,24,24,24,24,24,23,24,24,24,24,24,24,24,24,23,25,24,24,24,25,24,24,26,24,24,24}","{39,140,142,142,175,158,132,154,154,131,123,138,155,156,126,114,125,128,133,151,147,143,119,123,125,155,182,207,181,147,172}","Необычный адвокат У Ён У / Weird Attorney Woo Young Woo / Extraordinary Attorney Woo / Isanghan Byeonhosa Uyeongu / Сезон: 1 / Серии: 1-16 из 16 (Ю Ин Сик) [2022, Южная Корея, драма, WEB-DLRip 400p] DVO (Стажеры SOFTBOX)"
6251324,2,5220206,9349EC6C405A04B014F4BF96398CF1036214303B,13420069928,1,2026-07-31 02:21:01,8,1,"{7,24,24,24,24,24,24,24,24,24,23,24,24,24,24,24,24,24,24,23,25,24,24,24,25,24,24,26,24,24,24}","{48,235,211,198,169,170,192,224,216,231,205,206,268,263,186,177,200,172,200,246,230,187,171,207,212,256,233,256,228,247,244}","Призрачный доктор / Goseuteu Dagteo / Ghost Doctor Сезон: 01 / Серии: 1-16 из 16 (Пу Сон Чхоль) [2022, Южная Корея, комедия, фантастика, WEB-DLRip] DVO (SOFTBOX)"
6251354,2,5220206,6DA5D122A16D7FAD4E20A266A2912BDF7B5D2890,14125933610,1,2026-07-31 02:21:01,5,1,"{7,24,24,24,24,24,24,24,24,24,23,24,24,24,24,24,24,24,24,23,25,24,24,24,25,24,24,26,24,24,24}","{40,214,161,192,184,210,209,189,182,201,176,170,185,225,172,249,244,274,200,225,222,213,190,177,178,149,223,262,200,193,209}","Болтун / Big Mouth / Big Mauseu / Сезон: 1 / Серии: 1-16 из 16 (О Чун Хван) [2022, Южная Корея, драма, детектив, триллер, WEB-DLRip] DVO (SOFTBOX)"
6252236,2,5220206,F42B97FB5CD4E632A46D672E4B922E833CF363CA,19523837980,1,2026-07-31 02:21:01,20,1,"{7,24,24,24,24,24,24,24,24,24,23,24,24,24,24,24,24,24,24,23,25,24,24,24,25,24,24,26,24,24,24}","{120,474,462,396,474,437,412,435,486,463,428,444,453,481,462,413,404,371,447,438,388,375,393,475,477,529,465,623,493,501,506}","Алхимия душ / Alchemy of Souls / Hwan Hon / Сезон: 1 / Серии: 1-20 из 20 (Пак Джун Хва) [2022, Южная Корея, романтика, фэнтези, исторический, комедия, драма, WEB-DLRip] DVO (SOFTBOX)"
6261574,2,5220206,39061EA592101E15AFEF9DE275F145C49A3A2D16,13679966284,1,2026-07-31 02:21:01,6,1,"{7,24,24,24,24,24,24,24,24,24,23,24,24,24,24,24,24,24,24,23,25,24,24,24,25,24,24,26,24,24,24}","{42,211,236,241,266,197,182,229,245,210,170,221,291,244,197,175,231,217,272,229,226,203,175,213,204,218,216,233,244,270,223}","Любовь по контракту / Love in Contract / MonWedFriTuesThursSat / WolSooGeumHwaMokTo / Сезон: 1 / Серии: 1-16 из 16 (Нам Сон У) [2022, Южная Корея, романтика, бизнес, WEB-DLRip] DVO (Softbox)"
6261926,2,5220206,A921BADB3E2589D8B31AB1669A7C1B16E92C6012,9774703048,1,2026-07-31 02:21:01,3,3,"{7,24,24,24,24,24,24,24,24,24,23,24,24,24,24,24,24,24,24,23,25,24,24,24,25,24,24,26,24,24,24}","{23,81,74,80,77,80,70,71,75,94,81,93,121,107,89,85,85,75,78,95,95,85,127,144,157,153,155,155,145,152,150}","Давайте начнем защиту / May It Please the Court / Byeonloneul Sijaghagessseubnida / Сезон: 1 / Серии: 1-12 из 12 (Кан Мин Гу) [2022, Южная Корея, драма, детектив, WEB-DLRip] DVO (Стажеры Softbox)"
6262010,2,5220206,604CD2AE3DE855FCA19BF3B99627107A8D539DE1,14994258524,1,2026-07-31 02:21:01,1,1,"{7,24,24,24,24,24,24,24,24,24,23,24,24,24,24,24,24,24,24,23,25,24,24,24,25,24,24,26,24,24,24}","{19,90,83,79,81,79,81,82,79,89,91,99,87,101,75,111,80,75,81,85,70,77,89,111,88,80,96,81,59,68,69}","Золотая ложка / The Golden Spoon / Geumsujeo / Сезон: 1 / Серии: 1-16 из 16 (Сон Хён Ук) [2022, Южная Корея, драма, фантастика, семейный, психология, WEB-DLRip] DVO (Softbox)"
6262793,2,16371912,4EBA40D85359954553DE719DC351D9E61485A250,47673828528,1,2026-07-31 02:21:01,2,2,"{7,24,24,24,24,24,24,24,24,24,23,24,24,24,24,24,24,24,24,23,25,24,24,24,25,24,24,26,24,24,24}","{17,80,74,81,60,79,85,72,99,84,74,100,79,78,87,118,103,86,89,95,93,97,80,94,99,93,102,99,97,100,89}","Убей меня, исцели меня / Kilmi, hilmi / Kill Me, Heal Me / Сезон: 1 / Серии: 1-20 из 20 (Ким Дэ-джин, Ким Джин-ман) [2015, Южная Корея, Драма, мелодрама, комедия, WEBRip 720p] MVO (Мобильное Телевидение)"
6266932,2,16371912,246B9CC7133EA81C1707EB584B11730F85845E32,46683022117,1,2026-07-31 02:21:01,2,1,"{7,24,24,24,24,24,24,24,24,24,23,24,24,24,24,24,24,24,24,23,25,24,24,24,25,24,24,26,24,24,24}","{23,96,77,71,74,56,40,52,72,76,54,56,39,32,45,66,81,80,104,92,85,93,66,102,118,102,92,86,77,80,79}","Врачи / Dakteoseu / Doctors / Сезон: 1 / Серии: 1-20 из 20 (О Чхун-хван, Пак Су-джин) [2016, Южная Корея, Драма, мелодрама, комедия, WEBRip 720p] MVO (Мобильное Телевидение)"
6273946,2,5220206,82A28AEE33805DD8BAE5909042B0010FF30DBC1C,14011793470,1,2026-07-31 02:21:01,4,2,"{7,24,24,24,24,24,24,24,24,24,23,24,24,24,24,24,24,24,24,23,25,24,24,24,25,24,24,26,24,24,24}","{19,71,69,64,72,73,39,65,84,79,48,63,41,46,55,52,45,40,57,72,74,75,68,63,73,73,76,59,76,77,65}","Дворецкий за 100 вон / May I Help You / Il Dang Baek Jibsa / Сезон: 1 / Серии: 1-16 из 16 (Сим Со Ён) [2022, Южная Корея, фантастика, драма, WEB-DLRip 400p] DVO (Softbox)"
6278145,2,5220206,B0440562139A3D25C3A22ED27B33623FEE57447C,12718975480,1,2026-07-31 02:21:01,2,2,"{7,24,24,24,24,24,24,24,24,24,23,24,24,24,24,24,24,24,24,23,25,24,24,24,25,24,24,26,24,24,24}","{14,57,50,48,49,52,35,42,42,44,37,40,40,39,45,44,39,45,50,52,41,48,41,47,49,45,52,51,37,48,48}","Выход на бис / Curtain Call / Curtain Call: Namuneun Seoseo Jookneunda / Сезон: 1 / Серии: 1-16 из 16 (Юн Сан Хо) [2022, Южная Корея, драма, семейный, WEB-DLRip] DVO (Softbox Plus)"
6282041,2,5220206,EC15401500EE4B7924B2A22610747765885534F8,9297242162,1,2026-07-31 02:21:01,6,2,"{7,24,24,24,24,24,24,24,24,24,23,24,24,24,24,24,24,24,24,23,25,24,24,24,25,24,24,26,24,24,24}","{32,135,152,150,165,156,133,146,161,148,170,207,175,173,141,140,154,142,140,131,160,139,132,138,130,147,162,190,140,144,142}","Месть от третьего лица / Revenge of Others / 3inching Bogsu / Сезон: 1 / Серии: 1-12 из 12 (Ким Ю Джин) [2022, Южная Корея, драма, триллер, школа, саспенс, WEB-DLRip] DVO (Softbox)"
6282920,2,5220206,1B6F3A8161D90EFC8C6839D475BB8789D6636F31,10145242710,1,2026-07-31 02:21:01,4,1,"{7,24,24,24,24,24,24,24,24,24,23,24,24,24,24,24,24,24,24,23,25,24,24,24,25,24,24,26,24,24,24}","{32,129,79,55,86,70,54,92,135,125,111,133,131,137,124,101,54,47,55,109,81,61,91,124,149,150,105,111,79,102,104}","Адвокат за тысячу вон / One Dollar Lawyer / Cheonwonjjali Byeonhosa / Сезон: 1 / Серии: 1-12 из 12 (Ким Джэ Хён) [2022, Южная Корея, драма, комедия, WEB-DLRip] DVO (Стажеры Softbox)"
6283928,2,5220206,6D50C6AEC3B8B206B21B276676554B3FA388517D,10083405522,1,2026-07-31 02:21:01,8,1,"{7,24,24,24,24,24,24,24,24,24,23,24,24,24,24,24,24,24,24,23,25,24,24,24,25,24,24,26,24,24,24}","{53,186,170,190,192,224,224,172,179,182,152,145,160,121,131,115,158,149,144,156,111,155,110,108,121,158,216,169,121,182,215}","Полицейский участок рядом с пожарной частью / The First Responders / Sobangseo Yeop Gyeongchalseo / Сезон: 1 / Серии: 1-12 из 12 (Син Кён Су) [2022, Южная Корея, детектив, драма, WEB-DLRip] DVO (Softbox)"
6284768,2,5220206,F8FE1B4F405412A704F91B72872DE82BBB2A38D1,5867845266,1,2026-07-31 02:21:01,1,1,"{7,24,24,24,24,24,24,24,24,24,23,24,24,24,24,24,24,24,24,23,25,24,24,24,25,24,24,26,24,24,24}","{7,24,21,21,23,25,19,30,20,33,22,25,22,23,14,37,15,12,28,20,23,15,11,21,21,31,38,31,27,24,24}","Теневой детектив / Shadow Detective / Сезон: 1 / Серии: 1-8 из 8 (Хан Дон Хва) [2022, Южная Корея, драма, детектив, WEB-DLRip] DVO (Softbox Plus)"
6288101,2,5220206,9BAC9B59813237905BC1E1B628AFF57DF4DAB362,3671368942,1,2026-07-31 02:21:01,2,2,"{7,24,24,24,24,24,24,24,24,24,23,24,24,24,24,24,24,24,24,23,25,24,24,24,25,24,24,26,24,24,24}","{17,64,54,52,67,70,50,57,46,59,42,46,61,65,61,51,54,60,50,67,64,49,50,51,55,44,59,46,50,44,39}","Холод / Freeze / Peurijeu / Сезон: 1 / Серии: 1-5 из 5 (Чон Джэ Хун) [2006, Южная Корея, мистика, драма, романтика, WEBRip 450p] Original + Rus Sub (Альянс)"
6312888,2,5220206,075008798CB85044AD007B7B8F80B20CA4B18B78,9998482500,1,2026-07-31 02:21:01,5,1,"{7,24,24,24,24,24,24,24,24,24,23,24,24,24,24,24,24,24,24,23,25,24,24,24,25,24,24,26,24,24,24}","{47,175,161,179,179,225,197,213,242,171,138,151,199,218,158,158,224,182,174,244,251,212,167,187,206,207,226,265,222,231,227}","Алхимия душ: Свет и тень / Alchemy of Souls: Light and Shadow / Сезон: 2 / Серии: 1-10 из 10 (Пак Джун Хва) [2022, Южная Корея, романтика, фэнтези, драма, исторический, WEB-DLRip 400p] DVO (Softbox)"
6345289,2,9986604,A6C3C12A826706A6680AC20D8CAFEC1647B7FE24,15129923584,1,2026-07-31 02:21:01,16,1,"{7,24,24,24,24,24,24,24,24,24,23,24,24,24,24,24,24,24,24,23,25,24,24,24,25,24,24,26,24,24,24}","{97,356,338,317,376,431,433,479,391,418,378,370,428,454,433,392,412,401,350,375,393,318,263,308,390,397,338,408,395,347,305}","Триумф / Слава / Торжество мести / Deo geullori / The Glory / Сезон: 1 / Серии: 1-16 из 16 (Ан Гиль-хо) [2022, Южная Корея, драма, WEB-DLRip] MVO (NewStudio)"
6360843,2,5220206,75D0F40D508582B33296BF205EA6F66DF88BBF4B,12259916078,1,2026-07-31 02:21:01,13,1,"{7,24,24,24,24,24,24,24,24,24,23,24,24,24,24,24,24,24,24,23,25,24,24,24,25,24,24,26,24,24,24}","{90,370,327,352,340,351,359,331,328,354,348,369,372,369,377,359,342,368,398,380,331,302,310,324,347,308,297,337,354,370,383}","Сказание о кумихо 1938 / История девятихвостого лиса 1938 / Gumihodyeon 1938 / Tale of the Nine Tailed 1938 / сезон 2 / Серии: 1-12 из 12 (Кан Щин-хё, Чо Нам-хён) [2023, Южная Корея, мелодрама, фэнтези, WEB-DLRip 400p] DVO (LE-Production) + Original + Sub (Rus)"
6408725,3,50611641,C7372E89C1FF400B72780A20A17F591E9CEBE7AD,21735635873,1,2026-07-31 02:21:01,5,3,"{7,24,24,24,24,24,24,24,24,24,23,24,24,24,24,24,24,24,24,23,25,24,24,24,25,24,24,26,24,24,24}","{24,99,113,101,84,88,80,90,74,91,109,103,129,135,107,105,107,96,98,105,110,97,104,115,114,108,103,111,100,100,105}","Шпион, который меня любил / The Spies Who Loved Me / Naleul Salanghan Seupai / Сезон: 1 / Серии: 1-16 из 16 (Ли Джэ-джин) [2020, Южная Корея, мелодрама, комедия, HDTVRip] MVO (STEPonee)"
6412608,2,10605115,2B7BBFECC55E5DC93973C3BFA50CEFC0130B260A,12302739456,1,2026-07-31 02:21:01,15,2,"{7,24,24,24,24,24,24,24,24,24,23,24,24,24,24,24,24,24,24,23,25,24,24,24,25,24,24,26,24,24,24}","{100,446,455,392,432,479,441,400,434,411,344,385,363,398,406,364,385,463,398,398,414,393,360,479,499,549,503,554,436,403,655}","Перемещение / В движении / Moving / Mubing / Сезон: 1 / Серии: 1-20 из 20 (Пак Ин-джэ) [2023, Южная Корея, Боевик, фантастика, WEB-DLRip] MVO (TVShows)"
6507054,8,36908373,E5178D0B1E211A1C5F9F761B595E8740B3C593EF,2609590272,1,2026-07-31 02:21:01,10,2,"{7,24,24,24,24,24,24,24,24,24,23,24,24,24,24,24,24,24,24,23,25,24,24,24,25,24,24,26,24,24,24}","{51,187,177,205,204,194,196,171,162,156,150,177,183,183,176,207,193,223,201,204,206,181,148,178,152,190,197,206,159,172,220}","Чёрный рыцарь / Рыцарь в черном / Taekbaegisa / Black Knight / Сезон: 1 / Серии: 1-6 из 6 (Чо И-сок) [2023, Южная Корея, фантастика, боевик, WEB-DLRip] MVO (NewComers)"
6508595,2,36908373,5434634DB3075716E4BC9AB1C8F1D0FE9EDAFCB8,4994398208,1,2026-07-31 02:21:01,29,1,"{7,24,24,24,24,24,24,24,24,24,23,24,24,24,24,24,24,24,24,23,25,24,24,24,25,24,24,26,24,24,24}","{186,758,669,612,647,635,576,512,488,520,420,476,519,468,426,410,388,409,440,425,356,289,302,391,409,447,403,419,349,362,383}","Магазин для киллеров / Магазин для убийц / A Shop for Killers / Sarinjaui Syopingmol / Сезон: 1 / Серии: 1-8 из 8 (Ли Гвон, Но Гю-ёп) [2024, Южная Корея, Триллер, криминал, WEB-DLRip] MVO (TVShows)"
6510000,2,36908373,7AA17B36AFC07825E8D0AD2E7805D75B3C236793,3579674624,1,2026-07-31 02:21:01,3,2,"{7,24,24,24,24,24,24,24,24,24,23,24,24,24,24,24,24,24,24,23,25,24,24,24,25,24,24,26,24,24,24}","{22,81,76,79,75,75,50,43,39,44,42,39,42,57,45,51,55,67,54,55,44,43,39,48,50,51,59,61,46,70,79}","Полиция реки Хан / Han River Police / Hangang / Серии: 1-6 из 6 (Ким Сан Чхоль) [2023, Южная Корея, драма, комедия, детектив, триллер, WEB-DLRip] DVO (SoftBox)"
6510902,2,10605115,F19254FB9806BED88E6596FA046C6D40DB79EBF6,3714105344,1,2026-07-31 02:21:01,15,1,"{7,24,24,24,24,24,24,24,24,24,23,24,24,24,24,24,24,24,24,23,25,24,24,24,25,24,24,26,24,24,24}","{93,451,431,414,370,391,364,409,442,421,373,409,339,311,310,325,396,390,374,385,404,378,304,344,373,356,358,348,355,399,406}","Паразит: Серый / Gisaengsu: Deo Geurei / Parasyte: The Grey / Сезон: 1 / Серии: 1-6 из 6 (Сан Хо Ён) [2024, Южная Корея, Ужасы, фантастика, боевик, дорама, WEB-DLRip] MVO (HDRezka Studio)"
6515215,2,36908373,8816D4C2B454D2C8DA8915789BA9FB5BD2B878BA,4849307648,1,2026-07-31 02:21:01,32,1,"{7,24,24,24,24,24,24,24,24,24,23,24,24,24,24,24,24,24,24,23,25,24,24,24,25,24,24,26,24,24,24}","{214,877,841,737,847,829,830,790,751,803,733,888,999,857,830,791,728,749,800,886,905,720,656,759,725,738,770,874,765,744,790}","Игра смерти / И Джэ скоро умрёт / Death's Game / Ijae, got jukseupnida / Сезон: 1 / Серии: 1-8 из 8 (Ха Бён-хун) [2023, Южная Корея, Драма, фэнтези, ужасы, WEB-DLRip] MVO (TVShows)"
6515833,2,10605115,81E4F902748402F5BE67E8462198F301EFFF3715,3776323584,1,2026-07-31 02:21:01,3,2,"{7,24,24,24,24,24,24,24,24,24,23,24,24,24,24,24,24,24,24,23,25,24,24,24,25,24,24,26,24,24,24}","{21,106,105,88,95,90,69,102,86,90,96,93,86,91,83,77,86,89,78,91,113,82,113,134,143,109,86,126,143,129,136}","Паразит: Серый / Gisaengsu: Deo Geurei / Parasyte: The Grey / Сезон: 1 / Серии: 1-6 из 6 (Сан Хо Ён) [2024, Южная Корея, Ужасы, фантастика, боевик, дорама, WEB-DLRip] MVO (TVShows)"
6522982,8,36908373,039680111815190D5CB9A84194F7AA9682C5AE42,3756503040,1,2026-07-31 02:21:01,6,2,"{7,24,24,24,24,24,24,24,24,24,23,24,24,24,24,24,24,24,24,23,25,24,24,24,25,24,24,26,24,24,24}","{35,188,241,183,201,194,195,176,206,185,203,219,247,199,211,176,206,224,195,190,238,219,196,182,197,193,196,184,181,179,234}","Слабый герой / Yakhan yeongung / Weak Hero Class 1 / Сезон: 1 / Серии: 1-8 из 8 (Ю Су-мин, Пак Тан-хи) [2022, Южная Корея, драма, криминал, WEB-DLRip] DVO (SoftBox)"
6546532,2,36908373,E5520D20430CE8CEDD232558B8692B5DE872C365,6266021888,1,2026-07-31 02:21:01,5,1,"{7,24,24,24,24,24,24,24,24,24,23,24,24,24,24,24,24,24,24,23,25,24,24,24,25,24,24,26,24,24,24}","{31,106,79,93,96,98,83,86,92,114,111,142,126,102,113,100,114,101,103,133,145,113,106,123,119,96,110,112,100,91,99}","Доминирующий вид / Не содержит кровь / Без крови / Blood Free / Jibaejong / Сезон: 1 / Серии: 1-10 из 10 (Пак Чхоль Хван) [2024, Южная Корея, фантастика, WEB-DLRip] MVO (TVShows)"
6548298,2,34113066,1B4C3326846E891FBCCC8F6DEF004DBF311D432F,7693605555,1,2026-07-31 02:21:01,16,1,"{7,24,24,24,24,24,24,24,24,24,23,24,24,24,24,24,24,24,24,23,25,24,24,24,25,24,24,26,24,24,24}","{98,408,401,377,336,389,364,325,257,282,273,253,312,348,338,317,258,292,323,347,358,267,278,269,267,283,284,321,281,336,389}","Милый дом / Seuwiteuhom / Sweet Home / Сезон: 1 / Серии: 1-10 из 10 (Ли Ын-бок, Чан Ён-у, Пак Со-хён) [2020, Южная Корея, Ужасы, боевик, фантастика, WEB-DLRip] MVO (LostFilm) + Original + Sub (Rus, Eng)"
6548910,2,35580534,824BF37CB04B7480F7487BE8A237C7370DE9EB35,16378303179,1,2026-07-31 02:21:01,7,1,"{7,24,24,24,24,24,24,24,24,24,23,24,24,24,24,24,24,24,24,23,25,24,24,24,25,24,24,26,24,24,24}","{44,184,175,168,158,201,234,249,236,218,195,220,247,276,226,236,216,224,218,247,219,179,153,165,190,186,195,215,191,229,240}","Ха Ру, которого я встретила случайно / Случайная встреча / Eojjeoda balgyeonhan haru / Extraordinary You / Сезон: 1 / Серии: 1-32 из 32 (Ким Сан-хёп, Ким Сан-у) [2019, Южная Корея, мелодрама, комедия, WEB-DLRip-AVC] 2x MVO (Мобильное телевидение / Дорама; Казмедиа Центр / Хабар) + Kor + Sub (Rus)"
6550035,2,36908373,FA5F531AFEEC2C324E1DA169275ADDBB60A6EFCF,7328366592,1,2026-07-31 02:21:01,3,2,"{7,24,24,24,24,24,24,24,24,24,23,24,24,24,24,24,24,24,24,23,25,24,24,24,25,24,24,26,24,24,24}","{23,79,102,99,133,89,96,114,106,121,101,140,181,137,112,94,134,113,150,124,133,96,90,131,102,123,118,142,120,149,138}","Красный лебедь / Red Swan / Hwainga Seukaendeul / Сезон: 1 / Серии: 1-10 из 10 (Пак Чхоль Хван) [2024, Южная Корея, экшн, драма, мелодрама, романтика, WEB-DLRip] MVO (TVShows)"
6552693,2,36908373,AEC37594FA164B06BC051AE5D591DB8F3542C20A,5465337856,1,2026-07-31 02:21:01,4,1,"{7,24,24,24,24,24,24,24,24,24,23,24,24,24,24,24,24,24,24,23,25,24,24,24,25,24,24,26,24,24,24}","{26,126,124,117,140,131,119,93,94,116,79,97,98,108,101,113,93,86,102,118,104,98,100,103,121,127,122,144,123,128,114}","Иерархия / Hairaki | Hierarchy / Сезон: 1 / Серии: 1-7 из 7 (Пэ Хён-джин) [2024, Южная Корея, драма, мелодрама, WEB-DLRip] MVO (TVShows)"
6554059,2,36908373,D83FEE932FA560774711B7A1F9F374ECDF99AA3E,9410801664,1,2026-07-31 02:21:01,2,2,"{7,24,24,24,24,24,24,24,24,24,23,24,24,24,24,24,24,24,24,23,25,24,24,24,25,24,24,26,24,24,24}","{16,69,78,76,115,90,62,84,76,106,73,112,154,139,92,83,107,88,137,128,118,81,78,96,90,113,131,147,108,144,111}","Честно говоря / Чистая правда / Никаких секретов / Frankly Speaking / Bimileun Eobseo / Сезон: 1 / Серии: 1-12 из 12 (Чан Джи Ён) [2024, Южная Корея, романтика, мелодрама, комедия, WEB-DLRip] MVO (TVShows)"
6554824,2,34113066,BFB52D93D0DE929CA77A1701E921A7A90F4FB45F,8556427020,1,2026-07-31 02:21:01,12,1,"{7,24,24,24,24,24,24,24,24,24,23,24,24,24,24,24,24,24,24,23,25,24,24,24,25,24,24,26,24,24,24}","{84,275,240,237,252,281,200,208,200,183,212,229,258,291,275,201,229,223,244,269,294,205,179,179,199,205,204,237,183,190,175}","Милый дом / Seuwiteuhom / Sweet Home / Сезон: 2 / Серии: 1-8 из 8 (Ли Ын-бок, Чан Ён-у, Пак Со-хён) [2023, Южная Корея, ужасы, боевик, фантастика, WEB-DLRip] MVO (LostFilm) + Original + Sub (Rus, Eng)"
6556457,2,34113066,D1340E92AD686998B41E2E307D4052F262452964,6374112089,1,2026-07-31 02:21:01,7,0,"{7,24,24,24,24,24,24,24,24,24,23,24,24,24,24,24,24,24,24,23,25,24,24,24,25,24,24,26,24,24,24}","{38,184,159,178,149,137,130,166,168,153,151,151,197,213,226,159,147,142,147,162,180,143,128,144,170,161,144,160,123,141,155}","Милый дом / Seuwiteuhom / Sweet Home / Сезон: 3 / Серии: 1-8 из 8 (Ли Ын-бок, Чан Ён-у, Пак Со-хён) [2024, Южная Корея, ужасы, боевик, фантастика, WEB-DLRip] MVO (LostFilm) + Original + Sub (Rus, Eng)"
6557600,2,4305293,2485F873E4AF5A72F3889C8B5CDB7480758E6789,15157590016,1,2026-07-31 02:21:01,3,2,"{7,24,24,24,24,24,24,24,24,24,23,24,24,24,24,24,24,24,24,23,25,24,24,24,25,24,24,26,24,24,24}","{17,65,62,60,56,65,50,63,54,63,71,72,51,105,78,66,54,72,80,73,82,67,64,77,81,74,77,83,73,84,78}","Выгодная афера / Iroun sagi / Delightfully Deceitful / Сезон: 1 / Серии: 1-16 из 16 (Ли Су-хён) [2023, Южная Корея, драма, криминал, WEB-DLRip] MVO (Amedia)"
6584092,2,1406782,AD5754CC6265112A3EB7682816434C34B20FBD30,14631946429,1,2026-07-31 02:21:01,11,1,"{7,24,24,24,24,24,24,24,24,24,23,24,24,24,24,24,24,24,24,23,25,24,24,24,25,24,24,26,24,24,24}","{72,238,292,292,395,339,323,278,284,362,272,320,475,512,443,453,429,458,427,398,481,330,323,343,354,343,369,411,363,425,360}","Судья из ада / The Judge From Hell / Jiogeseo On Pansa / Сезон: 1 / Серии: 1-14 из 14 (Пак Джин Пё) [2024, Южная Корея, фантастика, романтика, детектив, WEB-DLRip-AVC] DVO (SOFTBOX) + Original + Sub (Eng)"
6591871,2,34113066,CB1BA470B72689C6E606408D51884812A3AB1F76,4851110427,1,2026-07-31 02:21:01,20,1,"{7,24,24,24,24,24,24,24,24,24,23,24,24,24,24,24,24,24,24,23,25,24,24,24,25,24,24,26,24,24,24}","{130,503,560,578,606,593,494,443,497,447,407,435,374,327,337,368,296,295,304,334,277,211,282,278,282,271,317,339,287,212,248}","Зов ада / Hellbound / Jiok / Сезон: 2 / [1-6 из 6] (Ён Сан-хо) [2024, Южная Корея, фэнтези, драма, триллер, ужасы, WEB-DLRip] MVO (Lostfilm) + English + Original (Kor)+ Sub (Rus, Eng)"
6604949,2,36908373,326455BADBC7DA0F6EC696358BB8CE2F5E6407CD,5090146304,1,2026-07-31 02:21:01,7,1,"{7,24,24,24,24,24,24,24,24,24,23,24,24,24,24,24,24,24,24,23,25,24,24,24,25,24,24,26,24,24,24}","{42,185,179,182,200,234,198,230,200,201,167,206,241,252,208,255,234,193,270,274,213,158,169,176,179,176,188,240,216,227,209}","Парадокс убийцы / A Killer Paradox / Sarinja&#12615;Nangam / Sarinja-ng-Nangam / Сезон: 1 / Серии: 1-8 из 8 (Чхан Хи Ли) [2024, Южная Корея, Триллер, криминал, детектив, WEB-DLRip] MVO (TVShows)"
6609166,2,10605115,A4ABFDB11518D628500158E6F42F72AB166C12B5,5240500224,1,2026-07-31 02:21:01,19,1,"{7,24,24,24,24,24,24,24,24,24,23,24,24,24,24,24,24,24,24,23,25,24,24,24,25,24,24,26,24,24,24}","{119,479,552,605,594,578,566,558,510,475,434,461,496,438,475,382,423,469,493,477,483,442,414,462,506,456,511,489,438,451,490}","Магазин светильников / Jomyeonggage / Light Shop / Сезон: 1 / Серии: 1-8 из 8 (Ким Хи-вон) [2024, Южная Корея, Фэнтези, драма, детектив, триллер, WEB-DLRip] MVO (HDRezka Studio)"
6620160,2,34113066,FCB60035B7076ADE396DEE433503E68630F46476,7084783237,1,2026-07-31 02:21:01,70,0,"{7,24,24,24,24,24,24,24,24,24,23,24,24,24,24,24,24,24,24,23,25,24,24,24,25,24,24,26,24,24,24}","{458,1913,1816,1770,1608,1655,1650,1756,1684,1749,1661,1669,1606,1594,1649,1611,1563,1613,1909,1907,1892,1788,1696,1673,1761,1896,1789,1800,1781,1881,1835}","Игра в кальмара / Ojingeo geim / Squid Game / Сезон: 2 / Серии: 1-7 из 7 (Хван Дон-хёк) [2024, Южная Корея, триллер, драма, WEB-DLRip] Dub + Eng + Original (Kor) + Sub (Rus, Eng, Kor, Ukr)"
6621375,2,34113066,975BC609546C4C09A92F1A3D81050BEA7CDD2B69,7049643260,1,2026-07-31 02:21:01,80,2,"{7,24,24,24,24,24,24,24,24,24,23,24,24,24,24,24,24,24,24,23,25,24,24,24,25,24,24,26,24,24,24}","{498,2068,2024,2124,2109,2157,2254,2146,2162,2145,2026,2103,2199,2340,2284,2378,2203,2372,2374,2389,2225,2029,2061,2123,2176,2325,2247,2435,2255,2224,2182}","Игра в кальмара / Ojingeo geim / Squid Game / Сезон: 2 / Серии: 1-7 из 7 (Хван Дон-хёк) [2024, Южная Корея, триллер, драма, WEB-DLRip] MVO (LostFilm) + Eng + Original (Kor) + Sub (Rus, Eng)"
6621562,2,697078,0E774C2F0F3BCD37E65852D2FE816D7F34C79BAB,7010506020,1,2026-07-31 02:21:01,19,1,"{7,24,24,24,24,24,24,24,24,24,23,24,24,24,24,24,24,24,24,23,25,24,24,24,25,24,24,26,24,24,24}","{106,480,456,417,407,401,387,397,441,475,390,407,450,454,466,414,411,439,459,425,410,338,411,397,453,365,363,424,449,423,468}","Игра в кальмара / Ojingeo geim / Squid Game / Сезон: 2 / Серии: 1-7 из 7 (Хван Дон-хёк) [2024, Южная Корея, Драма, приключения, боевик, детектив, триллер, WEB-DLRip-AVC] MVO (HDRezka Studio) + Original + Dub (Eng) + Sub (Rus, Eng)"
6621812,2,10605115,34EDD0180DA0957479D8BD425AA9E1F90ABF2E81,5317732352,1,2026-07-31 02:21:01,14,1,"{7,24,24,24,24,24,24,24,24,24,23,24,24,24,24,24,24,24,24,23,25,24,24,24,25,24,24,26,24,24,24}","{81,340,350,357,302,339,345,300,289,304,281,327,310,339,343,294,293,327,303,319,347,308,266,312,330,385,358,405,366,401,398}","Игра в кальмара / Ojingeo geim / Squid Game / Сезон: 2 / Серии: 1-7 из 7 (Хван Дон-хёк) [2024, Южная Корея, Триллер, драма, WEB-DLRip] MVO (HDRezka Studio)"
6621882,2,9986604,7C6E1F134A6D4AE168637B4ADB9252596C0A0643,7305373696,1,2026-07-31 02:21:01,21,1,"{7,24,24,24,24,24,24,24,24,24,23,24,24,24,24,24,24,24,24,23,25,24,24,24,25,24,24,26,24,24,24}","{110,533,674,542,531,513,580,618,611,597,557,564,586,559,610,652,774,689,628,673,621,595,598,591,547,599,597,652,644,669,719}","Игра в кальмара / Ojingeo geim / Squid Game / Сезон: 2 / Серии: 1-7 из 7 (Хван Дон-хёк) [2024, Южная Корея, триллер, драма, WEB-DLRip] MVO (TVShows)"
6629311,2,23770535,F4BDCB3C775AEBEB7F1D40B6D7F4150730CE26B5,6636907364,1,2026-07-31 02:21:01,14,1,"{7,24,24,24,24,24,24,24,24,24,23,24,24,24,24,24,24,24,24,23,25,24,24,24,25,24,24,26,24,24,24}","{90,517,585,538,532,626,502,559,533,502,466,495,623,519,472,554,585,549,542,526,469,455,433,514,544,514,605,640,532,673,714}","Игра в кальмара / Ojingeo geim / Squid Game / Сезон: 2 / Серии: 1-7 из 7 (Хван Дон-хёк) [2024, Южная Корея, триллер, драма, WEB-DLRip-AVC] Dub (Red Head Sound)"
6656865,2,36908373,10F368C0281B69D8CB53A6710DA81D163A9510DD,4994109440,1,2026-07-31 02:21:01,15,1,"{7,24,24,24,24,24,24,24,24,24,23,24,24,24,24,24,24,24,24,23,25,24,24,24,25,24,24,26,24,24,24}","{99,337,349,439,424,401,334,296,332,349,268,312,338,322,322,303,261,288,311,338,423,321,267,323,343,352,370,365,335,370,412}","Ньютопия / Newtopia / Nyutopia / Сезон: 1 / Серии: 1-8 из 8 (Юн Сон Хён) [2025, Южная Корея, Ужасы, боевик, комедия, WEB-DLRip] MVO (TVShows)"
6658174,2,36908373,F865AB984520A4D5DE2B0DF9B8CAC81DA2E1BAC7,11086909440,1,2026-07-31 02:21:01,2,1,"{7,24,24,24,24,24,24,24,24,24,23,24,24,24,24,24,24,24,24,23,25,24,24,24,25,24,24,26,24,24,24}","{18,66,88,97,71,84,71,78,43,48,38,68,57,67,87,89,66,64,62,89,86,74,47,60,52,77,66,72,76,96,118}","Институт изучения картофеля / Gamjayeonguso / The Potato Lab / Сезон: 1 / Серии: 1-12 из 12 (Кан Иль-су, Щим Джэ-хён) [2025, Южная Корея, мелодрама, комедия, WEB-DLRip] MVO (LE-Production)"
6659349,2,36908373,8A62423C882E0BFAD66DD06CF23AE50769C25ACB,4762916864,1,2026-07-31 02:21:01,3,2,"{7,24,24,24,24,24,24,24,24,24,23,24,24,24,24,24,24,24,24,23,25,24,24,24,25,24,24,26,24,24,24}","{21,77,74,73,79,91,107,102,91,92,99,100,89,92,70,77,69,64,58,90,96,73,69,74,73,75,104,100,62,74,67}","Суринам / Наркосвятые / Narco-Saints / Suriname / The Accidental Narco / Сезон: 1 / Серии: 1-6 из 6 (Юн Чон Бин) [2022, Южная Корея, криминал, триллер, драма, WEB-DLRip] MVO (TVShows)"
6675282,2,5155021,4F0C0147EDC6030AACE04A07C15B4E5516517E68,5601953792,1,2026-07-31 02:21:01,7,1,"{7,24,24,24,24,24,24,24,24,24,23,24,24,24,24,24,24,24,24,23,25,24,24,24,25,24,24,26,24,24,24}","{34,118,124,122,133,149,154,122,150,164,159,168,199,197,193,151,144,137,143,207,190,141,156,146,130,132,147,143,138,136,162}","Обратная сторона Каннама / Gangnam bi-saideu / Сезон: 1 / Серии: 1-8 из 8 (Пак Ну-ри) [2024, Южная Корея, Криминал, детектив, WEB-DLRip] MVO (LE-Production) + Original (Kor)"
6689233,2,36908373,DBA215D0933B543A380EC2BE8282FF93AA380909,9408995328,1,2026-07-31 02:21:01,3,2,"{7,24,24,24,24,24,24,24,24,24,23,24,24,24,24,24,24,24,24,23,25,24,24,24,25,24,24,26,24,24,24}","{16,69,76,69,67,94,93,102,105,62,51,64,92,57,75,90,63,52,100,85,75,51,41,42,85,74,59,66,91,94,82}","Страховка на случай развода / Страховка от развода / The Divorce Insurance / Ihon Boheom / Сезон: 1 / Серии: 1-12 из 12 (Ли Вон Сок) [2025, Южная Корея, романтика, комедия, драма, WEB-DLRip] MVO (LE-Production)"
6712291,2,9115373,69842B68561FCED012E3547488B6C4735753FE30,5643678351,1,2026-07-31 02:21:01,47,0,"{7,24,24,24,24,24,24,24,24,24,23,24,24,24,24,24,24,24,24,23,25,24,24,24,25,24,24,26,24,24,24}","{276,1338,1384,1435,1352,1334,1244,1350,1296,1398,1238,1219,1424,1321,1247,1300,1333,1244,1450,1441,1283,1247,1283,1314,1354,1348,1244,1507,1362,1302,1261}","Игра в кальмара / Ojingeo geim / Squid Game / Сезон: 3 / Серии: 1-6 из 6 (Хван Дон-хёк) [2025, Южная Корея, Триллер, драма, WEB-DLRip-AVC] Dub (Videofilm Int.) + Sub (Rus, Eng)"
6712474,2,34113066,E41484C44694FC64997F51B8BBCF7A6A865D71A3,6063082157,1,2026-07-31 02:21:01,46,0,"{7,24,24,24,24,24,24,24,24,24,23,24,24,24,24,24,24,24,24,23,25,24,24,24,25,24,24,26,24,24,24}","{270,1305,1290,1361,1296,1287,1281,1308,1369,1353,1150,1187,1309,1269,1438,1539,1563,1584,1572,1477,1571,1470,1402,1465,1484,1451,1579,1645,1594,1737,1645}","Игра в кальмара / Ojingeo geim / Squid Game / Сезон: 3 / Серии: 1-6 из 6 (Хван Дон-хёк) [2025, Южная Корея, триллер, драма, WEB-DLRip] Dub (Videofilm Int.) + Eng + Original (Kor) + Sub (Rus, Eng, Kor, Ukr)"
6713226,2,10605115,C0D33C2F4886660056D1078BCFD5B006A743E42A,4588333056,1,2026-07-31 02:21:01,26,1,"{7,24,24,24,24,24,24,24,24,24,23,24,24,24,24,24,24,24,24,23,25,24,24,24,25,24,24,26,24,24,24}","{175,689,633,645,592,666,593,547,643,607,598,631,633,673,691,730,704,749,771,747,794,749,656,737,754,783,747,843,865,843,844}","Игра в кальмара / Ojingeo geim / Squid Game / Сезон: 3 / Серии: 1-6 из 6 (Хван Дон-хёк) [2025, Южная Корея, Триллер, драма, WEB-DLRip] MVO (HDRezka Studio)"
6713437,2,34113066,E0C3A17774ACA133ECD1D39FA4DB9E846CE0BE0B,5488721420,1,2026-07-31 02:21:01,128,4,"{7,24,24,24,24,24,24,24,24,24,23,24,24,24,24,24,24,24,24,23,25,24,24,24,25,24,24,26,24,24,24}","{781,2914,2942,2958,3077,3210,2976,2919,2853,2844,2772,3113,3171,2941,2993,3032,2954,3175,3183,2961,3019,2657,2798,3079,3210,3201,3223,3574,3078,3215,3259}","Игра в кальмара / Ojingeo geim / Squid Game / Сезон: 3 / Серии: 1-6 из 6 (Хван Дон-хёк) [2025, Южная Корея, триллер, драма, WEB-DLRip] MVO (LostFilm) + Original (Kor) + Sub (Rus, Eng)"
6714132,2,9986604,387329EBA21299173C9F832DB47910E7C1C47BAD,6238513152,1,2026-07-31 02:21:01,20,1,"{7,24,24,24,24,24,24,24,24,24,23,24,24,24,24,24,24,24,24,23,25,24,24,24,25,24,24,26,24,24,24}","{123,608,746,717,721,673,633,681,634,641,568,675,724,645,677,744,841,752,699,697,747,680,632,714,776,850,755,905,816,814,816}","Игра в кальмара / Ojingeo geim / Squid Game / Сезон: 3 / Серии: 1-6 из 6 (Хван Дон-хёк) [2025, Южная Корея, триллер, драма, WEB-DLRip] MVO (TVShows)"
6739074,2,36908373,9BD3D5FB81CB0C4CCF6C798F0E9FC21AE403412D,5077387264,1,2026-07-31 02:21:01,5,1,"{7,24,24,24,24,24,24,24,24,24,23,24,24,24,24,24,24,24,24,23,25,24,24,24,25,24,24,26,24,24,24}","{32,122,108,128,144,153,184,178,160,217,193,220,224,223,194,183,135,171,197,194,169,148,138,152,157,165,151,191,135,162,175}","Дюжина / Двенадцать / Twelve / Teuwelbeu / Сезон: 1 / Серии: 1-8 из 8 (Кан Дэ Гю) [2025, Южная Корея, фэнтези, боевик, WEB-DLRip] MVO (TVShows)"
6739551,2,36908373,F1F96D17DE8E337B81ECDCC31DA1B5CC1A50FECA,3458177024,1,2026-07-31 02:21:01,12,2,"{7,24,24,24,24,24,24,24,24,24,23,24,24,24,24,24,24,24,24,23,25,24,24,24,25,24,24,26,24,24,24}","{67,345,363,328,251,205,196,208,199,186,212,146,172,242,197,198,195,224,240,260,259,180,186,236,247,214,283,329,314,216,235}","Пощады не будет / Mercy for None / Gwangjang / Сезон: 1 / Серии: 1-7 из 7 (Ли Сон Ын) [2025, Южная Корея, боевик, криминал, детектив, WEB-DLRip] MVO (TVShows)"
6758367,2,23361560,B7B377A6A384703B78DDA4CEFA6176A146C78F49,9794158592,1,2026-07-31 02:21:01,8,1,"{7,24,24,24,24,24,24,24,24,24,23,24,24,24,24,24,24,24,24,23,25,24,24,24,25,24,24,26,24,24,24}","{46,116,99,117,116,120,127,141,159,154,136,150,186,206,188,154,169,165,176,205,177,143,140,202,193,203,162,203,166,155,166}","Аферисты по-корейски / Keonpideonseu Maen KR / Confidence Queen / Сезон: 1 / Серии: 1-12 из 12 (Нам Ги-хун) [2025, Южная Корея, комедия, криминал, WEB-DLRip] MVO (LE-Production)"
6762174,2,35580534,8E6B9B541877C555A51981B0C2C08473B677049F,17723495181,1,2026-07-31 02:21:01,7,1,"{7,24,24,24,24,24,24,24,24,24,23,24,24,24,24,24,24,24,24,23,25,24,24,24,25,24,24,26,24,24,24}","{46,183,193,238,209,318,249,219,189,222,172,209,293,306,287,203,198,217,245,270,257,155,143,186,174,189,256,245,236,217,226}","Чёрное солнце / Geomeun teyang / The Veil / Сезон: 1 / Серии: 1-12 из 12 (Ким Сон-ён / Kim Seong-yong) [2021, Южная Корея, триллер, боевик, детектив, WEB-DLRip-AVC] MVO (Freedom Media) + Original Kor + Sub (Rus)"
6781035,2,36908373,B17EA80EBE6B470E595A10F8007E84672B18A0B4,11683237888,1,2026-07-31 02:21:01,7,1,"{7,24,24,24,24,24,24,24,24,24,23,24,24,24,24,24,24,24,24,23,25,24,24,24,25,24,24,26,24,24,24}","{43,168,137,149,145,163,157,164,137,163,132,198,198,193,227,196,204,208,182,231,253,196,187,208,208,215,186,220,190,178,179}","Не стоило целоваться! / Взрывной поцелуй / Dynamite Kiss / Kiseuneun Gwaenhi Haeseo! / Сезон: 1 / Серии: 1-14 из 14 (Ким Джэ Хён) [2025, Южная Корея, мелодрама, комедия, WEB-DLRip] DVO (Light Breeze)"
6782950,2,35580534,0B93437F5D2C621A7B89037BC9582C6190BF25E5,11420766337,1,2026-07-31 02:21:01,8,1,"{7,24,24,24,24,24,24,24,24,24,23,24,24,24,24,24,24,24,24,23,25,24,24,24,25,24,24,26,24,24,24}","{55,208,195,198,202,185,173,165,190,202,148,156,146,143,148,161,131,157,195,171,218,146,133,151,173,162,181,210,177,147,167}","Перемещение / В движении / Mubing / Moving / Сезон: 1 / Серии: 1-20 из 20 (Пак Ин-джэ / Park In-je, Пак Юн-со / Park Yoon-seo) [2023, Южная Корея, фантастика, мелодрама, боевик, криминал, WEB-DLRip-AVC] MVO (Freedom Media)"
6782962,2,35580534,0C2130EF9F60338270B010FEB07D956EFA732923,14033954989,1,2026-07-31 02:21:01,10,1,"{7,24,24,24,24,24,24,24,24,24,23,24,24,24,24,24,24,24,24,23,25,24,24,24,25,24,24,26,24,24,24}","{58,250,238,205,228,292,264,210,166,219,156,179,266,200,193,216,181,157,185,175,232,168,151,177,224,182,198,217,228,264,229}","Под прикрытием в старшей школе / Eondeokeobeo haiseukul / Undercover High School / Сезон: 1 / Серии: 1-12 из 12 (Чхве Джон-ин / Choi Jeong-in) [2025, Южная Корея, комедия, боевик, детектив, WEB-DLRip-AVC] MVO (Freedom Media) + Original Kor + Sub (Eng)"
6783034,2,36908373,B5EF0F6856CD347F456548290621291C004F8E80,3746154496,1,2026-07-31 02:21:01,6,1,"{7,24,24,24,24,24,24,24,24,24,23,24,24,24,24,24,24,24,24,23,25,24,24,24,25,24,24,26,24,24,24}","{38,198,246,159,214,236,181,215,212,204,199,212,245,232,199,215,208,216,238,266,252,239,199,215,223,206,164,159,146,144,185}","Карма / Злая судьба / Karma / Akyeon / Сезон: 1 / Серии: 1-6 из 6 (Ли Иль Хён) [2025, Южная Корея, триллер, криминал, WEB-DLRip] MVO (TVShows)"
6787554,2,36908373,69122EEFDCA92E226395D25812EC384BC905FFC7,11084730368,1,2026-07-31 02:21:01,6,1,"{7,24,24,24,24,24,24,24,24,24,23,24,24,24,24,24,24,24,24,23,25,24,24,24,25,24,24,26,24,24,24}","{38,128,142,199,174,153,181,195,165,175,121,145,231,173,153,178,189,182,213,164,187,134,105,170,173,176,159,140,147,167,159}","На общественных началах / Pro Bono / Peurobono / Сезон: 1 / Серии: 1-12 из 12 (Ким Сонъюн) [2025, Южная Корея, комедия, драма, WEB-DLRip] MVO (LE-Production)"
6792285,2,35580534,7A860A4226032E160FF70C56E874D0FD764974B0,6402084239,1,2026-07-31 02:21:01,16,1,"{7,24,24,24,24,24,24,24,24,24,23,24,24,24,24,24,24,24,24,23,25,24,24,24,25,24,24,26,24,24,24}","{95,396,391,285,305,316,276,372,358,250,221,259,265,259,255,219,186,189,148,219,219,156,177,197,231,297,254,313,260,254,313}","Магазин для киллеров / Магазин для убийц / Sarinjaui Syopingmol / A Shop for Killers / Сезон: 1 / Серии: 1-8 из 8 (Ли Гвон / Lee Gwon, Но Гю-ёп / No Gyoo-yeop) [2024, Южная Корея, боевик, криминал, драма, WEB-DLRip-AVC] MVO (Freedom Media)"
6792286,2,35580534,3D20DCB2D7F104F98DB73CA5D91FCE335DFBA5B5,8457379820,1,2026-07-31 02:21:01,3,2,"{7,24,24,24,24,24,24,24,24,24,23,24,24,24,24,24,24,24,24,23,25,24,24,24,25,24,24,26,24,24,24}","{17,74,79,80,97,96,93,81,89,92,59,92,108,106,91,97,86,95,82,101,123,61,71,81,84,85,103,92,81,87,90}","Начальник следственного отдела, 1958 год / Старший инспектор 1958 / Susabanjang 1958 / Chief Detective 1958 / Сезон: 1 / Серии: 1-10 из 10 (Ким Сон-хун / Kim Seong-hoon) [2024, Южная Корея, детектив, криминал, комедия, WEB-DLRip-AVC] MVO (Freedom Media)"
6803557,2,36908373,EF9480539A145ECE95AC750CE6337469375B8D9C,9323505664,1,2026-07-31 02:21:01,9,1,"{7,24,24,24,24,24,24,24,24,24,23,24,24,24,24,24,24,24,24,23,25,24,24,24,25,24,24,26,24,24,24}","{41,224,241,216,201,235,224,180,154,161,192,202,227,205,179,144,149,168,180,218,161,128,145,176,206,147,206,233,232,197,229}","Весенняя лихорадка / Spring Fever / Seupeuring Pibeo / Сезон: 1 / Серии: 1-12 из 12 (Пак Вонгук) [2025, Южная Корея, мелодрама, комедия, WEB-DLRip] MVO (LE-Production)"
6804586,2,36908373,65C39ED8862D4A90E8BF611BF0A2F02AB78DC75C,9405685760,1,2026-07-31 02:21:01,3,1,"{7,24,24,24,24,24,24,24,24,24,23,24,24,24,24,24,24,24,24,23,25,24,24,24,25,24,24,26,24,24,24}","{26,75,68,71,104,100,132,118,120,133,123,157,179,172,160,165,179,204,189,167,196,173,169,202,227,211,186,177,147,130,166}","Человек с сегодняшнего дня / Oneulbuteo inganimnida / No Tail to Tell / Сезон: 1 / Серии: 1-12 из 12 (Ким Джон-гвон) [2026, Южная Корея, мелодрама, комедия, фэнтези, WEB-DLRip] MVO (LE-Production)"
6830674,2,36908373,CF389381DCB8FBC0EF3F3F52820A59665773833D,10391777280,1,2026-07-31 02:21:01,5,1,"{7,24,24,24,24,24,24,24,24,24,23,24,24,24,24,24,24,24,24,23,25,24,24,24,25,24,24,26,24,24,24}","{25,97,101,106,107,114,120,126,136,109,112,108,143,149,108,128,143,121,155,195,140,127,103,134,151,127,112,118,100,98,123}","Женись на мне / Would You Marry Me? / U Ju Meri Mi / Ujumerimi / Сезон: 1 / Серии: 1-12 из 12 (Сон Хён Ук, Квон Да Сом) [2025, Южная Корея, мелодрама, комедия, WEB-DLRip] MVO (DubLikTV)"
6838587,2,36908373,8F69CC2928128DDDE74D9E6D2C2020402C4C6F07,7506980864,1,2026-07-31 02:21:01,5,1,"{7,24,24,24,24,24,24,24,24,24,23,24,24,24,24,24,24,24,24,23,25,24,24,24,25,24,24,26,24,24,24}","{33,117,107,123,134,146,113,128,134,184,207,183,170,151,153,195,171,200,214,247,222,189,191,223,218,249,279,251,186,196,272}","Слепленный город / Город скульптур / The Manipulated / Jogakdosi / Сезон: 1 / Серии: 1-12 из 12 (Ким Чхан Джу) [2025, Южная Корея, криминал, триллер, WEB-DLRip] MVO (LE-Production)"
6838654,2,36908373,CF04908AA0FF5E5BABB56F904A04DFBDB9093647,10513512448,1,2026-07-31 02:21:01,4,2,"{7,24,24,24,24,24,24,24,24,24,23,24,24,24,24,24,24,24,24,23,25,24,24,24,25,24,24,26,24,24,24}","{22,77,93,82,90,91,85,94,92,87,59,76,92,119,83,97,76,91,98,95,82,74,68,89,92,96,99,85,79,87,78}","Госпожа Инкогнито / Jakhan yeoja Bu Semi / Ms. Incognito / Сезон: 1 / Серии: 1-12 из 12 (Пак Ю Ён, Ан Тхэ Джин) [2025, Южная Корея, триллер, криминал, мелодрама, WEB-DLRip] MVO (LE-Production)"
6839141,2,36908373,875E21C819DFB4E9D8136997D7870B5B345761AE,12129996800,1,2026-07-31 02:21:01,11,1,"{7,24,24,24,24,24,24,24,24,24,23,24,24,24,24,24,24,24,24,23,25,24,24,24,25,24,24,26,24,24,24}","{54,200,201,225,226,267,220,187,204,203,149,177,192,183,149,201,189,179,265,215,232,157,136,172,206,202,180,183,195,183,185}","Шеф-повар тирана / Приятного аппетита, Ваше Величество / Bon Appetit, Your Majesty / Pokgunui Sepeu / Pokgunui Syepeu / Сезон: 1 / Серии: 1-12 из 12 (Чан Тхэ Ю) [2025, Южная Корея, мелодрама, комедия, фэнтези, WEB-DLRip] MVO (TVShows)"
6841066,2,36908373,FFCBD0D6D8A7F8D2A2C63B9DC8ED32D0E9A5B316,9771266048,1,2026-07-31 02:21:01,3,1,"{7,24,24,24,24,24,24,24,24,24,23,24,24,24,24,24,24,24,24,23,25,24,24,24,25,24,24,26,24,24,24}","{26,83,81,87,112,100,82,101,115,106,85,114,125,100,107,130,117,122,159,104,91,132,122,153,172,183,187,215,152,126,162}","Можно ли перевести любовь? / Can This Love Be Translated? / I Sarang Tongyeok Doenayo? / Сезон: 1 / Серии: 1-12 из 12 (Ю Ён-ын) [2026, Южная Корея, Мелодрама, комедия, WEB-DLRip] MVO (LE-Production)"
6841252,2,36908373,BADC26A94A8227E9D38C3A9972C74322723D87C5,6296909824,1,2026-07-31 02:21:01,2,1,"{7,24,24,24,24,24,24,24,24,24,23,24,24,24,24,24,24,24,24,23,25,24,24,24,25,24,24,26,24,24,24}","{26,110,136,106,114,155,140,100,111,157,130,158,243,192,131,147,168,155,249,264,209,150,146,166,170,185,181,169,132,130,154}","Богомол: Первородный грех / Queen Mantis / The Mantis: Original Sin / Сезон: 1 / Серии: 1-8 из 8 (Пён Ён-джу) [2025, Южная Корея, Детектив, триллер, криминал, WEB-DLRip] MVO (TVShows)"
6867376,2,36908373,E126D5A5F373DBEBC5167FC7BF620161A4DE291C,13141626880,1,2026-07-31 02:21:01,17,1,"{7,24,24,24,24,24,24,24,24,24,23,24,24,24,24,24,24,24,24,23,25,24,24,24,25,24,24,26,24,24,24}","{100,355,281,298,342,283,257,306,375,328,297,365,288,250,265,290,222,342,319,308,249,156,218,306,312,293,252,276,246,230,247}","Адвокат призраков / Phantom Lawyer / Sinirang Beopryulsamuso / Сезон: 1 / Серии: 1-16 из 16 (Син Джунхун) [2026, Южная Корея, детектив, фэнтези, комедия, WEB-DLRip] MVO (LE-Production)"
6867442,2,36908373,086BCD9539698E1ADB2392474D6B20E03CDA5C9E,10903810048,1,2026-07-31 02:21:01,6,0,"{7,24,24,24,24,24,24,24,24,24,23,24,24,24,24,24,24,24,24,23,25,24,24,24,25,24,24,26,24,24,24}","{39,123,137,166,149,165,171,163,160,180,166,137,133,121,92,85,107,110,98,117,141,98,82,101,110,116,134,124,108,103,128}","Сегодня снова всё распродано / Sold Out on You / Oneuldo Maejinhaesseumnida / Сезон: 1 / Серии: 1-12 из 12 (Ан Джонъён) [2026, Южная Корея, мелодрама, комедия, WEB-DLRip] MVO (LE-Production)"
6868159,2,36908373,D24C4A0BBDABB6F905C522C6ABE047424BC884B9,9425799168,1,2026-07-31 02:21:01,3,1,"{7,24,24,24,24,24,24,24,24,24,23,24,24,24,24,24,24,24,24,23,25,24,24,24,25,24,24,26,24,24,24}","{14,65,73,100,86,95,64,69,69,59,27,40,32,43,68,94,65,77,65,55,26,48,50,79,92,63,31,51,59,39,40}","Адвокат айдола / Idol I / Aidolai / Сезон: 1 / Серии: 1-12 из 12 (Ли Гванъён) [2025, Южная Корея, мелодрама, комедия, криминал, WEB-DLRip] MVO (LE-Production)"
6868936,2,36908373,1A96298D4A49231BC0EAF839EE87A09D3D3840E1,7125993472,1,2026-07-31 02:21:01,3,1,"{7,24,24,24,24,24,24,24,24,24,23,24,24,24,24,24,24,24,24,23,25,24,24,24,25,24,24,26,24,24,24}","{15,58,92,67,68,78,59,61,38,44,12,36,57,52,23,74,67,49,44,55,42,41,32,58,39,18,39,31,39,44,40}","Гипернож / Haipeo naipeu / Hyper Knife / Сезон: 1 / Серии: 1-8 из 8 (Ким Джон-хён) [2025, Южная Корея, триллер, драма, WEB-DLRip] MVO (LE-Production)"
6869319,2,36908373,47D61E525716B932DEFAAC32CF5B2CA18BFE0493,11940239360,1,2026-07-31 02:21:01,1,0,"{7,24,24,24,24,24,24,24,24,24,23,24,24,24,24,24,24,24,24,23,25,24,24,24,25,24,24,26,24,24,24}","{23,89,124,108,120,125,93,103,113,112,54,97,107,103,92,87,97,119,104,120,74,55,65,86,119,136,125,157,147,147,137}","Плохие парни / Nappeun nyeoseokdeul / Bad Guys / Сезон: 1 / Серии: 1-11 из 11 (Ким Джон-мин, Хан Дон-хва) [2014, Южная Корея, триллер, детектив, боевик, криминал, WEB-DLRip] MVO (Мобильное телевидение)"
