user_id,topic_id,status,last_update_time,last_seeded_time,first_update_time
4813816,3816026,1,2026-07-30 01:05:01,2026-07-30 16:05:01,2024-02-25 04:00:00
10126551,3816026,16777473,2026-07-30 14:47:22,2026-07-28 00:05:01,2024-10-21 02:05:01
14757368,3816026,1,2026-07-28 09:05:01,2026-07-30 16:05:01,2024-02-24 23:50:00
46916731,3816026,1,2026-07-30 05:05:01,2026-07-30 16:05:01,2026-06-24 17:05:01
4813816,3527403,1,2026-07-30 01:05:01,2026-07-30 16:05:01,2024-02-25 04:00:00
10126551,3527403,16777473,2026-07-30 14:47:22,2026-07-30 03:05:02,2024-10-21 02:05:01
14315827,3527403,65537,2024-03-08 19:31:00,2026-07-30 16:05:01,2023-10-21 21:57:00
14757368,3527403,1,2026-07-28 09:05:01,2026-07-30 16:05:01,2025-03-22 13:05:01
10126551,3684480,16777473,2026-07-30 14:47:22,2026-07-28 00:05:01,2024-10-21 02:05:01
14315827,3684480,65537,2024-03-08 19:31:00,2026-07-30 16:05:01,2023-10-21 21:57:00
14757368,3684480,1,2026-07-28 09:05:01,2026-07-30 16:05:01,2024-02-24 23:50:00
46916731,3684480,1,2026-07-30 05:05:01,2026-07-30 16:05:01,2026-06-24 17:05:01
670524,3722594,0,,2026-07-30 16:05:01,
10126551,3722594,16777473,2026-07-30 14:47:22,2026-07-28 00:05:01,2024-10-21 02:05:01
14757368,3722594,1,2026-07-28 09:05:01,2026-07-30 16:05:01,2024-02-24 23:50:00
32873098,3722594,1,2026-06-02 16:05:01,2026-07-30 16:05:01,2026-04-12 21:05:01
46916731,3722594,1,2026-07-30 05:05:01,2026-07-30 16:05:01,2026-06-24 17:05:01
4813816,4570243,1,2026-07-30 01:05:01,2026-07-30 16:05:01,2024-02-25 04:00:00
10126551,4570243,16777473,2026-07-30 14:47:22,2026-07-28 00:05:01,2024-10-21 19:05:01
14315827,4570243,65537,2024-03-08 19:31:00,2026-07-30 16:05:01,2023-10-21 21:57:00
14757368,4570243,1,2026-07-28 09:05:01,2026-07-30 16:05:01,2025-03-22 13:05:01
670524,4557774,1,2026-03-11 10:26:57,2026-07-30 16:05:01,2025-03-30 02:05:01
10008096,4557774,1,2026-06-20 12:05:01,2026-07-30 16:05:01,2024-02-07 09:47:00
10126551,4557774,16777473,2026-07-30 14:47:22,2026-07-30 04:05:01,2024-10-21 02:05:01
14757368,4557774,1,2026-07-28 09:05:01,2026-07-30 16:05:01,2025-03-22 13:05:01
10126551,3478092,16777473,2026-07-30 14:47:22,2026-07-30 05:05:01,2024-10-21 02:05:01
14315827,3478092,65537,2024-03-08 19:31:00,2026-07-30 16:05:01,2023-10-21 21:57:00
14757368,3478092,1,2026-07-28 09:05:01,2026-07-30 16:05:01,2024-08-12 23:05:01
27746861,3478092,1,2026-07-29 17:05:01,2026-07-30 16:05:01,2024-02-21 14:19:00
10126551,4733335,16777473,2026-07-30 14:47:22,2026-07-28 23:05:01,2024-10-21 02:05:01
14315827,4733335,65537,2024-03-08 19:31:00,2026-07-30 16:05:01,2023-10-21 21:57:00
46916731,4733335,1,2026-07-30 05:05:01,2026-07-30 16:05:01,2026-06-24 17:05:01
4813816,4735081,1,2026-07-30 01:05:01,2026-07-30 16:05:01,2024-02-25 04:00:00
10126551,4735081,16777473,2026-07-30 14:47:22,2026-07-28 00:05:01,2024-10-21 02:05:01
14315827,4735081,65537,2024-03-08 19:31:00,2026-07-30 16:05:01,2023-10-21 21:57:00
14757368,4735081,1,2026-07-28 09:05:01,2026-07-30 16:05:01,2025-03-22 13:05:01
4813816,4719927,1,2026-07-30 01:05:01,2026-07-30 16:05:01,2024-02-25 04:00:00
10126551,4719927,16777473,2026-07-30 14:47:22,2026-07-30 04:05:01,2024-10-21 02:05:01
14315827,4719927,65537,2024-03-08 19:31:00,2026-07-30 16:05:01,2023-10-21 21:57:00
46916731,4719927,1,2026-07-30 05:05:01,2026-07-30 16:05:01,2026-06-24 17:05:01
4813816,4155234,1,2026-07-30 01:05:01,2026-07-30 16:05:01,2024-02-25 04:00:00
10126551,4155234,16777473,2026-07-30 14:47:22,2026-07-30 04:05:01,2024-10-21 02:05:01
14315827,4155234,65537,2024-03-08 19:31:00,2026-07-30 16:05:01,2023-10-21 21:57:00
14757368,4155234,1,2026-07-28 09:05:01,2026-07-30 16:05:01,2025-03-22 13:05:01
10126551,4798243,16777473,2026-07-30 14:47:22,2026-07-30 05:05:01,2024-10-21 02:05:01
14315827,4798243,0,,2026-07-30 16:05:01,
46916731,4798243,1,2026-07-30 05:05:01,2026-07-30 16:05:01,2026-06-24 17:05:01
4813816,4870422,1,2026-07-30 01:05:01,2026-07-30 16:05:01,2024-02-25 04:00:00
10126551,4870422,16777473,2026-07-30 14:47:22,2026-07-30 05:05:01,2024-10-21 02:05:01
14315827,4870422,65537,2024-03-08 19:31:00,2026-07-30 16:05:01,2023-10-21 21:57:00
14757368,4870422,1,2026-07-28 09:05:01,2026-07-30 16:05:01,2024-08-12 23:05:01
10126551,3685876,16777473,2026-07-30 14:47:22,2026-07-30 05:05:01,2024-10-21 02:05:01
14315827,3685876,65537,2024-03-08 19:31:00,2026-07-30 16:05:01,2023-10-21 21:57:00
27746861,3685876,1,2026-07-29 17:05:01,2026-07-30 16:05:01,2024-02-21 14:19:00
32873098,3685876,1,2026-06-02 16:05:01,2026-07-30 16:05:01,2026-04-12 21:05:01
10008096,4947373,1,2026-06-20 12:05:01,2026-07-30 16:05:01,2024-02-07 09:47:00
10126551,4947373,16777473,2026-07-30 14:47:22,2026-07-30 03:05:02,2024-10-21 02:05:01
14315827,4947373,0,,2026-07-30 16:05:01,
14757368,4947373,1,2026-07-28 09:05:01,2026-07-30 16:05:01,2025-03-22 13:05:01
4813816,4652627,1,2026-07-30 01:05:01,2026-07-30 16:05:01,2024-02-25 04:00:00
10008096,4652627,1,2026-06-20 12:05:01,2026-07-30 16:05:01,2024-02-07 09:47:00
10126551,4652627,16777473,2026-07-30 14:47:22,2026-07-28 23:05:01,2024-10-21 19:05:01
46916731,4652627,1,2026-07-30 05:05:01,2026-07-30 16:05:01,2026-06-24 04:05:01
670524,4915093,0,,2026-07-30 16:05:01,
10008096,4915093,1,2026-06-20 12:05:01,2026-07-29 10:05:02,2024-02-07 09:47:00
10126551,4915093,16777473,2026-07-30 14:47:22,2026-07-28 05:05:01,2024-10-21 02:05:01
14757368,4915093,1,2026-07-28 09:05:01,2026-07-30 16:05:01,2025-03-22 13:05:01
46916731,4915093,1,2026-07-30 05:05:01,2026-07-30 16:05:01,2026-06-24 17:05:01
670524,4519041,0,,2026-07-30 16:05:01,
10126551,4519041,16777473,2026-07-30 14:47:22,2026-07-28 23:05:01,2024-10-21 02:05:01
14315827,4519041,65537,2024-03-08 19:31:00,2026-07-30 16:05:01,2023-10-21 21:57:00
46916731,4519041,1,2026-07-30 05:05:01,2026-07-30 16:05:01,2026-06-24 17:05:01
4813816,4954301,1,2026-07-30 01:05:01,2026-07-30 16:05:01,2024-02-25 04:00:00
10126551,4954301,16777473,2026-07-30 14:47:22,2026-07-30 05:05:01,2024-10-21 02:05:01
14315827,4954301,65537,2024-03-08 19:31:00,2026-07-30 16:05:01,2023-10-21 21:57:00
14757368,4954301,1,2026-07-28 09:05:01,2026-07-30 16:05:01,2025-03-22 13:05:01
4813816,4864403,1,2026-07-30 01:05:01,2026-07-30 16:05:01,2024-02-25 04:00:00
10126551,4864403,16777473,2026-07-30 14:47:22,2026-07-30 05:05:01,2024-10-21 02:05:01
14315827,4864403,65537,2024-03-08 19:31:00,2026-07-30 16:05:01,2023-10-21 21:57:00
14757368,4864403,1,2026-07-28 09:05:01,2026-07-30 16:05:01,2025-03-22 13:05:01
670524,5046155,0,,2026-07-30 16:05:01,
10008096,5046155,1,2026-06-20 12:05:01,2026-07-30 16:05:01,2024-02-07 09:47:00
10126551,5046155,16777473,2026-07-30 14:47:22,2026-07-28 23:05:01,2024-10-21 02:05:01
14757368,5046155,1,2026-07-28 09:05:01,2026-07-30 16:05:01,2025-03-22 13:05:01
46916731,5046155,1,2026-07-30 05:05:01,2026-07-30 16:05:01,2026-06-24 17:05:01
4813816,3655876,1,2026-07-30 01:05:01,2026-07-30 16:05:01,2024-02-25 04:00:00
10008096,3655876,1,2026-06-20 12:05:01,2026-07-29 05:05:02,2024-02-07 09:47:00
10126551,3655876,16777473,2026-07-30 14:47:22,2026-07-28 04:05:01,2024-10-21 02:05:01
14757368,3655876,1,2026-07-28 09:05:01,2026-07-30 16:05:01,2024-02-24 23:50:00
670524,4782240,1,2026-03-11 10:26:57,2026-07-30 16:05:01,2025-04-07 03:05:01
10126551,4782240,16777473,2026-07-30 14:47:22,2026-07-30 16:05:01,2024-10-21 19:05:01
32873098,4782240,1,2026-06-02 16:05:01,2026-07-30 16:05:01,2026-04-12 21:05:01
4813816,4683559,1,2026-07-30 01:05:01,2026-07-30 16:05:01,2024-02-25 04:00:00
10126551,4683559,16777473,2026-07-30 14:47:22,2026-07-28 00:05:01,2024-10-21 02:05:01
14315827,4683559,65537,2024-03-08 19:31:00,2026-07-30 16:05:01,2023-10-21 21:57:00
14757368,4683559,1,2026-07-28 09:05:01,2026-07-30 16:05:01,2025-03-22 13:05:01
670524,5036690,0,,2026-07-30 16:05:01,
4813816,5036690,1,2026-07-30 01:05:01,2026-07-30 16:05:01,2024-02-25 04:00:00
10126551,5036690,16777473,2026-07-30 14:47:22,2026-07-28 00:05:01,2024-10-21 02:05:01
14315827,5036690,65537,2024-03-08 19:31:00,2026-07-30 16:05:01,2023-10-21 21:57:00
32873098,5036690,1,2026-06-02 16:05:01,2026-07-30 16:05:01,2026-04-12 21:05:01
4813816,4378629,1,2026-07-30 01:05:01,2026-07-30 16:05:01,2024-02-25 04:00:00
10126551,4378629,16777473,2026-07-30 14:47:22,2026-07-30 01:05:01,2024-10-21 02:05:01
14315827,4378629,65537,2024-03-08 19:31:00,2026-07-30 16:05:01,2023-10-21 21:57:00
14757368,4378629,1,2026-07-28 09:05:01,2026-07-30 16:05:01,2025-03-22 13:05:01
4813816,4710905,1,2026-07-30 01:05:01,2026-07-30 16:05:01,2024-02-25 04:00:00
10126551,4710905,16777473,2026-07-30 14:47:22,2026-07-30 04:05:01,2024-10-21 02:05:01
14315827,4710905,65537,2024-03-08 19:31:00,2026-07-30 16:05:01,2023-10-21 21:57:00
46916731,4710905,1,2026-07-30 05:05:01,2026-07-30 16:05:01,2026-06-24 17:05:01
4813816,4198331,1,2026-07-30 01:05:01,2026-07-30 16:05:01,2024-02-25 04:00:00
10126551,4198331,16777473,2026-07-30 14:47:22,2026-07-28 00:05:01,2024-10-21 02:05:01
14757368,4198331,1,2026-07-28 09:05:01,2026-07-30 16:05:01,2024-02-24 23:50:00
32873098,4198331,1,2026-06-02 16:05:01,2026-07-30 16:05:01,2026-05-02 15:05:00
4813816,5117776,1,2026-07-30 01:05:01,2026-07-30 16:05:01,2024-02-25 04:00:00
10126551,5117776,16777473,2026-07-30 14:47:22,2026-07-30 05:05:01,2024-10-21 02:05:01
14315827,5117776,65537,2024-03-08 19:31:00,2026-07-30 16:05:01,2023-10-21 21:57:00
14757368,5117776,1,2026-07-28 09:05:01,2026-07-30 16:05:01,2024-08-12 23:05:01
4813816,4348223,1,2026-07-30 01:05:01,2026-07-30 16:05:01,2024-02-25 04:00:00
10126551,4348223,16777473,2026-07-30 14:47:22,2026-07-30 05:05:01,2024-10-21 02:05:01
14315827,4348223,65537,2024-03-08 19:31:00,2026-07-30 16:05:01,2023-10-21 21:57:00
14757368,4348223,1,2026-07-28 09:05:01,2026-07-30 16:05:01,2025-03-22 13:05:01
4813816,3749899,1,2026-07-30 01:05:01,2026-07-30 16:05:01,2024-02-25 04:00:00
10126551,3749899,16777473,2026-07-30 14:47:22,2026-07-28 00:05:01,2024-10-21 02:05:01
14757368,3749899,1,2026-07-28 09:05:01,2026-07-30 16:05:01,2024-02-24 23:50:00
46916731,3749899,1,2026-07-30 05:05:01,2026-07-30 16:05:01,2026-06-24 17:05:01
4813816,4507902,1,2026-07-30 01:05:01,2026-07-30 16:05:01,2024-02-25 04:00:00
10126551,4507902,16777473,2026-07-30 14:47:22,2026-07-30 05:05:01,2024-10-21 02:05:01
14315827,4507902,65537,2024-03-08 19:31:00,2026-07-30 16:05:01,2023-10-21 21:57:00
14757368,4507902,1,2026-07-28 09:05:01,2026-07-30 16:05:01,2025-03-22 13:05:01
4813816,4936692,1,2026-07-30 01:05:01,2026-07-30 16:05:01,2024-02-25 04:00:00
10008096,4936692,1,2026-06-20 12:05:01,2026-07-30 16:05:01,2024-02-07 09:47:00
10126551,4936692,16777473,2026-07-30 14:47:22,2026-07-28 04:05:01,2024-10-21 02:05:01
14757368,4936692,1,2026-07-28 09:05:01,2026-07-30 16:05:01,2025-03-22 13:05:01
670524,5059466,1,2026-03-11 10:26:57,2026-07-30 16:05:01,2025-04-07 03:05:01
10126551,5059466,16777473,2026-07-30 14:47:22,2026-07-28 23:05:01,2024-10-21 02:05:01
14757368,5059466,1,2026-07-28 09:05:01,2026-07-30 16:05:01,2025-03-22 13:05:01
46916731,5059466,1,2026-07-30 05:05:01,2026-07-30 16:05:01,2026-06-24 17:05:01
4813816,5069128,1,2026-07-30 01:05:01,2026-07-30 16:05:01,2024-02-25 04:00:00
10126551,5069128,16777473,2026-07-30 14:47:22,2026-07-30 05:05:01,2024-10-21 02:05:01
14315827,5069128,65537,2024-03-08 19:31:00,2026-07-30 16:05:01,2023-10-21 21:57:00
14757368,5069128,1,2026-07-28 09:05:01,2026-07-30 16:05:01,2024-08-12 23:05:01
4813816,4799557,1,2026-07-30 01:05:01,2026-07-30 16:05:01,2024-02-25 04:00:00
10126551,4799557,16777473,2026-07-30 14:47:22,2026-07-28 00:05:01,2024-10-21 02:05:01
14315827,4799557,65537,2024-03-08 19:31:00,2026-07-30 16:05:01,2023-10-21 21:57:00
14757368,4799557,1,2026-07-28 09:05:01,2026-07-30 16:05:01,2025-03-22 13:05:01
4813816,4682265,1,2026-07-30 01:05:01,2026-07-30 16:05:01,2024-02-25 04:00:00
10126551,4682265,16777473,2026-07-30 14:47:22,2026-07-28 00:05:01,2024-10-21 02:05:01
14315827,4682265,65537,2024-03-08 19:31:00,2026-07-30 16:05:01,2023-10-21 21:57:00
14757368,4682265,1,2026-07-28 09:05:01,2026-07-30 16:05:01,2024-08-12 23:05:01
4813816,3911776,1,2026-07-30 01:05:01,2026-07-30 16:05:01,2024-02-25 04:00:00
10126551,3911776,16777473,2026-07-30 14:47:22,2026-07-30 05:05:01,2024-10-21 02:05:01
14315827,3911776,65537,2024-03-08 19:31:00,2026-07-30 16:05:01,2023-10-21 21:57:00
27746861,3911776,1,2026-07-29 17:05:01,2026-07-30 16:05:01,2024-02-21 14:19:00
10126551,5213686,16777473,2026-07-30 14:47:22,2026-07-28 00:05:01,2024-10-21 02:05:01
14315827,5213686,65537,2024-03-08 19:31:00,2026-07-30 16:05:01,2023-10-21 21:57:00
14757368,5213686,1,2026-07-28 09:05:01,2026-07-30 16:05:01,2024-08-12 23:05:01
27746861,5213686,1,2026-07-29 17:05:01,2026-07-30 16:05:01,2024-02-21 14:19:00
4813816,4913841,1,2026-07-30 01:05:01,2026-07-30 16:05:01,2024-02-25 04:00:00
10126551,4913841,16777473,2026-07-30 14:47:22,2026-07-30 05:05:01,2024-10-21 02:05:01
14315827,4913841,65537,2024-03-08 19:31:00,2026-07-30 16:05:01,2023-10-21 21:57:00
14757368,4913841,1,2026-07-28 09:05:01,2026-07-30 16:05:01,2025-03-22 13:05:01
4813816,4926181,1,2026-07-30 01:05:01,2026-07-30 16:05:01,2024-02-25 04:00:00
10126551,4926181,16777473,2026-07-30 14:47:22,2026-07-30 05:05:01,2024-10-21 02:05:01
14315827,4926181,65537,2024-03-08 19:31:00,2026-07-30 16:05:01,2023-10-21 21:57:00
27746861,4926181,1,2026-07-29 17:05:01,2026-07-30 16:05:01,2024-02-21 14:19:00
4813816,5087873,1,2026-07-30 01:05:01,2026-07-29 12:05:02,2024-02-25 04:00:00
10126551,5087873,16777473,2026-07-30 14:47:22,2026-07-28 00:05:01,2024-10-21 02:05:01
14315827,5087873,65537,2024-03-08 19:31:00,2026-07-30 16:05:01,2023-10-21 21:57:00
14757368,5087873,1,2026-07-28 09:05:01,2026-07-30 16:05:01,2024-08-12 23:05:01
670524,4389603,0,,2026-07-30 16:05:01,
10126551,4389603,16777473,2026-07-30 14:47:22,2026-07-28 00:05:01,2024-10-21 02:05:01
14757368,4389603,1,2026-07-28 09:05:01,2026-07-30 16:05:01,2024-02-24 23:50:00
32873098,4389603,1,2026-06-02 16:05:01,2026-07-30 16:05:01,2026-04-12 21:05:01
46916731,4389603,1,2026-07-30 05:05:01,2026-07-30 16:05:01,2026-06-24 17:05:01
10126551,4916316,16777473,2026-07-30 14:47:22,2026-07-28 00:05:01,2024-10-21 19:05:01
14315827,4916316,65537,2024-03-08 19:31:00,2026-07-30 16:05:01,2023-10-21 21:57:00
27746861,4916316,1,2026-07-29 17:05:01,2026-07-30 16:05:01,2024-02-21 14:19:00
46916731,4916316,1,2026-07-30 05:05:01,2026-07-30 14:05:02,2026-06-24 17:05:01
10126551,5184714,16777473,2026-07-30 14:47:22,2026-07-28 00:05:01,2024-10-21 02:05:01
14315827,5184714,65537,2024-03-08 19:31:00,2026-07-30 16:05:01,2023-10-21 21:57:00
14757368,5184714,1,2026-07-28 09:05:01,2026-07-30 16:05:01,2025-03-22 13:05:01
27746861,5184714,1,2026-07-29 17:05:01,2026-07-30 16:05:01,2024-02-21 14:19:00
670524,5243888,1,2026-03-11 10:26:57,2026-07-30 16:05:01,2025-04-09 03:05:02
4813816,5243888,1,2026-07-30 01:05:01,2026-07-30 16:05:01,2024-02-25 04:00:00
10126551,5243888,16777473,2026-07-30 14:47:22,2026-07-30 04:05:01,2024-10-21 02:05:01
14315827,5243888,65537,2024-03-08 19:31:00,2026-07-30 16:05:01,2023-10-21 21:57:00
4813816,4566703,1,2026-07-30 01:05:01,2026-07-30 16:05:01,2024-02-25 04:00:00
10126551,4566703,16777473,2026-07-30 14:47:22,2026-07-30 05:05:01,2024-10-21 19:05:01
14315827,4566703,65537,2024-03-08 19:31:00,2026-07-30 16:05:01,2023-10-21 21:57:00
14757368,4566703,1,2026-07-28 09:05:01,2026-07-30 16:05:01,2025-03-22 13:05:01
670524,4451475,0,,2026-07-30 16:05:01,
4813816,4451475,1,2026-07-30 01:05:01,2026-07-30 16:05:01,2024-02-25 04:00:00
10126551,4451475,16777473,2026-07-30 14:47:22,2026-07-28 00:05:01,2024-10-21 02:05:01
14315827,4451475,65537,2024-03-08 19:31:00,2026-07-30 16:05:01,2023-10-21 21:57:00
46916731,4451475,1,2026-07-30 05:05:01,2026-07-30 16:05:01,2026-06-24 17:05:01
4813816,4310208,1,2026-07-30 01:05:01,2026-07-30 16:05:01,2024-02-25 04:00:00
10126551,4310208,16777473,2026-07-30 14:47:22,2026-07-30 05:05:01,2024-10-21 02:05:01
14315827,4310208,65537,2024-03-08 19:31:00,2026-07-30 16:05:01,2023-10-21 21:57:00
14757368,4310208,1,2026-07-28 09:05:01,2026-07-30 16:05:01,2025-03-22 13:05:01
10126551,4738155,16777473,2026-07-30 14:47:22,2026-07-30 05:05:01,2024-11-04 20:05:01
14315827,4738155,65537,2024-03-08 19:31:00,2026-07-30 16:05:01,2023-10-21 21:57:00
46916731,4738155,1,2026-07-30 05:05:01,2026-07-30 16:05:01,2026-06-24 04:05:01
10126551,4607623,16777473,2026-07-30 14:47:22,2026-07-30 04:05:01,2024-10-21 02:05:01
14315827,4607623,65537,2024-03-08 19:31:00,2026-07-30 16:05:01,2023-10-21 21:57:00
14757368,4607623,1,2026-07-28 09:05:01,2026-07-30 16:05:01,2025-03-22 13:05:01
46916731,4607623,1,2026-07-30 05:05:01,2026-07-30 16:05:01,2026-06-24 17:05:01
4813816,5283434,1,2026-07-30 01:05:01,2026-07-30 16:05:01,2024-02-25 04:00:00
10008096,5283434,1,2026-06-20 12:05:01,2026-07-30 16:05:01,2024-02-07 09:47:00
10126551,5283434,16777473,2026-07-30 14:47:22,2026-07-30 01:05:01,2024-10-21 02:05:01
14757368,5283434,1,2026-07-28 09:05:01,2026-07-30 16:05:01,2025-03-22 13:05:01
670524,5286623,0,,2026-07-30 16:05:01,
4813816,5286623,1,2026-07-30 01:05:01,2026-07-30 16:05:01,2024-02-25 04:00:00
10126551,5286623,16777473,2026-07-30 14:47:22,2026-07-28 23:05:01,2024-10-21 02:05:01
14315827,5286623,65537,2024-03-08 19:31:00,2026-07-30 16:05:01,2023-10-21 21:57:00
46916731,5286623,1,2026-07-30 05:05:01,2026-07-30 16:05:01,2026-06-24 17:05:01
4813816,5263844,1,2026-07-30 01:05:01,2026-07-30 16:05:01,2024-02-25 04:00:00
10126551,5263844,16777473,2026-07-30 14:47:22,2026-07-30 04:05:01,2024-10-21 02:05:01
14315827,5263844,65537,2024-03-08 19:31:00,2026-07-30 16:05:01,2023-10-21 21:57:00
14757368,5263844,1,2026-07-28 09:05:01,2026-07-30 16:05:01,2024-08-12 23:05:01
670524,5204808,0,,2026-07-30 16:05:01,
4813816,5204808,1,2026-07-30 01:05:01,2026-07-30 16:05:01,2024-02-25 04:00:00
10126551,5204808,16777473,2026-07-30 14:47:22,2026-07-28 00:05:01,2024-10-21 02:05:01
14315827,5204808,65537,2024-03-08 19:31:00,2026-07-30 16:05:01,2023-10-21 21:57:00
32873098,5204808,1,2026-06-02 16:05:01,2026-07-30 16:05:01,2026-04-12 21:05:01
4813816,5335017,1,2026-07-30 01:05:01,2026-07-30 16:05:01,2024-02-25 04:00:00
10126551,5335017,16777473,2026-07-30 14:47:22,2026-07-28 00:05:01,2024-10-21 02:05:01
14315827,5335017,65537,2024-03-08 19:31:00,2026-07-30 16:05:01,2023-10-21 21:57:00
14757368,5335017,1,2026-07-28 09:05:01,2026-07-30 16:05:01,2024-08-12 23:05:01
4813816,4187922,1,2026-07-30 01:05:01,2026-07-30 16:05:01,2024-02-25 04:00:00
10126551,4187922,16777473,2026-07-30 14:47:22,2026-07-30 05:05:01,2024-10-21 02:05:01
14315827,4187922,65537,2024-03-08 19:31:00,2026-07-30 16:05:01,2023-10-21 21:57:00
14757368,4187922,1,2026-07-28 09:05:01,2026-07-30 16:05:01,2025-03-22 13:05:01
4813816,5134543,1,2026-07-30 01:05:01,2026-07-30 15:05:01,2024-02-25 04:00:00
10126551,5134543,16777473,2026-07-30 14:47:22,2026-07-28 23:05:01,2024-10-21 02:05:01
14315827,5134543,65537,2024-03-08 19:31:00,2026-07-30 16:05:01,2023-10-21 21:57:00
46916731,5134543,1,2026-07-30 05:05:01,2026-07-30 16:05:01,2026-06-24 17:05:01
4813816,5026885,1,2026-07-30 01:05:01,2026-07-30 16:05:01,2024-02-25 04:00:00
10126551,5026885,16777473,2026-07-30 14:47:22,2026-07-30 05:05:01,2024-10-21 02:05:01
14315827,5026885,65537,2024-03-08 19:31:00,2026-07-30 16:05:01,2023-10-21 21:57:00
14757368,5026885,1,2026-07-28 09:05:01,2026-07-30 16:05:01,2025-03-22 13:05:01
4813816,4533985,1,2026-07-30 01:05:01,2026-07-30 16:05:01,2024-02-25 04:00:00
10126551,4533985,16777473,2026-07-30 14:47:22,2026-07-28 00:05:01,2024-10-21 02:05:01
14315827,4533985,65537,2024-03-08 19:31:00,2026-07-30 16:05:01,2023-10-21 21:57:00
14757368,4533985,1,2026-07-28 09:05:01,2026-07-30 16:05:01,2025-03-22 13:05:01
4813816,5136184,1,2026-07-30 01:05:01,2026-07-30 16:05:01,2024-02-25 04:00:00
10126551,5136184,16777473,2026-07-30 14:47:22,2026-07-28 00:05:01,2024-10-21 02:05:01
14315827,5136184,65537,2024-03-08 19:31:00,2026-07-30 16:05:01,2023-10-21 21:57:00
14757368,5136184,1,2026-07-28 09:05:01,2026-07-30 16:05:01,2025-03-22 13:05:01
4813816,5329159,1,2026-07-30 01:05:01,2026-07-30 16:05:01,2024-02-25 04:00:00
10126551,5329159,16777473,2026-07-30 14:47:22,2026-07-30 05:05:01,2024-10-21 02:05:01
14315827,5329159,65537,2024-03-08 19:31:00,2026-07-30 16:05:01,2023-10-21 21:57:00
27746861,5329159,1,2026-07-29 17:05:01,2026-07-30 16:05:01,2024-02-21 14:19:00
4813816,4684616,1,2026-07-30 01:05:01,2026-07-30 16:05:01,2024-02-25 04:00:00
10126551,4684616,16777473,2026-07-30 14:47:22,2026-07-30 05:05:01,2024-10-21 02:05:01
14315827,4684616,65537,2024-03-08 19:31:00,2026-07-30 16:05:01,2023-10-21 21:57:00
14757368,4684616,1,2026-07-28 09:05:01,2026-07-30 16:05:01,2025-03-22 13:05:01
670524,5465034,0,,2026-07-30 16:05:01,
4813816,5465034,1,2026-07-30 01:05:01,2026-07-30 16:05:01,2024-02-25 04:00:00
10126551,5465034,16777473,2026-07-30 14:47:22,2026-07-28 00:05:01,2024-10-21 02:05:01
14315827,5465034,65537,2024-03-08 19:31:00,2026-07-30 16:05:01,2023-10-21 21:57:00
32873098,5465034,1,2026-06-02 16:05:01,2026-07-30 16:05:01,2026-04-12 21:05:01
4813816,3941411,1,2026-07-30 01:05:01,2026-07-30 13:05:01,2024-02-25 04:00:00
10126551,3941411,16777473,2026-07-30 14:47:22,2026-07-20 19:07:17,2024-10-21 02:05:01
14315827,3941411,65537,2024-03-08 19:31:00,2026-07-30 16:05:01,2023-10-21 21:57:00
46916731,3941411,1,2026-07-30 05:05:01,2026-07-30 16:05:01,2026-06-24 17:05:01
4813816,5056107,1,2026-07-30 01:05:01,2026-07-30 16:05:01,2024-02-25 04:00:00
10126551,5056107,16777473,2026-07-30 14:47:22,2026-07-30 05:05:01,2024-10-21 02:05:01
14315827,5056107,65537,2024-03-08 19:31:00,2026-07-30 16:05:01,2023-10-21 21:57:00
14757368,5056107,1,2026-07-28 09:05:01,2026-07-30 16:05:01,2024-08-12 23:05:01
4813816,4570195,1,2026-07-30 01:05:01,2026-07-30 16:05:01,2024-02-25 04:00:00
10126551,4570195,16777473,2026-07-30 14:47:22,2026-07-28 00:05:01,2024-10-21 02:05:01
14315827,4570195,65537,2024-03-08 19:31:00,2026-07-30 16:05:01,2023-10-21 21:57:00
14757368,4570195,1,2026-07-28 09:05:01,2026-07-30 16:05:01,2025-03-22 13:05:01
4813816,3772781,1,2026-07-30 01:05:01,2026-07-30 16:05:01,2024-02-25 04:00:00
10126551,3772781,16777473,2026-07-30 14:47:22,2026-07-30 04:05:01,2024-10-21 02:05:01
14315827,3772781,65537,2024-03-08 19:31:00,2026-07-30 16:05:01,2023-10-21 21:57:00
27746861,3772781,1,2026-07-29 17:05:01,2026-07-30 16:05:01,2024-02-21 14:19:00
4813816,4848450,1,2026-07-30 01:05:01,2026-07-30 16:05:01,2024-02-25 04:00:00
10126551,4848450,16777473,2026-07-30 14:47:22,2026-07-30 05:05:01,2024-10-21 19:05:01
14315827,4848450,65537,2024-03-08 19:31:00,2026-07-30 16:05:01,2023-10-21 21:57:00
14757368,4848450,1,2026-07-28 09:05:01,2026-07-30 16:05:01,2025-03-22 13:05:01
670524,5222760,1,2026-03-11 10:26:57,2026-07-30 16:05:01,2025-04-08 02:21:23
4813816,5222760,1,2026-07-30 01:05:01,2026-07-30 16:05:01,2024-02-25 04:00:00
10126551,5222760,16777473,2026-07-30 14:47:22,2026-07-30 05:05:01,2024-10-21 02:05:01
14315827,5222760,65537,2024-03-08 19:31:00,2026-07-30 16:05:01,2023-10-21 21:57:00
10126551,4537472,16777473,2026-07-30 14:47:22,2026-07-30 05:05:01,2024-10-21 02:05:01
14315827,4537472,65537,2024-03-08 19:31:00,2026-07-30 16:05:01,2023-10-21 21:57:00
27746861,4537472,1,2026-07-29 17:05:01,2026-07-30 16:05:01,2024-02-21 14:19:00
32873098,4537472,1,2026-06-02 16:05:01,2026-07-30 16:05:01,2026-04-12 21:05:01
10126551,4397384,16777473,2026-07-30 14:47:22,2026-07-30 05:05:01,2024-10-21 02:05:01
14315827,4397384,65537,2024-03-08 19:31:00,2026-07-30 16:05:01,2023-10-21 21:57:00
14757368,4397384,1,2026-07-28 09:05:01,2026-07-30 16:05:01,2025-03-22 13:05:01
27746861,4397384,1,2026-07-29 17:05:01,2026-07-30 16:05:01,2024-02-21 14:19:00
670524,4619437,1,2026-03-11 10:26:57,2026-07-30 16:05:01,2025-03-30 02:05:01
10126551,4619437,16777473,2026-07-30 14:47:22,2026-07-30 05:05:01,2024-10-21 02:05:01
14315827,4619437,65537,2024-03-08 19:31:00,2026-07-30 16:05:01,2023-10-21 21:57:00
14757368,4619437,1,2026-07-28 09:05:01,2026-07-30 16:05:01,2025-03-22 13:05:01
670524,4518039,0,,2026-07-30 16:05:01,
10126551,4518039,16777473,2026-07-30 14:47:22,2026-07-30 05:05:01,2024-10-21 02:05:01
14315827,4518039,65537,2024-03-08 19:31:00,2026-07-30 16:05:01,2023-10-21 21:57:00
46916731,4518039,1,2026-07-30 05:05:01,2026-07-30 16:05:01,2026-06-24 17:05:01
4813816,5673786,1,2026-07-30 01:05:01,2026-07-30 16:05:01,2024-02-25 04:00:00
10126551,5673786,16777473,2026-07-30 14:47:22,2026-07-30 05:05:01,2024-10-21 02:05:01
14315827,5673786,65537,2024-03-08 19:31:00,2026-07-30 16:05:01,2023-10-21 21:57:00
46916731,5673786,1,2026-07-30 05:05:01,2026-07-30 14:05:02,2026-06-24 17:05:01
4813816,5624384,1,2026-07-30 01:05:01,2026-07-30 16:05:01,2024-02-25 04:00:00
10126551,5624384,16777473,2026-07-30 14:47:22,2026-07-30 05:05:01,2024-10-21 02:05:01
14315827,5624384,65537,2024-03-08 19:31:00,2026-07-30 16:05:01,2023-10-21 21:57:00
14757368,5624384,1,2026-07-28 09:05:01,2026-07-30 16:05:01,2025-03-22 13:05:01
10126551,5534093,16777473,2026-07-30 14:47:22,2026-07-30 04:05:01,2024-10-21 02:05:01
14315827,5534093,65537,2024-03-08 19:31:00,2026-07-30 16:05:01,2023-10-21 21:57:00
27746861,5534093,1,2026-07-29 17:05:01,2026-07-30 16:05:01,2024-02-21 14:19:00
32873098,5534093,1,2026-06-02 16:05:01,2026-07-30 16:05:01,2026-04-12 21:05:01
4813816,3411792,1,2026-07-30 01:05:01,2026-07-30 16:05:01,2024-02-25 04:00:00
10126551,3411792,16777473,2026-07-30 14:47:22,2026-07-28 00:05:01,2024-10-21 19:05:01
14315827,3411792,65537,2024-03-08 19:31:00,2026-07-30 16:05:01,2023-10-21 21:57:00
14757368,3411792,1,2026-07-28 09:05:01,2026-07-30 16:05:01,2025-03-22 13:05:01
4813816,5673363,1,2026-07-30 01:05:01,2026-07-30 16:05:01,2024-02-25 04:00:00
10126551,5673363,16777473,2026-07-30 14:47:22,2026-07-30 05:05:01,2024-10-21 19:05:01
14315827,5673363,65537,2024-03-08 19:31:00,2026-07-30 16:05:01,2023-10-21 21:57:00
14757368,5673363,1,2026-07-28 09:05:01,2026-07-30 16:05:01,2025-03-22 13:05:01
4813816,3268259,1,2026-07-30 01:05:01,2026-07-30 16:05:01,2024-02-25 04:00:00
10126551,3268259,16777473,2026-07-30 14:47:22,2026-07-30 05:05:01,2024-10-21 19:05:01
14315827,3268259,65537,2024-03-08 19:31:00,2026-07-30 16:05:01,2023-10-21 21:57:00
14757368,3268259,1,2026-07-28 09:05:01,2026-07-30 16:05:01,2024-08-12 23:05:01
670524,5688144,0,,2026-07-30 16:05:01,
4813816,5688144,1,2026-07-30 01:05:01,2026-07-30 16:05:01,2024-02-25 04:00:00
10126551,5688144,16777473,2026-07-30 14:47:22,2026-07-28 23:05:01,2024-10-21 02:05:01
14315827,5688144,65537,2024-03-08 19:31:00,2026-07-30 16:05:01,2023-10-21 21:57:00
46916731,5688144,1,2026-07-30 05:05:01,2026-07-30 16:05:01,2026-06-24 17:05:01
4813816,5681889,1,2026-07-30 01:05:01,2026-07-30 16:05:01,2024-02-25 04:00:00
10126551,5681889,16777473,2026-07-30 14:47:22,2026-07-30 05:05:01,2024-10-21 02:05:01
14315827,5681889,65537,2024-03-08 19:31:00,2026-07-30 16:05:01,2023-10-21 21:57:00
14757368,5681889,1,2026-07-28 09:05:01,2026-07-30 16:05:01,2024-08-12 23:05:01
670524,3510586,0,,2026-07-30 16:05:01,
10008096,3510586,1,2026-06-20 12:05:01,2026-07-30 16:05:01,2024-02-07 09:47:00
10126551,3510586,16777473,2026-07-30 14:47:22,2026-07-29 13:05:01,2024-10-21 02:05:01
14757368,3510586,1,2026-07-28 09:05:01,2026-07-30 16:05:01,2025-03-22 13:05:01
46916731,3510586,1,2026-07-30 05:05:01,2026-07-30 16:05:01,2026-06-24 17:05:01
4813816,5597401,1,2026-07-30 01:05:01,2026-07-30 16:05:01,2024-02-25 04:00:00
10126551,5597401,16777473,2026-07-30 14:47:22,2026-07-30 04:05:01,2024-10-21 02:05:01
14315827,5597401,65537,2024-03-08 19:31:00,2026-07-30 16:05:01,2023-10-21 21:57:00
14757368,5597401,1,2026-07-28 09:05:01,2026-07-30 16:05:01,2025-03-22 13:05:01
4813816,5756873,1,2026-07-30 01:05:01,2026-07-30 16:05:01,2024-02-25 04:00:00
10008096,5756873,1,2026-06-20 12:05:01,2026-07-30 14:05:02,2024-02-07 09:47:00
10126551,5756873,16777473,2026-07-30 14:47:22,2026-07-30 04:05:01,2024-10-21 19:05:01
14757368,5756873,1,2026-07-28 09:05:01,2026-07-30 16:05:01,2025-03-22 13:05:01
4813816,5401679,1,2026-07-30 01:05:01,2026-07-30 16:05:01,2024-02-25 04:00:00
10008096,5401679,1,2026-06-20 12:05:01,2026-07-30 16:05:01,2024-02-07 09:47:00
10126551,5401679,16777473,2026-07-30 14:47:22,2026-07-30 05:05:01,2024-10-21 02:05:01
14757368,5401679,1,2026-07-28 09:05:01,2026-07-30 16:05:01,2025-03-22 13:05:01
4813816,4457281,1,2026-07-30 01:05:01,2026-07-30 16:05:01,2024-02-25 04:00:00
10126551,4457281,16777473,2026-07-30 14:47:22,2026-07-30 05:05:01,2024-10-21 02:05:01
14315827,4457281,65537,2024-03-08 19:31:00,2026-07-30 16:05:01,2023-10-21 21:57:00
14757368,4457281,1,2026-07-28 09:05:01,2026-07-30 16:05:01,2025-03-22 13:05:01
4813816,4983551,1,2026-07-30 01:05:01,2026-07-30 16:05:01,2024-02-25 04:00:00
10126551,4983551,16777473,2026-07-30 14:47:22,2026-07-28 00:05:01,2024-10-21 02:05:01
14315827,4983551,65537,2024-03-08 19:31:00,2026-07-30 16:05:01,2023-10-21 21:57:00
14757368,4983551,1,2026-07-28 09:05:01,2026-07-30 16:05:01,2025-03-22 13:05:01
670524,3477593,0,,2026-07-30 16:05:01,
4813816,3477593,1,2026-07-30 01:05:01,2026-07-30 16:05:01,2024-02-25 04:00:00
10126551,3477593,16777473,2026-07-30 14:47:22,2026-07-28 23:05:01,2024-10-21 02:05:01
14315827,3477593,65537,2024-03-08 19:31:00,2026-07-30 16:05:01,2023-10-21 21:57:00
46916731,3477593,1,2026-07-30 05:05:01,2026-07-30 16:05:01,2026-06-24 17:05:01
670524,5807476,1,2026-03-11 10:26:57,2026-07-30 16:05:01,2025-04-08 02:21:23
10008096,5807476,1,2026-06-20 12:05:01,2026-07-30 16:05:01,2024-02-07 09:47:00
10126551,5807476,16777473,2026-07-30 14:47:22,2026-07-30 05:05:01,2024-10-21 02:05:01
14757368,5807476,1,2026-07-28 09:05:01,2026-07-30 16:05:01,2025-03-22 13:05:01
4813816,5449466,1,2026-07-30 01:05:01,2026-07-30 16:05:01,2024-02-25 04:00:00
10008096,5449466,1,2026-06-20 12:05:01,2026-07-30 16:05:01,2024-02-07 09:47:00
10126551,5449466,16777473,2026-07-30 14:47:22,2026-07-30 05:05:01,2024-10-21 19:05:01
14757368,5449466,1,2026-07-28 09:05:01,2026-07-30 16:05:01,2025-03-22 13:05:01
670524,5290283,0,,2026-07-30 16:05:01,
10008096,5290283,1,2026-06-20 12:05:01,2026-07-30 16:05:01,2024-02-07 09:47:00
10126551,5290283,16777473,2026-07-30 14:47:22,2026-07-30 05:05:01,2024-10-21 02:05:01
46916731,5290283,1,2026-07-30 05:05:01,2026-07-30 16:05:01,2026-06-24 17:05:01
10126551,5396230,16777473,2026-07-30 14:47:22,2026-07-30 03:05:02,2024-10-21 02:05:01
14315827,5396230,65537,2024-03-08 19:31:00,2026-07-30 16:05:01,2023-10-21 21:57:00
14757368,5396230,1,2026-07-28 09:05:01,2026-07-30 16:05:01,2025-03-22 13:05:01
46916731,5396230,1,2026-07-30 05:05:01,2026-07-30 16:05:01,2026-06-24 17:05:01
4813816,5006597,1,2026-07-30 01:05:01,2026-07-30 07:05:01,2024-02-25 04:00:00
10126551,5006597,16777473,2026-07-30 14:47:22,2026-07-30 03:05:02,2024-10-21 02:05:01
14315827,5006597,65537,2024-03-08 19:31:00,2026-07-30 16:05:01,2023-10-21 21:57:00
46916731,5006597,1,2026-07-30 05:05:01,2026-07-30 13:05:01,2026-06-24 17:05:01
4813816,3593371,1,2026-07-30 01:05:01,2026-07-30 16:05:01,2024-02-25 04:00:00
10126551,3593371,16777473,2026-07-30 14:47:22,2026-07-30 05:05:01,2024-10-21 19:05:01
14315827,3593371,65537,2024-03-08 19:31:00,2026-07-30 16:05:01,2023-10-21 21:57:00
27746861,3593371,1,2026-07-29 17:05:01,2026-07-30 16:05:01,2024-02-21 14:19:00
4813816,3366548,1,2026-07-30 01:05:01,2026-07-30 16:05:01,2024-02-25 04:00:00
10008096,3366548,1,2026-06-20 12:05:01,2026-07-30 16:05:01,2024-02-07 09:47:00
10126551,3366548,16777473,2026-07-30 14:47:22,2026-07-30 04:05:01,2024-10-21 19:05:01
14757368,3366548,1,2026-07-28 09:05:01,2026-07-30 16:05:01,2025-03-22 13:05:01
10126551,5948229,16777473,2026-07-30 14:47:22,2026-07-27 02:05:01,2024-10-21 02:05:01
14315827,5948229,65537,2024-03-08 19:31:00,2026-07-30 16:05:01,2023-10-21 21:57:00
27746861,5948229,1,2026-07-29 17:05:01,2026-07-30 16:05:01,2024-02-21 14:19:00
46916731,5948229,1,2026-07-30 05:05:01,2026-07-30 13:05:01,2026-06-24 17:05:01
4813816,5839747,1,2026-07-30 01:05:01,2026-07-30 12:05:01,2024-02-25 04:00:00
10008096,5839747,1,2026-06-20 12:05:01,2026-07-30 06:05:01,2024-02-07 09:47:00
10126551,5839747,16777473,2026-07-30 14:47:22,2026-07-30 01:05:01,2024-11-04 20:05:01
46916731,5839747,1,2026-07-30 05:05:01,2026-07-30 16:05:01,2026-06-24 17:05:01
4813816,5437428,1,2026-07-30 01:05:01,2026-07-30 14:05:02,2024-02-25 04:00:00
10126551,5437428,16777473,2026-07-30 14:47:22,2026-07-28 23:05:01,2024-10-21 02:05:01
14315827,5437428,65537,2024-03-08 19:31:00,2026-07-30 16:05:01,2023-10-21 21:57:00
46916731,5437428,1,2026-07-30 05:05:01,2026-07-30 16:05:01,2026-06-24 17:05:01
670524,5987422,0,,2026-07-30 16:05:01,
6449581,5987422,1,2026-07-15 04:24:18,2026-07-30 13:05:01,2024-02-19 00:00:00
10126551,5987422,16777473,2026-07-30 14:47:22,2026-07-28 00:05:01,2024-10-21 19:05:01
27746861,5987422,1,2026-07-29 17:05:01,2026-07-30 16:05:01,2024-02-21 14:19:00
46916731,5987422,1,2026-07-30 05:05:01,2026-07-30 16:05:01,2026-06-24 04:05:01
670524,5997364,1,2026-03-11 10:26:57,2026-07-30 16:05:01,2025-04-09 03:05:02
4813816,5997364,1,2026-07-30 01:05:01,2026-07-30 16:05:01,2024-02-25 04:00:00
10008096,5997364,1,2026-06-20 12:05:01,2026-07-30 14:05:02,2024-02-07 09:47:00
10126551,5997364,16777473,2026-07-30 14:47:22,2026-07-30 04:05:01,2024-10-21 19:05:01
10008096,5970248,1,2026-06-20 12:05:01,2026-07-30 16:05:01,2024-02-07 09:47:00
10126551,5970248,16777473,2026-07-30 14:47:22,2026-07-30 04:05:01,2024-10-21 02:05:01
14315827,5970248,65537,2024-03-08 19:31:00,2026-07-30 16:05:01,2023-10-21 21:57:00
14757368,5970248,1,2026-07-28 09:05:01,2026-07-30 16:05:01,2025-03-22 13:05:01
4813816,5300388,1,2026-07-30 01:05:01,2026-07-30 16:05:01,2024-02-25 04:00:00
10126551,5300388,16777473,2026-07-30 14:47:22,2026-07-30 05:05:01,2024-10-21 02:05:01
27746861,5300388,1,2026-07-29 17:05:01,2026-07-30 16:05:01,2024-02-21 14:19:00
46916731,5300388,1,2026-07-30 05:05:01,2026-07-30 16:05:01,2026-06-24 17:05:01
670524,6053575,1,2026-03-11 10:26:57,2026-07-30 16:05:01,2025-04-09 03:05:02
6449581,6053575,1,2026-07-15 04:24:18,2026-07-30 12:05:01,2024-02-19 00:00:00
7664177,6053575,1,2026-07-30 00:05:01,2026-07-30 16:05:01,2024-02-24 03:15:00
10126551,6053575,16777473,2026-07-30 14:47:22,2026-07-30 05:05:01,2024-10-21 19:05:01
10008096,6012680,1,2026-06-20 12:05:01,2026-07-30 16:05:01,2024-02-07 09:47:00
10126551,6012680,16777473,2026-07-30 14:47:22,2026-07-30 12:05:01,2024-10-21 02:05:01
27746861,6012680,1,2026-07-29 17:05:01,2026-07-30 16:05:01,2024-02-21 14:19:00
4813816,5581960,1,2026-07-30 01:05:01,2026-07-30 16:05:01,2024-02-25 04:00:00
10126551,5581960,16777473,2026-07-30 14:47:22,2026-07-30 16:05:01,2024-10-21 19:05:01
32873098,5581960,1,2026-06-02 16:05:01,2026-07-30 16:05:01,2025-06-27 18:05:01
4813816,5984689,1,2026-07-30 01:05:01,2026-07-30 16:05:01,2024-02-25 04:00:00
10126551,5984689,16777473,2026-07-30 14:47:22,2026-07-30 05:05:01,2024-10-21 19:05:01
14315827,5984689,65537,2024-03-08 19:31:00,2026-07-30 16:05:01,2023-10-21 21:57:00
14757368,5984689,1,2026-07-28 09:05:01,2026-07-30 16:05:01,2024-08-12 23:05:01
10126551,6058567,16777473,2026-07-30 14:47:22,2026-07-28 04:05:01,2024-10-21 19:05:01
27746861,6058567,1,2026-07-29 17:05:01,2026-07-30 16:05:01,2024-02-21 14:19:00
46916731,6058567,1,2026-07-30 05:05:01,2026-07-30 16:05:01,2026-06-24 04:05:01
6449581,6096184,1,2026-07-15 04:24:18,2026-07-30 13:05:01,2024-02-19 00:00:00
7664177,6096184,1,2026-07-30 00:05:01,2026-07-30 16:05:01,2024-02-24 03:15:00
10126551,6096184,16777473,2026-07-30 14:47:22,2026-07-28 04:05:01,2024-10-21 02:05:01
32873098,6096184,1,2026-06-02 16:05:01,2026-07-30 16:05:01,2025-06-27 18:05:01
4813816,5146538,1,2026-07-30 01:05:01,2026-07-30 16:05:01,2024-02-25 04:00:00
10126551,5146538,16777473,2026-07-30 14:47:22,2026-07-30 05:05:01,2024-11-04 20:05:01
14315827,5146538,65537,2024-03-08 19:31:00,2026-07-30 16:05:01,2023-10-21 21:57:00
14757368,5146538,1,2026-07-28 09:05:01,2026-07-30 16:05:01,2024-08-12 23:05:01
6449581,6061893,1,2026-07-15 04:24:18,2026-07-30 13:05:01,2024-02-19 00:00:00
10126551,6061893,16777473,2026-07-30 14:47:22,2026-07-30 16:05:01,2024-11-04 20:05:01
32873098,6061893,1,2026-06-02 16:05:01,2026-07-30 16:05:01,2026-04-12 21:05:01
670524,4766899,1,2026-03-11 10:26:57,2026-07-30 16:05:01,2025-04-05 00:36:53
4813816,4766899,1,2026-07-30 01:05:01,2026-07-30 16:05:01,2024-02-25 04:00:00
10126551,4766899,16777473,2026-07-30 14:47:22,2026-07-30 05:05:01,2024-10-21 02:05:01
27746861,4766899,1,2026-07-29 17:05:01,2026-07-30 16:05:01,2024-02-21 14:19:00
10126551,5952329,16777473,2026-07-30 14:47:22,2026-07-28 23:05:01,2024-10-21 02:05:01
14315827,5952329,65537,2024-03-08 19:31:00,2026-07-30 16:05:01,2023-10-21 21:57:00
27746861,5952329,1,2026-07-29 17:05:01,2026-07-30 16:05:01,2024-02-21 14:19:00
46916731,5952329,1,2026-07-30 05:05:01,2026-07-30 16:05:01,2026-06-24 17:05:01
670524,6142782,0,,2026-07-30 16:05:01,
10008096,6142782,1,2026-06-20 12:05:01,2026-07-30 16:05:01,2024-02-07 09:47:00
10126551,6142782,16777473,2026-07-30 14:47:22,2026-07-30 03:05:02,2024-10-21 02:05:01
14757368,6142782,1,2026-07-28 09:05:01,2026-07-30 16:05:01,2025-03-22 13:05:01
46916731,6142782,1,2026-07-30 05:05:01,2026-07-30 16:05:01,2026-06-24 17:05:01
4813816,4291954,1,2026-07-30 01:05:01,2026-07-30 16:05:01,2024-02-25 04:00:00
10008096,4291954,1,2026-06-20 12:05:01,2026-07-30 16:05:01,2024-02-07 09:47:00
10126551,4291954,16777473,2026-07-30 14:47:22,2026-07-28 04:05:01,2024-10-21 19:05:01
14757368,4291954,1,2026-07-28 09:05:01,2026-07-30 16:05:01,2024-02-24 23:50:00
670524,5988625,0,,2026-07-30 16:05:01,
10008096,5988625,1,2026-06-20 12:05:01,2026-07-24 15:05:01,2024-02-07 09:47:00
10126551,5988625,16777473,2026-07-30 14:47:22,2026-07-28 00:05:01,2024-10-21 02:05:01
14757368,5988625,1,2026-07-28 09:05:01,2026-07-30 16:05:01,2024-02-24 23:50:00
46916731,5988625,1,2026-07-30 05:05:01,2026-07-30 16:05:01,2026-06-24 17:05:01
4813816,5852777,1,2026-07-30 01:05:01,2026-07-30 16:05:01,2024-02-25 04:00:00
10126551,5852777,16777473,2026-07-30 14:47:22,2026-07-30 05:05:01,2024-10-21 02:05:01
14315827,5852777,65537,2024-03-08 19:31:00,2026-07-30 16:05:01,2023-10-21 21:57:00
32873098,5852777,1,2026-06-02 16:05:01,2026-07-30 16:05:01,2026-04-12 21:05:01
670524,5057355,1,2026-03-11 10:26:57,2026-07-30 16:05:01,2025-04-08 02:21:23
4813816,5057355,1,2026-07-30 01:05:01,2026-07-30 16:05:01,2024-02-25 04:00:00
10126551,5057355,16777473,2026-07-30 14:47:22,2026-07-28 00:05:01,2024-10-21 02:05:01
14315827,5057355,65537,2024-03-08 19:31:00,2026-07-30 16:05:01,2023-10-21 21:57:00
32873098,5057355,1,2026-06-02 16:05:01,2026-07-30 16:05:01,2026-04-12 21:05:01
4813816,6175392,1,2026-07-30 01:05:01,2026-07-30 16:05:01,2024-02-25 04:00:00
10126551,6175392,16777473,2026-07-30 14:47:22,2026-07-30 05:05:01,2024-10-21 02:05:01
14757368,6175392,1,2026-07-28 09:05:01,2026-07-30 16:05:01,2025-03-22 13:05:01
27746861,6175392,1,2026-07-29 17:05:01,2026-07-30 16:05:01,2024-02-21 14:19:00
4813816,6133737,1,2026-07-30 01:05:01,2026-07-30 16:05:01,2024-02-25 04:00:00
10008096,6133737,1,2026-06-20 12:05:01,2026-07-30 03:05:02,2024-02-07 09:47:00
10126551,6133737,16777473,2026-07-30 14:47:22,2026-07-30 03:05:02,2024-10-21 02:05:01
14757368,6133737,1,2026-07-28 09:05:01,2026-07-30 16:05:01,2025-03-22 13:05:01
670524,5518542,1,2026-03-11 10:26:57,2026-07-30 16:05:01,2025-04-08 02:21:23
4813816,5518542,1,2026-07-30 01:05:01,2026-07-30 16:05:01,2024-02-25 04:00:00
10008096,5518542,1,2026-06-20 12:05:01,2026-07-30 16:05:01,2024-02-07 09:47:00
10126551,5518542,16777473,2026-07-30 14:47:22,2026-07-30 04:05:01,2024-10-21 02:05:01
670524,6221181,0,,2026-07-30 16:05:01,
10126551,6221181,16777473,2026-07-30 14:47:22,2026-07-28 23:05:01,2024-10-21 02:05:01
14315827,6221181,65537,2024-03-08 19:31:00,2026-07-30 16:05:01,2023-10-21 21:57:00
46916731,6221181,1,2026-07-30 05:05:01,2026-07-30 16:05:01,2026-06-24 17:05:01
4813816,6222542,1,2026-07-30 01:05:01,2026-07-30 16:05:01,2024-02-25 04:00:00
10126551,6222542,16777473,2026-07-30 14:47:22,2026-07-30 05:05:01,2024-10-21 02:05:01
14315827,6222542,65537,2024-03-08 19:31:00,2026-07-30 16:05:01,2023-10-21 21:57:00
46916731,6222542,1,2026-07-30 05:05:01,2026-07-30 16:05:01,2026-06-24 17:05:01
10126551,5320638,16777473,2026-07-30 14:47:22,2026-07-22 04:05:02,2024-10-21 02:05:01
27746861,5320638,1,2026-07-29 17:05:01,2026-07-30 12:05:01,2024-02-21 14:19:00
46916731,5320638,1,2026-07-30 05:05:01,2026-07-30 12:05:01,2026-06-24 17:05:01
50325130,5320638,1,2026-04-13 11:05:02,2026-07-30 16:05:01,2026-01-12 11:05:01
670524,5174998,0,,2026-07-30 16:05:01,
4813816,5174998,1,2026-07-30 01:05:01,2026-07-30 16:05:01,2024-02-25 04:00:00
10126551,5174998,16777473,2026-07-30 14:47:22,2026-07-28 00:05:01,2024-10-21 19:05:01
14315827,5174998,65537,2024-03-08 19:31:00,2026-07-30 16:05:01,2023-10-21 21:57:00
32873098,5174998,1,2026-06-02 16:05:01,2026-07-30 16:05:01,2026-04-12 21:05:01
4813816,5585860,1,2026-07-30 01:05:01,2026-07-30 16:05:01,2024-02-25 04:00:00
10008096,5585860,1,2026-06-20 12:05:01,2026-07-30 16:05:01,2024-02-07 09:47:00
10126551,5585860,16777473,2026-07-30 14:47:22,2026-07-30 05:05:01,2024-10-21 02:05:01
14757368,5585860,1,2026-07-28 09:05:01,2026-07-30 16:05:01,2025-03-22 13:05:01
4813816,5117816,1,2026-07-30 01:05:01,2026-07-30 16:05:01,2024-02-25 04:00:00
10126551,5117816,16777473,2026-07-30 14:47:22,2026-07-28 22:05:01,2024-10-21 02:05:01
14315827,5117816,65537,2024-03-08 19:31:00,2026-07-30 16:05:01,2023-10-21 21:57:00
46916731,5117816,1,2026-07-30 05:05:01,2026-07-30 16:05:01,2026-06-24 17:05:01
4813816,4041426,1,2026-07-30 01:05:01,2026-07-30 16:05:01,2024-02-25 04:00:00
10126551,4041426,16777473,2026-07-30 14:47:22,2026-07-30 05:05:01,2024-10-21 19:05:01
14315827,4041426,65537,2024-03-08 19:31:00,2026-07-30 16:05:01,2023-10-21 21:57:00
46916731,4041426,1,2026-07-30 05:05:01,2026-07-30 16:05:01,2026-06-24 17:05:01
10126551,5101615,16777473,2026-07-30 14:47:22,2026-07-30 05:05:01,2024-10-21 02:05:01
14315827,5101615,65537,2024-03-08 19:31:00,2026-07-30 16:05:01,2023-10-21 21:57:00
14757368,5101615,1,2026-07-28 09:05:01,2026-07-30 16:05:01,2025-03-22 13:05:01
46916731,5101615,1,2026-07-30 05:05:01,2026-07-30 16:05:01,2026-06-24 17:05:01
8381475,4346575,65537,2024-04-27 06:02:00,2026-07-30 16:05:01,2023-12-22 04:52:00
10126551,4346575,16777473,2026-07-30 14:47:22,2026-07-29 13:05:01,2024-11-04 20:05:01
12240987,4346575,1,2026-06-01 22:05:01,2026-07-30 16:05:01,2024-02-24 23:55:00
46916731,4346575,1,2026-07-30 05:05:01,2026-07-30 16:05:01,2026-06-24 17:05:01
670524,5378935,0,,2026-07-30 16:05:01,
10008096,5378935,1,2026-06-20 12:05:01,2026-07-30 16:05:01,2024-02-07 09:47:00
10126551,5378935,16777473,2026-07-30 14:47:22,2026-07-28 23:05:01,2024-10-21 02:05:01
32873098,5378935,1,2026-06-02 16:05:01,2026-07-30 16:05:01,2026-04-12 21:05:01
46916731,5378935,1,2026-07-30 05:05:01,2026-07-30 16:05:01,2026-06-24 17:05:01
10126551,6257063,16777473,2026-07-30 14:47:22,2026-07-28 04:05:01,2024-10-21 02:05:01
27746861,6257063,1,2026-07-29 17:05:01,2026-07-30 16:05:01,2024-02-21 14:19:00
46916731,6257063,1,2026-07-30 05:05:01,2026-07-30 16:05:01,2024-10-25 18:05:01
50325130,6257063,1,2026-04-13 11:05:02,2026-07-30 16:05:01,2026-01-12 11:05:01
4813816,6275577,1,2026-07-30 01:05:01,2026-07-30 16:05:01,2024-02-25 04:00:00
10126551,6275577,16777473,2026-07-30 14:47:22,2026-07-30 05:05:01,2024-10-21 02:05:01
14757368,6275577,1,2026-07-28 09:05:01,2026-07-30 16:05:01,2025-03-22 13:05:01
5220206,6274987,0,,2026-07-30 16:05:01,
7664177,6274987,1,2026-07-30 00:05:01,2026-07-30 16:05:01,2024-02-24 03:15:00
10126551,6274987,16777473,2026-07-30 14:47:22,2026-07-30 05:05:01,2024-10-21 02:05:01
27746861,6274987,1,2026-07-29 17:05:01,2026-07-30 16:05:01,2024-02-21 14:19:00
4813816,4494650,1,2026-07-30 01:05:01,2026-07-30 16:05:01,2024-02-25 04:00:00
10126551,4494650,16777473,2026-07-30 14:47:22,2026-07-28 04:05:01,2024-10-21 02:05:01
14315827,4494650,65537,2024-03-08 19:31:00,2026-07-30 16:05:01,2023-10-21 21:57:00
46916731,4494650,1,2026-07-30 05:05:01,2026-07-30 16:05:01,2026-06-24 17:05:01
4813816,6319264,1,2026-07-30 01:05:01,2026-07-30 12:05:01,2024-02-25 04:00:00
10126551,6319264,16777473,2026-07-30 14:47:22,2026-07-28 00:05:01,2024-10-21 19:05:01
27746861,6319264,1,2026-07-29 17:05:01,2026-07-30 16:05:01,2024-02-21 14:19:00
46916731,6319264,1,2026-07-30 05:05:01,2026-07-30 16:05:01,2026-06-24 04:05:01
4813816,6306944,1,2026-07-30 01:05:01,2026-07-30 16:05:01,2024-02-25 04:00:00
10126551,6306944,16777473,2026-07-30 14:47:22,2026-07-28 00:05:01,2024-10-21 19:05:01
14757368,6306944,1,2026-07-28 09:05:01,2026-07-30 16:05:01,2025-03-22 13:05:01
46916731,6306944,1,2026-07-30 05:05:01,2026-07-30 16:05:01,2026-06-24 17:05:01
4813816,6079471,1,2026-07-30 01:05:01,2026-07-30 16:05:01,2024-02-25 04:00:00
10126551,6079471,16777473,2026-07-30 14:47:22,2026-07-28 23:05:01,2024-10-21 19:05:01
14315827,6079471,65537,2024-03-08 19:31:00,2026-07-30 16:05:01,2023-10-21 21:57:00
46916731,6079471,1,2026-07-30 05:05:01,2026-07-30 16:05:01,2026-06-24 04:05:01
10126551,5624629,16777473,2026-07-30 14:47:22,2026-07-30 03:05:02,2024-10-21 19:05:01
14315827,5624629,65537,2024-03-08 19:31:00,2026-07-30 16:05:01,2023-10-21 21:57:00
27746861,5624629,1,2026-07-29 17:05:01,2026-07-30 14:05:02,2024-02-21 14:19:00
46916731,5624629,1,2026-07-30 05:05:01,2026-07-30 13:05:01,2026-06-30 17:05:01
4813816,5947044,1,2026-07-30 01:05:01,2026-07-30 16:05:01,2024-02-25 04:00:00
10008096,5947044,1,2026-06-20 12:05:01,2026-07-30 16:05:01,2024-02-07 09:47:00
10126551,5947044,16777473,2026-07-30 14:47:22,2026-07-30 05:05:01,2024-10-21 02:05:01
46916731,5947044,1,2026-07-30 05:05:01,2026-07-30 16:05:01,2026-06-24 17:05:01
4813816,6300926,1,2026-07-30 01:05:01,2026-07-26 07:05:01,2024-02-25 04:00:00
10126551,6300926,16777473,2026-07-30 14:47:22,2026-07-10 10:05:01,2024-11-01 18:05:01
14757368,6300926,1,2026-07-28 09:05:01,2026-07-30 16:05:01,2024-02-24 23:50:00
46916731,6300926,1,2026-07-30 05:05:01,2026-07-29 23:05:01,2026-06-30 17:05:01
670524,6251828,0,,2026-07-30 16:05:01,
4813816,6251828,1,2026-07-30 01:05:01,2026-07-30 16:05:01,2024-02-25 04:00:00
10126551,6251828,16777473,2026-07-30 14:47:22,2026-07-30 05:05:01,2024-10-21 02:05:01
46916731,6251828,1,2026-07-30 05:05:01,2026-07-30 16:05:01,2026-06-24 17:05:01
10126551,6275061,16777473,2026-07-30 14:47:22,2026-07-10 10:05:01,2024-11-01 18:05:01
14757368,6275061,1,2026-07-28 09:05:01,2026-07-30 16:05:01,2024-02-24 23:50:00
27746861,6275061,1,2026-07-29 17:05:01,2026-07-29 16:05:01,2024-02-21 14:19:00
46916731,6275061,1,2026-07-30 05:05:01,2026-07-29 23:05:01,2026-06-30 17:05:01
670524,6343162,0,,2026-07-30 16:05:01,
10126551,6343162,16777473,2026-07-30 14:47:22,2026-07-28 00:05:01,2024-10-21 19:05:01
14757368,6343162,1,2026-07-28 09:05:01,2026-07-30 16:05:01,2025-03-22 13:05:01
46916731,6343162,1,2026-07-30 05:05:01,2026-07-30 16:05:01,2026-06-24 04:05:01
4813816,5961446,1,2026-07-30 01:05:01,2026-07-30 16:05:01,2024-02-25 04:00:00
10008096,5961446,1,2026-06-20 12:05:01,2026-07-30 16:05:01,2024-02-07 09:47:00
10126551,5961446,16777473,2026-07-30 14:47:22,2026-07-30 09:05:01,2024-10-21 02:05:01
14757368,5961446,1,2026-07-28 09:05:01,2026-07-30 16:05:01,2025-03-22 13:05:01
4813816,6240774,1,2026-07-30 01:05:01,2026-07-30 16:05:01,2024-02-25 04:00:00
10126551,6240774,16777473,2026-07-30 14:47:22,2026-07-30 03:05:02,2024-10-21 19:05:01
27746861,6240774,1,2026-07-29 17:05:01,2026-07-30 16:05:01,2024-02-21 14:19:00
46916731,6240774,1,2026-07-30 05:05:01,2026-07-30 16:05:01,2026-06-24 04:05:01
10126551,6135327,16777473,2026-07-30 14:47:22,2026-07-10 11:05:01,2024-11-01 18:05:01
14315827,6135327,65537,2024-03-08 19:31:00,2026-07-30 16:05:01,2023-10-21 21:57:00
27746861,6135327,1,2026-07-29 17:05:01,2026-07-30 08:05:01,2024-03-12 12:31:00
46916731,6135327,1,2026-07-30 05:05:01,2026-07-30 08:05:01,2026-06-30 17:05:01
10126551,6230032,16777473,2026-07-30 14:47:22,2026-07-10 10:05:01,2024-11-01 18:05:01
27746861,6230032,1,2026-07-29 17:05:01,2026-07-30 06:05:01,2024-02-21 14:19:00
46916731,6230032,1,2026-07-30 05:05:01,2026-07-30 06:05:01,2026-06-30 17:05:01
4813816,5214191,1,2026-07-30 01:05:01,2026-07-30 16:05:01,2024-02-25 04:00:00
10126551,5214191,16777473,2026-07-30 14:47:22,2026-07-30 05:05:01,2024-10-21 02:05:01
14757368,5214191,1,2026-07-28 09:05:01,2026-07-30 16:05:01,2025-03-22 13:05:01
27746861,5214191,1,2026-07-29 17:05:01,2026-07-30 16:05:01,2024-02-21 14:19:00
10126551,5279653,16777473,2026-07-30 14:47:22,2026-07-10 10:05:01,2024-11-01 18:05:01
27746861,5279653,1,2026-07-29 17:05:01,2026-07-29 16:05:01,2024-03-12 12:31:00
4813816,5289914,1,2026-07-30 01:05:01,2026-07-30 16:05:01,2024-02-25 04:00:00
10126551,5289914,16777473,2026-07-30 14:47:22,2026-07-30 05:05:01,2024-10-21 19:05:01
14315827,5289914,65537,2024-03-08 19:31:00,2026-07-30 16:05:01,2023-10-21 21:57:00
14757368,5289914,1,2026-07-28 09:05:01,2026-07-30 16:05:01,2025-03-22 13:05:01
4813816,5295041,1,2026-07-30 01:05:01,2026-07-25 11:05:01,2024-02-25 04:00:00
10126551,5295041,16777473,2026-07-30 14:47:22,2026-07-25 01:05:01,2024-10-21 02:05:01
27746861,5295041,1,2026-07-29 17:05:01,2026-07-29 16:05:01,2024-02-21 14:19:00
46916731,5295041,1,2026-07-30 05:05:01,2026-07-29 23:05:01,2026-06-30 17:05:01
10126551,5361611,16777473,2026-07-30 14:47:22,2026-07-28 00:05:01,2024-10-21 02:05:01
14315827,5361611,65537,2024-03-08 19:31:00,2026-07-30 16:05:01,2023-10-21 21:57:00
27746861,5361611,1,2026-07-29 17:05:01,2026-07-30 16:05:01,2024-02-21 14:19:00
46916731,5361611,1,2026-07-30 05:05:01,2026-07-30 16:05:01,2026-06-24 17:05:01
4813816,5653656,1,2026-07-30 01:05:01,2026-07-30 16:05:01,2024-02-25 04:00:00
10008096,5653656,1,2026-06-20 12:05:01,2026-07-30 16:05:01,2024-02-07 09:47:00
4813816,5280805,1,2026-07-30 01:05:01,2026-07-30 16:05:01,2024-02-25 04:00:00
10126551,5280805,16777473,2026-07-30 14:47:22,2026-07-30 05:05:01,2024-10-21 02:05:01
14315827,5280805,65537,2024-03-08 19:31:00,2026-07-30 16:05:01,2023-10-21 21:57:00
14757368,5280805,1,2026-07-28 09:05:01,2026-07-30 16:05:01,2025-03-22 13:05:01
4813816,5171748,1,2026-07-30 01:05:01,2026-07-30 16:05:01,2024-02-25 04:00:00
10126551,5171748,16777473,2026-07-30 14:47:22,2026-07-30 05:05:01,2024-10-21 02:05:01
14315827,5171748,65537,2024-03-08 19:31:00,2026-07-30 16:05:01,2023-10-21 21:57:00
14757368,5171748,1,2026-07-28 09:05:01,2026-07-30 16:05:01,2025-03-22 13:05:01
670524,4188353,1,2026-03-11 10:26:57,2026-07-30 16:05:01,2025-04-08 02:21:23
10126551,4188353,16777473,2026-07-30 14:47:22,2026-07-28 00:05:01,2024-10-21 02:05:01
14315827,4188353,65537,2024-03-08 19:31:00,2026-07-30 16:05:01,2023-10-21 21:57:00
32873098,4188353,1,2026-06-02 16:05:01,2026-07-30 16:05:01,2026-04-12 21:05:01
10008096,4222929,1,2026-06-20 12:05:01,2026-07-30 16:05:01,2024-02-07 09:47:00
10126551,4222929,16777473,2026-07-30 14:47:22,2026-07-28 04:05:01,2024-10-21 19:05:01
14757368,4222929,1,2026-07-28 09:05:01,2026-07-30 16:05:01,2024-02-24 23:50:00
32873098,4222929,1,2026-06-02 16:05:01,2026-07-30 16:05:01,2026-05-02 15:05:00
10126551,5464688,16777473,2026-07-30 14:47:22,2026-07-30 05:05:01,2024-10-21 02:05:01
14315827,5464688,65537,2024-03-08 19:31:00,2026-07-30 16:05:01,2023-10-21 21:57:00
14757368,5464688,1,2026-07-28 09:05:01,2026-07-30 16:05:01,2025-03-22 13:05:01
27746861,5464688,1,2026-07-29 17:05:01,2026-07-30 16:05:01,2024-02-21 14:19:00
670524,5566441,0,,2026-07-30 16:05:01,
4813816,5566441,1,2026-07-30 01:05:01,2026-07-30 16:05:01,2024-02-25 04:00:00
10126551,5566441,16777473,2026-07-30 14:47:22,2026-07-28 00:05:01,2024-10-21 02:05:01
46916731,5566441,1,2026-07-30 05:05:01,2026-07-30 16:05:01,2026-06-24 17:05:01
4813816,4565111,1,2026-07-30 01:05:01,2026-07-30 16:05:01,2024-02-25 04:00:00
10008096,4565111,1,2026-06-20 12:05:01,2026-07-30 16:05:01,2024-02-07 09:47:00
10126551,4565111,16777473,2026-07-30 14:47:22,2026-07-30 05:05:01,2024-10-21 19:05:01
14757368,4565111,1,2026-07-28 09:05:01,2026-07-30 16:05:01,2025-03-22 13:05:01
10008096,5315290,1,2026-06-20 12:05:01,2026-07-30 16:05:01,2024-02-07 09:47:00
10126551,5315290,16777473,2026-07-30 14:47:22,2026-07-30 16:05:01,2024-10-21 02:05:01
27746861,5315290,1,2026-07-29 17:05:01,2026-07-30 16:05:01,2024-02-21 14:19:00
46916731,5315290,1,2026-07-30 05:05:01,2026-07-30 13:05:01,2026-06-24 17:05:01
4813816,3617104,1,2026-07-30 01:05:01,2026-07-30 16:05:01,2024-02-25 04:00:00
10126551,3617104,16777473,2026-07-30 14:47:22,2026-07-30 05:05:01,2024-10-21 02:05:01
14315827,3617104,65537,2024-03-08 19:31:00,2026-07-30 16:05:01,2023-10-21 21:57:00
14757368,3617104,1,2026-07-28 09:05:01,2026-07-30 16:05:01,2024-08-12 23:05:01
10008096,5494081,1,2026-06-20 12:05:01,2026-07-30 16:05:01,2024-02-07 09:47:00
10126551,5494081,16777473,2026-07-30 14:47:22,2026-07-28 23:05:01,2024-10-21 19:05:01
14757368,5494081,1,2026-07-28 09:05:01,2026-07-30 16:05:01,2025-03-22 13:05:01
46916731,5494081,1,2026-07-30 05:05:01,2026-07-30 13:05:01,2026-06-24 04:05:01
670524,4729811,0,,2026-07-30 16:05:01,
10126551,4729811,16777473,2026-07-30 14:47:22,2026-07-28 00:05:01,2024-10-21 02:05:01
14315827,4729811,65537,2024-03-08 19:31:00,2026-07-30 16:05:01,2023-10-21 21:57:00
32873098,4729811,1,2026-06-02 16:05:01,2026-07-30 16:05:01,2026-04-12 21:05:01
46916731,4729811,1,2026-07-30 05:05:01,2026-07-30 16:05:01,2026-06-24 17:05:01
4813816,4102714,1,2026-07-30 01:05:01,2026-07-30 16:05:01,2024-02-25 04:00:00
10126551,4102714,16777473,2026-07-30 14:47:22,2026-07-30 05:05:01,2024-10-21 02:05:01
14315827,4102714,65537,2024-03-08 19:31:00,2026-07-30 16:05:01,2023-10-21 21:57:00
14757368,4102714,1,2026-07-28 09:05:01,2026-07-30 16:05:01,2024-08-12 23:05:01
670524,4718964,0,,2026-07-30 16:05:01,
4813816,4718964,1,2026-07-30 01:05:01,2026-07-30 16:05:01,2024-02-25 04:00:00
10126551,4718964,16777473,2026-07-30 14:47:22,2026-07-28 00:05:01,2024-10-21 02:05:01
14315827,4718964,65537,2024-03-08 19:31:00,2026-07-30 16:05:01,2023-10-21 21:57:00
32873098,4718964,1,2026-06-02 16:05:01,2026-07-30 16:05:01,2026-04-12 21:05:01
4813816,5669243,1,2026-07-30 01:05:01,2026-07-30 16:05:01,2024-02-25 04:00:00
10126551,5669243,16777473,2026-07-30 14:47:22,2026-07-30 03:05:02,2024-10-21 02:05:01
14757368,5669243,1,2026-07-28 09:05:01,2026-07-30 16:05:01,2025-03-22 13:05:01
27746861,5669243,1,2026-07-29 17:05:01,2026-07-30 16:05:01,2024-02-21 14:19:00
670524,4770640,0,,2026-07-30 16:05:01,
4813816,4770640,1,2026-07-30 01:05:01,2026-07-30 16:05:01,2024-02-25 04:00:00
10126551,4770640,16777473,2026-07-30 14:47:22,2026-07-28 00:05:01,2024-10-21 02:05:01
14315827,4770640,65537,2024-03-08 19:31:00,2026-07-30 16:05:01,2023-10-21 21:57:00
32873098,4770640,1,2026-06-02 16:05:01,2026-07-30 16:05:01,2026-04-12 21:05:01
10126551,4349278,16777473,2026-07-30 14:47:22,2026-07-30 05:05:01,2024-10-21 02:05:01
14315827,4349278,65537,2024-03-08 19:31:00,2026-07-30 16:05:01,2023-10-21 21:57:00
14757368,4349278,1,2026-07-28 09:05:01,2026-07-30 16:05:01,2024-08-12 23:05:01
27746861,4349278,1,2026-07-29 17:05:01,2026-07-30 16:05:01,2024-02-21 14:19:00
4813816,5876384,1,2026-07-30 01:05:01,2026-07-30 16:05:01,2024-02-25 04:00:00
10008096,5876384,1,2026-06-20 12:05:01,2026-07-30 16:05:01,2024-02-07 09:47:00
10126551,5876384,16777473,2026-07-30 14:47:22,2026-07-30 05:05:01,2024-10-21 02:05:01
14757368,5876384,1,2026-07-28 09:05:01,2026-07-30 16:05:01,2025-03-22 13:05:01
4813816,5175028,1,2026-07-30 01:05:01,2026-07-30 16:05:01,2024-02-25 04:00:00
10126551,5175028,16777473,2026-07-30 14:47:22,2026-07-28 00:05:01,2024-10-21 02:05:01
14315827,5175028,65537,2024-03-08 19:31:00,2026-07-30 16:05:01,2023-10-21 21:57:00
14757368,5175028,1,2026-07-28 09:05:01,2026-07-30 16:05:01,2025-03-22 13:05:01
4813816,5623103,1,2026-07-30 01:05:01,2026-07-30 16:05:01,2024-02-25 04:00:00
10126551,5623103,16777473,2026-07-30 14:47:22,2026-07-30 05:05:01,2024-10-21 02:05:01
14315827,5623103,65537,2024-03-08 19:31:00,2026-07-30 16:05:01,2023-10-21 21:57:00
32873098,5623103,1,2026-06-02 16:05:01,2026-07-30 16:05:01,2026-05-02 15:05:00
4813816,4236029,1,2026-07-30 01:05:01,2026-07-30 16:05:01,2024-02-25 04:00:00
10008096,4236029,1,2026-06-20 12:05:01,2026-07-30 16:05:01,2024-02-07 09:47:00
10126551,4236029,16777473,2026-07-30 14:47:22,2026-07-30 04:05:01,2024-10-21 02:05:01
14757368,4236029,1,2026-07-28 09:05:01,2026-07-30 16:05:01,2024-08-12 23:05:01
4813816,5909117,1,2026-07-30 01:05:01,2026-07-30 16:05:01,2024-02-25 04:00:00
10126551,5909117,16777473,2026-07-30 14:47:22,2026-07-30 04:05:01,2024-10-21 02:05:01
14315827,5909117,65537,2024-03-08 19:31:00,2026-07-30 16:05:01,2023-10-21 21:57:00
46916731,5909117,1,2026-07-30 05:05:01,2026-07-30 16:05:01,2026-06-24 17:05:01
4813816,4619050,1,2026-07-30 01:05:01,2026-07-30 16:05:01,2024-02-25 04:00:00
10126551,4619050,16777473,2026-07-30 14:47:22,2026-07-30 05:05:01,2024-10-21 19:05:01
14315827,4619050,65537,2024-03-08 19:31:00,2026-07-30 16:05:01,2023-10-21 21:57:00
46916731,4619050,1,2026-07-30 05:05:01,2026-07-30 16:05:01,2026-06-24 17:05:01
670524,4643533,0,,2026-07-30 16:05:01,
10126551,4643533,16777473,2026-07-30 14:47:22,2026-07-30 05:05:01,2024-10-21 19:05:01
14315827,4643533,65537,2024-03-08 19:31:00,2026-07-30 16:05:01,2023-10-21 21:57:00
46916731,4643533,1,2026-07-30 05:05:01,2026-07-30 16:05:01,2026-06-24 17:05:01
670524,5950660,0,,2026-07-30 16:05:01,
10008096,5950660,1,2026-06-20 12:05:01,2026-07-30 16:05:01,2024-02-07 09:47:00
10126551,5950660,16777473,2026-07-30 14:47:22,2026-07-28 04:05:01,2024-10-21 02:05:01
27746861,5950660,1,2026-07-29 17:05:01,2026-07-30 16:05:01,2024-02-21 14:19:00
46916731,5950660,1,2026-07-30 05:05:01,2026-07-30 16:05:01,2026-06-24 17:05:01
4813816,5588068,1,2026-07-30 01:05:01,2026-07-30 16:05:01,2024-02-25 04:00:00
10008096,5588068,1,2026-06-20 12:05:01,2026-07-30 16:05:01,2024-02-07 09:47:00
10126551,5588068,16777473,2026-07-30 14:47:22,2026-07-30 05:05:01,2024-10-21 02:05:01
14757368,5588068,1,2026-07-28 09:05:01,2026-07-30 16:05:01,2025-03-22 13:05:01
4813816,5979985,1,2026-07-30 01:05:01,2026-07-30 16:05:01,2024-02-25 04:00:00
10126551,5979985,16777473,2026-07-30 14:47:22,2026-07-28 00:05:01,2024-10-21 19:05:01
14315827,5979985,65537,2024-03-08 19:31:00,2026-07-30 16:05:01,2023-10-21 21:57:00
14757368,5979985,1,2026-07-28 09:05:01,2026-07-30 16:05:01,2025-03-22 13:05:01
670524,5264182,0,,2026-07-30 16:05:01,
4813816,5264182,1,2026-07-30 01:05:01,2026-07-30 16:05:01,2024-02-25 04:00:00
10126551,5264182,16777473,2026-07-30 14:47:22,2026-07-28 00:05:01,2024-10-21 19:05:01
14315827,5264182,65537,2024-03-08 19:31:00,2026-07-30 16:05:01,2023-10-21 21:57:00
32873098,5264182,1,2026-06-02 16:05:01,2026-07-30 16:05:01,2026-04-12 21:05:01
4813816,4931483,1,2026-07-30 01:05:01,2026-07-30 16:05:01,2024-02-25 04:00:00
10126551,4931483,16777473,2026-07-30 14:47:22,2026-07-30 05:05:01,2024-10-21 19:05:01
14315827,4931483,65537,2024-03-08 19:31:00,2026-07-30 16:05:01,2023-10-21 21:57:00
14757368,4931483,1,2026-07-28 09:05:01,2026-07-30 16:05:01,2025-03-22 13:05:01
670524,6051565,0,,2026-07-30 16:05:01,
10008096,6051565,1,2026-06-20 12:05:01,2026-07-30 16:05:01,2024-02-07 09:47:00
10126551,6051565,16777473,2026-07-30 14:47:22,2026-07-30 05:05:01,2024-10-21 02:05:01
46916731,6051565,1,2026-07-30 05:05:01,2026-07-30 16:05:01,2026-06-24 17:05:01
4813816,6079280,1,2026-07-30 01:05:01,2026-07-30 16:05:01,2024-02-25 04:00:00
10008096,6079280,1,2026-06-20 12:05:01,2026-07-30 16:05:01,2024-02-07 09:47:00
10126551,6079280,16777473,2026-07-30 14:47:22,2026-07-30 05:05:01,2024-10-21 02:05:01
14757368,6079280,1,2026-07-28 09:05:01,2026-07-30 16:05:01,2025-03-22 13:05:01
4813816,6079281,1,2026-07-30 01:05:01,2026-07-30 16:05:01,2024-02-25 04:00:00
10126551,6079281,16777473,2026-07-30 14:47:22,2026-07-30 04:05:01,2024-10-21 02:05:01
14315827,6079281,65537,2024-03-08 19:31:00,2026-07-30 16:05:01,2023-10-21 21:57:00
46916731,6079281,1,2026-07-30 05:05:01,2026-07-30 16:05:01,2026-06-24 17:05:01
10126551,3354185,16777473,2026-07-30 14:47:22,2026-07-28 00:05:01,2024-10-21 02:05:01
14315827,3354185,65537,2024-03-08 19:31:00,2026-07-30 16:05:01,2023-10-21 21:57:00
14757368,3354185,1,2026-07-28 09:05:01,2026-07-30 16:05:01,2024-08-12 23:05:01
46916731,3354185,1,2026-07-30 05:05:01,2026-07-30 16:05:01,2026-06-24 17:05:01
10126551,4989612,16777473,2026-07-30 14:47:22,2026-07-26 02:05:01,2024-10-21 19:05:01
14315827,4989612,65537,2024-03-08 19:31:00,2026-07-30 16:05:01,2023-10-21 21:57:00
46916731,4989612,1,2026-07-30 05:05:01,2026-07-30 16:05:01,2026-06-24 17:05:01
50325130,4989612,1,2026-04-13 11:05:02,2026-07-30 16:05:01,2026-01-12 11:05:01
4813816,5669736,1,2026-07-30 01:05:01,2026-07-30 16:05:01,2024-02-25 04:00:00
10008096,5669736,1,2026-06-20 12:05:01,2026-07-30 05:05:01,2024-02-07 09:47:00
10126551,5669736,16777473,2026-07-30 14:47:22,2026-07-30 05:05:01,2024-10-21 02:05:01
46916731,5669736,1,2026-07-30 05:05:01,2026-07-30 16:05:01,2026-06-24 17:05:01
4813816,5716741,1,2026-07-30 01:05:01,2026-07-30 16:05:01,2024-02-25 04:00:00
10126551,5716741,16777473,2026-07-30 14:47:22,2026-07-30 05:05:01,2024-10-21 02:05:01
14315827,5716741,65537,2024-03-08 19:31:00,2026-07-30 16:05:01,2023-10-21 21:57:00
14757368,5716741,1,2026-07-28 09:05:01,2026-07-30 16:05:01,2024-08-12 23:05:01
7664177,6022558,1,2026-07-30 00:05:01,2026-07-30 16:05:01,2024-02-24 03:15:00
10126551,6022558,16777473,2026-07-30 14:47:22,2026-07-23 10:05:01,2024-10-21 19:05:01
27746861,6022558,1,2026-07-29 17:05:01,2026-07-30 16:05:01,2024-02-21 14:19:00
46916731,6022558,1,2026-07-30 05:05:01,2026-07-30 14:05:02,2026-06-24 04:05:01
4813816,5753171,1,2026-07-30 01:05:01,2026-07-30 08:05:01,2024-02-25 04:00:00
10126551,5753171,16777473,2026-07-30 14:47:22,2026-07-28 05:05:01,2024-10-21 02:05:01
14315827,5753171,65537,2024-03-08 19:31:00,2026-07-30 16:05:01,2023-10-21 21:57:00
14757368,5753171,1,2026-07-28 09:05:01,2026-07-30 16:05:01,2025-03-22 13:05:01
4813816,5623095,1,2026-07-30 01:05:01,2026-07-30 16:05:01,2024-02-25 04:00:00
10126551,5623095,16777473,2026-07-30 14:47:22,2026-07-28 04:05:01,2024-10-21 02:05:01
14315827,5623095,65537,2024-03-08 19:31:00,2026-07-30 16:05:01,2023-10-21 21:57:00
46916731,5623095,1,2026-07-30 05:05:01,2026-07-30 16:05:01,2026-06-24 17:05:01
670524,6139969,1,2026-03-11 10:26:57,2026-07-30 16:05:01,2025-04-08 02:21:23
800366,6139969,0,,2026-07-30 16:05:01,
10126551,6139969,16777473,2026-07-30 14:47:22,2026-07-30 00:05:01,2024-10-21 02:05:01
27746861,6139969,1,2026-07-29 17:05:01,2026-07-30 16:05:01,2024-02-21 14:19:00
8381475,6071444,65537,2024-04-27 06:02:00,2026-07-30 16:05:01,2023-12-22 04:52:00
10008096,6071444,1,2026-06-20 12:05:01,2026-07-30 16:05:01,2024-02-07 09:47:00
10126551,6071444,16777473,2026-07-30 14:47:22,2026-07-30 04:05:01,2024-11-04 20:05:01
46916731,6071444,1,2026-07-30 05:05:01,2026-07-30 16:05:01,2024-08-12 18:05:02
670524,6132190,0,,2026-07-30 16:05:01,
4813816,6132190,1,2026-07-30 01:05:01,2026-07-30 16:05:01,2024-02-25 04:00:00
10126551,6132190,16777473,2026-07-30 14:47:22,2026-07-28 23:05:01,2024-10-21 02:05:01
46916731,6132190,1,2026-07-30 05:05:01,2026-07-30 16:05:01,2026-06-24 17:05:01
4813816,5834264,1,2026-07-30 01:05:01,2026-07-30 12:05:01,2024-02-25 04:00:00
10008096,5834264,1,2026-06-20 12:05:01,2026-07-30 04:05:01,2024-02-07 09:47:00
10126551,5834264,16777473,2026-07-30 14:47:22,2026-07-30 04:05:01,2024-10-21 19:05:01
46916731,5834264,1,2026-07-30 05:05:01,2026-07-30 16:05:01,2026-06-24 04:05:01
4813816,5999869,1,2026-07-30 01:05:01,2026-07-30 16:05:01,2024-02-25 04:00:00
10126551,5999869,16777473,2026-07-30 14:47:22,2026-07-28 00:05:01,2024-10-21 02:05:01
14315827,5999869,65537,2024-03-08 19:31:00,2026-07-30 16:05:01,2023-10-21 21:57:00
46916731,5999869,1,2026-07-30 05:05:01,2026-07-30 16:05:01,2026-06-24 17:05:01
10126551,6045708,16777473,2026-07-30 14:47:22,2026-07-25 00:05:01,2024-10-21 02:05:01
14315827,6045708,65537,2024-03-08 19:31:00,2026-07-30 16:05:01,2023-10-21 21:57:00
27746861,6045708,1,2026-07-29 17:05:01,2026-07-30 16:05:01,2024-02-21 14:19:00
46916731,6045708,1,2026-07-30 05:05:01,2026-07-30 16:05:01,2026-06-30 17:05:01
10126551,5913987,16777473,2026-07-30 14:47:22,2026-07-30 12:05:01,2024-10-21 19:05:01
14757368,5913987,1,2026-07-28 09:05:01,2026-07-30 16:05:01,2025-03-22 13:05:01
46916731,5913987,1,2026-07-30 05:05:01,2026-07-30 16:05:01,2026-06-24 04:05:01
4659466,6200584,0,,2026-07-27 03:05:01,
5220206,6200584,0,,2026-07-30 16:05:01,
10126551,6200584,16777473,2026-07-30 14:47:22,2026-07-28 05:05:01,2024-11-04 20:05:01
27746861,6200584,1,2026-07-29 17:05:01,2026-07-29 16:05:01,2024-02-21 14:19:00
4813816,6256736,1,2026-07-30 01:05:01,2026-07-30 16:05:01,2024-02-25 04:00:00
10126551,6256736,16777473,2026-07-30 14:47:22,2026-07-30 05:05:01,2024-10-21 02:05:01
14757368,6256736,1,2026-07-28 09:05:01,2026-07-30 16:05:01,2025-03-22 13:05:01
27746861,6256736,1,2026-07-29 17:05:01,2026-07-30 16:05:01,2024-02-21 14:19:00
10126551,5810832,16777473,2026-07-30 14:47:22,2026-07-28 23:05:01,2024-10-21 02:05:01
27746861,5810832,1,2026-07-29 17:05:01,2026-07-30 03:05:02,2024-02-21 14:19:00
46916731,5810832,1,2026-07-30 05:05:01,2026-07-30 08:05:01,2026-06-30 17:05:01
50325130,5810832,1,2026-04-13 11:05:02,2026-07-30 16:05:01,2026-01-12 11:05:01
4813816,5503576,1,2026-07-30 01:05:01,2026-07-30 16:05:01,2024-02-25 04:00:00
10126551,5503576,16777473,2026-07-30 14:47:22,2026-07-30 01:05:01,2024-10-21 02:05:01
46916731,5503576,1,2026-07-30 05:05:01,2026-07-30 16:05:01,2026-06-24 17:05:01
50325130,5503576,1,2026-04-13 11:05:02,2026-07-30 16:05:01,2026-01-12 11:05:01
4813816,5029631,1,2026-07-30 01:05:01,2026-07-30 16:05:01,2024-02-25 04:00:00
10008096,5029631,1,2026-06-20 12:05:01,2026-07-30 16:05:01,2024-02-07 09:47:00
10126551,5029631,16777473,2026-07-30 14:47:22,2026-07-30 05:05:01,2024-10-21 02:05:01
14757368,5029631,1,2026-07-28 09:05:01,2026-07-30 16:05:01,2024-08-12 23:05:01
4813816,5511646,1,2026-07-30 01:05:01,2026-07-30 16:05:01,2024-02-25 04:00:00
10008096,5511646,1,2026-06-20 12:05:01,2026-07-30 16:05:01,2024-02-07 09:47:00
10126551,5511646,16777473,2026-07-30 14:47:22,2026-07-30 05:05:01,2024-10-21 02:05:01
14757368,5511646,1,2026-07-28 09:05:01,2026-07-30 16:05:01,2025-03-22 13:05:01
4813816,5118150,1,2026-07-30 01:05:01,2026-07-30 08:05:01,2024-02-25 04:00:00
10126551,5118150,16777473,2026-07-30 14:47:22,2026-07-27 03:05:01,2024-10-21 02:05:01
14315827,5118150,65537,2024-03-08 19:31:00,2026-07-30 16:05:01,2023-10-21 21:57:00
46916731,5118150,1,2026-07-30 05:05:01,2026-07-30 16:05:01,2026-06-24 17:05:01
10126551,6313147,16777473,2026-07-30 14:47:22,2026-07-21 06:05:02,2024-11-04 20:05:01
27746861,6313147,1,2026-07-29 17:05:01,2026-07-29 16:05:01,2024-02-21 14:19:00
46916731,6313147,1,2026-07-30 05:05:01,2026-07-29 23:05:01,2026-06-30 17:05:01
4813816,6262437,1,2026-07-30 01:05:01,2026-07-30 16:05:01,2024-02-25 04:00:00
10126551,6262437,16777473,2026-07-30 14:47:22,2026-07-30 03:05:02,2024-10-21 02:05:01
46916731,6262437,1,2026-07-30 05:05:01,2026-07-30 16:05:01,2026-06-24 17:05:01
4813816,6082680,1,2026-07-30 01:05:01,2026-07-30 16:05:01,2024-02-25 04:00:00
10126551,6082680,16777473,2026-07-30 14:47:22,2026-07-30 05:05:01,2024-10-21 02:05:01
14757368,6082680,1,2026-07-28 09:05:01,2026-07-30 16:05:01,2025-03-22 13:05:01
46916731,6082680,1,2026-07-30 05:05:01,2026-07-30 16:05:01,2026-06-24 17:05:01
10126551,4512452,16777473,2026-07-30 14:47:22,2026-07-28 00:05:01,2024-10-21 02:05:01
14315827,4512452,65537,2024-03-08 19:31:00,2026-07-30 16:05:01,2023-10-21 21:57:00
14757368,4512452,1,2026-07-28 09:05:01,2026-07-30 16:05:01,2025-03-22 13:05:01
27746861,4512452,1,2026-07-29 17:05:01,2026-07-30 16:05:01,2024-02-21 14:19:00
10008096,5753519,1,2026-06-20 12:05:01,2026-07-30 16:05:01,2024-02-07 09:47:00
10126551,5753519,16777473,2026-07-30 14:47:22,2026-07-30 04:05:01,2024-10-21 02:05:01
14757368,5753519,1,2026-07-28 09:05:01,2026-07-30 16:05:01,2025-03-22 13:05:01
46916731,5753519,1,2026-07-30 05:05:01,2026-07-30 16:05:01,2026-06-24 17:05:01
10008096,6138583,1,2026-06-20 12:05:01,2026-07-30 14:05:02,2024-02-07 09:47:00
10126551,6138583,16777473,2026-07-30 14:47:22,2026-07-30 14:05:02,2024-10-21 02:05:01
27746861,6138583,1,2026-07-29 17:05:01,2026-07-30 16:05:01,2024-02-21 14:19:00
46916731,6138583,1,2026-07-30 05:05:01,2026-07-30 16:05:01,2026-06-24 17:05:01
4813816,6319740,1,2026-07-30 01:05:01,2026-07-30 16:05:01,2024-02-25 04:00:00
10126551,6319740,16777473,2026-07-30 14:47:22,2026-07-29 20:05:02,2024-10-21 19:05:01
27746861,6319740,1,2026-07-29 17:05:01,2026-07-30 16:05:01,2024-02-21 14:19:00
46916731,6319740,1,2026-07-30 05:05:01,2026-07-30 16:05:01,2026-06-24 04:05:01
4813816,6362044,1,2026-07-30 01:05:01,2026-07-30 16:05:01,2024-02-25 04:00:00
10126551,6362044,16777473,2026-07-30 14:47:22,2026-07-30 16:05:01,2024-10-21 02:05:01
27746861,6362044,1,2026-07-29 17:05:01,2026-07-30 16:05:01,2024-02-21 14:19:00
4813816,3146204,1,2026-07-30 01:05:01,2026-07-30 16:05:01,2024-02-25 04:00:00
10126551,3146204,16777473,2026-07-30 14:47:22,2026-07-30 05:05:01,2024-10-21 19:05:01
14315827,3146204,65537,2024-03-08 19:31:00,2026-07-30 16:05:01,2023-10-21 21:57:00
14757368,3146204,1,2026-07-28 09:05:01,2026-07-30 16:05:01,2025-03-22 13:05:01
10008096,4826080,1,2026-06-20 12:05:01,2026-07-30 10:05:01,2024-02-07 09:47:00
10126551,4826080,16777473,2026-07-30 14:47:22,2026-07-30 10:05:01,2024-10-21 02:05:01
14757368,4826080,1,2026-07-28 09:05:01,2026-07-30 16:05:01,2025-03-22 13:05:01
27746861,4826080,1,2026-07-29 17:05:01,2026-07-30 16:05:01,2024-02-21 14:19:00
4813816,4870469,1,2026-07-30 01:05:01,2026-07-30 16:05:01,2024-02-25 04:00:00
10126551,4870469,16777473,2026-07-30 14:47:22,2026-07-30 04:05:01,2024-10-21 02:05:01
14315827,4870469,65537,2024-03-08 19:31:00,2026-07-30 16:05:01,2023-10-21 21:57:00
14757368,4870469,1,2026-07-28 09:05:01,2026-07-30 16:05:01,2024-08-12 23:05:01
10126551,5082591,16777473,2026-07-30 14:47:22,2026-07-28 00:05:01,2024-10-21 02:05:01
14315827,5082591,65537,2024-03-08 19:31:00,2026-07-30 16:05:01,2023-10-21 21:57:00
14757368,5082591,1,2026-07-28 09:05:01,2026-07-30 16:05:01,2024-08-12 23:05:01
27746861,5082591,1,2026-07-29 17:05:01,2026-07-30 16:05:01,2024-02-21 14:19:00
7664177,5434121,1,2026-07-30 00:05:01,2026-07-30 16:05:01,2024-02-24 03:15:00
10126551,5434121,16777473,2026-07-30 14:47:22,2026-07-28 05:05:01,2024-10-21 02:05:01
10126551,5653656,16777473,2026-07-30 14:47:22,2026-07-30 05:05:01,2024-10-21 02:05:01
14757368,5653656,1,2026-07-28 09:05:01,2026-07-30 16:05:01,2025-03-22 13:05:01
10126551,5751295,16777473,2026-07-30 14:47:22,2026-07-28 23:05:01,2024-10-21 02:05:01
27746861,5751295,1,2026-07-29 17:05:01,2026-07-30 16:05:01,2024-02-21 14:19:00
46916731,5751295,1,2026-07-30 05:05:01,2026-07-30 16:05:01,2024-08-12 18:05:02
670524,5752636,0,,2026-07-30 16:05:01,
10126551,5752636,16777473,2026-07-30 14:47:22,2026-07-30 00:05:01,2024-10-21 02:05:01
14315827,5752636,65537,2024-03-08 19:31:00,2026-07-30 16:05:01,2023-10-21 21:57:00
27746861,5752636,1,2026-07-29 17:05:01,2026-07-30 16:05:01,2024-02-21 14:19:00
46916731,5752636,1,2026-07-30 05:05:01,2026-07-30 13:05:01,2026-06-24 17:05:01
10126551,5755453,16777473,2026-07-30 14:47:22,2026-07-28 00:05:01,2024-11-04 20:05:01
14315827,5755453,65537,2024-03-08 19:31:00,2026-07-30 16:05:01,2023-10-21 21:57:00
27746861,5755453,1,2026-07-29 17:05:01,2026-07-30 16:05:01,2024-02-21 14:19:00
46916731,5755453,1,2026-07-30 05:05:01,2026-07-30 16:05:01,2026-06-24 17:05:01
4813816,5929952,1,2026-07-30 01:05:01,2026-07-29 07:05:01,2024-02-25 04:00:00
10126551,5929952,16777473,2026-07-30 14:47:22,2026-07-28 04:05:01,2024-10-21 19:05:01
27746861,5929952,1,2026-07-29 17:05:01,2026-07-30 13:05:01,2024-02-21 14:19:00
46916731,5929952,1,2026-07-30 05:05:01,2026-07-30 13:05:01,2026-06-30 17:05:01
10126551,5933673,16777473,2026-07-30 14:47:22,2026-07-26 02:05:01,2024-11-04 20:05:01
27746861,5933673,1,2026-07-29 17:05:01,2026-07-29 16:05:01,2024-03-12 12:31:00
10126551,5937047,16777473,2026-07-30 14:47:22,2026-07-28 04:05:01,2024-10-21 02:05:01
14315827,5937047,65537,2024-03-08 19:31:00,2026-07-30 16:05:01,2023-10-21 21:57:00
14757368,5937047,1,2026-07-28 09:05:01,2026-07-30 16:05:01,2024-02-24 23:50:00
46916731,5937047,1,2026-07-30 05:05:01,2026-07-30 16:05:01,2024-08-12 18:05:02
4813816,5938168,1,2026-07-30 01:05:01,2026-07-30 16:05:01,2024-02-25 04:00:00
10008096,5938168,1,2026-06-20 12:05:01,2026-07-30 05:05:01,2024-02-07 09:47:00
10126551,5938168,16777473,2026-07-30 14:47:22,2026-07-30 04:05:01,2024-10-21 19:05:01
46916731,5938168,1,2026-07-30 05:05:01,2026-07-30 16:05:01,2024-08-12 18:05:02
7664177,5947128,1,2026-07-30 00:05:01,2026-07-30 16:05:01,2024-02-24 03:15:00
10008096,5947128,1,2026-06-20 12:05:01,2026-07-29 07:05:01,2024-02-07 09:47:00
10126551,5947128,16777473,2026-07-30 14:47:22,2026-07-28 04:05:01,2024-11-04 20:05:01
50325130,5947128,1,2026-04-13 11:05:02,2026-07-30 16:05:01,2025-12-29 04:05:01
4813816,5947233,1,2026-07-30 01:05:01,2026-07-30 16:05:01,2024-02-25 04:00:00
10008096,5947233,1,2026-06-20 12:05:01,2026-07-30 16:05:01,2024-02-07 09:47:00
10126551,5947233,16777473,2026-07-30 14:47:22,2026-07-30 03:05:02,2024-10-21 19:05:01
46916731,5947233,1,2026-07-30 05:05:01,2026-07-30 16:05:01,2024-08-12 18:05:02
670524,5950239,1,2026-03-11 10:26:57,2026-07-30 16:05:01,2025-04-03 02:05:01
4813816,5950239,1,2026-07-30 01:05:01,2026-07-28 09:05:01,2024-02-25 04:00:00
10008096,5950239,1,2026-06-20 12:05:01,2026-07-25 03:05:01,2024-02-07 09:47:00
10126551,5950239,16777473,2026-07-30 14:47:22,2026-07-25 03:05:01,2024-10-21 02:05:01
7664177,5950894,1,2026-07-30 00:05:01,2026-07-30 16:05:01,2024-02-24 03:15:00
10008096,5950894,1,2026-06-20 12:05:01,2026-07-30 13:05:01,2024-02-07 09:47:00
10126551,5950894,16777473,2026-07-30 14:47:22,2026-07-28 23:05:01,2024-11-04 20:05:01
46916731,5950894,1,2026-07-30 05:05:01,2026-07-30 16:05:01,2024-08-12 18:05:02
10126551,6022866,16777473,2026-07-30 14:47:22,2026-07-28 00:05:01,2024-10-21 02:05:01
14315827,6022866,65537,2024-03-08 19:31:00,2026-07-30 16:05:01,2023-10-21 21:57:00
27746861,6022866,1,2026-07-29 17:05:01,2026-07-30 16:05:01,2024-02-21 14:19:00
46916731,6022866,1,2026-07-30 05:05:01,2026-07-30 16:05:01,2026-06-24 17:05:01
4813816,6053545,1,2026-07-30 01:05:01,2026-07-29 06:05:01,2024-02-25 04:00:00
10126551,6053545,16777473,2026-07-30 14:47:22,2026-07-15 06:05:01,2024-11-04 20:05:01
27746861,6053545,1,2026-07-29 17:05:01,2026-07-29 16:05:01,2024-02-21 14:19:00
46916731,6053545,1,2026-07-30 05:05:01,2026-07-29 23:05:01,2026-06-30 17:05:01
4813816,6056781,1,2026-07-30 01:05:01,2026-07-30 16:05:01,2024-02-25 04:00:00
10008096,6056781,1,2026-06-20 12:05:01,2026-07-30 16:05:01,2024-02-07 09:47:00
10126551,6056781,16777473,2026-07-30 14:47:22,2026-07-28 23:05:01,2024-10-21 19:05:01
46916731,6056781,1,2026-07-30 05:05:01,2026-07-30 16:05:01,2024-08-12 18:05:02
670524,6064780,1,2026-03-11 10:26:57,2026-07-30 16:05:01,2025-03-30 02:05:01
4813816,6064780,1,2026-07-30 01:05:01,2026-07-30 16:05:01,2024-02-25 04:00:00
10008096,6064780,1,2026-06-20 12:05:01,2026-07-30 16:05:01,2024-02-07 09:47:00
10126551,6064780,16777473,2026-07-30 14:47:22,2026-07-30 01:05:01,2024-11-04 20:05:01
10126551,6065442,16777473,2026-07-30 14:47:22,2026-07-10 10:05:01,2024-11-04 20:05:01
27746861,6065442,1,2026-07-29 17:05:01,2026-07-29 16:05:01,2024-03-12 12:31:00
10126551,6148702,16777473,2026-07-30 14:47:22,2026-07-10 10:05:01,2024-11-01 18:05:01
27746861,6148702,1,2026-07-29 17:05:01,2026-07-29 16:05:01,2024-05-23 18:53:54
10126551,6154269,16777473,2026-07-30 14:47:22,2026-07-25 03:05:01,2024-11-04 20:05:01
14315827,6154269,65537,2024-03-08 19:31:00,2026-07-30 16:05:01,2023-10-21 21:57:00
14757368,6154269,1,2026-07-28 09:05:01,2026-07-30 16:05:01,2024-02-24 23:50:00
46916731,6154269,1,2026-07-30 05:05:01,2026-07-30 16:05:01,2024-08-12 18:05:02
10126551,6155545,16777473,2026-07-30 14:47:22,2026-07-27 02:05:01,2024-10-21 02:05:01
14315827,6155545,65537,2024-03-08 19:31:00,2026-07-30 16:05:01,2023-10-21 21:57:00
27746861,6155545,1,2026-07-29 17:05:01,2026-07-30 16:05:01,2024-02-21 14:19:00
46916731,6155545,1,2026-07-30 05:05:01,2026-07-30 16:05:01,2026-06-24 17:05:01
670524,6156138,1,2026-03-11 10:26:57,2026-07-30 16:05:01,2025-04-03 02:05:01
4813816,6156138,1,2026-07-30 01:05:01,2026-07-10 10:05:01,2024-02-25 04:00:00
10126551,6156138,16777473,2026-07-30 14:47:22,2026-07-10 10:05:01,2024-11-04 20:05:01
14315827,6156138,65537,2024-03-08 19:31:00,2026-07-30 16:05:01,2023-10-21 21:57:00
14757368,6156138,1,2026-07-28 09:05:01,2026-07-30 16:05:01,2024-02-24 23:50:00
10126551,6161335,16777473,2026-07-30 14:47:22,2026-07-28 00:05:01,2024-11-04 20:05:01
27746861,6161335,1,2026-07-29 17:05:01,2026-07-30 16:05:01,2024-02-21 14:19:00
46916731,6161335,1,2026-07-30 05:05:01,2026-07-30 16:05:01,2026-06-24 04:05:01
4813816,6222366,1,2026-07-30 01:05:01,2026-07-30 16:05:01,2024-02-25 04:00:00
10126551,6222366,16777473,2026-07-30 14:47:22,2026-07-29 13:05:01,2024-10-21 19:05:01
27746861,6222366,1,2026-07-29 17:05:01,2026-07-30 16:05:01,2024-02-21 14:19:00
46916731,6222366,1,2026-07-30 05:05:01,2026-07-30 16:05:01,2026-06-24 04:05:01
7664177,6222382,1,2026-07-30 00:05:01,2026-07-30 16:05:01,2024-02-24 03:15:00
10126551,6222382,16777473,2026-07-30 14:47:22,2026-07-30 03:05:02,2024-11-04 20:05:01
46916731,6222382,1,2026-07-30 05:05:01,2026-07-30 16:05:01,2026-06-24 04:05:01
4813816,6225995,1,2026-07-30 01:05:01,2026-07-29 12:05:02,2024-02-25 04:00:00
10126551,6225995,16777473,2026-07-30 14:47:22,2026-07-27 02:05:01,2024-10-21 19:05:01
27746861,6225995,1,2026-07-29 17:05:01,2026-07-30 16:05:01,2024-02-21 14:19:00
46916731,6225995,1,2026-07-30 05:05:01,2026-07-30 15:05:01,2026-06-30 17:05:01
10126551,6230400,16777473,2026-07-30 14:47:22,2026-07-26 02:05:01,2024-11-04 20:05:01
27746861,6230400,1,2026-07-29 17:05:01,2026-07-29 16:05:01,2024-02-21 14:19:00
46916731,6230400,1,2026-07-30 05:05:01,2026-07-29 23:05:01,2026-06-30 17:05:01
4813816,6237119,1,2026-07-30 01:05:01,2026-07-30 16:05:01,2024-02-25 04:00:00
10126551,6237119,16777473,2026-07-30 14:47:22,2026-07-30 01:05:01,2024-11-04 20:05:01
46916731,6237119,1,2026-07-30 05:05:01,2026-07-30 16:05:01,2026-06-24 04:05:01
50325130,6237119,1,2026-04-13 11:05:02,2026-07-30 16:05:01,2025-12-29 04:05:01
4813816,6304863,1,2026-07-30 01:05:01,2026-07-29 04:05:01,2024-02-25 04:00:00
10126551,6304863,16777473,2026-07-30 14:47:22,2026-07-28 00:05:01,2024-10-21 19:05:01
14757368,6304863,1,2026-07-28 09:05:01,2026-07-30 16:05:01,2025-03-22 13:05:01
27746861,6304863,1,2026-07-29 17:05:01,2026-07-30 16:05:01,2024-02-21 14:19:00
10126551,6308567,16777473,2026-07-30 14:47:22,2026-07-27 02:05:01,2024-11-04 20:05:01
27746861,6308567,1,2026-07-29 17:05:01,2026-07-30 15:05:01,2024-02-21 14:19:00
46916731,6308567,1,2026-07-30 05:05:01,2026-07-30 15:05:01,2026-06-30 17:05:01
670524,6314686,0,,2026-07-30 16:05:01,
4813816,6314686,1,2026-07-30 01:05:01,2026-07-30 16:05:01,2024-02-25 04:00:00
10126551,6314686,16777473,2026-07-30 14:47:22,2026-07-10 11:05:01,2024-10-21 19:05:01
32873098,6314686,1,2026-06-02 16:05:01,2026-07-30 16:05:01,2026-04-12 21:05:01
46916731,6314686,1,2026-07-30 05:05:01,2026-07-30 16:05:01,2026-06-24 17:05:01
10126551,6323783,16777473,2026-07-30 14:47:22,2026-07-21 15:05:01,2024-10-21 19:05:01
27746861,6323783,1,2026-07-29 17:05:01,2026-07-29 19:05:01,2024-02-21 14:19:00
46916731,6323783,1,2026-07-30 05:05:01,2026-07-29 23:05:01,2026-06-30 17:05:01
50325130,6323783,1,2026-04-13 11:05:02,2026-07-30 16:05:01,2026-01-12 11:05:01
670524,6328280,0,,2026-07-30 16:05:01,
4813816,6328280,1,2026-07-30 01:05:01,2026-07-30 06:05:01,2024-02-25 04:00:00
10126551,6328280,16777473,2026-07-30 14:47:22,2026-07-28 00:05:01,2024-10-21 02:05:01
27746861,6328280,1,2026-07-29 17:05:01,2026-07-30 16:05:01,2024-02-21 14:19:00
46916731,6328280,1,2026-07-30 05:05:01,2026-07-30 16:05:01,2026-06-24 17:05:01
4813816,6333555,1,2026-07-30 01:05:01,2026-07-30 16:05:01,2024-02-25 04:00:00
10126551,6333555,16777473,2026-07-30 14:47:22,2026-07-30 01:05:01,2024-11-04 20:05:01
27746861,6333555,1,2026-07-29 17:05:01,2026-07-30 16:05:01,2024-02-21 14:19:00
46916731,6333555,1,2026-07-30 05:05:01,2026-07-30 16:05:01,2026-06-24 04:05:01
10126551,6335217,16777473,2026-07-30 14:47:22,2026-07-10 10:05:01,2024-11-04 20:05:01
27746861,6335217,1,2026-07-29 17:05:01,2026-07-29 16:05:01,2024-02-21 14:19:00
46916731,6335217,1,2026-07-30 05:05:01,2026-07-29 23:05:01,2026-06-30 17:05:01
4813816,6351878,1,2026-07-30 01:05:01,2026-07-30 16:05:01,2024-02-25 04:00:00
10008096,6351878,1,2026-06-20 12:05:01,2026-07-30 16:05:01,2024-02-07 09:47:00
10126551,6351878,16777473,2026-07-30 14:47:22,2026-07-30 05:05:01,2024-10-21 19:05:01
46916731,6351878,1,2026-07-30 05:05:01,2026-07-30 16:05:01,2026-06-24 04:05:01
670524,6352606,0,,2026-07-30 16:05:01,
4813816,6352606,1,2026-07-30 01:05:01,2026-07-30 14:05:02,2024-02-25 04:00:00
10126551,6352606,16777473,2026-07-30 14:47:22,2026-07-26 15:08:55,2024-10-21 19:05:01
27746861,6352606,1,2026-07-29 17:05:01,2026-07-30 16:05:01,2024-02-21 14:19:00
46916731,6352606,1,2026-07-30 05:05:01,2026-07-30 16:05:01,2026-06-24 04:05:01
4813816,6358071,1,2026-07-30 01:05:01,2026-07-30 16:05:01,2024-09-29 03:00:13
10126551,6358071,16777473,2026-07-30 14:47:22,2026-07-30 05:05:01,2024-10-21 02:05:01
14757368,6358071,1,2026-07-28 09:05:01,2026-07-30 16:05:01,2025-03-22 13:05:01
27746861,6358071,1,2026-07-29 17:05:01,2026-07-30 16:05:01,2024-02-21 14:19:00
4813816,6382136,1,2026-07-30 01:05:01,2026-07-30 16:05:01,2024-03-11 04:00:00
10126551,6382136,16777473,2026-07-30 14:47:22,2026-07-28 04:05:01,2024-11-04 20:05:01
27746861,6382136,1,2026-07-29 17:05:01,2026-07-30 16:05:01,2024-02-21 14:19:00
46916731,6382136,1,2026-07-30 05:05:01,2026-07-30 16:05:01,2026-06-24 04:05:01
10126551,6391666,16777473,2026-07-30 14:47:22,2026-07-21 05:05:01,2024-10-21 02:05:01
27746861,6391666,1,2026-07-29 17:05:01,2026-07-30 07:05:01,2024-02-21 14:19:00
46916731,6391666,1,2026-07-30 05:05:01,2026-07-30 07:05:01,2026-06-30 17:05:01
10126551,6394355,16777473,2026-07-30 14:47:22,2026-07-10 10:05:01,2024-11-04 20:05:01
27746861,6394355,1,2026-07-29 17:05:01,2026-07-29 16:05:01,2024-03-12 12:31:00
5220206,6398905,0,,2026-07-30 16:05:01,
10126551,6398905,16777473,2026-07-30 14:47:22,2026-07-26 02:05:01,2024-11-01 18:05:01
27746861,6398905,1,2026-07-29 17:05:01,2026-07-30 16:05:01,2024-03-12 12:31:00
50325130,6398905,1,2026-04-13 11:05:02,2026-07-30 16:05:01,2026-01-12 11:05:01
4813816,6411045,1,2026-07-30 01:05:01,2026-07-30 16:05:01,2024-02-25 04:00:00
10126551,6411045,16777473,2026-07-30 14:47:22,2026-07-30 05:05:01,2024-10-21 02:05:01
14757368,6411045,1,2026-07-28 09:05:01,2026-07-30 16:05:01,2025-03-22 13:05:01
27746861,6411045,1,2026-07-29 17:05:01,2026-07-30 16:05:01,2024-02-21 14:19:00
4813816,6432420,1,2026-07-30 01:05:01,2026-07-30 16:05:01,2024-02-25 04:00:00
10126551,6432420,16777473,2026-07-30 14:47:22,2026-07-30 01:05:01,2024-11-04 20:05:01
27746861,6432420,1,2026-07-29 17:05:01,2026-07-30 16:05:01,2024-02-21 14:19:00
46916731,6432420,1,2026-07-30 05:05:01,2026-07-30 15:05:01,2026-06-24 04:05:01
10126551,6434349,16777473,2026-07-30 14:47:22,2026-07-30 05:05:01,2024-11-04 20:05:01
14757368,6434349,1,2026-07-28 09:05:01,2026-07-30 16:05:01,2025-03-22 13:05:01
27746861,6434349,1,2026-07-29 17:05:01,2026-07-30 16:05:01,2024-02-21 14:19:00
46916731,6434349,1,2026-07-30 05:05:01,2026-07-30 16:05:01,2026-06-24 04:05:01
4813816,6529540,1,2026-07-30 01:05:01,2026-07-30 01:05:01,2024-06-24 03:00:12
10126551,6529540,16777473,2026-07-30 14:47:22,2026-07-30 00:05:01,2024-11-04 20:05:01
46916731,6529540,1,2026-07-30 05:05:01,2026-07-30 16:05:01,2026-06-24 04:05:01
50325130,6529540,1,2026-04-13 11:05:02,2026-07-30 16:05:01,2026-01-12 11:05:01
4813816,6531046,1,2026-07-30 01:05:01,2026-07-30 16:05:01,2026-03-14 02:05:02
10008096,6531046,1,2026-06-20 12:05:01,2026-07-17 16:05:01,2024-10-06 15:05:01
10126551,6531046,16777473,2026-07-30 14:47:22,2026-07-11 08:05:02,2025-01-27 16:05:01
14315827,6531046,0,,2026-07-30 16:05:01,
4813816,6531890,1,2026-07-30 01:05:01,2026-07-30 16:05:01,2024-07-31 15:08:10
10008096,6531890,1,2026-06-20 12:05:01,2026-07-30 16:05:01,2024-10-23 02:04:10
10126551,6531890,16777473,2026-07-30 14:47:22,2026-07-30 04:05:01,2025-01-27 16:05:01
32873098,6531890,1,2026-06-02 16:05:01,2026-07-30 16:05:01,2026-05-02 15:05:00
4813816,6541984,1,2026-07-30 01:05:01,2026-07-30 16:05:01,2024-07-31 15:03:49
10126551,6541984,16777473,2026-07-30 14:47:22,2026-07-28 02:05:01,2025-01-27 16:05:01
14757368,6541984,1,2026-07-28 09:05:01,2026-07-30 16:05:01,2025-03-22 13:05:01
27746861,6541984,1,2026-07-29 17:05:01,2026-07-30 16:05:01,2025-02-21 19:05:01
10126551,6546659,16777473,2026-07-30 14:47:22,2026-07-27 04:05:01,2025-01-27 16:05:01
46916731,6546659,1,2026-07-30 05:05:01,2026-07-30 06:05:01,2026-06-30 17:05:01
50325130,6546659,1,2026-04-13 11:05:02,2026-07-30 16:05:01,2026-01-12 11:05:01
4813816,6584212,1,2026-07-30 01:05:01,2026-07-30 16:05:01,2024-10-11 18:18:51
10126551,6584212,16777473,2026-07-30 14:47:22,2026-07-30 04:05:01,2024-11-05 04:05:01
27746861,6584212,1,2026-07-29 17:05:01,2026-07-30 16:05:01,2024-10-30 18:05:01
46916731,6584212,1,2026-07-30 05:05:01,2026-07-30 16:05:01,2026-06-24 17:05:01
4813816,6584930,1,2026-07-30 01:05:01,2026-07-30 06:05:01,2024-10-13 13:53:45
10126551,6584930,16777473,2026-07-30 14:47:22,2026-07-27 04:05:01,2024-12-07 15:05:01
46916731,6584930,1,2026-07-30 05:05:01,2026-07-30 16:05:01,2026-06-24 17:05:01
50325130,6584930,1,2026-04-13 11:05:02,2026-07-30 16:05:01,2026-01-12 11:05:01
4813816,6604158,1,2026-07-30 01:05:01,2026-07-10 11:05:01,2024-11-24 12:17:47
10126551,6604158,16777473,2026-07-30 14:47:22,2026-07-10 10:05:01,2024-12-07 15:05:01
4813816,6604273,1,2026-07-30 01:05:01,2026-07-10 10:05:01,2024-11-24 16:26:42
10126551,6604273,16777473,2026-07-30 14:47:22,2026-07-10 10:05:01,2025-01-05 20:05:01
4659466,6604828,0,,2026-07-27 03:05:01,
4813816,6604828,1,2026-07-30 01:05:01,2026-07-29 05:05:02,2024-11-25 21:02:42
10126551,6604828,16777473,2026-07-30 14:47:22,2026-07-26 02:05:01,2025-01-15 09:05:01
46916731,6604828,1,2026-07-30 05:05:01,2026-07-30 10:05:01,2026-06-24 17:05:01
4813816,6606629,1,2026-07-30 01:05:01,2026-07-30 16:05:01,2024-11-30 16:07:51
10126551,6606629,16777473,2026-07-30 14:47:22,2026-07-30 04:05:01,2025-01-27 16:05:01
14757368,6606629,1,2026-07-28 09:05:01,2026-07-30 16:05:01,2025-03-22 13:05:01
46916731,6606629,1,2026-07-30 05:05:01,2026-07-30 16:05:01,2026-06-24 04:05:01
4813816,6638811,1,2026-07-30 01:05:01,2026-07-30 16:05:01,2025-02-02 03:05:01
10126551,6638811,16777473,2026-07-30 14:47:22,2026-07-30 05:05:01,2025-02-01 13:05:01
32873098,6638811,1,2026-06-02 16:05:01,2026-07-30 16:05:01,2026-05-02 15:05:00
46916731,6638811,1,2026-07-30 05:05:01,2026-07-30 16:05:01,2026-06-24 04:05:01
10126551,6651803,16777473,2026-07-30 14:47:22,2026-07-10 10:05:01,2025-03-03 12:05:01
14757368,6651803,1,2026-07-28 09:05:01,2026-07-30 16:05:01,2025-04-12 23:05:01
670524,6652574,0,,2026-07-30 16:05:01,
4813816,6652574,1,2026-07-30 01:05:01,2026-07-30 05:05:01,2025-02-25 03:05:01
10126551,6652574,16777473,2026-07-30 14:47:22,2026-07-11 22:05:02,2025-03-03 12:05:01
46916731,6652574,1,2026-07-30 05:05:01,2026-07-30 07:05:01,2026-06-30 17:05:01
4813816,6659978,1,2026-07-30 01:05:01,2026-07-30 10:05:01,2025-03-11 03:05:01
10126551,6659978,16777473,2026-07-30 14:47:22,2026-07-29 23:05:01,2025-03-10 20:05:01
46916731,6659978,1,2026-07-30 05:05:01,2026-07-30 16:05:01,2026-06-24 17:05:01
50325130,6659978,1,2026-04-13 11:05:02,2026-07-30 16:05:01,2026-01-12 11:05:01
4813816,6660147,1,2026-07-30 01:05:01,2026-07-10 10:05:01,2025-03-10 18:39:26
10126551,6660147,16777473,2026-07-30 14:47:22,2026-07-10 10:05:01,2025-03-10 20:05:01
4659466,6671059,0,,2026-07-27 03:05:01,
4813816,6671059,1,2026-07-30 01:05:01,2026-07-30 16:05:01,2025-04-01 18:17:58
10126551,6671059,16777473,2026-07-30 14:47:22,2026-07-30 04:05:01,2025-04-01 17:05:01
46916731,6671059,1,2026-07-30 05:05:01,2026-07-30 08:05:01,2026-06-30 17:05:01
4659466,6683802,0,,2026-07-27 03:05:01,
10126551,6683802,16777473,2026-07-30 14:47:22,2026-07-16 05:05:02,2025-05-05 18:05:01
27746861,6683802,1,2026-07-29 17:05:01,2026-07-29 16:05:01,2026-02-25 17:05:01
46916731,6683802,1,2026-07-30 05:05:01,2026-07-29 23:05:01,2026-06-30 17:05:01
4813816,6695958,1,2026-07-30 01:05:01,2026-07-10 10:05:01,2025-05-22 02:05:01
10126551,6695958,16777473,2026-07-30 14:47:22,2026-07-10 10:05:01,2025-09-13 14:05:01
50325130,6695958,1,2026-04-13 11:05:02,2026-07-30 16:05:01,2025-12-29 04:05:01
4813816,6699670,1,2026-07-30 01:05:01,2026-07-29 08:05:01,2025-05-29 19:09:50
10126551,6699670,16777473,2026-07-30 14:47:22,2026-07-27 02:05:01,2025-05-29 13:05:01
46916731,6699670,1,2026-07-30 05:05:01,2026-07-30 00:05:01,2026-06-30 17:05:01
50325130,6699670,1,2026-04-13 11:05:02,2026-07-30 16:05:01,2026-01-12 11:05:01
4659466,6704586,0,,2026-07-27 03:05:01,
4813816,6704586,1,2026-07-30 01:05:01,2026-07-10 11:05:01,2025-06-10 02:05:01
10126551,6704586,16777473,2026-07-30 14:47:22,2026-07-10 10:05:01,2025-06-09 16:05:01
46916731,6704586,1,2026-07-30 05:05:01,2026-07-29 23:05:01,2026-06-30 17:05:01
10126551,6723852,16777473,2026-07-30 14:47:22,2026-07-28 23:05:01,2025-07-25 12:05:01
46916731,6723852,1,2026-07-30 05:05:01,2026-07-30 16:05:01,2026-06-24 17:05:01
50325130,6723852,1,2026-04-13 11:05:02,2026-07-30 16:05:01,2026-01-12 11:05:01
4813816,6723985,1,2026-07-30 01:05:01,2026-07-10 11:05:01,2025-07-26 01:05:01
10126551,6723985,16777473,2026-07-30 14:47:22,2026-07-10 10:05:01,2025-07-26 09:05:01
4813816,6727176,1,2026-07-30 01:05:01,2026-07-30 16:05:01,2025-08-03 01:05:01
10126551,6727176,16777473,2026-07-30 14:47:22,2026-07-30 04:05:01,2025-08-12 15:05:01
46916731,6727176,1,2026-07-30 05:05:01,2026-07-30 16:05:01,2026-06-24 17:05:01
4813816,6743296,1,2026-07-30 01:05:01,2026-07-19 08:05:01,2025-09-13 01:05:01
10126551,6743296,16777473,2026-07-30 14:47:22,2026-07-10 11:05:01,2025-10-04 20:05:01
10126551,6746372,16777473,2026-07-30 14:47:22,2026-07-28 04:05:01,2025-10-02 20:05:01
27746861,6746372,1,2026-07-29 17:05:01,2026-07-30 08:05:01,2025-10-14 17:05:01
46916731,6746372,1,2026-07-30 05:05:01,2026-07-29 23:05:01,2026-06-30 17:05:01
670524,6752768,0,,2026-07-30 16:05:01,
10126551,6752768,16777473,2026-07-30 14:47:22,2026-07-28 07:05:01,2025-10-03 16:05:01
46916731,6752768,1,2026-07-30 05:05:01,2026-07-30 15:05:01,2026-06-24 04:05:01
4813816,6754600,1,2026-07-30 01:05:01,2026-07-25 06:05:01,2025-10-08 01:05:01
10126551,6754600,16777473,2026-07-30 14:47:22,2026-07-10 10:05:01,2025-11-05 22:05:01
46916731,6754600,1,2026-07-30 05:05:01,2026-07-29 23:05:01,2026-06-30 17:05:01
10126551,6759761,16777473,2026-07-30 14:47:22,2026-07-28 17:05:01,2025-10-18 17:05:01
46916731,6759761,1,2026-07-30 05:05:01,2026-07-30 05:05:01,2026-06-30 17:05:01
4813816,6767810,1,2026-07-30 01:05:01,2026-07-30 08:05:01,2025-11-05 01:05:01
10126551,6767810,16777473,2026-07-30 14:47:22,2026-07-28 04:05:01,2026-01-28 23:05:01
46916731,6767810,1,2026-07-30 05:05:01,2026-07-30 09:05:01,2026-06-24 04:05:01
10126551,6770241,16777473,2026-07-30 14:47:22,2026-07-28 11:05:02,2025-11-09 13:05:01
46916731,6770241,1,2026-07-30 05:05:01,2026-07-29 23:05:01,2026-06-24 17:05:01
10126551,6801801,16777473,2026-07-30 14:47:22,2026-07-30 01:05:01,2026-01-28 23:05:01
27746861,6801801,1,2026-07-29 17:05:01,2026-07-30 11:05:01,2026-02-25 17:05:01
46916731,6801801,1,2026-07-30 05:05:01,2026-07-30 11:05:01,2026-06-24 17:05:01
4813816,6820229,1,2026-07-30 01:05:01,2026-07-30 15:05:01,2026-02-22 02:05:01
10126551,6820229,16777473,2026-07-30 14:47:22,2026-07-30 01:05:01,2026-02-21 13:05:01
46916731,6820229,1,2026-07-30 05:05:01,2026-07-30 16:05:01,2026-06-24 17:05:01
10126551,6820230,16777473,2026-07-30 14:47:22,2026-07-29 23:05:01,2026-02-21 13:05:01
46916731,6820230,1,2026-07-30 05:05:01,2026-07-30 15:05:01,2026-06-24 17:05:01
4813816,6820484,1,2026-07-30 01:05:01,2026-07-21 02:05:01,2026-02-22 02:05:01
10126551,6820484,16777473,2026-07-30 14:47:22,2026-07-10 10:05:01,2026-04-04 16:05:01
10126551,6839177,16777473,2026-07-30 14:47:22,2026-07-30 11:05:01,2026-04-01 15:05:01
46916731,6839177,1,2026-07-30 05:05:01,2026-07-30 16:05:01,2026-06-24 17:05:01
4813816,6193587,1,2026-07-30 01:05:01,2026-07-30 05:05:01,2024-02-25 04:00:00
10126551,6193587,16777473,2026-07-30 14:47:22,2026-07-28 00:05:01,2024-10-21 02:05:01
14315827,6193587,65537,2024-03-08 19:31:00,2026-07-30 16:05:01,2023-10-21 21:57:00
14757368,6193587,1,2026-07-28 09:05:01,2026-07-30 16:05:01,2025-03-22 13:05:01
4813816,4685616,1,2026-07-30 01:05:01,2026-07-30 16:05:01,2024-02-25 04:00:00
10126551,4685616,16777473,2026-07-30 14:47:22,2026-07-30 05:05:01,2024-10-21 02:05:01
14315827,4685616,65537,2024-03-08 19:31:00,2026-07-30 16:05:01,2023-10-21 21:57:00
14757368,4685616,1,2026-07-28 09:05:01,2026-07-30 16:05:01,2024-08-12 23:05:01
10126551,3325734,16777473,2026-07-30 14:47:22,2026-07-28 00:05:01,2024-10-21 19:05:01
14315827,3325734,65537,2024-03-08 19:31:00,2026-07-30 16:05:01,2023-10-21 21:57:00
14757368,3325734,1,2026-07-28 09:05:01,2026-07-30 16:05:01,2025-03-22 13:05:01
27746861,3325734,1,2026-07-29 17:05:01,2026-07-30 16:05:01,2024-02-21 14:19:00
4813816,5252071,1,2026-07-30 01:05:01,2026-07-30 16:05:01,2024-02-25 04:00:00
10126551,5252071,16777473,2026-07-30 14:47:22,2026-07-28 04:05:01,2024-10-21 02:05:01
27746861,5252071,1,2026-07-29 17:05:01,2026-07-30 16:05:01,2024-02-21 14:19:00
46916731,5252071,1,2026-07-30 05:05:01,2026-07-30 16:05:01,2026-06-24 17:05:01
4813816,5233931,1,2026-07-30 01:05:01,2026-07-30 16:05:01,2024-02-25 04:00:00
10126551,5233931,16777473,2026-07-30 14:47:22,2026-07-30 05:05:01,2024-10-21 02:05:01
14315827,5233931,65537,2024-03-08 19:31:00,2026-07-30 16:05:01,2023-10-21 21:57:00
14757368,5233931,1,2026-07-28 09:05:01,2026-07-30 16:05:01,2025-03-22 13:05:01
10126551,5361599,16777473,2026-07-30 14:47:22,2026-07-28 00:05:01,2024-10-21 02:05:01
14315827,5361599,65537,2024-03-08 19:31:00,2026-07-30 16:05:01,2023-10-21 21:57:00
27746861,5361599,1,2026-07-29 17:05:01,2026-07-30 16:05:01,2024-02-21 14:19:00
46916731,5361599,1,2026-07-30 05:05:01,2026-07-30 16:05:01,2026-06-24 17:05:01
4813816,4585307,1,2026-07-30 01:05:01,2026-07-30 16:05:01,2024-02-25 04:00:00
10126551,4585307,16777473,2026-07-30 14:47:22,2026-07-28 00:05:01,2024-10-21 02:05:01
13826065,4585307,1,2025-06-15 14:08:00,2026-07-30 16:05:01,2024-02-23 21:00:00
14757368,4585307,1,2026-07-28 09:05:01,2026-07-30 16:05:01,2025-03-22 13:05:01
10126551,5320606,16777473,2026-07-30 14:47:22,2026-07-11 20:35:52,2024-10-21 02:05:01
14315827,5320606,65537,2024-03-08 19:31:00,2026-07-30 16:05:01,2023-10-21 21:57:00
14757368,5320606,1,2026-07-28 09:05:01,2026-07-30 16:05:01,2025-03-22 13:05:01
27746861,5320606,1,2026-07-29 17:05:01,2026-07-30 16:05:01,2024-02-21 14:19:00
670524,5532766,0,,2026-07-30 16:05:01,
10008096,5532766,1,2026-06-20 12:05:01,2026-07-29 01:05:01,2024-02-07 09:47:00
10126551,5532766,16777473,2026-07-30 14:47:22,2026-07-28 05:05:01,2024-10-21 02:05:01
27746861,5532766,1,2026-07-29 17:05:01,2026-07-30 16:05:01,2024-02-21 14:19:00
46916731,5532766,1,2026-07-30 05:05:01,2026-07-30 16:05:01,2026-06-24 17:05:01
4813816,4901048,1,2026-07-30 01:05:01,2026-07-30 16:05:01,2024-02-25 04:00:00
10126551,4901048,16777473,2026-07-30 14:47:22,2026-07-28 00:05:01,2024-10-21 02:05:01
14315827,4901048,65537,2024-03-08 19:31:00,2026-07-30 16:05:01,2023-10-21 21:57:00
32873098,4901048,1,2026-06-02 16:05:01,2026-07-30 16:05:01,2026-04-12 21:05:01
4813816,6230998,1,2026-07-30 01:05:01,2026-07-30 16:05:01,2024-02-25 04:00:00
7664177,6230998,1,2026-07-30 00:05:01,2026-07-30 16:05:01,2024-02-24 03:15:00
10126551,6230998,16777473,2026-07-30 14:47:22,2026-07-30 05:05:01,2024-10-21 02:05:01
670524,4492815,1,2026-03-11 10:26:57,2026-07-30 16:05:01,2025-04-07 03:05:01
4813816,4492815,1,2026-07-30 01:05:01,2026-07-30 16:05:01,2024-02-25 04:00:00
10126551,4492815,16777473,2026-07-30 14:47:22,2026-07-28 00:05:01,2024-10-21 19:05:01
14315827,4492815,65537,2024-03-08 19:31:00,2026-07-30 16:05:01,2023-10-21 21:57:00
10008096,5907078,1,2026-06-20 12:05:01,2026-07-29 20:05:02,2024-02-07 09:47:00
10126551,5907078,16777473,2026-07-30 14:47:22,2026-07-28 05:05:01,2024-10-21 02:05:01
27746861,5907078,1,2026-07-29 17:05:01,2026-07-30 16:05:01,2024-02-21 14:19:00
46916731,5907078,1,2026-07-30 05:05:01,2026-07-30 16:05:01,2026-06-24 17:05:01
10126551,6118833,16777473,2026-07-30 14:47:22,2026-07-30 03:05:02,2024-10-21 02:05:01
27746861,6118833,1,2026-07-29 17:05:01,2026-07-30 16:05:01,2024-02-21 14:19:00
46916731,6118833,1,2026-07-30 05:05:01,2026-07-30 16:05:01,2026-06-24 17:05:01
4813816,6154453,1,2026-07-30 01:05:01,2026-07-30 14:05:02,2024-02-25 04:00:00
10008096,6154453,1,2026-06-20 12:05:01,2026-07-30 14:05:02,2024-02-07 09:47:00
10126551,6154453,16777473,2026-07-30 14:47:22,2026-07-30 04:05:01,2024-10-21 02:05:01
46916731,6154453,1,2026-07-30 05:05:01,2026-07-30 16:05:01,2026-06-24 17:05:01
10126551,6778919,16777473,2026-07-30 14:47:22,2026-07-18 07:05:01,2025-11-27 17:05:01
27746861,6778919,1,2026-07-29 17:05:01,2026-07-29 16:05:01,2026-03-08 17:05:01
46916731,6778919,1,2026-07-30 05:05:01,2026-07-29 23:05:01,2026-06-30 17:05:01
4813816,2672877,1,2026-07-30 01:05:01,2026-07-30 16:05:01,2024-02-25 04:00:00
10126551,2672877,16777473,2026-07-30 14:47:22,2026-07-30 05:05:01,2024-10-21 02:05:01
14315827,2672877,65537,2024-03-08 19:31:00,2026-07-30 16:05:01,2023-10-21 21:57:00
14757368,2672877,1,2026-07-28 09:05:01,2026-07-30 16:05:01,2024-08-12 23:05:01
4813816,5979163,1,2026-07-30 01:05:01,2026-07-30 16:05:01,2024-02-25 04:00:00
10126551,5979163,16777473,2026-07-30 14:47:22,2026-07-27 02:05:01,2024-10-21 02:05:01
14315827,5979163,65537,2024-03-08 19:31:00,2026-07-30 16:05:01,2023-10-21 21:57:00
46916731,5979163,1,2026-07-30 05:05:01,2026-07-30 16:05:01,2026-06-24 17:05:01
4813816,5700473,1,2026-07-30 01:05:01,2026-07-30 16:05:01,2024-02-25 04:00:00
10008096,5700473,1,2026-06-20 12:05:01,2026-07-30 16:05:01,2024-02-07 09:47:00
10126551,5700473,16777473,2026-07-30 14:47:22,2026-07-30 05:05:01,2024-10-21 02:05:01
46916731,5700473,1,2026-07-30 05:05:01,2026-07-30 16:05:01,2026-06-24 17:05:01
10126551,4368955,16777473,2026-07-30 14:47:22,2026-07-28 00:05:01,2024-10-21 02:05:01
14757368,4368955,1,2026-07-28 09:05:01,2026-07-30 16:05:01,2024-02-24 23:50:00
46916731,4368955,1,2026-07-30 05:05:01,2026-07-30 16:05:01,2026-06-24 17:05:01
50325130,4368955,1,2026-04-13 11:05:02,2026-07-30 16:05:01,2026-01-12 11:05:01
4813816,4230072,1,2026-07-30 01:05:01,2026-07-30 16:05:01,2024-02-25 04:00:00
10126551,4230072,16777473,2026-07-30 14:47:22,2026-07-28 00:05:01,2024-10-21 02:05:01
14757368,4230072,1,2026-07-28 09:05:01,2026-07-30 16:05:01,2024-02-24 23:50:00
32873098,4230072,1,2026-06-02 16:05:01,2026-07-30 16:05:01,2026-05-02 15:05:00
670524,4657906,0,,2026-07-30 16:05:01,
4813816,4657906,1,2026-07-30 01:05:01,2026-07-30 16:05:01,2024-02-25 04:00:00
10126551,4657906,16777473,2026-07-30 14:47:22,2026-07-28 23:05:01,2024-10-21 19:05:01
46916731,4657906,1,2026-07-30 05:05:01,2026-07-30 16:05:01,2026-06-24 17:05:01
4813816,3817195,1,2026-07-30 01:05:01,2026-07-30 16:05:01,2024-02-25 04:00:00
27746861,5434121,1,2026-07-29 17:05:01,2026-07-30 16:05:01,2024-10-30 18:05:01
46916731,5434121,1,2026-07-30 05:05:01,2026-07-30 16:05:01,2026-06-24 17:05:01
10126551,5459565,16777473,2026-07-30 14:47:22,2026-07-28 00:05:01,2024-10-21 02:05:01
14315827,5459565,65537,2024-03-08 19:31:00,2026-07-30 16:05:01,2023-10-21 21:57:00
14757368,5459565,1,2026-07-28 09:05:01,2026-07-30 16:05:01,2025-03-22 13:05:01
27746861,5459565,1,2026-07-29 17:05:01,2026-07-30 16:05:01,2024-02-21 14:19:00
4813816,5460006,1,2026-07-30 01:05:01,2026-07-30 16:05:01,2024-02-25 04:00:00
10126551,5460006,16777473,2026-07-30 14:47:22,2026-07-30 01:05:01,2024-10-21 02:05:01
14315827,5460006,65537,2024-03-08 19:31:00,2026-07-30 16:05:01,2023-10-21 21:57:00
46916731,5460006,1,2026-07-30 05:05:01,2026-07-30 16:05:01,2026-06-24 17:05:01
4813816,5541364,1,2026-07-30 01:05:01,2026-07-30 03:05:02,2024-02-25 04:00:00
10126551,5541364,16777473,2026-07-30 14:47:22,2026-07-27 03:05:01,2024-11-04 20:05:01
27746861,5541364,1,2026-07-29 17:05:01,2026-07-30 09:05:01,2024-02-21 14:19:00
46916731,5541364,1,2026-07-30 05:05:01,2026-07-30 12:05:01,2026-06-30 17:05:01
670524,5547853,0,,2026-07-30 16:05:01,
4813816,5547853,1,2026-07-30 01:05:01,2026-07-30 16:05:01,2024-02-25 04:00:00
10008096,5547853,1,2026-06-20 12:05:01,2026-07-30 16:05:01,2024-02-07 09:47:00
10126551,5547853,16777473,2026-07-30 14:47:22,2026-07-28 04:05:01,2024-10-21 02:05:01
46916731,5547853,1,2026-07-30 05:05:01,2026-07-30 16:05:01,2026-06-24 17:05:01
10126551,5785691,16777473,2026-07-30 14:47:22,2026-07-28 05:05:01,2024-11-01 18:05:01
14315827,5785691,65537,2024-03-08 19:31:00,2026-07-30 16:05:01,2023-10-21 21:57:00
27746861,5785691,1,2026-07-29 17:05:01,2026-07-30 16:05:01,2024-03-12 12:31:00
46916731,5785691,1,2026-07-30 05:05:01,2026-07-30 16:05:01,2026-06-30 17:05:01
7664177,5791703,1,2026-07-30 00:05:01,2026-07-30 16:05:01,2024-02-24 03:15:00
10008096,5791703,1,2026-06-20 12:05:01,2026-07-30 16:05:01,2024-02-07 09:47:00
10126551,5791703,16777473,2026-07-30 14:47:22,2026-07-30 05:05:01,2024-10-21 19:05:01
46916731,5791703,1,2026-07-30 05:05:01,2026-07-30 16:05:01,2026-06-24 17:05:01
5220206,5873531,0,,2026-07-30 16:05:01,
10126551,5873531,16777473,2026-07-30 14:47:22,2026-07-10 10:05:01,2024-11-01 18:05:01
27746861,5873531,1,2026-07-29 17:05:01,2026-07-29 16:05:01,2024-03-12 12:31:00
10126551,5907826,16777473,2026-07-30 14:47:22,2026-07-28 05:05:01,2024-11-01 18:05:01
14315827,5907826,65537,2024-03-08 19:31:00,2026-07-30 16:05:01,2023-10-21 21:57:00
27746861,5907826,1,2026-07-29 17:05:01,2026-07-30 16:05:01,2024-03-12 12:31:00
46916731,5907826,1,2026-07-30 05:05:01,2026-07-30 15:05:01,2026-06-30 17:05:01
10126551,5910652,16777473,2026-07-30 14:47:22,2026-07-28 04:05:01,2024-11-01 18:05:01
27746861,5910652,1,2026-07-29 17:05:01,2026-07-30 12:05:01,2024-02-21 14:19:00
46916731,5910652,1,2026-07-30 05:05:01,2026-07-30 12:05:01,2026-06-30 17:05:01
10008096,5961921,1,2026-06-20 12:05:01,2026-07-27 18:05:01,2024-02-07 09:47:00
10126551,5961921,16777473,2026-07-30 14:47:22,2026-07-10 10:05:01,2024-10-21 19:05:01
27746861,5961921,1,2026-07-29 17:05:01,2026-07-29 16:05:01,2024-02-21 14:19:00
46916731,5961921,1,2026-07-30 05:05:01,2026-07-30 00:05:01,2026-06-30 17:05:01
10008096,5976338,1,2026-06-20 12:05:01,2026-07-30 14:05:02,2024-02-07 09:47:00
10126551,5976338,16777473,2026-07-30 14:47:22,2026-07-30 01:05:01,2024-10-21 02:05:01
14757368,5976338,1,2026-07-28 09:05:01,2026-07-30 16:05:01,2024-08-12 23:05:01
32873098,5976338,1,2026-06-02 16:05:01,2026-07-30 16:05:01,2025-06-27 18:05:01
670524,5978504,0,,2026-07-30 16:05:01,
4813816,5978504,1,2026-07-30 01:05:01,2026-07-30 16:05:01,2024-02-25 04:00:00
10126551,5978504,16777473,2026-07-30 14:47:22,2026-07-27 03:05:01,2024-10-21 02:05:01
46916731,5978504,1,2026-07-30 05:05:01,2026-07-30 16:05:01,2026-06-24 17:05:01
10126551,6005319,16777473,2026-07-30 14:47:22,2026-07-24 04:05:01,2024-11-04 20:05:01
14315827,6005319,65537,2024-03-08 19:31:00,2026-07-30 16:05:01,2023-10-21 21:57:00
27746861,6005319,1,2026-07-29 17:05:01,2026-07-30 14:05:02,2024-02-21 14:19:00
46916731,6005319,1,2026-07-30 05:05:01,2026-07-30 13:05:01,2024-08-12 18:05:02
670524,6080640,0,,2026-07-30 16:05:01,
10008096,6080640,1,2026-06-20 12:05:01,2026-07-29 12:05:02,2024-02-07 09:47:00
10126551,6080640,16777473,2026-07-30 14:47:22,2026-07-28 06:05:01,2024-10-21 02:05:01
14757368,6080640,1,2026-07-28 09:05:01,2026-07-30 16:05:01,2024-08-12 23:05:01
46916731,6080640,1,2026-07-30 05:05:01,2026-07-30 16:05:01,2026-06-24 17:05:01
10126551,6081994,16777473,2026-07-30 14:47:22,2026-07-30 05:05:01,2024-10-21 02:05:01
14315827,6081994,65537,2024-03-08 19:31:00,2026-07-30 16:05:01,2023-10-21 21:57:00
27746861,6081994,1,2026-07-29 17:05:01,2026-07-30 16:05:01,2024-02-21 14:19:00
46916731,6081994,1,2026-07-30 05:05:01,2026-07-30 16:05:01,2026-06-24 17:05:01
4813816,6112690,1,2026-07-30 01:05:01,2026-07-30 16:05:01,2024-02-25 04:00:00
10126551,6112690,16777473,2026-07-30 14:47:22,2026-07-29 13:05:01,2024-10-21 02:05:01
27746861,6112690,1,2026-07-29 17:05:01,2026-07-30 16:05:01,2024-02-21 14:19:00
27821264,6112690,65537,2024-05-14 14:17:00,2026-07-30 16:05:01,2024-05-14 14:17:00
10126551,6123046,16777473,2026-07-30 14:47:22,2026-07-28 00:05:01,2024-10-21 19:05:01
14315827,6123046,65537,2024-03-08 19:31:00,2026-07-30 16:05:01,2023-10-21 21:57:00
27746861,6123046,1,2026-07-29 17:05:01,2026-07-30 16:05:01,2024-02-21 14:19:00
46916731,6123046,1,2026-07-30 05:05:01,2026-07-30 16:05:01,2026-06-24 17:05:01
4659466,6125893,0,,2026-07-27 03:05:01,
10008096,6125893,1,2026-06-20 12:05:01,2026-07-29 06:05:01,2024-02-07 09:47:00
10126551,6125893,16777473,2026-07-30 14:47:22,2026-07-11 22:05:02,2024-11-04 20:05:01
46916731,6125893,1,2026-07-30 05:05:01,2026-07-29 23:05:01,2026-06-30 17:05:01
10008096,6143319,1,2026-06-20 12:05:01,2026-07-30 16:05:01,2024-02-07 09:47:00
10126551,6143319,16777473,2026-07-30 14:47:22,2026-07-30 05:05:01,2024-10-21 19:05:01
14757368,6143319,1,2026-07-28 09:05:01,2026-07-30 16:05:01,2025-03-22 13:05:01
46916731,6143319,1,2026-07-30 05:05:01,2026-07-30 16:05:01,2026-06-24 04:05:01
10126551,6167159,16777473,2026-07-30 14:47:22,2026-07-10 10:05:01,2024-11-04 20:05:01
27746861,6167159,1,2026-07-29 17:05:01,2026-07-29 16:05:01,2024-03-12 12:31:00
50325130,6167159,1,2026-04-13 11:05:02,2026-07-30 16:05:01,2025-12-29 04:05:01
5842730,6177060,1,2026-07-30 01:05:01,2026-07-30 16:05:01,2025-11-09 15:05:01
10126551,6177060,16777473,2026-07-30 14:47:22,2026-07-10 10:05:01,2024-11-04 20:05:01
14757368,6177060,1,2026-07-28 09:05:01,2026-07-30 16:05:01,2024-02-24 23:50:00
27746861,6177060,1,2026-07-29 17:05:01,2026-07-29 16:05:01,2024-03-12 12:31:00
10126551,6191522,16777473,2026-07-30 14:47:22,2026-07-10 10:05:01,2024-11-04 20:05:01
27746861,6191522,1,2026-07-29 17:05:01,2026-07-29 16:05:01,2024-03-12 12:31:00
10126551,6201107,16777473,2026-07-30 14:47:22,2026-07-28 00:05:01,2024-11-04 20:05:01
14757368,6201107,1,2026-07-28 09:05:01,2026-07-30 16:05:01,2024-02-24 23:50:00
27746861,6201107,1,2026-07-29 17:05:01,2026-07-29 16:05:01,2024-02-21 14:19:00
46916731,6201107,1,2026-07-30 05:05:01,2026-07-29 23:05:01,2026-06-30 17:05:01
10126551,6201119,16777473,2026-07-30 14:47:22,2026-07-10 10:05:01,2024-11-04 20:05:01
27746861,6201119,1,2026-07-29 17:05:01,2026-07-29 16:05:01,2024-02-21 14:19:00
46916731,6201119,1,2026-07-30 05:05:01,2026-07-29 23:05:01,2026-06-30 17:05:01
4813816,6244140,1,2026-07-30 01:05:01,2026-07-30 15:05:01,2024-02-25 04:00:00
10126551,6244140,16777473,2026-07-30 14:47:22,2026-07-28 00:05:01,2024-10-21 02:05:01
14315827,6244140,65537,2024-03-08 19:31:00,2026-07-30 16:05:01,2023-10-21 21:57:00
46916731,6244140,1,2026-07-30 05:05:01,2026-07-30 16:05:01,2026-06-24 17:05:01
5842730,6255105,1,2026-07-30 01:05:01,2026-07-30 16:05:01,2025-11-09 15:05:01
10126551,6255105,16777473,2026-07-30 14:47:22,2026-07-10 10:05:01,2024-11-04 20:05:01
14315827,6255105,65537,2024-03-08 19:31:00,2026-07-30 16:05:01,2023-10-21 21:57:00
27746861,6255105,1,2026-07-29 17:05:01,2026-07-29 16:05:01,2024-02-21 14:19:00
4659466,6261551,0,,2026-07-27 03:05:01,
10126551,6261551,16777473,2026-07-30 14:47:22,2026-07-22 00:05:01,2024-11-04 20:05:01
27746861,6261551,1,2026-07-29 17:05:01,2026-07-29 16:05:01,2024-02-21 14:19:00
46916731,6261551,1,2026-07-30 05:05:01,2026-07-29 23:05:01,2026-06-30 17:05:01
4813816,6273565,1,2026-07-30 01:05:01,2026-07-30 16:05:01,2024-02-25 04:00:00
7664177,6273565,1,2026-07-30 00:05:01,2026-07-30 16:05:01,2024-02-24 03:15:00
10126551,6273565,16777473,2026-07-30 14:47:22,2026-07-30 05:05:01,2024-10-21 02:05:01
46916731,6273565,1,2026-07-30 05:05:01,2026-07-30 16:05:01,2026-06-24 17:05:01
10126551,6273716,16777473,2026-07-30 14:47:22,2026-07-10 10:05:01,2024-10-21 02:05:01
27746861,6273716,1,2026-07-29 17:05:01,2026-07-29 16:05:01,2024-02-21 14:19:00
46916731,6273716,1,2026-07-30 05:05:01,2026-07-29 23:05:01,2026-06-30 17:05:01
4813816,6339602,1,2026-07-30 01:05:01,2026-07-30 16:05:01,2024-02-25 04:00:00
10126551,6339602,16777473,2026-07-30 14:47:22,2026-07-28 04:05:01,2024-10-21 19:05:01
14757368,6339602,1,2026-07-28 09:05:01,2026-07-30 16:05:01,2024-08-12 23:05:01
46916731,6339602,1,2026-07-30 05:05:01,2026-07-30 16:05:01,2026-06-24 04:05:01
4813816,6343159,1,2026-07-30 01:05:01,2026-07-30 16:05:01,2024-02-25 04:00:00
10126551,6343159,16777473,2026-07-30 14:47:22,2026-07-28 22:05:01,2024-10-21 19:05:01
27746861,6343159,1,2026-07-29 17:05:01,2026-07-30 16:05:01,2024-02-21 14:19:00
46916731,6343159,1,2026-07-30 05:05:01,2026-07-30 14:05:02,2026-06-24 04:05:01
4813816,6343160,1,2026-07-30 01:05:01,2026-07-30 04:05:01,2024-02-25 04:00:00
7664177,6343160,1,2026-07-30 00:05:01,2026-07-30 13:05:01,2024-02-24 03:15:00
10126551,6343160,16777473,2026-07-30 14:47:22,2026-07-28 21:05:01,2024-10-21 02:05:01
46916731,6343160,1,2026-07-30 05:05:01,2026-07-30 14:05:02,2026-06-24 17:05:01
4813816,6346630,1,2026-07-30 01:05:01,2026-07-30 12:05:01,2025-06-02 02:05:01
10126551,6346630,16777473,2026-07-30 14:47:22,2026-07-28 23:05:01,2024-11-04 20:05:01
27746861,6346630,1,2026-07-29 17:05:01,2026-07-30 16:05:01,2024-02-21 14:19:00
46916731,6346630,1,2026-07-30 05:05:01,2026-07-30 16:05:01,2026-06-30 17:05:01
4813816,6358175,1,2026-07-30 01:05:01,2026-07-10 11:05:01,2024-02-25 04:00:00
5220206,6358175,0,,2026-07-30 16:05:01,
10126551,6358175,16777473,2026-07-30 14:47:22,2026-07-10 10:05:01,2024-11-04 20:05:01
27746861,6358175,1,2026-07-29 17:05:01,2026-07-29 16:05:01,2024-02-21 14:19:00
10126551,6379374,16777473,2026-07-30 14:47:22,2026-07-28 21:05:01,2024-10-21 02:05:01
27746861,6379374,1,2026-07-29 17:05:01,2026-07-30 16:05:01,2024-02-21 14:19:00
46916731,6379374,1,2026-07-30 05:05:01,2026-07-30 16:05:01,2026-06-24 17:05:01
50325130,6379374,1,2026-04-13 11:05:02,2026-07-30 16:05:01,2026-01-12 11:05:01
4813816,6467809,1,2026-07-30 01:05:01,2026-07-30 05:05:01,2024-02-25 04:00:00
10126551,6467809,16777473,2026-07-30 14:47:22,2026-07-30 04:05:01,2024-11-04 20:05:01
27746861,6467809,1,2026-07-29 17:05:01,2026-07-30 06:05:01,2024-02-21 14:19:00
46916731,6467809,1,2026-07-30 05:05:01,2026-07-30 06:05:01,2026-06-30 17:05:01
4813816,6475219,1,2026-07-30 01:05:01,2026-07-30 16:05:01,2024-02-25 04:00:00
10126551,6475219,16777473,2026-07-30 14:47:22,2026-07-28 23:05:01,2024-11-04 20:05:01
27746861,6475219,1,2026-07-29 17:05:01,2026-07-30 16:05:01,2024-03-13 19:50:00
46916731,6475219,1,2026-07-30 05:05:01,2026-07-30 16:05:01,2026-06-24 04:05:01
4813816,6475613,1,2026-07-30 01:05:01,2026-07-30 16:05:01,2024-02-25 04:00:00
10126551,6475613,16777473,2026-07-30 14:47:22,2026-07-30 05:05:01,2024-11-04 20:05:01
27746861,6475613,1,2026-07-29 17:05:01,2026-07-30 16:05:01,2024-02-21 14:19:00
46916731,6475613,1,2026-07-30 05:05:01,2026-07-30 16:05:01,2026-06-24 17:05:01
4813816,6492894,1,2026-07-30 01:05:01,2026-07-10 11:05:01,2024-02-29 04:00:00
10126551,6492894,16777473,2026-07-30 14:47:22,2026-07-10 10:05:01,2024-11-04 20:05:01
27746861,6492894,1,2026-07-29 17:05:01,2026-07-29 16:05:01,2024-03-12 12:31:00
4813816,6548979,1,2026-07-30 01:05:01,2026-07-21 02:05:01,2024-07-31 14:59:47
10126551,6548979,16777473,2026-07-30 14:47:22,2026-07-10 10:05:01,2024-12-07 15:05:01
4813816,6553514,1,2026-07-30 01:05:01,2026-07-30 15:05:01,2024-07-31 14:56:42
10126551,6553514,16777473,2026-07-30 14:47:22,2026-07-30 01:05:01,2025-01-27 16:05:01
14757368,6553514,1,2026-07-28 09:05:01,2026-07-30 16:05:01,2025-03-22 13:05:01
46916731,6553514,1,2026-07-30 05:05:01,2026-07-30 14:05:02,2026-06-24 04:05:01
4813816,6553640,1,2026-07-30 01:05:01,2026-07-25 05:05:01,2026-03-14 02:05:02
10008096,6553640,1,2026-06-20 12:05:01,2026-07-18 04:05:01,2024-09-22 11:05:01
10126551,6553640,16777473,2026-07-30 14:47:22,2026-07-26 02:05:01,2025-01-27 16:05:01
14757368,6553640,1,2026-07-28 09:05:01,2026-07-30 16:05:01,2025-03-22 13:05:01
4813816,6557925,1,2026-07-30 01:05:01,2026-07-19 06:05:01,2024-08-04 06:47:01
10126551,6557925,16777473,2026-07-30 14:47:22,2026-07-10 10:05:01,2025-01-27 16:05:01
46916731,6557925,1,2026-07-30 05:05:01,2026-07-29 23:05:01,2026-06-30 17:05:01
4813816,6563881,1,2026-07-30 01:05:01,2026-07-10 11:05:01,2024-08-18 17:13:20
10126551,6563881,16777473,2026-07-30 14:47:22,2026-07-10 10:05:01,2024-11-11 06:05:01
27746861,6563881,1,2026-07-29 17:05:01,2026-07-29 16:05:01,2024-10-30 18:05:01
6822160,6619481,0,,2026-07-03 20:05:01,
8381475,6619481,0,,2026-07-30 16:05:01,
10126551,6619481,16777473,2026-07-30 14:47:22,2026-07-10 10:05:01,2024-12-26 11:05:01
4659466,6624729,0,,2026-07-27 03:05:01,
4813816,6624729,1,2026-07-30 01:05:01,2026-07-29 04:05:01,2025-01-05 19:18:56
10126551,6624729,16777473,2026-07-30 14:47:22,2026-07-29 04:05:01,2025-01-15 09:05:01
46916731,6624729,1,2026-07-30 05:05:01,2026-07-30 07:05:01,2026-06-30 17:05:01
4659466,6625328,0,,2026-07-27 03:05:01,
4813816,6625328,1,2026-07-30 01:05:01,2026-07-24 08:05:01,2025-01-07 21:23:14
10126551,6625328,16777473,2026-07-30 14:47:22,2026-07-10 10:05:01,2025-01-15 09:05:01
46916731,6625328,1,2026-07-30 05:05:01,2026-07-29 23:05:01,2026-06-30 17:05:01
4813816,6627513,1,2026-07-30 01:05:01,2026-07-30 12:05:01,2025-01-11 13:53:13
10126551,6627513,16777473,2026-07-30 14:47:22,2026-07-17 12:05:01,2025-01-15 09:05:01
46916731,6627513,1,2026-07-30 05:05:01,2026-07-30 16:05:01,2026-06-24 04:05:01
50325130,6627513,1,2026-04-13 11:05:02,2026-07-30 16:05:01,2026-01-12 11:05:01
10126551,6771134,16777473,2026-07-30 14:47:22,2026-07-30 04:05:01,2025-11-11 11:05:01
46916731,6771134,1,2026-07-30 05:05:01,2026-07-30 13:05:01,2026-06-30 17:05:01
10126551,6771135,16777473,2026-07-30 14:47:22,2026-07-30 16:05:01,2025-11-11 11:05:01
46916731,6771135,1,2026-07-30 05:05:01,2026-07-30 14:05:02,2026-06-24 17:05:01
10126551,6779452,16777473,2026-07-30 14:47:22,2026-07-27 03:05:01,2025-11-28 17:05:01
27746861,6779452,1,2026-07-29 17:05:01,2026-07-30 04:05:01,2026-03-08 17:05:01
46916731,6779452,1,2026-07-30 05:05:01,2026-07-30 04:05:01,2026-06-24 04:05:01
10126551,6791034,16777473,2026-07-30 14:47:22,2026-07-10 10:05:01,2025-12-22 11:05:01
27746861,6791034,1,2026-07-29 17:05:01,2026-07-29 16:05:01,2026-03-08 17:05:01
4813816,6791290,1,2026-07-30 01:05:01,2026-07-17 02:05:01,2025-12-23 02:05:01
10126551,6791290,16777473,2026-07-30 14:47:22,2026-07-10 10:05:01,2026-01-31 08:05:01
46916731,6791290,1,2026-07-30 05:05:01,2026-07-29 23:05:01,2026-06-30 17:05:01
10126551,6821978,16777473,2026-07-30 14:47:22,2026-07-29 04:05:01,2026-02-25 12:05:01
27746861,6821978,1,2026-07-29 17:05:01,2026-07-30 16:05:01,2026-03-08 17:05:01
32873098,6821978,1,2026-06-02 16:05:01,2026-07-30 16:05:01,2026-04-12 21:05:01
46916731,6821978,1,2026-07-30 05:05:01,2026-07-30 16:05:01,2026-06-24 04:05:01
670524,3646897,0,,2026-07-30 16:05:01,
10126551,3646897,16777473,2026-07-30 14:47:22,2026-07-28 00:05:01,2024-10-21 02:05:01
14757368,3646897,1,2026-07-28 09:05:01,2026-07-30 16:05:01,2024-02-24 23:50:00
32873098,3646897,1,2026-06-02 16:05:01,2026-07-30 16:05:01,2026-04-12 21:05:01
46916731,3646897,1,2026-07-30 05:05:01,2026-07-30 16:05:01,2026-06-24 17:05:01
4813816,2876240,1,2026-07-30 01:05:01,2026-07-30 16:05:01,2024-02-25 04:00:00
10126551,2876240,16777473,2026-07-30 14:47:22,2026-07-29 13:05:01,2024-10-21 02:05:01
14315827,2876240,65537,2024-03-08 19:31:00,2026-07-30 16:05:01,2023-10-21 21:57:00
46916731,2876240,1,2026-07-30 05:05:01,2026-07-30 16:05:01,2026-06-24 17:05:01
670524,5339650,1,2026-03-11 10:26:57,2026-07-30 16:05:01,2025-04-08 02:21:23
10126551,5339650,16777473,2026-07-30 14:47:22,2026-07-23 10:05:01,2024-10-21 02:05:01
14315827,5339650,65537,2024-03-08 19:31:00,2026-07-30 16:05:01,2023-10-21 21:57:00
27746861,5339650,1,2026-07-29 17:05:01,2026-07-30 16:05:01,2024-02-21 14:19:00
32873098,5339650,1,2026-06-02 16:05:01,2026-07-30 16:05:01,2026-04-12 21:05:01
4813816,4449719,1,2026-07-30 01:05:01,2026-07-30 16:05:01,2024-02-25 04:00:00
10126551,4449719,16777473,2026-07-30 14:47:22,2026-07-28 00:05:01,2024-10-21 02:05:01
14315827,4449719,65537,2024-03-08 19:31:00,2026-07-30 16:05:01,2023-10-21 21:57:00
14757368,4449719,1,2026-07-28 09:05:01,2026-07-30 16:05:01,2025-03-22 13:05:01
670524,3633583,0,,2026-07-30 16:05:01,
10126551,3633583,16777473,2026-07-30 14:47:22,2026-07-28 00:05:01,2024-10-21 19:05:01
14757368,3633583,1,2026-07-28 09:05:01,2026-07-30 16:05:01,2024-02-24 23:50:00
32873098,3633583,1,2026-06-02 16:05:01,2026-07-30 16:05:01,2026-04-12 21:05:01
46916731,3633583,1,2026-07-30 05:05:01,2026-07-30 16:05:01,2026-06-24 04:05:01
4813816,5828475,1,2026-07-30 01:05:01,2026-07-30 16:05:01,2024-02-25 04:00:00
10126551,5828475,16777473,2026-07-30 14:47:22,2026-07-28 00:05:01,2024-10-21 02:05:01
14315827,5828475,65537,2024-03-08 19:31:00,2026-07-30 16:05:01,2023-10-21 21:57:00
14757368,5828475,1,2026-07-28 09:05:01,2026-07-30 16:05:01,2025-03-22 13:05:01
4813816,5537442,1,2026-07-30 01:05:01,2026-07-30 16:05:01,2024-02-25 04:00:00
10126551,5537442,16777473,2026-07-30 14:47:22,2026-07-30 05:05:01,2024-10-21 02:05:01
14315827,5537442,65537,2024-03-08 19:31:00,2026-07-30 16:05:01,2023-10-21 21:57:00
14757368,5537442,1,2026-07-28 09:05:01,2026-07-30 16:05:01,2024-08-12 23:05:01
4813816,4502414,1,2026-07-30 01:05:01,2026-07-30 16:05:01,2024-02-25 04:00:00
10126551,4502414,16777473,2026-07-30 14:47:22,2026-07-30 05:05:01,2024-10-21 02:05:01
14315827,4502414,65537,2024-03-08 19:31:00,2026-07-30 16:05:01,2023-10-21 21:57:00
14757368,4502414,1,2026-07-28 09:05:01,2026-07-30 16:05:01,2024-08-12 23:05:01
10126551,5950619,16777473,2026-07-30 14:47:22,2026-07-10 10:05:01,2024-10-21 02:05:01
27746861,5950619,1,2026-07-29 17:05:01,2026-07-29 16:05:01,2024-02-21 14:19:00
46916731,5950619,1,2026-07-30 05:05:01,2026-07-29 23:05:01,2026-06-30 17:05:01
10126551,6139064,16777473,2026-07-30 14:47:22,2026-07-10 10:05:01,2024-11-04 20:05:01
27746861,6139064,1,2026-07-29 17:05:01,2026-07-29 16:05:01,2024-03-12 12:31:00
50325130,6139064,1,2026-04-13 11:05:02,2026-07-30 16:05:01,2025-12-29 04:05:01
4813816,6336095,1,2026-07-30 01:05:01,2026-07-28 04:05:01,2024-02-25 04:00:00
10008096,6336095,1,2026-06-20 12:05:01,2026-07-27 19:05:01,2024-02-07 09:47:00
10126551,6336095,16777473,2026-07-30 14:47:22,2026-07-27 02:05:01,2024-10-21 02:05:01
46916731,6336095,1,2026-07-30 05:05:01,2026-07-29 23:05:01,2026-06-30 17:05:01
4659466,6793984,0,,2026-07-27 03:05:01,
10126551,6793984,16777473,2026-07-30 14:47:22,2026-07-26 02:05:01,2026-01-28 23:05:01
27746861,6793984,1,2026-07-29 17:05:01,2026-07-30 16:05:01,2026-02-25 17:05:01
46916731,6793984,1,2026-07-30 05:05:01,2026-07-30 16:05:01,2026-06-30 17:05:01
10126551,5375740,16777473,2026-07-30 14:47:22,2026-07-30 01:05:01,2024-10-21 02:05:01
46916731,5375740,1,2026-07-30 05:05:01,2026-07-30 13:05:01,2026-06-24 17:05:01
50325130,5375740,1,2026-04-13 11:05:02,2026-07-30 16:05:01,2026-01-12 11:05:01
670524,3651840,0,,2026-07-30 16:05:01,
10126551,3651840,16777473,2026-07-30 14:47:22,2026-07-28 00:05:01,2024-10-21 19:05:01
14757368,3651840,1,2026-07-28 09:05:01,2026-07-30 16:05:01,2024-02-24 23:50:00
46916731,3651840,1,2026-07-30 05:05:01,2026-07-30 16:05:01,2026-06-24 17:05:01
4813816,3409202,1,2026-07-30 01:05:01,2026-07-30 16:05:01,2024-02-25 04:00:00
10126551,3409202,16777473,2026-07-30 14:47:22,2026-07-28 00:05:01,2024-10-21 19:05:01
14757368,3409202,1,2026-07-28 09:05:01,2026-07-30 16:05:01,2024-02-24 23:50:00
32873098,3409202,1,2026-06-02 16:05:01,2026-07-30 16:05:01,2026-05-02 15:05:00
10126551,4345399,16777473,2026-07-30 14:47:22,2026-07-30 05:05:01,2024-10-21 02:05:01
10126551,3817195,16777473,2026-07-30 14:47:22,2026-07-28 00:05:01,2024-10-21 19:05:01
14757368,3817195,1,2026-07-28 09:05:01,2026-07-30 16:05:01,2024-02-24 23:50:00
32873098,3817195,1,2026-06-02 16:05:01,2026-07-30 16:05:01,2026-05-02 15:05:00
10126551,3739945,16777473,2026-07-30 14:47:22,2026-07-28 00:05:01,2024-10-21 02:05:01
14757368,3739945,1,2026-07-28 09:05:01,2026-07-30 16:05:01,2024-02-24 23:50:00
27746861,3739945,1,2026-07-29 17:05:01,2026-07-30 16:05:01,2024-02-21 14:19:00
32873098,3739945,1,2026-06-02 16:05:01,2026-07-30 16:05:01,2026-05-02 15:05:00
670524,5567686,0,,2026-07-30 16:05:01,
4813816,5567686,1,2026-07-30 01:05:01,2026-07-30 16:05:01,2024-02-25 04:00:00
10126551,5567686,16777473,2026-07-30 14:47:22,2026-07-28 00:05:01,2024-10-21 02:05:01
32873098,5567686,1,2026-06-02 16:05:01,2026-07-30 16:05:01,2026-04-12 21:05:01
46916731,5567686,1,2026-07-30 05:05:01,2026-07-30 16:05:01,2026-06-24 17:05:01
10008096,4783771,1,2026-06-20 12:05:01,2026-07-30 16:05:01,2024-02-07 09:47:00
10126551,4783771,16777473,2026-07-30 14:47:22,2026-07-30 05:05:01,2024-10-21 19:05:01
14757368,4783771,1,2026-07-28 09:05:01,2026-07-30 16:05:01,2025-03-22 13:05:01
27746861,4783771,1,2026-07-29 17:05:01,2026-07-30 16:05:01,2024-02-21 14:19:00
10126551,4680343,16777473,2026-07-30 14:47:22,2026-07-28 04:05:01,2024-10-21 02:05:01
14315827,4680343,65537,2024-03-08 19:31:00,2026-07-30 16:05:01,2023-10-21 21:57:00
27746861,4680343,1,2026-07-29 17:05:01,2026-07-30 16:05:01,2024-02-21 14:19:00
46916731,4680343,1,2026-07-30 05:05:01,2026-07-30 16:05:01,2026-06-24 17:05:01
4813816,5800680,1,2026-07-30 01:05:01,2026-07-30 16:05:01,2024-02-25 04:00:00
10126551,5800680,16777473,2026-07-30 14:47:22,2026-07-30 09:05:01,2024-10-21 02:05:01
46916731,5800680,1,2026-07-30 05:05:01,2026-07-30 16:05:01,2026-06-24 17:05:01
670524,5420432,0,,2026-07-30 16:05:01,
10008096,5420432,1,2026-06-20 12:05:01,2026-07-30 16:05:01,2024-02-07 09:47:00
10126551,5420432,16777473,2026-07-30 14:47:22,2026-07-30 04:05:01,2024-10-21 02:05:01
46916731,5420432,1,2026-07-30 05:05:01,2026-07-30 16:05:01,2026-06-24 17:05:01
5220206,6156977,0,,2026-07-30 16:05:01,
10126551,6156977,16777473,2026-07-30 14:47:22,2026-07-28 00:05:01,2024-10-21 19:05:01
27746861,6156977,1,2026-07-29 17:05:01,2026-07-30 16:05:01,2024-02-21 14:19:00
46916731,6156977,1,2026-07-30 05:05:01,2026-07-30 16:05:01,2026-06-30 17:05:01
4813816,6216695,1,2026-07-30 01:05:01,2026-07-30 16:05:01,2024-02-25 04:00:00
10126551,6216695,16777473,2026-07-30 14:47:22,2026-07-30 05:05:01,2024-10-21 02:05:01
14757368,6216695,1,2026-07-28 09:05:01,2026-07-30 16:05:01,2025-03-22 13:05:01
4813816,6230506,1,2026-07-30 01:05:01,2026-07-30 12:05:01,2024-02-25 04:00:00
10126551,6230506,16777473,2026-07-30 14:47:22,2026-07-28 07:05:01,2024-11-04 20:05:01
14315827,6230506,65537,2024-03-08 19:31:00,2026-07-30 16:05:01,2023-10-21 21:57:00
46916731,6230506,1,2026-07-30 05:05:01,2026-07-30 16:05:01,2026-06-24 04:05:01
10008096,5260555,1,2026-06-20 12:05:01,2026-07-30 14:05:02,2024-02-07 09:47:00
10126551,5260555,16777473,2026-07-30 14:47:22,2026-07-28 04:05:01,2024-10-21 02:05:01
27746861,5260555,1,2026-07-29 17:05:01,2026-07-30 16:05:01,2024-02-21 14:19:00
46916731,5260555,1,2026-07-30 05:05:01,2026-07-30 15:05:01,2026-06-24 17:05:01
10126551,6075349,16777473,2026-07-30 14:47:22,2026-07-26 02:05:01,2024-10-21 19:05:01
14315827,6075349,65537,2024-03-08 19:31:00,2026-07-30 16:05:01,2023-10-21 21:57:00
27746861,6075349,1,2026-07-29 17:05:01,2026-07-30 11:05:01,2024-02-21 14:19:00
46916731,6075349,1,2026-07-30 05:05:01,2026-07-30 16:05:01,2026-06-30 17:05:01
10008096,5083264,1,2026-06-20 12:05:01,2026-07-30 05:05:01,2024-02-07 09:47:00
10126551,5083264,16777473,2026-07-30 14:47:22,2026-07-30 04:05:01,2024-10-21 02:05:01
14757368,5083264,1,2026-07-28 09:05:01,2026-07-30 16:05:01,2025-03-22 13:05:01
27746861,5083264,1,2026-07-29 17:05:01,2026-07-30 16:05:01,2024-02-21 14:19:00
4813816,5373478,1,2026-07-30 01:05:01,2026-07-30 16:05:01,2024-02-25 04:00:00
10126551,5373478,16777473,2026-07-30 14:47:22,2026-07-30 05:05:01,2024-10-21 02:05:01
14315827,5373478,65537,2024-03-08 19:31:00,2026-07-30 16:05:01,2023-10-21 21:57:00
14757368,5373478,1,2026-07-28 09:05:01,2026-07-30 16:05:01,2024-08-12 23:05:01
4813816,5591783,1,2026-07-30 01:05:01,2026-07-30 16:05:01,2024-02-25 04:00:00
10126551,5591783,16777473,2026-07-30 14:47:22,2026-07-28 04:05:01,2024-10-21 02:05:01
14315827,5591783,65537,2024-03-08 19:31:00,2026-07-30 16:05:01,2023-10-21 21:57:00
46916731,5591783,1,2026-07-30 05:05:01,2026-07-30 16:05:01,2026-06-24 17:05:01
4813816,5623608,1,2026-07-30 01:05:01,2026-07-30 12:05:01,2024-02-25 04:00:00
10126551,5623608,16777473,2026-07-30 14:47:22,2026-07-28 09:05:01,2024-10-21 02:05:01
14315827,5623608,65537,2024-03-08 19:31:00,2026-07-30 16:05:01,2023-10-21 21:57:00
46916731,5623608,1,2026-07-30 05:05:01,2026-07-30 16:05:01,2026-06-24 17:05:01
4813816,5928006,1,2026-07-30 01:05:01,2026-07-10 11:05:01,2024-02-25 04:00:00
10126551,5928006,16777473,2026-07-30 14:47:22,2026-07-10 10:05:01,2024-11-04 20:05:01
27746861,5928006,1,2026-07-29 17:05:01,2026-07-29 16:05:01,2024-02-21 14:19:00
10008096,5945259,1,2026-06-20 12:05:01,2026-07-29 10:05:02,2024-02-07 09:47:00
10126551,5945259,16777473,2026-07-30 14:47:22,2026-07-28 00:05:01,2024-10-21 19:05:01
14757368,5945259,1,2026-07-28 09:05:01,2026-07-30 16:05:01,2024-02-24 23:50:00
46916731,5945259,1,2026-07-30 05:05:01,2026-07-30 16:05:01,2024-08-12 18:05:02
4813816,6080465,1,2026-07-30 01:05:01,2026-07-10 10:05:01,2024-02-25 04:00:00
10126551,6080465,16777473,2026-07-30 14:47:22,2026-07-10 10:05:01,2024-11-04 20:05:01
14757368,6080465,1,2026-07-28 09:05:01,2026-07-30 16:05:01,2024-02-24 23:50:00
46916731,6080465,1,2026-07-30 05:05:01,2026-07-29 23:05:01,2024-08-12 18:05:02
10008096,6144177,1,2026-06-20 12:05:01,2026-07-28 12:05:01,2024-02-07 09:47:00
10126551,6144177,16777473,2026-07-30 14:47:22,2026-07-28 04:05:01,2024-11-04 20:05:01
27746861,6144177,1,2026-07-29 17:05:01,2026-07-30 16:05:01,2024-02-21 14:19:00
670524,6202605,1,2026-03-11 10:26:57,2026-07-30 16:05:01,2025-03-30 02:05:01
4813816,6202605,1,2026-07-30 01:05:01,2026-07-29 06:05:01,2024-02-25 04:00:00
10126551,6202605,16777473,2026-07-30 14:47:22,2026-07-26 03:05:01,2024-11-04 20:05:01
14757368,6202605,1,2026-07-28 09:05:01,2026-07-30 16:05:01,2024-02-24 23:50:00
4813816,6450495,1,2026-07-30 01:05:01,2026-07-30 16:05:01,2024-02-25 04:00:00
10126551,6450495,16777473,2026-07-30 14:47:22,2026-07-30 04:05:01,2024-11-04 20:05:01
27746861,6450495,1,2026-07-29 17:05:01,2026-07-30 16:05:01,2024-03-09 19:06:00
27821264,6450495,65537,2024-05-14 14:17:00,2026-07-30 16:05:01,2024-05-14 14:17:00
4813816,6467184,1,2026-07-30 01:05:01,2026-07-28 11:05:02,2024-02-25 04:00:00
10126551,6467184,16777473,2026-07-30 14:47:22,2026-07-27 02:05:01,2024-11-04 20:05:01
27746861,6467184,1,2026-07-29 17:05:01,2026-07-30 12:05:01,2024-02-21 14:19:00
46916731,6467184,1,2026-07-30 05:05:01,2026-07-30 11:05:01,2026-06-30 17:05:01
4813816,6518163,1,2026-07-30 01:05:01,2026-07-12 06:05:01,2024-05-24 03:00:00
10126551,6518163,16777473,2026-07-30 14:47:22,2026-07-12 05:05:02,2024-11-04 20:05:01
27746861,6518163,1,2026-07-29 17:05:01,2026-07-29 16:05:01,2024-05-23 18:53:54
46916731,6518163,1,2026-07-30 05:05:01,2026-07-29 23:05:01,2026-06-30 17:05:01
4813816,6567114,1,2026-07-30 01:05:01,2026-07-30 12:05:01,2024-08-27 20:04:50
10126551,6567114,16777473,2026-07-30 14:47:22,2026-07-29 23:05:01,2025-01-27 16:05:01
46916731,6567114,1,2026-07-30 05:05:01,2026-07-30 16:05:01,2026-06-24 17:05:01
50325130,6567114,1,2026-04-13 11:05:02,2026-07-30 16:05:01,2025-12-29 04:05:01
10126551,6617309,16777473,2026-07-30 14:47:22,2026-07-30 01:05:01,2025-01-27 16:05:01
14315827,6617309,0,,2026-07-30 16:05:01,
46916731,6617309,1,2026-07-30 05:05:01,2026-07-30 16:05:01,2026-06-24 17:05:01
10126551,6637101,16777473,2026-07-30 14:47:22,2026-07-10 10:05:01,2025-01-29 07:05:01
27746861,6637101,1,2026-07-29 17:05:01,2026-07-29 16:05:01,2026-02-25 17:05:01
670524,6759460,0,,2026-07-30 16:05:01,
10126551,6759460,16777473,2026-07-30 14:47:22,2026-07-10 10:05:01,2026-01-28 23:05:01
27746861,6759460,1,2026-07-29 17:05:01,2026-07-29 16:05:01,2025-11-10 17:05:01
10126551,6197890,16777473,2026-07-30 14:47:22,2026-07-28 23:05:01,2024-10-21 19:05:01
14315827,6197890,65537,2024-03-08 19:31:00,2026-07-30 16:05:01,2023-10-21 21:57:00
14757368,6197890,1,2026-07-28 09:05:01,2026-07-30 16:05:01,2025-03-22 13:05:01
46916731,6197890,1,2026-07-30 05:05:01,2026-07-30 16:05:01,2026-06-24 17:05:01
5220206,6313300,0,,2026-07-30 16:05:01,
10126551,6313300,16777473,2026-07-30 14:47:22,2026-07-10 10:05:01,2024-11-04 20:05:01
27746861,6313300,1,2026-07-29 17:05:01,2026-07-30 08:05:01,2024-02-21 14:19:00
4813816,6831665,1,2026-07-30 01:05:01,2026-07-27 03:05:01,2026-03-18 02:05:01
10126551,6831665,16777473,2026-07-30 14:47:22,2026-07-27 03:05:01,2026-04-13 17:35:26
46916731,6831665,1,2026-06-23 03:05:01,2026-06-24 05:05:01,2026-06-19 00:05:01
4813816,6844139,1,2026-07-30 01:05:01,2026-07-20 05:05:01,2026-04-12 01:05:01
10126551,6844139,16777473,2026-07-30 14:47:22,2026-07-20 05:05:01,2026-05-17 20:05:02
46916731,6844139,1,2026-06-23 03:05:01,2026-06-21 10:05:01,2026-06-19 00:05:01
4813816,6867145,1,2026-07-30 01:05:01,2026-07-11 01:05:01,2026-06-06 01:05:01
10126551,6867145,16777473,2026-07-30 14:47:22,2026-07-11 02:05:01,2026-07-10 20:05:01
46916731,6867145,1,2026-06-23 03:05:01,2026-06-24 04:05:01,2026-06-19 00:05:01
4813816,6262009,1,2026-07-30 01:05:01,2026-07-30 01:05:01,2024-02-25 04:00:00
7664177,6262009,1,2026-07-30 00:05:01,2026-07-30 11:05:01,2024-02-24 03:15:00
10126551,6262009,16777473,2026-07-30 14:47:22,2026-07-28 00:05:01,2024-11-04 20:05:01
46916731,6262009,1,2026-07-30 05:05:01,2026-07-30 16:05:01,2026-06-24 04:05:01
5842730,6381472,1,2026-07-30 01:05:01,2026-07-30 16:05:01,2025-11-09 15:05:01
10126551,6381472,16777473,2026-07-30 14:47:22,2026-07-10 10:05:01,2024-11-01 18:05:01
27746861,6381472,1,2026-07-29 17:05:01,2026-07-29 16:05:01,2024-03-12 12:31:00
4813816,5383433,1,2026-07-30 01:05:01,2026-07-30 16:05:01,2024-02-25 04:00:00
10126551,5383433,16777473,2026-07-30 14:47:22,2026-07-30 05:05:01,2024-10-21 02:05:01
14315827,5383433,65537,2024-03-08 19:31:00,2026-07-30 16:05:01,2023-10-21 21:57:00
46916731,5383433,1,2026-07-30 05:05:01,2026-07-30 16:05:01,2026-06-24 17:05:01
670524,4554272,0,,2026-07-30 16:05:01,
10126551,4554272,16777473,2026-07-30 14:47:22,2026-07-28 00:05:01,2024-10-21 02:05:01
14757368,4554272,1,2026-07-28 09:05:01,2026-07-30 16:05:01,2025-03-22 13:05:01
27746861,4554272,1,2026-07-29 17:05:01,2026-07-30 16:05:01,2024-02-21 14:19:00
46916731,4554272,1,2026-07-30 05:05:01,2026-07-30 16:05:01,2024-08-12 18:05:02
4813816,5564688,1,2026-07-30 01:05:01,2026-07-30 16:05:01,2024-02-25 04:00:00
10126551,5564688,16777473,2026-07-30 14:47:22,2026-07-30 00:05:01,2024-10-21 02:05:01
14315827,5564688,65537,2024-03-08 19:31:00,2026-07-30 16:05:01,2023-10-21 21:57:00
14757368,5564688,1,2026-07-28 09:05:01,2026-07-30 16:05:01,2025-03-22 13:05:01
670524,5226359,0,,2026-07-30 16:05:01,
10126551,5226359,16777473,2026-07-30 14:47:22,2026-07-30 05:05:01,2024-10-21 02:05:01
14315827,5226359,65537,2024-03-08 19:31:00,2026-07-30 16:05:01,2023-10-21 21:57:00
32873098,5226359,1,2026-06-02 16:05:01,2026-07-30 16:05:01,2026-04-12 21:05:01
4813816,5938962,1,2026-07-30 01:05:01,2026-07-29 08:05:01,2024-02-25 04:00:00
10126551,5938962,16777473,2026-07-30 14:47:22,2026-07-28 05:05:01,2024-10-21 19:05:01
14757368,5938962,1,2026-07-28 09:05:01,2026-07-30 16:05:01,2024-02-24 23:50:00
46916731,5938962,1,2026-07-30 05:05:01,2026-07-30 07:05:01,2024-08-12 18:05:02
4813816,6352527,1,2026-07-30 01:05:01,2026-07-30 07:05:01,2024-02-25 04:00:00
10126551,6352527,16777473,2026-07-30 14:47:22,2026-07-28 07:05:01,2024-11-04 20:05:01
27746861,6352527,1,2026-07-29 17:05:01,2026-07-30 11:05:01,2024-02-21 14:19:00
46916731,6352527,1,2026-07-30 05:05:01,2026-07-30 12:05:01,2026-06-30 17:05:01
10126551,5469299,16777473,2026-07-30 14:47:22,2026-07-28 00:05:01,2024-10-21 02:05:01
14315827,5469299,65537,2024-03-08 19:31:00,2026-07-30 16:05:01,2023-10-21 21:57:00
27746861,5469299,1,2026-07-29 17:05:01,2026-07-30 16:05:01,2024-02-21 14:19:00
32873098,5469299,1,2026-06-02 16:05:01,2026-07-30 16:05:01,2026-04-12 21:05:01
670524,6133966,0,,2026-07-30 16:05:01,
10126551,6133966,16777473,2026-07-30 14:47:22,2026-07-28 23:05:01,2024-10-21 02:05:01
14315827,6133966,65537,2024-03-08 19:31:00,2026-07-30 16:05:01,2023-10-21 21:57:00
32873098,6133966,1,2026-06-02 16:05:01,2026-07-30 16:05:01,2026-04-12 21:05:01
46916731,6133966,1,2026-07-30 05:05:01,2026-07-30 16:05:01,2026-06-24 17:05:01
670524,5325202,0,,2026-07-30 16:05:01,
4813816,5325202,1,2026-07-30 01:05:01,2026-07-30 16:05:01,2024-02-25 04:00:00
10008096,5325202,1,2026-06-20 12:05:01,2026-07-29 10:05:02,2024-02-07 09:47:00
10126551,5325202,16777473,2026-07-30 14:47:22,2026-07-28 04:05:01,2024-10-21 02:05:01
46916731,5325202,1,2026-07-30 05:05:01,2026-07-30 16:05:01,2026-06-24 17:05:01
10126551,6154273,16777473,2026-07-30 14:47:22,2026-07-28 00:05:01,2024-11-04 20:05:01
14315827,6154273,65537,2024-03-08 19:31:00,2026-07-30 16:05:01,2023-10-21 21:57:00
27746861,6154273,1,2026-07-29 17:05:01,2026-07-30 14:05:02,2024-02-21 14:19:00
46916731,6154273,1,2026-07-30 05:05:01,2026-07-30 13:05:01,2026-06-30 17:05:01
10126551,6344852,16777473,2026-07-30 14:47:22,2026-07-10 10:05:01,2024-11-04 20:05:01
27746861,6344852,1,2026-07-29 17:05:01,2026-07-29 16:05:01,2024-02-21 14:19:00
4813816,6451980,1,2026-07-30 01:05:01,2026-07-30 02:05:01,2024-02-25 04:00:00
10126551,6451980,16777473,2026-07-30 14:47:22,2026-07-28 05:05:01,2024-11-04 20:05:01
27746861,6451980,1,2026-07-29 17:05:01,2026-07-30 07:05:01,2024-02-21 14:19:00
46916731,6451980,1,2026-07-30 05:05:01,2026-07-30 07:05:01,2026-06-30 17:05:01
4813816,4916870,1,2026-07-30 01:05:01,2026-07-30 16:05:01,2024-02-25 04:00:00
10126551,4916870,16777473,2026-07-30 14:47:22,2026-07-30 03:05:02,2024-10-21 19:05:01
14315827,4916870,65537,2024-03-08 19:31:00,2026-07-30 16:05:01,2023-10-21 21:57:00
46916731,4916870,1,2026-07-30 05:05:01,2026-07-30 16:05:01,2026-06-24 17:05:01
4659466,6745826,0,,2026-07-27 03:05:01,
10126551,6745826,16777473,2026-07-30 14:47:22,2026-07-10 10:05:01,2025-09-17 22:05:01
46916731,6745826,1,2026-07-30 05:05:01,2026-07-29 23:05:01,2026-06-30 17:05:01
670524,3667427,0,,2026-07-30 16:05:01,
4813816,3667427,1,2026-07-30 01:05:01,2026-07-30 16:05:01,2024-02-25 04:00:00
10126551,3667427,16777473,2026-07-30 14:47:22,2026-07-30 01:05:01,2024-10-21 02:05:01
14315827,3667427,65537,2024-03-08 19:31:00,2026-07-30 16:05:01,2023-10-21 21:57:00
46916731,3667427,1,2026-07-30 05:05:01,2026-07-30 16:05:01,2026-06-24 17:05:01
10126551,3894792,16777473,2026-07-30 14:47:22,2026-07-28 00:05:01,2024-10-21 02:05:01
14757368,3894792,1,2026-07-28 09:05:01,2026-07-30 16:05:01,2024-02-24 23:50:00
27746861,3894792,1,2026-07-29 17:05:01,2026-07-30 16:05:01,2024-02-21 14:19:00
32873098,3894792,1,2026-06-02 16:05:01,2026-07-30 16:05:01,2026-05-02 15:05:00
670524,3236026,0,,2026-07-30 16:05:01,
10126551,3236026,16777473,2026-07-30 14:47:22,2026-07-28 00:05:01,2024-10-21 02:05:01
14757368,3236026,1,2026-07-28 09:05:01,2026-07-30 16:05:01,2024-02-24 23:50:00
32873098,3236026,1,2026-06-02 16:05:01,2026-07-30 16:05:01,2026-04-12 21:05:01
46916731,3236026,1,2026-07-30 05:05:01,2026-07-30 16:05:01,2026-06-24 17:05:01
4813816,4214226,1,2026-07-30 01:05:01,2026-07-30 16:05:01,2024-02-25 04:00:00
10126551,4214226,16777473,2026-07-30 14:47:22,2026-07-28 23:05:01,2024-10-21 02:05:01
14757368,4214226,1,2026-07-28 09:05:01,2026-07-30 16:05:01,2024-02-24 23:50:00
46916731,4214226,1,2026-07-30 05:05:01,2026-07-30 16:05:01,2026-06-24 17:05:01
4813816,4307247,1,2026-07-30 01:05:01,2026-07-30 16:05:01,2024-02-25 04:00:00
10126551,4307247,16777473,2026-07-30 14:47:22,2026-07-28 00:05:01,2024-10-21 02:05:01
14757368,4307247,1,2026-07-28 09:05:01,2026-07-30 16:05:01,2024-02-24 23:50:00
32873098,4307247,1,2026-06-02 16:05:01,2026-07-30 16:05:01,2026-05-02 15:05:00
4813816,4000679,1,2026-07-30 01:05:01,2026-07-30 16:05:01,2024-02-25 04:00:00
10126551,4000679,16777473,2026-07-30 14:47:22,2026-07-28 00:05:01,2024-10-21 19:05:01
14315827,4000679,65537,2024-03-08 19:31:00,2026-07-30 16:05:01,2023-10-21 21:57:00
27746861,4000679,1,2026-07-29 17:05:01,2026-07-30 16:05:01,2024-02-21 14:19:00
670524,4265732,0,,2026-07-30 16:05:01,
4813816,4265732,1,2026-07-30 01:05:01,2026-07-30 16:05:01,2024-02-25 04:00:00
10126551,4265732,16777473,2026-07-30 14:47:22,2026-07-28 23:05:01,2024-10-21 19:05:01
14315827,4265732,65537,2024-03-08 19:31:00,2026-07-30 16:05:01,2023-10-21 21:57:00
46916731,4265732,1,2026-07-30 05:05:01,2026-07-30 16:05:01,2026-06-24 04:05:01
4813816,4422741,1,2026-07-30 01:05:01,2026-07-30 16:05:01,2024-02-25 04:00:00
10126551,4422741,16777473,2026-07-30 14:47:22,2026-07-30 04:05:01,2024-10-21 02:05:01
14315827,4422741,65537,2024-03-08 19:31:00,2026-07-30 16:05:01,2023-10-21 21:57:00
14757368,4422741,1,2026-07-28 09:05:01,2026-07-30 16:05:01,2025-03-22 13:05:01
4813816,4317472,1,2026-07-30 01:05:01,2026-07-30 16:05:01,2024-02-25 04:00:00
10126551,4317472,16777473,2026-07-30 14:47:22,2026-07-30 05:05:01,2024-10-21 19:05:01
14315827,4317472,65537,2024-03-08 19:31:00,2026-07-30 16:05:01,2023-10-21 21:57:00
14757368,4317472,1,2026-07-28 09:05:01,2026-07-30 16:05:01,2025-03-22 13:05:01
10126551,4559210,16777473,2026-07-30 14:47:22,2026-07-28 00:05:01,2024-10-21 02:05:01
14315827,4559210,65537,2024-03-08 19:31:00,2026-07-30 16:05:01,2023-10-21 21:57:00
14757368,4559210,1,2026-07-28 09:05:01,2026-07-30 16:05:01,2025-03-22 13:05:01
27746861,4559210,1,2026-07-29 17:05:01,2026-07-30 16:05:01,2024-03-09 19:06:00
670524,4599266,0,,2026-07-30 16:05:01,
10126551,4599266,16777473,2026-07-30 14:47:22,2026-07-28 00:05:01,2024-10-21 02:05:01
14315827,4599266,65537,2024-03-08 19:31:00,2026-07-30 16:05:01,2023-10-21 21:57:00
46916731,4599266,1,2026-07-30 05:05:01,2026-07-30 16:05:01,2026-06-24 17:05:01
670524,4296510,0,,2026-07-30 16:05:01,
10126551,4296510,16777473,2026-07-30 14:47:22,2026-07-26 03:05:01,2024-10-21 02:05:01
27746861,4296510,1,2026-07-29 17:05:01,2026-07-30 16:05:01,2024-02-21 14:19:00
32873098,4296510,1,2026-06-02 16:05:01,2026-07-30 16:05:01,2026-04-12 21:05:01
46916731,4296510,1,2026-07-30 05:05:01,2026-07-30 16:05:01,2026-06-24 17:05:01
4813816,4504680,1,2026-07-30 01:05:01,2026-07-30 16:05:01,2024-02-25 04:00:00
10126551,4504680,16777473,2026-07-30 14:47:22,2026-07-30 05:05:01,2024-10-21 02:05:01
14315827,4504680,65537,2024-03-08 19:31:00,2026-07-30 16:05:01,2023-10-21 21:57:00
14757368,4504680,1,2026-07-28 09:05:01,2026-07-30 16:05:01,2025-03-22 13:05:01
4813816,4648132,1,2026-07-30 01:05:01,2026-07-30 16:05:01,2024-02-25 04:00:00
10126551,4648132,16777473,2026-07-30 14:47:22,2026-07-28 00:05:01,2024-10-21 02:05:01
14757368,4648132,1,2026-07-28 09:05:01,2026-07-30 16:05:01,2025-03-22 13:05:01
46916731,4648132,1,2026-07-30 05:05:01,2026-07-30 16:05:01,2026-06-24 17:05:01
10126551,4192293,16777473,2026-07-30 14:47:22,2026-07-28 00:05:01,2024-10-21 02:05:01
14757368,4192293,1,2026-07-28 09:05:01,2026-07-30 16:05:01,2024-02-24 23:50:00
46916731,4192293,1,2026-07-30 05:05:01,2026-07-30 16:05:01,2026-06-24 17:05:01
50325130,4192293,1,2026-04-13 11:05:02,2026-07-30 16:05:01,2026-01-12 11:05:01
10126551,4665278,16777473,2026-07-30 14:47:22,2026-07-28 00:05:01,2024-10-21 02:05:01
14315827,4665278,65537,2024-03-08 19:31:00,2026-07-30 16:05:01,2023-10-21 21:57:00
14757368,4665278,1,2026-07-28 09:05:01,2026-07-30 16:05:01,2025-03-22 13:05:01
32873098,4665278,1,2026-06-02 16:05:01,2026-07-30 16:05:01,2026-05-02 15:05:00
10126551,4603052,16777473,2026-07-30 14:47:22,2026-07-28 00:05:01,2024-10-21 02:05:01
14315827,4603052,65537,2024-03-08 19:31:00,2026-07-30 16:05:01,2023-10-21 21:57:00
14757368,4603052,1,2026-07-28 09:05:01,2026-07-30 16:05:01,2025-03-22 13:05:01
32873098,4603052,1,2026-06-02 16:05:01,2026-07-30 16:05:01,2026-05-02 15:05:00
670524,4346906,0,,2026-07-30 16:05:01,
4813816,4346906,1,2026-07-30 01:05:01,2026-07-30 16:05:01,2024-02-25 04:00:00
10126551,4346906,16777473,2026-07-30 14:47:22,2026-07-28 23:05:01,2024-10-21 02:05:01
14315827,4346906,65537,2024-03-08 19:31:00,2026-07-30 16:05:01,2023-10-21 21:57:00
46916731,4346906,1,2026-07-30 05:05:01,2026-07-30 16:05:01,2026-06-24 17:05:01
670524,4241842,0,,2026-07-30 16:05:01,
10126551,4241842,16777473,2026-07-30 14:47:22,2026-07-28 00:05:01,2024-10-21 02:05:01
14315827,4241842,65537,2024-03-08 19:31:00,2026-07-30 16:05:01,2023-10-21 21:57:00
27746861,4241842,1,2026-07-29 17:05:01,2026-07-30 16:05:01,2024-02-21 14:19:00
32873098,4241842,1,2026-06-02 16:05:01,2026-07-30 16:05:01,2026-04-12 21:05:01
670524,4709887,0,,2026-07-30 16:05:01,
10126551,4709887,16777473,2026-07-30 14:47:22,2026-07-30 05:05:01,2024-10-21 02:05:01
14315827,4709887,65537,2024-03-08 19:31:00,2026-07-30 16:05:01,2023-10-21 21:57:00
46916731,4709887,1,2026-07-30 05:05:01,2026-07-30 16:05:01,2026-06-24 17:05:01
10126551,4688697,16777473,2026-07-30 14:47:22,2026-07-28 00:05:01,2024-10-21 02:05:01
14757368,4688697,1,2026-07-28 09:05:01,2026-07-30 16:05:01,2025-03-22 13:05:01
46916731,4688697,1,2026-07-30 05:05:01,2026-07-30 16:05:01,2026-06-24 17:05:01
4813816,4538939,1,2026-07-30 01:05:01,2026-07-30 16:05:01,2024-02-25 04:00:00
10126551,4538939,16777473,2026-07-30 14:47:22,2026-07-28 00:05:01,2024-10-21 02:05:01
14315827,4538939,65537,2024-03-08 19:31:00,2026-07-30 16:05:01,2023-10-21 21:57:00
14757368,4538939,1,2026-07-28 09:05:01,2026-07-30 16:05:01,2025-03-22 13:05:01
4813816,4494682,1,2026-07-30 01:05:01,2026-07-30 16:05:01,2024-02-25 04:00:00
10126551,4494682,16777473,2026-07-30 14:47:22,2026-07-28 00:05:01,2024-10-21 02:05:01
14315827,4494682,65537,2024-03-08 19:31:00,2026-07-30 16:05:01,2023-10-21 21:57:00
46916731,4494682,1,2026-07-30 05:05:01,2026-07-30 16:05:01,2026-06-24 17:05:01
670524,4479206,0,,2026-07-30 16:05:01,
10126551,4479206,16777473,2026-07-30 14:47:22,2026-07-28 23:05:01,2024-10-21 02:05:01
14315827,4479206,65537,2024-03-08 19:31:00,2026-07-30 16:05:01,2023-10-21 21:57:00
46916731,4479206,1,2026-07-30 05:05:01,2026-07-30 16:05:01,2026-06-24 17:05:01
10126551,4557709,16777473,2026-07-30 14:47:22,2026-07-30 05:05:01,2024-10-21 02:05:01
14315827,4557709,65537,2024-03-08 19:31:00,2026-07-30 16:05:01,2023-10-21 21:57:00
27746861,4557709,1,2026-07-29 17:05:01,2026-07-30 16:05:01,2024-02-21 14:19:00
32873098,4557709,1,2026-06-02 16:05:01,2026-07-30 16:05:01,2026-04-12 21:05:01
10126551,3210368,16777473,2026-07-30 14:47:22,2026-07-30 09:05:01,2024-10-21 02:05:01
14315827,3210368,65537,2024-03-08 19:31:00,2026-07-30 16:05:01,2023-10-21 21:57:00
46916731,3210368,1,2026-07-30 05:05:01,2026-07-30 16:05:01,2026-06-24 17:05:01
14757368,4345399,1,2026-07-28 09:05:01,2026-07-30 16:05:01,2024-02-24 23:50:00
46916731,4345399,1,2026-07-30 05:05:01,2026-07-30 16:05:01,2026-06-24 17:05:01
4813816,5126038,1,2026-07-30 01:05:01,2026-07-30 16:05:01,2024-02-25 04:00:00
10126551,5126038,16777473,2026-07-30 14:47:22,2026-07-30 01:05:01,2024-10-21 02:05:01
14315827,5126038,65537,2024-03-08 19:31:00,2026-07-30 16:05:01,2023-10-21 21:57:00
14757368,5126038,1,2026-07-28 09:05:01,2026-07-30 16:05:01,2024-08-12 23:05:01
10126551,5284527,16777473,2026-07-30 14:47:22,2026-07-30 05:05:01,2024-10-21 02:05:01
14315827,5284527,65537,2024-03-08 19:31:00,2026-07-30 16:05:01,2023-10-21 21:57:00
14757368,5284527,1,2026-07-28 09:05:01,2026-07-30 16:05:01,2024-08-12 23:05:01
27746861,5284527,1,2026-07-29 17:05:01,2026-07-30 16:05:01,2024-02-21 14:19:00
10126551,5185253,16777473,2026-07-30 14:47:22,2026-07-30 12:05:01,2024-10-21 02:05:01
14315827,5185253,65537,2024-03-08 19:31:00,2026-07-30 16:05:01,2023-10-21 21:57:00
46916731,5185253,1,2026-07-30 05:05:01,2026-07-30 16:05:01,2026-06-24 17:05:01
10126551,4519045,16777473,2026-07-30 14:47:22,2026-07-30 05:05:01,2024-10-21 02:05:01
14757368,4519045,1,2026-07-28 09:05:01,2026-07-30 16:05:01,2025-03-22 13:05:01
46916731,4519045,1,2026-07-30 05:05:01,2026-07-30 16:05:01,2026-06-24 17:05:01
4813816,4870362,1,2026-07-30 01:05:01,2026-07-30 16:05:01,2024-02-25 04:00:00
10126551,4870362,16777473,2026-07-30 14:47:22,2026-07-30 05:05:01,2024-10-21 02:05:01
14315827,4870362,65537,2024-03-08 19:31:00,2026-07-30 16:05:01,2023-10-21 21:57:00
14757368,4870362,1,2026-07-28 09:05:01,2026-07-30 16:05:01,2025-03-22 13:05:01
4813816,5499342,1,2026-07-30 01:05:01,2026-07-30 16:05:01,2024-02-25 04:00:00
10126551,5499342,16777473,2026-07-30 14:47:22,2026-07-30 04:05:01,2024-10-21 19:05:01
27746861,5499342,1,2026-07-29 17:05:01,2026-07-30 16:05:01,2024-02-21 14:19:00
46916731,5499342,1,2026-07-30 05:05:01,2026-07-30 16:05:01,2026-06-24 17:05:01
4813816,5063848,1,2026-07-30 01:05:01,2026-07-30 16:05:01,2024-02-25 04:00:00
10126551,5063848,16777473,2026-07-30 14:47:22,2026-07-28 05:05:01,2024-10-21 02:05:01
14315827,5063848,65537,2024-03-08 19:31:00,2026-07-30 16:05:01,2023-10-21 21:57:00
14757368,5063848,1,2026-07-28 09:05:01,2026-07-30 16:05:01,2025-03-22 13:05:01
670524,5723502,0,,2026-07-30 16:05:01,
4813816,5723502,1,2026-07-30 01:05:01,2026-07-30 16:05:01,2024-02-25 04:00:00
10126551,5723502,16777473,2026-07-30 14:47:22,2026-07-28 00:05:01,2024-10-21 02:05:01
14315827,5723502,65537,2024-03-08 19:31:00,2026-07-30 16:05:01,2023-10-21 21:57:00
32873098,5723502,1,2026-06-02 16:05:01,2026-07-30 16:05:01,2026-04-12 21:05:01
4813816,4162353,1,2026-07-30 01:05:01,2026-07-30 16:05:01,2024-02-25 04:00:00
10126551,4162353,16777473,2026-07-30 14:47:22,2026-07-28 00:05:01,2024-10-21 02:05:01
14757368,4162353,1,2026-07-28 09:05:01,2026-07-30 16:05:01,2024-02-24 23:50:00
46916731,4162353,1,2026-07-30 05:05:01,2026-07-30 16:05:01,2026-06-24 17:05:01
4813816,5951811,1,2026-07-30 01:05:01,2026-07-30 16:05:01,2024-02-25 04:00:00
10008096,5951811,1,2026-06-20 12:05:01,2026-07-30 16:05:01,2024-02-07 09:47:00
10126551,5951811,16777473,2026-07-30 14:47:22,2026-07-30 05:05:01,2024-10-21 02:05:01
14757368,5951811,1,2026-07-28 09:05:01,2026-07-30 16:05:01,2025-03-22 13:05:01
670524,6211552,0,,2026-07-30 16:05:01,
10126551,6211552,16777473,2026-07-30 14:47:22,2026-07-28 23:05:01,2024-10-21 02:05:01
14315827,6211552,65537,2024-03-08 19:31:00,2026-07-30 16:05:01,2023-10-21 21:57:00
32873098,6211552,1,2026-06-02 16:05:01,2026-07-30 16:05:01,2026-04-12 21:05:01
46916731,6211552,1,2026-07-30 05:05:01,2026-07-30 16:05:01,2026-06-24 17:05:01
4813816,5274596,1,2026-07-30 01:05:01,2026-07-30 16:05:01,2024-02-25 04:00:00
10126551,5274596,16777473,2026-07-30 14:47:22,2026-07-30 04:05:01,2024-10-21 02:05:01
14315827,5274596,65537,2024-03-08 19:31:00,2026-07-30 16:05:01,2023-10-21 21:57:00
46916731,5274596,1,2026-07-30 05:05:01,2026-07-30 16:05:01,2026-06-24 17:05:01
4813816,6064669,1,2026-07-30 01:05:01,2026-07-30 16:05:01,2024-02-25 04:00:00
10008096,6064669,1,2026-06-20 12:05:01,2026-07-30 12:05:01,2024-02-07 09:47:00
10126551,6064669,16777473,2026-07-30 14:47:22,2026-07-30 01:05:01,2024-10-21 19:05:01
46916731,6064669,1,2026-07-30 05:05:01,2026-07-30 16:05:01,2026-06-24 04:05:01
4813816,6078995,1,2026-07-30 01:05:01,2026-07-30 16:05:01,2024-02-25 04:00:00
10126551,6078995,16777473,2026-07-30 14:47:22,2026-07-30 08:05:01,2024-11-04 20:05:01
46916731,6078995,1,2026-07-30 05:05:01,2026-07-30 15:05:01,2026-06-24 04:05:01
4813816,5840968,1,2026-07-30 01:05:01,2026-07-30 16:05:01,2024-02-25 04:00:00
10008096,5840968,1,2026-06-20 12:05:01,2026-07-30 16:05:01,2024-02-07 09:47:00
10126551,5840968,16777473,2026-07-30 14:47:22,2026-07-30 05:05:01,2024-10-21 02:05:01
14757368,5840968,1,2026-07-28 09:05:01,2026-07-30 16:05:01,2024-08-12 23:05:01
4813816,5370927,1,2026-07-30 01:05:01,2026-07-30 16:05:01,2024-02-25 04:00:00
10008096,5370927,1,2026-06-20 12:05:01,2026-07-30 16:05:01,2024-02-07 09:47:00
10126551,5370927,16777473,2026-07-30 14:47:22,2026-07-30 05:05:01,2024-10-21 19:05:01
14315827,5370927,65537,2024-03-08 19:31:00,2026-07-30 16:05:01,2023-10-21 21:57:00
4813816,5432402,1,2026-07-30 01:05:01,2026-07-30 16:05:01,2024-02-25 04:00:00
10126551,5432402,16777473,2026-07-30 14:47:22,2026-07-28 04:05:01,2024-10-21 02:05:01
14315827,5432402,65537,2024-03-08 19:31:00,2026-07-30 16:05:01,2023-10-21 21:57:00
46916731,5432402,1,2026-07-30 05:05:01,2026-07-30 16:05:01,2026-06-24 17:05:01
670524,5597139,0,,2026-07-30 16:05:01,
10008096,5597139,1,2026-06-20 12:05:01,2026-07-30 16:05:01,2024-02-07 09:47:00
10126551,5597139,16777473,2026-07-30 14:47:22,2026-07-28 23:05:01,2024-10-21 02:05:01
46916731,5597139,1,2026-07-30 05:05:01,2026-07-30 15:05:01,2026-06-24 17:05:01
4813816,5944789,1,2026-07-30 01:05:01,2026-07-30 16:05:01,2024-02-25 04:00:00
10126551,5944789,16777473,2026-07-30 14:47:22,2026-07-30 05:05:01,2024-10-21 19:05:01
27746861,5944789,1,2026-07-29 17:05:01,2026-07-30 16:05:01,2024-02-21 14:19:00
46916731,5944789,1,2026-07-30 05:05:01,2026-07-30 16:05:01,2026-06-24 04:05:01
10126551,6065451,16777473,2026-07-30 14:47:22,2026-07-10 10:05:01,2024-11-01 18:05:01
27746861,6065451,1,2026-07-29 17:05:01,2026-07-29 16:05:01,2024-03-12 12:31:00
46916731,6065451,1,2026-07-30 05:05:01,2026-07-29 23:05:01,2026-06-30 17:05:01
10126551,6144166,16777473,2026-07-30 14:47:22,2026-07-10 10:05:01,2024-11-01 18:05:01
14315827,6144166,65537,2024-03-08 19:31:00,2026-07-30 16:05:01,2023-10-21 21:57:00
27746861,6144166,1,2026-07-29 17:05:01,2026-07-29 16:05:01,2024-03-12 12:31:00
5220206,6161415,0,,2026-07-30 16:05:01,
10126551,6161415,16777473,2026-07-30 14:47:22,2026-07-10 10:05:01,2024-11-04 20:05:01
27746861,6161415,1,2026-07-29 17:05:01,2026-07-29 16:05:01,2024-03-12 12:31:00
10126551,6211354,16777473,2026-07-30 14:47:22,2026-07-30 04:05:01,2024-10-21 02:05:01
27746861,6211354,1,2026-07-29 17:05:01,2026-07-30 11:05:01,2024-02-21 14:19:00
46916731,6211354,1,2026-07-30 05:05:01,2026-07-30 11:05:01,2026-06-24 17:05:01
5220206,6285736,0,,2026-07-30 16:05:01,
10126551,6285736,16777473,2026-07-30 14:47:22,2026-07-10 10:05:01,2024-11-01 18:05:01
27746861,6285736,1,2026-07-29 17:05:01,2026-07-29 16:05:01,2024-02-21 14:19:00
670524,6461022,1,2026-03-11 10:26:57,2026-07-30 16:05:01,2025-04-09 03:05:02
4813816,6461022,1,2026-07-30 01:05:01,2026-07-30 16:05:01,2024-02-25 04:00:00
10126551,6461022,16777473,2026-07-30 14:47:22,2026-07-30 05:05:01,2024-11-04 20:05:01
27746861,6461022,1,2026-07-29 17:05:01,2026-07-30 16:05:01,2024-02-21 14:19:00
4813816,6497679,1,2026-07-30 01:05:01,2026-07-30 05:05:01,2024-03-11 04:00:00
10126551,6497679,16777473,2026-07-30 14:47:22,2026-07-30 04:05:01,2024-11-04 20:05:01
27746861,6497679,1,2026-07-29 17:05:01,2026-07-30 16:05:01,2024-03-23 18:53:00
46916731,6497679,1,2026-07-30 05:05:01,2026-07-30 16:05:01,2026-06-30 17:05:01
4813816,6521440,1,2026-07-30 01:05:01,2026-07-30 09:05:01,2024-05-24 03:00:00
10126551,6521440,16777473,2026-07-30 14:47:22,2026-07-30 08:05:01,2024-11-04 20:05:01
27746861,6521440,1,2026-07-29 17:05:01,2026-07-30 16:05:01,2024-05-23 18:53:54
46916731,6521440,1,2026-07-30 05:05:01,2026-07-30 16:05:01,2026-06-24 04:05:01
4813816,6618702,1,2026-07-30 01:05:01,2026-07-30 07:05:01,2024-12-24 15:24:26
10126551,6618702,16777473,2026-07-30 14:47:22,2026-07-29 04:05:01,2025-01-05 20:05:01
46916731,6618702,1,2026-07-30 05:05:01,2026-07-30 15:05:01,2026-06-24 17:05:01
50325130,6618702,1,2026-04-13 11:05:02,2026-07-30 16:05:01,2026-01-12 11:05:01
4813816,6735806,1,2026-07-30 01:05:01,2026-07-10 11:05:01,2025-08-24 01:05:01
10126551,6735806,16777473,2026-07-30 14:47:22,2026-07-10 10:05:01,2025-10-02 20:05:01
4813816,6303935,1,2026-07-30 01:05:01,2026-07-30 16:05:01,2024-02-25 04:00:00
10126551,6303935,16777473,2026-07-30 14:47:22,2026-07-25 02:05:01,2024-10-21 02:05:01
14757368,6303935,1,2026-07-28 09:05:01,2026-07-30 16:05:01,2025-03-22 13:05:01
27746861,6303935,1,2026-07-29 17:05:01,2026-07-30 16:05:01,2024-02-21 14:19:00
4813816,6867234,1,2026-07-30 01:05:01,2026-07-10 11:05:01,2026-06-06 01:05:01
10126551,6867234,16777473,2026-07-30 14:47:22,2026-07-10 10:05:01,2026-06-07 15:05:01
46916731,6867234,1,2026-06-23 03:05:01,2026-06-22 10:05:01,2026-06-19 00:05:01
10126551,4860833,16777473,2026-07-30 14:47:22,2026-07-28 00:05:01,2024-10-21 02:05:01
14315827,4860833,65537,2024-03-08 19:31:00,2026-07-30 16:05:01,2023-10-21 21:57:00
14757368,4860833,1,2026-07-28 09:05:01,2026-07-30 16:05:01,2025-03-22 13:05:01
27746861,4860833,1,2026-07-29 17:05:01,2026-07-30 16:05:01,2024-03-09 19:06:00
10126551,6294891,16777473,2026-07-30 14:47:22,2026-07-30 01:05:01,2024-10-21 02:05:01
27746861,6294891,1,2026-07-29 17:05:01,2026-07-30 15:05:01,2024-02-21 14:19:00
46916731,6294891,1,2026-07-30 05:05:01,2026-07-30 15:05:01,2026-06-24 17:05:01
50325130,6294891,1,2026-04-13 11:05:02,2026-07-30 16:05:01,2026-01-12 11:05:01
670524,5013869,0,,2026-07-30 16:05:01,
4813816,5013869,1,2026-07-30 01:05:01,2026-07-30 16:05:01,2024-02-25 04:00:00
10126551,5013869,16777473,2026-07-30 14:47:22,2026-07-28 00:05:01,2024-10-21 02:05:01
32873098,5013869,1,2026-06-02 16:05:01,2026-07-30 16:05:01,2026-04-12 21:05:01
46916731,5013869,1,2026-07-30 05:05:01,2026-07-30 16:05:01,2026-06-24 17:05:01
4813816,5688937,1,2026-07-30 01:05:01,2026-07-30 16:05:01,2024-02-25 04:00:00
10126551,5688937,16777473,2026-07-30 14:47:22,2026-07-30 05:05:01,2024-10-21 02:05:01
14315827,5688937,65537,2024-03-08 19:31:00,2026-07-30 16:05:01,2023-10-21 21:57:00
14757368,5688937,1,2026-07-28 09:05:01,2026-07-30 16:05:01,2024-08-12 23:05:01
4813816,6177206,1,2026-07-30 01:05:01,2026-07-30 16:05:01,2024-02-25 04:00:00
10008096,6177206,1,2026-06-20 12:05:01,2026-07-30 16:05:01,2024-02-07 09:47:00
10126551,6177206,16777473,2026-07-30 14:47:22,2026-07-30 05:05:01,2024-10-21 19:05:01
10008096,5833498,1,2026-06-20 12:05:01,2026-07-30 16:05:01,2024-02-07 09:47:00
10126551,5833498,16777473,2026-07-30 14:47:22,2026-07-28 04:05:01,2024-10-21 02:05:01
14757368,5833498,1,2026-07-28 09:05:01,2026-07-30 16:05:01,2025-03-22 13:05:01
27746861,5833498,1,2026-07-29 17:05:01,2026-07-30 16:05:01,2024-02-21 14:19:00
4813816,6065134,1,2026-07-30 01:05:01,2026-07-30 16:05:01,2024-02-25 04:00:00
10126551,6065134,16777473,2026-07-30 14:47:22,2026-07-28 00:05:01,2024-10-21 02:05:01
27746861,6065134,1,2026-07-29 17:05:01,2026-07-30 16:05:01,2024-07-03 18:53:44
46916731,6065134,1,2026-07-30 05:05:01,2026-07-30 16:05:01,2026-06-24 17:05:01
4813816,6749249,1,2026-07-30 01:05:01,2026-07-30 15:05:01,2025-09-26 01:05:01
10126551,6749249,16777473,2026-07-30 14:47:22,2026-07-29 04:05:01,2025-10-31 21:05:02
46916731,6749249,1,2026-07-30 05:05:01,2026-07-30 16:05:01,2026-06-24 17:05:01
50325130,6749249,1,2026-04-13 11:05:02,2026-07-30 16:05:01,2026-01-12 11:05:01
4813816,5959860,1,2026-07-30 01:05:01,2026-07-30 16:05:01,2024-02-25 04:00:00
10126551,5959860,16777473,2026-07-30 14:47:22,2026-07-30 01:05:01,2024-10-21 19:05:01
14315827,5959860,65537,2024-03-08 19:31:00,2026-07-30 16:05:01,2023-10-21 21:57:00
46916731,5959860,1,2026-07-30 05:05:01,2026-07-30 16:05:01,2026-06-24 17:05:01
4813816,5898405,1,2026-07-30 01:05:01,2026-07-30 05:05:01,2024-02-25 04:00:00
10126551,5898405,16777473,2026-07-30 14:47:22,2026-07-26 03:05:01,2024-11-04 20:05:01
27746861,5898405,1,2026-07-29 17:05:01,2026-07-30 16:05:01,2024-02-21 14:19:00
46916731,5898405,1,2026-07-30 05:05:01,2026-07-30 16:05:01,2026-06-30 17:05:01
670524,6408875,0,,2026-07-30 16:05:01,
4813816,6408875,1,2026-07-30 01:05:01,2026-07-30 13:05:01,2024-02-25 04:00:00
10126551,6408875,16777473,2026-07-30 14:47:22,2026-07-28 00:05:01,2024-11-04 20:05:01
27746861,6408875,1,2026-07-29 17:05:01,2026-07-30 16:05:01,2024-02-21 14:19:00
46916731,6408875,1,2026-07-30 05:05:01,2026-07-30 16:05:01,2026-06-24 04:05:01
10126551,6763880,16777473,2026-07-30 14:47:22,2026-07-10 10:05:01,2025-10-27 13:05:01
27746861,6763880,1,2026-07-29 17:05:01,2026-07-29 16:05:01,2025-11-10 17:05:01
10126551,6299453,16777473,2026-07-30 14:47:22,2026-07-27 03:05:01,2024-11-01 18:05:01
27746861,6299453,1,2026-07-29 17:05:01,2026-07-30 16:05:01,2024-02-21 14:19:00
46916731,6299453,1,2026-07-30 05:05:01,2026-07-30 16:05:01,2026-06-30 17:05:01
4813816,4651441,1,2026-07-30 01:05:01,2026-07-30 16:05:01,2024-02-25 04:00:00
10126551,4651441,16777473,2026-07-30 14:47:22,2026-07-30 05:05:01,2024-10-21 19:05:01
14315827,4651441,65537,2024-03-08 19:31:00,2026-07-30 16:05:01,2023-10-21 21:57:00
14757368,4651441,1,2026-07-28 09:05:01,2026-07-30 16:05:01,2024-08-12 23:05:01
4813816,5060324,1,2026-07-30 01:05:01,2026-07-30 16:05:01,2024-02-25 04:00:00
10126551,5060324,16777473,2026-07-30 14:47:22,2026-07-30 05:05:01,2024-10-21 02:05:01
14315827,5060324,65537,2024-03-08 19:31:00,2026-07-30 16:05:01,2023-10-21 21:57:00
14757368,5060324,1,2026-07-28 09:05:01,2026-07-30 16:05:01,2024-08-12 23:05:01
4813816,3994944,1,2026-07-30 01:05:01,2026-07-30 16:05:01,2024-02-25 04:00:00
10126551,3994944,16777473,2026-07-30 14:47:22,2026-07-30 00:05:01,2024-10-21 19:05:01
14315827,3994944,65537,2024-03-08 19:31:00,2026-07-30 16:05:01,2023-10-21 21:57:00
14757368,3994944,1,2026-07-28 09:05:01,2026-07-30 16:05:01,2025-03-22 13:05:01
4813816,4313159,1,2026-07-30 01:05:01,2026-07-30 16:05:01,2024-02-25 04:00:00
10126551,4313159,16777473,2026-07-30 14:47:22,2026-07-30 04:05:01,2024-10-21 02:05:01
14315827,4313159,65537,2024-03-08 19:31:00,2026-07-30 16:05:01,2023-10-21 21:57:00
14757368,4313159,1,2026-07-28 09:05:01,2026-07-30 16:05:01,2025-03-22 13:05:01
4813816,4151431,1,2026-07-30 01:05:01,2026-07-30 16:05:01,2024-02-25 04:00:00
10126551,4151431,16777473,2026-07-30 14:47:22,2026-07-30 04:05:01,2024-10-21 02:05:01
14315827,4151431,65537,2024-03-08 19:31:00,2026-07-30 16:05:01,2023-10-21 21:57:00
14757368,4151431,1,2026-07-28 09:05:01,2026-07-30 16:05:01,2024-08-12 23:05:01
4813816,3780234,1,2026-07-30 01:05:01,2026-07-30 16:05:01,2024-02-25 04:00:00
10008096,3780234,1,2026-06-20 12:05:01,2026-07-30 16:05:01,2024-02-07 09:47:00
10126551,3780234,16777473,2026-07-30 14:47:22,2026-07-30 05:05:01,2024-10-21 02:05:01
14757368,3780234,1,2026-07-28 09:05:01,2026-07-30 16:05:01,2025-03-22 13:05:01
4813816,4030098,1,2026-07-30 01:05:01,2026-07-29 20:05:02,2024-02-25 04:00:00
10126551,4030098,16777473,2026-07-30 14:47:22,2026-07-28 00:05:01,2024-10-21 02:05:01
14757368,4030098,1,2026-07-28 09:05:01,2026-07-30 16:05:01,2024-02-24 23:50:00
46916731,4030098,1,2026-07-30 05:05:01,2026-07-30 16:05:01,2026-06-24 17:05:01
670524,3955186,1,2026-03-11 10:26:57,2026-07-30 16:05:01,2025-04-08 02:21:23
10126551,3955186,16777473,2026-07-30 14:47:22,2026-07-28 00:05:01,2024-10-21 19:05:01
14315827,3955186,65537,2024-03-08 19:31:00,2026-07-30 16:05:01,2023-10-21 21:57:00
14757368,3955186,1,2026-07-28 09:05:01,2026-07-30 16:05:01,2024-02-24 23:50:00
10126551,4500065,16777473,2026-07-30 14:47:22,2026-07-28 23:05:01,2024-10-21 02:05:01
14315827,4500065,65537,2024-03-08 19:31:00,2026-07-30 16:05:01,2023-10-21 21:57:00
46916731,4500065,1,2026-07-30 05:05:01,2026-07-30 16:05:01,2026-06-24 17:05:01
670524,4000465,0,,2026-07-30 16:05:01,
10126551,4000465,16777473,2026-07-30 14:47:22,2026-07-28 00:05:01,2024-10-21 02:05:01
14757368,4000465,1,2026-07-28 09:05:01,2026-07-30 16:05:01,2024-02-24 23:50:00
32873098,4000465,1,2026-06-02 16:05:01,2026-07-30 16:05:01,2026-04-12 21:05:01
46916731,4000465,1,2026-07-30 05:05:01,2026-07-30 16:05:01,2026-06-24 17:05:01
10126551,4575348,16777473,2026-07-30 14:47:22,2026-07-30 04:05:01,2024-10-21 02:05:01
14315827,4575348,65537,2024-03-08 19:31:00,2026-07-30 16:05:01,2023-10-21 21:57:00
46916731,4575348,1,2026-07-30 05:05:01,2026-07-30 16:05:01,2026-06-24 17:05:01
10126551,4591806,16777473,2026-07-30 14:47:22,2026-07-30 05:05:01,2024-10-21 02:05:01
14315827,4591806,65537,2024-03-08 19:31:00,2026-07-30 16:05:01,2023-10-21 21:57:00
46916731,4591806,1,2026-07-30 05:05:01,2026-07-30 16:05:01,2026-06-24 17:05:01
10126551,4599871,16777473,2026-07-30 14:47:22,2026-07-28 00:05:01,2024-10-21 02:05:01
14315827,4599871,65537,2024-03-08 19:31:00,2026-07-30 16:05:01,2023-10-21 21:57:00
14757368,4599871,1,2026-07-28 09:05:01,2026-07-30 16:05:01,2024-08-12 23:05:01
46916731,4599871,1,2026-07-30 05:05:01,2026-07-30 16:05:01,2026-06-24 17:05:01
10126551,4611668,16777473,2026-07-30 14:47:22,2026-07-28 23:05:01,2024-10-21 02:05:01
14315827,4611668,65537,2024-03-08 19:31:00,2026-07-30 16:05:01,2023-10-21 21:57:00
14757368,4611668,1,2026-07-28 09:05:01,2026-07-30 16:05:01,2024-08-12 23:05:01
46916731,4611668,1,2026-07-30 05:05:01,2026-07-30 16:05:01,2026-06-24 17:05:01
4813816,4716056,1,2026-07-30 01:05:01,2026-07-30 16:05:01,2024-02-25 04:00:00
10126551,4716056,16777473,2026-07-30 14:47:22,2026-07-30 05:05:01,2024-10-21 02:05:01
14315827,4716056,65537,2024-03-08 19:31:00,2026-07-30 16:05:01,2023-10-21 21:57:00
14757368,4716056,1,2026-07-28 09:05:01,2026-07-30 16:05:01,2025-03-22 13:05:01
4813816,3888668,1,2026-07-30 01:05:01,2026-07-30 16:05:01,2024-02-25 04:00:00
10126551,3888668,16777473,2026-07-30 14:47:22,2026-07-28 00:05:01,2024-10-21 02:05:01
14757368,3888668,1,2026-07-28 09:05:01,2026-07-30 16:05:01,2024-02-24 23:50:00
46916731,3888668,1,2026-07-30 05:05:01,2026-07-30 16:05:01,2026-06-24 17:05:01
4813816,4702818,1,2026-07-30 01:05:01,2026-07-30 16:05:01,2024-02-25 04:00:00
10126551,4702818,16777473,2026-07-30 14:47:22,2026-07-30 05:05:01,2024-10-21 02:05:01
14315827,4702818,65537,2024-03-08 19:31:00,2026-07-30 16:05:01,2023-10-21 21:57:00
27746861,4702818,1,2026-07-29 17:05:01,2026-07-30 16:05:01,2024-02-21 14:19:00
10126551,4477938,16777473,2026-07-30 14:47:22,2026-07-28 00:05:01,2024-10-21 19:05:01
14315827,4477938,65537,2024-03-08 19:31:00,2026-07-30 16:05:01,2023-10-21 21:57:00
14757368,4477938,1,2026-07-28 09:05:01,2026-07-30 16:05:01,2025-03-22 13:05:01
32873098,4477938,1,2026-06-02 16:05:01,2026-07-30 16:05:01,2026-05-02 15:05:00
4813816,4343037,1,2026-07-30 01:05:01,2026-07-30 16:05:01,2024-02-25 04:00:00
10126551,4343037,16777473,2026-07-30 14:47:22,2026-07-28 00:05:01,2024-10-21 02:05:01
14757368,4343037,1,2026-07-28 09:05:01,2026-07-30 16:05:01,2024-02-24 23:50:00
32873098,4343037,1,2026-06-02 16:05:01,2026-07-30 16:05:01,2026-05-02 15:05:00
10008096,4710540,1,2026-06-20 12:05:01,2026-07-30 16:05:01,2024-02-07 09:47:00
10126551,4710540,16777473,2026-07-30 14:47:22,2026-07-30 04:05:01,2024-10-21 02:05:01
14315827,4710540,65537,2024-03-08 19:31:00,2026-07-30 16:05:01,2023-10-21 21:57:00
14757368,4710540,1,2026-07-28 09:05:01,2026-07-30 16:05:01,2025-03-22 13:05:01
4813816,4758039,1,2026-07-30 01:05:01,2026-07-30 16:05:01,2024-02-25 04:00:00
10126551,4758039,16777473,2026-07-30 14:47:22,2026-07-28 00:05:01,2024-10-21 19:05:01
14757368,4758039,1,2026-07-28 09:05:01,2026-07-30 16:05:01,2025-03-22 13:05:01
46916731,4758039,1,2026-07-30 05:05:01,2026-07-30 16:05:01,2026-06-24 04:05:01
4813816,4405756,1,2026-07-30 01:05:01,2026-07-30 16:05:01,2024-02-25 04:00:00
10126551,4405756,16777473,2026-07-30 14:47:22,2026-07-28 23:05:01,2024-10-21 19:05:01
14315827,4405756,65537,2024-03-08 19:31:00,2026-07-30 16:05:01,2023-10-21 21:57:00
46916731,4405756,1,2026-07-30 05:05:01,2026-07-30 16:05:01,2026-06-24 04:05:01
4813816,4444545,1,2026-07-30 01:05:01,2026-07-30 16:05:01,2024-02-25 04:00:00
10126551,4444545,16777473,2026-07-30 14:47:22,2026-07-28 23:05:01,2024-10-21 02:05:01
14315827,4444545,65537,2024-03-08 19:31:00,2026-07-30 16:05:01,2023-10-21 21:57:00
46916731,4444545,1,2026-07-30 05:05:01,2026-07-30 16:05:01,2026-06-24 17:05:01
10126551,4499432,16777473,2026-07-30 14:47:22,2026-07-28 00:05:01,2024-10-21 19:05:01
4813816,4406989,1,2026-07-30 01:05:01,2026-07-30 16:05:01,2024-02-25 04:00:00
10126551,4406989,16777473,2026-07-30 14:47:22,2026-07-28 00:05:01,2024-10-21 19:05:01
14315827,4406989,65537,2024-03-08 19:31:00,2026-07-30 16:05:01,2023-10-21 21:57:00
14757368,4406989,1,2026-07-28 09:05:01,2026-07-30 16:05:01,2025-03-22 13:05:01
670524,4849237,1,2026-03-11 10:26:57,2026-07-30 16:05:01,2025-04-08 02:21:23
4813816,4849237,1,2026-07-30 01:05:01,2026-07-30 16:05:01,2024-02-25 04:00:00
10126551,4849237,16777473,2026-07-30 14:47:22,2026-07-28 00:05:01,2024-10-21 19:05:01
14315827,4849237,65537,2024-03-08 19:31:00,2026-07-30 16:05:01,2023-10-21 21:57:00
32873098,4849237,1,2026-06-02 16:05:01,2026-07-30 16:05:01,2026-04-12 21:05:01
670524,4260123,0,,2026-07-30 16:05:01,
10126551,4260123,16777473,2026-07-30 14:47:22,2026-07-28 00:05:01,2024-10-21 02:05:01
14757368,4260123,1,2026-07-28 09:05:01,2026-07-30 16:05:01,2024-02-24 23:50:00
46916731,4260123,1,2026-07-30 05:05:01,2026-07-30 16:05:01,2026-06-24 17:05:01
10126551,4826244,16777473,2026-07-30 14:47:22,2026-07-28 00:05:01,2024-10-21 02:05:01
14315827,4826244,65537,2024-03-08 19:31:00,2026-07-30 16:05:01,2023-10-21 21:57:00
14757368,4826244,1,2026-07-28 09:05:01,2026-07-30 16:05:01,2025-03-22 13:05:01
27746861,4826244,1,2026-07-29 17:05:01,2026-07-30 16:05:01,2024-02-21 14:19:00
670524,3794708,0,,2026-07-30 16:05:01,
10126551,3794708,16777473,2026-07-30 14:47:22,2026-07-28 00:05:01,2024-10-21 02:05:01
32873098,3794708,1,2026-06-02 16:05:01,2026-07-30 16:05:01,2026-04-12 21:05:01
46916731,3794708,1,2026-07-30 05:05:01,2026-07-30 16:05:01,2026-06-24 17:05:01
670524,3629084,1,2026-03-11 10:26:57,2026-07-30 16:05:01,2025-04-09 03:05:02
10126551,3629084,16777473,2026-07-30 14:47:22,2026-07-28 00:05:01,2024-10-21 02:05:01
14757368,3629084,1,2026-07-28 09:05:01,2026-07-30 16:05:01,2024-02-24 23:50:00
32873098,3629084,1,2026-06-02 16:05:01,2026-07-30 16:05:01,2026-05-02 15:05:00
10126551,3684761,16777473,2026-07-30 14:47:22,2026-07-30 05:05:01,2024-10-21 02:05:01
14315827,3684761,65537,2024-03-08 19:31:00,2026-07-30 16:05:01,2023-10-21 21:57:00
14757368,3684761,1,2026-07-28 09:05:01,2026-07-30 16:05:01,2025-03-22 13:05:01
27746861,3684761,1,2026-07-29 17:05:01,2026-07-30 16:05:01,2024-02-21 14:19:00
670524,4905040,0,,2026-07-30 16:05:01,
4813816,4905040,1,2026-07-30 01:05:01,2026-07-30 16:05:01,2024-02-25 04:00:00
10126551,4905040,16777473,2026-07-30 14:47:22,2026-07-27 02:05:01,2024-10-21 02:05:01
14315827,4905040,65537,2024-03-08 19:31:00,2026-07-30 16:05:01,2023-10-21 21:57:00
32873098,4905040,1,2026-06-02 16:05:01,2026-07-30 16:05:01,2026-04-12 21:05:01
4813816,4432994,1,2026-07-30 01:05:01,2026-07-30 16:05:01,2024-02-25 04:00:00
10126551,4432994,16777473,2026-07-30 14:47:22,2026-07-30 04:05:01,2024-10-21 02:05:01
14315827,4432994,65537,2024-03-08 19:31:00,2026-07-30 16:05:01,2023-10-21 21:57:00
46916731,4432994,1,2026-07-30 05:05:01,2026-07-30 16:05:01,2026-06-24 17:05:01
4813816,4151273,1,2026-07-30 01:05:01,2026-07-30 16:05:01,2024-02-25 04:00:00
10008096,4151273,1,2026-06-20 12:05:01,2026-07-30 16:05:01,2024-02-07 09:47:00
10126551,4151273,16777473,2026-07-30 14:47:22,2026-07-28 23:05:01,2024-10-21 02:05:01
46916731,4151273,1,2026-07-30 05:05:01,2026-07-30 16:05:01,2026-06-24 17:05:01
4813816,4830621,1,2026-07-30 01:05:01,2026-07-30 16:05:01,2024-02-25 04:00:00
10126551,4830621,16777473,2026-07-30 14:47:22,2026-07-28 00:05:01,2024-10-21 02:05:01
14757368,4830621,1,2026-07-28 09:05:01,2026-07-30 16:05:01,2025-03-22 13:05:01
46916731,4830621,1,2026-07-30 05:05:01,2026-07-30 16:05:01,2026-06-24 17:05:01
4813816,4046080,1,2026-07-30 01:05:01,2026-07-30 16:05:01,2024-02-25 04:00:00
10126551,4046080,16777473,2026-07-30 14:47:22,2026-07-30 05:05:01,2024-10-21 02:05:01
14315827,4046080,65537,2024-03-08 19:31:00,2026-07-30 16:05:01,2023-10-21 21:57:00
14757368,4046080,1,2026-07-28 09:05:01,2026-07-30 16:05:01,2024-08-12 23:05:01
4813816,4777733,1,2026-07-30 01:05:01,2026-07-30 16:05:01,2024-02-25 04:00:00
10126551,4777733,16777473,2026-07-30 14:47:22,2026-07-30 05:05:01,2024-10-21 02:05:01
14315827,4777733,65537,2024-03-08 19:31:00,2026-07-30 16:05:01,2023-10-21 21:57:00
46916731,4777733,1,2026-07-30 05:05:01,2026-07-30 16:05:01,2026-06-24 17:05:01
10126551,4286745,16777473,2026-07-30 14:47:22,2026-07-30 05:05:01,2024-10-21 02:05:01
32873098,4286745,1,2026-06-02 16:05:01,2026-07-30 16:05:01,2026-05-07 16:05:02
46916731,4286745,1,2026-07-30 05:05:01,2026-07-30 16:05:01,2026-06-24 17:05:01
4813816,4559753,1,2026-07-30 01:05:01,2026-07-30 16:05:01,2024-02-25 04:00:00
10126551,4559753,16777473,2026-07-30 14:47:22,2026-07-28 23:05:01,2024-10-21 02:05:01
14315827,4559753,65537,2024-03-08 19:31:00,2026-07-30 16:05:01,2023-10-21 21:57:00
46916731,4559753,1,2026-07-30 05:05:01,2026-07-30 16:05:01,2026-06-24 17:05:01
4813816,3928767,1,2026-07-30 01:05:01,2026-07-30 16:05:01,2024-02-25 04:00:00
10126551,3928767,16777473,2026-07-30 14:47:22,2026-07-30 05:05:01,2024-10-21 02:05:01
14315827,3928767,65537,2024-03-08 19:31:00,2026-07-30 16:05:01,2023-10-21 21:57:00
14757368,3928767,1,2026-07-28 09:05:01,2026-07-30 16:05:01,2024-08-12 23:05:01
10126551,4551590,16777473,2026-07-30 14:47:22,2026-07-30 04:05:01,2024-10-21 19:05:01
14315827,4551590,65537,2024-03-08 19:31:00,2026-07-30 16:05:01,2023-10-21 21:57:00
46916731,4551590,1,2026-07-30 05:05:01,2026-07-30 16:05:01,2026-06-24 04:05:01
670524,5018112,0,,2026-07-30 16:05:01,
10126551,5018112,16777473,2026-07-30 14:47:22,2026-07-28 00:05:01,2024-10-21 02:05:01
14315827,5018112,65537,2024-03-08 19:31:00,2026-07-30 16:05:01,2023-10-21 21:57:00
14757368,5018112,1,2026-07-28 09:05:01,2026-07-30 16:05:01,2025-03-22 13:05:01
46916731,5018112,1,2026-07-30 05:05:01,2026-07-30 16:05:01,2026-06-24 17:05:01
4813816,4001115,1,2026-07-30 01:05:01,2026-07-30 16:05:01,2024-02-25 04:00:00
10126551,4001115,16777473,2026-07-30 14:47:22,2026-07-28 00:05:01,2024-10-21 02:05:01
14315827,4001115,65537,2024-03-08 19:31:00,2026-07-30 16:05:01,2023-10-21 21:57:00
14757368,4001115,1,2026-07-28 09:05:01,2026-07-30 16:05:01,2025-03-22 13:05:01
4813816,3567072,1,2026-07-30 01:05:01,2026-07-30 16:05:01,2024-02-25 04:00:00
10126551,3567072,16777473,2026-07-30 14:47:22,2026-07-30 05:05:01,2024-10-21 02:05:01
14315827,3567072,65537,2024-03-08 19:31:00,2026-07-30 16:05:01,2023-10-21 21:57:00
14757368,3567072,1,2026-07-28 09:05:01,2026-07-30 16:05:01,2025-03-22 13:05:01
4813816,4981159,1,2026-07-30 01:05:01,2026-07-30 16:05:01,2024-02-25 04:00:00
10126551,4981159,16777473,2026-07-30 14:47:22,2026-07-30 04:05:01,2024-10-21 02:05:01
14315827,4981159,65537,2024-03-08 19:31:00,2026-07-30 16:05:01,2023-10-21 21:57:00
14757368,4981159,1,2026-07-28 09:05:01,2026-07-30 16:05:01,2024-08-12 23:05:01
4813816,4777799,1,2026-07-30 01:05:01,2026-07-30 16:05:01,2024-02-25 04:00:00
10126551,4777799,16777473,2026-07-30 14:47:22,2026-07-28 00:05:01,2024-10-21 02:05:01
14757368,4777799,1,2026-07-28 09:05:01,2026-07-30 16:05:01,2025-03-22 13:05:01
46916731,4777799,1,2026-07-30 05:05:01,2026-07-30 16:05:01,2026-06-24 17:05:01
10126551,5094566,16777473,2026-07-30 14:47:22,2026-07-30 05:05:01,2024-10-21 02:05:01
14315827,5094566,65537,2024-03-08 19:31:00,2026-07-30 16:05:01,2023-10-21 21:57:00
14757368,5094566,1,2026-07-28 09:05:01,2026-07-30 16:05:01,2024-08-12 23:05:01
27746861,5094566,1,2026-07-29 17:05:01,2026-07-30 16:05:01,2024-02-21 14:19:00
4813816,4775970,1,2026-07-30 01:05:01,2026-07-30 16:05:01,2024-02-25 04:00:00
10126551,4775970,16777473,2026-07-30 14:47:22,2026-07-30 05:05:01,2024-10-21 02:05:01
14315827,4775970,65537,2024-03-08 19:31:00,2026-07-30 16:05:01,2023-10-21 21:57:00
32873098,4775970,1,2026-06-02 16:05:01,2026-07-30 16:05:01,2026-04-12 21:05:01
4813816,4175032,1,2026-07-30 01:05:01,2026-07-30 16:05:01,2024-02-25 04:00:00
10126551,4175032,16777473,2026-07-30 14:47:22,2026-07-28 00:05:01,2024-10-21 19:05:01
14757368,4175032,1,2026-07-28 09:05:01,2026-07-30 16:05:01,2024-02-24 23:50:00
32873098,4175032,1,2026-06-02 16:05:01,2026-07-30 16:05:01,2026-05-02 15:05:00
4813816,4672353,1,2026-07-30 01:05:01,2026-07-30 16:05:01,2024-02-25 04:00:00
10126551,4672353,16777473,2026-07-30 14:47:22,2026-07-28 00:05:01,2024-10-21 02:05:01
14315827,4672353,65537,2024-03-08 19:31:00,2026-07-30 16:05:01,2023-10-21 21:57:00
14757368,4672353,1,2026-07-28 09:05:01,2026-07-30 16:05:01,2025-03-22 13:05:01
10126551,4188320,16777473,2026-07-30 14:47:22,2026-07-28 00:05:01,2024-10-21 02:05:01
14757368,4188320,1,2026-07-28 09:05:01,2026-07-30 16:05:01,2024-02-24 23:50:00
32873098,4188320,1,2026-06-02 16:05:01,2026-07-30 16:05:01,2026-05-02 15:05:00
46916731,4188320,1,2026-07-30 05:05:01,2026-07-30 16:05:01,2026-06-24 17:05:01
670524,4039333,1,2026-03-11 10:26:57,2026-07-30 16:05:01,2025-04-05 00:36:53
10126551,4039333,16777473,2026-07-30 14:47:22,2026-07-30 05:05:01,2024-10-21 02:05:01
14315827,4039333,65537,2024-03-08 19:31:00,2026-07-30 16:05:01,2023-10-21 21:57:00
27746861,4039333,1,2026-07-29 17:05:01,2026-07-30 16:05:01,2024-02-21 14:19:00
670524,3138569,0,,2026-07-30 16:05:01,
10126551,3138569,16777473,2026-07-30 14:47:22,2026-07-28 00:05:01,2024-10-21 02:05:01
14757368,3138569,1,2026-07-28 09:05:01,2026-07-30 16:05:01,2024-02-24 23:50:00
32873098,3138569,1,2026-06-02 16:05:01,2026-07-30 16:05:01,2026-04-12 21:05:01
46916731,3138569,1,2026-07-30 05:05:01,2026-07-30 16:05:01,2026-06-24 17:05:01
4813816,5155285,1,2026-07-30 01:05:01,2026-07-30 16:05:01,2024-02-25 04:00:00
10126551,5155285,16777473,2026-07-30 14:47:22,2026-07-30 05:05:01,2024-10-21 02:05:01
14315827,5155285,65537,2024-03-08 19:31:00,2026-07-30 16:05:01,2023-10-21 21:57:00
14757368,5155285,1,2026-07-28 09:05:01,2026-07-30 16:05:01,2025-03-22 13:05:01
10126551,4391744,16777473,2026-07-30 14:47:22,2026-07-28 00:05:01,2024-10-21 02:05:01
14757368,4391744,1,2026-07-28 09:05:01,2026-07-30 16:05:01,2024-02-24 23:50:00
27746861,4391744,1,2026-07-29 17:05:01,2026-07-30 16:05:01,2024-02-21 14:19:00
32873098,4391744,1,2026-06-02 16:05:01,2026-07-30 16:05:01,2026-05-02 15:05:00
4813816,4272450,1,2026-07-30 01:05:01,2026-07-30 16:05:01,2024-02-25 04:00:00
10126551,4272450,16777473,2026-07-30 14:47:22,2026-07-30 05:05:01,2024-10-21 02:05:01
14315827,4272450,65537,2024-03-08 19:31:00,2026-07-30 16:05:01,2023-10-21 21:57:00
14757368,4272450,1,2026-07-28 09:05:01,2026-07-30 16:05:01,2025-03-22 13:05:01
670524,5156371,1,2026-03-11 10:26:57,2026-07-30 16:05:01,2025-04-08 02:21:23
10126551,5156371,16777473,2026-07-30 14:47:22,2026-07-26 03:05:01,2024-10-21 02:05:01
14315827,5156371,65537,2024-03-08 19:31:00,2026-07-30 16:05:01,2023-10-21 21:57:00
27746861,5156371,1,2026-07-29 17:05:01,2026-07-30 16:05:01,2024-02-21 14:19:00
32873098,5156371,1,2026-06-02 16:05:01,2026-07-30 16:05:01,2026-04-12 21:05:01
4813816,4724896,1,2026-07-30 01:05:01,2026-07-30 16:05:01,2024-02-25 04:00:00
10126551,4724896,16777473,2026-07-30 14:47:22,2026-07-30 04:05:01,2024-10-21 19:05:01
14315827,4724896,65537,2024-03-08 19:31:00,2026-07-30 16:05:01,2023-10-21 21:57:00
14757368,4724896,1,2026-07-28 09:05:01,2026-07-30 16:05:01,2024-08-12 23:05:01
10126551,4052935,16777473,2026-07-30 14:47:22,2026-07-28 23:05:01,2024-10-21 19:05:01
14315827,4052935,65537,2024-03-08 19:31:00,2026-07-30 16:05:01,2023-10-21 21:57:00
14757368,4052935,1,2026-07-28 09:05:01,2026-07-30 16:05:01,2024-02-24 23:50:00
46916731,4052935,1,2026-07-30 05:05:01,2026-07-30 16:05:01,2026-06-24 04:05:01
4813816,4403063,1,2026-07-30 01:05:01,2026-07-30 16:05:01,2024-02-25 04:00:00
10126551,4403063,16777473,2026-07-30 14:47:22,2026-07-30 05:05:01,2024-10-21 02:05:01
14315827,4403063,65537,2024-03-08 19:31:00,2026-07-30 16:05:01,2023-10-21 21:57:00
27746861,4403063,1,2026-07-29 17:05:01,2026-07-30 16:05:01,2024-02-21 14:19:00
10008096,5109442,1,2026-06-20 12:05:01,2026-07-30 16:05:01,2024-02-07 09:47:00
10126551,5109442,16777473,2026-07-30 14:47:22,2026-07-30 05:05:01,2024-10-21 02:05:01
14757368,5109442,1,2026-07-28 09:05:01,2026-07-30 16:05:01,2025-03-22 13:05:01
4813816,5150977,1,2026-07-30 01:05:01,2026-07-30 16:05:01,2024-02-25 04:00:00
10126551,5150977,16777473,2026-07-30 14:47:22,2026-07-28 23:05:01,2024-10-21 02:05:01
14315827,5150977,65537,2024-03-08 19:31:00,2026-07-30 16:05:01,2023-10-21 21:57:00
46916731,5150977,1,2026-07-30 05:05:01,2026-07-30 16:05:01,2026-06-24 17:05:01
4813816,3833990,1,2026-07-30 01:05:01,2026-07-30 16:05:01,2024-02-25 04:00:00
10126551,3833990,16777473,2026-07-30 14:47:22,2026-07-30 05:05:01,2024-10-21 19:05:01
14315827,3833990,65537,2024-03-08 19:31:00,2026-07-30 16:05:01,2023-10-21 21:57:00
14757368,3833990,1,2026-07-28 09:05:01,2026-07-30 16:05:01,2025-03-22 13:05:01
10008096,5353333,1,2026-06-20 12:05:01,2026-07-30 16:05:01,2024-02-07 09:47:00
10126551,5353333,16777473,2026-07-30 14:47:22,2026-07-30 04:05:01,2024-10-21 02:05:01
27746861,5353333,1,2026-07-29 17:05:01,2026-07-30 16:05:01,2024-02-21 14:19:00
46916731,5353333,1,2026-07-30 05:05:01,2026-07-30 16:05:01,2026-06-24 17:05:01
670524,4540771,0,,2026-07-30 16:05:01,
4813816,4540771,1,2026-07-30 01:05:01,2026-07-30 16:05:01,2024-02-25 04:00:00
10008096,4540771,1,2026-06-20 12:05:01,2026-07-30 16:05:01,2024-02-07 09:47:00
10126551,4540771,16777473,2026-07-30 14:47:22,2026-07-30 04:05:01,2024-10-21 02:05:01
46916731,4540771,1,2026-07-30 05:05:01,2026-07-30 16:05:01,2026-06-24 17:05:01
4813816,4478264,1,2026-07-30 01:05:01,2026-07-30 16:05:01,2024-02-25 04:00:00
10126551,4478264,16777473,2026-07-30 14:47:22,2026-07-28 23:05:01,2024-10-21 02:05:01
14315827,4478264,65537,2024-03-08 19:31:00,2026-07-30 16:05:01,2023-10-21 21:57:00
46916731,4478264,1,2026-07-30 05:05:01,2026-07-30 16:05:01,2026-06-24 17:05:01
4813816,5364150,1,2026-07-30 01:05:01,2026-07-30 16:05:01,2024-02-25 04:00:00
10126551,5364150,16777473,2026-07-30 14:47:22,2026-07-30 05:05:01,2024-10-21 02:05:01
14315827,5364150,65537,2024-03-08 19:31:00,2026-07-30 16:05:01,2024-03-08 19:31:00
14757368,5364150,1,2026-07-28 09:05:01,2026-07-30 16:05:01,2025-03-22 13:05:01
670524,5079975,0,,2026-07-30 16:05:01,
4813816,5079975,1,2026-07-30 01:05:01,2026-07-30 16:05:01,2024-02-25 04:00:00
10126551,5079975,16777473,2026-07-30 14:47:22,2026-07-30 01:05:01,2024-10-21 02:05:01
14315827,5079975,65537,2024-03-08 19:31:00,2026-07-30 16:05:01,2023-10-21 21:57:00
46916731,5079975,1,2026-07-30 05:05:01,2026-07-30 16:05:01,2026-06-24 17:05:01
8381475,4356206,65537,2024-04-27 06:02:00,2026-07-30 16:05:01,2023-12-22 04:52:00
10126551,4356206,16777473,2026-07-30 14:47:22,2026-07-28 23:05:01,2024-10-21 02:05:01
46916731,4356206,1,2026-07-30 05:05:01,2026-07-30 16:05:01,2026-06-24 17:05:01
4813816,4850409,1,2026-07-30 01:05:01,2026-07-30 16:05:01,2024-02-25 04:00:00
10126551,4850409,16777473,2026-07-30 14:47:22,2026-07-28 23:05:01,2024-10-21 02:05:01
14315827,4850409,65537,2024-03-08 19:31:00,2026-07-30 16:05:01,2023-10-21 21:57:00
46916731,4850409,1,2026-07-30 05:05:01,2026-07-30 16:05:01,2026-06-24 17:05:01
4813816,5376265,1,2026-07-30 01:05:01,2026-07-30 16:05:01,2024-02-25 04:00:00
10008096,5376265,1,2026-06-20 12:05:01,2026-07-30 16:05:01,2024-02-07 09:47:00
10126551,5376265,16777473,2026-07-30 14:47:22,2026-07-30 16:05:01,2024-10-21 02:05:01
14757368,5376265,1,2026-07-28 09:05:01,2026-07-30 16:05:01,2024-08-12 23:05:01
4813816,5363377,1,2026-07-30 01:05:01,2026-07-30 16:05:01,2024-02-25 04:00:00
10126551,5363377,16777473,2026-07-30 14:47:22,2026-07-28 22:05:01,2024-10-21 19:05:01
14315827,5363377,65537,2024-03-08 19:31:00,2026-07-30 16:05:01,2024-03-08 19:31:00
14757368,5363377,1,2026-07-28 09:05:01,2026-07-30 16:05:01,2025-03-22 13:05:01
670524,5397410,1,2026-03-11 10:26:57,2026-07-30 16:05:01,2025-04-08 02:21:23
4813816,5397410,1,2026-07-30 01:05:01,2026-07-30 16:05:01,2024-02-25 04:00:00
10008096,5397410,1,2026-06-20 12:05:01,2026-07-30 16:05:01,2024-02-07 09:47:00
10126551,5397410,16777473,2026-07-30 14:47:22,2026-07-30 05:05:01,2024-10-21 02:05:01
10008096,5179425,1,2026-06-20 12:05:01,2026-07-30 16:05:01,2024-02-07 09:47:00
10126551,5179425,16777473,2026-07-30 14:47:22,2026-07-28 22:05:01,2024-10-21 02:05:01
14757368,5179425,1,2026-07-28 09:05:01,2026-07-30 16:05:01,2025-03-22 13:05:01
27746861,5179425,1,2026-07-29 17:05:01,2026-07-30 16:05:01,2024-02-21 14:19:00
4813816,4501019,1,2026-07-30 01:05:01,2026-07-30 16:05:01,2024-02-25 04:00:00
10126551,4501019,16777473,2026-07-30 14:47:22,2026-07-30 05:05:01,2024-10-21 02:05:01
14315827,4501019,65537,2024-03-08 19:31:00,2026-07-30 16:05:01,2023-10-21 21:57:00
27746861,4501019,1,2026-07-29 17:05:01,2026-07-30 16:05:01,2024-02-21 14:19:00
4813816,5048844,1,2026-07-30 01:05:01,2026-07-30 16:05:01,2024-02-25 04:00:00
10126551,5048844,16777473,2026-07-30 14:47:22,2026-07-30 05:05:01,2024-10-21 02:05:01
14315827,5048844,0,,2026-07-30 16:05:01,
32873098,5048844,1,2026-06-02 16:05:01,2026-07-30 16:05:01,2026-04-12 21:05:01
4813816,4469002,1,2026-07-30 01:05:01,2026-07-30 16:05:01,2024-02-25 04:00:00
10126551,4469002,16777473,2026-07-30 14:47:22,2026-07-30 05:05:01,2024-10-21 02:05:01
14315827,4469002,65537,2024-03-08 19:31:00,2026-07-30 16:05:01,2023-10-21 21:57:00
14757368,4469002,1,2026-07-28 09:05:01,2026-07-30 16:05:01,2025-03-22 13:05:01
10126551,1434270,16777473,2026-07-30 14:47:22,2026-07-30 05:05:01,2024-10-21 19:05:01
14315827,1434270,65537,2024-03-08 19:31:00,2026-07-30 16:05:01,2023-10-21 21:57:00
14757368,1434270,1,2026-07-28 09:05:01,2026-07-30 16:05:01,2025-03-22 13:05:01
27746861,1434270,1,2026-07-29 17:05:01,2026-07-30 16:05:01,2024-02-21 14:19:00
4813816,3725264,1,2026-07-30 01:05:01,2026-07-30 16:05:01,2024-02-25 04:00:00
10126551,3725264,16777473,2026-07-30 14:47:22,2026-07-30 01:05:01,2024-10-21 19:05:01
14315827,3725264,65537,2024-03-08 19:31:00,2026-07-30 16:05:01,2023-10-21 21:57:00
46916731,3725264,1,2026-07-30 05:05:01,2026-07-30 16:05:01,2026-06-24 17:05:01
4813816,4546963,1,2026-07-30 01:05:01,2026-07-30 16:05:01,2024-02-25 04:00:00
10126551,4546963,16777473,2026-07-30 14:47:22,2026-07-28 00:05:01,2024-10-21 02:05:01
14315827,4546963,65537,2024-03-08 19:31:00,2026-07-30 16:05:01,2023-10-21 21:57:00
14757368,4546963,1,2026-07-28 09:05:01,2026-07-30 16:05:01,2025-03-22 13:05:01
4813816,5253010,1,2026-07-30 01:05:01,2026-07-30 16:05:01,2024-02-25 04:00:00
10126551,5253010,16777473,2026-07-30 14:47:22,2026-07-30 04:05:01,2024-10-21 02:05:01
14315827,5253010,65537,2024-03-08 19:31:00,2026-07-30 16:05:01,2023-10-21 21:57:00
46916731,5253010,1,2026-07-30 05:05:01,2026-07-30 16:05:01,2026-06-24 17:05:01
670524,4679260,0,,2026-07-30 16:05:01,
14315827,4499432,65537,2024-03-08 19:31:00,2026-07-30 16:05:01,2023-10-21 21:57:00
46916731,4499432,1,2026-07-30 05:05:01,2026-07-30 14:05:02,2026-06-24 04:05:01
50325130,4499432,1,2026-04-13 11:05:02,2026-07-30 16:05:01,2026-01-12 11:05:01
670524,4214195,0,,2026-07-30 16:05:01,
10126551,4214195,16777473,2026-07-30 14:47:22,2026-07-28 00:05:01,2024-10-21 02:05:01
14757368,4214195,1,2026-07-28 09:05:01,2026-07-30 16:05:01,2024-02-24 23:50:00
32873098,4214195,1,2026-06-02 16:05:01,2026-07-30 16:05:01,2026-04-12 21:05:01
46916731,4214195,1,2026-07-30 05:05:01,2026-07-30 16:05:01,2026-06-24 17:05:01
10126551,4868787,16777473,2026-07-30 14:47:22,2026-07-28 00:05:01,2024-10-21 02:05:01
14315827,4868787,65537,2024-03-08 19:31:00,2026-07-30 16:05:01,2023-10-21 21:57:00
14757368,4868787,1,2026-07-28 09:05:01,2026-07-30 16:05:01,2025-03-22 13:05:01
32873098,4868787,1,2026-06-02 16:05:01,2026-07-30 16:05:01,2026-05-02 15:05:00
10126551,4825115,16777473,2026-07-30 14:47:22,2026-07-28 00:05:01,2024-10-21 02:05:01
14315827,4825115,65537,2024-03-08 19:31:00,2026-07-30 16:05:01,2023-10-21 21:57:00
14757368,4825115,1,2026-07-28 09:05:01,2026-07-30 16:05:01,2025-03-22 13:05:01
27746861,4825115,1,2026-07-29 17:05:01,2026-07-30 16:05:01,2024-03-09 19:06:00
670524,4510109,1,2026-03-11 10:26:57,2026-07-30 16:05:01,2025-04-08 02:21:23
10126551,4510109,16777473,2026-07-30 14:47:22,2026-07-28 04:05:01,2024-10-21 02:05:01
14315827,4510109,65537,2024-03-08 19:31:00,2026-07-30 16:05:01,2023-10-21 21:57:00
46916731,4510109,1,2026-07-30 05:05:01,2026-07-30 16:05:01,2026-06-24 17:05:01
10126551,4660412,16777473,2026-07-30 14:47:22,2026-07-28 00:05:01,2024-10-21 19:05:01
14315827,4660412,65537,2024-03-08 19:31:00,2026-07-30 16:05:01,2023-10-21 21:57:00
14757368,4660412,1,2026-07-28 09:05:01,2026-07-30 16:05:01,2025-03-22 13:05:01
27746861,4660412,1,2026-07-29 17:05:01,2026-07-30 16:05:01,2024-02-21 14:19:00
4813816,4887534,1,2026-07-30 01:05:01,2026-07-30 16:05:01,2024-02-25 04:00:00
10126551,4887534,16777473,2026-07-30 14:47:22,2026-07-30 05:05:01,2024-10-21 02:05:01
14315827,4887534,65537,2024-03-08 19:31:00,2026-07-30 16:05:01,2023-10-21 21:57:00
46916731,4887534,1,2026-07-30 05:05:01,2026-07-30 16:05:01,2026-06-24 17:05:01
4813816,4752758,1,2026-07-30 01:05:01,2026-07-30 16:05:01,2024-02-25 04:00:00
10126551,4752758,16777473,2026-07-30 14:47:22,2026-07-30 05:05:01,2024-10-21 02:05:01
14315827,4752758,65537,2024-03-08 19:31:00,2026-07-30 16:05:01,2023-10-21 21:57:00
14757368,4752758,1,2026-07-28 09:05:01,2026-07-30 16:05:01,2024-08-12 23:05:01
4813816,4311043,1,2026-07-30 01:05:01,2026-07-30 16:05:01,2024-02-25 04:00:00
10126551,4311043,16777473,2026-07-30 14:47:22,2026-07-28 00:05:01,2024-10-21 02:05:01
14315827,4311043,65537,2024-03-08 19:31:00,2026-07-30 16:05:01,2023-10-21 21:57:00
14757368,4311043,1,2026-07-28 09:05:01,2026-07-30 16:05:01,2024-08-12 23:05:01
10126551,4553135,16777473,2026-07-30 14:47:22,2026-07-28 00:05:01,2024-10-21 02:05:01
14315827,4553135,65537,2024-03-08 19:31:00,2026-07-30 16:05:01,2023-10-21 21:57:00
14757368,4553135,1,2026-07-28 09:05:01,2026-07-30 16:05:01,2025-03-22 13:05:01
32873098,4553135,1,2026-06-02 16:05:01,2026-07-30 16:05:01,2026-05-02 15:05:00
4813816,4735646,1,2026-07-30 01:05:01,2026-07-30 16:05:01,2024-02-25 04:00:00
10126551,4735646,16777473,2026-07-30 14:47:22,2026-07-30 04:05:01,2024-10-21 02:05:01
14315827,4735646,65537,2024-03-08 19:31:00,2026-07-30 16:05:01,2023-10-21 21:57:00
14757368,4735646,1,2026-07-28 09:05:01,2026-07-30 16:05:01,2025-03-22 13:05:01
4813816,4790326,1,2026-07-30 01:05:01,2026-07-30 16:05:01,2024-02-25 04:00:00
10126551,4790326,16777473,2026-07-30 14:47:22,2026-07-30 05:05:01,2024-10-21 02:05:01
14315827,4790326,65537,2024-03-08 19:31:00,2026-07-30 16:05:01,2023-10-21 21:57:00
14757368,4790326,1,2026-07-28 09:05:01,2026-07-30 16:05:01,2025-03-22 13:05:01
4813816,4154819,1,2026-07-30 01:05:01,2026-07-30 16:05:01,2024-02-25 04:00:00
10126551,4154819,16777473,2026-07-30 14:47:22,2026-07-28 00:05:01,2024-10-21 02:05:01
14315827,4154819,65537,2024-03-08 19:31:00,2026-07-30 16:05:01,2023-10-21 21:57:00
14757368,4154819,1,2026-07-28 09:05:01,2026-07-30 16:05:01,2024-08-12 23:05:01
4813816,4881810,1,2026-07-30 01:05:01,2026-07-30 16:05:01,2024-02-25 04:00:00
10126551,4881810,16777473,2026-07-30 14:47:22,2026-07-30 05:05:01,2024-10-21 02:05:01
14315827,4881810,65537,2024-03-08 19:31:00,2026-07-30 16:05:01,2023-10-21 21:57:00
14757368,4881810,1,2026-07-28 09:05:01,2026-07-30 16:05:01,2024-08-12 23:05:01
4813816,4145920,1,2026-07-30 01:05:01,2026-07-30 16:05:01,2024-02-25 04:00:00
10126551,4145920,16777473,2026-07-30 14:47:22,2026-07-30 05:05:01,2024-10-21 02:05:01
14315827,4145920,65537,2024-03-08 19:31:00,2026-07-30 16:05:01,2023-10-21 21:57:00
14757368,4145920,1,2026-07-28 09:05:01,2026-07-30 16:05:01,2024-08-12 23:05:01
670524,4310964,0,,2026-07-30 16:05:01,
10126551,4310964,16777473,2026-07-30 14:47:22,2026-07-28 00:05:01,2024-10-21 02:05:01
14757368,4310964,1,2026-07-28 09:05:01,2026-07-30 16:05:01,2024-02-24 23:50:00
32873098,4310964,1,2026-06-02 16:05:01,2026-07-30 16:05:01,2026-04-12 21:05:01
46916731,4310964,1,2026-07-30 05:05:01,2026-07-30 16:05:01,2026-06-24 17:05:01
10126551,4439386,16777473,2026-07-30 14:47:22,2026-07-28 23:05:01,2024-10-21 19:05:01
14315827,4439386,65537,2024-03-08 19:31:00,2026-07-30 16:05:01,2023-10-21 21:57:00
14757368,4439386,1,2026-07-28 09:05:01,2026-07-30 16:05:01,2024-02-24 23:50:00
46916731,4439386,1,2026-07-30 05:05:01,2026-07-30 16:05:01,2026-06-24 04:05:01
4813816,4003864,1,2026-07-30 01:05:01,2026-07-30 16:05:01,2024-02-25 04:00:00
10126551,4003864,16777473,2026-07-30 14:47:22,2026-07-30 05:05:01,2024-10-21 02:05:01
14315827,4003864,65537,2024-03-08 19:31:00,2026-07-30 16:05:01,2023-10-21 21:57:00
14757368,4003864,1,2026-07-28 09:05:01,2026-07-30 16:05:01,2025-03-22 13:05:01
4813816,4970870,1,2026-07-30 01:05:01,2026-07-30 16:05:01,2024-02-25 04:00:00
10126551,4970870,16777473,2026-07-30 14:47:22,2026-07-30 05:05:01,2024-10-21 02:05:01
14315827,4970870,65537,2024-03-08 19:31:00,2026-07-30 16:05:01,2023-10-21 21:57:00
14757368,4970870,1,2026-07-28 09:05:01,2026-07-30 16:05:01,2025-03-22 13:05:01
4813816,4499520,1,2026-07-30 01:05:01,2026-07-30 16:05:01,2024-02-25 04:00:00
10126551,4499520,16777473,2026-07-30 14:47:22,2026-07-30 05:05:01,2024-10-21 02:05:01
14315827,4499520,65537,2024-03-08 19:31:00,2026-07-30 16:05:01,2023-10-21 21:57:00
46916731,4499520,1,2026-07-30 05:05:01,2026-07-30 16:05:01,2026-06-24 17:05:01
10126551,4673287,16777473,2026-07-30 14:47:22,2026-07-28 00:05:01,2024-10-21 02:05:01
14315827,4673287,65537,2024-03-08 19:31:00,2026-07-30 16:05:01,2023-10-21 21:57:00
14757368,4673287,1,2026-07-28 09:05:01,2026-07-30 16:05:01,2025-03-22 13:05:01
32873098,4673287,1,2026-06-02 16:05:01,2026-07-30 16:05:01,2026-05-02 15:05:00
670524,4893864,0,,2026-07-30 16:05:01,
4813816,4893864,1,2026-07-30 01:05:01,2026-07-30 16:05:01,2024-02-25 04:00:00
10126551,4893864,16777473,2026-07-30 14:47:22,2026-07-28 00:05:01,2024-10-21 02:05:01
14315827,4893864,65537,2024-03-08 19:31:00,2026-07-30 16:05:01,2023-10-21 21:57:00
32873098,4893864,1,2026-06-02 16:05:01,2026-07-30 16:05:01,2026-04-12 21:05:01
4813816,4441035,1,2026-07-30 01:05:01,2026-07-30 16:05:01,2024-02-25 04:00:00
10126551,4441035,16777473,2026-07-30 14:47:22,2026-07-28 00:05:01,2024-10-21 02:05:01
14757368,4441035,1,2026-07-28 09:05:01,2026-07-30 16:05:01,2024-02-24 23:50:00
32873098,4441035,1,2026-06-02 16:05:01,2026-07-30 16:05:01,2026-05-02 15:05:00
4813816,5006947,1,2026-07-30 01:05:01,2026-07-30 16:05:01,2024-02-25 04:00:00
10126551,5006947,16777473,2026-07-30 14:47:22,2026-07-30 05:05:01,2024-10-21 02:05:01
14315827,5006947,65537,2024-03-08 19:31:00,2026-07-30 16:05:01,2023-10-21 21:57:00
46916731,5006947,1,2026-07-30 05:05:01,2026-07-30 16:05:01,2026-06-24 17:05:01
4813816,3366590,1,2026-07-30 01:05:01,2026-07-30 16:05:01,2024-02-25 04:00:00
10126551,3366590,16777473,2026-07-30 14:47:22,2026-07-30 05:05:01,2024-10-21 19:05:01
14315827,3366590,65537,2024-03-08 19:31:00,2026-07-30 16:05:01,2023-10-21 21:57:00
14757368,3366590,1,2026-07-28 09:05:01,2026-07-30 16:05:01,2025-03-22 13:05:01
670524,4035863,0,,2026-07-30 16:05:01,
10126551,4035863,16777473,2026-07-30 14:47:22,2026-07-28 00:05:01,2024-10-21 02:05:01
14757368,4035863,1,2026-07-28 09:05:01,2026-07-30 16:05:01,2024-02-24 23:50:00
32873098,4035863,1,2026-06-02 16:05:01,2026-07-30 16:05:01,2026-04-12 21:05:01
46916731,4035863,1,2026-07-30 05:05:01,2026-07-30 16:05:01,2026-06-24 17:05:01
670524,4441281,0,,2026-07-30 16:05:01,
10126551,4441281,16777473,2026-07-30 14:47:22,2026-07-28 00:05:01,2024-10-21 02:05:01
32873098,4441281,1,2026-06-02 16:05:01,2026-07-30 16:05:01,2026-04-12 21:05:01
46916731,4441281,1,2026-07-30 05:05:01,2026-07-30 16:05:01,2026-06-24 17:05:01
4813816,4813942,1,2026-07-30 01:05:01,2026-07-30 16:05:01,2024-02-25 04:00:00
10126551,4813942,16777473,2026-07-30 14:47:22,2026-07-30 05:05:01,2024-10-21 02:05:01
14315827,4813942,65537,2024-03-08 19:31:00,2026-07-30 16:05:01,2023-10-21 21:57:00
14757368,4813942,1,2026-07-28 09:05:01,2026-07-30 16:05:01,2025-03-22 13:05:01
670524,4865979,0,,2026-07-30 16:05:01,
10126551,4865979,16777473,2026-07-30 14:47:22,2026-07-30 05:05:01,2024-10-21 02:05:01
14315827,4865979,65537,2024-03-08 19:31:00,2026-07-30 16:05:01,2023-10-21 21:57:00
46916731,4865979,1,2026-07-30 05:05:01,2026-07-30 16:05:01,2026-06-24 17:05:01
670524,4672415,0,,2026-07-30 16:05:01,
4813816,4672415,1,2026-07-30 01:05:01,2026-07-30 16:05:01,2024-02-25 04:00:00
10126551,4672415,16777473,2026-07-30 14:47:22,2026-07-28 23:05:01,2024-10-21 02:05:01
14315827,4672415,65537,2024-03-08 19:31:00,2026-07-30 16:05:01,2023-10-21 21:57:00
46916731,4672415,1,2026-07-30 05:05:01,2026-07-30 16:05:01,2026-06-24 17:05:01
4813816,5117851,1,2026-07-30 01:05:01,2026-07-30 16:05:01,2024-02-25 04:00:00
10126551,5117851,16777473,2026-07-30 14:47:22,2026-07-30 04:05:01,2024-10-21 02:05:01
14315827,5117851,65537,2024-03-08 19:31:00,2026-07-30 16:05:01,2023-10-21 21:57:00
14757368,5117851,1,2026-07-28 09:05:01,2026-07-30 16:05:01,2025-03-22 13:05:01
10126551,4913256,16777473,2026-07-30 14:47:22,2026-07-30 04:05:01,2024-11-04 20:05:01
14315827,4913256,65537,2024-03-08 19:31:00,2026-07-30 16:05:01,2023-10-21 21:57:00
27746861,4913256,1,2026-07-29 17:05:01,2026-07-30 12:05:01,2024-02-21 14:19:00
46916731,4913256,1,2026-07-30 05:05:01,2026-07-30 12:05:01,2026-06-30 17:05:01
4813816,4148189,1,2026-07-30 01:05:01,2026-07-30 16:05:01,2024-02-25 04:00:00
10126551,4148189,16777473,2026-07-30 14:47:22,2026-07-30 05:05:01,2024-10-21 02:05:01
14315827,4148189,65537,2024-03-08 19:31:00,2026-07-30 16:05:01,2023-10-21 21:57:00
46916731,4148189,1,2026-07-30 05:05:01,2026-07-30 16:05:01,2026-06-24 17:05:01
10126551,3384365,16777473,2026-07-30 14:47:22,2026-07-30 05:05:01,2024-10-21 02:05:01
14315827,3384365,65537,2024-03-08 19:31:00,2026-07-30 16:05:01,2023-10-21 21:57:00
14757368,3384365,1,2026-07-28 09:05:01,2026-07-30 16:05:01,2025-03-22 13:05:01
27746861,3384365,1,2026-07-29 17:05:01,2026-07-30 16:05:01,2024-02-21 14:19:00
10126551,4920980,16777473,2026-07-30 14:47:22,2026-07-30 05:05:01,2024-10-21 02:05:01
14315827,4920980,65537,2024-03-08 19:31:00,2026-07-30 16:05:01,2023-10-21 21:57:00
14757368,4920980,1,2026-07-28 09:05:01,2026-07-30 16:05:01,2025-03-22 13:05:01
27746861,4920980,1,2026-07-29 17:05:01,2026-07-30 16:05:01,2024-02-21 14:19:00
10126551,4781919,16777473,2026-07-30 14:47:22,2026-07-30 05:05:01,2024-10-21 02:05:01
14315827,4781919,65537,2024-03-08 19:31:00,2026-07-30 16:05:01,2023-10-21 21:57:00
27746861,4781919,1,2026-07-29 17:05:01,2026-07-30 16:05:01,2024-02-21 14:19:00
32873098,4781919,1,2026-06-02 16:05:01,2026-07-30 16:05:01,2026-04-12 21:05:01
4813816,5175111,1,2026-07-30 01:05:01,2026-07-29 12:05:02,2024-02-25 04:00:00
10126551,5175111,16777473,2026-07-30 14:47:22,2026-07-28 00:05:01,2024-10-21 02:05:01
14315827,5175111,65537,2024-03-08 19:31:00,2026-07-30 16:05:01,2023-10-21 21:57:00
46916731,5175111,1,2026-07-30 05:05:01,2026-07-30 16:05:01,2026-06-24 17:05:01
4813816,4327898,1,2026-07-30 01:05:01,2026-07-30 16:05:01,2024-02-25 04:00:00
10126551,4327898,16777473,2026-07-30 14:47:22,2026-07-30 05:05:01,2024-10-21 19:05:01
14315827,4327898,65537,2024-03-08 19:31:00,2026-07-30 16:05:01,2023-10-21 21:57:00
14757368,4327898,1,2026-07-28 09:05:01,2026-07-30 16:05:01,2025-03-22 13:05:01
10126551,5119626,16777473,2026-07-30 14:47:22,2026-07-28 23:05:01,2024-10-21 02:05:01
46916731,5119626,1,2026-07-30 05:05:01,2026-07-30 16:05:01,2026-06-24 17:05:01
50325130,5119626,1,2026-04-13 11:05:02,2026-07-30 16:05:01,2026-01-12 11:05:01
4813816,5005687,1,2026-07-30 01:05:01,2026-07-30 16:05:01,2024-02-25 04:00:00
10008096,5005687,1,2026-06-20 12:05:01,2026-07-30 16:05:01,2024-02-07 09:47:00
10126551,5005687,16777473,2026-07-30 14:47:22,2026-07-28 04:05:01,2024-10-21 02:05:01
670524,5203261,0,,2026-07-30 16:05:01,
10008096,5203261,1,2026-06-20 12:05:01,2026-07-30 16:05:01,2024-02-07 09:47:00
10126551,5203261,16777473,2026-07-30 14:47:22,2026-07-28 23:05:01,2024-10-21 02:05:01
32873098,5203261,1,2026-06-02 16:05:01,2026-07-30 16:05:01,2026-04-12 21:05:01
46916731,5203261,1,2026-07-30 05:05:01,2026-07-30 16:05:01,2026-06-24 17:05:01
4813816,4402109,1,2026-07-30 01:05:01,2026-07-30 16:05:01,2024-02-25 04:00:00
10008096,4402109,1,2026-06-20 12:05:01,2026-07-30 15:05:01,2024-02-07 09:47:00
10126551,4402109,16777473,2026-07-30 14:47:22,2026-07-30 15:05:01,2024-10-21 19:05:01
14757368,4402109,1,2026-07-28 09:05:01,2026-07-30 16:05:01,2024-08-12 23:05:01
4813816,5083130,1,2026-07-30 01:05:01,2026-07-30 16:05:01,2024-02-25 04:00:00
10126551,5083130,16777473,2026-07-30 14:47:22,2026-07-30 05:05:01,2024-10-21 02:05:01
14315827,5083130,65537,2024-03-08 19:31:00,2026-07-30 16:05:01,2023-10-21 21:57:00
14757368,5083130,1,2026-07-28 09:05:01,2026-07-30 16:05:01,2024-08-12 23:05:01
670524,5196223,0,,2026-07-30 16:05:01,
10126551,5196223,16777473,2026-07-30 14:47:22,2026-07-30 01:05:01,2024-10-21 02:05:01
14315827,5196223,65537,2024-03-08 19:31:00,2026-07-30 16:05:01,2023-10-21 21:57:00
46916731,5196223,1,2026-07-30 05:05:01,2026-07-30 16:05:01,2026-06-24 17:05:01
4813816,5193887,1,2026-07-30 01:05:01,2026-07-30 16:05:01,2024-02-25 04:00:00
10126551,5193887,16777473,2026-07-30 14:47:22,2026-07-28 00:05:01,2024-10-21 02:05:01
14315827,5193887,65537,2024-03-08 19:31:00,2026-07-30 16:05:01,2023-10-21 21:57:00
14757368,5193887,1,2026-07-28 09:05:01,2026-07-30 16:05:01,2025-03-22 13:05:01
4813816,5314334,1,2026-07-30 01:05:01,2026-07-30 16:05:01,2024-02-25 04:00:00
10126551,5314334,16777473,2026-07-30 14:47:22,2026-07-28 00:05:01,2024-10-21 02:05:01
14315827,5314334,65537,2024-03-08 19:31:00,2026-07-30 16:05:01,2023-10-21 21:57:00
14757368,5314334,1,2026-07-28 09:05:01,2026-07-30 16:05:01,2024-08-12 23:05:01
4813816,5271815,1,2026-07-30 01:05:01,2026-07-30 16:05:01,2024-02-25 04:00:00
10008096,5271815,1,2026-06-20 12:05:01,2026-07-30 16:05:01,2024-02-07 09:47:00
10126551,5271815,16777473,2026-07-30 14:47:22,2026-07-30 05:05:01,2024-10-21 02:05:01
14757368,5271815,1,2026-07-28 09:05:01,2026-07-30 16:05:01,2025-03-22 13:05:01
4813816,4709395,1,2026-07-30 01:05:01,2026-07-30 07:05:01,2024-02-25 04:00:00
10126551,4709395,16777473,2026-07-30 14:47:22,2026-07-27 02:05:01,2024-10-21 02:05:01
46916731,4709395,1,2026-07-30 05:05:01,2026-07-30 16:05:01,2026-06-24 17:05:01
50325130,4709395,1,2026-04-13 11:05:02,2026-07-30 16:05:01,2025-12-29 04:05:01
670524,4479790,0,,2026-07-30 16:05:01,
10126551,4479790,16777473,2026-07-30 14:47:22,2026-07-28 00:05:01,2024-10-21 19:05:01
14315827,4479790,65537,2024-03-08 19:31:00,2026-07-30 16:05:01,2023-10-21 21:57:00
27746861,4479790,1,2026-07-29 17:05:01,2026-07-30 16:05:01,2024-02-21 14:19:00
32873098,4479790,1,2026-06-02 16:05:01,2026-07-30 16:05:01,2026-04-12 21:05:01
4813816,4909195,1,2026-07-30 01:05:01,2026-07-30 16:05:01,2024-02-25 04:00:00
10126551,4909195,16777473,2026-07-30 14:47:22,2026-07-30 05:05:01,2024-10-21 02:05:01
14315827,4909195,65537,2024-03-08 19:31:00,2026-07-30 16:05:01,2023-10-21 21:57:00
14757368,4909195,1,2026-07-28 09:05:01,2026-07-30 16:05:01,2025-03-22 13:05:01
10126551,5375240,16777473,2026-07-30 14:47:22,2026-07-30 05:05:01,2024-10-21 02:05:01
14315827,5375240,65537,2024-03-08 19:31:00,2026-07-30 16:05:01,2023-10-21 21:57:00
14757368,5375240,1,2026-07-28 09:05:01,2026-07-30 16:05:01,2025-03-22 13:05:01
27746861,5375240,1,2026-07-29 17:05:01,2026-07-30 16:05:01,2024-02-21 14:19:00
10126551,5285792,16777473,2026-07-30 14:47:22,2026-07-30 05:05:01,2024-10-21 02:05:01
14315827,5285792,65537,2024-03-08 19:31:00,2026-07-30 16:05:01,2023-10-21 21:57:00
27746861,5285792,1,2026-07-29 17:05:01,2026-07-30 16:05:01,2024-02-21 14:19:00
32873098,5285792,1,2026-06-02 16:05:01,2026-07-30 16:05:01,2026-04-12 21:05:01
4813816,3675478,1,2026-07-30 01:05:01,2026-07-30 16:05:01,2024-02-25 04:00:00
10126551,3675478,16777473,2026-07-30 14:47:22,2026-07-30 05:05:01,2024-10-21 02:05:01
14315827,3675478,65537,2024-03-08 19:31:00,2026-07-30 16:05:01,2023-10-21 21:57:00
32873098,3675478,1,2026-06-02 16:05:01,2026-07-30 16:05:01,2026-04-12 21:05:01
670524,5296415,0,,2026-07-30 16:05:01,
4813816,5296415,1,2026-07-30 01:05:01,2026-07-30 16:05:01,2024-02-25 04:00:00
10126551,5296415,16777473,2026-07-30 14:47:22,2026-07-28 00:05:01,2024-10-21 02:05:01
14315827,5296415,65537,2024-03-08 19:31:00,2026-07-30 16:05:01,2023-10-21 21:57:00
32873098,5296415,1,2026-06-02 16:05:01,2026-07-30 16:05:01,2026-04-12 21:05:01
670524,4321874,1,2026-03-11 10:26:57,2026-07-30 16:05:01,2025-04-08 02:21:23
10126551,4321874,16777473,2026-07-30 14:47:22,2026-07-28 05:05:01,2024-10-21 02:05:01
14315827,4321874,65537,2024-03-08 19:31:00,2026-07-30 16:05:01,2023-10-21 21:57:00
32873098,4321874,1,2026-06-02 16:05:01,2026-07-30 16:05:01,2026-04-12 21:05:01
4813816,4651274,1,2026-07-30 01:05:01,2026-07-30 16:05:01,2024-02-25 04:00:00
10126551,4651274,16777473,2026-07-30 14:47:22,2026-07-30 05:05:01,2024-10-21 02:05:01
14315827,4651274,65537,2024-03-08 19:31:00,2026-07-30 16:05:01,2023-10-21 21:57:00
14757368,4651274,1,2026-07-28 09:05:01,2026-07-30 16:05:01,2025-03-22 13:05:01
4813816,5390643,1,2026-07-30 01:05:01,2026-07-30 16:05:01,2024-02-25 04:00:00
10126551,5390643,16777473,2026-07-30 14:47:22,2026-07-28 23:05:01,2024-10-21 02:05:01
14315827,5390643,65537,2024-03-08 19:31:00,2026-07-30 16:05:01,2023-10-21 21:57:00
14757368,5390643,1,2026-07-28 09:05:01,2026-07-30 16:05:01,2025-03-22 13:05:01
670524,5365589,1,2026-03-11 10:26:57,2026-07-30 16:05:01,2025-04-08 02:21:23
4813816,5365589,1,2026-07-30 01:05:01,2026-07-30 16:05:01,2024-02-25 04:00:00
10126551,5365589,16777473,2026-07-30 14:47:22,2026-07-28 00:05:01,2024-10-21 02:05:01
14315827,5365589,65537,2024-03-08 19:31:00,2026-07-30 16:05:01,2023-10-21 21:57:00
32873098,5365589,1,2026-06-02 16:05:01,2026-07-30 16:05:01,2026-04-12 21:05:01
4813816,3905104,1,2026-07-30 01:05:01,2026-07-30 16:05:01,2024-02-25 04:00:00
10126551,3905104,16777473,2026-07-30 14:47:22,2026-07-30 04:05:01,2024-10-21 02:05:01
14315827,3905104,65537,2024-03-08 19:31:00,2026-07-30 16:05:01,2023-10-21 21:57:00
14757368,3905104,1,2026-07-28 09:05:01,2026-07-30 16:05:01,2025-03-22 13:05:01
7664177,5410660,1,2026-07-30 00:05:01,2026-07-30 16:05:01,2024-02-24 03:15:00
10008096,5410660,1,2026-06-20 12:05:01,2026-07-30 16:05:01,2024-02-07 09:47:00
10126551,5410660,16777473,2026-07-30 14:47:22,2026-07-28 23:05:01,2024-10-21 02:05:01
46916731,5410660,1,2026-07-30 05:05:01,2026-07-30 16:05:01,2026-06-24 17:05:01
4813816,5393886,1,2026-07-30 01:05:01,2026-07-30 16:05:01,2024-02-25 04:00:00
10126551,5393886,16777473,2026-07-30 14:47:22,2026-07-30 03:05:02,2024-10-21 02:05:01
14315827,5393886,65537,2024-03-08 19:31:00,2026-07-30 16:05:01,2023-10-21 21:57:00
14757368,5393886,1,2026-07-28 09:05:01,2026-07-30 16:05:01,2024-08-12 23:05:01
4813816,4996418,1,2026-07-30 01:05:01,2026-07-30 16:05:01,2024-02-25 04:00:00
10126551,4996418,16777473,2026-07-30 14:47:22,2026-07-30 05:05:01,2024-10-21 02:05:01
14315827,4996418,65537,2024-03-08 19:31:00,2026-07-30 16:05:01,2023-10-21 21:57:00
14757368,4996418,1,2026-07-28 09:05:01,2026-07-30 16:05:01,2025-03-22 13:05:01
4813816,5029739,1,2026-07-30 01:05:01,2026-07-30 16:05:01,2024-02-25 04:00:00
10126551,5029739,16777473,2026-07-30 14:47:22,2026-07-30 05:05:01,2024-10-21 02:05:01
14315827,5029739,65537,2024-03-08 19:31:00,2026-07-30 16:05:01,2023-10-21 21:57:00
27746861,5029739,1,2026-07-29 17:05:01,2026-07-30 16:05:01,2024-02-21 14:19:00
10126551,4457307,16777473,2026-07-30 14:47:22,2026-07-28 23:05:01,2024-10-21 02:05:01
4813816,4679260,1,2026-07-30 01:05:01,2026-07-30 16:05:01,2024-02-25 04:00:00
10126551,4679260,16777473,2026-07-30 14:47:22,2026-07-28 23:05:01,2024-10-21 02:05:01
14315827,4679260,65537,2024-03-08 19:31:00,2026-07-30 16:05:01,2023-10-21 21:57:00
46916731,4679260,1,2026-07-30 05:05:01,2026-07-30 16:05:01,2026-06-24 17:05:01
4813816,3352803,1,2026-07-30 01:05:01,2026-07-30 16:05:01,2024-02-25 04:00:00
10126551,3352803,16777473,2026-07-30 14:47:22,2026-07-30 05:05:01,2024-10-21 02:05:01
14315827,3352803,65537,2024-03-08 19:31:00,2026-07-30 16:05:01,2023-10-21 21:57:00
14757368,3352803,1,2026-07-28 09:05:01,2026-07-30 16:05:01,2024-08-12 23:05:01
4813816,5460860,1,2026-07-30 01:05:01,2026-07-30 16:05:01,2024-02-25 04:00:00
10126551,5460860,16777473,2026-07-30 14:47:22,2026-07-30 05:05:01,2024-10-21 02:05:01
14315827,5460860,65537,2024-03-08 19:31:00,2026-07-30 16:05:01,2023-10-21 21:57:00
14757368,5460860,1,2026-07-28 09:05:01,2026-07-30 16:05:01,2025-03-22 13:05:01
10126551,5074419,16777473,2026-07-30 14:47:22,2026-07-30 05:05:01,2024-10-21 02:05:01
14315827,5074419,65537,2024-03-08 19:31:00,2026-07-30 16:05:01,2023-10-21 21:57:00
14757368,5074419,1,2026-07-28 09:05:01,2026-07-30 16:05:01,2025-03-22 13:05:01
27746861,5074419,1,2026-07-29 17:05:01,2026-07-30 16:05:01,2024-02-21 14:19:00
4813816,5034096,1,2026-07-30 01:05:01,2026-07-30 16:05:01,2024-02-25 04:00:00
10126551,5034096,16777473,2026-07-30 14:47:22,2026-07-30 05:05:01,2024-10-21 02:05:01
14315827,5034096,65537,2024-03-08 19:31:00,2026-07-30 16:05:01,2023-10-21 21:57:00
14757368,5034096,1,2026-07-28 09:05:01,2026-07-30 16:05:01,2025-03-22 13:05:01
670524,5537728,1,2026-03-11 10:26:57,2026-07-30 16:05:01,2025-04-08 02:21:23
4813816,5537728,1,2026-07-30 01:05:01,2026-07-30 16:05:01,2024-02-25 04:00:00
10126551,5537728,16777473,2026-07-30 14:47:22,2026-07-28 00:05:01,2024-10-21 02:05:01
14315827,5537728,65537,2024-03-08 19:31:00,2026-07-30 16:05:01,2023-10-21 21:57:00
32873098,5537728,1,2026-06-02 16:05:01,2026-07-30 16:05:01,2026-04-12 21:05:01
4813816,5541769,1,2026-07-30 01:05:01,2026-07-30 16:05:01,2024-02-25 04:00:00
10126551,5541769,16777473,2026-07-30 14:47:22,2026-07-30 04:05:01,2024-10-21 02:05:01
14315827,5541769,65537,2024-03-08 19:31:00,2026-07-30 16:05:01,2023-10-21 21:57:00
14757368,5541769,1,2026-07-28 09:05:01,2026-07-30 16:05:01,2025-03-22 13:05:01
670524,4071647,0,,2026-07-30 16:05:01,
10126551,4071647,16777473,2026-07-30 14:47:22,2026-07-28 00:05:01,2024-10-21 19:05:01
14315827,4071647,65537,2024-03-08 19:31:00,2026-07-30 16:05:01,2023-10-21 21:57:00
27746861,4071647,1,2026-07-29 17:05:01,2026-07-30 16:05:01,2024-02-21 14:19:00
32873098,4071647,1,2026-06-02 16:05:01,2026-07-30 16:05:01,2026-04-12 21:05:01
4813816,4464445,1,2026-07-30 01:05:01,2026-07-30 16:05:01,2024-02-25 04:00:00
10126551,4464445,16777473,2026-07-30 14:47:22,2026-07-30 04:05:01,2024-10-21 02:05:01
14315827,4464445,65537,2024-03-08 19:31:00,2026-07-30 16:05:01,2023-10-21 21:57:00
46916731,4464445,1,2026-07-30 05:05:01,2026-07-30 16:05:01,2026-06-24 17:05:01
4813816,5433691,1,2026-07-30 01:05:01,2026-07-30 16:05:01,2024-02-25 04:00:00
10126551,5433691,16777473,2026-07-30 14:47:22,2026-07-28 00:05:01,2024-10-21 02:05:01
14315827,5433691,65537,2024-03-08 19:31:00,2026-07-30 16:05:01,2023-10-21 21:57:00
14757368,5433691,1,2026-07-28 09:05:01,2026-07-30 16:05:01,2025-03-22 13:05:01
4813816,4460246,1,2026-07-30 01:05:01,2026-07-30 16:05:01,2024-02-25 04:00:00
10126551,4460246,16777473,2026-07-30 14:47:22,2026-07-30 05:05:01,2024-10-21 02:05:01
14315827,4460246,65537,2024-03-08 19:31:00,2026-07-30 16:05:01,2023-10-21 21:57:00
32873098,4460246,1,2026-06-02 16:05:01,2026-07-30 16:05:01,2026-04-12 21:05:01
4813816,5194189,1,2026-07-30 01:05:01,2026-07-30 16:05:01,2024-02-25 04:00:00
10126551,5194189,16777473,2026-07-30 14:47:22,2026-07-28 05:05:01,2024-10-21 02:05:01
14315827,5194189,65537,2024-03-08 19:31:00,2026-07-30 16:05:01,2023-10-21 21:57:00
14757368,5194189,1,2026-07-28 09:05:01,2026-07-30 16:05:01,2024-08-12 23:05:01
4813816,4547191,1,2026-07-30 01:05:01,2026-07-30 16:05:01,2024-02-25 04:00:00
10126551,4547191,16777473,2026-07-30 14:47:22,2026-07-30 05:05:01,2024-10-21 02:05:01
14315827,4547191,65537,2024-03-08 19:31:00,2026-07-30 16:05:01,2023-10-21 21:57:00
14757368,4547191,1,2026-07-28 09:05:01,2026-07-30 16:05:01,2025-03-22 13:05:01
4813816,5553448,1,2026-07-30 01:05:01,2026-07-30 16:05:01,2024-02-25 04:00:00
10126551,5553448,16777473,2026-07-30 14:47:22,2026-07-30 16:05:01,2024-10-21 02:05:01
32873098,5553448,1,2026-06-02 16:05:01,2026-07-30 16:05:01,2025-06-27 18:05:01
670524,5232734,1,2026-03-11 10:26:57,2026-07-30 16:05:01,2025-04-09 03:05:02
4813816,5232734,1,2026-07-30 01:05:01,2026-07-30 16:05:01,2024-02-25 04:00:00
10126551,5232734,16777473,2026-07-30 14:47:22,2026-07-30 05:05:01,2024-10-21 02:05:01
14315827,5232734,65537,2024-03-08 19:31:00,2026-07-30 16:05:01,2023-10-21 21:57:00
4813816,3577873,1,2026-07-30 01:05:01,2026-07-30 16:05:01,2024-02-25 04:00:00
10126551,3577873,16777473,2026-07-30 14:47:22,2026-07-28 23:05:01,2024-10-21 02:05:01
14315827,3577873,65537,2024-03-08 19:31:00,2026-07-30 16:05:01,2023-10-21 21:57:00
14757368,3577873,1,2026-07-28 09:05:01,2026-07-30 16:05:01,2025-03-22 13:05:01
4813816,4756839,1,2026-07-30 01:05:01,2026-07-30 16:05:01,2024-02-25 04:00:00
10126551,4756839,16777473,2026-07-30 14:47:22,2026-07-30 05:05:01,2024-10-21 02:05:01
14315827,4756839,65537,2024-03-08 19:31:00,2026-07-30 16:05:01,2023-10-21 21:57:00
46916731,4756839,1,2026-07-30 05:05:01,2026-07-30 16:05:01,2026-06-24 17:05:01
670524,4349603,0,,2026-07-30 16:05:01,
4813816,4349603,1,2026-07-30 01:05:01,2026-07-30 16:05:01,2024-02-25 04:00:00
10126551,4349603,16777473,2026-07-30 14:47:22,2026-07-28 23:05:01,2024-10-21 19:05:01
14315827,4349603,65537,2024-03-08 19:31:00,2026-07-30 16:05:01,2023-10-21 21:57:00
46916731,4349603,1,2026-07-30 05:05:01,2026-07-30 16:05:01,2026-06-24 17:05:01
4813816,5448984,1,2026-07-30 01:05:01,2026-07-30 16:05:01,2024-02-25 04:00:00
10126551,5448984,16777473,2026-07-30 14:47:22,2026-07-30 05:05:01,2024-10-21 02:05:01
14315827,5448984,65537,2024-03-08 19:31:00,2026-07-30 16:05:01,2023-10-21 21:57:00
14757368,5448984,1,2026-07-28 09:05:01,2026-07-30 16:05:01,2025-03-22 13:05:01
4813816,5028987,1,2026-07-30 01:05:01,2026-07-30 16:05:01,2024-02-25 04:00:00
10126551,5028987,16777473,2026-07-30 14:47:22,2026-07-28 22:05:01,2024-10-21 02:05:01
14315827,5028987,65537,2024-03-08 19:31:00,2026-07-30 16:05:01,2023-10-21 21:57:00
14757368,5028987,1,2026-07-28 09:05:01,2026-07-30 16:05:01,2025-03-22 13:05:01
670524,5605601,0,,2026-07-30 16:05:01,
7664177,5605601,1,2026-07-30 00:05:01,2026-07-30 16:05:01,2024-02-24 03:15:00
10126551,5605601,16777473,2026-07-30 14:47:22,2026-07-30 05:05:01,2024-10-21 02:05:01
32873098,5605601,1,2026-06-02 16:05:01,2026-07-30 16:05:01,2025-06-27 18:05:01
10126551,4830464,16777473,2026-07-30 14:47:22,2026-07-28 23:05:01,2024-10-21 02:05:01
14757368,4830464,1,2026-07-28 09:05:01,2026-07-30 16:05:01,2025-03-22 13:05:01
46916731,4830464,1,2026-07-30 05:05:01,2026-07-30 16:05:01,2026-06-24 17:05:01
50325130,4830464,1,2026-04-13 11:05:02,2026-07-30 16:05:01,2025-12-29 04:05:01
4813816,4870446,1,2026-07-30 01:05:01,2026-07-30 16:05:01,2024-02-25 04:00:00
10126551,4870446,16777473,2026-07-30 14:47:22,2026-07-28 00:05:01,2024-10-21 02:05:01
14315827,4870446,65537,2024-03-08 19:31:00,2026-07-30 16:05:01,2023-10-21 21:57:00
46916731,4870446,1,2026-07-30 05:05:01,2026-07-30 15:05:01,2026-06-24 17:05:01
4813816,4862520,1,2026-07-30 01:05:01,2026-07-30 16:05:01,2024-02-25 04:00:00
10008096,4862520,1,2026-06-20 12:05:01,2026-07-29 09:05:01,2024-02-07 09:47:00
10126551,4862520,16777473,2026-07-30 14:47:22,2026-07-28 00:05:01,2024-10-21 19:05:01
14757368,4862520,1,2026-07-28 09:05:01,2026-07-30 16:05:01,2025-03-22 13:05:01
10008096,5606208,1,2026-06-20 12:05:01,2026-07-28 00:05:01,2024-02-07 09:47:00
10126551,5606208,16777473,2026-07-30 14:47:22,2026-07-28 00:05:01,2024-10-21 02:05:01
13826065,5606208,1,2025-06-15 14:08:00,2026-07-30 16:05:01,2024-02-23 21:00:00
14757368,5606208,1,2026-07-28 09:05:01,2026-07-30 16:05:01,2025-03-22 13:05:01
4813816,5635161,1,2026-07-30 01:05:01,2026-07-30 16:05:01,2024-02-25 04:00:00
10126551,5635161,16777473,2026-07-30 14:47:22,2026-07-30 04:05:01,2024-10-21 02:05:01
27746861,5635161,1,2026-07-29 17:05:01,2026-07-30 16:05:01,2024-02-21 14:19:00
46916731,5635161,1,2026-07-30 05:05:01,2026-07-30 16:05:01,2026-06-24 17:05:01
4813816,4806350,1,2026-07-30 01:05:01,2026-07-30 16:05:01,2024-02-25 04:00:00
10126551,4806350,16777473,2026-07-30 14:47:22,2026-07-28 23:05:01,2024-10-21 02:05:01
14315827,4806350,65537,2024-03-08 19:31:00,2026-07-30 16:05:01,2023-10-21 21:57:00
14757368,4806350,1,2026-07-28 09:05:01,2026-07-30 16:05:01,2025-03-22 13:05:01
6449581,5265898,1,2026-07-15 04:24:18,2026-07-30 13:05:01,2024-02-19 00:00:00
10126551,5265898,16777473,2026-07-30 14:47:22,2026-07-30 05:05:01,2024-10-21 02:05:01
14757368,5265898,1,2026-07-28 09:05:01,2026-07-30 16:05:01,2024-08-12 23:05:01
46916731,5265898,1,2026-07-30 05:05:01,2026-07-30 16:05:01,2026-06-24 17:05:01
4813816,4944090,1,2026-07-30 01:05:01,2026-07-30 16:05:01,2024-02-25 04:00:00
10126551,4944090,16777473,2026-07-30 14:47:22,2026-07-28 23:05:01,2024-10-21 02:05:01
14315827,4944090,65537,2024-03-08 19:31:00,2026-07-30 16:05:01,2023-10-21 21:57:00
46916731,4944090,1,2026-07-30 05:05:01,2026-07-30 16:05:01,2026-06-24 17:05:01
670524,5468841,0,,2026-07-30 16:05:01,
7664177,5468841,1,2026-07-30 00:05:01,2026-07-30 16:05:01,2024-02-24 03:15:00
10126551,5468841,16777473,2026-07-30 14:47:22,2026-07-28 00:05:01,2024-10-21 02:05:01
27746861,5468841,1,2026-07-29 17:05:01,2026-07-30 16:05:01,2024-02-21 14:19:00
46916731,5468841,1,2026-07-30 05:05:01,2026-07-30 16:05:01,2026-06-24 17:05:01
10126551,5669722,16777473,2026-07-30 14:47:22,2026-07-28 00:05:01,2024-10-21 02:05:01
14315827,5669722,65537,2024-03-08 19:31:00,2026-07-30 16:05:01,2023-10-21 21:57:00
14757368,5669722,1,2026-07-28 09:05:01,2026-07-30 16:05:01,2025-03-22 13:05:01
4813816,4834965,1,2026-07-30 01:05:01,2026-07-30 16:05:01,2024-02-25 04:00:00
10126551,4834965,16777473,2026-07-30 14:47:22,2026-07-28 00:05:01,2024-10-21 02:05:01
14315827,4834965,65537,2024-03-08 19:31:00,2026-07-30 16:05:01,2023-10-21 21:57:00
14757368,4834965,1,2026-07-28 09:05:01,2026-07-30 16:05:01,2024-08-12 23:05:01
4813816,4514803,1,2026-07-30 01:05:01,2026-07-30 16:05:01,2024-02-25 04:00:00
10008096,4514803,1,2026-06-20 12:05:01,2026-07-30 16:05:01,2024-02-07 09:47:00
10126551,4514803,16777473,2026-07-30 14:47:22,2026-07-30 05:05:01,2024-10-21 02:05:01
14757368,4514803,1,2026-07-28 09:05:01,2026-07-30 16:05:01,2025-03-22 13:05:01
4813816,4550236,1,2026-07-30 01:05:01,2026-07-30 16:05:01,2024-02-25 04:00:00
10126551,4550236,16777473,2026-07-30 14:47:22,2026-07-30 04:05:01,2024-10-21 02:05:01
14315827,4550236,65537,2024-03-08 19:31:00,2026-07-30 16:05:01,2023-10-21 21:57:00
14757368,4550236,1,2026-07-28 09:05:01,2026-07-30 16:05:01,2025-03-22 13:05:01
4813816,3635970,1,2026-07-30 01:05:01,2026-07-30 16:05:01,2024-02-25 04:00:00
10126551,3635970,16777473,2026-07-30 14:47:22,2026-07-28 23:05:01,2024-10-21 19:05:01
14757368,3635970,1,2026-07-28 09:05:01,2026-07-30 16:05:01,2024-02-24 23:50:00
46916731,3635970,1,2026-07-30 05:05:01,2026-07-30 16:05:01,2026-06-24 17:05:01
10126551,5177831,16777473,2026-07-30 14:47:22,2026-07-28 00:05:01,2024-10-21 02:05:01
14315827,5177831,65537,2024-03-08 19:31:00,2026-07-30 16:05:01,2023-10-21 21:57:00
14757368,5177831,1,2026-07-28 09:05:01,2026-07-30 16:05:01,2025-03-22 13:05:01
27746861,5177831,1,2026-07-29 17:05:01,2026-07-30 16:05:01,2024-02-21 14:19:00
4813816,5670197,1,2026-07-30 01:05:01,2026-07-30 16:05:01,2024-02-25 04:00:00
10126551,5670197,16777473,2026-07-30 14:47:22,2026-07-30 05:05:01,2024-10-21 02:05:01
14315827,5670197,65537,2024-03-08 19:31:00,2026-07-30 16:05:01,2023-10-21 21:57:00
14757368,5670197,1,2026-07-28 09:05:01,2026-07-30 16:05:01,2025-03-22 13:05:01
670524,5623258,0,,2026-07-30 16:05:01,
10126551,5623258,16777473,2026-07-30 14:47:22,2026-07-30 01:05:01,2024-10-21 19:05:01
46916731,5623258,1,2026-07-30 05:05:01,2026-07-30 16:05:01,2024-08-12 18:05:02
50325130,5623258,1,2026-04-13 11:05:02,2026-07-30 16:05:01,2026-01-12 11:05:01
10008096,5653490,1,2026-06-20 12:05:01,2026-07-30 16:05:01,2024-02-07 09:47:00
10126551,5653490,16777473,2026-07-30 14:47:22,2026-07-30 05:05:01,2024-10-21 02:05:01
14315827,5653490,65537,2024-03-08 19:31:00,2026-07-30 16:05:01,2023-10-21 21:57:00
14757368,5653490,1,2026-07-28 09:05:01,2026-07-30 16:05:01,2025-03-22 13:05:01
4813816,5721287,1,2026-07-30 01:05:01,2026-07-30 16:05:01,2024-02-25 04:00:00
10126551,5721287,16777473,2026-07-30 14:47:22,2026-07-30 05:05:01,2024-10-21 02:05:01
14315827,5721287,65537,2024-03-08 19:31:00,2026-07-30 16:05:01,2023-10-21 21:57:00
46916731,5721287,1,2026-07-30 05:05:01,2026-07-30 16:05:01,2026-06-24 17:05:01
4813816,5721209,1,2026-07-30 01:05:01,2026-07-29 10:05:02,2024-02-25 04:00:00
10126551,5721209,16777473,2026-07-30 14:47:22,2026-07-28 04:05:01,2024-10-21 02:05:01
14757368,5721209,1,2026-07-28 09:05:01,2026-07-30 16:05:01,2025-03-22 13:05:01
46916731,5721209,1,2026-07-30 05:05:01,2026-07-30 16:05:01,2026-06-24 17:05:01
4813816,4988206,1,2026-07-30 01:05:01,2026-07-30 16:05:01,2024-02-25 04:00:00
10008096,4988206,1,2026-06-20 12:05:01,2026-07-28 11:05:02,2024-02-07 09:47:00
10126551,4988206,16777473,2026-07-30 14:47:22,2026-07-28 04:05:01,2024-10-21 02:05:01
14757368,4988206,1,2026-07-28 09:05:01,2026-07-30 16:05:01,2024-08-12 23:05:01
4813816,4483280,1,2026-07-30 01:05:01,2026-07-30 16:05:01,2024-02-25 04:00:00
10126551,4483280,16777473,2026-07-30 14:47:22,2026-07-28 00:05:01,2024-10-21 02:05:01
14315827,4483280,65537,2024-03-08 19:31:00,2026-07-30 16:05:01,2023-10-21 21:57:00
14757368,4483280,1,2026-07-28 09:05:01,2026-07-30 16:05:01,2025-03-22 13:05:01
4813816,3075652,1,2026-07-30 01:05:01,2026-07-30 16:05:01,2024-02-25 04:00:00
10126551,3075652,16777473,2026-07-30 14:47:22,2026-07-30 05:05:01,2024-10-21 19:05:01
14315827,3075652,65537,2024-03-08 19:31:00,2026-07-30 16:05:01,2023-10-21 21:57:00
14757368,3075652,1,2026-07-28 09:05:01,2026-07-30 16:05:01,2025-03-22 13:05:01
4813816,4722203,1,2026-07-30 01:05:01,2026-07-30 16:05:01,2024-02-25 04:00:00
10126551,4722203,16777473,2026-07-30 14:47:22,2026-07-28 04:05:01,2024-10-21 02:05:01
14757368,4722203,1,2026-07-28 09:05:01,2026-07-30 16:05:01,2024-08-12 23:05:01
27746861,4722203,1,2026-07-29 17:05:01,2026-07-30 16:05:01,2024-02-21 14:19:00
4813816,4566015,1,2026-07-30 01:05:01,2026-07-30 16:05:01,2024-02-25 04:00:00
10126551,4566015,16777473,2026-07-30 14:47:22,2026-07-30 05:05:01,2024-10-21 02:05:01
14315827,4566015,65537,2024-03-08 19:31:00,2026-07-30 16:05:01,2023-10-21 21:57:00
14757368,4566015,1,2026-07-28 09:05:01,2026-07-30 16:05:01,2024-08-12 23:05:01
4813816,4811918,1,2026-07-30 01:05:01,2026-07-30 16:05:01,2024-02-25 04:00:00
10008096,4811918,1,2026-06-20 12:05:01,2026-07-30 16:05:01,2024-02-07 09:47:00
10126551,4811918,16777473,2026-07-30 14:47:22,2026-07-30 05:05:01,2024-10-21 02:05:01
14757368,4811918,1,2026-07-28 09:05:01,2026-07-30 16:05:01,2025-03-22 13:05:01
4813816,5629976,1,2026-07-30 01:05:01,2026-07-30 16:05:01,2024-02-25 04:00:00
10008096,5629976,1,2026-06-20 12:05:01,2026-07-30 16:05:01,2024-02-07 09:47:00
10126551,5629976,16777473,2026-07-30 14:47:22,2026-07-30 05:05:01,2024-10-21 02:05:01
14757368,5629976,1,2026-07-28 09:05:01,2026-07-30 16:05:01,2025-03-22 13:05:01
4813816,5764488,1,2026-07-30 01:05:01,2026-07-30 16:05:01,2024-02-25 04:00:00
10008096,5764488,1,2026-06-20 12:05:01,2026-07-30 16:05:01,2024-02-07 09:47:00
10126551,5764488,16777473,2026-07-30 14:47:22,2026-07-28 04:05:01,2024-10-21 02:05:01
14757368,5764488,1,2026-07-28 09:05:01,2026-07-30 16:05:01,2025-03-22 13:05:01
670524,5101630,0,,2026-07-30 16:05:01,
4813816,5101630,1,2026-07-30 01:05:01,2026-07-30 16:05:01,2024-02-25 04:00:00
10126551,5101630,16777473,2026-07-30 14:47:22,2026-07-28 23:05:01,2024-10-21 02:05:01
14315827,5101630,65537,2024-03-08 19:31:00,2026-07-30 16:05:01,2023-10-21 21:57:00
46916731,5101630,1,2026-07-30 05:05:01,2026-07-30 16:05:01,2026-06-24 17:05:01
4813816,5007896,1,2026-07-30 01:05:01,2026-07-30 09:05:01,2024-02-25 04:00:00
10126551,5007896,16777473,2026-07-30 14:47:22,2026-07-30 05:05:01,2024-11-01 18:05:01
14315827,5007896,65537,2024-03-08 19:31:00,2026-07-30 16:05:01,2023-10-21 21:57:00
46916731,5007896,1,2026-07-30 05:05:01,2026-07-30 16:05:01,2026-06-24 17:05:01
4813816,4046326,1,2026-07-30 01:05:01,2026-07-30 16:05:01,2024-02-25 04:00:00
10126551,4046326,16777473,2026-07-30 14:47:22,2026-07-28 00:05:01,2024-10-21 02:05:01
46916731,4457307,1,2026-07-30 05:05:01,2026-07-30 16:05:01,2026-06-24 17:05:01
50325130,4457307,1,2026-04-13 11:05:02,2026-07-30 16:05:01,2026-01-12 11:05:01
4813816,5464161,1,2026-07-30 01:05:01,2026-07-30 16:05:01,2024-02-25 04:00:00
10126551,5464161,16777473,2026-07-30 14:47:22,2026-07-28 00:05:01,2024-10-21 02:05:01
14315827,5464161,65537,2024-03-08 19:31:00,2026-07-30 16:05:01,2023-10-21 21:57:00
14757368,5464161,1,2026-07-28 09:05:01,2026-07-30 16:05:01,2025-03-22 13:05:01
4813816,5413087,1,2026-07-30 01:05:01,2026-07-30 16:05:01,2024-02-25 04:00:00
10126551,5413087,16777473,2026-07-30 14:47:22,2026-07-30 05:05:01,2024-10-21 19:05:01
14315827,5413087,65537,2024-03-08 19:31:00,2026-07-30 16:05:01,2023-10-21 21:57:00
14757368,5413087,1,2026-07-28 09:05:01,2026-07-30 16:05:01,2025-03-22 13:05:01
4813816,4318869,1,2026-07-30 01:05:01,2026-07-30 16:05:01,2024-02-25 04:00:00
10126551,4318869,16777473,2026-07-30 14:47:22,2026-07-30 05:05:01,2024-10-21 19:05:01
14315827,4318869,65537,2024-03-08 19:31:00,2026-07-30 16:05:01,2023-10-21 21:57:00
14757368,4318869,1,2026-07-28 09:05:01,2026-07-30 16:05:01,2025-03-22 13:05:01
4813816,3769468,1,2026-07-30 01:05:01,2026-07-30 09:05:01,2024-02-25 04:00:00
10008096,3769468,1,2026-06-20 12:05:01,2026-07-30 08:05:01,2024-02-07 09:47:00
10126551,3769468,16777473,2026-07-30 14:47:22,2026-07-30 03:05:02,2024-10-21 02:05:01
46916731,3769468,1,2026-07-30 05:05:01,2026-07-30 16:05:01,2024-08-12 18:05:02
4813816,4777493,1,2026-07-30 01:05:01,2026-07-30 16:05:01,2024-02-25 04:00:00
10126551,4777493,16777473,2026-07-30 14:47:22,2026-07-28 00:05:01,2024-10-21 02:05:01
14315827,4777493,65537,2024-03-08 19:31:00,2026-07-30 16:05:01,2023-10-21 21:57:00
14757368,4777493,1,2026-07-28 09:05:01,2026-07-30 16:05:01,2025-03-22 13:05:01
4813816,4575878,1,2026-07-30 01:05:01,2026-07-30 16:05:01,2024-02-25 04:00:00
10126551,4575878,16777473,2026-07-30 14:47:22,2026-07-28 23:05:01,2024-10-21 19:05:01
14315827,4575878,65537,2024-03-08 19:31:00,2026-07-30 16:05:01,2023-10-21 21:57:00
46916731,4575878,1,2026-07-30 05:05:01,2026-07-30 16:05:01,2026-06-24 04:05:01
4813816,3964120,1,2026-07-30 01:05:01,2026-07-30 16:05:01,2024-02-25 04:00:00
10126551,3964120,16777473,2026-07-30 14:47:22,2026-07-28 00:05:01,2024-10-21 19:05:01
14757368,3964120,1,2026-07-28 09:05:01,2026-07-30 16:05:01,2024-02-24 23:50:00
32873098,3964120,1,2026-06-02 16:05:01,2026-07-30 16:05:01,2026-05-02 15:05:00
4813816,5383278,1,2026-07-30 01:05:01,2026-07-30 16:05:01,2024-02-25 04:00:00
10126551,5383278,16777473,2026-07-30 14:47:22,2026-07-30 05:05:01,2024-10-21 02:05:01
14315827,5383278,65537,2024-03-08 19:31:00,2026-07-30 16:05:01,2023-10-21 21:57:00
14757368,5383278,1,2026-07-28 09:05:01,2026-07-30 16:05:01,2025-03-22 13:05:01
670524,5061319,1,2026-03-11 10:26:57,2026-07-30 16:05:01,2025-04-09 03:05:02
4813816,5061319,1,2026-07-30 01:05:01,2026-07-30 16:05:01,2024-02-25 04:00:00
10126551,5061319,16777473,2026-07-30 14:47:22,2026-07-28 00:05:01,2024-10-21 02:05:01
14315827,5061319,65537,2024-03-08 19:31:00,2026-07-30 16:05:01,2023-10-21 21:57:00
4813816,4123074,1,2026-07-30 01:05:01,2026-07-30 08:05:01,2024-02-25 04:00:00
10126551,4123074,16777473,2026-07-30 14:47:22,2026-07-28 04:05:01,2024-10-21 02:05:01
14315827,4123074,65537,2024-03-08 19:31:00,2026-07-30 16:05:01,2023-10-21 21:57:00
46916731,4123074,1,2026-07-30 05:05:01,2026-07-30 16:05:01,2026-06-24 17:05:01
4813816,5331894,1,2026-07-30 01:05:01,2026-07-30 16:05:01,2024-02-25 04:00:00
10126551,5331894,16777473,2026-07-30 14:47:22,2026-07-30 05:05:01,2024-10-21 02:05:01
14315827,5331894,65537,2024-03-08 19:31:00,2026-07-30 16:05:01,2023-10-21 21:57:00
14757368,5331894,1,2026-07-28 09:05:01,2026-07-30 16:05:01,2025-03-22 13:05:01
10126551,4400836,16777473,2026-07-30 14:47:22,2026-07-26 02:05:01,2024-10-21 02:05:01
14315827,4400836,65537,2024-03-08 19:31:00,2026-07-30 16:05:01,2023-10-21 21:57:00
27746861,4400836,1,2026-07-29 17:05:01,2026-07-30 07:05:01,2024-02-21 14:19:00
46916731,4400836,1,2026-07-30 05:05:01,2026-07-30 07:05:01,2026-06-30 17:05:01
4813816,5507862,1,2026-07-30 01:05:01,2026-07-30 16:05:01,2024-02-25 04:00:00
10126551,5507862,16777473,2026-07-30 14:47:22,2026-07-30 05:05:01,2024-10-21 19:05:01
14315827,5507862,65537,2024-03-08 19:31:00,2026-07-30 16:05:01,2023-10-21 21:57:00
14757368,5507862,1,2026-07-28 09:05:01,2026-07-30 16:05:01,2025-03-22 13:05:01
670524,5492644,0,,2026-07-30 16:05:01,
10008096,5492644,1,2026-06-20 12:05:01,2026-07-30 16:05:01,2024-02-07 09:47:00
10126551,5492644,16777473,2026-07-30 14:47:22,2026-07-28 02:05:01,2024-10-21 02:05:01
27746861,5492644,1,2026-07-29 17:05:01,2026-07-30 16:05:01,2024-02-21 14:19:00
46916731,5492644,1,2026-07-30 05:05:01,2026-07-30 16:05:01,2026-06-24 17:05:01
4813816,5449429,1,2026-07-30 01:05:01,2026-07-30 16:05:01,2024-02-25 04:00:00
10008096,5449429,1,2026-06-20 12:05:01,2026-07-30 16:05:01,2024-02-07 09:47:00
10126551,5449429,16777473,2026-07-30 14:47:22,2026-07-30 05:05:01,2024-10-21 19:05:01
14757368,5449429,1,2026-07-28 09:05:01,2026-07-30 16:05:01,2025-03-22 13:05:01
670524,4184824,0,,2026-07-30 16:05:01,
4813816,4184824,1,2026-07-30 01:05:01,2026-07-30 16:05:01,2024-02-25 04:00:00
10126551,4184824,16777473,2026-07-30 14:47:22,2026-07-28 00:05:01,2024-10-21 19:05:01
14315827,4184824,65537,2024-03-08 19:31:00,2026-07-30 16:05:01,2023-10-21 21:57:00
32873098,4184824,1,2026-06-02 16:05:01,2026-07-30 16:05:01,2026-04-12 21:05:01
4813816,5372540,1,2026-07-30 01:05:01,2026-07-30 16:05:01,2024-02-25 04:00:00
10126551,5372540,16777473,2026-07-30 14:47:22,2026-07-30 05:05:01,2024-10-21 02:05:01
14315827,5372540,65537,2024-03-08 19:31:00,2026-07-30 16:05:01,2023-10-21 21:57:00
32873098,5372540,1,2026-06-02 16:05:01,2026-07-30 16:05:01,2026-04-12 21:05:01
4813816,5472652,1,2026-07-30 01:05:01,2026-07-30 16:05:01,2024-02-25 04:00:00
10126551,5472652,16777473,2026-07-30 14:47:22,2026-07-30 05:05:01,2024-10-21 02:05:01
14315827,5472652,65537,2024-03-08 19:31:00,2026-07-30 16:05:01,2023-10-21 21:57:00
32873098,5472652,1,2026-06-02 16:05:01,2026-07-30 16:05:01,2026-04-12 21:05:01
4813816,3533572,1,2026-07-30 01:05:01,2026-07-30 16:05:01,2024-02-25 04:00:00
10126551,3533572,16777473,2026-07-30 14:47:22,2026-07-30 04:05:01,2024-10-21 19:05:01
14315827,3533572,65537,2024-03-08 19:31:00,2026-07-30 16:05:01,2023-10-21 21:57:00
14757368,3533572,1,2026-07-28 09:05:01,2026-07-30 16:05:01,2024-08-12 23:05:01
670524,5276020,0,,2026-07-30 16:05:01,
4813816,5276020,1,2026-07-30 01:05:01,2026-07-30 16:05:01,2024-02-25 04:00:00
10126551,5276020,16777473,2026-07-30 14:47:22,2026-07-28 00:05:01,2024-10-21 02:05:01
14315827,5276020,65537,2024-03-08 19:31:00,2026-07-30 16:05:01,2023-10-21 21:57:00
32873098,5276020,1,2026-06-02 16:05:01,2026-07-30 16:05:01,2026-04-12 21:05:01
4813816,5441809,1,2026-07-30 01:05:01,2026-07-30 16:05:01,2024-02-25 04:00:00
10126551,5441809,16777473,2026-07-30 14:47:22,2026-07-28 00:05:01,2024-10-21 19:05:01
14315827,5441809,65537,2024-03-08 19:31:00,2026-07-30 16:05:01,2023-10-21 21:57:00
14757368,5441809,1,2026-07-28 09:05:01,2026-07-30 16:05:01,2025-03-22 13:05:01
670524,4545604,0,,2026-07-30 16:05:01,
4813816,4545604,1,2026-07-30 01:05:01,2026-07-30 16:05:01,2024-02-25 04:00:00
10008096,4545604,1,2026-06-20 12:05:01,2026-07-30 11:05:01,2024-02-07 09:47:00
10126551,4545604,16777473,2026-07-30 14:47:22,2026-07-30 01:05:01,2024-10-21 02:05:01
46916731,4545604,1,2026-07-30 05:05:01,2026-07-30 16:05:01,2026-06-24 17:05:01
4813816,5315507,1,2026-07-30 01:05:01,2026-07-30 16:05:01,2024-02-25 04:00:00
10126551,5315507,16777473,2026-07-30 14:47:22,2026-07-30 05:05:01,2024-10-21 02:05:01
14315827,5315507,65537,2024-03-08 19:31:00,2026-07-30 16:05:01,2023-10-21 21:57:00
14757368,5315507,1,2026-07-28 09:05:01,2026-07-30 16:05:01,2024-08-12 23:05:01
670524,5005771,0,,2026-07-30 16:05:01,
4813816,5005771,1,2026-07-30 01:05:01,2026-07-30 16:05:01,2024-02-25 04:00:00
10126551,5005771,16777473,2026-07-30 14:47:22,2026-07-28 00:05:01,2024-10-21 02:05:01
14315827,5005771,65537,2024-03-08 19:31:00,2026-07-30 16:05:01,2023-10-21 21:57:00
32873098,5005771,1,2026-06-02 16:05:01,2026-07-30 16:05:01,2026-04-12 21:05:01
4813816,4502609,1,2026-07-30 01:05:01,2026-07-30 16:05:01,2024-02-25 04:00:00
10126551,4502609,16777473,2026-07-30 14:47:22,2026-07-28 23:05:01,2024-10-21 19:05:01
14315827,4502609,65537,2024-03-08 19:31:00,2026-07-30 16:05:01,2023-10-21 21:57:00
46916731,4502609,1,2026-07-30 05:05:01,2026-07-30 16:05:01,2026-06-24 04:05:01
4813816,5460068,1,2026-07-30 01:05:01,2026-07-30 16:05:01,2024-02-25 04:00:00
10126551,5460068,16777473,2026-07-30 14:47:22,2026-07-30 05:05:01,2024-10-21 02:05:01
14315827,5460068,65537,2024-03-08 19:31:00,2026-07-30 16:05:01,2023-10-21 21:57:00
14757368,5460068,1,2026-07-28 09:05:01,2026-07-30 16:05:01,2025-03-22 13:05:01
10126551,5333913,16777473,2026-07-30 14:47:22,2026-07-11 20:35:52,2024-10-21 19:05:01
14315827,5333913,65537,2024-03-08 19:31:00,2026-07-30 16:05:01,2023-10-21 21:57:00
14757368,5333913,1,2026-07-28 09:05:01,2026-07-30 16:05:01,2025-03-22 13:05:01
46916731,5333913,1,2026-07-30 05:05:01,2026-07-30 16:05:01,2026-06-24 17:05:01
10126551,5438109,16777473,2026-07-30 14:47:22,2026-07-30 05:05:01,2024-10-21 02:05:01
14315827,5438109,65537,2024-03-08 19:31:00,2026-07-30 16:05:01,2023-10-21 21:57:00
14757368,5438109,1,2026-07-28 09:05:01,2026-07-30 16:05:01,2024-08-12 23:05:01
27746861,5438109,1,2026-07-29 17:05:01,2026-07-30 16:05:01,2024-02-21 14:19:00
4813816,4953003,1,2026-07-30 01:05:01,2026-07-30 16:05:01,2024-02-25 04:00:00
10126551,4953003,16777473,2026-07-30 14:47:22,2026-07-30 05:05:01,2024-10-21 19:05:01
14315827,4953003,65537,2024-03-08 19:31:00,2026-07-30 16:05:01,2023-10-21 21:57:00
14757368,4953003,1,2026-07-28 09:05:01,2026-07-30 16:05:01,2024-08-12 23:05:01
10008096,5020975,1,2026-06-20 12:05:01,2026-07-30 16:05:01,2024-02-07 09:47:00
10126551,5020975,16777473,2026-07-30 14:47:22,2026-07-30 05:05:01,2024-10-21 02:05:01
27746861,5020975,1,2026-07-29 17:05:01,2026-07-30 16:05:01,2024-02-21 14:19:00
32873098,5020975,1,2026-06-02 16:05:01,2026-07-30 16:05:01,2026-05-02 15:05:00
4813816,5571424,1,2026-07-30 01:05:01,2026-07-30 16:05:01,2024-02-25 04:00:00
10126551,5571424,16777473,2026-07-30 14:47:22,2026-07-30 04:05:01,2024-10-21 02:05:01
14315827,5571424,65537,2024-03-08 19:31:00,2026-07-30 16:05:01,2023-10-21 21:57:00
14757368,5571424,1,2026-07-28 09:05:01,2026-07-30 16:05:01,2024-08-12 23:05:01
10126551,3733317,16777473,2026-07-30 14:47:22,2026-07-28 04:05:01,2024-10-21 02:05:01
14757368,3733317,1,2026-07-28 09:05:01,2026-07-30 16:05:01,2024-02-24 23:50:00
27746861,3733317,1,2026-07-29 17:05:01,2026-07-30 16:05:01,2024-02-21 14:19:00
46916731,3733317,1,2026-07-30 05:05:01,2026-07-30 16:05:01,2026-06-24 17:05:01
4813816,5107396,1,2026-07-30 01:05:01,2026-07-30 16:05:01,2024-02-25 04:00:00
10008096,5107396,1,2026-06-20 12:05:01,2026-07-30 16:05:01,2024-02-07 09:47:00
10126551,5107396,16777473,2026-07-30 14:47:22,2026-07-30 04:05:01,2024-10-21 19:05:01
14757368,5107396,1,2026-07-28 09:05:01,2026-07-30 16:05:01,2025-03-22 13:05:01
670524,5394277,0,,2026-07-30 16:05:01,
10008096,5394277,1,2026-06-20 12:05:01,2026-07-30 16:05:01,2024-02-07 09:47:00
10126551,5394277,16777473,2026-07-30 14:47:22,2026-07-28 23:05:01,2024-10-21 02:05:01
14757368,5394277,1,2026-07-28 09:05:01,2026-07-30 16:05:01,2025-03-22 13:05:01
46916731,5394277,1,2026-07-30 05:05:01,2026-07-30 16:05:01,2026-06-24 17:05:01
4813816,3501872,1,2026-07-30 01:05:01,2026-07-30 16:05:01,2024-02-25 04:00:00
10126551,3501872,16777473,2026-07-30 14:47:22,2026-07-30 01:05:01,2024-10-21 19:05:01
14315827,3501872,65537,2024-03-08 19:31:00,2026-07-30 16:05:01,2023-10-21 21:57:00
14757368,3501872,1,2026-07-28 09:05:01,2026-07-30 16:05:01,2025-03-22 13:05:01
670524,5548116,0,,2026-07-30 16:05:01,
4813816,5548116,1,2026-07-30 01:05:01,2026-07-30 16:05:01,2024-02-25 04:00:00
10126551,5548116,16777473,2026-07-30 14:47:22,2026-07-28 22:05:01,2024-10-21 02:05:01
14315827,5548116,65537,2024-03-08 19:31:00,2026-07-30 16:05:01,2023-10-21 21:57:00
46916731,5548116,1,2026-07-30 05:05:01,2026-07-30 16:05:01,2026-06-24 17:05:01
4813816,4921352,1,2026-07-30 01:05:01,2026-07-30 16:05:01,2024-02-25 04:00:00
10126551,4921352,16777473,2026-07-30 14:47:22,2026-07-30 03:05:02,2024-10-21 02:05:01
14315827,4921352,65537,2024-03-08 19:31:00,2026-07-30 16:05:01,2023-10-21 21:57:00
14757368,4921352,1,2026-07-28 09:05:01,2026-07-30 16:05:01,2024-08-12 23:05:01
4813816,5672662,1,2026-07-30 01:05:01,2026-07-30 16:05:01,2024-02-25 04:00:00
10126551,5672662,16777473,2026-07-30 14:47:22,2026-07-30 05:05:01,2024-10-21 02:05:01
14315827,5672662,65537,2024-03-08 19:31:00,2026-07-30 16:05:01,2023-10-21 21:57:00
14757368,5672662,1,2026-07-28 09:05:01,2026-07-30 16:05:01,2025-03-22 13:05:01
670524,5595651,0,,2026-07-30 16:05:01,
4813816,5595651,1,2026-07-30 01:05:01,2026-07-30 16:05:01,2024-02-25 04:00:00
10126551,5595651,16777473,2026-07-30 14:47:22,2026-07-28 00:05:01,2024-10-21 02:05:01
14315827,5595651,65537,2024-03-08 19:31:00,2026-07-30 16:05:01,2023-10-21 21:57:00
32873098,5595651,1,2026-06-02 16:05:01,2026-07-30 16:05:01,2026-04-12 21:05:01
670524,4871685,0,,2026-07-30 16:05:01,
4813816,4871685,1,2026-07-30 01:05:01,2026-07-30 16:05:01,2024-02-25 04:00:00
10008096,4871685,1,2026-06-20 12:05:01,2026-07-30 16:05:01,2024-02-07 09:47:00
10126551,4871685,16777473,2026-07-30 14:47:22,2026-07-28 23:05:01,2024-10-21 02:05:01
46916731,4871685,1,2026-07-30 05:05:01,2026-07-30 16:05:01,2026-06-24 17:05:01
4813816,5683140,1,2026-07-30 01:05:01,2026-07-30 16:05:01,2024-02-25 04:00:00
10008096,5683140,1,2026-06-20 12:05:01,2026-07-30 16:05:01,2024-02-07 09:47:00
10126551,5683140,16777473,2026-07-30 14:47:22,2026-07-30 04:05:01,2024-10-21 02:05:01
14757368,5683140,1,2026-07-28 09:05:01,2026-07-30 16:05:01,2024-08-12 23:05:01
4813816,5624146,1,2026-07-30 01:05:01,2026-07-30 16:05:01,2024-02-25 04:00:00
10126551,5624146,16777473,2026-07-30 14:47:22,2026-07-30 05:05:01,2024-10-21 02:05:01
14315827,5624146,65537,2024-03-08 19:31:00,2026-07-30 16:05:01,2023-10-21 21:57:00
14757368,5624146,1,2026-07-28 09:05:01,2026-07-30 16:05:01,2024-08-12 23:05:01
670524,4714966,0,,2026-07-30 16:05:01,
10126551,4714966,16777473,2026-07-30 14:47:22,2026-07-28 23:05:01,2024-10-21 19:05:01
14315827,4714966,65537,2024-03-08 19:31:00,2026-07-30 16:05:01,2023-10-21 21:57:00
46916731,4714966,1,2026-07-30 05:05:01,2026-07-30 16:05:01,2026-06-24 04:05:01
4813816,5315744,1,2026-07-30 01:05:01,2026-07-30 16:05:01,2024-02-25 04:00:00
10126551,5315744,16777473,2026-07-30 14:47:22,2026-07-30 05:05:01,2024-10-21 02:05:01
14315827,5315744,65537,2024-03-08 19:31:00,2026-07-30 16:05:01,2023-10-21 21:57:00
14757368,5315744,1,2026-07-28 09:05:01,2026-07-30 16:05:01,2024-08-12 23:05:01
4813816,5566407,1,2026-07-30 01:05:01,2026-07-30 11:05:01,2024-02-25 04:00:00
10126551,5566407,16777473,2026-07-30 14:47:22,2026-07-30 04:05:01,2024-10-21 02:05:01
27746861,5566407,1,2026-07-29 17:05:01,2026-07-30 16:05:01,2024-10-30 18:05:01
46916731,5566407,1,2026-07-30 05:05:01,2026-07-30 16:05:01,2026-06-24 17:05:01
10126551,4925690,16777473,2026-07-30 14:47:22,2026-07-28 23:05:01,2024-10-21 02:05:01
14315827,4925690,65537,2024-03-08 19:31:00,2026-07-30 16:05:01,2023-10-21 21:57:00
27746861,4925690,1,2026-07-29 17:05:01,2026-07-30 16:05:01,2024-02-21 14:19:00
46916731,4925690,1,2026-07-30 05:05:01,2026-07-30 16:05:01,2026-06-24 17:05:01
10126551,4114610,16777473,2026-07-30 14:47:22,2026-07-28 00:05:01,2024-10-21 02:05:01
14315827,4114610,65537,2024-03-08 19:31:00,2026-07-30 16:05:01,2023-10-21 21:57:00
27746861,4114610,1,2026-07-29 17:05:01,2026-07-30 16:05:01,2024-02-21 14:19:00
46916731,4114610,1,2026-07-30 05:05:01,2026-07-30 16:05:01,2026-06-24 17:05:01
4813816,5309061,1,2026-07-30 01:05:01,2026-07-30 16:05:01,2024-02-25 04:00:00
10008096,5309061,1,2026-06-20 12:05:01,2026-07-30 16:05:01,2024-02-07 09:47:00
10126551,5309061,16777473,2026-07-30 14:47:22,2026-07-30 05:05:01,2024-10-21 02:05:01
14757368,5309061,1,2026-07-28 09:05:01,2026-07-30 16:05:01,2024-08-12 23:05:01
670524,4821703,0,,2026-07-30 16:05:01,
4813816,4821703,1,2026-07-30 01:05:01,2026-07-30 16:05:01,2024-02-25 04:00:00
10126551,4821703,16777473,2026-07-30 14:47:22,2026-07-28 04:05:01,2024-10-21 02:05:01
14315827,4821703,65537,2024-03-08 19:31:00,2026-07-30 16:05:01,2023-10-21 21:57:00
46916731,4821703,1,2026-07-30 05:05:01,2026-07-30 16:05:01,2026-06-24 17:05:01
670524,5178410,0,,2026-07-30 16:05:01,
4813816,5178410,1,2026-07-30 01:05:01,2026-07-30 16:05:01,2024-02-25 04:00:00
10008096,5178410,1,2026-06-20 12:05:01,2026-07-30 14:05:02,2024-02-07 09:47:00
10126551,5178410,16777473,2026-07-30 14:47:22,2026-07-30 04:05:01,2024-10-21 02:05:01
46916731,5178410,1,2026-07-30 05:05:01,2026-07-30 16:05:01,2026-06-24 17:05:01
4813816,4884780,1,2026-07-30 01:05:01,2026-07-30 16:05:01,2024-02-25 04:00:00
10008096,4884780,1,2026-06-20 12:05:01,2026-07-30 16:05:01,2024-02-07 09:47:00
10126551,4884780,16777473,2026-07-30 14:47:22,2026-07-30 05:05:01,2024-10-21 02:05:01
14757368,4884780,1,2026-07-28 09:05:01,2026-07-30 16:05:01,2024-08-12 23:05:01
670524,4251592,1,2026-03-11 10:26:57,2026-07-30 16:05:01,2025-04-08 02:21:23
4813816,4251592,1,2026-07-30 01:05:01,2026-07-30 16:05:01,2024-02-25 04:00:00
10126551,4251592,16777473,2026-07-30 14:47:22,2026-07-28 00:05:01,2024-10-21 19:05:01
14315827,4251592,65537,2024-03-08 19:31:00,2026-07-30 16:05:01,2023-10-21 21:57:00
32873098,4251592,1,2026-06-02 16:05:01,2026-07-30 16:05:01,2026-04-12 21:05:01
10008096,5672567,1,2026-06-20 12:05:01,2026-07-30 16:05:01,2024-02-07 09:47:00
10126551,5672567,16777473,2026-07-30 14:47:22,2026-07-30 09:05:01,2024-10-21 02:05:01
27746861,5672567,1,2026-07-29 17:05:01,2026-07-30 16:05:01,2024-02-21 14:19:00
46916731,5672567,1,2026-07-30 05:05:01,2026-07-30 16:05:01,2026-06-24 17:05:01
10126551,4461964,16777473,2026-07-30 14:47:22,2026-07-28 23:05:01,2024-10-21 19:05:01
14315827,4461964,65537,2024-03-08 19:31:00,2026-07-30 16:05:01,2023-10-21 21:57:00
14757368,4461964,1,2026-07-28 09:05:01,2026-07-30 16:05:01,2024-08-12 23:05:01
46916731,4461964,1,2026-07-30 05:05:01,2026-07-30 16:05:01,2026-06-24 04:05:01
4813816,5585140,1,2026-07-30 01:05:01,2026-07-30 16:05:01,2024-02-25 04:00:00
10126551,5585140,16777473,2026-07-30 14:47:22,2026-07-28 00:05:01,2024-10-21 02:05:01
14315827,5585140,65537,2024-03-08 19:31:00,2026-07-30 16:05:01,2023-10-21 21:57:00
32873098,5585140,1,2026-06-02 16:05:01,2026-07-30 16:05:01,2026-04-12 21:05:01
4813816,5568816,1,2026-07-30 01:05:01,2026-07-30 16:05:01,2024-02-25 04:00:00
10126551,5568816,16777473,2026-07-30 14:47:22,2026-07-30 04:05:01,2024-10-21 02:05:01
14315827,5568816,65537,2024-03-08 19:31:00,2026-07-30 16:05:01,2023-10-21 21:57:00
14757368,5568816,1,2026-07-28 09:05:01,2026-07-30 16:05:01,2025-03-22 13:05:01
4813816,4717527,1,2026-07-30 01:05:01,2026-07-30 16:05:01,2024-02-25 04:00:00
10126551,4717527,16777473,2026-07-30 14:47:22,2026-07-30 05:05:01,2024-10-21 02:05:01
14315827,4717527,65537,2024-03-08 19:31:00,2026-07-30 16:05:01,2023-10-21 21:57:00
14757368,4717527,1,2026-07-28 09:05:01,2026-07-30 16:05:01,2024-08-12 23:05:01
10008096,5637650,1,2026-06-20 12:05:01,2026-07-30 16:05:01,2024-02-07 09:47:00
10126551,5637650,16777473,2026-07-30 14:47:22,2026-07-30 04:05:01,2024-10-21 02:05:01
27746861,5637650,1,2026-07-29 17:05:01,2026-07-30 16:05:01,2024-02-21 14:19:00
46916731,5637650,1,2026-07-30 05:05:01,2026-07-30 16:05:01,2026-06-24 17:05:01
670524,5318545,1,2026-03-11 10:26:57,2026-07-30 16:05:01,2025-04-07 03:05:01
10008096,5318545,1,2026-06-20 12:05:01,2026-07-30 16:05:01,2024-02-07 09:47:00
10126551,5318545,16777473,2026-07-30 14:47:22,2026-07-30 05:05:01,2024-10-21 02:05:01
27746861,5318545,1,2026-07-29 17:05:01,2026-07-30 16:05:01,2024-02-21 14:19:00
4659466,5604673,0,,2026-07-27 03:05:01,
4813816,5604673,1,2026-07-30 01:05:01,2026-07-30 16:05:01,2024-02-25 04:00:00
10126551,5604673,16777473,2026-07-30 14:47:22,2026-07-30 05:05:01,2024-10-21 02:05:01
46916731,5604673,1,2026-07-30 05:05:01,2026-07-30 13:05:01,2026-06-24 17:05:01
670524,5149826,0,,2026-07-30 16:05:01,
4813816,5149826,1,2026-07-30 01:05:01,2026-07-30 16:05:01,2024-02-25 04:00:00
10126551,5149826,16777473,2026-07-30 14:47:22,2026-07-28 00:05:01,2024-10-21 02:05:01
14315827,5149826,65537,2024-03-08 19:31:00,2026-07-30 16:05:01,2023-10-21 21:57:00
32873098,5149826,1,2026-06-02 16:05:01,2026-07-30 16:05:01,2026-04-12 21:05:01
10008096,4702173,1,2026-06-20 12:05:01,2026-07-30 16:05:01,2024-02-07 09:47:00
14757368,4046326,1,2026-07-28 09:05:01,2026-07-30 16:05:01,2025-03-22 13:05:01
32873098,4046326,1,2026-06-02 16:05:01,2026-07-30 16:05:01,2026-05-02 15:05:00
4813816,4702858,1,2026-07-30 01:05:01,2026-07-30 16:05:01,2024-02-25 04:00:00
10126551,4702858,16777473,2026-07-30 14:47:22,2026-07-28 00:05:01,2024-10-21 19:05:01
14757368,4702858,1,2026-07-28 09:05:01,2026-07-30 16:05:01,2025-03-22 13:05:01
46916731,4702858,1,2026-07-30 05:05:01,2026-07-30 16:05:01,2026-06-24 04:05:01
670524,4873207,0,,2026-07-30 16:05:01,
4813816,4873207,1,2026-07-30 01:05:01,2026-07-30 16:05:01,2024-02-25 04:00:00
10126551,4873207,16777473,2026-07-30 14:47:22,2026-07-30 05:05:01,2024-10-21 02:05:01
46916731,4873207,1,2026-07-30 05:05:01,2026-07-30 16:05:01,2026-06-24 17:05:01
10126551,4738387,16777473,2026-07-30 14:47:22,2026-07-28 23:05:01,2024-10-21 19:05:01
14315827,4738387,65537,2024-03-08 19:31:00,2026-07-30 16:05:01,2023-10-21 21:57:00
46916731,4738387,1,2026-07-30 05:05:01,2026-07-30 16:05:01,2026-06-24 04:05:01
4813816,5741874,1,2026-07-30 01:05:01,2026-07-30 16:05:01,2024-02-25 04:00:00
10008096,5741874,1,2026-06-20 12:05:01,2026-07-30 16:05:01,2024-02-07 09:47:00
10126551,5741874,16777473,2026-07-30 14:47:22,2026-07-30 04:05:01,2024-10-21 02:05:01
14315827,5741874,0,,2026-07-30 16:05:01,
7664177,5753572,1,2026-07-30 00:05:01,2026-07-30 16:05:01,2024-02-24 03:15:00
10008096,5753572,1,2026-06-20 12:05:01,2026-07-29 10:05:02,2024-02-07 09:47:00
10126551,5753572,16777473,2026-07-30 14:47:22,2026-07-28 04:05:01,2024-10-21 02:05:01
46916731,5753572,1,2026-07-30 05:05:01,2026-07-30 16:05:01,2026-06-24 17:05:01
4813816,5055532,1,2026-07-30 01:05:01,2026-07-30 16:05:01,2024-02-25 04:00:00
10126551,5055532,16777473,2026-07-30 14:47:22,2026-07-30 05:05:01,2024-10-21 02:05:01
14315827,5055532,65537,2024-03-08 19:31:00,2026-07-30 16:05:01,2023-10-21 21:57:00
14757368,5055532,1,2026-07-28 09:05:01,2026-07-30 16:05:01,2025-03-22 13:05:01
4813816,3835884,1,2026-07-30 01:05:01,2026-07-30 16:05:01,2024-02-25 04:00:00
10126551,3835884,16777473,2026-07-30 14:47:22,2026-07-30 04:05:01,2024-10-21 02:05:01
14315827,3835884,65537,2024-03-08 19:31:00,2026-07-30 16:05:01,2023-10-21 21:57:00
14757368,3835884,1,2026-07-28 09:05:01,2026-07-30 16:05:01,2025-03-22 13:05:01
4813816,5821642,1,2026-07-30 01:05:01,2026-07-30 16:05:01,2024-02-25 04:00:00
10008096,5821642,1,2026-06-20 12:05:01,2026-07-30 16:05:01,2024-02-07 09:47:00
10126551,5821642,16777473,2026-07-30 14:47:22,2026-07-28 23:05:01,2024-10-21 19:05:01
46916731,5821642,1,2026-07-30 05:05:01,2026-07-30 16:05:01,2026-06-24 04:05:01
4813816,5243617,1,2026-07-30 01:05:01,2026-07-30 16:05:01,2024-02-25 04:00:00
10126551,5243617,16777473,2026-07-30 14:47:22,2026-07-30 05:05:01,2024-10-21 19:05:01
14315827,5243617,65537,2024-03-08 19:31:00,2026-07-30 16:05:01,2023-10-21 21:57:00
14757368,5243617,1,2026-07-28 09:05:01,2026-07-30 16:05:01,2025-03-22 13:05:01
670524,5831560,0,,2026-07-30 16:05:01,
6449581,5831560,1,2026-07-15 04:24:18,2026-07-30 12:05:01,2024-02-19 00:00:00
10126551,5831560,16777473,2026-07-30 14:47:22,2026-07-28 00:05:01,2024-10-21 02:05:01
14757368,5831560,1,2026-07-28 09:05:01,2026-07-30 16:05:01,2025-03-22 13:05:01
46916731,5831560,1,2026-07-30 05:05:01,2026-07-30 16:05:01,2026-06-24 17:05:01
4813816,5788055,1,2026-07-30 01:05:01,2026-07-30 16:05:01,2024-02-25 04:00:00
10008096,5788055,1,2026-06-20 12:05:01,2026-07-28 11:05:02,2024-02-07 09:47:00
10126551,5788055,16777473,2026-07-30 14:47:22,2026-07-28 04:05:01,2024-10-21 02:05:01
14757368,5788055,1,2026-07-28 09:05:01,2026-07-30 16:05:01,2025-03-22 13:05:01
670524,5669759,0,,2026-07-30 16:05:01,
4813816,5669759,1,2026-07-30 01:05:01,2026-07-30 16:05:01,2024-02-25 04:00:00
10126551,5669759,16777473,2026-07-30 14:47:22,2026-07-28 00:05:01,2024-10-21 02:05:01
14315827,5669759,65537,2024-03-08 19:31:00,2026-07-30 16:05:01,2023-10-21 21:57:00
32873098,5669759,1,2026-06-02 16:05:01,2026-07-30 16:05:01,2026-04-12 21:05:01
10126551,4504891,16777473,2026-07-30 14:47:22,2026-07-30 05:05:01,2024-10-21 02:05:01
14315827,4504891,65537,2024-03-08 19:31:00,2026-07-30 16:05:01,2023-10-21 21:57:00
14757368,4504891,1,2026-07-28 09:05:01,2026-07-30 16:05:01,2025-03-22 13:05:01
27746861,4504891,1,2026-07-29 17:05:01,2026-07-30 16:05:01,2024-02-21 14:19:00
670524,5250565,0,,2026-07-30 16:05:01,
4813816,5250565,1,2026-07-30 01:05:01,2026-07-30 16:05:01,2024-02-25 04:00:00
10008096,5250565,1,2026-06-20 12:05:01,2026-07-30 13:05:01,2024-02-07 09:47:00
10126551,5250565,16777473,2026-07-30 14:47:22,2026-07-30 01:05:01,2024-10-21 19:05:01
46916731,5250565,1,2026-07-30 05:05:01,2026-07-30 16:05:01,2026-06-24 17:05:01
4813816,5885268,1,2026-07-30 01:05:01,2026-07-30 16:05:01,2024-02-25 04:00:00
10008096,5885268,1,2026-06-20 12:05:01,2026-07-30 16:05:01,2024-02-07 09:47:00
10126551,5885268,16777473,2026-07-30 14:47:22,2026-07-28 04:05:01,2024-10-21 19:05:01
14757368,5885268,1,2026-07-28 09:05:01,2026-07-30 16:05:01,2025-03-22 13:05:01
7664177,5499971,1,2026-07-30 00:05:01,2026-07-30 16:05:01,2024-02-24 03:15:00
10126551,5499971,16777473,2026-07-30 14:47:22,2026-07-30 05:05:01,2024-10-21 02:05:01
27746861,5499971,1,2026-07-29 17:05:01,2026-07-30 16:05:01,2024-02-21 14:19:00
46916731,5499971,1,2026-07-30 05:05:01,2026-07-30 16:05:01,2026-06-24 17:05:01
4813816,5574101,1,2026-07-30 01:05:01,2026-07-30 16:05:01,2024-02-25 04:00:00
10126551,5574101,16777473,2026-07-30 14:47:22,2026-07-28 00:05:01,2024-10-21 02:05:01
14315827,5574101,65537,2024-03-08 19:31:00,2026-07-30 16:05:01,2023-10-21 21:57:00
32873098,5574101,1,2026-06-02 16:05:01,2026-07-30 16:05:01,2026-04-12 21:05:01
10008096,5911420,1,2026-06-20 12:05:01,2026-07-30 16:05:01,2024-02-07 09:47:00
10126551,5911420,16777473,2026-07-30 14:47:22,2026-07-30 05:05:01,2024-10-21 02:05:01
14757368,5911420,1,2026-07-28 09:05:01,2026-07-30 16:05:01,2025-03-22 13:05:01
4813816,5313114,1,2026-07-30 01:05:01,2026-07-30 16:05:01,2024-02-25 04:00:00
10126551,5313114,16777473,2026-07-30 14:47:22,2026-07-30 05:05:01,2024-10-21 02:05:01
14315827,5313114,65537,2024-03-08 19:31:00,2026-07-30 16:05:01,2023-10-21 21:57:00
14757368,5313114,1,2026-07-28 09:05:01,2026-07-30 16:05:01,2025-03-22 13:05:01
8381475,5920259,65537,2024-04-27 06:02:00,2026-07-30 16:05:01,2023-12-22 04:52:00
10126551,5920259,16777473,2026-07-30 14:47:22,2026-07-30 05:05:01,2024-10-21 02:05:01
32873098,5920259,1,2026-06-02 16:05:01,2026-07-30 16:05:01,2025-06-27 18:05:01
4813816,5195412,1,2026-07-30 01:05:01,2026-07-30 16:05:01,2024-02-25 04:00:00
10126551,5195412,16777473,2026-07-30 14:47:22,2026-07-28 00:05:01,2024-10-21 02:05:01
14315827,5195412,65537,2024-03-08 19:31:00,2026-07-30 16:05:01,2023-10-21 21:57:00
14757368,5195412,1,2026-07-28 09:05:01,2026-07-30 16:05:01,2025-03-22 13:05:01
10008096,3378337,1,2026-06-20 12:05:01,2026-07-29 18:05:01,2024-02-07 09:47:00
10126551,3378337,16777473,2026-07-30 14:47:22,2026-07-28 23:05:01,2024-10-21 19:05:01
14757368,3378337,1,2026-07-28 09:05:01,2026-07-30 16:05:01,2025-03-22 13:05:01
46916731,3378337,1,2026-07-30 05:05:01,2026-07-30 13:05:01,2024-08-12 18:05:02
4813816,4080442,1,2026-07-30 01:05:01,2026-07-30 16:05:01,2024-02-25 04:00:00
10126551,4080442,16777473,2026-07-30 14:47:22,2026-07-30 04:05:01,2024-10-21 19:05:01
14315827,4080442,65537,2024-03-08 19:31:00,2026-07-30 16:05:01,2023-10-21 21:57:00
27746861,4080442,1,2026-07-29 17:05:01,2026-07-30 16:05:01,2024-02-21 14:19:00
4813816,5945084,1,2026-07-30 01:05:01,2026-07-29 23:05:01,2024-02-25 04:00:00
10008096,5945084,1,2026-06-20 12:05:01,2026-07-25 23:05:02,2024-02-07 09:47:00
10126551,5945084,16777473,2026-07-30 14:47:22,2026-07-27 02:05:01,2024-11-04 20:05:01
14757368,5945084,1,2026-07-28 09:05:01,2026-07-30 16:05:01,2024-02-24 23:50:00
10126551,5945675,16777473,2026-07-30 14:47:22,2026-07-28 00:05:01,2024-11-04 20:05:01
14315827,5945675,65537,2024-03-08 19:31:00,2026-07-30 16:05:01,2023-10-21 21:57:00
27746861,5945675,1,2026-07-29 17:05:01,2026-07-30 12:05:01,2024-02-21 14:19:00
46916731,5945675,1,2026-07-30 05:05:01,2026-07-30 12:05:01,2024-08-12 18:05:02
4813816,4244203,1,2026-07-30 01:05:01,2026-07-30 16:05:01,2024-02-25 04:00:00
10126551,4244203,16777473,2026-07-30 14:47:22,2026-07-30 05:05:01,2024-10-21 19:05:01
14315827,4244203,65537,2024-03-08 19:31:00,2026-07-30 16:05:01,2023-10-21 21:57:00
14757368,4244203,1,2026-07-28 09:05:01,2026-07-30 16:05:01,2025-03-22 13:05:01
10126551,5867348,16777473,2026-07-30 14:47:22,2026-07-28 00:05:01,2024-10-21 02:05:01
14315827,5867348,65537,2024-03-08 19:31:00,2026-07-30 16:05:01,2023-10-21 21:57:00
27746861,5867348,1,2026-07-29 17:05:01,2026-07-30 16:05:01,2024-02-21 14:19:00
46916731,5867348,1,2026-07-30 05:05:01,2026-07-30 14:05:02,2026-06-24 17:05:01
4813816,5953058,1,2026-07-30 01:05:01,2026-07-30 14:05:02,2024-02-25 04:00:00
10008096,5953058,1,2026-06-20 12:05:01,2026-07-30 10:05:01,2024-02-07 09:47:00
10126551,5953058,16777473,2026-07-30 14:47:22,2026-07-28 04:05:01,2024-11-04 20:05:01
14757368,5953058,1,2026-07-28 09:05:01,2026-07-30 16:05:01,2025-03-22 13:05:01
10008096,5953515,1,2026-06-20 12:05:01,2026-07-30 16:05:01,2024-02-07 09:47:00
10126551,5953515,16777473,2026-07-30 14:47:22,2026-07-30 05:05:01,2024-10-21 19:05:01
14757368,5953515,1,2026-07-28 09:05:01,2026-07-30 16:05:01,2025-03-22 13:05:01
32873098,5953515,1,2026-06-02 16:05:01,2026-07-30 16:05:01,2026-05-02 15:05:00
10008096,5953617,1,2026-06-20 12:05:01,2026-07-30 16:05:01,2024-02-07 09:47:00
10126551,5953617,16777473,2026-07-30 14:47:22,2026-07-30 05:05:01,2024-11-04 20:05:01
14757368,5953617,1,2026-07-28 09:05:01,2026-07-30 16:05:01,2025-03-22 13:05:01
32873098,5953617,1,2026-06-02 16:05:01,2026-07-30 16:05:01,2026-05-02 15:05:00
4813816,3969744,1,2026-07-30 01:05:01,2026-07-30 16:05:01,2024-02-25 04:00:00
10126551,3969744,16777473,2026-07-30 14:47:22,2026-07-30 05:05:01,2024-10-21 19:05:01
14315827,3969744,65537,2024-03-08 19:31:00,2026-07-30 16:05:01,2023-10-21 21:57:00
14757368,3969744,1,2026-07-28 09:05:01,2026-07-30 16:05:01,2025-03-22 13:05:01
10126551,4084112,16777473,2026-07-30 14:47:22,2026-07-28 00:05:01,2024-10-21 02:05:01
14315827,4084112,65537,2024-03-08 19:31:00,2026-07-30 16:05:01,2023-10-21 21:57:00
14757368,4084112,1,2026-07-28 09:05:01,2026-07-30 16:05:01,2024-08-12 23:05:01
27746861,4084112,1,2026-07-29 17:05:01,2026-07-30 16:05:01,2024-02-21 14:19:00
4813816,5963311,1,2026-07-30 01:05:01,2026-07-30 16:05:01,2024-02-25 04:00:00
10008096,5963311,1,2026-06-20 12:05:01,2026-07-30 16:05:01,2024-02-07 09:47:00
10126551,5963311,16777473,2026-07-30 14:47:22,2026-07-30 05:05:01,2024-10-21 02:05:01
14757368,5963311,1,2026-07-28 09:05:01,2026-07-30 16:05:01,2025-03-22 13:05:01
10008096,5961987,1,2026-06-20 12:05:01,2026-07-30 16:05:01,2024-02-07 09:47:00
10126551,5961987,16777473,2026-07-30 14:47:22,2026-07-30 05:05:01,2024-10-21 19:05:01
14757368,5961987,1,2026-07-28 09:05:01,2026-07-30 16:05:01,2025-03-22 13:05:01
27746861,5961987,1,2026-07-29 17:05:01,2026-07-30 16:05:01,2024-02-21 14:19:00
7664177,4499987,1,2026-07-30 00:05:01,2026-07-30 16:05:01,2024-02-24 03:15:00
10126551,4499987,16777473,2026-07-30 14:47:22,2026-07-30 05:05:01,2024-10-21 02:05:01
14315827,4499987,65537,2024-03-08 19:31:00,2026-07-30 16:05:01,2023-10-21 21:57:00
46916731,4499987,1,2026-07-30 05:05:01,2026-07-30 16:05:01,2024-08-12 18:05:02
4813816,5965680,1,2026-07-30 01:05:01,2026-07-30 16:05:01,2024-02-25 04:00:00
10008096,5965680,1,2026-06-20 12:05:01,2026-07-30 16:05:01,2024-02-07 09:47:00
10126551,5965680,16777473,2026-07-30 14:47:22,2026-07-30 03:05:02,2024-10-21 02:05:01
14757368,5965680,1,2026-07-28 09:05:01,2026-07-30 16:05:01,2025-03-22 13:05:01
4813816,5145285,1,2026-07-30 01:05:01,2026-07-30 16:05:01,2024-02-25 04:00:00
10126551,5145285,16777473,2026-07-30 14:47:22,2026-07-30 04:05:01,2024-10-21 02:05:01
14315827,5145285,65537,2024-03-08 19:31:00,2026-07-30 16:05:01,2023-10-21 21:57:00
46916731,5145285,1,2026-07-30 05:05:01,2026-07-30 16:05:01,2026-06-24 17:05:01
4813816,5688025,1,2026-07-30 01:05:01,2026-07-30 16:05:01,2024-02-25 04:00:00
10126551,5688025,16777473,2026-07-30 14:47:22,2026-07-30 04:05:01,2024-10-21 02:05:01
14315827,5688025,65537,2024-03-08 19:31:00,2026-07-30 16:05:01,2023-10-21 21:57:00
14757368,5688025,1,2026-07-28 09:05:01,2026-07-30 16:05:01,2025-03-22 13:05:01
4813816,3397432,1,2026-07-30 01:05:01,2026-07-30 16:05:01,2024-02-25 04:00:00
10126551,3397432,16777473,2026-07-30 14:47:22,2026-07-28 23:05:01,2024-10-21 19:05:01
14315827,3397432,65537,2024-03-08 19:31:00,2026-07-30 16:05:01,2023-10-21 21:57:00
46916731,3397432,1,2026-07-30 05:05:01,2026-07-30 16:05:01,2026-06-24 04:05:01
4813816,5418867,1,2026-07-30 01:05:01,2026-07-30 16:05:01,2024-02-25 04:00:00
10126551,5418867,16777473,2026-07-30 14:47:22,2026-07-30 05:05:01,2024-10-21 02:05:01
14315827,5418867,65537,2024-03-08 19:31:00,2026-07-30 16:05:01,2023-10-21 21:57:00
46916731,5418867,1,2026-07-30 05:05:01,2026-07-30 16:05:01,2026-06-24 17:05:01
4813816,5970997,1,2026-07-30 01:05:01,2026-07-30 16:05:01,2024-02-25 04:00:00
10126551,5970997,16777473,2026-07-30 14:47:22,2026-07-30 04:05:01,2024-10-21 19:05:01
14315827,5970997,65537,2024-03-08 19:31:00,2026-07-30 16:05:01,2023-10-21 21:57:00
46916731,5970997,1,2026-07-30 05:05:01,2026-07-30 16:05:01,2026-06-24 04:05:01
4813816,4163541,1,2026-07-30 01:05:01,2026-07-30 16:05:01,2024-02-25 04:00:00
10126551,4163541,16777473,2026-07-30 14:47:22,2026-07-30 05:05:01,2024-10-21 19:05:01
14315827,4163541,65537,2024-03-08 19:31:00,2026-07-30 16:05:01,2023-10-21 21:57:00
14757368,4163541,1,2026-07-28 09:05:01,2026-07-30 16:05:01,2025-03-22 13:05:01
670524,5569131,1,2026-03-11 10:26:57,2026-07-30 16:05:01,2025-04-09 03:05:02
4813816,5569131,1,2026-07-30 01:05:01,2026-07-30 16:05:01,2024-06-07 03:00:10
10126551,5569131,16777473,2026-07-30 14:47:22,2026-07-30 05:05:01,2024-10-21 19:05:01
27746861,5569131,1,2026-07-29 17:05:01,2026-07-30 16:05:01,2024-02-21 14:19:00
4813816,6007923,1,2026-07-30 01:05:01,2026-07-30 16:05:01,2024-02-25 04:00:00
6449581,6007923,1,2026-07-15 04:24:18,2026-07-30 13:05:01,2024-02-19 00:00:00
10126551,6007923,16777473,2026-07-30 14:47:22,2026-07-30 05:05:01,2024-10-21 19:05:01
14757368,6007923,1,2026-07-28 09:05:01,2026-07-30 16:05:01,2025-03-22 13:05:01
4813816,4499737,1,2026-07-30 01:05:01,2026-07-30 16:05:01,2024-02-25 04:00:00
10126551,4499737,16777473,2026-07-30 14:47:22,2026-07-28 23:05:01,2024-10-21 02:05:01
14315827,4499737,65537,2024-03-08 19:31:00,2026-07-30 16:05:01,2023-10-21 21:57:00
46916731,4499737,1,2026-07-30 05:05:01,2026-07-30 16:05:01,2026-06-24 17:05:01
8381475,4847552,65537,2024-04-27 06:02:00,2026-07-30 16:05:01,2023-12-22 04:52:00
10008096,4847552,1,2026-06-20 12:05:01,2026-07-29 19:05:01,2024-02-07 09:47:00
10126551,4847552,16777473,2026-07-30 14:47:22,2026-07-28 04:05:01,2024-10-21 19:05:01
14757368,4847552,1,2026-07-28 09:05:01,2026-07-30 16:05:01,2025-03-22 13:05:01
10126551,5459104,16777473,2026-07-30 14:47:22,2026-07-30 05:05:01,2024-10-21 02:05:01
14315827,5459104,65537,2024-03-08 19:31:00,2026-07-30 16:05:01,2023-10-21 21:57:00
14757368,5459104,1,2026-07-28 09:05:01,2026-07-30 16:05:01,2025-03-22 13:05:01
27746861,5459104,1,2026-07-29 17:05:01,2026-07-30 16:05:01,2024-02-21 14:19:00
4813816,6009937,1,2026-07-30 01:05:01,2026-07-30 16:05:01,2024-02-25 04:00:00
10008096,6009937,1,2026-06-20 12:05:01,2026-07-30 16:05:01,2024-02-07 09:47:00
10126551,6009937,16777473,2026-07-30 14:47:22,2026-07-30 05:05:01,2024-10-21 02:05:01
14757368,6009937,1,2026-07-28 09:05:01,2026-07-30 16:05:01,2025-03-22 13:05:01
4813816,6010674,1,2026-07-30 01:05:01,2026-07-30 16:05:01,2024-02-25 04:00:00
10008096,6010674,1,2026-06-20 12:05:01,2026-07-30 16:05:01,2024-02-07 09:47:00
10126551,6010674,16777473,2026-07-30 14:47:22,2026-07-30 05:05:01,2024-10-21 02:05:01
14757368,6010674,1,2026-07-28 09:05:01,2026-07-30 16:05:01,2025-03-22 13:05:01
670524,5355989,1,2026-03-11 10:26:57,2026-07-30 16:05:01,2025-04-07 03:05:01
4813816,5355989,1,2026-07-30 01:05:01,2026-07-30 16:05:01,2024-02-25 04:00:00
10126551,5355989,16777473,2026-07-30 14:47:22,2026-07-30 05:05:01,2024-10-21 02:05:01
14315827,5355989,65537,2024-03-08 19:31:00,2026-07-30 16:05:01,2023-10-21 21:57:00
4813816,5525574,1,2026-07-30 01:05:01,2026-07-30 16:05:01,2024-02-25 04:00:00
10126551,5525574,16777473,2026-07-30 14:47:22,2026-07-28 00:05:01,2024-10-21 02:05:01
14315827,5525574,65537,2024-03-08 19:31:00,2026-07-30 16:05:01,2023-10-21 21:57:00
14757368,5525574,1,2026-07-28 09:05:01,2026-07-30 16:05:01,2024-08-12 23:05:01
4813816,6000290,1,2026-07-30 01:05:01,2026-07-30 16:05:01,2024-02-25 04:00:00
10126551,6000290,16777473,2026-07-30 14:47:22,2026-07-30 05:05:01,2024-10-21 02:05:01
14315827,6000290,65537,2024-03-08 19:31:00,2026-07-30 16:05:01,2023-10-21 21:57:00
14757368,6000290,1,2026-07-28 09:05:01,2026-07-30 16:05:01,2025-03-22 13:05:01
4813816,4864128,1,2026-07-30 01:05:01,2026-07-30 16:05:01,2024-02-25 04:00:00
10008096,4864128,1,2026-06-20 12:05:01,2026-07-30 16:05:01,2024-02-07 09:47:00
10126551,4864128,16777473,2026-07-30 14:47:22,2026-07-30 05:05:01,2024-10-21 19:05:01
14757368,4864128,1,2026-07-28 09:05:01,2026-07-30 16:05:01,2024-08-12 23:05:01
4813816,5937260,1,2026-07-30 01:05:01,2026-07-30 16:05:01,2024-02-25 04:00:00
10126551,5937260,16777473,2026-07-30 14:47:22,2026-07-30 05:05:01,2024-10-21 02:05:01
14315827,5937260,65537,2024-03-08 19:31:00,2026-07-30 16:05:01,2023-10-21 21:57:00
46916731,5937260,1,2026-07-30 05:05:01,2026-07-30 16:05:01,2026-06-24 17:05:01
4813816,5790312,1,2026-07-30 01:05:01,2026-07-30 16:05:01,2024-02-25 04:00:00
10126551,4702173,16777473,2026-07-30 14:47:22,2026-07-30 04:05:01,2024-11-04 20:05:01
27746861,4702173,1,2026-07-29 17:05:01,2026-07-30 16:05:01,2024-02-21 14:19:00
46916731,4702173,1,2026-07-30 05:05:01,2026-07-30 16:05:01,2026-06-24 17:05:01
10008096,5767812,1,2026-06-20 12:05:01,2026-07-30 16:05:01,2024-02-07 09:47:00
10126551,5767812,16777473,2026-07-30 14:47:22,2026-07-28 23:05:01,2024-10-21 02:05:01
27746861,5767812,1,2026-07-29 17:05:01,2026-07-30 16:05:01,2024-02-21 14:19:00
46916731,5767812,1,2026-07-30 05:05:01,2026-07-30 16:05:01,2026-06-24 17:05:01
4813816,5364615,1,2026-07-30 01:05:01,2026-07-30 16:05:01,2024-02-25 04:00:00
10126551,5364615,16777473,2026-07-30 14:47:22,2026-07-30 05:05:01,2024-10-21 02:05:01
14315827,5364615,65537,2024-03-08 19:31:00,2026-07-30 16:05:01,2023-10-21 21:57:00
46916731,5364615,1,2026-07-30 05:05:01,2026-07-30 16:05:01,2026-06-24 17:05:01
4813816,4458882,1,2026-07-30 01:05:01,2026-07-30 16:05:01,2024-02-25 04:00:00
10126551,4458882,16777473,2026-07-30 14:47:22,2026-07-28 00:05:01,2024-10-21 02:05:01
14315827,4458882,65537,2024-03-08 19:31:00,2026-07-30 16:05:01,2023-10-21 21:57:00
14757368,4458882,1,2026-07-28 09:05:01,2026-07-30 16:05:01,2025-03-22 13:05:01
670524,4162112,1,2026-03-11 10:26:57,2026-07-30 16:05:01,2025-04-08 02:21:23
4813816,4162112,1,2026-07-30 01:05:01,2026-07-30 16:05:01,2024-02-25 04:00:00
10126551,4162112,16777473,2026-07-30 14:47:22,2026-07-28 00:05:01,2024-10-21 02:05:01
32873098,4162112,1,2026-06-02 16:05:01,2026-07-30 16:05:01,2026-04-12 21:05:01
670524,5776142,0,,2026-07-30 16:05:01,
10126551,5776142,16777473,2026-07-30 14:47:22,2026-07-28 00:05:01,2024-11-01 18:05:01
14757368,5776142,1,2026-07-28 09:05:01,2026-07-30 16:05:01,2024-02-24 23:50:00
32873098,5776142,1,2026-06-02 16:05:01,2026-07-30 16:05:01,2026-04-12 21:05:01
46916731,5776142,1,2026-07-30 05:05:01,2026-07-30 16:05:01,2024-08-12 18:05:02
670524,4772040,1,2026-03-11 10:26:57,2026-07-30 16:05:01,2025-04-08 02:21:23
10008096,4772040,1,2026-06-20 12:05:01,2026-07-30 16:05:01,2024-02-07 09:47:00
10126551,4772040,16777473,2026-07-30 14:47:22,2026-07-30 04:05:01,2024-10-21 02:05:01
14757368,4772040,1,2026-07-28 09:05:01,2026-07-30 16:05:01,2025-03-22 13:05:01
10126551,5211593,16777473,2026-07-30 14:47:22,2026-07-28 00:05:01,2024-10-21 19:05:01
14315827,5211593,65537,2024-03-08 19:31:00,2026-07-30 16:05:01,2023-10-21 21:57:00
14757368,5211593,1,2026-07-28 09:05:01,2026-07-30 16:05:01,2025-03-22 13:05:01
27746861,5211593,1,2026-07-29 17:05:01,2026-07-30 16:05:01,2024-02-21 14:19:00
4813816,5120919,1,2026-07-30 01:05:01,2026-07-30 16:05:01,2024-02-25 04:00:00
10126551,5120919,16777473,2026-07-30 14:47:22,2026-07-30 05:05:01,2024-10-21 02:05:01
14315827,5120919,65537,2024-03-08 19:31:00,2026-07-30 16:05:01,2023-10-21 21:57:00
14757368,5120919,1,2026-07-28 09:05:01,2026-07-30 16:05:01,2025-03-22 13:05:01
4813816,5265717,1,2026-07-30 01:05:01,2026-07-30 16:05:01,2024-02-25 04:00:00
10008096,5265717,1,2026-06-20 12:05:01,2026-07-30 16:05:01,2024-02-07 09:47:00
10126551,5265717,16777473,2026-07-30 14:47:22,2026-07-30 05:05:01,2024-10-21 02:05:01
14757368,5265717,1,2026-07-28 09:05:01,2026-07-30 16:05:01,2025-03-22 13:05:01
4813816,4872774,1,2026-07-30 01:05:01,2026-07-30 16:05:01,2024-02-25 04:00:00
10126551,4872774,16777473,2026-07-30 14:47:22,2026-07-30 00:05:01,2024-10-21 19:05:01
14315827,4872774,65537,2024-03-08 19:31:00,2026-07-30 16:05:01,2023-10-21 21:57:00
46916731,4872774,1,2026-07-30 05:05:01,2026-07-30 13:05:01,2026-06-24 17:05:01
670524,5762951,0,,2026-07-30 16:05:01,
4813816,5762951,1,2026-07-30 01:05:01,2026-07-30 16:05:01,2024-02-25 04:00:00
10126551,5762951,16777473,2026-07-30 14:47:22,2026-07-28 23:05:01,2024-10-21 02:05:01
14315827,5762951,65537,2024-03-08 19:31:00,2026-07-30 16:05:01,2023-10-21 21:57:00
46916731,5762951,1,2026-07-30 05:05:01,2026-07-30 16:05:01,2026-06-24 17:05:01
4813816,5203296,1,2026-07-30 01:05:01,2026-07-30 16:05:01,2024-02-25 04:00:00
10126551,5203296,16777473,2026-07-30 14:47:22,2026-07-30 05:05:01,2024-10-21 02:05:01
14315827,5203296,65537,2024-03-08 19:31:00,2026-07-30 16:05:01,2023-10-21 21:57:00
14757368,5203296,1,2026-07-28 09:05:01,2026-07-30 16:05:01,2025-03-22 13:05:01
4813816,5801321,1,2026-07-30 01:05:01,2026-07-30 16:05:01,2024-02-25 04:00:00
10126551,5801321,16777473,2026-07-30 14:47:22,2026-07-28 04:05:01,2024-10-21 02:05:01
14315827,5801321,65537,2024-03-08 19:31:00,2026-07-30 16:05:01,2023-10-21 21:57:00
46916731,5801321,1,2026-07-30 05:05:01,2026-07-30 13:05:01,2026-06-24 17:05:01
10126551,5421521,16777473,2026-07-30 14:47:22,2026-07-30 05:05:01,2024-11-04 20:05:01
14315827,5421521,65537,2024-03-08 19:31:00,2026-07-30 16:05:01,2023-10-21 21:57:00
27746861,5421521,1,2026-07-29 17:05:01,2026-07-30 16:05:01,2024-02-21 14:19:00
46916731,5421521,1,2026-07-30 05:05:01,2026-07-30 16:05:01,2026-06-24 04:05:01
4813816,5622643,1,2026-07-30 01:05:01,2026-07-30 16:05:01,2024-02-25 04:00:00
10126551,5622643,16777473,2026-07-30 14:47:22,2026-07-28 00:05:01,2024-10-21 02:05:01
14315827,5622643,65537,2024-03-08 19:31:00,2026-07-30 16:05:01,2023-10-21 21:57:00
14757368,5622643,1,2026-07-28 09:05:01,2026-07-30 16:05:01,2025-03-22 13:05:01
10126551,4214268,16777473,2026-07-30 14:47:22,2026-07-28 00:05:01,2024-10-21 02:05:01
14315827,4214268,65537,2024-03-08 19:31:00,2026-07-30 16:05:01,2023-10-21 21:57:00
14757368,4214268,1,2026-07-28 09:05:01,2026-07-30 16:05:01,2025-03-22 13:05:01
27746861,4214268,1,2026-07-29 17:05:01,2026-07-30 16:05:01,2024-02-21 14:19:00
4813816,5815894,1,2026-07-30 01:05:01,2026-07-28 00:05:01,2024-02-25 04:00:00
10126551,5815894,16777473,2026-07-30 14:47:22,2026-07-28 00:05:01,2024-10-21 02:05:01
14315827,5815894,65537,2024-03-08 19:31:00,2026-07-30 16:05:01,2023-10-21 21:57:00
14757368,5815894,1,2026-07-28 09:05:01,2026-07-30 16:05:01,2025-03-22 13:05:01
4813816,5849699,1,2026-07-30 01:05:01,2026-07-30 16:05:01,2024-02-25 04:00:00
10008096,5849699,1,2026-06-20 12:05:01,2026-07-30 16:05:01,2024-02-07 09:47:00
10126551,5849699,16777473,2026-07-30 14:47:22,2026-07-30 05:05:01,2024-10-21 02:05:01
32873098,5849699,1,2026-06-02 16:05:01,2026-07-30 16:05:01,2026-05-02 15:05:00
4813816,4043951,1,2026-07-30 01:05:01,2026-07-30 16:05:01,2024-02-25 04:00:00
10126551,4043951,16777473,2026-07-30 14:47:22,2026-07-30 05:05:01,2024-10-21 19:05:01
14315827,4043951,65537,2024-03-08 19:31:00,2026-07-30 16:05:01,2023-10-21 21:57:00
14757368,4043951,1,2026-07-28 09:05:01,2026-07-30 16:05:01,2024-08-12 23:05:01
4813816,4379201,1,2026-07-30 01:05:01,2026-07-30 16:05:01,2024-02-25 04:00:00
10126551,4379201,16777473,2026-07-30 14:47:22,2026-07-30 05:05:01,2024-10-21 02:05:01
14315827,4379201,65537,2024-03-08 19:31:00,2026-07-30 16:05:01,2023-10-21 21:57:00
14757368,4379201,1,2026-07-28 09:05:01,2026-07-30 16:05:01,2025-03-22 13:05:01
4813816,5609034,1,2026-07-30 01:05:01,2026-07-30 16:05:01,2024-02-25 04:00:00
10126551,5609034,16777473,2026-07-30 14:47:22,2026-07-28 23:05:01,2024-10-21 19:05:01
14315827,5609034,65537,2024-03-08 19:31:00,2026-07-30 16:05:01,2023-10-21 21:57:00
46916731,5609034,1,2026-07-30 05:05:01,2026-07-30 16:05:01,2026-06-24 04:05:01
10008096,5801169,1,2026-06-20 12:05:01,2026-07-30 16:05:01,2024-02-07 09:47:00
10126551,5801169,16777473,2026-07-30 14:47:22,2026-07-30 08:05:01,2024-10-21 02:05:01
14757368,5801169,1,2026-07-28 09:05:01,2026-07-30 16:05:01,2025-03-22 13:05:01
27746861,5801169,1,2026-07-29 17:05:01,2026-07-30 16:05:01,2024-02-21 14:19:00
4813816,4809434,1,2026-07-30 01:05:01,2026-07-30 16:05:01,2024-02-25 04:00:00
10126551,4809434,16777473,2026-07-30 14:47:22,2026-07-28 00:05:01,2024-10-21 19:05:01
14315827,4809434,65537,2024-03-08 19:31:00,2026-07-30 16:05:01,2023-10-21 21:57:00
46916731,4809434,1,2026-07-30 05:05:01,2026-07-30 16:05:01,2026-06-24 04:05:01
4813816,4655469,1,2026-07-30 01:05:01,2026-07-30 16:05:01,2024-02-25 04:00:00
10008096,4655469,1,2026-06-20 12:05:01,2026-07-30 16:05:01,2024-02-07 09:47:00
10126551,4655469,16777473,2026-07-30 14:47:22,2026-07-30 05:05:01,2024-10-21 02:05:01
14757368,4655469,1,2026-07-28 09:05:01,2026-07-30 16:05:01,2025-03-22 13:05:01
670524,5884105,0,,2026-07-30 16:05:01,
4813816,5884105,1,2026-07-30 01:05:01,2026-07-30 16:05:01,2024-02-25 04:00:00
10008096,5884105,1,2026-06-20 12:05:01,2026-07-29 10:05:02,2024-02-07 09:47:00
10126551,5884105,16777473,2026-07-30 14:47:22,2026-07-28 04:05:01,2024-10-21 02:05:01
46916731,5884105,1,2026-07-30 05:05:01,2026-07-30 16:05:01,2026-06-24 17:05:01
4813816,5317660,1,2026-07-30 01:05:01,2026-07-30 16:05:01,2024-02-25 04:00:00
10008096,5317660,1,2026-06-20 12:05:01,2026-07-26 19:08:51,2024-02-07 09:47:00
10126551,5317660,16777473,2026-07-30 14:47:22,2026-07-28 00:05:01,2024-10-21 02:05:01
46916731,5317660,1,2026-07-30 05:05:01,2026-07-30 16:05:01,2026-06-24 17:05:01
7664177,5725544,1,2026-07-30 00:05:01,2026-07-30 13:05:01,2024-02-24 03:15:00
10126551,5725544,16777473,2026-07-30 14:47:22,2026-07-28 05:05:01,2024-10-21 02:05:01
46916731,5725544,1,2026-07-30 05:05:01,2026-07-30 11:05:01,2026-06-30 17:05:01
4813816,4941722,1,2026-07-30 01:05:01,2026-07-30 16:05:01,2024-02-25 04:00:00
10008096,4941722,1,2026-06-20 12:05:01,2026-07-30 05:05:01,2024-02-07 09:47:00
10126551,4941722,16777473,2026-07-30 14:47:22,2026-07-30 05:05:01,2024-10-21 19:05:01
46916731,4941722,1,2026-07-30 05:05:01,2026-07-30 16:05:01,2026-06-24 04:05:01
4813816,4976126,1,2026-07-30 01:05:01,2026-07-30 16:05:01,2024-02-25 04:00:00
10126551,4976126,16777473,2026-07-30 14:47:22,2026-07-30 04:05:01,2024-10-21 02:05:01
14315827,4976126,65537,2024-03-08 19:31:00,2026-07-30 16:05:01,2023-10-21 21:57:00
14757368,4976126,1,2026-07-28 09:05:01,2026-07-30 16:05:01,2024-08-12 23:05:01
10008096,5872279,1,2026-06-20 12:05:01,2026-07-29 09:05:01,2024-02-07 09:47:00
10126551,5872279,16777473,2026-07-30 14:47:22,2026-07-28 00:05:01,2024-10-21 19:05:01
27746861,5872279,1,2026-07-29 17:05:01,2026-07-30 16:05:01,2024-02-21 14:19:00
46916731,5872279,1,2026-07-30 05:05:01,2026-07-30 16:05:01,2026-06-24 04:05:01
670524,5281137,0,,2026-07-30 16:05:01,
10008096,5281137,1,2026-06-20 12:05:01,2026-07-30 16:05:01,2024-02-07 09:47:00
10126551,5281137,16777473,2026-07-30 14:47:22,2026-07-30 03:05:02,2024-10-21 19:05:01
27746861,5281137,1,2026-07-29 17:05:01,2026-07-30 16:05:01,2024-02-21 14:19:00
46916731,5281137,1,2026-07-30 05:05:01,2026-07-30 16:05:01,2026-06-24 04:05:01
4813816,5867544,1,2026-07-30 01:05:01,2026-07-30 16:05:01,2024-02-25 04:00:00
10008096,5867544,1,2026-06-20 12:05:01,2026-07-30 16:05:01,2024-02-07 09:47:00
10126551,5867544,16777473,2026-07-30 14:47:22,2026-07-30 15:05:01,2024-10-21 02:05:01
670524,3821346,1,2026-03-11 10:26:57,2026-07-30 16:05:01,2025-04-08 02:21:23
4813816,3821346,1,2026-07-30 01:05:01,2026-07-30 16:05:01,2024-02-25 04:00:00
10126551,3821346,16777473,2026-07-30 14:47:22,2026-07-30 05:05:01,2024-10-21 02:05:01
14315827,3821346,65537,2024-03-08 19:31:00,2026-07-30 16:05:01,2023-10-21 21:57:00
10008096,5892598,1,2026-06-20 12:05:01,2026-07-30 16:05:01,2024-02-07 09:47:00
10126551,5892598,16777473,2026-07-30 14:47:22,2026-07-30 05:05:01,2024-10-21 19:05:01
14757368,5892598,1,2026-07-28 09:05:01,2026-07-30 16:05:01,2025-03-22 13:05:01
27746861,5892598,1,2026-07-29 17:05:01,2026-07-30 16:05:01,2024-02-21 14:19:00
670524,4836093,0,,2026-07-30 16:05:01,
4813816,4836093,1,2026-07-30 01:05:01,2026-07-30 16:05:01,2024-02-25 04:00:00
10126551,4836093,16777473,2026-07-30 14:47:22,2026-07-28 00:05:01,2024-10-21 19:05:01
14315827,4836093,65537,2024-03-08 19:31:00,2026-07-30 16:05:01,2023-10-21 21:57:00
32873098,4836093,1,2026-06-02 16:05:01,2026-07-30 16:05:01,2026-04-12 21:05:01
670524,5371022,1,2026-03-11 10:26:57,2026-07-30 16:05:01,2025-04-09 03:05:02
4813816,5371022,1,2026-07-30 01:05:01,2026-07-30 16:05:01,2024-02-25 04:00:00
10126551,5371022,16777473,2026-07-30 14:47:22,2026-07-28 00:05:01,2024-10-21 19:05:01
14315827,5371022,65537,2024-03-08 19:31:00,2026-07-30 16:05:01,2023-10-21 21:57:00
32873098,5371022,1,2026-06-02 16:05:01,2026-07-30 16:05:01,2026-04-12 21:05:01
4813816,5950321,1,2026-07-30 01:05:01,2026-07-30 16:05:01,2024-02-25 04:00:00
10008096,5950321,1,2026-06-20 12:05:01,2026-07-30 16:05:01,2024-02-07 09:47:00
10126551,5950321,16777473,2026-07-30 14:47:22,2026-07-28 23:05:01,2024-10-21 19:05:01
46916731,5950321,1,2026-07-30 05:05:01,2026-07-30 16:05:01,2024-08-12 18:05:02
4813816,5894024,1,2026-07-30 01:05:01,2026-07-30 16:05:01,2024-02-25 04:00:00
10126551,5894024,16777473,2026-07-30 14:47:22,2026-07-30 01:05:01,2024-10-21 02:05:01
14315827,5894024,65537,2024-03-08 19:31:00,2026-07-30 16:05:01,2023-10-21 21:57:00
46916731,5894024,1,2026-07-30 05:05:01,2026-07-30 16:05:01,2026-06-24 17:05:01
4813816,5571755,1,2026-07-30 01:05:01,2026-07-30 16:05:01,2024-02-25 04:00:00
10126551,5571755,16777473,2026-07-30 14:47:22,2026-07-30 04:05:01,2024-10-21 02:05:01
14315827,5571755,65537,2024-03-08 19:31:00,2026-07-30 16:05:01,2023-10-21 21:57:00
32873098,5571755,1,2026-06-02 16:05:01,2026-07-30 16:05:01,2026-04-12 21:05:01
10126551,5415883,16777473,2026-07-30 14:47:22,2026-07-30 04:05:01,2024-10-21 02:05:01
14315827,5415883,65537,2024-03-08 19:31:00,2026-07-30 16:05:01,2023-10-21 21:57:00
14757368,5415883,1,2026-07-28 09:05:01,2026-07-30 16:05:01,2025-03-22 13:05:01
27746861,5415883,1,2026-07-29 17:05:01,2026-07-30 16:05:01,2024-02-21 14:19:00
4813816,5476628,1,2026-07-30 01:05:01,2026-07-30 16:05:01,2024-02-25 04:00:00
10126551,5476628,16777473,2026-07-30 14:47:22,2026-07-30 05:05:01,2024-10-21 02:05:01
14315827,5476628,65537,2024-03-08 19:31:00,2026-07-30 16:05:01,2023-10-21 21:57:00
14757368,5476628,1,2026-07-28 09:05:01,2026-07-30 16:05:01,2025-03-22 13:05:01
670524,5956143,0,,2026-07-30 16:05:01,
4813816,5956143,1,2026-07-30 01:05:01,2026-07-30 16:05:01,2024-02-25 04:00:00
10126551,5956143,16777473,2026-07-30 14:47:22,2026-07-28 00:05:01,2024-10-21 02:05:01
14315827,5956143,65537,2024-03-08 19:31:00,2026-07-30 16:05:01,2023-10-21 21:57:00
46916731,5956143,1,2026-07-30 05:05:01,2026-07-30 16:05:01,2026-06-24 17:05:01
670524,5937261,0,,2026-07-30 16:05:01,
4813816,5937261,1,2026-07-30 01:05:01,2026-07-30 16:05:01,2024-02-25 04:00:00
10126551,5937261,16777473,2026-07-30 14:47:22,2026-07-28 00:05:01,2024-10-21 02:05:01
14315827,5937261,65537,2024-03-08 19:31:00,2026-07-30 16:05:01,2023-10-21 21:57:00
32873098,5937261,1,2026-06-02 16:05:01,2026-07-30 16:05:01,2026-04-12 21:05:01
10008096,5960737,1,2026-06-20 12:05:01,2026-07-30 16:05:01,2024-02-07 09:47:00
10126551,5960737,16777473,2026-07-30 14:47:22,2026-07-30 16:05:01,2024-10-21 02:05:01
14757368,5960737,1,2026-07-28 09:05:01,2026-07-30 16:05:01,2025-03-22 13:05:01
670524,3402887,0,,2026-07-30 16:05:01,
10126551,3402887,16777473,2026-07-30 14:47:22,2026-07-28 00:05:01,2024-10-21 02:05:01
14757368,3402887,1,2026-07-28 09:05:01,2026-07-30 16:05:01,2024-02-24 23:50:00
32873098,3402887,1,2026-06-02 16:05:01,2026-07-30 16:05:01,2026-04-12 21:05:01
46916731,3402887,1,2026-07-30 05:05:01,2026-07-30 16:05:01,2026-06-24 17:05:01
4813816,5733498,1,2026-07-30 01:05:01,2026-07-30 16:05:01,2024-02-25 04:00:00
10008096,5733498,1,2026-06-20 12:05:01,2026-07-30 16:05:01,2024-02-07 09:47:00
10126551,5733498,16777473,2026-07-30 14:47:22,2026-07-30 05:05:01,2024-10-21 02:05:01
14757368,5733498,1,2026-07-28 09:05:01,2026-07-30 16:05:01,2025-03-22 13:05:01
4813816,5757184,1,2026-07-30 01:05:01,2026-07-30 16:05:01,2024-02-25 04:00:00
10008096,5757184,1,2026-06-20 12:05:01,2026-07-30 16:05:01,2024-02-07 09:47:00
10126551,5757184,16777473,2026-07-30 14:47:22,2026-07-30 05:05:01,2024-10-21 02:05:01
14757368,5757184,1,2026-07-28 09:05:01,2026-07-30 16:05:01,2024-08-12 23:05:01
10126551,4507258,16777473,2026-07-30 14:47:22,2026-07-28 00:05:01,2024-10-21 02:05:01
14315827,4507258,65537,2024-03-08 19:31:00,2026-07-30 16:05:01,2023-10-21 21:57:00
14757368,4507258,1,2026-07-28 09:05:01,2026-07-30 16:05:01,2025-03-22 13:05:01
27746861,4507258,1,2026-07-29 17:05:01,2026-07-30 16:05:01,2024-02-21 14:19:00
4813816,5932125,1,2026-07-30 01:05:01,2026-07-30 16:05:01,2024-02-25 04:00:00
10008096,5932125,1,2026-06-20 12:05:01,2026-07-30 08:05:01,2024-02-07 09:47:00
10126551,5932125,16777473,2026-07-30 14:47:22,2026-07-28 00:05:01,2024-10-21 19:05:01
14757368,5932125,1,2026-07-28 09:05:01,2026-07-30 16:05:01,2025-03-22 13:05:01
4813816,4462089,1,2026-07-30 01:05:01,2026-07-30 16:05:01,2024-02-25 04:00:00
10126551,4462089,16777473,2026-07-30 14:47:22,2026-07-30 04:05:01,2024-10-21 02:05:01
14757368,4462089,1,2026-07-28 09:05:01,2026-07-30 16:05:01,2024-08-12 23:05:01
10126551,5928116,16777473,2026-07-30 14:47:22,2026-07-17 04:05:01,2024-11-04 20:05:01
27746861,5928116,1,2026-07-29 17:05:01,2026-07-29 16:05:01,2024-02-21 14:19:00
46916731,5928116,1,2026-07-30 05:05:01,2026-07-29 23:05:01,2026-06-30 17:05:01
4813816,5431600,1,2026-07-30 01:05:01,2026-07-30 16:05:01,2024-02-25 04:00:00
10126551,5431600,16777473,2026-07-30 14:47:22,2026-07-30 05:05:01,2024-10-21 02:05:01
14315827,5431600,65537,2024-03-08 19:31:00,2026-07-30 16:05:01,2023-10-21 21:57:00
14757368,5431600,1,2026-07-28 09:05:01,2026-07-30 16:05:01,2024-08-12 23:05:01
10008096,5680881,1,2026-06-20 12:05:01,2026-07-30 16:05:01,2024-02-07 09:47:00
10126551,5680881,16777473,2026-07-30 14:47:22,2026-07-30 01:05:01,2024-10-21 02:05:01
14757368,5680881,1,2026-07-28 09:05:01,2026-07-30 16:05:01,2025-03-22 13:05:01
46916731,5680881,1,2026-07-30 05:05:01,2026-07-30 16:05:01,2026-06-24 17:05:01
4659466,5279694,0,,2026-07-27 03:05:01,
10126551,5279694,16777473,2026-07-30 14:47:22,2026-07-30 05:05:01,2024-11-04 20:05:01
27746861,5279694,1,2026-07-29 17:05:01,2026-07-30 16:05:01,2024-02-21 14:19:00
46916731,5279694,1,2026-07-30 05:05:01,2026-07-30 16:05:01,2026-06-24 17:05:01
670524,4696503,0,,2026-07-30 16:05:01,
4813816,4696503,1,2026-07-30 01:05:01,2026-07-30 16:05:01,2024-02-25 04:00:00
10126551,4696503,16777473,2026-07-30 14:47:22,2026-07-28 23:05:01,2024-10-21 02:05:01
14315827,4696503,65537,2024-03-08 19:31:00,2026-07-30 16:05:01,2023-10-21 21:57:00
46916731,4696503,1,2026-07-30 05:05:01,2026-07-30 16:05:01,2026-06-24 17:05:01
670524,3926639,0,,2026-07-30 16:05:01,
10126551,3926639,16777473,2026-07-30 14:47:22,2026-07-28 00:05:01,2024-10-21 02:05:01
14315827,3926639,65537,2024-03-08 19:31:00,2026-07-30 16:05:01,2023-10-21 21:57:00
46916731,3926639,1,2026-07-30 05:05:01,2026-07-30 16:05:01,2026-06-24 17:05:01
4813816,5988489,1,2026-07-30 01:05:01,2026-07-28 06:05:01,2024-02-25 04:00:00
10126551,5988489,16777473,2026-07-30 14:47:22,2026-07-28 00:05:01,2024-11-04 20:05:01
14315827,5988489,65537,2024-03-08 19:31:00,2026-07-30 16:05:01,2023-10-21 21:57:00
14757368,5988489,1,2026-07-28 09:05:01,2026-07-30 16:05:01,2025-03-22 13:05:01
670524,5091635,1,2026-03-11 10:26:57,2026-07-30 16:05:01,2025-04-08 02:21:23
10008096,5091635,1,2026-06-20 12:05:01,2026-07-30 16:05:01,2024-02-07 09:47:00
10126551,5091635,16777473,2026-07-30 14:47:22,2026-07-30 05:05:01,2024-10-21 02:05:01
14757368,5091635,1,2026-07-28 09:05:01,2026-07-30 16:05:01,2025-03-22 13:05:01
670524,5933956,0,,2026-07-30 16:05:01,
10008096,5933956,1,2026-06-20 12:05:01,2026-07-30 16:05:01,2024-02-07 09:47:00
10126551,5933956,16777473,2026-07-30 14:47:22,2026-07-30 05:05:01,2024-10-21 19:05:01
46916731,5933956,1,2026-07-30 05:05:01,2026-07-30 16:05:01,2024-08-12 18:05:02
10126551,5443865,16777473,2026-07-30 14:47:22,2026-07-30 05:05:01,2024-10-21 02:05:01
14315827,5443865,65537,2024-03-08 19:31:00,2026-07-30 16:05:01,2023-10-21 21:57:00
14757368,5443865,1,2026-07-28 09:05:01,2026-07-30 16:05:01,2024-08-12 23:05:01
46916731,5443865,1,2026-07-30 05:05:01,2026-07-30 16:05:01,2026-06-24 17:05:01
4813816,4581276,1,2026-07-30 01:05:01,2026-07-30 16:05:01,2024-02-25 04:00:00
10126551,4581276,16777473,2026-07-30 14:47:22,2026-07-30 05:05:01,2024-10-21 19:05:01
14315827,4581276,65537,2024-03-08 19:31:00,2026-07-30 16:05:01,2023-10-21 21:57:00
14757368,4581276,1,2026-07-28 09:05:01,2026-07-30 16:05:01,2024-08-12 23:05:01
4813816,6015646,1,2026-07-30 01:05:01,2026-07-30 16:05:01,2024-02-25 04:00:00
10126551,6015646,16777473,2026-07-30 14:47:22,2026-07-30 03:05:02,2024-10-21 02:05:01
14315827,6015646,65537,2024-03-08 19:31:00,2026-07-30 16:05:01,2023-10-21 21:57:00
14757368,6015646,1,2026-07-28 09:05:01,2026-07-30 16:05:01,2025-03-22 13:05:01
4813816,5981759,1,2026-07-30 01:05:01,2026-07-30 16:05:01,2024-02-25 04:00:00
10008096,5981759,1,2026-06-20 12:05:01,2026-07-30 16:05:01,2024-02-07 09:47:00
10126551,5981759,16777473,2026-07-30 14:47:22,2026-07-28 04:05:01,2024-10-21 02:05:01
10008096,5790312,1,2026-06-20 12:05:01,2026-07-30 16:05:01,2024-02-07 09:47:00
10126551,5790312,16777473,2026-07-30 14:47:22,2026-07-29 13:05:01,2024-10-21 02:05:01
14757368,5790312,1,2026-07-28 09:05:01,2026-07-30 16:05:01,2025-03-22 13:05:01
4813816,6027600,1,2026-07-30 01:05:01,2026-07-30 16:05:01,2024-02-25 04:00:00
10008096,6027600,1,2026-06-20 12:05:01,2026-07-30 16:05:01,2024-02-07 09:47:00
10126551,6027600,16777473,2026-07-30 14:47:22,2026-07-30 05:05:01,2024-10-21 02:05:01
14757368,6027600,1,2026-07-28 09:05:01,2026-07-30 16:05:01,2024-08-12 23:05:01
4813816,6008102,1,2026-07-30 01:05:01,2026-07-30 16:05:01,2024-02-25 04:00:00
10126551,6008102,16777473,2026-07-30 14:47:22,2026-07-30 05:05:01,2024-10-21 02:05:01
14315827,6008102,65537,2024-03-08 19:31:00,2026-07-30 16:05:01,2023-10-21 21:57:00
32873098,6008102,1,2026-06-02 16:05:01,2026-07-30 16:05:01,2026-05-02 15:05:00
4813816,6009133,1,2026-07-30 01:05:01,2026-07-30 16:05:01,2024-02-25 04:00:00
10126551,6009133,16777473,2026-07-30 14:47:22,2026-07-28 23:05:01,2024-10-21 19:05:01
14315827,6009133,65537,2024-03-08 19:31:00,2026-07-30 16:05:01,2023-10-21 21:57:00
46916731,6009133,1,2026-07-30 05:05:01,2026-07-30 16:05:01,2026-06-24 04:05:01
4813816,4035611,1,2026-07-30 01:05:01,2026-07-30 16:05:01,2024-02-25 04:00:00
10126551,4035611,16777473,2026-07-30 14:47:22,2026-07-30 05:05:01,2024-10-21 19:05:01
14315827,4035611,65537,2024-03-08 19:31:00,2026-07-30 16:05:01,2023-10-21 21:57:00
14757368,4035611,1,2026-07-28 09:05:01,2026-07-30 16:05:01,2024-08-12 23:05:01
4813816,5843331,1,2026-07-30 01:05:01,2026-07-30 16:05:01,2024-02-25 04:00:00
10126551,5843331,16777473,2026-07-30 14:47:22,2026-07-30 05:05:01,2024-10-21 02:05:01
14315827,5843331,65537,2024-03-08 19:31:00,2026-07-30 16:05:01,2023-10-21 21:57:00
14757368,5843331,1,2026-07-28 09:05:01,2026-07-30 16:05:01,2025-03-22 13:05:01
4813816,6066421,1,2026-07-30 01:05:01,2026-07-30 16:05:01,2024-02-25 04:00:00
10008096,6066421,1,2026-06-20 12:05:01,2026-07-30 16:05:01,2024-02-07 09:47:00
10126551,6066421,16777473,2026-07-30 14:47:22,2026-07-30 05:05:01,2024-10-21 02:05:01
14757368,6066421,1,2026-07-28 09:05:01,2026-07-30 16:05:01,2025-03-22 13:05:01
10126551,6066088,16777473,2026-07-30 14:47:22,2026-07-28 04:05:01,2024-10-21 02:05:01
14315827,6066088,65537,2024-03-08 19:31:00,2026-07-30 16:05:01,2023-10-21 21:57:00
27746861,6066088,1,2026-07-29 17:05:01,2026-07-30 16:05:01,2024-02-21 14:19:00
46916731,6066088,1,2026-07-30 05:05:01,2026-07-30 16:05:01,2026-06-24 17:05:01
4813816,5777241,1,2026-07-30 01:05:01,2026-07-30 16:05:01,2024-02-25 04:00:00
10126551,5777241,16777473,2026-07-30 14:47:22,2026-07-30 05:05:01,2024-10-21 02:05:01
14315827,5777241,65537,2024-03-08 19:31:00,2026-07-30 16:05:01,2023-10-21 21:57:00
14757368,5777241,1,2026-07-28 09:05:01,2026-07-30 16:05:01,2025-03-22 13:05:01
4813816,6069879,1,2026-07-30 01:05:01,2026-07-30 16:05:01,2024-02-25 04:00:00
10126551,6069879,16777473,2026-07-30 14:47:22,2026-07-30 05:05:01,2024-10-21 02:05:01
14315827,6069879,65537,2024-03-08 19:31:00,2026-07-30 16:05:01,2023-10-21 21:57:00
46916731,6069879,1,2026-07-30 05:05:01,2026-07-30 16:05:01,2026-06-24 17:05:01
4813816,5685955,1,2026-07-30 01:05:01,2026-07-30 16:05:01,2024-02-25 04:00:00
10126551,5685955,16777473,2026-07-30 14:47:22,2026-07-30 04:05:01,2024-10-21 02:05:01
14315827,5685955,65537,2024-03-08 19:31:00,2026-07-30 16:05:01,2023-10-21 21:57:00
14757368,5685955,1,2026-07-28 09:05:01,2026-07-30 16:05:01,2025-03-22 13:05:01
4813816,5681489,1,2026-07-30 01:05:01,2026-07-30 16:05:01,2024-02-25 04:00:00
10126551,5681489,16777473,2026-07-30 14:47:22,2026-07-30 05:05:01,2024-10-21 02:05:01
14315827,5681489,65537,2024-03-08 19:31:00,2026-07-30 16:05:01,2023-10-21 21:57:00
46916731,5681489,1,2026-07-30 05:05:01,2026-07-30 16:05:01,2026-06-24 17:05:01
8381475,5746106,65537,2024-04-27 06:02:00,2026-07-30 16:05:01,2023-12-22 04:52:00
10126551,5746106,16777473,2026-07-30 14:47:22,2026-07-28 04:05:01,2024-10-21 02:05:01
14757368,5746106,1,2026-07-28 09:05:01,2026-07-30 16:05:01,2024-02-24 23:50:00
46916731,5746106,1,2026-07-30 05:05:01,2026-07-30 16:05:01,2024-08-12 18:05:02
10008096,4740882,1,2026-06-20 12:05:01,2026-07-27 16:05:02,2024-02-07 09:47:00
10126551,4740882,16777473,2026-07-30 14:47:22,2026-07-22 19:09:51,2024-10-21 02:05:01
14757368,4740882,1,2026-07-28 09:05:01,2026-07-30 16:05:01,2025-03-22 13:05:01
46916731,4740882,1,2026-07-30 05:05:01,2026-07-30 16:05:01,2026-06-24 17:05:01
4813816,6089444,1,2026-07-30 01:05:01,2026-07-30 16:05:01,2024-02-25 04:00:00
10126551,6089444,16777473,2026-07-30 14:47:22,2026-07-30 03:05:02,2024-10-21 02:05:01
14315827,6089444,65537,2024-03-08 19:31:00,2026-07-30 16:05:01,2023-10-21 21:57:00
46916731,6089444,1,2026-07-30 05:05:01,2026-07-30 16:05:01,2026-06-30 17:05:01
670524,6089947,0,,2026-07-30 16:05:01,
10126551,6089947,16777473,2026-07-30 14:47:22,2026-07-30 05:05:01,2024-10-21 19:05:01
14315827,6089947,65537,2024-03-08 19:31:00,2026-07-30 16:05:01,2023-10-21 21:57:00
46916731,6089947,1,2026-07-30 05:05:01,2026-07-30 16:05:01,2026-06-24 04:05:01
10126551,6059927,16777473,2026-07-30 14:47:22,2026-07-22 04:05:02,2024-11-04 20:05:01
14315827,6059927,65537,2024-03-08 19:31:00,2026-07-30 16:05:01,2023-10-21 21:57:00
27746861,6059927,1,2026-07-29 17:05:01,2026-07-30 16:05:01,2024-02-21 14:19:00
46916731,6059927,1,2026-07-30 05:05:01,2026-07-30 16:05:01,2026-06-30 17:05:01
4813816,3865956,1,2026-07-30 01:05:01,2026-07-30 16:05:01,2024-02-25 04:00:00
10126551,3865956,16777473,2026-07-30 14:47:22,2026-07-30 05:05:01,2024-10-21 19:05:01
14315827,3865956,65537,2024-03-08 19:31:00,2026-07-30 16:05:01,2023-10-21 21:57:00
46916731,3865956,1,2026-07-30 05:05:01,2026-07-30 16:05:01,2026-06-24 04:05:01
4813816,6049523,1,2026-07-30 01:05:01,2026-07-30 16:05:01,2024-02-25 04:00:00
10008096,6049523,1,2026-06-20 12:05:01,2026-07-30 16:05:01,2024-02-07 09:47:00
10126551,6049523,16777473,2026-07-30 14:47:22,2026-07-30 05:05:01,2024-10-21 02:05:01
14757368,6049523,1,2026-07-28 09:05:01,2026-07-30 16:05:01,2024-08-12 23:05:01
4813816,6089118,1,2026-07-30 01:05:01,2026-07-30 04:05:01,2024-02-25 04:00:00
10126551,6089118,16777473,2026-07-30 14:47:22,2026-07-27 02:05:01,2024-10-21 19:05:01
27746861,6089118,1,2026-07-29 17:05:01,2026-07-30 06:05:01,2024-02-21 14:19:00
4813816,4459035,1,2026-07-30 01:05:01,2026-07-30 16:05:01,2024-02-25 04:00:00
10126551,4459035,16777473,2026-07-30 14:47:22,2026-07-30 04:05:01,2024-10-21 02:05:01
14315827,4459035,65537,2024-03-08 19:31:00,2026-07-30 16:05:01,2023-10-21 21:57:00
46916731,4459035,1,2026-07-30 05:05:01,2026-07-30 16:05:01,2026-06-24 17:05:01
10126551,6106229,16777473,2026-07-30 14:47:22,2026-07-30 05:05:01,2024-10-21 02:05:01
14757368,6106229,1,2026-07-28 09:05:01,2026-07-30 16:05:01,2024-08-12 23:05:01
10126551,5530584,16777473,2026-07-30 14:47:22,2026-07-28 23:05:01,2024-10-21 02:05:01
14757368,5530584,1,2026-07-28 09:05:01,2026-07-30 16:05:01,2025-03-22 13:05:01
27746861,5530584,1,2026-07-29 17:05:01,2026-07-30 16:05:01,2024-02-21 14:19:00
46916731,5530584,1,2026-07-30 05:05:01,2026-07-30 16:05:01,2026-06-24 17:05:01
4813816,5170386,1,2026-07-30 01:05:01,2026-07-30 16:05:01,2024-02-25 04:00:00
10126551,5170386,16777473,2026-07-30 14:47:22,2026-07-30 05:05:01,2024-10-21 02:05:01
14315827,5170386,65537,2024-03-08 19:31:00,2026-07-30 16:05:01,2023-10-21 21:57:00
14757368,5170386,1,2026-07-28 09:05:01,2026-07-30 16:05:01,2024-08-12 23:05:01
10126551,6015817,16777473,2026-07-30 14:47:22,2026-07-30 04:05:01,2024-10-21 02:05:01
14315827,6015817,65537,2024-03-08 19:31:00,2026-07-30 16:05:01,2023-10-21 21:57:00
27746861,6015817,1,2026-07-29 17:05:01,2026-07-30 16:05:01,2024-02-21 14:19:00
46916731,6015817,1,2026-07-30 05:05:01,2026-07-30 16:05:01,2026-06-24 17:05:01
670524,4764476,0,,2026-07-30 16:05:01,
4813816,4764476,1,2026-07-30 01:05:01,2026-07-30 16:05:01,2024-02-25 04:00:00
10126551,4764476,16777473,2026-07-30 14:47:22,2026-07-30 00:05:01,2024-10-21 02:05:01
14315827,4764476,65537,2024-03-08 19:31:00,2026-07-30 16:05:01,2023-10-21 21:57:00
46916731,4764476,1,2026-07-30 05:05:01,2026-07-30 16:05:01,2026-06-24 17:05:01
4813816,4362297,1,2026-07-30 01:05:01,2026-07-30 16:05:01,2024-02-25 04:00:00
10126551,4362297,16777473,2026-07-30 14:47:22,2026-07-30 05:05:01,2024-10-21 02:05:01
14315827,4362297,65537,2024-03-08 19:31:00,2026-07-30 16:05:01,2023-10-21 21:57:00
14757368,4362297,1,2026-07-28 09:05:01,2026-07-30 16:05:01,2025-03-22 13:05:01
4813816,3590952,1,2026-07-30 01:05:01,2026-07-30 16:05:01,2024-02-25 04:00:00
10126551,3590952,16777473,2026-07-30 14:47:22,2026-07-30 05:05:01,2024-10-21 19:05:01
14315827,3590952,65537,2024-03-08 19:31:00,2026-07-30 16:05:01,2023-10-21 21:57:00
14757368,3590952,1,2026-07-28 09:05:01,2026-07-30 16:05:01,2025-03-22 13:05:01
4813816,5039751,1,2026-07-30 01:05:01,2026-07-30 16:05:01,2024-02-25 04:00:00
10126551,5039751,16777473,2026-07-30 14:47:22,2026-07-30 04:05:01,2024-10-21 02:05:01
14315827,5039751,65537,2024-03-08 19:31:00,2026-07-30 16:05:01,2023-10-21 21:57:00
32873098,5039751,1,2026-06-02 16:05:01,2026-07-30 16:05:01,2026-04-12 21:05:01
10126551,6098594,16777473,2026-07-30 14:47:22,2026-07-28 06:05:01,2024-10-21 02:05:01
14315827,6098594,65537,2024-03-08 19:31:00,2026-07-30 16:05:01,2023-10-21 21:57:00
27746861,6098594,1,2026-07-29 17:05:01,2026-07-30 11:05:01,2024-02-21 14:19:00
46916731,6098594,1,2026-07-30 05:05:01,2026-07-30 16:05:01,2026-06-24 17:05:01
4813816,5325021,1,2026-07-30 01:05:01,2026-07-30 16:05:01,2024-02-25 04:00:00
10008096,5325021,1,2026-06-20 12:05:01,2026-07-30 16:05:01,2024-02-07 09:47:00
10126551,5325021,16777473,2026-07-30 14:47:22,2026-07-28 04:05:01,2024-10-21 02:05:01
14757368,5325021,1,2026-07-28 09:05:01,2026-07-30 16:05:01,2025-03-22 13:05:01
670524,6071047,1,2026-03-11 10:26:57,2026-07-30 16:05:01,2025-04-09 03:05:02
4813816,6071047,1,2026-07-30 01:05:01,2026-07-30 16:05:01,2024-02-25 04:00:00
6449581,6071047,1,2026-07-15 04:24:18,2026-07-30 12:05:01,2024-02-19 00:00:00
10126551,6071047,16777473,2026-07-30 14:47:22,2026-07-30 05:05:01,2024-10-21 02:05:01
670524,6139392,1,2026-03-11 10:26:57,2026-07-30 16:05:01,2025-04-05 00:36:53
10008096,6139392,1,2026-06-20 12:05:01,2026-07-30 16:05:01,2024-02-07 09:47:00
10126551,6139392,16777473,2026-07-30 14:47:22,2026-07-30 05:05:01,2024-10-21 02:05:01
27746861,6139392,1,2026-07-29 17:05:01,2026-07-30 16:05:01,2024-02-21 14:19:00
4813816,4634714,1,2026-07-30 01:05:01,2026-07-30 16:05:01,2024-02-25 04:00:00
10126551,4634714,16777473,2026-07-30 14:47:22,2026-07-30 05:05:01,2024-10-21 02:05:01
14315827,4634714,65537,2024-03-08 19:31:00,2026-07-30 16:05:01,2023-10-21 21:57:00
14757368,4634714,1,2026-07-28 09:05:01,2026-07-30 16:05:01,2025-03-22 13:05:01
4813816,6154062,1,2026-07-30 01:05:01,2026-07-30 16:05:01,2024-02-25 04:00:00
10008096,6154062,1,2026-06-20 12:05:01,2026-07-30 16:05:01,2024-02-07 09:47:00
10126551,6154062,16777473,2026-07-30 14:47:22,2026-07-30 05:05:01,2024-10-21 19:05:01
14757368,6154062,1,2026-07-28 09:05:01,2026-07-30 16:05:01,2025-03-22 13:05:01
4813816,5182483,1,2026-07-30 01:05:01,2026-07-30 16:05:01,2024-02-25 04:00:00
10008096,5182483,1,2026-06-20 12:05:01,2026-07-30 16:05:01,2024-02-07 09:47:00
10126551,5182483,16777473,2026-07-30 14:47:22,2026-07-28 04:05:01,2024-10-21 02:05:01
14757368,5182483,1,2026-07-28 09:05:01,2026-07-30 16:05:01,2024-08-12 23:05:01
670524,4408228,0,,2026-07-30 16:05:01,
10126551,4408228,16777473,2026-07-30 14:47:22,2026-07-28 23:05:01,2024-11-04 20:05:01
14315827,4408228,65537,2024-03-08 19:31:00,2026-07-30 16:05:01,2023-10-21 21:57:00
27746861,4408228,1,2026-07-29 17:05:01,2026-07-30 16:05:01,2024-02-21 14:19:00
46916731,4408228,1,2026-07-30 05:05:01,2026-07-30 16:05:01,2026-06-24 04:05:01
4813816,5956384,1,2026-07-30 01:05:01,2026-07-30 16:05:01,2024-02-25 04:00:00
10008096,5956384,1,2026-06-20 12:05:01,2026-07-19 02:05:02,2024-02-07 09:47:00
10126551,5956384,16777473,2026-07-30 14:47:22,2026-07-15 06:05:01,2024-11-04 20:05:01
46916731,5956384,1,2026-07-30 05:05:01,2026-07-30 16:05:01,2026-06-24 04:05:01
10126551,6054471,16777473,2026-07-30 14:47:22,2026-07-24 04:05:01,2024-10-21 02:05:01
14315827,6054471,65537,2024-03-08 19:31:00,2026-07-30 16:05:01,2023-10-21 21:57:00
27746861,6054471,1,2026-07-29 17:05:01,2026-07-30 16:05:01,2024-02-21 14:19:00
46916731,6054471,1,2026-07-30 05:05:01,2026-07-30 12:05:01,2024-08-12 18:05:02
10126551,6159153,16777473,2026-07-30 14:47:22,2026-07-11 23:05:01,2024-11-01 18:05:01
14315827,6159153,65537,2024-03-08 19:31:00,2026-07-30 16:05:01,2023-10-21 21:57:00
27746861,6159153,1,2026-07-29 17:05:01,2026-07-30 16:05:01,2024-02-21 14:19:00
46916731,6159153,1,2026-07-30 05:05:01,2026-07-30 16:05:01,2026-06-24 17:05:01
4813816,6102729,1,2026-07-30 01:05:01,2026-07-30 16:05:01,2024-02-25 04:00:00
10126551,6102729,16777473,2026-07-30 14:47:22,2026-07-30 05:05:01,2024-10-21 02:05:01
46916731,6102729,1,2026-07-30 05:05:01,2026-07-30 16:05:01,2026-06-24 17:05:01
50325130,6102729,1,2026-04-13 11:05:02,2026-07-30 16:05:01,2026-01-12 11:05:01
670524,4721034,0,,2026-07-30 16:05:01,
4813816,4721034,1,2026-07-30 01:05:01,2026-07-30 16:05:01,2024-02-25 04:00:00
10008096,4721034,1,2026-06-20 12:05:01,2026-07-30 16:05:01,2024-02-07 09:47:00
10126551,4721034,16777473,2026-07-30 14:47:22,2026-07-28 23:05:01,2024-10-21 02:05:01
46916731,4721034,1,2026-07-30 05:05:01,2026-07-30 16:05:01,2026-06-24 17:05:01
670524,6134533,0,,2026-07-30 13:05:01,
4813816,6134533,1,2026-07-30 01:05:01,2026-07-29 05:05:02,2024-02-25 04:00:00
10126551,6134533,16777473,2026-07-30 14:47:22,2026-07-25 00:05:01,2024-10-21 02:05:01
27746861,6134533,1,2026-07-29 17:05:01,2026-07-30 06:05:01,2024-02-21 14:19:00
46916731,6134533,1,2026-07-30 05:05:01,2026-07-30 06:05:01,2026-06-30 17:05:01
4813816,6109045,1,2026-07-30 01:05:01,2026-07-10 11:05:01,2024-02-25 04:00:00
10126551,6109045,16777473,2026-07-30 14:47:22,2026-07-10 10:05:01,2024-10-21 02:05:01
14315827,6109045,65537,2024-03-08 19:31:00,2026-07-30 16:05:01,2023-10-21 21:57:00
46916731,6109045,1,2026-07-30 05:05:01,2026-07-29 23:05:01,2026-06-30 17:05:01
4813816,4961403,1,2026-07-30 01:05:01,2026-07-30 16:05:01,2024-02-25 04:00:00
10126551,4961403,16777473,2026-07-30 14:47:22,2026-07-30 05:05:01,2024-10-21 02:05:01
14315827,4961403,65537,2024-03-08 19:31:00,2026-07-30 16:05:01,2023-10-21 21:57:00
14757368,4961403,1,2026-07-28 09:05:01,2026-07-30 16:05:01,2025-03-22 13:05:01
10126551,5332897,16777473,2026-07-30 14:47:22,2026-07-28 11:05:02,2024-11-04 20:05:01
14315827,5332897,65537,2024-03-08 19:31:00,2026-07-30 16:05:01,2023-10-21 21:57:00
27746861,5332897,1,2026-07-29 17:05:01,2026-07-30 16:05:01,2024-02-21 14:19:00
46916731,5332897,1,2026-07-30 05:05:01,2026-07-30 15:05:01,2026-06-24 04:05:01
4813816,6114115,1,2026-07-30 01:05:01,2026-07-30 16:05:01,2024-02-25 04:00:00
10008096,6114115,1,2026-06-20 12:05:01,2026-07-30 16:05:01,2024-02-07 09:47:00
10126551,6114115,16777473,2026-07-30 14:47:22,2026-07-30 05:05:01,2024-10-21 02:05:01
14757368,6114115,1,2026-07-28 09:05:01,2026-07-30 16:05:01,2025-03-22 13:05:01
4813816,6163092,1,2026-07-30 01:05:01,2026-07-30 14:05:02,2024-02-25 04:00:00
10126551,6163092,16777473,2026-07-30 14:47:22,2026-07-28 04:05:01,2024-10-21 02:05:01
27746861,6163092,1,2026-07-29 17:05:01,2026-07-30 16:05:01,2024-02-21 14:19:00
46916731,6163092,1,2026-07-30 05:05:01,2026-07-30 16:05:01,2026-06-24 17:05:01
4659466,6142779,0,,2026-07-27 03:05:01,
10126551,6142779,16777473,2026-07-30 14:47:22,2026-07-30 04:05:01,2024-10-21 17:05:01
27746861,6142779,1,2026-07-29 17:05:01,2026-07-30 09:05:01,2024-03-12 12:31:00
46916731,6142779,1,2026-07-30 05:05:01,2026-07-30 09:05:01,2026-06-24 17:05:01
10126551,6171286,16777473,2026-07-30 14:47:22,2026-07-28 04:05:01,2024-10-21 02:05:01
14757368,6171286,1,2026-07-28 09:05:01,2026-07-30 16:05:01,2024-08-12 23:05:01
27746861,6171286,1,2026-07-29 17:05:01,2026-07-30 16:05:01,2024-02-21 14:19:00
14757368,5981759,1,2026-07-28 09:05:01,2026-07-30 16:05:01,2025-03-22 13:05:01
10008096,5938050,1,2026-06-20 12:05:01,2026-07-30 11:05:01,2024-02-07 09:47:00
10126551,5938050,16777473,2026-07-30 14:47:22,2026-07-30 05:05:01,2024-10-21 02:05:01
27746861,5938050,1,2026-07-29 17:05:01,2026-07-30 16:05:01,2024-02-21 14:19:00
46916731,5938050,1,2026-07-30 05:05:01,2026-07-30 16:05:01,2026-06-24 17:05:01
670524,5958082,0,,2026-07-30 16:05:01,
7664177,5958082,1,2026-07-30 00:05:01,2026-07-30 16:05:01,2024-02-24 03:15:00
10008096,5958082,1,2026-06-20 12:05:01,2026-07-30 01:05:01,2024-02-07 09:47:00
10126551,5958082,16777473,2026-07-30 14:47:22,2026-07-28 23:05:01,2024-10-21 02:05:01
46916731,5958082,1,2026-07-30 05:05:01,2026-07-30 16:05:01,2026-06-24 17:05:01
10008096,5946167,1,2026-06-20 12:05:01,2026-07-30 14:05:02,2024-02-07 09:47:00
10126551,5946167,16777473,2026-07-30 14:47:22,2026-07-30 08:05:01,2024-11-04 20:05:01
14757368,5946167,1,2026-07-28 09:05:01,2026-07-30 16:05:01,2025-03-22 13:05:01
46916731,5946167,1,2026-07-30 05:05:01,2026-07-30 16:05:01,2024-08-12 18:05:02
670524,6042685,0,,2026-07-30 16:05:01,
4813816,6042685,1,2026-07-30 01:05:01,2026-07-30 16:05:01,2024-02-25 04:00:00
10126551,6042685,16777473,2026-07-30 14:47:22,2026-07-28 00:05:01,2024-10-21 19:05:01
27746861,6042685,1,2026-07-29 17:05:01,2026-07-30 16:05:01,2024-02-21 14:19:00
46916731,6042685,1,2026-07-30 05:05:01,2026-07-30 16:05:01,2026-06-24 04:05:01
4813816,5650071,1,2026-07-30 01:05:01,2026-07-30 16:05:01,2024-02-25 04:00:00
10126551,5650071,16777473,2026-07-30 14:47:22,2026-07-28 23:05:01,2024-10-21 02:05:01
14315827,5650071,65537,2024-03-08 19:31:00,2026-07-30 16:05:01,2023-10-21 21:57:00
46916731,5650071,1,2026-07-30 05:05:01,2026-07-30 16:05:01,2026-06-24 17:05:01
10008096,5981796,1,2026-06-20 12:05:01,2026-07-30 16:05:01,2024-02-07 09:47:00
10126551,5981796,16777473,2026-07-30 14:47:22,2026-07-28 04:05:01,2024-10-21 19:05:01
27746861,5981796,1,2026-07-29 17:05:01,2026-07-30 16:05:01,2024-02-21 14:19:00
4813816,5898417,1,2026-07-30 01:05:01,2026-07-30 16:05:01,2024-02-25 04:00:00
10126551,5898417,16777473,2026-07-30 14:47:22,2026-07-28 00:05:01,2024-10-21 19:05:01
14315827,5898417,65537,2024-03-08 19:31:00,2026-07-30 16:05:01,2023-10-21 21:57:00
14757368,5898417,1,2026-07-28 09:05:01,2026-07-30 16:05:01,2025-03-22 13:05:01
10126551,5962050,16777473,2026-07-30 14:47:22,2026-07-28 00:05:01,2024-10-21 02:05:01
14315827,5962050,65537,2024-03-08 19:31:00,2026-07-30 16:05:01,2023-10-21 21:57:00
14757368,5962050,1,2026-07-28 09:05:01,2026-07-30 16:05:01,2025-03-22 13:05:01
46916731,5962050,1,2026-07-30 05:05:01,2026-07-30 16:05:01,2026-06-30 17:05:01
4813816,5039853,1,2026-07-30 01:05:01,2026-07-30 16:05:01,2024-02-25 04:00:00
10126551,5039853,16777473,2026-07-30 14:47:22,2026-07-30 05:05:01,2024-10-21 19:05:01
14315827,5039853,65537,2024-03-08 19:31:00,2026-07-30 16:05:01,2023-10-21 21:57:00
46916731,5039853,1,2026-07-30 05:05:01,2026-07-30 16:05:01,2026-06-24 17:05:01
4813816,6050658,1,2026-07-30 01:05:01,2026-07-30 16:05:01,2024-02-25 04:00:00
10126551,6050658,16777473,2026-07-30 14:47:22,2026-07-28 23:05:01,2024-10-21 02:05:01
14315827,6050658,65537,2024-03-08 19:31:00,2026-07-30 16:05:01,2023-10-21 21:57:00
46916731,6050658,1,2026-07-30 05:05:01,2026-07-30 16:05:01,2026-06-24 17:05:01
10126551,4183996,16777473,2026-07-30 14:47:22,2026-07-28 00:05:01,2024-10-21 02:05:01
14315827,4183996,65537,2024-03-08 19:31:00,2026-07-30 16:05:01,2023-10-21 21:57:00
14757368,4183996,1,2026-07-28 09:05:01,2026-07-30 16:05:01,2024-02-24 23:50:00
46916731,4183996,1,2026-07-30 05:05:01,2026-07-30 16:05:01,2026-06-24 17:05:01
4813816,5620419,1,2026-07-30 01:05:01,2026-07-30 16:05:01,2024-02-25 04:00:00
10126551,5620419,16777473,2026-07-30 14:47:22,2026-07-30 04:05:01,2024-10-21 02:05:01
14315827,5620419,65537,2024-03-08 19:31:00,2026-07-30 16:05:01,2023-10-21 21:57:00
46916731,5620419,1,2026-07-30 05:05:01,2026-07-30 16:05:01,2026-06-24 17:05:01
10126551,5622096,16777473,2026-07-30 14:47:22,2026-07-30 01:05:01,2024-10-21 02:05:01
14315827,5622096,65537,2024-03-08 19:31:00,2026-07-30 16:05:01,2023-10-21 21:57:00
46916731,5622096,1,2026-07-30 05:05:01,2026-07-30 16:05:01,2026-06-24 17:05:01
10126551,6055200,16777473,2026-07-30 14:47:22,2026-07-30 04:05:01,2024-10-21 02:05:01
14315827,6055200,65537,2024-03-08 19:31:00,2026-07-30 16:05:01,2023-10-21 21:57:00
46916731,6055200,1,2026-07-30 05:05:01,2026-07-30 16:05:01,2026-06-24 17:05:01
4813816,5264255,1,2026-07-30 01:05:01,2026-07-30 16:05:01,2024-02-25 04:00:00
10126551,5264255,16777473,2026-07-30 14:47:22,2026-07-30 05:05:01,2024-10-21 19:05:01
14315827,5264255,65537,2024-03-08 19:31:00,2026-07-30 16:05:01,2023-10-21 21:57:00
14757368,5264255,1,2026-07-28 09:05:01,2026-07-30 16:05:01,2025-03-22 13:05:01
10126551,3885800,16777473,2026-07-30 14:47:22,2026-07-29 13:05:01,2024-10-21 02:05:01
14315827,3885800,65537,2024-03-08 19:31:00,2026-07-30 16:05:01,2023-10-21 21:57:00
46916731,3885800,1,2026-07-30 05:05:01,2026-07-30 16:05:01,2026-06-24 17:05:01
10126551,5506589,16777473,2026-07-30 14:47:22,2026-07-30 05:05:01,2024-10-21 02:05:01
14315827,5506589,65537,2024-03-08 19:31:00,2026-07-30 16:05:01,2023-10-21 21:57:00
14757368,5506589,1,2026-07-28 09:05:01,2026-07-30 16:05:01,2025-03-22 13:05:01
27746861,5506589,1,2026-07-29 17:05:01,2026-07-30 16:05:01,2024-02-21 14:19:00
4813816,5488138,1,2026-07-30 01:05:01,2026-07-30 16:05:01,2024-02-25 04:00:00
10008096,5488138,1,2026-06-20 12:05:01,2026-07-30 16:05:01,2024-02-07 09:47:00
10126551,5488138,16777473,2026-07-30 14:47:22,2026-07-30 05:05:01,2024-10-21 02:05:01
14757368,5488138,1,2026-07-28 09:05:01,2026-07-30 16:05:01,2025-03-22 13:05:01
4813816,4558265,1,2026-07-30 01:05:01,2026-07-30 16:05:01,2024-02-25 04:00:00
10126551,4558265,16777473,2026-07-30 14:47:22,2026-07-30 05:05:01,2024-10-21 02:05:01
14315827,4558265,65537,2024-03-08 19:31:00,2026-07-30 16:05:01,2023-10-21 21:57:00
14757368,4558265,1,2026-07-28 09:05:01,2026-07-30 16:05:01,2024-08-12 23:05:01
4813816,4851733,1,2026-07-30 01:05:01,2026-07-30 16:05:01,2024-02-25 04:00:00
10126551,4851733,16777473,2026-07-30 14:47:22,2026-07-30 05:05:01,2024-10-21 02:05:01
14315827,4851733,65537,2024-03-08 19:31:00,2026-07-30 16:05:01,2023-10-21 21:57:00
27746861,4851733,1,2026-07-29 17:05:01,2026-07-30 16:05:01,2024-02-21 14:19:00
4813816,6009295,1,2026-07-30 01:05:01,2026-07-30 14:05:02,2024-02-25 04:00:00
10126551,6009295,16777473,2026-07-30 14:47:22,2026-07-30 01:05:01,2024-10-21 19:05:01
14315827,6009295,65537,2024-03-08 19:31:00,2026-07-30 16:05:01,2023-10-21 21:57:00
14757368,6009295,1,2026-07-28 09:05:01,2026-07-30 16:05:01,2025-03-22 13:05:01
4813816,5828461,1,2026-07-30 01:05:01,2026-07-30 16:05:01,2024-02-25 04:00:00
10008096,5828461,1,2026-06-20 12:05:01,2026-07-30 16:05:01,2024-02-07 09:47:00
10126551,5828461,16777473,2026-07-30 14:47:22,2026-07-30 05:05:01,2024-10-21 02:05:01
14757368,5828461,1,2026-07-28 09:05:01,2026-07-30 16:05:01,2025-03-22 13:05:01
4813816,5469643,1,2026-07-30 01:05:01,2026-07-30 16:05:01,2024-02-25 04:00:00
10008096,5469643,1,2026-06-20 12:05:01,2026-07-30 16:05:01,2024-02-07 09:47:00
10126551,5469643,16777473,2026-07-30 14:47:22,2026-07-30 05:05:01,2024-10-21 02:05:01
14757368,5469643,1,2026-07-28 09:05:01,2026-07-30 16:05:01,2025-03-22 13:05:01
1949023,4214926,1,2025-06-10 04:05:01,2026-07-30 16:05:01,2025-01-14 07:05:02
4813816,4214926,1,2026-07-30 01:05:01,2026-07-30 16:05:01,2024-02-25 04:00:00
10008096,4214926,1,2026-06-20 12:05:01,2026-07-30 16:05:01,2024-02-07 09:47:00
10126551,4214926,16777473,2026-07-30 14:47:22,2026-07-30 05:05:01,2024-10-21 02:05:01
10008096,6049668,1,2026-06-20 12:05:01,2026-07-29 22:05:02,2024-02-07 09:47:00
10126551,6049668,16777473,2026-07-30 14:47:22,2026-07-28 04:05:01,2024-10-21 02:05:01
14757368,6049668,1,2026-07-28 09:05:01,2026-07-30 16:05:01,2024-08-12 23:05:01
46916731,6049668,1,2026-07-30 05:05:01,2026-07-30 16:05:01,2026-06-24 17:05:01
4813816,6012426,1,2026-07-30 01:05:01,2026-07-30 16:05:01,2024-02-25 04:00:00
10126551,6012426,16777473,2026-07-30 14:47:22,2026-07-30 05:05:01,2024-10-21 19:05:01
14315827,6012426,65537,2024-03-08 19:31:00,2026-07-30 16:05:01,2023-10-21 21:57:00
14757368,6012426,1,2026-07-28 09:05:01,2026-07-30 16:05:01,2024-08-12 23:05:01
4813816,3946494,1,2026-07-30 01:05:01,2026-07-30 16:05:01,2024-02-25 04:00:00
10008096,3946494,1,2026-06-20 12:05:01,2026-07-30 15:05:01,2024-02-07 09:47:00
10126551,3946494,16777473,2026-07-30 14:47:22,2026-07-30 07:05:01,2024-10-21 19:05:01
46916731,3946494,1,2026-07-30 05:05:01,2026-07-30 16:05:01,2026-06-24 17:05:01
670524,4589682,0,,2026-07-30 16:05:01,
4813816,4589682,1,2026-07-30 01:05:01,2026-07-30 16:05:01,2024-02-25 04:00:00
10126551,4589682,16777473,2026-07-30 14:47:22,2026-07-28 00:05:01,2024-10-21 19:05:01
14315827,4589682,65537,2024-03-08 19:31:00,2026-07-30 16:05:01,2023-10-21 21:57:00
32873098,4589682,1,2026-06-02 16:05:01,2026-07-30 16:05:01,2026-04-12 21:05:01
4813816,4792881,1,2026-07-30 01:05:01,2026-07-30 16:05:01,2024-02-25 04:00:00
10126551,4792881,16777473,2026-07-30 14:47:22,2026-07-30 05:05:01,2024-10-21 02:05:01
14315827,4792881,65537,2024-03-08 19:31:00,2026-07-30 16:05:01,2023-10-21 21:57:00
46916731,4792881,1,2026-07-30 05:05:01,2026-07-30 16:05:01,2026-06-24 17:05:01
4813816,4803229,1,2026-07-30 01:05:01,2026-07-30 16:05:01,2024-02-25 04:00:00
10126551,4803229,16777473,2026-07-30 14:47:22,2026-07-30 05:05:01,2024-10-21 02:05:01
14315827,4803229,65537,2024-03-08 19:31:00,2026-07-30 16:05:01,2023-10-21 21:57:00
14757368,4803229,1,2026-07-28 09:05:01,2026-07-30 16:05:01,2025-03-22 13:05:01
10126551,6099753,16777473,2026-07-30 14:47:22,2026-07-11 20:35:52,2024-10-21 02:05:01
14315827,6099753,65537,2024-03-08 19:31:00,2026-07-30 16:05:01,2024-03-08 19:31:00
27746861,6099753,1,2026-07-29 17:05:01,2026-07-30 13:05:01,2024-02-21 14:19:00
46916731,6099753,1,2026-07-30 05:05:01,2026-07-30 13:05:01,2026-06-30 17:05:01
670524,6082986,1,2026-03-11 10:26:57,2026-07-30 16:05:01,2025-04-09 03:05:02
4813816,6082986,1,2026-07-30 01:05:01,2026-07-30 16:05:01,2024-02-25 04:00:00
10008096,6082986,1,2026-06-20 12:05:01,2026-07-30 16:05:01,2024-02-07 09:47:00
10126551,6082986,16777473,2026-07-30 14:47:22,2026-07-30 05:05:01,2024-10-21 02:05:01
4813816,6056882,1,2026-07-30 01:05:01,2026-07-30 16:05:01,2024-02-25 04:00:00
10126551,6056882,16777473,2026-07-30 14:47:22,2026-07-30 05:05:01,2024-10-21 02:05:01
14315827,6056882,65537,2024-03-08 19:31:00,2026-07-30 16:05:01,2023-10-21 21:57:00
46916731,6056882,1,2026-07-30 05:05:01,2026-07-30 16:05:01,2026-06-24 17:05:01
4813816,6119617,1,2026-07-30 01:05:01,2026-07-30 16:05:01,2024-02-25 04:00:00
10008096,6119617,1,2026-06-20 12:05:01,2026-07-29 09:05:01,2024-02-07 09:47:00
10126551,6119617,16777473,2026-07-30 14:47:22,2026-07-28 04:05:01,2024-10-21 02:05:01
14757368,6119617,1,2026-07-28 09:05:01,2026-07-30 16:05:01,2025-03-22 13:05:01
4813816,5529035,1,2026-07-30 01:05:01,2026-07-30 16:05:01,2024-02-25 04:00:00
10008096,5529035,1,2026-06-20 12:05:01,2026-07-30 16:05:01,2024-02-07 09:47:00
10126551,5529035,16777473,2026-07-30 14:47:22,2026-07-30 05:05:01,2024-10-21 02:05:01
14757368,5529035,1,2026-07-28 09:05:01,2026-07-30 16:05:01,2025-03-22 13:05:01
4813816,4805356,1,2026-07-30 01:05:01,2026-07-30 16:05:01,2024-02-25 04:00:00
10126551,4805356,16777473,2026-07-30 14:47:22,2026-07-30 05:05:01,2024-10-21 02:05:01
14315827,4805356,65537,2024-03-08 19:31:00,2026-07-30 16:05:01,2023-10-21 21:57:00
46916731,4805356,1,2026-07-30 05:05:01,2026-07-30 16:05:01,2026-06-24 17:05:01
4813816,5905868,1,2026-07-30 01:05:01,2026-07-30 16:05:01,2024-02-25 04:00:00
10126551,5905868,16777473,2026-07-30 14:47:22,2026-07-30 16:05:01,2024-10-21 02:05:01
14757368,5905868,1,2026-07-28 09:05:01,2026-07-30 16:05:01,2025-03-22 13:05:01
10008096,6071072,1,2026-06-20 12:05:01,2026-07-30 16:05:01,2024-02-07 09:47:00
10126551,6071072,16777473,2026-07-30 14:47:22,2026-07-30 04:05:01,2024-10-21 02:05:01
32873098,6071072,1,2026-06-02 16:05:01,2026-07-30 16:05:01,2026-04-12 21:05:01
46916731,6071072,1,2026-07-30 05:05:01,2026-07-30 16:05:01,2026-06-24 17:05:01
4813816,4644066,1,2026-07-30 01:05:01,2026-07-30 16:05:01,2024-02-25 04:00:00
10126551,4644066,16777473,2026-07-30 14:47:22,2026-07-28 00:05:01,2024-10-21 02:05:01
14315827,4644066,65537,2024-03-08 19:31:00,2026-07-30 16:05:01,2023-10-21 21:57:00
14757368,4644066,1,2026-07-28 09:05:01,2026-07-30 16:05:01,2025-03-22 13:05:01
4813816,6131933,1,2026-07-30 01:05:01,2026-07-30 16:05:01,2024-02-25 04:00:00
10126551,6131933,16777473,2026-07-30 14:47:22,2026-07-30 05:05:01,2024-10-21 02:05:01
14315827,6131933,65537,2024-03-08 19:31:00,2026-07-30 16:05:01,2023-10-21 21:57:00
14757368,6131933,1,2026-07-28 09:05:01,2026-07-30 16:05:01,2025-03-22 13:05:01
10126551,5437889,16777473,2026-07-30 14:47:22,2026-07-29 13:05:01,2024-10-21 02:05:01
14315827,5437889,65537,2024-03-08 19:31:00,2026-07-30 16:05:01,2023-10-21 21:57:00
27746861,5437889,1,2026-07-29 17:05:01,2026-07-30 16:05:01,2024-02-21 14:19:00
46916731,5437889,1,2026-07-30 05:05:01,2026-07-30 16:05:01,2026-06-24 17:05:01
10008096,5686288,1,2026-06-20 12:05:01,2026-07-30 16:05:01,2024-02-07 09:47:00
10126551,5686288,16777473,2026-07-30 14:47:22,2026-07-30 04:05:01,2024-10-21 02:05:01
14757368,5686288,1,2026-07-28 09:05:01,2026-07-30 16:05:01,2025-03-22 13:05:01
46916731,5686288,1,2026-07-30 05:05:01,2026-07-30 16:05:01,2026-06-24 17:05:01
10126551,6056668,16777473,2026-07-30 14:47:22,2026-07-28 00:05:01,2024-10-21 02:05:01
14315827,6056668,65537,2024-03-08 19:31:00,2026-07-30 16:05:01,2023-10-21 21:57:00
14757368,6056668,1,2026-07-28 09:05:01,2026-07-30 16:05:01,2025-03-22 13:05:01
27746861,6056668,1,2026-07-29 17:05:01,2026-07-30 16:05:01,2024-02-21 14:19:00
670524,5824348,0,,2026-07-30 16:05:01,
7664177,5824348,1,2026-07-30 00:05:01,2026-07-30 16:05:01,2024-02-24 03:15:00
10008096,5824348,1,2026-06-20 12:05:01,2026-07-25 07:05:01,2024-02-07 09:47:00
10126551,5824348,16777473,2026-07-30 14:47:22,2026-07-26 03:05:01,2024-10-21 02:05:01
46916731,5824348,1,2026-07-30 05:05:01,2026-07-30 16:05:01,2026-06-24 17:05:01
670524,5023913,1,2026-03-11 10:26:57,2026-07-30 16:05:01,2025-04-07 03:05:01
10126551,5023913,16777473,2026-07-30 14:47:22,2026-07-30 05:05:01,2024-10-21 02:05:01
27746861,5023913,1,2026-07-29 17:05:01,2026-07-30 16:05:01,2024-02-21 14:19:00
46916731,5023913,1,2026-07-30 05:05:01,2026-07-30 16:05:01,2026-06-24 17:05:01
4813816,4852111,1,2026-07-30 01:05:01,2026-07-30 16:05:01,2024-02-25 04:00:00
10126551,4852111,16777473,2026-07-30 14:47:22,2026-07-30 05:05:01,2024-10-21 19:05:01
14757368,4852111,1,2026-07-28 09:05:01,2026-07-30 16:05:01,2025-03-22 13:05:01
27746861,4852111,1,2026-07-29 17:05:01,2026-07-30 16:05:01,2024-02-21 14:19:00
670524,6142747,0,,2026-07-30 16:05:01,
10126551,6142747,16777473,2026-07-30 14:47:22,2026-07-28 22:05:01,2024-10-21 02:05:01
14315827,6142747,65537,2024-03-08 19:31:00,2026-07-30 16:05:01,2023-10-21 21:57:00
27746861,6142747,1,2026-07-29 17:05:01,2026-07-30 16:05:01,2024-02-21 14:19:00
46916731,6142747,1,2026-07-30 05:05:01,2026-07-30 16:05:01,2026-06-24 17:05:01
4813816,6069139,1,2026-07-30 01:05:01,2026-07-30 16:05:01,2024-02-25 04:00:00
10126551,6069139,16777473,2026-07-30 14:47:22,2026-07-29 13:05:01,2024-10-21 19:05:01
14315827,6069139,65537,2024-03-08 19:31:00,2026-07-30 16:05:01,2023-10-21 21:57:00
14757368,6069139,1,2026-07-28 09:05:01,2026-07-30 16:05:01,2024-08-12 23:05:01
670524,4981876,0,,2026-07-30 16:05:01,
4813816,4981876,1,2026-07-30 01:05:01,2026-07-30 16:05:01,2024-02-25 04:00:00
10008096,4981876,1,2026-06-20 12:05:01,2026-07-30 16:05:01,2024-02-07 09:47:00
10126551,4981876,16777473,2026-07-30 14:47:22,2026-07-30 04:05:01,2024-10-21 02:05:01
46916731,4981876,1,2026-07-30 05:05:01,2026-07-30 16:05:01,2026-06-24 17:05:01
670524,5596779,0,,2026-07-30 16:05:01,
4813816,5596779,1,2026-07-30 01:05:01,2026-07-30 16:05:01,2025-04-24 02:05:01
10126551,5596779,16777473,2026-07-30 14:47:22,2026-07-27 02:05:01,2024-10-21 02:05:01
14315827,5596779,65537,2024-03-08 19:31:00,2026-07-30 16:05:01,2023-10-21 21:57:00
32873098,5596779,1,2026-06-02 16:05:01,2026-07-30 16:05:01,2026-04-12 21:05:01
4813816,6120453,1,2026-07-30 01:05:01,2026-07-30 16:05:01,2024-02-25 04:00:00
10126551,6120453,16777473,2026-07-30 14:47:22,2026-07-30 16:05:01,2024-10-21 02:05:01
46916731,6120453,1,2026-07-30 05:05:01,2026-07-30 16:05:01,2026-06-24 17:05:01
4813816,6131982,1,2026-07-30 01:05:01,2026-07-30 16:05:01,2024-02-25 04:00:00
10126551,6131982,16777473,2026-07-30 14:47:22,2026-07-30 01:05:01,2024-10-21 19:05:01
27746861,6131982,1,2026-07-29 17:05:01,2026-07-30 16:05:01,2024-02-21 14:19:00
32873098,6131982,1,2026-06-02 16:05:01,2026-07-30 16:05:01,2025-06-27 18:05:01
4813816,6060329,1,2026-07-30 01:05:01,2026-07-30 16:05:01,2024-02-25 04:00:00
10126551,6060329,16777473,2026-07-30 14:47:22,2026-07-30 04:05:01,2024-10-21 02:05:01
14315827,6060329,65537,2024-03-08 19:31:00,2026-07-30 16:05:01,2023-10-21 21:57:00
14757368,6060329,1,2026-07-28 09:05:01,2026-07-30 16:05:01,2025-03-22 13:05:01
4659466,6118109,0,,2026-07-27 03:05:01,
10126551,6118109,16777473,2026-07-30 14:47:22,2026-07-30 03:05:02,2024-11-01 18:05:01
27746861,6118109,1,2026-07-29 17:05:01,2026-07-30 15:05:01,2024-02-21 14:19:00
46916731,6118109,1,2026-07-30 05:05:01,2026-07-30 08:05:01,2026-06-24 17:05:01
4813816,4687376,1,2026-07-30 01:05:01,2026-07-30 16:05:01,2024-02-25 04:00:00
10126551,4687376,16777473,2026-07-30 14:47:22,2026-07-28 00:05:01,2024-10-21 02:05:01
14315827,4687376,65537,2024-03-08 19:31:00,2026-07-30 16:05:01,2023-10-21 21:57:00
14757368,4687376,1,2026-07-28 09:05:01,2026-07-30 16:05:01,2025-03-22 13:05:01
4813816,4352686,1,2026-07-30 01:05:01,2026-07-30 16:05:01,2024-02-25 04:00:00
10126551,4352686,16777473,2026-07-30 14:47:22,2026-07-30 05:05:01,2024-10-21 02:05:01
14315827,4352686,65537,2024-03-08 19:31:00,2026-07-30 16:05:01,2023-10-21 21:57:00
14757368,4352686,1,2026-07-28 09:05:01,2026-07-30 16:05:01,2025-03-22 13:05:01
4813816,5271907,1,2026-07-30 01:05:01,2026-07-30 16:05:01,2024-02-25 04:00:00
10008096,5271907,1,2026-06-20 12:05:01,2026-07-30 16:05:01,2024-02-07 09:47:00
10126551,5271907,16777473,2026-07-30 14:47:22,2026-07-30 04:05:01,2024-10-21 02:05:01
14757368,5271907,1,2026-07-28 09:05:01,2026-07-30 16:05:01,2025-03-22 13:05:01
4813816,5734328,1,2026-07-30 01:05:01,2026-07-30 16:05:01,2024-02-25 04:00:00
10008096,5734328,1,2026-06-20 12:05:01,2026-07-30 16:05:01,2024-02-07 09:47:00
10126551,5734328,16777473,2026-07-30 14:47:22,2026-07-30 05:05:01,2024-10-21 02:05:01
14757368,5734328,1,2026-07-28 09:05:01,2026-07-30 16:05:01,2025-03-22 13:05:01
10008096,6081631,1,2026-06-20 12:05:01,2026-07-30 05:05:01,2024-04-08 20:38:00
10126551,6081631,16777473,2026-07-30 14:47:22,2026-07-30 04:05:01,2024-11-04 20:05:01
46916731,6081631,1,2026-07-30 05:05:01,2026-07-30 15:05:01,2026-06-30 17:05:01
10126551,5534208,16777473,2026-07-30 14:47:22,2026-07-30 03:05:02,2024-11-04 20:05:01
27746861,5534208,1,2026-07-29 17:05:01,2026-07-30 16:05:01,2024-02-21 14:19:00
46916731,5534208,1,2026-07-30 05:05:01,2026-07-30 16:05:01,2026-06-24 04:05:01
50325130,5534208,1,2026-04-13 11:05:02,2026-07-30 16:05:01,2026-01-12 11:05:01
10126551,6153833,16777473,2026-07-30 14:47:22,2026-07-10 10:05:01,2024-11-01 18:05:01
27746861,6153833,1,2026-07-29 17:05:01,2026-07-29 16:05:01,2024-03-12 12:31:00
670524,4560652,1,2026-03-11 10:26:57,2026-07-30 16:05:01,2025-04-07 03:05:01
10126551,4560652,16777473,2026-07-30 14:47:22,2026-07-30 05:05:01,2024-10-21 19:05:01
14315827,4560652,65537,2024-03-08 19:31:00,2026-07-30 16:05:01,2023-10-21 21:57:00
27746861,4560652,1,2026-07-29 17:05:01,2026-07-30 16:05:01,2024-02-21 14:19:00
670524,5938125,0,,2026-07-30 16:05:01,
10126551,5938125,16777473,2026-07-30 14:47:22,2026-07-25 02:05:01,2024-11-04 20:05:01
14757368,5938125,1,2026-07-28 09:05:01,2026-07-30 16:05:01,2024-02-24 23:50:00
46916731,5938125,1,2026-07-30 05:05:01,2026-07-30 07:05:01,2024-08-12 18:05:02
670524,6175936,0,,2026-07-30 16:05:01,
4813816,6175936,1,2026-07-30 01:05:01,2026-07-30 16:05:01,2024-02-25 04:00:00
10008096,6175936,1,2026-06-20 12:05:01,2026-07-29 09:05:01,2024-02-07 09:47:00
10126551,6175936,16777473,2026-07-30 14:47:22,2026-07-28 00:05:01,2024-10-21 19:05:01
46916731,6175936,1,2026-07-30 05:05:01,2026-07-30 16:05:01,2024-08-12 18:05:02
4813816,6186981,1,2026-07-30 01:05:01,2026-07-30 16:05:01,2024-02-25 04:00:00
10126551,6186981,16777473,2026-07-30 14:47:22,2026-07-30 05:05:01,2024-10-21 19:05:01
14315827,6186981,65537,2024-03-08 19:31:00,2026-07-30 16:05:01,2023-10-21 21:57:00
46916731,6171286,1,2026-07-30 05:05:01,2026-07-30 16:05:01,2026-06-24 17:05:01
670524,5772335,0,,2026-07-30 16:05:01,
4813816,5772335,1,2026-07-30 01:05:01,2026-07-30 16:05:01,2024-02-25 04:00:00
10008096,5772335,1,2026-06-20 12:05:01,2026-07-30 16:05:01,2024-02-07 09:47:00
10126551,5772335,16777473,2026-07-30 14:47:22,2026-07-30 03:05:02,2024-10-21 02:05:01
46916731,5772335,1,2026-07-30 05:05:01,2026-07-30 16:05:01,2026-06-24 17:05:01
670524,6172343,0,,2026-07-30 16:05:01,
10008096,6172343,1,2026-06-20 12:05:01,2026-07-30 16:05:01,2024-02-07 09:47:00
10126551,6172343,16777473,2026-07-30 14:47:22,2026-07-28 04:05:01,2024-10-21 02:05:01
14315827,6172343,65537,2024-03-08 19:31:00,2026-07-30 16:05:01,2023-10-21 21:57:00
32873098,6172343,1,2026-06-02 16:05:01,2026-07-30 16:05:01,2026-04-12 21:05:01
4813816,6189521,1,2026-07-30 01:05:01,2026-07-30 16:05:01,2024-02-25 04:00:00
10126551,6189521,16777473,2026-07-30 14:47:22,2026-07-30 05:05:01,2024-10-21 19:05:01
14315827,6189521,65537,2024-03-08 19:31:00,2026-07-30 16:05:01,2023-10-21 21:57:00
14757368,6189521,1,2026-07-28 09:05:01,2026-07-30 16:05:01,2024-08-12 23:05:01
4813816,6191943,1,2026-07-30 01:05:01,2026-07-30 16:05:01,2024-02-25 04:00:00
10126551,6191943,16777473,2026-07-30 14:47:22,2026-07-30 04:05:01,2024-10-21 19:05:01
14315827,6191943,65537,2024-03-08 19:31:00,2026-07-30 16:05:01,2023-10-21 21:57:00
46916731,6191943,1,2026-07-30 05:05:01,2026-07-30 16:05:01,2026-06-24 04:05:01
4813816,6212453,1,2026-07-30 01:05:01,2026-07-30 16:05:01,2024-02-25 04:00:00
10126551,6212453,16777473,2026-07-30 14:47:22,2026-07-28 00:05:01,2024-10-21 02:05:01
14315827,6212453,0,,2026-07-30 16:05:01,
14757368,6212453,1,2026-07-28 09:05:01,2026-07-30 16:05:01,2024-08-12 23:05:01
4813816,6141693,1,2026-07-30 01:05:01,2026-07-30 16:05:01,2024-02-25 04:00:00
10008096,6141693,1,2026-06-20 12:05:01,2026-07-30 16:05:01,2024-02-07 09:47:00
10126551,6141693,16777473,2026-07-30 14:47:22,2026-07-30 04:05:01,2024-10-21 02:05:01
46916731,6141693,1,2026-07-30 05:05:01,2026-07-30 16:05:01,2026-06-24 17:05:01
10008096,5843277,1,2026-06-20 12:05:01,2026-07-29 08:05:01,2024-02-07 09:47:00
10126551,5843277,16777473,2026-07-30 14:47:22,2026-07-28 05:05:01,2024-10-21 02:05:01
14757368,5843277,1,2026-07-28 09:05:01,2026-07-30 16:05:01,2025-03-22 13:05:01
27746861,5843277,1,2026-07-29 17:05:01,2026-07-30 16:05:01,2024-02-21 14:19:00
10126551,6215150,16777473,2026-07-30 14:47:22,2026-07-28 07:05:01,2024-10-21 02:05:01
14315827,6215150,65537,2024-03-08 19:31:00,2026-07-30 16:05:01,2023-10-21 21:57:00
27746861,6215150,1,2026-07-29 17:05:01,2026-07-30 09:05:01,2024-02-21 14:19:00
46916731,6215150,1,2026-07-30 05:05:01,2026-07-30 10:05:01,2026-06-24 17:05:01
10126551,6208222,16777473,2026-07-30 14:47:22,2026-07-30 05:05:01,2024-10-21 02:05:01
27746861,6208222,1,2026-07-29 17:05:01,2026-07-30 16:05:01,2024-02-21 14:19:00
46916731,6208222,1,2026-07-30 05:05:01,2026-07-30 15:05:01,2026-06-24 17:05:01
670524,6218028,0,,2026-07-30 16:05:01,
4813816,6218028,1,2026-07-30 01:05:01,2026-07-30 16:05:01,2024-02-25 04:00:00
10126551,6218028,16777473,2026-07-30 14:47:22,2026-07-26 03:05:01,2024-10-21 02:05:01
46916731,6218028,1,2026-07-30 05:05:01,2026-07-30 16:05:01,2026-06-24 17:05:01
4813816,6220943,1,2026-07-30 01:05:01,2026-07-30 14:05:02,2024-02-25 04:00:00
10126551,6220943,16777473,2026-07-30 14:47:22,2026-07-30 04:05:01,2024-10-21 02:05:01
4813816,6175072,1,2026-07-30 01:05:01,2026-07-30 16:05:01,2024-02-25 04:00:00
10126551,6175072,16777473,2026-07-30 14:47:22,2026-07-28 23:05:01,2024-10-21 19:05:01
14315827,6175072,65537,2024-03-08 19:31:00,2026-07-30 16:05:01,2023-10-21 21:57:00
46916731,6175072,1,2026-07-30 05:05:01,2026-07-30 16:05:01,2026-06-24 04:05:01
4659466,5952242,0,,2026-07-27 03:05:01,
10126551,5952242,16777473,2026-07-30 14:47:22,2026-07-30 03:05:02,2024-10-21 02:05:01
27746861,5952242,1,2026-07-29 17:05:01,2026-07-30 07:05:01,2024-02-21 14:19:00
46916731,5952242,1,2026-07-30 05:05:01,2026-07-30 10:05:01,2026-06-30 17:05:01
4813816,6200807,1,2026-07-30 01:05:01,2026-07-30 16:05:01,2024-02-25 04:00:00
10126551,6200807,16777473,2026-07-30 14:47:22,2026-07-30 04:05:01,2024-10-21 19:05:01
14315827,6200807,65537,2024-03-08 19:31:00,2026-07-30 16:05:01,2023-10-21 21:57:00
14757368,6200807,1,2026-07-28 09:05:01,2026-07-30 16:05:01,2025-03-22 13:05:01
769018,5929575,0,,2026-07-30 16:05:01,
4813816,5929575,1,2026-07-30 01:05:01,2026-07-10 11:05:01,2024-02-25 04:00:00
10126551,5929575,16777473,2026-07-30 14:47:22,2026-07-10 10:05:01,2024-11-04 20:05:01
14757368,5929575,1,2026-07-28 09:05:01,2026-07-30 16:05:01,2024-02-24 23:50:00
4813816,5950064,1,2026-07-30 01:05:01,2026-07-29 07:05:01,2024-02-25 04:00:00
10008096,5950064,1,2026-06-20 12:05:01,2026-07-25 05:05:01,2024-02-07 09:47:00
10126551,5950064,16777473,2026-07-30 14:47:22,2026-07-27 02:05:01,2024-10-21 19:05:01
46916731,5950064,1,2026-07-30 05:05:01,2026-07-30 16:05:01,2024-08-12 18:05:02
4813816,6227241,1,2026-07-30 01:05:01,2026-07-29 22:05:02,2024-02-25 04:00:00
10126551,6227241,16777473,2026-07-30 14:47:22,2026-07-28 00:05:01,2024-10-21 19:05:01
27746861,6227241,1,2026-07-29 17:05:01,2026-07-30 16:05:01,2024-02-21 14:19:00
46916731,6227241,1,2026-07-30 05:05:01,2026-07-30 16:05:01,2026-06-24 04:05:01
4813816,6209845,1,2026-07-30 01:05:01,2026-07-30 16:05:01,2024-02-25 04:00:00
10126551,6209845,16777473,2026-07-30 14:47:22,2026-07-28 23:05:01,2024-10-21 02:05:01
27746861,6209845,1,2026-07-29 17:05:01,2026-07-30 16:05:01,2024-02-21 14:19:00
46916731,6209845,1,2026-07-30 05:05:01,2026-07-30 16:05:01,2026-06-24 17:05:01
10126551,6230497,16777473,2026-07-30 14:47:22,2026-07-28 04:05:01,2024-10-21 02:05:01
14315827,6230497,65537,2024-03-08 19:31:00,2026-07-30 16:05:01,2023-10-21 21:57:00
14757368,6230497,1,2026-07-28 09:05:01,2026-07-30 16:05:01,2024-08-12 23:05:01
46916731,6230497,1,2026-07-30 05:05:01,2026-07-30 16:05:01,2026-06-24 17:05:01
10126551,6237401,16777473,2026-07-30 14:47:22,2026-07-30 16:05:01,2024-10-21 19:05:01
14757368,6237401,1,2026-07-28 09:05:01,2026-07-30 16:05:01,2024-08-12 23:05:01
32873098,6237401,1,2026-06-02 16:05:01,2026-07-30 16:05:01,2026-04-12 21:05:01
4813816,5386909,1,2026-07-30 01:05:01,2026-07-30 16:05:01,2024-02-25 04:00:00
10126551,5386909,16777473,2026-07-30 14:47:22,2026-07-30 05:05:01,2024-10-21 19:05:01
14757368,5386909,1,2026-07-28 09:05:01,2026-07-30 16:05:01,2025-03-22 13:05:01
46916731,5386909,1,2026-07-30 05:05:01,2026-07-30 16:05:01,2026-06-24 17:05:01
4813816,6235342,1,2026-07-30 01:05:01,2026-07-30 15:05:01,2024-02-25 04:00:00
10126551,6235342,16777473,2026-07-30 14:47:22,2026-07-27 02:05:01,2024-10-21 19:05:01
27746861,6235342,1,2026-07-29 17:05:01,2026-07-30 16:05:01,2024-02-21 14:19:00
46916731,6235342,1,2026-07-30 05:05:01,2026-07-30 16:05:01,2024-08-12 18:05:02
670524,5547664,0,,2026-07-30 16:05:01,
10126551,5547664,16777473,2026-07-30 14:47:22,2026-07-27 02:05:01,2024-10-21 19:05:01
14757368,5547664,1,2026-07-28 09:05:01,2026-07-30 16:05:01,2025-03-22 13:05:01
27746861,5547664,1,2026-07-29 17:05:01,2026-07-30 16:05:01,2024-02-21 14:19:00
46916731,5547664,1,2026-07-30 05:05:01,2026-07-30 16:05:01,2026-06-24 04:05:01
4813816,6223385,1,2026-07-30 01:05:01,2026-07-30 14:05:02,2024-02-25 04:00:00
10126551,6223385,16777473,2026-07-30 14:47:22,2026-07-28 04:05:01,2024-10-21 19:05:01
27746861,6223385,1,2026-07-29 17:05:01,2026-07-30 16:05:01,2024-02-21 14:19:00
46916731,6223385,1,2026-07-30 05:05:01,2026-07-30 16:05:01,2026-06-24 04:05:01
670524,5616167,0,,2026-07-30 16:05:01,
4813816,5616167,1,2026-07-30 01:05:01,2026-07-30 16:05:01,2024-02-25 04:00:00
10126551,5616167,16777473,2026-07-30 14:47:22,2026-07-28 23:05:01,2024-10-21 02:05:01
14315827,5616167,65537,2024-03-08 19:31:00,2026-07-30 16:05:01,2023-10-21 21:57:00
46916731,5616167,1,2026-07-30 05:05:01,2026-07-30 16:05:01,2026-06-24 17:05:01
4813816,6079283,1,2026-07-30 01:05:01,2026-07-30 16:05:01,2024-02-25 04:00:00
10126551,6079283,16777473,2026-07-30 14:47:22,2026-07-28 04:05:01,2024-10-21 19:05:01
14315827,6079283,65537,2024-03-08 19:31:00,2026-07-30 16:05:01,2023-10-21 21:57:00
46916731,6079283,1,2026-07-30 05:05:01,2026-07-30 16:05:01,2026-06-24 04:05:01
10126551,5669032,16777473,2026-07-30 14:47:22,2026-07-30 05:05:01,2024-10-21 02:05:01
14315827,5669032,65537,2024-03-08 19:31:00,2026-07-30 16:05:01,2023-10-21 21:57:00
14757368,5669032,1,2026-07-28 09:05:01,2026-07-30 16:05:01,2025-03-22 13:05:01
32873098,5669032,1,2026-06-02 16:05:01,2026-07-30 16:05:01,2026-04-12 21:05:01
7664177,6246026,1,2026-07-30 00:05:01,2026-07-30 16:05:01,2024-02-24 03:15:00
10126551,6246026,16777473,2026-07-30 14:47:22,2026-07-28 00:05:01,2024-10-21 02:05:01
27746861,6246026,1,2026-07-29 17:05:01,2026-07-30 16:05:01,2024-02-21 14:19:00
46916731,6246026,1,2026-07-30 05:05:01,2026-07-30 16:05:01,2026-06-24 17:05:01
10126551,6130301,16777473,2026-07-30 14:47:22,2026-07-30 05:05:01,2024-10-21 19:05:01
14315827,6130301,65537,2024-03-08 19:31:00,2026-07-30 16:05:01,2023-10-21 21:57:00
14757368,6130301,1,2026-07-28 09:05:01,2026-07-30 16:05:01,2024-08-12 23:05:01
46916731,6130301,1,2026-07-30 05:05:01,2026-07-30 16:05:01,2026-06-24 04:05:01
7664177,5957563,1,2026-07-30 00:05:01,2026-07-30 16:05:01,2024-02-24 03:15:00
10008096,5957563,1,2026-06-20 12:05:01,2026-07-30 16:05:01,2024-02-07 09:47:00
10126551,5957563,16777473,2026-07-30 14:47:22,2026-07-30 03:05:02,2024-11-04 20:05:01
46916731,5957563,1,2026-07-30 05:05:01,2026-07-30 16:05:01,2026-06-24 04:05:01
4813816,5669918,1,2026-07-30 01:05:01,2026-07-30 16:05:01,2024-02-25 04:00:00
10126551,5669918,16777473,2026-07-30 14:47:22,2026-07-30 04:05:01,2024-10-21 02:05:01
14315827,5669918,65537,2024-03-08 19:31:00,2026-07-30 16:05:01,2023-10-21 21:57:00
14757368,5669918,1,2026-07-28 09:05:01,2026-07-30 16:05:01,2025-03-22 13:05:01
10126551,6142777,16777473,2026-07-30 14:47:22,2026-07-11 20:35:52,2024-11-01 18:05:01
27746861,6142777,1,2026-07-29 17:05:01,2026-07-29 16:05:01,2024-03-12 12:31:00
46916731,6142777,1,2026-07-30 05:05:01,2026-07-30 15:05:01,2026-06-24 17:05:01
50325130,6142777,1,2026-04-13 11:05:02,2026-07-30 16:05:01,2026-01-12 11:05:01
10008096,4515127,1,2026-06-20 12:05:01,2026-07-30 16:05:01,2024-02-07 09:47:00
10126551,4515127,16777473,2026-07-30 14:47:22,2026-07-30 04:05:01,2024-10-21 02:05:01
14315827,4515127,65537,2024-03-08 19:31:00,2026-07-30 16:05:01,2023-10-21 21:57:00
14757368,4515127,1,2026-07-28 09:05:01,2026-07-30 16:05:01,2025-03-22 13:05:01
670524,6248540,0,,2026-07-30 16:05:01,
4813816,6248540,1,2026-07-30 01:05:01,2026-07-30 16:05:01,2024-02-25 04:00:00
10126551,6248540,16777473,2026-07-30 14:47:22,2026-07-30 05:05:01,2024-10-21 02:05:01
32873098,6248540,1,2026-06-02 16:05:01,2026-07-30 16:05:01,2026-04-12 21:05:01
670524,6088960,0,,2026-07-30 16:05:01,
4813816,6088960,1,2026-07-30 01:05:01,2026-07-30 16:05:01,2024-02-25 04:00:00
10008096,6088960,1,2026-06-20 12:05:01,2026-07-30 16:05:01,2024-02-07 09:47:00
10126551,6088960,16777473,2026-07-30 14:47:22,2026-07-28 23:05:01,2024-10-21 02:05:01
46916731,6088960,1,2026-07-30 05:05:01,2026-07-30 16:05:01,2026-06-24 17:05:01
4813816,6185745,1,2026-07-30 01:05:01,2026-07-30 16:05:01,2024-02-25 04:00:00
10126551,6185745,16777473,2026-07-30 14:47:22,2026-07-30 04:05:01,2024-10-21 19:05:01
14315827,6185745,65537,2024-03-08 19:31:00,2026-07-30 16:05:01,2023-10-21 21:57:00
14757368,6185745,1,2026-07-28 09:05:01,2026-07-30 16:05:01,2024-08-12 23:05:01
670524,4634124,0,,2026-07-30 16:05:01,
10126551,4634124,16777473,2026-07-30 14:47:22,2026-07-28 23:05:01,2024-10-21 19:05:01
14757368,4634124,1,2026-07-28 09:05:01,2026-07-30 16:05:01,2025-03-22 13:05:01
46916731,4634124,1,2026-07-30 05:05:01,2026-07-30 16:05:01,2026-06-24 04:05:01
10126551,6226243,16777473,2026-07-30 14:47:22,2026-07-27 02:05:01,2024-11-04 20:05:01
14315827,6226243,65537,2024-03-08 19:31:00,2026-07-30 16:05:01,2023-10-21 21:57:00
27746861,6226243,1,2026-07-29 17:05:01,2026-07-30 14:05:02,2024-02-21 14:19:00
46916731,6226243,1,2026-07-30 05:05:01,2026-07-30 13:05:01,2026-06-30 17:05:01
7664177,5812454,1,2026-07-30 00:05:01,2026-07-30 16:05:01,2024-02-24 03:15:00
10008096,5812454,1,2026-06-20 12:05:01,2026-07-30 16:05:01,2024-02-07 09:47:00
10126551,5812454,16777473,2026-07-30 14:47:22,2026-07-28 04:05:01,2024-10-21 02:05:01
46916731,5812454,1,2026-07-30 05:05:01,2026-07-30 16:05:01,2026-06-24 17:05:01
4813816,6226316,1,2026-07-30 01:05:01,2026-07-30 16:05:01,2024-02-25 04:00:00
10126551,6226316,16777473,2026-07-30 14:47:22,2026-07-30 05:05:01,2024-10-21 19:05:01
14757368,6226316,1,2026-07-28 09:05:01,2026-07-30 16:05:01,2025-03-22 13:05:01
27746861,6226316,1,2026-07-29 17:05:01,2026-07-30 16:05:01,2024-02-21 14:19:00
670524,5651970,0,,2026-07-30 16:05:01,
10126551,5651970,16777473,2026-07-30 14:47:22,2026-07-30 04:05:01,2024-10-21 02:05:01
14315827,5651970,65537,2024-03-08 19:31:00,2026-07-30 16:05:01,2023-10-21 21:57:00
46916731,5651970,1,2026-07-30 05:05:01,2026-07-30 16:05:01,2026-06-24 17:05:01
10126551,4912169,16777473,2026-07-30 14:47:22,2026-07-25 02:05:01,2024-10-21 02:05:01
14315827,4912169,65537,2024-03-08 19:31:00,2026-07-30 16:05:01,2023-10-21 21:57:00
14757368,4912169,1,2026-07-28 09:05:01,2026-07-30 16:05:01,2024-08-12 23:05:01
27746861,4912169,1,2026-07-29 17:05:01,2026-07-30 16:05:01,2024-02-21 14:19:00
4813816,6245533,1,2026-07-30 01:05:01,2026-07-30 16:05:01,2024-02-25 04:00:00
10126551,6245533,16777473,2026-07-30 14:47:22,2026-07-30 01:05:01,2024-11-04 20:05:01
27746861,6245533,1,2026-07-29 17:05:01,2026-07-30 16:05:01,2024-02-21 14:19:00
46916731,6245533,1,2026-07-30 05:05:01,2026-07-30 16:05:01,2026-06-24 17:05:01
5220206,6241093,0,,2026-07-30 16:05:01,
10126551,6241093,16777473,2026-07-30 14:47:22,2026-07-10 10:05:01,2024-11-04 20:05:01
27746861,6241093,1,2026-07-29 17:05:01,2026-07-29 16:05:01,2024-03-12 12:31:00
50325130,6241093,1,2026-04-13 11:05:02,2026-07-30 16:05:01,2026-01-12 11:05:01
10126551,6255478,16777473,2026-07-30 14:47:22,2026-07-24 07:05:01,2024-11-04 20:05:01
27746861,6255478,1,2026-07-29 17:05:01,2026-07-30 04:05:01,2024-02-21 14:19:00
46916731,6255478,1,2026-07-30 05:05:01,2026-07-30 04:05:01,2026-06-30 17:05:01
4813816,6212663,1,2026-07-30 01:05:01,2026-07-30 16:05:01,2024-02-25 04:00:00
10126551,6212663,16777473,2026-07-30 14:47:22,2026-07-30 16:05:01,2024-10-21 19:05:01
14757368,6212663,1,2026-07-28 09:05:01,2026-07-30 16:05:01,2025-03-22 13:05:01
4813816,6242862,1,2026-07-30 01:05:01,2026-07-30 14:05:02,2024-02-25 04:00:00
10126551,6242862,16777473,2026-07-30 14:47:22,2026-07-28 08:05:01,2024-10-21 19:05:01
14315827,6242862,65537,2024-03-08 19:31:00,2026-07-30 16:05:01,2023-10-21 21:57:00
46916731,6242862,1,2026-07-30 05:05:01,2026-07-30 16:05:01,2026-06-24 17:05:01
670524,6289470,0,,2026-07-30 16:05:01,
10126551,6289470,16777473,2026-07-30 14:47:22,2026-07-28 00:05:01,2024-10-21 19:05:01
27746861,6289470,1,2026-07-29 17:05:01,2026-07-30 16:05:01,2024-02-21 14:19:00
46916731,6289470,1,2026-07-30 05:05:01,2026-07-30 16:05:01,2026-06-24 04:05:01
670524,6286527,0,,2026-07-30 16:05:01,
4813816,6286527,1,2026-07-30 01:05:01,2026-07-30 16:05:01,2024-02-25 04:00:00
7664177,6286527,1,2026-07-30 00:05:01,2026-07-30 16:05:01,2024-02-24 03:15:00
10126551,6286527,16777473,2026-07-30 14:47:22,2026-07-28 00:05:01,2024-10-21 02:05:01
46916731,6286527,1,2026-07-30 05:05:01,2026-07-30 16:05:01,2026-06-24 17:05:01
10126551,6120499,16777473,2026-07-30 14:47:22,2026-07-27 02:05:01,2024-10-21 02:05:01
14315827,6120499,65537,2024-03-08 19:31:00,2026-07-30 16:05:01,2023-10-21 21:57:00
27746861,6120499,1,2026-07-29 17:05:01,2026-07-30 16:05:01,2024-02-21 14:19:00
46916731,6120499,1,2026-07-30 05:05:01,2026-07-30 16:05:01,2026-06-24 17:05:01
4813816,6281234,1,2026-07-30 01:05:01,2026-07-30 16:05:01,2024-02-25 04:00:00
10126551,6281234,16777473,2026-07-30 14:47:22,2026-07-28 00:05:01,2024-10-21 19:05:01
27746861,6281234,1,2026-07-29 17:05:01,2026-07-30 16:05:01,2024-02-21 14:19:00
46916731,6281234,1,2026-07-30 05:05:01,2026-07-30 16:05:01,2026-06-24 04:05:01
4813816,6185774,1,2026-07-30 01:05:01,2026-07-30 16:05:01,2024-02-25 04:00:00
10126551,6185774,16777473,2026-07-30 14:47:22,2026-07-28 00:05:01,2024-10-21 19:05:01
14757368,6185774,1,2026-07-28 09:05:01,2026-07-30 16:05:01,2025-03-22 13:05:01
27746861,6185774,1,2026-07-29 17:05:01,2026-07-30 16:05:01,2024-02-21 14:19:00
4813816,6276934,1,2026-07-30 01:05:01,2026-07-30 16:05:01,2024-02-25 04:00:00
7664177,6276934,1,2026-07-30 00:05:01,2026-07-30 16:05:01,2024-02-24 03:15:00
10126551,6276934,16777473,2026-07-30 14:47:22,2026-07-28 22:05:01,2024-10-21 19:05:01
46916731,6276934,1,2026-07-30 05:05:01,2026-07-30 13:05:01,2026-06-24 17:05:01
4813816,6101677,1,2026-07-30 01:05:01,2026-07-30 16:05:01,2024-02-25 04:00:00
10126551,6101677,16777473,2026-07-30 14:47:22,2026-07-30 05:05:01,2024-10-21 02:05:01
14315827,6101677,65537,2024-03-08 19:31:00,2026-07-30 16:05:01,2023-10-21 21:57:00
32873098,6101677,1,2026-06-02 16:05:01,2026-07-30 16:05:01,2026-04-12 21:05:01
4813816,6300906,1,2026-07-30 01:05:01,2026-07-30 16:05:01,2024-02-25 04:00:00
10126551,6300906,16777473,2026-07-30 14:47:22,2026-07-28 04:05:01,2024-10-21 02:05:01
27746861,6300906,1,2026-07-29 17:05:01,2026-07-30 16:05:01,2024-02-21 14:19:00
46916731,6300906,1,2026-07-30 05:05:01,2026-07-30 16:05:01,2026-06-24 17:05:01
670524,6310127,0,,2026-07-30 16:05:01,
10126551,6310127,16777473,2026-07-30 14:47:22,2026-07-30 01:05:01,2024-10-21 02:05:01
32873098,6310127,1,2026-06-02 16:05:01,2026-07-30 16:05:01,2026-04-12 21:05:01
46916731,6310127,1,2026-07-30 05:05:01,2026-07-30 16:05:01,2026-06-24 17:05:01
10126551,6224916,16777473,2026-07-30 14:47:22,2026-07-28 04:05:01,2024-10-21 19:05:01
14315827,6224916,65537,2024-03-08 19:31:00,2026-07-30 16:05:01,2023-10-21 21:57:00
14757368,6224916,1,2026-07-28 09:05:01,2026-07-30 16:05:01,2024-02-24 23:50:00
46916731,6224916,1,2026-07-30 05:05:01,2026-07-30 16:05:01,2026-06-24 04:05:01
14757368,6186981,1,2026-07-28 09:05:01,2026-07-30 16:05:01,2025-03-22 13:05:01
4813816,4562616,1,2026-07-30 01:05:01,2026-07-30 16:05:01,2024-02-25 04:00:00
10126551,4562616,16777473,2026-07-30 14:47:22,2026-07-28 00:05:01,2024-10-21 02:05:01
13826065,4562616,1,2025-06-15 14:08:00,2026-07-30 16:05:01,2024-02-23 21:00:00
14757368,4562616,1,2026-07-28 09:05:01,2026-07-30 16:05:01,2025-03-22 13:05:01
4813816,4562383,1,2026-07-30 01:05:01,2026-07-30 16:05:01,2024-02-25 04:00:00
10126551,4562383,16777473,2026-07-30 14:47:22,2026-07-30 05:05:01,2024-10-21 02:05:01
14315827,4562383,65537,2024-03-08 19:31:00,2026-07-30 16:05:01,2023-10-21 21:57:00
14757368,4562383,1,2026-07-28 09:05:01,2026-07-30 16:05:01,2025-03-22 13:05:01
10126551,5707771,16777473,2026-07-30 14:47:22,2026-07-30 05:05:01,2024-10-21 02:05:01
14315827,5707771,65537,2024-03-08 19:31:00,2026-07-30 16:05:01,2023-10-21 21:57:00
32873098,5707771,1,2026-06-02 16:05:01,2026-07-30 16:05:01,2026-04-12 21:05:01
46916731,5707771,1,2026-07-30 05:05:01,2026-07-30 16:05:01,2026-06-24 17:05:01
4813816,5569179,1,2026-07-30 01:05:01,2026-07-30 16:05:01,2024-02-25 04:00:00
10008096,5569179,1,2026-06-20 12:05:01,2026-07-30 16:05:01,2024-02-07 09:47:00
10126551,5569179,16777473,2026-07-30 14:47:22,2026-07-30 05:05:01,2024-10-21 19:05:01
46916731,5569179,1,2026-07-30 05:05:01,2026-07-30 16:05:01,2026-06-24 17:05:01
670524,5899401,1,2026-03-11 10:26:57,2026-07-30 16:05:01,2025-04-07 03:05:01
10126551,5899401,16777473,2026-07-30 14:47:22,2026-07-27 03:05:01,2024-10-21 02:05:01
46916731,5899401,1,2026-07-30 05:05:01,2026-07-30 16:05:01,2026-06-24 17:05:01
50325130,5899401,1,2026-04-13 11:05:02,2026-07-30 16:05:01,2026-01-12 11:05:01
6449581,6080032,1,2026-07-15 04:24:18,2026-07-30 13:05:01,2024-02-19 00:00:00
7664177,6080032,1,2026-07-30 00:05:01,2026-07-10 10:05:01,2024-02-24 03:15:00
10126551,6080032,16777473,2026-07-30 14:47:22,2026-07-10 10:05:01,2024-11-04 20:05:01
4813816,4936328,1,2026-07-30 01:05:01,2026-07-30 16:05:01,2024-02-25 04:00:00
10008096,4936328,1,2026-06-20 12:05:01,2026-07-30 16:05:01,2024-02-07 09:47:00
10126551,4936328,16777473,2026-07-30 14:47:22,2026-07-30 04:05:01,2024-10-21 19:05:01
14757368,4936328,1,2026-07-28 09:05:01,2026-07-30 16:05:01,2025-03-22 13:05:01
4813816,6189096,1,2026-07-30 01:05:01,2026-07-30 16:05:01,2024-02-25 04:00:00
10126551,6189096,16777473,2026-07-30 14:47:22,2026-07-30 05:05:01,2024-10-21 19:05:01
14315827,6189096,65537,2024-03-08 19:31:00,2026-07-30 16:05:01,2023-10-21 21:57:00
14757368,6189096,1,2026-07-28 09:05:01,2026-07-30 16:05:01,2024-08-12 23:05:01
10126551,6177762,16777473,2026-07-30 14:47:22,2026-07-28 00:05:01,2024-11-04 20:05:01
14757368,6177762,1,2026-07-28 09:05:01,2026-07-30 16:05:01,2024-02-24 23:50:00
46916731,6177762,1,2026-07-30 05:05:01,2026-07-30 16:05:01,2024-08-12 18:05:02
50325130,6177762,1,2026-04-13 11:05:02,2026-07-30 16:05:01,2026-01-12 11:05:01
4813816,6137308,1,2026-07-30 01:05:01,2026-07-30 16:05:01,2024-02-25 04:00:00
7664177,6137308,1,2026-07-30 00:05:01,2026-07-30 16:05:01,2024-02-24 03:15:00
10126551,6137308,16777473,2026-07-30 14:47:22,2026-07-28 04:05:01,2024-10-21 02:05:01
46916731,6137308,1,2026-07-30 05:05:01,2026-07-30 16:05:01,2026-06-24 17:05:01
4813816,6207713,1,2026-07-30 01:05:01,2026-07-30 16:05:01,2024-02-25 04:00:00
10126551,6207713,16777473,2026-07-30 14:47:22,2026-07-30 05:05:01,2024-10-21 02:05:01
14315827,6207713,65537,2024-03-08 19:31:00,2026-07-30 16:05:01,2023-10-21 21:57:00
46916731,6207713,1,2026-07-30 05:05:01,2026-07-30 16:05:01,2026-06-24 17:05:01
4813816,6164827,1,2026-07-30 01:05:01,2026-07-30 16:05:01,2024-02-25 04:00:00
10126551,6164827,16777473,2026-07-30 14:47:22,2026-07-30 05:05:01,2024-10-21 19:05:01
27746861,6164827,1,2026-07-29 17:05:01,2026-07-30 16:05:01,2024-02-21 14:19:00
46916731,6164827,1,2026-07-30 05:05:01,2026-07-30 16:05:01,2026-06-24 04:05:01
8381475,6208964,65537,2024-04-27 06:02:00,2026-07-30 16:05:01,2023-12-22 04:52:00
10008096,6208964,1,2026-06-20 12:05:01,2026-07-30 06:05:01,2024-02-07 09:47:00
10126551,6208964,16777473,2026-07-30 14:47:22,2026-07-30 01:05:01,2024-10-21 02:05:01
14757368,6208964,1,2026-07-28 09:05:01,2026-07-30 16:05:01,2025-03-22 13:05:01
670524,6157013,0,,2026-07-30 16:05:01,
4813816,6157013,1,2026-07-30 01:05:01,2026-07-30 16:05:01,2024-02-25 04:00:00
10126551,6157013,16777473,2026-07-30 14:47:22,2026-07-28 23:05:01,2024-10-21 02:05:01
14315827,6157013,65537,2024-03-08 19:31:00,2026-07-30 16:05:01,2023-10-21 21:57:00
46916731,6157013,1,2026-07-30 05:05:01,2026-07-30 16:05:01,2026-06-24 17:05:01
10126551,6100534,16777473,2026-07-30 14:47:22,2026-07-28 00:05:01,2024-11-04 20:05:01
14315827,6100534,65537,2024-03-08 19:31:00,2026-07-30 16:05:01,2023-10-21 21:57:00
14757368,6100534,1,2026-07-28 09:05:01,2026-07-30 16:05:01,2024-08-12 23:05:01
27746861,6100534,1,2026-07-29 17:05:01,2026-07-30 16:05:01,2024-02-21 14:19:00
4813816,6173880,1,2026-07-30 01:05:01,2026-07-30 16:05:01,2024-02-25 04:00:00
10008096,6173880,1,2026-06-20 12:05:01,2026-07-30 16:05:01,2024-02-07 09:47:00
10126551,6173880,16777473,2026-07-30 14:47:22,2026-07-30 05:05:01,2024-10-21 02:05:01
46916731,6173880,1,2026-07-30 05:05:01,2026-07-30 16:05:01,2026-06-24 17:05:01
10126551,4642541,16777473,2026-07-30 14:47:22,2026-07-30 03:05:02,2024-11-04 20:05:01
14315827,4642541,65537,2024-03-08 19:31:00,2026-07-30 16:05:01,2023-10-21 21:57:00
27746861,4642541,1,2026-07-29 17:05:01,2026-07-30 16:05:01,2024-02-21 14:19:00
46916731,4642541,1,2026-07-30 05:05:01,2026-07-30 13:05:01,2026-06-30 17:05:01
4813816,4580466,1,2026-07-30 01:05:01,2026-07-30 16:05:01,2024-02-25 04:00:00
10126551,4580466,16777473,2026-07-30 14:47:22,2026-07-30 05:05:01,2024-10-21 19:05:01
14315827,4580466,65537,2024-03-08 19:31:00,2026-07-30 16:05:01,2023-10-21 21:57:00
32873098,4580466,1,2026-06-02 16:05:01,2026-07-30 16:05:01,2026-04-12 21:05:01
4813816,6216689,1,2026-07-30 01:05:01,2026-07-30 16:05:01,2024-02-25 04:00:00
7664177,6216689,1,2026-07-30 00:05:01,2026-07-30 16:05:01,2024-02-24 03:15:00
10126551,6216689,16777473,2026-07-30 14:47:22,2026-07-28 23:05:01,2024-10-21 02:05:01
46916731,6216689,1,2026-07-30 05:05:01,2026-07-30 16:05:01,2026-06-24 17:05:01
4659466,6178587,0,,2026-07-27 03:05:01,
5220206,6178587,0,,2026-07-30 16:05:01,
10126551,6178587,16777473,2026-07-30 14:47:22,2026-07-26 02:05:01,2024-10-21 02:05:01
27746861,6178587,1,2026-07-29 17:05:01,2026-07-30 16:05:01,2024-02-21 14:19:00
46916731,6178587,1,2026-07-30 05:05:01,2026-07-30 16:05:01,2026-06-30 17:05:01
4813816,6205168,1,2026-07-30 01:05:01,2026-07-30 16:05:01,2024-02-25 04:00:00
10126551,6205168,16777473,2026-07-30 14:47:22,2026-07-28 22:05:01,2024-10-21 02:05:01
14315827,6205168,65537,2024-03-08 19:31:00,2026-07-30 16:05:01,2023-10-21 21:57:00
46916731,6205168,1,2026-07-30 05:05:01,2026-07-30 16:05:01,2026-06-24 17:05:01
10126551,6225137,16777473,2026-07-30 14:47:22,2026-07-30 05:05:01,2024-10-21 19:05:01
14315827,6225137,65537,2024-03-08 19:31:00,2026-07-30 16:05:01,2023-10-21 21:57:00
27746861,6225137,1,2026-07-29 17:05:01,2026-07-30 16:05:01,2024-02-21 14:19:00
32873098,6225137,1,2026-06-02 16:05:01,2026-07-30 16:05:01,2026-04-12 21:05:01
10126551,6188548,16777473,2026-07-30 14:47:22,2026-07-28 23:05:01,2024-10-21 02:05:01
14315827,6188548,65537,2024-03-08 19:31:00,2026-07-30 16:05:01,2023-10-21 21:57:00
27746861,6188548,1,2026-07-29 17:05:01,2026-07-30 16:05:01,2024-02-21 14:19:00
46916731,6188548,1,2026-07-30 05:05:01,2026-07-30 16:05:01,2026-06-24 17:05:01
10126551,6214225,16777473,2026-07-30 14:47:22,2026-07-10 10:05:01,2024-11-04 20:05:01
14315827,6214225,65537,2024-03-08 19:31:00,2026-07-30 16:05:01,2023-10-21 21:57:00
27746861,6214225,1,2026-07-29 17:05:01,2026-07-29 16:05:01,2024-03-12 12:31:00
46916731,6214225,1,2026-07-30 05:05:01,2026-07-29 23:05:01,2026-06-30 17:05:01
4813816,6233786,1,2026-07-30 01:05:01,2026-07-26 06:05:01,2024-02-25 04:00:00
10126551,6233786,16777473,2026-07-30 14:47:22,2026-07-26 02:05:01,2024-10-21 02:05:01
46916731,6233786,1,2026-07-30 05:05:01,2026-07-30 08:05:01,2026-06-24 17:05:01
670524,6221888,1,2026-03-11 10:26:57,2026-07-30 16:05:01,2025-04-08 02:21:23
4813816,6221888,1,2026-07-30 01:05:01,2026-07-30 16:05:01,2024-02-25 04:00:00
10126551,6221888,16777473,2026-07-30 14:47:22,2026-07-30 04:05:01,2024-10-21 19:05:01
14315827,6221888,65537,2024-03-08 19:31:00,2026-07-30 16:05:01,2023-10-21 21:57:00
4813816,4079770,1,2026-07-30 01:05:01,2026-07-30 16:05:01,2024-02-25 04:00:00
10126551,4079770,16777473,2026-07-30 14:47:22,2026-07-30 05:05:01,2024-10-21 02:05:01
14315827,4079770,65537,2024-03-08 19:31:00,2026-07-30 16:05:01,2023-10-21 21:57:00
14757368,4079770,1,2026-07-28 09:05:01,2026-07-30 16:05:01,2025-03-22 13:05:01
4813816,6160144,1,2026-07-30 01:05:01,2026-07-30 16:05:01,2024-02-25 04:00:00
10126551,6160144,16777473,2026-07-30 14:47:22,2026-07-30 05:05:01,2024-10-21 19:05:01
14757368,6160144,1,2026-07-28 09:05:01,2026-07-30 16:05:01,2025-03-22 13:05:01
32873098,6160144,1,2026-06-02 16:05:01,2026-07-30 16:05:01,2026-05-02 15:05:00
7664177,4906559,1,2026-07-30 00:05:01,2026-07-30 16:05:01,2024-02-24 03:15:00
10008096,4906559,1,2026-06-20 12:05:01,2026-07-30 16:05:01,2024-02-07 09:47:00
10126551,4906559,16777473,2026-07-30 14:47:22,2026-07-30 04:05:01,2024-10-21 02:05:01
46916731,4906559,1,2026-07-30 05:05:01,2026-07-30 16:05:01,2026-06-24 17:05:01
7664177,6184226,1,2026-07-30 00:05:01,2026-07-30 14:05:02,2024-02-24 03:15:00
10126551,6184226,16777473,2026-07-30 14:47:22,2026-07-28 00:05:01,2024-10-21 02:05:01
14757368,6184226,1,2026-07-28 09:05:01,2026-07-30 16:05:01,2024-08-12 23:05:01
46916731,6184226,1,2026-07-30 05:05:01,2026-07-30 16:05:01,2026-06-24 17:05:01
670524,5657866,0,,2026-07-30 16:05:01,
10008096,5657866,1,2026-06-20 12:05:01,2026-07-30 16:05:01,2024-02-07 09:47:00
10126551,5657866,16777473,2026-07-30 14:47:22,2026-07-28 23:05:01,2024-10-21 19:05:01
14757368,5657866,1,2026-07-28 09:05:01,2026-07-30 16:05:01,2025-03-22 13:05:01
46916731,5657866,1,2026-07-30 05:05:01,2026-07-30 16:05:01,2026-06-24 04:05:01
4813816,6241664,1,2026-07-30 01:05:01,2026-07-30 16:05:01,2024-02-25 04:00:00
10126551,6241664,16777473,2026-07-30 14:47:22,2026-07-30 05:05:01,2024-10-21 02:05:01
32873098,6241664,1,2026-06-02 16:05:01,2026-07-30 16:05:01,2026-05-02 15:05:00
10126551,5980852,16777473,2026-07-30 14:47:22,2026-07-10 10:05:01,2024-11-01 18:05:01
14315827,5980852,65537,2024-03-08 19:31:00,2026-07-30 16:05:01,2023-10-21 21:57:00
27746861,5980852,1,2026-07-29 17:05:01,2026-07-29 16:05:01,2024-03-12 12:31:00
4813816,6242181,1,2026-07-30 01:05:01,2026-07-30 16:05:01,2024-02-25 04:00:00
10126551,6242181,16777473,2026-07-30 14:47:22,2026-07-26 08:05:01,2024-10-21 19:05:01
27746861,6242181,1,2026-07-29 17:05:01,2026-07-30 16:05:01,2024-02-21 14:19:00
46916731,6242181,1,2026-07-30 05:05:01,2026-07-30 16:05:01,2026-06-30 17:05:01
10126551,5972449,16777473,2026-07-30 14:47:22,2026-07-30 03:05:02,2024-10-21 19:05:01
14315827,5972449,65537,2024-03-08 19:31:00,2026-07-30 16:05:01,2023-10-21 21:57:00
46916731,5972449,1,2026-07-30 05:05:01,2026-07-30 16:05:01,2026-06-24 04:05:01
50325130,5972449,1,2026-04-13 11:05:02,2026-07-30 16:05:01,2026-01-12 11:05:01
4813816,6250651,1,2026-07-30 01:05:01,2026-07-30 16:05:01,2024-02-25 04:00:00
10126551,6250651,16777473,2026-07-30 14:47:22,2026-07-30 05:05:01,2024-10-21 19:05:01
14757368,6250651,1,2026-07-28 09:05:01,2026-07-30 16:05:01,2025-03-22 13:05:01
27746861,6250651,1,2026-07-29 17:05:01,2026-07-30 16:05:01,2024-02-21 14:19:00
10126551,5890118,16777473,2026-07-30 14:47:22,2026-07-30 05:05:01,2024-11-01 18:05:01
27746861,5890118,1,2026-07-29 17:05:01,2026-07-30 16:05:01,2024-02-21 14:19:00
46916731,5890118,1,2026-07-30 05:05:01,2026-07-30 13:05:01,2026-06-24 17:05:01
670524,6249067,0,,2026-07-30 16:05:01,
10126551,6249067,16777473,2026-07-30 14:47:22,2026-07-30 05:05:01,2024-10-21 02:05:01
14315827,6249067,65537,2024-03-08 19:31:00,2026-07-30 16:05:01,2023-10-21 21:57:00
46916731,6249067,1,2026-07-30 05:05:01,2026-07-30 16:05:01,2026-06-24 17:05:01
670524,4655304,0,,2026-07-30 16:05:01,
4813816,4655304,1,2026-07-30 01:05:01,2026-07-30 16:05:01,2024-02-25 04:00:00
10008096,4655304,1,2026-06-20 12:05:01,2026-07-30 16:05:01,2024-02-07 09:47:00
10126551,4655304,16777473,2026-07-30 14:47:22,2026-07-30 03:05:02,2024-10-21 02:05:01
32873098,4655304,1,2026-06-02 16:05:01,2026-07-30 16:05:01,2026-05-02 15:05:00
7664177,6188793,1,2026-07-30 00:05:01,2026-07-30 16:05:01,2024-02-24 03:15:00
10008096,6188793,1,2026-06-20 12:05:01,2026-07-30 16:05:01,2024-02-07 09:47:00
10126551,6188793,16777473,2026-07-30 14:47:22,2026-07-28 23:05:01,2024-10-21 19:05:01
46916731,6188793,1,2026-07-30 05:05:01,2026-07-30 16:05:01,2026-06-24 04:05:01
4813816,6222947,1,2026-07-30 01:05:01,2026-07-30 16:05:01,2024-02-25 04:00:00
10126551,6222947,16777473,2026-07-30 14:47:22,2026-07-30 16:05:01,2024-10-21 19:05:01
14757368,6222947,1,2026-07-28 09:05:01,2026-07-30 16:05:01,2025-03-22 13:05:01
4813816,6242469,1,2026-07-30 01:05:01,2026-07-30 16:05:01,2024-02-25 04:00:00
10126551,6242469,16777473,2026-07-30 14:47:22,2026-07-30 05:05:01,2024-10-21 19:05:01
14757368,6242469,1,2026-07-28 09:05:01,2026-07-30 16:05:01,2024-08-12 23:05:01
27746861,6242469,1,2026-07-29 17:05:01,2026-07-30 16:05:01,2024-02-21 14:19:00
4813816,6246160,1,2026-07-30 01:05:01,2026-07-30 16:05:01,2024-02-25 04:00:00
10126551,6246160,16777473,2026-07-30 14:47:22,2026-07-30 04:05:01,2024-10-21 02:05:01
27746861,6246160,1,2026-07-29 17:05:01,2026-07-30 16:05:01,2024-02-21 14:19:00
4813816,6243691,1,2026-07-30 01:05:01,2026-07-30 16:05:01,2024-02-25 04:00:00
10126551,6243691,16777473,2026-07-30 14:47:22,2026-07-28 23:05:01,2024-10-21 19:05:01
14315827,6243691,65537,2024-03-08 19:31:00,2026-07-30 16:05:01,2023-10-21 21:57:00
46916731,6243691,1,2026-07-30 05:05:01,2026-07-30 16:05:01,2026-06-24 04:05:01
670524,6128341,0,,2026-07-30 16:05:01,
10126551,6128341,16777473,2026-07-30 14:47:22,2026-07-30 05:05:01,2024-10-21 02:05:01
14315827,6128341,65537,2024-03-08 19:31:00,2026-07-30 16:05:01,2023-10-21 21:57:00
32873098,6128341,1,2026-06-02 16:05:01,2026-07-30 16:05:01,2026-04-12 21:05:01
10126551,5274319,16777473,2026-07-30 14:47:22,2026-07-28 00:05:01,2024-10-21 19:05:01
14757368,5274319,1,2026-07-28 09:05:01,2026-07-30 16:05:01,2025-03-22 13:05:01
27746861,5274319,1,2026-07-29 17:05:01,2026-07-30 16:05:01,2024-02-21 14:19:00
46916731,5274319,1,2026-07-30 05:05:01,2026-07-30 16:05:01,2026-06-24 04:05:01
10126551,6255465,16777473,2026-07-30 14:47:22,2026-07-30 05:05:01,2024-10-21 02:05:01
14757368,6255465,1,2026-07-28 09:05:01,2026-07-30 16:05:01,2024-08-12 23:05:01
32873098,6255465,1,2026-06-02 16:05:01,2026-07-30 16:05:01,2026-04-12 21:05:01
4813816,5973221,1,2026-07-30 01:05:01,2026-07-30 16:05:01,2024-02-25 04:00:00
10126551,5973221,16777473,2026-07-30 14:47:22,2026-07-30 01:05:01,2024-11-04 20:05:01
14315827,5973221,65537,2024-03-08 19:31:00,2026-07-30 16:05:01,2023-10-21 21:57:00
14757368,5973221,1,2026-07-28 09:05:01,2026-07-30 16:05:01,2024-08-12 23:05:01
4813816,5950666,1,2026-07-30 01:05:01,2026-07-30 16:05:01,2024-02-25 04:00:00
10008096,5950666,1,2026-06-20 12:05:01,2026-07-30 16:05:01,2024-02-07 09:47:00
10126551,5950666,16777473,2026-07-30 14:47:22,2026-07-30 05:05:01,2024-10-21 19:05:01
14757368,5950666,1,2026-07-28 09:05:01,2026-07-30 16:05:01,2025-03-22 13:05:01
4813816,6071237,1,2026-07-30 01:05:01,2026-07-21 07:08:42,2024-02-25 04:00:00
10126551,6071237,16777473,2026-07-30 14:47:22,2026-07-10 10:05:01,2024-11-04 20:05:01
27746861,6071237,1,2026-07-29 17:05:01,2026-07-29 16:05:01,2024-02-21 14:19:00
46916731,6071237,1,2026-07-30 05:05:01,2026-07-29 23:05:01,2026-06-30 17:05:01
670524,6228595,0,,2026-07-30 16:05:01,
4813816,6228595,1,2026-07-30 01:05:01,2026-07-30 16:05:01,2024-02-25 04:00:00
10126551,6228595,16777473,2026-07-30 14:47:22,2026-07-28 00:05:01,2024-10-21 19:05:01
46916731,6228595,1,2026-07-30 05:05:01,2026-07-30 13:05:01,2026-06-24 04:05:01
10126551,6140247,16777473,2026-07-30 14:47:22,2026-07-30 01:05:01,2024-11-01 18:05:01
27746861,6140247,1,2026-07-29 17:05:01,2026-07-30 15:05:01,2024-03-12 12:31:00
46916731,6140247,1,2026-07-30 05:05:01,2026-07-30 15:05:01,2026-06-24 17:05:01
50325130,6140247,1,2026-04-13 11:05:02,2026-07-30 16:05:01,2026-01-12 11:05:01
670524,5049549,0,,2026-07-30 16:05:01,
4813816,5049549,1,2026-07-30 01:05:01,2026-07-30 16:05:01,2024-02-25 04:00:00
10008096,5049549,1,2026-06-20 12:05:01,2026-07-30 16:05:01,2024-02-07 09:47:00
10126551,5049549,16777473,2026-07-30 14:47:22,2026-07-28 23:05:01,2024-10-21 02:05:01
46916731,5049549,1,2026-07-30 05:05:01,2026-07-30 16:05:01,2026-06-24 17:05:01
4813816,5273849,1,2026-07-30 01:05:01,2026-07-30 16:05:01,2024-02-25 04:00:00
10126551,5273849,16777473,2026-07-30 14:47:22,2026-07-28 00:05:01,2024-10-21 02:05:01
14315827,5273849,65537,2024-03-08 19:31:00,2026-07-30 16:05:01,2023-10-21 21:57:00
14757368,5273849,1,2026-07-28 09:05:01,2026-07-30 16:05:01,2025-03-22 13:05:01
4813816,6185715,1,2026-07-30 01:05:01,2026-07-10 11:05:01,2024-02-25 04:00:00
10126551,6185715,16777473,2026-07-30 14:47:22,2026-07-10 10:05:01,2024-11-04 20:05:01
27746861,6185715,1,2026-07-29 17:05:01,2026-07-29 16:05:01,2024-02-21 14:19:00
4813816,6261923,1,2026-07-30 01:05:01,2026-07-30 16:05:01,2024-02-25 04:00:00
10126551,6261923,16777473,2026-07-30 14:47:22,2026-07-30 05:05:01,2024-10-21 19:05:01
14757368,6261923,1,2026-07-28 09:05:01,2026-07-30 16:05:01,2025-03-22 13:05:01
27746861,6261923,1,2026-07-29 17:05:01,2026-07-30 16:05:01,2024-02-21 14:19:00
670524,6026330,1,2026-03-11 10:26:57,2026-07-30 16:05:01,2025-04-07 03:05:01
10008096,6026330,1,2026-06-20 12:05:01,2026-07-24 17:05:01,2024-02-07 09:47:00
10126551,6026330,16777473,2026-07-30 14:47:22,2026-07-25 00:05:01,2024-10-21 02:05:01
27746861,6026330,1,2026-07-29 17:05:01,2026-07-30 16:05:01,2024-02-21 14:19:00
10126551,6273248,16777473,2026-07-30 14:47:22,2026-07-30 01:05:01,2024-11-04 20:05:01
27746861,6273248,1,2026-07-29 17:05:01,2026-07-30 16:05:01,2024-02-21 14:19:00
46916731,6273248,1,2026-07-30 05:05:01,2026-07-30 16:05:01,2026-06-24 04:05:01
50325130,6273248,1,2026-04-13 11:05:02,2026-07-30 16:05:01,2026-01-12 11:05:01
10126551,5459656,16777473,2026-07-30 14:47:22,2026-07-30 05:05:01,2024-10-21 02:05:01
14315827,5459656,65537,2024-03-08 19:31:00,2026-07-30 16:05:01,2023-10-21 21:57:00
14757368,5459656,1,2026-07-28 09:05:01,2026-07-30 16:05:01,2024-08-12 23:05:01
46916731,5459656,1,2026-07-30 05:05:01,2026-07-30 16:05:01,2026-06-24 17:05:01
4813816,6230244,1,2026-07-30 01:05:01,2026-07-30 16:05:01,2024-02-25 04:00:00
10126551,6230244,16777473,2026-07-30 14:47:22,2026-07-30 04:05:01,2024-10-21 19:05:01
14315827,6230244,65537,2024-03-08 19:31:00,2026-07-30 16:05:01,2023-10-21 21:57:00
14757368,6230244,1,2026-07-28 09:05:01,2026-07-30 16:05:01,2024-08-12 23:05:01
10126551,6133045,16777473,2026-07-30 14:47:22,2026-07-30 00:05:01,2024-11-01 18:05:01
14315827,6133045,65537,2024-03-08 19:31:00,2026-07-30 16:05:01,2023-10-21 21:57:00
27746861,6133045,1,2026-07-29 17:05:01,2026-07-30 16:05:01,2024-02-21 14:19:00
46916731,6133045,1,2026-07-30 05:05:01,2026-07-30 15:05:01,2026-06-24 17:05:01
4813816,6281221,1,2026-07-30 01:05:01,2026-07-30 16:05:01,2024-02-25 04:00:00
10126551,6281221,16777473,2026-07-30 14:47:22,2026-07-28 00:05:01,2024-10-21 19:05:01
14757368,6281221,1,2026-07-28 09:05:01,2026-07-30 16:05:01,2025-03-22 13:05:01
27746861,6281221,1,2026-07-29 17:05:01,2026-07-30 16:05:01,2024-02-21 14:19:00
4813816,5963607,1,2026-07-30 01:05:01,2026-07-30 16:05:01,2024-02-25 04:00:00
10126551,5963607,16777473,2026-07-30 14:47:22,2026-07-28 00:05:01,2024-10-21 19:05:01
14315827,5963607,65537,2024-03-08 19:31:00,2026-07-30 16:05:01,2023-10-21 21:57:00
14757368,5963607,1,2026-07-28 09:05:01,2026-07-30 16:05:01,2025-03-22 13:05:01
10126551,6291585,16777473,2026-07-30 14:47:22,2026-07-30 16:05:01,2024-10-21 02:05:01
14757368,6291585,1,2026-07-28 09:05:01,2026-07-30 16:05:01,2024-08-12 23:05:01
32873098,6291585,1,2026-06-02 16:05:01,2026-07-30 16:05:01,2026-04-12 21:05:01
10126551,6104524,16777473,2026-07-30 14:47:22,2026-07-10 10:05:01,2024-11-04 20:05:01
14315827,6104524,65537,2024-03-08 19:31:00,2026-07-30 16:05:01,2023-10-21 21:57:00
27746861,6104524,1,2026-07-29 17:05:01,2026-07-29 16:05:01,2024-03-12 12:31:00
7664177,6241884,1,2026-07-30 00:05:01,2026-07-28 09:05:01,2024-02-24 03:15:00
10126551,6241884,16777473,2026-07-30 14:47:22,2026-07-26 04:05:01,2024-10-21 02:05:01
27746861,6241884,1,2026-07-29 17:05:01,2026-07-29 16:05:01,2024-02-21 14:19:00
46916731,6241884,1,2026-07-30 05:05:01,2026-07-29 23:05:01,2026-06-24 17:05:01
4813816,5991433,1,2026-07-30 01:05:01,2026-07-30 16:05:01,2024-02-25 04:00:00
10126551,5991433,16777473,2026-07-30 14:47:22,2026-07-30 05:05:01,2024-10-21 02:05:01
14315827,5991433,65537,2024-03-08 19:31:00,2026-07-30 16:05:01,2023-10-21 21:57:00
32873098,5991433,1,2026-06-02 16:05:01,2026-07-30 16:05:01,2026-04-12 21:05:01
5220206,6274142,0,,2026-07-30 16:05:01,
7664177,6274142,1,2026-07-30 00:05:01,2026-07-30 11:05:01,2024-02-24 03:15:00
10126551,6274142,16777473,2026-07-30 14:47:22,2026-07-28 02:05:01,2024-11-04 20:05:01
27746861,6274142,1,2026-07-29 17:05:01,2026-07-30 12:05:01,2024-02-21 14:19:00
4813816,6232553,1,2026-07-30 01:05:01,2026-07-29 10:05:02,2024-02-25 04:00:00
10126551,6232553,16777473,2026-07-30 14:47:22,2026-07-27 02:05:01,2024-10-21 02:05:01
27746861,6232553,1,2026-07-29 17:05:01,2026-07-30 03:05:02,2024-02-21 14:19:00
46916731,6232553,1,2026-07-30 05:05:01,2026-07-30 03:05:02,2026-06-30 17:05:01
670524,5926972,1,2026-03-11 10:26:57,2026-07-30 16:05:01,2025-04-09 03:05:02
10008096,5926972,1,2026-06-20 12:05:01,2026-07-30 16:05:01,2024-02-07 09:47:00
10126551,5926972,16777473,2026-07-30 14:47:22,2026-07-28 04:05:01,2024-10-21 02:05:01
27746861,5926972,1,2026-07-29 17:05:01,2026-07-30 16:05:01,2024-02-21 14:19:00
4813816,6293559,1,2026-07-30 01:05:01,2026-07-30 14:05:02,2024-02-25 04:00:00
7664177,6293559,1,2026-07-30 00:05:01,2026-07-30 16:05:01,2024-02-24 03:15:00
10126551,6293559,16777473,2026-07-30 14:47:22,2026-07-30 00:05:01,2024-10-21 19:05:01
46916731,6293559,1,2026-07-30 05:05:01,2026-07-30 16:05:01,2026-06-24 04:05:01
4813816,6165428,1,2026-07-30 01:05:01,2026-07-30 05:05:01,2024-02-25 04:00:00
10126551,6165428,16777473,2026-07-30 14:47:22,2026-07-30 05:05:01,2024-11-04 20:05:01
27746861,6165428,1,2026-07-29 17:05:01,2026-07-30 10:05:01,2024-02-21 14:19:00
46916731,6165428,1,2026-07-30 05:05:01,2026-07-30 10:05:01,2026-06-30 17:05:01
10126551,5791820,16777473,2026-07-30 14:47:22,2026-07-25 04:05:01,2024-10-21 02:05:01
14315827,5791820,65537,2024-03-08 19:31:00,2026-07-30 16:05:01,2023-10-21 21:57:00
27746861,5791820,1,2026-07-29 17:05:01,2026-07-30 09:05:01,2024-02-21 14:19:00
46916731,5791820,1,2026-07-30 05:05:01,2026-07-30 07:05:01,2026-06-30 17:05:01
10126551,6196873,16777473,2026-07-30 14:47:22,2026-07-28 04:05:01,2024-10-21 19:05:01
14757368,6196873,1,2026-07-28 09:05:01,2026-07-30 16:05:01,2024-02-24 23:50:00
27746861,6196873,1,2026-07-29 17:05:01,2026-07-30 16:05:01,2024-02-21 14:19:00
46916731,6196873,1,2026-07-30 05:05:01,2026-07-30 16:05:01,2026-06-24 04:05:01
4813816,5213948,1,2026-07-30 01:05:01,2026-07-30 16:05:01,2024-02-25 04:00:00
10126551,5213948,16777473,2026-07-30 14:47:22,2026-07-30 04:05:01,2024-10-21 02:05:01
14315827,5213948,65537,2024-03-08 19:31:00,2026-07-30 16:05:01,2023-10-21 21:57:00
14757368,5213948,1,2026-07-28 09:05:01,2026-07-30 16:05:01,2024-08-12 23:05:01
4813816,6328262,1,2026-07-30 01:05:01,2026-07-30 16:05:01,2024-02-25 04:00:00
10126551,6328262,16777473,2026-07-30 14:47:22,2026-07-30 05:05:01,2024-10-21 19:05:01
14757368,6328262,1,2026-07-28 09:05:01,2026-07-30 16:05:01,2025-03-22 13:05:01
4813816,6311241,1,2026-07-30 01:05:01,2026-07-30 16:05:01,2024-02-25 04:00:00
10126551,6311241,16777473,2026-07-30 14:47:22,2026-07-28 04:05:01,2024-10-21 02:05:01
14757368,6311241,1,2026-07-28 09:05:01,2026-07-30 16:05:01,2025-03-22 13:05:01
27746861,6311241,1,2026-07-29 17:05:01,2026-07-30 16:05:01,2024-02-21 14:19:00
10126551,5166370,16777473,2026-07-30 14:47:22,2026-07-28 00:05:01,2024-10-21 02:05:01
14315827,5166370,65537,2024-03-08 19:31:00,2026-07-30 16:05:01,2023-10-21 21:57:00
14757368,5166370,1,2026-07-28 09:05:01,2026-07-30 16:05:01,2025-03-22 13:05:01
27746861,5166370,1,2026-07-29 17:05:01,2026-07-30 16:05:01,2024-02-21 14:19:00
10126551,6332096,16777473,2026-07-30 14:47:22,2026-07-26 18:05:02,2024-10-21 02:05:01
27746861,6332096,1,2026-07-29 17:05:01,2026-07-30 16:05:01,2024-02-21 14:19:00
46916731,6332096,1,2026-07-30 05:05:01,2026-07-30 16:05:01,2026-06-24 17:05:01
4813816,5946651,1,2026-07-30 01:05:01,2026-07-30 16:05:01,2024-02-25 04:00:00
10126551,5946651,16777473,2026-07-30 14:47:22,2026-07-28 00:05:01,2024-10-21 02:05:01
14315827,5946651,65537,2024-03-08 19:31:00,2026-07-30 16:05:01,2023-10-21 21:57:00
14757368,5946651,1,2026-07-28 09:05:01,2026-07-30 16:05:01,2025-03-22 13:05:01
10126551,5800662,16777473,2026-07-30 14:47:22,2026-07-30 04:05:01,2024-10-21 02:05:01
14315827,5800662,65537,2024-03-08 19:31:00,2026-07-30 16:05:01,2023-10-21 21:57:00
27746861,5800662,1,2026-07-29 17:05:01,2026-07-30 16:05:01,2024-02-21 14:19:00
46916731,5800662,1,2026-07-30 05:05:01,2026-07-30 16:05:01,2026-06-24 17:05:01
4813816,6307058,1,2026-07-30 01:05:01,2026-07-30 16:05:01,2024-02-25 04:00:00
10126551,6307058,16777473,2026-07-30 14:47:22,2026-07-28 00:05:01,2024-10-21 19:05:01
14757368,6307058,1,2026-07-28 09:05:01,2026-07-30 16:05:01,2024-08-12 23:05:01
27746861,6307058,1,2026-07-29 17:05:01,2026-07-30 16:05:01,2024-02-21 14:19:00
4813816,5981777,1,2026-07-30 01:05:01,2026-07-30 16:05:01,2024-02-25 04:00:00
10008096,5981777,1,2026-06-20 12:05:01,2026-07-30 16:05:01,2024-02-07 09:47:00
10126551,5981777,16777473,2026-07-30 14:47:22,2026-07-28 04:05:01,2024-10-21 02:05:01
32873098,5981777,1,2026-06-02 16:05:01,2026-07-30 16:05:01,2025-06-27 18:05:01
4813816,6037441,1,2026-07-30 01:05:01,2026-07-30 16:05:01,2024-02-25 04:00:00
10126551,6037441,16777473,2026-07-30 14:47:22,2026-07-30 16:05:01,2024-10-21 02:05:01
46916731,6037441,1,2026-07-30 05:05:01,2026-07-30 16:05:01,2026-06-24 17:05:01
4813816,6261942,1,2026-07-30 01:05:01,2026-07-30 16:05:01,2024-02-25 04:00:00
10126551,6261942,16777473,2026-07-30 14:47:22,2026-07-30 05:05:01,2024-10-21 02:05:01
27746861,6261942,1,2026-07-29 17:05:01,2026-07-30 16:05:01,2024-02-21 14:19:00
46916731,6261942,1,2026-07-30 05:05:01,2026-07-30 16:05:01,2026-06-24 17:05:01
10126551,6166909,16777473,2026-07-30 14:47:22,2026-07-30 05:05:01,2024-10-21 19:05:01
14315827,6166909,65537,2024-03-08 19:31:00,2026-07-30 16:05:01,2023-10-21 21:57:00
46916731,6166909,1,2026-07-30 05:05:01,2026-07-30 16:05:01,2026-06-24 04:05:01
10126551,6063854,16777473,2026-07-30 14:47:22,2026-07-10 10:05:01,2024-11-04 20:05:01
14315827,6063854,65537,2024-03-08 19:31:00,2026-07-30 16:05:01,2023-10-21 21:57:00
14757368,6063854,1,2026-07-28 09:05:01,2026-07-30 16:05:01,2024-08-12 23:05:01
27746861,6063854,1,2026-07-29 17:05:01,2026-07-30 15:05:01,2024-02-21 14:19:00
10126551,6193993,16777473,2026-07-30 14:47:22,2026-07-26 02:05:01,2024-10-21 17:05:01
27746861,6193993,1,2026-07-29 17:05:01,2026-07-29 16:05:01,2024-02-21 14:19:00
46916731,6193993,1,2026-07-30 05:05:01,2026-07-29 23:05:01,2026-06-30 17:05:01
4813816,6138288,1,2026-07-30 01:05:01,2026-07-30 16:05:01,2024-02-25 04:00:00
8381475,6138288,0,,2026-07-30 16:05:01,
10008096,6138288,1,2026-06-20 12:05:01,2026-07-29 09:05:01,2024-02-07 09:47:00
10126551,6138288,16777473,2026-07-30 14:47:22,2026-07-26 14:05:01,2024-11-10 19:05:01
10126551,6314735,16777473,2026-07-30 14:47:22,2026-07-30 00:05:01,2024-10-21 19:05:01
27746861,6314735,1,2026-07-29 17:05:01,2026-07-30 16:05:01,2024-02-21 14:19:00
46916731,6314735,1,2026-07-30 05:05:01,2026-07-30 16:05:01,2026-06-24 04:05:01
7664177,5605311,1,2026-07-30 00:05:01,2026-07-30 16:05:01,2024-02-24 03:15:00
10008096,5605311,1,2026-06-20 12:05:01,2026-07-30 16:05:01,2024-02-07 09:47:00
10126551,5605311,16777473,2026-07-30 14:47:22,2026-07-27 02:05:01,2024-10-21 02:05:01
46916731,5605311,1,2026-07-30 05:05:01,2026-07-30 16:05:01,2026-06-24 17:05:01
670524,6333142,1,2026-03-11 10:26:57,2026-07-30 16:05:01,2025-04-09 03:05:02
4813816,6333142,1,2026-07-30 01:05:01,2026-07-30 16:05:01,2024-02-25 04:00:00
10126551,6333142,16777473,2026-07-30 14:47:22,2026-07-28 00:05:01,2024-10-21 19:05:01
14757368,6333142,1,2026-07-28 09:05:01,2026-07-30 16:05:01,2025-03-22 13:05:01
10126551,6343155,16777473,2026-07-30 14:47:22,2026-07-28 00:05:01,2024-10-21 19:05:01
14757368,6343155,1,2026-07-28 09:05:01,2026-07-30 16:05:01,2024-08-12 23:05:01
27746861,6343155,1,2026-07-29 17:05:01,2026-07-30 05:05:01,2024-02-21 14:19:00
46916731,6343155,1,2026-07-30 05:05:01,2026-07-30 11:05:01,2026-06-24 04:05:01
670524,4160727,0,,2026-07-30 16:05:01,
10126551,4160727,16777473,2026-07-30 14:47:22,2026-07-30 01:05:01,2024-10-21 02:05:01
32873098,4160727,1,2026-06-02 16:05:01,2026-07-30 16:05:01,2026-04-12 21:05:01
46916731,4160727,1,2026-07-30 05:05:01,2026-07-30 16:05:01,2026-06-24 17:05:01
4813816,6133627,1,2026-07-30 01:05:01,2026-07-30 07:05:01,2024-02-25 04:00:00
10008096,6133627,1,2026-06-20 12:05:01,2026-07-29 00:05:01,2024-02-07 09:47:00
10126551,6133627,16777473,2026-07-30 14:47:22,2026-07-28 23:05:01,2024-10-21 19:05:01
14757368,6133627,1,2026-07-28 09:05:01,2026-07-30 16:05:01,2025-03-22 13:05:01
4813816,6172001,1,2026-07-30 01:05:01,2026-07-30 16:05:01,2024-02-25 04:00:00
10008096,6172001,1,2026-06-20 12:05:01,2026-07-30 16:05:01,2024-02-07 09:47:00
10126551,6172001,16777473,2026-07-30 14:47:22,2026-07-30 16:05:01,2024-10-21 19:05:01
4813816,5816929,1,2026-07-30 01:05:01,2026-07-30 16:05:01,2024-02-25 04:00:00
10126551,5816929,16777473,2026-07-30 14:47:22,2026-07-28 23:05:01,2024-10-21 19:05:01
27746861,5816929,1,2026-07-29 17:05:01,2026-07-30 16:05:01,2024-02-21 14:19:00
46916731,5816929,1,2026-07-30 05:05:01,2026-07-30 16:05:01,2026-06-24 17:05:01
4813816,6010596,1,2026-07-30 01:05:01,2026-07-30 15:05:01,2024-02-25 04:00:00
10008096,6010596,1,2026-06-20 12:05:01,2026-07-30 15:05:01,2024-02-07 09:47:00
10126551,6010596,16777473,2026-07-30 14:47:22,2026-07-30 05:05:01,2024-10-21 02:05:01
14757368,6010596,1,2026-07-28 09:05:01,2026-07-30 16:05:01,2025-03-22 13:05:01
5220206,6144227,0,,2026-07-30 16:05:01,
10008096,6144227,1,2026-06-20 12:05:01,2026-07-30 16:05:01,2024-02-07 09:47:00
14757368,6144227,1,2026-07-28 09:05:01,2026-07-30 16:05:01,2025-03-22 13:05:01
46916731,6144227,1,2026-07-30 05:05:01,2026-07-30 16:05:01,2026-06-30 17:05:01
10008096,5883764,1,2026-06-20 12:05:01,2026-07-30 10:05:01,2024-02-07 09:47:00
10126551,5883764,16777473,2026-07-30 14:47:22,2026-07-30 03:05:02,2024-10-21 02:05:01
14757368,5883764,1,2026-07-28 09:05:01,2026-07-30 16:05:01,2025-03-22 13:05:01
46916731,5883764,1,2026-07-30 05:05:01,2026-07-30 16:05:01,2026-06-24 17:05:01
4813816,3415098,1,2026-07-30 01:05:01,2026-07-30 16:05:01,2024-02-25 04:00:00
10126551,3415098,16777473,2026-07-30 14:47:22,2026-07-28 00:05:01,2024-10-21 19:05:01
14757368,3415098,1,2026-07-28 09:05:01,2026-07-30 16:05:01,2024-02-24 23:50:00
32873098,3415098,1,2026-06-02 16:05:01,2026-07-30 16:05:01,2026-05-02 15:05:00
10126551,3756303,16777473,2026-07-30 14:47:22,2026-07-29 14:05:01,2025-02-12 05:05:02
14315827,3756303,0,,2026-07-30 16:05:01,
14757368,3756303,1,2026-07-28 09:05:01,2026-07-30 16:05:01,2025-03-22 13:05:01
46916731,3756303,1,2026-07-30 05:05:01,2026-07-30 16:05:01,2026-06-24 17:05:01
10126551,4123257,16777473,2026-07-30 14:47:22,2026-07-27 02:05:01,2024-11-04 20:05:01
14315827,4123257,65537,2024-03-08 19:31:00,2026-07-30 16:05:01,2023-10-21 21:57:00
27746861,4123257,1,2026-07-29 17:05:01,2026-07-30 16:05:01,2024-02-21 14:19:00
46916731,4123257,1,2026-07-30 05:05:01,2026-07-30 16:05:01,2026-06-24 04:05:01
4813816,4134582,1,2026-07-30 01:05:01,2026-07-30 16:05:01,2025-04-23 02:05:01
10126551,4134582,16777473,2026-07-30 14:47:22,2026-07-30 01:05:01,2025-04-22 19:05:01
46916731,4134582,1,2026-07-30 05:05:01,2026-07-30 16:05:01,2026-06-24 17:05:01
50325130,4134582,1,2026-04-13 11:05:02,2026-07-30 16:05:01,2025-12-29 04:05:01
10126551,4161332,16777473,2026-07-30 14:47:22,2026-07-30 00:05:01,2024-10-21 19:05:01
14315827,4161332,65537,2024-03-08 19:31:00,2026-07-30 16:05:01,2023-10-21 21:57:00
14757368,4161332,1,2026-07-28 09:05:01,2026-07-30 16:05:01,2025-03-22 13:05:01
27746861,4161332,1,2026-07-29 17:05:01,2026-07-30 16:05:01,2024-02-21 14:19:00
4813816,4208078,1,2026-07-30 01:05:01,2026-07-30 16:05:01,2024-02-25 04:00:00
10126551,4208078,16777473,2026-07-30 14:47:22,2026-07-30 05:05:01,2024-10-21 19:05:01
14315827,4208078,65537,2024-03-08 19:31:00,2026-07-30 16:05:01,2023-10-21 21:57:00
14757368,4208078,1,2026-07-28 09:05:01,2026-07-30 16:05:01,2024-08-12 23:05:01
10126551,4622688,16777473,2026-07-30 14:47:22,2026-07-28 00:05:01,2024-11-04 20:05:01
14315827,4622688,65537,2024-03-08 19:31:00,2026-07-30 16:05:01,2023-10-21 21:57:00
27746861,4622688,1,2026-07-29 17:05:01,2026-07-30 16:05:01,2024-03-12 12:31:00
46916731,4622688,1,2026-07-30 05:05:01,2026-07-30 16:05:01,2026-06-30 17:05:01
4813816,4681362,1,2026-07-30 01:05:01,2026-07-30 16:05:01,2024-02-25 04:00:00
10126551,4681362,16777473,2026-07-30 14:47:22,2026-07-30 05:05:01,2024-10-21 02:05:01
14315827,4681362,65537,2024-03-08 19:31:00,2026-07-30 16:05:01,2023-10-21 21:57:00
14757368,4681362,1,2026-07-28 09:05:01,2026-07-30 16:05:01,2025-03-22 13:05:01
4813816,4698552,1,2026-07-30 01:05:01,2026-07-30 16:05:01,2024-02-25 04:00:00
10008096,4698552,1,2026-06-20 12:05:01,2026-07-30 07:05:01,2024-02-07 09:47:00
10126551,4698552,16777473,2026-07-30 14:47:22,2026-07-30 03:05:02,2024-10-21 02:05:01
14757368,4698552,1,2026-07-28 09:05:01,2026-07-30 16:05:01,2025-03-22 13:05:01
4813816,4729255,1,2026-07-30 01:05:01,2026-07-30 16:05:01,2024-02-25 04:00:00
10008096,4729255,1,2026-06-20 12:05:01,2026-07-30 16:05:01,2024-02-07 09:47:00
10126551,4729255,16777473,2026-07-30 14:47:22,2026-07-30 04:05:01,2024-10-21 02:05:01
46916731,4729255,1,2026-07-30 05:05:01,2026-07-30 16:05:01,2026-06-24 17:05:01
4813816,4734895,1,2026-07-30 01:05:01,2026-07-30 11:05:01,2024-02-25 04:00:00
10126551,4734895,16777473,2026-07-30 14:47:22,2026-07-28 04:05:01,2024-10-21 02:05:01
14315827,4734895,65537,2024-03-08 19:31:00,2026-07-30 16:05:01,2023-10-21 21:57:00
14757368,4734895,1,2026-07-28 09:05:01,2026-07-30 16:05:01,2024-08-12 23:05:01
4813816,4885260,1,2026-07-30 01:05:01,2026-07-30 16:05:01,2024-02-25 04:00:00
10008096,4885260,1,2026-06-20 12:05:01,2026-07-30 16:05:01,2024-02-07 09:47:00
10126551,4885260,16777473,2026-07-30 14:47:22,2026-07-30 05:05:01,2024-10-21 02:05:01
14757368,4885260,1,2026-07-28 09:05:01,2026-07-30 16:05:01,2025-03-22 13:05:01
10126551,4931864,16777473,2026-07-30 14:47:22,2026-07-28 23:05:01,2024-10-21 02:05:01
14757368,4931864,1,2026-07-28 09:05:01,2026-07-30 16:05:01,2024-08-12 23:05:01
27746861,4931864,1,2026-07-29 17:05:01,2026-07-30 16:05:01,2024-02-21 14:19:00
46916731,4931864,1,2026-07-30 05:05:01,2026-07-30 16:05:01,2026-06-24 17:05:01
4813816,4971646,1,2026-07-30 01:05:01,2026-07-30 16:05:01,2024-02-25 04:00:00
10008096,4971646,1,2026-06-20 12:05:01,2026-07-29 03:05:01,2024-02-07 09:47:00
10126551,4971646,16777473,2026-07-30 14:47:22,2026-07-28 22:05:01,2024-10-21 02:05:01
14757368,4971646,1,2026-07-28 09:05:01,2026-07-30 16:05:01,2025-03-22 13:05:01
4813816,5035251,1,2026-07-30 01:05:01,2026-07-30 16:05:01,2024-02-25 04:00:00
10126551,5035251,16777473,2026-07-30 14:47:22,2026-07-30 04:05:01,2024-10-21 02:05:01
14315827,5035251,65537,2024-03-08 19:31:00,2026-07-30 16:05:01,2023-10-21 21:57:00
46916731,5035251,1,2026-07-30 05:05:01,2026-07-30 16:05:01,2026-06-24 17:05:01
10126551,5059412,16777473,2026-07-30 14:47:22,2026-07-26 02:05:01,2024-11-01 18:05:01
14315827,5059412,65537,2024-03-08 19:31:00,2026-07-30 16:05:01,2023-10-21 21:57:00
27746861,5059412,1,2026-07-29 17:05:01,2026-07-29 16:05:01,2024-02-21 14:19:00
46916731,5059412,1,2026-07-30 05:05:01,2026-07-30 05:05:01,2026-06-30 17:05:01
4813816,5224680,1,2026-07-30 01:05:01,2026-07-30 16:05:01,2024-02-25 04:00:00
10126551,5224680,16777473,2026-07-30 14:47:22,2026-07-30 05:05:01,2024-11-04 20:05:01
27746861,5224680,1,2026-07-29 17:05:01,2026-07-30 16:05:01,2024-02-21 14:19:00
46916731,5224680,1,2026-07-30 05:05:01,2026-07-30 13:05:01,2026-06-24 04:05:01
4813816,5228978,1,2026-07-30 01:05:01,2026-07-30 16:05:01,2024-02-25 04:00:00
6449581,5228978,1,2026-07-15 04:24:18,2026-07-30 13:05:01,2024-02-19 00:00:00
10126551,5228978,16777473,2026-07-30 14:47:22,2026-07-28 00:05:01,2024-10-21 19:05:01
14757368,5228978,1,2026-07-28 09:05:01,2026-07-30 16:05:01,2024-08-12 23:05:01
670524,6313924,0,,2026-07-30 16:05:01,
10126551,6313924,16777473,2026-07-30 14:47:22,2026-07-28 00:05:01,2024-10-21 02:05:01
27746861,6313924,1,2026-07-29 17:05:01,2026-07-30 16:05:01,2024-02-21 14:19:00
32873098,6313924,1,2026-06-02 16:05:01,2026-07-30 16:05:01,2026-04-12 21:05:01
46916731,6313924,1,2026-07-30 05:05:01,2026-07-30 16:05:01,2026-06-24 17:05:01
10126551,6301559,16777473,2026-07-30 14:47:22,2026-07-10 10:05:01,2024-11-01 18:05:01
14757368,6301559,1,2026-07-28 09:05:01,2026-07-30 16:05:01,2024-02-24 23:50:00
27746861,6301559,1,2026-07-29 17:05:01,2026-07-29 16:05:01,2024-02-21 14:19:00
46916731,6301559,1,2026-07-30 05:05:01,2026-07-29 23:05:01,2026-06-30 17:05:01
4813816,6315511,1,2026-07-30 01:05:01,2026-07-30 16:05:01,2024-02-25 04:00:00
10008096,6315511,1,2026-06-20 12:05:01,2026-07-30 16:05:01,2024-02-07 09:47:00
10126551,6315511,16777473,2026-07-30 14:47:22,2026-07-28 04:05:01,2024-10-21 19:05:01
32873098,6315511,1,2026-06-02 16:05:01,2026-07-30 16:05:01,2026-05-02 15:05:00
4813816,6315593,1,2026-07-30 01:05:01,2026-07-30 16:05:01,2024-02-25 04:00:00
10126551,6315593,16777473,2026-07-30 14:47:22,2026-07-30 05:05:01,2024-10-21 19:05:01
14757368,6315593,1,2026-07-28 09:05:01,2026-07-30 16:05:01,2025-03-22 13:05:01
27746861,6315593,1,2026-07-29 17:05:01,2026-07-30 16:05:01,2024-02-21 14:19:00
4813816,5945439,1,2026-07-30 01:05:01,2026-07-30 16:05:01,2024-02-25 04:00:00
10008096,5945439,1,2026-06-20 12:05:01,2026-07-30 15:05:01,2024-02-07 09:47:00
10126551,5945439,16777473,2026-07-30 14:47:22,2026-07-30 03:05:02,2024-11-04 20:05:01
46916731,5945439,1,2026-07-30 05:05:01,2026-07-30 16:05:01,2024-08-12 18:05:02
4813816,6317242,1,2026-07-30 01:05:01,2026-07-10 11:05:01,2024-02-25 04:00:00
10126551,6317242,16777473,2026-07-30 14:47:22,2026-07-10 11:05:01,2024-11-04 20:05:01
27746861,6317242,1,2026-07-29 17:05:01,2026-07-29 16:05:01,2024-02-21 14:19:00
46916731,6317242,1,2026-07-30 05:05:01,2026-07-29 23:05:01,2026-06-30 17:05:01
670524,4375476,0,,2026-07-30 16:05:01,
10126551,4375476,16777473,2026-07-30 14:47:22,2026-07-30 01:05:01,2024-10-21 02:05:01
14757368,4375476,1,2026-07-28 09:05:01,2026-07-30 16:05:01,2024-02-24 23:50:00
46916731,4375476,1,2026-07-30 05:05:01,2026-07-30 13:05:01,2026-06-24 17:05:01
670524,6318967,0,,2026-07-30 16:05:01,
4813816,6318967,1,2026-07-30 01:05:01,2026-07-30 16:05:01,2024-02-25 04:00:00
10126551,6318967,16777473,2026-07-30 14:47:22,2026-07-30 05:05:01,2024-10-21 19:05:01
32873098,6318967,1,2026-06-02 16:05:01,2026-07-30 16:05:01,2026-04-12 21:05:01
670524,5172115,0,,2026-07-30 16:05:01,
4813816,5172115,1,2026-07-30 01:05:01,2026-07-30 16:05:01,2024-02-25 04:00:00
10126551,5172115,16777473,2026-07-30 14:47:22,2026-07-28 00:05:01,2024-10-21 02:05:01
14315827,5172115,65537,2024-03-08 19:31:00,2026-07-30 16:05:01,2023-10-21 21:57:00
32873098,5172115,1,2026-06-02 16:05:01,2026-07-30 16:05:01,2026-04-12 21:05:01
10126551,5480331,16777473,2026-07-30 14:47:22,2026-07-25 04:05:01,2024-11-01 18:05:01
14315827,5480331,65537,2024-03-08 19:31:00,2026-07-30 16:05:01,2023-10-21 21:57:00
27746861,5480331,1,2026-07-29 17:05:01,2026-07-30 14:05:02,2024-02-21 14:19:00
46916731,5480331,1,2026-07-30 05:05:01,2026-07-30 13:05:01,2026-06-30 17:05:01
4813816,6319687,1,2026-07-30 01:05:01,2026-07-30 16:05:01,2024-02-25 04:00:00
10126551,6319687,16777473,2026-07-30 14:47:22,2026-07-30 01:05:01,2024-10-21 02:05:01
27746861,6319687,1,2026-07-29 17:05:01,2026-07-30 16:05:01,2024-02-21 14:19:00
32873098,6319687,1,2026-06-02 16:05:01,2026-07-30 16:05:01,2026-05-02 15:05:00
4813816,6294240,1,2026-07-30 01:05:01,2026-07-30 16:05:01,2024-02-25 04:00:00
10126551,6294240,16777473,2026-07-30 14:47:22,2026-07-30 01:05:01,2024-10-21 19:05:01
27746861,6294240,1,2026-07-29 17:05:01,2026-07-30 16:05:01,2024-02-21 14:19:00
46916731,6294240,1,2026-07-30 05:05:01,2026-07-30 13:05:01,2026-06-24 04:05:01
4813816,6308279,1,2026-07-30 01:05:01,2026-07-30 16:05:01,2024-02-25 04:00:00
10126551,6308279,16777473,2026-07-30 14:47:22,2026-07-30 05:05:01,2024-10-21 02:05:01
27746861,6308279,1,2026-07-29 17:05:01,2026-07-30 16:05:01,2024-02-21 14:19:00
46916731,6308279,1,2026-07-30 05:05:01,2026-07-30 16:05:01,2026-06-24 17:05:01
4813816,6209160,1,2026-07-30 01:05:01,2026-07-30 16:05:01,2024-02-25 04:00:00
7664177,6209160,1,2026-07-30 00:05:01,2026-07-30 16:05:01,2024-02-24 03:15:00
10126551,6209160,16777473,2026-07-30 14:47:22,2026-07-30 05:05:01,2024-10-21 02:05:01
46916731,6209160,1,2026-07-30 05:05:01,2026-07-30 16:05:01,2026-06-24 17:05:01
4813816,6300065,1,2026-07-30 01:05:01,2026-07-30 16:05:01,2024-02-25 04:00:00
14757368,6300065,1,2026-07-28 09:05:01,2026-07-30 16:05:01,2025-03-22 13:05:01
32873098,6300065,1,2026-06-02 16:05:01,2026-07-30 16:05:01,2025-06-27 18:05:01
46916731,6300065,1,2026-07-30 05:05:01,2026-07-30 16:05:01,2026-06-24 17:05:01
4813816,5829670,1,2026-07-30 01:05:01,2026-07-29 10:05:02,2024-02-25 04:00:00
10126551,5829670,16777473,2026-07-30 14:47:22,2026-07-26 02:05:01,2024-11-04 20:05:01
14757368,5829670,1,2026-07-28 09:05:01,2026-07-30 16:05:01,2025-03-22 13:05:01
46916731,5829670,1,2026-07-30 05:05:01,2026-07-30 16:05:01,2026-06-24 04:05:01
4813816,5567712,1,2026-07-30 01:05:01,2026-07-30 16:05:01,2024-02-25 04:00:00
10126551,5567712,16777473,2026-07-30 14:47:22,2026-07-28 00:05:01,2024-10-21 02:05:01
14315827,5567712,65537,2024-03-08 19:31:00,2026-07-30 16:05:01,2023-10-21 21:57:00
32873098,5567712,1,2026-06-02 16:05:01,2026-07-30 16:05:01,2026-04-12 21:05:01
4813816,6205969,1,2026-07-30 01:05:01,2026-07-30 04:05:01,2024-02-25 04:00:00
5220206,6205969,0,,2026-07-30 16:05:01,
10126551,6205969,16777473,2026-07-30 14:47:22,2026-07-10 11:05:01,2024-11-04 20:05:01
27746861,6205969,1,2026-07-29 17:05:01,2026-07-30 09:05:01,2024-02-21 14:19:00
4813816,6195010,1,2026-07-30 01:05:01,2026-07-30 07:05:01,2024-02-25 04:00:00
10126551,6195010,16777473,2026-07-30 14:47:22,2026-07-30 01:05:01,2024-10-21 02:05:01
14757368,6195010,1,2026-07-28 09:05:01,2026-07-30 16:05:01,2025-03-22 13:05:01
27746861,6195010,1,2026-07-29 17:05:01,2026-07-30 09:05:01,2024-02-21 14:19:00
7664177,6305794,1,2026-07-30 00:05:01,2026-07-30 14:05:02,2024-02-24 03:15:00
10126551,6305794,16777473,2026-07-30 14:47:22,2026-07-30 06:05:01,2024-10-21 02:05:01
46916731,6305794,1,2026-07-30 05:05:01,2026-07-30 15:05:01,2026-06-24 17:05:01
10126551,6145632,16777473,2026-07-30 14:47:22,2026-07-10 10:05:01,2024-11-01 18:05:01
14315827,6145632,65537,2024-03-08 19:31:00,2026-07-30 16:05:01,2023-10-21 21:57:00
27746861,6145632,1,2026-07-29 17:05:01,2026-07-29 16:05:01,2024-03-12 12:31:00
4813816,5466762,1,2026-07-30 01:05:01,2026-07-30 14:05:02,2024-02-25 04:00:00
10126551,5466762,16777473,2026-07-30 14:47:22,2026-07-30 03:05:02,2024-11-04 20:05:01
27746861,5466762,1,2026-07-29 17:05:01,2026-07-30 16:05:01,2024-02-21 14:19:00
46916731,5466762,1,2026-07-30 05:05:01,2026-07-30 16:05:01,2026-06-24 17:05:01
4813816,4946824,1,2026-07-30 01:05:01,2026-07-30 16:05:01,2024-02-25 04:00:00
10126551,4946824,16777473,2026-07-30 14:47:22,2026-07-28 23:05:01,2024-10-21 19:05:01
14315827,4946824,65537,2024-03-08 19:31:00,2026-07-30 16:05:01,2023-10-21 21:57:00
46916731,4946824,1,2026-07-30 05:05:01,2026-07-30 16:05:01,2026-06-24 04:05:01
4813816,5947936,1,2026-07-30 01:05:01,2026-07-30 16:05:01,2024-02-25 04:00:00
10008096,5947936,1,2026-06-20 12:05:01,2026-07-30 16:05:01,2024-02-07 09:47:00
10126551,5947936,16777473,2026-07-30 14:47:22,2026-07-30 01:05:01,2024-10-21 19:05:01
46916731,5947936,1,2026-07-30 05:05:01,2026-07-30 16:05:01,2024-08-12 18:05:02
10126551,6328997,16777473,2026-07-30 14:47:22,2026-07-30 04:05:01,2024-10-21 19:05:01
46916731,6328997,1,2026-07-30 05:05:01,2026-07-30 16:05:01,2026-06-30 17:05:01
4813816,6213873,1,2026-07-30 01:05:01,2026-07-30 16:05:01,2024-02-25 04:00:00
10126551,6213873,16777473,2026-07-30 14:47:22,2026-07-30 01:05:01,2024-10-21 19:05:01
14315827,6213873,65537,2024-03-08 19:31:00,2026-07-30 16:05:01,2023-10-21 21:57:00
46916731,6213873,1,2026-07-30 05:05:01,2026-07-30 16:05:01,2026-06-24 17:05:01
4813816,6339598,1,2026-07-30 01:05:01,2026-07-30 16:05:01,2024-02-25 04:00:00
7664177,6339598,1,2026-07-30 00:05:01,2026-07-30 16:05:01,2024-02-24 03:15:00
10126551,6339598,16777473,2026-07-30 14:47:22,2026-07-27 03:05:01,2024-10-21 19:05:01
46916731,6339598,1,2026-07-30 05:05:01,2026-07-30 13:05:01,2026-06-24 04:05:01
4813816,6339600,1,2026-07-30 01:05:01,2026-07-30 15:05:01,2024-02-25 04:00:00
10126551,6339600,16777473,2026-07-30 14:47:22,2026-07-28 23:05:01,2024-10-21 19:05:01
27746861,6339600,1,2026-07-29 17:05:01,2026-07-30 16:05:01,2024-02-21 14:19:00
46916731,6339600,1,2026-07-30 05:05:01,2026-07-30 16:05:01,2026-06-24 04:05:01
4813816,6343161,1,2026-07-30 01:05:01,2026-07-30 16:05:01,2024-02-25 04:00:00
10126551,6343161,16777473,2026-07-30 14:47:22,2026-07-28 23:05:01,2024-10-21 19:05:01
27746861,6343161,1,2026-07-29 17:05:01,2026-07-30 16:05:01,2024-02-21 14:19:00
46916731,6343161,1,2026-07-30 05:05:01,2026-07-30 16:05:01,2026-06-24 04:05:01
5220206,6160881,0,,2026-07-30 16:05:01,
10126551,6160881,16777473,2026-07-30 14:47:22,2026-07-28 00:05:01,2024-11-04 20:05:01
27746861,6160881,1,2026-07-29 17:05:01,2026-07-30 11:05:01,2024-03-12 12:31:00
4813816,6331762,1,2026-07-30 01:05:01,2026-07-30 16:05:01,2024-02-25 04:00:00
10126551,6331762,16777473,2026-07-30 14:47:22,2026-07-30 07:05:01,2024-10-21 02:05:01
14757368,6331762,1,2026-07-28 09:05:01,2026-07-30 16:05:01,2025-03-22 13:05:01
4813816,5525514,1,2026-07-30 01:05:01,2026-07-30 16:05:01,2024-02-25 04:00:00
10126551,5525514,16777473,2026-07-30 14:47:22,2026-07-28 23:05:01,2024-10-21 19:05:01
46916731,5525514,1,2026-07-30 05:05:01,2026-07-30 16:05:01,2026-06-24 04:05:01
50325130,5525514,1,2026-04-13 11:05:02,2026-07-30 16:05:01,2026-01-12 11:05:01
10126551,6256295,16777473,2026-07-30 14:47:22,2026-07-27 01:05:02,2024-10-21 02:05:01
14315827,6256295,65537,2024-03-08 19:31:00,2026-07-30 16:05:01,2023-10-21 21:57:00
14757368,6256295,1,2026-07-28 09:05:01,2026-07-30 16:05:01,2025-03-22 13:05:01
46916731,6256295,1,2026-07-30 05:05:01,2026-07-30 16:05:01,2026-06-30 17:05:01
4813816,4559145,1,2026-07-30 01:05:01,2026-07-30 11:05:01,2024-02-25 04:00:00
10126551,4559145,16777473,2026-07-30 14:47:22,2026-07-28 00:05:01,2024-10-21 02:05:01
14315827,4559145,65537,2024-03-08 19:31:00,2026-07-30 16:05:01,2023-10-21 21:57:00
14757368,4559145,1,2026-07-28 09:05:01,2026-07-30 16:05:01,2024-08-12 23:05:01
4813816,5946688,1,2026-07-30 01:05:01,2026-07-30 16:05:01,2024-02-25 04:00:00
10008096,5946688,1,2026-06-20 12:05:01,2026-07-30 16:05:01,2024-02-07 09:47:00
10126551,5946688,16777473,2026-07-30 14:47:22,2026-07-30 05:05:01,2024-10-21 19:05:01
46916731,5946688,1,2026-07-30 05:05:01,2026-07-30 16:05:01,2024-08-12 18:05:02
4813816,5469202,1,2026-07-30 01:05:01,2026-07-30 16:05:01,2024-02-25 04:00:00
10126551,5469202,16777473,2026-07-30 14:47:22,2026-07-30 04:05:01,2024-10-21 02:05:01
14315827,5469202,65537,2024-03-08 19:31:00,2026-07-30 16:05:01,2023-10-21 21:57:00
32873098,5469202,1,2026-06-02 16:05:01,2026-07-30 16:05:01,2026-04-12 21:05:01
4813816,5005816,1,2026-07-30 01:05:01,2026-07-29 12:05:02,2024-02-25 04:00:00
10126551,5005816,16777473,2026-07-30 14:47:22,2026-07-26 03:05:01,2024-10-21 19:05:01
14315827,5005816,65537,2024-03-08 19:31:00,2026-07-30 16:05:01,2023-10-21 21:57:00
46916731,5005816,1,2026-07-30 05:05:01,2026-07-30 13:05:01,2026-06-24 17:05:01
4813816,5758789,1,2026-07-30 01:05:01,2026-07-30 16:05:01,2024-02-25 04:00:00
10008096,5758789,1,2026-06-20 12:05:01,2026-07-30 16:05:01,2024-02-07 09:47:00
10126551,5758789,16777473,2026-07-30 14:47:22,2026-07-30 04:05:01,2024-10-21 02:05:01
46916731,5758789,1,2026-07-30 05:05:01,2026-07-30 16:05:01,2026-06-24 17:05:01
4813816,5719760,1,2026-07-30 01:05:01,2026-07-30 16:05:01,2024-02-25 04:00:00
10126551,5719760,16777473,2026-07-30 14:47:22,2026-07-30 05:05:01,2024-10-21 19:05:01
14315827,5719760,65537,2024-03-08 19:31:00,2026-07-30 16:05:01,2023-10-21 21:57:00
14757368,5719760,1,2026-07-28 09:05:01,2026-07-30 16:05:01,2025-03-22 13:05:01
10008096,5516449,1,2026-06-20 12:05:01,2026-07-30 16:05:01,2024-02-07 09:47:00
10126551,5516449,16777473,2026-07-30 14:47:22,2026-07-30 05:05:01,2024-10-21 02:05:01
27746861,5516449,1,2026-07-29 17:05:01,2026-07-30 16:05:01,2024-02-21 14:19:00
46916731,5516449,1,2026-07-30 05:05:01,2026-07-30 16:05:01,2026-06-24 17:05:01
10126551,5490472,16777473,2026-07-30 14:47:22,2026-07-10 10:05:01,2024-11-01 18:05:01
27746861,5490472,1,2026-07-29 17:05:01,2026-07-29 16:05:01,2024-03-12 12:31:00
46916731,5490472,1,2026-07-30 05:05:01,2026-07-29 23:05:01,2026-06-30 17:05:01
4813816,6236311,1,2026-07-30 01:05:01,2026-07-30 16:05:01,2024-02-25 04:00:00
10126551,6236311,16777473,2026-07-30 14:47:22,2026-07-30 05:05:01,2024-10-21 02:05:01
14757368,6236311,1,2026-07-28 09:05:01,2026-07-30 16:05:01,2025-03-22 13:05:01
10008096,5707760,1,2026-06-20 12:05:01,2026-07-30 16:05:01,2024-02-07 09:47:00
10126551,5707760,16777473,2026-07-30 14:47:22,2026-07-30 05:05:01,2024-10-21 02:05:01
14757368,5707760,1,2026-07-28 09:05:01,2026-07-30 16:05:01,2025-03-22 13:05:01
27746861,5707760,1,2026-07-29 17:05:01,2026-07-30 16:05:01,2024-02-21 14:19:00
4813816,4375527,1,2026-07-30 01:05:01,2026-07-30 16:05:01,2024-02-25 04:00:00
10126551,4375527,16777473,2026-07-30 14:47:22,2026-07-30 05:05:01,2024-10-21 19:05:01
14315827,4375527,65537,2024-03-08 19:31:00,2026-07-30 16:05:01,2023-10-21 21:57:00
14757368,4375527,1,2026-07-28 09:05:01,2026-07-30 16:05:01,2025-03-22 13:05:01
4813816,6373254,1,2026-07-30 01:05:01,2026-07-30 16:05:01,2024-02-25 04:00:00
8381475,6373254,65537,2024-04-27 06:02:00,2026-07-30 16:05:01,2023-12-22 04:52:00
10008096,6373254,1,2026-06-20 12:05:01,2026-07-30 15:05:01,2024-02-07 09:47:00
10126551,6373254,16777473,2026-07-30 14:47:22,2026-07-29 13:05:01,2024-10-21 02:05:01
4659466,6286272,0,,2026-07-27 03:05:01,
4813816,6286272,1,2026-07-30 01:05:01,2026-07-30 05:05:01,2024-02-25 04:00:00
27746861,6286272,1,2026-07-29 17:05:01,2026-07-30 07:05:01,2024-02-21 14:19:00
46916731,6286272,1,2026-07-30 05:05:01,2026-07-30 07:05:01,2026-06-30 17:05:01
10008096,6136074,1,2026-06-20 12:05:01,2026-07-29 05:05:02,2024-02-07 09:47:00
10126551,6136074,16777473,2026-07-30 14:47:22,2026-07-28 04:05:01,2024-10-21 02:05:01
27746861,6136074,1,2026-07-29 17:05:01,2026-07-30 09:05:01,2024-02-21 14:19:00
46916731,6136074,1,2026-07-30 05:05:01,2026-07-30 09:05:01,2026-06-24 17:05:01
10008096,6152253,1,2026-06-20 12:05:01,2026-07-22 02:05:01,2024-02-07 09:47:00
10126551,6152253,16777473,2026-07-30 14:47:22,2026-07-22 02:05:01,2024-11-04 20:05:01
27746861,6152253,1,2026-07-29 17:05:01,2026-07-30 12:05:01,2024-02-21 14:19:00
46916731,6152253,1,2026-07-30 05:05:01,2026-07-30 11:05:01,2026-06-30 17:05:01
4813816,6345442,1,2026-07-30 01:05:01,2026-07-30 16:05:01,2024-02-25 04:00:00
10126551,6345442,16777473,2026-07-30 14:47:22,2026-07-30 04:05:01,2024-10-21 19:05:01
27746861,6345442,1,2026-07-29 17:05:01,2026-07-30 16:05:01,2024-02-21 14:19:00
46916731,6345442,1,2026-07-30 05:05:01,2026-07-30 16:05:01,2026-06-24 17:05:01
670524,4338871,0,,2026-07-30 16:05:01,
4813816,4338871,1,2026-07-30 01:05:01,2026-07-30 16:05:01,2024-02-25 04:00:00
10126551,4338871,16777473,2026-07-30 14:47:22,2026-07-28 23:05:01,2024-10-21 19:05:01
14315827,4338871,65537,2024-03-08 19:31:00,2026-07-30 16:05:01,2023-10-21 21:57:00
46916731,4338871,1,2026-07-30 05:05:01,2026-07-30 16:05:01,2026-06-24 04:05:01
4813816,4382573,1,2026-07-30 01:05:01,2026-07-30 16:05:01,2024-02-25 04:00:00
10126551,4382573,16777473,2026-07-30 14:47:22,2026-07-30 05:05:01,2024-10-21 02:05:01
14315827,4382573,65537,2024-03-08 19:31:00,2026-07-30 16:05:01,2023-10-21 21:57:00
32873098,4382573,1,2026-06-02 16:05:01,2026-07-30 16:05:01,2026-04-12 21:05:01
4813816,4401766,1,2026-07-30 01:05:01,2026-07-30 16:05:01,2024-02-25 04:00:00
10126551,4401766,16777473,2026-07-30 14:47:22,2026-07-28 21:05:01,2024-10-21 02:05:01
14315827,4401766,65537,2024-03-08 19:31:00,2026-07-30 16:05:01,2023-10-21 21:57:00
14757368,4401766,1,2026-07-28 09:05:01,2026-07-30 16:05:01,2025-03-22 13:05:01
4813816,4506139,1,2026-07-30 01:05:01,2026-07-30 16:05:01,2024-02-25 04:00:00
10126551,4506139,16777473,2026-07-30 14:47:22,2026-07-30 05:05:01,2024-10-21 02:05:01
14315827,4506139,65537,2024-03-08 19:31:00,2026-07-30 16:05:01,2023-10-21 21:57:00
14757368,4506139,1,2026-07-28 09:05:01,2026-07-30 16:05:01,2025-03-22 13:05:01
4813816,4523835,1,2026-07-30 01:05:01,2026-07-30 15:05:01,2024-02-25 04:00:00
10126551,4523835,16777473,2026-07-30 14:47:22,2026-07-27 02:05:01,2024-11-04 20:05:01
14315827,4523835,65537,2024-03-08 19:31:00,2026-07-30 16:05:01,2023-10-21 21:57:00
46916731,4523835,1,2026-07-30 05:05:01,2026-07-30 16:05:01,2026-06-24 04:05:01
670524,4598312,0,,2026-07-30 16:05:01,
4813816,4598312,1,2026-07-30 01:05:01,2026-07-30 16:05:01,2024-02-25 04:00:00
10126551,4598312,16777473,2026-07-30 14:47:22,2026-07-28 00:05:01,2024-10-21 19:05:01
46916731,4598312,1,2026-07-30 05:05:01,2026-07-30 16:05:01,2026-06-24 17:05:01
4813816,4772895,1,2026-07-30 01:05:01,2026-07-30 16:05:01,2024-02-25 04:00:00
10008096,4772895,1,2026-06-20 12:05:01,2026-07-30 16:05:01,2024-02-07 09:47:00
10126551,4772895,16777473,2026-07-30 14:47:22,2026-07-29 13:05:01,2024-10-21 02:05:01
14757368,4772895,1,2026-07-28 09:05:01,2026-07-30 16:05:01,2025-03-22 13:05:01
670524,4790825,0,,2026-07-30 16:05:01,
4813816,4790825,1,2026-07-30 01:05:01,2026-07-30 16:05:01,2024-02-25 04:00:00
10126551,4790825,16777473,2026-07-30 14:47:22,2026-07-28 00:05:01,2024-10-21 02:05:01
14315827,4790825,65537,2024-03-08 19:31:00,2026-07-30 16:05:01,2023-10-21 21:57:00
32873098,4790825,1,2026-06-02 16:05:01,2026-07-30 16:05:01,2026-04-12 21:05:01
10126551,4793829,16777473,2026-07-30 14:47:22,2026-07-28 23:05:01,2024-10-21 02:05:01
14315827,4793829,65537,2024-03-08 19:31:00,2026-07-30 16:05:01,2023-10-21 21:57:00
27746861,4793829,1,2026-07-29 17:05:01,2026-07-30 16:05:01,2024-02-21 14:19:00
46916731,4793829,1,2026-07-30 05:05:01,2026-07-30 16:05:01,2026-06-24 17:05:01
670524,4795148,0,,2026-07-30 16:05:01,
4813816,4795148,1,2026-07-30 01:05:01,2026-07-30 16:05:01,2024-02-25 04:00:00
10126551,4795148,16777473,2026-07-30 14:47:22,2026-07-26 03:05:01,2024-10-21 02:05:01
46916731,4795148,1,2026-07-30 05:05:01,2026-07-30 16:05:01,2026-06-24 17:05:01
4813816,4806161,1,2026-07-30 01:05:01,2026-07-30 16:05:01,2024-02-25 04:00:00
10126551,4806161,16777473,2026-07-30 14:47:22,2026-07-28 23:05:01,2024-10-21 02:05:01
14315827,4806161,65537,2024-03-08 19:31:00,2026-07-30 16:05:01,2023-10-21 21:57:00
46916731,4806161,1,2026-07-30 05:05:01,2026-07-30 16:05:01,2026-06-24 17:05:01
4813816,5091729,1,2026-07-30 01:05:01,2026-07-30 16:05:01,2024-02-25 04:00:00
10008096,5091729,1,2026-06-20 12:05:01,2026-07-30 16:05:01,2024-02-07 09:47:00
10126551,5091729,16777473,2026-07-30 14:47:22,2026-07-30 04:05:01,2024-10-21 02:05:01
46916731,5091729,1,2026-07-30 05:05:01,2026-07-30 16:05:01,2026-06-24 17:05:01
4813816,5105468,1,2026-07-30 01:05:01,2026-07-30 16:05:01,2024-02-25 04:00:00
10008096,5105468,1,2026-06-20 12:05:01,2026-07-30 16:05:01,2024-02-07 09:47:00
10126551,5105468,16777473,2026-07-30 14:47:22,2026-07-30 05:05:01,2024-10-21 19:05:01
46916731,5105468,1,2026-07-30 05:05:01,2026-07-30 16:05:01,2026-06-24 04:05:01
4813816,5164362,1,2026-07-30 01:05:01,2026-07-30 16:05:01,2024-02-25 04:00:00
10126551,5164362,16777473,2026-07-30 14:47:22,2026-07-28 00:05:01,2024-10-21 19:05:01
14315827,5164362,65537,2024-03-08 19:31:00,2026-07-30 16:05:01,2023-10-21 21:57:00
27746861,5164362,1,2026-07-29 17:05:01,2026-07-30 16:05:01,2024-02-21 14:19:00
10126551,5165162,16777473,2026-07-30 14:47:22,2026-07-30 04:05:01,2024-10-21 02:05:01
14315827,5165162,65537,2024-03-08 19:31:00,2026-07-30 16:05:01,2023-10-21 21:57:00
46916731,5165162,1,2026-07-30 05:05:01,2026-07-30 16:05:01,2026-06-24 17:05:01
4659466,5177681,0,,2026-07-27 03:05:01,
10126551,5177681,16777473,2026-07-30 14:47:22,2026-07-30 03:05:02,2024-11-01 18:05:01
27746861,5177681,1,2026-07-29 17:05:01,2026-07-30 16:05:01,2024-02-21 14:19:00
46916731,5177681,1,2026-07-30 05:05:01,2026-07-30 16:05:01,2026-06-24 17:05:01
10126551,5196149,16777473,2026-07-30 14:47:22,2026-07-10 11:05:01,2024-10-21 02:05:01
14315827,5196149,65537,2024-03-08 19:31:00,2026-07-30 16:05:01,2023-10-21 21:57:00
27746861,5196149,1,2026-07-29 17:05:01,2026-07-29 16:05:01,2024-02-21 14:19:00
46916731,5196149,1,2026-07-30 05:05:01,2026-07-29 23:05:01,2026-06-30 17:05:01
4813816,5243641,1,2026-07-30 01:05:01,2026-07-30 16:05:01,2024-02-25 04:00:00
10126551,5243641,16777473,2026-07-30 14:47:22,2026-07-30 05:05:01,2024-10-21 02:05:01
14315827,5243641,65537,2024-03-08 19:31:00,2026-07-30 16:05:01,2023-10-21 21:57:00
14757368,5243641,1,2026-07-28 09:05:01,2026-07-30 16:05:01,2024-08-12 23:05:01
10126551,5254728,16777473,2026-07-30 14:47:22,2026-07-28 00:05:01,2024-10-21 02:05:01
14315827,5254728,65537,2024-03-08 19:31:00,2026-07-30 16:05:01,2023-10-21 21:57:00
14757368,5254728,1,2026-07-28 09:05:01,2026-07-30 16:05:01,2025-03-22 13:05:01
27746861,5254728,1,2026-07-29 17:05:01,2026-07-30 16:05:01,2024-02-21 14:19:00
4813816,5263199,1,2026-07-30 01:05:01,2026-07-30 16:05:01,2024-02-25 04:00:00
10126551,5263199,16777473,2026-07-30 14:47:22,2026-07-28 03:05:01,2024-10-21 02:05:01
27746861,5263199,1,2026-07-29 17:05:01,2026-07-30 16:05:01,2024-02-21 14:19:00
46916731,5263199,1,2026-07-30 05:05:01,2026-07-30 16:05:01,2026-06-24 17:05:01
4813816,5460478,1,2026-07-30 01:05:01,2026-07-30 16:05:01,2024-02-25 04:00:00
10126551,5460478,16777473,2026-07-30 14:47:22,2026-07-30 04:05:01,2024-10-21 02:05:01
14315827,5460478,65537,2024-03-08 19:31:00,2026-07-30 16:05:01,2023-10-21 21:57:00
14757368,5460478,1,2026-07-28 09:05:01,2026-07-30 16:05:01,2024-08-12 23:05:01
4813816,5479042,1,2026-07-30 01:05:01,2026-07-30 16:05:01,2024-02-25 04:00:00
10126551,5479042,16777473,2026-07-30 14:47:22,2026-07-25 00:05:01,2024-11-04 20:05:01
14315827,5479042,65537,2024-03-08 19:31:00,2026-07-30 16:05:01,2023-10-21 21:57:00
46916731,5479042,1,2026-07-30 05:05:01,2026-07-30 13:05:01,2026-06-24 04:05:01
10126551,5483488,16777473,2026-07-30 14:47:22,2026-07-30 05:05:01,2024-10-21 19:05:01
14315827,5483488,65537,2024-03-08 19:31:00,2026-07-30 16:05:01,2023-10-21 21:57:00
27746861,5483488,1,2026-07-29 17:05:01,2026-07-30 16:05:01,2024-02-21 14:19:00
32873098,5483488,1,2026-06-02 16:05:01,2026-07-30 16:05:01,2026-04-12 21:05:01
4813816,5488080,1,2026-07-30 01:05:01,2026-07-30 16:05:01,2024-02-25 04:00:00
10126551,5488080,16777473,2026-07-30 14:47:22,2026-07-30 05:05:01,2024-10-21 02:05:01
14315827,5488080,65537,2024-03-08 19:31:00,2026-07-30 16:05:01,2023-10-21 21:57:00
14757368,5488080,1,2026-07-28 09:05:01,2026-07-30 16:05:01,2025-03-22 13:05:01
4813816,5494042,1,2026-07-30 01:05:01,2026-07-30 16:05:01,2024-02-25 04:00:00
10126551,5494042,16777473,2026-07-30 14:47:22,2026-07-30 05:05:01,2024-10-21 02:05:01
14315827,5494042,65537,2024-03-08 19:31:00,2026-07-30 16:05:01,2023-10-21 21:57:00
14757368,5494042,1,2026-07-28 09:05:01,2026-07-30 16:05:01,2025-03-22 13:05:01
4813816,5498120,1,2026-07-30 01:05:01,2026-07-30 16:05:01,2024-02-25 04:00:00
10126551,5498120,16777473,2026-07-30 14:47:22,2026-07-30 05:05:01,2024-10-21 02:05:01
14315827,5498120,65537,2024-03-08 19:31:00,2026-07-30 16:05:01,2023-10-21 21:57:00
14757368,5498120,1,2026-07-28 09:05:01,2026-07-30 16:05:01,2025-03-22 13:05:01
4813816,5625567,1,2026-07-30 01:05:01,2026-07-30 16:05:01,2024-02-25 04:00:00
10008096,5625567,1,2026-06-20 12:05:01,2026-07-30 16:05:01,2024-02-07 09:47:00
10126551,5625567,16777473,2026-07-30 14:47:22,2026-07-30 05:05:01,2024-10-21 02:05:01
14757368,5625567,1,2026-07-28 09:05:01,2026-07-30 16:05:01,2024-08-12 23:05:01
4813816,5637643,1,2026-07-30 01:05:01,2026-07-30 10:05:01,2024-02-25 04:00:00
10126551,5637643,16777473,2026-07-30 14:47:22,2026-07-23 10:05:01,2024-10-21 02:05:01
27746861,5637643,1,2026-07-29 17:05:01,2026-07-30 16:05:01,2024-07-03 18:53:44
46916731,5637643,1,2026-07-30 05:05:01,2026-07-30 16:05:01,2026-06-24 17:05:01
10008096,5648636,1,2026-06-20 12:05:01,2026-07-30 16:05:01,2024-02-07 09:47:00
10126551,5648636,16777473,2026-07-30 14:47:22,2026-07-28 23:05:01,2024-10-21 19:05:01
27746861,5648636,1,2026-07-29 17:05:01,2026-07-30 16:05:01,2024-02-21 14:19:00
46916731,5648636,1,2026-07-30 05:05:01,2026-07-30 13:05:01,2026-06-24 04:05:01
4813816,5650059,1,2026-07-30 01:05:01,2026-07-30 16:05:01,2024-02-25 04:00:00
10126551,5650059,16777473,2026-07-30 14:47:22,2026-07-30 05:05:01,2024-10-21 02:05:01
14315827,5650059,65537,2024-03-08 19:31:00,2026-07-30 16:05:01,2023-10-21 21:57:00
14757368,5650059,1,2026-07-28 09:05:01,2026-07-30 16:05:01,2025-03-22 13:05:01
10008096,5651094,1,2026-06-20 12:05:01,2026-07-27 18:05:01,2024-02-07 09:47:00
10126551,5651094,16777473,2026-07-30 14:47:22,2026-07-10 10:05:01,2024-11-01 18:05:01
27746861,5651094,1,2026-07-29 17:05:01,2026-07-29 16:05:01,2024-02-21 14:19:00
46916731,5651094,1,2026-07-30 05:05:01,2026-07-29 23:05:01,2026-06-30 17:05:01
4813816,5714385,1,2026-07-30 01:05:01,2026-07-30 16:05:01,2024-02-25 04:00:00
10126551,5714385,16777473,2026-07-30 14:47:22,2026-07-30 05:05:01,2024-10-21 02:05:01
14315827,5714385,65537,2024-03-08 19:31:00,2026-07-30 16:05:01,2023-10-21 21:57:00
14757368,5714385,1,2026-07-28 09:05:01,2026-07-30 16:05:01,2024-08-12 23:05:01
670524,5732811,1,2026-03-11 10:26:57,2026-07-30 16:05:01,2025-04-03 02:05:01
10126551,5732811,16777473,2026-07-30 14:47:22,2026-07-28 00:05:01,2024-11-01 18:05:01
14757368,5732811,1,2026-07-28 09:05:01,2026-07-30 16:05:01,2024-02-24 23:50:00
46916731,5732811,1,2026-07-30 05:05:01,2026-07-30 16:05:01,2024-08-12 18:05:02
10126551,5733486,16777473,2026-07-30 14:47:22,2026-07-25 02:05:01,2024-10-21 02:05:01
14315827,5733486,65537,2024-03-08 19:31:00,2026-07-30 16:05:01,2023-10-21 21:57:00
27746861,5733486,1,2026-07-29 17:05:01,2026-07-30 06:05:01,2024-02-21 14:19:00
46916731,5733486,1,2026-07-30 05:05:01,2026-07-30 06:05:01,2026-06-30 17:05:01
4813816,5736895,1,2026-07-30 01:05:01,2026-07-30 16:05:01,2024-02-25 04:00:00
10126551,5736895,16777473,2026-07-30 14:47:22,2026-07-28 00:05:01,2024-10-21 19:05:01
14315827,5736895,65537,2024-03-08 19:31:00,2026-07-30 16:05:01,2023-10-21 21:57:00
46916731,5736895,1,2026-07-30 05:05:01,2026-07-30 16:05:01,2026-06-24 04:05:01
10126551,5739058,16777473,2026-07-30 14:47:22,2026-07-28 04:05:01,2024-10-21 02:05:01
14757368,5739058,1,2026-07-28 09:05:01,2026-07-30 16:05:01,2024-02-24 23:50:00
27746861,5739058,1,2026-07-29 17:05:01,2026-07-30 16:05:01,2024-02-21 14:19:00
46916731,5739058,1,2026-07-30 05:05:01,2026-07-30 16:05:01,2024-08-12 18:05:02
4813816,5794804,1,2026-07-30 01:05:01,2026-07-30 16:05:01,2024-02-25 04:00:00
10008096,5794804,1,2026-06-20 12:05:01,2026-07-30 16:05:01,2024-02-07 09:47:00
10126551,5794804,16777473,2026-07-30 14:47:22,2026-07-30 05:05:01,2024-10-21 19:05:01
14757368,5794804,1,2026-07-28 09:05:01,2026-07-30 16:05:01,2025-03-22 13:05:01
10126551,5805529,16777473,2026-07-30 14:47:22,2026-07-26 04:05:01,2024-10-21 02:05:01
14315827,5805529,65537,2024-03-08 19:31:00,2026-07-30 16:05:01,2023-10-21 21:57:00
27746861,5805529,1,2026-07-29 17:05:01,2026-07-30 16:05:01,2024-02-21 14:19:00
46916731,5805529,1,2026-07-30 05:05:01,2026-07-30 15:05:01,2026-06-30 17:05:01
10126551,5810812,16777473,2026-07-30 14:47:22,2026-07-26 02:05:01,2024-10-21 02:05:01
14315827,5810812,65537,2024-03-08 19:31:00,2026-07-30 16:05:01,2023-10-21 21:57:00
27746861,5810812,1,2026-07-29 17:05:01,2026-07-30 16:05:01,2024-02-21 14:19:00
46916731,5810812,1,2026-07-30 05:05:01,2026-07-30 15:05:01,2026-06-30 17:05:01
670524,5823062,0,,2026-07-30 16:05:01,
4813816,5823062,1,2026-07-30 01:05:01,2026-07-30 16:05:01,2024-02-25 04:00:00
10126551,5823062,16777473,2026-07-30 14:47:22,2026-07-30 01:05:01,2024-10-21 02:05:01
14315827,5823062,65537,2024-03-08 19:31:00,2026-07-30 16:05:01,2023-10-21 21:57:00
46916731,5823062,1,2026-07-30 05:05:01,2026-07-30 16:05:01,2026-06-24 17:05:01
4813816,5847684,1,2026-07-30 01:05:01,2026-07-30 16:05:01,2024-02-25 04:00:00
10126551,5847684,16777473,2026-07-30 14:47:22,2026-07-30 05:05:01,2024-10-21 02:05:01
14315827,5847684,65537,2024-03-08 19:31:00,2026-07-30 16:05:01,2023-10-21 21:57:00
14757368,5847684,1,2026-07-28 09:05:01,2026-07-30 16:05:01,2024-08-12 23:05:01
4813816,5877667,1,2026-07-30 01:05:01,2026-07-30 16:05:01,2024-02-25 04:00:00
6449581,5877667,1,2026-07-15 04:24:18,2026-07-30 12:05:01,2024-02-19 00:00:00
10008096,5877667,1,2026-06-20 12:05:01,2026-07-30 16:05:01,2024-02-07 09:47:00
10126551,5877667,16777473,2026-07-30 14:47:22,2026-07-30 05:05:01,2024-10-21 02:05:01
4813816,5886910,1,2026-07-30 01:05:01,2026-07-30 16:05:01,2026-06-16 01:05:01
6449581,5886910,1,2026-07-15 04:24:18,2026-07-30 13:05:01,2024-02-19 00:00:00
7664177,5886910,1,2026-07-30 00:05:01,2026-07-30 16:05:01,2024-02-24 03:15:00
10126551,5886910,16777473,2026-07-30 14:47:22,2026-07-27 02:05:01,2024-10-21 19:05:01
4813816,5888895,1,2026-07-30 01:05:01,2026-07-30 04:05:01,2024-02-25 04:00:00
10126551,5888895,16777473,2026-07-30 14:47:22,2026-07-28 00:05:01,2024-10-21 19:05:01
14315827,5888895,65537,2024-03-08 19:31:00,2026-07-30 16:05:01,2023-10-21 21:57:00
46916731,5888895,1,2026-07-30 05:05:01,2026-07-30 16:05:01,2026-06-24 04:05:01
10008096,5893961,1,2026-06-20 12:05:01,2026-07-30 16:05:01,2024-02-07 09:47:00
10126551,5893961,16777473,2026-07-30 14:47:22,2026-07-28 04:05:01,2024-10-21 02:05:01
14315827,5893961,65537,2024-03-08 19:31:00,2026-07-30 16:05:01,2023-10-21 21:57:00
14757368,5893961,1,2026-07-28 09:05:01,2026-07-30 16:05:01,2025-03-22 13:05:01
10126551,5898696,16777473,2026-07-30 14:47:22,2026-07-30 00:05:01,2024-10-21 02:05:01
14315827,5898696,65537,2024-03-08 19:31:00,2026-07-30 16:05:01,2023-10-21 21:57:00
27746861,5898696,1,2026-07-29 17:05:01,2026-07-30 16:05:01,2024-02-21 14:19:00
46916731,5898696,1,2026-07-30 05:05:01,2026-07-30 13:05:01,2026-06-24 17:05:01
4813816,5928205,1,2026-07-30 01:05:01,2026-07-10 11:05:01,2024-02-25 04:00:00
10126551,5928205,16777473,2026-07-30 14:47:22,2026-07-10 10:05:01,2024-11-04 20:05:01
27746861,5928205,1,2026-07-29 17:05:01,2026-07-29 16:05:01,2024-02-21 14:19:00
4813816,5928249,1,2026-07-30 01:05:01,2026-07-30 05:05:01,2024-02-25 04:00:00
10126551,5928249,16777473,2026-07-30 14:47:22,2026-07-30 03:05:02,2024-11-04 20:05:01
27746861,5928249,1,2026-07-29 17:05:01,2026-07-30 07:05:01,2024-02-21 14:19:00
46916731,5928249,1,2026-07-30 05:05:01,2026-07-30 07:05:01,2026-06-30 17:05:01
10126551,5928667,16777473,2026-07-30 14:47:22,2026-07-27 02:05:01,2024-11-04 20:05:01
14315827,5928667,65537,2024-03-08 19:31:00,2026-07-30 16:05:01,2023-10-21 21:57:00
27746861,5928667,1,2026-07-29 17:05:01,2026-07-30 11:05:01,2024-02-21 14:19:00
46916731,5928667,1,2026-07-30 05:05:01,2026-07-30 12:05:01,2026-06-30 17:05:01
10126551,5928853,16777473,2026-07-30 14:47:22,2026-07-10 10:05:01,2024-11-04 20:05:01
14315827,5928853,65537,2024-03-08 19:31:00,2026-07-30 16:05:01,2023-10-21 21:57:00
27746861,5928853,1,2026-07-29 17:05:01,2026-07-29 16:05:01,2024-02-21 14:19:00
46916731,5928853,1,2026-07-30 05:05:01,2026-07-29 23:05:01,2026-06-30 17:05:01
4813816,5928926,1,2026-07-30 01:05:01,2026-07-30 16:05:01,2024-02-25 04:00:00
10126551,5928926,16777473,2026-07-30 14:47:22,2026-07-28 00:05:01,2024-11-04 20:05:01
14315827,5928926,65537,2024-03-08 19:31:00,2026-07-30 16:05:01,2023-10-21 21:57:00
14757368,5928926,1,2026-07-28 09:05:01,2026-07-30 16:05:01,2024-02-24 23:50:00
4813816,5945542,1,2026-07-30 01:05:01,2026-07-30 01:05:01,2024-02-25 04:00:00
10126551,5945542,16777473,2026-07-30 14:47:22,2026-07-26 02:05:01,2024-11-04 20:05:01
27746861,5945542,1,2026-07-29 17:05:01,2026-07-30 04:05:01,2024-02-21 14:19:00
46916731,5945542,1,2026-07-30 05:05:01,2026-07-30 04:05:01,2024-08-12 18:05:02
4813816,5946024,1,2026-07-30 01:05:01,2026-07-30 05:05:01,2024-02-25 04:00:00
10008096,5946024,1,2026-06-20 12:05:01,2026-07-30 04:05:01,2024-02-07 09:47:00
10126551,5946024,16777473,2026-07-30 14:47:22,2026-07-30 04:05:01,2024-11-04 20:05:01
46916731,5946024,1,2026-07-30 05:05:01,2026-07-30 05:05:01,2024-08-12 18:05:02
7664177,5946206,1,2026-07-30 00:05:01,2026-07-30 16:05:01,2024-02-24 03:15:00
10008096,5946206,1,2026-06-20 12:05:01,2026-07-30 16:05:01,2024-02-07 09:47:00
10126551,5946206,16777473,2026-07-30 14:47:22,2026-07-30 06:05:01,2024-11-04 20:05:01
46916731,5946206,1,2026-07-30 05:05:01,2026-07-30 16:05:01,2024-08-12 18:05:02
10126551,5947005,16777473,2026-07-30 14:47:22,2026-07-30 05:05:01,2024-11-04 20:05:01
14315827,5947005,65537,2024-03-08 19:31:00,2026-07-30 16:05:01,2023-10-21 21:57:00
27746861,5947005,1,2026-07-29 17:05:01,2026-07-30 16:05:01,2024-02-21 14:19:00
46916731,5947005,1,2026-07-30 05:05:01,2026-07-30 14:05:02,2026-06-24 04:05:01
670524,5955164,1,2026-03-11 10:26:57,2026-07-30 16:05:01,2025-04-03 02:05:01
4813816,5955164,1,2026-07-30 01:05:01,2026-07-29 09:05:01,2024-02-25 04:00:00
7664177,5955164,1,2026-07-30 00:05:01,2026-07-30 08:05:01,2024-02-24 03:15:00
10126551,5955164,16777473,2026-07-30 14:47:22,2026-07-10 10:05:01,2024-10-21 19:05:01
4813816,5955225,1,2026-07-30 01:05:01,2026-07-10 11:05:01,2024-02-25 04:00:00
10126551,5955225,16777473,2026-07-30 14:47:22,2026-07-10 10:05:01,2024-11-04 20:05:01
14757368,5955225,1,2026-07-28 09:05:01,2026-07-30 16:05:01,2024-02-24 23:50:00
4813816,5955693,1,2026-07-30 01:05:01,2026-07-30 12:05:01,2024-02-25 04:00:00
10126551,5955693,16777473,2026-07-30 14:47:22,2026-07-20 05:05:01,2024-11-04 20:05:01
27746861,5955693,1,2026-07-29 17:05:01,2026-07-30 13:05:01,2024-02-21 14:19:00
46916731,5955693,1,2026-07-30 05:05:01,2026-07-30 13:05:01,2024-08-12 18:05:02
7664177,5957570,1,2026-07-30 00:05:01,2026-07-30 16:05:01,2024-02-24 03:15:00
10008096,5957570,1,2026-06-20 12:05:01,2026-07-27 18:05:01,2024-02-07 09:47:00
10126551,5957570,16777473,2026-07-30 14:47:22,2026-07-11 20:35:52,2024-11-04 20:05:01
46916731,5957570,1,2026-07-30 05:05:01,2026-07-30 16:05:01,2024-08-12 18:05:02
4813816,5961573,1,2026-07-30 01:05:01,2026-07-30 16:05:01,2024-02-25 04:00:00
10126551,5961573,16777473,2026-07-30 14:47:22,2026-07-28 00:05:01,2024-11-04 20:05:01
14315827,5961573,65537,2024-03-08 19:31:00,2026-07-30 16:05:01,2023-10-21 21:57:00
46916731,5961573,1,2026-07-30 05:05:01,2026-07-30 16:05:01,2024-08-12 18:05:02
4813816,5981171,1,2026-07-30 01:05:01,2026-07-30 16:05:01,2024-02-25 04:00:00
10126551,5981171,16777473,2026-07-30 14:47:22,2026-07-28 00:05:01,2024-10-21 19:05:01
14757368,5981171,1,2026-07-28 09:05:01,2026-07-30 16:05:01,2024-08-12 23:05:01
46916731,5981171,1,2026-07-30 05:05:01,2026-07-30 16:05:01,2026-06-24 04:05:01
10126551,5983429,16777473,2026-07-30 14:47:22,2026-07-10 10:05:01,2024-11-04 20:05:01
27746861,5983429,1,2026-07-29 17:05:01,2026-07-29 16:05:01,2024-02-21 14:19:00
50325130,5983429,1,2026-04-13 11:05:02,2026-07-30 16:05:01,2025-12-29 04:05:01
4813816,5984009,1,2026-07-30 01:05:01,2026-07-30 16:05:01,2024-02-25 04:00:00
10008096,5984009,1,2026-06-20 12:05:01,2026-07-30 16:05:01,2024-02-07 09:47:00
10126551,5984009,16777473,2026-07-30 14:47:22,2026-07-28 04:05:01,2024-10-21 19:05:01
46916731,5984009,1,2026-07-30 05:05:01,2026-07-30 16:05:01,2026-06-24 04:05:01
4813816,5985539,1,2026-07-30 01:05:01,2026-07-20 23:05:01,2024-02-25 04:00:00
10126551,5985539,16777473,2026-07-30 14:47:22,2026-07-10 10:05:01,2024-11-04 20:05:01
27746861,5985539,1,2026-07-29 17:05:01,2026-07-29 16:05:01,2024-02-21 14:19:00
46916731,5985539,1,2026-07-30 05:05:01,2026-07-29 23:05:01,2026-06-30 17:05:01
10126551,5986163,16777473,2026-07-30 14:47:22,2026-07-28 11:05:02,2024-10-21 19:05:01
14315827,5986163,65537,2024-03-08 19:31:00,2026-07-30 16:05:01,2023-10-21 21:57:00
27746861,5986163,1,2026-07-29 17:05:01,2026-07-30 16:05:01,2024-02-21 14:19:00
46916731,5986163,1,2026-07-30 05:05:01,2026-07-30 13:05:01,2026-06-24 17:05:01
4659466,5987917,0,,2026-07-27 03:05:01,
10126551,5987917,16777473,2026-07-30 14:47:22,2026-07-30 03:05:02,2024-11-04 20:05:01
27746861,5987917,1,2026-07-29 17:05:01,2026-07-30 16:05:01,2024-02-21 14:19:00
46916731,5987917,1,2026-07-30 05:05:01,2026-07-30 12:05:01,2026-06-24 17:05:01
4813816,6005641,1,2026-07-30 01:05:01,2026-07-30 09:05:01,2024-02-25 04:00:00
10126551,6005641,16777473,2026-07-30 14:47:22,2026-07-28 23:05:01,2024-11-04 20:05:01
27746861,6005641,1,2026-07-29 17:05:01,2026-07-30 12:05:01,2024-02-21 14:19:00
46916731,6005641,1,2026-07-30 05:05:01,2026-07-30 12:05:01,2026-06-24 04:05:01
10126551,6006573,16777473,2026-07-30 14:47:22,2026-07-10 10:05:01,2024-11-04 20:05:01
14315827,6006573,65537,2024-03-08 19:31:00,2026-07-30 16:05:01,2023-10-21 21:57:00
27746861,6006573,1,2026-07-29 17:05:01,2026-07-29 16:05:01,2024-03-12 12:31:00
4813816,6012176,1,2026-07-30 01:05:01,2026-07-30 16:05:01,2024-02-25 04:00:00
10126551,6012176,16777473,2026-07-30 14:47:22,2026-07-27 01:05:02,2024-11-04 20:05:01
27746861,6012176,1,2026-07-29 17:05:01,2026-07-30 16:05:01,2024-02-21 14:19:00
46916731,6012176,1,2026-07-30 05:05:01,2026-07-30 16:05:01,2026-06-30 17:05:01
670524,5307018,0,,2026-07-30 16:05:01,
4813816,5307018,1,2026-07-30 01:05:01,2026-07-30 16:05:01,2024-02-25 04:00:00
10126551,5307018,16777473,2026-07-30 14:47:22,2026-07-28 00:05:01,2024-10-21 02:05:01
14315827,5307018,65537,2024-03-08 19:31:00,2026-07-30 16:05:01,2023-10-21 21:57:00
32873098,5307018,1,2026-06-02 16:05:01,2026-07-30 16:05:01,2026-04-12 21:05:01
10126551,5317597,16777473,2026-07-30 14:47:22,2026-07-28 03:05:01,2024-10-21 02:05:01
14315827,5317597,65537,2024-03-08 19:31:00,2026-07-30 16:05:01,2023-10-21 21:57:00
27746861,5317597,1,2026-07-29 17:05:01,2026-07-30 16:05:01,2024-03-12 12:31:00
46916731,5317597,1,2026-07-30 05:05:01,2026-07-30 16:05:01,2026-06-24 17:05:01
10008096,5326859,1,2026-06-20 12:05:01,2026-07-30 16:05:01,2024-02-07 09:47:00
10126551,5326859,16777473,2026-07-30 14:47:22,2026-07-28 04:05:01,2024-10-21 02:05:01
14757368,5326859,1,2026-07-28 09:05:01,2026-07-30 16:05:01,2025-03-22 13:05:01
27746861,5326859,1,2026-07-29 17:05:01,2026-07-30 16:05:01,2024-02-21 14:19:00
4659466,5343117,0,,2026-07-27 03:05:01,
4813816,5343117,1,2026-07-30 01:05:01,2026-07-30 16:05:01,2024-02-25 04:00:00
10126551,5343117,16777473,2026-07-30 14:47:22,2026-07-30 03:05:02,2024-10-21 02:05:01
46916731,5343117,1,2026-07-30 05:05:01,2026-07-30 16:05:01,2026-06-24 17:05:01
4813816,5357467,1,2026-07-30 01:05:01,2026-07-30 16:05:01,2024-02-25 04:00:00
10126551,5357467,16777473,2026-07-30 14:47:22,2026-07-30 01:05:01,2024-10-21 02:05:01
14315827,5357467,65537,2024-03-08 19:31:00,2026-07-30 16:05:01,2023-10-21 21:57:00
46916731,5357467,1,2026-07-30 05:05:01,2026-07-30 16:05:01,2026-06-24 17:05:01
4813816,5378940,1,2026-07-30 01:05:01,2026-07-29 11:05:01,2024-02-25 04:00:00
10126551,5378940,16777473,2026-07-30 14:47:22,2026-07-28 23:05:01,2024-10-21 02:05:01
46916731,5378940,1,2026-07-30 05:05:01,2026-07-30 16:05:01,2026-06-30 17:05:01
50325130,5378940,1,2026-04-13 11:05:02,2026-07-30 16:05:01,2026-01-12 11:05:01
10126551,5389779,16777473,2026-07-30 14:47:22,2026-07-10 10:05:01,2024-11-01 18:05:01
14315827,5389779,65537,2024-03-08 19:31:00,2026-07-30 16:05:01,2023-10-21 21:57:00
27746861,5389779,1,2026-07-29 17:05:01,2026-07-30 09:05:01,2024-02-21 14:19:00
10008096,5396516,1,2026-06-20 12:05:01,2026-07-27 16:05:02,2024-02-07 09:47:00
10126551,5396516,16777473,2026-07-30 14:47:22,2026-07-10 10:05:01,2024-11-01 18:05:01
46916731,5396516,1,2026-07-30 05:05:01,2026-07-29 23:05:01,2026-06-30 17:05:01
10126551,5401426,16777473,2026-07-30 14:47:22,2026-07-27 02:05:01,2024-10-21 02:05:01
14315827,5401426,65537,2024-03-08 19:31:00,2026-07-30 16:05:01,2023-10-21 21:57:00
27746861,5401426,1,2026-07-29 17:05:01,2026-07-30 16:05:01,2024-02-21 14:19:00
46916731,5401426,1,2026-07-30 05:05:01,2026-07-30 16:05:01,2026-06-30 17:05:01
10126551,5402241,16777473,2026-07-30 14:47:22,2026-07-28 04:05:01,2024-10-21 02:05:01
14315827,5402241,65537,2024-03-08 19:31:00,2026-07-30 16:05:01,2023-10-21 21:57:00
27746861,5402241,1,2026-07-29 17:05:01,2026-07-30 16:05:01,2024-02-21 14:19:00
46916731,5402241,1,2026-07-30 05:05:01,2026-07-30 16:05:01,2026-06-24 17:05:01
10126551,5499917,16777473,2026-07-30 14:47:22,2026-07-30 01:05:01,2024-10-21 02:05:01
46916731,5499917,1,2026-07-30 05:05:01,2026-07-30 16:05:01,2026-06-24 17:05:01
50325130,5499917,1,2026-04-13 11:05:02,2026-07-30 16:05:01,2026-01-12 11:05:01
4813816,5500996,1,2026-07-30 01:05:01,2026-07-30 16:05:01,2024-02-25 04:00:00
10008096,5500996,1,2026-06-20 12:05:01,2026-07-29 10:05:02,2024-02-07 09:47:00
10126551,5500996,16777473,2026-07-30 14:47:22,2026-07-28 23:05:01,2024-10-21 19:05:01
46916731,5500996,1,2026-07-30 05:05:01,2026-07-30 15:05:01,2026-06-24 04:05:01
10126551,5536975,16777473,2026-07-30 14:47:22,2026-07-26 03:05:01,2024-10-21 02:05:01
14315827,5536975,65537,2024-03-08 19:31:00,2026-07-30 16:05:01,2023-10-21 21:57:00
27746861,5536975,1,2026-07-29 17:05:01,2026-07-30 13:05:01,2024-02-21 14:19:00
46916731,5536975,1,2026-07-30 05:05:01,2026-07-30 13:05:01,2026-06-24 17:05:01
7664177,5537796,1,2026-07-30 00:05:01,2026-07-30 07:05:01,2024-02-24 03:15:00
10008096,5537796,1,2026-06-20 12:05:01,2026-07-29 06:05:01,2024-02-07 09:47:00
10126551,5537796,16777473,2026-07-30 14:47:22,2026-07-28 05:05:01,2024-10-21 02:05:01
46916731,5537796,1,2026-07-30 05:05:01,2026-07-30 16:05:01,2026-06-30 17:05:01
4813816,5544624,1,2026-07-30 01:05:01,2026-07-30 16:05:01,2024-02-25 04:00:00
10008096,5544624,1,2026-06-20 12:05:01,2026-07-30 16:05:01,2024-02-07 09:47:00
10126551,5544624,16777473,2026-07-30 14:47:22,2026-07-30 05:05:01,2024-10-21 19:05:01
14757368,5544624,1,2026-07-28 09:05:01,2026-07-30 16:05:01,2024-08-12 23:05:01
4813816,5550384,1,2026-07-30 01:05:01,2026-07-30 16:05:01,2024-02-25 04:00:00
10126551,5550384,16777473,2026-07-30 14:47:22,2026-07-28 00:05:01,2024-10-21 02:05:01
14315827,5550384,65537,2024-03-08 19:31:00,2026-07-30 16:05:01,2023-10-21 21:57:00
14757368,5550384,1,2026-07-28 09:05:01,2026-07-30 16:05:01,2025-03-22 13:05:01
670524,5559321,0,,2026-07-30 16:05:01,
10126551,5559321,16777473,2026-07-30 14:47:22,2026-07-30 04:05:01,2024-10-21 02:05:01
14315827,5559321,65537,2024-03-08 19:31:00,2026-07-30 16:05:01,2023-10-21 21:57:00
46916731,5559321,1,2026-07-30 05:05:01,2026-07-30 16:05:01,2026-06-24 17:05:01
4813816,5565365,1,2026-07-30 01:05:01,2026-07-30 16:05:01,2024-02-25 04:00:00
10126551,5565365,16777473,2026-07-30 14:47:22,2026-07-28 00:05:01,2024-10-21 19:05:01
14315827,5565365,65537,2024-03-08 19:31:00,2026-07-30 16:05:01,2023-10-21 21:57:00
14757368,5565365,1,2026-07-28 09:05:01,2026-07-30 16:05:01,2025-03-22 13:05:01
4813816,5575229,1,2026-07-30 01:05:01,2026-07-30 16:05:01,2024-02-25 04:00:00
10126551,5575229,16777473,2026-07-30 14:47:22,2026-07-28 00:05:01,2024-10-21 02:05:01
14315827,5575229,65537,2024-03-08 19:31:00,2026-07-30 16:05:01,2023-10-21 21:57:00
14757368,5575229,1,2026-07-28 09:05:01,2026-07-30 16:05:01,2024-08-12 23:05:01
4813816,5578441,1,2026-07-30 01:05:01,2026-07-30 16:05:01,2024-02-25 04:00:00
10126551,5578441,16777473,2026-07-30 14:47:22,2026-07-30 05:05:01,2024-10-21 02:05:01
14315827,5578441,65537,2024-03-08 19:31:00,2026-07-30 16:05:01,2023-10-21 21:57:00
46916731,5578441,1,2026-07-30 05:05:01,2026-07-30 16:05:01,2026-06-24 17:05:01
10008096,5655034,1,2026-06-20 12:05:01,2026-07-30 16:05:01,2024-02-07 09:47:00
10126551,5655034,16777473,2026-07-30 14:47:22,2026-07-28 05:05:01,2024-10-21 02:05:01
14757368,5655034,1,2026-07-28 09:05:01,2026-07-30 16:05:01,2024-08-12 23:05:01
46916731,5655034,1,2026-07-30 05:05:01,2026-07-30 16:05:01,2026-06-24 17:05:01
4813816,5677698,1,2026-07-30 01:05:01,2026-07-30 16:05:01,2024-02-25 04:00:00
10126551,5677698,16777473,2026-07-30 14:47:22,2026-07-30 05:05:01,2024-10-21 02:05:01
14315827,5677698,65537,2024-03-08 19:31:00,2026-07-30 16:05:01,2023-10-21 21:57:00
14757368,5677698,1,2026-07-28 09:05:01,2026-07-30 16:05:01,2024-08-12 23:05:01
10008096,5686088,1,2026-06-20 12:05:01,2026-07-30 16:05:01,2024-02-07 09:47:00
10126551,5686088,16777473,2026-07-30 14:47:22,2026-07-30 05:05:01,2024-10-21 02:05:01
14757368,5686088,1,2026-07-28 09:05:01,2026-07-30 16:05:01,2025-03-22 13:05:01
46916731,5686088,1,2026-07-30 05:05:01,2026-07-30 16:05:01,2026-06-24 17:05:01
10126551,5688960,16777473,2026-07-30 14:47:22,2026-07-28 23:05:01,2024-10-21 02:05:01
14315827,5688960,65537,2024-03-08 19:31:00,2026-07-30 16:05:01,2023-10-21 21:57:00
14757368,5688960,1,2026-07-28 09:05:01,2026-07-30 16:05:01,2025-03-22 13:05:01
46916731,5688960,1,2026-07-30 05:05:01,2026-07-30 16:05:01,2026-06-24 17:05:01
4813816,5701019,1,2026-07-30 01:05:01,2026-07-30 16:05:01,2024-02-25 04:00:00
10008096,5701019,1,2026-06-20 12:05:01,2026-07-30 16:05:01,2024-02-07 09:47:00
10126551,5701019,16777473,2026-07-30 14:47:22,2026-07-30 04:05:01,2024-10-21 02:05:01
46916731,5701019,1,2026-07-30 05:05:01,2026-07-30 16:05:01,2026-06-24 17:05:01
10008096,5710629,1,2026-06-20 12:05:01,2026-07-30 01:05:01,2024-02-07 09:47:00
10126551,5710629,16777473,2026-07-30 14:47:22,2026-07-30 01:05:01,2024-11-01 18:05:01
27746861,5710629,1,2026-07-29 17:05:01,2026-07-30 16:05:01,2024-02-21 14:19:00
46916731,5710629,1,2026-07-30 05:05:01,2026-07-30 13:05:01,2026-06-24 17:05:01
4813816,5757496,1,2026-07-30 01:05:01,2026-07-30 16:05:01,2024-02-25 04:00:00
10008096,5757496,1,2026-06-20 12:05:01,2026-07-30 16:05:01,2024-02-07 09:47:00
10126551,5757496,16777473,2026-07-30 14:47:22,2026-07-30 05:05:01,2024-10-21 19:05:01
14757368,5757496,1,2026-07-28 09:05:01,2026-07-30 16:05:01,2025-03-22 13:05:01
4813816,5765665,1,2026-07-30 01:05:01,2026-07-30 16:05:01,2024-02-25 04:00:00
10126551,5765665,16777473,2026-07-30 14:47:22,2026-07-30 05:05:01,2024-10-21 02:05:01
14757368,5765665,1,2026-07-28 09:05:01,2026-07-30 16:05:01,2025-03-22 13:05:01
32873098,5765665,1,2026-06-02 16:05:01,2026-07-30 16:05:01,2026-04-12 21:05:01
7664177,5767787,1,2026-07-30 00:05:01,2026-07-30 16:05:01,2024-02-24 03:15:00
10008096,5767787,1,2026-06-20 12:05:01,2026-07-30 16:05:01,2024-02-07 09:47:00
10126551,5767787,16777473,2026-07-30 14:47:22,2026-07-30 05:05:01,2024-10-21 02:05:01
46916731,5767787,1,2026-07-30 05:05:01,2026-07-30 16:05:01,2026-06-24 17:05:01
10126551,5780339,16777473,2026-07-30 14:47:22,2026-07-28 00:05:01,2024-10-21 19:05:01
14315827,5780339,65537,2024-03-08 19:31:00,2026-07-30 16:05:01,2023-10-21 21:57:00
14757368,5780339,1,2026-07-28 09:05:01,2026-07-30 16:05:01,2025-03-22 13:05:01
27746861,5780339,1,2026-07-29 17:05:01,2026-07-30 14:05:02,2024-02-21 14:19:00
670524,5784726,1,2026-03-11 10:26:57,2026-07-30 16:05:01,2025-04-03 02:05:01
10008096,5784726,1,2026-06-20 12:05:01,2026-07-30 16:05:01,2024-04-16 20:16:00
10126551,5784726,16777473,2026-07-30 14:47:22,2026-07-30 05:05:01,2024-11-04 20:05:01
27746861,5784726,1,2026-07-29 17:05:01,2026-07-30 16:05:01,2024-03-23 18:53:00
4813816,5848470,1,2026-07-30 01:05:01,2026-07-29 13:05:01,2024-02-25 04:00:00
10126551,5848470,16777473,2026-07-30 14:47:22,2026-07-17 10:05:01,2024-10-21 02:05:01
14315827,5848470,65537,2024-03-08 19:31:00,2026-07-30 16:05:01,2023-10-21 21:57:00
46916731,5848470,1,2026-07-30 05:05:01,2026-07-30 09:05:01,2026-06-30 17:05:01
7664177,5852181,1,2026-07-30 00:05:01,2026-07-30 16:05:01,2024-02-24 03:15:00
10008096,5852181,1,2026-06-20 12:05:01,2026-07-30 07:05:01,2024-02-07 09:47:00
10126551,5852181,16777473,2026-07-30 14:47:22,2026-07-28 00:05:01,2024-10-21 02:05:01
46916731,5852181,1,2026-07-30 05:05:01,2026-07-30 16:05:01,2026-06-24 17:05:01
10126551,5860818,16777473,2026-07-30 14:47:22,2026-07-26 02:05:01,2024-10-21 02:05:01
14315827,5860818,65537,2024-03-08 19:31:00,2026-07-30 16:05:01,2023-10-21 21:57:00
27746861,5860818,1,2026-07-29 17:05:01,2026-07-29 16:05:01,2024-02-21 14:19:00
46916731,5860818,1,2026-07-30 05:05:01,2026-07-29 23:05:01,2026-06-30 17:05:01
10126551,5871319,16777473,2026-07-30 14:47:22,2026-07-25 04:05:01,2024-11-01 18:05:01
14315827,5871319,65537,2024-03-08 19:31:00,2026-07-30 16:05:01,2023-10-21 21:57:00
27746861,5871319,1,2026-07-29 17:05:01,2026-07-30 16:05:01,2024-02-21 14:19:00
46916731,5871319,1,2026-07-30 05:05:01,2026-07-30 15:05:01,2026-06-30 17:05:01
10126551,5873151,16777473,2026-07-30 14:47:22,2026-07-10 10:05:01,2024-11-01 18:05:01
27746861,5873151,1,2026-07-29 17:05:01,2026-07-29 16:05:01,2024-03-12 12:31:00
10126551,5911169,16777473,2026-07-30 14:47:22,2026-07-30 04:05:01,2024-10-21 02:05:01
27746861,5911169,1,2026-07-29 17:05:01,2026-07-30 16:05:01,2024-02-21 14:19:00
46916731,5911169,1,2026-07-30 05:05:01,2026-07-30 16:05:01,2026-06-30 17:05:01
4813816,5919535,1,2026-07-30 01:05:01,2026-07-29 10:05:02,2024-02-25 04:00:00
6449581,5919535,1,2026-07-15 04:24:18,2026-07-30 13:05:01,2024-02-19 00:00:00
10126551,5919535,16777473,2026-07-30 14:47:22,2026-07-25 01:05:01,2024-10-21 19:05:01
46916731,5919535,1,2026-07-30 05:05:01,2026-07-30 16:05:01,2026-06-30 17:05:01
10126551,5920761,16777473,2026-07-30 14:47:22,2026-07-28 23:05:01,2024-10-21 02:05:01
14315827,5920761,65537,2024-03-08 19:31:00,2026-07-30 16:05:01,2023-10-21 21:57:00
27746861,5920761,1,2026-07-29 17:05:01,2026-07-30 16:05:01,2024-02-21 14:19:00
46916731,5920761,1,2026-07-30 05:05:01,2026-07-30 16:05:01,2026-06-24 17:05:01
10126551,5925602,16777473,2026-07-30 14:47:22,2026-07-27 02:05:01,2024-11-01 18:05:01
14757368,5925602,1,2026-07-28 09:05:01,2026-07-30 16:05:01,2024-02-24 23:50:00
46916731,5925602,1,2026-07-30 05:05:01,2026-07-30 05:05:01,2024-08-12 18:05:02
4813816,5926165,1,2026-07-30 01:05:01,2026-07-30 16:05:01,2024-02-25 04:00:00
10008096,5926165,1,2026-06-20 12:05:01,2026-07-30 14:05:02,2024-02-07 09:47:00
10126551,5926165,16777473,2026-07-30 14:47:22,2026-07-30 04:05:01,2024-10-21 19:05:01
14757368,5926165,1,2026-07-28 09:05:01,2026-07-30 16:05:01,2024-08-12 23:05:01
10126551,5930764,16777473,2026-07-30 14:47:22,2026-07-28 00:05:01,2024-11-04 20:05:01
14315827,5930764,65537,2024-03-08 19:31:00,2026-07-30 16:05:01,2023-10-21 21:57:00
27746861,5930764,1,2026-07-29 17:05:01,2026-07-30 16:05:01,2024-02-21 14:19:00
46916731,5930764,1,2026-07-30 05:05:01,2026-07-30 13:05:01,2026-06-24 17:05:01
10126551,5931324,16777473,2026-07-30 14:47:22,2026-07-15 06:05:01,2024-11-04 20:05:01
14315827,5931324,65537,2024-03-08 19:31:00,2026-07-30 16:05:01,2023-10-21 21:57:00
27746861,5931324,1,2026-07-29 17:05:01,2026-07-30 12:05:01,2024-02-21 14:19:00
46916731,5931324,1,2026-07-30 05:05:01,2026-07-30 11:05:01,2026-06-30 17:05:01
10126551,5931810,16777473,2026-07-30 14:47:22,2026-07-10 10:05:01,2024-11-01 18:05:01
14757368,5931810,1,2026-07-28 09:05:01,2026-07-30 16:05:01,2024-02-24 23:50:00
27746861,5931810,1,2026-07-29 17:05:01,2026-07-30 09:05:01,2024-02-21 14:19:00
50325130,5931810,1,2026-04-13 11:05:02,2026-07-30 16:05:01,2025-12-29 04:05:01
670524,5932222,1,2026-03-11 10:26:57,2026-07-30 16:05:01,2025-04-09 03:05:02
7664177,5932222,1,2026-07-30 00:05:01,2026-07-30 16:05:01,2024-02-24 03:15:00
10008096,5932222,1,2026-06-20 12:05:01,2026-07-30 16:05:01,2024-02-07 09:47:00
10126551,5932222,16777473,2026-07-30 14:47:22,2026-07-30 04:05:01,2024-10-21 02:05:01
4813816,5941645,1,2026-07-30 01:05:01,2026-07-30 16:05:01,2024-02-25 04:00:00
10126551,5941645,16777473,2026-07-30 14:47:22,2026-07-28 04:05:01,2024-11-04 20:05:01
27746861,5941645,1,2026-07-29 17:05:01,2026-07-30 16:05:01,2024-02-21 14:19:00
46916731,5941645,1,2026-07-30 05:05:01,2026-07-30 16:05:01,2026-06-24 04:05:01
10008096,5941681,1,2026-06-20 12:05:01,2026-07-27 18:05:01,2024-06-16 21:00:00
10126551,5941681,16777473,2026-07-30 14:47:22,2026-07-10 10:05:01,2024-11-04 20:05:01
14757368,5941681,1,2026-07-28 09:05:01,2026-07-30 16:05:01,2024-02-24 23:50:00
4813816,5942347,1,2026-07-30 01:05:01,2026-07-30 12:05:01,2024-02-25 04:00:00
10008096,5942347,1,2026-06-20 12:05:01,2026-07-30 12:05:01,2024-02-07 09:47:00
10126551,5942347,16777473,2026-07-30 14:47:22,2026-07-28 04:05:01,2024-11-04 20:05:01
14757368,5942347,1,2026-07-28 09:05:01,2026-07-30 16:05:01,2024-02-24 23:50:00
670524,5944764,1,2026-03-11 10:26:57,2026-07-30 16:05:01,2025-03-30 02:05:01
10008096,5944764,1,2026-06-20 12:05:01,2026-07-27 18:05:01,2024-02-07 09:47:00
10126551,5944764,16777473,2026-07-30 14:47:22,2026-07-10 10:05:01,2024-11-04 20:05:01
46916731,5944764,1,2026-07-30 05:05:01,2026-07-29 23:05:01,2024-08-12 18:05:02
10008096,5948413,1,2026-06-20 12:05:01,2026-07-26 03:05:01,2024-02-07 09:47:00
10126551,5948413,16777473,2026-07-30 14:47:22,2026-07-26 03:05:01,2024-10-21 02:05:01
27746861,5948413,1,2026-07-29 17:05:01,2026-07-29 16:05:01,2024-02-21 14:19:00
46916731,5948413,1,2026-07-30 05:05:01,2026-07-29 23:05:01,2026-06-30 17:05:01
4813816,5949357,1,2026-07-30 01:05:01,2026-07-30 16:05:01,2024-02-25 04:00:00
10008096,5949357,1,2026-06-20 12:05:01,2026-07-30 15:05:01,2024-02-07 09:47:00
10126551,5949357,16777473,2026-07-30 14:47:22,2026-07-30 03:05:02,2024-10-21 19:05:01
50325130,5949357,1,2026-04-13 11:05:02,2026-07-30 16:05:01,2025-12-29 04:05:01
7664177,5949512,1,2026-07-30 00:05:01,2026-07-30 16:05:01,2024-02-24 03:15:00
10008096,5949512,1,2026-06-20 12:05:01,2026-07-30 02:05:01,2024-02-07 09:47:00
10126551,5949512,16777473,2026-07-30 14:47:22,2026-07-30 01:05:01,2024-10-21 19:05:01
46916731,5949512,1,2026-07-30 05:05:01,2026-07-30 16:05:01,2024-08-12 18:05:02
10126551,5950085,16777473,2026-07-30 14:47:22,2026-07-28 00:05:01,2024-10-21 02:05:01
13826065,5950085,1,2025-06-15 14:08:00,2026-07-30 16:05:01,2024-02-23 21:00:00
27746861,5950085,1,2026-07-29 17:05:01,2026-07-30 16:05:01,2024-02-21 14:19:00
50325130,5950085,1,2026-04-13 11:05:02,2026-07-30 16:05:01,2025-12-29 04:05:01
4813816,5953958,1,2026-07-30 01:05:01,2026-07-30 16:05:01,2024-02-25 04:00:00
10126551,5953958,16777473,2026-07-30 14:47:22,2026-07-28 04:05:01,2024-10-21 02:05:01
14315827,5953958,65537,2024-03-08 19:31:00,2026-07-30 16:05:01,2023-10-21 21:57:00
46916731,5953958,1,2026-07-30 05:05:01,2026-07-30 16:05:01,2026-06-24 17:05:01
10008096,5961934,1,2026-06-20 12:05:01,2026-07-19 12:05:01,2024-02-07 09:47:00
10126551,5961934,16777473,2026-07-30 14:47:22,2026-07-19 12:05:01,2024-11-04 20:05:01
14757368,5961934,1,2026-07-28 09:05:01,2026-07-30 16:05:01,2024-02-24 23:50:00
46916731,5961934,1,2026-07-30 05:05:01,2026-07-29 23:05:01,2024-08-12 18:05:02
670524,5970508,1,2026-03-11 10:26:57,2026-07-30 16:05:01,2025-03-30 02:05:01
10008096,5970508,1,2026-06-20 12:05:01,2026-07-24 02:05:02,2024-03-07 20:56:00
10126551,5970508,16777473,2026-07-30 14:47:22,2026-07-25 02:05:01,2024-11-04 20:05:01
14757368,5970508,1,2026-07-28 09:05:01,2026-07-30 16:05:01,2024-02-24 23:50:00
4813816,5973636,1,2026-07-30 01:05:01,2026-07-29 10:05:02,2024-02-25 04:00:00
10126551,5973636,16777473,2026-07-30 14:47:22,2026-07-10 11:05:01,2024-11-04 20:05:01
46916731,5973636,1,2026-07-30 05:05:01,2026-07-29 23:05:01,2024-08-12 18:05:02
4813816,5974884,1,2026-07-30 01:05:01,2026-07-30 14:05:02,2024-02-25 04:00:00
10126551,5974884,16777473,2026-07-30 14:47:22,2026-07-30 01:05:01,2024-11-04 20:05:01
14757368,5974884,1,2026-07-28 09:05:01,2026-07-30 16:05:01,2024-02-24 23:50:00
46916731,5974884,1,2026-07-30 05:05:01,2026-07-30 13:05:01,2024-08-12 18:05:02
10008096,5990547,1,2026-06-20 12:05:01,2026-07-30 16:05:01,2024-02-07 09:47:00
10126551,5990547,16777473,2026-07-30 14:47:22,2026-07-30 05:05:01,2024-10-21 19:05:01
46916731,5990547,1,2026-07-30 05:05:01,2026-07-30 16:05:01,2024-08-12 18:05:02
10126551,5999227,16777473,2026-07-30 14:47:22,2026-07-10 10:05:01,2024-11-04 20:05:01
14315827,5999227,65537,2024-03-08 19:31:00,2026-07-30 16:05:01,2023-10-21 21:57:00
27746861,5999227,1,2026-07-29 17:05:01,2026-07-30 16:05:01,2024-02-21 14:19:00
46916731,5999227,1,2026-07-30 05:05:01,2026-07-30 15:05:01,2026-06-30 17:05:01
10126551,5999567,16777473,2026-07-30 14:47:22,2026-07-28 23:05:01,2024-11-04 20:05:01
14315827,5999567,65537,2024-03-08 19:31:00,2026-07-30 16:05:01,2023-10-21 21:57:00
46916731,5999567,1,2026-07-30 05:05:01,2026-07-30 16:05:01,2024-08-12 18:05:02
50325130,5999567,1,2026-04-13 11:05:02,2026-07-30 16:05:01,2026-01-12 11:05:01
4813816,6000659,1,2026-07-30 01:05:01,2026-07-30 16:05:01,2024-02-25 04:00:00
10126551,6000659,16777473,2026-07-30 14:47:22,2026-07-28 00:05:01,2024-10-21 19:05:01
14315827,6000659,65537,2024-03-08 19:31:00,2026-07-30 16:05:01,2023-10-21 21:57:00
46916731,6000659,1,2026-07-30 05:05:01,2026-07-30 16:05:01,2026-06-24 04:05:01
4813816,6000750,1,2026-07-30 01:05:01,2026-07-30 07:05:01,2024-02-25 04:00:00
10126551,6000750,16777473,2026-07-30 14:47:22,2026-07-28 05:05:01,2024-10-21 02:05:01
14315827,6000750,65537,2024-03-08 19:31:00,2026-07-30 16:05:01,2023-10-21 21:57:00
46916731,6000750,1,2026-07-30 05:05:01,2026-07-30 16:05:01,2026-06-24 17:05:01
4813816,6004688,1,2026-07-30 01:05:01,2026-07-30 16:05:01,2024-02-25 04:00:00
10126551,6004688,16777473,2026-07-30 14:47:22,2026-07-30 04:05:01,2024-11-04 20:05:01
14315827,6004688,65537,2024-03-08 19:31:00,2026-07-30 16:05:01,2023-10-21 21:57:00
46916731,6004688,1,2026-07-30 05:05:01,2026-07-30 16:05:01,2026-06-24 04:05:01
4813816,6012367,1,2026-07-30 01:05:01,2026-07-30 16:05:01,2024-02-25 04:00:00
10008096,6012367,1,2026-06-20 12:05:01,2026-07-30 16:05:01,2024-02-07 09:47:00
10126551,6012367,16777473,2026-07-30 14:47:22,2026-07-30 05:05:01,2024-10-21 02:05:01
46916731,6012367,1,2026-07-30 05:05:01,2026-07-30 16:05:01,2026-06-24 17:05:01
10126551,6015822,16777473,2026-07-30 14:47:22,2026-07-10 10:05:01,2024-11-04 20:05:01
14315827,6015822,65537,2024-03-08 19:31:00,2026-07-30 16:05:01,2023-10-21 21:57:00
27746861,6015822,1,2026-07-29 17:05:01,2026-07-29 16:05:01,2024-02-21 14:19:00
46916731,6015822,1,2026-07-30 05:05:01,2026-07-29 23:05:01,2026-06-30 17:05:01
4813816,6018925,1,2026-07-30 01:05:01,2026-07-30 16:05:01,2024-02-25 04:00:00
10126551,6018925,16777473,2026-07-30 14:47:22,2026-07-28 23:05:01,2024-10-21 19:05:01
10008096,6012177,1,2026-06-20 12:05:01,2026-07-30 16:05:01,2024-02-07 09:47:00
10126551,6012177,16777473,2026-07-30 14:47:22,2026-07-30 01:05:01,2024-10-21 19:05:01
27746861,6012177,1,2026-07-29 17:05:01,2026-07-30 16:05:01,2024-02-21 14:19:00
46916731,6012177,1,2026-07-30 05:05:01,2026-07-30 14:05:02,2026-06-24 04:05:01
10126551,6052276,16777473,2026-07-30 14:47:22,2026-07-10 11:05:01,2024-11-01 18:05:01
14315827,6052276,65537,2024-03-08 19:31:00,2026-07-30 16:05:01,2023-10-21 21:57:00
46916731,6052276,1,2026-07-30 05:05:01,2026-07-29 23:05:01,2024-08-12 18:05:02
670524,6052637,1,2026-03-11 10:26:57,2026-07-30 16:05:01,2025-04-03 02:05:01
10008096,6052637,1,2026-06-20 12:05:01,2026-07-29 15:05:01,2024-02-07 09:47:00
10126551,6052637,16777473,2026-07-30 14:47:22,2026-07-28 04:05:01,2024-10-21 19:05:01
14315827,6052637,65537,2024-03-08 19:31:00,2026-07-30 16:05:01,2023-10-21 21:57:00
5220206,6053114,0,,2026-07-30 16:05:01,
10126551,6053114,16777473,2026-07-30 14:47:22,2026-07-10 10:05:01,2024-11-04 20:05:01
27746861,6053114,1,2026-07-29 17:05:01,2026-07-30 07:05:01,2024-02-21 14:19:00
46916731,6053114,1,2026-07-30 05:05:01,2026-07-30 06:05:01,2026-06-30 17:05:01
10126551,6053267,16777473,2026-07-30 14:47:22,2026-07-28 04:05:01,2024-11-04 20:05:01
14315827,6053267,65537,2024-03-08 19:31:00,2026-07-30 16:05:01,2023-10-21 21:57:00
27746861,6053267,1,2026-07-29 17:05:01,2026-07-30 16:05:01,2024-02-21 14:19:00
46916731,6053267,1,2026-07-30 05:05:01,2026-07-30 16:05:01,2026-06-30 17:05:01
4813816,6053352,1,2026-07-30 01:05:01,2026-07-30 16:05:01,2024-02-25 04:00:00
10126551,6053352,16777473,2026-07-30 14:47:22,2026-07-30 12:05:01,2024-10-21 19:05:01
14315827,6053352,65537,2024-03-08 19:31:00,2026-07-30 16:05:01,2023-10-21 21:57:00
46916731,6053352,1,2026-07-30 05:05:01,2026-07-30 16:05:01,2026-06-24 04:05:01
7664177,6057414,1,2026-07-30 00:05:01,2026-07-30 13:05:01,2024-02-24 03:15:00
10126551,6057414,16777473,2026-07-30 14:47:22,2026-07-28 04:05:01,2024-10-21 02:05:01
46916731,6057414,1,2026-07-30 05:05:01,2026-07-30 13:05:01,2026-06-24 17:05:01
4813816,6057942,1,2026-07-30 01:05:01,2026-07-27 16:05:02,2024-02-25 04:00:00
10126551,6057942,16777473,2026-07-30 14:47:22,2026-07-26 03:05:01,2024-10-21 19:05:01
14315827,6057942,65537,2024-03-08 19:31:00,2026-07-30 16:05:01,2023-10-21 21:57:00
14757368,6057942,1,2026-07-28 09:05:01,2026-07-30 16:05:01,2024-08-12 23:05:01
10008096,6061332,1,2026-06-20 12:05:01,2026-07-30 16:05:01,2024-02-07 09:47:00
10126551,6061332,16777473,2026-07-30 14:47:22,2026-07-30 07:05:01,2024-10-21 02:05:01
14315827,6061332,65537,2024-03-08 19:31:00,2026-07-30 16:05:01,2023-10-21 21:57:00
14757368,6061332,1,2026-07-28 09:05:01,2026-07-30 16:05:01,2024-08-12 23:05:01
4813816,6064979,1,2026-07-30 01:05:01,2026-07-30 15:05:01,2024-02-25 04:00:00
10008096,6064979,1,2026-06-20 12:05:01,2026-07-30 14:05:02,2024-02-07 09:47:00
10126551,6064979,16777473,2026-07-30 14:47:22,2026-07-30 08:05:01,2024-11-04 20:05:01
14757368,6064979,1,2026-07-28 09:05:01,2026-07-30 16:05:01,2024-02-24 23:50:00
4813816,6065109,1,2026-07-30 01:05:01,2026-07-10 11:05:01,2024-02-25 04:00:00
10008096,6065109,1,2026-06-20 12:05:01,2026-07-27 18:05:01,2024-02-07 09:47:00
10126551,6065109,16777473,2026-07-30 14:47:22,2026-07-10 10:05:01,2024-11-04 20:05:01
14757368,6065109,1,2026-07-28 09:05:01,2026-07-30 16:05:01,2024-02-24 23:50:00
670524,6076718,0,,2026-07-30 16:05:01,
10008096,6076718,1,2026-06-20 12:05:01,2026-07-30 03:05:02,2024-02-07 09:47:00
10126551,6076718,16777473,2026-07-30 14:47:22,2026-07-30 03:05:02,2024-10-21 19:05:01
46916731,6076718,1,2026-07-30 05:05:01,2026-07-30 16:05:01,2024-08-12 18:05:02
10126551,6077096,16777473,2026-07-30 14:47:22,2026-07-27 02:05:01,2024-11-01 18:05:01
14315827,6077096,65537,2024-03-08 19:31:00,2026-07-30 16:05:01,2023-10-21 21:57:00
27746861,6077096,1,2026-07-29 17:05:01,2026-07-30 08:05:01,2024-03-12 12:31:00
46916731,6077096,1,2026-07-30 05:05:01,2026-07-30 05:05:01,2026-06-30 17:05:01
10126551,6077237,16777473,2026-07-30 14:47:22,2026-07-10 10:05:01,2024-11-04 20:05:01
14315827,6077237,65537,2024-03-08 19:31:00,2026-07-30 16:05:01,2023-10-21 21:57:00
27746861,6077237,1,2026-07-29 17:05:01,2026-07-29 16:05:01,2024-02-21 14:19:00
4659466,6077518,0,,2026-07-27 03:05:01,
10126551,6077518,16777473,2026-07-30 14:47:22,2026-07-20 01:05:01,2024-10-21 02:05:01
27746861,6077518,1,2026-07-29 17:05:01,2026-07-29 16:05:01,2024-02-21 14:19:00
46916731,6077518,1,2026-07-30 05:05:01,2026-07-29 23:05:01,2026-06-24 17:05:01
4813816,6079282,1,2026-07-30 01:05:01,2026-07-30 16:05:01,2024-02-25 04:00:00
10126551,6079282,16777473,2026-07-30 14:47:22,2026-07-30 16:05:01,2024-10-21 02:05:01
14757368,6079282,1,2026-07-28 09:05:01,2026-07-30 16:05:01,2025-03-22 13:05:01
10126551,6112734,16777473,2026-07-30 14:47:22,2026-07-10 10:05:01,2024-11-01 18:05:01
27746861,6112734,1,2026-07-29 17:05:01,2026-07-29 16:05:01,2024-05-23 18:53:54
769018,6116688,0,,2026-07-30 16:05:01,
4813816,6116688,1,2026-07-30 01:05:01,2026-07-29 08:05:01,2024-02-25 04:00:00
10008096,6116688,1,2026-06-20 12:05:01,2026-07-27 18:05:01,2024-02-07 09:47:00
10126551,6116688,16777473,2026-07-30 14:47:22,2026-07-27 06:05:01,2024-11-11 06:05:01
10126551,6118180,16777473,2026-07-30 14:47:22,2026-07-10 10:05:01,2024-11-01 18:05:01
27746861,6118180,1,2026-07-29 17:05:01,2026-07-29 16:05:01,2024-03-12 12:31:00
50325130,6118180,1,2026-04-13 11:05:02,2026-07-30 16:05:01,2025-12-29 04:05:01
4813816,6118372,1,2026-07-30 01:05:01,2026-07-27 03:05:01,2024-02-25 04:00:00
5842730,6118372,1,2026-07-30 01:05:01,2026-07-30 16:05:01,2025-11-09 15:05:01
10126551,6118372,16777473,2026-07-30 14:47:22,2026-07-27 02:05:01,2024-10-21 02:05:01
14315827,6118372,65537,2024-03-08 19:31:00,2026-07-30 16:05:01,2023-10-21 21:57:00
10126551,6119638,16777473,2026-07-30 14:47:22,2026-07-10 10:05:01,2024-11-01 18:05:01
27746861,6119638,1,2026-07-29 17:05:01,2026-07-29 16:05:01,2024-05-23 18:53:54
4813816,6146826,1,2026-07-30 01:05:01,2026-07-30 16:05:01,2024-02-25 04:00:00
10008096,6146826,1,2026-06-20 12:05:01,2026-07-30 16:05:01,2024-02-07 09:47:00
10126551,6146826,16777473,2026-07-30 14:47:22,2026-07-30 04:05:01,2024-10-21 19:05:01
14757368,6146826,1,2026-07-28 09:05:01,2026-07-30 16:05:01,2024-08-12 23:05:01
4813816,6146844,1,2026-07-30 01:05:01,2026-07-29 07:05:01,2024-02-25 04:00:00
10008096,6146844,1,2026-06-20 12:05:01,2026-07-26 18:05:02,2024-02-07 09:47:00
10126551,6146844,16777473,2026-07-30 14:47:22,2026-07-10 11:05:01,2024-11-10 19:05:01
46916731,6146844,1,2026-07-30 05:05:01,2026-07-29 23:05:01,2026-06-30 17:05:01
10126551,6147638,16777473,2026-07-30 14:47:22,2026-07-26 02:05:01,2024-11-01 18:05:01
14315827,6147638,65537,2024-03-08 19:31:00,2026-07-30 16:05:01,2023-10-21 21:57:00
27746861,6147638,1,2026-07-29 17:05:01,2026-07-29 16:05:01,2024-02-21 14:19:00
46916731,6147638,1,2026-07-30 05:05:01,2026-07-29 23:05:01,2026-06-30 17:05:01
670524,6147778,0,,2026-07-30 16:05:01,
4813816,6147778,1,2026-07-30 01:05:01,2026-07-30 16:05:01,2024-02-25 04:00:00
10008096,6147778,1,2026-06-20 12:05:01,2026-07-30 15:05:01,2024-02-07 09:47:00
10126551,6147778,16777473,2026-07-30 14:47:22,2026-07-28 23:05:01,2024-10-21 02:05:01
46916731,6147778,1,2026-07-30 05:05:01,2026-07-30 16:05:01,2026-06-24 17:05:01
4813816,6147854,1,2026-07-30 01:05:01,2026-07-30 08:05:01,2024-02-25 04:00:00
10126551,6147854,16777473,2026-07-30 14:47:22,2026-07-10 10:05:01,2024-10-21 19:05:01
14315827,6147854,65537,2024-03-08 19:31:00,2026-07-30 16:05:01,2023-10-21 21:57:00
46916731,6147854,1,2026-07-30 05:05:01,2026-07-30 16:05:01,2026-06-30 17:05:01
10126551,6156822,16777473,2026-07-30 14:47:22,2026-07-10 10:05:01,2024-11-01 18:05:01
27746861,6156822,1,2026-07-29 17:05:01,2026-07-29 16:05:01,2024-03-12 12:31:00
10126551,6156955,16777473,2026-07-30 14:47:22,2026-07-10 10:05:01,2024-11-01 18:05:01
27746861,6156955,1,2026-07-29 17:05:01,2026-07-29 16:05:01,2024-03-12 12:31:00
670524,6157011,1,2026-03-11 10:26:57,2026-07-30 16:05:01,2025-04-09 03:05:02
4813816,6157011,1,2026-07-30 01:05:01,2026-07-30 16:05:01,2024-02-25 04:00:00
10126551,6157011,16777473,2026-07-30 14:47:22,2026-07-30 04:05:01,2024-10-21 02:05:01
10126551,6157492,16777473,2026-07-30 14:47:22,2026-07-28 23:05:01,2024-10-21 19:05:01
14315827,6157492,65537,2024-03-08 19:31:00,2026-07-30 16:05:01,2023-10-21 21:57:00
14757368,6157492,1,2026-07-28 09:05:01,2026-07-30 16:05:01,2025-03-22 13:05:01
27746861,6157492,1,2026-07-29 17:05:01,2026-07-30 16:05:01,2024-02-21 14:19:00
670524,6159558,0,,2026-07-30 16:05:01,
4813816,6159558,1,2026-07-30 01:05:01,2026-07-30 16:05:01,2024-02-25 04:00:00
10008096,6159558,1,2026-06-20 12:05:01,2026-07-30 16:05:01,2024-02-07 09:47:00
10126551,6159558,16777473,2026-07-30 14:47:22,2026-07-28 04:05:01,2024-11-04 20:05:01
32873098,6159558,1,2026-06-02 16:05:01,2026-07-30 16:05:01,2026-04-12 21:05:01
7664177,6173079,1,2026-07-30 00:05:01,2026-07-30 16:05:01,2024-02-24 03:15:00
10126551,6173079,16777473,2026-07-30 14:47:22,2026-07-30 05:05:01,2024-11-04 20:05:01
14315827,6173079,65537,2024-03-08 19:31:00,2026-07-30 16:05:01,2023-10-21 21:57:00
46916731,6173079,1,2026-07-30 05:05:01,2026-07-30 16:05:01,2024-08-12 18:05:02
4813816,6174316,1,2026-07-30 01:05:01,2026-07-30 16:05:01,2024-02-25 04:00:00
10126551,6174316,16777473,2026-07-30 14:47:22,2026-07-30 01:05:01,2024-10-21 02:05:01
27746861,6174316,1,2026-07-29 17:05:01,2026-07-30 16:05:01,2024-02-21 14:19:00
46916731,6174316,1,2026-07-30 05:05:01,2026-07-30 15:05:01,2026-06-24 17:05:01
769018,6174632,0,,2026-07-30 16:05:01,
10126551,6174632,16777473,2026-07-30 14:47:22,2026-07-10 10:05:01,2024-11-04 20:05:01
14757368,6174632,1,2026-07-28 09:05:01,2026-07-30 16:05:01,2024-02-24 23:50:00
27746861,6174632,1,2026-07-29 17:05:01,2026-07-30 03:05:02,2024-03-12 12:31:00
10126551,6174722,16777473,2026-07-30 14:47:22,2026-07-10 10:05:01,2024-11-01 18:05:01
14315827,6174722,65537,2024-03-08 19:31:00,2026-07-30 16:05:01,2023-10-21 21:57:00
27746861,6174722,1,2026-07-29 17:05:01,2026-07-29 16:05:01,2024-03-12 12:31:00
46916731,6174722,1,2026-07-30 05:05:01,2026-07-29 23:05:01,2026-06-30 17:05:01
670524,6175232,0,,2026-07-30 16:05:01,
10126551,6175232,16777473,2026-07-30 14:47:22,2026-07-16 08:05:01,2024-10-21 02:05:01
32873098,6175232,1,2026-06-02 16:05:01,2026-07-30 16:05:01,2026-04-12 21:05:01
46916731,6175232,1,2026-07-30 05:05:01,2026-07-30 16:05:01,2026-06-24 17:05:01
4813816,6187483,1,2026-07-30 01:05:01,2026-07-30 13:05:01,2024-02-25 04:00:00
10126551,6187483,16777473,2026-07-30 14:47:22,2026-07-10 11:05:01,2024-11-04 20:05:01
27746861,6187483,1,2026-07-29 17:05:01,2026-07-30 16:05:01,2024-02-21 14:19:00
46916731,6187483,1,2026-07-30 05:05:01,2026-07-30 16:05:01,2026-06-24 04:05:01
10126551,6188546,16777473,2026-07-30 14:47:22,2026-07-10 10:05:01,2024-11-04 20:05:01
14315827,6188546,65537,2024-03-08 19:31:00,2026-07-30 16:05:01,2023-10-21 21:57:00
27746861,6188546,1,2026-07-29 17:05:01,2026-07-30 07:05:01,2024-02-21 14:19:00
46916731,6188546,1,2026-07-30 05:05:01,2026-07-30 07:05:01,2026-06-30 17:05:01
4813816,6188698,1,2026-07-30 01:05:01,2026-07-30 11:05:01,2024-02-25 04:00:00
10008096,6188698,1,2026-06-20 12:05:01,2026-07-30 11:05:01,2024-02-07 09:47:00
10126551,6188698,16777473,2026-07-30 14:47:22,2026-07-30 05:05:01,2024-11-04 20:05:01
46916731,6188698,1,2026-07-30 05:05:01,2026-07-30 12:05:01,2026-06-30 17:05:01
4813816,6189083,1,2026-07-30 01:05:01,2026-07-10 11:05:01,2024-02-25 04:00:00
10126551,6189083,16777473,2026-07-30 14:47:22,2026-07-10 10:05:01,2024-10-21 02:05:01
27746861,6189083,1,2026-07-29 17:05:01,2026-07-29 16:05:01,2024-02-21 14:19:00
46916731,6189083,1,2026-07-30 05:05:01,2026-07-29 23:05:01,2026-06-30 17:05:01
4813816,6190479,1,2026-07-30 01:05:01,2026-07-30 16:05:01,2024-02-25 04:00:00
10126551,6190479,16777473,2026-07-30 14:47:22,2026-07-30 05:05:01,2024-10-21 02:05:01
14315827,6190479,65537,2024-03-08 19:31:00,2026-07-30 16:05:01,2023-10-21 21:57:00
14757368,6190479,1,2026-07-28 09:05:01,2026-07-30 16:05:01,2025-03-22 13:05:01
4813816,6202961,1,2026-07-30 01:05:01,2026-07-30 16:05:01,2024-02-25 04:00:00
10126551,6202961,16777473,2026-07-30 14:47:22,2026-07-30 05:05:01,2024-10-21 19:05:01
14315827,6202961,65537,2024-03-08 19:31:00,2026-07-30 16:05:01,2023-10-21 21:57:00
14757368,6202961,1,2026-07-28 09:05:01,2026-07-30 16:05:01,2025-03-22 13:05:01
4813816,6206305,1,2026-07-30 01:05:01,2026-07-30 11:05:01,2024-02-25 04:00:00
10126551,6206305,16777473,2026-07-30 14:47:22,2026-07-27 03:05:01,2024-10-21 19:05:01
27746861,6206305,1,2026-07-29 17:05:01,2026-07-30 16:05:01,2024-02-21 14:19:00
46916731,6206305,1,2026-07-30 05:05:01,2026-07-30 13:05:01,2026-06-24 04:05:01
670524,6209985,0,,2026-07-30 16:05:01,
769018,6209985,0,,2026-07-30 16:05:01,
10126551,6209985,16777473,2026-07-30 14:47:22,2026-07-30 05:05:01,2024-10-21 19:05:01
46916731,6209985,1,2026-07-30 05:05:01,2026-07-30 16:05:01,2026-06-24 04:05:01
4813816,6210319,1,2026-07-30 01:05:01,2026-07-30 05:05:01,2024-02-25 04:00:00
10126551,6210319,16777473,2026-07-30 14:47:22,2026-07-30 04:05:01,2024-10-21 19:05:01
27746861,6210319,1,2026-07-29 17:05:01,2026-07-30 12:05:01,2024-02-21 14:19:00
46916731,6210319,1,2026-07-30 05:05:01,2026-07-30 11:05:01,2024-08-12 18:05:02
10126551,6210979,16777473,2026-07-30 14:47:22,2026-07-28 23:05:01,2024-10-21 02:05:01
27746861,6210979,1,2026-07-29 17:05:01,2026-07-30 16:05:01,2024-02-21 14:19:00
46916731,6210979,1,2026-07-30 05:05:01,2026-07-30 15:05:01,2026-06-24 17:05:01
50325130,6210979,1,2026-04-13 11:05:02,2026-07-30 16:05:01,2026-01-12 11:05:01
5220206,6227358,0,,2026-07-30 16:05:01,
10126551,6227358,16777473,2026-07-30 14:47:22,2026-07-10 10:05:01,2024-11-04 20:05:01
27746861,6227358,1,2026-07-29 17:05:01,2026-07-29 16:05:01,2024-03-12 12:31:00
1949023,6228643,1,2025-06-10 04:05:01,2026-07-30 16:05:01,2025-01-14 07:05:02
4813816,6228643,1,2026-07-30 01:05:01,2026-07-30 16:05:01,2024-02-25 04:00:00
10008096,6228643,1,2026-06-20 12:05:01,2026-07-30 16:05:01,2024-02-07 09:47:00
10126551,6228643,16777473,2026-07-30 14:47:22,2026-07-30 03:05:02,2024-11-11 06:05:01
4813816,6229009,1,2026-07-30 01:05:01,2026-07-30 16:05:01,2024-02-25 04:00:00
10126551,6229009,16777473,2026-07-30 14:47:22,2026-07-30 05:05:01,2024-10-21 19:05:01
14315827,6229009,65537,2024-03-08 19:31:00,2026-07-30 16:05:01,2023-10-21 21:57:00
14757368,6229009,1,2026-07-28 09:05:01,2026-07-30 16:05:01,2025-03-22 13:05:01
7664177,6229327,1,2026-07-30 00:05:01,2026-07-28 19:05:01,2024-02-24 03:15:00
10126551,6229327,16777473,2026-07-30 14:47:22,2026-07-12 06:05:01,2024-11-01 18:05:01
27746861,6229327,1,2026-07-29 17:05:01,2026-07-30 16:05:01,2024-02-21 14:19:00
46916731,6229327,1,2026-07-30 05:05:01,2026-07-30 16:05:01,2026-06-24 17:05:01
4813816,6230230,1,2026-07-30 01:05:01,2026-07-30 16:05:01,2024-02-25 04:00:00
10126551,6230230,16777473,2026-07-30 14:47:22,2026-07-30 05:05:01,2024-10-21 02:05:01
14757368,6230230,1,2026-07-28 09:05:01,2026-07-30 16:05:01,2025-03-22 13:05:01
4813816,6239277,1,2026-07-30 01:05:01,2026-07-30 14:05:02,2024-02-25 04:00:00
10126551,6239277,16777473,2026-07-30 14:47:22,2026-07-28 02:05:01,2024-11-04 20:05:01
27746861,6239277,1,2026-07-29 17:05:01,2026-07-30 16:05:01,2024-02-21 14:19:00
46916731,6239277,1,2026-07-30 05:05:01,2026-07-30 13:05:01,2026-06-30 17:05:01
10126551,6240639,16777473,2026-07-30 14:47:22,2026-07-28 03:05:01,2024-11-04 20:05:01
14315827,6240639,65537,2024-03-08 19:31:00,2026-07-30 16:05:01,2023-10-21 21:57:00
27746861,6240639,1,2026-07-29 17:05:01,2026-07-30 16:05:01,2024-02-21 14:19:00
46916731,6240639,1,2026-07-30 05:05:01,2026-07-30 13:05:01,2026-06-30 17:05:01
10126551,6241263,16777473,2026-07-30 14:47:22,2026-07-11 22:05:02,2024-11-04 20:05:01
14315827,6241263,65537,2024-03-08 19:31:00,2026-07-30 16:05:01,2023-10-21 21:57:00
27746861,6241263,1,2026-07-29 17:05:01,2026-07-29 16:05:01,2024-02-21 14:19:00
46916731,6241263,1,2026-07-30 05:05:01,2026-07-30 01:05:01,2026-06-30 17:05:01
10126551,6241760,16777473,2026-07-30 14:47:22,2026-07-10 10:05:01,2024-11-04 20:05:01
14315827,6018925,65537,2024-03-08 19:31:00,2026-07-30 16:05:01,2023-10-21 21:57:00
46916731,6018925,1,2026-07-30 05:05:01,2026-07-30 16:05:01,2026-06-24 04:05:01
4813816,6019130,1,2026-07-30 01:05:01,2026-07-30 12:05:01,2024-02-25 04:00:00
10126551,6019130,16777473,2026-07-30 14:47:22,2026-07-28 00:05:01,2024-10-21 02:05:01
14315827,6019130,65537,2024-03-08 19:31:00,2026-07-30 16:05:01,2023-10-21 21:57:00
46916731,6019130,1,2026-07-30 05:05:01,2026-07-30 16:05:01,2026-06-24 17:05:01
10008096,6019228,1,2026-06-20 12:05:01,2026-07-30 16:05:01,2024-02-07 09:47:00
10126551,6019228,16777473,2026-07-30 14:47:22,2026-07-30 10:05:01,2024-10-21 19:05:01
46916731,6019228,1,2026-07-30 05:05:01,2026-07-30 16:05:01,2024-08-12 18:05:02
10126551,6021146,16777473,2026-07-30 14:47:22,2026-07-23 10:05:01,2024-11-04 20:05:01
14315827,6021146,65537,2024-03-08 19:31:00,2026-07-30 16:05:01,2023-10-21 21:57:00
14757368,6021146,1,2026-07-28 09:05:01,2026-07-30 16:05:01,2024-08-12 23:05:01
27746861,6021146,1,2026-07-29 17:05:01,2026-07-30 16:05:01,2024-02-21 14:19:00
5842730,6024348,1,2026-07-30 01:05:01,2026-07-30 16:05:01,2025-11-09 15:05:01
10126551,6024348,16777473,2026-07-30 14:47:22,2026-07-10 10:05:01,2024-11-04 20:05:01
14315827,6024348,65537,2024-03-08 19:31:00,2026-07-30 16:05:01,2023-10-21 21:57:00
27746861,6024348,1,2026-07-29 17:05:01,2026-07-29 16:05:01,2024-03-12 12:31:00
7664177,6040093,1,2026-07-30 00:05:01,2026-07-17 15:05:01,2024-02-24 03:15:00
10126551,6040093,16777473,2026-07-30 14:47:22,2026-07-10 10:05:01,2024-10-21 02:05:01
14315827,6040093,65537,2024-03-08 19:31:00,2026-07-30 16:05:01,2023-10-21 21:57:00
670524,6047255,0,,2026-07-30 16:05:01,
6449581,6047255,1,2026-07-15 04:24:18,2026-07-30 13:05:01,2024-02-19 00:00:00
10126551,6047255,16777473,2026-07-30 14:47:22,2026-07-28 00:05:01,2024-10-21 02:05:01
14757368,6047255,1,2026-07-28 09:05:01,2026-07-30 16:05:01,2024-08-12 23:05:01
32873098,6047255,1,2026-06-02 16:05:01,2026-07-30 16:05:01,2026-04-12 21:05:01
10126551,6047719,16777473,2026-07-30 14:47:22,2026-07-28 05:05:01,2024-10-21 19:05:01
14315827,6047719,65537,2024-03-08 19:31:00,2026-07-30 16:05:01,2023-10-21 21:57:00
27746861,6047719,1,2026-07-29 17:05:01,2026-07-30 14:05:02,2024-02-21 14:19:00
46916731,6047719,1,2026-07-30 05:05:01,2026-07-30 13:05:01,2026-06-24 17:05:01
10126551,6049397,16777473,2026-07-30 14:47:22,2026-07-26 03:05:01,2024-10-21 19:05:01
27746861,6049397,1,2026-07-29 17:05:01,2026-07-30 16:05:01,2024-02-21 14:19:00
46916731,6049397,1,2026-07-30 05:05:01,2026-07-30 16:05:01,2026-06-24 04:05:01
50325130,6049397,1,2026-04-13 11:05:02,2026-07-30 16:05:01,2026-01-12 11:05:01
670524,6049455,0,,2026-07-30 16:05:01,
4813816,6049455,1,2026-07-30 01:05:01,2026-07-30 16:05:01,2024-02-25 04:00:00
6449581,6049455,1,2026-07-15 04:24:18,2026-07-30 13:05:01,2024-02-19 00:00:00
10126551,6049455,16777473,2026-07-30 14:47:22,2026-07-28 00:05:01,2024-10-21 02:05:01
32873098,6049455,1,2026-06-02 16:05:01,2026-07-30 16:05:01,2026-05-02 15:05:00
4813816,6053762,1,2026-07-30 01:05:01,2026-07-30 04:05:01,2024-02-25 04:00:00
10126551,6053762,16777473,2026-07-30 14:47:22,2026-07-28 03:05:01,2024-11-04 20:05:01
27746861,6053762,1,2026-07-29 17:05:01,2026-07-30 05:05:01,2024-02-21 14:19:00
46916731,6053762,1,2026-07-30 05:05:01,2026-07-30 05:05:01,2026-06-30 17:05:01
10126551,6053997,16777473,2026-07-30 14:47:22,2026-07-30 04:05:01,2024-11-01 18:05:01
14315827,6053997,65537,2024-03-08 19:31:00,2026-07-30 16:05:01,2023-10-21 21:57:00
27746861,6053997,1,2026-07-29 17:05:01,2026-07-30 16:05:01,2024-03-12 12:31:00
46916731,6053997,1,2026-07-30 05:05:01,2026-07-30 13:05:01,2026-06-24 17:05:01
10126551,6054149,16777473,2026-07-30 14:47:22,2026-07-21 23:05:02,2024-10-21 19:05:01
14315827,6054149,65537,2024-03-08 19:31:00,2026-07-30 16:05:01,2023-10-21 21:57:00
27746861,6054149,1,2026-07-29 17:05:01,2026-07-30 10:05:01,2024-02-21 14:19:00
46916731,6054149,1,2026-07-30 05:05:01,2026-07-30 11:05:01,2026-06-30 17:05:01
10126551,6054818,16777473,2026-07-30 14:47:22,2026-07-30 03:05:02,2024-11-04 20:05:01
14315827,6054818,65537,2024-03-08 19:31:00,2026-07-30 16:05:01,2023-10-21 21:57:00
27746861,6054818,1,2026-07-29 17:05:01,2026-07-30 16:05:01,2024-02-21 14:19:00
46916731,6054818,1,2026-07-30 05:05:01,2026-07-30 16:05:01,2024-08-12 18:05:02
4813816,6054825,1,2026-07-30 01:05:01,2026-07-30 16:05:01,2024-02-25 04:00:00
7664177,6054825,1,2026-07-30 00:05:01,2026-07-30 16:05:01,2024-02-24 03:15:00
10126551,6054825,16777473,2026-07-30 14:47:22,2026-07-30 03:05:02,2024-11-04 20:05:01
46916731,6054825,1,2026-07-30 05:05:01,2026-07-30 14:05:02,2024-08-12 18:05:02
4813816,6056131,1,2026-07-30 01:05:01,2026-07-30 10:05:01,2024-02-25 04:00:00
10126551,6056131,16777473,2026-07-30 14:47:22,2026-07-30 00:05:01,2024-10-21 19:05:01
14757368,6056131,1,2026-07-28 09:05:01,2026-07-30 16:05:01,2024-08-12 23:05:01
27746861,6056131,1,2026-07-29 17:05:01,2026-07-30 16:05:01,2024-02-21 14:19:00
5220206,6069323,0,,2026-07-30 16:05:01,
10126551,6069323,16777473,2026-07-30 14:47:22,2026-07-10 10:05:01,2024-11-04 20:05:01
27746861,6069323,1,2026-07-29 17:05:01,2026-07-29 16:05:01,2024-03-12 12:31:00
6449581,6071587,1,2026-07-15 04:24:18,2026-07-30 13:05:01,2024-02-19 00:00:00
10126551,6071587,16777473,2026-07-30 14:47:22,2026-07-10 10:05:01,2024-11-04 20:05:01
27746861,6071587,1,2026-07-29 17:05:01,2026-07-30 09:05:01,2024-02-21 14:19:00
46916731,6071587,1,2026-07-30 05:05:01,2026-07-30 09:05:01,2026-06-30 17:05:01
4813816,6074246,1,2026-07-30 01:05:01,2026-07-30 14:05:02,2024-02-25 04:00:00
10126551,6074246,16777473,2026-07-30 14:47:22,2026-07-28 21:05:01,2024-10-21 02:05:01
14315827,6074246,65537,2024-03-08 19:31:00,2026-07-30 16:05:01,2023-10-21 21:57:00
46916731,6074246,1,2026-07-30 05:05:01,2026-07-30 16:05:01,2026-06-24 17:05:01
10126551,6075557,16777473,2026-07-30 14:47:22,2026-07-10 10:05:01,2024-11-04 20:05:01
14315827,6075557,65537,2024-03-08 19:31:00,2026-07-30 16:05:01,2023-10-21 21:57:00
27746861,6075557,1,2026-07-29 17:05:01,2026-07-29 16:05:01,2024-03-12 12:31:00
4813816,6076144,1,2026-07-30 01:05:01,2026-07-30 03:05:02,2024-02-25 04:00:00
5220206,6076144,0,,2026-07-30 16:05:01,
10126551,6076144,16777473,2026-07-30 14:47:22,2026-07-22 02:05:01,2024-11-04 20:05:01
27746861,6076144,1,2026-07-29 17:05:01,2026-07-30 09:05:01,2024-02-21 14:19:00
4813816,6082032,1,2026-07-30 01:05:01,2026-07-21 02:05:01,2024-02-25 04:00:00
10126551,6082032,16777473,2026-07-30 14:47:22,2026-07-10 10:05:01,2024-11-04 20:05:01
27746861,6082032,1,2026-07-29 17:05:01,2026-07-29 16:05:01,2024-02-21 14:19:00
670524,6082628,1,2026-03-11 10:26:57,2026-07-30 16:05:01,2025-04-03 02:05:01
10126551,6082628,16777473,2026-07-30 14:47:22,2026-07-10 10:05:01,2024-11-04 20:05:01
14757368,6082628,1,2026-07-28 09:05:01,2026-07-30 16:05:01,2024-02-24 23:50:00
27746861,6082628,1,2026-07-29 17:05:01,2026-07-29 16:05:01,2024-03-12 12:31:00
769018,6106965,0,,2026-07-30 16:05:01,
10126551,6106965,16777473,2026-07-30 14:47:22,2026-07-10 10:05:01,2024-11-04 20:05:01
14315827,6106965,65537,2024-03-08 19:31:00,2026-07-30 16:05:01,2023-10-21 21:57:00
27746861,6106965,1,2026-07-29 17:05:01,2026-07-29 16:05:01,2024-02-21 14:19:00
4813816,6107237,1,2026-07-30 01:05:01,2026-07-30 14:05:02,2024-02-25 04:00:00
10126551,6107237,16777473,2026-07-30 14:47:22,2026-07-30 05:05:01,2024-10-21 19:05:01
14757368,6107237,1,2026-07-28 09:05:01,2026-07-30 16:05:01,2024-02-24 23:50:00
46916731,6107237,1,2026-07-30 05:05:01,2026-07-30 16:05:01,2024-08-12 18:05:02
10126551,6112480,16777473,2026-07-30 14:47:22,2026-07-10 10:05:01,2024-11-01 18:05:01
27746861,6112480,1,2026-07-29 17:05:01,2026-07-29 16:05:01,2024-03-12 12:31:00
10126551,6130444,16777473,2026-07-30 14:47:22,2026-07-21 06:05:02,2024-11-01 18:05:01
14315827,6130444,65537,2024-03-08 19:31:00,2026-07-30 16:05:01,2023-10-21 21:57:00
27746861,6130444,1,2026-07-29 17:05:01,2026-07-30 08:05:01,2024-02-21 14:19:00
4813816,6131796,1,2026-07-30 01:05:01,2026-07-30 16:05:01,2024-02-25 04:00:00
10008096,6131796,1,2026-06-20 12:05:01,2026-07-29 02:05:01,2024-02-07 09:47:00
10126551,6131796,16777473,2026-07-30 14:47:22,2026-07-28 04:05:01,2024-11-04 17:05:01
14757368,6131796,1,2026-07-28 09:05:01,2026-07-30 16:05:01,2025-03-22 13:05:01
10126551,6131979,16777473,2026-07-30 14:47:22,2026-07-30 01:05:01,2024-10-21 02:05:01
14315827,6131979,65537,2024-03-08 19:31:00,2026-07-30 16:05:01,2023-10-21 21:57:00
27746861,6131979,1,2026-07-29 17:05:01,2026-07-30 16:05:01,2024-02-21 14:19:00
46916731,6131979,1,2026-07-30 05:05:01,2026-07-30 15:05:01,2026-06-24 17:05:01
10008096,6133752,1,2026-06-20 12:05:01,2026-07-30 06:05:01,2024-02-07 09:47:00
10126551,6133752,16777473,2026-07-30 14:47:22,2026-07-26 03:05:01,2024-10-21 02:05:01
27746861,6133752,1,2026-07-29 17:05:01,2026-07-30 16:05:01,2024-02-21 14:19:00
46916731,6133752,1,2026-07-30 05:05:01,2026-07-30 16:05:01,2026-06-30 17:05:01
10008096,6133761,1,2026-06-20 12:05:01,2026-07-29 01:05:01,2024-02-07 09:47:00
10126551,6133761,16777473,2026-07-30 14:47:22,2026-07-28 00:05:01,2024-10-21 02:05:01
27746861,6133761,1,2026-07-29 17:05:01,2026-07-30 02:05:01,2024-02-21 14:19:00
46916731,6133761,1,2026-07-30 05:05:01,2026-07-30 05:05:01,2026-06-24 17:05:01
670524,6133900,0,,2026-07-30 16:05:01,
10008096,6133900,1,2026-06-20 12:05:01,2026-07-30 16:05:01,2024-02-07 09:47:00
10126551,6133900,16777473,2026-07-30 14:47:22,2026-07-28 23:05:01,2024-10-21 19:05:01
14757368,6133900,1,2026-07-28 09:05:01,2026-07-30 16:05:01,2024-08-12 23:05:01
46916731,6133900,1,2026-07-30 05:05:01,2026-07-30 16:05:01,2026-06-24 04:05:01
4813816,6134854,1,2026-07-30 01:05:01,2026-07-10 11:05:01,2024-02-25 04:00:00
10126551,6134854,16777473,2026-07-30 14:47:22,2026-07-10 10:05:01,2024-11-04 20:05:01
27746861,6134854,1,2026-07-29 17:05:01,2026-07-29 16:05:01,2024-02-21 14:19:00
10008096,6139213,1,2026-06-20 12:05:01,2026-07-29 06:05:01,2024-02-07 09:47:00
10126551,6139213,16777473,2026-07-30 14:47:22,2026-07-28 23:05:01,2024-10-21 02:05:01
27746861,6139213,1,2026-07-29 17:05:01,2026-07-30 16:05:01,2024-02-21 14:19:00
46916731,6139213,1,2026-07-30 05:05:01,2026-07-30 16:05:01,2026-06-30 17:05:01
769018,6139987,0,,2026-07-30 16:05:01,
10126551,6139987,16777473,2026-07-30 14:47:22,2026-07-27 04:05:01,2024-10-21 02:05:01
27746861,6139987,1,2026-07-29 17:05:01,2026-07-30 12:05:01,2024-02-21 14:19:00
46916731,6139987,1,2026-07-30 05:05:01,2026-07-30 12:05:01,2026-06-30 17:05:01
10126551,6140946,16777473,2026-07-30 14:47:22,2026-07-11 20:35:52,2024-11-01 18:05:01
14315827,6140946,65537,2024-03-08 19:31:00,2026-07-30 16:05:01,2023-10-21 21:57:00
27746861,6140946,1,2026-07-29 17:05:01,2026-07-30 10:05:01,2024-03-12 12:31:00
46916731,6140946,1,2026-07-30 05:05:01,2026-07-30 15:05:01,2026-06-30 17:05:01
10126551,6149818,16777473,2026-07-30 14:47:22,2026-07-28 10:05:01,2024-10-21 02:05:01
14315827,6149818,65537,2024-03-08 19:31:00,2026-07-30 16:05:01,2023-10-21 21:57:00
27746861,6149818,1,2026-07-29 17:05:01,2026-07-30 16:05:01,2024-02-21 14:19:00
46916731,6149818,1,2026-07-30 05:05:01,2026-07-30 13:05:01,2026-06-24 17:05:01
4813816,6151800,1,2026-07-30 01:05:01,2026-07-30 16:05:01,2024-02-25 04:00:00
10008096,6151800,1,2026-06-20 12:05:01,2026-07-30 16:05:01,2024-02-07 09:47:00
10126551,6151800,16777473,2026-07-30 14:47:22,2026-07-28 04:05:01,2024-10-21 19:05:01
46916731,6151800,1,2026-07-30 05:05:01,2026-07-30 16:05:01,2026-06-24 04:05:01
10126551,6152290,16777473,2026-07-30 14:47:22,2026-07-10 10:05:01,2024-11-04 20:05:01
14315827,6152290,65537,2024-03-08 19:31:00,2026-07-30 16:05:01,2023-10-21 21:57:00
14757368,6152290,1,2026-07-28 09:05:01,2026-07-30 16:05:01,2024-02-24 23:50:00
4813816,6154178,1,2026-07-30 01:05:01,2026-07-30 16:05:01,2024-02-25 04:00:00
10126551,6154178,16777473,2026-07-30 14:47:22,2026-07-30 05:05:01,2024-10-21 02:05:01
27746861,6154178,1,2026-07-29 17:05:01,2026-07-30 16:05:01,2024-02-21 14:19:00
46916731,6154178,1,2026-07-30 05:05:01,2026-07-30 16:05:01,2026-06-24 17:05:01
4813816,6154220,1,2026-07-30 01:05:01,2026-07-10 17:05:02,2024-02-25 04:00:00
10008096,6154220,1,2026-06-20 12:05:01,2026-07-27 18:05:01,2024-02-07 09:47:00
10126551,6154220,16777473,2026-07-30 14:47:22,2026-07-10 10:05:01,2024-11-04 14:05:01
46916731,6154220,1,2026-07-30 05:05:01,2026-07-29 23:05:01,2024-11-04 18:05:01
7664177,6166779,1,2026-07-30 00:05:01,2026-07-30 13:05:01,2024-02-24 03:15:00
10008096,6166779,1,2026-06-20 12:05:01,2026-07-29 02:05:01,2024-02-07 09:47:00
10126551,6166779,16777473,2026-07-30 14:47:22,2026-07-28 22:05:01,2024-10-21 02:05:01
46916731,6166779,1,2026-07-30 05:05:01,2026-07-30 16:05:01,2026-06-24 17:05:01
10126551,6166880,16777473,2026-07-30 14:47:22,2026-07-28 04:05:01,2024-11-04 20:05:01
14315827,6166880,65537,2024-03-08 19:31:00,2026-07-30 16:05:01,2023-10-21 21:57:00
27746861,6166880,1,2026-07-29 17:05:01,2026-07-30 16:05:01,2024-02-21 14:19:00
46916731,6166880,1,2026-07-30 05:05:01,2026-07-30 16:05:01,2026-06-24 17:05:01
4813816,6167808,1,2026-07-30 01:05:01,2026-07-29 11:05:01,2024-02-25 04:00:00
10126551,6167808,16777473,2026-07-30 14:47:22,2026-07-27 02:05:01,2024-10-21 19:05:01
46916731,6167808,1,2026-07-30 05:05:01,2026-07-30 01:05:01,2026-06-24 04:05:01
4813816,6167983,1,2026-07-30 01:05:01,2026-07-30 16:05:01,2024-02-25 04:00:00
10126551,6167983,16777473,2026-07-30 14:47:22,2026-07-30 05:05:01,2024-10-21 02:05:01
14315827,6167983,65537,2024-03-08 19:31:00,2026-07-30 16:05:01,2023-10-21 21:57:00
14757368,6167983,1,2026-07-28 09:05:01,2026-07-30 16:05:01,2024-08-12 23:05:01
4813816,6171179,1,2026-07-30 01:05:01,2026-07-30 06:05:01,2024-02-25 04:00:00
10126551,6171179,16777473,2026-07-30 14:47:22,2026-07-10 11:05:01,2024-11-04 20:05:01
14315827,6171179,65537,2024-03-08 19:31:00,2026-07-30 16:05:01,2023-10-21 21:57:00
46916731,6171179,1,2026-07-30 05:05:01,2026-07-30 08:05:01,2026-06-30 17:05:01
5220206,6171511,0,,2026-07-30 16:05:01,
10126551,6171511,16777473,2026-07-30 14:47:22,2026-07-10 10:05:01,2024-11-04 20:05:01
27746861,6171511,1,2026-07-29 17:05:01,2026-07-29 16:05:01,2024-03-12 12:31:00
10126551,6178346,16777473,2026-07-30 14:47:22,2026-07-27 04:05:01,2024-11-04 20:05:01
27746861,6178346,1,2026-07-29 17:05:01,2026-07-29 16:05:01,2024-02-21 14:19:00
46916731,6178346,1,2026-07-30 05:05:01,2026-07-29 23:05:01,2026-06-30 17:05:01
4813816,6180269,1,2026-07-30 01:05:01,2026-07-30 16:05:01,2024-02-25 04:00:00
10126551,6180269,16777473,2026-07-30 14:47:22,2026-07-30 11:05:01,2024-11-01 18:05:01
46916731,6180269,1,2026-07-30 05:05:01,2026-07-30 16:05:01,2026-06-24 17:05:01
4813816,6182523,1,2026-07-30 01:05:01,2026-07-30 16:05:01,2024-02-25 04:00:00
10126551,6182523,16777473,2026-07-30 14:47:22,2026-07-28 04:05:01,2024-10-21 02:05:01
14315827,6182523,65537,2024-03-08 19:31:00,2026-07-30 16:05:01,2023-10-21 21:57:00
46916731,6182523,1,2026-07-30 05:05:01,2026-07-30 16:05:01,2026-06-24 17:05:01
4813816,6184123,1,2026-07-30 01:05:01,2026-07-30 16:05:01,2024-02-25 04:00:00
10126551,6184123,16777473,2026-07-30 14:47:22,2026-07-30 04:05:01,2024-10-21 19:05:01
14315827,6184123,65537,2024-03-08 19:31:00,2026-07-30 16:05:01,2023-10-21 21:57:00
14757368,6184123,1,2026-07-28 09:05:01,2026-07-30 16:05:01,2025-03-22 13:05:01
4813816,6192374,1,2026-07-30 01:05:01,2026-07-30 06:05:01,2024-02-25 04:00:00
10126551,6192374,16777473,2026-07-30 14:47:22,2026-07-28 02:05:01,2024-10-21 02:05:01
27746861,6192374,1,2026-07-29 17:05:01,2026-07-30 16:05:01,2024-02-21 14:19:00
46916731,6192374,1,2026-07-30 05:05:01,2026-07-30 16:05:01,2026-06-24 17:05:01
5220206,6193232,0,,2026-07-30 16:05:01,
10126551,6193232,16777473,2026-07-30 14:47:22,2026-07-28 22:05:01,2024-10-21 19:05:01
32873098,6193232,1,2026-06-02 16:05:01,2026-07-30 16:05:01,2026-04-12 21:05:01
46916731,6193232,1,2026-07-30 05:05:01,2026-07-30 16:05:01,2026-06-30 17:05:01
10126551,6194557,16777473,2026-07-30 14:47:22,2026-07-10 11:05:01,2024-11-04 20:05:01
14757368,6194557,1,2026-07-28 09:05:01,2026-07-30 16:05:01,2024-02-24 23:50:00
46916731,6194557,1,2026-07-30 05:05:01,2026-07-29 23:05:01,2024-08-12 18:05:02
4813816,6194754,1,2026-07-30 01:05:01,2026-07-30 16:05:01,2024-02-25 04:00:00
10126551,6194754,16777473,2026-07-30 14:47:22,2026-07-28 00:05:01,2024-11-04 20:05:01
14757368,6194754,1,2026-07-28 09:05:01,2026-07-30 16:05:01,2025-03-22 13:05:01
46916731,6194754,1,2026-07-30 05:05:01,2026-07-30 16:05:01,2026-06-24 04:05:01
4813816,6197874,1,2026-07-30 01:05:01,2026-07-10 11:05:01,2024-02-25 04:00:00
10126551,6197874,16777473,2026-07-30 14:47:22,2026-07-10 10:05:01,2024-11-04 20:05:01
27746861,6197874,1,2026-07-29 17:05:01,2026-07-29 16:05:01,2024-02-21 14:19:00
4813816,6211450,1,2026-07-30 01:05:01,2026-07-30 13:05:01,2024-02-25 04:00:00
10126551,6211450,16777473,2026-07-30 14:47:22,2026-07-30 04:05:01,2024-10-21 02:05:01
27746861,6211450,1,2026-07-29 17:05:01,2026-07-30 15:05:01,2024-02-21 14:19:00
46916731,6211450,1,2026-07-30 05:05:01,2026-07-30 16:05:01,2026-06-24 17:05:01
4813816,6213981,1,2026-07-30 01:05:01,2026-07-30 16:05:01,2024-02-25 04:00:00
10126551,6213981,16777473,2026-07-30 14:47:22,2026-07-30 13:05:01,2024-10-21 02:05:01
14757368,6213981,1,2026-07-28 09:05:01,2026-07-30 16:05:01,2025-03-22 13:05:01
4813816,6216764,1,2026-07-30 01:05:01,2026-07-10 11:05:01,2024-02-25 04:00:00
10126551,6216764,16777473,2026-07-30 14:47:22,2026-07-10 10:05:01,2024-11-04 20:05:01
14757368,6216764,1,2026-07-28 09:05:01,2026-07-30 16:05:01,2024-02-24 23:50:00
46916731,6216764,1,2026-07-30 05:05:01,2026-07-29 23:05:01,2024-08-12 18:05:02
10126551,6221182,16777473,2026-07-30 14:47:22,2026-07-28 00:05:01,2024-10-21 02:05:01
14315827,6221182,65537,2024-03-08 19:31:00,2026-07-30 16:05:01,2023-10-21 21:57:00
14757368,6221182,1,2026-07-28 09:05:01,2026-07-30 16:05:01,2025-03-22 13:05:01
27746861,6221182,1,2026-07-29 17:05:01,2026-07-30 16:05:01,2024-02-21 14:19:00
4813816,6221901,1,2026-07-30 01:05:01,2026-07-30 16:05:01,2024-02-25 04:00:00
10126551,6221901,16777473,2026-07-30 14:47:22,2026-07-28 23:05:01,2024-10-21 19:05:01
27746861,6221901,1,2026-07-29 17:05:01,2026-07-30 16:05:01,2024-02-21 14:19:00
46916731,6221901,1,2026-07-30 05:05:01,2026-07-30 16:05:01,2026-06-24 04:05:01
10126551,6223401,16777473,2026-07-30 14:47:22,2026-07-30 03:05:02,2024-11-04 20:05:01
46916731,6223401,1,2026-07-30 05:05:01,2026-07-30 13:05:01,2026-06-30 17:05:01
10126551,6224461,16777473,2026-07-30 14:47:22,2026-07-28 00:05:01,2024-11-04 20:05:01
14757368,6224461,1,2026-07-28 09:05:01,2026-07-30 16:05:01,2025-03-22 13:05:01
46916731,6224461,1,2026-07-30 05:05:01,2026-07-30 14:05:02,2026-06-24 17:05:01
10126551,6224764,16777473,2026-07-30 14:47:22,2026-07-30 01:05:01,2024-10-21 02:05:01
27746861,6224764,1,2026-07-29 17:05:01,2026-07-30 16:05:01,2024-02-21 14:19:00
46916731,6224764,1,2026-07-30 05:05:01,2026-07-30 16:05:01,2026-06-24 17:05:01
4813816,6224928,1,2026-07-30 01:05:01,2026-07-30 15:05:01,2024-02-25 04:00:00
10126551,6224928,16777473,2026-07-30 14:47:22,2026-07-28 21:05:01,2024-10-21 02:05:01
27746861,6224928,1,2026-07-29 17:05:01,2026-07-30 16:05:01,2024-02-21 14:19:00
46916731,6224928,1,2026-07-30 05:05:01,2026-07-30 16:05:01,2026-06-30 17:05:01
10126551,6231551,16777473,2026-07-30 14:47:22,2026-07-18 07:05:01,2024-11-04 20:05:01
27746861,6231551,1,2026-07-29 17:05:01,2026-07-29 16:05:01,2024-03-12 12:31:00
46916731,6231551,1,2026-07-30 05:05:01,2026-07-29 23:05:01,2026-06-30 17:05:01
10126551,6232313,16777473,2026-07-30 14:47:22,2026-07-28 02:05:01,2024-10-21 02:05:01
14315827,6232313,65537,2024-03-08 19:31:00,2026-07-30 16:05:01,2023-10-21 21:57:00
27746861,6232313,1,2026-07-29 17:05:01,2026-07-30 16:05:01,2024-02-21 14:19:00
46916731,6232313,1,2026-07-30 05:05:01,2026-07-30 16:05:01,2026-06-24 17:05:01
4813816,6234455,1,2026-07-30 01:05:01,2026-07-30 16:05:01,2024-02-25 04:00:00
7664177,6234455,1,2026-07-30 00:05:01,2026-07-30 16:05:01,2024-02-24 03:15:00
10126551,6234455,16777473,2026-07-30 14:47:22,2026-07-30 01:05:01,2024-10-21 19:05:01
46916731,6234455,1,2026-07-30 05:05:01,2026-07-30 16:05:01,2026-06-24 04:05:01
4813816,6236133,1,2026-07-30 01:05:01,2026-07-30 16:05:01,2024-02-25 04:00:00
10126551,6236133,16777473,2026-07-30 14:47:22,2026-07-30 05:05:01,2024-10-21 02:05:01
27746861,6236133,1,2026-07-29 17:05:01,2026-07-30 16:05:01,2024-02-21 14:19:00
4813816,6236144,1,2026-07-30 01:05:01,2026-07-30 16:05:01,2024-02-25 04:00:00
10126551,6236144,16777473,2026-07-30 14:47:22,2026-07-30 05:05:01,2024-10-21 02:05:01
14757368,6236144,1,2026-07-28 09:05:01,2026-07-30 16:05:01,2025-03-22 13:05:01
46916731,6236144,1,2026-07-30 05:05:01,2026-07-30 16:05:01,2026-06-24 17:05:01
4813816,6244350,1,2026-07-30 01:05:01,2026-07-30 15:05:01,2024-02-25 04:00:00
14315827,6241760,65537,2024-03-08 19:31:00,2026-07-30 16:05:01,2023-10-21 21:57:00
14757368,6241760,1,2026-07-28 09:05:01,2026-07-30 16:05:01,2024-02-24 23:50:00
769018,6242703,0,,2026-07-30 16:05:01,
10126551,6242703,16777473,2026-07-30 14:47:22,2026-07-10 10:05:01,2024-11-04 20:05:01
14315827,6242703,65537,2024-03-08 19:31:00,2026-07-30 16:05:01,2023-10-21 21:57:00
4813816,6273944,1,2026-07-30 01:05:01,2026-07-30 16:05:01,2024-02-25 04:00:00
7664177,6273944,1,2026-07-30 00:05:01,2026-07-30 16:05:01,2024-02-24 03:15:00
10126551,6273944,16777473,2026-07-30 14:47:22,2026-07-28 04:05:01,2024-10-21 19:05:01
46916731,6273944,1,2026-07-30 05:05:01,2026-07-30 16:05:01,2026-06-24 04:05:01
4813816,6277230,1,2026-07-30 01:05:01,2026-07-30 12:05:01,2024-02-25 04:00:00
10126551,6277230,16777473,2026-07-30 14:47:22,2026-07-27 02:05:01,2024-10-21 17:05:01
27746861,6277230,1,2026-07-29 17:05:01,2026-07-30 16:05:01,2024-02-21 14:19:00
46916731,6277230,1,2026-07-30 05:05:01,2026-07-30 16:05:01,2026-06-24 17:05:01
4813816,6278146,1,2026-07-30 01:05:01,2026-07-30 16:05:01,2024-02-25 04:00:00
10126551,6278146,16777473,2026-07-30 14:47:22,2026-07-30 16:05:01,2024-10-21 19:05:01
14757368,6278146,1,2026-07-28 09:05:01,2026-07-30 16:05:01,2025-03-22 13:05:01
5220206,6279496,0,,2026-07-30 16:05:01,
10126551,6279496,16777473,2026-07-30 14:47:22,2026-07-10 11:05:01,2024-10-21 02:05:01
14315827,6279496,65537,2024-03-08 19:31:00,2026-07-30 16:05:01,2023-10-21 21:57:00
27746861,6279496,1,2026-07-29 17:05:01,2026-07-30 16:05:01,2024-02-21 14:19:00
4813816,6280835,1,2026-07-30 01:05:01,2026-07-30 09:05:01,2024-02-25 04:00:00
10126551,6280835,16777473,2026-07-30 14:47:22,2026-07-28 00:05:01,2024-10-21 02:05:01
14757368,6280835,1,2026-07-28 09:05:01,2026-07-30 16:05:01,2025-03-22 13:05:01
4813816,6280841,1,2026-07-30 01:05:01,2026-07-30 16:05:01,2024-02-25 04:00:00
10126551,6280841,16777473,2026-07-30 14:47:22,2026-07-30 05:05:01,2024-10-21 19:05:01
14757368,6280841,1,2026-07-28 09:05:01,2026-07-30 16:05:01,2025-03-22 13:05:01
10126551,6282039,16777473,2026-07-30 14:47:22,2026-07-27 04:05:01,2024-11-04 20:05:01
27746861,6282039,1,2026-07-29 17:05:01,2026-07-30 15:05:01,2024-02-21 14:19:00
46916731,6282039,1,2026-07-30 05:05:01,2026-07-30 15:05:01,2026-06-24 04:05:01
5220206,6283922,0,,2026-07-30 16:05:01,
7664177,6283922,1,2026-07-30 00:05:01,2026-07-30 16:05:01,2024-02-24 03:15:00
10126551,6283922,16777473,2026-07-30 14:47:22,2026-07-28 00:05:01,2024-11-04 20:05:01
27746861,6283922,1,2026-07-29 17:05:01,2026-07-30 16:05:01,2024-02-21 14:19:00
10126551,6285459,16777473,2026-07-30 14:47:22,2026-07-10 10:05:01,2024-11-01 18:05:01
27746861,6285459,1,2026-07-29 17:05:01,2026-07-29 16:05:01,2024-03-12 12:31:00
10126551,6285477,16777473,2026-07-30 14:47:22,2026-07-28 04:05:01,2024-10-21 19:05:01
27746861,6285477,1,2026-07-29 17:05:01,2026-07-30 16:05:01,2024-02-21 14:19:00
46916731,6285477,1,2026-07-30 05:05:01,2026-07-30 13:05:01,2026-06-24 17:05:01
10126551,6293409,16777473,2026-07-30 14:47:22,2026-07-30 05:05:01,2024-10-21 02:05:01
27746861,6293409,1,2026-07-29 17:05:01,2026-07-30 16:05:01,2024-02-21 14:19:00
46916731,6293409,1,2026-07-30 05:05:01,2026-07-30 16:05:01,2026-06-30 17:05:01
7664177,6294040,1,2026-07-30 00:05:01,2026-07-30 16:05:01,2024-02-24 03:15:00
10126551,6294040,16777473,2026-07-30 14:47:22,2026-07-28 00:05:01,2024-10-21 19:05:01
46916731,6294040,1,2026-07-30 05:05:01,2026-07-30 16:05:01,2026-06-24 17:05:01
4813816,6294264,1,2026-07-30 01:05:01,2026-07-30 16:05:01,2024-02-25 04:00:00
7664177,6294264,1,2026-07-30 00:05:01,2026-07-30 16:05:01,2024-02-24 03:15:00
10126551,6294264,16777473,2026-07-30 14:47:22,2026-07-30 01:05:01,2024-11-01 18:05:01
46916731,6294264,1,2026-07-30 05:05:01,2026-07-30 16:05:01,2026-06-24 17:05:01
5220206,6294384,0,,2026-07-30 16:05:01,
10126551,6294384,16777473,2026-07-30 14:47:22,2026-07-10 10:05:01,2024-11-04 20:05:01
27746861,6294384,1,2026-07-29 17:05:01,2026-07-29 16:05:01,2024-03-12 12:31:00
10126551,6294513,16777473,2026-07-30 14:47:22,2026-07-10 10:05:01,2024-11-04 20:05:01
27746861,6294513,1,2026-07-29 17:05:01,2026-07-29 16:05:01,2024-03-12 12:31:00
5220206,6305329,0,,2026-07-30 16:05:01,
10126551,6305329,16777473,2026-07-30 14:47:22,2026-07-10 10:05:01,2024-11-04 20:05:01
27746861,6305329,1,2026-07-29 17:05:01,2026-07-29 16:05:01,2024-03-12 12:31:00
10126551,6305621,16777473,2026-07-30 14:47:22,2026-07-30 05:05:01,2024-10-21 19:05:01
14757368,6305621,1,2026-07-28 09:05:01,2026-07-30 16:05:01,2024-02-24 23:50:00
27746861,6305621,1,2026-07-29 17:05:01,2026-07-30 16:05:01,2024-02-21 14:19:00
46916731,6305621,1,2026-07-30 05:05:01,2026-07-30 14:05:02,2026-06-24 04:05:01
4813816,6309406,1,2026-07-30 01:05:01,2026-07-30 16:05:01,2024-02-25 04:00:00
10126551,6309406,16777473,2026-07-30 14:47:22,2026-07-29 13:05:01,2024-10-21 02:05:01
14757368,6309406,1,2026-07-28 09:05:01,2026-07-30 16:05:01,2025-03-22 13:05:01
27746861,6309406,1,2026-07-29 17:05:01,2026-07-30 16:05:01,2024-02-21 14:19:00
10126551,6310372,16777473,2026-07-30 14:47:22,2026-07-10 10:05:01,2024-11-04 20:05:01
27746861,6310372,1,2026-07-29 17:05:01,2026-07-29 16:05:01,2024-02-21 14:19:00
46916731,6310372,1,2026-07-30 05:05:01,2026-07-29 23:05:01,2026-06-24 04:05:01
4813816,6314687,1,2026-07-26 01:05:02,2026-07-26 10:05:01,2024-02-25 04:00:00
10126551,6314687,16777473,2026-07-30 14:47:22,2026-07-30 01:05:01,2024-10-21 19:05:01
27746861,6314687,1,2026-07-29 17:05:01,2026-07-30 16:05:01,2024-02-21 14:19:00
46916731,6314687,1,2026-07-30 05:05:01,2026-07-30 16:05:01,2026-06-24 17:05:01
5220206,6315624,0,,2026-07-30 16:05:01,
10126551,6315624,16777473,2026-07-30 14:47:22,2026-07-10 10:05:01,2024-11-04 20:05:01
27746861,6315624,1,2026-07-29 17:05:01,2026-07-29 16:05:01,2024-02-21 14:19:00
4813816,6318982,1,2026-07-30 01:05:01,2026-07-30 16:05:01,2024-02-25 04:00:00
10126551,6318982,16777473,2026-07-30 14:47:22,2026-07-28 04:05:01,2024-11-04 20:05:01
14757368,6318982,1,2026-07-28 09:05:01,2026-07-30 16:05:01,2024-02-24 23:50:00
46916731,6318982,1,2026-07-30 05:05:01,2026-07-30 13:05:01,2026-06-24 04:05:01
7664177,6320890,1,2026-07-30 00:05:01,2026-07-15 06:05:01,2024-02-24 03:15:00
10126551,6320890,16777473,2026-07-30 14:47:22,2026-07-10 10:05:01,2024-11-04 20:05:01
46916731,6320890,1,2026-07-30 05:05:01,2026-07-29 23:05:01,2026-06-30 17:05:01
4813816,6320980,1,2026-07-30 01:05:01,2026-07-29 09:05:01,2024-02-25 04:00:00
10126551,6320980,16777473,2026-07-30 14:47:22,2026-07-26 03:05:01,2024-11-04 20:05:01
27746861,6320980,1,2026-07-29 17:05:01,2026-07-29 16:05:01,2024-02-21 14:19:00
46916731,6320980,1,2026-07-30 05:05:01,2026-07-29 23:05:01,2026-06-30 17:05:01
5220206,6328300,0,,2026-07-30 16:05:01,
10126551,6328300,16777473,2026-07-30 14:47:22,2026-07-30 16:05:01,2024-10-21 02:05:01
4813816,6329334,1,2026-07-30 01:05:01,2026-07-30 16:05:01,2024-02-25 04:00:00
10126551,6329334,16777473,2026-07-30 14:47:22,2026-07-30 03:05:02,2024-10-21 19:05:01
14757368,6329334,1,2026-07-28 09:05:01,2026-07-30 16:05:01,2024-08-12 23:05:01
46916731,6329334,1,2026-07-30 05:05:01,2026-07-30 16:05:01,2026-06-24 04:05:01
4813816,6330649,1,2026-07-30 01:05:01,2026-07-30 16:05:01,2024-02-25 04:00:00
10126551,6330649,16777473,2026-07-30 14:47:22,2026-07-28 23:05:01,2024-10-21 02:05:01
27746861,6330649,1,2026-07-29 17:05:01,2026-07-30 16:05:01,2024-02-21 14:19:00
46916731,6330649,1,2026-07-30 05:05:01,2026-07-30 16:05:01,2026-06-24 17:05:01
4813816,6331732,1,2026-07-30 01:05:01,2026-07-30 16:05:01,2024-02-25 04:00:00
7664177,6331732,1,2026-07-30 00:05:01,2026-07-30 16:05:01,2024-02-24 03:15:00
10126551,6331732,16777473,2026-07-30 14:47:22,2026-07-30 01:05:01,2024-10-21 19:05:01
46916731,6331732,1,2026-07-30 05:05:01,2026-07-30 14:05:02,2026-06-24 04:05:01
4813816,6333552,1,2026-07-30 01:05:01,2026-07-30 16:05:01,2024-02-25 04:00:00
10126551,6333552,16777473,2026-07-30 14:47:22,2026-07-30 05:05:01,2024-10-21 19:05:01
14757368,6333552,1,2026-07-28 09:05:01,2026-07-30 16:05:01,2025-03-22 13:05:01
27746861,6333552,1,2026-07-29 17:05:01,2026-07-30 16:05:01,2024-02-21 14:19:00
4813816,6339920,1,2026-07-30 01:05:01,2026-07-10 11:05:01,2024-02-25 04:00:00
10126551,6339920,16777473,2026-07-30 14:47:22,2026-07-10 10:05:01,2024-11-04 20:05:01
27746861,6339920,1,2026-07-29 17:05:01,2026-07-29 16:05:01,2024-03-23 18:53:00
4813816,6340006,1,2026-07-30 01:05:01,2026-07-30 09:05:01,2024-02-25 04:00:00
10126551,6340006,16777473,2026-07-30 14:47:22,2026-07-30 01:05:01,2024-10-21 02:05:01
27746861,6340006,1,2026-07-29 17:05:01,2026-07-30 16:05:01,2024-02-21 14:19:00
46916731,6340006,1,2026-07-30 05:05:01,2026-07-30 13:05:01,2026-06-24 17:05:01
4813816,6342772,1,2026-07-30 01:05:01,2026-07-30 06:05:01,2024-02-25 04:00:00
10126551,6342772,16777473,2026-07-30 14:47:22,2026-07-30 05:05:01,2024-10-21 02:05:01
27746861,6342772,1,2026-07-29 17:05:01,2026-07-30 14:05:02,2024-02-21 14:19:00
46916731,6342772,1,2026-07-30 05:05:01,2026-07-30 14:05:02,2026-06-30 17:05:01
670524,6343157,1,2026-03-11 10:26:57,2026-07-30 16:05:01,2025-04-09 03:05:02
4813816,6343157,1,2026-07-30 01:05:01,2026-07-30 16:05:01,2024-02-25 04:00:00
10126551,6343157,16777473,2026-07-30 14:47:22,2026-07-28 00:05:01,2024-10-21 19:05:01
14757368,6343157,1,2026-07-28 09:05:01,2026-07-30 16:05:01,2025-03-22 13:05:01
4813816,6348175,1,2026-07-30 01:05:01,2026-07-30 10:05:01,2024-02-25 04:00:00
10126551,6348175,16777473,2026-07-30 14:47:22,2026-07-26 15:08:55,2024-10-21 19:05:01
27746861,6348175,1,2026-07-29 17:05:01,2026-07-30 16:05:01,2024-02-21 14:19:00
46916731,6348175,1,2026-07-30 05:05:01,2026-07-30 16:05:01,2026-06-24 04:05:01
10126551,6350359,16777473,2026-07-30 14:47:22,2026-07-19 22:05:01,2024-11-04 20:05:01
27746861,6350359,1,2026-07-29 17:05:01,2026-07-30 16:05:01,2024-02-21 14:19:00
46916731,6350359,1,2026-07-30 05:05:01,2026-07-30 16:05:01,2026-06-24 04:05:01
10126551,6350360,16777473,2026-07-30 14:47:22,2026-07-28 23:05:01,2024-10-21 02:05:01
27746861,6350360,1,2026-07-29 17:05:01,2026-07-30 16:05:01,2024-02-21 14:19:00
46916731,6350360,1,2026-07-30 05:05:01,2026-07-30 16:05:01,2026-06-24 17:05:01
50325130,6350360,1,2026-04-13 11:05:02,2026-07-30 16:05:01,2026-01-12 11:05:01
5220206,6351198,0,,2026-07-30 16:05:01,
10126551,6351198,16777473,2026-07-30 14:47:22,2026-07-30 04:05:01,2024-10-21 19:05:01
27746861,6351198,1,2026-07-29 17:05:01,2026-07-30 16:05:01,2024-02-21 14:19:00
46916731,6351198,1,2026-07-30 05:05:01,2026-07-30 16:05:01,2026-06-30 17:05:01
10126551,6354214,16777473,2026-07-30 14:47:22,2026-07-28 04:05:01,2024-10-21 19:05:01
27746861,6354214,1,2026-07-29 17:05:01,2026-07-30 16:05:01,2024-02-21 14:19:00
46916731,6354214,1,2026-07-30 05:05:01,2026-07-30 13:05:01,2026-06-24 04:05:01
4813816,6354299,1,2026-07-30 01:05:01,2026-07-30 06:05:01,2024-02-25 04:00:00
7664177,6354299,1,2026-07-30 00:05:01,2026-07-30 06:05:01,2024-02-24 03:15:00
10126551,6354299,16777473,2026-07-30 14:47:22,2026-07-28 03:05:01,2024-11-04 20:05:01
46916731,6354299,1,2026-07-30 05:05:01,2026-07-30 07:05:01,2026-06-30 17:05:01
5220206,6356750,0,,2026-07-30 16:05:01,
10126551,6356750,16777473,2026-07-30 14:47:22,2026-07-10 10:05:01,2024-11-04 20:05:01
27746861,6356750,1,2026-07-29 17:05:01,2026-07-30 06:05:01,2024-03-12 12:31:00
4813816,6357473,1,2026-07-30 01:05:01,2026-07-16 14:05:01,2024-02-25 04:00:00
5220206,6357473,0,,2026-07-30 16:05:01,
10126551,6357473,16777473,2026-07-30 14:47:22,2026-07-11 20:35:52,2024-11-04 20:05:01
27746861,6357473,1,2026-07-29 17:05:01,2026-07-29 16:05:01,2024-02-21 14:19:00
670524,6358070,0,,2026-07-30 16:05:01,
4813816,6358070,1,2026-07-30 01:05:01,2026-07-30 16:05:01,2024-02-25 04:00:00
10126551,6358070,16777473,2026-07-30 14:47:22,2026-07-27 02:05:01,2024-10-21 02:05:01
32873098,6358070,1,2026-06-02 16:05:01,2026-07-30 16:05:01,2026-04-12 21:05:01
10126551,6363122,16777473,2026-07-30 14:47:22,2026-07-10 10:05:01,2024-11-01 18:05:01
27746861,6363122,1,2026-07-29 17:05:01,2026-07-30 09:05:01,2024-03-12 12:31:00
46916731,6363122,1,2026-07-30 05:05:01,2026-07-30 09:05:01,2026-06-30 17:05:01
4813816,6365244,1,2026-07-30 01:05:01,2026-07-30 16:05:01,2024-02-25 04:00:00
10126551,6365244,16777473,2026-07-30 14:47:22,2026-07-30 05:05:01,2024-10-21 02:05:01
14757368,6365244,1,2026-07-28 09:05:01,2026-07-30 16:05:01,2025-03-22 13:05:01
27746861,6365244,1,2026-07-29 17:05:01,2026-07-30 16:05:01,2024-02-21 14:19:00
4813816,6372976,1,2026-07-30 01:05:01,2026-07-10 11:05:01,2024-02-25 04:00:00
10126551,6372976,16777473,2026-07-30 14:47:22,2026-07-10 10:05:01,2024-11-04 20:05:01
27746861,6372976,1,2026-07-29 17:05:01,2026-07-29 16:05:01,2024-02-21 14:19:00
50325130,6372976,1,2026-04-13 11:05:02,2026-07-30 16:05:01,2025-12-29 04:05:01
4813816,6373165,1,2026-07-30 01:05:01,2026-07-30 14:05:02,2024-02-25 04:00:00
10126551,6373165,16777473,2026-07-30 14:47:22,2026-07-30 04:05:01,2024-10-21 19:05:01
14757368,6373165,1,2026-07-28 09:05:01,2026-07-30 16:05:01,2025-03-22 13:05:01
27746861,6373165,1,2026-07-29 17:05:01,2026-07-30 16:05:01,2024-02-21 14:19:00
10126551,6373573,16777473,2026-07-30 14:47:22,2026-07-25 05:05:01,2024-11-04 20:05:01
14315827,6373573,0,,2026-07-30 16:05:01,
27746861,6373573,1,2026-07-29 17:05:01,2026-07-30 16:05:01,2024-03-12 12:31:00
46916731,6373573,1,2026-07-30 05:05:01,2026-07-30 16:05:01,2026-06-24 17:05:01
5220206,6379616,0,,2026-07-30 16:05:01,
10126551,6379616,16777473,2026-07-30 14:47:22,2026-07-30 05:05:01,2024-10-21 19:05:01
14757368,6379616,1,2026-07-28 09:05:01,2026-07-30 16:05:01,2025-03-22 13:05:01
27746861,6379616,1,2026-07-29 17:05:01,2026-07-30 16:05:01,2024-02-21 14:19:00
7664177,6379622,1,2026-07-30 00:05:01,2026-07-30 16:05:01,2024-02-24 03:15:00
10126551,6379622,16777473,2026-07-30 14:47:22,2026-07-28 05:05:01,2024-11-04 20:05:01
27746861,6379622,1,2026-07-29 17:05:01,2026-07-30 16:05:01,2024-02-21 14:19:00
46916731,6379622,1,2026-07-30 05:05:01,2026-07-30 16:05:01,2026-06-24 04:05:01
5220206,6379772,0,,2026-07-30 16:05:01,
10126551,6379772,16777473,2026-07-30 14:47:22,2026-07-28 05:05:01,2024-10-21 19:05:01
27746861,6379772,1,2026-07-29 17:05:01,2026-07-30 16:05:01,2024-03-12 12:31:00
50325130,6379772,1,2026-04-13 11:05:02,2026-07-30 16:05:01,2026-01-12 11:05:01
5220206,6379776,0,,2026-07-30 16:05:01,
10126551,6379776,16777473,2026-07-30 14:47:22,2026-07-27 02:05:01,2024-11-04 20:05:01
27746861,6379776,1,2026-07-29 17:05:01,2026-07-30 16:05:01,2024-02-21 14:19:00
50325130,6379776,1,2026-04-13 11:05:02,2026-07-30 16:05:01,2026-01-12 11:05:01
10126551,6384051,16777473,2026-07-30 14:47:22,2026-07-28 00:05:01,2024-10-21 02:05:01
14757368,6384051,1,2026-07-28 09:05:01,2026-07-30 16:05:01,2025-03-22 13:05:01
27746861,6384051,1,2026-07-29 17:05:01,2026-07-30 16:05:01,2024-02-21 14:19:00
46916731,6384051,1,2026-07-30 05:05:01,2026-07-30 15:05:01,2026-06-24 17:05:01
4813816,6386787,1,2026-07-30 01:05:01,2026-07-30 11:05:01,2024-02-25 04:00:00
10126551,6386787,16777473,2026-07-30 14:47:22,2026-07-28 00:05:01,2024-11-04 20:05:01
46916731,6386787,1,2026-07-30 05:05:01,2026-07-30 16:05:01,2026-06-24 17:05:01
50325130,6386787,1,2026-04-13 11:05:02,2026-07-30 16:05:01,2026-01-12 11:05:01
10126551,6387753,16777473,2026-07-30 14:47:22,2026-07-27 01:05:02,2024-11-01 18:05:01
27746861,6387753,1,2026-07-29 17:05:01,2026-07-29 16:05:01,2024-02-21 14:19:00
46916731,6387753,1,2026-07-30 05:05:01,2026-07-29 23:05:01,2026-06-30 17:05:01
50325130,6387753,1,2026-04-13 11:05:02,2026-07-30 16:05:01,2026-01-12 11:05:01
5220206,6391397,0,,2026-07-30 16:05:01,
10126551,6391397,16777473,2026-07-30 14:47:22,2026-07-11 20:35:52,2024-10-21 02:05:01
27746861,6391397,1,2026-07-29 17:05:01,2026-07-30 14:05:02,2024-02-21 14:19:00
46916731,6391397,1,2026-07-30 05:05:01,2026-07-30 13:05:01,2026-06-30 17:05:01
4813816,6397234,1,2026-07-30 01:05:01,2026-07-30 16:05:01,2024-02-25 04:00:00
10126551,6397234,16777473,2026-07-30 14:47:22,2026-07-30 05:05:01,2024-11-01 18:05:01
14757368,6397234,1,2026-07-28 09:05:01,2026-07-30 16:05:01,2025-03-22 13:05:01
27746861,6397234,1,2026-07-29 17:05:01,2026-07-30 16:05:01,2024-02-21 14:19:00
4813816,6397297,1,2026-07-30 01:05:01,2026-07-22 13:05:01,2024-02-25 04:00:00
10126551,6397297,16777473,2026-07-30 14:47:22,2026-07-10 10:05:01,2024-11-04 20:05:01
27746861,6397297,1,2026-07-29 17:05:01,2026-07-29 16:05:01,2024-02-21 14:19:00
46916731,6397297,1,2026-07-30 05:05:01,2026-07-29 23:05:01,2026-06-30 17:05:01
670524,6397661,1,2026-03-11 10:26:57,2026-07-30 16:05:01,2025-04-07 03:05:01
10008096,6397661,1,2026-06-20 12:05:01,2026-07-30 16:05:01,2024-10-23 02:04:10
10126551,6397661,16777473,2026-07-30 14:47:22,2026-07-28 04:05:01,2024-11-04 20:05:01
27746861,6397661,1,2026-07-29 17:05:01,2026-07-30 16:05:01,2024-02-21 14:19:00
10126551,6398268,16777473,2026-07-30 14:47:22,2026-07-30 16:05:01,2024-10-21 19:05:01
27746861,6398268,1,2026-07-29 17:05:01,2026-07-30 16:05:01,2024-02-21 14:19:00
46916731,6398268,1,2026-07-30 05:05:01,2026-07-30 16:05:01,2026-06-24 04:05:01
4813816,6398312,1,2026-07-30 01:05:01,2026-07-30 16:05:01,2024-02-25 04:00:00
10126551,6398312,16777473,2026-07-30 14:47:22,2026-07-30 01:05:01,2024-11-11 06:05:01
27746861,6398312,1,2026-07-29 17:05:01,2026-07-30 16:05:01,2024-02-21 14:19:00
46916731,6398312,1,2026-07-30 05:05:01,2026-07-30 16:05:01,2026-06-24 04:05:01
4813816,6435235,1,2026-07-30 01:05:01,2026-07-30 16:05:01,2024-02-25 04:00:00
10126551,6435235,16777473,2026-07-30 14:47:22,2026-07-30 05:05:01,2024-11-04 20:05:01
14757368,6435235,1,2026-07-28 09:05:01,2026-07-30 16:05:01,2025-03-22 13:05:01
27746861,6435235,1,2026-07-29 17:05:01,2026-07-30 16:05:01,2024-02-21 14:19:00
4813816,6436926,1,2026-07-30 01:05:01,2026-07-30 16:05:01,2024-02-25 04:00:00
10126551,6436926,16777473,2026-07-30 14:47:22,2026-07-30 05:05:01,2024-11-04 20:05:01
27746861,6436926,1,2026-07-29 17:05:01,2026-07-30 16:05:01,2024-02-21 14:19:00
46916731,6436926,1,2026-07-30 05:05:01,2026-07-30 16:05:01,2026-06-24 04:05:01
4813816,6438214,1,2026-07-30 01:05:01,2026-07-30 08:05:01,2024-02-25 04:00:00
10126551,6438214,16777473,2026-07-30 14:47:22,2026-07-27 05:05:01,2024-11-04 20:05:01
27746861,6438214,1,2026-07-29 17:05:01,2026-07-30 08:05:01,2024-02-21 14:19:00
46916731,6438214,1,2026-07-30 05:05:01,2026-07-30 08:05:01,2026-06-30 17:05:01
670524,6439113,0,,2026-07-30 16:05:01,
4813816,6439113,1,2026-07-30 01:05:01,2026-07-30 16:05:01,2024-02-25 04:00:00
10126551,6439113,16777473,2026-07-30 14:47:22,2026-07-30 00:05:01,2024-11-04 20:05:01
14757368,6439113,1,2026-07-28 09:05:01,2026-07-30 16:05:01,2024-08-12 23:05:01
46916731,6439113,1,2026-07-30 05:05:01,2026-07-30 16:05:01,2026-06-24 04:05:01
4813816,6439228,1,2026-07-30 01:05:01,2026-07-23 02:05:02,2024-02-25 04:00:00
10126551,6439228,16777473,2026-07-30 14:47:22,2026-07-10 10:05:01,2024-11-04 20:05:01
27746861,6439228,1,2026-07-29 17:05:01,2026-07-29 16:05:01,2024-02-21 14:19:00
4813816,6462601,1,2026-07-30 01:05:01,2026-07-30 16:05:01,2024-02-25 04:00:00
10126551,6462601,16777473,2026-07-30 14:47:22,2026-07-30 04:05:01,2024-11-04 20:05:01
14757368,6462601,1,2026-07-28 09:05:01,2026-07-30 16:05:01,2024-08-12 23:05:01
27746861,6462601,1,2026-07-29 17:05:01,2026-07-30 16:05:01,2024-02-21 14:19:00
4813816,6465514,1,2026-07-30 01:05:01,2026-07-30 05:05:01,2024-02-25 04:00:00
10126551,6465514,16777473,2026-07-30 14:47:22,2026-07-30 01:05:01,2024-11-04 20:05:01
27746861,6465514,1,2026-07-29 17:05:01,2026-07-30 16:05:01,2024-02-21 14:19:00
46916731,6465514,1,2026-07-30 05:05:01,2026-07-30 12:05:01,2026-06-24 17:05:01
10126551,6244350,16777473,2026-07-30 14:47:22,2026-07-21 10:05:01,2024-10-21 19:05:01
14315827,6244350,65537,2024-03-08 19:31:00,2026-07-30 16:05:01,2023-10-21 21:57:00
46916731,6244350,1,2026-07-30 05:05:01,2026-07-30 16:05:01,2026-06-24 04:05:01
10126551,6246511,16777473,2026-07-30 14:47:22,2026-07-28 00:05:01,2024-10-21 02:05:01
14315827,6246511,65537,2024-03-08 19:31:00,2026-07-30 16:05:01,2023-10-21 21:57:00
46916731,6246511,1,2026-07-30 05:05:01,2026-07-30 09:05:01,2026-06-30 17:05:01
4813816,6250715,1,2026-07-30 01:05:01,2026-07-30 16:05:01,2024-02-25 04:00:00
10126551,6250715,16777473,2026-07-30 14:47:22,2026-07-30 05:05:01,2024-10-21 02:05:01
27746861,6250715,1,2026-07-29 17:05:01,2026-07-30 16:05:01,2024-02-21 14:19:00
46916731,6250715,1,2026-07-30 05:05:01,2026-07-30 16:05:01,2026-06-24 17:05:01
4813816,6254299,1,2026-07-30 01:05:01,2026-07-10 11:05:01,2024-02-25 04:00:00
10126551,6254299,16777473,2026-07-30 14:47:22,2026-07-10 10:05:01,2024-11-04 20:05:01
14757368,6254299,1,2026-07-28 09:05:01,2026-07-30 16:05:01,2024-02-24 23:50:00
10126551,6254846,16777473,2026-07-30 14:47:22,2026-07-28 00:05:01,2024-10-21 19:05:01
14757368,6254846,1,2026-07-28 09:05:01,2026-07-30 16:05:01,2025-03-22 13:05:01
27746861,6254846,1,2026-07-29 17:05:01,2026-07-30 14:05:02,2024-02-21 14:19:00
46916731,6254846,1,2026-07-30 05:05:01,2026-07-30 13:05:01,2026-06-24 17:05:01
4813816,6255179,1,2026-07-30 01:05:01,2026-07-10 10:05:01,2024-02-25 04:00:00
10126551,6255179,16777473,2026-07-30 14:47:22,2026-07-10 10:05:01,2024-11-04 20:05:01
27746861,6255179,1,2026-07-29 17:05:01,2026-07-29 16:05:01,2024-02-21 14:19:00
10126551,6257831,16777473,2026-07-30 14:47:22,2026-07-28 23:05:01,2024-11-01 18:05:01
14315827,6257831,65537,2024-03-08 19:31:00,2026-07-30 16:05:01,2023-10-21 21:57:00
14757368,6257831,1,2026-07-28 09:05:01,2026-07-30 16:05:01,2024-02-24 23:50:00
46916731,6257831,1,2026-07-30 05:05:01,2026-07-30 16:05:01,2024-08-12 18:05:02
4813816,6258578,1,2026-07-30 01:05:01,2026-07-30 16:05:01,2024-02-25 04:00:00
10126551,6258578,16777473,2026-07-30 14:47:22,2026-07-30 07:05:01,2024-10-21 19:05:01
14757368,6258578,1,2026-07-28 09:05:01,2026-07-30 16:05:01,2025-03-22 13:05:01
10126551,6259525,16777473,2026-07-30 14:47:22,2026-07-27 03:05:01,2024-10-21 02:05:01
27746861,6259525,1,2026-07-29 17:05:01,2026-07-29 16:05:01,2024-02-21 14:19:00
46916731,6259525,1,2026-07-30 05:05:01,2026-07-29 23:05:01,2026-06-30 17:05:01
4813816,6262116,1,2026-07-30 01:05:01,2026-07-30 16:05:01,2024-02-25 04:00:00
7664177,6262116,1,2026-07-30 00:05:01,2026-07-30 16:05:01,2024-02-24 03:15:00
10126551,6262116,16777473,2026-07-30 14:47:22,2026-07-30 03:05:02,2024-11-04 20:05:01
46916731,6262116,1,2026-07-30 05:05:01,2026-07-30 16:05:01,2026-06-24 04:05:01
670524,6262573,0,,2026-07-30 16:05:01,
4813816,6262573,1,2026-07-30 01:05:01,2026-07-30 16:05:01,2024-02-25 04:00:00
10126551,6262573,16777473,2026-07-30 14:47:22,2026-07-30 05:05:01,2024-10-21 19:05:01
32873098,6262573,1,2026-06-02 16:05:01,2026-07-30 16:05:01,2026-04-12 21:05:01
4813816,6268543,1,2026-07-30 01:05:01,2026-07-30 07:05:01,2024-02-25 04:00:00
10126551,6268543,16777473,2026-07-30 14:47:22,2026-07-27 02:05:01,2024-11-04 20:05:01
27746861,6268543,1,2026-07-29 17:05:01,2026-07-30 09:05:01,2024-02-21 14:19:00
46916731,6268543,1,2026-07-30 05:05:01,2026-07-30 09:05:01,2026-06-24 04:05:01
10126551,6268678,16777473,2026-07-30 14:47:22,2026-07-20 06:05:01,2024-11-04 20:05:01
27746861,6268678,1,2026-07-29 17:05:01,2026-07-29 16:05:01,2024-02-21 14:19:00
46916731,6268678,1,2026-07-30 05:05:01,2026-07-29 23:05:01,2026-06-30 17:05:01
10126551,6272791,16777473,2026-07-30 14:47:22,2026-07-10 10:05:01,2024-11-01 18:05:01
14315827,6272791,65537,2024-03-08 19:31:00,2026-07-30 16:05:01,2023-10-21 21:57:00
27746861,6272791,1,2026-07-29 17:05:01,2026-07-29 16:05:01,2024-02-21 14:19:00
46916731,6272791,1,2026-07-30 05:05:01,2026-07-29 23:05:01,2026-06-30 17:05:01
5220206,6285737,0,,2026-07-30 16:05:01,
10126551,6285737,16777473,2026-07-30 14:47:22,2026-07-10 10:05:01,2024-11-04 20:05:01
27746861,6285737,1,2026-07-29 17:05:01,2026-07-29 16:05:01,2024-02-21 14:19:00
4813816,6286559,1,2026-07-30 01:05:01,2026-07-30 16:05:01,2024-02-25 04:00:00
10126551,6286559,16777473,2026-07-30 14:47:22,2026-07-30 05:05:01,2024-11-04 20:05:01
27746861,6286559,1,2026-07-29 17:05:01,2026-07-30 16:05:01,2024-02-21 14:19:00
46916731,6286559,1,2026-07-30 05:05:01,2026-07-30 16:05:01,2026-06-24 17:05:01
10126551,6287633,16777473,2026-07-30 14:47:22,2026-07-26 02:05:01,2024-11-01 18:05:01
27746861,6287633,1,2026-07-29 17:05:01,2026-07-29 16:05:01,2024-02-21 14:19:00
46916731,6287633,1,2026-07-30 05:05:01,2026-07-29 23:05:01,2026-06-30 17:05:01
7664177,6289290,1,2026-07-30 00:05:01,2026-07-30 14:05:02,2024-02-24 03:15:00
10126551,6289290,16777473,2026-07-30 14:47:22,2026-07-28 04:05:01,2024-11-04 20:05:01
46916731,6289290,1,2026-07-30 05:05:01,2026-07-30 16:05:01,2026-06-24 17:05:01
4813816,6293231,1,2026-07-30 01:05:01,2026-07-30 16:05:01,2024-02-25 04:00:00
10126551,6293231,16777473,2026-07-30 14:47:22,2026-07-30 04:05:01,2024-10-21 02:05:01
27746861,6293231,1,2026-07-29 17:05:01,2026-07-30 16:05:01,2024-02-21 14:19:00
46916731,6293231,1,2026-07-30 05:05:01,2026-07-30 16:05:01,2026-06-24 17:05:01
7664177,6295448,1,2026-07-30 00:05:01,2026-07-30 16:05:01,2024-02-24 03:15:00
10126551,6295448,16777473,2026-07-30 14:47:22,2026-07-30 05:05:01,2024-11-01 18:05:01
27746861,6295448,1,2026-07-29 17:05:01,2026-07-30 16:05:01,2024-03-12 12:31:00
46916731,6295448,1,2026-07-30 05:05:01,2026-07-30 16:05:01,2026-06-30 17:05:01
670524,6299468,0,,2026-07-30 16:05:01,
4813816,6299468,1,2026-07-30 01:05:01,2026-07-30 16:05:01,2024-02-25 04:00:00
10126551,6299468,16777473,2026-07-30 14:47:22,2026-07-28 00:05:01,2024-10-21 19:05:01
14757368,6299468,1,2026-07-28 09:05:01,2026-07-30 16:05:01,2025-03-22 13:05:01
46916731,6299468,1,2026-07-30 05:05:01,2026-07-30 16:05:01,2026-06-24 04:05:01
10126551,6300433,16777473,2026-07-30 14:47:22,2026-07-30 01:05:01,2024-10-21 19:05:01
46916731,6300433,1,2026-07-30 05:05:01,2026-07-30 16:05:01,2026-06-24 04:05:01
50325130,6300433,1,2026-04-13 11:05:02,2026-07-30 16:05:01,2026-01-12 11:05:01
4813816,6300820,1,2026-07-30 01:05:01,2026-07-30 05:05:01,2024-02-25 04:00:00
10126551,6300820,16777473,2026-07-30 14:47:22,2026-07-28 00:05:01,2024-10-21 19:05:01
27746861,6300820,1,2026-07-29 17:05:01,2026-07-30 16:05:01,2024-02-21 14:19:00
46916731,6300820,1,2026-07-30 05:05:01,2026-07-30 16:05:01,2026-06-24 17:05:01
4813816,6303699,1,2026-07-30 01:05:01,2026-07-30 08:05:01,2024-02-25 04:00:00
10126551,6303699,16777473,2026-07-30 14:47:22,2026-07-28 05:05:01,2024-10-21 19:05:01
27746861,6303699,1,2026-07-29 17:05:01,2026-07-30 16:05:01,2024-02-21 14:19:00
46916731,6303699,1,2026-07-30 05:05:01,2026-07-30 13:05:01,2026-06-24 04:05:01
10126551,6312225,16777473,2026-07-30 14:47:22,2026-07-30 05:05:01,2024-11-04 20:05:01
46916731,6312225,1,2026-07-30 05:05:01,2026-07-30 16:05:01,2026-06-30 17:05:01
4659466,6312785,0,,2026-07-27 03:05:01,
10126551,6312785,16777473,2026-07-30 14:47:22,2026-07-25 03:05:01,2024-11-01 18:05:01
27746861,6312785,1,2026-07-29 17:05:01,2026-07-29 16:05:01,2024-02-21 14:19:00
46916731,6312785,1,2026-07-30 05:05:01,2026-07-29 23:05:01,2026-06-30 17:05:01
10126551,6313243,16777473,2026-07-30 14:47:22,2026-07-10 10:05:01,2024-11-01 18:05:01
27746861,6313243,1,2026-07-29 17:05:01,2026-07-29 16:05:01,2024-02-21 14:19:00
10126551,6313299,16777473,2026-07-30 14:47:22,2026-07-26 03:05:01,2024-11-04 20:05:01
27746861,6313299,1,2026-07-29 17:05:01,2026-07-30 10:05:01,2024-02-21 14:19:00
46916731,6313299,1,2026-07-30 05:05:01,2026-07-29 23:05:01,2026-06-30 17:05:01
10008096,6313914,1,2026-06-20 12:05:01,2026-07-30 16:05:01,2024-02-07 09:47:00
10126551,6313914,16777473,2026-07-30 14:47:22,2026-07-28 09:05:01,2024-11-04 20:05:01
46916731,6313914,1,2026-07-30 05:05:01,2026-07-30 13:05:01,2026-06-24 04:05:01
4813816,6323827,1,2026-07-30 01:05:01,2026-07-30 15:05:01,2025-03-22 03:05:01
10126551,6323827,16777473,2026-07-30 14:47:22,2026-07-26 02:05:01,2024-10-21 19:05:01
27746861,6323827,1,2026-07-29 17:05:01,2026-07-30 11:05:01,2024-02-21 14:19:00
46916731,6323827,1,2026-07-30 05:05:01,2026-07-30 16:05:01,2026-06-30 17:05:01
4813816,6324300,1,2026-07-30 01:05:01,2026-07-30 14:05:02,2024-02-25 04:00:00
7664177,6324300,1,2026-07-30 00:05:01,2026-07-30 16:05:01,2024-02-24 03:15:00
10126551,6324300,16777473,2026-07-30 14:47:22,2026-07-28 04:05:01,2024-10-21 02:05:01
46916731,6324300,1,2026-07-30 05:05:01,2026-07-30 16:05:01,2026-06-24 17:05:01
10126551,6324649,16777473,2026-07-30 14:47:22,2026-07-28 23:05:01,2024-10-21 19:05:01
27746861,6324649,1,2026-07-29 17:05:01,2026-07-30 16:05:01,2024-02-21 14:19:00
46916731,6324649,1,2026-07-30 05:05:01,2026-07-30 16:05:01,2026-06-24 04:05:01
4813816,6326340,1,2026-07-30 01:05:01,2026-07-29 06:05:01,2024-02-25 04:00:00
10126551,6326340,16777473,2026-07-30 14:47:22,2026-07-27 02:05:01,2024-11-04 20:05:01
27746861,6326340,1,2026-07-29 17:05:01,2026-07-29 16:05:01,2024-02-21 14:19:00
46916731,6326340,1,2026-07-30 05:05:01,2026-07-30 01:05:01,2026-06-24 04:05:01
4813816,6328252,1,2026-07-30 01:05:01,2026-07-29 09:05:01,2024-02-25 04:00:00
10126551,6328252,16777473,2026-07-30 14:47:22,2026-07-23 10:05:01,2024-11-04 20:05:01
27746861,6328252,1,2026-07-29 17:05:01,2026-07-29 16:05:01,2024-02-21 14:19:00
27821264,6328252,65537,2024-05-14 14:17:00,2026-07-30 16:05:01,2024-05-14 14:17:00
4813816,6335407,1,2026-07-30 01:05:01,2026-07-30 16:05:01,2024-02-25 04:00:00
7664177,6335407,1,2026-07-30 00:05:01,2026-07-30 16:05:01,2024-02-24 03:15:00
10126551,6335407,16777473,2026-07-30 14:47:22,2026-07-28 23:05:01,2024-10-21 19:05:01
46916731,6335407,1,2026-07-30 05:05:01,2026-07-30 16:05:01,2026-06-24 04:05:01
5220206,6337342,0,,2026-07-30 16:05:01,
10126551,6337342,16777473,2026-07-30 14:47:22,2026-07-10 10:05:01,2024-11-01 18:05:01
27746861,6337342,1,2026-07-29 17:05:01,2026-07-29 16:05:01,2024-03-12 12:31:00
4813816,6337386,1,2026-07-30 01:05:01,2026-07-30 16:05:01,2024-02-25 04:00:00
5842730,6337386,1,2026-07-30 01:05:01,2026-07-30 16:05:01,2025-11-09 15:05:01
10126551,6337386,16777473,2026-07-30 14:47:22,2026-07-30 05:05:01,2024-10-21 19:05:01
4813816,6339599,1,2026-07-30 01:05:01,2026-07-30 16:05:01,2024-02-25 04:00:00
10126551,6339599,16777473,2026-07-30 14:47:22,2026-07-30 06:05:01,2024-10-21 19:05:01
14757368,6339599,1,2026-07-28 09:05:01,2026-07-30 16:05:01,2025-03-22 13:05:01
10126551,6339601,16777473,2026-07-30 14:47:22,2026-07-10 10:05:01,2024-11-04 20:05:01
27746861,6339601,1,2026-07-29 17:05:01,2026-07-29 16:05:01,2024-02-21 14:19:00
50325130,6339601,1,2026-04-13 11:05:02,2026-07-30 16:05:01,2025-12-29 04:05:01
4813816,6343163,1,2026-07-30 01:05:01,2026-07-30 16:05:01,2024-02-25 04:00:00
10126551,6343163,16777473,2026-07-30 14:47:22,2026-07-30 05:05:01,2024-10-21 19:05:01
14757368,6343163,1,2026-07-28 09:05:01,2026-07-30 16:05:01,2025-03-22 13:05:01
27746861,6343163,1,2026-07-29 17:05:01,2026-07-30 16:05:01,2024-02-21 14:19:00
4813816,6343271,1,2026-07-30 01:05:01,2026-07-29 23:05:01,2024-02-25 04:00:00
10008096,6343271,1,2026-06-20 12:05:01,2026-07-28 18:05:01,2024-02-07 09:47:00
10126551,6343271,16777473,2026-07-30 14:47:22,2026-07-27 02:05:01,2024-10-21 19:05:01
46916731,6343271,1,2026-07-30 05:05:01,2026-07-30 16:05:01,2026-06-24 04:05:01
5220206,6344680,0,,2026-07-30 16:05:01,
10126551,6344680,16777473,2026-07-30 14:47:22,2026-07-10 10:05:01,2024-10-21 02:05:01
27746861,6344680,1,2026-07-29 17:05:01,2026-07-29 16:05:01,2024-03-12 12:31:00
4813816,6344802,1,2026-07-30 01:05:01,2026-07-29 13:05:01,2024-02-25 04:00:00
8381475,6344802,65537,2024-04-27 06:02:00,2026-07-30 16:05:01,2023-12-22 04:52:00
10126551,6344802,16777473,2026-07-30 14:47:22,2026-07-28 00:05:01,2024-11-04 20:05:01
46916731,6344802,1,2026-07-30 05:05:01,2026-07-30 14:05:02,2026-06-24 04:05:01
10126551,6345540,16777473,2026-07-30 14:47:22,2026-07-10 10:05:01,2024-11-04 20:05:01
27746861,6345540,1,2026-07-29 17:05:01,2026-07-29 16:05:01,2024-02-21 14:19:00
50325130,6345540,1,2026-04-13 11:05:02,2026-07-30 16:05:01,2025-12-29 04:05:01
4813816,6358918,1,2026-07-30 01:05:01,2026-07-30 14:05:02,2024-02-25 04:00:00
10126551,6358918,16777473,2026-07-30 14:47:22,2026-07-26 02:05:01,2024-11-04 20:05:01
27746861,6358918,1,2026-07-29 17:05:01,2026-07-30 16:05:01,2024-02-21 14:19:00
46916731,6358918,1,2026-07-30 05:05:01,2026-07-30 16:05:01,2026-06-30 17:05:01
4813816,6360281,1,2026-07-30 01:05:01,2026-07-30 15:05:01,2024-02-25 04:00:00
7664177,6360281,1,2026-07-30 00:05:01,2026-07-30 16:05:01,2024-02-24 03:15:00
10126551,6360281,16777473,2026-07-30 14:47:22,2026-07-30 15:05:01,2024-10-21 02:05:01
46916731,6360281,1,2026-07-30 05:05:01,2026-07-30 16:05:01,2026-06-24 17:05:01
10126551,6360558,16777473,2026-07-30 14:47:22,2026-07-10 10:05:01,2024-11-04 20:05:01
27746861,6360558,1,2026-07-29 17:05:01,2026-07-29 16:05:01,2024-03-12 12:31:00
10126551,6362727,16777473,2026-07-30 14:47:22,2026-07-28 07:05:01,2024-11-01 18:05:01
27746861,6362727,1,2026-07-29 17:05:01,2026-07-30 16:05:01,2024-03-12 12:31:00
46916731,6362727,1,2026-07-30 05:05:01,2026-07-30 13:05:01,2026-06-24 17:05:01
5220206,6362880,0,,2026-07-30 16:05:01,
10126551,6362880,16777473,2026-07-30 14:47:22,2026-07-30 05:05:01,2024-10-21 19:05:01
14757368,6362880,1,2026-07-28 09:05:01,2026-07-30 16:05:01,2025-03-22 13:05:01
27746861,6362880,1,2026-07-29 17:05:01,2026-07-30 16:05:01,2024-02-21 14:19:00
10126551,6373595,16777473,2026-07-30 14:47:22,2026-07-30 03:05:02,2024-11-04 20:05:01
27746861,6373595,1,2026-07-29 17:05:01,2026-07-30 11:05:01,2024-02-21 14:19:00
46916731,6373595,1,2026-07-30 05:05:01,2026-07-30 11:05:01,2026-06-30 17:05:01
10126551,6376813,16777473,2026-07-30 14:47:22,2026-07-10 11:05:01,2024-11-04 20:05:01
27746861,6376813,1,2026-07-29 17:05:01,2026-07-29 16:05:01,2024-03-12 12:31:00
46916731,6376813,1,2026-07-30 05:05:01,2026-07-29 23:05:01,2026-06-30 17:05:01
4813816,6376833,1,2026-07-30 01:05:01,2026-07-10 10:05:01,2025-11-10 01:05:01
10126551,6376833,16777473,2026-07-30 14:47:22,2026-07-10 10:05:01,2024-11-04 20:05:01
27746861,6376833,1,2026-07-29 17:05:01,2026-07-29 16:05:01,2024-03-12 12:31:00
4813816,6379342,1,2026-07-30 01:05:01,2026-07-30 08:05:01,2024-02-25 04:00:00
10126551,6379342,16777473,2026-07-30 14:47:22,2026-07-30 05:05:01,2024-10-21 02:05:01
27746861,6379342,1,2026-07-29 17:05:01,2026-07-30 16:05:01,2024-02-21 14:19:00
46916731,6379342,1,2026-07-30 05:05:01,2026-07-30 13:05:01,2026-06-24 17:05:01
769018,6379372,0,,2026-07-30 16:05:01,
10126551,6379372,16777473,2026-07-30 14:47:22,2026-07-10 10:05:01,2024-11-04 20:05:01
27746861,6379372,1,2026-07-29 17:05:01,2026-07-29 16:05:01,2024-03-12 12:31:00
4813816,6380048,1,2026-07-30 01:05:01,2026-07-30 03:05:02,2024-02-25 04:00:00
10126551,6380048,16777473,2026-07-30 14:47:22,2026-07-27 02:05:01,2024-11-04 20:05:01
27746861,6380048,1,2026-07-29 17:05:01,2026-07-30 16:05:01,2024-02-21 14:19:00
46916731,6380048,1,2026-07-30 05:05:01,2026-07-30 16:05:01,2026-06-24 04:05:01
4813816,6380199,1,2026-07-30 01:05:01,2026-07-30 16:05:01,2024-02-25 04:00:00
10126551,6380199,16777473,2026-07-30 14:47:22,2026-07-28 22:05:01,2024-10-21 02:05:01
27746861,6380199,1,2026-07-29 17:05:01,2026-07-30 16:05:01,2024-02-21 14:19:00
46916731,6380199,1,2026-07-30 05:05:01,2026-07-30 16:05:01,2026-06-24 17:05:01
10126551,6381252,16777473,2026-07-30 14:47:22,2026-07-10 10:05:01,2024-11-04 20:05:01
27746861,6381252,1,2026-07-29 17:05:01,2026-07-29 16:05:01,2024-02-21 14:19:00
7664177,6381918,1,2026-07-30 00:05:01,2026-07-30 16:05:01,2024-02-24 03:15:00
10126551,6381918,16777473,2026-07-30 14:47:22,2026-07-30 01:05:01,2024-11-04 20:05:01
27746861,6381918,1,2026-07-29 17:05:01,2026-07-30 16:05:01,2024-02-21 14:19:00
46916731,6381918,1,2026-07-30 05:05:01,2026-07-30 14:05:02,2026-06-24 04:05:01
10126551,6382128,16777473,2026-07-30 14:47:22,2026-07-10 10:05:01,2024-11-01 18:05:01
27746861,6382128,1,2026-07-29 17:05:01,2026-07-29 16:05:01,2024-03-12 12:31:00
10126551,6395763,16777473,2026-07-30 14:47:22,2026-07-10 11:05:01,2024-10-21 02:05:01
27746861,6395763,1,2026-07-29 17:05:01,2026-07-30 08:05:01,2024-02-21 14:19:00
46916731,6395763,1,2026-07-30 05:05:01,2026-07-30 08:05:01,2026-06-30 17:05:01
50325130,6395763,1,2026-04-13 11:05:02,2026-07-30 16:05:01,2026-01-12 11:05:01
4813816,6395801,1,2026-07-30 01:05:01,2026-07-30 16:05:01,2024-02-25 04:00:00
10126551,6395801,16777473,2026-07-30 14:47:22,2026-07-30 05:05:01,2024-10-21 02:05:01
27746861,6395801,1,2026-07-29 17:05:01,2026-07-30 16:05:01,2024-02-21 14:19:00
46916731,6395801,1,2026-07-30 05:05:01,2026-07-30 16:05:01,2026-06-24 17:05:01
10126551,6396232,16777473,2026-07-30 14:47:22,2026-07-28 04:05:01,2024-10-21 17:05:01
27746861,6396232,1,2026-07-29 17:05:01,2026-07-30 16:05:01,2024-02-21 14:19:00
46916731,6396232,1,2026-07-30 05:05:01,2026-07-30 16:05:01,2026-06-24 17:05:01
50325130,6396232,1,2026-04-13 11:05:02,2026-07-30 16:05:01,2026-01-12 11:05:01
4813816,6397142,1,2026-07-30 01:05:01,2026-07-30 10:05:01,2024-02-25 04:00:00
10126551,6397142,16777473,2026-07-30 14:47:22,2026-07-26 02:05:01,2024-10-21 19:05:01
27746861,6397142,1,2026-07-29 17:05:01,2026-07-30 16:05:01,2024-02-21 14:19:00
46916731,6397142,1,2026-07-30 05:05:01,2026-07-30 16:05:01,2026-06-30 17:05:01
4813816,6406257,1,2026-07-30 01:05:01,2026-07-25 08:05:01,2024-02-25 04:00:00
10126551,6406257,16777473,2026-07-30 14:47:22,2026-07-25 03:05:01,2024-11-04 20:05:01
27746861,6406257,1,2026-07-29 17:05:01,2026-07-29 16:05:01,2024-02-21 14:19:00
46916731,6406257,1,2026-07-30 05:05:01,2026-07-29 23:05:01,2026-06-30 17:05:01
4813816,6406876,1,2026-07-30 01:05:01,2026-07-30 16:05:01,2024-04-17 03:00:00
10008096,6406876,1,2026-06-20 12:05:01,2026-07-30 06:05:01,2024-02-07 09:47:00
10126551,6406876,16777473,2026-07-30 14:47:22,2026-07-30 01:05:01,2024-10-21 02:05:01
46916731,6406876,1,2026-07-30 05:05:01,2026-07-30 16:05:01,2026-06-24 17:05:01
4813816,6406912,1,2026-07-30 01:05:01,2026-07-30 06:05:01,2024-02-25 04:00:00
10126551,6406912,16777473,2026-07-30 14:47:22,2026-07-30 04:05:01,2024-11-04 20:05:01
27746861,6406912,1,2026-07-29 17:05:01,2026-07-30 13:05:01,2024-02-21 14:19:00
46916731,6406912,1,2026-07-30 05:05:01,2026-07-30 08:05:01,2026-06-30 17:05:01
4813816,6407140,1,2026-07-30 01:05:01,2026-07-30 11:05:01,2024-02-25 04:00:00
10126551,6407140,16777473,2026-07-30 14:47:22,2026-07-26 03:05:01,2024-11-04 20:05:01
27746861,6407140,1,2026-07-29 17:05:01,2026-07-30 16:05:01,2024-02-21 14:19:00
46916731,6407140,1,2026-07-30 05:05:01,2026-07-30 16:05:01,2026-06-24 04:05:01
10126551,6409577,16777473,2026-07-30 14:47:22,2026-07-28 04:05:01,2024-10-21 19:05:01
27746861,6409577,1,2026-07-29 17:05:01,2026-07-30 09:05:01,2024-02-21 14:19:00
46916731,6409577,1,2026-07-30 05:05:01,2026-07-30 09:05:01,2026-06-30 17:05:01
10126551,6412450,16777473,2026-07-30 14:47:22,2026-07-10 10:05:01,2024-11-04 20:05:01
27746861,6412450,1,2026-07-29 17:05:01,2026-07-29 16:05:01,2024-02-21 14:19:00
4813816,6421946,1,2026-07-30 01:05:01,2026-07-30 16:05:01,2024-02-25 04:00:00
10126551,6421946,16777473,2026-07-30 14:47:22,2026-07-30 04:05:01,2024-10-21 02:05:01
46916731,6421946,1,2026-07-30 05:05:01,2026-07-30 16:05:01,2026-06-24 17:05:01
4813816,6431959,1,2026-07-30 01:05:01,2026-07-30 14:05:02,2024-02-25 04:00:00
10126551,6431959,16777473,2026-07-30 14:47:22,2026-07-28 04:05:01,2024-11-04 20:05:01
27746861,6431959,1,2026-07-29 17:05:01,2026-07-30 16:05:01,2024-02-21 14:19:00
46916731,6431959,1,2026-07-30 05:05:01,2026-07-30 16:05:01,2026-06-30 17:05:01
4813816,6432023,1,2026-07-30 01:05:01,2026-07-30 16:05:01,2024-02-25 04:00:00
10126551,6432023,16777473,2026-07-30 14:47:22,2026-07-28 00:05:01,2024-11-04 20:05:01
14757368,6432023,1,2026-07-28 09:05:01,2026-07-30 16:05:01,2025-03-22 13:05:01
27746861,6432023,1,2026-07-29 17:05:01,2026-07-30 16:05:01,2024-02-21 14:19:00
4813816,6447215,1,2026-07-30 01:05:01,2026-07-10 11:05:01,2024-02-25 04:00:00
10126551,6447215,16777473,2026-07-30 14:47:22,2026-07-10 10:05:01,2024-11-04 20:05:01
27746861,6447215,1,2026-07-29 17:05:01,2026-07-29 16:05:01,2024-02-21 14:19:00
4813816,6449181,1,2026-07-30 01:05:01,2026-07-30 16:05:01,2024-02-25 04:00:00
10126551,6449181,16777473,2026-07-30 14:47:22,2026-07-27 02:05:01,2024-11-04 20:05:01
27746861,6449181,1,2026-07-29 17:05:01,2026-07-30 16:05:01,2024-02-21 14:19:00
46916731,6449181,1,2026-07-30 05:05:01,2026-07-30 13:05:01,2026-06-24 04:05:01
4813816,6451987,1,2026-07-30 01:05:01,2026-07-25 05:05:01,2024-02-25 04:00:00
4813816,6465586,1,2026-07-30 01:05:01,2026-07-29 02:05:01,2024-02-25 04:00:00
10126551,6465586,16777473,2026-07-30 14:47:22,2026-07-26 02:05:01,2024-11-04 20:05:01
27746861,6465586,1,2026-07-29 17:05:01,2026-07-30 09:05:01,2024-02-21 14:19:00
46916731,6465586,1,2026-07-30 05:05:01,2026-07-30 09:05:01,2026-06-30 17:05:01
4813816,6467004,1,2026-07-30 01:05:01,2026-07-10 11:05:01,2024-02-25 04:00:00
10126551,6467004,16777473,2026-07-30 14:47:22,2026-07-10 10:05:01,2024-11-04 20:05:01
27746861,6467004,1,2026-07-29 17:05:01,2026-07-29 16:05:01,2024-03-09 19:06:00
4813816,6476004,1,2026-07-30 01:05:01,2026-07-30 12:05:01,2024-02-25 04:00:00
10126551,6476004,16777473,2026-07-30 14:47:22,2026-07-30 03:05:02,2024-11-04 20:05:01
27746861,6476004,1,2026-07-29 17:05:01,2026-07-30 16:05:01,2024-03-12 12:31:00
46916731,6476004,1,2026-07-30 05:05:01,2026-07-30 15:05:01,2026-06-30 17:05:01
4813816,6477277,1,2026-07-30 01:05:01,2026-07-30 10:05:01,2024-02-25 04:00:00
10126551,6477277,16777473,2026-07-30 14:47:22,2026-07-26 02:05:01,2024-10-21 02:05:01
27746861,6477277,1,2026-07-29 17:05:01,2026-07-29 16:05:01,2024-02-21 14:19:00
46916731,6477277,1,2026-07-30 05:05:01,2026-07-30 11:05:01,2026-06-24 17:05:01
10126551,6477388,16777473,2026-07-30 14:47:22,2026-07-10 10:05:01,2024-11-04 20:05:01
27746861,6477388,1,2026-07-29 17:05:01,2026-07-29 16:05:01,2024-05-23 18:53:54
4813816,6477544,1,2026-07-30 01:05:01,2026-07-10 10:05:01,2024-02-25 04:00:00
10126551,6477544,16777473,2026-07-30 14:47:22,2026-07-10 10:05:01,2024-11-04 20:05:01
27746861,6477544,1,2026-07-29 17:05:01,2026-07-29 16:05:01,2024-03-15 18:53:00
50325130,6477544,1,2026-04-13 11:05:02,2026-07-30 16:05:01,2025-12-29 04:05:01
4813816,6481409,1,2026-07-30 01:05:01,2026-07-10 11:05:01,2024-02-25 04:00:00
10126551,6481409,16777473,2026-07-30 14:47:22,2026-07-10 10:05:01,2024-11-04 20:05:01
27746861,6481409,1,2026-07-29 17:05:01,2026-07-29 16:05:01,2024-03-12 12:31:00
46916731,6481409,1,2026-07-30 05:05:01,2026-07-29 23:05:01,2026-06-30 17:05:01
10126551,6505391,16777473,2026-07-30 14:47:22,2026-07-22 11:05:01,2024-11-04 20:05:01
27746861,6505391,1,2026-07-29 17:05:01,2026-07-30 12:05:01,2024-05-23 18:53:54
46916731,6505391,1,2026-07-30 05:05:01,2026-07-30 12:05:01,2026-06-30 17:05:01
4813816,6512287,1,2026-07-30 01:05:01,2026-07-10 11:05:01,2024-04-11 03:00:00
10126551,6512287,16777473,2026-07-30 14:47:22,2026-07-10 10:05:01,2024-11-04 20:05:01
27746861,6512287,1,2026-07-29 17:05:01,2026-07-29 16:05:01,2024-05-23 18:53:54
4813816,6514587,1,2026-07-30 01:05:01,2026-07-30 12:05:01,2024-04-17 03:00:00
10126551,6514587,16777473,2026-07-30 14:47:22,2026-07-30 04:05:01,2024-11-04 20:05:01
27746861,6514587,1,2026-07-29 17:05:01,2026-07-30 16:05:01,2024-05-23 18:53:54
46916731,6514587,1,2026-07-30 05:05:01,2026-07-30 16:05:01,2026-06-24 04:05:01
4813816,6518103,1,2026-07-30 01:05:01,2026-07-30 16:05:01,2024-05-24 03:00:00
10126551,6518103,16777473,2026-07-30 14:47:22,2026-07-30 01:05:01,2024-11-04 20:05:01
27746861,6518103,1,2026-07-29 17:05:01,2026-07-30 16:05:01,2024-05-23 18:53:54
46916731,6518103,1,2026-07-30 05:05:01,2026-07-30 09:05:01,2026-06-30 17:05:01
4813816,6518160,1,2026-07-30 01:05:01,2026-07-30 16:05:01,2024-05-25 03:00:00
10126551,6518160,16777473,2026-07-30 14:47:22,2026-07-30 05:05:01,2024-11-04 20:05:01
27746861,6518160,1,2026-07-29 17:05:01,2026-07-30 16:05:01,2024-06-11 18:53:51
46916731,6518160,1,2026-07-30 05:05:01,2026-07-30 16:05:01,2026-06-24 17:05:01
4813816,6523674,1,2026-07-30 01:05:01,2026-07-29 21:05:01,2026-03-14 02:05:02
10126551,6523674,16777473,2026-07-30 14:47:22,2026-07-11 20:35:52,2024-10-21 02:05:01
14757368,6523674,1,2026-07-28 09:05:01,2026-07-30 16:05:01,2025-03-22 13:05:01
27746861,6523674,1,2026-07-29 17:05:01,2026-07-30 16:05:01,2024-05-23 18:53:54
4813816,6524939,1,2026-07-30 01:05:01,2026-07-30 16:05:01,2026-03-14 02:05:02
10126551,6524939,16777473,2026-07-30 14:47:22,2026-07-30 05:05:01,2024-11-04 20:05:01
27746861,6524939,1,2026-07-29 17:05:01,2026-07-30 16:05:01,2024-06-11 18:53:51
46916731,6524939,1,2026-07-30 05:05:01,2026-07-30 16:05:01,2026-06-24 17:05:01
4813816,6525397,1,2026-07-30 01:05:01,2026-07-30 16:05:01,2026-03-14 02:05:02
10126551,6525397,16777473,2026-07-30 14:47:22,2026-07-28 00:05:01,2024-10-21 17:05:01
27746861,6525397,1,2026-07-29 17:05:01,2026-07-30 16:05:01,2024-06-11 18:53:51
46916731,6525397,1,2026-07-30 05:05:01,2026-07-30 16:05:01,2026-06-24 17:05:01
4813816,6526315,1,2026-07-30 01:05:01,2026-07-29 16:05:01,2024-05-25 03:00:00
10126551,6526315,16777473,2026-07-30 14:47:22,2026-07-26 02:05:01,2024-11-04 20:05:01
46916731,6526315,1,2026-07-30 05:05:01,2026-07-29 23:05:01,2026-06-30 17:05:01
4813816,6537052,1,2026-07-30 01:05:01,2026-07-10 10:05:01,2024-06-07 03:00:10
10126551,6537052,16777473,2026-07-30 14:47:22,2026-07-10 10:05:01,2024-11-04 20:05:01
4659466,6538261,0,,2026-07-27 03:05:01,
10126551,6538261,16777473,2026-07-30 14:47:22,2026-07-10 10:05:01,2024-11-04 20:05:01
27746861,6538261,1,2026-07-29 17:05:01,2026-07-29 16:05:01,2024-09-01 18:53:52
46916731,6538261,1,2026-07-30 05:05:01,2026-07-29 23:05:01,2026-06-30 17:05:01
4813816,6538275,1,2026-07-30 01:05:01,2026-07-30 12:05:01,2024-06-28 03:00:10
10126551,6538275,16777473,2026-07-30 14:47:22,2026-07-26 02:05:01,2024-11-04 20:05:01
27746861,6538275,1,2026-07-29 17:05:01,2026-07-30 16:05:01,2024-09-01 18:53:52
46916731,6538275,1,2026-07-30 05:05:01,2026-07-29 23:05:01,2026-06-30 17:05:01
4813816,6540481,1,2026-07-30 01:05:01,2026-07-30 16:05:01,2024-07-31 15:04:57
10126551,6540481,16777473,2026-07-30 14:47:22,2026-07-30 03:05:02,2025-01-27 16:05:01
46916731,6540481,1,2026-07-30 05:05:01,2026-07-30 16:05:01,2026-06-24 04:05:01
4813816,6549673,1,2026-07-30 01:05:01,2026-07-28 23:05:01,2024-07-31 14:59:18
10126551,6549673,16777473,2026-07-30 14:47:22,2026-07-26 01:05:02,2025-01-05 20:05:01
46916731,6549673,1,2026-07-30 05:05:01,2026-07-29 23:05:01,2026-06-24 17:05:01
50325130,6549673,1,2026-04-13 11:05:02,2026-07-30 16:05:01,2026-01-12 11:05:01
4813816,6550813,1,2026-07-30 01:05:01,2026-07-30 16:05:01,2024-07-31 15:05:42
10126551,6550813,16777473,2026-07-30 14:47:22,2026-07-30 05:05:01,2025-01-27 16:05:01
14757368,6550813,1,2026-07-28 09:05:01,2026-07-30 16:05:01,2025-03-22 13:05:01
46916731,6550813,1,2026-07-30 05:05:01,2026-07-30 16:05:01,2026-06-24 04:05:01
4813816,6552688,1,2026-07-30 01:05:01,2026-07-30 16:05:01,2024-07-31 15:04:24
10126551,6552688,16777473,2026-07-30 14:47:22,2026-07-29 05:05:02,2025-01-27 16:05:01
14315827,6552688,0,,2026-07-30 16:05:01,
46916731,6552688,1,2026-07-30 05:05:01,2026-07-30 16:05:01,2026-06-30 17:05:01
10126551,6553025,16777473,2026-07-30 14:47:22,2026-07-10 10:05:01,2024-11-11 06:05:01
27746861,6553025,1,2026-07-29 17:05:01,2026-07-29 16:05:01,2024-09-01 18:53:52
46916731,6553025,1,2026-07-30 05:05:01,2026-07-29 23:05:01,2026-06-30 17:05:01
4813816,6557939,1,2026-07-30 01:05:01,2026-07-29 05:05:02,2024-08-02 18:32:21
10126551,6557939,16777473,2026-07-30 14:47:22,2026-07-29 04:05:01,2025-01-27 16:05:01
46916731,6557939,1,2026-07-30 05:05:01,2026-07-29 23:05:01,2026-06-30 17:05:01
4813816,6562756,1,2026-07-30 01:05:01,2026-07-30 16:05:01,2024-08-17 06:17:56
10126551,6562756,16777473,2026-07-30 14:47:22,2026-07-10 11:05:01,2025-01-27 16:05:01
46916731,6562756,1,2026-07-30 05:05:01,2026-07-30 08:05:01,2026-06-30 17:05:01
4813816,6563148,1,2026-07-30 01:05:01,2026-07-30 16:05:01,2024-08-17 16:14:11
10126551,6563148,16777473,2026-07-30 14:47:22,2026-07-30 04:05:01,2025-01-27 16:05:01
14757368,6563148,1,2026-07-28 09:05:01,2026-07-30 16:05:01,2025-03-22 13:05:01
46916731,6563148,1,2026-07-30 05:05:01,2026-07-30 16:05:01,2026-06-24 17:05:01
4813816,6563242,1,2026-07-30 01:05:01,2026-07-30 16:05:01,2024-08-18 08:04:53
10126551,6563242,16777473,2026-07-30 14:47:22,2026-07-30 16:05:01,2025-01-27 16:05:01
46916731,6563242,1,2026-07-30 05:05:01,2026-07-30 13:05:01,2026-06-24 04:05:01
4813816,6586629,1,2026-07-30 01:05:01,2026-07-10 10:05:01,2024-10-17 19:57:41
10126551,6586629,16777473,2026-07-30 14:47:22,2026-07-10 10:05:01,2025-01-05 20:05:01
10126551,6594641,16777473,2026-07-30 14:47:22,2026-07-10 10:05:01,2024-11-30 02:05:01
27746861,6594641,1,2026-07-29 17:05:01,2026-07-29 16:05:01,2025-05-21 06:05:01
4813816,6594953,1,2026-07-30 01:05:01,2026-07-30 16:05:01,2024-11-06 23:10:23
10126551,6594953,16777473,2026-07-30 14:47:22,2026-07-30 04:05:01,2025-01-27 16:05:01
14757368,6594953,1,2026-07-28 09:05:01,2026-07-30 16:05:01,2025-03-22 13:05:01
46916731,6594953,1,2026-07-30 05:05:01,2026-07-30 16:05:01,2026-06-24 17:05:01
4813816,6595357,1,2026-07-30 01:05:01,2026-07-30 16:05:01,2024-11-06 23:12:38
10126551,6595357,16777473,2026-07-30 14:47:22,2026-07-30 04:05:01,2025-01-27 16:05:01
14757368,6595357,1,2026-07-28 09:05:01,2026-07-30 16:05:01,2025-03-22 13:05:01
46916731,6595357,1,2026-07-30 05:05:01,2026-07-30 16:05:01,2026-06-24 04:05:01
4813816,6606933,1,2026-07-30 01:05:01,2026-07-20 11:07:37,2024-11-30 15:34:36
10126551,6606933,16777473,2026-07-30 14:47:22,2026-07-10 10:05:01,2024-12-01 21:05:01
46916731,6606933,1,2026-07-30 05:05:01,2026-07-29 23:05:01,2026-06-30 17:05:01
10126551,6608523,16777473,2026-07-30 14:47:22,2026-07-10 10:05:01,2025-01-27 16:05:01
27746861,6608523,1,2026-07-29 17:05:01,2026-07-29 16:05:01,2026-02-25 17:05:01
769018,6609000,0,,2026-07-30 16:05:01,
4813816,6609000,1,2026-07-30 01:05:01,2026-07-10 11:05:01,2024-12-04 21:03:41
10126551,6609000,16777473,2026-07-30 14:47:22,2026-07-10 10:05:01,2024-12-07 15:05:01
4813816,6609865,1,2026-07-30 01:05:01,2026-07-30 16:05:01,2024-12-08 09:17:53
10126551,6609865,16777473,2026-07-30 14:47:22,2026-07-29 08:05:01,2025-01-27 16:05:01
46916731,6609865,1,2026-07-30 05:05:01,2026-07-30 16:05:01,2026-06-24 04:05:01
4813816,6628667,1,2026-07-30 01:05:01,2026-07-30 00:05:01,2025-01-13 20:23:38
10126551,6628667,16777473,2026-07-30 14:47:22,2026-07-29 04:05:01,2025-01-15 09:05:01
46916731,6628667,1,2026-07-30 05:05:01,2026-07-30 16:05:01,2026-06-24 04:05:01
50325130,6628667,1,2026-04-13 11:05:02,2026-07-30 16:05:01,2025-12-29 04:05:01
4659466,6629785,0,,2026-07-27 03:05:01,
4813816,6629785,1,2026-07-30 01:05:01,2026-07-30 16:05:01,2025-01-15 22:52:52
10126551,6629785,16777473,2026-07-30 14:47:22,2026-07-28 22:05:01,2025-01-16 01:05:02
46916731,6629785,1,2026-07-30 05:05:01,2026-07-30 16:05:01,2026-06-30 17:05:01
5842730,6634990,1,2026-07-30 01:05:01,2026-07-30 16:05:01,2025-11-09 15:05:01
10126551,6634990,16777473,2026-07-30 14:47:22,2026-07-10 10:05:01,2025-02-01 13:05:01
12240987,6634990,1,2026-06-01 22:05:01,2026-07-30 16:05:01,2025-02-21 23:05:01
4813816,6635069,1,2026-07-30 01:05:01,2026-07-10 11:05:01,2025-01-24 23:22:19
10126551,6635069,16777473,2026-07-30 14:47:22,2026-07-10 10:05:01,2025-01-25 19:05:01
4813816,6636105,1,2026-07-30 01:05:01,2026-07-30 16:05:01,2025-01-27 15:05:01
10126551,6636105,16777473,2026-07-30 14:47:22,2026-07-28 23:05:01,2025-01-27 16:05:01
46916731,6636105,1,2026-07-30 05:05:01,2026-07-30 16:05:01,2026-06-24 17:05:01
50325130,6636105,1,2026-04-13 11:05:02,2026-07-30 16:05:01,2026-01-12 11:05:01
769018,6654512,0,,2026-07-30 16:05:01,
10126551,6654512,16777473,2026-07-30 14:47:22,2026-07-10 10:05:01,2025-03-10 20:05:01
4813816,6655045,1,2026-07-30 01:05:01,2026-07-30 16:05:01,2025-03-02 03:05:01
10126551,6655045,16777473,2026-07-30 14:47:22,2026-07-29 04:05:01,2025-03-01 13:05:01
46916731,6655045,1,2026-07-30 05:05:01,2026-07-30 16:05:01,2026-06-24 04:05:01
4813816,6655161,1,2026-07-30 01:05:01,2026-07-30 16:05:01,2025-03-02 03:05:01
10126551,6655161,16777473,2026-07-30 14:47:22,2026-07-30 01:05:01,2025-03-03 12:05:01
46916731,6655161,1,2026-07-30 05:05:01,2026-07-30 16:05:01,2026-06-24 17:05:01
50325130,6655161,1,2026-04-13 11:05:02,2026-07-30 16:05:01,2025-12-29 04:05:01
4813816,6656380,1,2026-07-30 01:05:01,2026-07-30 16:05:01,2025-03-08 18:54:54
10126551,6656380,16777473,2026-07-30 14:47:22,2026-07-30 03:05:02,2025-03-03 19:05:01
46916731,6656380,1,2026-07-30 05:05:01,2026-07-30 13:05:01,2026-06-24 04:05:01
4813816,6672741,1,2026-07-30 01:05:01,2026-07-10 10:05:01,2025-04-04 19:42:03
10126551,6672741,16777473,2026-07-30 14:47:22,2026-07-10 10:05:01,2025-04-04 18:05:01
4813816,6674543,1,2026-07-30 01:05:01,2026-07-30 16:05:01,2025-04-10 02:05:01
10126551,6674543,16777473,2026-07-30 14:47:22,2026-07-26 02:05:01,2025-04-17 20:05:01
46916731,6674543,1,2026-07-30 05:05:01,2026-07-30 16:05:01,2026-06-24 17:05:01
50325130,6674543,1,2026-04-13 11:05:02,2026-07-30 16:05:01,2026-01-12 11:05:01
4813816,6677471,1,2026-07-30 01:05:01,2026-07-12 07:05:01,2025-04-13 02:05:01
10126551,6677471,16777473,2026-07-30 14:47:22,2026-07-12 06:05:01,2025-04-13 13:05:01
46916731,6677471,1,2026-07-30 05:05:01,2026-07-29 23:05:01,2026-06-30 17:05:01
50325130,6677471,1,2026-04-13 11:05:02,2026-07-30 16:05:01,2026-01-12 11:05:01
4813816,6681264,1,2026-07-30 01:05:01,2026-07-26 11:07:56,2025-04-21 02:05:01
10126551,6681264,16777473,2026-07-30 14:47:22,2026-07-26 02:05:01,2025-07-12 16:05:01
46916731,6681264,1,2026-07-30 05:05:01,2026-07-29 23:05:01,2026-06-30 17:05:01
50325130,6681264,1,2026-04-13 11:05:02,2026-07-30 16:05:01,2025-12-29 04:05:01
10126551,6684803,16777473,2026-07-30 14:47:22,2026-07-10 10:05:01,2025-05-03 21:05:02
27746861,6684803,1,2026-07-29 17:05:01,2026-07-29 16:05:01,2026-02-25 17:05:01
10126551,6696908,16777473,2026-07-30 14:47:22,2026-07-30 05:05:01,2025-05-23 16:05:02
46916731,6696908,1,2026-07-30 05:05:01,2026-07-30 16:05:01,2026-06-24 04:05:01
50325130,6696908,1,2026-04-13 11:05:02,2026-07-30 16:05:01,2025-12-29 04:05:01
670524,6697560,0,,2026-07-30 16:05:01,
4813816,6697560,1,2026-07-30 01:05:01,2026-07-21 11:05:01,2025-05-24 19:50:20
10126551,6697560,16777473,2026-07-30 14:47:22,2026-07-21 00:05:01,2025-05-24 18:05:01
46916731,6697560,1,2026-07-30 05:05:01,2026-07-30 16:05:01,2026-06-30 17:05:01
10126551,6698569,16777473,2026-07-30 14:47:22,2026-07-30 03:05:02,2025-07-01 09:05:01
27746861,6698569,1,2026-07-29 17:05:01,2026-07-30 08:05:01,2026-02-25 17:05:01
46916731,6698569,1,2026-07-30 05:05:01,2026-07-30 08:05:01,2026-06-30 17:05:01
10126551,6699038,16777473,2026-07-30 14:47:22,2026-07-30 16:05:01,2025-05-27 20:05:01
46916731,6699038,1,2026-07-30 05:05:01,2026-07-30 13:05:01,2026-06-24 04:05:01
50325130,6699038,1,2026-04-13 11:05:02,2026-07-30 16:05:01,2025-12-29 04:05:01
10126551,6699491,16777473,2026-07-30 14:47:22,2026-07-10 10:05:01,2025-06-09 20:05:02
27746861,6699491,1,2026-07-29 17:05:01,2026-07-29 16:05:01,2026-02-25 17:05:01
10126551,6705924,16777473,2026-07-30 14:47:22,2026-07-30 01:05:01,2025-06-12 20:05:01
46916731,6705924,1,2026-07-30 05:05:01,2026-07-30 16:05:01,2026-06-24 04:05:01
50325130,6705924,1,2026-04-13 11:05:02,2026-07-30 16:05:01,2026-01-12 11:05:01
4659466,6705948,0,,2026-07-27 03:05:01,
4813816,6705948,1,2026-07-30 01:05:01,2026-07-30 15:05:01,2025-06-16 02:05:01
10126551,6705948,16777473,2026-07-30 14:47:22,2026-07-28 08:05:01,2025-06-12 20:05:01
46916731,6705948,1,2026-07-30 05:05:01,2026-07-30 08:05:01,2026-06-30 17:05:01
10126551,6706938,16777473,2026-07-30 14:47:22,2026-07-26 03:05:01,2025-06-14 19:05:01
27746861,6706938,1,2026-07-29 17:05:01,2026-07-29 16:05:01,2026-03-08 17:05:01
46916731,6706938,1,2026-07-30 05:05:01,2026-07-29 23:05:01,2026-06-30 17:05:01
4813816,6707923,1,2026-07-30 01:05:01,2026-07-30 12:05:01,2025-06-19 02:05:01
10126551,6707923,16777473,2026-07-30 14:47:22,2026-07-28 22:05:01,2025-06-16 21:05:01
46916731,6707923,1,2026-07-30 05:05:01,2026-07-30 16:05:01,2026-06-24 17:05:01
50325130,6707923,1,2026-04-13 11:05:02,2026-07-30 16:05:01,2026-01-12 11:05:01
670524,6707927,0,,2026-07-30 16:05:01,
4813816,6707927,1,2026-07-30 01:05:01,2026-07-30 16:05:01,2025-06-19 02:05:01
10126551,6707927,16777473,2026-07-30 14:47:22,2026-07-28 23:05:01,2025-06-16 21:05:01
46916731,6707927,1,2026-07-30 05:05:01,2026-07-30 16:05:01,2026-06-24 17:05:01
4813816,6710947,1,2026-07-30 01:05:01,2026-07-21 02:05:01,2025-06-24 20:21:44
10126551,6710947,16777473,2026-07-30 14:47:22,2026-07-10 10:05:01,2025-08-04 19:05:01
50325130,6710947,1,2026-04-13 11:05:02,2026-07-30 16:05:01,2025-12-29 04:05:01
769018,6712056,0,,2026-07-30 16:05:01,
6822160,6712056,0,,2026-07-09 14:05:02,
10126551,6712056,16777473,2026-07-30 14:47:22,2026-07-10 10:05:01,2025-06-27 17:05:02
10126551,6712159,16777473,2026-07-30 14:47:22,2026-07-10 10:05:01,2025-06-27 13:05:01
27746861,6712159,1,2026-07-29 17:05:01,2026-07-29 16:05:01,2025-07-09 17:05:01
4659466,6714725,0,,2026-07-27 03:05:01,
10126551,6714725,16777473,2026-07-30 14:47:22,2026-07-29 03:05:01,2025-07-03 12:05:01
27746861,6714725,1,2026-07-29 17:05:01,2026-07-30 07:05:01,2025-07-09 17:05:01
46916731,6714725,1,2026-07-30 05:05:01,2026-07-30 16:05:01,2026-06-30 17:05:01
4813816,6718108,1,2026-07-30 01:05:01,2026-07-10 11:05:01,2025-07-11 19:59:56
10126551,6451987,16777473,2026-07-30 14:47:22,2026-07-24 04:05:01,2024-11-04 20:05:01
27746861,6451987,1,2026-07-29 17:05:01,2026-07-29 16:05:01,2024-02-21 14:19:00
46916731,6451987,1,2026-07-30 05:05:01,2026-07-29 23:05:01,2026-06-30 17:05:01
10126551,6457734,16777473,2026-07-30 14:47:22,2026-07-28 23:05:01,2024-11-04 20:05:01
27746861,6457734,1,2026-07-29 17:05:01,2026-07-30 16:05:01,2024-02-21 14:19:00
46916731,6457734,1,2026-07-30 05:05:01,2026-07-30 16:05:01,2026-06-24 17:05:01
10126551,6460511,16777473,2026-07-30 14:47:22,2026-07-10 10:05:01,2024-11-04 20:05:01
27746861,6460511,1,2026-07-29 17:05:01,2026-07-29 16:05:01,2024-03-12 12:31:00
10126551,6468218,16777473,2026-07-30 14:47:22,2026-07-26 03:05:01,2024-11-04 20:05:01
27746861,6468218,1,2026-07-29 17:05:01,2026-07-29 16:05:01,2024-03-12 12:31:00
4813816,6470659,1,2026-07-30 01:05:01,2026-07-30 14:05:02,2024-02-25 04:00:00
10126551,6470659,16777473,2026-07-30 14:47:22,2026-07-30 11:05:01,2024-11-04 20:05:01
27746861,6470659,1,2026-07-29 17:05:01,2026-07-30 16:05:01,2024-03-12 12:31:00
46916731,6470659,1,2026-07-30 05:05:01,2026-07-30 16:05:01,2026-06-30 17:05:01
4813816,6470995,1,2026-07-30 01:05:01,2026-07-30 03:05:02,2024-02-25 04:00:00
10126551,6470995,16777473,2026-07-30 14:47:22,2026-07-30 03:05:02,2024-11-04 20:05:01
27746861,6470995,1,2026-07-29 17:05:01,2026-07-30 16:05:01,2024-02-21 14:19:00
46916731,6470995,1,2026-07-30 05:05:01,2026-07-30 16:05:01,2026-06-30 17:05:01
4813816,6471089,1,2026-07-30 01:05:01,2026-07-10 10:05:01,2024-02-25 04:00:00
10126551,6471089,16777473,2026-07-30 14:47:22,2026-07-10 10:05:01,2024-11-04 20:05:01
27746861,6471089,1,2026-07-29 17:05:01,2026-07-29 16:05:01,2024-03-12 12:31:00
4813816,6471772,1,2026-07-30 01:05:01,2026-07-30 16:05:01,2024-02-25 04:00:00
10126551,6471772,16777473,2026-07-30 14:47:22,2026-07-30 05:05:01,2024-11-04 20:05:01
27746861,6471772,1,2026-07-29 17:05:01,2026-07-30 16:05:01,2024-03-12 12:31:00
46916731,6471772,1,2026-07-30 05:05:01,2026-07-30 13:05:01,2026-06-24 04:05:01
4813816,6472656,1,2026-07-30 01:05:01,2026-07-30 06:05:01,2024-02-25 04:00:00
10126551,6472656,16777473,2026-07-30 14:47:22,2026-07-30 00:05:01,2024-11-04 20:05:01
27746861,6472656,1,2026-07-29 17:05:01,2026-07-30 15:05:01,2024-02-21 14:19:00
46916731,6472656,1,2026-07-30 05:05:01,2026-07-30 13:05:01,2026-06-24 04:05:01
10126551,6474244,16777473,2026-07-30 14:47:22,2026-07-10 10:05:01,2024-11-04 20:05:01
27746861,6474244,1,2026-07-29 17:05:01,2026-07-29 16:05:01,2024-05-23 18:53:54
10126551,6474629,16777473,2026-07-30 14:47:22,2026-07-30 00:05:01,2024-11-04 20:05:01
27746861,6474629,1,2026-07-29 17:05:01,2026-07-30 16:05:01,2024-02-21 14:19:00
46916731,6474629,1,2026-07-30 05:05:01,2026-07-30 16:05:01,2026-06-24 17:05:01
4813816,6493785,1,2026-07-30 01:05:01,2026-07-30 16:05:01,2024-03-09 04:00:00
10126551,6493785,16777473,2026-07-30 14:47:22,2026-07-30 05:05:01,2024-11-04 20:05:01
27746861,6493785,1,2026-07-29 17:05:01,2026-07-30 16:05:01,2024-03-12 12:31:00
46916731,6493785,1,2026-07-30 05:05:01,2026-07-30 16:05:01,2026-06-24 04:05:01
4813816,6495688,1,2026-07-30 01:05:01,2026-07-30 08:05:01,2024-04-02 03:00:00
10126551,6495688,16777473,2026-07-30 14:47:22,2026-07-27 16:05:02,2024-11-04 20:05:01
27746861,6495688,1,2026-07-29 17:05:01,2026-07-30 14:05:02,2024-03-26 20:37:00
46916731,6495688,1,2026-07-30 05:05:01,2026-07-30 11:05:01,2026-06-30 17:05:01
10126551,6496200,16777473,2026-07-30 14:47:22,2026-07-11 20:35:52,2024-11-04 20:05:01
27746861,6496200,1,2026-07-29 17:05:01,2026-07-29 16:05:01,2024-03-12 12:31:00
46916731,6496200,1,2026-07-30 05:05:01,2026-07-29 23:05:01,2026-06-30 17:05:01
4813816,6496291,1,2026-07-30 01:05:01,2026-07-30 06:05:01,2024-03-09 04:00:00
10126551,6496291,16777473,2026-07-30 14:47:22,2026-07-30 05:05:01,2024-11-04 20:05:01
27746861,6496291,1,2026-07-29 17:05:01,2026-07-30 07:05:01,2024-04-05 18:53:52
46916731,6496291,1,2026-07-30 05:05:01,2026-07-30 13:05:01,2026-06-30 17:05:01
4813816,6496722,1,2026-07-30 01:05:01,2026-07-29 01:05:01,2024-03-09 04:00:00
10126551,6496722,16777473,2026-07-30 14:47:22,2026-07-28 00:05:01,2024-11-04 20:05:01
27746861,6496722,1,2026-07-29 17:05:01,2026-07-30 16:05:01,2024-04-10 18:53:48
46916731,6496722,1,2026-07-30 05:05:01,2026-07-30 16:05:01,2026-06-30 17:05:01
769018,6519788,0,,2026-07-30 16:05:01,
10126551,6519788,16777473,2026-07-30 14:47:22,2026-07-10 10:05:01,2024-11-04 20:05:01
27746861,6519788,1,2026-07-29 17:05:01,2026-07-29 16:05:01,2024-05-23 18:53:54
10126551,6521018,16777473,2026-07-30 14:47:22,2026-07-10 10:05:01,2024-11-04 20:05:01
27746861,6521018,1,2026-07-29 17:05:01,2026-07-29 16:05:01,2024-05-23 18:53:54
4813816,6522784,1,2026-07-30 01:05:01,2026-07-29 08:05:01,2026-03-14 02:05:02
10126551,6522784,16777473,2026-07-30 14:47:22,2026-07-27 02:05:01,2024-10-21 02:05:01
27746861,6522784,1,2026-07-29 17:05:01,2026-07-30 16:05:01,2024-06-11 18:53:51
46916731,6522784,1,2026-07-30 05:05:01,2026-07-30 16:05:01,2026-06-24 17:05:01
4813816,6523428,1,2026-07-30 01:05:01,2026-07-29 04:05:01,2026-03-14 02:05:02
10126551,6523428,16777473,2026-07-30 14:47:22,2026-07-26 02:05:01,2024-10-21 02:05:01
27746861,6523428,1,2026-07-29 17:05:01,2026-07-30 07:05:01,2024-05-23 18:53:54
46916731,6523428,1,2026-07-30 05:05:01,2026-07-30 03:05:02,2026-06-24 17:05:01
4813816,6523513,1,2026-07-30 01:05:01,2026-07-22 02:05:01,2024-05-19 03:00:00
10126551,6523513,16777473,2026-07-30 14:47:22,2026-07-10 10:05:01,2024-11-04 20:05:01
27746861,6523513,1,2026-07-29 17:05:01,2026-07-29 16:05:01,2024-05-23 18:53:54
4813816,6534620,1,2026-07-30 01:05:01,2026-07-30 01:05:01,2024-06-06 03:00:10
10126551,6534620,16777473,2026-07-30 14:47:22,2026-07-28 23:05:01,2024-11-04 20:05:01
27746861,6534620,1,2026-07-29 17:05:01,2026-07-30 15:05:01,2024-06-11 18:53:51
46916731,6534620,1,2026-07-30 05:05:01,2026-07-30 14:05:02,2026-06-30 17:05:01
4813816,6535104,1,2026-07-30 01:05:01,2026-07-30 16:05:01,2024-07-31 15:04:14
10126551,6535104,16777473,2026-07-30 14:47:22,2026-07-28 04:05:01,2024-11-04 20:05:01
27746861,6535104,1,2026-07-29 17:05:01,2026-07-30 16:05:01,2024-09-01 18:53:52
46916731,6535104,1,2026-07-30 05:05:01,2026-07-30 16:05:01,2026-06-24 17:05:01
4813816,6535571,1,2026-07-30 01:05:01,2026-07-29 07:05:01,2024-06-28 03:00:10
10126551,6535571,16777473,2026-07-30 14:47:22,2026-07-26 03:05:01,2024-11-04 20:05:01
46916731,6535571,1,2026-07-30 05:05:01,2026-07-29 23:05:01,2026-06-30 17:05:01
4813816,6535730,1,2026-07-30 01:05:01,2026-07-30 09:05:01,2024-06-07 03:00:10
10126551,6535730,16777473,2026-07-30 14:47:22,2026-07-10 10:05:01,2024-11-04 20:05:01
27746861,6535730,1,2026-07-29 17:05:01,2026-07-30 10:05:01,2024-06-11 18:53:51
46916731,6535730,1,2026-07-30 05:05:01,2026-07-29 23:05:01,2026-06-30 17:05:01
4813816,6536221,1,2026-07-30 01:05:01,2026-07-30 16:05:01,2026-03-14 02:05:02
10008096,6536221,1,2026-06-20 12:05:01,2026-07-26 08:22:12,2024-09-22 11:05:01
10126551,6536221,16777473,2026-07-30 14:47:22,2026-07-27 02:05:01,2025-01-27 16:05:01
14315827,6536221,0,,2026-07-30 16:05:01,
4813816,6543536,1,2026-07-30 01:05:01,2026-07-21 12:23:46,2024-07-31 15:02:44
10126551,6543536,16777473,2026-07-30 14:47:22,2026-07-10 10:05:01,2025-01-27 16:05:01
46916731,6543536,1,2026-07-30 05:05:01,2026-07-29 23:05:01,2026-06-30 17:05:01
4813816,6543782,1,2026-07-30 01:05:01,2026-07-30 14:05:02,2026-03-14 02:05:02
10008096,6543782,1,2026-06-20 12:05:01,2026-07-26 06:05:01,2024-10-16 02:04:12
10126551,6543782,16777473,2026-07-30 14:47:22,2026-07-26 02:05:01,2025-01-27 16:05:01
46916731,6543782,1,2026-07-30 05:05:01,2026-07-30 15:05:01,2026-06-24 17:05:01
4813816,6545856,1,2026-07-30 01:05:01,2026-07-10 11:05:01,2024-07-31 14:58:12
10126551,6545856,16777473,2026-07-30 14:47:22,2026-07-10 10:05:01,2025-01-27 16:05:01
4813816,6546637,1,2026-07-30 01:05:01,2026-07-30 16:05:01,2026-03-14 02:05:02
10008096,6546637,1,2026-06-20 12:05:01,2026-07-23 18:05:01,2024-07-28 02:05:38
10126551,6546637,16777473,2026-07-30 14:47:22,2026-07-27 03:05:01,2025-01-27 16:05:01
14757368,6546637,1,2026-07-28 09:05:01,2026-07-30 16:05:01,2025-03-22 13:05:01
4813816,6546645,1,2026-07-30 01:05:01,2026-07-30 14:05:02,2026-03-14 02:05:02
10008096,6546645,1,2026-06-20 12:05:01,2026-07-25 16:05:01,2024-07-28 02:05:38
10126551,6546645,16777473,2026-07-30 14:47:22,2026-07-27 03:05:01,2025-01-27 16:05:01
46916731,6546645,1,2026-07-30 05:05:01,2026-07-30 16:05:01,2026-06-24 17:05:01
4813816,6554281,1,2026-07-30 01:05:01,2026-07-30 08:05:01,2024-07-31 14:58:22
10126551,6554281,16777473,2026-07-30 14:47:22,2026-07-29 05:05:02,2025-01-27 16:05:01
46916731,6554281,1,2026-07-30 05:05:01,2026-07-30 14:05:02,2026-06-24 04:05:01
50325130,6554281,1,2026-04-13 11:05:02,2026-07-30 16:05:01,2026-01-12 11:05:01
4813816,6554353,1,2026-07-30 01:05:01,2026-07-30 06:05:01,2024-07-30 21:19:16
10126551,6554353,16777473,2026-07-30 14:47:22,2026-07-28 05:05:01,2024-11-04 20:05:01
27746861,6554353,1,2026-07-29 17:05:01,2026-07-30 16:05:01,2024-09-01 18:53:52
46916731,6554353,1,2026-07-30 05:05:01,2026-07-30 10:05:01,2026-06-30 17:05:01
4659466,6557148,0,,2026-07-27 03:05:01,
10126551,6557148,16777473,2026-07-30 14:47:22,2026-07-10 10:05:01,2024-11-11 06:05:01
27746861,6557148,1,2026-07-29 17:05:01,2026-07-29 16:05:01,2024-09-01 18:53:52
10126551,6557248,16777473,2026-07-30 14:47:22,2026-07-10 10:05:01,2024-11-05 04:05:01
27746861,6557248,1,2026-07-29 17:05:01,2026-07-29 16:05:01,2024-09-01 18:53:52
4813816,6557781,1,2026-07-30 01:05:01,2026-07-30 16:05:01,2024-08-02 18:57:23
10126551,6557781,16777473,2026-07-30 14:47:22,2026-07-27 02:05:01,2025-01-27 16:05:01
14315827,6557781,0,,2026-07-30 16:05:01,
46916731,6557781,1,2026-07-30 05:05:01,2026-07-30 16:05:01,2026-06-30 17:05:01
670524,6567915,0,,2026-07-30 16:05:01,
10126551,6567915,16777473,2026-07-30 14:47:22,2026-07-27 02:05:01,2025-01-27 14:05:01
46916731,6567915,1,2026-07-30 05:05:01,2026-07-30 16:05:01,2026-06-30 17:05:01
50325130,6567915,1,2026-04-13 11:05:02,2026-07-30 16:05:01,2026-01-12 11:05:01
4813816,6570406,1,2026-07-30 01:05:01,2026-07-26 05:05:01,2024-09-05 21:05:52
10126551,6570406,16777473,2026-07-30 14:47:22,2026-07-10 10:05:01,2024-12-07 15:05:01
46916731,6570406,1,2026-07-30 05:05:01,2026-07-29 23:05:01,2026-06-30 17:05:01
4813816,6570717,1,2026-07-30 01:05:01,2026-07-29 09:05:01,2024-09-06 19:25:16
10126551,6570717,16777473,2026-07-30 14:47:22,2026-07-28 04:05:01,2025-01-05 20:05:01
4813816,6571312,1,2026-07-30 01:05:01,2026-07-10 10:05:01,2024-09-09 20:20:07
10126551,6571312,16777473,2026-07-30 14:47:22,2026-07-10 10:05:01,2025-01-27 16:05:01
14757368,6571312,1,2026-07-28 09:05:01,2026-07-30 16:05:01,2025-03-22 13:05:01
46916731,6571312,1,2026-07-30 05:05:01,2026-07-30 06:05:01,2026-06-30 17:05:01
4813816,6573810,1,2026-07-30 01:05:01,2026-07-21 02:05:01,2024-09-16 18:14:34
10126551,6573810,16777473,2026-07-30 14:47:22,2026-07-10 10:05:01,2025-01-27 16:05:01
4813816,6575258,1,2026-07-30 01:05:01,2026-07-30 16:05:01,2024-09-19 18:21:56
10126551,6575258,16777473,2026-07-30 14:47:22,2026-07-28 07:05:01,2025-01-27 16:05:01
14757368,6575258,1,2026-07-28 09:05:01,2026-07-30 16:05:01,2025-03-22 13:05:01
46916731,6575258,1,2026-07-30 05:05:01,2026-07-30 16:05:01,2026-06-24 17:05:01
4813816,6578934,1,2026-07-30 01:05:01,2026-07-30 16:05:01,2024-09-28 18:04:50
10126551,6578934,16777473,2026-07-30 14:47:22,2026-07-30 16:05:01,2025-01-27 16:05:01
46916731,6578934,1,2026-07-30 05:05:01,2026-07-30 16:05:01,2026-06-24 04:05:01
4813816,6579070,1,2026-07-30 01:05:01,2026-07-10 11:05:01,2024-09-29 10:14:06
10126551,6579070,16777473,2026-07-30 14:47:22,2026-07-10 10:05:01,2025-01-27 16:05:01
4813816,6582203,1,2026-07-30 01:05:01,2026-07-30 12:05:01,2024-12-11 21:16:14
10126551,6582203,16777473,2026-07-30 14:47:22,2026-07-29 02:05:01,2025-01-27 16:05:01
46916731,6582203,1,2026-07-30 05:05:01,2026-07-30 16:05:01,2026-06-24 17:05:01
10126551,6621978,16777473,2026-07-30 14:47:22,2026-07-10 10:05:01,2025-01-13 00:05:01
27746861,6621978,1,2026-07-29 17:05:01,2026-07-29 16:05:01,2025-10-06 17:05:01
10126551,6622207,16777473,2026-07-30 14:47:22,2026-07-30 01:05:01,2025-02-01 13:05:01
46916731,6622207,1,2026-07-30 05:05:01,2026-07-30 16:05:01,2026-06-24 04:05:01
50325130,6622207,1,2026-04-13 11:05:02,2026-07-30 16:05:01,2026-01-12 11:05:01
10126551,6623142,16777473,2026-07-30 14:47:22,2026-07-10 10:05:01,2025-01-22 21:05:01
27746861,6623142,1,2026-07-29 17:05:01,2026-07-29 16:05:01,2025-07-09 17:05:01
4813816,6624267,1,2026-07-30 01:05:01,2026-07-14 09:05:01,2025-01-05 11:09:54
10126551,6624267,16777473,2026-07-30 14:47:22,2026-07-10 11:05:01,2025-01-15 09:05:01
10126551,6641227,16777473,2026-07-30 14:47:22,2026-07-29 00:05:01,2025-02-12 22:05:01
46916731,6641227,1,2026-07-30 05:05:01,2026-07-30 06:05:01,2026-06-30 17:05:01
50325130,6641227,1,2026-04-13 11:05:02,2026-07-30 16:05:01,2026-01-12 11:05:01
4659466,6643205,0,,2026-07-27 03:05:01,
4813816,6643205,1,2026-07-30 01:05:01,2026-07-30 06:05:01,2025-02-08 17:13:08
10126551,6643205,16777473,2026-07-30 14:47:22,2026-07-10 11:05:01,2025-02-08 16:05:01
46916731,6643205,1,2026-07-30 05:05:01,2026-07-30 08:05:01,2026-06-30 17:05:01
4813816,6646892,1,2026-07-30 01:05:01,2026-07-30 05:05:01,2025-02-14 21:58:37
10126551,6646892,16777473,2026-07-30 14:47:22,2026-07-29 02:05:01,2025-02-14 22:05:01
46916731,6646892,1,2026-07-30 05:05:01,2026-07-30 16:05:01,2026-06-24 17:05:01
50325130,6646892,1,2026-04-13 11:05:02,2026-07-30 16:05:01,2026-01-12 11:05:01
4659466,6648126,0,,2026-07-27 03:05:01,
4813816,6648126,1,2026-07-30 01:05:01,2026-07-11 04:05:01,2025-02-17 03:05:01
10126551,6648126,16777473,2026-07-30 14:47:22,2026-07-10 10:05:01,2025-02-16 23:05:01
46916731,6648126,1,2026-07-30 05:05:01,2026-07-29 23:05:01,2026-06-30 17:05:01
10126551,6660907,16777473,2026-07-30 14:47:22,2026-07-10 10:05:01,2025-03-14 16:05:01
50325130,6660907,1,2026-04-13 11:05:02,2026-07-30 16:05:01,2025-12-29 04:05:01
10126551,6662669,16777473,2026-07-30 14:47:22,2026-07-22 19:05:01,2025-03-25 23:05:01
27746861,6662669,1,2026-07-29 17:05:01,2026-07-30 14:05:02,2025-10-06 17:05:01
46916731,6662669,1,2026-07-30 05:05:01,2026-07-30 12:05:01,2026-06-30 17:05:01
4813816,6664404,1,2026-07-30 01:05:01,2026-07-30 16:05:01,2025-03-21 03:05:01
10126551,6664404,16777473,2026-07-30 14:47:22,2026-07-28 23:05:01,2025-03-19 23:05:01
46916731,6664404,1,2026-07-30 05:05:01,2026-07-30 16:05:01,2026-06-24 04:05:01
50325130,6664404,1,2026-04-13 11:05:02,2026-07-30 16:05:01,2026-01-12 11:05:01
4659466,6664841,0,,2026-07-27 03:05:01,
10126551,6664841,16777473,2026-07-30 14:47:22,2026-07-10 10:05:01,2025-03-20 19:05:01
27746861,6664841,1,2026-07-29 17:05:01,2026-07-29 16:05:01,2026-02-25 17:05:01
670524,6665700,1,2026-03-11 10:26:57,2026-07-30 16:05:01,2025-09-28 05:23:55
10126551,6665700,16777473,2026-07-30 14:47:22,2026-07-10 11:05:01,2025-04-01 07:05:01
46916731,6665700,1,2026-07-30 05:05:01,2026-07-30 13:05:01,2026-06-24 17:05:01
4659466,6688251,0,,2026-07-27 03:05:01,
10126551,6688251,16777473,2026-07-30 14:47:22,2026-07-25 03:05:01,2025-06-07 14:05:01
27746861,6688251,1,2026-07-29 17:05:01,2026-07-30 01:05:01,2026-02-25 17:05:01
46916731,6688251,1,2026-07-30 05:05:01,2026-07-30 01:05:01,2026-06-30 17:05:01
10126551,6693333,16777473,2026-07-30 14:47:22,2026-07-10 10:05:01,2025-06-12 16:05:02
27746861,6693333,1,2026-07-29 17:05:01,2026-07-29 16:05:01,2026-02-25 17:05:01
4813816,6693339,1,2026-07-30 01:05:01,2026-07-30 11:05:01,2025-05-16 02:05:01
10126551,6693339,16777473,2026-07-30 14:47:22,2026-07-30 05:05:01,2025-06-21 15:05:01
46916731,6693339,1,2026-07-30 05:05:01,2026-07-30 16:05:01,2026-06-24 17:05:01
4659466,6693848,0,,2026-07-27 03:05:01,
4813816,6693848,1,2026-07-30 01:05:01,2026-07-30 13:05:01,2025-05-17 02:06:41
10126551,6693848,16777473,2026-07-30 14:47:22,2026-07-30 04:05:01,2025-05-23 17:05:01
670524,6695189,0,,2026-07-30 16:05:01,
4813816,6695189,1,2026-07-30 01:05:01,2026-07-30 08:05:01,2025-05-20 02:05:01
10126551,6695189,16777473,2026-07-30 14:47:22,2026-07-28 23:05:01,2025-05-19 23:05:01
46916731,6695189,1,2026-07-30 05:05:01,2026-07-30 16:05:01,2026-06-24 04:05:01
670524,6700383,0,,2026-07-30 16:05:01,
4813816,6700383,1,2026-07-30 01:05:01,2026-07-27 02:05:01,2025-06-01 02:05:01
10126551,6700383,16777473,2026-07-30 14:47:22,2026-07-27 02:05:01,2025-05-30 21:05:01
46916731,6700383,1,2026-07-30 05:05:01,2026-07-29 23:05:01,2026-06-30 17:05:01
4813816,6700795,1,2026-07-30 01:05:01,2026-07-29 07:05:01,2025-06-02 02:05:01
10126551,6700795,16777473,2026-07-30 14:47:22,2026-07-26 02:05:01,2025-05-31 20:05:01
46916731,6700795,1,2026-07-30 05:05:01,2026-07-30 05:05:01,2026-06-24 17:05:01
50325130,6700795,1,2026-04-13 11:05:02,2026-07-30 16:05:01,2026-01-12 11:05:01
10126551,6701074,16777473,2026-07-30 14:47:22,2026-07-27 02:05:01,2025-07-03 21:05:01
46916731,6701074,1,2026-07-30 05:05:01,2026-07-30 07:05:01,2026-06-24 17:05:01
4813816,6701205,1,2026-07-30 01:05:01,2026-07-10 11:05:01,2025-06-01 18:33:37
5842730,6701205,1,2026-07-30 01:05:01,2026-07-30 16:05:01,2025-11-09 15:05:01
10126551,6701205,16777473,2026-07-30 14:47:22,2026-07-10 10:05:01,2025-07-22 17:05:02
50325130,6701205,1,2026-04-13 11:05:02,2026-07-30 16:05:01,2025-12-29 04:05:01
10126551,6703551,16777473,2026-07-30 14:47:22,2026-07-10 10:05:01,2025-06-07 12:05:01
27746861,6703551,1,2026-07-29 17:05:01,2026-07-29 16:05:01,2025-10-06 17:05:01
4813816,6708243,1,2026-07-30 01:05:01,2026-07-17 14:05:01,2025-06-17 20:55:57
10126551,6708243,16777473,2026-07-30 14:47:22,2026-07-10 11:05:01,2025-10-15 19:05:02
46916731,6708243,1,2026-07-30 05:05:01,2026-07-29 23:05:01,2026-06-30 17:05:01
4813816,6709458,1,2026-07-30 01:05:01,2026-07-22 02:05:01,2025-06-21 02:05:01
10126551,6709458,16777473,2026-07-30 14:47:22,2026-07-10 10:05:01,2025-06-20 22:05:01
4813816,6709769,1,2026-07-30 01:05:01,2026-07-30 16:05:01,2025-06-22 02:05:01
10126551,6709769,16777473,2026-07-30 14:47:22,2026-07-28 23:05:01,2025-07-15 17:05:01
46916731,6709769,1,2026-07-30 05:05:01,2026-07-30 16:05:01,2026-06-24 17:05:01
50325130,6709769,1,2026-04-13 11:05:02,2026-07-30 16:05:01,2026-01-12 11:05:01
10126551,6709785,16777473,2026-07-30 14:47:22,2026-07-27 03:05:01,2025-06-21 16:05:01
46916731,6709785,1,2026-07-30 05:05:01,2026-07-30 08:05:01,2026-06-30 17:05:01
50325130,6709785,1,2026-04-13 11:05:02,2026-07-30 16:05:01,2026-01-12 11:05:01
4813816,6710305,1,2026-07-30 01:05:01,2026-07-10 10:05:01,2025-06-23 02:05:01
10126551,6710305,16777473,2026-07-30 14:47:22,2026-07-10 10:05:01,2025-07-12 21:05:01
4659466,6719342,0,,2026-07-27 03:05:01,
10126551,6719342,16777473,2026-07-30 14:47:22,2026-07-26 03:05:01,2025-07-14 16:05:01
46916731,6719342,1,2026-07-30 05:05:01,2026-07-29 23:05:01,2026-06-24 17:05:01
4813816,6719587,1,2026-07-30 01:05:01,2026-07-30 15:05:01,2025-07-16 01:05:01
10126551,6719587,16777473,2026-07-30 14:47:22,2026-07-29 13:05:01,2025-07-15 09:05:01
46916731,6719587,1,2026-07-30 05:05:01,2026-07-30 16:05:01,2026-06-30 17:05:01
5842730,6719750,1,2026-07-30 01:05:01,2026-07-30 16:05:01,2025-11-09 15:05:01
10126551,6719750,16777473,2026-07-30 14:47:22,2026-07-10 10:05:01,2025-07-25 06:05:02
46916731,6719750,1,2026-07-30 05:05:01,2026-07-29 23:05:01,2026-06-30 17:05:01
4813816,6719753,1,2026-07-30 01:05:01,2026-07-29 17:05:01,2025-07-16 01:05:01
10126551,6719753,16777473,2026-07-30 14:47:22,2026-07-26 01:05:02,2025-08-02 16:05:01
46916731,6719753,1,2026-07-30 05:05:01,2026-07-29 23:05:01,2026-06-30 17:05:01
10126551,6720059,16777473,2026-07-30 14:47:22,2026-07-10 10:05:01,2025-07-25 06:05:02
27746861,6720059,1,2026-07-29 17:05:01,2026-07-29 16:05:01,2025-10-06 17:05:01
10126551,6720523,16777473,2026-07-30 14:47:22,2026-07-10 10:05:01,2025-07-25 06:05:02
27746861,6720523,1,2026-07-29 17:05:01,2026-07-29 16:05:01,2025-10-06 17:05:01
4813816,6721404,1,2026-07-30 01:05:01,2026-07-30 16:05:01,2025-07-20 01:05:01
10126551,6721404,16777473,2026-07-30 14:47:22,2026-07-30 04:05:01,2025-09-04 22:05:01
46916731,6721404,1,2026-07-30 05:05:01,2026-07-30 16:05:01,2026-06-24 17:05:01
4813816,6721592,1,2026-07-30 01:05:01,2026-07-29 06:05:01,2025-07-20 01:05:01
10126551,6721592,16777473,2026-07-30 14:47:22,2026-07-29 05:05:02,2025-08-16 22:05:01
46916731,6721592,1,2026-07-30 05:05:01,2026-07-30 11:05:01,2026-06-24 17:05:01
50325130,6721592,1,2026-04-13 11:05:02,2026-07-30 16:05:01,2026-01-12 11:05:01
4813816,6721822,1,2026-07-30 01:05:01,2026-07-30 05:05:01,2025-07-21 01:05:01
10126551,6721822,16777473,2026-07-30 14:47:22,2026-07-28 23:05:01,2025-07-25 06:05:02
46916731,6721822,1,2026-07-30 05:05:01,2026-07-30 15:05:01,2026-06-24 17:05:01
10126551,6718108,16777473,2026-07-30 14:47:22,2026-07-10 11:05:01,2025-08-15 14:05:01
46916731,6718108,1,2026-07-30 05:05:01,2026-07-29 23:05:01,2026-06-30 17:05:01
10126551,6743769,16777473,2026-07-30 14:47:22,2026-07-29 04:05:01,2025-09-13 09:05:02
27746861,6743769,1,2026-07-29 17:05:01,2026-07-30 16:05:01,2025-10-06 17:05:01
46916731,6743769,1,2026-07-30 05:05:01,2026-07-30 16:05:01,2026-06-24 17:05:01
50325130,6743769,1,2026-04-13 11:05:02,2026-07-30 16:05:01,2026-01-12 11:05:01
10126551,6744423,16777473,2026-07-30 14:47:22,2026-07-27 01:05:02,2025-09-27 11:05:01
27746861,6744423,1,2026-07-29 17:05:01,2026-07-30 08:05:01,2025-10-06 17:05:01
46916731,6744423,1,2026-07-30 05:05:01,2026-07-30 08:05:01,2026-06-30 17:05:01
50325130,6744423,1,2026-04-13 11:05:02,2026-07-30 16:05:01,2026-01-12 11:05:01
10126551,6744801,16777473,2026-07-30 14:47:22,2026-07-28 05:05:01,2025-10-14 21:05:01
27746861,6744801,1,2026-07-29 17:05:01,2026-07-30 08:05:01,2025-11-10 17:05:01
46916731,6744801,1,2026-07-30 05:05:01,2026-07-30 07:05:01,2026-06-30 17:05:01
10126551,6745258,16777473,2026-07-30 14:47:22,2026-07-30 05:05:01,2025-09-16 15:05:01
27746861,6745258,1,2026-07-29 17:05:01,2026-07-30 16:05:01,2025-10-06 17:05:01
46916731,6745258,1,2026-07-30 05:05:01,2026-07-30 16:05:01,2026-06-24 04:05:01
50325130,6745258,1,2026-04-13 11:05:02,2026-07-30 16:05:01,2026-01-12 11:05:01
4813816,6745651,1,2026-07-30 01:05:01,2026-07-10 11:05:01,2025-09-18 01:05:02
10126551,6745651,16777473,2026-07-30 14:47:22,2026-07-10 11:05:01,2025-09-17 13:05:01
46916731,6745651,1,2026-07-30 05:05:01,2026-07-30 00:05:01,2026-06-30 17:05:01
4813816,6752812,1,2026-07-30 01:05:01,2026-07-10 11:05:01,2025-10-04 01:05:01
10126551,6752812,16777473,2026-07-30 14:47:22,2026-07-10 10:05:01,2025-10-07 22:05:02
50325130,6752812,1,2026-04-13 11:05:02,2026-07-30 16:05:01,2025-12-29 04:05:01
10008096,6753249,1,2026-06-20 12:05:01,2026-07-30 07:05:01,2025-10-20 02:03:41
10126551,6753249,16777473,2026-07-30 14:47:22,2026-07-30 01:05:01,2025-10-14 14:05:01
46916731,6753249,1,2026-07-30 05:05:01,2026-07-30 16:05:01,2026-06-24 04:05:01
50325130,6753249,1,2026-04-13 11:05:02,2026-07-30 16:05:01,2025-12-29 04:05:01
4813816,6753763,1,2026-07-30 01:05:01,2026-07-17 22:05:02,2025-10-06 01:05:01
10126551,6753763,16777473,2026-07-30 14:47:22,2026-07-17 22:05:02,2025-10-05 17:05:01
46916731,6753763,1,2026-07-30 05:05:01,2026-07-29 23:05:01,2026-06-30 17:05:01
4813816,6753764,1,2026-07-30 01:05:01,2026-07-30 09:05:01,2025-10-06 01:05:01
10126551,6753764,16777473,2026-07-30 14:47:22,2026-07-29 04:05:01,2025-10-05 17:05:01
46916731,6753764,1,2026-07-30 05:05:01,2026-07-30 13:05:01,2026-06-30 17:05:01
50325130,6753764,1,2026-04-13 11:05:02,2026-07-30 16:05:01,2026-01-12 11:05:01
4659466,6763902,0,,2026-07-27 03:05:01,
10126551,6763902,16777473,2026-07-30 14:47:22,2026-07-30 03:05:02,2025-10-27 14:05:01
27746861,6763902,1,2026-07-29 17:05:01,2026-07-30 08:05:01,2025-11-10 17:05:01
46916731,6763902,1,2026-07-30 05:05:01,2026-07-30 08:05:01,2026-06-24 17:05:01
10126551,6764661,16777473,2026-07-30 14:47:22,2026-07-30 04:05:01,2025-10-29 11:05:01
27746861,6764661,1,2026-07-29 17:05:01,2026-07-30 16:05:01,2025-11-10 17:05:01
46916731,6764661,1,2026-07-30 05:05:01,2026-07-30 16:05:01,2026-06-24 04:05:01
10126551,6766277,16777473,2026-07-30 14:47:22,2026-07-30 05:05:01,2025-11-06 17:05:01
27746861,6766277,1,2026-07-29 17:05:01,2026-07-30 16:05:01,2025-11-10 17:05:01
46916731,6766277,1,2026-07-30 05:05:01,2026-07-30 13:05:01,2026-06-24 04:05:01
4813816,6766804,1,2026-07-30 01:05:01,2026-07-30 05:05:01,2025-11-03 01:05:02
10126551,6766804,16777473,2026-07-30 14:47:22,2026-07-28 04:05:01,2025-12-13 18:05:01
46916731,6766804,1,2026-07-30 05:05:01,2026-07-30 16:05:01,2026-06-30 17:05:01
10008096,6767619,1,2026-06-20 12:05:01,2026-07-30 16:05:01,2026-01-24 12:05:01
10126551,6767619,16777473,2026-07-30 14:47:22,2026-07-30 04:05:01,2025-11-04 11:05:02
32873098,6767619,1,2026-06-02 16:05:01,2026-07-30 16:05:01,2026-04-12 21:05:01
46916731,6767619,1,2026-07-30 05:05:01,2026-07-30 16:05:01,2026-06-24 17:05:01
10126551,6783629,16777473,2026-07-30 14:47:22,2026-07-30 04:05:01,2025-12-06 17:05:01
27746861,6783629,1,2026-07-29 17:05:01,2026-07-30 16:05:01,2026-02-25 17:05:01
46916731,6783629,1,2026-07-30 05:05:01,2026-07-30 16:05:01,2026-06-24 17:05:01
10126551,6784090,16777473,2026-07-30 14:47:22,2026-07-30 01:05:01,2025-12-07 13:05:01
27746861,6784090,1,2026-07-29 17:05:01,2026-07-30 16:05:01,2026-03-08 17:05:01
46916731,6784090,1,2026-07-30 05:05:01,2026-07-30 14:05:02,2026-06-24 17:05:01
4813816,6784218,1,2026-07-30 01:05:01,2026-07-29 17:05:01,2025-12-08 02:05:01
10126551,6784218,16777473,2026-07-30 14:47:22,2026-07-26 01:05:02,2026-01-28 23:05:01
4659466,6784280,0,,2026-07-27 03:05:01,
4813816,6784280,1,2026-07-30 01:05:01,2026-07-20 07:08:03,2025-12-08 02:05:01
10126551,6784280,16777473,2026-07-30 14:47:22,2026-07-10 11:05:01,2026-01-20 13:57:01
46916731,6784280,1,2026-07-30 05:05:01,2026-07-29 23:05:01,2026-06-30 17:05:01
4813816,6798270,1,2026-07-30 01:05:01,2026-07-21 02:05:01,2026-01-06 20:00:49
10126551,6798270,16777473,2026-07-30 14:47:22,2026-07-10 10:05:01,2026-02-26 19:05:01
10126551,6799644,16777473,2026-07-30 14:47:22,2026-07-29 04:05:01,2026-01-28 23:05:01
27746861,6799644,1,2026-07-29 17:05:01,2026-07-30 13:05:01,2026-02-25 17:05:01
46916731,6799644,1,2026-07-30 05:05:01,2026-07-30 15:05:01,2026-06-30 17:05:01
10126551,6800234,16777473,2026-07-30 14:47:22,2026-07-10 10:05:01,2026-01-11 21:58:59
27746861,6800234,1,2026-07-29 17:05:01,2026-07-29 16:05:01,2026-02-25 17:05:01
46916731,6800234,1,2026-07-30 05:05:01,2026-07-29 23:05:01,2026-06-30 17:05:01
10126551,6800746,16777473,2026-07-30 14:47:22,2026-07-30 04:05:01,2026-01-15 19:52:16
27746861,6800746,1,2026-07-29 17:05:01,2026-07-30 16:05:01,2026-02-25 17:05:01
46916731,6800746,1,2026-07-30 05:05:01,2026-07-30 16:05:01,2026-06-24 17:05:01
4659466,6800748,0,,2026-07-27 03:05:01,
10126551,6800748,16777473,2026-07-30 14:47:22,2026-07-29 04:05:01,2026-01-28 23:05:01
27746861,6800748,1,2026-07-29 17:05:01,2026-07-30 07:05:01,2026-02-25 17:05:01
46916731,6800748,1,2026-07-30 05:05:01,2026-07-30 07:05:01,2026-06-24 17:05:01
10126551,6808276,16777473,2026-07-30 14:47:22,2026-07-29 04:05:01,2026-01-28 23:05:01
27746861,6808276,1,2026-07-29 17:05:01,2026-07-29 16:05:01,2026-02-25 17:05:01
46916731,6808276,1,2026-07-30 05:05:01,2026-07-29 23:05:01,2026-06-30 17:05:01
10126551,6808727,16777473,2026-07-30 14:47:22,2026-07-30 04:05:01,2026-01-28 23:05:01
27746861,6808727,1,2026-07-29 17:05:01,2026-07-30 16:05:01,2026-03-08 17:05:01
46916731,6808727,1,2026-07-30 05:05:01,2026-07-30 14:05:02,2026-06-24 17:05:01
10126551,6808729,16777473,2026-07-30 14:47:22,2026-07-10 10:05:01,2026-01-28 23:05:01
32873098,6808729,1,2026-06-02 16:05:01,2026-07-30 16:05:01,2026-04-12 21:05:01
46916731,6808729,1,2026-07-30 05:05:01,2026-07-30 10:05:01,2026-06-30 17:05:01
4813816,6813170,1,2026-07-30 01:05:01,2026-07-26 03:05:01,2026-02-07 02:05:01
10126551,6813170,16777473,2026-07-30 14:47:22,2026-07-26 01:05:02,2026-03-15 21:05:01
46916731,6813170,1,2026-07-30 05:05:01,2026-07-29 23:05:01,2026-06-30 17:05:01
10126551,6816557,16777473,2026-07-30 14:47:22,2026-07-30 03:05:02,2026-03-11 18:05:01
46916731,6816557,1,2026-07-30 05:05:01,2026-07-30 05:05:01,2026-06-30 17:05:01
4813816,6816587,1,2026-07-30 01:05:01,2026-07-10 11:05:01,2026-02-14 02:05:01
10126551,6816587,16777473,2026-07-30 14:47:22,2026-07-10 10:05:01,2026-02-14 16:05:01
10126551,6816855,16777473,2026-07-30 14:47:22,2026-07-10 10:05:01,2026-02-28 11:05:01
27746861,6816855,1,2026-07-29 17:05:01,2026-07-29 16:05:01,2026-03-08 17:05:01
10126551,6819881,16777473,2026-07-30 14:47:22,2026-07-30 01:05:01,2026-02-20 16:05:01
27746861,6819881,1,2026-07-29 17:05:01,2026-07-30 16:05:01,2026-03-08 17:05:01
46916731,6819881,1,2026-07-30 05:05:01,2026-07-30 13:05:01,2026-06-24 17:05:01
4813816,6826751,1,2026-07-30 01:05:01,2026-07-30 04:05:01,2026-03-08 02:05:01
10126551,6826751,16777473,2026-07-30 14:47:22,2026-07-28 03:05:01,2026-04-05 05:05:02
46916731,6826751,1,2026-07-30 05:05:01,2026-07-30 05:05:01,2026-06-24 17:05:01
10126551,6828664,16777473,2026-07-30 14:47:22,2026-07-30 16:05:01,2026-03-11 12:05:01
46916731,6828664,1,2026-07-30 05:05:01,2026-07-30 16:05:01,2026-06-24 17:05:01
4813816,6830079,1,2026-07-30 01:05:01,2026-07-10 11:05:01,2026-03-15 02:05:01
10126551,6830079,16777473,2026-07-30 14:47:22,2026-07-10 10:05:01,2026-05-04 23:05:01
10126551,6832911,16777473,2026-07-30 14:47:22,2026-07-10 10:05:01,2026-03-20 13:05:01
46916731,6832911,1,2026-07-30 05:05:01,2026-07-29 23:05:01,2026-06-30 17:05:01
10126551,6838259,16777473,2026-07-30 14:47:22,2026-07-27 02:05:01,2026-03-30 15:05:01
46916731,6838259,1,2026-07-30 05:05:01,2026-07-30 16:05:01,2026-06-30 17:05:01
10126551,6850454,16777473,2026-07-30 14:47:22,2026-07-10 10:05:01,2026-04-30 20:05:01
10126551,6856164,16777473,2026-07-30 14:47:22,2026-07-10 10:05:01,2026-05-31 11:05:01
4813816,6727260,1,2026-07-30 01:05:01,2026-07-30 16:05:01,2025-08-03 01:05:01
10126551,6727260,16777473,2026-07-30 14:47:22,2026-07-30 04:05:01,2025-08-12 15:05:01
32873098,6727260,1,2026-06-02 16:05:01,2026-07-30 16:05:01,2026-05-07 16:05:02
46916731,6727260,1,2026-07-30 05:05:01,2026-07-30 16:05:01,2026-06-24 17:05:01
10126551,6729134,16777473,2026-07-30 14:47:22,2026-07-30 04:05:01,2025-08-07 18:05:01
46916731,6729134,1,2026-07-30 05:05:01,2026-07-30 16:05:01,2026-06-24 04:05:01
50325130,6729134,1,2026-04-13 11:05:02,2026-07-30 16:05:01,2026-01-12 11:05:01
4659466,6731081,0,,2026-07-27 03:05:01,
10126551,6731081,16777473,2026-07-30 14:47:22,2026-07-28 04:05:01,2025-08-12 10:05:01
46916731,6731081,1,2026-07-30 05:05:01,2026-07-30 06:05:01,2026-06-30 17:05:01
50325130,6731081,1,2026-04-13 11:05:02,2026-07-30 16:05:01,2026-01-12 11:05:01
4813816,6733745,1,2026-07-30 01:05:01,2026-07-10 11:05:01,2025-08-19 01:05:01
10126551,6733745,16777473,2026-07-30 14:47:22,2026-07-10 10:05:01,2025-09-12 19:05:01
4813816,6734000,1,2026-07-30 01:05:01,2026-07-28 13:05:01,2025-08-20 01:05:01
10126551,6734000,16777473,2026-07-30 14:47:22,2026-07-27 03:05:01,2025-08-19 17:05:01
50325130,6734000,1,2026-04-13 11:05:02,2026-07-30 16:05:01,2026-01-12 11:05:01
4813816,6735965,1,2026-07-30 01:05:01,2026-07-28 05:05:01,2025-08-24 12:10:11
10126551,6735965,16777473,2026-07-30 14:47:22,2026-07-27 04:05:01,2025-09-17 21:05:01
10126551,6736398,16777473,2026-07-30 14:47:22,2026-07-30 04:05:01,2025-08-25 10:05:01
50325130,6736398,1,2026-04-13 11:05:02,2026-07-30 16:05:01,2026-01-12 11:05:01
4813816,6736666,1,2026-07-30 01:05:01,2026-07-27 21:05:01,2025-08-26 01:05:01
10126551,6736666,16777473,2026-07-30 14:47:22,2026-07-21 20:37:58,2025-08-25 23:05:01
46916731,6736666,1,2026-07-30 05:05:01,2026-07-29 23:05:01,2026-06-30 17:05:01
50325130,6736666,1,2026-04-13 11:05:02,2026-07-30 16:05:01,2026-01-12 11:05:01
10126551,6742543,16777473,2026-07-30 14:47:22,2026-07-30 01:05:01,2025-09-10 11:05:01
27746861,6742543,1,2026-07-29 17:05:01,2026-07-30 16:05:01,2025-10-06 17:05:01
46916731,6742543,1,2026-07-30 05:05:01,2026-07-30 16:05:01,2026-06-24 17:05:01
50325130,6742543,1,2026-04-13 11:05:02,2026-07-30 16:05:01,2026-01-12 11:05:01
4813816,6743147,1,2026-07-30 01:05:01,2026-07-30 16:05:01,2025-09-12 01:05:01
10126551,6743147,16777473,2026-07-30 14:47:22,2026-07-29 05:05:02,2025-09-11 19:05:01
46916731,6743147,1,2026-07-30 05:05:01,2026-07-30 16:05:01,2026-06-24 04:05:01
50325130,6743147,1,2026-04-13 11:05:02,2026-07-30 16:05:01,2025-12-29 04:05:01
670524,6751470,0,,2026-07-30 16:05:01,
10126551,6751470,16777473,2026-07-30 14:47:22,2026-07-29 07:05:01,2025-09-30 17:05:02
46916731,6751470,1,2026-07-30 05:05:01,2026-07-30 16:05:01,2026-06-24 04:05:01
50325130,6751470,1,2026-04-13 11:05:02,2026-07-30 16:05:01,2026-01-12 11:05:01
10126551,6751513,16777473,2026-07-30 14:47:22,2026-07-26 01:05:02,2025-11-01 14:05:01
27746861,6751513,1,2026-07-29 17:05:01,2026-07-29 16:05:01,2025-11-10 17:05:01
46916731,6751513,1,2026-07-30 05:05:01,2026-07-30 00:05:01,2026-06-30 17:05:01
4813816,6751573,1,2026-07-30 01:05:01,2026-07-30 16:05:01,2025-10-01 01:05:01
10126551,6751573,16777473,2026-07-30 14:47:22,2026-07-30 10:05:01,2025-10-29 22:05:02
46916731,6751573,1,2026-07-30 05:05:01,2026-07-30 16:05:01,2026-06-24 17:05:01
10126551,6752276,16777473,2026-07-30 14:47:22,2026-07-29 02:05:01,2025-10-02 16:05:01
46916731,6752276,1,2026-07-30 05:05:01,2026-07-30 13:05:01,2026-06-24 17:05:01
50325130,6752276,1,2026-04-13 11:05:02,2026-07-30 16:05:01,2026-01-12 11:05:01
10126551,6752277,16777473,2026-07-30 14:47:22,2026-07-30 09:05:01,2025-10-02 16:05:01
46916731,6752277,1,2026-07-30 05:05:01,2026-07-30 14:05:02,2026-06-24 17:05:01
4813816,6756334,1,2026-07-30 01:05:01,2026-07-10 11:05:01,2025-10-12 01:05:01
10126551,6756334,16777473,2026-07-30 14:47:22,2026-07-10 10:05:01,2025-11-22 20:05:01
4813816,6756712,1,2026-07-30 01:05:01,2026-07-30 05:05:01,2025-10-13 01:05:01
10126551,6756712,16777473,2026-07-30 14:47:22,2026-07-26 03:05:01,2025-12-01 21:05:01
46916731,6756712,1,2026-07-30 05:05:01,2026-07-29 23:05:01,2026-06-30 17:05:01
4659466,6757339,0,,2026-07-27 03:05:01,
10126551,6757339,16777473,2026-07-30 14:47:22,2026-07-16 11:08:30,2025-10-13 14:05:01
27746861,6757339,1,2026-07-29 17:05:01,2026-07-29 16:05:01,2025-11-10 17:05:01
46916731,6757339,1,2026-07-30 05:05:01,2026-07-29 23:05:01,2026-06-30 17:05:01
4813816,6757482,1,2026-07-30 01:05:01,2026-07-29 18:05:01,2025-10-14 01:05:01
10126551,6757482,16777473,2026-07-30 14:47:22,2026-07-20 07:05:01,2025-10-13 21:05:01
46916731,6757482,1,2026-07-30 05:05:01,2026-07-29 23:05:01,2026-06-30 17:05:01
50325130,6757482,1,2026-04-13 11:05:02,2026-07-30 16:05:01,2026-01-12 11:05:01
4813816,6768382,1,2026-07-30 01:05:01,2026-07-10 10:05:01,2025-11-06 01:05:01
10126551,6768382,16777473,2026-07-30 14:47:22,2026-07-10 10:05:01,2025-12-03 20:05:01
4813816,6769401,1,2026-07-30 01:05:01,2026-07-19 06:05:01,2025-11-08 01:05:01
10126551,6769401,16777473,2026-07-30 14:47:22,2026-07-10 10:05:01,2025-11-07 22:05:01
46916731,6769401,1,2026-07-30 05:05:01,2026-07-29 23:05:01,2026-06-30 17:05:01
4813816,6769652,1,2026-07-30 01:05:01,2026-07-30 11:05:01,2025-11-08 14:50:41
10126551,6769652,16777473,2026-07-30 14:47:22,2026-07-30 01:05:01,2025-12-22 20:05:01
46916731,6769652,1,2026-07-30 05:05:01,2026-07-30 16:05:01,2026-06-24 04:05:01
10126551,6770380,16777473,2026-07-30 14:47:22,2026-07-10 10:05:01,2025-12-06 13:05:01
27746861,6770380,1,2026-07-29 17:05:01,2026-07-29 16:05:01,2026-03-08 17:05:01
4659466,6772527,0,,2026-07-27 03:05:01,
10126551,6772527,16777473,2026-07-30 14:47:22,2026-07-30 16:05:01,2025-11-14 13:05:02
46916731,6772527,1,2026-07-30 05:05:01,2026-07-30 13:05:01,2026-06-24 17:05:01
4813816,6772640,1,2026-07-30 01:05:01,2026-07-10 10:05:01,2025-11-14 19:04:25
10126551,6772640,16777473,2026-07-30 14:47:22,2026-07-10 10:05:01,2026-01-28 23:05:01
10126551,6776058,16777473,2026-07-30 14:47:22,2026-07-26 02:05:01,2026-01-28 23:05:01
27746861,6776058,1,2026-07-29 17:05:01,2026-07-29 16:05:01,2026-02-25 17:05:01
46916731,6776058,1,2026-07-30 05:05:01,2026-07-29 23:05:01,2026-06-30 17:05:01
10126551,6782570,16777473,2026-07-30 14:47:22,2026-07-10 10:05:01,2025-12-04 15:05:01
4659466,6783590,0,,2026-07-27 03:05:01,
10008096,6783590,1,2026-06-20 12:05:01,2026-07-30 16:05:01,2026-01-05 11:05:01
10126551,6783590,16777473,2026-07-30 14:47:22,2026-07-30 16:05:01,2025-12-06 16:05:01
46916731,6783590,1,2026-07-30 05:05:01,2026-07-30 16:05:01,2026-06-24 17:05:01
10126551,6791978,16777473,2026-07-30 14:47:22,2026-07-30 06:05:01,2025-12-24 10:05:01
27746861,6791978,1,2026-07-29 17:05:01,2026-07-30 16:05:01,2026-03-08 17:05:01
46916731,6791978,1,2026-07-30 05:05:01,2026-07-30 16:05:01,2026-06-24 17:05:01
4813816,6792211,1,2026-07-30 01:05:01,2026-07-26 08:05:01,2025-12-25 02:05:01
10126551,6792211,16777473,2026-07-30 14:47:22,2026-07-10 10:05:01,2026-01-28 23:05:01
4659466,6792287,0,,2026-07-27 03:05:01,
10126551,6792287,16777473,2026-07-30 14:47:22,2026-07-24 11:05:01,2025-12-24 23:05:01
27746861,6792287,1,2026-07-29 17:05:01,2026-07-30 11:05:01,2026-02-25 17:05:01
46916731,6792287,1,2026-07-30 05:05:01,2026-07-30 11:05:01,2026-06-30 17:05:01
4813816,6793227,1,2026-07-30 01:05:01,2026-07-10 10:05:01,2025-12-27 02:05:01
10126551,6793227,16777473,2026-07-30 14:47:22,2026-07-10 10:05:01,2026-01-28 23:05:01
10126551,6796936,16777473,2026-07-30 14:47:22,2026-07-10 10:05:01,2026-02-16 20:05:01
27746861,6796936,1,2026-07-29 17:05:01,2026-07-29 16:05:01,2026-03-08 17:05:01
4659466,6804106,0,,2026-07-27 03:05:01,
10126551,6804106,16777473,2026-07-30 14:47:22,2026-07-29 03:05:01,2026-01-28 23:05:01
27746861,6804106,1,2026-07-29 17:05:01,2026-07-30 16:05:01,2026-02-25 17:05:01
46916731,6804106,1,2026-07-30 05:05:01,2026-07-30 16:05:01,2026-06-24 17:05:01
10126551,6804200,16777473,2026-07-30 14:47:22,2026-07-12 06:05:01,2026-03-07 10:05:00
27746861,6804200,1,2026-07-29 17:05:01,2026-07-29 16:05:01,2026-03-08 17:05:01
46916731,6804200,1,2026-07-30 05:05:01,2026-07-29 23:05:01,2026-06-30 17:05:01
10126551,6807415,16777473,2026-07-30 14:47:22,2026-07-10 10:05:01,2026-03-09 18:05:01
10126551,6807453,16777473,2026-07-30 14:47:22,2026-07-10 10:05:01,2026-02-23 22:05:01
27746861,6807453,1,2026-07-29 17:05:01,2026-07-29 16:05:01,2026-03-08 17:05:01
46916731,6807453,1,2026-07-30 05:05:01,2026-07-29 23:05:01,2026-06-30 17:05:01
4813816,6807548,1,2026-07-30 01:05:01,2026-07-10 11:05:01,2026-01-26 02:05:01
10126551,6807548,16777473,2026-07-30 14:47:22,2026-07-10 10:05:01,2026-01-31 08:05:01
10126551,6813707,16777473,2026-07-30 14:47:22,2026-07-10 10:05:01,2026-02-07 18:05:01
27746861,6813707,1,2026-07-29 17:05:01,2026-07-29 16:05:01,2026-03-08 17:05:01
46916731,6813707,1,2026-07-30 05:05:01,2026-07-29 23:05:01,2026-06-30 17:05:01
4659466,6813708,0,,2026-07-27 03:05:01,
10126551,6813708,16777473,2026-07-30 14:47:22,2026-07-29 02:05:01,2026-02-07 18:05:01
27746861,6813708,1,2026-07-29 17:05:01,2026-07-30 06:05:01,2026-03-08 17:05:01
46916731,6813708,1,2026-07-30 05:05:01,2026-07-30 07:05:01,2026-06-24 04:05:01
4659466,6816081,0,,2026-07-27 03:05:01,
10126551,6816081,16777473,2026-07-30 14:47:22,2026-07-30 01:05:01,2026-02-12 16:05:02
27746861,6816081,1,2026-07-29 17:05:01,2026-07-30 16:05:01,2026-03-08 17:05:01
46916731,6816081,1,2026-07-30 05:05:01,2026-07-30 16:05:01,2026-06-24 04:05:01
4659466,6816430,0,,2026-07-27 03:05:01,
4813816,6816430,1,2026-07-30 01:05:01,2026-07-28 19:05:01,2026-02-14 02:05:01
10126551,6816430,16777473,2026-07-30 14:47:22,2026-07-19 14:05:01,2026-02-13 13:05:02
46916731,6816430,1,2026-07-30 05:05:01,2026-07-29 23:05:01,2026-06-30 17:05:01
10126551,6823314,16777473,2026-07-30 14:47:22,2026-07-29 23:05:01,2026-03-01 07:05:01
27746861,6823314,1,2026-07-29 17:05:01,2026-07-30 15:05:01,2026-03-08 17:05:01
46916731,6823314,1,2026-07-30 05:05:01,2026-07-30 13:05:01,2026-06-24 17:05:01
10126551,6824923,16777473,2026-07-30 14:47:22,2026-07-30 05:05:01,2026-03-03 16:05:01
46916731,6824923,1,2026-07-30 05:05:01,2026-07-30 12:05:01,2026-06-30 17:05:01
10126551,6824948,16777473,2026-07-30 14:47:22,2026-07-10 10:05:01,2026-04-07 18:05:01
46916731,6824948,1,2026-07-30 05:05:01,2026-07-29 23:05:01,2026-06-30 17:05:01
10126551,6825015,16777473,2026-07-30 14:47:22,2026-07-10 10:05:01,2026-04-09 12:05:01
4813816,6826427,1,2026-07-30 01:05:01,2026-07-21 02:05:01,2026-03-07 02:05:01
10126551,6826427,16777473,2026-07-30 14:47:22,2026-07-10 10:05:01,2026-03-08 17:05:01
4813816,6840792,1,2026-07-30 01:05:01,2026-07-25 03:05:01,2026-04-06 01:05:01
10126551,6840792,16777473,2026-07-30 14:47:22,2026-07-19 14:05:01,2026-04-04 19:05:02
10126551,6842487,16777473,2026-07-30 14:47:22,2026-07-10 10:05:01,2026-04-08 21:05:01
10126551,6847771,16777473,2026-07-30 14:47:22,2026-07-10 10:05:01,2026-05-28 20:05:01
10126551,6848567,16777473,2026-07-30 14:47:22,2026-07-10 10:05:01,2026-05-29 18:05:01
10126551,6862834,16777473,2026-07-30 14:47:22,2026-07-30 05:05:01,2026-06-04 15:05:01
46916731,6862834,1,2026-07-30 05:05:01,2026-07-30 13:05:01,2026-06-24 17:05:01
