user_id,topic_id,status,last_update_time,last_seeded_time,first_update_time
369429,6000514,1,2026-07-30 01:05:01,2026-07-30 16:05:01,2024-02-24 09:50:00
10126551,6000514,16777473,2026-07-30 14:47:22,2026-07-30 16:05:01,2026-07-25 07:47:25
369429,5224124,1,2026-07-30 01:05:01,2026-07-30 16:05:01,2024-02-24 09:50:00
10126551,5224124,16777473,2026-07-30 14:47:22,2026-07-30 04:05:01,2024-11-22 10:05:01
369429,3651087,1,2026-07-30 01:05:01,2026-07-30 16:05:01,2024-02-24 09:50:00
10126551,3651087,16777473,2026-07-30 14:47:22,2026-07-30 16:05:01,2024-11-22 10:05:01
670524,3646268,0,,2026-07-30 16:05:01,
10126551,3646268,16777473,2026-07-30 14:47:22,2026-07-10 11:05:01,2024-11-22 10:05:01
17190520,3646268,65537,2024-06-04 21:00:00,2026-07-30 16:05:01,2024-02-01 15:12:00
369429,5567284,1,2026-07-30 01:05:01,2026-07-30 16:05:01,2024-02-24 09:50:00
670524,5567284,0,,2026-07-30 16:05:01,
10126551,5567284,16777473,2026-07-30 14:47:22,2026-07-28 02:05:01,2024-11-22 10:05:01
369429,3753863,1,2026-07-30 01:05:01,2026-07-30 16:05:01,2024-02-24 09:50:00
10126551,3753863,16777473,2026-07-30 14:47:22,2026-07-30 04:05:01,2024-11-26 13:05:01
17190520,3753863,65537,2024-06-04 21:00:00,2026-07-30 16:05:01,2024-02-01 15:12:00
369429,3419170,1,2026-07-30 01:05:01,2026-07-30 16:05:01,2024-02-24 09:50:00
10126551,3419170,16777473,2026-07-30 14:47:22,2026-07-30 04:05:01,2024-11-22 10:05:01
17190520,3419170,65537,2024-06-04 21:00:00,2026-07-30 16:05:01,2024-02-01 15:12:00
369429,4390545,1,2026-07-30 01:05:01,2026-07-30 16:05:01,2024-05-06 19:21:00
10126551,4390545,16777473,2026-07-30 14:47:22,2026-07-30 04:05:01,2024-11-22 10:05:01
17190520,4390545,65537,2024-06-04 21:00:00,2026-07-30 16:05:01,2024-02-01 15:12:00
369429,4913057,1,2026-07-30 01:05:01,2026-07-30 16:05:01,2024-02-24 09:50:00
10126551,4913057,16777473,2026-07-30 14:47:22,2026-07-30 16:05:01,2024-11-22 10:05:01
369429,3499745,1,2026-07-30 01:05:01,2026-07-30 16:05:01,2024-02-24 09:50:00
10126551,3499745,16777473,2026-07-30 14:47:22,2026-07-30 04:05:01,2024-11-22 10:05:01
369429,2127528,1,2026-07-30 01:05:01,2026-07-30 16:05:01,2024-02-24 09:50:00
10126551,2127528,16777473,2026-07-30 14:47:22,2026-07-30 04:05:01,2024-11-22 10:05:01
17190520,2127528,65537,2024-06-04 21:00:00,2026-07-30 16:05:01,2024-02-01 15:12:00
369429,4785955,1,2026-07-30 01:05:01,2026-07-30 16:05:01,2024-03-08 03:46:00
6480545,4785955,1,2026-07-26 00:05:02,2026-07-30 16:05:01,2024-02-18 01:20:00
10126551,4785955,16777473,2026-07-30 14:47:22,2026-07-28 03:05:01,2024-11-22 10:05:01
369429,5786074,1,2026-07-30 01:05:01,2026-07-30 16:05:01,2024-02-24 09:50:00
10126551,5786074,16777473,2026-07-30 14:47:22,2026-07-30 04:05:01,2024-11-22 10:05:01
17190520,5786074,65537,2024-06-04 21:00:00,2026-07-30 16:05:01,2024-02-01 15:12:00
369429,3362765,1,2026-07-30 01:05:01,2026-07-30 16:05:01,2024-02-24 09:50:00
670524,3362765,0,,2026-07-30 16:05:01,
10126551,3362765,16777473,2026-07-30 14:47:22,2026-07-28 22:05:01,2025-06-15 01:05:01
369429,4316174,1,2026-07-30 01:05:01,2026-07-30 16:05:01,2024-02-24 09:50:00
9423019,4316174,1,2026-04-08 02:05:02,2026-07-30 16:05:01,2024-02-05 04:04:00
10126551,4316174,16777473,2026-07-30 14:47:22,2026-07-30 04:05:01,2024-11-22 10:05:01
9423019,4963076,1,2026-04-08 02:05:02,2026-07-30 16:05:01,2024-02-05 04:04:00
10126551,4963076,16777473,2026-07-30 14:47:22,2026-07-10 11:05:01,2024-11-26 13:05:01
369429,5227737,1,2026-07-30 01:05:01,2026-07-30 16:05:01,2024-02-24 09:50:00
6480545,5227737,1,2026-07-26 00:05:02,2026-07-30 16:05:01,2024-02-18 01:20:00
10126551,5227737,16777473,2026-07-30 14:47:22,2026-07-30 04:05:01,2024-11-22 10:05:01
369429,3620048,1,2026-07-30 01:05:01,2026-07-30 16:05:01,2024-02-24 09:50:00
10126551,3620048,16777473,2026-07-30 14:47:22,2026-07-30 16:05:01,2024-11-22 10:05:01
369429,5843953,1,2026-07-30 01:05:01,2026-07-30 16:05:01,2024-02-24 09:50:00
10126551,5843953,16777473,2026-07-30 14:47:22,2026-07-30 16:05:01,2025-06-28 17:05:01
369429,5216251,1,2026-07-30 01:05:01,2026-07-30 14:05:02,2024-02-24 09:50:00
10126551,5216251,16777473,2026-07-30 14:47:22,2026-07-27 02:05:01,2024-11-22 10:05:01
369429,1675018,1,2026-07-30 01:05:01,2026-07-30 16:05:01,2024-02-24 09:50:00
10126551,1675018,16777473,2026-07-30 14:47:22,2026-07-30 16:05:01,2024-11-22 10:05:01
369429,5151707,1,2026-07-30 01:05:01,2026-07-30 16:05:01,2024-02-24 09:50:00
10126551,5151707,16777473,2026-07-30 14:47:22,2026-07-28 02:05:01,2024-11-22 10:05:01
369429,5466114,1,2026-07-30 01:05:01,2026-07-30 16:05:01,2024-03-08 03:46:00
6480545,5466114,1,2026-07-26 00:05:02,2026-07-30 16:05:01,2024-02-18 01:20:00
10126551,5466114,16777473,2026-07-30 14:47:22,2026-07-28 02:05:01,2024-11-22 10:05:01
369429,6101854,1,2026-07-30 01:05:01,2026-07-30 16:05:01,2024-02-24 09:50:00
7778569,6101854,65537,2024-02-15 23:55:00,2026-07-29 04:05:01,2024-02-15 23:55:00
10126551,6101854,16777473,2026-07-30 14:47:22,2026-07-29 22:05:02,2024-11-22 10:05:01
369429,4700624,1,2026-07-30 01:05:01,2026-07-30 16:05:01,2024-02-24 09:50:00
10126551,4700624,16777473,2026-07-30 14:47:22,2026-07-26 02:05:01,2024-11-22 10:05:01
369429,5179590,1,2026-07-30 01:05:01,2026-07-30 16:05:01,2024-02-24 09:50:00
10126551,5179590,16777473,2026-07-30 14:47:22,2026-07-30 04:05:01,2024-11-22 10:05:01
369429,6068496,1,2026-07-30 01:05:01,2026-07-30 16:05:01,2026-07-01 01:05:02
10126551,6068496,16777473,2026-07-30 14:47:22,2026-07-30 16:05:01,2024-11-22 10:05:01
369429,5564764,1,2026-07-30 01:05:01,2026-07-30 16:05:01,2024-02-24 09:50:00
6480545,5564764,1,2026-07-26 00:05:02,2026-07-30 16:05:01,2024-02-18 01:20:00
10126551,5564764,16777473,2026-07-30 14:47:22,2026-07-30 04:05:01,2024-11-22 10:05:01
369429,6002482,1,2026-07-30 01:05:01,2026-07-30 16:05:01,2024-02-24 09:50:00
10126551,6002482,16777473,2026-07-30 14:47:22,2026-07-30 12:05:01,2024-11-22 10:05:01
369429,6125361,1,2026-07-30 01:05:01,2026-07-30 16:05:01,2024-02-24 09:50:00
10126551,6125361,16777473,2026-07-30 14:47:22,2026-07-30 16:05:01,2024-11-22 10:05:01
369429,5625717,1,2026-07-30 01:05:01,2026-07-30 16:05:01,2024-02-24 09:50:00
10126551,5625717,16777473,2026-07-30 14:47:22,2026-07-30 04:05:01,2024-11-22 10:05:01
9423019,5565510,1,2026-04-08 02:05:02,2026-07-30 16:05:01,2024-02-05 04:04:00
10126551,5565510,16777473,2026-07-30 14:47:22,2026-07-28 04:05:01,2024-11-22 10:05:01
369429,6491909,1,2026-07-30 01:05:01,2026-07-30 16:05:01,2024-04-03 17:24:00
10126551,6491909,16777473,2026-07-30 14:47:22,2026-07-30 04:05:01,2024-11-22 10:05:01
369429,5565442,1,2026-07-30 01:05:01,2026-07-30 16:05:01,2024-02-24 09:50:00
10126551,5565442,16777473,2026-07-30 14:47:22,2026-07-30 16:05:01,2024-11-22 10:05:01
369429,5457834,1,2026-07-30 01:05:01,2026-07-30 16:05:01,2024-02-24 09:50:00
670524,5457834,0,,2026-07-30 16:05:01,
10126551,5457834,16777473,2026-07-30 14:47:22,2026-07-28 02:05:01,2024-11-22 10:05:01
369429,5744126,1,2026-07-30 01:05:01,2026-07-30 16:05:01,2024-02-24 09:50:00
10126551,5744126,16777473,2026-07-30 14:47:22,2026-07-30 04:05:01,2024-11-22 10:05:01
369429,5697380,1,2026-07-30 01:05:01,2026-07-30 16:05:01,2024-02-24 09:50:00
10126551,5697380,16777473,2026-07-30 14:47:22,2026-07-30 13:05:01,2024-11-22 10:05:01
670524,6631043,0,,2026-07-30 16:05:01,
10126551,6631043,16777473,2026-07-30 14:47:22,2026-07-30 16:05:01,2025-02-04 16:05:01
670524,6303149,1,2026-03-11 10:26:57,2026-07-30 08:05:01,2025-07-28 06:05:01
10126551,6303149,16777473,2026-07-30 14:47:22,2026-07-20 02:05:01,2024-11-22 10:05:01
369429,6133044,1,2026-07-30 01:05:01,2026-07-30 16:05:01,2024-02-24 09:50:00
10126551,6133044,16777473,2026-07-30 14:47:22,2026-07-30 04:05:01,2024-11-22 10:05:01
369429,6149440,1,2026-07-30 01:05:01,2026-07-30 07:05:01,2024-05-06 19:21:00
10126551,6149440,16777473,2026-07-30 14:47:22,2026-07-10 10:05:01,2024-11-22 10:05:01
369429,6201347,1,2026-07-30 01:05:01,2026-07-30 16:05:01,2024-02-24 09:50:00
10126551,6201347,16777473,2026-07-30 14:47:22,2026-07-30 16:05:01,2024-11-22 10:05:01
369429,4760932,1,2026-07-30 01:05:01,2026-07-30 16:05:01,2024-02-24 09:50:00
10126551,4760932,16777473,2026-07-30 14:47:22,2026-07-30 16:05:01,2024-11-22 10:05:01
369429,5639877,1,2026-07-30 01:05:01,2026-07-30 16:05:01,2024-02-24 09:50:00
670524,5639877,0,,2026-07-30 16:05:01,
10126551,5639877,16777473,2026-07-30 14:47:22,2026-07-30 04:05:01,2024-11-22 10:05:01
670524,5147009,0,,2026-07-30 16:05:01,
10126551,5147009,16777473,2026-07-30 14:47:22,2026-07-30 04:05:01,2024-11-22 10:05:01
17190520,5147009,65537,2024-06-04 21:00:00,2026-07-30 16:05:01,2024-02-01 15:12:00
369429,5686553,1,2026-07-30 01:05:01,2026-07-30 16:05:01,2024-05-06 19:21:00
6480545,5686553,1,2026-07-26 00:05:02,2026-07-30 16:05:01,2024-02-18 01:20:00
10126551,5686553,16777473,2026-07-30 14:47:22,2026-07-28 02:05:01,2024-11-22 10:05:01
1140687,6446692,1,2026-07-30 00:05:01,2026-07-30 10:05:01,2024-05-26 02:00:00
10126551,6446692,16777473,2026-07-30 14:47:22,2026-07-30 08:05:01,2024-11-22 10:05:01
369429,5602859,1,2026-07-30 01:05:01,2026-07-30 16:05:01,2024-04-30 21:30:00
6480545,5602859,1,2026-07-26 00:05:02,2026-07-30 16:05:01,2024-02-18 01:20:00
10126551,5602859,16777473,2026-07-30 14:47:22,2026-07-28 02:05:01,2024-11-22 10:05:01
670524,6403308,1,2026-03-11 10:26:57,2026-07-30 16:05:01,2025-07-28 06:05:01
10126551,6403308,16777473,2026-07-30 14:47:22,2026-07-10 10:05:01,2024-11-22 10:05:01
9423019,5037858,1,2026-04-08 02:05:02,2026-07-30 16:05:01,2024-02-05 04:04:00
10126551,5037858,16777473,2026-07-30 14:47:22,2026-07-30 16:05:01,2024-11-22 10:05:01
10126551,2073013,16777473,2026-07-30 14:47:22,2026-07-30 16:05:01,2024-11-22 10:05:01
17190520,2073013,65537,2024-06-04 21:00:00,2026-07-30 16:05:01,2024-02-01 15:12:00
10126551,5562640,16777473,2026-07-30 14:47:22,2026-07-10 10:05:01,2024-11-22 10:05:01
369429,2356621,1,2026-07-30 01:05:01,2026-07-30 16:05:01,2024-05-06 19:21:00
10126551,2356621,16777473,2026-07-30 14:47:22,2026-07-30 04:05:01,2024-11-26 13:05:01
17190520,2356621,65537,2024-06-04 21:00:00,2026-07-30 16:05:01,2024-02-01 15:12:00
369429,4884145,1,2026-07-30 01:05:01,2026-07-30 16:05:01,2024-02-24 09:50:00
10126551,4884145,16777473,2026-07-30 14:47:22,2026-07-26 06:05:01,2024-11-22 10:05:01
369429,3750772,1,2026-07-30 01:05:01,2026-07-30 16:05:01,2024-02-24 09:50:00
9423019,3750772,1,2026-04-08 02:05:02,2026-07-30 16:05:01,2024-02-05 04:04:00
10126551,3750772,16777473,2026-07-30 14:47:22,2026-07-10 10:05:01,2024-11-22 10:05:01
369429,5159363,1,2026-07-30 01:05:01,2026-07-30 16:05:01,2024-02-24 09:50:00
9423019,5159363,1,2026-04-08 02:05:02,2026-07-30 16:05:01,2024-02-05 04:04:00
10126551,5159363,16777473,2026-07-30 14:47:22,2026-07-29 05:05:02,2024-11-22 10:05:01
369429,5182054,1,2026-07-30 01:05:01,2026-07-30 16:05:01,2024-02-24 09:50:00
6480545,5182054,1,2026-07-26 00:05:02,2026-07-30 16:05:01,2024-02-18 01:20:00
10126551,5182054,16777473,2026-07-30 14:47:22,2026-07-27 02:05:01,2024-11-22 10:05:01
369429,5821214,1,2026-07-30 01:05:01,2026-07-28 05:05:01,2024-02-24 09:50:00
10126551,5821214,16777473,2026-07-30 14:47:22,2026-07-10 10:05:01,2024-11-22 10:05:01
369429,6379944,1,2026-07-30 01:05:01,2026-07-30 16:05:01,2024-05-06 19:21:00
9423019,6379944,1,2026-04-08 02:05:02,2026-07-30 16:05:01,2024-02-05 04:04:00
10126551,6379944,16777473,2026-07-30 14:47:22,2026-07-21 00:05:01,2024-11-22 10:05:01
369429,6339466,1,2026-07-30 01:05:01,2026-07-30 16:05:01,2024-02-24 09:50:00
10126551,6339466,16777473,2026-07-30 14:47:22,2026-07-28 02:05:01,2024-11-22 10:05:01
12240987,6339466,1,2026-06-01 22:05:01,2026-07-30 16:05:01,2024-02-24 23:55:00
369429,5815498,1,2026-07-30 01:05:01,2026-07-30 16:05:01,2024-04-30 21:30:00
670524,5815498,0,,2026-07-30 16:05:01,
6480545,5815498,1,2026-07-26 00:05:02,2026-07-30 16:05:01,2024-02-18 01:20:00
10126551,5815498,16777473,2026-07-30 14:47:22,2026-07-21 20:37:58,2024-11-26 13:05:01
369429,1749680,1,2026-07-30 01:05:01,2026-07-30 16:05:01,2024-06-03 20:56:19
10126551,1749680,16777473,2026-07-30 14:47:22,2026-07-30 06:05:01,2024-11-22 10:05:01
369429,4933650,1,2026-07-30 01:05:01,2026-07-30 16:05:01,2024-02-24 09:50:00
10126551,4933650,16777473,2026-07-30 14:47:22,2026-07-30 08:05:01,2024-11-26 13:05:01
10126551,5823317,16777473,2026-07-30 14:47:22,2026-07-10 10:05:01,2024-11-22 10:05:01
369429,5745116,1,2026-07-30 01:05:01,2026-07-30 11:05:01,2024-02-24 09:50:00
10126551,5745116,16777473,2026-07-30 14:47:22,2026-07-28 04:05:01,2024-11-22 10:05:01
369429,5629160,1,2026-07-30 01:05:01,2026-07-30 16:05:01,2024-02-24 09:50:00
10126551,5629160,16777473,2026-07-30 14:47:22,2026-07-30 16:05:01,2024-11-22 10:05:01
369429,5284130,1,2026-07-30 01:05:01,2026-07-30 16:05:01,2024-02-24 09:50:00
10126551,5284130,16777473,2026-07-30 14:47:22,2026-07-11 22:05:02,2024-11-26 13:05:01
369429,5686178,1,2026-07-30 01:05:01,2026-07-30 16:05:01,2024-02-24 09:50:00
10126551,5686178,16777473,2026-07-30 14:47:22,2026-07-29 02:05:01,2024-11-22 10:05:01
369429,4710003,1,2026-07-30 01:05:01,2026-07-30 16:05:01,2024-02-24 09:50:00
10126551,4710003,16777473,2026-07-30 14:47:22,2026-07-27 22:05:01,2024-11-26 13:05:01
9423019,5656512,1,2026-04-08 02:05:02,2026-07-30 16:05:01,2024-02-05 04:04:00
10126551,5656512,16777473,2026-07-30 14:47:22,2026-07-10 10:05:01,2024-11-26 13:05:01
9423019,3899361,1,2026-04-08 02:05:02,2026-07-30 16:05:01,2024-02-05 04:04:00
10126551,3899361,16777473,2026-07-30 14:47:22,2026-07-10 10:05:01,2024-11-26 13:05:01
670524,5921882,0,,2026-07-30 16:05:01,
10126551,5921882,16777473,2026-07-30 14:47:22,2026-07-26 01:05:02,2024-11-22 10:05:01
9423019,5655590,1,2026-04-08 02:05:02,2026-07-30 16:05:01,2024-02-05 04:04:00
10126551,5655590,16777473,2026-07-30 14:47:22,2026-07-10 10:05:01,2024-11-26 13:05:01
23417076,5655590,1,2026-05-08 19:05:01,2026-07-16 22:05:01,2025-12-04 19:05:01
369429,5469775,1,2026-07-30 01:05:01,2026-07-30 16:05:01,2024-02-24 09:50:00
10126551,5469775,16777473,2026-07-30 14:47:22,2026-07-29 04:05:01,2024-11-22 10:05:01
670524,6391928,1,2026-03-11 10:26:57,2026-07-30 16:05:01,2025-04-09 03:05:02
9423019,6391928,1,2026-04-08 02:05:02,2026-07-30 16:05:01,2024-02-05 04:04:00
10126551,6391928,16777473,2026-07-30 14:47:22,2026-07-30 04:05:01,2024-11-22 10:05:01
369429,3624013,1,2026-07-30 01:05:01,2026-07-30 16:05:01,2024-02-24 09:50:00
670524,3624013,1,2026-03-11 10:26:57,2026-07-30 16:05:01,2025-04-07 03:05:01
10126551,3624013,16777473,2026-07-30 14:47:22,2026-07-30 04:05:01,2024-11-22 10:05:01
10126551,6100170,16777473,2026-07-30 14:47:22,2026-07-10 10:05:01,2024-11-22 10:05:01
10126551,4536135,16777473,2026-07-30 14:47:22,2026-07-10 10:05:01,2024-11-22 10:05:01
369429,552834,1,2026-07-30 01:05:01,2026-07-30 16:05:01,2024-02-24 09:50:00
10126551,552834,16777473,2026-07-30 14:47:22,2026-07-10 10:05:01,2024-11-22 10:05:01
369429,4926103,1,2026-07-30 01:05:01,2026-07-30 16:05:01,2024-02-24 09:50:00
9423019,4926103,1,2026-04-08 02:05:02,2026-07-30 16:05:01,2024-02-05 04:04:00
10126551,4926103,16777473,2026-07-30 14:47:22,2026-07-30 04:05:01,2024-11-22 10:05:01
670524,5533871,0,,2026-07-30 16:05:01,
670524,5732647,0,,2026-07-30 16:05:01,
369429,5531827,1,2026-07-30 01:05:01,2026-07-30 16:05:01,2024-04-30 21:30:00
6480545,5531827,1,2026-07-26 00:05:02,2026-07-30 16:05:01,2024-02-18 01:20:00
10126551,5531827,16777473,2026-07-30 14:47:22,2026-07-30 04:05:01,2024-11-22 10:05:01
10126551,6481190,16777473,2026-07-30 14:47:22,2026-07-30 16:05:01,2024-11-22 10:05:01
7778569,5810024,65537,2024-02-15 23:55:00,2026-07-29 05:05:02,2024-02-15 23:55:00
10126551,5810024,16777473,2026-07-30 14:47:22,2026-07-10 10:05:01,2024-11-22 10:05:01
1140687,6298809,1,2026-07-30 00:05:01,2026-07-30 10:05:01,2024-07-06 02:00:31
10126551,6298809,16777473,2026-07-30 14:47:22,2026-07-29 05:05:02,2024-11-25 15:05:01
9423019,5656739,1,2026-04-08 02:05:02,2026-07-30 16:05:01,2024-02-05 04:04:00
10126551,5656739,16777473,2026-07-30 14:47:22,2026-07-10 10:05:01,2024-11-22 10:05:01
369429,6024682,1,2026-07-30 01:05:01,2026-07-30 16:05:01,2024-02-24 09:50:00
10126551,6024682,16777473,2026-07-30 14:47:22,2026-07-28 02:05:01,2024-11-22 10:05:01
1140687,6680038,1,2026-07-30 00:05:01,2026-07-30 10:05:01,2025-04-26 01:05:01
10126551,6680038,16777473,2026-07-30 14:47:22,2026-07-10 10:05:01,2025-12-22 21:05:01
10126551,6444432,16777473,2026-07-30 14:47:22,2026-07-10 10:05:01,2024-11-25 15:05:01
3128871,4691829,1,2026-05-13 15:21:37,2026-07-30 16:05:01,2024-02-14 11:54:00
10126551,4691829,16777473,2026-07-30 14:47:22,2026-07-10 10:05:01,2024-11-26 13:05:01
369429,4091848,1,2026-07-30 01:05:01,2026-07-30 16:05:01,2024-02-24 09:50:00
10126551,4091848,16777473,2026-07-30 14:47:22,2026-07-30 16:05:01,2024-11-22 10:05:01
9423019,4158698,1,2026-04-08 02:05:02,2026-07-30 16:05:01,2024-02-05 04:04:00
10126551,4158698,16777473,2026-07-30 14:47:22,2026-07-11 22:05:02,2024-11-22 10:05:01
12240987,4158698,1,2026-06-01 22:05:01,2026-07-30 16:05:01,2024-02-24 23:55:00
369429,3360997,1,2026-07-30 01:05:01,2026-07-30 16:05:01,2024-02-24 09:50:00
10126551,3360997,16777473,2026-07-30 14:47:22,2026-07-30 16:05:01,2024-11-22 10:05:01
369429,6134334,1,2026-07-30 01:05:01,2026-07-30 16:05:01,2024-02-24 09:50:00
10126551,6134334,16777473,2026-07-30 14:47:22,2026-07-28 14:05:01,2024-11-22 10:05:01
369429,4671796,1,2026-07-30 01:05:01,2026-07-30 16:05:01,2024-02-24 09:50:00
10126551,4671796,16777473,2026-07-30 14:47:22,2026-07-30 16:05:01,2024-11-22 10:05:01
369429,5896002,1,2026-07-30 01:05:01,2026-07-24 06:05:01,2024-02-24 09:50:00
10126551,5896002,16777473,2026-07-30 14:47:22,2026-07-10 10:05:01,2024-11-22 10:05:01
369429,4483338,1,2026-07-30 01:05:01,2026-07-30 16:05:01,2024-02-24 09:50:00
670524,4483338,0,,2026-07-30 16:05:01,
10126551,4483338,16777473,2026-07-30 14:47:22,2026-07-30 04:05:01,2024-11-22 10:05:01
9423019,4796284,1,2026-04-08 02:05:02,2026-07-30 16:05:01,2024-02-05 04:04:00
10126551,4796284,16777473,2026-07-30 14:47:22,2026-07-10 10:05:01,2024-11-26 13:05:01
369429,5647816,1,2026-07-30 01:05:01,2026-07-30 16:05:01,2024-02-24 09:50:00
10126551,5647816,16777473,2026-07-30 14:47:22,2026-07-30 04:05:01,2024-11-22 10:05:01
10126551,6237017,16777473,2026-07-30 14:47:22,2026-07-10 10:05:01,2024-11-22 10:05:01
1140687,5824560,1,2026-07-30 00:05:01,2026-07-30 10:05:01,2024-07-06 02:00:32
10126551,5824560,16777473,2026-07-30 14:47:22,2026-07-30 04:05:01,2024-11-22 10:05:01
1140687,6535476,1,2026-07-30 00:05:01,2026-07-30 10:05:01,2024-09-23 01:05:01
10126551,6535476,16777473,2026-07-30 14:47:22,2026-07-29 05:05:02,2024-11-22 10:05:01
769018,6124063,0,,2026-07-30 16:05:01,
10126551,6124063,16777473,2026-07-30 14:47:22,2026-07-10 10:05:01,2024-11-22 10:05:01
9423019,5882389,1,2026-04-08 02:05:02,2026-07-30 16:05:01,2024-02-05 04:04:00
10126551,5882389,16777473,2026-07-30 14:47:22,2026-07-30 07:05:01,2024-11-22 10:05:01
10126551,4888743,16777473,2026-07-30 14:47:22,2026-07-10 10:05:01,2024-11-22 10:05:01
1140687,5298657,1,2026-07-30 00:05:01,2026-07-30 10:05:01,2024-07-06 02:00:32
10126551,5298657,16777473,2026-07-30 14:47:22,2026-07-27 02:05:01,2024-11-22 10:05:01
10126551,6576131,16777473,2026-07-30 14:47:22,2026-07-10 10:05:01,2024-11-25 15:05:01
369429,5873242,1,2026-07-30 01:05:01,2026-07-30 16:05:01,2024-02-24 09:50:00
10126551,5873242,16777473,2026-07-30 14:47:22,2026-07-24 04:05:01,2024-11-25 15:05:01
10126551,5907707,16777473,2026-07-30 14:47:22,2026-07-28 05:05:01,2024-11-25 15:05:01
34756547,5907707,0,,2026-07-30 14:05:02,
369429,2396019,1,2026-07-30 01:05:01,2026-07-30 16:05:01,2024-05-06 19:21:00
10126551,2396019,16777473,2026-07-30 14:47:22,2026-07-27 02:05:01,2024-11-22 10:05:01
17190520,2396019,65537,2024-06-04 21:00:00,2026-07-30 16:05:01,2024-02-01 15:12:00
10126551,6571308,16777473,2026-07-30 14:47:22,2026-07-10 10:05:01,2024-11-25 15:05:01
670524,6202825,0,,2026-07-30 06:05:01,
10126551,6202825,16777473,2026-07-30 14:47:22,2026-07-11 04:05:01,2024-11-22 10:05:01
1140687,6410665,1,2026-07-30 00:05:01,2026-07-30 10:05:01,2024-06-23 02:00:26
10126551,6410665,16777473,2026-07-30 14:47:22,2026-07-30 16:05:01,2024-11-22 10:05:01
369429,6344731,1,2026-07-30 01:05:01,2026-07-30 16:05:01,2024-02-24 09:50:00
10126551,6344731,16777473,2026-07-30 14:47:22,2026-07-29 04:05:01,2024-11-22 10:05:01
10126551,6181375,16777473,2026-07-30 14:47:22,2026-07-10 10:05:01,2024-11-22 10:05:01
10126551,6243632,16777473,2026-07-30 14:47:22,2026-07-10 10:05:01,2024-11-22 10:05:01
369429,4808147,1,2026-07-30 01:05:01,2026-07-30 16:05:01,2024-02-24 09:50:00
9423019,4808147,1,2026-04-08 02:05:02,2026-07-30 16:05:01,2024-02-05 04:04:00
10126551,4808147,16777473,2026-07-30 14:47:22,2026-07-23 10:05:01,2024-11-26 13:05:01
10126551,6519652,16777473,2026-07-30 14:47:22,2026-07-10 10:05:01,2024-11-22 10:05:01
670524,6607708,0,,2026-07-30 16:05:01,
10126551,6607708,16777473,2026-07-30 14:47:22,2026-07-10 11:05:01,2024-12-07 15:05:01
670524,6343394,0,,2026-07-30 16:05:01,
10126551,6343394,16777473,2026-07-30 14:47:22,2026-07-10 10:05:01,2024-11-22 10:05:01
1140687,6519181,1,2026-07-30 00:05:01,2026-07-30 10:05:01,2024-08-03 01:00:54
10126551,6519181,16777473,2026-07-30 14:47:22,2026-07-30 14:05:02,2024-11-22 10:05:01
10126551,6282941,16777473,2026-07-30 14:47:22,2026-07-10 10:05:01,2024-11-22 10:05:01
369429,5469474,1,2026-07-30 01:05:01,2026-07-30 16:05:01,2024-05-06 19:21:00
6480545,5469474,1,2026-07-26 00:05:02,2026-07-30 16:05:01,2024-02-18 01:20:00
10126551,5469474,16777473,2026-07-30 14:47:22,2026-07-30 04:05:01,2024-11-22 10:05:01
369429,6067786,1,2026-07-30 01:05:01,2026-07-10 11:05:01,2024-02-24 09:50:00
9423019,6067786,1,2026-04-08 02:05:02,2026-07-30 16:05:01,2025-08-06 03:05:01
10126551,6067786,16777473,2026-07-30 14:47:22,2026-07-10 10:05:01,2024-12-01 20:05:02
46658122,6067786,0,,2026-07-30 16:05:01,
10126551,5824287,16777473,2026-07-30 14:47:22,2026-07-10 10:05:01,2024-11-26 13:05:01
10126551,6570760,16777473,2026-07-30 14:47:22,2026-07-10 10:05:01,2024-11-22 10:05:01
369429,4886205,1,2026-07-30 01:05:01,2026-07-30 16:05:01,2024-03-08 03:46:00
6480545,4886205,1,2026-07-26 00:05:02,2026-07-30 16:05:01,2024-02-18 01:20:00
10126551,4886205,16777473,2026-07-30 14:47:22,2026-07-10 10:05:01,2024-11-22 10:05:01
1140687,5339459,1,2026-07-30 00:05:01,2026-07-30 10:05:01,2024-08-07 01:00:56
10126551,5339459,16777473,2026-07-30 14:47:22,2026-07-10 10:05:01,2024-11-22 10:05:01
369429,4991010,1,2026-07-30 01:05:01,2026-07-30 16:05:01,2024-03-08 03:46:00
6480545,4991010,1,2026-07-26 00:05:02,2026-07-30 16:05:01,2024-02-18 01:20:00
10126551,4991010,16777473,2026-07-30 14:47:22,2026-07-29 04:05:01,2024-11-22 10:05:01
10126551,6583064,16777473,2026-07-30 14:47:22,2026-07-26 03:05:01,2025-04-18 22:05:01
369429,4970207,1,2026-07-30 01:05:01,2026-07-30 16:05:01,2024-02-24 09:50:00
10126551,4970207,16777473,2026-07-30 14:47:22,2026-07-29 21:05:01,2024-11-26 13:05:01
10126551,5172174,16777473,2026-07-30 14:47:22,2026-07-10 10:05:01,2024-11-26 13:05:01
670524,5730265,0,,2026-07-30 16:05:01,
10126551,5730265,16777473,2026-07-30 14:47:22,2026-07-10 10:05:01,2024-11-22 10:05:01
369429,5176676,1,2026-07-30 01:05:01,2026-07-10 11:05:01,2024-02-24 09:50:00
670524,5176676,1,2026-03-11 10:26:57,2026-07-30 16:05:01,2025-04-03 02:05:01
10126551,5176676,16777473,2026-07-30 14:47:22,2026-07-10 10:05:01,2024-11-22 10:05:01
17190520,5176676,65537,2024-06-04 21:00:00,2026-07-30 16:05:01,2024-02-01 15:12:00
670524,5431566,0,,2026-07-30 05:05:01,
10126551,5431566,16777473,2026-07-30 14:47:22,2026-07-10 10:05:01,2024-11-26 13:05:01
10126551,6746011,16777473,2026-07-30 14:47:22,2026-07-30 16:05:01,2025-10-11 10:05:01
10126551,6197921,16777473,2026-07-30 14:47:22,2026-07-10 10:05:01,2024-11-22 10:05:01
10126551,6812672,16777473,2026-07-30 14:47:22,2026-07-10 10:05:01,2026-04-04 07:05:01
1140687,5859748,1,2026-07-30 00:05:01,2026-07-30 10:05:01,2024-06-23 02:00:26
10126551,5859748,16777473,2026-07-30 14:47:22,2026-07-29 04:05:01,2024-11-22 10:05:01
10126551,5349902,16777473,2026-07-30 14:47:22,2026-07-17 06:05:01,2024-11-22 10:05:01
12240987,5349902,1,2026-06-01 22:05:01,2026-07-30 16:05:01,2024-02-24 23:55:00
10126551,6781130,16777473,2026-07-30 14:47:22,2026-07-10 10:05:01,2025-12-04 05:05:01
369429,5611228,1,2026-07-30 01:05:01,2026-07-30 16:05:01,2024-02-24 09:50:00
10126551,5611228,16777473,2026-07-30 14:47:22,2026-07-30 16:05:01,2024-11-22 10:05:01
10126551,5808557,16777473,2026-07-30 14:47:22,2026-07-12 06:05:01,2024-11-22 10:05:01
10126551,6863486,16777473,2026-07-30 14:47:22,2026-07-10 10:05:01,2026-06-09 19:05:01
10126551,6243612,16777473,2026-07-30 14:47:22,2026-07-10 10:05:01,2024-11-22 10:05:01
10126551,6575136,16777473,2026-07-30 14:47:22,2026-07-10 10:05:01,2024-11-25 15:05:01
10126551,5329410,16777473,2026-07-30 14:47:22,2026-07-10 10:05:01,2024-11-26 13:05:01
19499816,5329410,1,2026-07-30 00:05:01,2026-07-20 02:05:01,2024-01-30 02:02:00
1140687,5998949,1,2026-07-30 00:05:01,2026-07-30 10:05:01,2024-05-26 02:00:00
10126551,5998949,16777473,2026-07-30 14:47:22,2026-07-29 05:05:02,2024-11-22 10:05:01
10126551,6179166,16777473,2026-07-30 14:47:22,2026-07-10 10:05:01,2024-11-22 10:05:01
10126551,5153498,16777473,2026-07-30 14:47:22,2026-07-10 10:05:01,2024-11-22 10:05:01
10126551,5456950,16777473,2026-07-30 14:47:22,2026-07-10 10:05:01,2024-11-22 10:05:01
12240987,5456950,1,2026-06-01 22:05:01,2026-07-30 16:05:01,2024-02-24 23:55:00
10126551,5672321,16777473,2026-07-30 14:47:22,2026-07-10 10:05:01,2024-11-22 10:05:01
19499816,5672321,1,2026-07-30 00:05:01,2026-07-28 02:05:01,2024-01-30 02:02:00
10126551,5311467,16777473,2026-07-30 14:47:22,2026-07-30 04:05:01,2024-11-22 10:05:01
12240987,5311467,1,2026-06-01 22:05:01,2026-07-30 16:05:01,2024-02-24 23:55:00
10126551,5823223,16777473,2026-07-30 14:47:22,2026-07-10 10:05:01,2024-11-22 10:05:01
1140687,6036207,1,2026-07-30 00:05:01,2026-07-30 10:05:01,2025-09-09 00:05:01
10126551,6036207,16777473,2026-07-30 14:47:22,2026-07-28 02:05:01,2024-11-22 10:05:01
19499816,6036207,1,2026-07-30 00:05:01,2026-07-30 14:05:02,2024-01-30 02:02:00
10126551,6051300,16777473,2026-07-30 14:47:22,2026-07-10 10:05:01,2024-11-22 10:05:01
10126551,6179109,16777473,2026-07-30 14:47:22,2026-07-10 10:05:01,2024-11-22 10:05:01
10126551,6859144,16777473,2026-07-30 14:47:22,2026-07-10 10:05:01,2026-07-04 18:05:01
10126551,6610568,16777473,2026-07-30 14:47:22,2026-07-10 10:05:01,2024-12-11 09:05:01
670524,6650814,0,,2026-07-30 16:05:01,
10126551,6650814,16777473,2026-07-30 14:47:22,2026-07-30 04:05:01,2025-04-29 20:05:01
10126551,6680270,16777473,2026-07-30 14:47:22,2026-07-10 10:05:01,2025-04-26 03:05:01
10126551,6760719,16777473,2026-07-30 14:47:22,2026-07-10 10:05:01,2026-06-06 19:05:01
10126551,6766083,16777473,2026-07-30 14:47:22,2026-07-10 10:05:01,2025-11-18 17:05:01
2172910,6785892,0,,2026-07-30 16:05:01,
10126551,6785892,16777473,2026-07-30 14:47:22,2026-07-10 10:05:01,2025-12-12 21:05:01
10126551,6861184,16777473,2026-07-30 14:47:22,2026-07-20 07:08:03,2026-06-19 15:09:35
10126551,6861156,16777473,2026-07-30 14:47:22,2026-07-27 15:05:01,2026-06-19 15:09:35
1140687,5844190,1,2026-07-30 00:05:01,2026-07-30 10:05:01,2024-07-06 02:00:32
10126551,5844190,16777473,2026-07-30 14:47:22,2026-07-27 02:05:01,2024-11-25 15:05:01
10126551,5376706,16777473,2026-07-30 14:47:22,2026-07-30 01:05:01,2024-11-22 10:05:01
17190520,5376706,65537,2024-06-04 21:00:00,2026-07-30 16:05:01,2024-02-01 15:12:00
10126551,6381850,16777473,2026-07-30 14:47:22,2026-07-10 10:05:01,2025-04-21 04:05:01
1140687,6636795,1,2026-07-30 00:05:01,2026-07-30 10:05:01,2025-04-11 01:05:01
10126551,6636795,16777473,2026-07-30 14:47:22,2026-07-30 14:05:02,2025-01-30 09:05:01
369429,4994540,1,2026-07-30 01:05:01,2026-07-30 16:05:01,2024-02-24 09:50:00
10126551,4994540,16777473,2026-07-30 14:47:22,2026-07-28 04:05:01,2024-11-22 10:05:01
9423019,5764701,1,2026-04-08 02:05:02,2026-07-30 16:05:01,2024-02-05 04:04:00
10126551,5764701,16777473,2026-07-30 14:47:22,2026-07-28 22:05:01,2024-11-22 10:05:01
369429,6228211,1,2026-07-30 01:05:01,2026-07-30 12:05:01,2024-03-08 03:46:00
10126551,6228211,16777473,2026-07-30 14:47:22,2026-07-10 11:05:01,2024-11-22 10:05:01
19499816,6228211,1,2026-07-30 00:05:01,2026-07-29 20:05:02,2024-01-30 02:02:00
9423019,6313945,1,2026-04-08 02:05:02,2026-07-30 16:05:01,2024-02-05 04:04:00
10126551,6313945,16777473,2026-07-30 14:47:22,2026-07-30 04:05:01,2024-11-22 10:05:01
12240987,6313945,1,2026-06-01 22:05:01,2026-07-30 16:05:01,2024-02-24 23:55:00
369429,3498087,1,2026-07-30 01:05:01,2026-07-30 16:05:01,2024-02-24 09:50:00
670524,3498087,0,,2026-07-30 16:05:01,
10126551,3498087,16777473,2026-07-30 14:47:22,2026-07-30 04:05:01,2024-11-22 10:05:01
670524,5897903,0,,2026-07-30 16:05:01,
10126551,5897903,16777473,2026-07-30 14:47:22,2026-07-10 10:05:01,2024-11-22 10:05:01
1140687,6325296,1,2026-07-30 00:05:01,2026-07-30 10:05:01,2024-07-29 01:00:49
10126551,6325296,16777473,2026-07-30 14:47:22,2026-07-27 03:05:01,2024-11-22 10:05:01
670524,6265515,0,,2026-07-30 16:05:01,
10126551,6265515,16777473,2026-07-30 14:47:22,2026-07-30 16:05:01,2024-11-22 10:05:01
369429,4557442,1,2026-07-30 01:05:01,2026-07-30 16:05:01,2024-02-24 09:50:00
10126551,4557442,16777473,2026-07-30 14:47:22,2026-07-30 04:05:01,2024-11-22 10:05:01
369429,4924326,1,2026-07-30 01:05:01,2026-07-30 16:05:01,2024-03-08 03:46:00
6480545,4924326,1,2026-07-26 00:05:02,2026-07-30 16:05:01,2024-02-18 01:20:00
10126551,4924326,16777473,2026-07-30 14:47:22,2026-07-27 04:05:01,2024-11-25 15:05:01
10126551,5075111,16777473,2026-07-30 14:47:22,2026-07-10 10:05:01,2024-11-22 10:05:01
369429,4550267,1,2026-07-30 01:05:01,2026-07-10 11:05:01,2024-02-24 09:50:00
10126551,4550267,16777473,2026-07-30 14:47:22,2026-07-10 10:05:01,2024-11-22 10:05:01
10126551,6456655,16777473,2026-07-30 14:47:22,2026-07-10 10:05:01,2024-11-22 10:05:01
10126551,6753441,16777473,2026-07-30 14:47:22,2026-07-10 10:05:01,2025-10-05 18:05:01
10126551,6650562,16777473,2026-07-30 14:47:22,2026-07-10 10:05:01,2025-04-20 21:05:01
369429,5923779,1,2026-07-30 01:05:01,2026-07-30 16:05:01,2024-02-24 09:50:00
10126551,5923779,16777473,2026-07-30 14:47:22,2026-07-30 13:05:01,2024-11-22 10:05:01
369429,5942992,1,2026-07-30 01:05:01,2026-07-30 16:05:01,2024-02-24 09:50:00
10126551,5942992,16777473,2026-07-30 14:47:22,2026-07-30 11:05:01,2024-11-22 10:05:01
10126551,5898617,16777473,2026-07-30 14:47:22,2026-07-10 10:05:01,2024-11-22 10:05:01
369429,3905586,1,2026-07-30 01:05:01,2026-07-30 16:05:01,2024-02-24 09:50:00
10126551,3905586,16777473,2026-07-30 14:47:22,2026-07-30 16:05:01,2024-11-22 10:05:01
1140687,5089474,1,2026-07-30 00:05:01,2026-07-30 10:05:01,2025-04-11 01:05:01
10126551,5089474,16777473,2026-07-30 14:47:22,2026-07-30 08:05:01,2024-11-22 10:05:01
10126551,6666244,16777473,2026-07-30 14:47:22,2026-07-10 10:05:01,2025-04-10 23:05:02
10126551,6525620,16777473,2026-07-30 14:47:22,2026-07-10 10:05:01,2024-11-22 10:05:01
369429,6215574,1,2026-07-30 01:05:01,2026-07-30 16:05:01,2024-02-24 09:50:00
10126551,6215574,16777473,2026-07-30 14:47:22,2026-07-30 04:05:01,2024-11-22 10:05:01
670524,6565589,0,,2026-07-30 16:05:01,
10126551,6565589,16777473,2026-07-30 14:47:22,2026-07-30 04:05:01,2024-11-26 13:05:01
20489462,6565589,0,,2026-07-30 16:05:01,
10126551,6865421,16777473,2026-07-30 14:47:22,2026-07-10 10:05:01,2026-06-17 21:05:01
670524,6870231,0,,2026-07-25 02:05:01,
10126551,6870231,16777473,2026-07-30 14:47:22,2026-07-10 10:05:01,2026-06-17 21:05:01
369429,5791300,1,2026-07-30 01:05:01,2026-07-30 16:05:01,2024-02-24 09:50:00
670524,5791300,0,,2026-07-30 16:05:01,
10126551,5791300,16777473,2026-07-30 14:47:22,2026-07-27 02:05:01,2024-11-22 10:05:01
10126551,6875678,16777473,2026-07-30 14:47:22,2026-07-10 10:05:01,2026-07-03 20:05:01
10126551,6875939,16777473,2026-07-30 14:47:22,2026-07-10 10:05:01,2026-07-04 15:05:01
10126551,6796440,16777473,2026-07-30 14:47:22,2026-07-11 23:05:01,2026-07-11 09:05:02
10126551,6859120,16777473,2026-07-30 14:47:22,2026-07-11 23:05:01,2026-07-11 09:05:02
369429,5651989,1,2026-07-30 01:05:01,2026-07-30 16:05:01,2024-02-24 09:50:00
10126551,5651989,16777473,2026-07-30 14:47:22,2026-07-30 16:05:01,2026-07-25 17:11:28
369429,5545555,1,2026-07-30 01:05:01,2026-07-30 16:05:01,2024-02-24 09:50:00
10126551,5545555,16777473,2026-07-30 14:47:22,2026-07-30 03:05:02,2026-07-25 17:11:28
369429,5816353,1,2026-07-30 01:05:01,2026-07-10 11:05:01,2024-09-19 02:02:53
7778569,5816353,0,,2026-07-29 04:05:01,
10126551,5816353,16777473,2026-07-30 14:47:22,2026-07-26 19:08:51,2026-07-25 17:11:28
369429,4479655,1,2026-07-30 01:05:01,2026-07-30 11:05:01,2024-02-24 09:50:00
10126551,4479655,16777473,2026-07-30 14:47:22,2026-07-25 13:05:01,2026-07-24 20:11:40
369429,5179910,1,2026-07-30 01:05:01,2026-07-30 16:05:01,2024-02-24 09:50:00
10126551,5179910,16777473,2026-07-30 14:47:22,2026-07-30 05:05:01,2026-07-25 01:42:17
369429,5502409,1,2026-07-30 01:05:01,2026-07-30 16:05:01,2024-02-24 09:50:00
369429,5654131,1,2026-07-30 01:05:01,2026-07-30 16:05:01,2024-09-19 02:02:53
7778569,5654131,0,,2026-07-29 05:05:02,
10126551,5654131,16777473,2026-07-30 14:47:22,2026-07-26 11:07:56,2026-07-25 17:11:28
369429,4956695,1,2026-07-30 01:05:01,2026-07-30 10:05:01,2024-02-24 09:50:00
10126551,4956695,16777473,2026-07-30 14:47:22,2026-07-25 13:05:01,2026-07-25 02:42:36
369429,4683120,1,2026-07-30 01:05:01,2026-07-30 16:05:01,2024-02-24 09:50:00
10126551,4683120,16777473,2026-07-30 14:47:22,2026-07-30 05:05:01,2026-07-24 20:11:40
369429,5815762,1,2026-07-30 01:05:01,2026-07-30 16:05:01,2024-02-24 09:50:00
10126551,5815762,16777473,2026-07-30 14:47:22,2026-07-30 04:05:01,2026-07-25 11:38:13
369429,4944634,1,2026-07-30 01:05:01,2026-07-30 16:05:01,2024-02-24 09:50:00
10126551,4944634,16777473,2026-07-30 14:47:22,2026-07-30 04:05:01,2026-07-24 20:11:40
369429,5840294,1,2026-07-30 01:05:01,2026-07-30 13:05:01,2024-09-19 02:02:53
10126551,5840294,16777473,2026-07-30 14:47:22,2026-07-27 03:05:01,2026-07-25 17:11:28
369429,4945738,1,2026-07-30 01:05:01,2026-07-20 15:11:05,2024-02-24 09:50:00
10126551,4945738,16777473,2026-07-30 14:47:22,2026-07-25 13:05:01,2026-07-24 20:11:40
369429,4945734,1,2026-07-30 01:05:01,2026-07-30 09:05:01,2024-02-24 09:50:00
10126551,4945734,16777473,2026-07-30 14:47:22,2026-07-25 13:05:01,2026-07-24 20:11:40
369429,5819795,1,2026-07-30 01:05:01,2026-07-10 11:05:01,2024-02-24 09:50:00
10126551,5819795,16777473,2026-07-30 14:47:22,2026-07-25 13:05:01,2026-07-25 01:42:17
369429,4807584,1,2026-07-30 01:05:01,2026-07-30 16:05:01,2024-09-19 02:02:53
7778569,4807584,0,,2026-07-29 04:05:01,
10126551,4807584,16777473,2026-07-30 14:47:22,2026-07-30 15:05:01,2026-07-25 17:11:28
369429,5821457,1,2026-07-30 01:05:01,2026-07-10 11:05:01,2024-09-19 02:02:53
10126551,5821457,16777473,2026-07-30 14:47:22,2026-07-25 13:05:01,2026-07-24 21:05:51
369429,5821460,1,2026-07-30 01:05:01,2026-07-30 16:05:01,2024-02-24 09:50:00
10126551,5821460,16777473,2026-07-30 14:47:22,2026-07-27 11:07:45,2026-07-25 17:11:28
369429,4370321,1,2026-07-30 01:05:01,2026-07-10 11:05:01,2024-09-19 02:02:53
10126551,4370321,16777473,2026-07-30 14:47:22,2026-07-25 13:05:01,2026-07-24 20:11:40
369429,6275047,1,2026-07-30 01:05:01,2026-07-10 11:05:01,2024-02-24 09:50:00
2172910,6275047,0,,2026-07-30 16:05:01,
10126551,6275047,16777473,2026-07-30 14:47:22,2026-07-26 03:05:01,2026-07-25 17:11:28
369429,6310951,1,2026-07-30 01:05:01,2026-07-10 11:05:01,2024-09-19 02:02:53
2172910,6310951,0,,2026-07-30 16:05:01,
10126551,6310951,16777473,2026-07-30 14:47:22,2026-07-26 03:05:01,2026-07-25 17:11:28
369429,5175688,1,2026-07-30 01:05:01,2026-07-10 11:05:01,2024-09-19 02:02:53
7778569,5175688,0,,2026-07-29 04:05:01,
10126551,5175688,16777473,2026-07-30 14:47:22,2026-07-27 02:05:01,2026-07-25 17:11:28
369429,5490177,1,2026-07-30 01:05:01,2026-07-27 05:05:01,2024-09-19 02:02:53
10126551,5490177,16777473,2026-07-30 14:47:22,2026-07-25 13:05:01,2026-07-24 20:11:40
369429,5673529,1,2026-07-30 01:05:01,2026-07-10 11:05:01,2024-09-19 02:02:53
10126551,5673529,16777473,2026-07-30 14:47:22,2026-07-25 13:05:01,2026-07-25 10:42:07
10126551,6859343,16777473,2026-07-30 14:47:22,2026-07-25 13:05:01,2026-07-25 04:42:27
10126551,6051146,16777473,2026-07-30 14:47:22,2026-07-10 10:05:01,2025-04-27 19:05:02
10126551,6051145,16777473,2026-07-30 14:47:22,2026-07-10 10:05:01,2025-04-30 11:05:01
10126551,6180158,16777473,2026-07-30 14:47:22,2026-07-10 10:05:01,2025-04-17 20:05:01
1140687,5898668,1,2026-07-30 00:05:01,2026-07-30 10:05:01,2024-07-29 01:00:49
10126551,5898668,16777473,2026-07-30 14:47:22,2026-07-28 03:05:01,2025-05-06 13:05:01
10126551,5900107,16777473,2026-07-30 14:47:22,2026-07-10 10:05:01,2025-04-21 04:05:01
10126551,6881231,16777473,2026-07-30 14:47:22,2026-07-27 20:05:01,2026-07-27 19:42:10
10126551,6336727,16777473,2026-07-30 14:47:22,2026-07-10 10:05:01,2024-11-25 15:05:01
10126551,6757464,16777473,2026-07-30 14:47:22,2026-07-10 10:05:01,2025-10-17 06:05:01
369429,5585826,1,2026-07-30 01:05:01,2026-07-30 16:05:01,2024-02-24 09:50:00
10126551,5585826,16777473,2026-07-30 14:47:22,2026-07-30 16:05:01,2024-11-22 10:05:01
369429,5549391,1,2026-07-30 01:05:01,2026-07-30 16:05:01,2024-02-24 09:50:00
10126551,5549391,16777473,2026-07-30 14:47:22,2026-07-30 12:05:01,2024-11-22 10:05:01
369429,6112542,1,2026-07-30 01:05:01,2026-07-30 16:05:01,2024-02-24 09:50:00
10126551,6112542,16777473,2026-07-30 14:47:22,2026-07-29 05:05:02,2024-11-22 10:05:01
10126551,5740428,16777473,2026-07-30 14:47:22,2026-07-10 10:05:01,2024-11-22 10:05:01
670524,5613643,0,,2026-07-30 16:05:01,
6480545,5613643,1,2026-07-26 00:05:02,2026-07-30 16:05:01,2024-02-18 01:20:00
369429,5774863,1,2026-07-30 01:05:01,2026-07-30 16:05:01,2024-02-24 09:50:00
10126551,5774863,16777473,2026-07-30 14:47:22,2026-07-26 01:05:02,2024-11-22 10:05:01
369429,5722491,1,2026-07-30 01:05:01,2026-07-30 16:05:01,2024-02-24 09:50:00
10126551,5722491,16777473,2026-07-30 14:47:22,2026-07-30 04:05:01,2024-11-26 13:05:01
369429,5507707,1,2026-07-30 01:05:01,2026-07-30 16:05:01,2024-02-24 09:50:00
10126551,5507707,16777473,2026-07-30 14:47:22,2026-07-30 16:05:01,2024-11-25 15:05:01
369429,6040111,1,2026-07-30 01:05:01,2026-07-30 16:05:01,2024-02-24 09:50:00
10126551,6040111,16777473,2026-07-30 14:47:22,2026-07-30 00:05:01,2024-11-22 10:05:01
369429,5331932,1,2026-07-30 01:05:01,2026-07-30 16:05:01,2024-02-24 09:50:00
10126551,5331932,16777473,2026-07-30 14:47:22,2026-07-30 04:05:01,2024-11-22 10:05:01
10126551,5969410,16777473,2026-07-30 14:47:22,2026-07-10 10:05:01,2024-11-22 10:05:01
10126551,4806836,16777473,2026-07-30 14:47:22,2026-07-10 10:05:01,2024-11-25 15:05:01
369429,5652416,1,2026-07-30 01:05:01,2026-07-30 16:05:01,2024-03-08 03:46:00
9423019,5652416,1,2026-04-08 02:05:02,2026-07-30 16:05:01,2024-02-05 04:04:00
10126551,5652416,16777473,2026-07-30 14:47:22,2026-07-11 23:05:01,2024-11-22 10:05:01
10126551,6777367,16777473,2026-07-30 14:47:22,2026-07-10 10:05:01,2025-11-27 17:05:01
369429,5917237,1,2026-07-30 01:05:01,2026-07-30 16:05:01,2024-02-24 09:50:00
10126551,5917237,16777473,2026-07-30 14:47:22,2026-07-28 02:05:01,2024-11-22 10:05:01
369429,5728090,1,2026-07-30 01:05:01,2026-07-30 16:05:01,2024-02-24 09:50:00
10126551,5728090,16777473,2026-07-30 14:47:22,2026-07-28 03:05:01,2024-11-25 15:05:01
12240987,5728090,1,2026-06-01 22:05:01,2026-07-30 16:05:01,2024-02-24 23:55:00
369429,5147816,1,2026-07-30 01:05:01,2026-07-30 16:05:01,2024-02-24 09:50:00
670524,5147816,0,,2026-07-30 16:05:01,
10126551,5147816,16777473,2026-07-30 14:47:22,2026-07-30 04:05:01,2024-11-22 10:05:01
369429,990541,1,2026-07-30 01:05:01,2026-07-30 16:05:01,2024-02-24 09:50:00
10126551,990541,16777473,2026-07-30 14:47:22,2026-07-30 16:05:01,2024-11-22 10:05:01
369429,5784670,1,2026-07-30 01:05:01,2026-07-30 16:05:01,2024-02-24 09:50:00
6480545,5784670,1,2026-07-26 00:05:02,2026-07-30 16:05:01,2024-02-18 01:20:00
10126551,5784670,16777473,2026-07-30 14:47:22,2026-07-30 04:05:01,2024-11-22 10:05:01
10126551,3381234,16777473,2026-07-30 14:47:22,2026-07-30 09:05:01,2025-05-31 01:05:02
670524,5327006,1,2026-03-11 10:26:57,2026-07-30 16:05:01,2025-11-14 06:05:01
670524,6584207,0,,2026-07-30 16:05:01,
10126551,6584207,16777473,2026-07-30 14:47:22,2026-07-30 16:05:01,2024-11-26 13:05:01
20489462,6584207,0,,2026-07-30 16:05:01,
369429,4439265,1,2026-07-30 01:05:01,2026-07-30 16:05:01,2025-11-24 01:05:01
10126551,4439265,16777473,2026-07-30 14:47:22,2026-07-30 04:05:01,2024-11-22 10:05:01
369429,4970721,1,2026-07-30 01:05:01,2026-07-30 16:05:01,2024-02-24 09:50:00
670524,4970721,0,,2026-07-30 16:05:01,
10126551,4970721,16777473,2026-07-30 14:47:22,2026-07-30 04:05:01,2024-11-22 10:05:01
369429,2400035,1,2026-07-30 01:05:01,2026-07-30 16:05:01,2024-02-24 09:50:00
670524,2400035,0,,2026-07-30 16:05:01,
10126551,2400035,16777473,2026-07-30 14:47:22,2026-07-28 02:05:01,2024-11-22 10:05:01
17190520,2400035,65537,2024-06-04 21:00:00,2026-07-30 16:05:01,2024-02-01 15:12:00
1140687,6496595,1,2026-07-30 00:05:01,2026-07-30 10:05:01,2024-08-07 01:00:56
10126551,6496595,16777473,2026-07-30 14:47:22,2026-07-10 10:05:01,2024-11-22 10:05:01
369429,3077653,1,2026-07-30 01:05:01,2026-07-30 16:05:01,2024-02-24 09:50:00
10126551,3077653,16777473,2026-07-30 14:47:22,2026-07-30 16:05:01,2024-11-22 10:05:01
369429,5589421,1,2026-07-30 01:05:01,2026-07-30 16:05:01,2024-02-24 09:50:00
10126551,5589421,16777473,2026-07-30 14:47:22,2026-07-30 16:05:01,2024-11-22 10:05:01
9423019,5322576,1,2026-04-08 02:05:02,2026-07-30 16:05:01,2024-02-05 04:04:00
10126551,5322576,16777473,2026-07-30 14:47:22,2026-07-30 04:05:01,2024-11-22 10:05:01
369429,6054851,1,2026-07-30 01:05:01,2026-07-30 16:05:01,2024-03-08 03:46:00
10126551,6054851,16777473,2026-07-30 14:47:22,2026-07-30 16:05:01,2024-11-22 10:05:01
670524,5953076,1,2026-03-11 10:26:57,2026-07-30 16:05:01,2025-04-09 03:05:02
9423019,5953076,1,2026-04-08 02:05:02,2026-07-30 16:05:01,2024-02-05 04:04:00
10126551,5953076,16777473,2026-07-30 14:47:22,2026-07-30 05:05:01,2024-11-22 10:05:01
369429,4524545,1,2026-07-30 01:05:01,2026-07-30 16:05:01,2024-05-06 19:21:00
10126551,4524545,16777473,2026-07-30 14:47:22,2026-07-28 02:05:01,2024-11-22 10:05:01
17190520,4524545,65537,2024-06-04 21:00:00,2026-07-30 16:05:01,2024-02-01 15:12:00
369429,3498440,1,2026-07-30 01:05:01,2026-07-30 16:05:01,2024-02-24 09:50:00
10126551,3498440,16777473,2026-07-30 14:47:22,2026-07-28 22:05:01,2024-11-22 10:05:01
369429,5647798,1,2026-07-30 01:05:01,2026-07-30 16:05:01,2024-02-24 09:50:00
10126551,5647798,16777473,2026-07-30 14:47:22,2026-07-30 04:05:01,2024-11-22 10:05:01
1140687,5132347,1,2026-07-30 00:05:01,2026-07-30 10:05:01,2024-07-29 01:00:49
10126551,5132347,16777473,2026-07-30 14:47:22,2026-07-26 04:05:01,2024-11-22 10:05:01
10126551,6407072,16777473,2026-07-30 14:47:22,2026-07-10 10:05:01,2024-11-22 10:05:01
10126551,5055420,16777473,2026-07-30 14:47:22,2026-07-10 10:05:01,2024-11-22 10:05:01
369429,5313005,1,2026-07-30 01:05:01,2026-07-30 16:05:01,2024-02-24 09:50:00
10126551,5313005,16777473,2026-07-30 14:47:22,2026-07-29 04:05:01,2024-11-22 10:05:01
670524,6725105,0,,2026-07-30 16:05:01,
10126551,6725105,16777473,2026-07-30 14:47:22,2026-07-30 09:05:01,2025-07-30 16:05:01
369429,6695523,1,2026-07-30 01:05:01,2026-07-30 16:05:01,2025-05-30 00:05:02
2172910,6695523,0,,2026-07-30 16:05:01,
10126551,6695523,16777473,2026-07-30 14:47:22,2026-07-24 04:05:01,2025-05-22 20:05:01
369429,5736965,1,2026-07-30 01:05:01,2026-07-30 16:05:01,2024-05-06 19:21:00
10126551,5736965,16777473,2026-07-30 14:47:22,2026-07-26 02:05:01,2024-11-22 10:05:01
17190520,5736965,65537,2024-06-04 21:00:00,2026-07-30 16:05:01,2024-02-01 15:12:00
10126551,5914716,16777473,2026-07-30 14:47:22,2026-07-10 10:05:01,2024-11-22 10:05:01
10126551,5801205,16777473,2026-07-30 14:47:22,2026-07-10 10:05:01,2024-11-22 10:05:01
12240987,5801205,1,2026-06-01 22:05:01,2026-07-30 16:05:01,2024-11-07 23:05:01
9423019,5815867,1,2026-04-08 02:05:02,2026-07-30 16:05:01,2024-02-05 04:04:00
10126551,5815867,16777473,2026-07-30 14:47:22,2026-07-10 10:05:01,2024-11-22 10:05:01
7778569,5940853,65537,2024-02-15 23:55:00,2026-07-29 04:05:01,2024-02-15 23:55:00
10126551,5940853,16777473,2026-07-30 14:47:22,2026-07-30 11:05:01,2024-11-22 10:05:01
10126551,5943007,16777473,2026-07-30 14:47:22,2026-07-10 10:05:01,2024-11-22 10:05:01
670524,5861882,1,2026-03-11 10:26:57,2026-07-30 16:05:01,2025-04-09 03:05:02
9423019,5861882,1,2026-04-08 02:05:02,2026-07-30 16:05:01,2024-02-05 04:04:00
10126551,5861882,16777473,2026-07-30 14:47:22,2026-07-30 05:05:01,2024-11-22 10:05:01
369429,4926043,1,2026-07-30 01:05:01,2026-07-30 16:05:01,2024-02-24 09:50:00
10126551,4926043,16777473,2026-07-30 14:47:22,2026-07-30 16:05:01,2024-11-22 10:05:01
369429,5351547,1,2026-07-30 01:05:01,2026-07-30 16:05:01,2024-02-24 09:50:00
10126551,5351547,16777473,2026-07-30 14:47:22,2026-07-27 01:05:02,2024-11-22 10:05:01
10126551,4609590,16777473,2026-07-30 14:47:22,2026-07-30 05:05:01,2024-11-26 13:05:01
670524,5741995,0,,2026-07-30 16:05:01,
10126551,5741995,16777473,2026-07-30 14:47:22,2026-07-10 10:05:01,2024-11-22 10:05:01
10126551,6688236,16777473,2026-07-30 14:47:22,2026-07-30 16:05:01,2025-05-05 21:05:01
10126551,4366524,16777473,2026-07-30 14:47:22,2026-07-10 10:05:01,2024-11-26 13:05:01
12240987,4366524,1,2026-06-01 22:05:01,2026-07-30 16:05:01,2024-02-24 23:55:00
10126551,6492109,16777473,2026-07-30 14:47:22,2026-07-10 10:05:01,2024-11-25 15:05:01
369429,5878348,1,2026-07-30 01:05:01,2026-07-30 16:05:01,2024-02-24 09:50:00
10126551,5878348,16777473,2026-07-30 14:47:22,2026-07-28 23:05:01,2024-11-22 10:05:01
10126551,6757364,16777473,2026-07-30 14:47:22,2026-07-10 10:05:01,2025-10-14 14:05:01
1140687,5827621,1,2026-07-30 00:05:01,2026-07-30 10:05:01,2024-07-06 02:00:31
10126551,5827621,16777473,2026-07-30 14:47:22,2026-07-10 10:05:01,2024-11-22 10:05:01
9423019,5243294,1,2026-04-08 02:05:02,2026-07-30 16:05:01,2024-02-05 04:04:00
10126551,5243294,16777473,2026-07-30 14:47:22,2026-07-30 09:05:01,2024-11-22 10:05:01
10126551,5656202,16777473,2026-07-30 14:47:22,2026-07-10 10:05:01,2024-11-22 10:05:01
9423019,6191126,1,2026-04-08 02:05:02,2026-07-30 16:05:01,2025-08-06 03:05:01
10126551,6191126,16777473,2026-07-30 14:47:22,2026-07-10 10:05:01,2024-12-01 19:05:01
46658122,6191126,0,,2026-07-30 16:05:01,
10126551,5621270,16777473,2026-07-30 14:47:22,2026-07-30 08:05:01,2024-11-26 13:05:01
17190520,5621270,65537,2024-06-04 21:00:00,2026-07-30 16:05:01,2024-02-01 15:12:00
369429,5738644,1,2026-07-30 01:05:01,2026-07-30 11:05:01,2024-02-24 09:50:00
10126551,5738644,16777473,2026-07-30 14:47:22,2026-07-11 22:05:02,2024-11-22 10:05:01
10126551,6323813,16777473,2026-07-30 14:47:22,2026-07-10 10:05:01,2024-11-22 10:05:01
670524,5891260,0,,2026-07-30 16:05:01,
10126551,5891260,16777473,2026-07-30 14:47:22,2026-07-10 10:05:01,2024-11-26 13:05:01
670524,5929792,0,,2026-07-30 16:05:01,
10126551,5929792,16777473,2026-07-30 14:47:22,2026-07-10 10:05:01,2024-11-22 10:05:01
29292320,5929792,0,,2026-07-30 16:05:01,
10126551,5967020,16777473,2026-07-30 14:47:22,2026-07-30 05:05:01,2024-11-22 10:05:01
9423019,6019907,1,2026-04-08 02:05:02,2026-07-30 16:05:01,2024-02-05 04:04:00
10126551,6019907,16777473,2026-07-30 14:47:22,2026-07-29 23:05:01,2024-11-26 13:05:01
670524,5642352,0,,2026-07-30 16:05:01,
10126551,6283219,16777473,2026-07-30 14:47:22,2026-07-10 10:05:01,2024-11-22 10:05:01
10126551,6661083,16777473,2026-07-30 14:47:22,2026-07-10 10:05:01,2025-03-26 12:05:01
10126551,5855042,16777473,2026-07-30 14:47:22,2026-07-10 10:05:01,2024-11-26 13:05:01
29292320,5855042,1,2024-08-26 18:49:18,2026-07-30 16:05:01,2024-08-26 18:49:18
10126551,5914931,16777473,2026-07-30 14:47:22,2026-07-10 10:05:01,2024-11-22 10:05:01
29292320,5914931,0,,2026-07-30 16:05:01,
369429,6182179,1,2026-07-30 01:05:01,2026-07-30 06:05:01,2024-02-24 09:50:00
10126551,6182179,16777473,2026-07-30 14:47:22,2026-07-28 04:05:01,2024-11-22 10:05:01
10126551,5801888,16777473,2026-07-30 14:47:22,2026-07-10 10:05:01,2024-11-25 15:05:01
10126551,6559450,16777473,2026-07-30 14:47:22,2026-07-10 11:05:01,2024-11-22 10:05:01
20489462,6559450,0,,2026-07-30 16:05:01,
1140687,6725605,1,2026-07-30 00:05:01,2026-07-30 10:05:01,2025-09-09 00:05:01
10126551,6725605,16777473,2026-07-30 14:47:22,2026-07-10 10:05:01,2025-08-01 17:05:01
369429,5491993,1,2026-07-30 01:05:01,2026-07-30 16:05:01,2024-02-24 09:50:00
10126551,5491993,16777473,2026-07-30 14:47:22,2026-07-30 01:05:01,2024-11-22 10:05:01
10126551,6504171,16777473,2026-07-30 14:47:22,2026-07-10 10:05:01,2024-11-22 10:05:01
10126551,6417087,16777473,2026-07-30 14:47:22,2026-07-10 10:05:01,2025-04-17 06:05:01
10126551,6633020,16777473,2026-07-30 14:47:22,2026-07-10 10:05:01,2025-01-29 07:05:01
369429,6343123,1,2026-07-30 01:05:01,2026-07-30 13:05:01,2024-02-24 09:50:00
10126551,6343123,16777473,2026-07-30 14:47:22,2026-07-29 04:05:01,2024-11-22 10:05:01
369429,6702534,1,2026-07-30 01:05:01,2026-07-30 16:05:01,2026-06-08 01:05:02
670524,6702534,1,2026-03-11 10:26:57,2026-07-30 16:05:01,2025-07-08 06:05:01
10126551,6702534,16777473,2026-07-30 14:47:22,2026-07-30 05:05:01,2025-06-13 10:05:01
9423019,5792205,1,2026-04-08 02:05:02,2026-07-30 16:05:01,2024-02-05 04:04:00
10126551,5792205,16777473,2026-07-30 14:47:22,2026-07-10 10:05:01,2024-11-22 10:05:01
369429,3630480,1,2026-07-30 01:05:01,2026-07-30 09:05:01,2024-02-24 09:50:00
10126551,3630480,16777473,2026-07-30 14:47:22,2026-07-20 04:05:01,2024-11-25 15:05:01
10126551,6856990,16777473,2026-07-30 14:47:22,2026-07-10 10:05:01,2026-05-12 19:05:01
10126551,6821670,16777473,2026-07-30 14:47:22,2026-07-10 10:05:01,2026-03-01 15:05:01
9423019,6371418,1,2026-04-08 02:05:02,2026-07-30 16:05:01,2024-02-05 04:04:00
10126551,6371418,16777473,2026-07-30 14:47:22,2026-07-30 01:05:01,2024-11-22 10:05:01
369429,5792715,1,2026-07-30 01:05:01,2026-07-30 16:05:01,2024-02-24 09:50:00
670524,5792715,0,,2026-07-30 16:05:01,
10126551,5792715,16777473,2026-07-30 14:47:22,2026-07-28 02:05:01,2024-11-22 10:05:01
9423019,5198243,1,2026-04-08 02:05:02,2026-07-30 16:05:01,2024-02-05 04:04:00
10126551,5198243,16777473,2026-07-30 14:47:22,2026-07-18 06:05:01,2024-11-25 15:05:01
10126551,6709906,16777473,2026-07-30 14:47:22,2026-07-27 04:05:01,2025-06-26 09:05:02
670524,5694351,0,,2026-07-30 16:05:01,
10126551,5694351,16777473,2026-07-30 14:47:22,2026-07-10 10:05:01,2024-11-25 15:05:01
10126551,6804402,16777473,2026-07-30 14:47:22,2026-07-10 10:05:01,2026-03-10 20:05:01
10126551,6642776,16777473,2026-07-30 14:47:22,2026-07-10 10:05:01,2025-02-10 10:05:02
10126551,5500334,16777473,2026-07-30 14:47:22,2026-07-30 15:05:01,2024-11-22 10:05:01
12240987,5500334,1,2026-06-01 22:05:01,2026-07-30 16:05:01,2024-02-24 23:55:00
369429,5231608,1,2026-07-30 01:05:01,2026-07-30 11:05:01,2024-02-24 09:50:00
10126551,5231608,16777473,2026-07-30 14:47:22,2026-07-30 01:05:01,2024-11-22 10:05:01
369429,5691699,1,2026-07-30 01:05:01,2026-07-28 07:05:01,2024-02-24 09:50:00
10126551,5691699,16777473,2026-07-30 14:47:22,2026-07-10 10:05:01,2024-11-22 10:05:01
10126551,6403195,16777473,2026-07-30 14:47:22,2026-07-10 10:05:01,2024-11-22 10:05:01
10126551,6403369,16777473,2026-07-30 14:47:22,2026-07-10 10:05:01,2024-11-22 10:05:01
10126551,6499048,16777473,2026-07-30 14:47:22,2026-07-10 10:05:01,2024-11-22 10:05:01
10126551,6513038,16777473,2026-07-30 14:47:22,2026-07-10 10:05:01,2024-11-22 10:05:01
10126551,6292997,16777473,2026-07-30 14:47:22,2026-07-10 10:05:01,2024-11-22 10:05:01
369429,5544615,1,2026-07-30 01:05:01,2026-07-30 16:05:01,2024-02-24 09:50:00
6480545,5544615,1,2026-07-26 00:05:02,2026-07-30 16:05:01,2024-02-18 01:20:00
10126551,5544615,16777473,2026-07-30 14:47:22,2026-07-30 04:05:01,2024-11-22 10:05:01
369429,5025064,1,2026-07-30 01:05:01,2026-07-30 16:05:01,2024-02-24 09:50:00
10126551,5025064,16777473,2026-07-30 14:47:22,2026-07-27 04:05:01,2024-11-22 10:05:01
1140687,6467213,1,2026-07-30 00:05:01,2026-07-30 10:05:01,2024-05-26 02:00:00
10126551,6467213,16777473,2026-07-30 14:47:22,2026-07-30 16:05:01,2024-11-22 10:05:01
369429,5623187,1,2026-07-30 01:05:01,2026-07-30 16:05:01,2024-02-24 09:50:00
10126551,5623187,16777473,2026-07-30 14:47:22,2026-07-30 16:05:01,2024-11-22 10:05:01
1140687,6474733,1,2026-07-30 00:05:01,2026-07-30 10:05:01,2024-08-07 01:00:56
10126551,6474733,16777473,2026-07-30 14:47:22,2026-07-30 16:05:01,2024-11-22 10:05:01
369429,4822237,1,2026-07-30 01:05:01,2026-07-30 16:05:01,2024-02-24 09:50:00
670524,4822237,1,2026-03-11 10:26:57,2026-07-30 16:05:01,2025-04-09 03:05:02
10126551,4822237,16777473,2026-07-30 14:47:22,2026-07-30 04:05:01,2024-11-22 10:05:01
10126551,6064026,16777473,2026-07-30 14:47:22,2026-07-18 07:05:01,2024-11-25 15:05:01
10126551,5157393,16777473,2026-07-30 14:47:22,2026-07-10 11:05:01,2024-11-22 10:05:01
12240987,5157393,1,2026-06-01 22:05:01,2026-07-30 16:05:01,2024-02-24 23:55:00
10126551,5993022,16777473,2026-07-30 14:47:22,2026-07-10 10:05:01,2024-11-25 15:05:01
9423019,5717046,1,2026-04-08 02:05:02,2026-07-30 16:05:01,2024-02-05 04:04:00
10126551,5717046,16777473,2026-07-30 14:47:22,2026-07-28 10:05:01,2024-11-22 10:05:01
10126551,6381000,16777473,2026-07-30 14:47:22,2026-07-10 10:05:01,2024-11-22 10:05:01
10126551,5881194,16777473,2026-07-30 14:47:22,2026-07-10 10:05:01,2024-11-22 10:05:01
10126551,6152684,16777473,2026-07-30 14:47:22,2026-07-10 10:05:01,2024-11-22 10:05:01
10126551,6770888,16777473,2026-07-30 14:47:22,2026-07-10 10:05:01,2025-12-24 17:05:01
10126551,5835946,16777473,2026-07-30 14:47:22,2026-07-10 10:05:01,2024-11-22 10:05:01
20489462,5835946,1,2024-06-24 14:28:50,2026-07-30 16:05:01,2024-02-23 13:08:00
10126551,6190371,16777473,2026-07-30 14:47:22,2026-07-10 10:05:01,2024-11-22 10:05:01
10126551,6522658,16777473,2026-07-30 14:47:22,2026-07-10 10:05:01,2024-11-22 10:05:01
10126551,6712562,16777473,2026-07-30 14:47:22,2026-07-10 10:05:01,2025-07-01 09:05:01
10126551,6762642,16777473,2026-07-30 14:47:22,2026-07-27 02:05:01,2026-06-17 21:05:01
10126551,6521375,16777473,2026-07-30 14:47:22,2026-07-26 01:05:02,2024-11-22 10:05:01
10126551,6875477,16777473,2026-07-30 14:47:22,2026-07-10 10:05:01,2026-07-03 07:05:01
10126551,6876135,16777473,2026-07-30 14:47:22,2026-07-10 10:05:01,2026-07-09 15:10:46
10126551,6879749,16777473,2026-07-30 14:47:22,2026-07-14 10:05:01,2026-07-12 15:09:50
369429,4370320,1,2026-07-30 01:05:01,2026-07-30 14:05:02,2024-02-24 09:50:00
10126551,4370320,16777473,2026-07-30 14:47:22,2026-07-25 13:05:01,2026-07-24 20:11:40
369429,4681300,1,2026-07-30 01:05:01,2026-07-30 16:05:01,2024-02-24 09:50:00
10126551,4681300,16777473,2026-07-30 14:47:22,2026-07-25 13:05:01,2026-07-24 21:05:51
369429,4944835,1,2026-07-30 01:05:01,2026-07-30 16:05:01,2024-02-24 09:50:00
10126551,4944835,16777473,2026-07-30 14:47:22,2026-07-25 13:05:01,2026-07-24 20:11:40
369429,5160269,1,2026-07-30 01:05:01,2026-07-30 16:05:01,2024-02-24 09:50:00
10126551,5160269,16777473,2026-07-30 14:47:22,2026-07-25 13:05:01,2026-07-25 01:42:17
369429,5184383,1,2026-07-30 01:05:01,2026-07-30 16:05:01,2024-02-24 09:50:00
10126551,5184383,16777473,2026-07-30 14:47:22,2026-07-27 07:09:25,2026-07-25 17:11:28
369429,4369335,1,2026-07-30 01:05:01,2026-07-30 16:05:01,2024-02-24 09:50:00
10126551,4369335,16777473,2026-07-30 14:47:22,2026-07-30 14:05:02,2026-07-25 01:42:17
369429,5489011,1,2026-07-30 01:05:01,2026-07-30 16:05:01,2024-02-24 09:50:00
10126551,5489011,16777473,2026-07-30 14:47:22,2026-07-25 13:05:01,2026-07-25 11:38:13
369429,5174404,1,2026-07-30 01:05:01,2026-07-30 16:05:01,2024-02-24 09:50:00
10126551,5174404,16777473,2026-07-30 14:47:22,2026-07-25 13:05:01,2026-07-25 10:42:07
369429,5489332,1,2026-07-30 01:05:01,2026-07-30 16:05:01,2024-02-24 09:50:00
369429,5173740,1,2026-07-30 01:05:01,2026-07-30 16:05:01,2024-02-24 09:50:00
10126551,5173740,16777473,2026-07-30 14:47:22,2026-07-30 16:05:01,2026-07-25 01:42:17
369429,4733332,1,2026-07-30 01:05:01,2026-07-10 11:05:01,2024-09-19 02:02:53
10126551,4733332,16777473,2026-07-30 14:47:22,2026-07-25 13:05:01,2026-07-24 20:11:40
369429,5061560,1,2026-07-30 01:05:01,2026-07-10 11:05:01,2024-09-19 02:02:53
2172910,5061560,0,,2026-07-30 16:05:01,
7778569,5061560,0,,2026-07-29 04:05:01,
10126551,5061560,16777473,2026-07-30 14:47:22,2026-07-26 23:05:01,2026-07-25 17:11:28
369429,6319689,1,2026-07-30 01:05:01,2026-07-10 11:05:01,2024-09-19 02:02:53
2172910,6319689,0,,2026-07-30 16:05:01,
10126551,6319689,16777473,2026-07-30 14:47:22,2026-07-26 03:05:01,2026-07-25 17:11:28
369429,6300303,1,2026-07-30 01:05:01,2026-07-10 11:05:01,2024-09-19 02:02:53
2172910,6300303,0,,2026-07-30 16:05:01,
10126551,6300303,16777473,2026-07-30 14:47:22,2026-07-26 05:05:01,2026-07-25 17:11:28
369429,6265036,1,2026-07-30 01:05:01,2026-07-10 11:05:01,2024-02-24 09:50:00
2172910,6265036,0,,2026-07-30 16:05:01,
10126551,6265036,16777473,2026-07-30 14:47:22,2026-07-25 13:05:01,2026-07-25 04:42:27
369429,4814249,1,2026-07-30 01:05:01,2026-07-30 16:05:01,2024-09-19 02:02:53
10126551,4814249,16777473,2026-07-30 14:47:22,2026-07-25 13:05:01,2026-07-24 20:11:40
369429,4803080,1,2026-07-30 01:05:01,2026-07-30 16:05:01,2024-02-24 09:50:00
10126551,4803080,16777473,2026-07-30 14:47:22,2026-07-27 03:05:01,2026-07-24 20:11:40
369429,5173784,1,2026-07-30 01:05:01,2026-07-30 15:05:01,2024-02-24 09:50:00
10126551,5173784,16777473,2026-07-30 14:47:22,2026-07-25 13:05:01,2026-07-25 10:42:07
369429,4994146,1,2026-07-30 01:05:01,2026-07-26 07:05:01,2024-09-19 02:02:53
7778569,4994146,0,,2026-07-29 04:05:01,
10126551,4994146,16777473,2026-07-30 14:47:22,2026-07-25 13:05:01,2026-07-24 20:11:40
10126551,6884564,16777473,2026-07-30 14:47:22,2026-07-25 13:05:01,2026-07-25 05:42:14
1140687,6170256,1,2026-07-30 00:05:01,2026-07-30 10:05:01,2024-06-23 02:00:28
10126551,6170256,16777473,2026-07-30 14:47:22,2026-07-30 08:05:01,2025-05-10 22:05:02
1140687,6003020,1,2026-07-30 00:05:01,2026-07-30 10:05:01,2025-08-29 00:05:01
9423019,6003020,1,2026-04-08 02:05:02,2026-07-30 16:05:01,2024-02-05 04:04:00
10126551,6003020,16777473,2026-07-30 14:47:22,2026-07-28 00:05:01,2025-05-10 16:05:01
10126551,5898663,16777473,2026-07-30 14:47:22,2026-07-10 10:05:01,2025-04-27 19:05:02
369429,6018941,1,2026-07-30 01:05:01,2026-07-30 16:05:01,2024-02-24 09:50:00
10126551,6018941,16777473,2026-07-30 14:47:22,2026-07-30 01:05:01,2025-04-30 11:05:01
10126551,6002196,16777473,2026-07-30 14:47:22,2026-07-10 10:05:01,2025-04-17 20:05:01
10126551,6206027,16777473,2026-07-30 14:47:22,2026-07-10 10:05:01,2025-04-23 07:05:01
670524,6581049,0,,2026-07-30 16:05:01,
10126551,6581049,16777473,2026-07-30 14:47:22,2026-07-10 11:05:01,2024-11-25 15:05:01
10126551,5729394,16777473,2026-07-30 14:47:22,2026-07-10 10:05:01,2024-11-22 10:05:01
369429,5563569,1,2026-07-30 01:05:01,2026-07-30 16:05:01,2024-02-24 09:50:00
10126551,5563569,16777473,2026-07-30 14:47:22,2026-07-30 16:05:01,2024-11-22 10:05:01
369429,6476764,1,2026-07-30 01:05:01,2026-07-30 16:05:01,2024-02-24 09:50:00
670524,6476764,0,,2026-07-30 16:05:01,
10126551,6476764,16777473,2026-07-30 14:47:22,2026-07-30 04:05:01,2024-11-22 10:05:01
6480545,5618641,1,2026-07-26 00:05:02,2026-07-30 16:05:01,2024-02-18 01:20:00
369429,5662195,1,2026-07-30 01:05:01,2026-07-30 16:05:01,2024-02-24 09:50:00
10126551,5662195,16777473,2026-07-30 14:47:22,2026-07-30 04:05:01,2024-11-22 10:05:01
369429,5333046,1,2026-07-30 01:05:01,2026-07-30 16:05:01,2024-02-24 09:50:00
10126551,5333046,16777473,2026-07-30 14:47:22,2026-07-30 16:05:01,2024-11-22 10:05:01
3128871,4740233,1,2026-05-13 15:21:37,2026-07-30 16:05:01,2024-02-14 11:54:00
10126551,4740233,16777473,2026-07-30 14:47:22,2026-07-17 09:05:01,2024-11-22 10:05:01
369429,5623883,1,2026-07-30 01:05:01,2026-07-30 16:05:01,2024-02-24 09:50:00
10126551,5623883,16777473,2026-07-30 14:47:22,2026-07-30 04:05:01,2024-11-22 10:05:01
1140687,5801876,1,2026-07-30 00:05:01,2026-07-30 10:05:01,2024-07-29 01:00:49
10126551,5801876,16777473,2026-07-30 14:47:22,2026-07-16 10:05:01,2024-11-22 10:05:01
10126551,5807754,16777473,2026-07-30 14:47:22,2026-07-10 10:05:01,2024-11-25 15:05:01
19499816,5807754,1,2026-07-30 00:05:01,2026-07-21 02:05:01,2024-01-30 02:02:00
10126551,5337458,16777473,2026-07-30 14:47:22,2026-07-10 10:05:01,2024-11-22 10:05:01
369429,4874393,1,2026-07-30 01:05:01,2026-07-30 16:05:01,2024-02-24 09:50:00
10126551,4874393,16777473,2026-07-30 14:47:22,2026-07-30 16:05:01,2024-11-22 10:05:01
369429,6190239,1,2026-07-30 01:05:01,2026-07-30 16:05:01,2024-04-20 18:55:00
9423019,6190239,1,2026-04-08 02:05:02,2026-07-30 16:05:01,2024-02-05 04:04:00
10126551,6190239,16777473,2026-07-30 14:47:22,2026-07-30 04:05:01,2024-11-22 10:05:01
10126551,6524428,16777473,2026-07-30 14:47:22,2026-07-26 04:05:01,2024-11-22 10:05:01
369429,4640144,1,2026-07-30 01:05:01,2026-07-30 16:05:01,2024-02-24 09:50:00
9423019,4640144,1,2026-04-08 02:05:02,2026-07-30 16:05:01,2024-02-05 04:04:00
10126551,4640144,16777473,2026-07-30 14:47:22,2026-07-30 04:05:01,2024-11-22 10:05:01
369429,5483919,1,2026-07-30 01:05:01,2026-07-30 16:05:01,2024-02-24 09:50:00
670524,5483919,0,,2026-07-30 16:05:01,
10126551,5483919,16777473,2026-07-30 14:47:22,2026-07-30 04:05:01,2024-11-22 10:05:01
369429,5665868,1,2026-07-30 01:05:01,2026-07-30 16:05:01,2024-02-24 09:50:00
6480545,5665868,1,2026-07-26 00:05:02,2026-07-30 16:05:01,2024-02-18 01:20:00
10126551,5665868,16777473,2026-07-30 14:47:22,2026-07-30 04:05:01,2024-11-22 10:05:01
369429,5678229,1,2026-07-30 01:05:01,2026-07-30 16:05:01,2024-03-08 03:46:00
10126551,5678229,16777473,2026-07-30 14:47:22,2026-07-30 04:05:01,2024-11-22 10:05:01
17190520,5678229,65537,2024-06-04 21:00:00,2026-07-30 16:05:01,2024-02-01 15:12:00
1140687,6689496,1,2026-07-30 00:05:01,2026-07-30 10:05:01,2025-05-24 01:05:01
10126551,6689496,16777473,2026-07-30 14:47:22,2026-07-30 16:05:01,2025-05-31 15:05:01
1140687,4061736,1,2026-07-30 00:05:01,2026-07-30 10:05:01,2025-06-03 00:05:01
10126551,4061736,16777473,2026-07-30 14:47:22,2026-07-30 16:05:01,2025-06-06 16:05:01
369429,5541014,1,2026-07-30 01:05:01,2026-07-30 16:05:01,2024-02-24 09:50:00
10126551,5541014,16777473,2026-07-30 14:47:22,2026-07-30 13:05:01,2024-11-22 10:05:01
369429,5509420,1,2026-07-30 01:05:01,2026-07-30 16:05:01,2024-02-24 09:50:00
6480545,5509420,1,2026-07-26 00:05:02,2026-07-30 16:05:01,2024-02-18 01:20:00
10126551,5509420,16777473,2026-07-30 14:47:22,2026-07-28 02:05:01,2024-11-22 10:05:01
369429,4809431,1,2026-07-30 01:05:01,2026-07-30 11:05:01,2024-02-24 09:50:00
10126551,4809431,16777473,2026-07-30 14:47:22,2026-07-27 02:05:01,2024-11-22 10:05:01
369429,5656193,1,2026-07-30 01:05:01,2026-07-30 16:05:01,2024-02-24 09:50:00
10126551,5656193,16777473,2026-07-30 14:47:22,2026-07-10 10:05:01,2024-11-22 10:05:01
369429,3765792,1,2026-07-30 01:05:01,2026-07-30 16:05:01,2024-02-24 09:50:00
10126551,3765792,16777473,2026-07-30 14:47:22,2026-07-28 02:05:01,2024-11-22 10:05:01
369429,4086092,1,2026-07-30 01:05:01,2026-07-30 16:05:01,2024-02-24 09:50:00
1140687,4086092,1,2026-07-30 00:05:01,2026-07-30 10:05:01,2025-04-11 01:05:01
10126551,4086092,16777473,2026-07-30 14:47:22,2026-07-30 16:05:01,2025-06-07 21:05:01
369429,5826092,1,2026-07-30 01:05:01,2026-07-30 16:05:01,2024-02-24 09:50:00
369429,4536563,1,2026-07-30 01:05:01,2026-07-30 16:05:01,2024-02-24 09:50:00
670524,4536563,0,,2026-07-30 16:05:01,
10126551,4536563,16777473,2026-07-30 14:47:22,2026-07-30 04:05:01,2024-11-26 13:05:01
369429,5687954,1,2026-07-30 01:05:01,2026-07-30 16:05:01,2024-04-20 18:55:00
6480545,5687954,1,2026-07-26 00:05:02,2026-07-30 16:05:01,2024-02-18 01:20:00
10126551,5687954,16777473,2026-07-30 14:47:22,2026-07-28 02:05:01,2024-11-22 10:05:01
369429,4015264,1,2026-07-30 01:05:01,2026-07-30 16:05:01,2024-02-24 09:50:00
670524,4015264,0,,2026-07-30 16:05:01,
10126551,4015264,16777473,2026-07-30 14:47:22,2026-07-30 04:05:01,2024-11-22 10:05:01
369429,5792360,1,2026-07-30 01:05:01,2026-07-30 16:05:01,2024-02-24 09:50:00
670524,5792360,0,,2026-07-30 16:05:01,
10126551,5792360,16777473,2026-07-30 14:47:22,2026-07-30 04:05:01,2024-11-22 10:05:01
369429,5561672,1,2026-07-30 01:05:01,2026-07-30 16:05:01,2024-03-08 03:46:00
9423019,5561672,1,2026-04-08 02:05:02,2026-07-30 16:05:01,2024-02-05 04:04:00
10126551,5561672,16777473,2026-07-30 14:47:22,2026-07-30 04:05:01,2024-11-22 10:05:01
369429,5342511,1,2026-07-30 01:05:01,2026-07-30 16:05:01,2024-02-24 09:50:00
10126551,5342511,16777473,2026-07-30 14:47:22,2026-07-30 16:05:01,2024-11-22 10:05:01
369429,5772519,1,2026-07-30 01:05:01,2026-07-30 16:05:01,2024-05-06 19:21:00
9423019,5772519,1,2026-04-08 02:05:02,2026-07-30 16:05:01,2024-02-05 04:04:00
10126551,5772519,16777473,2026-07-30 14:47:22,2026-07-30 04:05:01,2024-11-22 10:05:01
670524,5073856,0,,2026-07-30 16:05:01,
9423019,5073856,1,2026-04-08 02:05:02,2026-07-30 16:05:01,2024-02-05 04:04:00
369429,4600422,1,2026-07-30 01:05:01,2026-07-30 16:05:01,2024-02-24 09:50:00
10126551,4600422,16777473,2026-07-30 14:47:22,2026-07-27 02:05:01,2024-11-22 10:05:01
369429,5390881,1,2026-07-30 01:05:01,2026-07-30 16:05:01,2024-02-24 09:50:00
10126551,5390881,16777473,2026-07-30 14:47:22,2026-07-30 16:05:01,2024-11-22 10:05:01
1140687,6563183,1,2026-07-30 00:05:01,2026-07-30 10:05:01,2024-08-25 01:04:12
10126551,6563183,16777473,2026-07-30 14:47:22,2026-07-30 00:05:01,2025-06-28 17:05:01
369429,5659729,1,2026-07-30 01:05:01,2026-07-30 16:05:01,2024-02-24 09:50:00
670524,5659729,0,,2026-07-30 16:05:01,
10126551,5659729,16777473,2026-07-30 14:47:22,2026-07-30 04:05:01,2024-11-26 13:05:01
369429,5232099,1,2026-07-30 01:05:01,2026-07-30 16:05:01,2024-02-24 09:50:00
6480545,5232099,1,2026-07-26 00:05:02,2026-07-30 16:05:01,2024-02-18 01:20:00
10126551,5232099,16777473,2026-07-30 14:47:22,2026-07-30 04:05:01,2024-11-22 10:05:01
369429,5614559,1,2026-07-30 01:05:01,2026-07-30 16:05:01,2024-02-24 09:50:00
670524,5614559,0,,2026-07-30 16:05:01,
10126551,5614559,16777473,2026-07-30 14:47:22,2026-07-30 04:05:01,2024-11-22 10:05:01
10126551,4662562,16777473,2026-07-30 14:47:22,2026-07-29 08:05:01,2024-11-26 13:05:01
17190520,4662562,65537,2024-06-04 21:00:00,2026-07-30 16:05:01,2024-02-01 15:12:00
20489462,4662562,0,,2026-07-30 16:05:01,
25825363,4662562,65537,2024-05-13 19:53:00,2026-07-29 21:05:01,2023-12-26 21:00:00
369429,3956327,1,2026-07-30 01:05:01,2026-07-30 16:05:01,2024-02-24 09:50:00
10126551,3956327,16777473,2026-07-30 14:47:22,2026-07-27 04:05:01,2024-11-22 10:05:01
17190520,3956327,65537,2024-06-04 21:00:00,2026-07-30 16:05:01,2024-02-01 15:12:00
369429,5370650,1,2026-07-30 01:05:01,2026-07-30 16:05:01,2024-03-08 03:46:00
6480545,5370650,1,2026-07-26 00:05:02,2026-07-30 16:05:01,2024-02-18 01:20:00
10126551,5370650,16777473,2026-07-30 14:47:22,2026-07-30 04:05:01,2024-11-25 15:05:01
369429,5706646,1,2026-07-30 01:05:01,2026-07-30 16:05:01,2024-02-24 09:50:00
10126551,5706646,16777473,2026-07-30 14:47:22,2026-07-30 16:05:01,2024-11-22 10:05:01
369429,5145339,1,2026-07-30 01:05:01,2026-07-30 16:05:01,2024-02-24 09:50:00
10126551,5145339,16777473,2026-07-30 14:47:22,2026-07-30 04:05:01,2024-11-22 10:05:01
369429,5734237,1,2026-07-30 01:05:01,2026-07-30 16:05:01,2024-02-24 09:50:00
10126551,5734237,16777473,2026-07-30 14:47:22,2026-07-28 04:05:01,2024-11-22 10:05:01
369429,5468829,1,2026-07-30 01:05:01,2026-07-30 16:05:01,2024-02-24 09:50:00
10126551,5468829,16777473,2026-07-30 14:47:22,2026-07-30 16:05:01,2024-11-22 10:05:01
369429,5643838,1,2026-07-30 01:05:01,2026-07-30 16:05:01,2024-05-06 19:21:00
670524,5643838,0,,2026-07-02 01:05:01,
10126551,5643838,16777473,2026-07-30 14:47:22,2026-07-24 02:05:02,2024-11-26 13:05:01
17190520,5643838,65537,2024-06-04 21:00:00,2026-07-30 16:05:01,2024-02-01 15:12:00
369429,5917689,1,2026-07-30 01:05:01,2026-07-30 16:05:01,2024-02-24 09:50:00
10126551,5917689,16777473,2026-07-30 14:47:22,2026-07-30 04:05:01,2024-11-22 10:05:01
369429,5153335,1,2026-07-30 01:05:01,2026-07-30 16:05:01,2024-05-06 19:21:00
9423019,5153335,1,2026-04-08 02:05:02,2026-07-30 16:05:01,2024-02-05 04:04:00
10126551,5153335,16777473,2026-07-30 14:47:22,2026-07-30 04:05:01,2024-11-22 10:05:01
369429,6465011,1,2026-07-30 01:05:01,2026-07-30 16:05:01,2026-06-13 01:05:01
670524,6465011,1,2026-03-11 10:26:57,2026-07-30 16:05:01,2025-03-31 02:05:01
10126551,6465011,16777473,2026-07-30 14:47:22,2026-07-27 02:05:01,2024-11-26 13:05:01
19499816,6465011,1,2026-07-30 00:05:01,2026-07-30 15:05:01,2024-01-30 02:02:00
369429,6212489,1,2026-07-30 01:05:01,2026-07-30 16:05:01,2024-05-06 19:21:00
10126551,6212489,16777473,2026-07-30 14:47:22,2026-07-30 09:05:01,2024-11-22 10:05:01
369429,5350979,1,2026-07-30 01:05:01,2026-07-30 16:05:01,2024-04-20 18:55:00
6480545,5350979,1,2026-07-26 00:05:02,2026-07-30 16:05:01,2024-02-18 01:20:00
10126551,5350979,16777473,2026-07-30 14:47:22,2026-07-30 04:05:01,2024-11-22 10:05:01
369429,5502766,1,2026-07-30 01:05:01,2026-07-30 16:05:01,2024-02-24 09:50:00
10126551,5502766,16777473,2026-07-30 14:47:22,2026-07-30 15:05:01,2024-11-22 10:05:01
670524,5375366,0,,2026-07-30 16:05:01,
369429,4323855,1,2026-07-30 01:05:01,2026-07-30 16:05:01,2024-04-20 18:55:00
10126551,4323855,16777473,2026-07-30 14:47:22,2026-07-30 04:05:01,2024-11-22 10:05:01
17190520,4323855,65537,2024-06-04 21:00:00,2026-07-30 16:05:01,2024-02-01 15:12:00
369429,2188930,1,2026-07-30 01:05:01,2026-07-30 16:05:01,2024-02-24 09:50:00
670524,2188930,0,,2026-07-30 16:05:01,
9423019,2188930,1,2026-04-08 02:05:02,2026-07-30 16:05:01,2024-02-05 04:04:00
10126551,2188930,16777473,2026-07-30 14:47:22,2026-07-28 02:05:01,2024-11-26 13:05:01
369429,5458975,1,2026-07-30 01:05:01,2026-07-30 16:05:01,2024-02-24 09:50:00
2172910,5458975,0,,2026-07-30 16:05:01,
10126551,5458975,16777473,2026-07-30 14:47:22,2026-07-28 02:05:01,2024-11-22 10:05:01
369429,5053229,1,2026-07-30 01:05:01,2026-07-30 16:05:01,2024-02-24 09:50:00
670524,5053229,0,,2026-07-30 16:05:01,
10126551,5053229,16777473,2026-07-30 14:47:22,2026-07-30 04:05:01,2024-11-22 10:05:01
369429,5444135,1,2026-07-30 01:05:01,2026-07-30 16:05:01,2024-02-24 09:50:00
10126551,5444135,16777473,2026-07-30 14:47:22,2026-07-30 01:05:01,2024-11-22 10:05:01
369429,5711492,1,2026-07-30 01:05:01,2026-07-30 16:05:01,2024-04-30 21:30:00
6480545,5711492,1,2026-07-26 00:05:02,2026-07-30 16:05:01,2024-02-18 01:20:00
10126551,5711492,16777473,2026-07-30 14:47:22,2026-07-28 02:05:01,2024-11-22 10:05:01
369429,5713448,1,2026-07-30 01:05:01,2026-07-30 16:05:01,2024-04-20 18:55:00
6480545,5713448,1,2026-07-26 00:05:02,2026-07-30 16:05:01,2024-02-18 01:20:00
10126551,5713448,16777473,2026-07-30 14:47:22,2026-07-28 02:05:01,2024-11-22 10:05:01
9423019,5541435,1,2026-04-08 02:05:02,2026-07-30 16:05:01,2024-02-05 04:04:00
10126551,5541435,16777473,2026-07-30 14:47:22,2026-07-28 02:05:01,2024-11-26 13:05:01
670524,5898244,0,,2026-07-30 16:05:01,
10126551,5898244,16777473,2026-07-30 14:47:22,2026-07-30 16:05:01,2024-11-22 10:05:01
369429,5597686,1,2026-07-30 01:05:01,2026-07-30 16:05:01,2024-02-24 09:50:00
10126551,5597686,16777473,2026-07-30 14:47:22,2026-07-30 04:05:01,2024-11-22 10:05:01
17190520,5597686,65537,2024-06-04 21:00:00,2026-07-30 16:05:01,2024-02-01 15:12:00
369429,4680677,1,2026-07-30 01:05:01,2026-07-30 16:05:01,2024-02-24 09:50:00
670524,4680677,0,,2026-07-30 16:05:01,
10126551,4680677,16777473,2026-07-30 14:47:22,2026-07-29 22:05:02,2024-11-22 10:05:01
369429,3993524,1,2026-07-30 01:05:01,2026-07-30 16:05:01,2024-02-24 09:50:00
10126551,3993524,16777473,2026-07-30 14:47:22,2026-07-30 01:05:01,2024-11-22 10:05:01
670524,3654072,1,2026-03-11 10:26:57,2026-07-30 16:05:01,2025-04-09 03:05:02
10126551,3654072,16777473,2026-07-30 14:47:22,2026-07-10 10:05:01,2024-11-22 10:05:01
17190520,3654072,65537,2024-06-04 21:00:00,2026-07-30 16:05:01,2024-02-01 15:12:00
2172910,5706425,0,,2026-07-30 16:05:01,
9423019,5706425,1,2026-04-08 02:05:02,2026-07-30 16:05:01,2024-02-05 04:04:00
10126551,5706425,16777473,2026-07-30 14:47:22,2026-07-10 11:05:01,2024-11-22 10:05:01
369429,5468828,1,2026-07-30 01:05:01,2026-07-30 16:05:01,2024-02-24 09:50:00
10126551,5468828,16777473,2026-07-30 14:47:22,2026-07-26 02:05:01,2024-11-22 10:05:01
369429,5646025,1,2026-07-30 01:05:01,2026-07-30 16:05:01,2024-02-24 09:50:00
10126551,5646025,16777473,2026-07-30 14:47:22,2026-07-30 03:05:02,2024-11-26 13:05:01
23417076,5646025,1,2026-05-08 19:05:01,2026-07-16 22:05:01,2025-12-04 19:05:01
10126551,5764624,16777473,2026-07-30 14:47:22,2026-07-10 10:05:01,2024-11-25 15:05:01
369429,5255570,1,2026-07-30 01:05:01,2026-07-30 16:05:01,2024-02-24 09:50:00
10126551,5255570,16777473,2026-07-30 14:47:22,2026-07-29 03:05:01,2024-11-25 15:05:01
369429,6136545,1,2026-07-30 01:05:01,2026-07-30 16:05:01,2024-02-24 09:50:00
10126551,6136545,16777473,2026-07-30 14:47:22,2026-07-30 04:05:01,2024-11-26 13:05:01
369429,2408260,1,2026-07-30 01:05:01,2026-07-30 16:05:01,2024-02-24 09:50:00
10126551,2408260,16777473,2026-07-30 14:47:22,2026-07-30 04:05:01,2024-11-22 10:05:01
10126551,5823321,16777473,2026-07-30 14:47:22,2026-07-30 04:05:01,2024-11-26 13:05:01
670524,6063094,1,2026-03-11 10:26:57,2026-07-30 16:05:01,2025-07-11 10:22:23
10126551,6063094,16777473,2026-07-30 14:47:22,2026-07-29 02:05:01,2024-11-26 13:05:01
10126551,6534253,16777473,2026-07-30 14:47:22,2026-07-27 02:05:01,2024-11-22 10:05:01
369429,5339574,1,2026-07-30 01:05:01,2026-07-30 16:05:01,2024-05-06 19:21:00
9423019,5339574,1,2026-04-08 02:05:02,2026-07-30 16:05:01,2024-02-05 04:04:00
10126551,5339574,16777473,2026-07-30 14:47:22,2026-07-28 02:05:01,2024-11-25 15:05:01
369429,861438,1,2026-07-30 01:05:01,2026-07-30 16:05:01,2024-02-24 09:50:00
670524,861438,0,,2026-07-30 16:05:01,
10126551,861438,16777473,2026-07-30 14:47:22,2026-07-28 02:05:01,2024-11-26 13:05:01
369429,4228810,1,2026-07-30 01:05:01,2026-07-30 16:05:01,2024-02-24 09:50:00
10126551,4228810,16777473,2026-07-30 14:47:22,2026-07-30 16:05:01,2024-11-25 15:05:01
1140687,6300193,1,2026-07-30 00:05:01,2026-07-30 10:05:01,2024-07-06 02:00:32
10126551,6300193,16777473,2026-07-30 14:47:22,2026-07-30 16:05:01,2024-11-22 10:05:01
369429,6344860,1,2026-07-30 01:05:01,2026-07-30 16:05:01,2024-02-24 09:50:00
10126551,6344860,16777473,2026-07-30 14:47:22,2026-07-30 04:05:01,2024-11-26 13:05:01
1140687,5823707,1,2026-07-30 00:05:01,2026-07-30 10:05:01,2024-07-06 02:00:32
10126551,5823707,16777473,2026-07-30 14:47:22,2026-07-29 05:05:02,2024-11-22 10:05:01
369429,5909960,1,2026-07-30 01:05:01,2026-07-30 16:05:01,2024-02-24 09:50:00
9423019,5909960,1,2026-04-08 02:05:02,2026-07-30 16:05:01,2024-02-05 04:04:00
10126551,5909960,16777473,2026-07-30 14:47:22,2026-07-30 04:05:01,2024-11-22 10:05:01
369429,5558647,1,2026-07-30 01:05:01,2026-07-30 16:05:01,2024-02-24 09:50:00
10126551,5558647,16777473,2026-07-30 14:47:22,2026-07-30 16:05:01,2024-11-22 10:05:01
9423019,5562625,1,2026-04-08 02:05:02,2026-07-30 16:05:01,2024-02-05 04:04:00
10126551,5562625,16777473,2026-07-30 14:47:22,2026-07-30 16:05:01,2024-11-22 10:05:01
369429,5521751,1,2026-07-30 01:05:01,2026-07-30 16:05:01,2024-05-06 19:21:00
6480545,5521751,1,2026-07-26 00:05:02,2026-07-30 16:05:01,2024-02-18 01:20:00
10126551,5521751,16777473,2026-07-30 14:47:22,2026-07-10 11:05:01,2024-11-22 10:05:01
369429,5377468,1,2026-07-30 01:05:01,2026-07-30 16:05:01,2024-02-24 09:50:00
10126551,5377468,16777473,2026-07-30 14:47:22,2026-07-30 16:05:01,2024-11-22 10:05:01
9423019,6395507,1,2026-04-08 02:05:02,2026-07-30 16:05:01,2024-02-05 04:04:00
10126551,6395507,16777473,2026-07-30 14:47:22,2026-07-30 08:05:01,2024-11-25 15:05:01
369429,5731666,1,2026-07-30 01:05:01,2026-07-30 16:05:01,2024-02-24 09:50:00
670524,5731666,0,,2026-07-30 16:05:01,
10126551,5731666,16777473,2026-07-30 14:47:22,2026-07-30 04:05:01,2024-11-25 15:05:01
369429,3909792,1,2026-07-30 01:05:01,2026-07-26 08:22:12,2024-02-24 09:50:00
10126551,3909792,16777473,2026-07-30 14:47:22,2026-07-10 10:05:01,2024-11-26 13:05:01
1140687,6635349,1,2026-07-30 00:05:01,2026-07-30 10:05:01,2025-06-03 00:05:01
10126551,6635349,16777473,2026-07-30 14:47:22,2026-07-29 05:05:02,2025-01-26 22:05:01
369429,5752933,1,2026-07-30 01:05:01,2026-07-30 16:05:01,2024-02-24 09:50:00
10126551,5752933,16777473,2026-07-30 14:47:22,2026-07-30 04:05:01,2024-11-22 10:05:01
12240987,5752933,1,2026-06-01 22:05:01,2026-07-30 16:05:01,2024-02-24 23:55:00
9423019,4187503,1,2026-04-08 02:05:02,2026-07-30 16:05:01,2024-02-05 04:04:00
10126551,4187503,16777473,2026-07-30 14:47:22,2026-07-27 03:05:01,2024-11-22 10:05:01
369429,6377098,1,2026-07-30 01:05:01,2026-07-30 16:05:01,2024-02-24 09:50:00
10126551,6377098,16777473,2026-07-30 14:47:22,2026-07-28 03:05:01,2024-11-22 10:05:01
670524,6302243,0,,2026-07-30 11:05:01,
10126551,6302243,16777473,2026-07-30 14:47:22,2026-07-10 10:05:01,2024-11-22 10:05:01
369429,5682462,1,2026-07-30 01:05:01,2026-07-30 16:05:01,2024-02-24 09:50:00
10126551,5682462,16777473,2026-07-30 14:47:22,2026-07-30 16:05:01,2024-11-22 10:05:01
369429,2813449,1,2026-07-30 01:05:01,2026-07-30 16:05:01,2024-02-24 09:50:00
10126551,2813449,16777473,2026-07-30 14:47:22,2026-07-30 04:05:01,2024-11-22 10:05:01
369429,4924329,1,2026-07-30 01:05:01,2026-07-30 16:05:01,2024-03-08 03:46:00
6480545,4924329,1,2026-07-26 00:05:02,2026-07-30 16:05:01,2024-02-18 01:20:00
10126551,4924329,16777473,2026-07-30 14:47:22,2026-07-30 04:05:01,2024-11-25 15:05:01
369429,5464817,1,2026-07-30 01:05:01,2026-07-30 16:05:01,2024-02-24 09:50:00
10126551,5464817,16777473,2026-07-30 14:47:22,2026-07-27 01:05:02,2024-11-26 13:05:01
369429,5377550,1,2026-07-30 01:05:01,2026-07-30 16:05:01,2024-02-24 09:50:00
9423019,5377550,1,2026-04-08 02:05:02,2026-07-30 16:05:01,2024-02-05 04:04:00
10126551,5377550,16777473,2026-07-30 14:47:22,2026-07-30 04:05:01,2024-11-22 10:05:01
369429,5641357,1,2026-07-30 01:05:01,2026-07-30 16:05:01,2024-05-06 19:21:00
10126551,5641357,16777473,2026-07-30 14:47:22,2026-07-20 02:05:01,2024-11-22 10:05:01
17190520,5641357,65537,2024-06-04 21:00:00,2026-07-30 16:05:01,2024-02-01 15:12:00
369429,5096995,1,2026-07-30 01:05:01,2026-07-30 16:05:01,2024-02-24 09:50:00
10126551,5096995,16777473,2026-07-30 14:47:22,2026-07-30 12:05:01,2024-11-22 10:05:01
9423019,5621268,1,2026-04-08 02:05:02,2026-07-30 16:05:01,2025-08-06 03:05:01
10126551,5621268,16777473,2026-07-30 14:47:22,2026-07-11 05:05:02,2024-11-26 13:05:01
369429,4933589,1,2026-07-30 01:05:01,2026-07-30 16:05:01,2024-05-06 19:21:00
9423019,4933589,1,2026-04-08 02:05:02,2026-07-30 16:05:01,2024-02-05 04:04:00
10126551,4933589,16777473,2026-07-30 14:47:22,2026-07-30 04:05:01,2024-11-26 13:05:01
369429,5112647,1,2026-07-30 01:05:01,2026-07-30 16:05:01,2024-02-24 09:50:00
10126551,5112647,16777473,2026-07-30 14:47:22,2026-07-30 16:05:01,2024-11-22 10:05:01
369429,5528485,1,2026-07-30 01:05:01,2026-07-30 16:05:01,2024-03-08 03:46:00
10126551,5528485,16777473,2026-07-30 14:47:22,2026-07-28 23:05:01,2024-11-22 10:05:01
17190520,5528485,65537,2024-06-04 21:00:00,2026-07-30 16:05:01,2024-02-01 15:12:00
1140687,6330014,1,2026-07-30 00:05:01,2026-07-30 10:05:01,2025-09-09 00:05:01
10126551,6330014,16777473,2026-07-30 14:47:22,2026-07-29 05:05:02,2024-11-22 10:05:01
19499816,6330014,1,2026-07-30 00:05:01,2026-07-30 16:05:01,2024-01-30 02:02:00
670524,6710887,0,,2026-07-30 16:05:01,
10126551,6710887,16777473,2026-07-30 14:47:22,2026-07-30 16:05:01,2025-07-25 06:05:02
369429,4972509,1,2026-07-30 01:05:01,2026-07-30 16:05:01,2024-02-24 09:50:00
10126551,4972509,16777473,2026-07-30 14:47:22,2026-07-30 12:05:01,2024-11-22 10:05:01
10126551,5764636,16777473,2026-07-30 14:47:22,2026-07-10 10:05:01,2024-11-25 15:05:01
369429,5524118,1,2026-07-30 01:05:01,2026-07-30 16:05:01,2024-02-24 09:50:00
10126551,5524118,16777473,2026-07-30 14:47:22,2026-07-30 16:05:01,2024-11-22 10:05:01
369429,5516759,1,2026-07-30 01:05:01,2026-07-30 16:05:01,2024-02-24 09:50:00
10126551,5516759,16777473,2026-07-30 14:47:22,2026-07-30 05:05:01,2024-11-22 10:05:01
369429,3929471,1,2026-07-30 01:05:01,2026-07-30 16:05:01,2024-05-06 19:24:00
9423019,3929471,1,2026-04-08 02:05:02,2026-07-30 16:05:01,2024-02-05 04:04:00
10126551,3929471,16777473,2026-07-30 14:47:22,2026-07-28 02:05:01,2024-11-26 13:05:01
670524,6643539,0,,2026-07-30 16:05:01,
10126551,6643539,16777473,2026-07-30 14:47:22,2026-07-30 11:05:01,2025-02-10 10:05:02
369429,5653448,1,2026-07-30 01:05:01,2026-07-30 16:05:01,2024-02-24 09:50:00
10126551,5653448,16777473,2026-07-30 14:47:22,2026-07-29 22:05:02,2024-11-22 10:05:01
9423019,5839220,1,2026-04-08 02:05:02,2026-07-30 16:05:01,2024-02-05 04:04:00
10126551,5839220,16777473,2026-07-30 14:47:22,2026-07-11 07:05:01,2024-11-26 13:05:01
369429,4680822,1,2026-07-30 01:05:01,2026-07-30 16:05:01,2024-02-24 09:50:00
10126551,4680822,16777473,2026-07-30 14:47:22,2026-07-27 03:05:01,2024-11-22 10:05:01
369429,2544885,1,2026-07-30 01:05:01,2026-07-30 16:05:01,2024-02-24 09:50:00
9423019,2544885,1,2026-04-08 02:05:02,2026-07-30 16:05:01,2024-02-05 04:04:00
10126551,2544885,16777473,2026-07-30 14:47:22,2026-07-30 01:05:01,2024-11-26 13:05:01
369429,5715284,1,2026-07-30 01:05:01,2026-07-30 16:05:01,2024-02-24 09:50:00
10126551,5715284,16777473,2026-07-30 14:47:22,2026-07-30 04:05:01,2024-11-22 10:05:01
10126551,6275572,16777473,2026-07-30 14:47:22,2026-07-10 10:05:01,2024-11-22 10:05:01
369429,5284118,1,2026-07-30 01:05:01,2026-07-30 16:05:01,2024-02-24 09:50:00
670524,5284118,1,2026-03-11 10:26:57,2026-07-30 16:05:01,2025-04-03 02:05:01
10126551,5284118,16777473,2026-07-30 14:47:22,2026-07-10 11:05:01,2024-11-26 13:05:01
369429,5284043,1,2026-07-30 01:05:01,2026-07-30 16:05:01,2024-02-24 09:50:00
9423019,5284043,1,2026-04-08 02:05:02,2026-07-30 16:05:01,2024-02-05 04:04:00
10126551,5284043,16777473,2026-07-30 14:47:22,2026-07-10 10:05:01,2024-11-26 13:05:01
369429,5506922,1,2026-07-30 01:05:01,2026-07-30 16:05:01,2024-02-24 09:50:00
10126551,5506922,16777473,2026-07-30 14:47:22,2026-07-24 04:05:01,2024-11-22 10:05:01
369429,5508263,1,2026-07-30 01:05:01,2026-07-30 16:05:01,2024-02-24 09:50:00
10126551,5508263,16777473,2026-07-30 14:47:22,2026-07-30 16:05:01,2024-11-22 10:05:01
369429,5827002,1,2026-07-30 01:05:01,2026-07-30 16:05:01,2024-02-24 09:50:00
10126551,5827002,16777473,2026-07-30 14:47:22,2026-07-30 04:05:01,2024-11-26 13:05:01
1140687,5440839,1,2026-07-30 00:05:01,2026-07-30 10:05:01,2024-07-06 02:00:32
10126551,5440839,16777473,2026-07-30 14:47:22,2026-07-23 10:05:01,2024-11-22 10:05:01
9423019,5989228,1,2026-04-08 02:05:02,2026-07-30 16:05:01,2025-08-06 03:05:01
10126551,5989228,16777473,2026-07-30 14:47:22,2026-07-10 11:05:01,2024-11-22 10:05:01
10126551,6700891,16777473,2026-07-30 14:47:22,2026-07-11 07:05:01,2025-06-17 10:05:01
369429,3744987,1,2026-07-30 01:05:01,2026-07-30 16:05:01,2024-02-24 09:50:00
10126551,3744987,16777473,2026-07-30 14:47:22,2026-07-30 16:05:01,2024-11-22 10:05:01
369429,5466078,1,2026-07-30 01:05:01,2026-07-30 16:05:01,2024-02-24 09:50:00
10126551,5466078,16777473,2026-07-30 14:47:22,2026-07-30 04:05:01,2024-11-22 10:05:01
369429,5520913,1,2026-07-30 01:05:01,2026-07-30 16:05:01,2024-02-24 09:50:00
10126551,5520913,16777473,2026-07-30 14:47:22,2026-07-30 08:05:01,2024-11-22 10:05:01
369429,5666872,1,2026-07-30 01:05:01,2026-07-30 16:05:01,2024-02-24 09:50:00
670524,5666872,0,,2026-07-30 16:05:01,
10126551,5666872,16777473,2026-07-30 14:47:22,2026-07-30 04:05:01,2024-11-22 10:05:01
369429,6107966,1,2026-07-30 01:05:01,2026-07-30 16:05:01,2024-02-24 09:50:00
10126551,6107966,16777473,2026-07-30 14:47:22,2026-07-30 04:05:01,2024-11-22 10:05:01
369429,4991974,1,2026-07-30 01:05:01,2026-07-30 16:05:01,2024-02-24 09:50:00
10126551,4991974,16777473,2026-07-30 14:47:22,2026-07-30 16:05:01,2024-11-22 10:05:01
10126551,5914318,16777473,2026-07-30 14:47:22,2026-07-10 10:05:01,2024-11-22 10:05:01
369429,5947628,1,2026-07-30 01:05:01,2026-07-30 16:05:01,2024-03-08 03:46:00
9423019,5947628,1,2026-04-08 02:05:02,2026-07-30 16:05:01,2024-02-05 04:04:00
10126551,5947628,16777473,2026-07-30 14:47:22,2026-07-30 04:05:01,2024-11-22 10:05:01
369429,5629635,1,2026-07-30 01:05:01,2026-07-28 13:05:01,2024-02-24 09:50:00
10126551,5629635,16777473,2026-07-30 14:47:22,2026-07-26 23:05:01,2024-11-22 10:05:01
369429,5541413,1,2026-07-30 01:05:01,2026-07-30 16:05:01,2024-02-24 09:50:00
10126551,5541413,16777473,2026-07-30 14:47:22,2026-07-28 21:05:01,2024-11-22 10:05:01
369429,3852089,1,2026-07-30 01:05:01,2026-07-30 16:05:01,2024-05-06 19:21:00
10126551,3852089,16777473,2026-07-30 14:47:22,2026-07-10 11:05:01,2024-11-22 10:05:01
17190520,3852089,65537,2024-06-04 21:00:00,2026-07-30 16:05:01,2024-02-01 15:12:00
10126551,6610378,16777473,2026-07-30 14:47:22,2026-07-10 10:05:01,2024-12-21 19:05:01
369429,3854178,1,2026-07-30 01:05:01,2026-07-10 11:05:01,2024-02-24 09:50:00
10126551,3854178,16777473,2026-07-30 14:47:22,2026-07-10 10:05:01,2024-11-22 10:05:01
369429,4184001,1,2026-07-30 01:05:01,2026-07-30 16:05:01,2024-03-08 03:46:00
9423019,4184001,1,2026-04-08 02:05:02,2026-07-30 16:05:01,2024-02-05 04:04:00
10126551,4184001,16777473,2026-07-30 14:47:22,2026-07-28 02:05:01,2024-11-22 10:05:01
369429,5751796,1,2026-07-30 01:05:01,2026-07-30 16:05:01,2024-02-24 09:50:00
10126551,5751796,16777473,2026-07-30 14:47:22,2026-07-21 02:05:01,2024-11-22 10:05:01
369429,5517953,1,2026-07-30 01:05:01,2026-07-30 16:05:01,2024-02-24 09:50:00
6480545,5517953,1,2026-07-26 00:05:02,2026-07-30 16:05:01,2024-02-18 01:20:00
10126551,5517953,16777473,2026-07-30 14:47:22,2026-07-30 04:05:01,2024-11-22 10:05:01
1140687,5501740,1,2026-07-30 00:05:01,2026-07-30 10:05:01,2024-07-29 01:00:49
10126551,5501740,16777473,2026-07-30 14:47:22,2026-07-11 23:05:01,2024-11-22 10:05:01
369429,5585291,1,2026-07-30 01:05:01,2026-07-30 16:05:01,2024-03-08 03:46:00
6480545,5585291,1,2026-07-26 00:05:02,2026-07-30 16:05:01,2024-02-18 01:20:00
10126551,5585291,16777473,2026-07-30 14:47:22,2026-07-30 04:05:01,2024-11-22 10:05:01
369429,5616047,1,2026-07-30 01:05:01,2026-07-30 16:05:01,2024-03-08 03:46:00
10126551,5616047,16777473,2026-07-30 14:47:22,2026-07-30 04:05:01,2024-11-22 10:05:01
17190520,5616047,65537,2024-06-04 21:00:00,2026-07-30 16:05:01,2024-02-01 15:12:00
9423019,4640065,1,2026-04-08 02:05:02,2026-07-30 16:05:01,2024-02-05 04:04:00
10126551,4640065,16777473,2026-07-30 14:47:22,2026-07-26 15:08:55,2024-11-26 13:05:01
1140687,6519505,1,2026-07-30 00:05:01,2026-07-30 10:05:01,2024-07-29 01:00:49
10126551,6519505,16777473,2026-07-30 14:47:22,2026-07-27 01:05:02,2024-11-22 10:05:01
10126551,6202593,16777473,2026-07-30 14:47:22,2026-07-26 02:05:01,2024-11-22 10:05:01
1140687,5727551,1,2026-07-30 00:05:01,2026-07-30 10:05:01,2024-06-07 02:00:28
10126551,5727551,16777473,2026-07-30 14:47:22,2026-07-30 04:05:01,2024-11-25 15:05:01
369429,6197956,1,2026-07-30 01:05:01,2026-07-30 06:05:01,2024-02-24 09:50:00
769018,6197956,0,,2026-07-30 16:05:01,
10126551,6197956,16777473,2026-07-30 14:47:22,2026-07-10 11:05:01,2024-11-26 13:05:01
46658122,6197956,0,,2026-07-30 16:05:01,
369429,5905756,1,2026-07-30 01:05:01,2026-07-30 16:05:01,2024-02-24 09:50:00
10126551,5905756,16777473,2026-07-30 14:47:22,2026-07-27 02:05:01,2024-11-22 10:05:01
10126551,6722253,16777473,2026-07-30 14:47:22,2026-07-30 09:05:01,2025-07-26 08:05:01
369429,6103252,1,2026-07-30 01:05:01,2026-07-30 16:05:01,2024-02-24 09:50:00
10126551,6103252,16777473,2026-07-30 14:47:22,2026-07-30 04:05:01,2024-11-22 10:05:01
369429,6207306,1,2026-07-30 01:05:01,2026-07-24 00:05:02,2024-02-24 09:50:00
10126551,6207306,16777473,2026-07-30 14:47:22,2026-07-10 10:05:01,2024-11-22 10:05:01
369429,6027987,1,2026-07-30 01:05:01,2026-07-30 16:05:01,2024-02-24 09:50:00
10126551,6027987,16777473,2026-07-30 14:47:22,2026-07-10 10:05:01,2024-11-26 13:05:01
369429,5587297,1,2026-07-30 01:05:01,2026-07-30 16:05:01,2024-05-06 19:21:00
6480545,5587297,1,2026-07-26 00:05:02,2026-07-30 16:05:01,2024-02-18 01:20:00
10126551,5826092,16777473,2026-07-30 14:47:22,2026-07-30 09:05:01,2024-11-22 10:05:01
369429,5253722,1,2026-07-30 01:05:01,2026-07-30 16:05:01,2024-02-24 09:50:00
10126551,5253722,16777473,2026-07-30 14:47:22,2026-07-30 04:05:01,2024-11-22 10:05:01
369429,5470801,1,2026-07-30 01:05:01,2026-07-30 16:05:01,2024-02-24 09:50:00
10126551,5470801,16777473,2026-07-30 14:47:22,2026-07-30 16:05:01,2024-11-22 10:05:01
670524,6618315,0,,2026-07-30 16:05:01,
10126551,6618315,16777473,2026-07-30 14:47:22,2026-07-30 16:05:01,2024-12-31 21:05:01
369429,5414209,1,2026-07-30 01:05:01,2026-07-30 16:05:01,2024-02-24 09:50:00
6480545,5414209,1,2026-07-26 00:05:02,2026-07-30 16:05:01,2024-02-18 01:20:00
10126551,5414209,16777473,2026-07-30 14:47:22,2026-07-30 04:05:01,2024-11-22 10:05:01
369429,5481103,1,2026-07-30 01:05:01,2026-07-30 16:05:01,2024-02-24 09:50:00
10126551,5481103,16777473,2026-07-30 14:47:22,2026-07-30 16:05:01,2024-11-22 10:05:01
369429,6099011,1,2026-07-30 01:05:01,2026-07-30 16:05:01,2024-02-24 09:50:00
10126551,6099011,16777473,2026-07-30 14:47:22,2026-07-30 16:05:01,2024-11-22 10:05:01
9423019,6425569,1,2026-04-08 02:05:02,2026-07-30 16:05:01,2024-02-05 04:04:00
10126551,6425569,16777473,2026-07-30 14:47:22,2026-07-30 03:05:02,2024-11-22 10:05:01
369429,5677885,1,2026-07-30 01:05:01,2026-07-30 16:05:01,2024-03-08 03:46:00
6480545,5677885,1,2026-07-26 00:05:02,2026-07-30 16:05:01,2024-02-18 01:20:00
10126551,5677885,16777473,2026-07-30 14:47:22,2026-07-30 04:05:01,2024-11-22 10:05:01
369429,5536380,1,2026-07-30 01:05:01,2026-07-30 16:05:01,2024-02-24 09:50:00
10126551,5536380,16777473,2026-07-30 14:47:22,2026-07-30 04:05:01,2024-11-22 10:05:01
17190520,5536380,65537,2024-06-04 21:00:00,2026-07-30 16:05:01,2024-02-01 15:12:00
369429,5704620,1,2026-07-30 01:05:01,2026-07-30 16:05:01,2024-02-24 09:50:00
6480545,5704620,1,2026-07-26 00:05:02,2026-07-30 16:05:01,2024-02-18 01:20:00
10126551,5704620,16777473,2026-07-30 14:47:22,2026-07-30 04:05:01,2024-11-22 10:05:01
9423019,5471765,1,2026-04-08 02:05:02,2026-07-30 16:05:01,2024-02-05 04:04:00
25825363,5471765,65537,2024-05-13 19:53:00,2026-07-29 22:05:02,2024-05-12 21:37:00
369429,4236415,1,2026-07-30 01:05:01,2026-07-30 16:05:01,2024-02-24 09:50:00
670524,4236415,0,,2026-07-30 16:05:01,
10126551,4236415,16777473,2026-07-30 14:47:22,2026-07-28 02:05:01,2024-11-22 10:05:01
369429,4550725,1,2026-07-30 01:05:01,2026-07-30 16:05:01,2024-02-24 09:50:00
10126551,4550725,16777473,2026-07-30 14:47:22,2026-07-30 16:05:01,2024-11-22 10:05:01
369429,5120147,1,2026-07-30 01:05:01,2026-07-30 16:05:01,2024-02-24 09:50:00
10126551,5120147,16777473,2026-07-30 14:47:22,2026-07-30 16:05:01,2024-11-22 10:05:01
369429,6201346,1,2026-07-30 01:05:01,2026-07-30 16:05:01,2024-02-24 09:50:00
10126551,6201346,16777473,2026-07-30 14:47:22,2026-07-30 06:05:01,2024-11-22 10:05:01
369429,5448781,1,2026-07-30 01:05:01,2026-07-30 16:05:01,2024-02-24 09:50:00
670524,5448781,1,2026-03-11 10:26:57,2026-07-30 14:05:02,2025-11-07 07:05:01
10126551,5448781,16777473,2026-07-30 14:47:22,2026-07-30 04:05:01,2024-11-22 10:05:01
369429,5652407,1,2026-07-30 01:05:01,2026-07-30 16:05:01,2024-02-24 09:50:00
10126551,5652407,16777473,2026-07-30 14:47:22,2026-07-30 09:05:01,2024-11-22 10:05:01
369429,5465608,1,2026-07-30 01:05:01,2026-07-30 16:05:01,2024-02-24 09:50:00
10126551,5465608,16777473,2026-07-30 14:47:22,2026-07-30 00:05:01,2024-11-22 10:05:01
670524,5513130,0,,2026-07-30 16:05:01,
369429,5589160,1,2026-07-30 01:05:01,2026-07-30 16:05:01,2024-02-24 09:50:00
6480545,5589160,1,2026-07-26 00:05:02,2026-07-30 16:05:01,2024-02-18 01:20:00
10126551,5589160,16777473,2026-07-30 14:47:22,2026-07-30 04:05:01,2024-11-22 10:05:01
369429,5305112,1,2026-07-30 01:05:01,2026-07-30 16:05:01,2024-02-24 09:50:00
10126551,5305112,16777473,2026-07-30 14:47:22,2026-07-30 04:05:01,2024-11-22 10:05:01
369429,5412570,1,2026-07-30 01:05:01,2026-07-30 16:05:01,2024-02-24 09:50:00
10126551,5412570,16777473,2026-07-30 14:47:22,2026-07-30 16:05:01,2024-11-22 10:05:01
369429,5223868,1,2026-07-30 01:05:01,2026-07-30 16:05:01,2024-02-24 09:50:00
10126551,5223868,16777473,2026-07-30 14:47:22,2026-07-28 21:05:01,2024-11-22 10:05:01
369429,4029558,1,2026-07-30 01:05:01,2026-07-30 16:05:01,2024-02-24 09:50:00
9423019,4029558,1,2026-04-08 02:05:02,2026-07-30 16:05:01,2024-02-05 04:04:00
10126551,4029558,16777473,2026-07-30 14:47:22,2026-07-29 22:05:02,2024-11-22 10:05:01
9423019,5802546,1,2026-04-08 02:05:02,2026-07-30 16:05:01,2024-02-05 04:04:00
10126551,5802546,16777473,2026-07-30 14:47:22,2026-07-30 16:05:01,2024-11-25 15:05:01
23417076,5802546,1,2026-05-08 19:05:01,2026-07-16 22:05:01,2025-12-04 15:05:01
369429,5324903,1,2026-07-30 01:05:01,2026-07-30 16:05:01,2024-02-24 09:50:00
10126551,5324903,16777473,2026-07-30 14:47:22,2026-07-21 00:05:01,2024-11-22 10:05:01
369429,3092605,1,2026-07-30 01:05:01,2026-07-30 16:05:01,2024-05-06 19:21:00
10126551,3092605,16777473,2026-07-30 14:47:22,2026-07-10 11:05:01,2024-11-22 10:05:01
17190520,3092605,65537,2024-06-04 21:00:00,2026-07-30 16:05:01,2024-02-01 15:12:00
1140687,6623953,1,2026-07-30 00:05:01,2026-07-30 12:05:01,2025-01-17 01:05:01
10126551,6623953,16777473,2026-07-30 14:47:22,2026-07-30 16:05:01,2025-02-05 22:05:01
369429,5644171,1,2026-07-30 01:05:01,2026-07-30 16:05:01,2024-03-08 03:46:00
10126551,5644171,16777473,2026-07-30 14:47:22,2026-07-26 23:05:01,2024-11-22 10:05:01
17190520,5644171,65537,2024-06-04 21:00:00,2026-07-30 16:05:01,2024-02-01 15:12:00
369429,5816246,1,2026-07-30 01:05:01,2026-07-29 05:05:02,2024-02-24 09:50:00
670524,5816246,1,2026-03-11 10:26:57,2026-07-30 16:05:01,2025-04-03 02:05:01
10126551,5816246,16777473,2026-07-30 14:47:22,2026-07-10 10:05:01,2024-11-22 10:05:01
12240987,5816246,1,2026-06-01 22:05:01,2026-07-30 16:05:01,2024-02-24 23:55:00
369429,5961889,1,2026-07-30 01:05:01,2026-07-30 16:05:01,2024-02-24 09:50:00
10126551,5961889,16777473,2026-07-30 14:47:22,2026-07-30 16:05:01,2024-11-22 10:05:01
369429,5163393,1,2026-07-30 01:05:01,2026-07-30 16:05:01,2024-02-24 09:50:00
10126551,5163393,16777473,2026-07-30 14:47:22,2026-07-30 16:05:01,2024-11-22 10:05:01
369429,6195250,1,2026-07-30 01:05:01,2026-07-30 16:05:01,2024-02-24 09:50:00
10126551,6195250,16777473,2026-07-30 14:47:22,2026-07-20 03:05:01,2024-11-22 10:05:01
369429,4995947,1,2026-07-30 01:05:01,2026-07-30 15:05:01,2024-02-24 09:50:00
10126551,4995947,16777473,2026-07-30 14:47:22,2026-07-30 04:05:01,2024-11-22 10:05:01
369429,5792807,1,2026-07-30 01:05:01,2026-07-30 16:05:01,2024-02-24 09:50:00
10126551,5792807,16777473,2026-07-30 14:47:22,2026-07-30 04:05:01,2024-11-25 15:05:01
10126551,6757707,16777473,2026-07-30 14:47:22,2026-07-30 05:05:01,2025-11-03 10:05:01
1140687,6264283,1,2026-07-30 00:05:01,2026-07-30 10:05:01,2024-07-29 01:00:49
10126551,6264283,16777473,2026-07-30 14:47:22,2026-07-30 16:05:01,2024-11-22 10:05:01
369429,5437124,1,2026-07-30 01:05:01,2026-07-30 08:05:01,2024-02-24 09:50:00
10126551,5437124,16777473,2026-07-30 14:47:22,2026-07-10 10:05:01,2024-11-22 10:05:01
10126551,5621271,16777473,2026-07-30 14:47:22,2026-07-11 06:05:02,2024-11-26 13:05:01
17190520,5621271,65537,2024-06-04 21:00:00,2026-07-30 16:05:01,2024-02-01 15:12:00
369429,5216015,1,2026-07-30 01:05:01,2026-07-30 16:05:01,2024-02-24 09:50:00
10126551,5216015,16777473,2026-07-30 14:47:22,2026-07-30 16:05:01,2024-11-22 10:05:01
1140687,6576566,1,2026-07-30 00:05:01,2026-07-30 10:05:01,2024-10-05 01:02:45
10126551,6576566,16777473,2026-07-30 14:47:22,2026-07-29 05:05:02,2024-11-22 10:05:01
369429,5501936,1,2026-07-30 01:05:01,2026-07-30 16:05:01,2024-02-24 09:50:00
10126551,5501936,16777473,2026-07-30 14:47:22,2026-07-26 02:05:01,2024-11-22 10:05:01
369429,5698018,1,2026-07-30 01:05:01,2026-07-30 16:05:01,2024-02-24 09:50:00
10126551,5698018,16777473,2026-07-30 14:47:22,2026-07-30 04:05:01,2024-11-22 10:05:01
369429,5769383,1,2026-07-30 01:05:01,2026-07-30 16:05:01,2024-02-24 09:50:00
670524,5769383,0,,2026-07-30 16:05:01,
10126551,5769383,16777473,2026-07-30 14:47:22,2026-07-12 10:05:01,2024-11-25 15:05:01
12240987,5769383,1,2026-06-01 22:05:01,2026-07-30 16:05:01,2024-02-24 23:55:00
369429,5814439,1,2026-07-30 01:05:01,2026-07-30 16:05:01,2024-02-24 09:50:00
10126551,5814439,16777473,2026-07-30 14:47:22,2026-07-30 03:05:02,2024-11-25 15:05:01
369429,4487379,1,2026-07-30 01:05:01,2026-07-30 16:05:01,2024-03-08 03:46:00
10126551,4487379,16777473,2026-07-30 14:47:22,2026-07-28 02:05:01,2024-11-22 10:05:01
17190520,4487379,65537,2024-06-04 21:00:00,2026-07-30 16:05:01,2024-02-01 15:12:00
369429,5019886,1,2026-07-30 01:05:01,2026-07-30 16:05:01,2024-03-08 03:46:00
6480545,5019886,1,2026-07-26 00:05:02,2026-07-30 16:05:01,2024-02-18 01:20:00
10126551,5019886,16777473,2026-07-30 14:47:22,2026-07-30 05:05:01,2024-11-22 10:05:01
369429,5817601,1,2026-07-30 01:05:01,2026-07-30 16:05:01,2024-02-24 09:50:00
10126551,5817601,16777473,2026-07-30 14:47:22,2026-07-27 02:05:01,2024-11-22 10:05:01
369429,6224726,1,2026-07-30 01:05:01,2026-07-30 16:05:01,2024-02-24 09:50:00
10126551,6224726,16777473,2026-07-30 14:47:22,2026-07-30 04:05:01,2024-11-22 10:05:01
369429,5366340,1,2026-07-30 01:05:01,2026-07-30 16:05:01,2024-02-24 09:50:00
670524,5366340,0,,2026-07-30 16:05:01,
10126551,5366340,16777473,2026-07-30 14:47:22,2026-07-30 04:05:01,2024-11-22 10:05:01
369429,6370118,1,2026-07-30 01:05:01,2026-07-30 16:05:01,2024-02-24 09:50:00
10126551,6370118,16777473,2026-07-30 14:47:22,2026-07-30 08:05:01,2024-11-22 10:05:01
369429,5632422,1,2026-07-30 01:05:01,2026-07-30 16:05:01,2024-02-24 09:50:00
10126551,5632422,16777473,2026-07-30 14:47:22,2026-07-10 10:05:01,2024-11-22 10:05:01
1140687,6450802,1,2026-07-30 00:05:01,2026-07-30 10:05:01,2024-05-26 02:00:00
10126551,6450802,16777473,2026-07-30 14:47:22,2026-07-29 08:05:01,2024-11-22 10:05:01
369429,5653037,1,2026-07-30 01:05:01,2026-07-30 16:05:01,2024-02-24 09:50:00
10126551,5653037,16777473,2026-07-30 14:47:22,2026-07-30 09:05:01,2024-11-22 10:05:01
1140687,5687386,1,2026-07-30 00:05:01,2026-07-30 10:05:01,2024-07-06 02:00:32
10126551,5687386,16777473,2026-07-30 14:47:22,2026-07-29 14:05:01,2024-11-22 10:05:01
369429,5623177,1,2026-07-30 01:05:01,2026-07-30 16:05:01,2024-02-24 09:50:00
10126551,5623177,16777473,2026-07-30 14:47:22,2026-07-30 16:05:01,2024-11-22 10:05:01
369429,6264949,1,2026-07-30 01:05:01,2026-07-30 16:05:01,2024-02-24 09:50:00
10126551,6264949,16777473,2026-07-30 14:47:22,2026-07-30 14:05:02,2024-11-26 13:05:01
369429,5827900,1,2026-07-30 01:05:01,2026-07-30 16:05:01,2024-02-24 09:50:00
10126551,5827900,16777473,2026-07-30 14:47:22,2026-07-30 04:05:01,2024-11-22 10:05:01
369429,5731744,1,2026-07-30 01:05:01,2026-07-30 16:05:01,2024-02-24 09:50:00
10126551,5731744,16777473,2026-07-30 14:47:22,2026-07-30 04:05:01,2024-11-22 10:05:01
369429,4280333,1,2026-07-30 01:05:01,2026-07-30 16:05:01,2024-02-24 09:50:00
670524,4280333,0,,2026-07-30 16:05:01,
10126551,4280333,16777473,2026-07-30 14:47:22,2026-07-29 04:05:01,2024-11-22 10:05:01
369429,5601038,1,2026-07-30 01:05:01,2026-07-30 16:05:01,2024-02-24 09:50:00
10126551,5601038,16777473,2026-07-30 14:47:22,2026-07-27 21:05:01,2024-11-22 10:05:01
10126551,6559451,16777473,2026-07-30 14:47:22,2026-07-30 11:05:01,2024-11-22 10:05:01
369429,5811031,1,2026-07-30 01:05:01,2026-07-30 16:05:01,2024-02-24 09:50:00
9423019,5811031,1,2026-04-08 02:05:02,2026-07-30 16:05:01,2024-02-05 04:04:00
10126551,5811031,16777473,2026-07-30 14:47:22,2026-07-30 04:05:01,2024-11-25 15:05:01
369429,5971708,1,2026-07-30 01:05:01,2026-07-29 18:05:01,2024-02-24 09:50:00
10126551,5971708,16777473,2026-07-30 14:47:22,2026-07-10 11:05:01,2024-11-22 10:05:01
369429,5449163,1,2026-07-30 01:05:01,2026-07-29 13:05:01,2024-02-24 09:50:00
10126551,5449163,16777473,2026-07-30 14:47:22,2026-07-10 10:05:01,2024-11-22 10:05:01
369429,5983412,1,2026-07-30 01:05:01,2026-07-30 16:05:01,2024-02-24 09:50:00
10126551,5983412,16777473,2026-07-30 14:47:22,2026-07-28 05:05:01,2024-11-22 10:05:01
1140687,6625385,1,2026-07-30 00:05:01,2026-07-30 10:05:01,2025-04-11 01:05:01
10126551,6625385,16777473,2026-07-30 14:47:22,2026-07-30 16:05:01,2025-01-12 22:05:01
369429,5191531,1,2026-07-30 01:05:01,2026-07-30 16:05:01,2024-02-24 09:50:00
10126551,5191531,16777473,2026-07-30 14:47:22,2026-07-30 16:05:01,2024-11-22 10:05:01
369429,3370433,1,2026-07-30 01:05:01,2026-07-30 16:05:01,2024-02-24 09:50:00
670524,3370433,0,,2026-07-30 16:05:01,
10126551,3370433,16777473,2026-07-30 14:47:22,2026-07-28 02:05:01,2024-11-22 10:05:01
7778569,3092975,65537,2024-02-15 23:55:00,2026-07-29 04:05:01,2024-02-15 23:55:00
9423019,3092975,1,2026-04-08 02:05:02,2026-07-30 16:05:01,2024-02-05 04:04:00
10126551,3092975,16777473,2026-07-30 14:47:22,2026-07-30 16:05:01,2024-11-26 13:05:01
670524,6338223,0,,2026-07-30 16:05:01,
10126551,6338223,16777473,2026-07-30 14:47:22,2026-07-19 12:05:01,2024-11-22 10:05:01
369429,5914236,1,2026-07-30 01:05:01,2026-07-30 16:05:01,2024-02-24 09:50:00
10126551,5914236,16777473,2026-07-30 14:47:22,2026-07-30 05:05:01,2024-11-26 13:05:01
369429,4940198,1,2026-07-30 01:05:01,2026-07-30 16:05:01,2024-02-24 09:50:00
6480545,4940198,1,2026-07-26 00:05:02,2026-07-30 16:05:01,2024-02-18 01:20:00
10126551,4940198,16777473,2026-07-30 14:47:22,2026-07-30 04:05:01,2024-11-25 15:05:01
369429,6021706,1,2026-07-30 01:05:01,2026-07-30 16:05:01,2024-02-24 09:50:00
10126551,6021706,16777473,2026-07-30 14:47:22,2026-07-10 11:05:01,2024-11-22 10:05:01
369429,5127023,1,2026-07-30 01:05:01,2026-07-30 16:05:01,2024-02-24 09:50:00
10126551,5127023,16777473,2026-07-30 14:47:22,2026-07-30 04:05:01,2024-11-22 10:05:01
670524,6604792,1,2026-03-11 10:26:57,2026-07-30 16:05:01,2025-04-09 03:05:02
10126551,6604792,16777473,2026-07-30 14:47:22,2026-07-29 21:05:01,2024-12-07 15:05:01
10126551,5844174,16777473,2026-07-30 14:47:22,2026-07-27 02:05:01,2024-11-22 10:05:01
369429,5128580,1,2026-07-30 01:05:01,2026-07-30 16:05:01,2024-02-24 09:50:00
10126551,5128580,16777473,2026-07-30 14:47:22,2026-07-30 04:05:01,2024-11-22 10:05:01
17190520,5128580,65537,2024-06-04 21:00:00,2026-07-30 16:05:01,2024-02-01 15:12:00
670524,6582852,0,,2026-07-30 09:05:01,
10126551,6582852,16777473,2026-07-30 14:47:22,2026-07-10 11:05:01,2025-02-28 10:05:01
369429,5893663,1,2026-07-30 01:05:01,2026-07-30 16:05:01,2024-02-24 09:50:00
10126551,5893663,16777473,2026-07-30 14:47:22,2026-07-30 01:05:01,2024-11-22 10:05:01
9423019,6357868,1,2026-04-08 02:05:02,2026-07-30 16:05:01,2024-02-05 04:04:00
10126551,6357868,16777473,2026-07-30 14:47:22,2026-07-10 10:05:01,2024-11-25 15:05:01
369429,4808159,1,2026-07-30 01:05:01,2026-07-30 16:05:01,2024-02-24 09:50:00
9423019,4808159,1,2026-04-08 02:05:02,2026-07-30 16:05:01,2024-02-05 04:04:00
10126551,4808159,16777473,2026-07-30 14:47:22,2026-07-10 10:05:01,2024-11-26 13:05:01
9423019,3355277,1,2026-04-08 02:05:02,2026-07-30 16:05:01,2024-02-05 04:04:00
10126551,3355277,16777473,2026-07-30 14:47:22,2026-07-29 04:05:01,2024-11-22 10:05:01
369429,6438868,1,2026-07-30 01:05:01,2026-07-30 16:05:01,2024-02-24 09:50:00
10126551,6438868,16777473,2026-07-30 14:47:22,2026-07-30 12:05:01,2024-11-22 10:05:01
670524,6662988,1,2026-03-11 10:26:57,2026-07-30 16:05:01,2025-05-09 06:05:01
10126551,6662988,16777473,2026-07-30 14:47:22,2026-07-30 16:05:01,2025-03-22 09:05:01
10126551,6495187,16777473,2026-07-30 14:47:22,2026-07-10 10:05:01,2024-11-22 10:05:01
369429,5788509,1,2026-07-30 01:05:01,2026-07-30 16:05:01,2024-02-24 09:50:00
10126551,5788509,16777473,2026-07-30 14:47:22,2026-07-30 16:05:01,2024-11-22 10:05:01
10126551,6514470,16777473,2026-07-30 14:47:22,2026-07-10 10:05:01,2024-11-22 10:05:01
369429,5695384,1,2026-07-30 01:05:01,2026-07-30 16:05:01,2024-02-24 09:50:00
10126551,5695384,16777473,2026-07-30 14:47:22,2026-07-30 01:05:01,2024-11-22 10:05:01
369429,3035664,1,2026-07-30 01:05:01,2026-07-30 16:05:01,2024-02-24 09:50:00
10126551,3035664,16777473,2026-07-30 14:47:22,2026-07-30 16:05:01,2024-11-22 10:05:01
670524,6716152,0,,2026-07-30 16:05:01,
10126551,6716152,16777473,2026-07-30 14:47:22,2026-07-29 23:05:01,2025-07-08 19:05:01
369429,5901054,1,2026-07-30 01:05:01,2026-07-30 16:05:01,2024-02-24 09:50:00
10126551,5901054,16777473,2026-07-30 14:47:22,2026-07-16 08:05:01,2024-11-25 15:05:01
369429,5825950,1,2026-07-30 01:05:01,2026-07-30 10:05:01,2024-02-24 09:50:00
10126551,5825950,16777473,2026-07-30 14:47:22,2026-07-17 04:05:01,2024-11-22 10:05:01
369429,3923037,1,2026-07-30 01:05:01,2026-07-30 16:05:01,2024-02-24 09:50:00
10126551,3923037,16777473,2026-07-30 14:47:22,2026-07-28 02:05:01,2024-11-22 10:05:01
369429,5581562,1,2026-07-30 01:05:01,2026-07-30 09:05:01,2024-02-24 09:50:00
10126551,5581562,16777473,2026-07-30 14:47:22,2026-07-21 23:05:02,2024-11-22 10:05:01
670524,6380538,0,,2026-07-30 16:05:01,
10126551,6380538,16777473,2026-07-30 14:47:22,2026-07-10 10:05:01,2024-11-22 10:05:01
9423019,3980368,1,2026-04-08 02:05:02,2026-07-30 16:05:01,2024-02-05 04:04:00
10126551,3980368,16777473,2026-07-30 14:47:22,2026-07-28 02:05:01,2024-11-22 10:05:01
23482699,3980368,65537,2024-05-08 19:53:00,2026-07-26 03:05:01,2024-02-08 20:39:00
369429,1873557,1,2026-07-30 01:05:01,2026-07-30 16:05:01,2024-10-26 02:05:01
9423019,1873557,1,2026-04-08 02:05:02,2026-07-30 16:05:01,2024-02-05 04:04:00
10126551,1873557,16777473,2026-07-30 14:47:22,2026-07-29 21:05:01,2024-11-22 10:05:01
670524,5034134,0,,2026-07-30 16:05:01,
10126551,5034134,16777473,2026-07-30 14:47:22,2026-07-10 10:05:01,2024-11-26 13:05:01
2985482,5511149,1,2026-04-21 19:05:01,2026-07-30 16:05:01,2024-07-03 15:04:13
10126551,5511149,16777473,2026-07-30 14:47:22,2026-07-10 10:05:01,2024-11-22 10:05:01
10126551,6577193,16777473,2026-07-30 14:47:22,2026-07-26 04:05:01,2024-12-01 20:05:02
20489462,6577193,0,,2026-07-30 16:05:01,
2172910,5633366,0,,2026-07-30 16:05:01,
5760229,5633366,0,,2026-07-30 16:05:01,
10126551,5633366,16777473,2026-07-30 14:47:22,2026-07-10 10:05:01,2024-11-26 13:05:01
369429,5416353,1,2026-07-30 01:05:01,2026-07-30 16:05:01,2024-02-24 09:50:00
10126551,5416353,16777473,2026-07-30 14:47:22,2026-07-30 16:05:01,2024-11-22 10:05:01
1140687,6401863,1,2026-07-30 00:05:01,2026-07-30 10:05:01,2024-07-06 02:00:32
10126551,6401863,16777473,2026-07-30 14:47:22,2026-07-30 08:05:01,2024-11-22 10:05:01
10126551,6067168,16777473,2026-07-30 14:47:22,2026-07-10 10:05:01,2024-11-22 10:05:01
369429,5644162,1,2026-07-30 01:05:01,2026-07-30 16:05:01,2024-02-24 09:50:00
10126551,5644162,16777473,2026-07-30 14:47:22,2026-07-30 04:05:01,2024-11-22 10:05:01
1140687,6228526,1,2026-07-30 00:05:01,2026-07-30 10:05:01,2024-07-29 01:00:49
10126551,6228526,16777473,2026-07-30 14:47:22,2026-07-29 04:05:01,2024-11-22 10:05:01
10126551,6455415,16777473,2026-07-30 14:47:22,2026-07-10 10:05:01,2025-04-10 23:05:02
11963155,6455415,1,2025-10-21 03:05:01,2026-07-30 16:05:01,2025-09-10 01:05:02
23482699,6455415,0,,2026-07-30 16:05:01,
10126551,6038876,16777473,2026-07-30 14:47:22,2026-07-10 10:05:01,2024-11-22 10:05:01
10126551,2353013,16777473,2026-07-30 14:47:22,2026-07-29 02:05:01,2024-11-22 10:05:01
17190520,2353013,65537,2024-06-04 21:00:00,2026-07-30 16:05:01,2024-02-01 15:12:00
369429,5789404,1,2026-07-30 01:05:01,2026-07-30 15:05:01,2024-02-24 09:50:00
10126551,5789404,16777473,2026-07-30 14:47:22,2026-07-29 22:05:02,2024-11-26 13:05:01
1140687,6525199,1,2026-07-30 00:05:01,2026-07-30 10:05:01,2024-06-23 02:00:26
10126551,6525199,16777473,2026-07-30 14:47:22,2026-07-20 14:05:01,2024-11-22 10:05:01
9423019,5820768,1,2026-04-08 02:05:02,2026-07-30 16:05:01,2024-02-05 04:04:00
10126551,5820768,16777473,2026-07-30 14:47:22,2026-07-27 03:05:01,2024-11-22 10:05:01
1140687,5276695,1,2026-07-30 00:05:01,2026-07-30 10:05:01,2024-05-25 02:00:00
10126551,5276695,16777473,2026-07-30 14:47:22,2026-07-26 03:05:01,2024-11-26 13:05:01
10126551,6839641,16777473,2026-07-30 14:47:22,2026-07-30 04:05:01,2026-04-06 23:05:02
369429,4028067,1,2026-07-30 01:05:01,2026-07-30 16:05:01,2024-02-24 09:50:00
670524,4028067,0,,2026-07-30 16:05:01,
10126551,4028067,16777473,2026-07-30 14:47:22,2026-07-30 04:05:01,2024-11-22 10:05:01
369429,5513838,1,2026-07-30 01:05:01,2026-07-30 16:05:01,2024-02-24 09:50:00
10126551,5513838,16777473,2026-07-30 14:47:22,2026-07-30 04:05:01,2024-11-22 10:05:01
10126551,6211506,16777473,2026-07-30 14:47:22,2026-07-10 10:05:01,2024-11-25 15:05:01
1140687,6332031,1,2026-07-30 00:05:01,2026-07-30 10:05:01,2024-07-06 02:00:32
10126551,6332031,16777473,2026-07-30 14:47:22,2026-07-30 08:05:01,2024-11-22 10:05:01
670524,4658726,0,,2026-07-30 16:05:01,
10126551,4658726,16777473,2026-07-30 14:47:22,2026-07-10 11:05:01,2024-11-22 10:05:01
10126551,5587297,16777473,2026-07-30 14:47:22,2026-07-10 11:05:01,2024-11-22 10:05:01
369429,4114730,1,2026-07-30 01:05:01,2026-07-30 16:05:01,2024-02-24 09:50:00
10126551,4114730,16777473,2026-07-30 14:47:22,2026-07-10 11:05:01,2024-11-22 10:05:01
12240987,4114730,1,2026-06-01 22:05:01,2026-07-30 16:05:01,2024-02-24 23:55:00
369429,5914337,1,2026-07-30 01:05:01,2026-07-30 16:05:01,2024-05-06 19:21:00
6480545,5914337,1,2026-07-26 00:05:02,2026-07-30 16:05:01,2024-02-18 01:20:00
10126551,5914337,16777473,2026-07-30 14:47:22,2026-07-27 02:05:01,2024-11-26 13:05:01
369429,3751306,1,2026-07-30 01:05:01,2026-07-30 16:05:01,2024-02-24 09:50:00
10126551,3751306,16777473,2026-07-30 14:47:22,2026-07-30 16:05:01,2024-11-22 10:05:01
9423019,6497765,1,2026-04-08 02:05:02,2026-07-30 16:05:01,2026-04-08 02:05:02
10126551,6497765,16777473,2026-07-30 14:47:22,2026-07-10 10:05:01,2024-11-22 10:05:01
9423019,4479666,1,2026-04-08 02:05:02,2026-07-30 16:05:01,2024-02-05 04:04:00
10126551,4479666,16777473,2026-07-30 14:47:22,2026-07-30 04:05:01,2024-11-26 13:05:01
10126551,5638326,16777473,2026-07-30 14:47:22,2026-07-30 14:05:02,2024-11-22 10:05:01
369429,5576549,1,2026-07-30 01:05:01,2026-07-30 16:05:01,2024-05-06 19:21:00
6480545,5576549,1,2026-07-26 00:05:02,2026-07-30 16:05:01,2024-02-18 01:20:00
10126551,5576549,16777473,2026-07-30 14:47:22,2026-07-29 22:05:02,2024-11-22 10:05:01
1140687,6071671,1,2026-07-30 00:05:01,2026-07-30 10:05:01,2024-06-07 02:00:28
10126551,6071671,16777473,2026-07-30 14:47:22,2026-07-30 08:05:01,2024-11-22 10:05:01
10126551,3823062,16777473,2026-07-30 14:47:22,2026-07-10 10:05:01,2024-11-26 13:05:01
23482699,3823062,65537,2024-05-08 19:53:00,2026-07-30 16:05:01,2024-02-08 20:39:00
369429,6107784,1,2026-07-30 01:05:01,2026-07-30 10:05:01,2024-02-24 09:50:00
10126551,6107784,16777473,2026-07-30 14:47:22,2026-07-17 04:05:01,2024-11-22 10:05:01
369429,4446513,1,2026-07-30 01:05:01,2026-07-30 16:05:01,2024-02-24 09:50:00
10126551,4446513,16777473,2026-07-30 14:47:22,2026-07-30 04:05:01,2024-11-22 10:05:01
17190520,4446513,65537,2024-06-04 21:00:00,2026-07-30 16:05:01,2024-02-01 15:12:00
10126551,6761301,16777473,2026-07-30 14:47:22,2026-07-29 05:05:02,2025-10-24 20:05:01
369429,5611206,1,2026-07-30 01:05:01,2026-07-28 16:05:01,2024-02-24 09:50:00
10126551,5611206,16777473,2026-07-30 14:47:22,2026-07-10 10:05:01,2024-11-26 13:05:01
369429,5385887,1,2026-07-30 01:05:01,2026-07-30 16:05:01,2024-05-06 19:21:00
769018,5385887,0,,2026-07-30 16:05:01,
10126551,5385887,16777473,2026-07-30 14:47:22,2026-07-30 04:05:01,2024-11-22 10:05:01
369429,5791290,1,2026-07-30 01:05:01,2026-07-30 16:05:01,2024-02-24 09:50:00
10126551,5791290,16777473,2026-07-30 14:47:22,2026-07-30 03:05:02,2024-11-22 10:05:01
1140687,6002300,1,2026-07-30 00:05:01,2026-07-30 10:05:01,2024-05-26 02:00:00
10126551,6002300,16777473,2026-07-30 14:47:22,2026-07-30 16:05:01,2024-11-22 10:05:01
369429,5741143,1,2026-07-30 01:05:01,2026-07-30 16:05:01,2024-02-24 09:50:00
10126551,5741143,16777473,2026-07-30 14:47:22,2026-07-30 11:05:01,2024-11-25 15:05:01
1140687,5784686,1,2026-07-30 00:05:01,2026-07-30 10:05:01,2024-07-06 02:00:32
10126551,5784686,16777473,2026-07-30 14:47:22,2026-07-10 11:05:01,2024-11-22 10:05:01
10126551,6849840,16777473,2026-07-30 14:47:22,2026-07-30 16:05:01,2026-05-08 20:05:01
369429,6024401,1,2026-07-30 01:05:01,2026-07-30 16:05:01,2024-02-24 09:50:00
10126551,6024401,16777473,2026-07-30 14:47:22,2026-07-26 02:05:01,2024-11-22 10:05:01
369429,4972154,1,2026-07-30 01:05:01,2026-07-30 16:05:01,2024-02-24 09:50:00
10126551,4972154,16777473,2026-07-30 14:47:22,2026-07-27 03:05:01,2024-11-22 10:05:01
10126551,6155024,16777473,2026-07-30 14:47:22,2026-07-28 23:05:01,2024-11-22 10:05:01
10126551,6264135,16777473,2026-07-30 14:47:22,2026-07-10 10:05:01,2024-11-26 13:05:01
9423019,5127192,1,2026-04-08 02:05:02,2026-07-30 16:05:01,2024-02-05 04:04:00
10126551,5127192,16777473,2026-07-30 14:47:22,2026-07-24 04:05:01,2024-11-22 10:05:01
369429,5624708,1,2026-07-30 01:05:01,2026-07-27 19:05:01,2024-02-24 09:50:00
10126551,5624708,16777473,2026-07-30 14:47:22,2026-07-10 10:05:01,2024-11-22 10:05:01
10126551,6273385,16777473,2026-07-30 14:47:22,2026-07-10 10:05:01,2024-11-22 10:05:01
670524,6321161,0,,2026-07-30 16:05:01,
10126551,6321161,16777473,2026-07-30 14:47:22,2026-07-10 10:05:01,2024-11-22 10:05:01
670524,6729890,0,,2026-07-30 16:05:01,
10126551,6729890,16777473,2026-07-30 14:47:22,2026-07-10 10:05:01,2025-08-12 22:05:01
10126551,6468659,16777473,2026-07-30 14:47:22,2026-07-10 10:05:01,2024-11-22 10:05:01
369429,4315880,1,2026-07-30 01:05:01,2026-07-30 16:05:01,2024-02-24 09:50:00
9423019,4315880,1,2026-04-08 02:05:02,2026-07-30 16:05:01,2024-02-05 04:04:00
10126551,4315880,16777473,2026-07-30 14:47:22,2026-07-26 02:05:01,2024-11-22 10:05:01
10126551,5801190,16777473,2026-07-30 14:47:22,2026-07-10 10:05:01,2024-11-25 15:05:01
12240987,5801190,1,2026-06-01 22:05:01,2026-07-30 16:05:01,2024-02-24 23:55:00
670524,6273754,0,,2026-07-30 16:05:01,
10126551,6273754,16777473,2026-07-30 14:47:22,2026-07-10 10:05:01,2024-11-22 10:05:01
1140687,6537049,1,2026-07-30 00:05:01,2026-07-30 10:05:01,2024-09-16 01:04:16
10126551,6537049,16777473,2026-07-30 14:47:22,2026-07-30 16:05:01,2024-11-22 10:05:01
369429,5145005,1,2026-07-30 01:05:01,2026-07-30 16:05:01,2024-03-08 03:46:00
6480545,5145005,1,2026-07-26 00:05:02,2026-07-30 16:05:01,2024-02-18 01:20:00
10126551,5145005,16777473,2026-07-30 14:47:22,2026-07-28 02:05:01,2024-11-22 10:05:01
1140687,6008582,1,2026-07-30 00:05:01,2026-07-30 10:05:01,2024-08-07 01:00:56
10126551,6008582,16777473,2026-07-30 14:47:22,2026-07-29 04:05:01,2024-11-22 10:05:01
10126551,6420817,16777473,2026-07-30 14:47:22,2026-07-10 10:05:01,2024-11-22 10:05:01
369429,5509422,1,2026-07-30 01:05:01,2026-07-30 15:05:01,2024-02-24 09:50:00
10126551,5509422,16777473,2026-07-30 14:47:22,2026-07-28 02:05:01,2024-11-22 10:05:01
369429,5371821,1,2026-07-30 01:05:01,2026-07-30 16:05:01,2024-05-06 19:21:00
6480545,5371821,1,2026-07-26 00:05:02,2026-07-30 16:05:01,2024-02-18 01:20:00
10126551,5371821,16777473,2026-07-30 14:47:22,2026-07-27 02:05:01,2024-11-25 15:05:01
2172910,5344945,0,,2026-07-30 16:05:01,
10126551,5344945,16777473,2026-07-30 14:47:22,2026-07-10 10:05:01,2024-11-26 13:05:01
19499816,5344945,1,2026-07-30 00:05:01,2026-07-29 07:05:01,2024-01-30 02:02:00
670524,6539643,0,,2026-07-30 08:05:01,
10126551,6539643,16777473,2026-07-30 14:47:22,2026-07-10 10:05:01,2024-11-22 10:05:01
10126551,6588802,16777473,2026-07-30 14:47:22,2026-07-10 10:05:01,2025-05-17 02:05:01
369429,5493535,1,2026-07-30 01:05:01,2026-07-30 16:05:01,2024-02-24 09:50:00
10126551,5493535,16777473,2026-07-30 14:47:22,2026-07-22 02:05:01,2024-11-26 13:05:01
20489462,5493535,0,,2026-07-30 16:05:01,
10126551,6763321,16777473,2026-07-30 14:47:22,2026-07-10 10:05:01,2025-11-03 09:05:01
369429,5614854,1,2026-07-30 01:05:01,2026-07-30 16:05:01,2024-03-08 03:46:00
6480545,5614854,1,2026-07-26 00:05:02,2026-07-30 16:05:01,2024-02-18 01:20:00
10126551,5614854,16777473,2026-07-30 14:47:22,2026-07-30 04:05:01,2024-11-22 10:05:01
10126551,5285116,16777473,2026-07-30 14:47:22,2026-07-27 02:05:01,2024-11-22 10:05:01
10126551,6510480,16777473,2026-07-30 14:47:22,2026-07-29 03:05:01,2024-11-22 10:05:01
10126551,5645909,16777473,2026-07-30 14:47:22,2026-07-10 10:05:01,2024-11-26 13:05:01
369429,4359243,1,2026-07-30 01:05:01,2026-07-30 16:05:01,2024-05-06 19:21:00
10126551,4359243,16777473,2026-07-30 14:47:22,2026-07-28 02:05:01,2024-11-22 10:05:01
17190520,4359243,65537,2024-06-04 21:00:00,2026-07-30 16:05:01,2024-02-01 15:12:00
10126551,6490875,16777473,2026-07-30 14:47:22,2026-07-10 10:05:01,2024-11-22 10:05:01
369429,2593983,1,2026-07-30 01:05:01,2026-07-30 16:05:01,2024-03-08 03:46:00
9423019,2593983,1,2026-04-08 02:05:02,2026-07-30 16:05:01,2024-02-05 04:04:00
10126551,2593983,16777473,2026-07-30 14:47:22,2026-07-10 10:05:01,2024-11-26 13:05:01
670524,5314948,0,,2026-07-30 14:05:02,
10126551,5314948,16777473,2026-07-30 14:47:22,2026-07-10 10:05:01,2024-11-22 10:05:01
10126551,4633604,16777473,2026-07-30 14:47:22,2026-07-10 10:05:01,2024-11-22 10:05:01
369429,5509565,1,2026-07-30 01:05:01,2026-07-30 16:05:01,2024-02-24 09:50:00
769018,5509565,0,,2026-07-30 16:05:01,
10126551,5509565,16777473,2026-07-30 14:47:22,2026-07-10 10:05:01,2024-11-22 10:05:01
10126551,4959745,16777473,2026-07-30 14:47:22,2026-07-10 10:05:01,2024-11-22 10:05:01
369429,5163396,1,2026-07-30 01:05:01,2026-07-30 16:05:01,2024-02-24 09:50:00
10126551,5163396,16777473,2026-07-30 14:47:22,2026-07-30 16:05:01,2024-11-22 10:05:01
10126551,6135003,16777473,2026-07-30 14:47:22,2026-07-10 10:05:01,2024-11-25 15:05:01
9423019,3360727,1,2026-04-08 02:05:02,2026-07-30 16:05:01,2024-02-05 04:04:00
10126551,3360727,16777473,2026-07-30 14:47:22,2026-07-30 08:05:01,2024-11-26 13:05:01
10126551,5800363,16777473,2026-07-30 14:47:22,2026-07-10 10:05:01,2024-11-26 13:05:01
670524,6290342,0,,2026-07-30 16:05:01,
10126551,6290342,16777473,2026-07-30 14:47:22,2026-07-10 10:05:01,2024-11-22 10:05:01
10126551,6051161,16777473,2026-07-30 14:47:22,2026-07-10 10:05:01,2024-11-22 10:05:01
369429,5593003,1,2026-07-30 01:05:01,2026-07-30 16:05:01,2024-02-24 09:50:00
10126551,5593003,16777473,2026-07-30 14:47:22,2026-07-10 11:05:01,2024-11-22 10:05:01
10126551,6309658,16777473,2026-07-30 14:47:22,2026-07-10 10:05:01,2024-11-22 10:05:01
369429,5760899,1,2026-07-30 01:05:01,2026-07-30 16:05:01,2024-02-24 09:50:00
670524,5760899,0,,2026-07-30 16:05:01,
10126551,5760899,16777473,2026-07-30 14:47:22,2026-07-27 02:05:01,2024-11-25 15:05:01
10126551,6793543,16777473,2026-07-30 14:47:22,2026-07-10 10:05:01,2026-01-31 08:05:01
369429,5618544,1,2026-07-30 01:05:01,2026-07-30 16:05:01,2024-02-24 09:50:00
10126551,5618544,16777473,2026-07-30 14:47:22,2026-07-30 04:05:01,2024-11-22 10:05:01
12240987,5618544,1,2026-06-01 22:05:01,2026-07-30 16:05:01,2024-02-24 23:55:00
1140687,5497737,1,2026-07-30 00:05:01,2026-07-30 10:05:01,2024-08-03 01:00:54
10126551,5497737,16777473,2026-07-30 14:47:22,2026-07-10 10:05:01,2024-11-22 10:05:01
369429,5649438,1,2026-07-30 01:05:01,2026-07-30 16:05:01,2024-02-24 09:50:00
10126551,5649438,16777473,2026-07-30 14:47:22,2026-07-19 14:05:01,2024-11-22 10:05:01
10126551,5349438,16777473,2026-07-30 14:47:22,2026-07-10 10:05:01,2024-11-25 15:05:01
12240987,5349438,1,2026-06-01 22:05:01,2026-07-30 16:05:01,2024-02-24 23:55:00
369429,4850217,1,2026-07-30 01:05:01,2026-07-30 16:05:01,2024-02-24 09:50:00
670524,4850217,0,,2026-07-30 16:05:01,
10126551,4850217,16777473,2026-07-30 14:47:22,2026-07-30 04:05:01,2024-11-22 10:05:01
369429,4936584,1,2026-07-30 01:05:01,2026-07-30 16:05:01,2024-02-24 09:50:00
10126551,4936584,16777473,2026-07-30 14:47:22,2026-07-30 16:05:01,2024-11-25 15:05:01
9423019,3091268,1,2026-04-08 02:05:02,2026-07-30 16:05:01,2024-02-05 04:04:00
10126551,3091268,16777473,2026-07-30 14:47:22,2026-07-10 10:05:01,2024-11-22 10:05:01
10126551,5806832,16777473,2026-07-30 14:47:22,2026-07-10 10:05:01,2024-11-22 10:05:01
10126551,6718893,16777473,2026-07-30 14:47:22,2026-07-10 10:05:01,2025-08-08 14:05:02
670524,6575137,1,2026-03-11 10:26:57,2026-07-30 16:05:01,2025-07-26 20:05:01
10126551,6575137,16777473,2026-07-30 14:47:22,2026-07-30 06:05:01,2024-11-22 10:05:01
10126551,6302064,16777473,2026-07-30 14:47:22,2026-07-10 10:05:01,2024-11-26 13:05:01
10126551,377470,16777473,2026-07-30 14:47:22,2026-07-27 02:05:01,2024-11-22 10:05:01
17190520,377470,65537,2024-06-04 21:00:00,2026-07-30 16:05:01,2024-02-01 15:12:00
10126551,6775757,16777473,2026-07-30 14:47:22,2026-07-10 10:05:01,2026-02-03 21:05:01
369429,5564212,1,2026-07-30 01:05:01,2026-07-30 16:05:01,2024-02-24 09:50:00
670524,5564212,0,,2026-07-30 16:05:01,
10126551,5564212,16777473,2026-07-30 14:47:22,2026-07-30 04:05:01,2024-11-22 10:05:01
369429,5777779,1,2026-07-30 01:05:01,2026-07-30 16:05:01,2024-02-24 09:50:00
10126551,5777779,16777473,2026-07-30 14:47:22,2026-07-30 04:05:01,2024-11-22 10:05:01
17190520,5777779,65537,2024-06-04 21:00:00,2026-07-30 16:05:01,2024-02-01 15:12:00
10126551,5035870,16777473,2026-07-30 14:47:22,2026-07-10 10:05:01,2024-11-25 15:05:01
369429,6218100,1,2026-07-30 01:05:01,2026-07-30 13:05:01,2024-02-24 09:50:00
769018,6218100,0,,2026-07-30 16:05:01,
10126551,6218100,16777473,2026-07-30 14:47:22,2026-07-10 10:05:01,2024-11-26 13:05:01
10126551,5729930,16777473,2026-07-30 14:47:22,2026-07-10 10:05:01,2024-11-25 15:05:01
369429,5749482,1,2026-07-30 01:05:01,2026-07-30 16:05:01,2024-02-24 09:50:00
10126551,5749482,16777473,2026-07-30 14:47:22,2026-07-27 03:05:01,2024-11-22 10:05:01
369429,5623711,1,2026-07-30 01:05:01,2026-07-30 02:05:01,2024-02-24 09:50:00
10126551,5623711,16777473,2026-07-30 14:47:22,2026-07-26 01:05:02,2024-11-26 13:05:01
1140687,6092343,1,2026-07-30 00:05:01,2026-07-30 10:05:01,2024-07-06 02:00:32
10126551,6092343,16777473,2026-07-30 14:47:22,2026-07-10 10:05:01,2024-11-22 10:05:01
670524,6738798,0,,2026-07-30 16:05:01,
10126551,6738798,16777473,2026-07-30 14:47:22,2026-07-30 16:05:01,2025-10-09 09:05:01
1140687,6793920,1,2026-07-30 00:05:01,2026-07-30 10:05:01,2026-07-24 00:05:02
10126551,6793920,16777473,2026-07-30 14:47:22,2026-07-30 16:05:01,2026-03-07 20:05:02
10126551,6383130,16777473,2026-07-30 14:47:22,2026-07-10 10:05:01,2024-11-22 10:05:01
369429,5145340,1,2026-07-30 01:05:01,2026-07-30 10:05:01,2024-02-24 09:50:00
10126551,5145340,16777473,2026-07-30 14:47:22,2026-07-10 10:05:01,2024-11-22 10:05:01
10126551,5221680,16777473,2026-07-30 14:47:22,2026-07-10 10:05:01,2024-11-25 15:05:01
369429,2917666,1,2026-07-30 01:05:01,2026-07-30 16:05:01,2024-05-06 19:21:00
10126551,2917666,16777473,2026-07-30 14:47:22,2026-07-10 10:05:01,2024-11-22 10:05:01
17190520,2917666,65537,2024-06-04 21:00:00,2026-07-30 16:05:01,2024-02-01 15:12:00
369429,2518646,1,2026-07-30 01:05:01,2026-07-30 16:05:01,2024-02-24 09:50:00
10126551,2518646,16777473,2026-07-30 14:47:22,2026-07-27 02:05:01,2024-11-25 15:05:01
10126551,6443804,16777473,2026-07-30 14:47:22,2026-07-10 10:05:01,2024-11-22 10:05:01
670524,6754699,0,,2026-07-30 16:05:01,
10126551,6754699,16777473,2026-07-30 14:47:22,2026-07-10 10:05:01,2025-10-12 21:05:01
670524,6753836,0,,2026-07-30 16:05:01,
10126551,6753836,16777473,2026-07-30 14:47:22,2026-07-30 04:05:01,2025-10-07 19:05:01
369429,5436072,1,2026-07-30 01:05:01,2026-07-30 10:05:01,2024-02-24 09:50:00
10126551,5436072,16777473,2026-07-30 14:47:22,2026-07-10 10:05:01,2024-11-22 10:05:01
10126551,6443815,16777473,2026-07-30 14:47:22,2026-07-10 10:05:01,2024-11-22 10:05:01
9423019,6086968,1,2026-04-08 02:05:02,2026-07-30 16:05:01,2026-04-08 02:05:02
10126551,6086968,16777473,2026-07-30 14:47:22,2026-07-10 10:05:01,2024-12-01 20:05:02
46658122,6086968,0,,2026-07-30 16:05:01,
670524,5709019,0,,2026-07-30 16:05:01,
369429,5454319,1,2026-07-30 01:05:01,2026-07-30 16:05:01,2024-02-24 09:50:00
10126551,5454319,16777473,2026-07-30 14:47:22,2026-07-30 16:05:01,2024-11-22 10:05:01
9423019,6358004,1,2026-04-08 02:05:02,2026-07-30 16:05:01,2024-02-05 04:04:00
10126551,6358004,16777473,2026-07-30 14:47:22,2026-07-24 04:05:01,2024-11-22 10:05:01
10126551,6728037,16777473,2026-07-30 14:47:22,2026-07-10 10:05:01,2025-08-05 20:05:01
29292320,6728037,0,,2026-07-30 16:05:01,
9423019,5514405,1,2026-04-08 02:05:02,2026-07-30 16:05:01,2024-02-05 04:04:00
10126551,5514405,16777473,2026-07-30 14:47:22,2026-07-21 00:05:01,2024-11-26 13:05:01
10126551,5824581,16777473,2026-07-30 14:47:22,2026-07-10 10:05:01,2024-11-22 10:05:01
10126551,6380665,16777473,2026-07-30 14:47:22,2026-07-10 10:05:01,2024-11-22 10:05:01
10126551,6185860,16777473,2026-07-30 14:47:22,2026-07-10 10:05:01,2024-11-22 10:05:01
369429,5334901,1,2026-07-30 01:05:01,2026-07-30 16:05:01,2024-02-24 09:50:00
10126551,5334901,16777473,2026-07-30 14:47:22,2026-07-28 02:05:01,2024-11-22 10:05:01
369429,5358375,1,2026-07-30 01:05:01,2026-07-30 15:05:01,2024-02-24 09:50:00
10126551,5358375,16777473,2026-07-30 14:47:22,2026-07-30 01:05:01,2024-11-25 15:05:01
10126551,6378855,16777473,2026-07-30 14:47:22,2026-07-10 10:05:01,2025-01-22 21:05:01
29292320,6378855,0,,2026-07-30 16:05:01,
1140687,6407239,1,2026-07-30 00:05:01,2026-07-30 10:05:01,2024-08-03 01:00:54
10126551,6407239,16777473,2026-07-30 14:47:22,2026-07-10 10:05:01,2024-11-22 10:05:01
670524,5141771,1,2026-03-11 10:26:57,2026-07-30 16:05:01,2025-11-15 06:05:01
10126551,5141771,16777473,2026-07-30 14:47:22,2026-07-10 10:05:01,2024-11-22 10:05:01
670524,6035947,0,,2026-07-30 16:05:01,
10126551,6035947,16777473,2026-07-30 14:47:22,2026-07-27 02:05:01,2024-11-22 10:05:01
1140687,6782739,1,2026-07-30 00:05:01,2026-07-30 10:05:01,2025-12-09 00:05:02
10126551,6782739,16777473,2026-07-30 14:47:22,2026-07-30 16:05:01,2026-03-07 08:05:02
369429,6130309,1,2026-07-30 01:05:01,2026-07-30 16:05:01,2024-02-24 09:50:00
670524,6130309,0,,2026-07-30 16:05:01,
10126551,6130309,16777473,2026-07-30 14:47:22,2026-07-30 05:05:01,2024-11-22 10:05:01
369429,5025065,1,2026-07-30 01:05:01,2026-07-30 16:05:01,2024-05-06 19:21:00
9423019,5025065,1,2026-04-08 02:05:02,2026-07-30 16:05:01,2024-02-05 04:04:00
10126551,5025065,16777473,2026-07-30 14:47:22,2026-07-27 02:05:01,2024-11-22 10:05:01
670524,4966061,0,,2026-07-30 16:05:01,
1140687,4966061,1,2026-07-30 00:05:01,2026-07-30 10:05:01,2024-05-26 02:00:00
10126551,4966061,16777473,2026-07-30 14:47:22,2026-07-29 05:05:02,2024-11-22 10:05:01
369429,6503399,1,2026-07-30 01:05:01,2026-07-30 16:05:01,2024-06-03 20:56:19
10126551,6503399,16777473,2026-07-30 14:47:22,2026-07-28 05:05:01,2024-11-22 10:05:01
10126551,6428555,16777473,2026-07-30 14:47:22,2026-07-10 10:05:01,2024-11-25 15:05:01
670524,5333132,0,,2026-07-30 16:05:01,
10126551,5333132,16777473,2026-07-30 14:47:22,2026-07-10 10:05:01,2024-11-22 10:05:01
670524,5333142,1,2026-03-11 10:26:57,2026-07-30 16:05:01,2025-04-03 02:05:01
10126551,5333142,16777473,2026-07-30 14:47:22,2026-07-18 07:05:01,2024-11-22 10:05:01
670524,5733633,0,,2026-07-30 16:05:01,
10126551,5733633,16777473,2026-07-30 14:47:22,2026-07-10 10:05:01,2024-11-22 10:05:01
10126551,5517257,16777473,2026-07-30 14:47:22,2026-07-10 10:05:01,2024-11-22 10:05:01
19499816,5517257,1,2026-07-30 00:05:01,2026-07-28 02:05:01,2024-01-30 02:02:00
1140687,6511700,1,2026-07-30 00:05:01,2026-07-30 10:05:01,2024-05-26 02:00:00
10126551,6511700,16777473,2026-07-30 14:47:22,2026-07-29 04:05:01,2024-11-22 10:05:01
1140687,6684795,1,2026-07-30 00:05:01,2026-07-30 10:05:01,2025-05-24 01:05:01
10126551,6684795,16777473,2026-07-30 14:47:22,2026-07-29 05:05:02,2025-09-16 19:05:01
1140687,6708170,1,2026-07-30 00:05:01,2026-07-30 10:05:01,2025-06-20 00:05:01
10126551,6708170,16777473,2026-07-30 14:47:22,2026-07-30 16:05:01,2025-09-16 19:05:01
10126551,5908873,16777473,2026-07-30 14:47:22,2026-07-10 10:05:01,2024-11-22 10:05:01
19470055,5908873,1,2024-12-14 20:05:01,2026-07-30 16:05:01,2024-03-09 03:00:00
369429,5328132,1,2026-07-30 01:05:01,2026-07-30 16:05:01,2024-02-24 09:50:00
10126551,5328132,16777473,2026-07-30 14:47:22,2026-07-30 16:05:01,2024-11-22 10:05:01
10126551,5896929,16777473,2026-07-30 14:47:22,2026-07-28 02:05:01,2024-11-22 10:05:01
10126551,6037099,16777473,2026-07-30 14:47:22,2026-07-10 10:05:01,2024-11-26 13:05:01
369429,5629157,1,2026-07-30 01:05:01,2026-07-30 16:05:01,2024-02-24 09:50:00
10126551,5629157,16777473,2026-07-30 14:47:22,2026-07-10 10:05:01,2024-11-22 10:05:01
1140687,5794022,1,2026-07-30 00:05:01,2026-07-30 10:05:01,2024-07-06 02:00:32
10126551,5794022,16777473,2026-07-30 14:47:22,2026-07-30 15:05:01,2024-11-22 10:05:01
369429,4486306,1,2026-07-30 01:05:01,2026-07-30 16:05:01,2024-02-24 09:50:00
10126551,4486306,16777473,2026-07-30 14:47:22,2026-07-28 02:05:01,2024-11-22 10:05:01
369429,4657842,1,2026-07-30 01:05:01,2026-07-30 16:05:01,2024-02-24 09:50:00
10126551,4657842,16777473,2026-07-30 14:47:22,2026-07-10 11:05:01,2024-11-26 13:05:01
10126551,5801199,16777473,2026-07-30 14:47:22,2026-07-10 10:05:01,2024-11-25 15:05:01
12240987,5801199,1,2026-06-01 22:05:01,2026-07-30 16:05:01,2024-11-07 23:05:01
9423019,5629536,1,2026-04-08 02:05:02,2026-07-30 16:05:01,2024-02-05 04:04:00
10126551,5629536,16777473,2026-07-30 14:47:22,2026-07-30 06:05:01,2024-11-22 10:05:01
369429,6320012,1,2026-07-30 01:05:01,2026-07-30 16:05:01,2024-02-24 09:50:00
10126551,6320012,16777473,2026-07-30 14:47:22,2026-07-30 06:05:01,2024-11-22 10:05:01
1140687,5965119,1,2026-07-30 00:05:01,2026-07-30 10:05:01,2024-07-29 01:00:49
10126551,5965119,16777473,2026-07-30 14:47:22,2026-07-30 16:05:01,2024-11-25 15:05:01
369429,5559408,1,2026-07-30 01:05:01,2026-07-30 16:05:01,2024-02-24 09:50:00
6480545,5559408,1,2026-07-26 00:05:02,2026-07-30 16:05:01,2024-02-18 01:20:00
10126551,5559408,16777473,2026-07-30 14:47:22,2026-07-30 04:05:01,2024-11-22 10:05:01
369429,5588389,1,2026-07-30 01:05:01,2026-07-30 16:05:01,2024-03-08 03:46:00
10126551,5588389,16777473,2026-07-30 14:47:22,2026-07-30 04:05:01,2024-11-22 10:05:01
17190520,5588389,65537,2024-06-04 21:00:00,2026-07-30 16:05:01,2024-02-01 15:12:00
369429,2371671,1,2026-07-30 01:05:01,2026-07-30 16:05:01,2024-02-24 09:50:00
10126551,2371671,16777473,2026-07-30 14:47:22,2026-07-30 08:05:01,2024-11-22 10:05:01
1140687,5561452,1,2026-07-30 00:05:01,2026-07-30 10:05:01,2024-07-29 01:00:49
10126551,5561452,16777473,2026-07-30 14:47:22,2026-07-30 08:05:01,2024-11-22 10:05:01
9423019,5178530,1,2026-04-08 02:05:02,2026-07-30 16:05:01,2024-02-05 04:04:00
10126551,5178530,16777473,2026-07-30 14:47:22,2026-07-10 10:05:01,2024-11-26 13:05:01
9423019,3754423,1,2026-04-08 02:05:02,2026-07-30 16:05:01,2024-02-05 04:04:00
10126551,3754423,16777473,2026-07-30 14:47:22,2026-07-30 06:05:01,2024-11-25 15:05:01
1140687,6000288,1,2026-07-30 00:05:01,2026-07-30 10:05:01,2024-05-26 02:00:00
10126551,6000288,16777473,2026-07-30 14:47:22,2026-07-30 16:05:01,2024-11-22 10:05:01
670524,5472971,1,2026-03-11 10:26:57,2026-07-30 16:05:01,2025-04-03 02:05:01
10126551,5472971,16777473,2026-07-30 14:47:22,2026-07-27 03:05:01,2024-11-22 10:05:01
670524,6068404,0,,2026-07-30 16:05:01,
10126551,6068404,16777473,2026-07-30 14:47:22,2026-07-10 10:05:01,2024-11-22 10:05:01
9423019,5049525,1,2026-04-08 02:05:02,2026-07-30 16:05:01,2024-02-05 04:04:00
10126551,5049525,16777473,2026-07-30 14:47:22,2026-07-30 16:05:01,2024-11-22 10:05:01
9423019,5470615,1,2026-04-08 02:05:02,2026-07-30 16:05:01,2024-02-05 04:04:00
10126551,5470615,16777473,2026-07-30 14:47:22,2026-07-10 10:05:01,2024-11-22 10:05:01
10126551,6327038,16777473,2026-07-30 14:47:22,2026-07-10 10:05:01,2024-11-22 10:05:01
769018,5211516,0,,2026-07-30 16:05:01,
10126551,5211516,16777473,2026-07-30 14:47:22,2026-07-29 04:05:01,2024-11-22 10:05:01
12240987,5211516,1,2026-06-01 22:05:01,2026-07-30 16:05:01,2024-02-24 23:55:00
369429,5341233,1,2026-07-30 01:05:01,2026-07-30 16:05:01,2024-02-24 09:50:00
10126551,5341233,16777473,2026-07-30 14:47:22,2026-07-10 10:05:01,2024-11-26 13:05:01
369429,5638874,1,2026-07-30 01:05:01,2026-07-10 11:05:01,2024-02-24 09:50:00
10126551,5638874,16777473,2026-07-30 14:47:22,2026-07-10 10:05:01,2024-11-22 10:05:01
369429,5351085,1,2026-07-30 01:05:01,2026-07-30 16:05:01,2024-02-24 09:50:00
10126551,5351085,16777473,2026-07-30 14:47:22,2026-07-29 04:05:01,2024-11-25 15:05:01
369429,5459822,1,2026-07-30 01:05:01,2026-07-30 16:05:01,2024-02-24 09:50:00
10126551,5459822,16777473,2026-07-30 14:47:22,2026-07-27 02:05:01,2024-11-22 10:05:01
9423019,4610515,1,2026-04-08 02:05:02,2026-07-30 16:05:01,2024-02-05 04:04:00
10126551,4610515,16777473,2026-07-30 14:47:22,2026-07-28 02:05:01,2024-11-26 13:05:01
10126551,5931464,16777473,2026-07-30 14:47:22,2026-07-10 10:05:01,2024-11-22 10:05:01
369429,5625899,1,2026-07-30 01:05:01,2026-07-30 16:05:01,2024-02-24 09:50:00
6480545,5625899,1,2026-07-26 00:05:02,2026-07-30 16:05:01,2024-02-18 01:20:00
10126551,5625899,16777473,2026-07-30 14:47:22,2026-07-28 04:05:01,2024-11-22 10:05:01
369429,4289096,1,2026-07-30 01:05:01,2026-07-30 16:05:01,2024-02-24 09:50:00
10126551,4289096,16777473,2026-07-30 14:47:22,2026-07-26 01:05:02,2024-11-22 10:05:01
6480545,5232065,1,2026-07-26 00:05:02,2026-07-30 16:05:01,2024-02-18 01:20:00
10126551,5232065,16777473,2026-07-30 14:47:22,2026-07-30 04:05:01,2024-11-22 10:05:01
9423019,3013471,1,2026-04-08 02:05:02,2026-07-30 16:05:01,2024-02-05 04:04:00
10126551,3013471,16777473,2026-07-30 14:47:22,2026-07-10 10:05:01,2024-11-22 10:05:01
369429,5790728,1,2026-07-30 01:05:01,2026-07-30 16:05:01,2024-02-24 09:50:00
7778569,5790728,65537,2024-02-15 23:55:00,2026-07-29 04:05:01,2024-02-15 23:55:00
10126551,5790728,16777473,2026-07-30 14:47:22,2026-07-30 16:05:01,2024-11-25 15:05:01
10126551,6673477,16777473,2026-07-30 14:47:22,2026-07-24 04:05:01,2025-04-10 23:05:02
369429,5610055,1,2026-07-30 01:05:01,2026-07-30 16:05:01,2024-02-24 09:50:00
10126551,5610055,16777473,2026-07-30 14:47:22,2026-07-30 04:05:01,2024-11-22 10:05:01
9423019,1782394,1,2026-04-08 02:05:02,2026-07-30 16:05:01,2024-02-05 04:04:00
10126551,1782394,16777473,2026-07-30 14:47:22,2026-07-30 16:05:01,2024-11-25 15:05:01
1140687,6534879,1,2026-07-30 00:05:01,2026-07-30 10:05:01,2024-08-03 01:00:54
10126551,6534879,16777473,2026-07-30 14:47:22,2026-07-30 16:05:01,2024-11-22 10:05:01
670524,6691061,0,,2026-07-30 11:05:01,
10126551,6691061,16777473,2026-07-30 14:47:22,2026-07-10 10:05:01,2025-05-27 20:05:01
10126551,5668559,16777473,2026-07-30 14:47:22,2026-07-10 10:05:01,2024-11-26 13:05:01
369429,5472160,1,2026-07-30 01:05:01,2026-07-30 14:05:02,2024-02-24 09:50:00
10126551,5472160,16777473,2026-07-30 14:47:22,2026-07-22 06:05:02,2024-11-22 10:05:01
10126551,6166411,16777473,2026-07-30 14:47:22,2026-07-10 10:05:01,2024-11-22 10:05:01
1140687,6331411,1,2026-07-30 00:05:01,2026-07-30 10:05:01,2024-06-07 02:00:26
10126551,6331411,16777473,2026-07-30 14:47:22,2026-07-30 14:05:02,2024-11-26 13:05:01
369429,5664747,1,2026-07-30 01:05:01,2026-07-30 16:05:01,2024-02-24 09:50:00
10126551,5664747,16777473,2026-07-30 14:47:22,2026-07-10 10:05:01,2024-11-25 15:05:01
9423019,4482407,1,2026-04-08 02:05:02,2026-07-30 16:05:01,2024-02-05 04:04:00
10126551,4482407,16777473,2026-07-30 14:47:22,2026-07-26 15:08:55,2024-11-26 13:05:01
369429,5642290,1,2026-07-30 01:05:01,2026-07-30 15:05:01,2024-02-24 09:50:00
10126551,5642290,16777473,2026-07-30 14:47:22,2026-07-10 10:05:01,2024-11-22 10:05:01
369429,3917305,1,2026-07-30 01:05:01,2026-07-30 16:05:01,2024-02-24 09:50:00
10126551,3917305,16777473,2026-07-30 14:47:22,2026-07-28 23:05:01,2024-11-22 10:05:01
369429,4316111,1,2026-07-30 01:05:01,2026-07-30 16:05:01,2024-02-24 09:50:00
670524,4316111,0,,2026-07-30 16:05:01,
10126551,4316111,16777473,2026-07-30 14:47:22,2026-07-30 04:05:01,2024-11-22 10:05:01
369429,5878433,1,2026-07-30 01:05:01,2026-07-30 16:05:01,2024-02-24 09:50:00
10126551,5878433,16777473,2026-07-30 14:47:22,2026-07-10 10:05:01,2024-11-22 10:05:01
1140687,4925547,1,2026-07-30 00:05:01,2026-07-30 10:05:01,2024-09-04 01:01:25
10126551,4925547,16777473,2026-07-30 14:47:22,2026-07-16 06:05:01,2024-11-25 15:05:01
369429,5836327,1,2026-07-30 01:05:01,2026-07-30 16:05:01,2024-02-24 09:50:00
10126551,5836327,16777473,2026-07-30 14:47:22,2026-07-28 02:05:01,2024-11-25 15:05:01
17190520,5836327,65537,2024-06-04 21:00:00,2026-07-30 16:05:01,2024-02-01 15:12:00
369429,5818205,1,2026-07-30 01:05:01,2026-07-30 16:05:01,2024-02-24 09:50:00
10126551,5818205,16777473,2026-07-30 14:47:22,2026-07-27 02:05:01,2024-11-22 10:05:01
10126551,6783544,16777473,2026-07-30 14:47:22,2026-07-10 10:05:01,2026-03-07 18:05:01
10126551,5150544,16777473,2026-07-30 14:47:22,2026-07-10 10:05:01,2024-11-22 10:05:01
369429,4499203,1,2026-07-30 01:05:01,2026-07-30 16:05:01,2024-05-06 19:21:00
6480545,4499203,1,2026-07-26 00:05:02,2026-07-30 16:05:01,2024-02-18 01:20:00
10126551,4499203,16777473,2026-07-30 14:47:22,2026-07-27 03:05:01,2024-11-26 13:05:01
369429,5460873,1,2026-07-30 01:05:01,2026-07-30 16:05:01,2024-02-24 09:50:00
10126551,5460873,16777473,2026-07-30 14:47:22,2026-07-23 10:05:01,2024-11-22 10:05:01
9423019,4611301,1,2026-04-08 02:05:02,2026-07-30 16:05:01,2024-02-05 04:04:00
10126551,4611301,16777473,2026-07-30 14:47:22,2026-07-30 04:05:01,2024-11-26 13:05:01
670524,6716100,0,,2026-07-30 16:05:01,
10126551,6716100,16777473,2026-07-30 14:47:22,2026-07-27 01:05:02,2025-08-12 23:05:01
10126551,6152359,16777473,2026-07-30 14:47:22,2026-07-10 10:05:01,2024-11-22 10:05:01
670524,5663295,0,,2026-07-30 16:05:01,
10126551,5663295,16777473,2026-07-30 14:47:22,2026-07-10 10:05:01,2024-11-22 10:05:01
10126551,5763995,16777473,2026-07-30 14:47:22,2026-07-29 04:05:01,2024-11-22 10:05:01
17190520,5763995,65537,2024-06-04 21:00:00,2026-07-30 16:05:01,2024-02-01 15:12:00
369429,5774701,1,2026-07-30 01:05:01,2026-07-30 16:05:01,2024-02-24 09:50:00
10126551,5774701,16777473,2026-07-30 14:47:22,2026-07-28 02:05:01,2024-11-26 13:05:01
369429,4364084,1,2026-07-30 01:05:01,2026-07-30 16:05:01,2024-02-24 09:50:00
10126551,4364084,16777473,2026-07-30 14:47:22,2026-07-10 11:05:01,2024-11-22 10:05:01
369429,5338978,1,2026-07-30 01:05:01,2026-07-30 16:05:01,2024-02-24 09:50:00
10126551,5338978,16777473,2026-07-30 14:47:22,2026-07-30 04:05:01,2024-11-22 10:05:01
10126551,6384839,16777473,2026-07-30 14:47:22,2026-07-30 09:05:01,2024-11-25 15:05:01
20489462,6384839,0,,2026-07-30 16:05:01,
10126551,4642706,16777473,2026-07-30 14:47:22,2026-07-10 10:05:01,2024-11-25 15:05:01
10126551,6712392,16777473,2026-07-30 14:47:22,2026-07-10 10:05:01,2025-07-25 06:05:02
369429,5802931,1,2026-07-30 01:05:01,2026-07-14 01:05:01,2024-02-24 09:50:00
670524,5802931,1,2026-03-11 10:26:57,2026-07-30 16:05:01,2025-04-03 02:05:01
10126551,5802931,16777473,2026-07-30 14:47:22,2026-07-10 10:05:01,2024-11-22 10:05:01
10126551,5851493,16777473,2026-07-30 14:47:22,2026-07-10 10:05:01,2024-11-22 10:05:01
9423019,6175637,1,2026-04-08 02:05:02,2026-07-30 16:05:01,2025-08-06 03:05:01
10126551,6175637,16777473,2026-07-30 14:47:22,2026-07-10 10:05:01,2024-12-01 20:05:02
46658122,6175637,0,,2026-07-30 16:05:01,
9423019,6178898,1,2026-04-08 02:05:02,2026-07-30 16:05:01,2025-08-06 03:05:01
10126551,6178898,16777473,2026-07-30 14:47:22,2026-07-10 10:05:01,2024-12-01 20:05:02
46658122,6178898,0,,2026-07-30 16:05:01,
369429,5300064,1,2026-07-30 01:05:01,2026-07-30 16:05:01,2024-02-24 09:50:00
10126551,5300064,16777473,2026-07-30 14:47:22,2026-07-30 13:05:01,2024-11-22 10:05:01
670524,5583347,0,,2026-07-30 16:05:01,
10126551,5583347,16777473,2026-07-30 14:47:22,2026-07-10 10:05:01,2024-11-22 10:05:01
10126551,3913313,16777473,2026-07-30 14:47:22,2026-07-10 10:05:01,2024-11-22 10:05:01
369429,2650018,1,2026-07-30 01:05:01,2026-07-30 16:05:01,2024-02-24 09:50:00
10126551,2650018,16777473,2026-07-30 14:47:22,2026-07-30 09:05:01,2024-11-22 10:05:01
670524,5486606,0,,2026-07-30 16:05:01,
10126551,5486606,16777473,2026-07-30 14:47:22,2026-07-10 10:05:01,2024-11-22 10:05:01
1140687,5823690,1,2026-07-30 00:05:01,2026-07-30 10:05:01,2024-08-03 01:00:54
10126551,5823690,16777473,2026-07-30 14:47:22,2026-07-10 10:05:01,2024-11-26 13:05:01
670524,6760109,1,2026-03-11 10:26:57,2026-07-30 16:05:01,2025-11-14 06:05:01
10126551,6760109,16777473,2026-07-30 14:47:22,2026-07-29 03:05:01,2025-10-22 07:05:01
1140687,6443822,1,2026-07-30 00:05:01,2026-07-30 10:05:01,2024-08-03 01:00:54
10126551,6443822,16777473,2026-07-30 14:47:22,2026-07-29 05:05:02,2024-11-22 10:05:01
369429,5219644,1,2026-07-30 01:05:01,2026-07-30 16:05:01,2024-02-24 09:50:00
10126551,5219644,16777473,2026-07-30 14:47:22,2026-07-30 06:05:01,2024-11-22 10:05:01
369429,5625820,1,2026-07-30 01:05:01,2026-07-30 16:05:01,2024-02-24 09:50:00
10126551,5625820,16777473,2026-07-30 14:47:22,2026-07-27 07:09:25,2024-11-22 10:05:01
10126551,6308610,16777473,2026-07-30 14:47:22,2026-07-10 10:05:01,2024-11-22 10:05:01
10126551,6753792,16777473,2026-07-30 14:47:22,2026-07-10 10:05:01,2025-10-07 10:05:01
10126551,5570138,16777473,2026-07-30 14:47:22,2026-07-10 10:05:01,2024-11-22 10:05:01
10126551,5508888,16777473,2026-07-30 14:47:22,2026-07-10 10:05:01,2024-11-22 10:05:01
369429,4540839,1,2026-07-30 01:05:01,2026-07-30 16:05:01,2024-02-24 09:50:00
10126551,4540839,16777473,2026-07-30 14:47:22,2026-07-30 04:05:01,2024-11-22 10:05:01
17190520,4540839,65537,2024-06-04 21:00:00,2026-07-30 16:05:01,2024-02-01 15:12:00
10126551,5609547,16777473,2026-07-30 14:47:22,2026-07-10 10:05:01,2024-11-22 10:05:01
769018,6695684,0,,2026-07-30 16:05:01,
10126551,6695684,16777473,2026-07-30 14:47:22,2026-07-10 10:05:01,2025-05-22 20:05:01
670524,6626012,0,,2026-07-30 16:05:01,
10126551,6626012,16777473,2026-07-30 14:47:22,2026-07-30 16:05:01,2025-01-12 22:05:01
10126551,6775983,16777473,2026-07-30 14:47:22,2026-07-30 10:05:01,2025-11-22 05:05:01
670524,5705231,0,,2026-07-30 16:05:01,
10126551,5705231,16777473,2026-07-30 14:47:22,2026-07-10 10:05:01,2024-11-22 10:05:01
10126551,5290592,16777473,2026-07-30 14:47:22,2026-07-17 08:05:01,2024-11-22 10:05:01
369429,3550677,1,2026-07-30 01:05:01,2026-07-30 16:05:01,2024-03-08 03:46:00
10126551,3550677,16777473,2026-07-30 14:47:22,2026-07-27 02:05:01,2024-11-25 15:05:01
1140687,5209356,1,2026-07-30 00:05:01,2026-07-30 10:05:01,2024-07-29 01:00:49
10126551,5209356,16777473,2026-07-30 14:47:22,2026-07-10 10:05:01,2024-11-22 10:05:01
369429,5618640,1,2026-07-30 01:05:01,2026-07-30 16:05:01,2024-02-24 09:50:00
10126551,5618640,16777473,2026-07-30 14:47:22,2026-07-17 09:05:01,2024-11-22 10:05:01
369429,5617161,1,2026-07-30 01:05:01,2026-07-30 16:05:01,2024-02-24 09:50:00
9423019,5617161,1,2026-04-08 02:05:02,2026-07-30 16:05:01,2024-02-05 04:04:00
10126551,5617161,16777473,2026-07-30 14:47:22,2026-07-10 10:05:01,2024-11-22 10:05:01
369429,5642317,1,2026-07-30 01:05:01,2026-07-30 16:05:01,2024-03-08 03:46:00
6480545,5642317,1,2026-07-26 00:05:02,2026-07-30 16:05:01,2024-02-18 01:20:00
10126551,5642317,16777473,2026-07-30 14:47:22,2026-07-10 11:05:01,2024-11-22 10:05:01
10126551,5458873,16777473,2026-07-30 14:47:22,2026-07-10 10:05:01,2024-11-22 10:05:01
670524,6532171,0,,2026-07-30 16:05:01,
10126551,6532171,16777473,2026-07-30 14:47:22,2026-07-30 15:05:01,2024-11-22 10:05:01
20489462,6532171,0,,2026-07-30 16:05:01,
670524,5640526,1,2026-03-11 10:26:57,2026-07-30 16:05:01,2025-07-08 06:05:01
10126551,5640526,16777473,2026-07-30 14:47:22,2026-07-10 10:05:01,2024-11-26 13:05:01
10126551,6014856,16777473,2026-07-30 14:47:22,2026-07-10 10:05:01,2024-11-26 13:05:01
1140687,6765277,1,2026-07-30 00:05:01,2026-07-30 10:05:01,2025-11-10 00:05:01
10126551,6765277,16777473,2026-07-30 14:47:22,2026-07-30 16:05:01,2026-01-31 08:05:01
369429,6050477,1,2026-07-30 01:05:01,2026-07-10 11:05:01,2024-02-24 09:50:00
9423019,6050477,1,2026-04-08 02:05:02,2026-07-30 16:05:01,2025-08-06 03:05:01
10126551,6050477,16777473,2026-07-30 14:47:22,2026-07-10 10:05:01,2024-12-01 20:05:02
46658122,6050477,0,,2026-07-30 16:05:01,
369429,1651936,1,2026-07-30 01:05:01,2026-07-30 16:05:01,2024-02-24 09:50:00
670524,1651936,0,,2026-07-30 16:05:01,
10126551,1651936,16777473,2026-07-30 14:47:22,2026-07-30 04:05:01,2024-11-22 10:05:01
369429,5558143,1,2026-07-30 01:05:01,2026-07-30 16:05:01,2024-05-06 19:21:00
9423019,5558143,1,2026-04-08 02:05:02,2026-07-30 16:05:01,2024-02-05 04:04:00
10126551,5558143,16777473,2026-07-30 14:47:22,2026-07-28 04:05:01,2024-11-22 10:05:01
369429,6255227,1,2026-07-30 01:05:01,2026-07-23 07:07:51,2024-02-24 09:50:00
10126551,6255227,16777473,2026-07-30 14:47:22,2026-07-10 10:05:01,2024-11-25 15:05:01
10126551,6380029,16777473,2026-07-30 14:47:22,2026-07-10 10:05:01,2025-04-17 06:05:01
10126551,6496738,16777473,2026-07-30 14:47:22,2026-07-10 10:05:01,2024-11-22 10:05:01
369429,5390297,1,2026-07-30 01:05:01,2026-07-30 10:05:01,2024-02-24 09:50:00
10126551,5390297,16777473,2026-07-30 14:47:22,2026-07-30 04:05:01,2024-11-22 10:05:01
10126551,5852878,16777473,2026-07-30 14:47:22,2026-07-10 10:05:01,2024-11-22 10:05:01
9423019,5706862,1,2026-04-08 02:05:02,2026-07-30 16:05:01,2024-02-05 04:04:00
10126551,5706862,16777473,2026-07-30 14:47:22,2026-07-30 16:05:01,2024-11-25 15:05:01
20489462,5706862,0,,2026-07-30 16:05:01,
10126551,6275382,16777473,2026-07-30 14:47:22,2026-07-10 10:05:01,2024-11-22 10:05:01
369429,6065449,1,2026-07-30 01:05:01,2026-07-30 16:05:01,2024-02-24 09:50:00
10126551,6065449,16777473,2026-07-30 14:47:22,2026-07-30 13:05:01,2024-11-22 10:05:01
10126551,5720855,16777473,2026-07-30 14:47:22,2026-07-10 10:05:01,2024-11-22 10:05:01
9423019,5038252,1,2026-04-08 02:05:02,2026-07-30 16:05:01,2024-02-05 04:04:00
10126551,5038252,16777473,2026-07-30 14:47:22,2026-07-30 04:05:01,2024-11-22 10:05:01
369429,5039098,1,2026-07-30 01:05:01,2026-07-30 16:05:01,2024-02-24 09:50:00
10126551,5039098,16777473,2026-07-30 14:47:22,2026-07-30 04:05:01,2024-11-22 10:05:01
10126551,6208911,16777473,2026-07-30 14:47:22,2026-07-10 10:05:01,2024-11-25 15:05:01
29292320,6208911,1,2024-08-26 18:49:18,2026-07-30 16:05:01,2024-08-26 18:49:18
10126551,6358502,16777473,2026-07-30 14:47:22,2026-07-10 10:05:01,2024-11-22 10:05:01
10126551,6254165,16777473,2026-07-30 14:47:22,2026-07-10 10:05:01,2024-11-22 10:05:01
369429,3078151,1,2026-07-30 01:05:01,2026-07-30 16:05:01,2024-02-24 09:50:00
670524,3078151,1,2026-03-11 10:26:57,2026-07-30 16:05:01,2025-04-09 03:05:02
9423019,3078151,1,2026-04-08 02:05:02,2026-07-30 16:05:01,2024-02-05 04:04:00
10126551,3078151,16777473,2026-07-30 14:47:22,2026-07-27 02:05:01,2024-11-22 10:05:01
10126551,5643768,16777473,2026-07-30 14:47:22,2026-07-10 10:05:01,2024-11-22 10:05:01
10126551,6635606,16777473,2026-07-30 14:47:22,2026-07-10 10:05:01,2025-01-27 15:05:01
670524,6527949,0,,2026-07-30 16:05:01,
10126551,6527949,16777473,2026-07-30 14:47:22,2026-07-30 05:05:01,2024-11-22 10:05:01
9423019,4935457,1,2026-04-08 02:05:02,2026-07-30 16:05:01,2024-02-05 04:04:00
10126551,4935457,16777473,2026-07-30 14:47:22,2026-07-27 01:05:02,2024-11-22 10:05:01
23417076,4935457,1,2026-05-08 19:05:01,2026-07-16 22:05:01,2025-12-04 15:05:01
369429,5451490,1,2026-07-30 01:05:01,2026-07-30 15:05:01,2024-02-24 09:50:00
10126551,5451490,16777473,2026-07-30 14:47:22,2026-07-26 02:05:01,2024-11-22 10:05:01
1140687,6358314,1,2026-07-30 00:05:01,2026-07-30 10:05:01,2025-09-09 00:05:01
10126551,6358314,16777473,2026-07-30 14:47:22,2026-07-10 10:05:01,2024-11-26 13:05:01
19499816,6358314,1,2026-07-30 00:05:01,2026-07-29 09:05:01,2024-01-30 02:02:00
369429,6365796,1,2026-07-30 01:05:01,2026-07-30 10:05:01,2024-05-06 19:21:00
10126551,6365796,16777473,2026-07-30 14:47:22,2026-07-29 04:05:01,2024-11-25 15:05:01
19499816,6365796,1,2026-07-30 00:05:01,2026-07-30 07:05:01,2024-01-30 02:02:00
369429,6384342,1,2026-07-30 01:05:01,2026-07-30 13:05:01,2024-02-24 09:50:00
670524,6384342,1,2026-03-11 10:26:57,2026-07-30 16:05:01,2025-04-03 02:05:01
10126551,6384342,16777473,2026-07-30 14:47:22,2026-07-26 23:05:01,2024-11-26 13:05:01
12240987,6384342,1,2026-06-01 22:05:01,2026-07-30 16:05:01,2024-02-24 23:55:00
10126551,6259763,16777473,2026-07-30 14:47:22,2026-07-10 10:05:01,2025-07-02 12:05:01
10126551,5806103,16777473,2026-07-30 14:47:22,2026-07-10 10:05:01,2024-11-26 13:05:01
10126551,5763282,16777473,2026-07-30 14:47:22,2026-07-10 10:05:01,2024-11-22 10:05:01
10126551,6801500,16777473,2026-07-30 14:47:22,2026-07-10 10:05:01,2026-04-04 00:05:01
1140687,6422289,1,2026-07-30 00:05:01,2026-07-30 10:05:01,2024-07-06 02:00:32
10126551,6422289,16777473,2026-07-30 14:47:22,2026-07-30 16:05:01,2024-11-26 13:05:01
10126551,6793781,16777473,2026-07-30 14:47:22,2026-07-10 10:05:01,2026-01-31 08:05:01
369429,5669381,1,2026-07-30 01:05:01,2026-07-30 16:05:01,2024-02-24 09:50:00
10126551,5669381,16777473,2026-07-30 14:47:22,2026-07-30 16:05:01,2024-11-22 10:05:01
10126551,6277303,16777473,2026-07-30 14:47:22,2026-07-10 10:05:01,2024-11-22 10:05:01
1140687,6262285,1,2026-07-30 00:05:01,2026-07-30 10:05:01,2024-08-03 01:00:54
1140687,6565750,1,2026-07-30 00:05:01,2026-07-30 10:05:01,2024-09-01 01:05:01
10126551,6565750,16777473,2026-07-30 14:47:22,2026-07-30 08:05:01,2024-12-01 20:05:02
10126551,5452087,16777473,2026-07-30 14:47:22,2026-07-10 10:05:01,2024-11-26 13:05:01
670524,5507285,0,,2026-07-30 12:05:01,
10126551,5507285,16777473,2026-07-30 14:47:22,2026-07-10 10:05:01,2024-11-22 10:05:01
10126551,5426926,16777473,2026-07-30 14:47:22,2026-07-10 10:05:01,2024-11-25 15:05:01
2172910,6464445,0,,2026-07-30 16:05:01,
10126551,6464445,16777473,2026-07-30 14:47:22,2026-07-10 10:05:01,2024-12-02 16:05:01
369429,5340883,1,2026-07-30 01:05:01,2026-07-30 16:05:01,2024-02-24 09:50:00
10126551,5340883,16777473,2026-07-30 14:47:22,2026-07-30 04:05:01,2024-11-26 13:05:01
10126551,6208007,16777473,2026-07-30 14:47:22,2026-07-10 10:05:01,2024-11-22 10:05:01
10126551,5321226,16777473,2026-07-30 14:47:22,2026-07-30 16:05:01,2024-11-22 10:05:01
10126551,5549263,16777473,2026-07-30 14:47:22,2026-07-10 10:05:01,2024-11-26 13:05:01
369429,6038776,1,2026-07-30 01:05:01,2026-07-30 16:05:01,2024-02-24 09:50:00
670524,6038776,1,2026-03-11 10:26:57,2026-07-30 16:05:01,2025-04-07 03:05:01
10126551,6038776,16777473,2026-07-30 14:47:22,2026-07-23 10:05:01,2024-11-22 10:05:01
10126551,3009957,16777473,2026-07-30 14:47:22,2026-07-10 10:05:01,2024-11-26 13:05:01
10126551,5967019,16777473,2026-07-30 14:47:22,2026-07-10 10:05:01,2024-11-22 10:05:01
369429,5842875,1,2026-07-30 01:05:01,2026-07-11 22:05:02,2024-02-24 09:50:00
10126551,5842875,16777473,2026-07-30 14:47:22,2026-07-10 10:05:01,2024-11-22 10:05:01
10126551,6378850,16777473,2026-07-30 14:47:22,2026-07-10 10:05:01,2025-01-22 20:05:01
10126551,6657226,16777473,2026-07-30 14:47:22,2026-07-10 10:05:01,2025-03-14 18:05:01
10126551,6766299,16777473,2026-07-30 14:47:22,2026-07-10 10:05:01,2025-11-05 22:05:01
10126551,6102003,16777473,2026-07-30 14:47:22,2026-07-10 10:05:01,2024-11-22 10:05:01
10126551,4940972,16777473,2026-07-30 14:47:22,2026-07-10 10:05:01,2024-11-25 15:05:01
670524,5757896,0,,2026-07-30 16:05:01,
10126551,5757896,16777473,2026-07-30 14:47:22,2026-07-10 11:05:01,2024-11-22 10:05:01
670524,6440614,0,,2026-07-30 16:05:01,
10126551,6440614,16777473,2026-07-30 14:47:22,2026-07-10 10:05:01,2024-11-22 10:05:01
10126551,6854027,16777473,2026-07-30 14:47:22,2026-07-30 01:05:01,2026-05-09 14:05:02
670524,6571960,1,2026-03-11 10:26:57,2026-07-30 16:05:01,2025-04-03 02:05:01
10126551,6571960,16777473,2026-07-30 14:47:22,2026-07-10 10:05:01,2024-11-22 10:05:01
10126551,6571295,16777473,2026-07-30 14:47:22,2026-07-10 10:05:01,2024-11-22 10:05:01
10126551,6810511,16777473,2026-07-30 14:47:22,2026-07-10 10:05:01,2026-02-04 20:05:01
369429,5774708,1,2026-07-30 01:05:01,2026-07-30 16:05:01,2024-02-24 09:50:00
10126551,5774708,16777473,2026-07-30 14:47:22,2026-07-30 04:05:01,2024-11-22 10:05:01
369429,6028106,1,2026-07-30 01:05:01,2026-07-30 16:05:01,2024-02-24 09:50:00
670524,6028106,0,,2026-07-30 16:05:01,
10126551,6028106,16777473,2026-07-30 14:47:22,2026-07-28 04:05:01,2024-11-22 10:05:01
670524,5174233,0,,2026-07-30 16:05:01,
2172910,5174233,0,,2026-07-30 16:05:01,
10126551,5174233,16777473,2026-07-30 14:47:22,2026-07-28 23:05:01,2024-11-26 13:05:01
369429,5544682,1,2026-07-30 01:05:01,2026-07-30 16:05:01,2024-02-24 09:50:00
10126551,5544682,16777473,2026-07-30 14:47:22,2026-07-28 02:05:01,2024-11-26 13:05:01
10126551,6808027,16777473,2026-07-30 14:47:22,2026-07-10 10:05:01,2026-04-04 00:05:01
670524,5336899,0,,2026-07-30 16:05:01,
10126551,5336899,16777473,2026-07-30 14:47:22,2026-07-10 10:05:01,2024-11-26 13:05:01
10126551,5836872,16777473,2026-07-30 14:47:22,2026-07-10 10:05:01,2024-11-26 13:05:01
10126551,6250495,16777473,2026-07-30 14:47:22,2026-07-10 10:05:01,2024-11-26 13:05:01
2172910,5389731,0,,2026-07-30 16:05:01,
5760229,5389731,0,,2026-07-30 16:05:01,
10126551,5389731,16777473,2026-07-30 14:47:22,2026-07-10 10:05:01,2024-11-26 13:05:01
10126551,6828175,16777473,2026-07-30 14:47:22,2026-07-10 10:05:01,2026-03-25 18:05:01
369429,5070496,1,2026-07-30 01:05:01,2026-07-30 16:05:01,2024-02-24 09:50:00
10126551,5070496,16777473,2026-07-30 14:47:22,2026-07-30 03:05:02,2024-11-22 10:05:01
670524,5074619,0,,2026-07-30 16:05:01,
10126551,5074619,16777473,2026-07-30 14:47:22,2026-07-10 10:05:01,2024-11-22 10:05:01
10126551,6563627,16777473,2026-07-30 14:47:22,2026-07-10 10:05:01,2024-11-22 10:05:01
10126551,6850396,16777473,2026-07-30 14:47:22,2026-07-10 10:05:01,2026-05-02 09:05:01
10126551,6304512,16777473,2026-07-30 14:47:22,2026-07-10 10:05:01,2024-11-22 10:05:01
10126551,6650468,16777473,2026-07-30 14:47:22,2026-07-10 10:05:01,2025-02-24 21:05:02
10126551,6179134,16777473,2026-07-30 14:47:22,2026-07-10 10:05:01,2024-11-22 10:05:01
10126551,6634762,16777473,2026-07-30 14:47:22,2026-07-10 10:05:01,2025-01-26 22:05:01
10126551,6291043,16777473,2026-07-30 14:47:22,2026-07-10 10:05:01,2024-11-22 10:05:01
670524,6676307,0,,2026-07-30 16:05:01,
10126551,6676307,16777473,2026-07-30 14:47:22,2026-07-30 11:05:01,2025-04-13 13:05:01
10126551,6557065,16777473,2026-07-30 14:47:22,2026-07-10 10:05:01,2024-11-22 10:05:01
10126551,6449623,16777473,2026-07-30 14:47:22,2026-07-10 10:05:01,2024-11-22 10:05:01
10126551,6603934,16777473,2026-07-30 14:47:22,2026-07-10 10:05:01,2024-11-27 00:05:01
1140687,5841362,1,2026-07-30 00:05:01,2026-07-30 10:05:01,2024-08-17 23:15:27
10126551,5841362,16777473,2026-07-30 14:47:22,2026-07-30 16:05:01,2025-06-28 17:05:01
10126551,6207578,16777473,2026-07-30 14:47:22,2026-07-10 10:05:01,2024-11-22 10:05:01
10126551,6605436,16777473,2026-07-30 14:47:22,2026-07-10 10:05:01,2024-12-10 22:05:01
7778569,5794145,0,,2026-07-29 04:05:01,
10126551,5794145,16777473,2026-07-30 14:47:22,2026-07-10 10:05:01,2024-11-26 13:05:01
369429,4898405,1,2026-07-30 01:05:01,2026-07-30 16:05:01,2024-02-24 09:50:00
10126551,4898405,16777473,2026-07-30 14:47:22,2026-07-17 22:05:02,2024-11-22 10:05:01
369429,4968454,1,2026-07-30 01:05:01,2026-07-30 16:05:01,2024-02-24 09:50:00
10126551,4968454,16777473,2026-07-30 14:47:22,2026-07-10 10:05:01,2024-11-22 10:05:01
670524,6559925,0,,2026-07-30 16:05:01,
10126551,6559925,16777473,2026-07-30 14:47:22,2026-07-10 10:05:01,2024-12-31 21:05:01
10126551,5422546,16777473,2026-07-30 14:47:22,2026-07-10 10:05:01,2024-11-26 13:05:01
369429,5144038,1,2026-07-30 01:05:01,2026-07-30 16:05:01,2024-02-24 09:50:00
10126551,5144038,16777473,2026-07-30 14:47:22,2026-07-30 04:05:01,2024-11-22 10:05:01
10126551,6829286,16777473,2026-07-30 14:47:22,2026-07-10 10:05:01,2026-05-21 19:05:01
29292320,6829286,0,,2026-07-30 16:05:01,
6480545,5665252,1,2026-07-26 00:05:02,2026-07-30 16:05:01,2024-02-18 01:20:00
10126551,5665252,16777473,2026-07-30 14:47:22,2026-07-10 11:05:01,2024-11-22 10:05:01
10126551,6213312,16777473,2026-07-30 14:47:22,2026-07-10 10:05:01,2024-11-22 10:05:01
10126551,6450787,16777473,2026-07-30 14:47:22,2026-07-10 10:05:01,2024-11-22 10:05:01
670524,6737867,0,,2026-07-30 16:05:01,
10126551,6737867,16777473,2026-07-30 14:47:22,2026-07-28 04:05:01,2025-08-31 17:05:01
10126551,6291605,16777473,2026-07-30 14:47:22,2026-07-10 10:05:01,2024-11-22 10:05:01
369429,6081073,1,2026-07-30 01:05:01,2026-07-30 16:05:01,2024-02-24 09:50:00
10126551,6081073,16777473,2026-07-30 14:47:22,2026-07-30 04:05:01,2024-11-22 10:05:01
10126551,6482251,16777473,2026-07-30 14:47:22,2026-07-10 10:05:01,2024-11-22 10:05:01
10126551,6600622,16777473,2026-07-30 14:47:22,2026-07-10 10:05:01,2024-12-30 23:05:01
10126551,5932289,16777473,2026-07-30 14:47:22,2026-07-10 10:05:01,2024-11-22 10:05:01
10126551,5977719,16777473,2026-07-30 14:47:22,2026-07-10 10:05:01,2024-11-22 10:05:01
10126551,6209423,16777473,2026-07-30 14:47:22,2026-07-10 10:05:01,2024-11-22 10:05:01
10126551,6399685,16777473,2026-07-30 14:47:22,2026-07-10 10:05:01,2024-11-22 10:05:01
10126551,6586984,16777473,2026-07-30 14:47:22,2026-07-10 10:05:01,2024-11-22 10:05:01
670524,5852496,0,,2026-07-30 16:05:01,
10126551,5852496,16777473,2026-07-30 14:47:22,2026-07-10 10:05:01,2024-11-22 10:05:01
369429,6045521,1,2026-07-30 01:05:01,2026-07-30 16:05:01,2024-02-24 09:50:00
10126551,6045521,16777473,2026-07-30 14:47:22,2026-07-28 23:05:01,2024-11-26 13:05:01
27821264,6045521,65537,2024-05-14 14:17:00,2026-07-30 16:05:01,2024-02-21 07:05:00
10126551,5306833,16777473,2026-07-30 14:47:22,2026-07-10 10:05:01,2024-11-22 10:05:01
10126551,5319593,16777473,2026-07-30 14:47:22,2026-07-10 10:05:01,2024-11-26 13:05:01
20489462,5319593,1,2024-06-24 14:28:50,2026-07-30 16:05:01,2024-02-23 13:08:00
10126551,5330355,16777473,2026-07-30 14:47:22,2026-07-10 10:05:01,2024-11-22 10:05:01
10126551,5339946,16777473,2026-07-30 14:47:22,2026-07-10 10:05:01,2024-11-26 13:05:01
23482699,5339946,65537,2024-05-08 19:53:00,2026-07-30 16:05:01,2024-02-08 20:39:00
25412819,5339946,1,2026-02-21 18:05:06,2026-07-30 16:05:01,2025-01-17 05:05:01
10126551,5370656,16777473,2026-07-30 14:47:22,2026-07-10 10:05:01,2024-11-22 10:05:01
7778569,5902352,65537,2024-02-15 23:55:00,2026-07-29 04:05:01,2024-02-15 23:55:00
10126551,5902352,16777473,2026-07-30 14:47:22,2026-07-10 10:05:01,2024-11-26 13:05:01
7778569,5903590,65537,2024-02-15 23:55:00,2026-07-29 04:05:01,2024-02-15 23:55:00
10126551,5903590,16777473,2026-07-30 14:47:22,2026-07-10 10:05:01,2024-11-26 13:05:01
7778569,5905930,65537,2024-02-15 23:55:00,2026-07-29 04:05:01,2024-02-15 23:55:00
10126551,5905930,16777473,2026-07-30 14:47:22,2026-07-10 10:05:01,2024-11-26 13:05:01
10126551,6084697,16777473,2026-07-30 14:47:22,2026-07-10 10:05:01,2024-11-25 15:05:01
10126551,6138831,16777473,2026-07-30 14:47:22,2026-07-10 10:05:01,2024-11-22 10:05:01
369429,6144804,1,2026-07-30 01:05:01,2026-07-12 01:05:01,2024-02-24 09:50:00
10126551,6144804,16777473,2026-07-30 14:47:22,2026-07-10 10:05:01,2024-11-22 10:05:01
10126551,6151912,16777473,2026-07-30 14:47:22,2026-07-10 10:05:01,2024-11-22 10:05:01
10126551,6285394,16777473,2026-07-30 14:47:22,2026-07-10 10:05:01,2024-11-22 10:05:01
10126551,6287240,16777473,2026-07-30 14:47:22,2026-07-10 10:05:01,2024-11-22 10:05:01
10126551,6296110,16777473,2026-07-30 14:47:22,2026-07-10 10:05:01,2024-11-22 10:05:01
9423019,6318423,1,2026-04-08 02:05:02,2026-07-30 16:05:01,2024-02-05 04:04:00
10126551,6318423,16777473,2026-07-30 14:47:22,2026-07-30 14:05:02,2024-11-22 10:05:01
10126551,6336665,16777473,2026-07-30 14:47:22,2026-07-10 10:05:01,2024-11-26 13:05:01
10126551,6408351,16777473,2026-07-30 14:47:22,2026-07-10 10:05:01,2024-11-22 10:05:01
10126551,6487028,16777473,2026-07-30 14:47:22,2026-07-10 10:05:01,2024-11-22 10:05:01
670524,6497077,0,,2026-07-27 16:05:02,
10126551,6497077,16777473,2026-07-30 14:47:22,2026-07-10 10:05:01,2024-11-22 10:05:01
10126551,6503560,16777473,2026-07-30 14:47:22,2026-07-10 10:05:01,2024-11-22 10:05:01
10126551,6731670,16777473,2026-07-30 14:47:22,2026-07-10 10:05:01,2025-10-05 21:05:01
10126551,6732047,16777473,2026-07-30 14:47:22,2026-07-10 10:05:01,2025-10-03 13:05:01
10126551,6733523,16777473,2026-07-30 14:47:22,2026-07-15 16:19:23,2025-10-14 16:05:02
10126551,6746682,16777473,2026-07-30 14:47:22,2026-07-10 10:05:01,2025-11-02 22:05:01
10126551,6749690,16777473,2026-07-30 14:47:22,2026-07-10 10:05:01,2025-11-02 19:05:01
10126551,6776486,16777473,2026-07-30 14:47:22,2026-07-10 10:05:01,2025-12-01 09:05:02
10126551,6826442,16777473,2026-07-30 14:47:22,2026-07-10 10:05:01,2026-05-15 16:05:01
10126551,6262285,16777473,2026-07-30 14:47:22,2026-07-10 10:05:01,2024-11-26 13:05:01
10126551,6187713,16777473,2026-07-30 14:47:22,2026-07-10 10:05:01,2024-11-22 10:05:01
369429,5005147,1,2026-07-30 01:05:01,2026-07-30 15:05:01,2024-02-24 09:50:00
10126551,5005147,16777473,2026-07-30 14:47:22,2026-07-11 22:05:02,2024-11-25 15:05:01
10126551,5734107,16777473,2026-07-30 14:47:22,2026-07-30 13:05:01,2024-11-22 10:05:01
17190520,5734107,65537,2024-06-04 21:00:00,2026-07-30 16:05:01,2024-02-01 15:12:00
369429,5698816,1,2026-07-30 01:05:01,2026-07-30 16:05:01,2024-02-24 09:50:00
6480545,5698816,1,2026-07-26 00:05:02,2026-07-30 16:05:01,2024-02-18 01:20:00
10126551,5698816,16777473,2026-07-30 14:47:22,2026-07-30 04:05:01,2024-11-22 10:05:01
369429,5932383,1,2026-07-30 01:05:01,2026-07-30 15:05:01,2024-02-24 09:50:00
10126551,5932383,16777473,2026-07-30 14:47:22,2026-07-29 02:05:01,2024-11-22 10:05:01
9423019,5156235,1,2026-04-08 02:05:02,2026-07-30 16:05:01,2024-02-05 04:04:00
10126551,5156235,16777473,2026-07-30 14:47:22,2026-07-10 10:05:01,2024-11-22 10:05:01
369429,5824476,1,2026-07-30 01:05:01,2026-07-29 16:05:01,2024-02-24 09:50:00
10126551,5824476,16777473,2026-07-30 14:47:22,2026-07-27 04:05:01,2024-11-22 10:05:01
769018,6699241,0,,2026-07-30 16:05:01,
10126551,6699241,16777473,2026-07-30 14:47:22,2026-07-10 10:05:01,2025-06-05 20:05:01
369429,2950411,1,2026-07-30 01:05:01,2026-07-30 16:05:01,2024-02-24 09:50:00
10126551,2950411,16777473,2026-07-30 14:47:22,2026-07-30 03:05:02,2024-11-22 10:05:01
9423019,3476062,1,2026-04-08 02:05:02,2026-07-30 16:05:01,2024-02-05 04:04:00
10126551,3476062,16777473,2026-07-30 14:47:22,2026-07-10 10:05:01,2024-11-22 10:05:01
369429,5176633,1,2026-07-30 01:05:01,2026-07-10 11:05:01,2024-02-24 09:50:00
10126551,5176633,16777473,2026-07-30 14:47:22,2026-07-10 10:05:01,2024-11-22 10:05:01
369429,5839117,1,2026-07-30 01:05:01,2026-07-30 08:05:01,2024-02-24 09:50:00
10126551,5839117,16777473,2026-07-30 14:47:22,2026-07-27 03:05:01,2024-11-22 10:05:01
10126551,6607768,16777473,2026-07-30 14:47:22,2026-07-10 10:05:01,2025-01-29 07:05:01
9423019,5592269,1,2026-04-08 02:05:02,2026-07-30 16:05:01,2024-02-05 04:04:00
10126551,5592269,16777473,2026-07-30 14:47:22,2026-07-30 04:05:01,2024-11-25 15:05:01
10126551,5452158,16777473,2026-07-30 14:47:22,2026-07-10 10:05:01,2024-11-26 13:05:01
10126551,6810996,16777473,2026-07-30 14:47:22,2026-07-10 10:05:01,2026-02-05 18:05:01
10126551,6398510,16777473,2026-07-30 14:47:22,2026-07-10 10:05:01,2025-04-21 04:05:01
10126551,6709818,16777473,2026-07-30 14:47:22,2026-07-10 10:05:01,2025-06-23 19:05:01
369429,4894754,1,2026-07-30 01:05:01,2026-07-30 16:05:01,2024-02-24 09:50:00
6480545,4894754,1,2026-07-26 00:05:02,2026-07-30 16:05:01,2024-02-18 01:20:00
10126551,4894754,16777473,2026-07-30 14:47:22,2026-07-30 04:05:01,2024-11-26 13:05:01
10126551,5225888,16777473,2026-07-30 14:47:22,2026-07-10 10:05:01,2024-11-22 10:05:01
670524,4665831,0,,2026-07-30 16:05:01,
9423019,4665831,1,2026-04-08 02:05:02,2026-07-30 16:05:01,2024-02-05 04:04:00
10126551,4665831,16777473,2026-07-30 14:47:22,2026-07-30 03:05:02,2024-11-22 10:05:01
369429,6357260,1,2026-07-30 01:05:01,2026-07-30 16:05:01,2024-05-06 19:21:00
10126551,6357260,16777473,2026-07-30 14:47:22,2026-07-10 11:05:01,2024-11-22 10:05:01
19499816,6357260,1,2026-07-30 00:05:01,2026-07-30 16:05:01,2024-01-30 02:02:00
10126551,6361049,16777473,2026-07-30 14:47:22,2026-07-10 10:05:01,2024-11-25 15:05:01
670524,6644325,0,,2026-07-30 16:05:01,
10126551,6644325,16777473,2026-07-30 14:47:22,2026-07-10 10:05:01,2025-02-23 10:05:01
3128871,4727214,1,2026-05-13 15:21:37,2026-07-30 16:05:01,2024-02-14 11:54:00
10126551,4727214,16777473,2026-07-30 14:47:22,2026-07-18 03:05:01,2024-11-22 10:05:01
670524,6738566,0,,2026-07-30 15:05:01,
10126551,6738566,16777473,2026-07-30 14:47:22,2026-07-10 10:05:01,2025-10-20 19:05:01
10126551,5330525,16777473,2026-07-30 14:47:22,2026-07-10 11:05:01,2024-11-22 10:05:01
10126551,6150490,16777473,2026-07-30 14:47:22,2026-07-10 11:05:01,2024-11-22 10:05:01
34756547,6150490,0,,2026-07-30 14:05:02,
10126551,6141112,16777473,2026-07-30 14:47:22,2026-07-10 10:05:01,2024-11-22 10:05:01
10126551,5910699,16777473,2026-07-30 14:47:22,2026-07-10 10:05:01,2024-11-26 13:05:01
369429,5437814,1,2026-07-30 01:05:01,2026-07-30 13:05:01,2024-02-24 09:50:00
10126551,5437814,16777473,2026-07-30 14:47:22,2026-07-29 00:05:01,2024-11-25 15:05:01
670524,6469381,0,,2026-07-30 13:05:01,
9423019,6469381,1,2026-04-08 02:05:02,2026-07-30 16:05:01,2025-08-06 03:05:01
10126551,6469381,16777473,2026-07-30 14:47:22,2026-07-10 10:05:01,2024-11-25 15:05:01
10126551,5844473,16777473,2026-07-30 14:47:22,2026-07-10 10:05:01,2024-11-22 10:05:01
12240987,5844473,1,2026-06-01 22:05:01,2026-07-30 16:05:01,2024-02-24 23:55:00
369429,4925185,1,2026-07-30 01:05:01,2026-07-30 16:05:01,2024-02-24 09:50:00
10126551,4925185,16777473,2026-07-30 14:47:22,2026-07-21 01:05:01,2024-11-22 10:05:01
10126551,5163271,16777473,2026-07-30 14:47:22,2026-07-26 04:05:01,2024-11-22 10:05:01
12240987,5163271,1,2026-06-01 22:05:01,2026-07-30 16:05:01,2024-02-24 23:55:00
10126551,6690105,16777473,2026-07-30 14:47:22,2026-07-30 08:05:01,2025-05-27 21:05:01
10126551,4868230,16777473,2026-07-30 14:47:22,2026-07-10 10:05:01,2024-11-26 13:05:01
12240987,4868230,1,2026-06-01 22:05:01,2026-07-30 16:05:01,2024-02-24 23:55:00
10126551,6851825,16777473,2026-07-30 14:47:22,2026-07-10 10:05:01,2026-05-08 18:05:01
10126551,6867455,16777473,2026-07-30 14:47:22,2026-07-22 02:05:01,2026-06-06 13:05:01
10126551,6853436,16777473,2026-07-30 14:47:22,2026-07-10 10:05:01,2026-05-08 20:05:01
369429,3070425,1,2026-07-30 01:05:01,2026-07-30 16:05:01,2024-02-24 09:50:00
10126551,3070425,16777473,2026-07-30 14:47:22,2026-07-27 03:05:01,2024-11-22 10:05:01
369429,5642303,1,2026-07-30 01:05:01,2026-07-30 06:05:01,2024-02-24 09:50:00
10126551,5642303,16777473,2026-07-30 14:47:22,2026-07-10 10:05:01,2024-11-22 10:05:01
369429,5279028,1,2026-07-30 01:05:01,2026-07-30 16:05:01,2024-02-24 09:50:00
10126551,5279028,16777473,2026-07-30 14:47:22,2026-07-27 02:05:01,2024-11-26 13:05:01
12240987,5279028,1,2026-06-01 22:05:01,2026-07-30 16:05:01,2024-02-24 23:55:00
670524,5332620,0,,2026-07-30 16:05:01,
10126551,5332620,16777473,2026-07-30 14:47:22,2026-07-10 10:05:01,2024-11-22 10:05:01
670524,6673435,1,2026-03-11 10:26:57,2026-07-30 16:05:01,2025-06-29 06:05:01
5760229,6673435,0,,2026-07-30 16:05:01,
10126551,6673435,16777473,2026-07-30 14:47:22,2026-07-10 10:05:01,2025-07-01 09:05:01
10126551,6708517,16777473,2026-07-30 14:47:22,2026-07-27 03:05:01,2026-02-03 21:05:01
1140687,5583110,1,2026-07-30 00:05:01,2026-07-30 10:05:01,2024-07-29 01:00:49
10126551,5583110,16777473,2026-07-30 14:47:22,2026-07-10 10:05:01,2024-11-22 10:05:01
670524,6506883,1,2026-03-11 10:26:57,2026-07-30 16:05:01,2025-11-15 06:05:01
10126551,6506883,16777473,2026-07-30 14:47:22,2026-07-10 10:05:01,2024-11-22 10:05:01
1140687,6138858,1,2026-07-30 00:05:01,2026-07-30 10:05:01,2024-08-03 01:00:54
10126551,6138858,16777473,2026-07-30 14:47:22,2026-07-10 10:05:01,2024-11-22 10:05:01
10126551,5914300,16777473,2026-07-30 14:47:22,2026-07-10 10:05:01,2024-11-22 10:05:01
369429,5539831,1,2026-07-30 01:05:01,2026-07-30 16:05:01,2024-02-24 09:50:00
10126551,5539831,16777473,2026-07-30 14:47:22,2026-07-30 04:05:01,2024-11-26 13:05:01
369429,1840862,1,2026-07-30 01:05:01,2026-07-30 16:05:01,2024-02-24 09:50:00
10126551,1840862,16777473,2026-07-30 14:47:22,2026-07-27 22:05:01,2024-11-22 10:05:01
10126551,5098106,16777473,2026-07-30 14:47:22,2026-07-30 05:05:01,2024-11-22 10:05:01
2172910,6554335,0,,2026-07-30 16:05:01,
10126551,6554335,16777473,2026-07-30 14:47:22,2026-07-10 10:05:01,2024-11-22 10:05:01
1140687,6784540,3,2026-07-30 00:05:01,,2026-07-24 00:05:02
10126551,6784540,16777473,2026-07-30 14:47:22,2026-07-30 16:05:01,2026-03-07 08:05:02
10126551,5730288,16777473,2026-07-30 14:47:22,2026-07-10 10:05:01,2024-11-22 10:05:01
670524,5729727,0,,2026-07-30 16:05:01,
10126551,5729727,16777473,2026-07-30 14:47:22,2026-07-10 10:05:01,2024-11-22 10:05:01
10126551,6592630,16777473,2026-07-30 14:47:22,2026-07-10 10:05:01,2024-11-22 10:05:01
10126551,6758470,16777473,2026-07-30 14:47:22,2026-07-10 10:05:01,2025-10-18 15:05:01
10126551,5911617,16777473,2026-07-30 14:47:22,2026-07-10 10:05:01,2024-11-25 15:05:01
29292320,5911617,0,,2026-07-30 16:05:01,
369429,6454299,1,2026-07-30 01:05:01,2026-07-30 15:05:01,2024-04-20 18:55:00
10126551,6454299,16777473,2026-07-30 14:47:22,2026-07-30 01:05:01,2024-11-22 10:05:01
10126551,6165696,16777473,2026-07-30 14:47:22,2026-07-10 10:05:01,2024-11-22 10:05:01
10126551,6308062,16777473,2026-07-30 14:47:22,2026-07-10 10:05:01,2024-11-22 10:05:01
10126551,6778004,16777473,2026-07-30 14:47:22,2026-07-10 10:05:01,2025-12-01 09:05:02
1140687,5814399,1,2026-07-30 00:05:01,2026-07-30 10:05:01,2024-08-03 01:00:54
10126551,5814399,16777473,2026-07-30 14:47:22,2026-07-30 16:05:01,2024-11-22 10:05:01
10126551,6607071,16777473,2026-07-30 14:47:22,2026-07-10 10:05:01,2024-12-30 23:05:01
10126551,5938312,16777473,2026-07-30 14:47:22,2026-07-10 10:05:01,2024-11-26 13:05:01
369429,6240364,1,2026-07-30 01:05:01,2026-07-30 16:05:01,2024-02-24 09:50:00
10126551,6240364,16777473,2026-07-30 14:47:22,2026-07-27 04:05:01,2024-11-22 10:05:01
369429,6351413,1,2026-07-30 01:05:01,2026-07-30 16:05:01,2024-03-08 03:46:00
10126551,6351413,16777473,2026-07-30 14:47:22,2026-07-27 04:05:01,2024-11-25 15:05:01
670524,4730604,0,,2026-07-30 16:05:01,
10126551,4730604,16777473,2026-07-30 14:47:22,2026-07-30 16:05:01,2024-11-26 13:05:01
369429,4676195,1,2026-07-30 01:05:01,2026-07-30 16:05:01,2024-02-24 09:50:00
10126551,4676195,16777473,2026-07-30 14:47:22,2026-07-28 02:05:01,2024-11-26 13:05:01
9423019,4658550,1,2026-04-08 02:05:02,2026-07-30 16:05:01,2024-02-05 04:04:00
10126551,4658550,16777473,2026-07-30 14:47:22,2026-07-10 10:05:01,2024-11-26 13:05:01
10126551,6649497,16777473,2026-07-30 14:47:22,2026-07-10 10:05:01,2025-05-30 21:05:01
769018,6694847,0,,2026-07-30 16:05:01,
10126551,6694847,16777473,2026-07-30 14:47:22,2026-07-10 10:05:01,2025-05-22 20:05:01
10126551,5952301,16777473,2026-07-30 14:47:22,2026-07-10 10:05:01,2024-11-22 10:05:01
369429,5763350,1,2026-07-30 01:05:01,2026-07-30 16:05:01,2024-10-26 02:05:01
9423019,5763350,1,2026-04-08 02:05:02,2026-07-30 16:05:01,2024-02-05 04:04:00
10126551,5763350,16777473,2026-07-30 14:47:22,2026-07-26 01:05:02,2024-11-22 10:05:01
10126551,6018408,16777473,2026-07-30 14:47:22,2026-07-10 10:05:01,2024-11-26 13:05:01
10126551,6584535,16777473,2026-07-30 14:47:22,2026-07-10 10:05:01,2024-11-25 15:05:01
10126551,5386568,16777473,2026-07-30 14:47:22,2026-07-10 10:05:01,2024-11-26 13:05:01
29292320,5386568,0,,2026-07-30 16:05:01,
670524,5352488,0,,2026-07-30 16:05:01,
10126551,5352488,16777473,2026-07-30 14:47:22,2026-07-10 10:05:01,2024-11-22 10:05:01
10126551,3310349,16777473,2026-07-30 14:47:22,2026-07-27 01:05:02,2024-11-26 13:05:01
2172910,5882758,0,,2026-07-30 16:05:01,
10126551,5882758,16777473,2026-07-30 14:47:22,2026-07-10 10:05:01,2024-11-26 13:05:01
369429,2514439,1,2026-07-30 01:05:01,2026-07-30 16:05:01,2024-03-08 03:46:00
9423019,2514439,1,2026-04-08 02:05:02,2026-07-30 16:05:01,2024-02-05 04:04:00
10126551,2514439,16777473,2026-07-30 14:47:22,2026-07-28 02:05:01,2024-11-22 10:05:01
10126551,6680425,16777473,2026-07-30 14:47:22,2026-07-10 10:05:01,2025-04-19 16:05:01
10126551,5655578,16777473,2026-07-30 14:47:22,2026-07-26 02:05:01,2024-11-22 10:05:01
12240987,5655578,1,2026-06-01 22:05:01,2026-07-30 16:05:01,2024-02-24 23:55:00
9423019,4641889,1,2026-04-08 02:05:02,2026-07-30 16:05:01,2024-02-05 04:04:00
10126551,4641889,16777473,2026-07-30 14:47:22,2026-07-27 02:05:01,2024-11-22 10:05:01
369429,5026710,1,2026-07-30 01:05:01,2026-07-10 11:05:01,2024-02-24 09:50:00
2172910,5026710,0,,2026-07-30 16:05:01,
10126551,5026710,16777473,2026-07-30 14:47:22,2026-07-10 10:05:01,2024-11-26 13:05:01
12240987,5026710,1,2026-06-01 22:05:01,2026-07-30 16:05:01,2024-07-03 23:55:12
10126551,5043559,16777473,2026-07-30 14:47:22,2026-07-10 10:05:01,2024-11-22 10:05:01
23417076,5043559,1,2026-05-08 19:05:01,2026-07-16 22:05:01,2025-12-04 15:05:01
2172910,5197811,0,,2026-07-30 16:05:01,
10126551,5197811,16777473,2026-07-30 14:47:22,2026-07-10 10:05:01,2024-11-22 10:05:01
369429,5429336,1,2026-07-30 01:05:01,2026-07-30 16:05:01,2024-02-24 09:50:00
670524,5429336,1,2026-03-11 10:26:57,2026-07-30 16:05:01,2025-04-03 02:05:01
2172910,5429336,0,,2026-07-30 16:05:01,
10126551,5429336,16777473,2026-07-30 14:47:22,2026-07-10 10:05:01,2024-11-26 13:05:01
10126551,5449859,16777473,2026-07-30 14:47:22,2026-07-10 11:05:01,2024-11-22 10:05:01
10126551,5452117,16777473,2026-07-30 14:47:22,2026-07-10 10:05:01,2024-11-22 10:05:01
670524,5511482,1,2026-03-11 10:26:57,2026-07-30 16:05:01,2025-08-05 06:05:01
10126551,5511482,16777473,2026-07-30 14:47:22,2026-07-10 10:05:01,2024-11-22 10:05:01
369429,5732741,1,2026-07-30 01:05:01,2026-07-30 16:05:01,2024-02-24 09:50:00
10126551,5732741,16777473,2026-07-30 14:47:22,2026-07-30 16:05:01,2024-11-22 10:05:01
10126551,5917165,16777473,2026-07-30 14:47:22,2026-07-10 10:05:01,2024-11-25 15:05:01
769018,5936492,0,,2026-07-30 16:05:01,
10126551,5936492,16777473,2026-07-30 14:47:22,2026-07-10 10:05:01,2024-11-26 13:05:01
46658122,5936492,0,,2026-07-30 16:05:01,
10126551,5995744,16777473,2026-07-30 14:47:22,2026-07-10 10:05:01,2024-11-22 10:05:01
10126551,5996765,16777473,2026-07-30 14:47:22,2026-07-10 10:05:01,2024-11-22 10:05:01
10126551,6247733,16777473,2026-07-30 14:47:22,2026-07-10 10:05:01,2024-11-22 10:05:01
10126551,6253816,16777473,2026-07-30 14:47:22,2026-07-10 10:05:01,2024-11-25 15:05:01
369429,6380977,1,2026-07-30 01:05:01,2026-07-30 16:05:01,2024-04-20 18:55:00
9423019,6380977,1,2026-04-08 02:05:02,2026-07-30 16:05:01,2024-02-05 04:04:00
10126551,6380977,16777473,2026-07-30 14:47:22,2026-07-28 23:05:01,2024-11-22 10:05:01
10126551,6391571,16777473,2026-07-30 14:47:22,2026-07-10 10:05:01,2024-11-22 10:05:01
10126551,6392205,16777473,2026-07-30 14:47:22,2026-07-10 10:05:01,2024-11-26 13:05:01
10126551,6392756,16777473,2026-07-30 14:47:22,2026-07-10 10:05:01,2024-11-22 10:05:01
10126551,6568151,16777473,2026-07-30 14:47:22,2026-07-10 10:05:01,2024-11-22 10:05:01
10126551,6570893,16777473,2026-07-30 14:47:22,2026-07-10 10:05:01,2024-11-22 10:05:01
10126551,6571088,16777473,2026-07-30 14:47:22,2026-07-10 10:05:01,2024-11-22 10:05:01
10126551,6597022,16777473,2026-07-30 14:47:22,2026-07-10 10:05:01,2025-04-18 21:05:01
10126551,6623102,16777473,2026-07-30 14:47:22,2026-07-10 10:05:01,2025-01-05 19:05:01
10126551,6642360,16777473,2026-07-30 14:47:22,2026-07-10 10:05:01,2025-04-17 06:05:01
10126551,6672278,16777473,2026-07-30 14:47:22,2026-07-10 10:05:01,2025-07-01 09:05:01
18268515,6672278,0,,2026-07-30 16:05:01,
10126551,6836007,16777473,2026-07-30 14:47:22,2026-07-10 10:05:01,2026-04-02 17:05:01
10126551,6853420,16777473,2026-07-30 14:47:22,2026-07-20 07:05:01,2026-05-07 20:05:01
10126551,6855079,16777473,2026-07-30 14:47:22,2026-07-10 10:05:01,2026-05-08 20:05:01
