user_id,topic_id,status,last_update_time,last_seeded_time,first_update_time
184183,4789812,1,2026-07-25 00:05:01,2026-07-25 20:05:01,2024-02-10 14:00:00
10126551,4789812,16777473,2026-07-30 14:47:22,2026-07-30 16:05:01,2025-07-02 09:05:01
12438231,4789812,1,2026-07-30 01:05:01,2026-07-30 16:05:01,2024-12-08 03:05:01
369429,4806229,1,2026-07-30 01:05:01,2026-07-30 16:05:01,2024-02-24 09:50:00
10126551,4806229,16777473,2026-07-30 14:47:22,2026-07-27 02:05:01,2025-07-02 12:05:01
12438231,4806229,1,2026-07-30 01:05:01,2026-07-30 16:05:01,2024-12-08 03:05:01
184183,4823610,1,2026-07-25 00:05:01,2026-07-25 20:05:01,2024-02-10 14:00:00
10126551,4823610,16777473,2026-07-30 14:47:22,2026-07-30 16:05:01,2025-07-04 19:05:01
12438231,4823610,1,2026-07-30 01:05:01,2026-07-30 16:05:01,2024-12-08 03:05:01
184183,4900902,1,2026-07-25 00:05:01,2026-07-25 19:05:01,2024-02-10 14:00:00
369429,4900902,1,2026-07-30 01:05:01,2026-07-30 16:05:01,2024-08-22 02:02:40
10126551,4900902,16777473,2026-07-30 14:47:22,2026-07-28 02:05:01,2025-07-02 09:05:01
12438231,4900902,1,2026-07-30 01:05:01,2026-07-30 16:05:01,2024-12-08 03:05:01
184183,4947320,1,2026-07-25 00:05:01,2026-07-25 19:05:01,2024-02-10 14:00:00
369429,4947320,1,2026-07-30 01:05:01,2026-07-30 16:05:01,2024-02-24 09:50:00
10126551,4947320,16777473,2026-07-30 14:47:22,2026-07-27 03:05:01,2025-07-02 09:05:01
12438231,4947320,1,2026-07-30 01:05:01,2026-07-30 16:05:01,2024-12-08 03:05:01
184183,4976191,1,2026-07-25 00:05:01,2026-07-25 19:05:01,2024-02-10 14:00:00
10126551,4976191,16777473,2026-07-30 14:47:22,2026-07-30 16:05:01,2025-07-02 09:05:01
12438231,4976191,1,2026-07-30 01:05:01,2026-07-30 16:05:01,2024-12-08 03:05:01
184183,5336741,1,2026-07-25 00:05:01,2026-07-25 19:05:01,2024-02-10 14:00:00
10126551,5336741,16777473,2026-07-30 14:47:22,2026-07-30 16:05:01,2025-07-02 09:05:01
12438231,5336741,1,2026-07-30 01:05:01,2026-07-30 16:05:01,2024-12-08 03:05:01
184183,5336759,1,2026-07-25 00:05:01,2026-07-25 20:05:01,2024-02-10 14:00:00
10126551,5336759,16777473,2026-07-30 14:47:22,2026-07-30 16:05:01,2025-07-02 09:05:01
12438231,5336759,1,2026-07-30 01:05:01,2026-07-30 16:05:01,2024-12-08 03:05:01
184183,5422440,1,2026-07-25 00:05:01,2026-07-25 19:05:01,2024-02-10 14:00:00
369429,5422440,1,2026-07-30 01:05:01,2026-07-30 16:05:01,2024-08-22 02:02:40
10126551,5422440,16777473,2026-07-30 14:47:22,2026-07-30 04:05:01,2025-07-04 19:05:01
12438231,5422440,1,2026-07-30 01:05:01,2026-07-30 16:05:01,2024-12-08 03:05:01
10126551,5438293,16777473,2026-07-30 14:47:22,2026-07-10 10:05:01,2025-07-03 21:05:01
12438231,5438293,1,2026-07-30 01:05:01,2026-07-26 04:05:01,2024-12-08 03:05:01
27746861,5438293,1,2026-07-29 17:05:01,2026-07-29 16:05:01,2025-05-21 06:05:01
369429,5544755,1,2026-07-30 01:05:01,2026-07-30 16:05:01,2024-02-24 09:50:00
10126551,5544755,16777473,2026-07-30 14:47:22,2026-07-26 22:05:01,2025-07-03 21:05:01
12438231,5544755,1,2026-07-30 01:05:01,2026-07-30 16:05:01,2024-12-08 03:05:01
27746861,5544755,1,2026-07-29 17:05:01,2026-07-30 16:05:01,2024-02-21 14:19:00
184183,5564536,1,2026-07-25 00:05:01,2026-07-25 19:05:01,2024-02-10 14:00:00
10126551,5564536,16777473,2026-07-30 14:47:22,2026-07-26 02:05:01,2025-07-04 19:05:01
12438231,5564536,1,2026-07-30 01:05:01,2026-07-30 16:05:01,2024-12-08 03:05:01
369429,5566358,1,2026-07-30 01:05:01,2026-07-30 16:05:01,2024-02-24 09:50:00
10126551,5566358,16777473,2026-07-30 14:47:22,2026-07-30 04:05:01,2025-07-04 19:05:01
12438231,5566358,1,2026-07-30 01:05:01,2026-07-30 16:05:01,2024-12-08 03:05:01
184183,5576556,1,2026-07-25 00:05:01,2026-07-25 19:05:01,2024-02-10 14:00:00
10126551,5576556,16777473,2026-07-30 14:47:22,2026-07-30 16:05:01,2025-07-02 09:05:01
12438231,5576556,1,2026-07-30 01:05:01,2026-07-30 16:05:01,2024-12-08 03:05:01
25040797,5576556,1,2026-02-12 07:05:01,2026-07-30 16:05:01,2024-02-23 21:00:00
184183,5597918,1,2026-07-25 00:05:01,2026-07-25 19:05:01,2024-02-10 14:00:00
10126551,5597918,16777473,2026-07-30 14:47:22,2026-07-30 06:05:01,2025-07-02 09:05:01
12438231,5597918,1,2026-07-30 01:05:01,2026-07-30 16:05:01,2024-12-08 03:05:01
27746861,5597918,1,2026-07-29 17:05:01,2026-07-30 16:05:01,2024-02-21 14:19:00
369429,5600805,1,2026-07-30 01:05:01,2026-07-30 15:05:01,2024-02-24 09:50:00
10126551,5600805,16777473,2026-07-30 14:47:22,2026-07-30 01:05:01,2025-07-04 19:05:01
12438231,5600805,1,2026-07-30 01:05:01,2026-07-30 16:05:01,2024-12-08 03:05:01
19499816,5600805,1,2026-07-30 00:05:01,2026-07-30 07:05:01,2025-09-16 00:05:01
369429,5604046,1,2026-07-30 01:05:01,2026-07-23 15:07:55,2024-02-24 09:50:00
10126551,5604046,16777473,2026-07-30 14:47:22,2026-07-10 10:05:01,2025-07-02 12:05:01
12438231,5604046,1,2026-07-30 01:05:01,2026-07-30 16:05:01,2024-12-08 03:05:01
27746861,5604046,1,2026-07-29 17:05:01,2026-07-29 16:05:01,2024-02-21 14:19:00
369429,5625535,1,2026-07-30 01:05:01,2026-07-30 16:05:01,2024-02-24 09:50:00
10126551,5625535,16777473,2026-07-30 14:47:22,2026-07-28 02:05:01,2025-07-05 19:05:01
12438231,5625535,1,2026-07-30 01:05:01,2026-07-30 16:05:01,2024-12-08 03:05:01
27746861,5625535,1,2026-07-29 17:05:01,2026-07-30 16:05:01,2024-02-21 14:19:00
184183,5101041,1,2026-07-25 00:05:01,2026-07-10 10:05:01,2024-02-10 14:00:00
10126551,5101041,16777473,2026-07-30 14:47:22,2026-07-10 10:05:01,2025-07-04 19:05:01
12438231,5101041,1,2026-07-30 01:05:01,2026-07-20 04:05:01,2024-12-08 03:05:01
184183,5257875,1,2026-07-25 00:05:01,2026-07-25 20:05:01,2024-02-10 14:00:00
369429,5257875,1,2026-07-30 01:05:01,2026-07-30 16:05:01,2024-05-12 14:12:43
10126551,5257875,16777473,2026-07-30 14:47:22,2026-07-30 04:05:01,2025-07-02 09:05:01
12438231,5257875,1,2026-07-30 01:05:01,2026-07-30 16:05:01,2024-12-08 03:05:01
369429,5655041,1,2026-07-30 01:05:01,2026-07-30 16:05:01,2024-02-24 09:50:00
10126551,5655041,16777473,2026-07-30 14:47:22,2026-07-28 02:05:01,2025-07-04 19:05:01
12438231,5655041,1,2026-07-30 01:05:01,2026-07-30 16:05:01,2024-12-08 03:05:01
184183,5655323,1,2026-07-25 00:05:01,2026-07-25 19:05:01,2024-02-10 14:00:00
369429,5655323,1,2026-07-30 01:05:01,2026-07-30 16:05:01,2024-02-24 09:50:00
10126551,5655323,16777473,2026-07-30 14:47:22,2026-07-28 02:05:01,2025-07-02 09:05:01
12438231,5655323,1,2026-07-30 01:05:01,2026-07-30 16:05:01,2024-12-08 03:05:01
9423019,5659588,1,2026-04-08 02:05:02,2026-07-30 16:05:01,2024-02-05 04:04:00
10126551,5659588,16777473,2026-07-30 14:47:22,2026-07-30 04:05:01,2025-07-04 19:05:01
12438231,5659588,1,2026-07-30 01:05:01,2026-07-30 16:05:01,2024-12-08 03:05:01
27746861,5659588,1,2026-07-29 17:05:01,2026-07-30 16:05:01,2024-02-21 14:19:00
6449581,5670286,1,2026-07-15 04:24:18,2026-07-30 12:05:01,2024-02-19 00:00:00
7778569,5670286,65537,2024-02-15 23:55:00,2026-07-29 04:05:01,2024-02-15 23:55:00
10126551,5670286,16777473,2026-07-30 14:47:22,2026-07-10 10:05:01,2025-07-02 09:05:01
12438231,5670286,1,2026-07-30 01:05:01,2026-07-30 16:05:01,2024-12-08 03:05:01
9423019,5681325,1,2026-04-08 02:05:02,2026-07-30 16:05:01,2024-02-05 04:04:00
10126551,5681325,16777473,2026-07-30 14:47:22,2026-07-30 04:05:01,2025-07-02 12:05:01
12438231,5681325,1,2026-07-30 01:05:01,2026-07-30 16:05:01,2024-12-08 03:05:01
27746861,5681325,1,2026-07-29 17:05:01,2026-07-30 16:05:01,2024-02-21 14:19:00
369429,5682431,1,2026-07-30 01:05:01,2026-07-30 16:05:01,2024-05-12 14:12:43
10126551,5682431,16777473,2026-07-30 14:47:22,2026-07-28 02:05:01,2025-07-02 12:05:01
12438231,5682431,1,2026-07-30 01:05:01,2026-07-30 16:05:01,2024-12-08 03:05:01
27746861,5682431,1,2026-07-29 17:05:01,2026-07-30 16:05:01,2024-02-21 14:19:00
184183,5688738,1,2026-07-25 00:05:01,2026-07-25 20:05:01,2024-02-10 14:00:00
10126551,5688738,16777473,2026-07-30 14:47:22,2026-07-30 16:05:01,2025-07-02 09:05:01
12438231,5688738,1,2026-07-30 01:05:01,2026-07-30 16:05:01,2024-12-08 03:05:01
25040797,5688738,1,2026-02-12 07:05:01,2026-07-30 16:05:01,2024-02-23 21:00:00
184183,5695834,1,2026-07-25 00:05:01,2026-07-25 19:05:01,2024-02-10 14:00:00
10126551,5695834,16777473,2026-07-30 14:47:22,2026-07-30 15:05:01,2025-07-02 09:05:01
12438231,5695834,1,2026-07-30 01:05:01,2026-07-30 16:05:01,2024-12-08 03:05:01
25040797,5695834,1,2026-02-12 07:05:01,2026-07-30 16:05:01,2024-02-23 21:00:00
9423019,5696046,1,2026-04-08 02:05:02,2026-07-30 16:05:01,2024-02-05 04:04:00
10126551,5696046,16777473,2026-07-30 14:47:22,2026-07-30 04:05:01,2025-07-02 12:05:01
12438231,5696046,1,2026-07-30 01:05:01,2026-07-30 16:05:01,2024-12-08 03:05:01
27746861,5696046,1,2026-07-29 17:05:01,2026-07-30 16:05:01,2024-02-21 14:19:00
184183,5704278,1,2026-07-25 00:05:01,2026-07-25 19:05:01,2024-02-10 14:00:00
10126551,5704278,16777473,2026-07-30 14:47:22,2026-07-30 16:05:01,2025-07-02 12:05:01
12438231,5704278,1,2026-07-30 01:05:01,2026-07-30 16:05:01,2024-12-08 03:05:01
6449581,5719064,1,2026-07-15 04:24:18,2026-07-30 13:05:01,2024-02-19 00:00:00
10126551,5719064,16777473,2026-07-30 14:47:22,2026-07-26 02:05:01,2025-07-05 19:05:01
12438231,5719064,1,2026-07-30 01:05:01,2026-07-30 16:05:01,2024-12-08 03:05:01
27746861,5719064,1,2026-07-29 17:05:01,2026-07-30 16:05:01,2024-02-21 14:19:00
184183,5756705,1,2026-07-25 00:05:01,2026-07-25 19:05:01,2024-02-10 14:00:00
10126551,5756705,16777473,2026-07-30 14:47:22,2026-07-29 04:05:01,2025-07-02 12:05:01
12438231,5756705,1,2026-07-30 01:05:01,2026-07-30 16:05:01,2024-12-08 03:05:01
6449581,5759153,1,2026-07-15 04:24:18,2026-07-30 13:05:01,2024-02-19 00:00:00
10126551,5759153,16777473,2026-07-30 14:47:22,2026-07-29 23:05:01,2025-07-02 12:05:01
12438231,5759153,1,2026-07-30 01:05:01,2026-07-30 16:05:01,2024-12-08 03:05:01
27746861,5759153,1,2026-07-29 17:05:01,2026-07-30 16:05:01,2024-02-21 14:19:00
369429,5778257,1,2026-07-30 01:05:01,2026-07-10 11:05:01,2024-02-24 09:50:00
769018,5778257,0,,2026-07-30 16:05:01,
10126551,5778257,16777473,2026-07-30 14:47:22,2026-07-10 10:05:01,2025-07-03 21:05:01
12438231,5778257,1,2026-07-30 01:05:01,2026-07-20 03:05:01,2024-12-08 03:05:01
369429,5577281,1,2026-07-30 01:05:01,2026-07-30 16:05:01,2024-02-24 09:50:00
10126551,5577281,16777473,2026-07-30 14:47:22,2026-07-30 03:05:02,2025-07-02 12:05:01
12438231,5577281,1,2026-07-30 01:05:01,2026-07-30 16:05:01,2024-12-08 03:05:01
27746861,5577281,1,2026-07-29 17:05:01,2026-07-30 16:05:01,2024-02-21 14:19:00
184183,5686014,1,2026-07-25 00:05:01,2026-07-25 19:05:01,2024-02-10 14:00:00
369429,5686014,1,2026-07-30 01:05:01,2026-07-30 16:05:01,2024-05-11 20:27:36
10126551,5686014,16777473,2026-07-30 14:47:22,2026-07-30 04:05:01,2025-07-02 09:05:01
12438231,5686014,1,2026-07-30 01:05:01,2026-07-30 16:05:01,2024-12-08 03:05:01
10126551,5889263,16777473,2026-07-30 14:47:22,2026-07-10 10:05:01,2025-07-04 19:05:01
12438231,5889263,1,2026-07-30 01:05:01,2026-07-30 15:05:01,2024-12-08 03:05:01
27746861,5889263,1,2026-07-29 17:05:01,2026-07-30 09:05:01,2025-05-21 06:05:01
369429,5892157,1,2026-07-30 01:05:01,2026-07-30 16:05:01,2024-06-03 20:56:13
9423019,5892157,1,2026-04-08 02:05:02,2026-07-30 16:05:01,2024-02-05 04:04:00
10126551,5892157,16777473,2026-07-30 14:47:22,2026-07-28 02:05:01,2025-07-03 21:05:01
12438231,5892157,1,2026-07-30 01:05:01,2026-07-30 16:05:01,2024-12-08 03:05:01
184183,5745698,1,2026-07-25 00:05:01,2026-07-25 19:05:01,2024-02-10 14:00:00
10126551,5745698,16777473,2026-07-30 14:47:22,2026-07-30 16:05:01,2025-07-02 12:05:01
12438231,5745698,1,2026-07-30 01:05:01,2026-07-30 16:05:01,2024-12-08 03:05:01
27746861,5745698,1,2026-07-29 17:05:01,2026-07-30 16:05:01,2024-02-21 14:19:00
184183,5896752,1,2026-07-25 00:05:01,2026-07-25 19:05:01,2024-02-10 14:00:00
369429,5896752,1,2026-07-30 01:05:01,2026-07-30 16:05:01,2024-02-24 09:50:00
10126551,5896752,16777473,2026-07-30 14:47:22,2026-07-27 02:05:01,2025-07-02 09:05:01
12438231,5896752,1,2026-07-30 01:05:01,2026-07-30 16:05:01,2024-12-08 03:05:01
10126551,5939719,16777473,2026-07-30 14:47:22,2026-07-10 10:05:01,2025-07-03 21:05:01
12438231,5939719,1,2026-07-30 01:05:01,2026-07-29 09:05:01,2024-12-08 03:05:01
10126551,5945226,16777473,2026-07-30 14:47:22,2026-07-10 10:05:01,2025-07-04 19:05:01
12438231,5945226,1,2026-07-30 01:05:01,2026-07-20 04:05:01,2024-12-08 03:05:01
27746861,5945226,1,2026-07-29 17:05:01,2026-07-29 16:05:01,2024-02-21 14:19:00
6449581,5984875,1,2026-07-15 04:24:18,2026-07-30 12:05:01,2024-02-19 00:00:00
10126551,5984875,16777473,2026-07-30 14:47:22,2026-07-30 16:05:01,2025-07-04 19:05:01
12438231,5984875,1,2026-07-30 01:05:01,2026-07-30 16:05:01,2024-12-08 03:05:01
10126551,5999960,16777473,2026-07-30 14:47:22,2026-07-10 11:05:01,2025-07-03 21:05:01
12438231,5999960,1,2026-07-30 01:05:01,2026-07-30 16:05:01,2024-12-08 03:05:01
10126551,6001857,16777473,2026-07-30 14:47:22,2026-07-10 10:05:01,2025-07-02 12:05:01
12438231,6001857,1,2026-07-30 01:05:01,2026-07-20 03:05:01,2024-12-08 03:05:01
10126551,6013549,16777473,2026-07-30 14:47:22,2026-07-10 10:05:01,2025-07-04 19:05:01
12438231,6013549,1,2026-07-30 01:05:01,2026-07-20 03:05:01,2024-12-08 03:05:01
9423019,6018688,1,2026-04-08 02:05:02,2026-07-30 16:05:01,2024-02-05 04:04:00
10126551,6018688,16777473,2026-07-30 14:47:22,2026-07-27 04:05:01,2025-07-04 19:05:01
12438231,6018688,1,2026-07-30 01:05:01,2026-07-30 16:05:01,2024-12-08 03:05:01
27746861,6018688,1,2026-07-29 17:05:01,2026-07-30 16:05:01,2024-02-21 14:19:00
10126551,6018833,16777473,2026-07-30 14:47:22,2026-07-28 04:05:01,2025-07-02 12:05:01
12438231,6018833,1,2026-07-30 01:05:01,2026-07-30 16:05:01,2024-12-08 03:05:01
27746861,6018833,1,2026-07-29 17:05:01,2026-07-30 11:05:01,2024-02-21 14:19:00
184183,6032321,1,2026-07-25 00:05:01,2026-07-25 19:05:01,2024-02-10 14:00:00
10126551,6032321,16777473,2026-07-30 14:47:22,2026-07-30 16:05:01,2025-07-02 12:05:01
12438231,6032321,1,2026-07-30 01:05:01,2026-07-30 16:05:01,2024-12-08 03:05:01
184183,6062728,1,2026-07-25 00:05:01,2026-07-25 19:05:01,2024-02-10 14:00:00
10126551,6062728,16777473,2026-07-30 14:47:22,2026-07-30 15:05:01,2025-07-05 19:05:01
12438231,6062728,1,2026-07-30 01:05:01,2026-07-30 16:05:01,2024-12-08 03:05:01
10126551,6063619,16777473,2026-07-30 14:47:22,2026-07-10 10:05:01,2025-07-02 12:05:01
12438231,6063619,1,2026-07-30 01:05:01,2026-07-30 16:05:01,2024-12-08 03:05:01
27746861,6063619,1,2026-07-29 17:05:01,2026-07-29 18:05:01,2024-02-21 14:19:00
184183,6105008,1,2026-07-25 00:05:01,2026-07-25 19:05:01,2024-02-10 14:00:00
10126551,6105008,16777473,2026-07-30 14:47:22,2026-07-28 02:05:01,2025-07-04 19:05:01
12438231,6105008,1,2026-07-30 01:05:01,2026-07-30 16:05:01,2024-12-08 03:05:01
10126551,6105091,16777473,2026-07-30 14:47:22,2026-07-10 10:05:01,2025-07-03 21:05:01
12438231,6105091,1,2026-07-30 01:05:01,2026-07-20 03:05:01,2024-12-08 03:05:01
10126551,6158786,16777473,2026-07-30 14:47:22,2026-07-10 10:05:01,2025-07-04 19:05:01
12438231,6158786,1,2026-07-30 01:05:01,2026-07-23 12:33:25,2024-12-08 03:05:01
369429,6177403,1,2026-07-30 01:05:01,2026-07-30 16:05:01,2024-02-24 09:50:00
10126551,6177403,16777473,2026-07-30 14:47:22,2026-07-28 02:05:01,2025-07-02 09:05:01
12438231,6177403,1,2026-07-30 01:05:01,2026-07-30 16:05:01,2024-12-08 03:05:01
369429,6206640,1,2026-07-30 01:05:01,2026-07-30 16:05:01,2024-02-24 09:50:00
10126551,6206640,16777473,2026-07-30 14:47:22,2026-07-28 02:05:01,2025-07-04 19:05:01
12438231,6206640,1,2026-07-30 01:05:01,2026-07-30 16:05:01,2024-12-08 03:05:01
27746861,6206640,1,2026-07-29 17:05:01,2026-07-30 16:05:01,2024-02-21 14:19:00
369429,6208101,1,2026-07-30 01:05:01,2026-07-30 16:05:01,2024-02-24 09:50:00
10126551,6208101,16777473,2026-07-30 14:47:22,2026-07-28 02:05:01,2025-07-02 12:05:01
12438231,6208101,1,2026-07-30 01:05:01,2026-07-30 16:05:01,2024-12-08 03:05:01
27746861,6208101,1,2026-07-29 17:05:01,2026-07-30 16:05:01,2024-02-21 14:19:00
369429,6212776,1,2026-07-30 01:05:01,2026-07-30 16:05:01,2024-02-24 09:50:00
10126551,6212776,16777473,2026-07-30 14:47:22,2026-07-10 11:05:01,2025-07-02 12:05:01
12438231,6212776,1,2026-07-30 01:05:01,2026-07-30 16:05:01,2024-12-08 03:05:01
10126551,6255242,16777473,2026-07-30 14:47:22,2026-07-10 10:05:01,2025-07-02 09:05:01
12438231,6255242,1,2026-07-30 01:05:01,2026-07-30 05:05:01,2024-12-08 03:05:01
27746861,6255242,1,2026-07-29 17:05:01,2026-07-29 16:05:01,2024-02-21 14:19:00
184183,6032624,1,2026-07-25 00:05:01,2026-07-25 20:05:01,2024-02-10 14:00:00
369429,6032624,1,2026-07-30 01:05:01,2026-07-30 16:05:01,2024-06-03 20:56:13
10126551,6032624,16777473,2026-07-30 14:47:22,2026-07-28 04:05:01,2025-07-02 09:05:01
12438231,6032624,1,2026-07-30 01:05:01,2026-07-30 16:05:01,2024-12-08 03:05:01
369429,6304629,1,2026-07-30 01:05:01,2026-07-30 09:05:01,2024-02-24 09:50:00
10126551,6304629,16777473,2026-07-30 14:47:22,2026-07-10 11:05:01,2025-07-04 19:05:01
12438231,6304629,1,2026-07-30 01:05:01,2026-07-30 16:05:01,2024-12-08 03:05:01
10126551,6309889,16777473,2026-07-30 14:47:22,2026-07-30 04:05:01,2025-07-02 12:05:01
12438231,6309889,1,2026-07-30 01:05:01,2026-07-30 16:05:01,2024-12-08 03:05:01
27746861,6309889,1,2026-07-29 17:05:01,2026-07-30 16:05:01,2024-02-21 14:19:00
10126551,6322096,16777473,2026-07-30 14:47:22,2026-07-30 04:05:01,2025-07-02 12:05:01
12438231,6322096,1,2026-07-30 01:05:01,2026-07-30 16:05:01,2024-12-08 03:05:01
10126551,6342570,16777473,2026-07-30 14:47:22,2026-07-10 10:05:01,2025-07-04 19:05:01
12438231,6342570,1,2026-07-30 01:05:01,2026-07-30 16:05:01,2024-12-08 03:05:01
27746861,6342570,1,2026-07-29 17:05:01,2026-07-29 16:05:01,2024-02-21 14:19:00
10126551,6458031,16777473,2026-07-30 14:47:22,2026-07-10 10:05:01,2025-07-04 19:05:01
12438231,6458031,1,2026-07-30 01:05:01,2026-07-20 03:05:01,2024-12-08 03:05:01
27746861,6458031,1,2026-07-29 17:05:01,2026-07-29 16:05:01,2025-05-21 06:05:01
10126551,6463804,16777473,2026-07-30 14:47:22,2026-07-10 10:05:01,2025-07-02 09:05:01
12438231,6463804,1,2026-07-30 01:05:01,2026-07-20 03:05:01,2024-12-08 03:05:01
27746861,6463804,1,2026-07-29 17:05:01,2026-07-29 16:05:01,2025-05-21 06:05:01
10126551,6468083,16777473,2026-07-30 14:47:22,2026-07-10 11:05:01,2025-07-02 12:05:01
12438231,6468083,1,2026-07-30 01:05:01,2026-07-30 16:05:01,2024-12-08 03:05:01
27746861,6468083,1,2026-07-29 17:05:01,2026-07-30 09:05:01,2025-05-21 06:05:01
184183,5648860,1,2026-07-25 00:05:01,2026-07-25 19:05:01,2024-02-10 14:00:00
10126551,5648860,16777473,2026-07-30 14:47:22,2026-07-30 15:05:01,2025-07-02 09:05:01
12438231,5648860,1,2026-07-30 01:05:01,2026-07-30 16:05:01,2024-12-08 03:05:01
1140687,6497197,1,2026-07-30 00:05:01,2026-07-30 10:05:01,2024-07-25 02:00:34
10126551,6497197,16777473,2026-07-30 14:47:22,2026-07-11 07:05:01,2025-07-05 19:05:01
12438231,6497197,1,2026-07-30 01:05:01,2026-07-30 15:05:01,2024-12-08 03:05:01
10126551,6497715,16777473,2026-07-30 14:47:22,2026-07-10 10:05:01,2025-07-04 19:05:01
12438231,6497715,1,2026-07-30 01:05:01,2026-07-30 10:05:01,2024-12-08 03:05:01
27746861,6497715,1,2026-07-29 17:05:01,2026-07-29 16:05:01,2025-05-21 06:05:01
1140687,6539324,1,2026-07-30 00:05:01,2026-07-30 10:05:01,2024-07-25 02:00:34
10126551,6539324,16777473,2026-07-30 14:47:22,2026-07-26 04:05:01,2025-07-04 19:05:01
12438231,6539324,1,2026-07-30 01:05:01,2026-07-30 16:05:01,2024-12-08 03:05:01
10126551,6539410,16777473,2026-07-30 14:47:22,2026-07-10 10:05:01,2025-07-02 09:05:01
12438231,6539410,1,2026-07-30 01:05:01,2026-07-20 03:05:01,2024-12-08 03:05:01
29292320,6539410,1,2024-08-26 18:49:17,2026-07-30 16:05:01,2024-08-12 16:10:29
1140687,6555178,1,2026-07-30 00:05:01,2026-07-30 10:05:01,2024-08-25 01:04:12
10126551,6555178,16777473,2026-07-30 14:47:22,2026-07-10 10:05:01,2025-07-02 12:05:01
12438231,6555178,1,2026-07-30 01:05:01,2026-07-30 16:05:01,2025-02-14 02:05:01
1140687,6566383,1,2026-07-30 00:05:01,2026-07-30 10:05:01,2024-09-01 01:05:01
10126551,6566383,16777473,2026-07-30 14:47:22,2026-07-28 02:05:01,2025-07-03 21:05:01
12438231,6566383,1,2026-07-30 01:05:01,2026-07-30 16:05:01,2024-12-08 03:05:01
1140687,6566385,1,2026-07-30 00:05:01,2026-07-30 10:05:01,2024-09-01 01:05:01
10126551,6566385,16777473,2026-07-30 14:47:22,2026-07-27 22:05:01,2025-07-05 19:05:01
12438231,6566385,1,2026-07-30 01:05:01,2026-07-30 16:05:01,2024-12-08 03:05:01
10126551,6569358,16777473,2026-07-30 14:47:22,2026-07-10 11:05:01,2025-07-03 21:05:01
12438231,6569358,1,2026-07-30 01:05:01,2026-07-30 16:05:01,2024-12-08 03:05:01
27746861,6569358,1,2026-07-29 17:05:01,2026-07-29 16:05:01,2025-05-21 06:05:01
29292320,6569358,0,,2026-07-30 16:05:01,
10126551,6570925,16777473,2026-07-30 14:47:22,2026-07-10 10:05:01,2025-07-04 19:05:01
12438231,6570925,1,2026-07-30 01:05:01,2026-07-30 16:05:01,2024-12-08 03:05:01
27746861,6570925,1,2026-07-29 17:05:01,2026-07-29 16:05:01,2025-05-21 06:05:01
10126551,6604396,16777473,2026-07-30 14:47:22,2026-07-29 03:05:01,2025-07-02 12:05:01
12438231,6604396,1,2026-07-30 01:05:01,2026-07-30 16:05:01,2024-12-08 03:05:01
27746861,6604396,1,2026-07-29 17:05:01,2026-07-30 14:05:02,2025-05-21 06:05:01
10126551,6614391,16777473,2026-07-30 14:47:22,2026-07-28 04:05:01,2025-07-02 09:05:01
12438231,6614391,1,2026-07-30 01:05:01,2026-07-30 16:05:01,2024-12-22 03:05:01
27746861,6614391,1,2026-07-29 17:05:01,2026-07-30 16:05:01,2025-05-21 06:05:01
1140687,6643819,1,2026-07-30 00:05:01,2026-07-30 12:05:01,2025-03-26 01:05:01
10126551,6643819,16777473,2026-07-30 14:47:22,2026-07-30 16:05:01,2025-07-03 21:05:01
12438231,6643819,1,2026-07-30 01:05:01,2026-07-30 16:05:01,2025-02-13 02:05:01
10126551,6139192,16777473,2026-07-30 14:47:22,2026-07-10 10:05:01,2025-07-02 12:05:01
12438231,6139192,1,2026-07-30 01:05:01,2026-07-20 03:05:01,2024-12-08 03:05:01
27746861,6139192,1,2026-07-29 17:05:01,2026-07-29 16:05:01,2025-05-21 06:05:01
10126551,6680775,16777473,2026-07-30 14:47:22,2026-07-10 10:05:01,2025-07-03 21:05:01
12438231,6680775,1,2026-07-30 01:05:01,2026-07-30 10:05:01,2025-04-21 02:05:01
27746861,6680775,1,2026-07-29 17:05:01,2026-07-29 16:05:01,2025-05-21 06:05:01
10126551,6689457,16777473,2026-07-30 14:47:22,2026-07-30 05:05:01,2025-07-02 12:05:01
12438231,6689457,1,2026-07-30 01:05:01,2026-07-30 16:05:01,2025-05-08 02:05:01
10126551,6717173,16777473,2026-07-30 14:47:22,2026-07-30 04:05:01,2026-02-03 21:05:01
12438231,6717173,1,2026-07-30 01:05:01,2026-07-30 16:05:01,2025-07-10 01:05:01
10126551,6719673,16777473,2026-07-30 14:47:22,2026-07-30 04:05:01,2026-02-03 21:05:01
12438231,6719673,1,2026-07-30 01:05:01,2026-07-30 16:05:01,2025-07-16 01:05:01
10126551,6724528,16777473,2026-07-30 14:47:22,2026-07-10 10:05:01,2025-12-22 18:05:01
12438231,6724528,1,2026-07-30 01:05:01,2026-07-30 00:05:01,2025-07-28 01:05:01
1140687,6735491,1,2026-07-30 00:05:01,2026-07-30 12:05:01,2025-08-29 00:05:01
10126551,6735491,16777473,2026-07-30 14:47:22,2026-07-30 16:05:01,2025-08-31 16:05:01
12438231,6735491,1,2026-07-30 01:05:01,2026-07-30 16:05:01,2025-08-24 01:05:01
10126551,6735827,16777473,2026-07-30 14:47:22,2026-07-30 16:05:01,2025-08-27 07:05:01
12438231,6735827,1,2026-07-30 01:05:01,2026-07-30 16:05:01,2025-08-26 01:05:01
10126551,6738643,16777473,2026-07-30 14:47:22,2026-07-10 10:05:01,2025-09-01 18:05:02
12438231,6738643,1,2026-07-30 01:05:01,2026-07-30 16:05:01,2025-09-01 01:05:02
10126551,5796004,16777473,2026-07-30 14:47:22,2026-07-10 10:05:01,2025-07-03 21:05:01
12438231,5796004,1,2026-07-30 01:05:01,2026-07-30 16:05:01,2024-12-08 03:05:01
10126551,6786812,16777473,2026-07-30 14:47:22,2026-07-30 13:05:01,2025-12-24 19:05:02
12438231,6786812,1,2026-07-30 01:05:01,2026-07-30 16:05:01,2025-12-14 00:05:01
10126551,6793671,16777473,2026-07-30 14:47:22,2026-07-10 10:05:01,2026-01-31 08:05:01
12438231,6793671,1,2026-07-30 01:05:01,2026-07-30 16:05:01,2025-12-28 01:05:01
10126551,6793814,16777473,2026-07-30 14:47:22,2026-07-10 10:05:01,2026-01-31 08:05:01
12438231,6793814,1,2026-07-30 01:05:01,2026-07-27 07:09:25,2025-12-29 01:05:01
10126551,6797283,16777473,2026-07-30 14:47:22,2026-07-29 22:05:02,2026-01-31 08:05:01
12438231,6797283,1,2026-07-30 01:05:01,2026-07-30 16:05:01,2026-01-05 01:05:01
10126551,6751650,16777473,2026-07-30 14:47:22,2026-07-10 10:05:01,2025-10-07 22:05:02
12438231,6751650,1,2026-07-30 01:05:01,2026-07-30 16:05:01,2025-10-02 01:05:01
10126551,6821031,16777473,2026-07-30 14:47:22,2026-07-30 08:05:01,2026-03-07 16:05:01
12438231,6821031,1,2026-07-30 01:05:01,2026-07-30 16:05:01,2026-02-27 00:05:01
369429,6105358,1,2026-07-30 01:05:01,2026-07-30 14:05:02,2024-02-24 09:50:00
10126551,6105358,16777473,2026-07-30 14:47:22,2026-07-26 23:05:01,2025-07-02 09:05:01
12438231,6105358,1,2026-07-30 01:05:01,2026-07-30 16:05:01,2024-12-08 03:05:01
27746861,6105358,1,2026-07-29 17:05:01,2026-07-30 13:05:01,2024-02-21 14:19:00
184183,5510676,1,2026-07-25 00:05:01,2026-07-25 19:05:01,2024-02-10 14:00:00
10126551,5510676,16777473,2026-07-30 14:47:22,2026-07-10 11:05:01,2025-07-02 12:05:01
12438231,5510676,1,2026-07-30 01:05:01,2026-07-30 16:05:01,2024-12-08 03:05:01
6449581,5517633,1,2026-07-15 04:24:18,2026-07-30 12:05:01,2024-02-19 00:00:00
10126551,5517633,16777473,2026-07-30 14:47:22,2026-07-30 04:05:01,2025-07-02 12:05:01
12438231,5517633,1,2026-07-30 01:05:01,2026-07-30 16:05:01,2024-12-08 03:05:01
27746861,5517633,1,2026-07-29 17:05:01,2026-07-30 16:05:01,2024-02-21 14:19:00
9423019,6400200,1,2026-04-08 02:05:02,2026-07-30 16:05:01,2024-02-05 04:04:00
10126551,6400200,16777473,2026-07-30 14:47:22,2026-07-30 04:05:01,2025-07-02 09:05:01
12438231,6400200,1,2026-07-30 01:05:01,2026-07-30 16:05:01,2024-12-08 03:05:01
27746861,6400200,1,2026-07-29 17:05:01,2026-07-30 16:05:01,2024-02-21 14:19:00
369429,6413163,1,2026-07-30 01:05:01,2026-07-30 16:05:01,2024-02-24 09:50:00
9423019,6413163,1,2026-04-08 02:05:02,2026-07-30 16:05:01,2024-02-05 04:04:00
10126551,6413163,16777473,2026-07-30 14:47:22,2026-07-28 02:05:01,2025-07-04 19:05:01
12438231,6413163,1,2026-07-30 01:05:01,2026-07-30 16:05:01,2024-12-08 03:05:01
369429,6479216,1,2026-07-30 01:05:01,2026-07-30 16:05:01,2024-02-24 09:50:00
10126551,6479216,16777473,2026-07-30 14:47:22,2026-07-28 02:05:01,2025-07-03 21:05:01
12438231,6479216,1,2026-07-30 01:05:01,2026-07-30 16:05:01,2024-12-08 03:05:01
27746861,6479216,1,2026-07-29 17:05:01,2026-07-30 16:05:01,2024-03-19 18:53:00
10126551,6781068,16777473,2026-07-30 14:47:22,2026-07-10 10:05:01,2026-03-07 07:05:01
12438231,6781068,1,2026-07-30 01:05:01,2026-07-30 16:05:01,2025-12-02 01:05:01
369429,5524388,1,2026-07-30 01:05:01,2026-07-30 16:05:01,2024-02-24 09:50:00
10126551,5524388,16777473,2026-07-30 14:47:22,2026-07-28 02:05:01,2025-07-04 19:05:01
12438231,5524388,1,2026-07-30 01:05:01,2026-07-30 16:05:01,2024-12-08 03:05:01
27746861,5524388,1,2026-07-29 17:05:01,2026-07-30 16:05:01,2024-02-21 14:19:00
369429,4050390,1,2026-07-30 01:05:01,2026-07-30 16:05:01,2024-04-30 21:30:00
10126551,4050390,16777473,2026-07-30 14:47:22,2026-07-28 02:05:01,2025-07-02 12:05:01
12438231,4050390,1,2026-07-30 01:05:01,2026-07-30 16:05:01,2024-12-08 03:05:01
27746861,4050390,1,2026-07-29 17:05:01,2026-07-30 16:05:01,2024-02-21 14:19:00
769018,6278162,0,,2026-07-30 16:05:01,
10126551,6278162,16777473,2026-07-30 14:47:22,2026-07-28 02:05:01,2025-07-02 12:05:01
12438231,6278162,1,2026-07-30 01:05:01,2026-07-30 16:05:01,2024-12-08 03:05:01
27746861,6278162,1,2026-07-29 17:05:01,2026-07-30 16:05:01,2024-02-21 14:19:00
10126551,6290713,16777473,2026-07-30 14:47:22,2026-07-22 07:05:01,2025-07-02 12:05:01
12438231,6290713,1,2026-07-30 01:05:01,2026-07-30 16:05:01,2024-12-08 03:05:01
27746861,6290713,1,2026-07-29 17:05:01,2026-07-30 16:05:01,2024-02-21 14:19:00
10126551,6413391,16777473,2026-07-30 14:47:22,2026-07-30 01:05:01,2025-07-02 12:05:01
12438231,6413391,1,2026-07-30 01:05:01,2026-07-30 16:05:01,2024-12-08 03:05:01
27746861,6413391,1,2026-07-29 17:05:01,2026-07-30 16:05:01,2024-02-21 14:19:00
10126551,6436787,16777473,2026-07-30 14:47:22,2026-07-27 02:05:01,2025-07-04 19:05:01
12438231,6436787,1,2026-07-30 01:05:01,2026-07-30 16:05:01,2024-12-08 03:05:01
27746861,6436787,1,2026-07-29 17:05:01,2026-07-30 11:05:01,2025-05-21 06:05:01
10126551,6439802,16777473,2026-07-30 14:47:22,2026-07-10 10:05:01,2025-07-03 21:05:01
12438231,6439802,1,2026-07-30 01:05:01,2026-07-30 07:05:01,2024-12-08 03:05:01
27746861,6439802,1,2026-07-29 17:05:01,2026-07-29 16:05:01,2025-05-21 06:05:01
1140687,6480917,1,2026-07-30 00:05:01,2026-07-30 10:05:01,2024-06-11 02:00:20
10126551,6480917,16777473,2026-07-30 14:47:22,2026-07-20 14:05:01,2025-07-04 19:05:01
12438231,6480917,1,2026-07-30 01:05:01,2026-07-30 16:05:01,2024-12-08 03:05:01
10126551,6761232,16777473,2026-07-30 14:47:22,2026-07-28 02:05:01,2026-03-07 06:05:01
12438231,6761232,1,2026-07-30 01:05:01,2026-07-30 16:05:01,2025-10-23 02:05:02
10126551,6785972,16777473,2026-07-30 14:47:22,2026-07-20 15:07:11,2026-01-31 08:05:01
12438231,6785972,1,2026-07-30 01:05:01,2026-07-30 16:05:01,2025-12-12 01:05:02
10126551,6786387,16777473,2026-07-30 14:47:22,2026-07-10 10:05:01,2026-03-07 19:05:01
12438231,6786387,1,2026-07-30 01:05:01,2026-07-30 16:05:01,2025-12-14 00:05:01
184183,5715699,1,2026-07-25 00:05:01,2026-07-25 20:05:01,2024-02-10 14:00:00
10126551,5715699,16777473,2026-07-30 14:47:22,2026-07-30 16:05:01,2025-07-02 09:05:01
12438231,5715699,1,2026-07-30 01:05:01,2026-07-30 16:05:01,2024-12-08 03:05:01
10126551,6855068,16777473,2026-07-30 14:47:22,2026-07-10 10:05:01,2026-07-04 12:23:00
12438231,6855068,1,2026-07-30 01:05:01,2026-07-20 03:05:01,2026-05-07 00:05:01
10126551,6860091,16777473,2026-07-30 14:47:22,2026-07-24 04:05:01,2026-07-04 12:23:00
12438231,6860091,1,2026-07-30 01:05:01,2026-07-30 12:05:01,2026-05-19 01:05:01
10126551,6875420,16777473,2026-07-30 14:47:22,2026-07-10 10:05:01,2026-07-04 12:23:00
12438231,6875420,1,2026-07-30 01:05:01,2026-07-26 08:05:01,2026-06-28 01:05:02
10126551,6878089,16777473,2026-07-30 14:47:22,2026-07-30 04:05:01,2026-07-04 12:23:00
12438231,6878089,1,2026-07-30 01:05:01,2026-07-30 16:05:01,2026-07-05 01:05:01
10126551,6863637,16777473,2026-07-30 14:47:22,2026-07-24 04:05:01,2026-07-04 12:23:00
12438231,6863637,1,2026-07-30 01:05:01,2026-07-30 16:05:01,2026-05-28 01:05:01
10126551,6864528,16777473,2026-07-30 14:47:22,2026-07-30 04:05:01,2026-07-04 12:23:00
12438231,6864528,1,2026-07-30 01:05:01,2026-07-30 16:05:01,2026-05-31 01:05:01
10126551,6866478,16777473,2026-07-30 14:47:22,2026-07-27 02:05:01,2026-07-04 12:23:00
12438231,6866478,1,2026-07-30 01:05:01,2026-07-30 16:05:01,2026-06-04 01:05:01
10126551,6881020,16777473,2026-07-30 14:47:22,2026-07-30 15:05:01,2026-07-14 13:05:01
12438231,6881020,1,2026-07-30 01:05:01,2026-07-30 16:05:01,2026-07-12 01:05:01
10126551,6882179,16777473,2026-07-30 14:47:22,2026-07-15 15:05:02,2026-07-15 13:05:01
12438231,6882179,1,2026-07-30 01:05:01,2026-07-23 00:05:01,2026-07-15 01:05:01
10126551,6882148,16777473,2026-07-30 14:47:22,2026-07-15 22:05:01,2026-07-15 19:05:01
12438231,6882148,1,2026-07-30 01:05:01,2026-07-25 09:05:01,2026-07-15 01:05:01
10126551,6883233,16777473,2026-07-30 14:47:22,2026-07-23 10:05:01,2026-07-22 23:36:12
12438231,6883233,1,2026-07-30 01:05:01,2026-07-26 07:05:01,2026-07-18 01:05:01
10126551,6883802,16777473,2026-07-30 14:47:22,2026-07-28 21:05:01,2026-07-28 18:47:21
12438231,6883802,1,2026-07-30 01:05:01,2026-07-26 05:05:01,2026-07-19 01:05:01
1140687,6887055,3,2026-07-30 00:05:01,,2026-07-28 00:05:01
10126551,6887055,16777473,2026-07-30 14:47:22,2026-07-30 15:05:01,2026-07-29 20:45:28
12438231,6887055,1,2026-07-30 01:05:01,2026-07-30 16:05:01,2026-07-27 02:05:01
10126551,5725607,16777473,2026-07-30 14:47:22,2026-07-22 06:05:02,2025-07-05 19:05:01
12438231,5725607,1,2026-07-30 01:05:01,2026-07-30 16:05:01,2024-12-08 03:05:01
27746861,5725607,1,2026-07-29 17:05:01,2026-07-30 16:05:01,2024-02-21 14:19:00
369429,3658198,1,2026-07-30 01:05:01,2026-07-30 16:05:01,2024-02-24 09:50:00
10126551,3658198,16777473,2026-07-30 14:47:22,2026-07-10 10:05:01,2025-07-03 21:05:01
12438231,3658198,1,2026-07-30 01:05:01,2026-07-30 16:05:01,2024-12-08 03:05:01
27746861,3658198,1,2026-07-29 17:05:01,2026-07-30 16:05:01,2024-02-21 14:19:00
10126551,3794995,16777473,2026-07-30 14:47:22,2026-07-29 04:05:01,2025-07-03 21:05:01
12438231,3794995,1,2026-07-30 01:05:01,2026-07-30 16:05:01,2024-12-08 03:05:01
27746861,3794995,1,2026-07-29 17:05:01,2026-07-30 10:05:01,2024-02-21 14:19:00
369429,3854943,1,2026-07-30 01:05:01,2026-07-30 16:05:01,2024-05-08 20:43:00
10126551,3854943,16777473,2026-07-30 14:47:22,2026-07-26 02:05:01,2025-07-02 09:05:01
12438231,3854943,1,2026-07-30 01:05:01,2026-07-30 16:05:01,2024-12-08 03:05:01
27746861,3854943,1,2026-07-29 17:05:01,2026-07-30 16:05:01,2024-02-21 14:19:00
369429,3930172,1,2026-07-30 01:05:01,2026-07-30 16:05:01,2024-07-27 02:03:43
10126551,3930172,16777473,2026-07-30 14:47:22,2026-07-26 23:05:01,2025-07-02 09:05:01
12438231,3930172,1,2026-07-30 01:05:01,2026-07-30 16:05:01,2024-12-08 03:05:01
27746861,3930172,1,2026-07-29 17:05:01,2026-07-30 16:05:01,2024-02-21 14:19:00
369429,3975290,1,2026-07-30 01:05:01,2026-07-30 16:05:01,2024-03-24 12:10:00
10126551,3975290,16777473,2026-07-30 14:47:22,2026-07-28 02:05:01,2025-07-02 12:05:01
12438231,3975290,1,2026-07-30 01:05:01,2026-07-30 16:05:01,2024-12-08 03:05:01
27746861,3975290,1,2026-07-29 17:05:01,2026-07-30 16:05:01,2024-02-21 14:19:00
369429,4113284,1,2026-07-30 01:05:01,2026-07-30 16:05:01,2024-04-30 21:30:00
10126551,4113284,16777473,2026-07-30 14:47:22,2026-07-28 02:05:01,2025-07-02 12:05:01
12438231,4113284,1,2026-07-30 01:05:01,2026-07-30 16:05:01,2024-12-08 03:05:01
27746861,4113284,1,2026-07-29 17:05:01,2026-07-30 16:05:01,2024-02-21 14:19:00
184183,4139470,1,2026-07-25 00:05:01,2026-07-25 19:05:01,2024-02-10 14:00:00
369429,4139470,1,2026-07-30 01:05:01,2026-07-30 16:05:01,2024-05-12 14:12:43
10126551,4139470,16777473,2026-07-30 14:47:22,2026-07-30 04:05:01,2025-07-05 19:05:01
12438231,4139470,1,2026-07-30 01:05:01,2026-07-30 16:05:01,2024-12-08 03:05:01
369429,4157407,1,2026-07-30 01:05:01,2026-07-30 16:05:01,2024-03-21 19:04:00
10126551,4157407,16777473,2026-07-30 14:47:22,2026-07-28 02:05:01,2025-07-03 21:05:01
12438231,4157407,1,2026-07-30 01:05:01,2026-07-30 16:05:01,2024-12-08 03:05:01
27746861,4157407,1,2026-07-29 17:05:01,2026-07-30 16:05:01,2024-02-21 14:19:00
184183,4203228,1,2026-07-25 00:05:01,2026-07-25 20:05:01,2024-02-10 14:00:00
10126551,4203228,16777473,2026-07-30 14:47:22,2026-07-30 16:05:01,2025-07-03 21:05:01
12438231,4203228,1,2026-07-30 01:05:01,2026-07-30 16:05:01,2024-12-08 03:05:01
27746861,4203228,1,2026-07-29 17:05:01,2026-07-30 16:05:01,2024-02-21 14:19:00
184183,4442807,1,2026-07-25 00:05:01,2026-07-25 19:05:01,2024-02-10 14:00:00
369429,4442807,1,2026-07-30 01:05:01,2026-07-30 16:05:01,2024-05-10 19:09:00
10126551,4442807,16777473,2026-07-30 14:47:22,2026-07-30 04:05:01,2025-07-04 19:05:01
12438231,4442807,1,2026-07-30 01:05:01,2026-07-30 16:05:01,2024-12-08 03:05:01
10126551,4479344,16777473,2026-07-30 14:47:22,2026-07-10 10:05:01,2025-07-02 12:05:01
12438231,4479344,1,2026-07-30 01:05:01,2026-07-30 07:05:01,2024-12-08 03:05:01
369429,4481588,1,2026-07-30 01:05:01,2026-07-30 16:05:01,2024-02-24 09:50:00
10126551,4481588,16777473,2026-07-30 14:47:22,2026-07-21 22:05:01,2025-07-02 12:05:01
12438231,4481588,1,2026-07-30 01:05:01,2026-07-30 16:05:01,2024-12-08 03:05:01
369429,4486122,1,2026-07-30 01:05:01,2026-07-10 11:05:01,2024-02-24 09:50:00
10126551,4486122,16777473,2026-07-30 14:47:22,2026-07-10 10:05:01,2025-07-03 21:05:01
12438231,4486122,1,2026-07-30 01:05:01,2026-07-20 03:05:01,2024-12-08 03:05:01
184183,4496220,1,2026-07-25 00:05:01,2026-07-25 19:05:01,2024-02-10 14:00:00
10126551,4496220,16777473,2026-07-30 14:47:22,2026-07-30 16:05:01,2025-07-02 12:05:01
12438231,4496220,1,2026-07-30 01:05:01,2026-07-30 16:05:01,2024-12-08 03:05:01
184183,4520286,1,2026-07-25 00:05:01,2026-07-25 20:05:01,2024-02-10 14:00:00
10126551,4520286,16777473,2026-07-30 14:47:22,2026-07-30 16:05:01,2025-07-02 12:05:01
12438231,4520286,1,2026-07-30 01:05:01,2026-07-30 16:05:01,2024-12-08 03:05:01
27746861,4520286,1,2026-07-29 17:05:01,2026-07-30 16:05:01,2024-02-21 14:19:00
369429,4547671,1,2026-07-30 01:05:01,2026-07-30 16:05:01,2024-02-24 09:50:00
10126551,4547671,16777473,2026-07-30 14:47:22,2026-07-10 11:05:01,2025-07-02 09:05:01
12438231,4547671,1,2026-07-30 01:05:01,2026-07-30 16:05:01,2024-12-08 03:05:01
369429,4618317,1,2026-07-30 01:05:01,2026-07-29 11:05:01,2024-02-24 09:50:00
10126551,4618317,16777473,2026-07-30 14:47:22,2026-07-10 10:05:01,2025-07-03 21:05:01
12438231,4618317,1,2026-07-30 01:05:01,2026-07-30 16:05:01,2024-12-08 03:05:01
27746861,4618317,1,2026-07-29 17:05:01,2026-07-29 16:05:01,2024-02-21 14:19:00
184183,4627070,1,2026-07-25 00:05:01,2026-07-25 20:05:01,2024-02-10 14:00:00
10126551,4627070,16777473,2026-07-30 14:47:22,2026-07-30 16:05:01,2025-07-05 19:05:01
12438231,4627070,1,2026-07-30 01:05:01,2026-07-30 16:05:01,2024-12-08 03:05:01
27746861,4627070,1,2026-07-29 17:05:01,2026-07-30 16:05:01,2024-02-21 14:19:00
184183,4692519,1,2026-07-25 00:05:01,2026-07-25 19:05:01,2024-02-10 14:00:00
369429,4692519,1,2026-07-30 01:05:01,2026-07-30 16:05:01,2025-07-03 11:05:01
10126551,4692519,16777473,2026-07-30 14:47:22,2026-07-30 04:05:01,2025-07-05 19:05:01
12438231,4692519,1,2026-07-30 01:05:01,2026-07-30 16:05:01,2024-12-08 03:05:01
184183,4744709,1,2026-07-25 00:05:01,2026-07-25 20:05:01,2024-02-10 14:00:00
10126551,4744709,16777473,2026-07-30 14:47:22,2026-07-30 16:05:01,2025-07-05 19:05:01
12438231,4744709,1,2026-07-30 01:05:01,2026-07-30 16:05:01,2024-12-08 03:05:01
369429,4759811,1,2026-07-30 01:05:01,2026-07-30 16:05:01,2024-02-24 09:50:00
10126551,4759811,16777473,2026-07-30 14:47:22,2026-07-27 22:05:01,2025-07-05 19:05:01
12438231,4759811,1,2026-07-30 01:05:01,2026-07-30 16:05:01,2024-12-08 03:05:01
27746861,4759811,1,2026-07-29 17:05:01,2026-07-30 16:05:01,2024-02-21 14:19:00
369429,4862543,1,2026-07-30 01:05:01,2026-07-30 16:05:01,2024-02-24 09:50:00
10126551,4862543,16777473,2026-07-30 14:47:22,2026-07-28 02:05:01,2025-07-02 09:05:01
12438231,4862543,1,2026-07-30 01:05:01,2026-07-30 16:05:01,2024-12-08 03:05:01
27746861,4862543,1,2026-07-29 17:05:01,2026-07-30 16:05:01,2024-02-21 14:19:00
184183,4898265,1,2026-07-25 00:05:01,2026-07-25 19:05:01,2024-02-10 14:00:00
369429,4898265,1,2026-07-30 01:05:01,2026-07-30 16:05:01,2024-05-12 14:12:43
10126551,4898265,16777473,2026-07-30 14:47:22,2026-07-30 04:05:01,2025-07-03 21:05:01
12438231,4898265,1,2026-07-30 01:05:01,2026-07-30 16:05:01,2024-12-08 03:05:01
369429,4918121,1,2026-07-30 01:05:01,2026-07-30 16:05:01,2024-07-27 02:03:43
10126551,4918121,16777473,2026-07-30 14:47:22,2026-07-28 02:05:01,2025-07-02 12:05:01
12438231,4918121,1,2026-07-30 01:05:01,2026-07-30 16:05:01,2024-12-08 03:05:01
27746861,4918121,1,2026-07-29 17:05:01,2026-07-30 16:05:01,2024-02-21 14:19:00
10126551,4920102,16777473,2026-07-30 14:47:22,2026-07-10 10:05:01,2025-07-03 21:05:01
12438231,4920102,1,2026-07-30 01:05:01,2026-07-30 16:05:01,2024-12-08 03:05:01
10126551,4939761,16777473,2026-07-30 14:47:22,2026-07-10 10:05:01,2025-07-04 19:05:01
12438231,4939761,1,2026-07-30 01:05:01,2026-07-20 03:05:01,2024-12-08 03:05:01
9423019,4982904,1,2026-04-08 02:05:02,2026-07-30 16:05:01,2024-02-05 04:04:00
10126551,4982904,16777473,2026-07-30 14:47:22,2026-07-10 10:05:01,2025-07-02 09:05:01
12438231,4982904,1,2026-07-30 01:05:01,2026-07-30 16:05:01,2024-12-08 03:05:01
19499816,4982904,1,2026-07-30 00:05:01,2026-07-20 03:05:01,2024-09-16 03:24:01
184183,5017142,1,2026-07-25 00:05:01,2026-07-25 19:05:01,2024-02-10 14:00:00
10126551,5017142,16777473,2026-07-30 14:47:22,2026-07-30 16:05:01,2025-07-02 09:05:01
12438231,5017142,1,2026-07-30 01:05:01,2026-07-30 16:05:01,2024-12-08 03:05:01
369429,5040995,1,2026-07-30 01:05:01,2026-07-30 15:05:01,2024-02-24 09:50:00
10126551,5040995,16777473,2026-07-30 14:47:22,2026-07-18 03:05:01,2025-07-04 19:05:01
12438231,5040995,1,2026-07-30 01:05:01,2026-07-30 16:05:01,2024-12-08 03:05:01
10126551,5042677,16777473,2026-07-30 14:47:22,2026-07-10 10:05:01,2025-07-02 12:05:01
12438231,5042677,1,2026-07-30 01:05:01,2026-07-30 16:05:01,2024-12-08 03:05:01
184183,5044037,1,2026-07-25 00:05:01,2026-07-25 20:05:01,2024-02-10 14:00:00
369429,5044037,1,2026-07-30 01:05:01,2026-07-30 16:05:01,2024-08-22 02:02:40
10126551,5044037,16777473,2026-07-30 14:47:22,2026-07-30 04:05:01,2025-07-02 12:05:01
12438231,5044037,1,2026-07-30 01:05:01,2026-07-30 16:05:01,2024-12-08 03:05:01
9423019,5048772,1,2026-04-08 02:05:02,2026-07-30 16:05:01,2024-02-05 04:04:00
10126551,5048772,16777473,2026-07-30 14:47:22,2026-07-30 04:05:01,2025-07-05 19:05:01
12438231,5048772,1,2026-07-30 01:05:01,2026-07-30 16:05:01,2024-12-08 03:05:01
27746861,5048772,1,2026-07-29 17:05:01,2026-07-30 16:05:01,2024-02-21 14:19:00
184183,5048788,1,2026-07-25 00:05:01,2026-07-25 20:05:01,2024-02-10 14:00:00
10126551,5048788,16777473,2026-07-30 14:47:22,2026-07-30 16:05:01,2025-07-05 19:05:01
12438231,5048788,1,2026-07-30 01:05:01,2026-07-30 16:05:01,2024-12-08 03:05:01
25040797,5048788,1,2026-02-12 07:05:01,2026-07-30 16:05:01,2024-02-23 21:00:00
9423019,5174934,1,2026-04-08 02:05:02,2026-07-30 16:05:01,2024-02-05 04:04:00
10126551,5174934,16777473,2026-07-30 14:47:22,2026-07-11 22:05:02,2025-07-04 19:05:01
12438231,5174934,1,2026-07-30 01:05:01,2026-07-30 16:05:01,2024-12-08 03:05:01
27746861,5174934,1,2026-07-29 17:05:01,2026-07-30 16:05:01,2024-02-21 14:19:00
184183,5179196,1,2026-07-25 00:05:01,2026-07-25 19:05:01,2024-02-10 14:00:00
369429,5179196,1,2026-07-30 01:05:01,2026-07-30 16:05:01,2024-05-08 20:43:00
10126551,5179196,16777473,2026-07-30 14:47:22,2026-07-30 04:05:01,2025-07-05 19:05:01
12438231,5179196,1,2026-07-30 01:05:01,2026-07-30 16:05:01,2024-12-08 03:05:01
184183,5199187,1,2026-07-25 00:05:01,2026-07-25 19:05:01,2024-02-10 14:00:00
369429,5199187,1,2026-07-30 01:05:01,2026-07-30 16:05:01,2024-06-03 20:56:13
10126551,5199187,16777473,2026-07-30 14:47:22,2026-07-30 04:05:01,2025-07-02 09:05:01
12438231,5199187,1,2026-07-30 01:05:01,2026-07-30 16:05:01,2024-12-08 03:05:01
9423019,5213491,1,2026-04-08 02:05:02,2026-07-30 16:05:01,2024-02-05 04:04:00
10126551,5213491,16777473,2026-07-30 14:47:22,2026-07-11 22:05:02,2025-07-04 19:05:01
12438231,5213491,1,2026-07-30 01:05:01,2026-07-30 16:05:01,2024-12-08 03:05:01
27746861,5213491,1,2026-07-29 17:05:01,2026-07-30 16:05:01,2024-02-21 14:19:00
184183,5217663,1,2026-07-25 00:05:01,2026-07-25 19:05:01,2024-02-10 14:00:00
10126551,5217663,16777473,2026-07-30 14:47:22,2026-07-30 16:05:01,2025-07-02 12:05:01
12438231,5217663,1,2026-07-30 01:05:01,2026-07-30 16:05:01,2024-12-08 03:05:01
27746861,5217663,1,2026-07-29 17:05:01,2026-07-30 16:05:01,2024-02-21 14:19:00
9423019,5218143,1,2026-04-08 02:05:02,2026-07-30 16:05:01,2024-02-05 04:04:00
10126551,5218143,16777473,2026-07-30 14:47:22,2026-07-30 15:05:01,2025-07-02 09:05:01
12438231,5218143,1,2026-07-30 01:05:01,2026-07-30 16:05:01,2024-12-08 03:05:01
369429,5241244,1,2026-07-30 01:05:01,2026-07-30 16:05:01,2024-02-24 09:50:00
10126551,5241244,16777473,2026-07-30 14:47:22,2026-07-10 22:05:01,2025-07-02 12:05:01
12438231,5241244,1,2026-07-30 01:05:01,2026-07-30 16:05:01,2024-12-08 03:05:01
27746861,5241244,1,2026-07-29 17:05:01,2026-07-30 16:05:01,2024-02-21 14:19:00
369429,5251833,1,2026-07-30 01:05:01,2026-07-30 16:05:01,2024-02-24 09:50:00
10126551,5251833,16777473,2026-07-30 14:47:22,2026-07-28 02:05:01,2025-07-02 09:05:01
12438231,5251833,1,2026-07-30 01:05:01,2026-07-30 16:05:01,2024-12-08 03:05:01
184183,5253117,1,2026-07-25 00:05:01,2026-07-25 19:05:01,2024-02-10 14:00:00
10126551,5253117,16777473,2026-07-30 14:47:22,2026-07-30 16:05:01,2025-07-02 09:05:01
12438231,5253117,1,2026-07-30 01:05:01,2026-07-30 16:05:01,2024-12-08 03:05:01
369429,5311728,1,2026-07-30 01:05:01,2026-07-30 14:05:02,2024-02-24 09:50:00
10126551,5311728,16777473,2026-07-30 14:47:22,2026-07-29 03:05:01,2025-07-02 12:05:01
12438231,5311728,1,2026-07-30 01:05:01,2026-07-30 16:05:01,2024-12-08 03:05:01
27746861,5311728,1,2026-07-29 17:05:01,2026-07-30 12:05:01,2024-02-21 14:19:00
184183,5322106,1,2026-07-25 00:05:01,2026-07-25 19:05:01,2024-02-10 14:00:00
10126551,5322106,16777473,2026-07-30 14:47:22,2026-07-30 16:05:01,2025-07-02 09:05:01
12438231,5322106,1,2026-07-30 01:05:01,2026-07-30 16:05:01,2024-12-08 03:05:01
184183,5328847,1,2026-07-25 00:05:01,2026-07-25 19:05:01,2024-02-10 14:00:00
10126551,5328847,16777473,2026-07-30 14:47:22,2026-07-30 16:05:01,2025-07-02 09:05:01
12438231,5328847,1,2026-07-30 01:05:01,2026-07-30 16:05:01,2024-12-08 03:05:01
184183,5328854,1,2026-07-25 00:05:01,2026-07-25 19:05:01,2024-02-10 14:00:00
10126551,5328854,16777473,2026-07-30 14:47:22,2026-07-30 16:05:01,2025-07-04 19:05:01
12438231,5328854,1,2026-07-30 01:05:01,2026-07-30 16:05:01,2024-12-08 03:05:01
10126551,5335983,16777473,2026-07-30 14:47:22,2026-07-10 10:05:01,2025-07-04 19:05:01
12438231,5335983,1,2026-07-30 01:05:01,2026-07-30 16:05:01,2024-12-08 03:05:01
27746861,5335983,1,2026-07-29 17:05:01,2026-07-29 16:05:01,2024-02-21 14:19:00
184183,5377694,1,2026-07-25 00:05:01,2026-07-25 19:05:01,2024-02-10 14:00:00
10126551,5377694,16777473,2026-07-30 14:47:22,2026-07-30 16:05:01,2025-07-03 21:05:01
369429,6112714,1,2026-07-30 01:05:01,2026-07-30 16:05:01,2024-02-24 09:50:00
10126551,6112714,16777473,2026-07-30 14:47:22,2026-07-22 04:05:02,2025-07-02 12:05:01
12438231,6112714,1,2026-07-30 01:05:01,2026-07-30 16:05:01,2024-12-08 03:05:01
27746861,6112714,1,2026-07-29 17:05:01,2026-07-30 16:05:01,2024-02-21 14:19:00
10126551,6128946,16777473,2026-07-30 14:47:22,2026-07-10 10:05:01,2025-07-04 19:05:01
12438231,6128946,1,2026-07-30 01:05:01,2026-07-30 16:05:01,2024-12-08 03:05:01
369429,6129299,1,2026-07-30 01:05:01,2026-07-30 16:05:01,2024-02-24 09:50:00
10126551,6129299,16777473,2026-07-30 14:47:22,2026-07-10 10:05:01,2025-07-02 09:05:01
12438231,6129299,1,2026-07-30 01:05:01,2026-07-30 16:05:01,2024-12-08 03:05:01
27746861,6129299,1,2026-07-29 17:05:01,2026-07-30 16:05:01,2024-02-21 14:19:00
369429,6138585,1,2026-07-30 01:05:01,2026-07-30 16:05:01,2024-02-24 09:50:00
10126551,6138585,16777473,2026-07-30 14:47:22,2026-07-29 14:05:01,2025-07-02 09:05:01
12438231,6138585,1,2026-07-30 01:05:01,2026-07-30 16:05:01,2024-12-08 03:05:01
27746861,6138585,1,2026-07-29 17:05:01,2026-07-29 16:05:01,2024-02-21 14:19:00
10126551,6355243,16777473,2026-07-30 14:47:22,2026-07-10 10:05:01,2025-07-04 19:05:01
12438231,6355243,1,2026-07-30 01:05:01,2026-07-28 11:05:02,2024-12-08 03:05:01
769018,6365729,0,,2026-07-30 16:05:01,
10126551,6365729,16777473,2026-07-30 14:47:22,2026-07-10 10:05:01,2025-07-02 09:05:01
12438231,6365729,1,2026-07-30 01:05:01,2026-07-20 03:05:01,2024-12-08 03:05:01
29292320,6365729,1,2024-08-26 18:49:17,2026-07-30 16:05:01,2024-08-12 16:10:29
184183,5639840,1,2026-07-25 00:05:01,2026-07-25 20:05:01,2024-02-10 14:00:00
369429,5639840,1,2026-07-30 01:05:01,2026-07-30 16:05:01,2024-08-22 02:02:40
10126551,5639840,16777473,2026-07-30 14:47:22,2026-07-27 04:05:01,2025-07-02 12:05:01
12438231,5639840,1,2026-07-30 01:05:01,2026-07-30 16:05:01,2024-12-08 03:05:01
1140687,6519833,1,2026-07-30 00:05:01,2026-07-30 10:05:01,2024-06-11 02:00:20
10126551,6519833,16777473,2026-07-30 14:47:22,2026-07-30 07:05:01,2025-07-02 12:05:01
12438231,6519833,1,2026-07-30 01:05:01,2026-07-30 16:05:01,2024-12-08 03:05:01
1140687,6527170,1,2026-07-30 00:05:01,2026-07-30 10:05:01,2024-05-26 02:00:00
10126551,6527170,16777473,2026-07-30 14:47:22,2026-07-30 16:05:01,2025-07-02 09:05:01
12438231,6527170,1,2026-07-30 01:05:01,2026-07-30 16:05:01,2024-12-08 03:05:01
1140687,6539305,1,2026-07-30 00:05:01,2026-07-30 10:05:01,2024-07-25 02:00:34
10126551,6539305,16777473,2026-07-30 14:47:22,2026-07-10 10:05:01,2025-07-04 19:05:01
12438231,6539305,1,2026-07-30 01:05:01,2026-07-30 16:05:01,2024-12-08 03:05:01
10126551,6560791,16777473,2026-07-30 14:47:22,2026-07-10 10:05:01,2025-07-04 19:05:01
12438231,6560791,1,2026-07-30 01:05:01,2026-07-20 04:05:01,2024-12-08 03:05:01
27746861,6560791,1,2026-07-29 17:05:01,2026-07-29 16:05:01,2025-05-21 06:05:01
1140687,6566377,1,2026-07-30 00:05:01,2026-07-30 10:05:01,2024-09-01 01:05:01
10126551,6566377,16777473,2026-07-30 14:47:22,2026-07-27 03:05:01,2025-07-03 21:05:01
12438231,6566377,1,2026-07-30 01:05:01,2026-07-30 16:05:01,2024-12-08 03:05:01
1140687,6572862,1,2026-07-30 00:05:01,2026-07-30 10:05:01,2024-09-23 01:05:01
10126551,6572862,16777473,2026-07-30 14:47:22,2026-07-29 06:05:01,2025-07-04 19:05:01
12438231,6572862,1,2026-07-30 01:05:01,2026-07-30 16:05:01,2025-02-14 02:05:01
10126551,6597266,16777473,2026-07-30 14:47:22,2026-07-28 04:05:01,2025-07-02 12:05:01
12438231,6597266,1,2026-07-30 01:05:01,2026-07-30 16:05:01,2024-12-08 03:05:01
27746861,6597266,1,2026-07-29 17:05:01,2026-07-30 16:05:01,2025-05-21 06:05:01
1140687,6598732,1,2026-07-30 00:05:01,2026-07-30 10:05:01,2025-04-09 01:05:01
10126551,6598732,16777473,2026-07-30 14:47:22,2026-07-30 16:05:01,2025-07-05 19:05:01
12438231,6598732,1,2026-07-30 01:05:01,2026-07-30 16:05:01,2025-01-15 03:05:01
1140687,6601275,1,2026-07-30 00:05:01,2026-07-30 10:05:01,2025-04-26 01:05:01
10126551,6601275,16777473,2026-07-30 14:47:22,2026-07-30 16:05:01,2025-07-05 19:05:01
12438231,6601275,1,2026-07-30 01:05:01,2026-07-30 16:05:01,2024-12-08 03:05:01
1140687,6660489,1,2026-07-30 00:05:01,2026-07-30 10:05:01,2025-04-26 01:05:01
10126551,6660489,16777473,2026-07-30 14:47:22,2026-07-30 14:05:02,2025-07-02 09:05:01
12438231,6660489,1,2026-07-30 01:05:01,2026-07-30 16:05:01,2025-03-31 02:05:01
9423019,6680283,1,2026-04-08 02:05:02,2026-07-30 16:05:01,2025-08-06 03:05:01
10126551,6680283,16777473,2026-07-30 14:47:22,2026-07-28 02:05:01,2025-07-03 21:05:01
12438231,6680283,1,2026-07-30 01:05:01,2026-07-30 16:05:01,2025-04-20 02:05:02
27746861,6680283,1,2026-07-29 17:05:01,2026-07-30 16:05:01,2025-05-21 06:05:01
10126551,6722657,16777473,2026-07-30 14:47:22,2026-07-30 16:05:01,2026-02-04 15:05:01
12438231,6722657,1,2026-07-30 01:05:01,2026-07-30 16:05:01,2025-07-23 01:05:01
10126551,6724181,16777473,2026-07-30 14:47:22,2026-07-10 10:05:01,2025-12-22 18:05:01
12438231,6724181,1,2026-07-30 01:05:01,2026-07-29 18:05:01,2025-07-27 01:05:01
10126551,6770612,16777473,2026-07-30 14:47:22,2026-07-10 10:05:01,2025-12-22 12:05:02
12438231,6770612,1,2026-07-30 01:05:01,2026-07-30 09:05:01,2025-11-12 01:05:01
10126551,6774046,16777473,2026-07-30 14:47:22,2026-07-10 10:05:01,2026-01-31 08:05:01
12438231,6774046,1,2026-07-30 01:05:01,2026-07-30 16:05:01,2026-01-04 01:05:01
10126551,6774130,16777473,2026-07-30 14:47:22,2026-07-30 16:05:01,2026-03-07 07:05:01
12438231,6774130,1,2026-07-30 01:05:01,2026-07-30 16:05:01,2025-11-19 01:05:01
10126551,5800430,16777473,2026-07-30 14:47:22,2026-07-28 02:05:01,2025-07-03 21:05:01
12438231,5800430,1,2026-07-30 01:05:01,2026-07-30 16:05:01,2024-12-08 03:05:01
27746861,5800430,1,2026-07-29 17:05:01,2026-07-30 16:05:01,2024-02-21 14:19:00
10126551,6273569,16777473,2026-07-30 14:47:22,2026-07-10 10:05:01,2025-07-04 19:05:01
12438231,6273569,1,2026-07-30 01:05:01,2026-07-20 03:05:01,2024-12-08 03:05:01
10126551,6815897,16777473,2026-07-30 14:47:22,2026-07-10 10:05:01,2026-03-28 20:05:01
12438231,6815897,1,2026-07-30 01:05:01,2026-07-20 03:05:01,2026-02-13 00:05:02
10126551,6823740,16777473,2026-07-30 14:47:22,2026-07-10 10:05:01,2026-03-25 22:05:01
12438231,6823740,1,2026-07-30 01:05:01,2026-07-30 10:05:01,2026-03-01 01:05:02
10126551,6830622,16777473,2026-07-30 14:47:22,2026-07-27 02:05:01,2026-03-28 20:05:01
12438231,6830622,1,2026-07-30 01:05:01,2026-07-30 16:05:01,2026-03-15 18:12:41
10126551,6848803,16777473,2026-07-30 14:47:22,2026-07-30 16:05:01,2026-04-30 20:05:01
12438231,6848803,1,2026-07-30 01:05:01,2026-07-30 16:05:01,2026-04-23 01:05:01
9423019,5634868,1,2026-04-08 02:05:02,2026-07-30 16:05:01,2024-02-05 04:04:00
10126551,5634868,16777473,2026-07-30 14:47:22,2026-07-28 02:05:01,2025-07-05 19:05:01
12438231,5634868,1,2026-07-30 01:05:01,2026-07-30 16:05:01,2024-12-08 03:05:01
27746861,5634868,1,2026-07-29 17:05:01,2026-07-30 16:05:01,2024-02-21 14:19:00
10126551,6257180,16777473,2026-07-30 14:47:22,2026-07-30 04:05:01,2025-07-02 12:05:01
12438231,6257180,1,2026-07-30 01:05:01,2026-07-30 16:05:01,2024-12-08 03:05:01
27746861,6257180,1,2026-07-29 17:05:01,2026-07-30 09:05:01,2024-02-21 14:19:00
10126551,6753436,16777473,2026-07-30 14:47:22,2026-07-10 10:05:01,2025-10-06 13:05:01
12438231,6753436,1,2026-07-30 01:05:01,2026-07-30 05:05:01,2025-10-06 01:05:01
27746861,6753436,1,2026-07-29 17:05:01,2026-07-29 16:05:01,2025-10-06 17:05:01
10126551,6780436,16777473,2026-07-30 14:47:22,2026-07-30 15:05:01,2026-03-07 07:05:01
12438231,6780436,1,2026-07-30 01:05:01,2026-07-30 16:05:01,2025-12-01 01:05:01
10126551,6829375,16777473,2026-07-30 14:47:22,2026-07-30 06:05:01,2026-05-08 19:05:01
12438231,6829375,1,2026-07-30 01:05:01,2026-07-30 16:05:01,2026-03-14 00:05:01
184183,4094694,1,2026-07-25 00:05:01,2026-07-25 19:05:01,2024-02-10 14:00:00
10126551,4094694,16777473,2026-07-30 14:47:22,2026-07-30 16:05:01,2025-07-02 12:05:01
12438231,4094694,1,2026-07-30 01:05:01,2026-07-30 16:05:01,2024-12-08 03:05:01
27746861,4094694,1,2026-07-29 17:05:01,2026-07-30 16:05:01,2024-02-21 14:19:00
369429,5649350,1,2026-07-30 01:05:01,2026-07-30 16:05:01,2024-02-24 09:50:00
10126551,5649350,16777473,2026-07-30 14:47:22,2026-07-26 22:05:01,2025-07-04 19:05:01
12438231,5649350,1,2026-07-30 01:05:01,2026-07-30 16:05:01,2024-12-08 03:05:01
27746861,5649350,1,2026-07-29 17:05:01,2026-07-30 16:05:01,2024-02-21 14:19:00
9423019,5650145,1,2026-04-08 02:05:02,2026-07-30 16:05:01,2024-02-05 04:04:00
10126551,5650145,16777473,2026-07-30 14:47:22,2026-07-10 10:05:01,2025-07-02 09:05:01
12438231,5650145,1,2026-07-30 01:05:01,2026-07-20 05:05:01,2024-12-08 03:05:01
369429,5800432,1,2026-07-30 01:05:01,2026-07-30 16:05:01,2024-02-24 09:50:00
10126551,5800432,16777473,2026-07-30 14:47:22,2026-07-16 02:05:01,2025-07-04 19:05:01
12438231,5800432,1,2026-07-30 01:05:01,2026-07-30 16:05:01,2024-12-08 03:05:01
27746861,5800432,1,2026-07-29 17:05:01,2026-07-30 16:05:01,2024-02-21 14:19:00
9423019,5871830,1,2026-04-08 02:05:02,2026-07-30 16:05:01,2024-02-05 04:04:00
10126551,5871830,16777473,2026-07-30 14:47:22,2026-07-30 16:05:01,2025-07-04 19:05:01
12438231,5871830,1,2026-07-30 01:05:01,2026-07-30 16:05:01,2024-12-08 03:05:01
10126551,6871233,16777473,2026-07-30 14:47:22,2026-07-10 10:05:01,2026-06-17 23:05:01
12438231,6871233,1,2026-07-30 01:05:01,2026-07-20 03:05:01,2026-06-17 01:05:01
184183,5630005,1,2026-07-25 00:05:01,2026-07-25 19:05:01,2024-02-10 14:00:00
10126551,5630005,16777473,2026-07-30 14:47:22,2026-07-30 15:05:01,2025-07-02 09:05:01
12438231,5630005,1,2026-07-30 01:05:01,2026-07-30 16:05:01,2024-12-08 03:05:01
369429,5704679,1,2026-07-30 01:05:01,2026-07-30 16:05:01,2024-02-24 09:50:00
10126551,5704679,16777473,2026-07-30 14:47:22,2026-07-10 10:05:01,2025-07-02 09:05:01
12438231,5704679,1,2026-07-30 01:05:01,2026-07-30 16:05:01,2024-12-08 03:05:01
27746861,5704679,1,2026-07-29 17:05:01,2026-07-30 16:05:01,2024-02-21 14:19:00
10126551,5786111,16777473,2026-07-30 14:47:22,2026-07-10 10:05:01,2025-07-02 12:05:01
12438231,5786111,1,2026-07-30 01:05:01,2026-07-30 16:05:01,2024-12-08 03:05:01
27746861,5786111,1,2026-07-29 17:05:01,2026-07-30 16:05:01,2024-02-21 14:19:00
9423019,5787207,1,2026-04-08 02:05:02,2026-07-30 16:05:01,2024-02-05 04:04:00
10126551,5787207,16777473,2026-07-30 14:47:22,2026-07-26 23:05:01,2025-07-02 12:05:01
12438231,5787207,1,2026-07-30 01:05:01,2026-07-30 16:05:01,2024-12-08 03:05:01
27746861,5787207,1,2026-07-29 17:05:01,2026-07-30 16:05:01,2024-02-21 14:19:00
10126551,6343309,16777473,2026-07-30 14:47:22,2026-07-30 04:05:01,2025-07-05 19:05:01
12438231,6343309,1,2026-07-30 01:05:01,2026-07-30 16:05:01,2024-12-08 03:05:01
27746861,6343309,1,2026-07-29 17:05:01,2026-07-30 16:05:01,2024-02-21 14:19:00
10126551,6859790,16777473,2026-07-30 14:47:22,2026-07-11 23:05:01,2026-07-11 09:05:02
12438231,6859790,1,2026-07-30 01:05:01,2026-07-20 03:05:01,2026-05-18 01:05:01
10126551,6873713,16777473,2026-07-30 14:47:22,2026-07-30 16:05:01,2026-07-11 14:05:01
12438231,6873713,1,2026-07-30 01:05:01,2026-07-30 16:05:01,2026-06-23 01:05:01
10126551,6849471,16777473,2026-07-30 14:47:22,2026-07-30 16:05:01,2026-07-20 18:05:02
12438231,6849471,1,2026-07-30 01:05:01,2026-07-30 16:05:01,2026-04-24 02:05:01
10126551,6883791,16777473,2026-07-30 14:47:22,2026-07-28 21:05:01,2026-07-28 18:47:21
12438231,6883791,1,2026-07-30 01:05:01,2026-07-28 05:05:01,2026-07-19 01:05:01
10126551,6886708,16777473,2026-07-30 14:47:22,2026-07-29 20:05:02,2026-07-29 20:45:35
12438231,6886708,1,2026-07-30 01:05:01,2026-07-26 05:05:01,2026-07-27 02:05:01
184183,5063535,1,2026-07-25 00:05:01,2026-07-25 19:05:01,2024-02-10 14:00:00
10126551,5063535,16777473,2026-07-30 14:47:22,2026-07-30 16:05:01,2025-07-03 21:05:01
12438231,5063535,1,2026-07-30 01:05:01,2026-07-30 16:05:01,2024-12-08 03:05:01
27746861,5063535,1,2026-07-29 17:05:01,2026-07-30 16:05:01,2024-02-21 14:19:00
369429,3008543,1,2026-07-30 01:05:01,2026-07-30 16:05:01,2024-03-24 12:10:00
10126551,3008543,16777473,2026-07-30 14:47:22,2026-07-10 23:05:01,2025-07-04 19:05:01
12438231,3008543,1,2026-07-30 01:05:01,2026-07-30 16:05:01,2024-12-08 03:05:01
27746861,3008543,1,2026-07-29 17:05:01,2026-07-30 16:05:01,2024-02-21 14:19:00
369429,3519899,1,2026-07-30 01:05:01,2026-07-30 16:05:01,2024-03-21 19:04:00
10126551,3519899,16777473,2026-07-30 14:47:22,2026-07-28 02:05:01,2025-07-02 12:05:01
12438231,3519899,1,2026-07-30 01:05:01,2026-07-30 16:05:01,2024-12-08 03:05:01
27746861,3519899,1,2026-07-29 17:05:01,2026-07-30 16:05:01,2024-02-21 14:19:00
9423019,3613427,1,2026-04-08 02:05:02,2026-07-30 16:05:01,2024-02-05 04:04:00
10126551,3613427,16777473,2026-07-30 14:47:22,2026-07-26 01:05:02,2025-07-03 21:05:01
12438231,3613427,1,2026-07-30 01:05:01,2026-07-30 16:05:01,2024-12-08 03:05:01
19499816,3613427,1,2026-07-30 00:05:01,2026-07-30 16:05:01,2024-09-16 03:24:01
9423019,4212671,1,2026-04-08 02:05:02,2026-07-30 16:05:01,2024-02-05 04:04:00
10126551,4212671,16777473,2026-07-30 14:47:22,2026-07-28 02:05:01,2025-07-02 12:05:01
12438231,4212671,1,2026-07-30 01:05:01,2026-07-30 16:05:01,2024-12-08 03:05:01
27746861,4212671,1,2026-07-29 17:05:01,2026-07-30 16:05:01,2024-02-21 14:19:00
10126551,4232051,16777473,2026-07-30 14:47:22,2026-07-30 04:05:01,2025-07-02 09:05:01
12438231,4232051,1,2026-07-30 01:05:01,2026-07-30 16:05:01,2024-12-08 03:05:01
27746861,4232051,1,2026-07-29 17:05:01,2026-07-30 16:05:01,2024-02-21 14:19:00
369429,4250730,1,2026-07-30 01:05:01,2026-07-30 15:05:01,2024-02-24 09:50:00
10126551,4250730,16777473,2026-07-30 14:47:22,2026-07-10 10:05:01,2025-07-02 12:05:01
12438231,4250730,1,2026-07-30 01:05:01,2026-07-30 16:05:01,2024-12-08 03:05:01
184183,4284980,1,2026-07-25 00:05:01,2026-07-25 19:05:01,2024-02-10 14:00:00
10126551,4284980,16777473,2026-07-30 14:47:22,2026-07-30 16:05:01,2025-07-05 19:05:01
12438231,4284980,1,2026-07-30 01:05:01,2026-07-30 16:05:01,2024-12-08 03:05:01
27746861,4284980,1,2026-07-29 17:05:01,2026-07-30 16:05:01,2024-02-21 14:19:00
10126551,4326400,16777473,2026-07-30 14:47:22,2026-07-10 10:05:01,2025-07-04 19:05:01
12438231,4326400,1,2026-07-30 01:05:01,2026-07-30 16:05:01,2024-12-08 03:05:01
27746861,4326400,1,2026-07-29 17:05:01,2026-07-30 13:05:01,2024-02-21 14:19:00
10126551,4396360,16777473,2026-07-30 14:47:22,2026-07-10 11:05:01,2025-07-02 12:05:01
12438231,4396360,1,2026-07-30 01:05:01,2026-07-30 12:05:01,2024-12-08 03:05:01
27746861,4396360,1,2026-07-29 17:05:01,2026-07-29 16:05:01,2024-02-21 14:19:00
184183,4548218,1,2026-07-25 00:05:01,2026-07-25 19:05:01,2024-02-10 14:00:00
10126551,4548218,16777473,2026-07-30 14:47:22,2026-07-30 16:05:01,2025-07-02 12:05:01
12438231,4548218,1,2026-07-30 01:05:01,2026-07-30 16:05:01,2024-12-08 03:05:01
27746861,4548218,1,2026-07-29 17:05:01,2026-07-30 16:05:01,2024-02-21 14:19:00
369429,4550132,1,2026-07-30 01:05:01,2026-07-30 16:05:01,2024-02-24 09:50:00
10126551,4550132,16777473,2026-07-30 14:47:22,2026-07-10 11:05:01,2025-07-02 12:05:01
12438231,4550132,1,2026-07-30 01:05:01,2026-07-30 16:05:01,2024-12-08 03:05:01
27746861,4550132,1,2026-07-29 17:05:01,2026-07-30 16:05:01,2024-02-21 14:19:00
369429,4565257,1,2026-07-30 01:05:01,2026-07-30 16:05:01,2024-03-24 12:10:00
10126551,4565257,16777473,2026-07-30 14:47:22,2026-07-23 10:05:01,2025-07-05 19:05:01
12438231,4565257,1,2026-07-30 01:05:01,2026-07-30 16:05:01,2024-12-08 03:05:01
27746861,4565257,1,2026-07-29 17:05:01,2026-07-30 16:05:01,2024-02-21 14:19:00
184183,4617282,1,2026-07-25 00:05:01,2026-07-25 19:05:01,2024-02-10 14:00:00
10126551,4617282,16777473,2026-07-30 14:47:22,2026-07-30 04:05:01,2025-07-03 21:05:01
12438231,4617282,1,2026-07-30 01:05:01,2026-07-30 16:05:01,2024-12-08 03:05:01
369429,4785392,1,2026-07-30 01:05:01,2026-07-30 16:05:01,2024-03-24 12:10:00
10126551,4785392,16777473,2026-07-30 14:47:22,2026-07-27 02:05:01,2025-07-02 09:05:01
12438231,4785392,1,2026-07-30 01:05:01,2026-07-30 16:05:01,2024-12-08 03:05:01
27746861,4785392,1,2026-07-29 17:05:01,2026-07-30 16:05:01,2024-02-21 14:19:00
184183,4786451,1,2026-07-25 00:05:01,2026-07-25 20:05:01,2024-06-09 01:23:59
369429,4786451,1,2026-07-30 01:05:01,2026-07-30 13:05:01,2024-02-24 09:50:00
10126551,4786451,16777473,2026-07-30 14:47:22,2026-07-29 02:05:01,2025-07-04 19:05:01
12438231,4786451,1,2026-07-30 01:05:01,2026-07-30 16:05:01,2024-12-08 03:05:01
184183,4786678,1,2026-07-25 00:05:01,2026-07-25 20:05:01,2024-06-09 01:23:59
10126551,4786678,16777473,2026-07-30 14:47:22,2026-07-28 04:05:01,2025-07-04 19:05:01
12438231,4786678,1,2026-07-30 01:05:01,2026-07-30 16:05:01,2024-12-08 03:05:01
27746861,4786678,1,2026-07-29 17:05:01,2026-07-30 12:05:01,2024-02-21 14:19:00
184183,4787039,1,2026-07-25 00:05:01,2026-07-25 19:05:01,2024-06-09 01:23:59
369429,4787039,1,2026-07-30 01:05:01,2026-07-30 16:05:01,2024-02-24 09:50:00
10126551,4787039,16777473,2026-07-30 14:47:22,2026-07-29 03:05:01,2025-07-04 19:05:01
12438231,4787039,1,2026-07-30 01:05:01,2026-07-30 16:05:01,2024-12-08 03:05:01
184183,4789358,1,2026-07-25 00:05:01,2026-07-25 19:05:01,2024-02-10 14:00:00
10126551,4789358,16777473,2026-07-30 14:47:22,2026-07-30 16:05:01,2025-07-02 09:05:01
12438231,4789358,1,2026-07-30 01:05:01,2026-07-30 16:05:01,2024-12-08 03:05:01
10126551,5035644,16777473,2026-07-30 14:47:22,2026-07-30 01:05:01,2025-07-02 12:05:01
12438231,5035644,1,2026-07-30 01:05:01,2026-07-30 16:05:01,2024-12-08 03:05:01
27746861,5035644,1,2026-07-29 17:05:01,2026-07-30 16:05:01,2024-02-21 14:19:00
184183,5039488,1,2026-07-25 00:05:01,2026-07-25 19:05:01,2024-02-10 14:00:00
6449581,5039488,1,2026-07-15 04:24:18,2026-07-30 12:05:01,2024-02-19 00:00:00
10126551,5039488,16777473,2026-07-30 14:47:22,2026-07-30 16:05:01,2025-07-02 12:05:01
12438231,5039488,1,2026-07-30 01:05:01,2026-07-30 16:05:01,2024-12-08 03:05:01
184183,5048807,1,2026-07-25 00:05:01,2026-07-25 20:05:01,2024-02-10 14:00:00
10126551,5048807,16777473,2026-07-30 14:47:22,2026-07-30 10:05:01,2025-07-04 19:05:01
12438231,5048807,1,2026-07-30 01:05:01,2026-07-30 16:05:01,2024-12-08 03:05:01
25040797,5048807,1,2026-02-12 07:05:01,2026-07-30 16:05:01,2024-02-23 21:00:00
369429,5049938,1,2026-07-30 01:05:01,2026-07-30 16:05:01,2024-02-24 09:50:00
10126551,5049938,16777473,2026-07-30 14:47:22,2026-07-19 14:05:01,2025-07-02 09:05:01
12438231,5049938,1,2026-07-30 01:05:01,2026-07-30 16:05:01,2024-12-08 03:05:01
27746861,5049938,1,2026-07-29 17:05:01,2026-07-30 16:05:01,2024-02-21 14:19:00
6449581,5051019,1,2026-07-15 04:24:18,2026-07-30 13:05:01,2024-03-31 23:58:00
10126551,5051019,16777473,2026-07-30 14:47:22,2026-07-10 10:05:01,2025-07-02 09:05:01
12438231,5051019,1,2026-07-30 01:05:01,2026-07-30 16:05:01,2024-12-08 03:05:01
27746861,5051019,1,2026-07-29 17:05:01,2026-07-29 16:05:01,2024-02-21 14:19:00
184183,5091203,1,2026-07-25 00:05:01,2026-07-25 19:05:01,2024-02-10 14:00:00
10126551,5091203,16777473,2026-07-30 14:47:22,2026-07-30 04:05:01,2025-07-02 12:05:01
12438231,5091203,1,2026-07-30 01:05:01,2026-07-30 16:05:01,2024-12-08 03:05:01
369429,5093460,1,2026-07-30 01:05:01,2026-07-30 16:05:01,2024-02-24 09:50:00
10126551,5093460,16777473,2026-07-30 14:47:22,2026-07-29 03:05:01,2025-07-04 19:05:01
12438231,5093460,1,2026-07-30 01:05:01,2026-07-30 16:05:01,2024-12-08 03:05:01
27746861,5093460,1,2026-07-29 17:05:01,2026-07-30 16:05:01,2024-02-21 14:19:00
10126551,5258297,16777473,2026-07-30 14:47:22,2026-07-10 10:05:01,2025-07-02 12:05:01
12438231,5258297,1,2026-07-30 01:05:01,2026-07-30 16:05:01,2024-12-08 03:05:01
27746861,5258297,1,2026-07-29 17:05:01,2026-07-29 16:05:01,2024-02-21 14:19:00
184183,5259016,1,2026-07-25 00:05:01,2026-07-25 19:05:01,2024-02-10 14:00:00
369429,5259016,1,2026-07-30 01:05:01,2026-07-30 16:05:01,2024-05-12 14:12:43
10126551,5259016,16777473,2026-07-30 14:47:22,2026-07-30 04:05:01,2025-07-04 19:05:01
12438231,5259016,1,2026-07-30 01:05:01,2026-07-30 16:05:01,2024-12-08 03:05:01
184183,5278855,1,2026-07-25 00:05:01,2026-07-25 19:05:01,2024-02-10 14:00:00
10126551,5278855,16777473,2026-07-30 14:47:22,2026-07-30 16:05:01,2025-07-05 19:05:01
12438231,5278855,1,2026-07-30 01:05:01,2026-07-30 16:05:01,2024-12-08 03:05:01
369429,5283525,1,2026-07-30 01:05:01,2026-07-30 16:05:01,2024-05-12 14:12:43
10126551,5283525,16777473,2026-07-30 14:47:22,2026-07-28 02:05:01,2025-07-03 21:05:01
12438231,5283525,1,2026-07-30 01:05:01,2026-07-30 16:05:01,2024-12-08 03:05:01
27746861,5283525,1,2026-07-29 17:05:01,2026-07-30 16:05:01,2024-02-21 14:19:00
10126551,5343540,16777473,2026-07-30 14:47:22,2026-07-10 10:05:01,2025-07-02 09:05:01
12438231,5343540,1,2026-07-30 01:05:01,2026-07-20 03:05:01,2024-12-08 03:05:01
9423019,5351984,1,2026-04-08 02:05:02,2026-07-30 16:05:01,2024-02-05 04:04:00
10126551,5351984,16777473,2026-07-30 14:47:22,2026-07-28 02:05:01,2025-07-02 09:05:01
12438231,5351984,1,2026-07-30 01:05:01,2026-07-30 16:05:01,2024-12-08 03:05:01
12438231,5377694,1,2026-07-30 01:05:01,2026-07-30 16:05:01,2024-12-08 03:05:01
184183,5383080,1,2026-07-25 00:05:01,2026-07-25 19:05:01,2024-02-10 14:00:00
369429,5383080,1,2026-07-30 01:05:01,2026-07-30 16:05:01,2024-05-12 14:12:43
10126551,5383080,16777473,2026-07-30 14:47:22,2026-07-30 04:05:01,2025-07-04 19:05:01
12438231,5383080,1,2026-07-30 01:05:01,2026-07-30 16:05:01,2024-12-08 03:05:01
10126551,5388689,16777473,2026-07-30 14:47:22,2026-07-30 04:05:01,2025-07-02 09:05:01
12438231,5388689,1,2026-07-30 01:05:01,2026-07-30 16:05:01,2024-12-08 03:05:01
27746861,5388689,1,2026-07-29 17:05:01,2026-07-30 16:05:01,2024-02-21 14:19:00
184183,5395203,1,2026-07-25 00:05:01,2026-07-25 19:05:01,2024-02-10 14:00:00
10126551,5395203,16777473,2026-07-30 14:47:22,2026-07-30 16:05:01,2025-07-03 21:05:01
12438231,5395203,1,2026-07-30 01:05:01,2026-07-30 16:05:01,2024-12-08 03:05:01
27746861,5395203,1,2026-07-29 17:05:01,2026-07-30 16:05:01,2024-02-21 14:19:00
10126551,5422672,16777473,2026-07-30 14:47:22,2026-07-23 10:05:01,2025-07-02 12:05:01
12438231,5422672,1,2026-07-30 01:05:01,2026-07-30 16:05:01,2024-12-08 03:05:01
27746861,5422672,1,2026-07-29 17:05:01,2026-07-30 16:05:01,2024-02-21 14:19:00
369429,5432656,1,2026-07-30 01:05:01,2026-07-30 16:05:01,2024-05-12 14:12:43
10126551,5432656,16777473,2026-07-30 14:47:22,2026-07-27 02:05:01,2025-07-02 12:05:01
12438231,5432656,1,2026-07-30 01:05:01,2026-07-30 16:05:01,2024-12-08 03:05:01
27746861,5432656,1,2026-07-29 17:05:01,2026-07-30 16:05:01,2024-02-21 14:19:00
184183,5432908,1,2026-07-25 00:05:01,2026-07-25 19:05:01,2024-02-10 14:00:00
10126551,5432908,16777473,2026-07-30 14:47:22,2026-07-30 13:05:01,2025-07-04 19:05:01
12438231,5432908,1,2026-07-30 01:05:01,2026-07-30 16:05:01,2024-12-08 03:05:01
10126551,5433484,16777473,2026-07-30 14:47:22,2026-07-30 16:05:01,2025-07-02 09:05:01
12438231,5433484,1,2026-07-30 01:05:01,2026-07-30 16:05:01,2024-12-08 03:05:01
27746861,5433484,1,2026-07-29 17:05:01,2026-07-30 16:05:01,2024-02-21 14:19:00
10126551,5434173,16777473,2026-07-30 14:47:22,2026-07-30 04:05:01,2025-07-05 19:05:01
12438231,5434173,1,2026-07-30 01:05:01,2026-07-30 16:05:01,2024-12-08 03:05:01
27746861,5434173,1,2026-07-29 17:05:01,2026-07-30 16:05:01,2024-02-21 14:19:00
184183,5457729,1,2026-07-25 00:05:01,2026-07-25 19:05:01,2024-02-10 14:00:00
369429,5457729,1,2026-07-30 01:05:01,2026-07-30 11:05:01,2024-05-11 20:27:36
10126551,5457729,16777473,2026-07-30 14:47:22,2026-07-30 00:05:01,2025-07-02 12:05:01
12438231,5457729,1,2026-07-30 01:05:01,2026-07-30 16:05:01,2024-12-08 03:05:01
10126551,5467860,16777473,2026-07-30 14:47:22,2026-07-10 10:05:01,2025-07-04 19:05:01
12438231,5467860,1,2026-07-30 01:05:01,2026-07-30 11:05:01,2024-12-08 03:05:01
184183,5467881,1,2026-07-25 00:05:01,2026-07-25 19:05:01,2024-02-10 14:00:00
10126551,5467881,16777473,2026-07-30 14:47:22,2026-07-29 22:05:02,2025-07-03 21:05:01
12438231,5467881,1,2026-07-30 01:05:01,2026-07-30 16:05:01,2024-12-08 03:05:01
369429,5473923,1,2026-07-30 01:05:01,2026-07-30 16:05:01,2024-02-24 09:50:00
6449581,5473923,1,2026-07-15 04:24:18,2026-07-30 12:05:01,2024-02-19 00:00:00
10126551,5473923,16777473,2026-07-30 14:47:22,2026-07-11 22:05:02,2025-07-02 12:05:01
12438231,5473923,1,2026-07-30 01:05:01,2026-07-30 16:05:01,2024-12-08 03:05:01
369429,5491684,1,2026-07-30 01:05:01,2026-07-30 16:05:01,2024-02-24 09:50:00
10126551,5491684,16777473,2026-07-30 14:47:22,2026-07-23 10:05:01,2025-07-02 09:05:01
12438231,5491684,1,2026-07-30 01:05:01,2026-07-30 16:05:01,2024-12-08 03:05:01
27746861,5491684,1,2026-07-29 17:05:01,2026-07-30 16:05:01,2024-02-21 14:19:00
6449581,5497725,1,2026-07-15 04:24:18,2026-07-30 13:05:01,2024-02-19 00:00:00
10126551,5497725,16777473,2026-07-30 14:47:22,2026-07-27 22:05:01,2025-07-03 21:05:01
12438231,5497725,1,2026-07-30 01:05:01,2026-07-30 16:05:01,2024-12-08 03:05:01
27746861,5497725,1,2026-07-29 17:05:01,2026-07-30 16:05:01,2024-02-21 14:19:00
184183,5505936,1,2026-07-25 00:05:01,2026-07-25 19:05:01,2024-02-10 14:00:00
10126551,5505936,16777473,2026-07-30 14:47:22,2026-07-30 16:05:01,2025-07-02 09:05:01
12438231,5505936,1,2026-07-30 01:05:01,2026-07-30 16:05:01,2024-12-08 03:05:01
369429,5506696,1,2026-07-30 01:05:01,2026-07-30 16:05:01,2024-07-27 02:03:43
10126551,5506696,16777473,2026-07-30 14:47:22,2026-07-11 22:05:02,2025-07-02 12:05:01
12438231,5506696,1,2026-07-30 01:05:01,2026-07-30 16:05:01,2024-12-08 03:05:01
27746861,5506696,1,2026-07-29 17:05:01,2026-07-30 16:05:01,2024-02-21 14:19:00
369429,5524733,1,2026-07-30 01:05:01,2026-07-30 16:05:01,2024-02-24 09:50:00
10126551,5524733,16777473,2026-07-30 14:47:22,2026-07-30 03:05:02,2025-07-04 19:05:01
12438231,5524733,1,2026-07-30 01:05:01,2026-07-30 16:05:01,2024-12-08 03:05:01
184183,5528023,1,2026-07-25 00:05:01,2026-07-25 19:05:01,2024-02-10 14:00:00
10126551,5528023,16777473,2026-07-30 14:47:22,2026-07-30 16:05:01,2025-07-02 09:05:01
12438231,5528023,1,2026-07-30 01:05:01,2026-07-30 16:05:01,2024-12-08 03:05:01
6449581,5533203,1,2026-07-15 04:24:18,2026-07-30 12:05:01,2024-02-19 00:00:00
10126551,5533203,16777473,2026-07-30 14:47:22,2026-07-10 10:05:01,2025-07-04 19:05:01
12438231,5533203,1,2026-07-30 01:05:01,2026-07-30 16:05:01,2024-12-08 03:05:01
27746861,5533203,1,2026-07-29 17:05:01,2026-07-29 16:05:01,2024-02-21 14:19:00
369429,5538927,1,2026-07-30 01:05:01,2026-07-30 16:05:01,2024-02-24 09:50:00
10126551,5538927,16777473,2026-07-30 14:47:22,2026-07-28 02:05:01,2025-07-02 12:05:01
12438231,5538927,1,2026-07-30 01:05:01,2026-07-30 16:05:01,2024-12-08 03:05:01
27746861,5538927,1,2026-07-29 17:05:01,2026-07-30 16:05:01,2024-02-21 14:19:00
6449581,5540460,1,2026-07-15 04:24:18,2026-07-30 12:05:01,2024-04-28 23:59:00
10126551,5540460,16777473,2026-07-30 14:47:22,2026-07-27 03:05:01,2025-07-04 19:05:01
12438231,5540460,1,2026-07-30 01:05:01,2026-07-30 16:05:01,2024-12-08 03:05:01
369429,5568386,1,2026-07-30 01:05:01,2026-07-30 16:05:01,2024-02-24 09:50:00
10126551,5568386,16777473,2026-07-30 14:47:22,2026-07-30 04:05:01,2025-07-02 12:05:01
12438231,5568386,1,2026-07-30 01:05:01,2026-07-30 16:05:01,2024-12-08 03:05:01
184183,5570797,1,2026-07-25 00:05:01,2026-07-25 19:05:01,2024-02-10 14:00:00
10126551,5570797,16777473,2026-07-30 14:47:22,2026-07-30 16:05:01,2025-07-02 09:05:01
12438231,5570797,1,2026-07-30 01:05:01,2026-07-30 16:05:01,2024-12-08 03:05:01
369429,5570799,1,2026-07-30 01:05:01,2026-07-30 16:05:01,2024-02-24 09:50:00
7778569,5570799,65537,2024-02-15 23:55:00,2026-07-29 04:05:01,2024-02-15 23:55:00
10126551,5570799,16777473,2026-07-30 14:47:22,2026-07-27 01:05:02,2025-07-04 19:05:01
12438231,5570799,1,2026-07-30 01:05:01,2026-07-30 16:05:01,2024-12-08 03:05:01
369429,5570801,1,2026-07-30 01:05:01,2026-07-10 11:05:01,2024-02-24 09:50:00
10126551,5570801,16777473,2026-07-30 14:47:22,2026-07-10 10:05:01,2025-07-02 12:05:01
12438231,5570801,1,2026-07-30 01:05:01,2026-07-29 12:05:02,2024-12-08 03:05:01
184183,5575783,1,2026-07-25 00:05:01,2026-07-25 19:05:01,2024-02-10 14:00:00
10126551,5575783,16777473,2026-07-30 14:47:22,2026-07-30 04:05:01,2025-07-03 21:05:01
12438231,5575783,1,2026-07-30 01:05:01,2026-07-30 16:05:01,2024-12-08 03:05:01
27746861,5575783,1,2026-07-29 17:05:01,2026-07-30 16:05:01,2024-02-21 14:19:00
369429,5579537,1,2026-07-30 01:05:01,2026-07-30 16:05:01,2024-02-24 09:50:00
10126551,5579537,16777473,2026-07-30 14:47:22,2026-07-29 01:05:01,2025-07-02 12:05:01
12438231,5579537,1,2026-07-30 01:05:01,2026-07-30 16:05:01,2024-12-08 03:05:01
27746861,5579537,1,2026-07-29 17:05:01,2026-07-30 16:05:01,2024-02-21 14:19:00
10126551,5583472,16777473,2026-07-30 14:47:22,2026-07-26 02:05:01,2025-07-04 19:05:01
12438231,5583472,1,2026-07-30 01:05:01,2026-07-30 16:05:01,2024-12-08 03:05:01
27746861,5583472,1,2026-07-29 17:05:01,2026-07-30 08:05:01,2024-02-21 14:19:00
6449581,5583669,1,2026-07-15 04:24:18,2026-07-30 12:05:01,2024-02-19 00:00:00
10126551,5583669,16777473,2026-07-30 14:47:22,2026-07-30 16:05:01,2025-07-04 19:05:01
12438231,5583669,1,2026-07-30 01:05:01,2026-07-30 16:05:01,2024-12-08 03:05:01
27746861,5583669,1,2026-07-29 17:05:01,2026-07-30 16:05:01,2024-02-21 14:19:00
6449581,5583987,1,2026-07-15 04:24:18,2026-07-30 12:05:01,2024-02-19 00:00:00
10126551,5583987,16777473,2026-07-30 14:47:22,2026-07-28 02:05:01,2025-07-02 12:05:01
12438231,5583987,1,2026-07-30 01:05:01,2026-07-30 16:05:01,2024-12-08 03:05:01
27746861,5583987,1,2026-07-29 17:05:01,2026-07-30 16:05:01,2024-02-21 14:19:00
184183,5606723,1,2026-07-25 00:05:01,2026-07-25 19:05:01,2024-02-10 14:00:00
10126551,5606723,16777473,2026-07-30 14:47:22,2026-07-30 15:05:01,2025-07-05 19:05:01
12438231,5606723,1,2026-07-30 01:05:01,2026-07-30 16:05:01,2024-12-08 03:05:01
184183,5611029,1,2026-07-25 00:05:01,2026-07-25 19:05:01,2024-02-10 14:00:00
769018,5611029,0,,2026-07-30 16:05:01,
10126551,5611029,16777473,2026-07-30 14:47:22,2026-07-30 04:05:01,2025-07-02 09:05:01
12438231,5611029,1,2026-07-30 01:05:01,2026-07-30 16:05:01,2024-12-08 03:05:01
369429,5611778,1,2026-07-30 01:05:01,2026-07-30 14:05:02,2024-02-24 09:50:00
10126551,5611778,16777473,2026-07-30 14:47:22,2026-07-12 03:05:02,2025-07-04 19:05:01
12438231,5611778,1,2026-07-30 01:05:01,2026-07-30 16:05:01,2024-12-08 03:05:01
27746861,5611778,1,2026-07-29 17:05:01,2026-07-30 08:05:01,2024-02-21 14:19:00
184183,5612114,1,2026-07-25 00:05:01,2026-07-25 20:05:01,2024-02-10 14:00:00
10126551,5612114,16777473,2026-07-30 14:47:22,2026-07-30 16:05:01,2025-07-03 21:05:01
12438231,5612114,1,2026-07-30 01:05:01,2026-07-30 16:05:01,2024-12-08 03:05:01
184183,5614329,1,2026-07-25 00:05:01,2026-07-25 19:05:01,2024-02-10 14:00:00
369429,5614329,1,2026-07-30 01:05:01,2026-07-30 16:05:01,2024-05-10 19:09:00
10126551,5614329,16777473,2026-07-30 14:47:22,2026-07-30 00:05:01,2025-07-02 09:05:01
12438231,5614329,1,2026-07-30 01:05:01,2026-07-30 16:05:01,2024-12-08 03:05:01
10126551,5627005,16777473,2026-07-30 14:47:22,2026-07-10 11:05:01,2025-07-02 12:05:01
12438231,5627005,1,2026-07-30 01:05:01,2026-07-30 16:05:01,2024-12-08 03:05:01
27746861,5627005,1,2026-07-29 17:05:01,2026-07-30 08:05:01,2024-02-21 14:19:00
184183,5627726,1,2026-07-25 00:05:01,2026-07-25 19:05:01,2024-02-10 14:00:00
369429,5627726,1,2026-07-30 01:05:01,2026-07-30 16:05:01,2024-08-22 02:02:40
10126551,5627726,16777473,2026-07-30 14:47:22,2026-07-30 05:05:01,2025-07-02 09:05:01
12438231,5627726,1,2026-07-30 01:05:01,2026-07-30 16:05:01,2024-12-08 03:05:01
10126551,5627909,16777473,2026-07-30 14:47:22,2026-07-26 02:05:01,2025-07-02 12:05:01
12438231,5627909,1,2026-07-30 01:05:01,2026-07-30 16:05:01,2024-12-08 03:05:01
184183,5628952,1,2026-07-25 00:05:01,2026-07-25 19:05:01,2024-02-10 14:00:00
369429,5628952,1,2026-07-30 01:05:01,2026-07-30 16:05:01,2024-06-03 20:56:13
10126551,5628952,16777473,2026-07-30 14:47:22,2026-07-30 04:05:01,2025-07-05 19:05:01
12438231,5628952,1,2026-07-30 01:05:01,2026-07-30 16:05:01,2024-12-08 03:05:01
10126551,5629039,16777473,2026-07-30 14:47:22,2026-07-28 02:05:01,2025-07-05 19:05:01
12438231,5629039,1,2026-07-30 01:05:01,2026-07-30 16:05:01,2024-12-08 03:05:01
27746861,5629039,1,2026-07-29 17:05:01,2026-07-30 16:05:01,2024-02-21 14:19:00
10126551,5640350,16777473,2026-07-30 14:47:22,2026-07-10 10:05:01,2025-07-02 09:05:01
12438231,5640350,1,2026-07-30 01:05:01,2026-07-30 08:05:01,2024-12-08 03:05:01
27746861,5640350,1,2026-07-29 17:05:01,2026-07-29 16:05:01,2024-02-21 14:19:00
9423019,5641507,1,2026-04-08 02:05:02,2026-07-30 16:05:01,2024-02-05 04:04:00
10126551,5641507,16777473,2026-07-30 14:47:22,2026-07-30 04:05:01,2025-07-04 19:05:01
12438231,5641507,1,2026-07-30 01:05:01,2026-07-30 16:05:01,2024-12-08 03:05:01
27746861,5641507,1,2026-07-29 17:05:01,2026-07-30 16:05:01,2024-02-21 14:19:00
184183,5641509,1,2026-07-25 00:05:01,2026-07-25 19:05:01,2024-02-10 14:00:00
369429,5641509,1,2026-07-30 01:05:01,2026-07-30 16:05:01,2024-05-12 14:12:43
10126551,5641509,16777473,2026-07-30 14:47:22,2026-07-30 04:05:01,2025-07-03 21:05:01
12438231,5641509,1,2026-07-30 01:05:01,2026-07-30 16:05:01,2024-12-08 03:05:01
10126551,5642300,16777473,2026-07-30 14:47:22,2026-07-10 10:05:01,2025-07-02 09:05:01
12438231,5642300,1,2026-07-30 01:05:01,2026-07-20 03:05:01,2024-12-08 03:05:01
27746861,5642300,1,2026-07-29 17:05:01,2026-07-29 16:05:01,2025-05-21 06:05:01
10126551,5643928,16777473,2026-07-30 14:47:22,2026-07-10 10:05:01,2025-07-02 09:05:01
12438231,5643928,1,2026-07-30 01:05:01,2026-07-30 16:05:01,2024-12-08 03:05:01
27746861,5643928,1,2026-07-29 17:05:01,2026-07-29 16:05:01,2024-02-21 14:19:00
369429,5647081,1,2026-07-30 01:05:01,2026-07-30 16:05:01,2024-10-26 02:05:01
9423019,5647081,1,2026-04-08 02:05:02,2026-07-30 16:05:01,2024-02-05 04:04:00
10126551,5647081,16777473,2026-07-30 14:47:22,2026-07-10 10:05:01,2025-07-02 09:05:01
12438231,5647081,1,2026-07-30 01:05:01,2026-07-30 16:05:01,2024-12-08 03:05:01
184183,5647156,1,2026-07-25 00:05:01,2026-07-25 20:05:01,2024-02-10 14:00:00
10126551,5647156,16777473,2026-07-30 14:47:22,2026-07-28 02:05:01,2025-07-05 19:05:01
12438231,5647156,1,2026-07-30 01:05:01,2026-07-30 16:05:01,2024-12-08 03:05:01
27746861,5647156,1,2026-07-29 17:05:01,2026-07-30 16:05:01,2024-02-21 14:19:00
369429,5648345,1,2026-07-30 01:05:01,2026-07-30 16:05:01,2024-02-24 09:50:00
10126551,5648345,16777473,2026-07-30 14:47:22,2026-07-26 23:05:01,2025-07-02 09:05:01
12438231,5648345,1,2026-07-30 01:05:01,2026-07-30 16:05:01,2024-12-08 03:05:01
27746861,5648345,1,2026-07-29 17:05:01,2026-07-30 16:05:01,2024-02-21 14:19:00
184183,5648388,1,2026-07-25 00:05:01,2026-07-25 19:05:01,2024-02-10 14:00:00
10126551,5648388,16777473,2026-07-30 14:47:22,2026-07-30 16:05:01,2025-07-02 09:05:01
12438231,5648388,1,2026-07-30 01:05:01,2026-07-30 16:05:01,2024-12-08 03:05:01
25040797,5648388,1,2026-02-12 07:05:01,2026-07-30 16:05:01,2024-02-23 21:00:00
184183,5655949,1,2026-07-25 00:05:01,2026-07-25 19:05:01,2024-02-10 14:00:00
369429,5655949,1,2026-07-30 01:05:01,2026-07-30 16:05:01,2024-02-24 09:50:00
10126551,5655949,16777473,2026-07-30 14:47:22,2026-07-28 02:05:01,2025-07-02 09:05:01
12438231,5655949,1,2026-07-30 01:05:01,2026-07-30 16:05:01,2024-12-08 03:05:01
184183,5656780,1,2026-07-25 00:05:01,2026-07-25 19:05:01,2024-02-10 14:00:00
369429,5656780,1,2026-07-30 01:05:01,2026-07-30 16:05:01,2024-05-12 14:12:43
10126551,5656780,16777473,2026-07-30 14:47:22,2026-07-30 01:05:01,2025-07-04 19:05:01
12438231,5656780,1,2026-07-30 01:05:01,2026-07-30 16:05:01,2024-12-08 03:05:01
6449581,5657575,1,2026-07-15 04:24:18,2026-07-30 13:05:01,2024-02-19 00:00:00
10126551,5657575,16777473,2026-07-30 14:47:22,2026-07-10 10:05:01,2025-07-02 12:05:01
12438231,5657575,1,2026-07-30 01:05:01,2026-07-30 16:05:01,2024-12-08 03:05:01
27746861,5657575,1,2026-07-29 17:05:01,2026-07-30 16:05:01,2024-02-21 14:19:00
369429,5657887,1,2026-07-30 01:05:01,2026-07-30 16:05:01,2024-05-12 14:12:43
10126551,5657887,16777473,2026-07-30 14:47:22,2026-07-28 02:05:01,2025-07-02 12:05:01
12438231,5657887,1,2026-07-30 01:05:01,2026-07-30 16:05:01,2024-12-08 03:05:01
27746861,5657887,1,2026-07-29 17:05:01,2026-07-30 16:05:01,2024-02-21 14:19:00
184183,5658011,1,2026-07-25 00:05:01,2026-07-25 19:05:01,2024-02-10 14:00:00
10126551,5658011,16777473,2026-07-30 14:47:22,2026-07-30 04:05:01,2025-07-02 12:05:01
12438231,5658011,1,2026-07-30 01:05:01,2026-07-30 16:05:01,2024-12-08 03:05:01
184183,5658462,1,2026-07-25 00:05:01,2026-07-25 19:05:01,2024-02-10 14:00:00
10126551,5658462,16777473,2026-07-30 14:47:22,2026-07-28 02:05:01,2025-07-02 12:05:01
12438231,5658462,1,2026-07-30 01:05:01,2026-07-30 16:05:01,2024-12-08 03:05:01
184183,5671895,1,2026-07-25 00:05:01,2026-07-25 19:05:01,2024-06-01 16:40:00
10126551,5671895,16777473,2026-07-30 14:47:22,2026-07-30 04:05:01,2025-07-05 19:05:01
12438231,5671895,1,2026-07-30 01:05:01,2026-07-30 16:05:01,2024-12-08 03:05:01
27746861,5671895,1,2026-07-29 17:05:01,2026-07-30 16:05:01,2024-02-21 14:19:00
184183,5674999,1,2026-07-25 00:05:01,2026-07-25 20:05:01,2024-02-10 14:00:00
10126551,5674999,16777473,2026-07-30 14:47:22,2026-07-30 09:05:01,2025-07-02 09:05:01
12438231,5674999,1,2026-07-30 01:05:01,2026-07-30 16:05:01,2024-12-08 03:05:01
184183,5676118,1,2026-07-25 00:05:01,2026-07-25 19:05:01,2024-02-10 14:00:00
10126551,5676118,16777473,2026-07-30 14:47:22,2026-07-30 13:05:01,2025-07-05 19:05:01
12438231,5676118,1,2026-07-30 01:05:01,2026-07-30 16:05:01,2024-12-08 03:05:01
25040797,5676118,1,2026-02-12 07:05:01,2026-07-30 16:05:01,2024-02-23 21:00:00
184183,5676160,1,2026-07-25 00:05:01,2026-07-25 19:05:01,2024-02-10 14:00:00
369429,5676160,1,2026-07-30 01:05:01,2026-07-30 16:05:01,2024-06-03 20:56:13
10126551,5676160,16777473,2026-07-30 14:47:22,2026-07-30 04:05:01,2025-07-02 09:05:01
12438231,5676160,1,2026-07-30 01:05:01,2026-07-30 16:05:01,2024-12-08 03:05:01
184183,5682981,1,2026-07-25 00:05:01,2026-07-25 19:05:01,2024-02-10 14:00:00
10126551,5682981,16777473,2026-07-30 14:47:22,2026-07-30 06:05:01,2025-07-02 09:05:01
12438231,5682981,1,2026-07-30 01:05:01,2026-07-30 16:05:01,2024-12-08 03:05:01
184183,5682992,1,2026-07-25 00:05:01,2026-07-25 19:05:01,2024-02-10 14:00:00
10126551,5682992,16777473,2026-07-30 14:47:22,2026-07-30 16:05:01,2025-07-02 12:05:01
12438231,5682992,1,2026-07-30 01:05:01,2026-07-30 16:05:01,2024-12-08 03:05:01
184183,5684165,1,2026-07-25 00:05:01,2026-07-25 19:05:01,2024-02-10 14:00:00
10126551,5684165,16777473,2026-07-30 14:47:22,2026-07-29 23:05:01,2025-07-02 09:05:01
12438231,5684165,1,2026-07-30 01:05:01,2026-07-30 16:05:01,2024-12-08 03:05:01
25040797,5684165,1,2026-02-12 07:05:01,2026-07-30 16:05:01,2024-02-23 21:00:00
6449581,5684841,1,2026-07-15 04:24:18,2026-07-30 13:05:01,2024-02-19 00:00:00
10126551,5684841,16777473,2026-07-30 14:47:22,2026-07-30 16:05:01,2025-07-02 09:05:01
12438231,5684841,1,2026-07-30 01:05:01,2026-07-30 16:05:01,2024-12-08 03:05:01
184183,5686758,1,2026-07-25 00:05:01,2026-07-25 19:05:01,2024-02-10 14:00:00
10126551,5686758,16777473,2026-07-30 14:47:22,2026-07-30 04:05:01,2025-07-05 19:05:01
12438231,5686758,1,2026-07-30 01:05:01,2026-07-30 16:05:01,2024-12-08 03:05:01
25040797,5686758,1,2026-02-12 07:05:01,2026-07-30 16:05:01,2024-02-23 21:00:00
184183,5695836,1,2026-07-25 00:05:01,2026-07-25 19:05:01,2024-02-10 14:00:00
369429,5695836,1,2026-07-30 01:05:01,2026-07-30 16:05:01,2024-05-12 14:12:43
10126551,5695836,16777473,2026-07-30 14:47:22,2026-07-30 04:05:01,2025-07-05 19:05:01
12438231,5695836,1,2026-07-30 01:05:01,2026-07-30 16:05:01,2024-12-08 03:05:01
184183,5700180,1,2026-07-25 00:05:01,2026-07-25 19:05:01,2024-02-10 14:00:00
10126551,5700180,16777473,2026-07-30 14:47:22,2026-07-30 07:05:01,2025-07-04 19:05:01
12438231,5700180,1,2026-07-30 01:05:01,2026-07-30 16:05:01,2024-12-08 03:05:01
369429,5700541,1,2026-07-30 01:05:01,2026-07-30 16:05:01,2024-02-24 09:50:00
10126551,5700541,16777473,2026-07-30 14:47:22,2026-07-28 02:05:01,2025-07-02 12:05:01
12438231,5700541,1,2026-07-30 01:05:01,2026-07-30 16:05:01,2024-12-08 03:05:01
369429,5701348,1,2026-07-30 01:05:01,2026-07-30 16:05:01,2024-02-24 09:50:00
10126551,5701348,16777473,2026-07-30 14:47:22,2026-07-27 02:05:01,2025-07-02 12:05:01
12438231,5701348,1,2026-07-30 01:05:01,2026-07-30 16:05:01,2024-12-08 03:05:01
27746861,5701348,1,2026-07-29 17:05:01,2026-07-30 16:05:01,2024-02-21 14:19:00
10126551,5703746,16777473,2026-07-30 14:47:22,2026-07-29 14:05:01,2025-07-04 19:05:01
12438231,5703746,1,2026-07-30 01:05:01,2026-07-30 16:05:01,2024-12-08 03:05:01
27746861,5703746,1,2026-07-29 17:05:01,2026-07-30 16:05:01,2024-02-21 14:19:00
184183,5706218,1,2026-07-25 00:05:01,2026-07-25 19:05:01,2024-02-10 14:00:00
10126551,5706218,16777473,2026-07-30 14:47:22,2026-07-30 04:05:01,2025-07-05 19:05:01
12438231,5706218,1,2026-07-30 01:05:01,2026-07-30 16:05:01,2024-12-08 03:05:01
369429,5706850,1,2026-07-30 01:05:01,2026-07-30 15:05:01,2024-02-24 09:50:00
10126551,5706850,16777473,2026-07-30 14:47:22,2026-07-28 23:05:01,2025-07-04 19:05:01
12438231,5706850,1,2026-07-30 01:05:01,2026-07-30 16:05:01,2024-12-08 03:05:01
27746861,5706850,1,2026-07-29 17:05:01,2026-07-30 16:05:01,2024-02-21 14:19:00
184183,5712665,1,2026-07-25 00:05:01,2026-07-25 19:05:01,2024-02-10 14:00:00
10126551,5712665,16777473,2026-07-30 14:47:22,2026-07-30 16:05:01,2025-07-02 09:05:01
12438231,5712665,1,2026-07-30 01:05:01,2026-07-30 16:05:01,2024-12-08 03:05:01
369429,5714188,1,2026-07-30 01:05:01,2026-07-30 16:05:01,2024-02-24 09:50:00
10126551,5714188,16777473,2026-07-30 14:47:22,2026-07-10 10:05:01,2025-07-02 12:05:01
12438231,5714188,1,2026-07-30 01:05:01,2026-07-30 16:05:01,2024-12-08 03:05:01
27746861,5714188,1,2026-07-29 17:05:01,2026-07-30 16:05:01,2024-02-21 14:19:00
184183,5715555,1,2026-07-25 00:05:01,2026-07-25 19:05:01,2024-02-10 14:00:00
10126551,5715555,16777473,2026-07-30 14:47:22,2026-07-27 05:05:01,2025-07-04 19:05:01
12438231,5715555,1,2026-07-30 01:05:01,2026-07-30 16:05:01,2024-12-08 03:05:01
25040797,5715555,1,2026-02-12 07:05:01,2026-07-30 16:05:01,2024-02-23 21:00:00
10126551,5716633,16777473,2026-07-30 14:47:22,2026-07-12 04:05:01,2025-07-04 19:05:01
12438231,5716633,1,2026-07-30 01:05:01,2026-07-30 16:05:01,2024-12-08 03:05:01
27746861,5716633,1,2026-07-29 17:05:01,2026-07-30 14:05:02,2024-02-21 14:19:00
184183,5719963,1,2026-07-25 00:05:01,2026-07-25 19:05:01,2024-02-10 14:00:00
10126551,5719963,16777473,2026-07-30 14:47:22,2026-07-29 16:05:01,2025-07-04 19:05:01
12438231,5719963,1,2026-07-30 01:05:01,2026-07-30 16:05:01,2024-12-08 03:05:01
9423019,5721321,1,2026-04-08 02:05:02,2026-07-30 16:05:01,2024-02-05 04:04:00
10126551,5721321,16777473,2026-07-30 14:47:22,2026-07-10 11:05:01,2025-07-02 12:05:01
12438231,5721321,1,2026-07-30 01:05:01,2026-07-30 16:05:01,2024-12-08 03:05:01
27746861,5721321,1,2026-07-29 17:05:01,2026-07-30 16:05:01,2024-02-21 14:19:00
9423019,5724230,1,2026-04-08 02:05:02,2026-07-30 16:05:01,2024-02-05 04:04:00
10126551,5724230,16777473,2026-07-30 14:47:22,2026-07-28 02:05:01,2025-07-02 12:05:01
12438231,5724230,1,2026-07-30 01:05:01,2026-07-30 16:05:01,2024-12-08 03:05:01
27746861,5724230,1,2026-07-29 17:05:01,2026-07-30 16:05:01,2024-02-21 14:19:00
10126551,5725085,16777473,2026-07-30 14:47:22,2026-07-30 16:05:01,2025-07-05 19:05:01
12438231,5725085,1,2026-07-30 01:05:01,2026-07-30 16:05:01,2024-12-08 03:05:01
27746861,5725085,1,2026-07-29 17:05:01,2026-07-30 16:05:01,2024-02-21 14:19:00
9423019,5725612,1,2026-04-08 02:05:02,2026-07-30 16:05:01,2024-02-05 04:04:00
10126551,5725612,16777473,2026-07-30 14:47:22,2026-07-27 02:05:01,2025-07-05 19:05:01
12438231,5725612,1,2026-07-30 01:05:01,2026-07-30 16:05:01,2024-12-08 03:05:01
10126551,5725627,16777473,2026-07-30 14:47:22,2026-07-10 10:05:01,2025-07-04 19:05:01
12438231,5725627,1,2026-07-30 01:05:01,2026-07-30 09:05:01,2024-12-08 03:05:01
184183,5731135,1,2026-07-25 00:05:01,2026-07-25 19:05:01,2024-02-10 14:00:00
10126551,5731135,16777473,2026-07-30 14:47:22,2026-07-30 16:05:01,2025-07-02 09:05:01
12438231,5731135,1,2026-07-30 01:05:01,2026-07-30 16:05:01,2024-12-08 03:05:01
184183,5733410,1,2026-07-25 00:05:01,2026-07-25 20:05:01,2024-02-10 14:00:00
10126551,5733410,16777473,2026-07-30 14:47:22,2026-07-10 11:05:01,2025-07-05 19:05:01
12438231,5733410,1,2026-07-30 01:05:01,2026-07-30 16:05:01,2024-12-08 03:05:01
184183,5739413,1,2026-07-25 00:05:01,2026-07-25 20:05:01,2024-02-10 14:00:00
10126551,5739413,16777473,2026-07-30 14:47:22,2026-07-30 04:05:01,2025-07-02 09:05:01
12438231,5739413,1,2026-07-30 01:05:01,2026-07-30 16:05:01,2024-12-08 03:05:01
19499816,5739413,1,2026-07-30 00:05:01,2026-07-30 16:05:01,2024-09-16 03:24:01
10126551,5740860,16777473,2026-07-30 14:47:22,2026-07-26 04:05:01,2025-07-02 12:05:01
12438231,5740860,1,2026-07-30 01:05:01,2026-07-30 16:05:01,2024-12-08 03:05:01
27746861,5740860,1,2026-07-29 17:05:01,2026-07-30 16:05:01,2024-02-21 14:19:00
184183,5740937,1,2026-07-25 00:05:01,2026-07-25 19:05:01,2024-02-10 14:00:00
10126551,5740937,16777473,2026-07-30 14:47:22,2026-07-28 02:05:01,2025-07-02 12:05:01
12438231,5740937,1,2026-07-30 01:05:01,2026-07-30 16:05:01,2024-12-08 03:05:01
10126551,5743550,16777473,2026-07-30 14:47:22,2026-07-10 10:05:01,2025-07-02 12:05:01
12438231,5743550,1,2026-07-30 01:05:01,2026-07-30 16:05:01,2024-12-08 03:05:01
184183,5761522,1,2026-07-25 00:05:01,2026-07-25 19:05:01,2024-02-10 14:00:00
10126551,5761522,16777473,2026-07-30 14:47:22,2026-07-30 16:05:01,2025-07-02 09:05:01
12438231,5761522,1,2026-07-30 01:05:01,2026-07-30 16:05:01,2024-12-08 03:05:01
10126551,5763015,16777473,2026-07-30 14:47:22,2026-07-30 16:05:01,2025-07-02 09:05:01
12438231,5763015,1,2026-07-30 01:05:01,2026-07-30 16:05:01,2024-12-08 03:05:01
27746861,5763015,1,2026-07-29 17:05:01,2026-07-30 16:05:01,2024-02-21 14:19:00
10126551,5763573,16777473,2026-07-30 14:47:22,2026-07-10 10:05:01,2025-07-02 09:05:01
12438231,5763573,1,2026-07-30 01:05:01,2026-07-30 16:05:01,2024-12-08 03:05:01
27746861,5763573,1,2026-07-29 17:05:01,2026-07-30 13:05:01,2024-02-21 14:19:00
184183,5763575,1,2026-07-25 00:05:01,2026-07-25 20:05:01,2024-02-10 14:00:00
10126551,5763575,16777473,2026-07-30 14:47:22,2026-07-30 04:05:01,2025-07-02 12:05:01
12438231,5763575,1,2026-07-30 01:05:01,2026-07-30 16:05:01,2024-12-08 03:05:01
184183,5354877,1,2026-07-25 00:05:01,2026-07-25 19:05:01,2024-02-10 14:00:00
10126551,5354877,16777473,2026-07-30 14:47:22,2026-07-30 16:05:01,2025-07-02 09:05:01
12438231,5354877,1,2026-07-30 01:05:01,2026-07-30 16:05:01,2024-12-08 03:05:01
184183,5374945,1,2026-07-25 00:05:01,2026-07-25 19:05:01,2024-02-10 14:00:00
10126551,5374945,16777473,2026-07-30 14:47:22,2026-07-29 05:05:02,2025-07-02 12:05:01
12438231,5374945,1,2026-07-30 01:05:01,2026-07-30 16:05:01,2024-12-08 03:05:01
10126551,5374947,16777473,2026-07-30 14:47:22,2026-07-29 04:05:01,2025-07-02 12:05:01
12438231,5374947,1,2026-07-30 01:05:01,2026-07-30 16:05:01,2024-12-08 03:05:01
27746861,5374947,1,2026-07-29 17:05:01,2026-07-30 12:05:01,2024-02-21 14:19:00
10126551,5402497,16777473,2026-07-30 14:47:22,2026-07-10 10:05:01,2025-07-03 21:05:01
12438231,5402497,1,2026-07-30 01:05:01,2026-07-30 16:05:01,2024-12-08 03:05:01
10126551,5402916,16777473,2026-07-30 14:47:22,2026-07-30 16:05:01,2025-07-05 19:05:01
12438231,5402916,1,2026-07-30 01:05:01,2026-07-30 16:05:01,2024-12-08 03:05:01
27746861,5402916,1,2026-07-29 17:05:01,2026-07-30 16:05:01,2024-02-21 14:19:00
184183,5404506,1,2026-07-25 00:05:01,2026-07-25 19:05:01,2024-02-10 14:00:00
10126551,5404506,16777473,2026-07-30 14:47:22,2026-07-30 12:05:01,2025-07-02 12:05:01
12438231,5404506,1,2026-07-30 01:05:01,2026-07-30 16:05:01,2024-12-08 03:05:01
184183,5407148,1,2026-07-25 00:05:01,2026-07-25 20:05:01,2024-02-10 14:00:00
10126551,5407148,16777473,2026-07-30 14:47:22,2026-07-30 04:05:01,2025-07-02 12:05:01
12438231,5407148,1,2026-07-30 01:05:01,2026-07-30 16:05:01,2024-12-08 03:05:01
10126551,5414503,16777473,2026-07-30 14:47:22,2026-07-10 10:05:01,2025-07-02 12:05:01
12438231,5414503,1,2026-07-30 01:05:01,2026-07-30 16:05:01,2024-12-08 03:05:01
10126551,5440719,16777473,2026-07-30 14:47:22,2026-07-10 10:05:01,2025-07-04 19:05:01
12438231,5440719,1,2026-07-30 01:05:01,2026-07-30 16:05:01,2024-12-08 03:05:01
10126551,5443027,16777473,2026-07-30 14:47:22,2026-07-27 02:05:01,2025-07-02 12:05:01
12438231,5443027,1,2026-07-30 01:05:01,2026-07-30 16:05:01,2024-12-08 03:05:01
27746861,5443027,1,2026-07-29 17:05:01,2026-07-30 15:05:01,2024-02-21 14:19:00
10126551,5445445,16777473,2026-07-30 14:47:22,2026-07-10 10:05:01,2025-07-02 09:05:01
12438231,5445445,1,2026-07-30 01:05:01,2026-07-20 03:05:01,2024-12-08 03:05:01
27746861,5445445,1,2026-07-29 17:05:01,2026-07-29 16:05:01,2024-02-21 14:19:00
369429,5449417,1,2026-07-30 01:05:01,2026-07-30 16:05:01,2024-02-24 09:50:00
10126551,5449417,16777473,2026-07-30 14:47:22,2026-07-10 11:05:01,2025-07-05 19:05:01
12438231,5449417,1,2026-07-30 01:05:01,2026-07-30 16:05:01,2024-12-08 03:05:01
27746861,5449417,1,2026-07-29 17:05:01,2026-07-30 16:05:01,2024-02-21 14:19:00
184183,5457110,1,2026-07-25 00:05:01,2026-07-25 19:05:01,2024-02-10 14:00:00
10126551,5457110,16777473,2026-07-30 14:47:22,2026-07-30 11:05:01,2025-07-02 09:05:01
12438231,5457110,1,2026-07-30 01:05:01,2026-07-30 16:05:01,2024-12-08 03:05:01
25040797,5457110,1,2026-02-12 07:05:01,2026-07-30 16:05:01,2024-02-23 21:00:00
184183,5475320,1,2026-07-25 00:05:01,2026-07-25 19:05:01,2024-02-10 14:00:00
10126551,5475320,16777473,2026-07-30 14:47:22,2026-07-30 10:05:01,2025-07-02 09:05:01
12438231,5475320,1,2026-07-30 01:05:01,2026-07-30 16:05:01,2024-12-08 03:05:01
369429,5475845,1,2026-07-30 01:05:01,2026-07-26 07:05:01,2024-02-24 09:50:00
10126551,5475845,16777473,2026-07-30 14:47:22,2026-07-10 22:05:01,2025-07-03 21:05:01
12438231,5475845,1,2026-07-30 01:05:01,2026-07-30 15:05:01,2024-12-08 03:05:01
27746861,5475845,1,2026-07-29 17:05:01,2026-07-29 16:05:01,2024-02-21 14:19:00
369429,5479563,1,2026-07-30 01:05:01,2026-07-30 16:05:01,2024-02-24 09:50:00
10126551,5479563,16777473,2026-07-30 14:47:22,2026-07-30 00:05:01,2025-07-04 19:05:01
12438231,5479563,1,2026-07-30 01:05:01,2026-07-30 16:05:01,2024-12-08 03:05:01
27746861,5479563,1,2026-07-29 17:05:01,2026-07-30 16:05:01,2024-02-21 14:19:00
369429,5484475,1,2026-07-30 01:05:01,2026-07-30 12:05:01,2024-02-24 09:50:00
10126551,5484475,16777473,2026-07-30 14:47:22,2026-07-10 10:05:01,2025-07-04 19:05:01
12438231,5484475,1,2026-07-30 01:05:01,2026-07-30 16:05:01,2024-12-08 03:05:01
27746861,5484475,1,2026-07-29 17:05:01,2026-07-29 21:05:01,2024-02-21 14:19:00
369429,5486906,1,2026-07-30 01:05:01,2026-07-30 16:05:01,2024-02-24 09:50:00
10126551,5486906,16777473,2026-07-30 14:47:22,2026-07-11 22:05:02,2025-07-02 09:05:01
12438231,5486906,1,2026-07-30 01:05:01,2026-07-30 16:05:01,2024-12-08 03:05:01
27746861,5486906,1,2026-07-29 17:05:01,2026-07-30 16:05:01,2024-02-21 14:19:00
10126551,5514139,16777473,2026-07-30 14:47:22,2026-07-29 04:05:01,2025-07-03 21:05:01
12438231,5514139,1,2026-07-30 01:05:01,2026-07-30 16:05:01,2024-12-08 03:05:01
27746861,5514139,1,2026-07-29 17:05:01,2026-07-30 16:05:01,2024-02-21 14:19:00
10126551,5517522,16777473,2026-07-30 14:47:22,2026-07-27 02:05:01,2025-07-04 19:05:01
12438231,5517522,1,2026-07-30 01:05:01,2026-07-30 16:05:01,2024-12-08 03:05:01
27746861,5517522,1,2026-07-29 17:05:01,2026-07-29 16:05:01,2024-02-21 14:19:00
369429,5518258,1,2026-07-30 01:05:01,2026-07-30 16:05:01,2024-02-24 09:50:00
10126551,5518258,16777473,2026-07-30 14:47:22,2026-07-26 02:05:01,2025-07-02 12:05:01
12438231,5518258,1,2026-07-30 01:05:01,2026-07-30 16:05:01,2024-12-08 03:05:01
27746861,5518258,1,2026-07-29 17:05:01,2026-07-30 15:05:01,2024-02-21 14:19:00
10126551,5524546,16777473,2026-07-30 14:47:22,2026-07-10 10:05:01,2025-07-04 19:05:01
12438231,5524546,1,2026-07-30 01:05:01,2026-07-28 12:05:01,2024-12-08 03:05:01
184183,5544928,1,2026-07-25 00:05:01,2026-07-25 19:05:01,2024-02-10 14:00:00
10126551,5544928,16777473,2026-07-30 14:47:22,2026-07-30 16:05:01,2025-07-03 21:05:01
12438231,5544928,1,2026-07-30 01:05:01,2026-07-30 16:05:01,2024-12-08 03:05:01
10126551,5546748,16777473,2026-07-30 14:47:22,2026-07-17 06:05:01,2025-07-04 19:05:01
12438231,5546748,1,2026-07-30 01:05:01,2026-07-30 07:05:01,2024-12-08 03:05:01
10126551,5547840,16777473,2026-07-30 14:47:22,2026-07-29 04:05:01,2025-07-02 12:05:01
12438231,5547840,1,2026-07-30 01:05:01,2026-07-30 16:05:01,2024-12-08 03:05:01
27746861,5547840,1,2026-07-29 17:05:01,2026-07-30 16:05:01,2024-02-21 14:19:00
184183,5550040,1,2026-07-25 00:05:01,2026-07-25 19:05:01,2024-02-10 14:00:00
10126551,5550040,16777473,2026-07-30 14:47:22,2026-07-30 16:05:01,2025-07-03 21:05:01
12438231,5550040,1,2026-07-30 01:05:01,2026-07-30 16:05:01,2024-12-08 03:05:01
369429,5557215,1,2026-07-30 01:05:01,2026-07-30 16:05:01,2024-02-24 09:50:00
10126551,5557215,16777473,2026-07-30 14:47:22,2026-07-29 21:05:01,2025-07-05 19:05:01
12438231,5557215,1,2026-07-30 01:05:01,2026-07-30 16:05:01,2024-12-08 03:05:01
184183,5593936,1,2026-07-25 00:05:01,2026-07-25 19:05:01,2024-02-10 14:00:00
10126551,5593936,16777473,2026-07-30 14:47:22,2026-07-30 16:05:01,2025-07-02 12:05:01
12438231,5593936,1,2026-07-30 01:05:01,2026-07-30 16:05:01,2024-12-08 03:05:01
27746861,5593936,1,2026-07-29 17:05:01,2026-07-30 16:05:01,2024-02-21 14:19:00
184183,5593941,1,2026-07-25 00:05:01,2026-07-25 19:05:01,2024-02-10 14:00:00
10126551,5593941,16777473,2026-07-30 14:47:22,2026-07-30 16:05:01,2025-07-05 19:05:01
12438231,5593941,1,2026-07-30 01:05:01,2026-07-30 16:05:01,2024-12-08 03:05:01
184183,5597174,1,2026-07-25 00:05:01,2026-07-25 19:05:01,2024-02-10 14:00:00
10126551,5597174,16777473,2026-07-30 14:47:22,2026-07-30 05:05:01,2025-07-02 09:05:01
12438231,5597174,1,2026-07-30 01:05:01,2026-07-30 16:05:01,2024-12-08 03:05:01
184183,5597857,1,2026-07-25 00:05:01,2026-07-25 19:05:01,2024-02-10 14:00:00
10126551,5597857,16777473,2026-07-30 14:47:22,2026-07-30 08:05:01,2025-07-02 09:05:01
12438231,5597857,1,2026-07-30 01:05:01,2026-07-30 16:05:01,2024-12-08 03:05:01
25040797,5597857,1,2026-02-12 07:05:01,2026-07-30 16:05:01,2024-02-23 21:00:00
369429,5614360,1,2026-07-30 01:05:01,2026-07-30 16:05:01,2024-02-24 09:50:00
10126551,5614360,16777473,2026-07-30 14:47:22,2026-07-30 04:05:01,2025-07-05 19:05:01
12438231,5614360,1,2026-07-30 01:05:01,2026-07-30 16:05:01,2024-12-08 03:05:01
10126551,5614879,16777473,2026-07-30 14:47:22,2026-07-30 03:05:02,2025-07-03 21:05:01
12438231,5614879,1,2026-07-30 01:05:01,2026-07-30 16:05:01,2024-12-08 03:05:01
184183,5620016,1,2026-07-25 00:05:01,2026-07-25 19:05:01,2024-02-10 14:00:00
369429,5620016,1,2026-07-30 01:05:01,2026-07-30 16:05:01,2024-05-12 14:12:43
10126551,5620016,16777473,2026-07-30 14:47:22,2026-07-30 04:05:01,2025-07-02 12:05:01
12438231,5620016,1,2026-07-30 01:05:01,2026-07-30 16:05:01,2024-12-08 03:05:01
184183,5621311,1,2026-07-25 00:05:01,2026-07-25 19:05:01,2024-02-10 14:00:00
369429,5621311,1,2026-07-30 01:05:01,2026-07-30 16:05:01,2024-08-22 02:02:40
10126551,5621311,16777473,2026-07-30 14:47:22,2026-07-10 10:05:01,2025-07-04 19:05:01
12438231,5621311,1,2026-07-30 01:05:01,2026-07-30 16:05:01,2024-12-08 03:05:01
184183,5624402,1,2026-07-25 00:05:01,2026-07-25 19:05:01,2024-02-10 14:00:00
10126551,5624402,16777473,2026-07-30 14:47:22,2026-07-30 16:05:01,2025-07-05 19:05:01
12438231,5624402,1,2026-07-30 01:05:01,2026-07-30 16:05:01,2024-12-08 03:05:01
6449581,5635627,1,2026-07-15 04:24:18,2026-07-30 12:05:01,2024-02-19 00:00:00
10126551,5635627,16777473,2026-07-30 14:47:22,2026-07-30 16:05:01,2025-07-02 09:05:01
12438231,5635627,1,2026-07-30 01:05:01,2026-07-30 16:05:01,2024-12-08 03:05:01
184183,5636025,1,2026-07-25 00:05:01,2026-07-25 19:05:01,2024-02-10 14:00:00
369429,5636025,1,2026-07-30 01:05:01,2026-07-30 16:05:01,2024-02-24 09:50:00
10126551,5636025,16777473,2026-07-30 14:47:22,2026-07-27 02:05:01,2025-07-02 09:05:01
12438231,5636025,1,2026-07-30 01:05:01,2026-07-30 16:05:01,2024-12-08 03:05:01
184183,5636241,1,2026-07-25 00:05:01,2026-07-25 20:05:01,2024-02-10 14:00:00
369429,5636241,1,2026-07-30 01:05:01,2026-07-30 16:05:01,2024-05-10 19:09:00
10126551,5636241,16777473,2026-07-30 14:47:22,2026-07-26 23:05:01,2025-07-02 09:05:01
12438231,5636241,1,2026-07-30 01:05:01,2026-07-30 16:05:01,2024-12-08 03:05:01
184183,5636897,1,2026-07-25 00:05:01,2026-07-23 19:08:02,2024-02-10 14:00:00
10126551,5636897,16777473,2026-07-30 14:47:22,2026-07-10 10:05:01,2025-07-04 19:05:01
12438231,5636897,1,2026-07-30 01:05:01,2026-07-30 00:05:01,2024-12-08 03:05:01
184183,5639803,1,2026-07-25 00:05:01,2026-07-25 19:05:01,2024-02-10 14:00:00
369429,5639803,1,2026-07-30 01:05:01,2026-07-30 16:05:01,2024-08-22 02:02:40
10126551,5639803,16777473,2026-07-30 14:47:22,2026-07-30 04:05:01,2025-07-02 12:05:01
12438231,5639803,1,2026-07-30 01:05:01,2026-07-30 16:05:01,2024-12-08 03:05:01
10126551,5644457,16777473,2026-07-30 14:47:22,2026-07-10 10:05:01,2025-07-02 12:05:01
12438231,5644457,1,2026-07-30 01:05:01,2026-07-27 07:05:01,2024-12-08 03:05:01
184183,5645503,1,2026-07-25 00:05:01,2026-07-25 20:05:01,2024-02-10 14:00:00
369429,5645503,1,2026-07-30 01:05:01,2026-07-30 16:05:01,2024-05-12 14:12:43
10126551,5645503,16777473,2026-07-30 14:47:22,2026-07-30 04:05:01,2025-07-02 12:05:01
12438231,5645503,1,2026-07-30 01:05:01,2026-07-30 16:05:01,2024-12-08 03:05:01
10126551,5646628,16777473,2026-07-30 14:47:22,2026-07-10 10:05:01,2025-07-02 12:05:01
12438231,5646628,1,2026-07-30 01:05:01,2026-07-30 12:05:01,2024-12-08 03:05:01
27746861,5646628,1,2026-07-29 17:05:01,2026-07-29 16:05:01,2025-05-21 06:05:01
10126551,5650990,16777473,2026-07-30 14:47:22,2026-07-10 10:05:01,2025-07-02 09:05:01
12438231,5650990,1,2026-07-30 01:05:01,2026-07-26 05:05:01,2024-12-08 03:05:01
27746861,5650990,1,2026-07-29 17:05:01,2026-07-29 16:05:01,2024-02-21 14:19:00
369429,5652445,1,2026-07-30 01:05:01,2026-07-30 16:05:01,2024-02-24 09:50:00
10126551,5652445,16777473,2026-07-30 14:47:22,2026-07-28 02:05:01,2025-07-02 12:05:01
12438231,5652445,1,2026-07-30 01:05:01,2026-07-30 16:05:01,2024-12-08 03:05:01
27746861,5652445,1,2026-07-29 17:05:01,2026-07-30 16:05:01,2024-02-21 14:19:00
184183,5652799,1,2026-07-25 00:05:01,2026-07-25 19:05:01,2024-02-10 14:00:00
10126551,5652799,16777473,2026-07-30 14:47:22,2026-07-30 16:05:01,2025-07-02 09:05:01
12438231,5652799,1,2026-07-30 01:05:01,2026-07-30 16:05:01,2024-12-08 03:05:01
27746861,5652799,1,2026-07-29 17:05:01,2026-07-30 16:05:01,2024-02-21 14:19:00
184183,5654085,1,2026-07-25 00:05:01,2026-07-25 20:05:01,2024-02-10 14:00:00
10126551,5654085,16777473,2026-07-30 14:47:22,2026-07-30 16:05:01,2025-07-02 09:05:01
12438231,5654085,1,2026-07-30 01:05:01,2026-07-30 16:05:01,2024-12-08 03:05:01
25040797,5654085,1,2026-02-12 07:05:01,2026-07-30 16:05:01,2024-02-23 21:00:00
10126551,5654551,16777473,2026-07-30 14:47:22,2026-07-30 16:05:01,2025-07-02 12:05:01
12438231,5654551,1,2026-07-30 01:05:01,2026-07-30 16:05:01,2024-12-08 03:05:01
27746861,5654551,1,2026-07-29 17:05:01,2026-07-30 16:05:01,2024-02-21 14:19:00
184183,5663255,1,2026-07-25 00:05:01,2026-07-25 20:05:01,2024-06-01 16:40:00
6449581,5663255,1,2026-07-15 04:24:18,2026-07-30 13:05:01,2024-02-19 00:00:00
10126551,5663255,16777473,2026-07-30 14:47:22,2026-07-30 16:05:01,2025-07-02 09:05:01
12438231,5663255,1,2026-07-30 01:05:01,2026-07-30 16:05:01,2024-12-08 03:05:01
10126551,5664439,16777473,2026-07-30 14:47:22,2026-07-30 16:05:01,2025-07-02 12:05:01
12438231,5664439,1,2026-07-30 01:05:01,2026-07-30 16:05:01,2024-12-08 03:05:01
27746861,5664439,1,2026-07-29 17:05:01,2026-07-30 16:05:01,2024-02-21 14:19:00
184183,5664813,1,2026-07-25 00:05:01,2026-07-25 19:05:01,2024-02-10 14:00:00
10126551,5664813,16777473,2026-07-30 14:47:22,2026-07-30 16:05:01,2025-07-02 12:05:01
12438231,5664813,1,2026-07-30 01:05:01,2026-07-30 16:05:01,2024-12-08 03:05:01
27746861,5664813,1,2026-07-29 17:05:01,2026-07-30 16:05:01,2024-02-21 14:19:00
9423019,5665166,1,2026-04-08 02:05:02,2026-07-30 16:05:01,2024-02-05 04:04:00
10126551,5665166,16777473,2026-07-30 14:47:22,2026-07-10 10:05:01,2025-07-04 19:05:01
12438231,5665166,1,2026-07-30 01:05:01,2026-07-30 16:05:01,2024-12-08 03:05:01
27746861,5665166,1,2026-07-29 17:05:01,2026-07-29 16:05:01,2024-02-21 14:19:00
6449581,5666162,1,2026-07-15 04:24:18,2026-07-30 13:05:01,2024-04-14 23:59:00
10126551,5666162,16777473,2026-07-30 14:47:22,2026-07-29 04:05:01,2025-07-04 19:05:01
12438231,5666162,1,2026-07-30 01:05:01,2026-07-30 16:05:01,2024-12-08 03:05:01
6449581,5677707,1,2026-07-15 04:24:18,2026-07-30 13:05:01,2024-02-19 00:00:00
10126551,5677707,16777473,2026-07-30 14:47:22,2026-07-17 12:05:01,2025-07-02 09:05:01
12438231,5677707,1,2026-07-30 01:05:01,2026-07-30 16:05:01,2024-12-08 03:05:01
27746861,5677707,1,2026-07-29 17:05:01,2026-07-30 16:05:01,2024-02-21 14:19:00
184183,5678226,1,2026-07-25 00:05:01,2026-07-25 20:05:01,2024-02-10 14:00:00
10126551,5678226,16777473,2026-07-30 14:47:22,2026-07-30 16:05:01,2025-07-02 12:05:01
12438231,5678226,1,2026-07-30 01:05:01,2026-07-30 16:05:01,2024-12-08 03:05:01
184183,5678296,1,2026-07-25 00:05:01,2026-07-25 19:05:01,2024-02-10 14:00:00
10126551,5678296,16777473,2026-07-30 14:47:22,2026-07-30 15:05:01,2025-07-02 09:05:01
12438231,5678296,1,2026-07-30 01:05:01,2026-07-30 16:05:01,2024-12-08 03:05:01
25040797,5678296,1,2026-02-12 07:05:01,2026-07-30 16:05:01,2024-02-23 21:00:00
184183,5679346,1,2026-07-25 00:05:01,2026-07-25 20:05:01,2024-02-10 14:00:00
10126551,5679346,16777473,2026-07-30 14:47:22,2026-07-30 16:05:01,2025-07-02 09:05:01
12438231,5679346,1,2026-07-30 01:05:01,2026-07-30 16:05:01,2024-12-08 03:05:01
184183,5680591,1,2026-07-25 00:05:01,2026-07-25 19:05:01,2024-06-09 01:23:59
10126551,5680591,16777473,2026-07-30 14:47:22,2026-07-28 02:05:01,2025-07-02 09:05:01
12438231,5680591,1,2026-07-30 01:05:01,2026-07-30 16:05:01,2024-12-08 03:05:01
27746861,5680591,1,2026-07-29 17:05:01,2026-07-29 16:05:01,2024-02-21 14:19:00
184183,5689535,1,2026-07-25 00:05:01,2026-07-25 19:05:01,2024-02-10 14:00:00
369429,5689535,1,2026-07-30 01:05:01,2026-07-30 16:05:01,2024-05-11 20:27:36
10126551,5689535,16777473,2026-07-30 14:47:22,2026-07-30 04:05:01,2025-07-02 12:05:01
12438231,5689535,1,2026-07-30 01:05:01,2026-07-30 16:05:01,2024-12-08 03:05:01
10126551,5689891,16777473,2026-07-30 14:47:22,2026-07-10 10:05:01,2025-07-04 19:05:01
12438231,5689891,1,2026-07-30 01:05:01,2026-07-30 14:05:02,2024-12-08 03:05:01
13111270,5689891,0,,2026-07-17 07:05:02,
27746861,5689891,1,2026-07-29 17:05:01,2026-07-29 16:05:01,2024-02-21 14:19:00
369429,5690223,1,2026-07-30 01:05:01,2026-07-30 16:05:01,2024-02-24 09:50:00
10126551,5690223,16777473,2026-07-30 14:47:22,2026-07-27 01:05:02,2025-07-02 09:05:01
12438231,5690223,1,2026-07-30 01:05:01,2026-07-30 16:05:01,2024-12-08 03:05:01
27746861,5690223,1,2026-07-29 17:05:01,2026-07-29 16:05:01,2024-02-21 14:19:00
6449581,5692668,1,2026-07-15 04:24:18,2026-07-30 13:05:01,2024-02-19 00:00:00
10126551,5692668,16777473,2026-07-30 14:47:22,2026-07-10 10:05:01,2025-07-02 12:05:01
12438231,5692668,1,2026-07-30 01:05:01,2026-07-30 16:05:01,2024-12-08 03:05:01
27746861,5692668,1,2026-07-29 17:05:01,2026-07-29 16:05:01,2024-02-21 14:19:00
184183,5693819,1,2026-07-25 00:05:01,2026-07-25 19:05:01,2024-06-01 16:40:00
10126551,5693819,16777473,2026-07-30 14:47:22,2026-07-30 16:05:01,2025-07-03 21:05:01
12438231,5693819,1,2026-07-30 01:05:01,2026-07-30 16:05:01,2024-12-08 03:05:01
27746861,5693819,1,2026-07-29 17:05:01,2026-07-30 16:05:01,2024-02-21 14:19:00
10126551,5706934,16777473,2026-07-30 14:47:22,2026-07-28 02:05:01,2025-07-04 19:05:01
12438231,5706934,1,2026-07-30 01:05:01,2026-07-30 16:05:01,2024-12-08 03:05:01
27746861,5706934,1,2026-07-29 17:05:01,2026-07-30 16:05:01,2024-02-21 14:19:00
7778569,5709814,65537,2024-02-15 23:55:00,2026-07-29 05:05:02,2024-02-15 23:55:00
10126551,5709814,16777473,2026-07-30 14:47:22,2026-07-10 10:05:01,2025-07-04 19:05:01
12438231,5709814,1,2026-07-30 01:05:01,2026-07-30 16:05:01,2024-12-08 03:05:01
27746861,5709814,1,2026-07-29 17:05:01,2026-07-29 16:05:01,2024-02-21 14:19:00
6449581,5710725,1,2026-07-15 04:24:18,2026-07-30 12:05:01,2024-02-19 00:00:00
10126551,5710725,16777473,2026-07-30 14:47:22,2026-07-30 04:05:01,2025-07-03 21:05:01
12438231,5710725,1,2026-07-30 01:05:01,2026-07-30 16:05:01,2024-12-08 03:05:01
27746861,5710725,1,2026-07-29 17:05:01,2026-07-30 16:05:01,2024-02-21 14:19:00
6449581,5710727,1,2026-07-15 04:24:18,2026-07-30 13:05:01,2024-02-19 00:00:00
10126551,5710727,16777473,2026-07-30 14:47:22,2026-07-30 04:05:01,2025-07-03 21:05:01
12438231,5710727,1,2026-07-30 01:05:01,2026-07-30 16:05:01,2024-12-08 03:05:01
27746861,5710727,1,2026-07-29 17:05:01,2026-07-30 16:05:01,2024-02-21 14:19:00
369429,5711371,1,2026-07-30 01:05:01,2026-07-10 11:05:01,2024-02-24 09:50:00
769018,5711371,0,,2026-07-30 16:05:01,
10126551,5711371,16777473,2026-07-30 14:47:22,2026-07-10 10:05:01,2025-07-02 09:05:01
12438231,5711371,1,2026-07-30 01:05:01,2026-07-30 16:05:01,2024-12-08 03:05:01
10126551,5734313,16777473,2026-07-30 14:47:22,2026-07-29 04:05:01,2025-07-03 21:05:01
12438231,5734313,1,2026-07-30 01:05:01,2026-07-30 16:05:01,2024-12-08 03:05:01
184183,5735808,1,2026-07-25 00:05:01,2026-07-25 19:05:01,2024-02-10 14:00:00
10126551,5735808,16777473,2026-07-30 14:47:22,2026-07-30 16:05:01,2025-07-05 19:05:01
12438231,5735808,1,2026-07-30 01:05:01,2026-07-30 16:05:01,2024-12-08 03:05:01
25040797,5735808,1,2026-02-12 07:05:01,2026-07-30 16:05:01,2024-02-23 21:00:00
184183,5737361,1,2026-07-25 00:05:01,2026-07-25 19:05:01,2024-02-10 14:00:00
369429,5737361,1,2026-07-30 01:05:01,2026-07-30 16:05:01,2024-05-12 14:12:43
10126551,5737361,16777473,2026-07-30 14:47:22,2026-07-29 04:05:01,2025-07-02 12:05:01
12438231,5737361,1,2026-07-30 01:05:01,2026-07-30 16:05:01,2024-12-08 03:05:01
184183,5738411,1,2026-07-25 00:05:01,2026-07-25 20:05:01,2024-02-10 14:00:00
369429,5738411,1,2026-07-30 01:05:01,2026-07-30 13:05:01,2024-08-22 02:02:40
10126551,5738411,16777473,2026-07-30 14:47:22,2026-07-26 01:05:02,2025-07-02 09:05:01
12438231,5738411,1,2026-07-30 01:05:01,2026-07-30 16:05:01,2024-12-08 03:05:01
369429,5738728,1,2026-07-30 01:05:01,2026-07-30 16:05:01,2024-02-24 09:50:00
10126551,5738728,16777473,2026-07-30 14:47:22,2026-07-28 02:05:01,2025-07-02 12:05:01
12438231,5738728,1,2026-07-30 01:05:01,2026-07-30 16:05:01,2024-12-08 03:05:01
27746861,5738728,1,2026-07-29 17:05:01,2026-07-30 16:05:01,2024-02-21 14:19:00
184183,5745787,1,2026-07-25 00:05:01,2026-07-25 19:05:01,2024-02-10 14:00:00
10126551,5745787,16777473,2026-07-30 14:47:22,2026-07-30 16:05:01,2025-07-02 09:05:01
12438231,5745787,1,2026-07-30 01:05:01,2026-07-30 16:05:01,2024-12-08 03:05:01
10126551,5746288,16777473,2026-07-30 14:47:22,2026-07-28 02:05:01,2025-07-02 12:05:01
12438231,5746288,1,2026-07-30 01:05:01,2026-07-30 16:05:01,2024-12-08 03:05:01
27746861,5746288,1,2026-07-29 17:05:01,2026-07-30 16:05:01,2024-02-21 14:19:00
184183,5763605,1,2026-07-25 00:05:01,2026-07-25 19:05:01,2024-02-10 14:00:00
10126551,5763605,16777473,2026-07-30 14:47:22,2026-07-30 16:05:01,2025-07-05 19:05:01
12438231,5763605,1,2026-07-30 01:05:01,2026-07-30 16:05:01,2024-12-08 03:05:01
369429,5775913,1,2026-07-30 01:05:01,2026-07-30 13:05:01,2024-02-24 09:50:00
10126551,5775913,16777473,2026-07-30 14:47:22,2026-07-10 10:05:01,2025-07-02 12:05:01
12438231,5775913,1,2026-07-30 01:05:01,2026-07-30 16:05:01,2024-12-08 03:05:01
27746861,5775913,1,2026-07-29 17:05:01,2026-07-29 16:05:01,2024-02-21 14:19:00
184183,5776073,1,2026-07-25 00:05:01,2026-07-25 19:05:01,2024-02-10 14:00:00
10126551,5776073,16777473,2026-07-30 14:47:22,2026-07-30 04:05:01,2025-07-03 21:05:01
12438231,5776073,1,2026-07-30 01:05:01,2026-07-30 16:05:01,2024-12-08 03:05:01
27746861,5776073,1,2026-07-29 17:05:01,2026-07-30 16:05:01,2024-02-21 14:19:00
9423019,5776362,1,2026-04-08 02:05:02,2026-07-30 16:05:01,2024-02-05 04:04:00
10126551,5776362,16777473,2026-07-30 14:47:22,2026-07-10 10:05:01,2025-07-03 21:05:01
12438231,5776362,1,2026-07-30 01:05:01,2026-07-30 16:05:01,2024-12-08 03:05:01
27746861,5776362,1,2026-07-29 17:05:01,2026-07-30 16:05:01,2024-02-21 14:19:00
369429,5776852,1,2026-07-30 01:05:01,2026-07-30 16:05:01,2024-05-12 14:12:43
10126551,5776852,16777473,2026-07-30 14:47:22,2026-07-28 02:05:01,2025-07-02 12:05:01
12438231,5776852,1,2026-07-30 01:05:01,2026-07-30 16:05:01,2024-12-08 03:05:01
27746861,5776852,1,2026-07-29 17:05:01,2026-07-30 16:05:01,2024-02-21 14:19:00
369429,5777662,1,2026-07-30 01:05:01,2026-07-30 11:05:01,2024-02-24 09:50:00
10126551,5777662,16777473,2026-07-30 14:47:22,2026-07-28 03:05:01,2025-07-04 19:05:01
12438231,5777662,1,2026-07-30 01:05:01,2026-07-30 16:05:01,2024-12-08 03:05:01
369429,5785719,1,2026-07-30 01:05:01,2026-07-30 16:05:01,2024-02-24 09:50:00
10126551,5785719,16777473,2026-07-30 14:47:22,2026-07-10 11:05:01,2025-07-02 12:05:01
12438231,5785719,1,2026-07-30 01:05:01,2026-07-30 16:05:01,2024-12-08 03:05:01
27746861,5785719,1,2026-07-29 17:05:01,2026-07-30 16:05:01,2024-02-21 14:19:00
10126551,5785774,16777473,2026-07-30 14:47:22,2026-07-10 10:05:01,2025-07-04 19:05:01
12438231,5785774,1,2026-07-30 01:05:01,2026-07-30 16:05:01,2024-12-08 03:05:01
27746861,5785774,1,2026-07-29 17:05:01,2026-07-30 10:05:01,2024-02-21 14:19:00
10126551,5785987,16777473,2026-07-30 14:47:22,2026-07-10 10:05:01,2025-07-04 19:05:01
12438231,5785987,1,2026-07-30 01:05:01,2026-07-20 03:05:01,2024-12-08 03:05:01
10126551,5785988,16777473,2026-07-30 14:47:22,2026-07-10 10:05:01,2025-07-03 21:05:01
12438231,5785988,1,2026-07-30 01:05:01,2026-07-30 16:05:01,2024-12-08 03:05:01
6449581,5787338,1,2026-07-15 04:24:18,2026-07-30 13:05:01,2024-02-19 00:00:00
10126551,5787338,16777473,2026-07-30 14:47:22,2026-07-30 16:05:01,2025-07-05 19:05:01
12438231,5787338,1,2026-07-30 01:05:01,2026-07-30 16:05:01,2024-12-08 03:05:01
10126551,5787691,16777473,2026-07-30 14:47:22,2026-07-10 10:05:01,2025-07-04 19:05:01
12438231,5787691,1,2026-07-30 01:05:01,2026-07-30 11:05:01,2024-12-08 03:05:01
184183,5787962,1,2026-07-25 00:05:01,2026-07-25 19:05:01,2024-02-10 14:00:00
10126551,5787962,16777473,2026-07-30 14:47:22,2026-07-30 16:05:01,2025-07-02 12:05:01
12438231,5787962,1,2026-07-30 01:05:01,2026-07-30 16:05:01,2024-12-08 03:05:01
27746861,5787962,1,2026-07-29 17:05:01,2026-07-30 16:05:01,2024-02-21 14:19:00
369429,5789661,1,2026-07-30 01:05:01,2026-07-30 16:05:01,2024-07-29 02:03:33
10126551,5789661,16777473,2026-07-30 14:47:22,2026-07-27 02:05:01,2025-07-03 21:05:01
12438231,5789661,1,2026-07-30 01:05:01,2026-07-30 16:05:01,2024-12-08 03:05:01
27746861,5789661,1,2026-07-29 17:05:01,2026-07-30 11:05:01,2024-02-21 14:19:00
369429,5792144,1,2026-07-30 01:05:01,2026-07-30 16:05:01,2024-02-24 09:50:00
10126551,5792144,16777473,2026-07-30 14:47:22,2026-07-30 03:05:02,2025-07-02 12:05:01
12438231,5792144,1,2026-07-30 01:05:01,2026-07-30 16:05:01,2024-12-08 03:05:01
27746861,5792144,1,2026-07-29 17:05:01,2026-07-30 16:05:01,2024-02-21 14:19:00
10126551,5793101,16777473,2026-07-30 14:47:22,2026-07-26 02:05:01,2025-07-02 09:05:01
12438231,5793101,1,2026-07-30 01:05:01,2026-07-30 16:05:01,2024-12-08 03:05:01
27746861,5793101,1,2026-07-29 17:05:01,2026-07-30 10:05:01,2024-02-21 14:19:00
369429,5794068,1,2026-07-30 01:05:01,2026-07-30 16:05:01,2024-07-27 02:03:43
10126551,5794068,16777473,2026-07-30 14:47:22,2026-07-28 02:05:01,2025-07-02 12:05:01
12438231,5794068,1,2026-07-30 01:05:01,2026-07-30 16:05:01,2024-12-08 03:05:01
27746861,5794068,1,2026-07-29 17:05:01,2026-07-30 16:05:01,2024-02-21 14:19:00
369429,5794368,1,2026-07-30 01:05:01,2026-07-30 16:05:01,2024-07-29 02:03:33
10126551,5794368,16777473,2026-07-30 14:47:22,2026-07-27 02:05:01,2025-07-02 09:05:01
12438231,5794368,1,2026-07-30 01:05:01,2026-07-30 16:05:01,2024-12-08 03:05:01
9423019,5795063,1,2026-04-08 02:05:02,2026-07-30 16:05:01,2024-02-05 04:04:00
10126551,5795063,16777473,2026-07-30 14:47:22,2026-07-30 04:05:01,2025-07-03 21:05:01
12438231,5795063,1,2026-07-30 01:05:01,2026-07-30 16:05:01,2024-12-08 03:05:01
27746861,5795063,1,2026-07-29 17:05:01,2026-07-30 16:05:01,2024-02-21 14:19:00
369429,5806423,1,2026-07-30 01:05:01,2026-07-30 16:05:01,2024-02-24 09:50:00
10126551,5806423,16777473,2026-07-30 14:47:22,2026-07-28 02:05:01,2025-07-03 21:05:01
12438231,5806423,1,2026-07-30 01:05:01,2026-07-30 16:05:01,2024-12-08 03:05:01
27746861,5806423,1,2026-07-29 17:05:01,2026-07-30 16:05:01,2024-02-21 14:19:00
369429,5806480,1,2026-07-30 01:05:01,2026-07-30 14:05:02,2024-02-24 09:50:00
10126551,5806480,16777473,2026-07-30 14:47:22,2026-07-27 02:05:01,2025-07-04 19:05:01
12438231,5806480,1,2026-07-30 01:05:01,2026-07-30 16:05:01,2024-12-08 03:05:01
27746861,5806480,1,2026-07-29 17:05:01,2026-07-30 14:05:02,2024-02-21 14:19:00
184183,5808778,1,2026-07-25 00:05:01,2026-07-25 19:05:01,2024-02-10 14:00:00
10126551,5808778,16777473,2026-07-30 14:47:22,2026-07-30 16:05:01,2025-07-02 09:05:01
12438231,5808778,1,2026-07-30 01:05:01,2026-07-30 16:05:01,2024-12-08 03:05:01
6449581,5809453,1,2026-07-15 04:24:18,2026-07-30 13:05:01,2024-05-13 08:53:00
10126551,5809453,16777473,2026-07-30 14:47:22,2026-07-27 02:05:01,2025-07-04 19:05:01
12438231,5809453,1,2026-07-30 01:05:01,2026-07-30 16:05:01,2024-12-08 03:05:01
10126551,5809909,16777473,2026-07-30 14:47:22,2026-07-30 03:05:02,2025-07-02 09:05:01
12438231,5809909,1,2026-07-30 01:05:01,2026-07-30 13:05:01,2024-12-08 03:05:01
27746861,5809909,1,2026-07-29 17:05:01,2026-07-30 07:05:01,2024-02-21 14:19:00
6449581,5814488,1,2026-07-15 04:24:18,2026-07-30 12:05:01,2024-02-19 00:00:00
10126551,5814488,16777473,2026-07-30 14:47:22,2026-07-30 16:05:01,2025-07-02 12:05:01
12438231,5814488,1,2026-07-30 01:05:01,2026-07-30 16:05:01,2024-12-08 03:05:01
184183,5815452,1,2026-07-25 00:05:01,2026-07-25 20:05:01,2024-02-10 14:00:00
10126551,5815452,16777473,2026-07-30 14:47:22,2026-07-30 04:05:01,2025-07-02 09:05:01
12438231,5815452,1,2026-07-30 01:05:01,2026-07-30 16:05:01,2024-12-08 03:05:01
25040797,5815452,1,2026-02-12 07:05:01,2026-07-30 16:05:01,2024-02-23 21:00:00
184183,5815471,1,2026-07-25 00:05:01,2026-07-25 19:05:01,2024-02-10 14:00:00
10126551,5815471,16777473,2026-07-30 14:47:22,2026-07-30 10:05:01,2025-07-02 09:05:01
12438231,5815471,1,2026-07-30 01:05:01,2026-07-30 16:05:01,2024-12-08 03:05:01
25040797,5815471,1,2026-02-12 07:05:01,2026-07-30 16:05:01,2024-02-23 21:00:00
184183,5815555,1,2026-07-25 00:05:01,2026-07-25 19:05:01,2024-02-10 14:00:00
369429,5815555,1,2026-07-30 01:05:01,2026-07-30 16:05:01,2025-07-03 11:05:01
10126551,5815555,16777473,2026-07-30 14:47:22,2026-07-30 04:05:01,2025-07-03 21:05:01
12438231,5815555,1,2026-07-30 01:05:01,2026-07-30 16:05:01,2024-12-08 03:05:01
369429,5815556,1,2026-07-30 01:05:01,2026-07-30 16:05:01,2024-06-03 20:56:13
10126551,5815556,16777473,2026-07-30 14:47:22,2026-07-30 04:05:01,2025-07-05 19:05:01
12438231,5815556,1,2026-07-30 01:05:01,2026-07-30 16:05:01,2024-12-08 03:05:01
369429,5816726,1,2026-07-30 01:05:01,2026-07-30 16:05:01,2024-08-09 02:02:51
9423019,5816726,1,2026-04-08 02:05:02,2026-07-30 16:05:01,2024-02-05 04:04:00
10126551,5816726,16777473,2026-07-30 14:47:22,2026-07-10 11:05:01,2025-07-02 09:05:01
12438231,5816726,1,2026-07-30 01:05:01,2026-07-30 16:05:01,2024-12-08 03:05:01
10126551,5819359,16777473,2026-07-30 14:47:22,2026-07-10 10:05:01,2025-07-03 21:05:01
12438231,5819359,1,2026-07-30 01:05:01,2026-07-30 16:05:01,2024-12-08 03:05:01
184183,5828416,1,2026-07-25 00:05:01,2026-07-25 19:05:01,2024-02-10 14:00:00
10126551,5828416,16777473,2026-07-30 14:47:22,2026-07-29 04:05:01,2025-07-04 19:05:01
12438231,5828416,1,2026-07-30 01:05:01,2026-07-30 16:05:01,2024-12-08 03:05:01
9423019,5830576,1,2026-04-08 02:05:02,2026-07-30 16:05:01,2024-02-05 04:04:00
10126551,5830576,16777473,2026-07-30 14:47:22,2026-07-10 10:05:01,2025-07-02 09:05:01
12438231,5830576,1,2026-07-30 01:05:01,2026-07-30 16:05:01,2024-12-08 03:05:01
19499816,5830576,1,2026-07-30 00:05:01,2026-07-28 12:05:01,2024-09-16 03:24:01
369429,5836114,1,2026-07-30 01:05:01,2026-07-30 16:05:01,2024-02-24 09:50:00
9423019,5836114,1,2026-04-08 02:05:02,2026-07-30 16:05:01,2024-02-05 04:04:00
10126551,5836114,16777473,2026-07-30 14:47:22,2026-07-11 22:05:02,2025-07-04 19:05:01
12438231,5836114,1,2026-07-30 01:05:01,2026-07-30 16:05:01,2024-12-08 03:05:01
184183,5838805,1,2026-07-25 00:05:01,2026-07-25 19:05:01,2024-02-10 14:00:00
10126551,5838805,16777473,2026-07-30 14:47:22,2026-07-30 16:05:01,2025-07-02 12:05:01
12438231,5838805,1,2026-07-30 01:05:01,2026-07-30 16:05:01,2024-12-08 03:05:01
184183,5848721,1,2026-07-25 00:05:01,2026-07-25 19:05:01,2024-02-10 14:00:00
369429,5848721,1,2026-07-30 01:05:01,2026-07-30 16:05:01,2024-08-09 02:02:51
10126551,5848721,16777473,2026-07-30 14:47:22,2026-07-30 04:05:01,2025-07-02 09:05:01
12438231,5848721,1,2026-07-30 01:05:01,2026-07-30 16:05:01,2024-12-08 03:05:01
10126551,5854135,16777473,2026-07-30 14:47:22,2026-07-10 10:05:01,2025-07-02 09:05:01
12438231,5854135,1,2026-07-30 01:05:01,2026-07-20 03:05:01,2024-12-08 03:05:01
9423019,5861736,1,2026-04-08 02:05:02,2026-07-30 16:05:01,2024-02-05 04:04:00
10126551,5861736,16777473,2026-07-30 14:47:22,2026-07-30 15:05:01,2025-07-02 12:05:01
12438231,5861736,1,2026-07-30 01:05:01,2026-07-30 16:05:01,2024-12-08 03:05:01
10126551,5865758,16777473,2026-07-30 14:47:22,2026-07-10 10:05:01,2025-07-04 19:05:01
12438231,5865758,1,2026-07-30 01:05:01,2026-07-20 03:05:01,2024-12-08 03:05:01
6449581,5895109,1,2026-07-15 04:24:18,2026-07-30 12:05:01,2024-02-19 00:00:00
10126551,5895109,16777473,2026-07-30 14:47:22,2026-07-28 02:05:01,2025-07-02 09:05:01
12438231,5895109,1,2026-07-30 01:05:01,2026-07-30 16:05:01,2024-12-08 03:05:01
184183,5896283,1,2026-07-25 00:05:01,2026-07-25 19:05:01,2024-02-10 14:00:00
10126551,5896283,16777473,2026-07-30 14:47:22,2026-07-30 04:05:01,2025-07-02 09:05:01
12438231,5896283,1,2026-07-30 01:05:01,2026-07-30 16:05:01,2024-12-08 03:05:01
9423019,5897140,1,2026-04-08 02:05:02,2026-07-30 16:05:01,2024-02-05 04:04:00
10126551,5897140,16777473,2026-07-30 14:47:22,2026-07-30 04:05:01,2025-07-02 09:05:01
12438231,5897140,1,2026-07-30 01:05:01,2026-07-30 16:05:01,2024-12-08 03:05:01
27746861,5897140,1,2026-07-29 17:05:01,2026-07-30 16:05:01,2024-02-21 14:19:00
10126551,5899535,16777473,2026-07-30 14:47:22,2026-07-10 10:05:01,2025-07-04 19:05:01
12438231,5899535,1,2026-07-30 01:05:01,2026-07-20 03:05:01,2024-12-08 03:05:01
10126551,5912177,16777473,2026-07-30 14:47:22,2026-07-10 10:05:01,2025-07-05 19:05:01
12438231,5912177,1,2026-07-30 01:05:01,2026-07-30 16:05:01,2024-12-08 03:05:01
27746861,5912177,1,2026-07-29 17:05:01,2026-07-30 16:05:01,2024-02-21 14:19:00
369429,5918386,1,2026-07-30 01:05:01,2026-07-30 15:05:01,2024-02-24 09:50:00
10126551,5918386,16777473,2026-07-30 14:47:22,2026-07-10 10:05:01,2025-07-04 19:05:01
12438231,5918386,1,2026-07-30 01:05:01,2026-07-30 16:05:01,2024-12-08 03:05:01
184183,5921403,1,2026-07-25 00:05:01,2026-07-25 19:05:01,2024-02-10 14:00:00
10126551,5921403,16777473,2026-07-30 14:47:22,2026-07-30 16:05:01,2025-07-02 12:05:01
12438231,5921403,1,2026-07-30 01:05:01,2026-07-30 16:05:01,2024-12-08 03:05:01
27746861,5921403,1,2026-07-29 17:05:01,2026-07-30 16:05:01,2024-02-21 14:19:00
9423019,5923424,1,2026-04-08 02:05:02,2026-07-30 16:05:01,2024-02-05 04:04:00
10126551,5923424,16777473,2026-07-30 14:47:22,2026-07-20 15:07:11,2025-07-02 09:05:01
12438231,5923424,1,2026-07-30 01:05:01,2026-07-30 16:05:01,2024-12-08 03:05:01
369429,5923739,1,2026-07-30 01:05:01,2026-07-30 16:05:01,2024-02-24 09:50:00
10126551,5923739,16777473,2026-07-30 14:47:22,2026-07-10 23:05:01,2025-07-04 19:05:01
12438231,5923739,1,2026-07-30 01:05:01,2026-07-30 16:05:01,2024-12-08 03:05:01
27746861,5923739,1,2026-07-29 17:05:01,2026-07-30 16:05:01,2024-02-21 14:19:00
369429,5945429,1,2026-07-30 01:05:01,2026-07-30 16:05:01,2024-02-24 09:50:00
10126551,5945429,16777473,2026-07-30 14:47:22,2026-07-28 02:05:01,2025-07-03 21:05:01
12438231,5945429,1,2026-07-30 01:05:01,2026-07-30 16:05:01,2024-12-08 03:05:01
10126551,5949377,16777473,2026-07-30 14:47:22,2026-07-10 10:05:01,2025-07-03 21:05:01
12438231,5949377,1,2026-07-30 01:05:01,2026-07-30 16:05:01,2024-12-08 03:05:01
10126551,5949477,16777473,2026-07-30 14:47:22,2026-07-10 10:05:01,2025-07-02 09:05:01
12438231,5949477,1,2026-07-30 01:05:01,2026-07-30 16:05:01,2024-12-08 03:05:01
27746861,5949477,1,2026-07-29 17:05:01,2026-07-29 16:05:01,2024-02-21 14:19:00
10126551,5949759,16777473,2026-07-30 14:47:22,2026-07-10 10:05:01,2025-07-04 19:05:01
12438231,5949759,1,2026-07-30 01:05:01,2026-07-27 11:07:45,2024-12-08 03:05:01
369429,5950057,1,2026-07-30 01:05:01,2026-07-30 16:05:01,2024-07-27 02:03:43
10126551,5950057,16777473,2026-07-30 14:47:22,2026-07-28 02:05:01,2025-07-02 12:05:01
12438231,5950057,1,2026-07-30 01:05:01,2026-07-30 16:05:01,2024-12-08 03:05:01
27746861,5950057,1,2026-07-29 17:05:01,2026-07-30 16:05:01,2024-02-21 14:19:00
10126551,5957944,16777473,2026-07-30 14:47:22,2026-07-30 15:05:01,2025-07-05 19:05:01
12438231,5957944,1,2026-07-30 01:05:01,2026-07-30 16:05:01,2024-12-08 03:05:01
27746861,5957944,1,2026-07-29 17:05:01,2026-07-30 16:05:01,2024-02-21 14:19:00
10126551,5958373,16777473,2026-07-30 14:47:22,2026-07-10 10:05:01,2025-07-04 19:05:01
12438231,5958373,1,2026-07-30 01:05:01,2026-07-30 14:05:02,2024-12-08 03:05:01
10126551,5960312,16777473,2026-07-30 14:47:22,2026-07-10 10:05:01,2025-07-04 19:05:01
12438231,5960312,1,2026-07-30 01:05:01,2026-07-30 16:05:01,2024-12-08 03:05:01
184183,5975025,1,2026-07-25 00:05:01,2026-07-25 11:05:01,2024-02-10 14:00:00
10126551,5975025,16777473,2026-07-30 14:47:22,2026-07-10 10:05:01,2025-07-04 19:05:01
12438231,5975025,1,2026-07-30 01:05:01,2026-07-30 09:05:01,2024-12-08 03:05:01
6449581,5983354,1,2026-07-15 04:24:18,2026-07-30 12:05:01,2024-02-19 00:00:00
10126551,5983354,16777473,2026-07-30 14:47:22,2026-07-27 02:05:01,2025-07-02 09:05:01
12438231,5983354,1,2026-07-30 01:05:01,2026-07-30 16:05:01,2024-12-08 03:05:01
27746861,5983354,1,2026-07-29 17:05:01,2026-07-30 16:05:01,2024-02-21 14:19:00
369429,5984565,1,2026-07-30 01:05:01,2026-07-30 16:05:01,2024-02-24 09:50:00
10126551,5984565,16777473,2026-07-30 14:47:22,2026-07-28 02:05:01,2025-07-04 19:05:01
12438231,5984565,1,2026-07-30 01:05:01,2026-07-30 16:05:01,2024-12-08 03:05:01
27746861,5984565,1,2026-07-29 17:05:01,2026-07-30 16:05:01,2024-02-21 14:19:00
369429,5986801,1,2026-07-30 01:05:01,2026-07-30 16:05:01,2024-02-24 09:50:00
10126551,5986801,16777473,2026-07-30 14:47:22,2026-07-10 10:05:01,2025-07-02 09:05:01
12438231,5986801,1,2026-07-30 01:05:01,2026-07-30 16:05:01,2024-12-08 03:05:01
27746861,5986801,1,2026-07-29 17:05:01,2026-07-30 14:05:02,2024-02-21 14:19:00
369429,5986805,1,2026-07-30 01:05:01,2026-07-30 16:05:01,2024-02-24 09:50:00
10126551,5986805,16777473,2026-07-30 14:47:22,2026-07-29 22:05:02,2025-07-02 09:05:01
12438231,5986805,1,2026-07-30 01:05:01,2026-07-30 16:05:01,2024-12-08 03:05:01
27746861,5986805,1,2026-07-29 17:05:01,2026-07-30 16:05:01,2024-02-21 14:19:00
184183,5989277,1,2026-07-25 00:05:01,2026-07-25 19:05:01,2024-06-01 16:40:00
10126551,5989277,16777473,2026-07-30 14:47:22,2026-07-28 02:05:01,2025-07-05 19:05:01
12438231,5989277,1,2026-07-30 01:05:01,2026-07-30 16:05:01,2024-12-08 03:05:01
27746861,5989277,1,2026-07-29 17:05:01,2026-07-30 16:05:01,2024-02-21 14:19:00
10126551,6013558,16777473,2026-07-30 14:47:22,2026-07-10 10:05:01,2025-07-04 19:05:01
12438231,6013558,1,2026-07-30 01:05:01,2026-07-20 03:05:01,2024-12-08 03:05:01
10126551,6013600,16777473,2026-07-30 14:47:22,2026-07-10 10:05:01,2025-07-04 19:05:01
12438231,6013600,1,2026-07-30 01:05:01,2026-07-20 03:05:01,2024-12-08 03:05:01
10126551,6014487,16777473,2026-07-30 14:47:22,2026-07-10 10:05:01,2025-07-04 19:05:01
12438231,6014487,1,2026-07-30 01:05:01,2026-07-20 03:05:01,2024-12-08 03:05:01
10126551,6016344,16777473,2026-07-30 14:47:22,2026-07-30 04:05:01,2025-07-02 12:05:01
12438231,6016344,1,2026-07-30 01:05:01,2026-07-30 16:05:01,2024-12-08 03:05:01
27746861,6016344,1,2026-07-29 17:05:01,2026-07-30 16:05:01,2024-02-21 14:19:00
10126551,6039065,16777473,2026-07-30 14:47:22,2026-07-26 02:05:01,2025-07-04 19:05:01
12438231,6039065,1,2026-07-30 01:05:01,2026-07-30 16:05:01,2024-12-08 03:05:01
27746861,6039065,1,2026-07-29 17:05:01,2026-07-30 16:05:01,2024-02-21 14:19:00
9423019,6039579,1,2026-04-08 02:05:02,2026-07-30 16:05:01,2024-02-05 04:04:00
10126551,6039579,16777473,2026-07-30 14:47:22,2026-07-10 10:05:01,2025-07-04 19:05:01
12438231,6039579,1,2026-07-30 01:05:01,2026-07-30 16:05:01,2024-12-08 03:05:01
27746861,6039579,1,2026-07-29 17:05:01,2026-07-30 03:05:02,2024-02-21 14:19:00
369429,6039625,1,2026-07-30 01:05:01,2026-07-30 16:05:01,2024-02-24 09:50:00
9423019,6039625,1,2026-04-08 02:05:02,2026-07-30 16:05:01,2024-02-05 04:04:00
10126551,6039625,16777473,2026-07-30 14:47:22,2026-07-10 10:05:01,2025-07-02 09:05:01
12438231,6039625,1,2026-07-30 01:05:01,2026-07-30 16:05:01,2024-12-08 03:05:01
9423019,6039981,1,2026-04-08 02:05:02,2026-07-30 16:05:01,2024-02-05 04:04:00
10126551,6039981,16777473,2026-07-30 14:47:22,2026-07-30 01:05:01,2025-07-02 12:05:01
12438231,6039981,1,2026-07-30 01:05:01,2026-07-30 16:05:01,2024-12-08 03:05:01
27746861,6039981,1,2026-07-29 17:05:01,2026-07-30 16:05:01,2024-02-21 14:19:00
369429,6039995,1,2026-07-30 01:05:01,2026-07-30 16:05:01,2024-05-12 14:12:43
9423019,6039995,1,2026-04-08 02:05:02,2026-07-30 16:05:01,2024-02-05 04:04:00
10126551,6039995,16777473,2026-07-30 14:47:22,2026-07-28 02:05:01,2025-07-02 09:05:01
12438231,6039995,1,2026-07-30 01:05:01,2026-07-30 16:05:01,2024-12-08 03:05:01
369429,6063811,1,2026-07-30 01:05:01,2026-07-30 16:05:01,2024-02-24 09:50:00
10126551,6063811,16777473,2026-07-30 14:47:22,2026-07-28 02:05:01,2025-07-03 21:05:01
12438231,6063811,1,2026-07-30 01:05:01,2026-07-30 16:05:01,2024-12-08 03:05:01
369429,6066065,1,2026-07-30 01:05:01,2026-07-30 16:05:01,2024-02-24 09:50:00
10126551,6066065,16777473,2026-07-30 14:47:22,2026-07-28 02:05:01,2025-07-02 12:05:01
12438231,6066065,1,2026-07-30 01:05:01,2026-07-30 16:05:01,2024-12-08 03:05:01
10126551,6069107,16777473,2026-07-30 14:47:22,2026-07-12 06:05:01,2025-07-04 19:05:01
12438231,6069107,1,2026-07-30 01:05:01,2026-07-30 16:05:01,2024-12-08 03:05:01
10126551,6076937,16777473,2026-07-30 14:47:22,2026-07-10 10:05:01,2025-07-04 19:05:01
12438231,6076937,1,2026-07-30 01:05:01,2026-07-20 03:05:01,2024-12-08 03:05:01
10126551,6077387,16777473,2026-07-30 14:47:22,2026-07-10 10:05:01,2025-07-04 19:05:01
12438231,6077387,1,2026-07-30 01:05:01,2026-07-30 16:05:01,2024-12-08 03:05:01
10126551,6083278,16777473,2026-07-30 14:47:22,2026-07-10 10:05:01,2025-07-03 21:05:01
12438231,6083278,1,2026-07-30 01:05:01,2026-07-20 03:05:01,2024-12-08 03:05:01
369429,6084435,1,2026-07-30 01:05:01,2026-07-30 16:05:01,2024-02-24 09:50:00
10126551,6084435,16777473,2026-07-30 14:47:22,2026-07-11 22:05:02,2025-07-02 09:05:01
12438231,6084435,1,2026-07-30 01:05:01,2026-07-30 16:05:01,2024-12-08 03:05:01
27746861,6084435,1,2026-07-29 17:05:01,2026-07-30 16:05:01,2024-02-21 14:19:00
6449581,6098202,1,2026-07-15 04:24:18,2026-07-30 12:05:01,2024-02-19 00:00:00
10126551,6098202,16777473,2026-07-30 14:47:22,2026-07-27 02:05:01,2025-07-04 19:05:01
12438231,6098202,1,2026-07-30 01:05:01,2026-07-30 16:05:01,2024-12-08 03:05:01
10126551,6099596,16777473,2026-07-30 14:47:22,2026-07-30 07:05:01,2025-07-02 12:05:01
12438231,6099596,1,2026-07-30 01:05:01,2026-07-30 16:05:01,2024-12-08 03:05:01
27746861,6099596,1,2026-07-29 17:05:01,2026-07-30 16:05:01,2024-02-21 14:19:00
10126551,6101743,16777473,2026-07-30 14:47:22,2026-07-10 10:05:01,2025-07-02 12:05:01
12438231,6101743,1,2026-07-30 01:05:01,2026-07-20 03:05:01,2024-12-08 03:05:01
10126551,6104350,16777473,2026-07-30 14:47:22,2026-07-10 10:05:01,2025-07-02 09:05:01
12438231,6104350,1,2026-07-30 01:05:01,2026-07-25 04:05:01,2024-12-08 03:05:01
27746861,6104350,1,2026-07-29 17:05:01,2026-07-29 16:05:01,2025-05-21 06:05:01
369429,6119304,1,2026-07-30 01:05:01,2026-07-30 16:05:01,2024-02-24 09:50:00
10126551,6119304,16777473,2026-07-30 14:47:22,2026-07-28 02:05:01,2025-07-02 12:05:01
12438231,6119304,1,2026-07-30 01:05:01,2026-07-30 16:05:01,2024-12-08 03:05:01
27746861,6119304,1,2026-07-29 17:05:01,2026-07-30 16:05:01,2024-02-21 14:19:00
369429,6119470,1,2026-07-30 01:05:01,2026-07-30 16:05:01,2024-02-24 09:50:00
10126551,6119470,16777473,2026-07-30 14:47:22,2026-07-27 01:05:02,2025-07-03 21:05:01
12438231,6119470,1,2026-07-30 01:05:01,2026-07-30 16:05:01,2024-12-08 03:05:01
10126551,6124145,16777473,2026-07-30 14:47:22,2026-07-10 10:05:01,2025-07-04 19:05:01
12438231,6124145,1,2026-07-30 01:05:01,2026-07-20 03:05:01,2024-12-08 03:05:01
6449581,6124366,1,2026-07-15 04:24:18,2026-07-30 12:05:01,2024-02-19 00:00:00
10126551,6124366,16777473,2026-07-30 14:47:22,2026-07-30 04:05:01,2025-07-05 19:05:01
12438231,6124366,1,2026-07-30 01:05:01,2026-07-30 16:05:01,2024-12-08 03:05:01
27746861,6124366,1,2026-07-29 17:05:01,2026-07-30 16:05:01,2024-02-21 14:19:00
10126551,6127848,16777473,2026-07-30 14:47:22,2026-07-10 10:05:01,2025-07-02 12:05:01
12438231,6127848,1,2026-07-30 01:05:01,2026-07-30 16:05:01,2024-12-08 03:05:01
27746861,6127848,1,2026-07-29 17:05:01,2026-07-30 07:05:01,2024-02-21 14:19:00
369429,6128480,1,2026-07-30 01:05:01,2026-07-30 16:05:01,2024-05-10 19:09:00
6449581,6128480,1,2026-07-15 04:24:18,2026-07-30 13:05:01,2024-02-19 00:00:00
10126551,6128480,16777473,2026-07-30 14:47:22,2026-07-26 01:05:02,2025-07-03 21:05:01
12438231,6128480,1,2026-07-30 01:05:01,2026-07-30 16:05:01,2024-12-08 03:05:01
10126551,6128942,16777473,2026-07-30 14:47:22,2026-07-10 11:05:01,2025-07-04 19:05:01
12438231,6128942,1,2026-07-30 01:05:01,2026-07-30 13:05:01,2024-12-08 03:05:01
27746861,6128942,1,2026-07-29 17:05:01,2026-07-29 16:05:01,2024-02-21 14:19:00
10126551,6129314,16777473,2026-07-30 14:47:22,2026-07-10 10:05:01,2025-07-04 19:05:01
12438231,6129314,1,2026-07-30 01:05:01,2026-07-30 16:05:01,2024-12-08 03:05:01
184183,6137567,1,2026-07-25 00:05:01,2026-07-25 19:05:01,2024-02-10 14:00:00
369429,6137567,1,2026-07-30 01:05:01,2026-07-30 16:05:01,2024-08-22 02:02:40
10126551,6137567,16777473,2026-07-30 14:47:22,2026-07-30 04:05:01,2025-07-02 12:05:01
12438231,6137567,1,2026-07-30 01:05:01,2026-07-30 16:05:01,2024-12-08 03:05:01
369429,6164695,1,2026-07-30 01:05:01,2026-07-30 16:05:01,2024-02-24 09:50:00
10126551,6164695,16777473,2026-07-30 14:47:22,2026-07-30 04:05:01,2025-07-03 21:05:01
12438231,6164695,1,2026-07-30 01:05:01,2026-07-30 16:05:01,2024-12-08 03:05:01
184183,6167853,1,2026-07-25 00:05:01,2026-07-25 19:05:01,2024-02-10 14:00:00
10126551,6167853,16777473,2026-07-30 14:47:22,2026-07-10 10:05:01,2025-07-02 09:05:01
12438231,6167853,1,2026-07-30 01:05:01,2026-07-30 16:05:01,2024-12-08 03:05:01
10126551,6167858,16777473,2026-07-30 14:47:22,2026-07-10 10:05:01,2025-07-02 09:05:01
12438231,6167858,1,2026-07-30 01:05:01,2026-07-20 03:05:01,2024-12-08 03:05:01
10126551,6168284,16777473,2026-07-30 14:47:22,2026-07-10 10:05:01,2025-07-03 21:05:01
369429,5748622,1,2026-07-30 01:05:01,2026-07-30 16:05:01,2024-05-12 14:12:43
10126551,5748622,16777473,2026-07-30 14:47:22,2026-07-27 02:05:01,2025-07-02 12:05:01
12438231,5748622,1,2026-07-30 01:05:01,2026-07-30 16:05:01,2024-12-08 03:05:01
27746861,5748622,1,2026-07-29 17:05:01,2026-07-30 16:05:01,2024-02-21 14:19:00
184183,5755619,1,2026-07-25 00:05:01,2026-07-25 19:05:01,2024-02-10 14:00:00
10126551,5755619,16777473,2026-07-30 14:47:22,2026-07-30 05:05:01,2025-07-02 12:05:01
12438231,5755619,1,2026-07-30 01:05:01,2026-07-30 16:05:01,2024-12-08 03:05:01
184183,5756451,1,2026-07-25 00:05:01,2026-07-25 19:05:01,2024-02-10 14:00:00
10126551,5756451,16777473,2026-07-30 14:47:22,2026-07-30 16:05:01,2025-07-02 09:05:01
12438231,5756451,1,2026-07-30 01:05:01,2026-07-30 16:05:01,2024-12-08 03:05:01
369429,5769566,1,2026-07-30 01:05:01,2026-07-30 16:05:01,2024-02-24 09:50:00
10126551,5769566,16777473,2026-07-30 14:47:22,2026-07-27 02:05:01,2025-07-03 21:05:01
12438231,5769566,1,2026-07-30 01:05:01,2026-07-30 16:05:01,2024-12-08 03:05:01
184183,5770125,1,2026-07-25 00:05:01,2026-07-25 19:05:01,2024-02-10 14:00:00
369429,5770125,1,2026-07-30 01:05:01,2026-07-30 16:05:01,2024-08-22 02:02:40
10126551,5770125,16777473,2026-07-30 14:47:22,2026-07-27 02:05:01,2025-07-04 19:05:01
12438231,5770125,1,2026-07-30 01:05:01,2026-07-30 16:05:01,2024-12-08 03:05:01
369429,5771755,1,2026-07-30 01:05:01,2026-07-30 16:05:01,2024-02-24 09:50:00
10126551,5771755,16777473,2026-07-30 14:47:22,2026-07-28 02:05:01,2025-07-02 09:05:01
12438231,5771755,1,2026-07-30 01:05:01,2026-07-30 16:05:01,2024-12-08 03:05:01
369429,5771775,1,2026-07-30 01:05:01,2026-07-30 16:05:01,2024-02-24 09:50:00
10126551,5771775,16777473,2026-07-30 14:47:22,2026-07-28 02:05:01,2025-07-02 09:05:01
12438231,5771775,1,2026-07-30 01:05:01,2026-07-30 16:05:01,2024-12-08 03:05:01
10126551,5774783,16777473,2026-07-30 14:47:22,2026-07-30 15:05:01,2025-07-04 19:05:01
12438231,5774783,1,2026-07-30 01:05:01,2026-07-30 16:05:01,2024-12-08 03:05:01
10126551,5774855,16777473,2026-07-30 14:47:22,2026-07-10 10:05:01,2025-07-02 12:05:01
12438231,5774855,1,2026-07-30 01:05:01,2026-07-30 11:05:01,2024-12-08 03:05:01
27746861,5774855,1,2026-07-29 17:05:01,2026-07-29 16:05:01,2024-02-21 14:19:00
184183,5781801,1,2026-07-25 00:05:01,2026-07-25 20:05:01,2024-02-10 14:00:00
10126551,5781801,16777473,2026-07-30 14:47:22,2026-07-30 04:05:01,2025-07-02 12:05:01
12438231,5781801,1,2026-07-30 01:05:01,2026-07-30 16:05:01,2024-12-08 03:05:01
27746861,5781801,1,2026-07-29 17:05:01,2026-07-30 16:05:01,2024-02-21 14:19:00
184183,5782510,1,2026-07-25 00:05:01,2026-07-25 19:05:01,2024-02-10 14:00:00
369429,5782510,1,2026-07-30 01:05:01,2026-07-30 16:05:01,2024-05-11 20:27:36
10126551,5782510,16777473,2026-07-30 14:47:22,2026-07-10 10:05:01,2025-07-02 09:05:01
12438231,5782510,1,2026-07-30 01:05:01,2026-07-30 16:05:01,2024-12-08 03:05:01
6449581,5785149,1,2026-07-15 04:24:18,2026-07-30 13:05:01,2024-02-19 00:00:00
10126551,5785149,16777473,2026-07-30 14:47:22,2026-07-29 04:05:01,2025-07-02 12:05:01
12438231,5785149,1,2026-07-30 01:05:01,2026-07-30 16:05:01,2024-12-08 03:05:01
369429,5785456,1,2026-07-30 01:05:01,2026-07-30 16:05:01,2024-07-27 02:03:43
10126551,5785456,16777473,2026-07-30 14:47:22,2026-07-28 02:05:01,2025-07-04 19:05:01
12438231,5785456,1,2026-07-30 01:05:01,2026-07-30 16:05:01,2024-12-08 03:05:01
27746861,5785456,1,2026-07-29 17:05:01,2026-07-30 16:05:01,2024-02-21 14:19:00
184183,5785713,1,2026-07-25 00:05:01,2026-07-25 19:05:01,2024-02-10 14:00:00
10126551,5785713,16777473,2026-07-30 14:47:22,2026-07-30 16:05:01,2025-07-02 12:05:01
12438231,5785713,1,2026-07-30 01:05:01,2026-07-30 16:05:01,2024-12-08 03:05:01
9423019,5792282,1,2026-04-08 02:05:02,2026-07-30 16:05:01,2024-02-05 04:04:00
10126551,5792282,16777473,2026-07-30 14:47:22,2026-07-10 10:05:01,2025-07-04 19:05:01
12438231,5792282,1,2026-07-30 01:05:01,2026-07-30 16:05:01,2024-12-08 03:05:01
27746861,5792282,1,2026-07-29 17:05:01,2026-07-29 16:05:01,2024-02-21 14:19:00
9423019,5792293,1,2026-04-08 02:05:02,2026-07-30 16:05:01,2024-02-05 04:04:00
10126551,5792293,16777473,2026-07-30 14:47:22,2026-07-10 10:05:01,2025-07-02 12:05:01
12438231,5792293,1,2026-07-30 01:05:01,2026-07-30 16:05:01,2024-12-08 03:05:01
27746861,5792293,1,2026-07-29 17:05:01,2026-07-29 16:05:01,2024-02-21 14:19:00
184183,5792561,1,2026-07-25 00:05:01,2026-07-25 19:05:01,2024-02-10 14:00:00
10126551,5792561,16777473,2026-07-30 14:47:22,2026-07-30 16:05:01,2025-07-02 12:05:01
12438231,5792561,1,2026-07-30 01:05:01,2026-07-30 16:05:01,2024-12-08 03:05:01
369429,5793096,1,2026-07-30 01:05:01,2026-07-30 16:05:01,2024-02-24 09:50:00
10126551,5793096,16777473,2026-07-30 14:47:22,2026-07-27 02:05:01,2025-07-02 12:05:01
12438231,5793096,1,2026-07-30 01:05:01,2026-07-30 16:05:01,2024-12-08 03:05:01
27746861,5793096,1,2026-07-29 17:05:01,2026-07-30 16:05:01,2024-02-21 14:19:00
10126551,5795065,16777473,2026-07-30 14:47:22,2026-07-28 02:05:01,2025-07-02 12:05:01
12438231,5795065,1,2026-07-30 01:05:01,2026-07-30 16:05:01,2024-12-08 03:05:01
27746861,5795065,1,2026-07-29 17:05:01,2026-07-30 16:05:01,2024-02-21 14:19:00
10126551,5795139,16777473,2026-07-30 14:47:22,2026-07-30 04:05:01,2025-07-03 21:05:01
12438231,5795139,1,2026-07-30 01:05:01,2026-07-30 16:05:01,2024-12-08 03:05:01
27746861,5795139,1,2026-07-29 17:05:01,2026-07-30 16:05:01,2024-02-21 14:19:00
369429,5795472,1,2026-07-30 01:05:01,2026-07-30 16:05:01,2024-02-24 09:50:00
10126551,5795472,16777473,2026-07-30 14:47:22,2026-07-10 22:05:01,2025-07-03 21:05:01
12438231,5795472,1,2026-07-30 01:05:01,2026-07-30 16:05:01,2024-12-08 03:05:01
27746861,5795472,1,2026-07-29 17:05:01,2026-07-30 16:05:01,2024-02-21 14:19:00
369429,5797314,1,2026-07-30 01:05:01,2026-07-30 16:05:01,2024-02-24 09:50:00
10126551,5797314,16777473,2026-07-30 14:47:22,2026-07-10 10:05:01,2025-07-03 21:05:01
12438231,5797314,1,2026-07-30 01:05:01,2026-07-30 16:05:01,2024-12-08 03:05:01
27746861,5797314,1,2026-07-29 17:05:01,2026-07-30 16:05:01,2024-02-21 14:19:00
10126551,5800398,16777473,2026-07-30 14:47:22,2026-07-10 11:05:01,2025-07-02 12:05:01
12438231,5800398,1,2026-07-30 01:05:01,2026-07-30 16:05:01,2024-12-08 03:05:01
27746861,5800398,1,2026-07-29 17:05:01,2026-07-29 16:05:01,2024-02-21 14:19:00
10126551,5810015,16777473,2026-07-30 14:47:22,2026-07-30 14:05:02,2025-07-02 12:05:01
12438231,5810015,1,2026-07-30 01:05:01,2026-07-30 16:05:01,2024-12-08 03:05:01
27746861,5810015,1,2026-07-29 17:05:01,2026-07-30 16:05:01,2024-02-21 14:19:00
369429,5811551,1,2026-07-30 01:05:01,2026-07-30 16:05:01,2024-05-08 20:43:00
10126551,5811551,16777473,2026-07-30 14:47:22,2026-07-28 02:05:01,2025-07-02 09:05:01
12438231,5811551,1,2026-07-30 01:05:01,2026-07-30 16:05:01,2024-12-08 03:05:01
27746861,5811551,1,2026-07-29 17:05:01,2026-07-30 16:05:01,2024-02-21 14:19:00
10126551,5811934,16777473,2026-07-30 14:47:22,2026-07-30 16:05:01,2025-07-04 19:05:01
12438231,5811934,1,2026-07-30 01:05:01,2026-07-30 16:05:01,2024-12-08 03:05:01
27746861,5811934,1,2026-07-29 17:05:01,2026-07-30 16:05:01,2024-02-21 14:19:00
369429,5814449,1,2026-07-30 01:05:01,2026-07-30 16:05:01,2024-07-27 02:03:43
10126551,5814449,16777473,2026-07-30 14:47:22,2026-07-28 02:05:01,2025-07-05 19:05:01
12438231,5814449,1,2026-07-30 01:05:01,2026-07-30 16:05:01,2024-12-08 03:05:01
27746861,5814449,1,2026-07-29 17:05:01,2026-07-30 16:05:01,2024-02-21 14:19:00
369429,5820454,1,2026-07-30 01:05:01,2026-07-30 16:05:01,2024-07-27 02:03:43
10126551,5820454,16777473,2026-07-30 14:47:22,2026-07-28 02:05:01,2025-07-05 19:05:01
12438231,5820454,1,2026-07-30 01:05:01,2026-07-30 16:05:01,2024-12-08 03:05:01
27746861,5820454,1,2026-07-29 17:05:01,2026-07-30 16:05:01,2024-02-21 14:19:00
184183,5820503,1,2026-07-25 00:05:01,2026-07-25 19:05:01,2024-02-10 14:00:00
10126551,5820503,16777473,2026-07-30 14:47:22,2026-07-30 16:05:01,2025-07-02 12:05:01
12438231,5820503,1,2026-07-30 01:05:01,2026-07-30 16:05:01,2024-12-08 03:05:01
184183,5823973,1,2026-07-25 00:05:01,2026-07-25 19:05:01,2024-02-10 14:00:00
10126551,5823973,16777473,2026-07-30 14:47:22,2026-07-30 14:05:02,2025-07-05 19:05:01
12438231,5823973,1,2026-07-30 01:05:01,2026-07-30 16:05:01,2024-12-08 03:05:01
10126551,5827136,16777473,2026-07-30 14:47:22,2026-07-27 03:05:01,2025-07-04 19:05:01
12438231,5827136,1,2026-07-30 01:05:01,2026-07-30 16:05:01,2024-12-08 03:05:01
369429,5868254,1,2026-07-30 01:05:01,2026-07-30 16:05:01,2024-02-24 09:50:00
10126551,5868254,16777473,2026-07-30 14:47:22,2026-07-28 02:05:01,2025-07-04 19:05:01
12438231,5868254,1,2026-07-30 01:05:01,2026-07-30 16:05:01,2024-12-08 03:05:01
27746861,5868254,1,2026-07-29 17:05:01,2026-07-30 16:05:01,2024-02-21 14:19:00
9423019,5874389,1,2026-04-08 02:05:02,2026-07-30 16:05:01,2024-02-05 04:04:00
10126551,5874389,16777473,2026-07-30 14:47:22,2026-07-27 01:05:02,2025-07-03 21:05:01
12438231,5874389,1,2026-07-30 01:05:01,2026-07-30 16:05:01,2024-12-08 03:05:01
27746861,5874389,1,2026-07-29 17:05:01,2026-07-30 16:05:01,2024-02-21 14:19:00
10126551,5881527,16777473,2026-07-30 14:47:22,2026-07-10 10:05:01,2025-07-04 19:05:01
12438231,5881527,1,2026-07-30 01:05:01,2026-07-30 15:05:01,2024-12-08 03:05:01
27746861,5881527,1,2026-07-29 17:05:01,2026-07-29 16:05:01,2024-02-21 14:19:00
9423019,5886325,1,2026-04-08 02:05:02,2026-07-30 16:05:01,2024-02-05 04:04:00
10126551,5886325,16777473,2026-07-30 14:47:22,2026-07-10 10:05:01,2025-07-02 09:05:01
12438231,5886325,1,2026-07-30 01:05:01,2026-07-30 12:05:01,2024-12-08 03:05:01
9423019,5889062,1,2026-04-08 02:05:02,2026-07-30 16:05:01,2024-02-05 04:04:00
10126551,5889062,16777473,2026-07-30 14:47:22,2026-07-30 04:05:01,2025-07-02 09:05:01
12438231,5889062,1,2026-07-30 01:05:01,2026-07-30 16:05:01,2024-12-08 03:05:01
10126551,5906144,16777473,2026-07-30 14:47:22,2026-07-30 06:05:01,2025-07-02 12:05:01
12438231,5906144,1,2026-07-30 01:05:01,2026-07-30 16:05:01,2024-12-08 03:05:01
27746861,5906144,1,2026-07-29 17:05:01,2026-07-30 16:05:01,2024-02-21 14:19:00
10126551,5906548,16777473,2026-07-30 14:47:22,2026-07-10 10:05:01,2025-07-02 09:05:01
12438231,5906548,1,2026-07-30 01:05:01,2026-07-30 14:05:02,2024-12-08 03:05:01
27746861,5906548,1,2026-07-29 17:05:01,2026-07-29 16:05:01,2024-02-21 14:19:00
10126551,5906974,16777473,2026-07-30 14:47:22,2026-07-30 03:05:02,2025-07-04 19:05:01
12438231,5906974,1,2026-07-30 01:05:01,2026-07-30 16:05:01,2024-12-08 03:05:01
184183,5908067,1,2026-07-25 00:05:01,2026-07-25 19:05:01,2024-02-10 14:00:00
10126551,5908067,16777473,2026-07-30 14:47:22,2026-07-30 13:05:01,2025-07-04 19:05:01
12438231,5908067,1,2026-07-30 01:05:01,2026-07-30 16:05:01,2024-12-08 03:05:01
10126551,5908763,16777473,2026-07-30 14:47:22,2026-07-26 02:05:01,2025-07-03 21:05:01
12438231,5908763,1,2026-07-30 01:05:01,2026-07-30 16:05:01,2024-12-08 03:05:01
27746861,5908763,1,2026-07-29 17:05:01,2026-07-29 16:05:01,2024-02-21 14:19:00
10126551,5925630,16777473,2026-07-30 14:47:22,2026-07-10 10:05:01,2025-07-02 12:05:01
12438231,5925630,1,2026-07-30 01:05:01,2026-07-30 16:05:01,2024-12-08 03:05:01
27746861,5925630,1,2026-07-29 17:05:01,2026-07-30 12:05:01,2025-05-21 06:05:01
10126551,5928925,16777473,2026-07-30 14:47:22,2026-07-10 10:05:01,2025-07-04 19:05:01
12438231,5928925,1,2026-07-30 01:05:01,2026-07-20 03:05:01,2024-12-08 03:05:01
10126551,5932182,16777473,2026-07-30 14:47:22,2026-07-30 15:05:01,2025-07-02 09:05:01
12438231,5932182,1,2026-07-30 01:05:01,2026-07-30 16:05:01,2024-12-08 03:05:01
27746861,5932182,1,2026-07-29 17:05:01,2026-07-30 16:05:01,2024-02-21 14:19:00
1140687,5932190,1,2026-07-30 00:05:01,2026-07-30 10:05:01,2024-10-05 01:02:45
10126551,5932190,16777473,2026-07-30 14:47:22,2026-07-30 16:05:01,2025-07-02 09:05:01
12438231,5932190,1,2026-07-30 01:05:01,2026-07-30 16:05:01,2024-12-08 03:05:01
369429,5937976,1,2026-07-30 01:05:01,2026-07-30 16:05:01,2024-02-24 09:50:00
10126551,5937976,16777473,2026-07-30 14:47:22,2026-07-30 01:05:01,2025-07-02 12:05:01
12438231,5937976,1,2026-07-30 01:05:01,2026-07-30 16:05:01,2024-12-08 03:05:01
27746861,5937976,1,2026-07-29 17:05:01,2026-07-30 16:05:01,2024-02-21 14:19:00
9423019,5977565,1,2026-04-08 02:05:02,2026-07-30 16:05:01,2024-02-05 04:04:00
10126551,5977565,16777473,2026-07-30 14:47:22,2026-07-10 10:05:01,2025-07-04 19:05:01
12438231,5977565,1,2026-07-30 01:05:01,2026-07-30 12:05:01,2024-12-08 03:05:01
9423019,5978535,1,2026-04-08 02:05:02,2026-07-30 16:05:01,2024-02-05 04:04:00
10126551,5978535,16777473,2026-07-30 14:47:22,2026-07-10 10:05:01,2025-07-04 19:05:01
12438231,5978535,1,2026-07-30 01:05:01,2026-07-30 15:05:01,2024-12-08 03:05:01
27746861,5978535,1,2026-07-29 17:05:01,2026-07-29 17:05:01,2024-02-21 14:19:00
369429,5981693,1,2026-07-30 01:05:01,2026-07-30 16:05:01,2024-02-24 09:50:00
10126551,5981693,16777473,2026-07-30 14:47:22,2026-07-28 03:05:01,2025-07-04 19:05:01
12438231,5981693,1,2026-07-30 01:05:01,2026-07-30 16:05:01,2024-12-08 03:05:01
27746861,5981693,1,2026-07-29 17:05:01,2026-07-30 16:05:01,2024-02-21 14:19:00
184183,5982548,1,2026-07-25 00:05:01,2026-07-25 19:05:01,2024-02-10 14:00:00
369429,5982548,1,2026-07-30 01:05:01,2026-07-30 16:05:01,2024-05-12 14:12:43
10126551,5982548,16777473,2026-07-30 14:47:22,2026-07-30 05:05:01,2025-07-03 21:05:01
12438231,5982548,1,2026-07-30 01:05:01,2026-07-30 16:05:01,2024-12-08 03:05:01
369429,5983218,1,2026-07-30 01:05:01,2026-07-30 16:05:01,2024-02-24 09:50:00
10126551,5983218,16777473,2026-07-30 14:47:22,2026-07-12 02:05:01,2025-07-03 21:05:01
12438231,5983218,1,2026-07-30 01:05:01,2026-07-30 16:05:01,2024-12-08 03:05:01
27746861,5983218,1,2026-07-29 17:05:01,2026-07-30 16:05:01,2024-02-21 14:19:00
369429,5995285,1,2026-07-30 01:05:01,2026-07-30 16:05:01,2024-02-24 09:50:00
9423019,5995285,1,2026-04-08 02:05:02,2026-07-30 16:05:01,2024-02-05 04:04:00
10126551,5995285,16777473,2026-07-30 14:47:22,2026-07-10 11:05:01,2025-07-02 09:05:01
12438231,5995285,1,2026-07-30 01:05:01,2026-07-30 16:05:01,2024-12-08 03:05:01
10126551,5995557,16777473,2026-07-30 14:47:22,2026-07-23 10:05:01,2025-07-02 09:05:01
12438231,5995557,1,2026-07-30 01:05:01,2026-07-30 16:05:01,2024-12-08 03:05:01
10126551,5999825,16777473,2026-07-30 14:47:22,2026-07-10 10:05:01,2025-07-03 21:05:01
12438231,5999825,1,2026-07-30 01:05:01,2026-07-30 10:05:01,2024-12-08 03:05:01
10126551,5999874,16777473,2026-07-30 14:47:22,2026-07-10 10:05:01,2025-07-04 19:05:01
12438231,5999874,1,2026-07-30 01:05:01,2026-07-30 16:05:01,2024-12-08 03:05:01
27746861,5999874,1,2026-07-29 17:05:01,2026-07-29 16:05:01,2024-02-21 14:19:00
184183,6020383,1,2026-07-25 00:05:01,2026-07-25 20:05:01,2024-02-10 14:00:00
10126551,6020383,16777473,2026-07-30 14:47:22,2026-07-30 16:05:01,2025-07-05 19:05:01
12438231,6020383,1,2026-07-30 01:05:01,2026-07-30 16:05:01,2024-12-08 03:05:01
10126551,6021017,16777473,2026-07-30 14:47:22,2026-07-10 10:05:01,2025-07-04 19:05:01
12438231,6021017,1,2026-07-30 01:05:01,2026-07-30 16:05:01,2024-12-08 03:05:01
10126551,6025125,16777473,2026-07-30 14:47:22,2026-07-10 10:05:01,2025-07-02 12:05:01
12438231,6025125,1,2026-07-30 01:05:01,2026-07-25 20:05:01,2024-12-08 03:05:01
10126551,6029482,16777473,2026-07-30 14:47:22,2026-07-10 11:05:01,2025-07-03 21:05:01
12438231,6029482,1,2026-07-30 01:05:01,2026-07-30 16:05:01,2024-12-08 03:05:01
27746861,6029482,1,2026-07-29 17:05:01,2026-07-30 12:05:01,2024-02-21 14:19:00
369429,6042620,1,2026-07-30 01:05:01,2026-07-10 11:05:01,2024-02-24 09:50:00
10126551,6042620,16777473,2026-07-30 14:47:22,2026-07-10 10:05:01,2025-07-02 09:05:01
12438231,6042620,1,2026-07-30 01:05:01,2026-07-20 23:05:01,2024-12-08 03:05:01
27746861,6042620,1,2026-07-29 17:05:01,2026-07-29 16:05:01,2024-02-21 14:19:00
10126551,6051354,16777473,2026-07-30 14:47:22,2026-07-10 11:05:01,2025-07-04 19:05:01
12438231,6051354,1,2026-07-30 01:05:01,2026-07-30 14:05:02,2024-12-08 03:05:01
10126551,6052090,16777473,2026-07-30 14:47:22,2026-07-10 11:05:01,2025-07-03 21:05:01
12438231,6052090,1,2026-07-30 01:05:01,2026-07-30 16:05:01,2024-12-08 03:05:01
6449581,6052920,1,2026-07-15 04:24:18,2026-07-30 13:05:01,2024-02-19 00:00:00
10126551,6052920,16777473,2026-07-30 14:47:22,2026-07-10 10:05:01,2025-07-03 21:05:01
12438231,6052920,1,2026-07-30 01:05:01,2026-07-30 16:05:01,2024-12-08 03:05:01
27746861,6052920,1,2026-07-29 17:05:01,2026-07-30 10:05:01,2024-02-21 14:19:00
10126551,6053886,16777473,2026-07-30 14:47:22,2026-07-10 11:05:01,2025-07-02 09:05:01
12438231,6053886,1,2026-07-30 01:05:01,2026-07-30 15:05:01,2024-12-08 03:05:01
369429,6078024,1,2026-07-30 01:05:01,2026-07-30 16:05:01,2024-02-24 09:50:00
10126551,6078024,16777473,2026-07-30 14:47:22,2026-07-11 22:05:02,2025-07-02 09:05:01
12438231,6078024,1,2026-07-30 01:05:01,2026-07-30 16:05:01,2024-12-08 03:05:01
27746861,6078024,1,2026-07-29 17:05:01,2026-07-30 16:05:01,2024-02-21 14:19:00
184183,6078029,1,2026-07-25 00:05:01,2026-07-25 19:05:01,2024-02-10 14:00:00
10126551,6078029,16777473,2026-07-30 14:47:22,2026-07-30 06:05:01,2025-07-04 19:05:01
12438231,6078029,1,2026-07-30 01:05:01,2026-07-30 16:05:01,2024-12-08 03:05:01
369429,6079962,1,2026-07-30 01:05:01,2026-07-27 07:09:25,2024-02-24 09:50:00
10126551,6079962,16777473,2026-07-30 14:47:22,2026-07-10 10:05:01,2025-07-04 19:05:01
12438231,6079962,1,2026-07-30 01:05:01,2026-07-30 08:05:01,2024-12-08 03:05:01
27746861,6079962,1,2026-07-29 17:05:01,2026-07-29 16:05:01,2024-02-21 14:19:00
6449581,6090686,1,2026-07-15 04:24:18,2026-07-30 13:05:01,2024-02-19 00:00:00
10126551,6090686,16777473,2026-07-30 14:47:22,2026-07-10 10:05:01,2025-07-02 09:05:01
12438231,6090686,1,2026-07-30 01:05:01,2026-07-30 16:05:01,2024-12-08 03:05:01
27746861,6090686,1,2026-07-29 17:05:01,2026-07-30 16:05:01,2024-02-21 14:19:00
6449581,6090750,1,2026-07-15 04:24:18,2026-07-30 12:05:01,2024-02-19 00:00:00
10126551,6090750,16777473,2026-07-30 14:47:22,2026-07-10 11:05:01,2025-07-02 09:05:01
12438231,6090750,1,2026-07-30 01:05:01,2026-07-30 16:05:01,2024-12-08 03:05:01
27746861,6090750,1,2026-07-29 17:05:01,2026-07-30 14:05:02,2024-02-21 14:19:00
369429,6093365,1,2026-07-30 01:05:01,2026-07-30 16:05:01,2024-05-10 19:09:00
6449581,6093365,1,2026-07-15 04:24:18,2026-07-30 13:05:01,2024-02-19 00:00:00
10126551,6093365,16777473,2026-07-30 14:47:22,2026-07-27 01:05:02,2025-07-05 19:05:01
12438231,6093365,1,2026-07-30 01:05:01,2026-07-30 16:05:01,2024-12-08 03:05:01
184183,6093870,1,2026-07-25 00:05:01,2026-07-25 19:05:01,2024-02-10 14:00:00
10126551,6093870,16777473,2026-07-30 14:47:22,2026-07-30 16:05:01,2025-07-02 12:05:01
12438231,6093870,1,2026-07-30 01:05:01,2026-07-30 16:05:01,2024-12-08 03:05:01
27746861,6093870,1,2026-07-29 17:05:01,2026-07-30 16:05:01,2024-02-21 14:19:00
184183,6094441,1,2026-07-25 00:05:01,2026-07-25 20:05:01,2024-02-10 14:00:00
10126551,6094441,16777473,2026-07-30 14:47:22,2026-07-30 08:05:01,2025-07-02 12:05:01
12438231,6094441,1,2026-07-30 01:05:01,2026-07-30 16:05:01,2024-12-08 03:05:01
369429,6105476,1,2026-07-30 01:05:01,2026-07-30 16:05:01,2024-02-24 09:50:00
10126551,6105476,16777473,2026-07-30 14:47:22,2026-07-28 03:05:01,2025-07-02 09:05:01
12438231,6105476,1,2026-07-30 01:05:01,2026-07-30 16:05:01,2024-12-08 03:05:01
27746861,6105476,1,2026-07-29 17:05:01,2026-07-30 16:05:01,2025-05-29 19:05:01
10126551,6105640,16777473,2026-07-30 14:47:22,2026-07-10 10:05:01,2025-07-04 19:05:01
12438231,6105640,1,2026-07-30 01:05:01,2026-07-20 03:05:01,2024-12-08 03:05:01
10126551,6106492,16777473,2026-07-30 14:47:22,2026-07-16 02:05:01,2025-07-02 12:05:01
12438231,6106492,1,2026-07-30 01:05:01,2026-07-30 16:05:01,2024-12-08 03:05:01
27746861,6106492,1,2026-07-29 17:05:01,2026-07-30 16:05:01,2024-02-21 14:19:00
6449581,6110644,1,2026-07-15 04:24:18,2026-07-30 13:05:01,2024-02-19 00:00:00
10126551,6110644,16777473,2026-07-30 14:47:22,2026-07-28 02:05:01,2025-07-02 12:05:01
12438231,6110644,1,2026-07-30 01:05:01,2026-07-30 16:05:01,2024-12-08 03:05:01
27746861,6110644,1,2026-07-29 17:05:01,2026-07-30 16:05:01,2024-02-21 14:19:00
10126551,6111068,16777473,2026-07-30 14:47:22,2026-07-10 10:05:01,2025-07-02 12:05:01
12438231,6111068,1,2026-07-30 01:05:01,2026-07-30 16:05:01,2024-12-08 03:05:01
10126551,6149433,16777473,2026-07-30 14:47:22,2026-07-26 02:05:01,2025-07-02 12:05:01
12438231,6149433,1,2026-07-30 01:05:01,2026-07-30 16:05:01,2024-12-08 03:05:01
27746861,6149433,1,2026-07-29 17:05:01,2026-07-30 08:05:01,2024-02-21 14:19:00
10126551,6153689,16777473,2026-07-30 14:47:22,2026-07-10 10:05:01,2025-07-02 09:05:01
12438231,6153689,1,2026-07-30 01:05:01,2026-07-30 16:05:01,2024-12-08 03:05:01
27746861,6153689,1,2026-07-29 17:05:01,2026-07-29 16:05:01,2024-02-21 14:19:00
184183,6154366,1,2026-07-25 00:05:01,2026-07-25 19:05:01,2024-02-10 14:00:00
12438231,6168284,1,2026-07-30 01:05:01,2026-07-20 03:05:01,2024-12-08 03:05:01
10126551,6168315,16777473,2026-07-30 14:47:22,2026-07-27 02:05:01,2025-07-02 12:05:01
12438231,6168315,1,2026-07-30 01:05:01,2026-07-30 16:05:01,2024-12-08 03:05:01
6449581,6168867,1,2026-07-15 04:24:18,2026-07-30 13:05:01,2024-02-19 00:00:00
10126551,6168867,16777473,2026-07-30 14:47:22,2026-07-30 04:05:01,2025-07-05 19:05:01
12438231,6168867,1,2026-07-30 01:05:01,2026-07-30 16:05:01,2024-12-08 03:05:01
369429,6170244,1,2026-07-30 01:05:01,2026-07-30 14:05:02,2024-02-24 09:50:00
10126551,6170244,16777473,2026-07-30 14:47:22,2026-07-30 05:05:01,2025-07-03 21:05:01
12438231,6170244,1,2026-07-30 01:05:01,2026-07-30 16:05:01,2024-12-08 03:05:01
10126551,6171245,16777473,2026-07-30 14:47:22,2026-07-10 10:05:01,2025-07-02 09:05:01
12438231,6171245,1,2026-07-30 01:05:01,2026-07-20 03:05:01,2024-12-08 03:05:01
369429,6223310,1,2026-07-30 01:05:01,2026-07-25 04:05:01,2024-02-24 09:50:00
10126551,6223310,16777473,2026-07-30 14:47:22,2026-07-10 10:05:01,2025-07-02 09:05:01
12438231,6223310,1,2026-07-30 01:05:01,2026-07-30 16:05:01,2024-12-08 03:05:01
27746861,6223310,1,2026-07-29 17:05:01,2026-07-29 16:05:01,2024-02-21 14:19:00
10126551,6227539,16777473,2026-07-30 14:47:22,2026-07-28 15:05:01,2025-07-04 19:05:01
12438231,6227539,1,2026-07-30 01:05:01,2026-07-30 16:05:01,2024-12-08 03:05:01
10126551,6228140,16777473,2026-07-30 14:47:22,2026-07-10 10:05:01,2025-07-04 19:05:01
12438231,6228140,1,2026-07-30 01:05:01,2026-07-30 07:05:01,2024-12-08 03:05:01
10126551,6236587,16777473,2026-07-30 14:47:22,2026-07-10 10:05:01,2025-07-02 09:05:01
12438231,6236587,1,2026-07-30 01:05:01,2026-07-20 03:05:01,2024-12-08 03:05:01
27746861,6236587,1,2026-07-29 17:05:01,2026-07-29 16:05:01,2024-02-21 14:19:00
369429,6243903,1,2026-07-30 01:05:01,2026-07-30 16:05:01,2024-07-27 02:03:43
10126551,6243903,16777473,2026-07-30 14:47:22,2026-07-23 10:05:01,2025-07-02 12:05:01
12438231,6243903,1,2026-07-30 01:05:01,2026-07-30 16:05:01,2024-12-08 03:05:01
27746861,6243903,1,2026-07-29 17:05:01,2026-07-30 16:05:01,2024-02-21 14:19:00
369429,6246386,1,2026-07-30 01:05:01,2026-07-30 16:05:01,2024-02-24 09:50:00
10126551,6246386,16777473,2026-07-30 14:47:22,2026-07-28 02:05:01,2025-07-02 12:05:01
12438231,6246386,1,2026-07-30 01:05:01,2026-07-30 16:05:01,2024-12-08 03:05:01
10126551,6249065,16777473,2026-07-30 14:47:22,2026-07-28 02:05:01,2025-07-04 19:05:01
12438231,6249065,1,2026-07-30 01:05:01,2026-07-30 16:05:01,2024-12-08 03:05:01
27746861,6249065,1,2026-07-29 17:05:01,2026-07-30 16:05:01,2024-02-21 14:19:00
10126551,6250136,16777473,2026-07-30 14:47:22,2026-07-27 01:05:02,2025-07-02 09:05:01
12438231,6250136,1,2026-07-30 01:05:01,2026-07-30 16:05:01,2024-12-08 03:05:01
27746861,6250136,1,2026-07-29 17:05:01,2026-07-30 16:05:01,2024-02-21 14:19:00
369429,6292274,1,2026-07-30 01:05:01,2026-07-27 15:05:01,2024-07-29 02:03:33
10126551,6292274,16777473,2026-07-30 14:47:22,2026-07-10 11:05:01,2025-07-04 19:05:01
12438231,6292274,1,2026-07-30 01:05:01,2026-07-30 16:05:01,2024-12-08 03:05:01
27746861,6292274,1,2026-07-29 17:05:01,2026-07-29 16:05:01,2024-02-21 14:19:00
10126551,6298885,16777473,2026-07-30 14:47:22,2026-07-28 02:05:01,2025-07-04 19:05:01
12438231,6298885,1,2026-07-30 01:05:01,2026-07-30 16:05:01,2024-12-08 03:05:01
27746861,6298885,1,2026-07-29 17:05:01,2026-07-30 16:05:01,2024-02-21 14:19:00
369429,6298895,1,2026-07-30 01:05:01,2026-07-30 16:05:01,2024-02-24 09:50:00
10126551,6298895,16777473,2026-07-30 14:47:22,2026-07-30 04:05:01,2025-07-02 09:05:01
12438231,6298895,1,2026-07-30 01:05:01,2026-07-30 16:05:01,2024-12-08 03:05:01
10126551,6304316,16777473,2026-07-30 14:47:22,2026-07-28 04:05:01,2025-07-02 12:05:01
12438231,6304316,1,2026-07-30 01:05:01,2026-07-30 16:05:01,2024-12-08 03:05:01
27746861,6304316,1,2026-07-29 17:05:01,2026-07-30 16:05:01,2024-02-21 14:19:00
10126551,6304564,16777473,2026-07-30 14:47:22,2026-07-30 05:05:01,2025-07-04 19:05:01
12438231,6304564,1,2026-07-30 01:05:01,2026-07-30 16:05:01,2024-12-08 03:05:01
27746861,6304564,1,2026-07-29 17:05:01,2026-07-30 16:05:01,2024-02-21 14:19:00
10126551,6326558,16777473,2026-07-30 14:47:22,2026-07-30 13:05:01,2025-07-02 12:05:01
12438231,6326558,1,2026-07-30 01:05:01,2026-07-30 16:05:01,2024-12-08 03:05:01
27746861,6326558,1,2026-07-29 17:05:01,2026-07-30 16:05:01,2024-02-21 14:19:00
10126551,6326858,16777473,2026-07-30 14:47:22,2026-07-17 06:05:01,2025-07-03 21:05:01
12438231,6326858,1,2026-07-30 01:05:01,2026-07-30 16:05:01,2024-12-08 03:05:01
369429,6329236,1,2026-07-30 01:05:01,2026-07-30 16:05:01,2024-02-24 09:50:00
6449581,6329236,1,2026-07-15 04:24:18,2026-07-30 13:05:01,2024-02-19 00:00:00
10126551,6329236,16777473,2026-07-30 14:47:22,2026-07-10 23:05:01,2025-07-02 12:05:01
12438231,6329236,1,2026-07-30 01:05:01,2026-07-30 16:05:01,2024-12-08 03:05:01
369429,6338908,1,2026-07-30 01:05:01,2026-07-30 10:05:01,2024-04-30 21:30:00
10126551,6338908,16777473,2026-07-30 14:47:22,2026-07-26 05:05:01,2025-07-02 09:05:01
12438231,6338908,1,2026-07-30 01:05:01,2026-07-30 16:05:01,2024-12-08 03:05:01
27746861,6338908,1,2026-07-29 17:05:01,2026-07-29 23:05:01,2024-02-21 14:19:00
369429,6341566,1,2026-07-30 01:05:01,2026-07-30 16:05:01,2024-02-24 09:50:00
10126551,6341566,16777473,2026-07-30 14:47:22,2026-07-26 02:05:01,2025-07-05 19:05:01
12438231,6341566,1,2026-07-30 01:05:01,2026-07-30 16:05:01,2024-12-08 03:05:01
10126551,6371868,16777473,2026-07-30 14:47:22,2026-07-30 08:05:01,2025-07-03 21:05:01
12438231,6371868,1,2026-07-30 01:05:01,2026-07-30 16:05:01,2024-12-08 03:05:01
369429,6391264,1,2026-07-30 01:05:01,2026-07-30 14:05:02,2024-02-24 09:50:00
10126551,6391264,16777473,2026-07-30 14:47:22,2026-07-26 03:05:01,2025-07-04 19:05:01
12438231,6391264,1,2026-07-30 01:05:01,2026-07-30 16:05:01,2024-12-08 03:05:01
27746861,6391264,1,2026-07-29 17:05:01,2026-07-30 13:05:01,2024-02-21 14:19:00
10126551,6391922,16777473,2026-07-30 14:47:22,2026-07-10 10:05:01,2025-07-03 21:05:01
12438231,6391922,1,2026-07-30 01:05:01,2026-07-30 16:05:01,2024-12-08 03:05:01
27746861,6391922,1,2026-07-29 17:05:01,2026-07-30 14:05:02,2025-05-21 06:05:01
9423019,6393027,1,2026-04-08 02:05:02,2026-07-30 16:05:01,2024-02-05 04:04:00
10126551,6393027,16777473,2026-07-30 14:47:22,2026-07-30 04:05:01,2025-07-02 12:05:01
12438231,6393027,1,2026-07-30 01:05:01,2026-07-30 16:05:01,2024-12-08 03:05:01
27746861,6393027,1,2026-07-29 17:05:01,2026-07-30 16:05:01,2024-02-21 14:19:00
1140687,6420285,1,2026-07-30 00:05:01,2026-07-30 10:05:01,2024-07-06 02:00:24
10126551,6420285,16777473,2026-07-30 14:47:22,2026-07-30 09:05:01,2025-07-02 12:05:01
12438231,6420285,1,2026-07-30 01:05:01,2026-07-30 16:05:01,2024-12-08 03:05:01
10126551,6420532,16777473,2026-07-30 14:47:22,2026-07-28 02:05:01,2025-07-04 19:05:01
12438231,6420532,1,2026-07-30 01:05:01,2026-07-30 16:05:01,2024-12-08 03:05:01
27746861,6420532,1,2026-07-29 17:05:01,2026-07-30 16:05:01,2024-02-21 14:19:00
10126551,6420537,16777473,2026-07-30 14:47:22,2026-07-26 23:05:01,2025-07-04 19:05:01
12438231,6420537,1,2026-07-30 01:05:01,2026-07-30 16:05:01,2024-12-08 03:05:01
27746861,6420537,1,2026-07-29 17:05:01,2026-07-30 16:05:01,2024-02-21 14:19:00
10126551,6420542,16777473,2026-07-30 14:47:22,2026-07-28 02:05:01,2025-07-04 19:05:01
12438231,6420542,1,2026-07-30 01:05:01,2026-07-30 16:05:01,2024-12-08 03:05:01
27746861,6420542,1,2026-07-29 17:05:01,2026-07-30 16:05:01,2024-02-21 14:19:00
9423019,6422479,1,2026-04-08 02:05:02,2026-07-30 16:05:01,2024-02-05 04:04:00
10126551,6422479,16777473,2026-07-30 14:47:22,2026-07-30 01:05:01,2025-07-04 19:05:01
12438231,6422479,1,2026-07-30 01:05:01,2026-07-30 16:05:01,2024-12-08 03:05:01
27746861,6422479,1,2026-07-29 17:05:01,2026-07-30 16:05:01,2024-02-21 14:19:00
10126551,6440553,16777473,2026-07-30 14:47:22,2026-07-10 10:05:01,2025-07-03 21:05:01
12438231,6440553,1,2026-07-30 01:05:01,2026-07-20 03:05:01,2024-12-08 03:05:01
27746861,6440553,1,2026-07-29 17:05:01,2026-07-29 16:05:01,2025-05-21 06:05:01
10126551,6440624,16777473,2026-07-30 14:47:22,2026-07-29 04:05:01,2025-07-02 09:05:01
12438231,6440624,1,2026-07-30 01:05:01,2026-07-30 16:05:01,2024-12-08 03:05:01
27746861,6440624,1,2026-07-29 17:05:01,2026-07-30 16:05:01,2024-02-21 14:19:00
10126551,6445561,16777473,2026-07-30 14:47:22,2026-07-10 10:05:01,2025-07-04 19:05:01
12438231,6445561,1,2026-07-30 01:05:01,2026-07-20 03:05:01,2024-12-08 03:05:01
27746861,6445561,1,2026-07-29 17:05:01,2026-07-29 16:05:01,2025-05-29 19:05:01
369429,6455583,1,2026-07-30 01:05:01,2026-07-30 16:05:01,2024-02-24 09:50:00
10126551,6455583,16777473,2026-07-30 14:47:22,2026-07-27 03:05:01,2025-07-04 19:05:01
12438231,6455583,1,2026-07-30 01:05:01,2026-07-30 16:05:01,2024-12-08 03:05:01
27746861,6455583,1,2026-07-29 17:05:01,2026-07-30 16:05:01,2024-03-19 18:53:00
10126551,6457694,16777473,2026-07-30 14:47:22,2026-07-30 07:05:01,2025-07-02 12:05:01
12438231,6457694,1,2026-07-30 01:05:01,2026-07-30 16:05:01,2024-12-08 03:05:01
27746861,6457694,1,2026-07-29 17:05:01,2026-07-30 16:05:01,2024-02-21 14:19:00
10126551,6469610,16777473,2026-07-30 14:47:22,2026-07-10 10:05:01,2025-07-02 09:05:01
12438231,6469610,1,2026-07-30 01:05:01,2026-07-30 16:05:01,2024-12-08 03:05:01
27746861,6469610,1,2026-07-29 17:05:01,2026-07-29 16:05:01,2024-02-21 14:19:00
1140687,6469928,1,2026-07-30 00:05:01,2026-07-30 10:05:01,2024-06-17 02:00:30
10126551,6469928,16777473,2026-07-30 14:47:22,2026-07-29 23:05:01,2025-07-04 19:05:01
12438231,6469928,1,2026-07-30 01:05:01,2026-07-30 16:05:01,2024-12-08 03:05:01
369429,6472853,1,2026-07-30 01:05:01,2026-07-30 12:05:01,2024-06-17 05:14:15
10126551,6472853,16777473,2026-07-30 14:47:22,2026-07-18 03:05:01,2025-07-02 12:05:01
12438231,6472853,1,2026-07-30 01:05:01,2026-07-30 16:05:01,2024-12-08 03:05:01
1140687,6474846,1,2026-07-30 00:05:01,2026-07-30 10:05:01,2024-07-25 02:00:34
10126551,6474846,16777473,2026-07-30 14:47:22,2026-07-23 10:05:01,2025-07-02 09:05:01
12438231,6474846,1,2026-07-30 01:05:01,2026-07-30 16:05:01,2024-12-08 03:05:01
369429,6477881,1,2026-07-30 01:05:01,2026-07-30 16:05:01,2024-02-24 09:50:00
10126551,6477881,16777473,2026-07-30 14:47:22,2026-07-28 02:05:01,2025-07-02 09:05:01
12438231,6477881,1,2026-07-30 01:05:01,2026-07-30 16:05:01,2024-12-08 03:05:01
27746861,6477881,1,2026-07-29 17:05:01,2026-07-30 16:05:01,2024-03-19 18:53:00
10126551,6498231,16777473,2026-07-30 14:47:22,2026-07-10 10:05:01,2025-07-03 21:05:01
12438231,6498231,1,2026-07-30 01:05:01,2026-07-20 03:05:01,2024-12-08 03:05:01
27746861,6498231,1,2026-07-29 17:05:01,2026-07-29 16:05:01,2025-05-29 19:05:01
10126551,6500338,16777473,2026-07-30 14:47:22,2026-07-30 16:05:01,2025-07-02 09:05:01
12438231,6500338,1,2026-07-30 01:05:01,2026-07-30 16:05:01,2024-12-08 03:05:01
1140687,6501805,1,2026-07-30 00:05:01,2026-07-30 10:05:01,2024-07-06 02:00:24
10126551,6501805,16777473,2026-07-30 14:47:22,2026-07-30 14:05:02,2025-07-03 21:05:01
12438231,6501805,1,2026-07-30 01:05:01,2026-07-30 16:05:01,2024-12-08 03:05:01
1140687,6506542,1,2026-07-30 00:05:01,2026-07-30 10:05:01,2024-05-26 02:00:00
10126551,6506542,16777473,2026-07-30 14:47:22,2026-07-30 08:05:01,2025-07-02 09:05:01
12438231,6506542,1,2026-07-30 01:05:01,2026-07-30 16:05:01,2024-12-08 03:05:01
10126551,6507424,16777473,2026-07-30 14:47:22,2026-07-18 03:05:01,2025-07-02 09:05:01
12438231,6507424,1,2026-07-30 01:05:01,2026-07-30 16:05:01,2024-12-08 03:05:01
27746861,6507424,1,2026-07-29 17:05:01,2026-07-29 16:05:01,2025-05-21 06:05:01
1140687,6520746,1,2026-07-30 00:05:01,2026-07-30 10:05:01,2025-04-09 01:05:01
10126551,6520746,16777473,2026-07-30 14:47:22,2026-07-30 15:05:01,2025-07-03 21:05:01
12438231,6520746,1,2026-07-30 01:05:01,2026-07-30 16:05:01,2024-12-08 03:05:01
10126551,6521457,16777473,2026-07-30 14:47:22,2026-07-11 22:05:02,2025-07-03 21:05:01
12438231,6521457,1,2026-07-30 01:05:01,2026-07-30 16:05:01,2024-12-08 03:05:01
27746861,6521457,1,2026-07-29 17:05:01,2026-07-30 09:05:01,2025-05-21 06:05:01
1140687,6523509,1,2026-07-30 00:05:01,2026-07-30 10:05:01,2024-07-25 02:00:34
10126551,6523509,16777473,2026-07-30 14:47:22,2026-07-30 07:05:01,2025-07-03 21:05:01
12438231,6523509,1,2026-07-30 01:05:01,2026-07-30 16:05:01,2024-12-08 03:05:01
9423019,6524434,1,2026-04-08 02:05:02,2026-07-30 16:05:01,2024-07-19 04:19:04
10126551,6524434,16777473,2026-07-30 14:47:22,2026-07-30 05:05:01,2025-07-05 19:05:01
12438231,6524434,1,2026-07-30 01:05:01,2026-07-30 16:05:01,2024-12-08 03:05:01
1140687,6524607,1,2026-07-30 00:05:01,2026-07-30 10:05:01,2024-07-25 02:00:34
10126551,6524607,16777473,2026-07-30 14:47:22,2026-07-30 05:05:01,2025-07-04 19:05:01
12438231,6524607,1,2026-07-30 01:05:01,2026-07-30 16:05:01,2024-12-08 03:05:01
10126551,6528611,16777473,2026-07-30 14:47:22,2026-07-10 10:05:01,2025-07-04 19:05:01
12438231,6528611,1,2026-07-30 01:05:01,2026-07-20 03:05:01,2024-12-08 03:05:01
27746861,6528611,1,2026-07-29 17:05:01,2026-07-29 16:05:01,2025-05-21 06:05:01
1140687,6530594,1,2026-07-30 00:05:01,2026-07-30 10:05:01,2024-07-06 02:00:24
10126551,6530594,16777473,2026-07-30 14:47:22,2026-07-30 15:05:01,2025-07-05 19:05:01
12438231,6530594,1,2026-07-30 01:05:01,2026-07-30 16:05:01,2024-12-08 03:05:01
9423019,6531825,1,2026-04-08 02:05:02,2026-07-30 16:05:01,2024-07-19 04:19:04
10126551,6531825,16777473,2026-07-30 14:47:22,2026-07-28 02:05:01,2025-07-02 09:05:01
12438231,6531825,1,2026-07-30 01:05:01,2026-07-30 16:05:01,2024-12-08 03:05:01
1140687,6532253,1,2026-07-30 00:05:01,2026-07-30 10:05:01,2024-07-06 02:00:24
10126551,6532253,16777473,2026-07-30 14:47:22,2026-07-10 10:05:01,2025-07-04 19:05:01
12438231,6532253,1,2026-07-30 01:05:01,2026-07-30 16:05:01,2024-12-08 03:05:01
769018,6539539,0,,2026-07-30 16:05:01,
10126551,6539539,16777473,2026-07-30 14:47:22,2026-07-10 10:05:01,2025-07-02 09:05:01
12438231,6539539,1,2026-07-30 01:05:01,2026-07-20 03:05:01,2024-12-08 03:05:01
29292320,6539539,1,2024-08-26 18:49:17,2026-07-30 16:05:01,2024-08-12 16:10:29
1140687,6542108,1,2026-07-30 00:05:01,2026-07-30 10:05:01,2024-07-06 02:00:24
10126551,6542108,16777473,2026-07-30 14:47:22,2026-07-30 16:05:01,2025-07-04 19:05:01
12438231,6542108,1,2026-07-30 01:05:01,2026-07-30 16:05:01,2024-12-08 03:05:01
1140687,6542131,1,2026-07-30 00:05:01,2026-07-30 10:05:01,2024-07-06 02:00:24
10126551,6542131,16777473,2026-07-30 14:47:22,2026-07-30 16:05:01,2025-07-04 19:05:01
12438231,6542131,1,2026-07-30 01:05:01,2026-07-30 16:05:01,2024-12-08 03:05:01
769018,6542205,0,,2026-07-30 16:05:01,
10126551,6542205,16777473,2026-07-30 14:47:22,2026-07-10 10:05:01,2025-07-03 21:05:01
12438231,6542205,1,2026-07-30 01:05:01,2026-07-30 16:05:01,2024-12-08 03:05:01
27746861,6542205,1,2026-07-29 17:05:01,2026-07-29 16:05:01,2025-05-21 06:05:01
1140687,6542318,1,2026-07-30 00:05:01,2026-07-30 10:05:01,2024-07-06 02:00:24
10126551,6542318,16777473,2026-07-30 14:47:22,2026-07-30 16:05:01,2025-07-04 19:05:01
12438231,6542318,1,2026-07-30 01:05:01,2026-07-30 16:05:01,2024-12-08 03:05:01
10126551,6560921,16777473,2026-07-30 14:47:22,2026-07-30 04:05:01,2025-07-04 19:05:01
12438231,6560921,1,2026-07-30 01:05:01,2026-07-30 16:05:01,2024-12-08 03:05:01
27746861,6560921,1,2026-07-29 17:05:01,2026-07-30 16:05:01,2025-05-21 06:05:01
1140687,6562702,1,2026-07-30 00:05:01,2026-07-30 10:05:01,2024-08-25 01:04:12
10126551,6562702,16777473,2026-07-30 14:47:22,2026-07-30 16:05:01,2025-07-02 09:05:01
12438231,6562702,1,2026-07-30 01:05:01,2026-07-30 16:05:01,2025-02-14 02:05:01
1140687,6563988,1,2026-07-30 00:05:01,2026-07-30 10:05:01,2024-09-01 01:05:01
10126551,6563988,16777473,2026-07-30 14:47:22,2026-07-16 08:13:43,2025-07-05 19:05:01
12438231,6563988,1,2026-07-30 01:05:01,2026-07-30 16:05:01,2024-12-08 03:05:01
1140687,6565005,1,2026-07-30 00:05:01,2026-07-30 10:05:01,2024-09-01 01:05:01
10126551,6565005,16777473,2026-07-30 14:47:22,2026-07-30 08:05:01,2025-07-03 21:05:01
12438231,6565005,1,2026-07-30 01:05:01,2026-07-30 16:05:01,2024-12-08 03:05:01
10126551,6565110,16777473,2026-07-30 14:47:22,2026-07-10 10:05:01,2025-07-02 12:05:01
12438231,6565110,1,2026-07-30 01:05:01,2026-07-29 23:05:01,2024-12-08 03:05:01
27746861,6565110,1,2026-07-29 17:05:01,2026-07-29 16:05:01,2025-05-21 06:05:01
1140687,6584309,1,2026-07-30 00:05:01,2026-07-30 10:05:01,2024-11-23 01:05:01
10126551,6584309,16777473,2026-07-30 14:47:22,2026-07-30 01:05:01,2025-07-02 12:05:01
12438231,6584309,1,2026-07-30 01:05:01,2026-07-30 16:05:01,2024-12-08 03:05:01
1140687,6589202,1,2026-07-30 00:05:01,2026-07-30 10:05:01,2024-10-26 01:05:01
10126551,6589202,16777473,2026-07-30 14:47:22,2026-07-10 10:05:01,2025-07-02 09:05:01
12438231,6589202,1,2026-07-30 01:05:01,2026-07-30 10:05:01,2024-12-08 03:05:01
1140687,6591071,1,2026-07-30 00:05:01,2026-07-30 10:05:01,2024-11-23 01:05:01
10126551,6591071,16777473,2026-07-30 14:47:22,2026-07-10 10:05:01,2025-07-04 19:05:01
12438231,6591071,1,2026-07-30 01:05:01,2026-07-30 16:05:01,2024-12-08 03:05:01
10126551,6593358,16777473,2026-07-30 14:47:22,2026-07-29 04:05:01,2025-07-02 12:05:01
12438231,6593358,1,2026-07-30 01:05:01,2026-07-30 16:05:01,2024-12-26 03:05:01
27746861,6593358,1,2026-07-29 17:05:01,2026-07-30 16:05:01,2025-05-21 06:05:01
369429,6596467,1,2026-07-30 01:05:01,2026-07-30 16:05:01,2025-04-26 01:05:09
10126551,6596467,16777473,2026-07-30 14:47:22,2026-07-30 04:05:01,2025-07-02 09:05:01
12438231,6596467,1,2026-07-30 01:05:01,2026-07-30 16:05:01,2025-01-01 03:05:01
10126551,6601951,16777473,2026-07-30 14:47:22,2026-07-10 10:05:01,2025-07-02 09:05:01
10126551,6154366,16777473,2026-07-30 14:47:22,2026-07-30 16:05:01,2025-07-04 19:05:01
12438231,6154366,1,2026-07-30 01:05:01,2026-07-30 16:05:01,2024-12-08 03:05:01
10126551,6162681,16777473,2026-07-30 14:47:22,2026-07-27 03:05:01,2025-07-02 12:05:01
12438231,6162681,1,2026-07-30 01:05:01,2026-07-30 16:05:01,2024-12-08 03:05:01
27746861,6162681,1,2026-07-29 17:05:01,2026-07-30 09:05:01,2024-02-21 14:19:00
184183,6182091,1,2026-07-25 00:05:01,2026-07-25 19:05:01,2024-02-10 14:00:00
10126551,6182091,16777473,2026-07-30 14:47:22,2026-07-30 15:05:01,2025-07-02 09:05:01
12438231,6182091,1,2026-07-30 01:05:01,2026-07-30 16:05:01,2024-12-08 03:05:01
25040797,6182091,1,2026-02-12 07:05:01,2026-07-30 16:05:01,2024-02-23 21:00:00
184183,6182611,1,2026-07-25 00:05:01,2026-07-25 20:05:01,2024-02-10 14:00:00
10126551,6182611,16777473,2026-07-30 14:47:22,2026-07-30 04:05:01,2025-07-02 12:05:01
12438231,6182611,1,2026-07-30 01:05:01,2026-07-30 16:05:01,2024-12-08 03:05:01
27746861,6182611,1,2026-07-29 17:05:01,2026-07-30 16:05:01,2024-02-21 14:19:00
369429,6188937,1,2026-07-30 01:05:01,2026-07-30 07:05:01,2024-02-24 09:50:00
10126551,6188937,16777473,2026-07-30 14:47:22,2026-07-10 11:05:01,2025-07-02 12:05:01
12438231,6188937,1,2026-07-30 01:05:01,2026-07-30 16:05:01,2024-12-08 03:05:01
27746861,6188937,1,2026-07-29 17:05:01,2026-07-30 05:05:01,2024-02-21 14:19:00
184183,6193222,1,2026-07-25 00:05:01,2026-07-25 20:05:01,2024-02-10 14:00:00
10126551,6193222,16777473,2026-07-30 14:47:22,2026-07-10 11:05:01,2025-07-05 19:05:01
12438231,6193222,1,2026-07-30 01:05:01,2026-07-30 16:05:01,2024-12-08 03:05:01
369429,6195850,1,2026-07-30 01:05:01,2026-07-30 15:05:01,2024-02-24 09:50:00
10126551,6195850,16777473,2026-07-30 14:47:22,2026-07-10 10:05:01,2025-07-02 09:05:01
12438231,6195850,1,2026-07-30 01:05:01,2026-07-30 16:05:01,2024-12-08 03:05:01
27746861,6195850,1,2026-07-29 17:05:01,2026-07-29 16:05:01,2024-02-21 14:19:00
10126551,6200312,16777473,2026-07-30 14:47:22,2026-07-17 20:05:02,2025-07-02 09:05:01
12438231,6200312,1,2026-07-30 01:05:01,2026-07-30 16:05:01,2024-12-08 03:05:01
184183,6202599,1,2026-07-25 00:05:01,2026-07-30 16:05:01,2024-02-10 14:00:00
10126551,6202599,16777473,2026-07-30 14:47:22,2026-07-10 10:05:01,2025-07-02 09:05:01
12438231,6202599,1,2026-07-30 01:05:01,2026-07-30 16:05:01,2024-12-08 03:05:01
369429,6205997,1,2026-07-30 01:05:01,2026-07-30 05:05:01,2024-02-24 09:50:00
10126551,6205997,16777473,2026-07-30 14:47:22,2026-07-10 10:05:01,2025-07-02 12:05:01
12438231,6205997,1,2026-07-30 01:05:01,2026-07-30 16:05:01,2024-12-08 03:05:01
27746861,6205997,1,2026-07-29 17:05:01,2026-07-30 07:05:01,2024-02-21 14:19:00
369429,6214271,1,2026-07-30 01:05:01,2026-07-30 12:05:01,2024-02-24 09:50:00
10126551,6214271,16777473,2026-07-30 14:47:22,2026-07-30 05:05:01,2025-07-02 09:05:01
12438231,6214271,1,2026-07-30 01:05:01,2026-07-30 16:05:01,2024-12-08 03:05:01
27746861,6214271,1,2026-07-29 17:05:01,2026-07-30 07:05:01,2024-02-21 14:19:00
369429,6216759,1,2026-07-30 01:05:01,2026-07-30 16:05:01,2024-02-24 09:50:00
10126551,6216759,16777473,2026-07-30 14:47:22,2026-07-29 02:05:01,2025-07-03 21:05:01
12438231,6216759,1,2026-07-30 01:05:01,2026-07-30 16:05:01,2024-12-08 03:05:01
369429,6218548,1,2026-07-30 01:05:01,2026-07-30 16:05:01,2024-02-24 09:50:00
10126551,6218548,16777473,2026-07-30 14:47:22,2026-07-28 02:05:01,2025-07-05 19:05:01
12438231,6218548,1,2026-07-30 01:05:01,2026-07-30 16:05:01,2024-12-08 03:05:01
369429,6220176,1,2026-07-30 01:05:01,2026-07-30 16:05:01,2024-02-24 09:50:00
10126551,6220176,16777473,2026-07-30 14:47:22,2026-07-30 04:05:01,2025-07-02 12:05:01
12438231,6220176,1,2026-07-30 01:05:01,2026-07-30 16:05:01,2024-12-08 03:05:01
10126551,6223082,16777473,2026-07-30 14:47:22,2026-07-10 10:05:01,2025-07-02 12:05:01
12438231,6223082,1,2026-07-30 01:05:01,2026-07-25 11:05:01,2024-12-08 03:05:01
27746861,6223082,1,2026-07-29 17:05:01,2026-07-29 16:05:01,2024-02-21 14:19:00
10126551,6230348,16777473,2026-07-30 14:47:22,2026-07-30 04:05:01,2025-07-02 12:05:01
12438231,6230348,1,2026-07-30 01:05:01,2026-07-30 16:05:01,2024-12-08 03:05:01
27746861,6230348,1,2026-07-29 17:05:01,2026-07-30 16:05:01,2024-02-21 14:19:00
369429,6232825,1,2026-07-30 01:05:01,2026-07-30 13:05:01,2024-02-24 09:50:00
10126551,6232825,16777473,2026-07-30 14:47:22,2026-07-10 10:05:01,2025-07-04 19:05:01
12438231,6232825,1,2026-07-30 01:05:01,2026-07-30 16:05:01,2024-12-08 03:05:01
27746861,6232825,1,2026-07-29 17:05:01,2026-07-30 12:05:01,2024-02-21 14:19:00
369429,6234354,1,2026-07-30 01:05:01,2026-07-30 15:05:01,2024-02-24 09:50:00
10126551,6234354,16777473,2026-07-30 14:47:22,2026-07-10 11:05:01,2025-07-02 09:05:01
12438231,6234354,1,2026-07-30 01:05:01,2026-07-30 16:05:01,2024-12-08 03:05:01
27746861,6234354,1,2026-07-29 17:05:01,2026-07-30 14:05:02,2024-02-21 14:19:00
10126551,6236024,16777473,2026-07-30 14:47:22,2026-07-10 10:05:01,2025-07-02 12:05:01
12438231,6236024,1,2026-07-30 01:05:01,2026-07-26 11:05:01,2024-12-08 03:05:01
369429,6258120,1,2026-07-30 01:05:01,2026-07-30 16:05:01,2024-02-24 09:50:00
10126551,6258120,16777473,2026-07-30 14:47:22,2026-07-10 11:05:01,2025-07-02 12:05:01
12438231,6258120,1,2026-07-30 01:05:01,2026-07-30 16:05:01,2024-12-08 03:05:01
27746861,6258120,1,2026-07-29 17:05:01,2026-07-30 03:05:02,2024-02-21 14:19:00
10126551,6267333,16777473,2026-07-30 14:47:22,2026-07-10 10:05:01,2025-07-04 19:05:01
12438231,6267333,1,2026-07-30 01:05:01,2026-07-30 16:05:01,2024-12-08 03:05:01
27746861,6267333,1,2026-07-29 17:05:01,2026-07-30 16:05:01,2024-02-21 14:19:00
10126551,6268295,16777473,2026-07-30 14:47:22,2026-07-10 10:05:01,2025-07-02 09:05:01
12438231,6268295,1,2026-07-30 01:05:01,2026-07-20 03:05:01,2024-12-08 03:05:01
10126551,6270549,16777473,2026-07-30 14:47:22,2026-07-10 10:05:01,2025-07-02 12:05:01
12438231,6270549,1,2026-07-30 01:05:01,2026-07-30 11:05:01,2024-12-08 03:05:01
369429,6270845,1,2026-07-30 01:05:01,2026-07-30 16:05:01,2024-02-24 09:50:00
10126551,6270845,16777473,2026-07-30 14:47:22,2026-07-11 22:05:02,2025-07-02 09:05:01
12438231,6270845,1,2026-07-30 01:05:01,2026-07-30 16:05:01,2024-12-08 03:05:01
27746861,6270845,1,2026-07-29 17:05:01,2026-07-30 16:05:01,2024-02-21 14:19:00
369429,6312606,1,2026-07-30 01:05:01,2026-07-28 07:05:01,2024-02-24 09:50:00
10126551,6312606,16777473,2026-07-30 14:47:22,2026-07-10 10:05:01,2025-07-04 19:05:01
12438231,6312606,1,2026-07-30 01:05:01,2026-07-30 16:05:01,2024-12-08 03:05:01
10126551,6314676,16777473,2026-07-30 14:47:22,2026-07-10 10:05:01,2025-07-02 12:05:01
12438231,6314676,1,2026-07-30 01:05:01,2026-07-30 16:05:01,2024-12-08 03:05:01
10126551,6318231,16777473,2026-07-30 14:47:22,2026-07-29 05:05:02,2025-07-02 09:05:01
12438231,6318231,1,2026-07-30 01:05:01,2026-07-30 16:05:01,2024-12-08 03:05:01
27746861,6318231,1,2026-07-29 17:05:01,2026-07-30 13:05:01,2024-02-21 14:19:00
369429,6319971,1,2026-07-30 01:05:01,2026-07-30 16:05:01,2024-02-24 09:50:00
10126551,6319971,16777473,2026-07-30 14:47:22,2026-07-30 04:05:01,2025-07-02 09:05:01
12438231,6319971,1,2026-07-30 01:05:01,2026-07-30 16:05:01,2024-12-08 03:05:01
10126551,6321725,16777473,2026-07-30 14:47:22,2026-07-30 04:05:01,2025-07-03 21:05:01
12438231,6321725,1,2026-07-30 01:05:01,2026-07-30 16:05:01,2024-12-08 03:05:01
27746861,6321725,1,2026-07-29 17:05:01,2026-07-30 16:05:01,2024-02-21 14:19:00
369429,6343844,1,2026-07-30 01:05:01,2026-07-30 16:05:01,2024-07-27 02:03:43
10126551,6343844,16777473,2026-07-30 14:47:22,2026-07-28 02:05:01,2025-07-02 12:05:01
12438231,6343844,1,2026-07-30 01:05:01,2026-07-30 16:05:01,2024-12-08 03:05:01
27746861,6343844,1,2026-07-29 17:05:01,2026-07-30 16:05:01,2024-02-21 14:19:00
369429,6350607,1,2026-07-30 01:05:01,2026-07-30 16:05:01,2024-05-10 19:09:00
10126551,6350607,16777473,2026-07-30 14:47:22,2026-07-26 23:05:01,2025-07-02 12:05:01
12438231,6350607,1,2026-07-30 01:05:01,2026-07-30 16:05:01,2024-12-08 03:05:01
27746861,6350607,1,2026-07-29 17:05:01,2026-07-30 16:05:01,2024-02-21 14:19:00
369429,6350610,1,2026-07-30 01:05:01,2026-07-30 16:05:01,2024-05-12 14:12:43
10126551,6350610,16777473,2026-07-30 14:47:22,2026-07-27 02:05:01,2025-07-05 19:05:01
12438231,6350610,1,2026-07-30 01:05:01,2026-07-30 16:05:01,2024-12-08 03:05:01
27746861,6350610,1,2026-07-29 17:05:01,2026-07-30 16:05:01,2024-02-21 14:19:00
10126551,6351367,16777473,2026-07-30 14:47:22,2026-07-30 04:05:01,2025-07-02 12:05:01
12438231,6351367,1,2026-07-30 01:05:01,2026-07-30 16:05:01,2024-12-08 03:05:01
10126551,6351385,16777473,2026-07-30 14:47:22,2026-07-30 04:05:01,2025-07-02 12:05:01
12438231,6351385,1,2026-07-30 01:05:01,2026-07-30 16:05:01,2024-12-08 03:05:01
27746861,6351385,1,2026-07-29 17:05:01,2026-07-30 16:05:01,2024-02-21 14:19:00
10126551,6401275,16777473,2026-07-30 14:47:22,2026-07-30 16:05:01,2025-07-02 12:05:01
12438231,6401275,1,2026-07-30 01:05:01,2026-07-30 16:05:01,2024-12-08 03:05:01
27746861,6401275,1,2026-07-29 17:05:01,2026-07-30 16:05:01,2024-02-21 14:19:00
369429,6407703,1,2026-07-30 01:05:01,2026-07-30 16:05:01,2024-02-24 09:50:00
9423019,6407703,1,2026-04-08 02:05:02,2026-07-30 16:05:01,2024-02-05 04:04:00
10126551,6407703,16777473,2026-07-30 14:47:22,2026-07-28 02:05:01,2025-07-02 12:05:01
12438231,6407703,1,2026-07-30 01:05:01,2026-07-30 16:05:01,2024-12-08 03:05:01
9423019,6409044,1,2026-04-08 02:05:02,2026-07-30 16:05:01,2024-02-05 04:04:00
10126551,6409044,16777473,2026-07-30 14:47:22,2026-07-23 10:05:01,2025-07-02 09:05:01
12438231,6409044,1,2026-07-30 01:05:01,2026-07-30 16:05:01,2024-12-08 03:05:01
27746861,6409044,1,2026-07-29 17:05:01,2026-07-30 14:05:02,2024-02-21 14:19:00
10126551,6409615,16777473,2026-07-30 14:47:22,2026-07-10 10:05:01,2025-07-04 19:05:01
12438231,6409615,1,2026-07-30 01:05:01,2026-07-20 03:05:01,2024-12-08 03:05:01
27746861,6409615,1,2026-07-29 17:05:01,2026-07-29 16:05:01,2025-05-21 06:05:01
369429,6413160,1,2026-07-30 01:05:01,2026-07-30 16:05:01,2024-02-24 09:50:00
9423019,6413160,1,2026-04-08 02:05:02,2026-07-30 16:05:01,2024-02-05 04:04:00
10126551,6413160,16777473,2026-07-30 14:47:22,2026-07-27 02:05:01,2025-07-02 12:05:01
12438231,6413160,1,2026-07-30 01:05:01,2026-07-30 16:05:01,2024-12-08 03:05:01
369429,6423691,1,2026-07-30 01:05:01,2026-07-30 16:05:01,2024-02-24 09:50:00
10126551,6423691,16777473,2026-07-30 14:47:22,2026-07-28 02:05:01,2025-07-03 21:05:01
12438231,6423691,1,2026-07-30 01:05:01,2026-07-30 16:05:01,2024-12-08 03:05:01
27746861,6423691,1,2026-07-29 17:05:01,2026-07-30 16:05:01,2024-02-21 14:19:00
10126551,6424659,16777473,2026-07-30 14:47:22,2026-07-30 04:05:01,2025-07-04 19:05:01
12438231,6424659,1,2026-07-30 01:05:01,2026-07-30 16:05:01,2024-12-08 03:05:01
27746861,6424659,1,2026-07-29 17:05:01,2026-07-30 16:05:01,2024-02-21 14:19:00
10126551,6434431,16777473,2026-07-30 14:47:22,2026-07-10 10:05:01,2025-07-02 09:05:01
12438231,6434431,1,2026-07-30 01:05:01,2026-07-22 18:05:02,2024-12-08 03:05:01
27746861,6434431,1,2026-07-29 17:05:01,2026-07-29 16:05:01,2025-05-21 06:05:01
10126551,6436310,16777473,2026-07-30 14:47:22,2026-07-15 10:05:01,2025-07-04 19:05:01
12438231,6436310,1,2026-07-30 01:05:01,2026-07-30 16:05:01,2024-12-08 03:05:01
27746861,6436310,1,2026-07-29 17:05:01,2026-07-29 16:05:01,2024-02-21 14:19:00
10126551,6436323,16777473,2026-07-30 14:47:22,2026-07-15 10:05:01,2025-07-04 19:05:01
12438231,6436323,1,2026-07-30 01:05:01,2026-07-30 11:05:01,2024-12-08 03:05:01
27746861,6436323,1,2026-07-29 17:05:01,2026-07-29 16:05:01,2024-02-21 14:19:00
10126551,6463812,16777473,2026-07-30 14:47:22,2026-07-10 10:05:01,2025-07-03 21:05:01
12438231,6463812,1,2026-07-30 01:05:01,2026-07-30 14:05:02,2024-12-08 03:05:01
27746861,6463812,1,2026-07-29 17:05:01,2026-07-29 16:05:01,2025-05-21 06:05:01
10126551,6465116,16777473,2026-07-30 14:47:22,2026-07-10 10:05:01,2025-07-04 19:05:01
12438231,6465116,1,2026-07-30 01:05:01,2026-07-30 16:05:01,2024-12-08 03:05:01
10126551,6465463,16777473,2026-07-30 14:47:22,2026-07-17 07:05:02,2025-07-03 21:05:01
12438231,6465463,1,2026-07-30 01:05:01,2026-07-30 09:05:01,2024-12-08 03:05:01
369429,6481549,1,2026-07-30 01:05:01,2026-07-30 16:05:01,2024-02-24 09:50:00
10126551,6481549,16777473,2026-07-30 14:47:22,2026-07-10 10:05:01,2025-07-04 19:05:01
12438231,6481549,1,2026-07-30 01:05:01,2026-07-30 16:05:01,2024-12-08 03:05:01
19499816,6481549,1,2026-07-30 00:05:01,2026-07-30 16:05:01,2024-09-16 03:24:01
10126551,6488411,16777473,2026-07-30 14:47:22,2026-07-30 16:05:01,2025-07-02 09:05:01
12438231,6488411,1,2026-07-30 01:05:01,2026-07-30 16:05:01,2024-12-08 03:05:01
9423019,6489415,1,2026-04-08 02:05:02,2026-07-30 16:05:01,2024-05-21 04:20:00
10126551,6489415,16777473,2026-07-30 14:47:22,2026-07-30 04:05:01,2025-07-02 12:05:01
12438231,6489415,1,2026-07-30 01:05:01,2026-07-30 16:05:01,2024-12-08 03:05:01
1140687,6491013,1,2026-07-30 00:05:01,2026-07-30 10:05:01,2024-07-06 02:00:24
10126551,6491013,16777473,2026-07-30 14:47:22,2026-07-30 08:05:01,2025-07-03 21:05:01
12438231,6491013,1,2026-07-30 01:05:01,2026-07-30 16:05:01,2024-12-08 03:05:01
10126551,6491178,16777473,2026-07-30 14:47:22,2026-07-10 10:05:01,2025-07-04 19:05:01
12438231,6491178,1,2026-07-30 01:05:01,2026-07-26 06:05:01,2024-12-08 03:05:01
19499816,6491178,1,2026-07-30 00:05:01,2026-07-28 02:05:01,2025-01-13 01:05:01
184183,6508389,1,2026-07-25 00:05:01,2026-07-25 19:05:01,2024-06-15 17:33:21
369429,6508389,1,2026-07-30 01:05:01,2026-07-30 16:05:01,2024-06-17 05:14:15
10126551,6508389,16777473,2026-07-30 14:47:22,2026-07-30 04:05:01,2025-07-02 09:05:01
12438231,6508389,1,2026-07-30 01:05:01,2026-07-30 16:05:01,2024-12-08 03:05:01
1140687,6511502,1,2026-07-30 00:05:01,2026-07-30 10:05:01,2024-06-17 02:00:30
10126551,6511502,16777473,2026-07-30 14:47:22,2026-07-30 16:05:01,2025-07-04 19:05:01
12438231,6511502,1,2026-07-30 01:05:01,2026-07-30 16:05:01,2024-12-08 03:05:01
369429,6511957,1,2026-07-30 01:05:01,2026-07-30 16:05:01,2024-04-20 18:55:00
10126551,6511957,16777473,2026-07-30 14:47:22,2026-07-10 23:05:01,2025-07-02 09:05:01
12438231,6511957,1,2026-07-30 01:05:01,2026-07-30 16:05:01,2024-12-08 03:05:01
10126551,6512332,16777473,2026-07-30 14:47:22,2026-07-10 10:05:01,2025-07-02 12:05:01
12438231,6512332,1,2026-07-30 01:05:01,2026-07-30 16:05:01,2024-12-08 03:05:01
27746861,6512332,1,2026-07-29 17:05:01,2026-07-29 16:05:01,2025-05-21 06:05:01
184183,6512863,1,2026-07-25 00:05:01,2026-07-25 19:05:01,2024-06-01 16:40:00
10126551,6512863,16777473,2026-07-30 14:47:22,2026-07-30 08:05:01,2025-07-02 12:05:01
12438231,6512863,1,2026-07-30 01:05:01,2026-07-30 16:05:01,2024-12-08 03:05:01
1140687,6524750,1,2026-07-30 00:05:01,2026-07-30 10:05:01,2024-05-26 02:00:00
10126551,6524750,16777473,2026-07-30 14:47:22,2026-07-30 16:05:01,2025-07-03 21:05:01
12438231,6524750,1,2026-07-30 01:05:01,2026-07-30 16:05:01,2024-12-08 03:05:01
1140687,6526136,1,2026-07-30 00:05:01,2026-07-30 10:05:01,2024-06-23 02:00:22
10126551,6526136,16777473,2026-07-30 14:47:22,2026-07-30 16:05:01,2025-07-02 12:05:01
12438231,6526136,1,2026-07-30 01:05:01,2026-07-30 16:05:01,2024-12-08 03:05:01
9423019,6526414,1,2026-04-08 02:05:02,2026-07-30 16:05:01,2024-07-19 04:19:04
10126551,6526414,16777473,2026-07-30 14:47:22,2026-07-10 10:05:01,2025-07-03 21:05:01
12438231,6526414,1,2026-07-30 01:05:01,2026-07-20 03:05:01,2024-12-08 03:05:01
1140687,6527232,1,2026-07-30 00:05:01,2026-07-30 10:05:01,2024-06-11 02:00:20
10126551,6527232,16777473,2026-07-30 14:47:22,2026-07-30 15:05:01,2025-07-02 09:05:01
12438231,6527232,1,2026-07-30 01:05:01,2026-07-30 16:05:01,2024-12-08 03:05:01
1140687,6536312,1,2026-07-30 00:05:01,2026-07-30 10:05:01,2024-07-06 02:00:24
10126551,6536312,16777473,2026-07-30 14:47:22,2026-07-30 16:05:01,2025-07-03 21:05:01
12438231,6536312,1,2026-07-30 01:05:01,2026-07-30 16:05:01,2024-12-08 03:05:01
1140687,6537096,1,2026-07-30 00:05:01,2026-07-30 10:05:01,2024-06-22 02:00:23
10126551,6537096,16777473,2026-07-30 14:47:22,2026-07-10 10:05:01,2025-07-02 09:05:01
12438231,6537096,1,2026-07-30 01:05:01,2026-07-30 16:05:01,2024-12-08 03:05:01
1140687,6537788,1,2026-07-30 00:05:01,2026-07-30 10:05:01,2024-06-17 02:00:27
10126551,6537788,16777473,2026-07-30 14:47:22,2026-07-30 15:05:01,2025-07-02 12:05:01
12438231,6537788,1,2026-07-30 01:05:01,2026-07-30 16:05:01,2024-12-08 03:05:01
1140687,6538869,1,2026-07-30 00:05:01,2026-07-30 10:05:01,2024-06-23 02:00:22
10126551,6538869,16777473,2026-07-30 14:47:22,2026-07-30 16:05:01,2025-07-02 09:05:01
12438231,6538869,1,2026-07-30 01:05:01,2026-07-30 16:05:01,2024-12-08 03:05:01
1140687,6545804,1,2026-07-30 00:05:01,2026-07-30 10:05:01,2024-07-06 02:00:22
10126551,6545804,16777473,2026-07-30 14:47:22,2026-07-30 16:05:01,2025-07-02 12:05:01
12438231,6545804,1,2026-07-30 01:05:01,2026-07-30 16:05:01,2025-02-14 02:05:01
1140687,6545995,1,2026-07-30 00:05:01,2026-07-30 10:05:01,2024-07-06 02:00:22
10126551,6545995,16777473,2026-07-30 14:47:22,2026-07-29 05:05:02,2025-07-04 19:05:01
12438231,6545995,1,2026-07-30 01:05:01,2026-07-30 16:05:01,2025-02-14 02:05:01
1140687,6546001,1,2026-07-30 00:05:01,2026-07-30 10:05:01,2024-07-06 02:00:22
10126551,6546001,16777473,2026-07-30 14:47:22,2026-07-30 15:05:01,2025-07-02 12:05:01
12438231,6546001,1,2026-07-30 01:05:01,2026-07-30 16:05:01,2025-02-14 02:05:01
1140687,6549415,1,2026-07-30 00:05:01,2026-07-30 10:05:01,2024-07-25 02:00:34
10126551,6549415,16777473,2026-07-30 14:47:22,2026-07-21 02:05:01,2025-07-03 21:05:01
12438231,6549415,1,2026-07-30 01:05:01,2026-07-30 16:05:01,2024-12-08 03:05:01
10126551,6553303,16777473,2026-07-30 14:47:22,2026-07-20 03:05:01,2025-07-04 19:05:01
12438231,6553303,1,2026-07-30 01:05:01,2026-07-30 16:05:01,2024-12-08 03:05:01
27746861,6553303,1,2026-07-29 17:05:01,2026-07-30 16:05:01,2025-05-21 06:05:01
1140687,6553815,1,2026-07-30 00:05:01,2026-07-30 10:05:01,2024-07-29 01:00:49
10126551,6553815,16777473,2026-07-30 14:47:22,2026-07-30 15:05:01,2025-07-03 21:05:01
12438231,6553815,1,2026-07-30 01:05:01,2026-07-30 16:05:01,2025-02-14 02:05:01
1140687,6555569,1,2026-07-30 00:05:01,2026-07-30 10:05:01,2024-09-05 01:05:01
10126551,6555569,16777473,2026-07-30 14:47:22,2026-07-30 16:05:01,2025-07-05 19:05:01
12438231,6555569,1,2026-07-30 01:05:01,2026-07-30 16:05:01,2024-12-08 03:05:01
1140687,6557655,1,2026-07-30 00:05:01,2026-07-30 10:05:01,2024-08-25 01:04:12
10126551,6557655,16777473,2026-07-30 14:47:22,2026-07-10 11:05:01,2025-07-04 19:05:01
12438231,6557655,1,2026-07-30 01:05:01,2026-07-30 16:05:01,2024-12-08 03:05:01
1140687,6559250,1,2026-07-30 00:05:01,2026-07-30 10:05:01,2024-11-23 01:05:01
10126551,6559250,16777473,2026-07-30 14:47:22,2026-07-30 08:05:01,2025-07-04 19:05:01
12438231,6559250,1,2026-07-30 01:05:01,2026-07-30 16:05:01,2024-12-08 03:05:01
1140687,6574509,1,2026-07-30 00:05:01,2026-07-30 10:05:01,2024-10-04 01:04:55
10126551,6574509,16777473,2026-07-30 14:47:22,2026-07-30 15:05:01,2025-07-02 09:05:01
12438231,6574509,1,2026-07-30 01:05:01,2026-07-30 16:05:01,2024-12-08 03:05:01
10126551,6578139,16777473,2026-07-30 14:47:22,2026-07-10 11:05:01,2025-07-02 09:05:01
12438231,6578139,1,2026-07-30 01:05:01,2026-07-30 16:05:01,2024-12-08 03:05:01
27746861,6578139,1,2026-07-29 17:05:01,2026-07-30 16:05:01,2025-05-21 06:05:01
1140687,6578242,1,2026-07-30 00:05:01,2026-07-30 10:05:01,2024-10-26 01:05:01
10126551,6578242,16777473,2026-07-30 14:47:22,2026-07-27 02:05:01,2025-07-04 19:05:01
12438231,6578242,1,2026-07-30 01:05:01,2026-07-30 16:05:01,2024-12-08 03:05:01
10126551,6579080,16777473,2026-07-30 14:47:22,2026-07-21 00:05:01,2025-07-04 19:05:01
12438231,6579080,1,2026-07-30 01:05:01,2026-07-30 16:05:01,2024-12-08 03:05:01
27746861,6579080,1,2026-07-29 17:05:01,2026-07-29 16:05:01,2025-05-21 06:05:01
1140687,6580114,1,2026-07-30 00:05:01,2026-07-30 10:05:01,2024-10-03 01:04:50
10126551,6580114,16777473,2026-07-30 14:47:22,2026-07-30 16:05:01,2025-07-02 09:05:01
12438231,6580114,1,2026-07-30 01:05:01,2026-07-30 16:05:01,2024-12-08 03:05:01
10126551,6598961,16777473,2026-07-30 14:47:22,2026-07-30 04:05:01,2025-07-02 12:05:01
12438231,6598961,1,2026-07-30 01:05:01,2026-07-30 16:05:01,2024-12-22 03:05:01
27746861,6598961,1,2026-07-29 17:05:01,2026-07-30 16:05:01,2025-05-21 06:05:01
10126551,6598963,16777473,2026-07-30 14:47:22,2026-07-10 10:05:01,2025-07-04 19:05:01
12438231,6598963,1,2026-07-30 01:05:01,2026-07-30 16:05:01,2024-12-22 03:05:01
27746861,6598963,1,2026-07-29 17:05:01,2026-07-29 16:05:01,2025-05-21 06:05:01
1140687,6598967,1,2026-07-30 00:05:01,2026-07-30 10:05:01,2025-04-09 01:05:01
10126551,6598967,16777473,2026-07-30 14:47:22,2026-07-29 05:05:02,2025-07-03 21:05:01
12438231,6598967,1,2026-07-30 01:05:01,2026-07-30 16:05:01,2024-12-22 03:05:01
1140687,6599014,1,2026-07-30 00:05:01,2026-07-30 10:05:01,2025-04-09 01:05:01
12438231,6601951,1,2026-07-30 01:05:01,2026-07-20 03:05:01,2024-12-08 03:05:01
10126551,6601957,16777473,2026-07-30 14:47:22,2026-07-10 10:05:01,2025-07-04 19:05:01
12438231,6601957,1,2026-07-30 01:05:01,2026-07-20 03:05:01,2024-12-08 03:05:01
27746861,6601957,1,2026-07-29 17:05:01,2026-07-29 16:05:01,2025-05-29 19:05:01
1140687,6603787,1,2026-07-30 00:05:01,2026-07-30 10:05:01,2024-11-30 01:05:01
10126551,6603787,16777473,2026-07-30 14:47:22,2026-07-30 16:05:01,2025-07-02 12:05:01
12438231,6603787,1,2026-07-30 01:05:01,2026-07-30 16:05:01,2024-12-08 03:05:01
10126551,6607756,16777473,2026-07-30 14:47:22,2026-07-10 10:05:01,2025-07-02 12:05:01
12438231,6607756,1,2026-07-30 01:05:01,2026-07-20 03:05:01,2025-02-14 02:05:01
27746861,6607756,1,2026-07-29 17:05:01,2026-07-29 16:05:01,2025-05-29 19:05:01
10126551,6608929,16777473,2026-07-30 14:47:22,2026-07-10 10:05:01,2025-07-04 19:05:01
12438231,6608929,1,2026-07-30 01:05:01,2026-07-20 03:05:01,2024-12-08 03:05:01
10126551,6634438,16777473,2026-07-30 14:47:22,2026-07-27 01:05:02,2025-07-02 09:05:01
12438231,6634438,1,2026-07-30 01:05:01,2026-07-30 16:05:01,2025-02-14 02:05:01
27746861,6634438,1,2026-07-29 17:05:01,2026-07-30 12:05:01,2025-05-21 06:05:01
10126551,6636521,16777473,2026-07-30 14:47:22,2026-07-30 04:05:01,2025-07-02 12:05:01
12438231,6636521,1,2026-07-30 01:05:01,2026-07-30 16:05:01,2025-01-29 03:05:01
27746861,6636521,1,2026-07-29 17:05:01,2026-07-30 16:05:01,2025-05-21 06:05:01
10126551,6639456,16777473,2026-07-30 14:47:22,2026-07-26 23:05:01,2025-07-04 19:05:01
12438231,6639456,1,2026-07-30 01:05:01,2026-07-30 16:05:01,2025-02-09 03:05:01
27746861,6639456,1,2026-07-29 17:05:01,2026-07-30 16:05:01,2025-05-21 06:05:01
10126551,6639527,16777473,2026-07-30 14:47:22,2026-07-26 01:05:02,2025-07-03 21:05:01
12438231,6639527,1,2026-07-30 01:05:01,2026-07-30 16:05:01,2025-02-10 02:05:01
27746861,6639527,1,2026-07-29 17:05:01,2026-07-30 16:05:01,2025-05-21 06:05:01
10126551,6642534,16777473,2026-07-30 14:47:22,2026-07-27 02:05:01,2025-07-02 09:05:01
12438231,6642534,1,2026-07-30 01:05:01,2026-07-30 16:05:01,2025-02-11 02:05:01
27746861,6642534,1,2026-07-29 17:05:01,2026-07-30 16:05:01,2025-05-21 06:05:01
10126551,6649308,16777473,2026-07-30 14:47:22,2026-07-10 10:05:01,2025-07-02 09:05:01
12438231,6649308,1,2026-07-30 01:05:01,2026-07-30 16:05:01,2025-02-20 02:05:01
27746861,6649308,1,2026-07-29 17:05:01,2026-07-30 09:05:01,2025-05-21 06:05:01
1140687,6649650,1,2026-07-30 00:05:01,2026-07-30 10:05:01,2025-04-11 01:05:01
10126551,6649650,16777473,2026-07-30 14:47:22,2026-07-30 16:05:01,2025-07-03 21:05:01
12438231,6649650,1,2026-07-30 01:05:01,2026-07-30 16:05:01,2025-02-21 02:05:01
1140687,6650952,1,2026-07-30 00:05:01,2026-07-30 10:05:01,2025-05-11 01:05:01
10126551,6650952,16777473,2026-07-30 14:47:22,2026-07-30 16:05:01,2025-07-02 09:05:01
12438231,6650952,1,2026-07-30 01:05:01,2026-07-30 16:05:01,2025-02-23 02:05:01
10126551,6654717,16777473,2026-07-30 14:47:22,2026-07-10 10:05:01,2025-07-02 09:05:01
12438231,6654717,1,2026-07-30 01:05:01,2026-07-30 09:05:01,2025-04-26 02:05:01
27746861,6654717,1,2026-07-29 17:05:01,2026-07-29 16:05:01,2025-05-21 06:05:01
1140687,6658800,1,2026-07-30 00:05:01,2026-07-30 10:05:01,2025-04-26 01:05:01
10126551,6658800,16777473,2026-07-30 14:47:22,2026-07-30 16:05:01,2025-07-02 09:05:01
12438231,6658800,1,2026-07-30 01:05:01,2026-07-30 16:05:01,2025-03-09 02:05:01
1140687,6672463,1,2026-07-30 00:05:01,2026-07-30 10:05:01,2025-05-24 01:05:01
10126551,6672463,16777473,2026-07-30 14:47:22,2026-07-30 04:05:01,2025-07-04 19:05:01
12438231,6672463,1,2026-07-30 01:05:01,2026-07-30 16:05:01,2025-04-05 02:05:01
10126551,6672511,16777473,2026-07-30 14:47:22,2026-07-30 04:05:01,2025-07-04 19:05:01
12438231,6672511,1,2026-07-30 01:05:01,2026-07-30 16:05:01,2025-04-05 02:05:01
369429,6674569,1,2026-07-30 01:05:01,2026-07-30 16:05:01,2025-04-29 02:05:01
10126551,6674569,16777473,2026-07-30 14:47:22,2026-07-26 02:05:01,2025-07-04 19:05:01
12438231,6674569,1,2026-07-30 01:05:01,2026-07-30 16:05:01,2025-04-08 02:05:01
10126551,6674803,16777473,2026-07-30 14:47:22,2026-07-10 10:05:01,2025-07-02 09:05:01
12438231,6674803,1,2026-07-30 01:05:01,2026-07-20 03:05:01,2025-04-11 02:05:01
27746861,6674803,1,2026-07-29 17:05:01,2026-07-29 16:05:01,2025-05-29 19:05:01
10126551,6679132,16777473,2026-07-30 14:47:22,2026-07-30 03:05:02,2025-07-02 12:05:01
12438231,6679132,1,2026-07-30 01:05:01,2026-07-30 16:05:01,2025-04-17 02:05:01
10126551,6685459,16777473,2026-07-30 14:47:22,2026-07-10 10:05:01,2025-07-02 09:05:01
12438231,6685459,1,2026-07-30 01:05:01,2026-07-30 16:05:01,2025-04-30 02:05:01
27746861,6685459,1,2026-07-29 17:05:01,2026-07-29 16:05:01,2025-05-21 06:05:01
1140687,6685636,1,2026-07-30 00:05:01,2026-07-30 10:05:01,2025-05-02 01:05:01
10126551,6685636,16777473,2026-07-30 14:47:22,2026-07-30 16:05:01,2025-07-02 09:05:01
12438231,6685636,1,2026-07-30 01:05:01,2026-07-30 16:05:01,2025-04-30 02:05:01
10126551,6685893,16777473,2026-07-30 14:47:22,2026-07-10 10:05:01,2025-07-02 09:05:01
12438231,6685893,1,2026-07-30 01:05:01,2026-07-20 03:05:01,2025-05-01 02:05:01
10126551,6689456,16777473,2026-07-30 14:47:22,2026-07-30 07:05:01,2025-07-02 12:05:01
12438231,6689456,1,2026-07-30 01:05:01,2026-07-30 16:05:01,2025-05-08 02:05:01
1140687,6689468,1,2026-07-30 00:05:01,2026-07-30 10:05:01,2025-05-24 01:05:01
10126551,6689468,16777473,2026-07-30 14:47:22,2026-07-29 06:05:01,2025-07-02 12:05:01
12438231,6689468,1,2026-07-30 01:05:01,2026-07-30 16:05:01,2025-05-08 02:05:01
10126551,6703669,16777473,2026-07-30 14:47:22,2026-07-10 10:05:01,2026-01-31 08:05:01
12438231,6703669,1,2026-07-30 01:05:01,2026-07-30 16:05:01,2025-06-08 01:05:01
10126551,6706049,16777473,2026-07-30 14:47:22,2026-07-30 05:05:01,2025-12-22 21:05:01
12438231,6706049,1,2026-07-30 01:05:01,2026-07-30 16:05:01,2025-06-14 01:05:01
10126551,6706683,16777473,2026-07-30 14:47:22,2026-07-28 02:05:01,2025-07-30 08:05:01
12438231,6706683,1,2026-07-30 01:05:01,2026-07-30 16:05:01,2025-06-15 01:05:01
10126551,6706697,16777473,2026-07-30 14:47:22,2026-07-30 16:05:01,2025-07-30 08:05:01
12438231,6706697,1,2026-07-30 01:05:01,2026-07-30 16:05:01,2025-06-16 01:05:01
10126551,6707053,16777473,2026-07-30 14:47:22,2026-07-30 16:05:01,2025-07-05 19:05:01
12438231,6707053,1,2026-07-30 01:05:01,2026-07-30 16:05:01,2025-06-16 01:05:01
1140687,6710898,1,2026-07-30 00:05:01,2026-07-30 10:05:01,2025-07-08 00:05:02
10126551,6710898,16777473,2026-07-30 14:47:22,2026-07-30 15:05:01,2025-07-25 05:05:01
12438231,6710898,1,2026-07-30 01:05:01,2026-07-30 16:05:01,2025-06-25 01:05:01
10126551,6710960,16777473,2026-07-30 14:47:22,2026-07-10 10:05:01,2025-07-30 19:05:01
12438231,6710960,1,2026-07-30 01:05:01,2026-07-20 03:05:01,2025-06-25 01:05:01
10126551,6711691,16777473,2026-07-30 14:47:22,2026-07-30 08:05:01,2025-08-04 19:05:01
12438231,6711691,1,2026-07-30 01:05:01,2026-07-30 16:05:01,2025-06-27 01:05:01
10126551,6711795,16777473,2026-07-30 14:47:22,2026-07-30 16:05:01,2025-07-05 19:05:01
12438231,6711795,1,2026-07-30 01:05:01,2026-07-30 16:05:01,2025-06-27 01:05:01
10126551,6711959,16777473,2026-07-30 14:47:22,2026-07-10 10:05:01,2025-07-31 14:05:01
12438231,6711959,1,2026-07-30 01:05:01,2026-07-30 16:05:01,2025-06-27 01:05:01
10126551,6724189,16777473,2026-07-30 14:47:22,2026-07-10 10:05:01,2025-12-22 18:05:01
12438231,6724189,1,2026-07-30 01:05:01,2026-07-29 21:05:01,2025-07-27 01:05:01
10126551,6724191,16777473,2026-07-30 14:47:22,2026-07-10 10:05:01,2025-12-22 18:05:01
12438231,6724191,1,2026-07-30 01:05:01,2026-07-29 20:05:02,2025-07-27 01:05:01
10126551,6724279,16777473,2026-07-30 14:47:22,2026-07-10 10:05:01,2025-12-22 19:05:01
12438231,6724279,1,2026-07-30 01:05:01,2026-07-30 11:05:01,2025-07-27 01:05:01
10126551,6724330,16777473,2026-07-30 14:47:22,2026-07-10 10:05:01,2025-12-22 18:05:01
12438231,6724330,1,2026-07-30 01:05:01,2026-07-29 22:05:02,2025-07-27 01:05:01
10126551,6724409,16777473,2026-07-30 14:47:22,2026-07-10 10:05:01,2025-12-22 18:05:01
12438231,6724409,1,2026-07-30 01:05:01,2026-07-29 15:05:01,2025-07-28 01:05:01
10126551,6729972,16777473,2026-07-30 14:47:22,2026-07-10 11:05:01,2025-08-15 17:05:01
12438231,6729972,1,2026-07-30 01:05:01,2026-07-30 16:05:01,2025-08-14 01:05:02
10126551,6730778,16777473,2026-07-30 14:47:22,2026-07-26 12:27:35,2025-08-15 17:05:01
12438231,6730778,1,2026-07-30 01:05:01,2026-07-30 16:05:01,2025-08-14 01:05:02
10126551,6734503,16777473,2026-07-30 14:47:22,2026-07-27 02:05:01,2025-08-27 07:05:01
12438231,6734503,1,2026-07-30 01:05:01,2026-07-30 16:05:01,2025-08-22 01:05:01
10126551,6735080,16777473,2026-07-30 14:47:22,2026-07-30 16:05:01,2025-08-26 18:05:02
12438231,6735080,1,2026-07-30 01:05:01,2026-07-30 16:05:01,2025-08-23 01:05:01
10126551,6735394,16777473,2026-07-30 14:47:22,2026-07-30 16:05:01,2025-09-02 02:05:01
12438231,6735394,1,2026-07-30 01:05:01,2026-07-30 16:05:01,2025-08-24 01:05:01
10126551,6735416,16777473,2026-07-30 14:47:22,2026-07-10 11:05:01,2025-09-02 03:05:01
12438231,6735416,1,2026-07-30 01:05:01,2026-07-30 16:05:01,2025-08-24 01:05:01
10126551,6737403,16777473,2026-07-30 14:47:22,2026-07-30 16:05:01,2025-08-31 17:05:01
12438231,6737403,1,2026-07-30 01:05:01,2026-07-30 16:05:01,2025-08-28 01:05:01
10126551,6737411,16777473,2026-07-30 14:47:22,2026-07-30 04:05:01,2025-08-31 17:05:01
12438231,6737411,1,2026-07-30 01:05:01,2026-07-30 16:05:01,2025-08-28 01:05:01
10126551,6738419,16777473,2026-07-30 14:47:22,2026-07-28 04:05:01,2025-09-01 18:05:02
12438231,6738419,1,2026-07-30 01:05:01,2026-07-30 16:05:01,2025-08-31 01:05:01
1140687,6738420,1,2026-07-30 00:05:01,2026-07-30 10:05:01,2025-09-09 00:05:01
10126551,6738420,16777473,2026-07-30 14:47:22,2026-07-26 10:05:01,2025-09-09 09:05:01
12438231,6738420,1,2026-07-30 01:05:01,2026-07-30 16:05:01,2025-08-31 01:05:01
10126551,6745715,16777473,2026-07-30 14:47:22,2026-07-10 10:05:01,2025-09-20 17:05:01
12438231,6745715,1,2026-07-30 01:05:01,2026-07-20 03:05:01,2025-09-30 01:05:01
10126551,6745745,16777473,2026-07-30 14:47:22,2026-07-30 07:05:01,2025-09-27 15:05:01
12438231,6745745,1,2026-07-30 01:05:01,2026-07-30 16:05:01,2025-09-29 01:05:01
10126551,6746431,16777473,2026-07-30 14:47:22,2026-07-10 10:05:01,2025-09-23 09:05:01
12438231,6746431,1,2026-07-30 01:05:01,2026-07-20 03:05:01,2025-09-30 01:05:01
10126551,6746498,16777473,2026-07-30 14:47:22,2026-07-10 10:05:01,2025-11-08 07:05:02
12438231,6746498,1,2026-07-30 01:05:01,2026-07-30 16:05:01,2025-09-29 01:05:01
10126551,6747402,16777473,2026-07-30 14:47:22,2026-07-30 16:05:01,2025-10-13 14:05:01
12438231,6747402,1,2026-07-30 01:05:01,2026-07-30 16:05:01,2025-09-29 01:05:01
10126551,6761314,16777473,2026-07-30 14:47:22,2026-07-10 10:05:01,2025-10-25 06:05:01
12438231,6761314,1,2026-07-30 01:05:01,2026-07-20 03:05:01,2025-10-23 02:05:02
2172910,6766019,0,,2026-07-30 16:05:01,
10126551,6766019,16777473,2026-07-30 14:47:22,2026-07-10 10:05:01,2025-11-03 09:05:01
12438231,6766019,1,2026-07-30 01:05:01,2026-07-20 03:05:01,2025-11-04 01:05:01
10126551,6766712,16777473,2026-07-30 14:47:22,2026-07-22 04:05:02,2025-11-05 07:05:01
12438231,6766712,1,2026-07-30 01:05:01,2026-07-30 12:05:01,2025-11-03 01:05:02
10126551,6768290,16777473,2026-07-30 14:47:22,2026-07-10 10:05:01,2025-12-01 21:05:01
12438231,6768290,1,2026-07-30 01:05:01,2026-07-30 16:05:01,2025-11-06 01:05:01
10126551,6769882,16777473,2026-07-30 14:47:22,2026-07-10 10:05:01,2025-11-16 16:05:01
12438231,6769882,1,2026-07-30 01:05:01,2026-07-30 16:05:01,2025-11-09 01:05:01
10126551,6774655,16777473,2026-07-30 14:47:22,2026-07-30 01:05:01,2026-02-03 21:05:01
12438231,6774655,1,2026-07-30 01:05:01,2026-07-30 16:05:01,2025-11-19 18:08:28
10126551,6775756,16777473,2026-07-30 14:47:22,2026-07-27 03:05:01,2026-02-03 21:05:01
12438231,6775756,1,2026-07-30 01:05:01,2026-07-30 16:05:01,2025-11-23 01:05:02
10126551,6776387,16777473,2026-07-30 14:47:22,2026-07-18 03:05:01,2026-03-07 19:05:01
12438231,6776387,1,2026-07-30 01:05:01,2026-07-30 12:05:01,2025-12-22 01:05:01
27746861,6776387,1,2026-07-29 17:05:01,2026-07-29 16:05:01,2026-03-08 17:05:01
10126551,6781980,16777473,2026-07-30 14:47:22,2026-07-10 11:05:01,2026-03-07 08:05:02
12438231,6781980,1,2026-07-30 01:05:01,2026-07-30 16:05:01,2025-12-04 01:05:01
10126551,6781985,16777473,2026-07-30 14:47:22,2026-07-28 02:05:01,2026-04-05 20:05:02
12438231,6781985,1,2026-07-30 01:05:01,2026-07-30 16:05:01,2025-12-04 01:05:01
10126551,6784091,16777473,2026-07-30 14:47:22,2026-07-10 10:05:01,2026-03-07 16:05:01
12438231,6784091,1,2026-07-30 01:05:01,2026-07-30 16:05:01,2025-12-08 01:05:01
10126551,6784539,16777473,2026-07-30 14:47:22,2026-07-28 05:05:01,2026-03-31 17:05:01
12438231,6784539,1,2026-07-30 01:05:01,2026-07-30 16:05:01,2025-12-09 01:05:01
10126551,6794803,16777473,2026-07-30 14:47:22,2026-07-30 04:05:01,2026-01-31 08:05:01
12438231,6794803,1,2026-07-30 01:05:01,2026-07-30 16:05:01,2025-12-30 01:05:01
10126551,6796439,16777473,2026-07-30 14:47:22,2026-07-29 06:05:01,2026-01-31 08:05:01
12438231,6796439,1,2026-07-30 01:05:01,2026-07-30 16:05:01,2026-01-04 01:05:01
10126551,6797455,16777473,2026-07-30 14:47:22,2026-07-10 10:05:01,2026-01-31 08:05:01
12438231,6797455,1,2026-07-30 01:05:01,2026-07-30 16:05:01,2026-01-12 01:05:01
10126551,6800174,16777473,2026-07-30 14:47:22,2026-07-10 10:05:01,2026-03-07 19:05:01
12438231,6800174,1,2026-07-30 01:05:01,2026-07-30 08:05:01,2026-01-11 01:05:01
10126551,6806951,16777473,2026-07-30 14:47:22,2026-07-20 07:05:01,2026-03-07 18:05:01
12438231,6806951,1,2026-07-30 01:05:01,2026-07-30 16:05:01,2026-01-25 13:05:01
10126551,6811035,16777473,2026-07-30 14:47:22,2026-07-10 10:05:01,2026-03-07 19:05:01
12438231,6811035,1,2026-07-30 01:05:01,2026-07-30 07:05:01,2026-02-02 01:05:01
10126551,6812241,16777473,2026-07-30 14:47:22,2026-07-30 12:05:01,2026-03-07 17:05:01
12438231,6812241,1,2026-07-30 01:05:01,2026-07-30 16:05:01,2026-02-06 01:05:01
10126551,6812714,16777473,2026-07-30 14:47:22,2026-07-10 10:05:01,2026-02-13 16:05:02
12438231,6812714,1,2026-07-30 01:05:01,2026-07-20 03:05:01,2026-02-06 01:05:01
10126551,6825539,16777473,2026-07-30 14:47:22,2026-07-30 09:05:01,2026-05-08 20:05:01
12438231,6825539,1,2026-07-30 01:05:01,2026-07-30 16:05:01,2026-03-05 01:05:01
10126551,6826255,16777473,2026-07-30 14:47:22,2026-07-30 04:05:01,2026-03-31 20:05:02
12438231,6826255,1,2026-07-30 01:05:01,2026-07-30 16:05:01,2026-03-15 18:12:41
10126551,6826264,16777473,2026-07-30 14:47:22,2026-07-10 10:05:01,2026-04-11 12:05:01
12438231,6826264,1,2026-07-30 01:05:01,2026-07-30 06:05:01,2026-03-15 18:12:41
10126551,6827860,16777473,2026-07-30 14:47:22,2026-07-10 10:05:01,2026-04-11 12:05:01
12438231,6827860,1,2026-07-30 01:05:01,2026-07-20 03:05:01,2026-03-15 18:12:41
10126551,6830426,16777473,2026-07-30 14:47:22,2026-07-10 10:05:01,2026-03-17 18:05:01
12438231,6830426,1,2026-07-30 01:05:01,2026-07-20 03:05:01,2026-03-15 18:12:41
10126551,6849994,16777473,2026-07-30 14:47:22,2026-07-10 10:05:01,2026-05-09 01:05:01
12438231,6849994,1,2026-07-30 01:05:01,2026-07-30 12:05:01,2026-04-26 01:05:01
10126551,6850006,16777473,2026-07-30 14:47:22,2026-07-10 10:05:01,2026-05-09 01:05:01
12438231,6850006,1,2026-07-30 01:05:01,2026-07-20 03:05:01,2026-04-26 01:05:01
10126551,6855069,16777473,2026-07-30 14:47:22,2026-07-10 10:05:01,2026-05-08 20:05:01
12438231,6855069,1,2026-07-30 01:05:01,2026-07-20 03:05:01,2026-05-07 00:05:01
10126551,6857042,16777473,2026-07-30 14:47:22,2026-07-10 10:05:01,2026-05-21 03:05:01
12438231,6857042,1,2026-07-30 01:05:01,2026-07-20 03:05:01,2026-05-11 01:05:01
10126551,6599014,16777473,2026-07-30 14:47:22,2026-07-27 22:05:01,2025-07-02 09:05:01
12438231,6599014,1,2026-07-30 01:05:01,2026-07-30 16:05:01,2024-12-08 03:05:01
1140687,6600517,1,2026-07-30 00:05:01,2026-07-30 10:05:01,2025-04-26 01:05:01
10126551,6600517,16777473,2026-07-30 14:47:22,2026-07-30 04:05:01,2025-07-03 21:05:01
12438231,6600517,1,2026-07-30 01:05:01,2026-07-30 16:05:01,2024-12-08 03:05:01
10126551,6610453,16777473,2026-07-30 14:47:22,2026-07-10 10:05:01,2025-07-04 19:05:01
12438231,6610453,1,2026-07-30 01:05:01,2026-07-20 03:05:01,2024-12-12 03:05:02
2172910,6612180,0,,2026-07-30 16:05:01,
10126551,6612180,16777473,2026-07-30 14:47:22,2026-07-10 10:05:01,2025-07-04 19:05:01
12438231,6612180,1,2026-07-30 01:05:01,2026-07-20 03:05:01,2024-12-22 03:05:01
27746861,6612180,1,2026-07-29 17:05:01,2026-07-29 16:05:01,2025-05-21 06:05:01
10126551,6613537,16777473,2026-07-30 14:47:22,2026-07-30 04:05:01,2025-07-03 21:05:01
12438231,6613537,1,2026-07-30 01:05:01,2026-07-30 16:05:01,2024-12-31 03:05:01
27746861,6613537,1,2026-07-29 17:05:01,2026-07-30 16:05:01,2025-05-21 06:05:01
1140687,6613842,1,2026-07-30 00:05:01,2026-07-30 10:05:01,2024-12-21 01:05:01
10126551,6613842,16777473,2026-07-30 14:47:22,2026-07-30 16:05:01,2025-07-03 21:05:01
12438231,6613842,1,2026-07-30 01:05:01,2026-07-30 16:05:01,2025-01-01 03:05:01
369429,6613872,1,2026-07-30 01:05:01,2026-07-30 16:05:01,2025-04-26 01:05:09
10126551,6613872,16777473,2026-07-30 14:47:22,2026-07-28 02:05:01,2025-07-03 21:05:01
12438231,6613872,1,2026-07-30 01:05:01,2026-07-30 16:05:01,2024-12-22 03:05:01
10126551,6622892,16777473,2026-07-30 14:47:22,2026-07-10 10:05:01,2025-07-04 19:05:01
12438231,6622892,1,2026-07-30 01:05:01,2026-07-20 03:05:01,2025-01-05 03:05:01
10126551,6627490,16777473,2026-07-30 14:47:22,2026-07-30 04:05:01,2025-07-04 19:05:01
12438231,6627490,1,2026-07-30 01:05:01,2026-07-30 16:05:01,2025-01-16 03:05:01
27746861,6627490,1,2026-07-29 17:05:01,2026-07-30 13:05:01,2025-05-21 06:05:01
10126551,6627796,16777473,2026-07-30 14:47:22,2026-07-26 23:05:01,2025-07-04 19:05:01
12438231,6627796,1,2026-07-30 01:05:01,2026-07-30 16:05:01,2025-01-16 03:05:01
27746861,6627796,1,2026-07-29 17:05:01,2026-07-30 16:05:01,2025-05-21 06:05:01
1140687,6628738,1,2026-07-30 00:05:01,2026-07-30 10:05:01,2025-05-19 01:05:01
10126551,6628738,16777473,2026-07-30 14:47:22,2026-07-30 04:05:01,2025-07-04 19:05:01
12438231,6628738,1,2026-07-30 01:05:01,2026-07-30 16:05:01,2025-01-16 03:05:01
10126551,6629597,16777473,2026-07-30 14:47:22,2026-07-26 01:05:02,2025-07-04 19:05:01
12438231,6629597,1,2026-07-30 01:05:01,2026-07-30 16:05:01,2025-01-20 03:05:01
27746861,6629597,1,2026-07-29 17:05:01,2026-07-30 16:05:01,2025-05-21 06:05:01
10126551,6643987,16777473,2026-07-30 14:47:22,2026-07-28 23:05:01,2025-07-05 19:05:01
12438231,6643987,1,2026-07-30 01:05:01,2026-07-30 16:05:01,2025-02-13 02:05:01
27746861,6643987,1,2026-07-29 17:05:01,2026-07-30 16:05:01,2025-05-21 06:05:01
10126551,6644148,16777473,2026-07-30 14:47:22,2026-07-10 10:05:01,2025-07-04 19:05:01
12438231,6644148,1,2026-07-30 01:05:01,2026-07-20 03:05:01,2025-02-14 02:05:01
10126551,6644743,16777473,2026-07-30 14:47:22,2026-07-21 02:05:01,2025-07-04 19:05:01
12438231,6644743,1,2026-07-30 01:05:01,2026-07-30 16:05:01,2025-02-14 02:05:01
27746861,6644743,1,2026-07-29 17:05:01,2026-07-30 16:05:01,2025-05-21 06:05:01
10126551,6645594,16777473,2026-07-30 14:47:22,2026-07-29 04:05:01,2025-07-02 12:05:01
12438231,6645594,1,2026-07-30 01:05:01,2026-07-30 16:05:01,2025-02-19 02:05:01
27746861,6645594,1,2026-07-29 17:05:01,2026-07-30 16:05:01,2025-05-21 06:05:01
10126551,6663606,16777473,2026-07-30 14:47:22,2026-07-10 10:05:01,2026-03-07 05:05:01
12438231,6663606,1,2026-07-30 01:05:01,2026-07-20 03:05:01,2025-03-20 02:05:01
1140687,6666423,1,2026-07-30 00:05:01,2026-07-30 10:05:01,2025-04-11 01:05:01
10126551,6666423,16777473,2026-07-30 14:47:22,2026-07-30 16:05:01,2025-07-02 09:05:01
12438231,6666423,1,2026-07-30 01:05:01,2026-07-30 16:05:01,2025-03-24 02:05:01
10126551,6667215,16777473,2026-07-30 14:47:22,2026-07-30 04:05:01,2025-07-02 09:05:01
12438231,6667215,1,2026-07-30 01:05:01,2026-07-30 16:05:01,2025-03-26 02:05:01
27746861,6667215,1,2026-07-29 17:05:01,2026-07-30 16:05:01,2025-05-21 06:05:01
1140687,6671639,1,2026-07-30 00:05:01,2026-07-30 10:05:01,2025-05-24 01:05:01
10126551,6671639,16777473,2026-07-30 14:47:22,2026-07-28 08:05:01,2025-07-02 12:05:01
12438231,6671639,1,2026-07-30 01:05:01,2026-07-30 16:05:01,2025-04-03 02:05:01
1140687,6672459,1,2026-07-30 00:05:01,2026-07-30 10:05:01,2025-05-24 01:05:01
10126551,6672459,16777473,2026-07-30 14:47:22,2026-07-30 15:05:01,2025-07-02 09:05:01
12438231,6672459,1,2026-07-30 01:05:01,2026-07-30 16:05:01,2025-04-05 02:05:01
1140687,6681570,1,2026-07-30 00:05:01,2026-07-30 10:05:01,2025-05-24 01:05:01
10126551,6681570,16777473,2026-07-30 14:47:22,2026-07-30 14:05:02,2025-07-30 08:05:01
12438231,6681570,1,2026-07-30 01:05:01,2026-07-30 16:05:01,2025-04-22 02:05:01
10126551,6684011,16777473,2026-07-30 14:47:22,2026-07-10 10:05:01,2025-07-02 09:05:01
12438231,6684011,1,2026-07-30 01:05:01,2026-07-30 07:05:01,2025-04-27 02:05:01
27746861,6684011,1,2026-07-29 17:05:01,2026-07-29 16:05:01,2025-05-21 06:05:01
1140687,6684513,1,2026-07-30 00:05:01,2026-07-30 10:05:01,2025-05-11 01:05:01
10126551,6684513,16777473,2026-07-30 14:47:22,2026-07-10 10:05:01,2025-07-02 09:05:01
12438231,6684513,1,2026-07-30 01:05:01,2026-07-30 16:05:01,2025-04-28 02:05:01
10126551,6685288,16777473,2026-07-30 14:47:22,2026-07-30 16:05:01,2025-07-03 21:05:01
12438231,6685288,1,2026-07-30 01:05:01,2026-07-30 16:05:01,2025-04-29 02:05:01
27746861,6685288,1,2026-07-29 17:05:01,2026-07-30 16:05:01,2025-05-21 06:05:01
1140687,6691584,1,2026-07-30 00:05:01,2026-07-30 10:05:01,2025-05-24 01:05:01
10126551,6691584,16777473,2026-07-30 14:47:22,2026-07-30 16:05:01,2025-07-05 19:05:01
12438231,6691584,1,2026-07-30 01:05:01,2026-07-30 16:05:01,2025-05-12 02:05:01
10126551,6692724,16777473,2026-07-30 14:47:22,2026-07-30 04:05:01,2025-07-04 19:05:01
12438231,6692724,1,2026-07-30 01:05:01,2026-07-30 16:05:01,2025-05-15 02:05:01
10126551,6698584,16777473,2026-07-30 14:47:22,2026-07-26 02:05:01,2025-07-03 21:05:01
12438231,6698584,1,2026-07-30 01:05:01,2026-07-30 16:05:01,2025-05-27 01:05:02
10126551,6708103,16777473,2026-07-30 14:47:22,2026-07-22 07:05:01,2025-07-30 08:05:01
12438231,6708103,1,2026-07-30 01:05:01,2026-07-30 16:05:01,2025-06-18 01:05:01
10126551,6709408,16777473,2026-07-30 14:47:22,2026-07-10 10:05:01,2025-07-05 19:05:01
12438231,6709408,1,2026-07-30 01:05:01,2026-07-20 03:05:01,2025-06-24 01:05:01
10126551,6709468,16777473,2026-07-30 14:47:22,2026-07-30 13:05:01,2025-07-05 19:05:01
12438231,6709468,1,2026-07-30 01:05:01,2026-07-30 16:05:01,2025-06-24 01:05:01
10126551,6710164,16777473,2026-07-30 14:47:22,2026-07-30 12:05:01,2025-08-12 23:05:01
12438231,6710164,1,2026-07-30 01:05:01,2026-07-30 16:05:01,2025-06-26 01:05:01
10126551,6712422,16777473,2026-07-30 14:47:22,2026-07-30 05:05:01,2025-12-22 21:05:01
12438231,6712422,1,2026-07-30 01:05:01,2026-07-30 16:05:01,2025-06-29 01:05:01
10126551,6713013,16777473,2026-07-30 14:47:22,2026-07-30 16:05:01,2025-08-08 19:05:01
12438231,6713013,1,2026-07-30 01:05:01,2026-07-30 16:05:01,2025-06-30 01:05:01
10126551,6716186,16777473,2026-07-30 14:47:22,2026-07-30 03:05:02,2025-08-18 13:05:02
12438231,6716186,1,2026-07-30 01:05:01,2026-07-30 16:05:01,2025-07-08 01:05:01
10126551,6716666,16777473,2026-07-30 14:47:22,2026-07-10 10:05:01,2025-08-07 22:05:01
12438231,6716666,1,2026-07-30 01:05:01,2026-07-30 16:05:01,2025-07-09 01:05:01
10126551,6716704,16777473,2026-07-30 14:47:22,2026-07-27 04:05:01,2025-07-29 17:05:01
12438231,6716704,1,2026-07-30 01:05:01,2026-07-30 16:05:01,2025-07-09 01:05:01
10126551,6721061,16777473,2026-07-30 14:47:22,2026-07-30 04:05:01,2025-08-20 18:05:01
12438231,6721061,1,2026-07-30 01:05:01,2026-07-30 16:05:01,2025-07-19 01:05:02
10126551,6722578,16777473,2026-07-30 14:47:22,2026-07-30 16:05:01,2026-02-03 21:05:01
12438231,6722578,1,2026-07-30 01:05:01,2026-07-30 16:05:01,2025-07-23 01:05:01
10126551,6722604,16777473,2026-07-30 14:47:22,2026-07-10 10:05:01,2025-08-08 19:05:01
12438231,6722604,1,2026-07-30 01:05:01,2026-07-30 16:05:01,2025-07-23 01:05:01
10126551,6723832,16777473,2026-07-30 14:47:22,2026-07-30 16:05:01,2026-02-04 15:05:01
12438231,6723832,1,2026-07-30 01:05:01,2026-07-30 16:05:01,2025-07-27 01:05:01
10126551,6724157,16777473,2026-07-30 14:47:22,2026-07-10 10:05:01,2025-12-22 18:05:01
12438231,6724157,1,2026-07-30 01:05:01,2026-07-25 10:05:01,2025-07-27 01:05:01
10126551,6724556,16777473,2026-07-30 14:47:22,2026-07-10 10:05:01,2025-12-22 18:05:01
12438231,6724556,1,2026-07-30 01:05:01,2026-07-30 06:05:01,2025-07-28 01:05:01
10126551,6724579,16777473,2026-07-30 14:47:22,2026-07-10 10:05:01,2025-12-22 18:05:01
12438231,6724579,1,2026-07-30 01:05:01,2026-07-30 11:05:01,2025-07-28 01:05:01
10126551,6724762,16777473,2026-07-30 14:47:22,2026-07-10 10:05:01,2025-12-22 18:05:01
12438231,6724762,1,2026-07-30 01:05:01,2026-07-30 12:05:01,2025-07-28 01:05:01
10126551,6724782,16777473,2026-07-30 14:47:22,2026-07-10 10:05:01,2025-12-22 18:05:01
12438231,6724782,1,2026-07-30 01:05:01,2026-07-30 12:05:01,2025-07-28 01:05:01
10126551,6726906,16777473,2026-07-30 14:47:22,2026-07-10 10:05:01,2025-08-05 20:05:01
12438231,6726906,1,2026-07-30 01:05:01,2026-07-20 03:05:01,2025-08-03 01:05:01
10126551,6738648,16777473,2026-07-30 14:47:22,2026-07-10 10:05:01,2025-09-01 18:05:02
12438231,6738648,1,2026-07-30 01:05:01,2026-07-29 09:05:01,2025-09-01 01:05:02
10126551,6741270,16777473,2026-07-30 14:47:22,2026-07-10 10:05:01,2025-09-13 19:05:02
12438231,6741270,1,2026-07-30 01:05:01,2026-07-20 03:05:01,2025-09-08 01:05:01
1140687,6744962,1,2026-07-30 00:05:01,2026-07-30 10:05:01,2025-09-24 00:05:01
10126551,6744962,16777473,2026-07-30 14:47:22,2026-07-30 16:05:01,2025-09-20 17:05:01
12438231,6744962,1,2026-07-30 01:05:01,2026-07-30 16:05:01,2025-09-30 01:05:01
10126551,6745323,16777473,2026-07-30 14:47:22,2026-07-30 04:05:01,2025-09-20 17:05:01
12438231,6745323,1,2026-07-30 01:05:01,2026-07-30 16:05:01,2025-09-29 01:05:01
10126551,6755462,16777473,2026-07-30 14:47:22,2026-07-10 10:05:01,2025-10-17 06:05:01
12438231,6755462,1,2026-07-30 01:05:01,2026-07-30 16:05:01,2025-10-10 01:05:01
10126551,6755613,16777473,2026-07-30 14:47:22,2026-07-23 10:05:01,2025-10-12 21:05:01
12438231,6755613,1,2026-07-30 01:05:01,2026-07-30 16:05:01,2025-10-10 01:05:01
10126551,6756409,16777473,2026-07-30 14:47:22,2026-07-30 16:05:01,2025-10-20 09:05:01
12438231,6756409,1,2026-07-30 01:05:01,2026-07-30 16:05:01,2025-10-13 01:05:01
10126551,6758654,16777473,2026-07-30 14:47:22,2026-07-30 16:05:01,2025-10-20 09:05:01
12438231,6758654,1,2026-07-30 01:05:01,2026-07-30 16:05:01,2025-10-18 01:05:01
10126551,6760978,16777473,2026-07-30 14:47:22,2026-07-29 08:05:01,2025-10-22 06:05:01
12438231,6760978,1,2026-07-30 01:05:01,2026-07-30 16:05:01,2025-10-22 01:05:01
10126551,6771834,16777473,2026-07-30 14:47:22,2026-07-30 16:05:01,2025-11-23 03:05:01
12438231,6771834,1,2026-07-30 01:05:01,2026-07-30 16:05:01,2025-11-14 01:05:01
27746861,6771834,1,2026-07-29 17:05:01,2026-07-30 16:05:01,2025-11-22 17:05:01
10126551,6772354,16777473,2026-07-30 14:47:22,2026-07-30 05:05:01,2025-11-15 21:05:01
12438231,6772354,1,2026-07-30 01:05:01,2026-07-30 16:05:01,2025-11-16 01:05:01
10126551,6773164,16777473,2026-07-30 14:47:22,2026-07-26 23:05:01,2025-12-01 21:05:01
12438231,6773164,1,2026-07-30 01:05:01,2026-07-30 16:05:01,2025-11-16 01:05:01
10126551,6773166,16777473,2026-07-30 14:47:22,2026-07-30 04:05:01,2025-12-01 21:05:01
12438231,6773166,1,2026-07-30 01:05:01,2026-07-30 16:05:01,2025-11-16 01:05:01
10126551,6773171,16777473,2026-07-30 14:47:22,2026-07-10 10:05:01,2025-11-23 21:05:01
12438231,6773171,1,2026-07-30 01:05:01,2026-07-30 16:05:01,2025-11-16 01:05:01
10126551,6776827,16777473,2026-07-30 14:47:22,2026-07-10 10:05:01,2026-04-05 20:05:02
12438231,6776827,1,2026-07-30 01:05:01,2026-07-30 16:05:01,2025-11-24 01:05:01
10126551,6776856,16777473,2026-07-30 14:47:22,2026-07-10 10:05:01,2026-02-04 15:05:01
12438231,6776856,1,2026-07-30 01:05:01,2026-07-30 16:05:01,2025-11-24 01:05:01
10126551,6778028,16777473,2026-07-30 14:47:22,2026-07-30 16:05:01,2026-02-04 20:05:01
12438231,6778028,1,2026-07-30 01:05:01,2026-07-30 16:05:01,2025-11-26 01:05:01
1140687,6779433,1,2026-07-30 00:05:01,2026-07-30 10:05:01,2025-12-01 00:05:01
10126551,6779433,16777473,2026-07-30 14:47:22,2026-07-29 06:05:01,2025-12-08 15:05:01
12438231,6779433,1,2026-07-30 01:05:01,2026-07-30 16:05:01,2025-12-01 01:05:01
10126551,6780118,16777473,2026-07-30 14:47:22,2026-07-28 04:05:01,2025-12-01 09:05:02
12438231,6780118,1,2026-07-30 01:05:01,2026-07-30 16:05:01,2025-12-01 01:05:01
10126551,6786916,16777473,2026-07-30 14:47:22,2026-07-10 10:05:01,2026-01-31 08:05:01
12438231,6786916,1,2026-07-30 01:05:01,2026-07-20 03:05:01,2025-12-15 01:05:01
10126551,6788662,16777473,2026-07-30 14:47:22,2026-07-30 01:05:01,2026-03-07 08:05:02
12438231,6788662,1,2026-07-30 01:05:01,2026-07-30 16:05:01,2025-12-18 01:05:01
10126551,6788680,16777473,2026-07-30 14:47:22,2026-07-30 04:05:01,2026-03-07 08:05:02
12438231,6788680,1,2026-07-30 01:05:01,2026-07-30 16:05:01,2025-12-18 01:05:01
27746861,6788680,1,2026-07-29 17:05:01,2026-07-30 16:05:01,2026-03-08 17:05:01
10126551,6792706,16777473,2026-07-30 14:47:22,2026-07-27 02:05:01,2026-03-07 19:05:01
12438231,6792706,1,2026-07-30 01:05:01,2026-07-30 16:05:01,2025-12-26 01:05:01
10126551,6792708,16777473,2026-07-30 14:47:22,2026-07-28 02:05:01,2026-03-07 08:05:02
12438231,6792708,1,2026-07-30 01:05:01,2026-07-30 16:05:01,2025-12-26 01:05:01
10126551,6817153,16777473,2026-07-30 14:47:22,2026-07-10 10:05:01,2026-03-07 16:05:01
12438231,6817153,1,2026-07-30 01:05:01,2026-07-30 16:05:01,2026-02-21 01:05:01
27746861,6817153,1,2026-07-29 17:05:01,2026-07-29 16:05:01,2026-03-08 17:05:01
10126551,6817943,16777473,2026-07-30 14:47:22,2026-07-10 10:05:01,2026-03-07 19:05:01
12438231,6817943,1,2026-07-30 01:05:01,2026-07-30 14:05:02,2026-02-16 18:09:15
10126551,6817949,16777473,2026-07-30 14:47:22,2026-07-10 10:05:01,2026-03-07 19:05:01
12438231,6817949,1,2026-07-30 01:05:01,2026-07-30 08:05:01,2026-02-16 18:09:15
10126551,6820459,16777473,2026-07-30 14:47:22,2026-07-24 04:05:01,2026-04-04 00:05:01
12438231,6820459,1,2026-07-30 01:05:01,2026-07-30 16:05:01,2026-03-17 01:05:01
10126551,6836136,16777473,2026-07-30 14:47:22,2026-07-30 10:05:01,2026-04-05 22:05:01
12438231,6836136,1,2026-07-30 01:05:01,2026-07-30 16:05:01,2026-03-27 01:05:01
10126551,6836407,16777473,2026-07-30 14:47:22,2026-07-10 10:05:01,2026-04-07 12:05:01
12438231,6836407,1,2026-07-30 01:05:01,2026-07-30 13:05:01,2026-03-28 01:05:01
10126551,6845436,16777473,2026-07-30 14:47:22,2026-07-30 16:05:01,2026-04-13 17:35:26
12438231,6845436,1,2026-07-30 01:05:01,2026-07-30 16:05:01,2026-04-16 01:05:01
10126551,6848249,16777473,2026-07-30 14:47:22,2026-07-10 10:05:01,2026-05-01 22:05:01
12438231,6848249,1,2026-07-30 01:05:01,2026-07-20 03:05:01,2026-04-21 01:05:02
10126551,6848470,16777473,2026-07-30 14:47:22,2026-07-30 04:05:01,2026-04-30 20:05:01
12438231,6848470,1,2026-07-30 01:05:01,2026-07-30 16:05:01,2026-04-22 01:05:01
