user_id,topic_id,status,last_update_time,last_seeded_time,first_update_time
4813816,2380443,1,2026-07-30 01:05:01,2026-07-30 16:05:01,2024-02-25 04:00:00
10008096,2380443,1,2026-06-20 12:05:01,2026-07-30 16:05:01,2024-02-07 09:47:00
10126551,2380443,16777473,2026-07-30 14:47:22,2026-07-30 08:05:01,2024-06-23 12:39:03
4813816,6616940,1,2026-07-30 01:05:01,2026-07-30 16:05:01,2024-12-21 07:39:35
5370951,6616940,1,2026-07-29 23:05:01,2026-07-30 16:05:01,2026-03-02 23:05:01
10126551,6616940,16777473,2026-07-30 14:47:22,2026-07-30 05:05:01,2025-01-27 16:05:01
4813816,6851788,1,2026-07-30 01:05:01,2026-07-30 16:05:01,2026-04-29 01:05:01
5370951,6851788,1,2026-07-29 23:05:01,2026-07-30 16:05:01,2026-05-24 23:05:01
10126551,6851788,16777473,2026-07-30 14:47:22,2026-07-30 00:05:01,2026-04-30 20:05:01
4813816,6060844,1,2026-07-30 01:05:01,2026-07-30 11:05:01,2024-02-25 04:00:00
10126551,6060844,16777473,2026-07-30 14:47:22,2026-07-22 01:05:01,2024-06-30 09:16:08
27746861,6060844,1,2026-07-29 17:05:01,2026-07-30 13:05:01,2024-02-21 14:19:00
4813816,6145498,1,2026-07-30 01:05:01,2026-07-30 16:05:01,2024-02-25 04:00:00
10126551,6145498,16777473,2026-07-30 14:47:22,2026-07-30 04:05:01,2024-06-29 12:38:54
27746861,6145498,1,2026-07-29 17:05:01,2026-07-30 16:05:01,2024-03-12 12:31:00
4813816,6724027,1,2026-07-30 01:05:01,2026-07-29 16:05:01,2025-07-26 01:05:01
5370951,6724027,1,2026-07-29 23:05:01,2026-07-30 16:05:01,2026-03-05 18:05:02
10126551,6724027,16777473,2026-07-30 14:47:22,2026-07-29 04:05:01,2025-08-20 21:05:01
4813816,5151903,1,2026-07-30 01:05:01,2026-07-30 16:05:01,2024-02-25 04:00:00
10126551,5151903,16777473,2026-07-30 14:47:22,2026-07-30 16:05:01,2024-06-22 16:39:40
27746861,5151903,1,2026-07-29 17:05:01,2026-07-30 16:05:01,2024-02-21 14:19:00
4813816,5411974,1,2026-07-30 01:05:01,2026-07-30 16:05:01,2024-02-25 04:00:00
10008096,5411974,1,2026-06-20 12:05:01,2026-07-30 16:05:01,2024-02-07 09:47:00
10126551,5411974,16777473,2026-07-30 14:47:22,2026-07-30 04:05:01,2024-06-23 12:39:03
4813816,5187644,1,2026-07-30 01:05:01,2026-07-30 16:05:01,2024-02-25 04:00:00
5370951,5187644,1,2026-07-29 23:05:01,2026-07-30 16:05:01,2026-04-02 23:05:01
10008096,5187644,1,2026-06-20 12:05:01,2026-07-30 16:05:01,2024-02-07 09:47:00
10126551,5187644,16777473,2026-07-30 14:47:22,2026-07-30 04:05:01,2024-06-21 12:38:56
4813816,4804181,1,2026-07-30 01:05:01,2026-07-30 16:05:01,2024-02-25 04:00:00
10008096,4804181,1,2026-06-20 12:05:01,2026-07-30 16:05:01,2024-02-07 09:47:00
10126551,4804181,16777473,2026-07-30 14:47:22,2026-07-30 04:05:01,2024-06-21 12:38:56
4813816,6875436,1,2026-07-30 01:05:01,2026-07-30 16:05:01,2026-06-27 01:05:01
5370951,6875436,1,2026-07-29 23:05:01,2026-07-30 16:05:01,2026-07-15 23:05:01
10126551,6875436,16777473,2026-07-30 14:47:22,2026-07-30 04:05:01,2026-06-26 19:05:02
4813816,6875786,1,2026-07-30 01:05:01,2026-07-30 16:05:01,2026-06-28 01:05:02
5370951,6875786,1,2026-07-29 23:05:01,2026-07-24 05:05:01,2026-07-18 23:05:01
10126551,6875786,16777473,2026-07-30 14:47:22,2026-07-30 07:05:01,2026-06-27 14:05:01
4813816,6875787,1,2026-07-30 01:05:01,2026-07-27 14:05:01,2026-06-28 01:05:02
10126551,6875787,16777473,2026-07-30 14:47:22,2026-07-26 04:05:01,2026-06-27 14:05:01
4813816,6857118,1,2026-07-30 01:05:01,2026-07-30 06:05:01,2026-05-11 01:05:01
10126551,6857118,16777473,2026-07-30 14:47:22,2026-07-29 03:05:01,2026-07-14 19:05:02
4813816,6883073,1,2026-07-30 01:05:01,2026-07-26 06:05:01,2026-07-17 01:05:01
10126551,6883073,16777473,2026-07-30 14:47:22,2026-07-26 04:05:01,2026-07-16 22:05:01
4813816,5409375,1,2026-07-30 01:05:01,2026-07-30 16:05:01,2024-02-25 04:00:00
10008096,5409375,1,2026-06-20 12:05:01,2026-07-30 16:05:01,2024-02-07 09:47:00
10126551,5409375,16777473,2026-07-30 14:47:22,2026-07-30 04:05:01,2024-06-23 12:39:03
4813816,5917081,1,2026-07-30 01:05:01,2026-07-30 16:05:01,2024-02-25 04:00:00
10126551,5917081,16777473,2026-07-30 14:47:22,2026-07-30 04:05:01,2024-06-30 11:39:25
27746861,5917081,1,2026-07-29 17:05:01,2026-07-30 16:05:01,2024-02-21 14:19:00
4813816,6622950,1,2026-07-30 01:05:01,2026-07-30 16:05:01,2025-01-03 05:28:34
5370951,6622950,1,2026-07-29 23:05:01,2026-07-30 16:05:01,2026-03-02 23:05:01
10126551,6622950,16777473,2026-07-30 14:47:22,2026-07-30 04:05:01,2025-01-27 16:05:01
4813816,2335061,1,2026-07-30 01:05:01,2026-07-30 16:05:01,2024-02-25 04:00:00
10008096,2335061,1,2026-06-20 12:05:01,2026-07-30 16:05:01,2024-02-07 09:47:00
10126551,2335061,16777473,2026-07-30 14:47:22,2026-07-30 16:05:01,2024-06-21 12:38:56
4813816,5954845,1,2026-07-30 01:05:01,2026-07-30 16:05:01,2024-02-25 04:00:00
6449581,5954845,1,2026-07-15 04:24:18,2026-07-30 13:05:01,2024-02-19 00:00:00
10126551,5954845,16777473,2026-07-30 14:47:22,2026-07-30 16:05:01,2024-06-21 12:38:56
4813816,5713662,1,2026-07-30 01:05:01,2026-07-30 16:05:01,2024-02-25 04:00:00
8381475,5713662,65537,2024-04-27 06:02:00,2026-07-30 16:05:01,2023-12-22 04:52:00
10008096,5713662,1,2026-06-20 12:05:01,2026-07-30 16:05:01,2024-02-07 09:47:00
10126551,5713662,16777473,2026-07-30 14:47:22,2026-07-30 04:05:01,2024-06-23 15:41:06
4813816,1302845,1,2026-07-30 01:05:01,2026-07-30 16:05:01,2024-02-25 04:00:00
10126551,1302845,16777473,2026-07-30 14:47:22,2026-07-30 04:05:01,2024-06-23 15:41:06
27746861,1302845,1,2026-07-29 17:05:01,2026-07-30 16:05:01,2024-02-21 14:19:00
4813816,4443625,1,2026-07-30 01:05:01,2026-07-30 16:05:01,2024-02-25 04:00:00
10126551,4443625,16777473,2026-07-30 14:47:22,2026-07-30 04:05:01,2024-06-23 15:41:06
27746861,4443625,1,2026-07-29 17:05:01,2026-07-30 16:05:01,2024-02-21 14:19:00
800366,5946311,65537,2024-06-04 21:00:00,2026-07-30 16:05:01,2024-01-07 18:49:00
4813816,5946311,1,2026-07-30 01:05:01,2026-07-30 08:05:01,2024-02-25 04:00:00
10126551,5946311,16777473,2026-07-30 14:47:22,2026-07-23 10:05:01,2024-06-28 08:43:22
27746861,5946311,1,2026-07-29 17:05:01,2026-07-30 16:05:01,2024-03-12 12:31:00
4813816,6658103,1,2026-07-30 01:05:01,2026-07-30 16:05:01,2025-03-09 03:05:01
5370951,6658103,1,2026-07-29 23:05:01,2026-07-30 16:05:01,2026-03-02 23:05:01
10126551,6658103,16777473,2026-07-30 14:47:22,2026-07-30 04:05:01,2025-03-06 22:05:01
4813816,604099,1,2026-07-30 01:05:01,2026-07-30 16:05:01,2024-02-25 04:00:00
5370951,604099,1,2026-07-29 23:05:01,2026-07-30 16:05:01,2026-04-02 23:05:01
10008096,604099,1,2026-06-20 12:05:01,2026-07-30 16:05:01,2024-02-07 09:47:00
10126551,604099,16777473,2026-07-30 14:47:22,2026-07-30 04:05:01,2024-06-21 12:38:56
4813816,5910673,1,2026-07-30 01:05:01,2026-07-30 16:05:01,2024-02-25 04:00:00
5370951,5910673,1,2026-07-29 23:05:01,2026-07-30 16:05:01,2026-04-02 23:05:01
6449581,5910673,1,2026-07-15 04:24:18,2026-07-30 12:05:01,2024-02-19 00:00:00
10126551,5910673,16777473,2026-07-30 14:47:22,2026-07-30 04:05:01,2024-06-21 12:38:56
4813816,6352884,1,2026-07-30 01:05:01,2026-07-30 16:05:01,2024-02-25 04:00:00
10126551,6352884,16777473,2026-07-30 14:47:22,2026-07-30 04:05:01,2024-06-23 08:40:03
27746861,6352884,1,2026-07-29 17:05:01,2026-07-30 16:05:01,2024-02-21 14:19:00
4813816,6255860,1,2026-07-30 01:05:01,2026-07-30 16:05:01,2024-02-25 04:00:00
5370951,6255860,1,2026-07-29 23:05:01,2026-07-30 16:05:01,2026-04-02 23:05:01
10126551,6255860,16777473,2026-07-30 14:47:22,2026-07-30 04:05:01,2024-06-22 19:39:45
27746861,6255860,1,2026-07-29 17:05:01,2026-07-30 16:05:01,2024-02-21 14:19:00
4813816,6301680,1,2026-07-30 01:05:01,2026-07-30 16:05:01,2024-02-25 04:00:00
10126551,6301680,16777473,2026-07-30 14:47:22,2026-07-30 04:05:01,2024-06-23 08:40:03
27746861,6301680,1,2026-07-29 17:05:01,2026-07-30 16:05:01,2024-02-21 14:19:00
4813816,6762564,1,2026-07-30 01:05:01,2026-07-30 16:05:01,2025-10-25 01:05:01
5370951,6762564,1,2026-07-29 23:05:01,2026-07-30 16:05:01,2026-03-05 18:05:02
10126551,6762564,16777473,2026-07-30 14:47:22,2026-07-30 04:05:01,2026-01-28 23:05:01
4813816,6249353,1,2026-07-30 01:05:01,2026-07-30 16:05:01,2024-02-25 04:00:00
10126551,6249353,16777473,2026-07-30 14:47:22,2026-07-28 02:05:01,2024-06-30 11:39:25
27746861,6249353,1,2026-07-29 17:05:01,2026-07-30 16:05:01,2024-02-21 14:19:00
4813816,5898159,1,2026-07-30 01:05:01,2026-07-30 16:05:01,2024-02-25 04:00:00
5220206,5898159,0,,2026-07-30 16:05:01,
10126551,5898159,16777473,2026-07-30 14:47:22,2026-07-28 02:05:01,2024-06-23 16:39:49
27746861,5898159,1,2026-07-29 17:05:01,2026-07-30 16:05:01,2024-03-12 12:31:00
4813816,6058013,1,2026-07-30 01:05:01,2026-07-30 16:05:01,2024-02-25 04:00:00
10126551,6058013,16777473,2026-07-30 14:47:22,2026-07-27 02:05:01,2024-06-29 12:38:54
27746861,6058013,1,2026-07-29 17:05:01,2026-07-30 16:05:01,2024-02-21 14:19:00
4813816,6561530,1,2026-07-30 01:05:01,2026-07-30 16:05:01,2024-08-12 09:29:08
5370951,6561530,1,2026-07-29 23:05:01,2026-07-30 16:05:01,2026-03-05 18:05:02
10126551,6561530,16777473,2026-07-30 14:47:22,2026-07-30 01:05:01,2024-09-28 11:05:01
4813816,5505073,1,2026-07-30 01:05:01,2026-07-30 08:05:01,2024-02-25 04:00:00
10126551,5505073,16777473,2026-07-30 14:47:22,2026-07-30 04:05:01,2024-06-23 13:38:59
27746861,5505073,1,2026-07-29 17:05:01,2026-07-30 10:05:01,2024-02-21 14:19:00
4813816,6310105,1,2026-07-30 01:05:01,2026-07-30 16:05:01,2024-02-25 04:00:00
10126551,6310105,16777473,2026-07-30 14:47:22,2026-07-30 05:05:01,2024-06-28 08:43:22
27746861,6310105,1,2026-07-29 17:05:01,2026-07-30 16:05:01,2024-02-21 14:19:00
4813816,6363110,1,2026-07-30 01:05:01,2026-07-30 16:05:01,2024-02-25 04:00:00
10126551,6363110,16777473,2026-07-30 14:47:22,2026-07-30 01:05:01,2024-06-30 11:39:25
27746861,6363110,1,2026-07-29 17:05:01,2026-07-30 16:05:01,2024-02-21 14:19:00
4813816,6380986,1,2026-07-30 01:05:01,2026-07-30 16:05:01,2024-02-25 04:00:00
10126551,6380986,16777473,2026-07-30 14:47:22,2026-07-30 01:05:01,2024-06-30 11:39:25
27746861,6380986,1,2026-07-29 17:05:01,2026-07-30 16:05:01,2024-02-21 14:19:00
4813816,6866475,1,2026-07-30 01:05:01,2026-07-30 16:05:01,2026-06-04 01:05:01
5370951,6866475,1,2026-07-29 23:05:01,2026-07-30 16:05:01,2026-06-15 23:05:01
10126551,6866475,16777473,2026-07-30 14:47:22,2026-07-27 03:05:01,2026-06-03 18:05:01
4813816,4513525,1,2026-07-30 01:05:01,2026-07-30 16:05:01,2024-02-25 04:00:00
10126551,4513525,16777473,2026-07-30 14:47:22,2026-07-28 04:05:01,2024-06-23 15:41:06
27746861,4513525,1,2026-07-29 17:05:01,2026-07-30 16:05:01,2024-02-21 14:19:00
800366,4587543,65537,2024-06-04 21:00:00,2026-07-30 16:05:01,2024-01-07 18:49:00
4813816,4587543,1,2026-07-30 01:05:01,2026-07-30 16:05:01,2024-02-25 04:00:00
10126551,4587543,16777473,2026-07-30 14:47:22,2026-07-30 04:05:01,2024-06-23 15:41:06
4813816,3859808,1,2026-07-30 01:05:01,2026-07-30 16:05:01,2024-02-25 04:00:00
10126551,3859808,16777473,2026-07-30 14:47:22,2026-07-30 04:05:01,2024-06-23 15:41:06
27746861,3859808,1,2026-07-29 17:05:01,2026-07-30 16:05:01,2024-02-21 14:19:00
800366,4795895,65537,2024-06-04 21:00:00,2026-07-30 16:05:01,2024-01-07 18:49:00
4813816,4795895,1,2026-07-30 01:05:01,2026-07-30 16:05:01,2024-02-25 04:00:00
10126551,4795895,16777473,2026-07-30 14:47:22,2026-07-30 04:05:01,2024-06-23 15:41:06
4813816,3434190,1,2026-07-30 01:05:01,2026-07-30 16:05:01,2024-02-25 04:00:00
10126551,3434190,16777473,2026-07-30 14:47:22,2026-07-30 04:05:01,2024-06-23 15:41:06
27746861,3434190,1,2026-07-29 17:05:01,2026-07-30 16:05:01,2024-02-21 14:19:00
4813816,3418325,1,2026-07-30 01:05:01,2026-07-30 16:05:01,2024-02-25 04:00:00
10126551,3418325,16777473,2026-07-30 14:47:22,2026-07-30 04:05:01,2024-06-23 15:41:06
27746861,3418325,1,2026-07-29 17:05:01,2026-07-30 16:05:01,2024-02-21 14:19:00
4813816,2870747,1,2026-07-30 01:05:01,2026-07-30 16:05:01,2024-02-25 04:00:00
10126551,2870747,16777473,2026-07-30 14:47:22,2026-07-30 04:05:01,2024-06-23 15:41:06
27746861,2870747,1,2026-07-29 17:05:01,2026-07-30 16:05:01,2024-02-21 14:19:00
4813816,2777803,1,2026-07-30 01:05:01,2026-07-30 16:05:01,2024-02-25 04:00:00
10126551,2777803,16777473,2026-07-30 14:47:22,2026-07-30 04:05:01,2024-06-23 15:41:06
27746861,2777803,1,2026-07-29 17:05:01,2026-07-30 16:05:01,2024-02-21 14:19:00
4813816,3343537,1,2026-07-30 01:05:01,2026-07-30 16:05:01,2024-02-25 04:00:00
10126551,3343537,16777473,2026-07-30 14:47:22,2026-07-30 04:05:01,2024-06-24 17:42:54
27746861,3343537,1,2026-07-29 17:05:01,2026-07-30 16:05:01,2024-02-21 14:19:00
4813816,1937077,1,2026-07-30 01:05:01,2026-07-30 16:05:01,2024-02-25 04:00:00
10126551,1937077,16777473,2026-07-30 14:47:22,2026-07-30 04:05:01,2024-06-23 15:41:06
27746861,1937077,1,2026-07-29 17:05:01,2026-07-30 16:05:01,2024-02-21 14:19:00
4813816,5989358,1,2026-07-30 01:05:01,2026-07-30 16:05:01,2024-02-25 04:00:00
5370951,5989358,1,2026-07-29 23:05:01,2026-07-30 16:05:01,2026-04-02 23:05:01
10126551,5989358,16777473,2026-07-30 14:47:22,2026-07-30 04:05:01,2024-06-21 12:38:56
27746861,5989358,1,2026-07-29 17:05:01,2026-07-30 16:05:01,2024-02-21 14:19:00
4813816,4431893,1,2026-07-30 01:05:01,2026-07-30 16:05:01,2024-02-25 04:00:00
10126551,4431893,16777473,2026-07-30 14:47:22,2026-07-30 04:05:01,2024-06-23 15:41:06
27746861,4431893,1,2026-07-29 17:05:01,2026-07-30 16:05:01,2024-02-21 14:19:00
4813816,4055047,1,2026-07-30 01:05:01,2026-07-30 16:05:01,2024-02-25 04:00:00
10126551,4055047,16777473,2026-07-30 14:47:22,2026-07-30 04:05:01,2024-06-23 15:41:06
27746861,4055047,1,2026-07-29 17:05:01,2026-07-30 16:05:01,2024-02-21 14:19:00
4813816,1974814,1,2026-07-30 01:05:01,2026-07-30 16:05:01,2024-02-25 04:00:00
10126551,1974814,16777473,2026-07-30 14:47:22,2026-07-30 04:05:01,2024-06-23 15:41:06
27746861,1974814,1,2026-07-29 17:05:01,2026-07-30 16:05:01,2024-02-21 14:19:00
4813816,2577282,1,2026-07-30 01:05:01,2026-07-30 16:05:01,2024-02-25 04:00:00
10126551,2577282,16777473,2026-07-30 14:47:22,2026-07-30 04:05:01,2024-06-23 15:41:06
27746861,2577282,1,2026-07-29 17:05:01,2026-07-30 16:05:01,2024-02-21 14:19:00
4813816,3520775,1,2026-07-30 01:05:01,2026-07-30 16:05:01,2024-02-25 04:00:00
10126551,3520775,16777473,2026-07-30 14:47:22,2026-07-30 04:05:01,2024-06-23 15:41:06
27746861,3520775,1,2026-07-29 17:05:01,2026-07-30 16:05:01,2024-02-21 14:19:00
4813816,4049057,1,2026-07-30 01:05:01,2026-07-30 16:05:01,2024-02-25 04:00:00
10126551,4049057,16777473,2026-07-30 14:47:22,2026-07-30 04:05:01,2024-06-23 15:41:06
27746861,4049057,1,2026-07-29 17:05:01,2026-07-30 16:05:01,2024-02-21 14:19:00
4813816,3872717,1,2026-07-30 01:05:01,2026-07-30 16:05:01,2024-02-25 04:00:00
10126551,3872717,16777473,2026-07-30 14:47:22,2026-07-30 04:05:01,2024-06-23 15:41:06
27746861,3872717,1,2026-07-29 17:05:01,2026-07-30 16:05:01,2024-02-21 14:19:00
4813816,4079060,1,2026-07-30 01:05:01,2026-07-30 16:05:01,2024-02-25 04:00:00
10126551,4079060,16777473,2026-07-30 14:47:22,2026-07-30 04:05:01,2024-06-24 17:42:54
27746861,4079060,1,2026-07-29 17:05:01,2026-07-30 16:05:01,2024-02-21 14:19:00
4813816,4484983,1,2026-07-30 01:05:01,2026-07-30 16:05:01,2024-02-25 04:00:00
10126551,4484983,16777473,2026-07-30 14:47:22,2026-07-30 04:05:01,2024-06-23 15:41:06
27746861,4484983,1,2026-07-29 17:05:01,2026-07-30 16:05:01,2024-02-21 14:19:00
800366,4736684,65537,2024-06-04 21:00:00,2026-07-30 16:05:01,2024-01-07 18:49:00
4813816,4736684,1,2026-07-30 01:05:01,2026-07-30 16:05:01,2024-02-25 04:00:00
10126551,4736684,16777473,2026-07-30 14:47:22,2026-07-30 04:05:01,2024-06-23 15:41:06
800366,4621171,65537,2024-06-04 21:00:00,2026-07-30 16:05:01,2024-01-07 18:49:00
4813816,4621171,1,2026-07-30 01:05:01,2026-07-30 16:05:01,2024-02-25 04:00:00
10126551,4621171,16777473,2026-07-30 14:47:22,2026-07-30 04:05:01,2024-06-23 15:41:06
800366,4834671,65537,2024-06-04 21:00:00,2026-07-30 16:05:01,2024-01-07 18:49:00
4813816,4834671,1,2026-07-30 01:05:01,2026-07-30 16:05:01,2024-02-25 04:00:00
10126551,4834671,16777473,2026-07-30 14:47:22,2026-07-30 04:05:01,2024-06-23 15:41:06
4813816,2773390,1,2026-07-30 01:05:01,2026-07-30 16:05:01,2024-02-25 04:00:00
10126551,2773390,16777473,2026-07-30 14:47:22,2026-07-30 04:05:01,2024-06-23 15:41:06
27746861,2773390,1,2026-07-29 17:05:01,2026-07-30 16:05:01,2024-02-21 14:19:00
4813816,4608708,1,2026-07-30 01:05:01,2026-07-30 16:05:01,2024-02-25 04:00:00
10126551,4608708,16777473,2026-07-30 14:47:22,2026-07-30 04:05:01,2024-06-23 15:41:06
27746861,4608708,1,2026-07-29 17:05:01,2026-07-30 16:05:01,2024-02-21 14:19:00
800366,4791184,65537,2024-06-04 21:00:00,2026-07-30 16:05:01,2024-01-07 18:49:00
4813816,4791184,1,2026-07-30 01:05:01,2026-07-30 16:05:01,2024-02-25 04:00:00
10126551,4791184,16777473,2026-07-30 14:47:22,2026-07-30 04:05:01,2024-06-23 15:41:06
4813816,4234354,1,2026-07-30 01:05:01,2026-07-30 16:05:01,2024-02-25 04:00:00
10126551,4234354,16777473,2026-07-30 14:47:22,2026-07-30 04:05:01,2024-06-23 15:41:06
27746861,4234354,1,2026-07-29 17:05:01,2026-07-30 16:05:01,2024-02-21 14:19:00
4813816,2853246,1,2026-07-30 01:05:01,2026-07-30 16:05:01,2024-02-25 04:00:00
10126551,2853246,16777473,2026-07-30 14:47:22,2026-07-30 04:05:01,2024-06-23 15:41:06
27746861,2853246,1,2026-07-29 17:05:01,2026-07-30 16:05:01,2024-02-21 14:19:00
4813816,3869187,1,2026-07-30 01:05:01,2026-07-30 16:05:01,2024-02-25 04:00:00
5370951,3869187,1,2026-07-29 23:05:01,2026-07-30 16:05:01,2026-04-02 23:05:01
10008096,3869187,1,2026-06-20 12:05:01,2026-07-30 16:05:01,2024-02-07 09:47:00
10126551,3869187,16777473,2026-07-30 14:47:22,2026-07-30 04:05:01,2024-06-21 12:38:56
4813816,4086609,1,2026-07-30 01:05:01,2026-07-30 16:05:01,2024-02-25 04:00:00
5370951,4086609,1,2026-07-29 23:05:01,2026-07-30 16:05:01,2026-04-02 23:05:01
10008096,4086609,1,2026-06-20 12:05:01,2026-07-30 16:05:01,2024-02-07 09:47:00
10126551,4086609,16777473,2026-07-30 14:47:22,2026-07-30 04:05:01,2024-06-21 12:38:56
4813816,4206850,1,2026-07-30 01:05:01,2026-07-30 16:05:01,2024-02-25 04:00:00
10126551,4206850,16777473,2026-07-30 14:47:22,2026-07-30 04:05:01,2024-06-23 15:41:06
27746861,4206850,1,2026-07-29 17:05:01,2026-07-30 16:05:01,2024-02-21 14:19:00
4813816,4251719,1,2026-07-30 01:05:01,2026-07-30 16:05:01,2024-02-25 04:00:00
10126551,4251719,16777473,2026-07-30 14:47:22,2026-07-30 04:05:01,2024-06-23 15:41:06
27746861,4251719,1,2026-07-29 17:05:01,2026-07-30 16:05:01,2024-02-21 14:19:00
4813816,2373770,1,2026-07-30 01:05:01,2026-07-30 16:05:01,2024-02-25 04:00:00
10126551,2373770,16777473,2026-07-30 14:47:22,2026-07-30 04:05:01,2024-06-23 15:41:06
27746861,2373770,1,2026-07-29 17:05:01,2026-07-30 16:05:01,2024-02-21 14:19:00
4813816,6311055,1,2026-07-30 01:05:01,2026-07-30 16:05:01,2024-02-25 04:00:00
5370951,6311055,1,2026-07-29 23:05:01,2026-07-30 16:05:01,2026-04-02 23:05:01
10126551,6311055,16777473,2026-07-30 14:47:22,2026-07-30 04:05:01,2024-06-23 12:39:03
27746861,6311055,1,2026-07-29 17:05:01,2026-07-30 16:05:01,2024-02-21 14:19:00
4813816,6246384,1,2026-07-30 01:05:01,2026-07-30 16:05:01,2024-02-25 04:00:00
10126551,6246384,16777473,2026-07-30 14:47:22,2026-07-30 04:05:01,2024-06-28 08:43:22
27746861,6246384,1,2026-07-29 17:05:01,2026-07-30 16:05:01,2024-02-21 14:19:00
4813816,5358626,1,2026-07-30 01:05:01,2026-07-30 16:05:01,2024-02-25 04:00:00
10008096,5358626,1,2026-06-20 12:05:01,2026-07-30 16:05:01,2024-02-07 09:47:00
10126551,5358626,16777473,2026-07-30 14:47:22,2026-07-30 16:05:01,2024-06-21 12:38:56
4813816,5137498,1,2026-07-30 01:05:01,2026-07-30 16:05:01,2024-02-25 04:00:00
10008096,5137498,1,2026-06-20 12:05:01,2026-07-30 16:05:01,2024-02-07 09:47:00
10126551,5137498,16777473,2026-07-30 14:47:22,2026-07-30 16:05:01,2024-06-23 12:39:03
800366,4654581,65537,2024-06-04 21:00:00,2026-07-30 16:05:01,2024-01-07 18:49:00
4813816,4654581,1,2026-07-30 01:05:01,2026-07-30 16:05:01,2024-02-25 04:00:00
10126551,4654581,16777473,2026-07-30 14:47:22,2026-07-30 04:05:01,2024-06-23 15:41:06
27746861,4654581,1,2026-07-29 17:05:01,2026-07-30 16:05:01,2024-02-21 14:19:00
4813816,3693305,1,2026-07-30 01:05:01,2026-07-30 16:05:01,2024-02-25 04:00:00
5370951,3693305,1,2026-07-29 23:05:01,2026-07-30 16:05:01,2026-04-02 23:05:01
10008096,3693305,1,2026-06-20 12:05:01,2026-07-30 16:05:01,2024-02-07 09:47:00
10126551,3693305,16777473,2026-07-30 14:47:22,2026-07-30 04:05:01,2024-06-21 12:38:56
4813816,5130997,1,2026-07-30 01:05:01,2026-07-30 16:05:01,2024-02-25 04:00:00
10008096,5130997,1,2026-06-20 12:05:01,2026-07-30 16:05:01,2024-02-07 09:47:00
10126551,5130997,16777473,2026-07-30 14:47:22,2026-07-30 16:05:01,2024-06-21 12:38:56
4813816,3867036,1,2026-07-30 01:05:01,2026-07-30 16:05:01,2024-02-25 04:00:00
5370951,3867036,1,2026-07-29 23:05:01,2026-07-30 16:05:01,2026-04-02 23:05:01
6449581,3867036,1,2026-07-15 04:24:18,2026-07-30 12:05:01,2024-02-19 00:00:00
10126551,3867036,16777473,2026-07-30 14:47:22,2026-07-30 16:05:01,2024-06-22 04:38:00
4813816,3635915,1,2026-07-30 01:05:01,2026-07-30 16:05:01,2024-02-25 04:00:00
10126551,3635915,16777473,2026-07-30 14:47:22,2026-07-30 04:05:01,2024-06-23 15:41:06
27746861,3635915,1,2026-07-29 17:05:01,2026-07-30 16:05:01,2024-02-21 14:19:00
4813816,3456838,1,2026-07-30 01:05:01,2026-07-30 16:05:01,2024-02-25 04:00:00
5370951,3456838,1,2026-07-29 23:05:01,2026-07-30 16:05:01,2026-04-02 23:05:01
10008096,3456838,1,2026-06-20 12:05:01,2026-07-30 16:05:01,2024-02-07 09:47:00
10126551,3456838,16777473,2026-07-30 14:47:22,2026-07-30 04:05:01,2024-06-21 12:38:56
4813816,5105004,1,2026-07-30 01:05:01,2026-07-30 16:05:01,2024-02-25 04:00:00
5370951,5105004,1,2026-07-29 23:05:01,2026-07-30 16:05:01,2026-04-02 23:05:01
10008096,5105004,1,2026-06-20 12:05:01,2026-07-30 16:05:01,2024-02-07 09:47:00
10126551,5105004,16777473,2026-07-30 14:47:22,2026-07-30 04:05:01,2024-06-21 12:38:56
4813816,2785336,1,2026-07-30 01:05:01,2026-07-30 16:05:01,2024-02-25 04:00:00
10008096,2785336,1,2026-06-20 12:05:01,2026-07-30 16:05:01,2024-02-07 09:47:00
10126551,2785336,16777473,2026-07-30 14:47:22,2026-07-30 04:05:01,2024-06-23 15:41:06
4813816,6517431,1,2026-07-30 01:05:01,2026-07-30 16:05:01,2024-05-24 03:00:00
10126551,6517431,16777473,2026-07-30 14:47:22,2026-07-28 02:05:01,2024-06-21 12:38:56
27746861,6517431,1,2026-07-29 17:05:01,2026-07-30 16:05:01,2024-05-23 18:53:53
4813816,955988,1,2026-07-30 01:05:01,2026-07-30 16:05:01,2024-02-25 04:00:00
5370951,955988,1,2026-07-29 23:05:01,2026-07-30 16:05:01,2026-04-02 23:05:01
10008096,955988,1,2026-06-20 12:05:01,2026-07-30 16:05:01,2024-02-07 09:47:00
10126551,955988,16777473,2026-07-30 14:47:22,2026-07-30 04:05:01,2024-06-21 12:38:56
800366,4613961,65537,2024-06-04 21:00:00,2026-07-30 16:05:01,2024-01-07 18:49:00
4813816,4613961,1,2026-07-30 01:05:01,2026-07-30 16:05:01,2024-02-25 04:00:00
10126551,4613961,16777473,2026-07-30 14:47:22,2026-07-30 04:05:01,2024-06-23 15:41:06
27746861,4613961,1,2026-07-29 17:05:01,2026-07-30 16:05:01,2024-02-21 14:19:00
4813816,4029129,1,2026-07-30 01:05:01,2026-07-30 16:05:01,2024-02-25 04:00:00
5370951,4029129,1,2026-07-29 23:05:01,2026-07-30 16:05:01,2026-04-02 23:05:01
10008096,4029129,1,2026-06-20 12:05:01,2026-07-30 16:05:01,2024-02-07 09:47:00
10126551,4029129,16777473,2026-07-30 14:47:22,2026-07-30 04:05:01,2024-06-21 12:38:56
4813816,592131,1,2026-07-30 01:05:01,2026-07-30 16:05:01,2024-02-25 04:00:00
5370951,592131,1,2026-07-29 23:05:01,2026-07-30 16:05:01,2026-04-02 23:05:01
10008096,592131,1,2026-06-20 12:05:01,2026-07-30 16:05:01,2024-02-07 09:47:00
10126551,592131,16777473,2026-07-30 14:47:22,2026-07-30 04:05:01,2024-06-21 12:38:56
4813816,5033250,1,2026-07-30 01:05:01,2026-07-30 16:05:01,2024-02-25 04:00:00
5370951,5033250,1,2026-07-29 23:05:01,2026-07-30 16:05:01,2026-04-02 23:05:01
10008096,5033250,1,2026-06-20 12:05:01,2026-07-30 16:05:01,2024-02-07 09:47:00
10126551,5033250,16777473,2026-07-30 14:47:22,2026-07-30 04:05:01,2024-06-22 04:38:00
4813816,5713975,1,2026-07-30 01:05:01,2026-07-30 16:05:01,2024-02-25 04:00:00
5370951,5713975,1,2026-07-29 23:05:01,2026-07-30 16:05:01,2026-04-02 23:05:01
6449581,5713975,1,2026-07-15 04:24:18,2026-07-30 12:05:01,2024-02-19 00:00:00
10126551,5713975,16777473,2026-07-30 14:47:22,2026-07-30 16:05:01,2024-06-23 12:39:03
4813816,5737535,1,2026-07-30 01:05:01,2026-07-30 16:05:01,2024-02-25 04:00:00
6449581,5737535,1,2026-07-15 04:24:18,2026-07-30 12:05:01,2024-02-19 00:00:00
10126551,5737535,16777473,2026-07-30 14:47:22,2026-07-30 14:05:02,2024-06-21 12:38:56
4813816,6532861,1,2026-07-30 01:05:01,2026-07-30 16:05:01,2024-07-31 15:06:19
5370951,6532861,1,2026-07-29 23:05:01,2026-07-30 16:05:01,2026-03-02 23:05:01
10126551,6532861,16777473,2026-07-30 14:47:22,2026-07-28 02:05:01,2024-09-27 19:05:01
22521020,6532861,1,2025-12-08 19:05:01,2026-07-07 10:05:01,2025-02-23 14:05:02
4813816,6534163,1,2026-07-30 01:05:01,2026-07-30 11:05:01,2024-07-31 15:06:03
5370951,6534163,1,2026-07-29 23:05:01,2026-07-30 16:05:01,2026-03-16 23:05:01
10126551,6534163,16777473,2026-07-30 14:47:22,2026-07-28 02:05:01,2024-09-27 19:05:01
4813816,6534166,1,2026-07-30 01:05:01,2026-07-30 16:05:01,2024-07-31 15:07:45
5370951,6534166,1,2026-07-29 23:05:01,2026-07-30 16:05:01,2026-03-02 23:05:01
10126551,6534166,16777473,2026-07-30 14:47:22,2026-07-28 02:05:01,2024-09-27 19:05:01
4813816,6529944,1,2026-07-30 01:05:01,2026-07-30 16:05:01,2024-07-31 15:05:28
5370951,6529944,1,2026-07-29 23:05:01,2026-07-30 16:05:01,2026-03-02 23:05:01
10126551,6529944,16777473,2026-07-30 14:47:22,2026-07-30 04:05:01,2024-09-28 07:05:01
4813816,6532243,1,2026-07-30 01:05:01,2026-07-30 16:05:01,2024-07-31 15:06:07
5370951,6532243,1,2026-07-29 23:05:01,2026-07-30 16:05:01,2026-03-02 23:05:01
10126551,6532243,16777473,2026-07-30 14:47:22,2026-07-30 04:05:01,2024-09-28 11:05:01
4813816,6538695,1,2026-07-30 01:05:01,2026-07-30 16:05:01,2024-07-31 14:59:30
5370951,6538695,1,2026-07-29 23:05:01,2026-07-30 16:05:01,2026-04-02 23:05:01
10126551,6538695,16777473,2026-07-30 14:47:22,2026-07-10 10:05:01,2024-09-28 11:05:01
4813816,4684672,1,2026-07-30 01:05:01,2026-07-30 16:05:01,2024-02-25 04:00:00
5370951,4684672,1,2026-07-29 23:05:01,2026-07-30 16:05:01,2026-04-02 23:05:01
10008096,4684672,1,2026-06-20 12:05:01,2026-07-30 16:05:01,2024-02-07 09:47:00
10126551,4684672,16777473,2026-07-30 14:47:22,2026-07-30 04:05:01,2024-06-21 23:38:33
4813816,5774429,1,2026-07-30 01:05:01,2026-07-30 16:05:01,2024-02-25 04:00:00
10126551,5774429,16777473,2026-07-30 14:47:22,2026-07-30 16:05:01,2024-06-21 12:38:56
27746861,5774429,1,2026-07-29 17:05:01,2026-07-30 16:05:01,2024-02-21 14:19:00
4813816,4528665,1,2026-07-30 01:05:01,2026-07-30 16:05:01,2024-02-25 04:00:00
5370951,4528665,1,2026-07-29 23:05:01,2026-07-30 16:05:01,2026-04-02 23:05:01
10008096,4528665,1,2026-06-20 12:05:01,2026-07-30 16:05:01,2024-02-07 09:47:00
10126551,4528665,16777473,2026-07-30 14:47:22,2026-07-30 04:05:01,2024-06-21 12:38:56
4813816,5781173,1,2026-07-30 01:05:01,2026-07-30 16:05:01,2024-02-25 04:00:00
5370951,5781173,1,2026-07-29 23:05:01,2026-07-30 16:05:01,2026-04-02 23:05:01
10008096,5781173,1,2026-06-20 12:05:01,2026-07-30 16:05:01,2024-02-07 09:47:00
10126551,5781173,16777473,2026-07-30 14:47:22,2026-07-30 04:05:01,2024-06-21 12:38:56
4813816,1102190,1,2026-07-30 01:05:01,2026-07-30 16:05:01,2024-02-25 04:00:00
10126551,1102190,16777473,2026-07-30 14:47:22,2026-07-30 04:05:01,2024-06-23 15:41:06
27746861,1102190,1,2026-07-29 17:05:01,2026-07-30 16:05:01,2024-02-21 14:19:00
4813816,3311191,1,2026-07-30 01:05:01,2026-07-30 16:05:01,2024-02-25 04:00:00
5370951,3311191,1,2026-07-29 23:05:01,2026-07-30 16:05:01,2026-04-02 23:05:01
10008096,3311191,1,2026-06-20 12:05:01,2026-07-30 16:05:01,2024-02-07 09:47:00
10126551,3311191,16777473,2026-07-30 14:47:22,2026-07-30 04:05:01,2024-06-21 12:38:56
4813816,601186,1,2026-07-30 01:05:01,2026-07-30 16:05:01,2024-02-25 04:00:00
5370951,601186,1,2026-07-29 23:05:01,2026-07-30 16:05:01,2026-04-02 23:05:01
10008096,601186,1,2026-06-20 12:05:01,2026-07-30 16:05:01,2024-02-07 09:47:00
10126551,601186,16777473,2026-07-30 14:47:22,2026-07-28 02:05:01,2024-06-21 12:38:56
4813816,5400629,1,2026-07-30 01:05:01,2026-07-30 16:05:01,2024-02-25 04:00:00
5370951,5400629,1,2026-07-29 23:05:01,2026-07-30 16:05:01,2026-04-02 23:05:01
10008096,5400629,1,2026-06-20 12:05:01,2026-07-30 16:05:01,2024-02-07 09:47:00
10126551,5400629,16777473,2026-07-30 14:47:22,2026-07-30 04:05:01,2024-06-22 04:38:00
4813816,362861,1,2026-07-30 01:05:01,2026-07-30 16:05:01,2024-02-25 04:00:00
5370951,362861,1,2026-07-29 23:05:01,2026-07-30 16:05:01,2026-04-02 23:05:01
10008096,362861,1,2026-06-20 12:05:01,2026-07-30 16:05:01,2024-02-07 09:47:00
10126551,362861,16777473,2026-07-30 14:47:22,2026-07-30 04:05:01,2024-06-21 12:38:56
4813816,1930415,1,2026-07-30 01:05:01,2026-07-30 16:05:01,2024-02-25 04:00:00
5370951,1930415,1,2026-07-29 23:05:01,2026-07-30 16:05:01,2026-04-02 23:05:01
10008096,1930415,1,2026-06-20 12:05:01,2026-07-30 16:05:01,2024-02-07 09:47:00
10126551,1930415,16777473,2026-07-30 14:47:22,2026-07-30 04:05:01,2024-06-21 12:38:56
4813816,6054963,1,2026-07-30 01:05:01,2026-07-30 16:05:01,2024-02-25 04:00:00
5370951,6054963,1,2026-07-29 23:05:01,2026-07-30 16:05:01,2026-04-02 23:05:01
6449581,6054963,1,2026-07-15 04:24:18,2026-07-30 13:05:01,2024-02-19 00:00:00
10126551,6054963,16777473,2026-07-30 14:47:22,2026-07-30 04:05:01,2024-06-21 12:38:56
800366,4722824,65537,2024-06-04 21:00:00,2026-07-30 16:05:01,2024-01-07 18:49:00
4813816,4722824,1,2026-07-30 01:05:01,2026-07-30 16:05:01,2024-02-25 04:00:00
10126551,4722824,16777473,2026-07-30 14:47:22,2026-07-30 04:05:01,2024-06-23 15:41:06
4813816,3562266,1,2026-07-30 01:05:01,2026-07-30 16:05:01,2024-02-25 04:00:00
5370951,3562266,1,2026-07-29 23:05:01,2026-07-30 16:05:01,2026-04-02 23:05:01
10008096,3562266,1,2026-06-20 12:05:01,2026-07-30 16:05:01,2024-02-07 09:47:00
10126551,3562266,16777473,2026-07-30 14:47:22,2026-07-30 04:05:01,2024-06-21 12:38:56
4813816,3329363,1,2026-07-30 01:05:01,2026-07-30 16:05:01,2025-02-07 03:05:01
10008096,3329363,1,2026-06-20 12:05:01,2026-07-30 16:05:01,2025-02-15 02:04:18
10126551,3329363,16777473,2026-07-30 14:47:22,2026-07-30 04:05:01,2025-02-08 12:05:02
4813816,3666161,1,2026-07-30 01:05:01,2026-07-30 16:05:01,2024-02-25 04:00:00
5370951,3666161,1,2026-07-29 23:05:01,2026-07-30 16:05:01,2026-04-02 23:05:01
10008096,3666161,1,2026-06-20 12:05:01,2026-07-30 16:05:01,2024-02-07 09:47:00
10126551,3666161,16777473,2026-07-30 14:47:22,2026-07-30 04:05:01,2024-06-21 12:38:56
4813816,3337027,1,2026-07-30 01:05:01,2026-07-30 16:05:01,2024-02-25 04:00:00
5370951,3337027,1,2026-07-29 23:05:01,2026-07-30 16:05:01,2026-04-02 23:05:01
10008096,3337027,1,2026-06-20 12:05:01,2026-07-30 16:05:01,2024-02-07 09:47:00
10126551,3337027,16777473,2026-07-30 14:47:22,2026-07-30 04:05:01,2024-06-21 23:38:33
4813816,5944328,1,2026-07-30 01:05:01,2026-07-30 16:05:01,2024-02-25 04:00:00
5370951,5944328,1,2026-07-29 23:05:01,2026-07-30 16:05:01,2026-04-02 23:05:01
10008096,5944328,1,2026-06-20 12:05:01,2026-07-30 16:05:01,2024-02-07 09:47:00
10126551,5944328,16777473,2026-07-30 14:47:22,2026-07-30 04:05:01,2024-06-21 12:38:56
4813816,2163079,1,2026-07-30 01:05:01,2026-07-30 16:05:01,2024-02-25 04:00:00
5370951,2163079,1,2026-07-29 23:05:01,2026-07-30 16:05:01,2026-04-02 23:05:01
10008096,2163079,1,2026-06-20 12:05:01,2026-07-30 16:05:01,2024-02-07 09:47:00
10126551,2163079,16777473,2026-07-30 14:47:22,2026-07-30 04:05:01,2024-06-21 12:38:56
800366,5587536,65537,2024-06-04 21:00:00,2026-07-30 16:05:01,2024-01-07 18:49:00
4813816,5587536,1,2026-07-30 01:05:01,2026-07-30 16:05:01,2024-02-25 04:00:00
10126551,5587536,16777473,2026-07-30 14:47:22,2026-07-30 04:05:01,2024-06-23 15:41:06
27746861,5587536,1,2026-07-29 17:05:01,2026-07-30 16:05:01,2024-02-21 14:19:00
4813816,4543090,1,2026-07-30 01:05:01,2026-07-30 16:05:01,2024-02-25 04:00:00
10126551,4543090,16777473,2026-07-30 14:47:22,2026-07-30 04:05:01,2024-06-23 16:39:49
27746861,4543090,1,2026-07-29 17:05:01,2026-07-30 16:05:01,2024-02-21 14:19:00
800366,4945172,65537,2024-06-04 21:00:00,2026-07-30 16:05:01,2024-01-07 18:49:00
4813816,4945172,1,2026-07-30 01:05:01,2026-07-30 16:05:01,2024-02-25 04:00:00
10126551,4945172,16777473,2026-07-30 14:47:22,2026-07-30 04:05:01,2024-06-23 15:41:06
27746861,4945172,1,2026-07-29 17:05:01,2026-07-30 16:05:01,2024-02-21 14:19:00
4813816,3692873,1,2026-07-30 01:05:01,2026-07-30 16:05:01,2024-02-25 04:00:00
10008096,3692873,1,2026-06-20 12:05:01,2026-07-30 16:05:01,2024-02-07 09:47:00
10126551,3692873,16777473,2026-07-30 14:47:22,2026-07-30 16:05:01,2024-06-23 12:39:03
4813816,5303054,1,2026-07-30 01:05:01,2026-07-30 16:05:01,2024-02-25 04:00:00
10008096,5303054,1,2026-06-20 12:05:01,2026-07-30 16:05:01,2024-02-07 09:47:00
10126551,5303054,16777473,2026-07-30 14:47:22,2026-07-30 16:05:01,2024-06-21 12:38:56
4813816,3824954,1,2026-07-30 01:05:01,2026-07-30 16:05:01,2024-02-25 04:00:00
10126551,3824954,16777473,2026-07-30 14:47:22,2026-07-30 04:05:01,2024-06-28 08:43:22
27746861,3824954,1,2026-07-29 17:05:01,2026-07-30 16:05:01,2024-02-21 14:19:00
4813816,4482100,1,2026-07-30 01:05:01,2026-07-30 16:05:01,2024-02-25 04:00:00
5370951,4482100,1,2026-07-29 23:05:01,2026-07-30 16:05:01,2026-04-02 23:05:01
10008096,4482100,1,2026-06-20 12:05:01,2026-07-30 16:05:01,2024-02-07 09:47:00
10126551,4482100,16777473,2026-07-30 14:47:22,2026-07-30 04:05:01,2024-06-21 12:38:56
4813816,6063228,1,2026-07-30 01:05:01,2026-07-30 16:05:01,2024-02-25 04:00:00
5370951,6063228,1,2026-07-29 23:05:01,2026-07-30 16:05:01,2026-04-02 23:05:01
10008096,6063228,1,2026-06-20 12:05:01,2026-07-30 16:05:01,2024-02-07 09:47:00
10126551,6063228,16777473,2026-07-30 14:47:22,2026-07-30 04:05:01,2024-06-21 12:38:56
4813816,5919938,1,2026-07-30 01:05:01,2026-07-30 16:05:01,2024-02-25 04:00:00
5370951,5919938,1,2026-07-29 23:05:01,2026-07-30 16:05:01,2026-04-02 23:05:01
6449581,5919938,1,2026-07-15 04:24:18,2026-07-30 12:05:01,2024-02-19 00:00:00
10126551,5919938,16777473,2026-07-30 14:47:22,2026-07-30 04:05:01,2024-06-21 12:38:56
4813816,6626688,1,2026-07-30 01:05:01,2026-07-30 16:05:01,2025-01-10 19:09:37
5370951,6626688,1,2026-07-29 23:05:01,2026-07-30 16:05:01,2026-03-02 23:05:01
10126551,6626688,16777473,2026-07-30 14:47:22,2026-07-30 04:05:01,2025-01-27 16:05:01
4813816,1714911,1,2026-07-30 01:05:01,2026-07-30 16:05:01,2024-02-25 04:00:00
10126551,1714911,16777473,2026-07-30 14:47:22,2026-07-30 04:05:01,2024-06-23 15:41:06
27746861,1714911,1,2026-07-29 17:05:01,2026-07-30 16:05:01,2024-02-21 14:19:00
4813816,5898534,1,2026-07-30 01:05:01,2026-07-30 16:05:01,2024-02-25 04:00:00
5370951,5898534,1,2026-07-29 23:05:01,2026-07-30 16:05:01,2026-04-02 23:05:01
6449581,5898534,1,2026-07-15 04:24:18,2026-07-30 13:05:01,2024-02-19 00:00:00
10126551,5898534,16777473,2026-07-30 14:47:22,2026-07-30 04:05:01,2024-06-21 12:38:56
4813816,5333067,1,2026-07-30 01:05:01,2026-07-30 16:05:01,2024-02-25 04:00:00
5370951,5333067,1,2026-07-29 23:05:01,2026-07-30 16:05:01,2026-04-02 23:05:01
10126551,5333067,16777473,2026-07-30 14:47:22,2026-07-30 04:05:01,2024-06-21 12:38:56
27746861,5333067,1,2026-07-29 17:05:01,2026-07-30 16:05:01,2024-02-21 14:19:00
4813816,3047804,1,2026-07-30 01:05:01,2026-07-30 16:05:01,2024-02-25 04:00:00
10126551,3047804,16777473,2026-07-30 14:47:22,2026-07-30 04:05:01,2024-06-23 15:41:06
27746861,3047804,1,2026-07-29 17:05:01,2026-07-30 16:05:01,2024-02-21 14:19:00
4813816,5280280,1,2026-07-30 01:05:01,2026-07-30 16:05:01,2024-02-25 04:00:00
5370951,5280280,1,2026-07-29 23:05:01,2026-07-30 16:05:01,2026-04-02 23:05:01
6449581,5280280,1,2026-07-15 04:24:18,2026-07-30 12:05:01,2024-02-19 00:00:00
10126551,5280280,16777473,2026-07-30 14:47:22,2026-07-30 16:05:01,2024-06-21 12:38:56
4813816,3713922,1,2026-07-30 01:05:01,2026-07-30 16:05:01,2025-04-22 18:32:45
5370951,3713922,1,2026-07-29 23:05:01,2026-07-30 16:05:01,2026-03-02 23:05:01
10126551,3713922,16777473,2026-07-30 14:47:22,2026-07-30 04:05:01,2025-04-22 17:05:01
4813816,4426589,1,2026-07-30 01:05:01,2026-07-30 16:05:01,2024-02-25 04:00:00
10126551,4426589,16777473,2026-07-30 14:47:22,2026-07-30 04:05:01,2024-06-23 15:41:06
27746861,4426589,1,2026-07-29 17:05:01,2026-07-30 16:05:01,2024-02-21 14:19:00
4813816,2036939,1,2026-07-30 01:05:01,2026-07-30 16:05:01,2024-02-25 04:00:00
10126551,2036939,16777473,2026-07-30 14:47:22,2026-07-30 04:05:01,2024-06-23 15:41:06
27746861,2036939,1,2026-07-29 17:05:01,2026-07-30 16:05:01,2024-02-21 14:19:00
4813816,2636738,1,2026-07-30 01:05:01,2026-07-30 16:05:01,2024-02-25 04:00:00
10126551,2636738,16777473,2026-07-30 14:47:22,2026-07-30 04:05:01,2024-06-23 15:41:06
27746861,2636738,1,2026-07-29 17:05:01,2026-07-30 16:05:01,2024-02-21 14:19:00
4813816,4747085,1,2026-07-30 01:05:01,2026-07-30 16:05:01,2024-02-25 04:00:00
5370951,4747085,1,2026-07-29 23:05:01,2026-07-30 16:05:01,2026-04-02 23:05:01
10008096,4747085,1,2026-06-20 12:05:01,2026-07-30 16:05:01,2024-02-07 09:47:00
10126551,4747085,16777473,2026-07-30 14:47:22,2026-07-30 04:05:01,2024-06-21 12:38:56
4813816,4355996,1,2026-07-30 01:05:01,2026-07-30 16:05:01,2024-02-25 04:00:00
5370951,4355996,1,2026-07-29 23:05:01,2026-07-30 16:05:01,2026-04-02 23:05:01
10008096,4355996,1,2026-06-20 12:05:01,2026-07-30 16:05:01,2024-02-07 09:47:00
10126551,4355996,16777473,2026-07-30 14:47:22,2026-07-30 04:05:01,2024-06-21 12:38:56
4813816,4689693,1,2026-07-30 01:05:01,2026-07-30 16:05:01,2024-02-25 04:00:00
5370951,4689693,1,2026-07-29 23:05:01,2026-07-30 16:05:01,2026-04-02 23:05:01
10008096,4689693,1,2026-06-20 12:05:01,2026-07-30 16:05:01,2024-02-07 09:47:00
10126551,4689693,16777473,2026-07-30 14:47:22,2026-07-30 03:05:02,2024-06-21 12:38:56
800366,4794383,65537,2024-06-04 21:00:00,2026-07-30 16:05:01,2024-01-07 18:49:00
4813816,4794383,1,2026-07-30 01:05:01,2026-07-30 16:05:01,2024-02-25 04:00:00
10126551,4794383,16777473,2026-07-30 14:47:22,2026-07-30 04:05:01,2024-06-23 15:41:06
27746861,4794383,1,2026-07-29 17:05:01,2026-07-30 16:05:01,2024-02-21 14:19:00
4813816,4214146,1,2026-07-30 01:05:01,2026-07-30 16:05:01,2024-02-25 04:00:00
5370951,4214146,1,2026-07-29 23:05:01,2026-07-30 16:05:01,2026-04-02 23:05:01
10126551,4214146,16777473,2026-07-30 14:47:22,2026-07-30 04:05:01,2024-06-21 12:38:56
27746861,4214146,1,2026-07-29 17:05:01,2026-07-30 16:05:01,2024-02-21 14:19:00
4813816,5409428,1,2026-07-30 01:05:01,2026-07-30 16:05:01,2024-02-25 04:00:00
5370951,5409428,1,2026-07-29 23:05:01,2026-07-30 16:05:01,2026-04-02 23:05:01
10126551,5409428,16777473,2026-07-30 14:47:22,2026-07-30 04:05:01,2024-06-21 12:38:56
27746861,5409428,1,2026-07-29 17:05:01,2026-07-30 16:05:01,2024-02-21 14:19:00
4813816,5448604,1,2026-07-30 01:05:01,2026-07-30 16:05:01,2024-02-25 04:00:00
5370951,5448604,1,2026-07-29 23:05:01,2026-07-30 16:05:01,2026-04-02 23:05:01
10008096,5448604,1,2026-06-20 12:05:01,2026-07-30 16:05:01,2024-02-07 09:47:00
10126551,5448604,16777473,2026-07-30 14:47:22,2026-07-30 04:05:01,2024-06-21 12:38:56
4813816,6061824,1,2026-07-30 01:05:01,2026-07-30 16:05:01,2024-02-25 04:00:00
5370951,6061824,1,2026-07-29 23:05:01,2026-07-30 16:05:01,2026-04-02 23:05:01
6449581,6061824,1,2026-07-15 04:24:18,2026-07-30 12:05:01,2024-02-19 00:00:00
10126551,6061824,16777473,2026-07-30 14:47:22,2026-07-30 16:05:01,2024-06-21 12:38:56
4813816,5407595,1,2026-07-30 01:05:01,2026-07-30 16:05:01,2024-02-25 04:00:00
5370951,5407595,1,2026-07-29 23:05:01,2026-07-30 16:05:01,2026-04-02 23:05:01
6449581,5407595,1,2026-07-15 04:24:18,2026-07-30 13:05:01,2024-02-19 00:00:00
10126551,5407595,16777473,2026-07-30 14:47:22,2026-07-30 04:05:01,2024-06-21 12:38:56
800366,5000745,65537,2024-06-04 21:00:00,2026-07-30 16:05:01,2024-01-07 18:49:00
4813816,5000745,1,2026-07-30 01:05:01,2026-07-30 16:05:01,2024-02-25 04:00:00
8381475,5000745,65537,2024-04-27 06:02:00,2026-07-30 16:05:01,2023-12-22 04:52:00
10126551,5000745,16777473,2026-07-30 14:47:22,2026-07-30 04:05:01,2024-06-28 08:43:22
4813816,2822376,1,2026-07-30 01:05:01,2026-07-30 16:05:01,2024-02-25 04:00:00
10126551,2822376,16777473,2026-07-30 14:47:22,2026-07-30 04:05:01,2024-06-23 15:41:06
27746861,2822376,1,2026-07-29 17:05:01,2026-07-30 16:05:01,2024-02-21 14:19:00
4813816,5864853,1,2026-07-30 01:05:01,2026-07-30 16:05:01,2024-02-25 04:00:00
10126551,5864853,16777473,2026-07-30 14:47:22,2026-07-28 02:05:01,2024-06-23 12:39:03
27746861,5864853,1,2026-07-29 17:05:01,2026-07-30 16:05:01,2024-02-21 14:19:00
4813816,6430575,1,2026-07-30 01:05:01,2026-07-30 16:05:01,2024-02-25 04:00:00
5370951,6430575,1,2026-07-29 23:05:01,2026-07-30 16:05:01,2026-04-02 23:05:01
10126551,6430575,16777473,2026-07-30 14:47:22,2026-07-30 04:05:01,2024-06-21 12:38:56
27746861,6430575,1,2026-07-29 17:05:01,2026-07-30 16:05:01,2024-02-21 14:19:00
4813816,1581026,1,2026-07-30 01:05:01,2026-07-30 16:05:01,2024-02-25 04:00:00
10126551,1581026,16777473,2026-07-30 14:47:22,2026-07-30 04:05:01,2024-06-23 15:41:06
27746861,1581026,1,2026-07-29 17:05:01,2026-07-30 16:05:01,2024-02-21 14:19:00
4813816,4443895,1,2026-07-30 01:05:01,2026-07-30 16:05:01,2024-02-25 04:00:00
5370951,4443895,1,2026-07-29 23:05:01,2026-07-30 16:05:01,2026-04-02 23:05:01
10008096,4443895,1,2026-06-20 12:05:01,2026-07-30 16:05:01,2024-02-07 09:47:00
10126551,4443895,16777473,2026-07-30 14:47:22,2026-07-30 04:05:01,2024-06-23 12:39:03
4813816,4522115,1,2026-07-30 01:05:01,2026-07-30 16:05:01,2024-02-25 04:00:00
10008096,4522115,1,2026-06-20 12:05:01,2026-07-30 16:05:01,2024-02-07 09:47:00
10126551,4522115,16777473,2026-07-30 14:47:22,2026-07-30 16:05:01,2024-06-23 12:39:03
4813816,5696022,1,2026-07-30 01:05:01,2026-07-30 16:05:01,2024-02-25 04:00:00
5370951,5696022,1,2026-07-29 23:05:01,2026-07-30 16:05:01,2026-04-02 23:05:01
10126551,5696022,16777473,2026-07-30 14:47:22,2026-07-30 04:05:01,2024-06-21 12:38:56
27746861,5696022,1,2026-07-29 17:05:01,2026-07-30 16:05:01,2024-02-21 14:19:00
4813816,6251092,1,2026-07-30 01:05:01,2026-07-30 16:05:01,2024-02-25 04:00:00
10126551,6251092,16777473,2026-07-30 14:47:22,2026-07-30 16:05:01,2024-06-29 12:38:54
27746861,6251092,1,2026-07-29 17:05:01,2026-07-30 16:05:01,2024-02-21 14:19:00
4813816,3977023,1,2026-07-30 01:05:01,2026-07-30 16:05:01,2024-02-25 04:00:00
10126551,3977023,16777473,2026-07-30 14:47:22,2026-07-30 04:05:01,2024-06-21 12:38:56
27746861,3977023,1,2026-07-29 17:05:01,2026-07-30 16:05:01,2024-02-21 14:19:00
4813816,5697041,1,2026-07-30 01:05:01,2026-07-26 20:37:39,2024-02-25 04:00:00
10126551,5697041,16777473,2026-07-30 14:47:22,2026-07-11 22:05:02,2024-06-23 12:39:03
27746861,5697041,1,2026-07-29 17:05:01,2026-07-30 16:05:01,2024-02-21 14:19:00
4813816,5448603,1,2026-07-30 01:05:01,2026-07-30 16:05:01,2024-02-25 04:00:00
5370951,5448603,1,2026-07-29 23:05:01,2026-07-30 16:05:01,2026-04-02 23:05:01
10008096,5448603,1,2026-06-20 12:05:01,2026-07-30 16:05:01,2024-02-07 09:47:00
10126551,5448603,16777473,2026-07-30 14:47:22,2026-07-30 04:05:01,2024-06-21 12:38:56
4813816,5155742,1,2026-07-30 01:05:01,2026-07-30 16:05:01,2024-02-25 04:00:00
10126551,5155742,16777473,2026-07-30 14:47:22,2026-07-30 04:05:01,2024-06-21 12:38:56
27746861,5155742,1,2026-07-29 17:05:01,2026-07-30 16:05:01,2024-02-21 14:19:00
4813816,6032374,1,2026-07-30 01:05:01,2026-07-30 16:05:01,2024-02-25 04:00:00
5370951,6032374,1,2026-07-29 23:05:01,2026-07-30 16:05:01,2026-04-02 23:05:01
10126551,6032374,16777473,2026-07-30 14:47:22,2026-07-30 04:05:01,2024-06-23 12:39:03
27746861,6032374,1,2026-07-29 17:05:01,2026-07-30 16:05:01,2024-02-21 14:19:00
4813816,5911296,1,2026-07-30 01:05:01,2026-07-30 16:05:01,2024-02-25 04:00:00
5370951,5911296,1,2026-07-29 23:05:01,2026-07-30 16:05:01,2026-04-02 23:05:01
6449581,5911296,1,2026-07-15 04:24:18,2026-07-30 13:05:01,2024-02-19 00:00:00
10126551,5911296,16777473,2026-07-30 14:47:22,2026-07-30 04:05:01,2024-06-23 12:39:03
4813816,5171238,1,2026-07-30 01:05:01,2026-07-30 16:05:01,2024-02-25 04:00:00
8381475,5171238,65537,2024-04-27 06:02:00,2026-07-30 16:05:01,2023-12-22 04:52:00
10008096,5171238,1,2026-06-20 12:05:01,2026-07-30 16:05:01,2024-02-07 09:47:00
10126551,5171238,16777473,2026-07-30 14:47:22,2026-07-30 04:05:01,2024-06-27 17:43:34
4813816,4488393,1,2026-07-30 01:05:01,2026-07-30 16:05:01,2024-02-25 04:00:00
10126551,4488393,16777473,2026-07-30 14:47:22,2026-07-30 04:05:01,2024-06-23 15:41:06
27746861,4488393,1,2026-07-29 17:05:01,2026-07-30 16:05:01,2024-02-21 14:19:00
800366,5402097,65537,2024-06-04 21:00:00,2026-07-30 16:05:01,2024-01-07 18:49:00
4813816,5402097,1,2026-07-30 01:05:01,2026-07-30 16:05:01,2024-02-25 04:00:00
10126551,5402097,16777473,2026-07-30 14:47:22,2026-07-30 04:05:01,2024-06-23 15:41:06
27746861,5402097,1,2026-07-29 17:05:01,2026-07-30 16:05:01,2024-02-21 14:19:00
1949023,4463205,1,2025-06-10 04:05:01,2026-07-30 16:05:01,2025-01-14 07:05:02
4813816,4463205,1,2026-07-30 01:05:01,2026-07-30 16:05:01,2024-02-25 04:00:00
10008096,4463205,1,2026-06-20 12:05:01,2026-07-30 16:05:01,2024-02-07 09:47:00
10126551,4463205,16777473,2026-07-30 14:47:22,2026-07-30 04:05:01,2024-06-23 12:39:03
4813816,6248949,1,2026-07-30 01:05:01,2026-07-30 16:05:01,2024-02-25 04:00:00
10126551,6248949,16777473,2026-07-30 14:47:22,2026-07-30 04:05:01,2024-06-22 04:38:00
27746861,6248949,1,2026-07-29 17:05:01,2026-07-30 16:05:01,2024-05-10 19:20:41
4813816,5373500,1,2026-07-30 01:05:01,2026-07-30 16:05:01,2024-02-25 04:00:00
10126551,5373500,16777473,2026-07-30 14:47:22,2026-07-30 10:05:01,2024-06-23 12:39:03
27746861,5373500,1,2026-07-29 17:05:01,2026-07-30 16:05:01,2024-02-21 14:19:00
4813816,3861376,1,2026-07-30 01:05:01,2026-07-30 16:05:01,2024-02-25 04:00:00
10126551,3861376,16777473,2026-07-30 14:47:22,2026-07-30 04:05:01,2024-06-23 15:41:06
27746861,3861376,1,2026-07-29 17:05:01,2026-07-30 16:05:01,2024-02-21 14:19:00
4813816,5899858,1,2026-07-30 01:05:01,2026-07-30 16:05:01,2024-02-25 04:00:00
5370951,5899858,1,2026-07-29 23:05:01,2026-07-30 16:05:01,2026-04-02 23:05:01
10126551,5899858,16777473,2026-07-30 14:47:22,2026-07-30 04:05:01,2024-06-22 17:43:16
27746861,5899858,1,2026-07-29 17:05:01,2026-07-30 16:05:01,2024-02-21 14:19:00
4813816,5920698,1,2026-07-30 01:05:01,2026-07-30 16:05:01,2024-02-25 04:00:00
6449581,5920698,1,2026-07-15 04:24:18,2026-07-30 12:05:01,2024-02-19 00:00:00
10126551,5920698,16777473,2026-07-30 14:47:22,2026-07-30 16:05:01,2024-06-28 08:43:22
4813816,6232560,1,2026-07-30 01:05:01,2026-07-30 16:05:01,2024-02-25 04:00:00
5220206,6232560,0,,2026-07-30 16:05:01,
5370951,6232560,1,2026-07-29 23:05:01,2026-07-30 16:05:01,2026-04-02 23:05:01
10126551,6232560,16777473,2026-07-30 14:47:22,2026-07-28 02:05:01,2024-06-23 12:39:03
27746861,6232560,1,2026-07-29 17:05:01,2026-07-30 16:05:01,2024-02-21 14:19:00
4813816,4782373,1,2026-07-30 01:05:01,2026-07-30 16:05:01,2024-02-25 04:00:00
10126551,4782373,16777473,2026-07-30 14:47:22,2026-07-30 04:05:01,2024-06-27 17:43:34
27746861,4782373,1,2026-07-29 17:05:01,2026-07-30 16:05:01,2024-02-21 14:19:00
4813816,6108889,1,2026-07-30 01:05:01,2026-07-30 16:05:01,2024-02-25 04:00:00
10126551,6108889,16777473,2026-07-30 14:47:22,2026-07-30 12:05:01,2024-06-23 12:39:03
27746861,6108889,1,2026-07-29 17:05:01,2026-07-30 16:05:01,2024-02-21 14:19:00
4813816,5500312,1,2026-07-30 01:05:01,2026-07-30 16:05:01,2024-02-25 04:00:00
10008096,5500312,1,2026-06-20 12:05:01,2026-07-30 16:05:01,2024-02-07 09:47:00
10126551,5500312,16777473,2026-07-30 14:47:22,2026-07-30 04:05:01,2024-06-23 12:39:03
4813816,5445511,1,2026-07-30 01:05:01,2026-07-30 16:05:01,2024-02-25 04:00:00
4813816,3012023,1,2026-07-30 01:05:01,2026-07-30 16:05:01,2024-02-25 04:00:00
5370951,3012023,1,2026-07-29 23:05:01,2026-07-30 16:05:01,2026-04-02 23:05:01
10008096,3012023,1,2026-06-20 12:05:01,2026-07-30 16:05:01,2024-02-07 09:47:00
10126551,3012023,16777473,2026-07-30 14:47:22,2026-07-30 04:05:01,2024-06-21 12:38:56
4813816,2727618,1,2026-07-30 01:05:01,2026-07-30 16:05:01,2024-02-25 04:00:00
10126551,2727618,16777473,2026-07-30 14:47:22,2026-07-30 04:05:01,2024-06-23 15:41:06
27746861,2727618,1,2026-07-29 17:05:01,2026-07-30 16:05:01,2024-02-21 14:19:00
800366,2245432,65537,2024-06-04 21:00:00,2026-07-30 16:05:01,2024-01-07 18:49:00
4813816,2245432,1,2026-07-30 01:05:01,2026-07-30 16:05:01,2024-02-25 04:00:00
8381475,2245432,65537,2024-04-27 06:02:00,2026-07-30 16:05:01,2023-12-22 04:52:00
10126551,2245432,16777473,2026-07-30 14:47:22,2026-07-30 04:05:01,2024-06-28 08:43:22
4813816,4404130,1,2026-07-30 01:05:01,2026-07-30 16:05:01,2024-02-25 04:00:00
10126551,4404130,16777473,2026-07-30 14:47:22,2026-07-30 04:05:01,2024-06-23 15:41:06
27746861,4404130,1,2026-07-29 17:05:01,2026-07-30 16:05:01,2024-02-21 14:19:00
800366,4611163,65537,2024-06-04 21:00:00,2026-07-30 16:05:01,2024-01-07 18:49:00
4813816,4611163,1,2026-07-30 01:05:01,2026-07-30 16:05:01,2024-02-25 04:00:00
10126551,4611163,16777473,2026-07-30 14:47:22,2026-07-30 04:05:01,2024-06-23 15:41:06
4813816,4569614,1,2026-07-30 01:05:01,2026-07-30 16:05:01,2024-02-25 04:00:00
10126551,4569614,16777473,2026-07-30 14:47:22,2026-07-30 04:05:01,2024-06-23 15:41:06
27746861,4569614,1,2026-07-29 17:05:01,2026-07-30 16:05:01,2024-02-21 14:19:00
4813816,3140367,1,2026-07-30 01:05:01,2026-07-30 16:05:01,2024-02-25 04:00:00
5370951,3140367,1,2026-07-29 23:05:01,2026-07-30 16:05:01,2026-04-02 23:05:01
10008096,3140367,1,2026-06-20 12:05:01,2026-07-30 16:05:01,2024-02-07 09:47:00
10126551,3140367,16777473,2026-07-30 14:47:22,2026-07-30 04:05:01,2024-06-22 16:39:40
4813816,2971968,1,2026-07-30 01:05:01,2026-07-30 16:05:01,2024-02-25 04:00:00
10126551,2971968,16777473,2026-07-30 14:47:22,2026-07-30 04:05:01,2024-06-23 15:41:06
27746861,2971968,1,2026-07-29 17:05:01,2026-07-30 16:05:01,2024-02-21 14:19:00
4813816,4484081,1,2026-07-30 01:05:01,2026-07-30 16:05:01,2024-02-25 04:00:00
5370951,4484081,1,2026-07-29 23:05:01,2026-07-30 16:05:01,2026-07-13 23:05:01
10126551,4484081,16777473,2026-07-30 14:47:22,2026-07-30 04:05:01,2024-06-23 15:41:06
4813816,421898,1,2026-07-30 01:05:01,2026-07-30 16:05:01,2024-02-25 04:00:00
10126551,421898,16777473,2026-07-30 14:47:22,2026-07-30 04:05:01,2024-06-28 08:43:22
27746861,421898,1,2026-07-29 17:05:01,2026-07-30 16:05:01,2024-02-21 14:19:00
800366,5445477,65537,2024-06-04 21:00:00,2026-07-30 16:05:01,2024-01-07 18:49:00
4813816,5445477,1,2026-07-30 01:05:01,2026-07-30 16:05:01,2024-02-25 04:00:00
10126551,5445477,16777473,2026-07-30 14:47:22,2026-07-28 02:05:01,2024-06-28 08:43:22
27746861,5445477,1,2026-07-29 17:05:01,2026-07-30 16:05:01,2024-03-12 12:31:00
4813816,3769521,1,2026-07-30 01:05:01,2026-07-30 16:05:01,2024-02-25 04:00:00
5370951,3769521,1,2026-07-29 23:05:01,2026-07-30 16:05:01,2026-04-02 23:05:01
10008096,3769521,1,2026-06-20 12:05:01,2026-07-30 16:05:01,2024-02-07 09:47:00
10126551,3769521,16777473,2026-07-30 14:47:22,2026-07-30 04:05:01,2024-06-21 12:38:56
4813816,3572231,1,2026-07-30 01:05:01,2026-07-30 16:05:01,2024-02-25 04:00:00
5370951,3572231,1,2026-07-29 23:05:01,2026-07-30 16:05:01,2026-04-02 23:05:01
10008096,3572231,1,2026-06-20 12:05:01,2026-07-30 16:05:01,2024-02-07 09:47:00
10126551,3572231,16777473,2026-07-30 14:47:22,2026-07-30 04:05:01,2024-06-21 12:38:56
4813816,3253198,1,2026-07-30 01:05:01,2026-07-30 16:05:01,2024-02-25 04:00:00
5370951,3253198,1,2026-07-29 23:05:01,2026-07-30 16:05:01,2026-04-02 23:05:01
10008096,3253198,1,2026-06-20 12:05:01,2026-07-30 16:05:01,2024-02-07 09:47:00
10126551,3253198,16777473,2026-07-30 14:47:22,2026-07-30 04:05:01,2024-06-21 12:38:56
4813816,4419063,1,2026-07-30 01:05:01,2026-07-30 16:05:01,2024-02-25 04:00:00
10126551,4419063,16777473,2026-07-30 14:47:22,2026-07-30 04:05:01,2024-06-23 15:41:06
27746861,4419063,1,2026-07-29 17:05:01,2026-07-30 16:05:01,2024-02-21 14:19:00
800366,5453544,65537,2024-06-04 21:00:00,2026-07-30 16:05:01,2024-01-07 18:49:00
4813816,5453544,1,2026-07-30 01:05:01,2026-07-30 16:05:01,2024-02-25 04:00:00
10126551,5453544,16777473,2026-07-30 14:47:22,2026-07-30 04:05:01,2024-06-23 15:41:06
27746861,5453544,1,2026-07-29 17:05:01,2026-07-30 16:05:01,2024-02-21 14:19:00
4813816,4409359,1,2026-07-30 01:05:01,2026-07-30 16:05:01,2024-02-25 04:00:00
10126551,4409359,16777473,2026-07-30 14:47:22,2026-07-30 04:05:01,2024-06-23 15:41:06
27746861,4409359,1,2026-07-29 17:05:01,2026-07-30 16:05:01,2024-02-21 14:19:00
4813816,6537073,1,2026-07-30 01:05:01,2026-07-30 16:05:01,2024-07-31 15:04:34
5370951,6537073,1,2026-07-29 23:05:01,2026-07-30 16:05:01,2026-03-02 23:05:01
10126551,6537073,16777473,2026-07-30 14:47:22,2026-07-30 04:05:01,2024-09-27 19:05:01
4813816,6538532,1,2026-07-30 01:05:01,2026-07-30 16:05:01,2024-07-31 15:05:37
5370951,6538532,1,2026-07-29 23:05:01,2026-07-30 16:05:01,2026-03-05 18:05:02
10126551,6538532,16777473,2026-07-30 14:47:22,2026-07-30 03:05:02,2024-09-28 11:05:01
4813816,6539690,1,2026-07-30 01:05:01,2026-07-30 09:05:01,2024-07-31 15:05:55
5370951,6539690,1,2026-07-29 23:05:01,2026-07-24 05:05:01,2026-03-05 18:05:02
10126551,6539690,16777473,2026-07-30 14:47:22,2026-07-28 02:05:01,2024-09-28 11:05:01
4813816,6517247,1,2026-07-30 01:05:01,2026-07-30 16:05:01,2024-05-24 03:00:00
10008096,6517247,1,2026-06-20 12:05:01,2026-07-30 16:05:01,2024-06-16 21:00:00
10126551,6517247,16777473,2026-07-30 14:47:22,2026-07-30 03:05:02,2024-06-28 08:43:22
27746861,6517247,1,2026-07-29 17:05:01,2026-07-30 16:05:01,2024-05-23 18:53:53
4813816,1208788,1,2026-07-30 01:05:01,2026-07-30 16:05:01,2024-02-25 04:00:00
5370951,1208788,1,2026-07-29 23:05:01,2026-07-30 16:05:01,2026-04-02 23:05:01
10008096,1208788,1,2026-06-20 12:05:01,2026-07-30 16:05:01,2024-02-07 09:47:00
10126551,1208788,16777473,2026-07-30 14:47:22,2026-07-30 04:05:01,2024-06-21 12:38:56
4813816,1879984,1,2026-07-30 01:05:01,2026-07-30 16:05:01,2024-02-25 04:00:00
5370951,1879984,1,2026-07-29 23:05:01,2026-07-30 16:05:01,2026-04-02 23:05:01
10008096,1879984,1,2026-06-20 12:05:01,2026-07-30 16:05:01,2024-02-07 09:47:00
10126551,1879984,16777473,2026-07-30 14:47:22,2026-07-30 04:05:01,2024-06-23 13:38:59
4813816,5937194,1,2026-07-30 01:05:01,2026-07-29 16:05:01,2024-02-25 04:00:00
6449581,5937194,1,2026-07-15 04:24:18,2026-07-30 12:05:01,2024-02-19 00:00:00
10126551,5937194,16777473,2026-07-30 14:47:22,2026-07-26 01:05:02,2024-06-28 08:43:22
4813816,6564077,1,2026-07-30 01:05:01,2026-07-30 16:05:01,2024-08-19 04:34:49
5370951,6564077,1,2026-07-29 23:05:01,2026-07-30 16:05:01,2026-03-02 23:05:01
10126551,6564077,16777473,2026-07-30 14:47:22,2026-07-30 03:05:02,2024-09-29 10:05:01
4813816,2376055,1,2026-07-30 01:05:01,2026-07-30 16:05:01,2024-02-25 04:00:00
10126551,2376055,16777473,2026-07-30 14:47:22,2026-07-30 04:05:01,2024-06-23 15:41:06
27746861,2376055,1,2026-07-29 17:05:01,2026-07-30 16:05:01,2024-02-21 14:19:00
4813816,5177065,1,2026-07-30 01:05:01,2026-07-30 16:05:01,2024-02-25 04:00:00
5370951,5177065,1,2026-07-29 23:05:01,2026-07-30 16:05:01,2026-04-02 23:05:01
6449581,5177065,1,2026-07-15 04:24:18,2026-07-30 12:05:01,2024-02-19 00:00:00
10126551,5177065,16777473,2026-07-30 14:47:22,2026-07-30 16:05:01,2024-06-21 12:38:56
4813816,4174758,1,2026-07-30 01:05:01,2026-07-30 16:05:01,2024-02-25 04:00:00
10126551,4174758,16777473,2026-07-30 14:47:22,2026-07-30 04:05:01,2024-06-23 15:41:06
27746861,4174758,1,2026-07-29 17:05:01,2026-07-30 16:05:01,2024-02-21 14:19:00
4813816,5517554,1,2026-07-30 01:05:01,2026-07-30 16:05:01,2024-02-25 04:00:00
5370951,5517554,1,2026-07-29 23:05:01,2026-07-30 16:05:01,2026-04-02 23:05:01
6449581,5517554,1,2026-07-15 04:24:18,2026-07-30 12:05:01,2024-02-19 00:00:00
10126551,5517554,16777473,2026-07-30 14:47:22,2026-07-30 04:05:01,2024-06-21 12:38:56
4813816,3319606,1,2026-07-30 01:05:01,2026-07-30 16:05:01,2024-02-25 04:00:00
5370951,3319606,1,2026-07-29 23:05:01,2026-07-30 16:05:01,2026-04-02 23:05:01
10008096,3319606,1,2026-06-20 12:05:01,2026-07-30 16:05:01,2024-02-07 09:47:00
10126551,3319606,16777473,2026-07-30 14:47:22,2026-07-30 04:05:01,2024-06-21 12:38:56
800366,5587537,65537,2024-06-04 21:00:00,2026-07-30 16:05:01,2024-01-07 18:49:00
4813816,5587537,1,2026-07-30 01:05:01,2026-07-30 16:05:01,2024-02-25 04:00:00
10126551,5587537,16777473,2026-07-30 14:47:22,2026-07-30 04:05:01,2024-06-23 15:41:06
27746861,5587537,1,2026-07-29 17:05:01,2026-07-30 16:05:01,2024-02-21 14:19:00
800366,4886831,65537,2024-06-04 21:00:00,2026-07-30 16:05:01,2024-01-07 18:49:00
4813816,4886831,1,2026-07-30 01:05:01,2026-07-30 16:05:01,2024-02-25 04:00:00
10126551,4886831,16777473,2026-07-30 14:47:22,2026-07-30 04:05:01,2024-06-23 15:41:06
27746861,4886831,1,2026-07-29 17:05:01,2026-07-30 16:05:01,2024-02-21 14:19:00
4813816,4516739,1,2026-07-30 01:05:01,2026-07-30 16:05:01,2024-02-25 04:00:00
10126551,4516739,16777473,2026-07-30 14:47:22,2026-07-30 04:05:01,2024-06-23 15:41:06
27746861,4516739,1,2026-07-29 17:05:01,2026-07-30 16:05:01,2024-02-21 14:19:00
4813816,3928605,1,2026-07-30 01:05:01,2026-07-30 16:05:01,2024-02-25 04:00:00
10008096,3928605,1,2026-06-20 12:05:01,2026-07-30 04:05:01,2024-02-07 09:47:00
10126551,3928605,16777473,2026-07-30 14:47:22,2026-07-30 04:05:01,2024-06-23 13:38:59
4813816,6289643,1,2026-07-30 01:05:01,2026-07-30 16:05:01,2024-02-25 04:00:00
10126551,6289643,16777473,2026-07-30 14:47:22,2026-07-30 04:05:01,2024-06-28 08:43:22
27746861,6289643,1,2026-07-29 17:05:01,2026-07-30 16:05:01,2024-03-12 12:31:00
800366,5590248,65537,2024-06-04 21:00:00,2026-07-30 16:05:01,2024-01-07 18:49:00
4813816,5590248,1,2026-07-30 01:05:01,2026-07-30 16:05:01,2024-02-25 04:00:00
10126551,5590248,16777473,2026-07-30 14:47:22,2026-07-28 02:05:01,2024-06-24 17:42:54
27746861,5590248,1,2026-07-29 17:05:01,2026-07-30 16:05:01,2024-03-12 12:31:00
4813816,5373933,1,2026-07-30 01:05:01,2026-07-30 16:05:01,2024-02-25 04:00:00
5370951,5373933,1,2026-07-29 23:05:01,2026-07-30 16:05:01,2026-04-02 23:05:01
10126551,5373933,16777473,2026-07-30 14:47:22,2026-07-30 04:05:01,2024-06-21 12:38:56
27746861,5373933,1,2026-07-29 17:05:01,2026-07-30 16:05:01,2024-02-21 14:19:00
800366,4696806,65537,2024-06-04 21:00:00,2026-07-30 16:05:01,2024-01-07 18:49:00
4813816,4696806,1,2026-07-30 01:05:01,2026-07-30 16:05:01,2024-02-25 04:00:00
10126551,4696806,16777473,2026-07-30 14:47:22,2026-07-30 04:05:01,2024-06-27 17:43:34
4813816,1271580,1,2026-07-30 01:05:01,2026-07-30 16:05:01,2024-02-25 04:00:00
5370951,1271580,1,2026-07-29 23:05:01,2026-07-30 16:05:01,2026-04-02 23:05:01
10008096,1271580,1,2026-06-20 12:05:01,2026-07-30 16:05:01,2024-02-07 09:47:00
10126551,1271580,16777473,2026-07-30 14:47:22,2026-07-30 04:05:01,2024-06-21 12:38:56
800366,4969759,65537,2024-06-04 21:00:00,2026-07-30 16:05:01,2024-01-07 18:49:00
4813816,4969759,1,2026-07-30 01:05:01,2026-07-30 16:05:01,2024-02-25 04:00:00
10126551,4969759,16777473,2026-07-30 14:47:22,2026-07-30 04:05:01,2024-06-23 15:41:06
27746861,4969759,1,2026-07-29 17:05:01,2026-07-30 16:05:01,2024-02-21 14:19:00
4813816,1418632,1,2026-07-30 01:05:01,2026-07-30 16:05:01,2024-02-25 04:00:00
10126551,1418632,16777473,2026-07-30 14:47:22,2026-07-30 04:05:01,2024-06-28 08:43:22
27746861,1418632,1,2026-07-29 17:05:01,2026-07-30 16:05:01,2024-02-21 14:19:00
4813816,5505218,1,2026-07-30 01:05:01,2026-07-30 16:05:01,2024-02-25 04:00:00
10008096,5505218,1,2026-06-20 12:05:01,2026-07-30 16:05:01,2024-02-07 09:47:00
10126551,5505218,16777473,2026-07-30 14:47:22,2026-07-30 16:05:01,2024-06-21 12:38:56
4813816,2511548,1,2026-07-30 01:05:01,2026-07-30 16:05:01,2024-02-25 04:00:00
5370951,2511548,1,2026-07-29 23:05:01,2026-07-30 16:05:01,2026-04-02 23:05:01
10008096,2511548,1,2026-06-20 12:05:01,2026-07-30 16:05:01,2024-02-07 09:47:00
10126551,2511548,16777473,2026-07-30 14:47:22,2026-07-30 04:05:01,2024-06-23 13:38:59
4813816,3553750,1,2026-07-30 01:05:01,2026-07-30 16:05:01,2024-02-25 04:00:00
5370951,3553750,1,2026-07-29 23:05:01,2026-07-30 16:05:01,2026-04-02 23:05:01
10008096,3553750,1,2026-06-20 12:05:01,2026-07-30 16:05:01,2024-02-07 09:47:00
10126551,3553750,16777473,2026-07-30 14:47:22,2026-07-30 04:05:01,2024-06-21 12:38:56
4813816,5562204,1,2026-07-30 01:05:01,2026-07-30 16:05:01,2024-02-25 04:00:00
10008096,5562204,1,2026-06-20 12:05:01,2026-07-30 16:05:01,2024-02-07 09:47:00
10126551,5562204,16777473,2026-07-30 14:47:22,2026-07-30 04:05:01,2024-06-23 12:39:03
4813816,6058877,1,2026-07-30 01:05:01,2026-07-30 16:05:01,2024-02-25 04:00:00
5370951,6058877,1,2026-07-29 23:05:01,2026-07-30 16:05:01,2026-04-02 23:05:01
6449581,6058877,1,2026-07-15 04:24:18,2026-07-30 12:05:01,2024-02-19 00:00:00
10126551,6058877,16777473,2026-07-30 14:47:22,2026-07-30 04:05:01,2024-06-22 04:38:00
4813816,5518922,1,2026-07-30 01:05:01,2026-07-30 16:05:01,2024-02-25 04:00:00
10126551,5518922,16777473,2026-07-30 14:47:22,2026-07-30 04:05:01,2024-06-21 12:38:56
27746861,5518922,1,2026-07-29 17:05:01,2026-07-30 16:05:01,2024-02-21 14:19:00
4813816,4794385,1,2026-07-30 01:05:01,2026-07-30 16:05:01,2024-02-25 04:00:00
10008096,4794385,1,2026-06-20 12:05:01,2026-07-30 16:05:01,2024-02-07 09:47:00
10126551,4794385,16777473,2026-07-30 14:47:22,2026-07-30 07:05:01,2024-06-22 04:38:00
800366,4727945,65537,2024-06-04 21:00:00,2026-07-30 16:05:01,2024-01-07 18:49:00
4813816,4727945,1,2026-07-30 01:05:01,2026-07-30 16:05:01,2024-02-25 04:00:00
10126551,4727945,16777473,2026-07-30 14:47:22,2026-07-30 04:05:01,2024-06-23 15:41:06
27746861,4727945,1,2026-07-29 17:05:01,2026-07-30 16:05:01,2024-02-21 14:19:00
4813816,5740908,1,2026-07-30 01:05:01,2026-07-30 16:05:01,2024-02-25 04:00:00
5370951,5740908,1,2026-07-29 23:05:01,2026-07-30 16:05:01,2026-04-02 23:05:01
6449581,5740908,1,2026-07-15 04:24:18,2026-07-30 13:05:01,2024-02-19 00:00:00
10126551,5740908,16777473,2026-07-30 14:47:22,2026-07-30 04:05:01,2024-06-21 12:38:56
4813816,5887113,1,2026-07-30 01:05:01,2026-07-30 16:05:01,2024-02-25 04:00:00
10008096,5887113,1,2026-06-20 12:05:01,2026-07-30 16:05:01,2024-02-07 09:47:00
10126551,5887113,16777473,2026-07-30 14:47:22,2026-07-30 04:05:01,2024-06-23 12:39:03
800366,4883964,65537,2024-06-04 21:00:00,2026-07-30 16:05:01,2024-01-07 18:49:00
4813816,4883964,1,2026-07-30 01:05:01,2026-07-30 16:05:01,2024-02-25 04:00:00
10126551,4883964,16777473,2026-07-30 14:47:22,2026-07-30 04:05:01,2024-06-24 17:42:54
27746861,4883964,1,2026-07-29 17:05:01,2026-07-30 16:05:01,2024-03-12 12:31:00
4813816,2657819,1,2026-07-30 01:05:01,2026-07-30 16:05:01,2024-02-25 04:00:00
10126551,2657819,16777473,2026-07-30 14:47:22,2026-07-30 04:05:01,2024-06-23 15:41:06
27746861,2657819,1,2026-07-29 17:05:01,2026-07-30 16:05:01,2024-02-21 14:19:00
4813816,5767751,1,2026-07-30 01:05:01,2026-07-30 16:05:01,2024-02-25 04:00:00
5370951,5767751,1,2026-07-29 23:05:01,2026-07-30 16:05:01,2026-04-02 23:05:01
10008096,5767751,1,2026-06-20 12:05:01,2026-07-30 16:05:01,2024-02-07 09:47:00
10126551,5767751,16777473,2026-07-30 14:47:22,2026-07-30 04:05:01,2024-06-21 12:38:56
4813816,6566110,1,2026-07-30 01:05:01,2026-07-30 16:05:01,2024-08-25 17:51:25
5370951,6566110,1,2026-07-29 23:05:01,2026-07-30 16:05:01,2026-03-02 23:05:01
10126551,6566110,16777473,2026-07-30 14:47:22,2026-07-27 01:05:02,2024-09-29 10:05:01
4813816,4723806,1,2026-07-30 01:05:01,2026-07-30 16:05:01,2024-02-25 04:00:00
5370951,4723806,1,2026-07-29 23:05:01,2026-07-30 16:05:01,2026-04-02 23:05:01
10008096,4723806,1,2026-06-20 12:05:01,2026-07-30 16:05:01,2024-02-07 09:47:00
10126551,4723806,16777473,2026-07-30 14:47:22,2026-07-30 04:05:01,2024-06-21 12:38:56
4813816,5908916,1,2026-07-30 01:05:01,2026-07-30 16:05:01,2024-02-25 04:00:00
10126551,5908916,16777473,2026-07-30 14:47:22,2026-07-29 08:05:01,2024-06-21 12:38:56
27746861,5908916,1,2026-07-29 17:05:01,2026-07-30 16:05:01,2024-02-21 14:19:00
4813816,4801356,1,2026-07-30 01:05:01,2026-07-30 16:05:01,2024-02-25 04:00:00
10008096,4801356,1,2026-06-20 12:05:01,2026-07-30 16:05:01,2024-02-07 09:47:00
10126551,4801356,16777473,2026-07-30 14:47:22,2026-07-30 16:05:01,2024-06-21 12:38:56
4813816,3965622,1,2026-07-30 01:05:01,2026-07-30 16:05:01,2024-02-25 04:00:00
10126551,3965622,16777473,2026-07-30 14:47:22,2026-07-30 04:05:01,2024-06-23 15:41:06
27746861,3965622,1,2026-07-29 17:05:01,2026-07-30 16:05:01,2024-02-21 14:19:00
800366,5292997,65537,2024-06-04 21:00:00,2026-07-30 16:05:01,2024-01-07 18:49:00
4813816,5292997,1,2026-07-30 01:05:01,2026-07-30 16:05:01,2024-02-25 04:00:00
10126551,5292997,16777473,2026-07-30 14:47:22,2026-07-11 22:05:02,2024-06-24 17:42:54
27746861,5292997,1,2026-07-29 17:05:01,2026-07-30 16:05:01,2024-02-21 14:19:00
4813816,6607035,1,2026-07-30 01:05:01,2026-07-30 15:05:01,2024-11-30 20:32:33
5370951,6607035,1,2026-07-29 23:05:01,2026-07-30 16:05:01,2026-03-02 23:05:01
10126551,6607035,16777473,2026-07-30 14:47:22,2026-07-27 02:05:01,2025-01-27 16:05:01
4813816,4823887,1,2026-07-30 01:05:01,2026-07-30 16:05:01,2024-02-25 04:00:00
5370951,4823887,1,2026-07-29 23:05:01,2026-07-30 16:05:01,2026-04-02 23:05:01
10008096,4823887,1,2026-06-20 12:05:01,2026-07-30 16:05:01,2024-02-07 09:47:00
10126551,4823887,16777473,2026-07-30 14:47:22,2026-07-30 04:05:01,2024-06-21 12:38:56
800366,5266390,65537,2024-06-04 21:00:00,2026-07-30 16:05:01,2024-01-07 18:49:00
4813816,5266390,1,2026-07-30 01:05:01,2026-07-30 16:05:01,2024-02-25 04:00:00
10126551,5266390,16777473,2026-07-30 14:47:22,2026-07-30 04:05:01,2024-06-23 15:41:06
27746861,5266390,1,2026-07-29 17:05:01,2026-07-30 16:05:01,2024-02-21 14:19:00
800366,5268874,65537,2024-06-04 21:00:00,2026-07-30 16:05:01,2024-01-07 18:49:00
4813816,5268874,1,2026-07-30 01:05:01,2026-07-30 16:05:01,2024-02-25 04:00:00
10008096,5268874,1,2026-06-20 12:05:01,2026-07-30 16:05:01,2024-02-07 09:47:00
10126551,5268874,16777473,2026-07-30 14:47:22,2026-07-30 04:05:01,2024-06-23 15:41:06
4813816,5463644,1,2026-07-30 01:05:01,2026-07-30 16:05:01,2024-02-25 04:00:00
10126551,5463644,16777473,2026-07-30 14:47:22,2026-07-30 04:05:01,2024-06-23 12:39:03
27746861,5463644,1,2026-07-29 17:05:01,2026-07-30 16:05:01,2024-02-21 14:19:00
800366,6189546,65537,2024-06-04 21:00:00,2026-07-30 16:05:01,2024-01-07 18:49:00
4813816,6189546,1,2026-07-30 01:05:01,2026-07-30 16:05:01,2024-02-25 04:00:00
10126551,6189546,16777473,2026-07-30 14:47:22,2026-07-28 02:05:01,2024-06-24 17:42:54
27746861,6189546,1,2026-07-29 17:05:01,2026-07-30 16:05:01,2024-02-21 14:19:00
4813816,6157827,1,2026-07-30 01:05:01,2026-07-30 16:05:01,2024-02-25 04:00:00
5370951,6157827,1,2026-07-29 23:05:01,2026-07-30 16:05:01,2026-04-02 23:05:01
10126551,6157827,16777473,2026-07-30 14:47:22,2026-07-30 03:05:02,2024-06-23 12:39:03
27746861,6157827,1,2026-07-29 17:05:01,2026-07-30 16:05:01,2024-02-21 14:19:00
800366,6180010,65537,2024-06-04 21:00:00,2026-07-30 16:05:01,2024-01-07 18:49:00
4813816,6180010,1,2026-07-30 01:05:01,2026-07-30 16:05:01,2024-02-25 04:00:00
10126551,6180010,16777473,2026-07-30 14:47:22,2026-07-30 04:05:01,2024-06-27 17:43:34
27746861,6180010,1,2026-07-29 17:05:01,2026-07-30 16:05:01,2024-03-10 18:54:00
4813816,6673410,1,2026-07-30 01:05:01,2026-07-26 12:27:35,2025-04-06 02:05:01
5370951,6673410,1,2026-07-29 23:05:01,2026-07-30 16:05:01,2026-03-05 18:05:02
10126551,6673410,16777473,2026-07-30 14:47:22,2026-07-23 10:05:01,2025-04-05 21:05:01
4813816,5881336,1,2026-07-30 01:05:01,2026-07-30 16:05:01,2024-02-25 04:00:00
6449581,5881336,1,2026-07-15 04:24:18,2026-07-30 13:05:01,2024-02-19 00:00:00
10126551,5881336,16777473,2026-07-30 14:47:22,2026-07-30 04:05:01,2024-06-21 12:38:56
4813816,5146905,1,2026-07-30 01:05:01,2026-07-30 16:05:01,2024-02-25 04:00:00
5370951,5146905,1,2026-07-29 23:05:01,2026-07-30 16:05:01,2026-04-02 23:05:01
10008096,5146905,1,2026-06-20 12:05:01,2026-07-30 16:05:01,2024-02-07 09:47:00
10126551,5146905,16777473,2026-07-30 14:47:22,2026-07-30 04:05:01,2024-06-21 12:38:56
800366,5905121,65537,2024-06-04 21:00:00,2026-07-30 16:05:01,2024-01-07 18:49:00
4813816,5905121,1,2026-07-30 01:05:01,2026-07-30 16:05:01,2024-02-25 04:00:00
10126551,5905121,16777473,2026-07-30 14:47:22,2026-07-28 02:05:01,2024-06-24 17:42:54
27746861,5905121,1,2026-07-29 17:05:01,2026-07-30 16:05:01,2024-02-21 14:19:00
800366,3642433,65537,2024-06-04 21:00:00,2026-07-30 16:05:01,2024-01-07 18:49:00
4813816,3642433,1,2026-07-30 01:05:01,2026-07-30 16:05:01,2024-02-25 04:00:00
10126551,3642433,16777473,2026-07-30 14:47:22,2026-07-30 04:05:01,2024-06-27 17:43:34
10008096,5445511,1,2026-06-20 12:05:01,2026-07-30 16:05:01,2024-02-07 09:47:00
10126551,5445511,16777473,2026-07-30 14:47:22,2026-07-30 04:05:01,2024-06-23 12:39:03
4813816,1764884,1,2026-07-30 01:05:01,2026-07-30 16:05:01,2024-02-25 04:00:00
10126551,1764884,16777473,2026-07-30 14:47:22,2026-07-30 04:05:01,2024-06-23 15:41:06
27746861,1764884,1,2026-07-29 17:05:01,2026-07-30 16:05:01,2024-02-21 14:19:00
4813816,3333215,1,2026-07-30 01:05:01,2026-07-30 16:05:01,2024-02-25 04:00:00
5370951,3333215,1,2026-07-29 23:05:01,2026-07-30 16:05:01,2026-04-02 23:05:01
10008096,3333215,1,2026-06-20 12:05:01,2026-07-30 16:05:01,2024-02-07 09:47:00
10126551,3333215,16777473,2026-07-30 14:47:22,2026-07-30 04:05:01,2024-06-21 12:38:56
4813816,3097520,1,2026-07-30 01:05:01,2026-07-30 16:05:01,2024-02-25 04:00:00
10126551,3097520,16777473,2026-07-30 14:47:22,2026-07-30 04:05:01,2024-06-24 17:42:54
27746861,3097520,1,2026-07-29 17:05:01,2026-07-30 16:05:01,2024-02-21 14:19:00
4813816,6605767,1,2026-07-30 01:05:01,2026-07-30 16:05:01,2024-11-28 08:45:10
5370951,6605767,1,2026-07-29 23:05:01,2026-07-30 16:05:01,2026-03-02 23:05:01
10126551,6605767,16777473,2026-07-30 14:47:22,2026-07-30 05:05:01,2025-01-27 16:05:01
4813816,6563232,1,2026-07-30 01:05:01,2026-07-30 16:05:01,2024-08-18 02:18:39
5370951,6563232,1,2026-07-29 23:05:01,2026-07-24 05:05:01,2026-03-02 23:05:01
10126551,6563232,16777473,2026-07-30 14:47:22,2026-07-30 03:05:02,2025-01-27 16:05:01
4813816,6039091,1,2026-07-30 01:05:01,2026-07-30 16:05:01,2024-02-25 04:00:00
6449581,6039091,1,2026-07-15 04:24:18,2026-07-30 13:05:01,2024-02-19 00:00:00
10126551,6039091,16777473,2026-07-30 14:47:22,2026-07-29 23:05:01,2024-06-23 12:39:03
4813816,6571778,1,2026-07-30 01:05:01,2026-07-30 16:05:01,2024-09-15 09:15:08
5370951,6571778,1,2026-07-29 23:05:01,2026-07-30 16:05:01,2026-03-02 23:05:01
10126551,6571778,16777473,2026-07-30 14:47:22,2026-07-30 06:05:01,2025-01-27 16:05:01
4813816,6635616,1,2026-07-30 01:05:01,2026-07-30 16:05:01,2025-01-26 16:48:00
5370951,6635616,1,2026-07-29 23:05:01,2026-07-30 16:05:01,2026-03-02 23:05:01
10126551,6635616,16777473,2026-07-30 14:47:22,2026-07-30 04:05:01,2025-01-27 16:05:01
4813816,6090408,1,2026-07-30 01:05:01,2026-07-30 16:05:01,2024-02-25 04:00:00
5370951,6090408,1,2026-07-29 23:05:01,2026-07-30 16:05:01,2026-04-02 23:05:01
6449581,6090408,1,2026-07-15 04:24:18,2026-07-30 12:05:01,2024-02-19 00:00:00
10126551,6090408,16777473,2026-07-30 14:47:22,2026-07-30 16:05:01,2024-06-23 12:39:03
4813816,4613670,1,2026-07-30 01:05:01,2026-07-30 16:05:01,2024-02-25 04:00:00
5370951,4613670,1,2026-07-29 23:05:01,2026-07-30 16:05:01,2026-04-02 23:05:01
10008096,4613670,1,2026-06-20 12:05:01,2026-07-30 16:05:01,2024-02-07 09:47:00
10126551,4613670,16777473,2026-07-30 14:47:22,2026-07-30 04:05:01,2024-06-21 12:38:56
4813816,6574216,1,2026-07-30 01:05:01,2026-07-30 16:05:01,2024-09-17 14:05:36
5370951,6574216,1,2026-07-29 23:05:01,2026-07-30 16:05:01,2026-03-02 23:05:01
10126551,6574216,16777473,2026-07-30 14:47:22,2026-07-30 04:05:01,2025-01-27 16:05:01
4813816,6626681,1,2026-07-30 01:05:01,2026-07-30 16:05:01,2025-01-10 19:06:17
5370951,6626681,1,2026-07-29 23:05:01,2026-07-30 16:05:01,2026-03-02 23:05:01
10126551,6626681,16777473,2026-07-30 14:47:22,2026-07-30 04:05:01,2025-01-27 16:05:01
4813816,6079255,1,2026-07-30 01:05:01,2026-07-30 16:05:01,2024-02-25 04:00:00
5370951,6079255,1,2026-07-29 23:05:01,2026-07-30 16:05:01,2026-04-02 23:05:01
6449581,6079255,1,2026-07-15 04:24:18,2026-07-30 13:05:01,2024-02-19 00:00:00
10126551,6079255,16777473,2026-07-30 14:47:22,2026-07-28 02:05:01,2024-06-23 12:39:03
4813816,6581441,1,2026-07-30 01:05:01,2026-07-30 16:05:01,2024-10-05 08:09:20
5370951,6581441,1,2026-07-29 23:05:01,2026-07-30 16:05:01,2026-03-02 23:05:01
10126551,6581441,16777473,2026-07-30 14:47:22,2026-07-30 04:05:01,2025-01-27 16:05:01
4813816,5638851,1,2026-07-30 01:05:01,2026-07-30 16:05:01,2024-02-25 04:00:00
8381475,5638851,65537,2024-04-27 06:02:00,2026-07-30 16:05:01,2023-12-22 04:52:00
10008096,5638851,1,2026-06-20 12:05:01,2026-07-30 11:05:01,2024-02-07 09:47:00
10126551,5638851,16777473,2026-07-30 14:47:22,2026-07-30 04:05:01,2024-06-27 17:43:34
4813816,4307674,1,2026-07-30 01:05:01,2026-07-30 16:05:01,2024-02-25 04:00:00
10126551,4307674,16777473,2026-07-30 14:47:22,2026-07-30 04:05:01,2024-06-23 15:41:06
27746861,4307674,1,2026-07-29 17:05:01,2026-07-30 16:05:01,2024-02-21 14:19:00
4813816,4968471,1,2026-07-30 01:05:01,2026-07-30 16:05:01,2024-02-25 04:00:00
8381475,4968471,65537,2024-04-27 06:02:00,2026-07-30 16:05:01,2023-12-22 04:52:00
10008096,4968471,1,2026-06-20 12:05:01,2026-07-30 16:05:01,2024-02-07 09:47:00
10126551,4968471,16777473,2026-07-30 14:47:22,2026-07-30 04:05:01,2024-06-23 15:41:06
4813816,4838924,1,2026-07-30 01:05:01,2026-07-30 16:05:01,2024-02-25 04:00:00
10126551,4838924,16777473,2026-07-30 14:47:22,2026-07-30 04:05:01,2024-06-23 15:41:06
27746861,4838924,1,2026-07-29 17:05:01,2026-07-30 16:05:01,2024-02-21 14:19:00
4813816,2578223,1,2026-07-30 01:05:01,2026-07-30 16:05:01,2024-02-25 04:00:00
5370951,2578223,1,2026-07-29 23:05:01,2026-07-30 16:05:01,2026-04-02 23:05:01
10008096,2578223,1,2026-06-20 12:05:01,2026-07-30 16:05:01,2024-02-07 09:47:00
10126551,2578223,16777473,2026-07-30 14:47:22,2026-07-30 04:05:01,2024-06-21 12:38:56
4813816,6021390,1,2026-07-30 01:05:01,2026-07-30 16:05:01,2024-02-25 04:00:00
10126551,6021390,16777473,2026-07-30 14:47:22,2026-07-30 04:05:01,2024-06-28 08:43:22
27746861,6021390,1,2026-07-29 17:05:01,2026-07-30 16:05:01,2024-02-21 14:19:00
4813816,6686748,1,2026-07-30 01:05:01,2026-07-30 16:05:01,2025-05-02 02:05:01
5370951,6686748,1,2026-07-29 23:05:01,2026-07-30 16:05:01,2026-03-02 23:05:01
10126551,6686748,16777473,2026-07-30 14:47:22,2026-07-30 04:05:01,2025-05-01 22:05:01
800366,5004688,65537,2024-06-04 21:00:00,2026-07-30 16:05:01,2024-01-07 18:49:00
4813816,5004688,1,2026-07-30 01:05:01,2026-07-30 16:05:01,2024-02-25 04:00:00
10126551,5004688,16777473,2026-07-30 14:47:22,2026-07-30 04:05:01,2024-06-23 15:41:06
27746861,5004688,1,2026-07-29 17:05:01,2026-07-30 16:05:01,2024-02-21 14:19:00
4813816,4918185,1,2026-07-30 01:05:01,2026-07-30 16:05:01,2024-02-25 04:00:00
5370951,4918185,1,2026-07-29 23:05:01,2026-07-30 16:05:01,2026-04-02 23:05:01
10008096,4918185,1,2026-06-20 12:05:01,2026-07-30 10:05:01,2024-02-07 09:47:00
10126551,4918185,16777473,2026-07-30 14:47:22,2026-07-30 04:05:01,2024-06-23 13:38:59
4813816,906660,1,2026-07-30 01:05:01,2026-07-30 16:05:01,2024-02-25 04:00:00
10008096,906660,1,2026-06-20 12:05:01,2026-07-30 16:05:01,2024-02-07 09:47:00
10126551,906660,16777473,2026-07-30 14:47:22,2026-07-30 04:05:01,2024-06-23 08:40:03
4813816,5944350,1,2026-07-30 01:05:01,2026-07-30 16:05:01,2024-02-25 04:00:00
5370951,5944350,1,2026-07-29 23:05:01,2026-07-30 16:05:01,2026-04-02 23:05:01
10126551,5944350,16777473,2026-07-30 14:47:22,2026-07-30 04:05:01,2024-06-23 12:39:03
27746861,5944350,1,2026-07-29 17:05:01,2026-07-30 16:05:01,2024-02-21 14:19:00
4813816,3299731,1,2026-07-30 01:05:01,2026-07-30 16:05:01,2024-02-25 04:00:00
8381475,3299731,65537,2024-04-27 06:02:00,2026-07-30 16:05:01,2023-12-22 04:52:00
10008096,3299731,1,2026-06-20 12:05:01,2026-07-30 16:05:01,2024-02-07 09:47:00
10126551,3299731,16777473,2026-07-30 14:47:22,2026-07-30 04:05:01,2024-06-23 16:39:49
800366,4856939,65537,2024-06-04 21:00:00,2026-07-30 16:05:01,2024-01-07 18:49:00
4813816,4856939,1,2026-07-30 01:05:01,2026-07-30 16:05:01,2024-02-25 04:00:00
10126551,4856939,16777473,2026-07-30 14:47:22,2026-07-30 04:05:01,2024-06-23 15:41:06
27746861,4856939,1,2026-07-29 17:05:01,2026-07-30 16:05:01,2024-02-21 14:19:00
4813816,2427383,1,2026-07-30 01:05:01,2026-07-30 16:05:01,2024-02-25 04:00:00
10126551,2427383,16777473,2026-07-30 14:47:22,2026-07-30 04:05:01,2024-06-28 08:43:22
27746861,2427383,1,2026-07-29 17:05:01,2026-07-30 16:05:01,2024-02-21 14:19:00
800366,4826551,65537,2024-06-04 21:00:00,2026-07-30 16:05:01,2024-01-07 18:49:00
4813816,4826551,1,2026-07-30 01:05:01,2026-07-30 16:05:01,2024-02-25 04:00:00
10126551,4826551,16777473,2026-07-30 14:47:22,2026-07-30 04:05:01,2024-06-28 08:43:22
4813816,5056949,1,2026-07-30 01:05:01,2026-07-30 16:05:01,2024-02-25 04:00:00
6449581,5056949,1,2026-07-15 04:24:18,2026-07-30 13:05:01,2024-02-19 00:00:00
10126551,5056949,16777473,2026-07-30 14:47:22,2026-07-26 02:05:01,2024-06-23 12:39:03
4813816,6051582,1,2026-07-30 01:05:01,2026-07-30 16:05:01,2024-02-25 04:00:00
5370951,6051582,1,2026-07-29 23:05:01,2026-07-30 16:05:01,2026-04-02 23:05:01
6449581,6051582,1,2026-07-15 04:24:18,2026-07-30 12:05:01,2024-02-19 00:00:00
10126551,6051582,16777473,2026-07-30 14:47:22,2026-07-30 04:05:01,2024-06-21 12:38:56
4813816,4931015,1,2026-07-30 01:05:01,2026-07-30 16:05:01,2024-02-25 04:00:00
10126551,4931015,16777473,2026-07-30 14:47:22,2026-07-30 03:05:02,2024-06-23 13:38:59
27746861,4931015,1,2026-07-29 17:05:01,2026-07-30 16:05:01,2024-02-21 14:19:00
800366,3754725,65537,2024-06-04 21:00:00,2026-07-30 16:05:01,2024-01-07 18:49:00
4813816,3754725,1,2026-07-30 01:05:01,2026-07-30 16:05:01,2024-02-25 04:00:00
10126551,3754725,16777473,2026-07-30 14:47:22,2026-07-30 04:05:01,2024-06-27 20:39:21
27746861,3754725,1,2026-07-29 17:05:01,2026-07-30 16:05:01,2024-02-21 14:19:00
4813816,6674060,1,2026-07-30 01:05:01,2026-07-30 16:05:01,2025-04-10 02:05:01
5370951,6674060,1,2026-07-29 23:05:01,2026-07-30 16:05:01,2026-03-02 23:05:01
10126551,6674060,16777473,2026-07-30 14:47:22,2026-07-30 04:05:01,2025-04-10 23:05:02
4813816,4741070,1,2026-07-30 01:05:01,2026-07-30 16:05:01,2024-02-25 04:00:00
10008096,4741070,1,2026-06-20 12:05:01,2026-07-30 16:05:01,2024-02-07 09:47:00
10126551,4741070,16777473,2026-07-30 14:47:22,2026-07-30 04:05:01,2024-06-24 17:42:54
4813816,6230662,1,2026-07-30 01:05:01,2026-07-30 16:05:01,2024-02-25 04:00:00
10126551,6230662,16777473,2026-07-30 14:47:22,2026-07-30 09:05:01,2024-06-30 11:39:25
27746861,6230662,1,2026-07-29 17:05:01,2026-07-30 16:05:01,2024-03-12 12:31:00
4813816,6643372,1,2026-07-30 01:05:01,2026-07-30 16:05:01,2025-02-09 03:05:01
5370951,6643372,1,2026-07-29 23:05:01,2026-07-30 16:05:01,2026-03-02 23:05:01
10126551,6643372,16777473,2026-07-30 14:47:22,2026-07-30 04:05:01,2025-02-09 00:05:01
4813816,6643378,1,2026-07-30 01:05:01,2026-07-30 16:05:01,2025-02-09 03:05:01
5370951,6643378,1,2026-07-29 23:05:01,2026-07-30 16:05:01,2026-03-02 23:05:01
10126551,6643378,16777473,2026-07-30 14:47:22,2026-07-30 04:05:01,2025-02-09 00:05:01
4813816,6663022,1,2026-07-30 01:05:01,2026-07-30 16:05:01,2025-03-19 03:05:01
5370951,6663022,1,2026-07-29 23:05:01,2026-07-30 16:05:01,2026-03-02 23:05:01
10126551,6663022,16777473,2026-07-30 14:47:22,2026-07-30 04:05:01,2025-03-16 18:05:01
4813816,5145828,1,2026-07-30 01:05:01,2026-07-30 16:05:01,2024-02-25 04:00:00
10126551,5145828,16777473,2026-07-30 14:47:22,2026-07-30 16:05:01,2024-06-23 15:41:06
27746861,5145828,1,2026-07-29 17:05:01,2026-07-30 16:05:01,2024-02-21 14:19:00
4813816,6684649,1,2026-07-30 01:05:01,2026-07-30 16:05:01,2025-04-28 02:05:01
5370951,6684649,1,2026-07-29 23:05:01,2026-07-30 16:05:01,2026-03-02 23:05:01
10126551,6684649,16777473,2026-07-30 14:47:22,2026-07-30 04:05:01,2025-04-27 13:05:01
4813816,5531457,1,2026-07-30 01:05:01,2026-07-30 16:05:01,2024-02-25 04:00:00
10008096,5531457,1,2026-06-20 12:05:01,2026-07-30 16:05:01,2024-02-07 09:47:00
10126551,5531457,16777473,2026-07-30 14:47:22,2026-07-28 02:05:01,2024-06-30 11:39:25
4813816,5663476,1,2026-07-30 01:05:01,2026-07-30 16:05:01,2024-02-25 04:00:00
5370951,5663476,1,2026-07-29 23:05:01,2026-07-30 16:05:01,2026-04-02 23:05:01
10126551,5663476,16777473,2026-07-30 14:47:22,2026-07-30 04:05:01,2024-06-21 12:38:56
27746861,5663476,1,2026-07-29 17:05:01,2026-07-30 16:05:01,2024-02-21 14:19:00
4813816,5659969,1,2026-07-30 01:05:01,2026-07-30 16:05:01,2024-02-25 04:00:00
5370951,5659969,1,2026-07-29 23:05:01,2026-07-30 16:05:01,2026-04-02 23:05:01
6449581,5659969,1,2026-07-15 04:24:18,2026-07-30 12:05:01,2024-02-19 00:00:00
10126551,5659969,16777473,2026-07-30 14:47:22,2026-07-30 16:05:01,2024-06-21 12:38:56
4813816,5167519,1,2026-07-30 01:05:01,2026-07-30 16:05:01,2024-02-25 04:00:00
5370951,5167519,1,2026-07-29 23:05:01,2026-07-30 16:05:01,2026-04-02 23:05:01
6449581,5167519,1,2026-07-15 04:24:18,2026-07-30 12:05:01,2024-02-19 00:00:00
10126551,5167519,16777473,2026-07-30 14:47:22,2026-07-30 16:05:01,2024-06-22 04:38:00
4813816,5876724,1,2026-07-30 01:05:01,2026-07-30 16:05:01,2024-02-25 04:00:00
10126551,5876724,16777473,2026-07-30 14:47:22,2026-07-30 03:05:02,2024-06-30 09:16:08
27746861,5876724,1,2026-07-29 17:05:01,2026-07-30 16:05:01,2024-02-21 14:19:00
4813816,5902227,1,2026-07-30 01:05:01,2026-07-30 16:05:01,2024-02-25 04:00:00
5370951,5902227,1,2026-07-29 23:05:01,2026-07-30 16:05:01,2026-04-02 23:05:01
10126551,5902227,16777473,2026-07-30 14:47:22,2026-07-30 04:05:01,2024-06-23 12:39:03
27746861,5902227,1,2026-07-29 17:05:01,2026-07-30 16:05:01,2024-02-21 14:19:00
4813816,5967547,1,2026-07-30 01:05:01,2026-07-30 16:05:01,2024-02-25 04:00:00
5370951,5967547,1,2026-07-29 23:05:01,2026-07-30 16:05:01,2026-04-02 23:05:01
10126551,5967547,16777473,2026-07-30 14:47:22,2026-07-30 04:05:01,2024-06-21 12:38:56
27746861,5967547,1,2026-07-29 17:05:01,2026-07-30 16:05:01,2024-02-21 14:19:00
4813816,6053112,1,2026-07-30 01:05:01,2026-07-30 16:05:01,2024-02-25 04:00:00
6449581,6053112,1,2026-07-15 04:24:18,2026-07-30 13:05:01,2024-02-19 00:00:00
10126551,6053112,16777473,2026-07-30 14:47:22,2026-07-30 15:05:01,2024-06-30 09:16:08
4813816,5825354,1,2026-07-30 01:05:01,2026-07-30 16:05:01,2024-02-25 04:00:00
10126551,5825354,16777473,2026-07-30 14:47:22,2026-07-30 16:05:01,2024-06-21 12:38:56
27746861,5825354,1,2026-07-29 17:05:01,2026-07-30 16:05:01,2024-02-21 14:19:00
4813816,5953097,1,2026-07-30 01:05:01,2026-07-30 16:05:01,2024-02-25 04:00:00
10126551,5953097,16777473,2026-07-30 14:47:22,2026-07-30 09:05:01,2024-06-23 12:39:03
27746861,5953097,1,2026-07-29 17:05:01,2026-07-30 16:05:01,2024-02-21 14:19:00
4813816,5849287,1,2026-07-30 01:05:01,2026-07-30 16:05:01,2024-02-25 04:00:00
5370951,5849287,1,2026-07-29 23:05:01,2026-07-30 16:05:01,2026-04-02 23:05:01
10126551,5849287,16777473,2026-07-30 14:47:22,2026-07-30 04:05:01,2024-06-23 12:39:03
27746861,5849287,1,2026-07-29 17:05:01,2026-07-30 16:05:01,2024-02-21 14:19:00
1949023,5810281,1,2025-06-10 04:05:01,2026-07-30 16:05:01,2025-01-14 07:05:02
4813816,5810281,1,2026-07-30 01:05:01,2026-07-30 16:05:01,2024-02-25 04:00:00
10008096,5810281,1,2026-06-20 12:05:01,2026-07-30 16:05:01,2024-02-07 09:47:00
10126551,5810281,16777473,2026-07-30 14:47:22,2026-07-28 02:05:01,2024-06-23 12:39:03
4813816,5320650,1,2026-07-30 01:05:01,2026-07-30 16:05:01,2024-02-25 04:00:00
6449581,5320650,1,2026-07-15 04:24:18,2026-07-30 13:05:01,2024-02-19 00:00:00
10126551,5320650,16777473,2026-07-30 14:47:22,2026-07-30 04:05:01,2024-06-21 12:38:56
4813816,4111914,1,2026-07-30 01:05:01,2026-07-30 16:05:01,2024-02-25 04:00:00
5370951,4111914,1,2026-07-29 23:05:01,2026-07-30 16:05:01,2026-04-02 23:05:01
10008096,4111914,1,2026-06-20 12:05:01,2026-07-30 16:05:01,2024-02-07 09:47:00
10126551,4111914,16777473,2026-07-30 14:47:22,2026-07-30 04:05:01,2024-06-21 12:38:56
4813816,1243939,1,2026-07-30 01:05:01,2026-07-30 16:05:01,2024-02-25 04:00:00
5370951,1243939,1,2026-07-29 23:05:01,2026-07-30 16:05:01,2026-04-02 23:05:01
10008096,1243939,1,2026-06-20 12:05:01,2026-07-30 16:05:01,2024-02-07 09:47:00
10126551,1243939,16777473,2026-07-30 14:47:22,2026-07-30 04:05:01,2024-06-23 12:39:03
4813816,863711,1,2026-07-30 01:05:01,2026-07-30 16:05:01,2024-02-25 04:00:00
10126551,863711,16777473,2026-07-30 14:47:22,2026-07-30 04:05:01,2024-06-21 12:38:56
27746861,863711,1,2026-07-29 17:05:01,2026-07-30 16:05:01,2024-02-21 14:19:00
4813816,5881104,1,2026-07-30 01:05:01,2026-07-30 16:05:01,2024-02-25 04:00:00
5370951,5881104,1,2026-07-29 23:05:01,2026-07-30 16:05:01,2026-04-02 23:05:01
10126551,5881104,16777473,2026-07-30 14:47:22,2026-07-30 04:05:01,2024-06-22 04:38:00
27746861,5881104,1,2026-07-29 17:05:01,2026-07-30 16:05:01,2024-02-21 14:19:00
4813816,4696324,1,2026-07-30 01:05:01,2026-07-30 16:05:01,2024-02-25 04:00:00
10126551,4696324,16777473,2026-07-30 14:47:22,2026-07-30 04:05:01,2024-06-23 15:41:06
27746861,4696324,1,2026-07-29 17:05:01,2026-07-30 16:05:01,2024-02-21 14:19:00
4813816,4742438,1,2026-07-30 01:05:01,2026-07-30 16:05:01,2024-02-25 04:00:00
10126551,4742438,16777473,2026-07-30 14:47:22,2026-07-30 04:05:01,2024-06-21 12:38:56
27746861,4742438,1,2026-07-29 17:05:01,2026-07-30 16:05:01,2024-02-21 14:19:00
4813816,5924257,1,2026-07-30 01:05:01,2026-07-30 16:05:01,2024-02-25 04:00:00
10126551,5924257,16777473,2026-07-30 14:47:22,2026-07-30 04:05:01,2024-06-28 08:43:22
27746861,5924257,1,2026-07-29 17:05:01,2026-07-30 16:05:01,2024-03-12 12:31:00
4813816,5736714,1,2026-07-30 01:05:01,2026-07-30 16:05:01,2024-02-25 04:00:00
5370951,5736714,1,2026-07-29 23:05:01,2026-07-30 16:05:01,2026-04-02 23:05:01
6449581,5736714,1,2026-07-15 04:24:18,2026-07-30 13:05:01,2024-02-19 00:00:00
10126551,5736714,16777473,2026-07-30 14:47:22,2026-07-29 05:05:02,2024-06-21 12:38:56
4813816,5932892,1,2026-07-30 01:05:01,2026-07-30 16:05:01,2024-02-25 04:00:00
5370951,5932892,1,2026-07-29 23:05:01,2026-07-30 16:05:01,2026-04-02 23:05:01
6449581,5932892,1,2026-07-15 04:24:18,2026-07-30 12:05:01,2024-02-19 00:00:00
10126551,5932892,16777473,2026-07-30 14:47:22,2026-07-30 16:05:01,2024-06-23 12:39:03
4813816,5738347,1,2026-07-30 01:05:01,2026-07-30 16:05:01,2024-02-25 04:00:00
5370951,5738347,1,2026-07-29 23:05:01,2026-07-30 16:05:01,2026-04-02 23:05:01
10126551,5738347,16777473,2026-07-30 14:47:22,2026-07-30 04:05:01,2024-06-23 12:39:03
27746861,5738347,1,2026-07-29 17:05:01,2026-07-30 16:05:01,2024-02-21 14:19:00
4813816,6229331,1,2026-07-30 01:05:01,2026-07-30 16:05:01,2024-02-25 04:00:00
5370951,6229331,1,2026-07-29 23:05:01,2026-07-30 16:05:01,2026-04-02 23:05:01
10008096,6229331,1,2026-06-20 12:05:01,2026-07-30 15:05:01,2024-02-07 09:47:00
10126551,6229331,16777473,2026-07-30 14:47:22,2026-07-30 05:05:01,2024-06-23 15:41:06
4813816,5205195,1,2026-07-30 01:05:01,2026-07-30 16:05:01,2024-02-25 04:00:00
5370951,5205195,1,2026-07-29 23:05:01,2026-07-30 16:05:01,2026-04-02 23:05:01
10008096,5205195,1,2026-06-20 12:05:01,2026-07-30 16:05:01,2024-02-07 09:47:00
10126551,5205195,16777473,2026-07-30 14:47:22,2026-07-30 04:05:01,2024-06-22 04:38:00
4813816,4463561,1,2026-07-30 01:05:01,2026-07-30 16:05:01,2024-02-25 04:00:00
10126551,4463561,16777473,2026-07-30 14:47:22,2026-07-30 16:05:01,2024-06-23 15:41:06
27746861,4463561,1,2026-07-29 17:05:01,2026-07-30 16:05:01,2024-02-21 14:19:00
4813816,5411552,1,2026-07-30 01:05:01,2026-07-30 16:05:01,2024-02-25 04:00:00
10126551,5411552,16777473,2026-07-30 14:47:22,2026-07-29 04:05:01,2024-06-23 12:39:03
27746861,5411552,1,2026-07-29 17:05:01,2026-07-30 16:05:01,2024-02-21 14:19:00
4813816,6570426,1,2026-07-30 01:05:01,2026-07-30 16:05:01,2024-09-06 04:25:19
5370951,6570426,1,2026-07-29 23:05:01,2026-07-30 16:05:01,2026-03-02 23:05:01
10126551,6570426,16777473,2026-07-30 14:47:22,2026-07-28 02:05:01,2024-09-29 10:05:01
4813816,3535473,1,2026-07-30 01:05:01,2026-07-30 16:05:01,2024-02-25 04:00:00
8381475,3535473,65537,2024-04-27 06:02:00,2026-07-30 16:05:01,2023-12-22 04:52:00
10008096,3535473,1,2026-06-20 12:05:01,2026-07-30 16:05:01,2024-02-07 09:47:00
10126551,3535473,16777473,2026-07-30 14:47:22,2026-07-28 04:05:01,2024-06-27 17:43:34
4813816,5531424,1,2026-07-30 01:05:01,2026-07-30 16:05:01,2024-02-25 04:00:00
5370951,5531424,1,2026-07-29 23:05:01,2026-07-30 16:05:01,2026-04-02 23:05:01
10008096,5531424,1,2026-06-20 12:05:01,2026-07-30 16:05:01,2024-02-07 09:47:00
10126551,5531424,16777473,2026-07-30 14:47:22,2026-07-28 02:05:01,2024-06-23 12:39:03
4813816,5430884,1,2026-07-30 01:05:01,2026-07-30 16:05:01,2024-02-25 04:00:00
5370951,5430884,1,2026-07-29 23:05:01,2026-07-30 16:05:01,2026-04-02 23:05:01
10008096,5430884,1,2026-06-20 12:05:01,2026-07-30 16:05:01,2024-02-07 09:47:00
10126551,5430884,16777473,2026-07-30 14:47:22,2026-07-28 02:05:01,2024-06-23 12:39:03
4813816,6202842,1,2026-07-30 01:05:01,2026-07-30 16:05:01,2024-02-25 04:00:00
10126551,6202842,16777473,2026-07-30 14:47:22,2026-07-30 11:05:01,2024-06-28 08:43:22
27746861,6202842,1,2026-07-29 17:05:01,2026-07-30 16:05:01,2024-02-21 14:19:00
800366,5188826,65537,2024-06-04 21:00:00,2026-07-30 16:05:01,2024-01-07 18:49:00
4813816,5188826,1,2026-07-30 01:05:01,2026-07-30 16:05:01,2024-02-25 04:00:00
10126551,5188826,16777473,2026-07-30 14:47:22,2026-07-30 04:05:01,2024-06-23 15:41:06
27746861,5188826,1,2026-07-29 17:05:01,2026-07-30 16:05:01,2024-02-21 14:19:00
4813816,6562525,1,2026-07-30 01:05:01,2026-07-30 16:05:01,2024-08-15 09:52:56
5370951,6562525,1,2026-07-29 23:05:01,2026-07-30 16:05:01,2026-03-02 23:05:01
10126551,6562525,16777473,2026-07-30 14:47:22,2026-07-29 04:05:01,2024-09-28 11:05:01
800366,5500322,65537,2024-06-04 21:00:00,2026-07-30 16:05:01,2024-01-07 18:49:00
4813816,5500322,1,2026-07-30 01:05:01,2026-07-30 16:05:01,2024-02-25 04:00:00
10126551,5500322,16777473,2026-07-30 14:47:22,2026-07-28 02:05:01,2024-06-24 17:42:54
27746861,5500322,1,2026-07-29 17:05:01,2026-07-30 16:05:01,2024-02-21 14:19:00
4813816,3007855,1,2026-07-30 01:05:01,2026-07-30 16:05:01,2024-02-25 04:00:00
10126551,3007855,16777473,2026-07-30 14:47:22,2026-07-30 04:05:01,2024-06-23 15:41:06
27746861,3007855,1,2026-07-29 17:05:01,2026-07-30 16:05:01,2024-02-21 14:19:00
4813816,4205134,1,2026-07-30 01:05:01,2026-07-30 16:05:01,2024-02-25 04:00:00
5370951,4205134,1,2026-07-29 23:05:01,2026-07-30 16:05:01,2026-04-02 23:05:01
10008096,4205134,1,2026-06-20 12:05:01,2026-07-30 16:05:01,2024-02-07 09:47:00
10126551,4205134,16777473,2026-07-30 14:47:22,2026-07-30 04:05:01,2024-06-21 12:38:56
800366,5607218,65537,2024-06-04 21:00:00,2026-07-30 16:05:01,2024-01-07 18:49:00
4813816,5607218,1,2026-07-30 01:05:01,2026-07-30 16:05:01,2024-02-25 04:00:00
10126551,5607218,16777473,2026-07-30 14:47:22,2026-07-30 10:05:01,2024-06-29 12:38:54
4813816,5985966,1,2026-07-30 01:05:01,2026-07-30 16:05:01,2024-02-25 04:00:00
10126551,5985966,16777473,2026-07-30 14:47:22,2026-07-30 16:05:01,2024-06-23 13:38:59
27746861,5985966,1,2026-07-29 17:05:01,2026-07-30 16:05:01,2024-02-21 14:19:00
4813816,5009527,1,2026-07-30 01:05:01,2026-07-30 16:05:01,2024-02-25 04:00:00
10126551,5009527,16777473,2026-07-30 14:47:22,2026-07-30 16:05:01,2024-06-23 13:38:59
27746861,5009527,1,2026-07-29 17:05:01,2026-07-30 16:05:01,2024-02-21 14:19:00
4813816,5958804,1,2026-07-30 01:05:01,2026-07-30 16:05:01,2024-02-25 04:00:00
10008096,5958804,1,2026-06-20 12:05:01,2026-07-30 11:05:01,2024-02-07 09:47:00
10126551,5958804,16777473,2026-07-30 14:47:22,2026-07-30 11:05:01,2024-06-23 13:38:59
4813816,6319643,1,2026-07-30 01:05:01,2026-07-30 16:05:01,2024-02-25 04:00:00
27746861,3642433,1,2026-07-29 17:05:01,2026-07-30 16:05:01,2024-02-21 14:19:00
800366,5531431,65537,2024-06-04 21:00:00,2026-07-30 16:05:01,2024-01-07 18:49:00
4813816,5531431,1,2026-07-30 01:05:01,2026-07-30 16:05:01,2024-02-25 04:00:00
10126551,5531431,16777473,2026-07-30 14:47:22,2026-07-26 02:05:01,2024-06-28 08:43:22
27746861,5531431,1,2026-07-29 17:05:01,2026-07-30 16:05:01,2024-03-12 12:31:00
4813816,4736310,1,2026-07-30 01:05:01,2026-07-30 16:05:01,2024-02-25 04:00:00
5370951,4736310,1,2026-07-29 23:05:01,2026-07-30 16:05:01,2026-04-02 23:05:01
10126551,4736310,16777473,2026-07-30 14:47:22,2026-07-30 04:05:01,2024-06-21 12:38:56
27746861,4736310,1,2026-07-29 17:05:01,2026-07-30 16:05:01,2024-02-21 14:19:00
4813816,1781297,1,2026-07-30 01:05:01,2026-07-30 16:05:01,2024-02-25 04:00:00
5370951,1781297,1,2026-07-29 23:05:01,2026-07-30 16:05:01,2026-04-02 23:05:01
10008096,1781297,1,2026-06-20 12:05:01,2026-07-30 16:05:01,2024-02-07 09:47:00
10126551,1781297,16777473,2026-07-30 14:47:22,2026-07-30 04:05:01,2024-06-21 23:38:33
4813816,4945174,1,2026-07-30 01:05:01,2026-07-30 16:05:01,2024-02-25 04:00:00
5370951,4945174,1,2026-07-29 23:05:01,2026-07-30 16:05:01,2026-04-02 23:05:01
10126551,4945174,16777473,2026-07-30 14:47:22,2026-07-30 04:05:01,2024-06-21 12:38:56
27746861,4945174,1,2026-07-29 17:05:01,2026-07-30 16:05:01,2024-02-21 14:19:00
4813816,5146289,1,2026-07-30 01:05:01,2026-07-30 16:05:01,2024-02-25 04:00:00
5370951,5146289,1,2026-07-29 23:05:01,2026-07-30 16:05:01,2026-04-02 23:05:01
10008096,5146289,1,2026-06-20 12:05:01,2026-07-30 16:05:01,2024-02-07 09:47:00
10126551,5146289,16777473,2026-07-30 14:47:22,2026-07-30 04:05:01,2024-06-21 12:38:56
4813816,6519072,1,2026-07-30 01:05:01,2026-07-30 16:05:01,2024-05-24 03:00:00
10126551,6519072,16777473,2026-07-30 14:47:22,2026-07-29 01:05:01,2024-06-23 12:39:03
27746861,6519072,1,2026-07-29 17:05:01,2026-07-30 16:05:01,2024-05-23 18:53:53
4813816,3644410,1,2026-07-30 01:05:01,2026-07-30 16:05:01,2024-02-25 04:00:00
10126551,3644410,16777473,2026-07-30 14:47:22,2026-07-30 04:05:01,2024-06-23 15:41:06
27746861,3644410,1,2026-07-29 17:05:01,2026-07-30 16:05:01,2024-02-21 14:19:00
4813816,6391850,1,2026-07-30 01:05:01,2026-07-30 16:05:01,2024-02-25 04:00:00
10126551,6391850,16777473,2026-07-30 14:47:22,2026-07-30 16:05:01,2024-06-22 23:40:31
27746861,6391850,1,2026-07-29 17:05:01,2026-07-30 16:05:01,2024-02-21 14:19:00
4813816,5903843,1,2026-07-30 01:05:01,2026-07-30 16:05:01,2024-02-25 04:00:00
6449581,5903843,1,2026-07-15 04:24:18,2026-07-30 13:05:01,2024-02-19 00:00:00
10126551,5903843,16777473,2026-07-30 14:47:22,2026-07-30 01:05:01,2024-06-23 12:39:03
800366,5065879,65537,2024-06-04 21:00:00,2026-07-30 16:05:01,2024-01-07 18:49:00
4813816,5065879,1,2026-07-30 01:05:01,2026-07-30 16:05:01,2024-02-25 04:00:00
10126551,5065879,16777473,2026-07-30 14:47:22,2026-07-30 04:05:01,2024-06-23 15:41:06
27746861,5065879,1,2026-07-29 17:05:01,2026-07-30 16:05:01,2024-02-21 14:19:00
4813816,4418949,1,2026-07-30 01:05:01,2026-07-30 16:05:01,2024-02-25 04:00:00
10126551,4418949,16777473,2026-07-30 14:47:22,2026-07-30 04:05:01,2024-06-23 15:41:06
27746861,4418949,1,2026-07-29 17:05:01,2026-07-30 16:05:01,2024-02-21 14:19:00
4813816,5590240,1,2026-07-30 01:05:01,2026-07-30 16:05:01,2024-02-25 04:00:00
10008096,5590240,1,2026-06-20 12:05:01,2026-07-30 16:05:01,2024-02-07 09:47:00
10126551,5590240,16777473,2026-07-30 14:47:22,2026-07-30 04:05:01,2024-06-23 12:39:03
4813816,4243988,1,2026-07-30 01:05:01,2026-07-30 16:05:01,2024-02-25 04:00:00
10126551,4243988,16777473,2026-07-30 14:47:22,2026-07-30 04:05:01,2024-06-23 15:41:06
27746861,4243988,1,2026-07-29 17:05:01,2026-07-30 16:05:01,2024-02-21 14:19:00
4813816,6382255,1,2026-07-30 01:05:01,2026-07-30 16:05:01,2024-02-25 04:00:00
5370951,6382255,1,2026-07-29 23:05:01,2026-07-30 16:05:01,2026-04-02 23:05:01
10126551,6382255,16777473,2026-07-30 14:47:22,2026-07-30 04:05:01,2024-06-23 12:39:03
27746861,6382255,1,2026-07-29 17:05:01,2026-07-30 16:05:01,2024-02-21 14:19:00
4813816,4061252,1,2026-07-30 01:05:01,2026-07-30 16:05:01,2024-02-25 04:00:00
5370951,4061252,1,2026-07-29 23:05:01,2026-07-30 16:05:01,2026-04-02 23:05:01
10008096,4061252,1,2026-06-20 12:05:01,2026-07-30 16:05:01,2024-02-07 09:47:00
10126551,4061252,16777473,2026-07-30 14:47:22,2026-07-30 04:05:01,2024-06-21 23:38:33
4813816,4705578,1,2026-07-30 01:05:01,2026-07-30 16:05:01,2024-02-25 04:00:00
5370951,4705578,1,2026-07-29 23:05:01,2026-07-30 16:05:01,2026-04-02 23:05:01
10008096,4705578,1,2026-06-20 12:05:01,2026-07-30 16:05:01,2024-02-07 09:47:00
10126551,4705578,16777473,2026-07-30 14:47:22,2026-07-30 04:05:01,2024-06-22 04:38:00
4813816,6090392,1,2026-07-30 01:05:01,2026-07-30 16:05:01,2024-02-25 04:00:00
5370951,6090392,1,2026-07-29 23:05:01,2026-07-30 16:05:01,2026-04-02 23:05:01
10126551,6090392,16777473,2026-07-30 14:47:22,2026-07-30 04:05:01,2024-06-21 12:38:56
27746861,6090392,1,2026-07-29 17:05:01,2026-07-30 16:05:01,2024-02-21 14:19:00
4813816,5708897,1,2026-07-30 01:05:01,2026-07-30 16:05:01,2024-02-25 04:00:00
5370951,5708897,1,2026-07-29 23:05:01,2026-07-30 16:05:01,2026-04-02 23:05:01
10126551,5708897,16777473,2026-07-30 14:47:22,2026-07-30 04:05:01,2024-06-21 23:38:33
27746861,5708897,1,2026-07-29 17:05:01,2026-07-30 16:05:01,2024-02-21 14:19:00
4813816,6015363,1,2026-07-30 01:05:01,2026-07-30 16:05:01,2024-02-25 04:00:00
5370951,6015363,1,2026-07-29 23:05:01,2026-07-30 16:05:01,2026-04-02 23:05:01
10126551,6015363,16777473,2026-07-30 14:47:22,2026-07-30 04:05:01,2024-06-22 04:38:00
27746861,6015363,1,2026-07-29 17:05:01,2026-07-30 16:05:01,2024-02-21 14:19:00
4813816,5972433,1,2026-07-30 01:05:01,2026-07-30 16:05:01,2024-02-25 04:00:00
10008096,5972433,1,2026-06-20 12:05:01,2026-07-30 16:05:01,2024-02-07 09:47:00
10126551,5972433,16777473,2026-07-30 14:47:22,2026-07-30 04:05:01,2024-06-23 12:39:03
4813816,5558334,1,2026-07-30 01:05:01,2026-07-30 16:05:01,2024-02-25 04:00:00
5370951,5558334,1,2026-07-29 23:05:01,2026-07-30 16:05:01,2026-04-02 23:05:01
6449581,5558334,1,2026-07-15 04:24:18,2026-07-30 12:05:01,2024-02-19 00:00:00
10126551,5558334,16777473,2026-07-30 14:47:22,2026-07-30 04:05:01,2024-06-23 12:39:03
4813816,6348730,1,2026-07-30 01:05:01,2026-07-30 16:05:01,2024-02-25 04:00:00
5370951,6348730,1,2026-07-29 23:05:01,2026-07-30 16:05:01,2026-03-02 23:05:01
10126551,6348730,16777473,2026-07-30 14:47:22,2026-07-30 04:05:01,2024-06-29 12:38:54
4813816,6178206,1,2026-07-30 01:05:01,2026-07-30 16:05:01,2024-02-25 04:00:00
5370951,6178206,1,2026-07-29 23:05:01,2026-07-30 16:05:01,2026-04-02 23:05:01
10126551,6178206,16777473,2026-07-30 14:47:22,2026-07-30 04:05:01,2024-06-21 12:38:56
27746861,6178206,1,2026-07-29 17:05:01,2026-07-30 16:05:01,2024-02-21 14:19:00
4813816,5445556,1,2026-07-30 01:05:01,2026-07-30 16:05:01,2024-02-25 04:00:00
10008096,5445556,1,2026-06-20 12:05:01,2026-07-30 16:05:01,2024-02-07 09:47:00
10126551,5445556,16777473,2026-07-30 14:47:22,2026-07-30 04:05:01,2024-06-23 12:39:03
4813816,5908993,1,2026-07-30 01:05:01,2026-07-30 16:05:01,2024-02-25 04:00:00
10126551,5908993,16777473,2026-07-30 14:47:22,2026-07-30 07:05:01,2024-06-29 12:38:54
27746861,5908993,1,2026-07-29 17:05:01,2026-07-30 16:05:01,2024-03-10 20:20:00
4813816,6571058,1,2026-07-30 01:05:01,2026-07-30 16:05:01,2024-09-08 07:43:53
5370951,6571058,1,2026-07-29 23:05:01,2026-07-30 16:05:01,2026-03-05 23:05:02
10126551,6571058,16777473,2026-07-30 14:47:22,2026-07-30 03:05:02,2024-09-29 10:05:01
4813816,6621763,1,2026-07-30 01:05:01,2026-07-30 16:05:01,2025-01-03 05:27:27
5370951,6621763,1,2026-07-29 23:05:01,2026-07-30 16:05:01,2026-03-02 23:05:01
10126551,6621763,16777473,2026-07-30 14:47:22,2026-07-30 04:05:01,2025-01-27 16:05:01
4813816,2758220,1,2026-07-30 01:05:01,2026-07-30 16:05:01,2024-02-25 04:00:00
8381475,2758220,65537,2024-04-27 06:02:00,2026-07-30 16:05:01,2023-12-22 04:52:00
10008096,2758220,1,2026-06-20 12:05:01,2026-07-30 16:05:01,2024-02-07 09:47:00
10126551,2758220,16777473,2026-07-30 14:47:22,2026-07-30 04:05:01,2024-06-23 15:41:06
4813816,6189500,1,2026-07-30 01:05:01,2026-07-30 16:05:01,2024-02-25 04:00:00
10008096,6189500,1,2026-06-20 12:05:01,2026-07-30 16:05:01,2024-02-07 09:47:00
10126551,6189500,16777473,2026-07-30 14:47:22,2026-07-30 04:05:01,2024-06-23 12:39:03
4813816,6680699,1,2026-07-30 01:05:01,2026-07-30 16:05:01,2025-04-21 02:05:01
5370951,6680699,1,2026-07-29 23:05:01,2026-07-30 16:05:01,2026-03-02 23:05:01
10126551,6680699,16777473,2026-07-30 14:47:22,2026-07-30 00:05:01,2025-04-19 21:05:01
4813816,6342451,1,2026-07-30 01:05:01,2026-07-30 16:05:01,2024-02-25 04:00:00
5370951,6342451,1,2026-07-29 23:05:01,2026-07-30 16:05:01,2026-04-02 23:05:01
10126551,6342451,16777473,2026-07-30 14:47:22,2026-07-30 04:05:01,2024-06-23 12:39:03
27746861,6342451,1,2026-07-29 17:05:01,2026-07-30 16:05:01,2024-02-21 14:19:00
4813816,6046759,1,2026-07-30 01:05:01,2026-07-30 16:05:01,2024-02-25 04:00:00
6449581,6046759,1,2026-07-15 04:24:18,2026-07-30 13:05:01,2024-02-19 00:00:00
10126551,6046759,16777473,2026-07-30 14:47:22,2026-07-27 02:05:01,2024-06-29 12:38:54
4813816,6082273,1,2026-07-30 01:05:01,2026-07-30 16:05:01,2024-02-25 04:00:00
5370951,6082273,1,2026-07-29 23:05:01,2026-07-30 16:05:01,2026-04-02 23:05:01
6449581,6082273,1,2026-07-15 04:24:18,2026-07-30 12:05:01,2024-02-19 00:00:00
10126551,6082273,16777473,2026-07-30 14:47:22,2026-07-30 16:05:01,2024-06-23 08:40:03
4813816,5949684,1,2026-07-30 01:05:01,2026-07-30 16:05:01,2024-02-25 04:00:00
10126551,5949684,16777473,2026-07-30 14:47:22,2026-07-30 04:05:01,2024-06-21 12:38:56
27746861,5949684,1,2026-07-29 17:05:01,2026-07-30 16:05:01,2024-02-21 14:19:00
4813816,5487104,1,2026-07-30 01:05:01,2026-07-30 16:05:01,2024-02-25 04:00:00
5370951,5487104,1,2026-07-29 23:05:01,2026-07-30 16:05:01,2026-04-02 23:05:01
10126551,5487104,16777473,2026-07-30 14:47:22,2026-07-30 04:05:01,2024-06-21 12:38:56
27746861,5487104,1,2026-07-29 17:05:01,2026-07-30 16:05:01,2024-02-21 14:19:00
4813816,5383712,1,2026-07-30 01:05:01,2026-07-30 16:05:01,2024-02-25 04:00:00
6449581,5383712,1,2026-07-15 04:24:18,2026-07-30 12:05:01,2024-02-19 00:00:00
10126551,5383712,16777473,2026-07-30 14:47:22,2026-07-30 16:05:01,2024-06-23 12:39:03
4813816,5386349,1,2026-07-30 01:05:01,2026-07-30 16:05:01,2024-02-25 04:00:00
10126551,5386349,16777473,2026-07-30 14:47:22,2026-07-30 11:05:01,2024-06-23 12:39:03
27746861,5386349,1,2026-07-29 17:05:01,2026-07-30 16:05:01,2024-02-21 14:19:00
4813816,5753239,1,2026-07-30 01:05:01,2026-07-30 16:05:01,2024-02-25 04:00:00
5370951,5753239,1,2026-07-29 23:05:01,2026-07-30 16:05:01,2026-04-02 23:05:01
6449581,5753239,1,2026-07-15 04:24:18,2026-07-30 13:05:01,2024-02-19 00:00:00
10126551,5753239,16777473,2026-07-30 14:47:22,2026-07-30 04:05:01,2024-06-23 12:39:03
4813816,3028807,1,2026-07-30 01:05:01,2026-07-30 16:05:01,2024-02-25 04:00:00
10126551,3028807,16777473,2026-07-30 14:47:22,2026-07-30 04:05:01,2024-06-23 15:41:06
27746861,3028807,1,2026-07-29 17:05:01,2026-07-30 16:05:01,2024-02-21 14:19:00
4813816,6076629,1,2026-07-30 01:05:01,2026-07-30 16:05:01,2024-02-25 04:00:00
10126551,6076629,16777473,2026-07-30 14:47:22,2026-07-30 12:05:01,2024-06-23 12:39:03
27746861,6076629,1,2026-07-29 17:05:01,2026-07-30 16:05:01,2024-02-21 14:19:00
4813816,3768181,1,2026-07-30 01:05:01,2026-07-30 16:05:01,2024-02-25 04:00:00
5370951,3768181,1,2026-07-29 23:05:01,2026-07-30 16:05:01,2026-04-02 23:05:01
10008096,3768181,1,2026-06-20 12:05:01,2026-07-30 16:05:01,2024-02-07 09:47:00
10126551,3768181,16777473,2026-07-30 14:47:22,2026-07-30 04:05:01,2024-06-21 12:38:56
4813816,6021396,1,2026-07-30 01:05:01,2026-07-30 16:05:01,2024-02-25 04:00:00
10126551,6021396,16777473,2026-07-30 14:47:22,2026-07-30 03:05:02,2024-06-21 12:38:56
27746861,6021396,1,2026-07-29 17:05:01,2026-07-30 16:05:01,2024-02-21 14:19:00
4813816,5934021,1,2026-07-30 01:05:01,2026-07-30 16:05:01,2024-02-25 04:00:00
5370951,5934021,1,2026-07-29 23:05:01,2026-07-30 16:05:01,2026-04-02 23:05:01
10126551,5934021,16777473,2026-07-30 14:47:22,2026-07-30 04:05:01,2024-06-23 12:39:03
27746861,5934021,1,2026-07-29 17:05:01,2026-07-30 16:05:01,2024-02-21 14:19:00
4813816,5530038,1,2026-07-30 01:05:01,2026-07-30 16:05:01,2024-02-25 04:00:00
10126551,5530038,16777473,2026-07-30 14:47:22,2026-07-30 16:05:01,2024-06-23 12:39:03
27746861,5530038,1,2026-07-29 17:05:01,2026-07-30 16:05:01,2024-02-21 14:19:00
800366,6229555,65537,2024-06-04 21:00:00,2026-07-30 16:05:01,2024-01-07 18:49:00
4813816,6229555,1,2026-07-30 01:05:01,2026-07-30 16:05:01,2024-02-25 04:00:00
10126551,6229555,16777473,2026-07-30 14:47:22,2026-07-30 04:05:01,2024-06-23 15:41:06
27746861,6229555,1,2026-07-29 17:05:01,2026-07-30 16:05:01,2024-02-21 14:19:00
4813816,6093626,1,2026-07-30 01:05:01,2026-07-30 16:05:01,2024-02-25 04:00:00
5370951,6093626,1,2026-07-29 23:05:01,2026-07-30 16:05:01,2026-04-02 23:05:01
6449581,6093626,1,2026-07-15 04:24:18,2026-07-30 12:05:01,2024-02-19 00:00:00
10126551,6093626,16777473,2026-07-30 14:47:22,2026-07-30 16:05:01,2024-06-23 12:39:03
800366,6080093,65537,2024-06-04 21:00:00,2026-07-30 16:05:01,2024-01-07 18:49:00
4813816,6080093,1,2026-07-30 01:05:01,2026-07-30 16:05:01,2024-02-25 04:00:00
8381475,6080093,65537,2024-04-27 06:02:00,2026-07-30 16:05:01,2023-12-22 04:52:00
10126551,6080093,16777473,2026-07-30 14:47:22,2026-07-30 04:05:01,2024-06-28 08:43:22
4813816,6496166,1,2026-07-30 01:05:01,2026-07-30 16:05:01,2024-03-09 04:00:00
10126551,6496166,16777473,2026-07-30 14:47:22,2026-07-28 02:05:01,2024-06-21 12:38:56
27746861,6496166,1,2026-07-29 17:05:01,2026-07-30 16:05:01,2024-04-17 19:51:01
4813816,6251230,1,2026-07-30 01:05:01,2026-07-30 16:05:01,2024-02-25 04:00:00
10126551,6251230,16777473,2026-07-30 14:47:22,2026-07-30 16:05:01,2024-06-23 12:39:03
27746861,6251230,1,2026-07-29 17:05:01,2026-07-30 16:05:01,2024-02-21 14:19:00
4813816,6046702,1,2026-07-30 01:05:01,2026-07-30 16:05:01,2024-02-25 04:00:00
10126551,6046702,16777473,2026-07-30 14:47:22,2026-07-30 04:05:01,2024-06-21 12:38:56
27746861,6046702,1,2026-07-29 17:05:01,2026-07-30 16:05:01,2024-02-21 14:19:00
800366,4729860,65537,2024-06-04 21:00:00,2026-07-30 16:05:01,2024-01-07 18:49:00
4813816,4729860,1,2026-07-30 01:05:01,2026-07-30 16:05:01,2024-02-25 04:00:00
10126551,4729860,16777473,2026-07-30 14:47:22,2026-07-30 04:05:01,2024-06-23 15:41:06
800366,4844052,65537,2024-06-04 21:00:00,2026-07-30 16:05:01,2024-01-07 18:49:00
4813816,4844052,1,2026-07-30 01:05:01,2026-07-30 16:05:01,2024-02-25 04:00:00
10126551,4844052,16777473,2026-07-30 14:47:22,2026-07-28 02:05:01,2024-06-29 12:38:54
27746861,4844052,1,2026-07-29 17:05:01,2026-07-30 16:05:01,2024-02-21 14:19:00
4813816,4743347,1,2026-07-30 01:05:01,2026-07-30 16:05:01,2024-02-25 04:00:00
10126551,4743347,16777473,2026-07-30 14:47:22,2026-07-30 04:05:01,2024-06-23 15:41:06
27746861,4743347,1,2026-07-29 17:05:01,2026-07-30 16:05:01,2024-02-21 14:19:00
4813816,6581845,1,2026-07-30 01:05:01,2026-07-30 16:05:01,2024-12-11 21:15:12
5370951,6581845,1,2026-07-29 23:05:01,2026-07-24 05:05:01,2026-03-02 23:05:01
10126551,6581845,16777473,2026-07-30 14:47:22,2026-07-30 01:05:01,2025-01-27 16:05:01
4813816,4055980,1,2026-07-30 01:05:01,2026-07-30 16:05:01,2024-02-25 04:00:00
5370951,4055980,1,2026-07-29 23:05:01,2026-07-30 16:05:01,2026-04-02 23:05:01
10008096,4055980,1,2026-06-20 12:05:01,2026-07-30 16:05:01,2024-02-07 09:47:00
10126551,4055980,16777473,2026-07-30 14:47:22,2026-07-30 13:05:01,2024-06-21 12:38:56
4813816,5002167,1,2026-07-30 01:05:01,2026-07-30 16:05:01,2024-02-25 04:00:00
5370951,5002167,1,2026-07-29 23:05:01,2026-07-30 16:05:01,2026-04-02 23:05:01
10008096,5002167,1,2026-06-20 12:05:01,2026-07-30 16:05:01,2024-02-07 09:47:00
10126551,5002167,16777473,2026-07-30 14:47:22,2026-07-30 04:05:01,2024-06-22 16:39:40
4813816,5949190,1,2026-07-30 01:05:01,2026-07-30 16:05:01,2024-02-25 04:00:00
10126551,5949190,16777473,2026-07-30 14:47:22,2026-07-30 04:05:01,2024-06-30 09:16:08
27746861,5949190,1,2026-07-29 17:05:01,2026-07-30 16:05:01,2024-02-21 14:19:00
4813816,5445503,1,2026-07-30 01:05:01,2026-07-30 16:05:01,2024-02-25 04:00:00
10008096,5445503,1,2026-06-20 12:05:01,2026-07-30 16:05:01,2024-02-07 09:47:00
10126551,5445503,16777473,2026-07-30 14:47:22,2026-07-30 04:05:01,2024-06-23 12:39:03
4813816,5066573,1,2026-07-30 01:05:01,2026-07-30 16:05:01,2024-02-25 04:00:00
5370951,5066573,1,2026-07-29 23:05:01,2026-07-30 16:05:01,2026-04-02 23:05:01
10126551,5066573,16777473,2026-07-30 14:47:22,2026-07-30 00:05:01,2024-06-22 04:38:00
27746861,5066573,1,2026-07-29 17:05:01,2026-07-30 16:05:01,2024-02-21 14:19:00
4813816,4405205,1,2026-07-30 01:05:01,2026-07-30 16:05:01,2024-02-25 04:00:00
10126551,4405205,16777473,2026-07-30 14:47:22,2026-07-30 04:05:01,2024-06-23 15:41:06
27746861,4405205,1,2026-07-29 17:05:01,2026-07-30 16:05:01,2024-02-21 14:19:00
800366,2305671,65537,2024-06-04 21:00:00,2026-07-30 16:05:01,2024-01-07 18:49:00
4813816,2305671,1,2026-07-30 01:05:01,2026-07-30 16:05:01,2024-02-25 04:00:00
10126551,2305671,16777473,2026-07-30 14:47:22,2026-07-30 04:05:01,2024-06-23 15:41:06
27746861,2305671,1,2026-07-29 17:05:01,2026-07-30 16:05:01,2024-02-21 14:19:00
4813816,5919203,1,2026-07-30 01:05:01,2026-07-30 16:05:01,2024-02-25 04:00:00
10126551,5919203,16777473,2026-07-30 14:47:22,2026-07-30 16:05:01,2024-06-23 13:38:59
27746861,5919203,1,2026-07-29 17:05:01,2026-07-30 16:05:01,2024-02-21 14:19:00
4813816,4715285,1,2026-07-30 01:05:01,2026-07-30 16:05:01,2024-02-25 04:00:00
5370951,4715285,1,2026-07-29 23:05:01,2026-07-30 16:05:01,2026-04-02 23:05:01
10008096,4715285,1,2026-06-20 12:05:01,2026-07-30 16:05:01,2024-02-07 09:47:00
10126551,4715285,16777473,2026-07-30 14:47:22,2026-07-30 04:05:01,2024-06-21 12:38:56
4813816,6079906,1,2026-07-30 01:05:01,2026-07-30 16:05:01,2024-02-25 04:00:00
10008096,6079906,1,2026-06-20 12:05:01,2026-07-30 08:05:01,2024-02-07 09:47:00
10126551,6079906,16777473,2026-07-30 14:47:22,2026-07-30 05:05:01,2024-06-24 17:42:54
800366,3668075,65537,2024-06-04 21:00:00,2026-07-30 16:05:01,2024-01-07 18:49:00
4813816,3668075,1,2026-07-30 01:05:01,2026-07-30 16:05:01,2024-02-25 04:00:00
10126551,3668075,16777473,2026-07-30 14:47:22,2026-07-30 04:05:01,2024-06-28 08:43:22
27746861,3668075,1,2026-07-29 17:05:01,2026-07-30 16:05:01,2024-02-21 14:19:00
800366,5887102,65537,2024-06-04 21:00:00,2026-07-30 16:05:01,2024-01-07 18:49:00
4813816,5887102,1,2026-07-30 01:05:01,2026-07-30 16:05:01,2024-02-25 04:00:00
10126551,5887102,16777473,2026-07-30 14:47:22,2026-07-28 02:05:01,2024-06-24 17:42:54
27746861,5887102,1,2026-07-29 17:05:01,2026-07-30 16:05:01,2024-02-21 14:19:00
800366,5500303,65537,2024-06-04 21:00:00,2026-07-30 16:05:01,2024-01-07 18:49:00
4813816,5500303,1,2026-07-30 01:05:01,2026-07-30 16:05:01,2024-02-25 04:00:00
10126551,5500303,16777473,2026-07-30 14:47:22,2026-07-28 02:05:01,2024-06-28 08:43:22
27746861,5500303,1,2026-07-29 17:05:01,2026-07-30 16:05:01,2024-03-12 12:31:00
4813816,4863250,1,2026-07-30 01:05:01,2026-07-30 16:05:01,2024-02-25 04:00:00
5370951,4863250,1,2026-07-29 23:05:01,2026-07-30 16:05:01,2026-04-02 23:05:01
10008096,4863250,1,2026-06-20 12:05:01,2026-07-30 16:05:01,2024-02-07 09:47:00
10126551,4863250,16777473,2026-07-30 14:47:22,2026-07-30 04:05:01,2024-06-21 12:38:56
4813816,4605838,1,2026-07-30 01:05:01,2026-07-30 16:05:01,2024-02-25 04:00:00
10126551,4605838,16777473,2026-07-30 14:47:22,2026-07-28 02:05:01,2024-06-28 08:43:22
27746861,4605838,1,2026-07-29 17:05:01,2026-07-30 16:05:01,2024-02-21 14:19:00
4813816,6061661,1,2026-07-30 01:05:01,2026-07-30 16:05:01,2024-02-25 04:00:00
5220206,6061661,0,,2026-07-30 16:05:01,
10126551,6061661,16777473,2026-07-30 14:47:22,2026-07-30 04:05:01,2024-06-23 12:39:03
27746861,6061661,1,2026-07-29 17:05:01,2026-07-30 16:05:01,2024-02-21 14:19:00
4813816,6542222,1,2026-07-30 01:05:01,2026-07-30 16:05:01,2024-07-31 15:06:15
5370951,6542222,1,2026-07-29 23:05:01,2026-07-30 16:05:01,2026-03-02 23:05:01
10126551,6542222,16777473,2026-07-30 14:47:22,2026-07-30 04:05:01,2024-09-28 11:05:01
4813816,5448232,1,2026-07-30 01:05:01,2026-07-30 16:05:01,2024-02-25 04:00:00
10126551,5448232,16777473,2026-07-30 14:47:22,2026-07-30 06:05:01,2024-06-22 04:38:00
27746861,5448232,1,2026-07-29 17:05:01,2026-07-30 16:05:01,2024-02-21 14:19:00
4813816,5913373,1,2026-07-30 01:05:01,2026-07-30 16:05:01,2024-02-25 04:00:00
10126551,5913373,16777473,2026-07-30 14:47:22,2026-07-30 04:05:01,2024-06-23 13:38:59
27746861,5913373,1,2026-07-29 17:05:01,2026-07-30 16:05:01,2024-02-21 14:19:00
4813816,5599918,1,2026-07-30 01:05:01,2026-07-30 16:05:01,2024-02-25 04:00:00
5370951,5599918,1,2026-07-29 23:05:01,2026-07-30 16:05:01,2026-04-02 23:05:01
10126551,6319643,16777473,2026-07-30 14:47:22,2026-07-26 02:05:01,2024-06-29 12:38:54
27746861,6319643,1,2026-07-29 17:05:01,2026-07-30 16:05:01,2024-02-21 14:19:00
4813816,6234791,1,2026-07-30 01:05:01,2026-07-30 16:05:01,2024-02-25 04:00:00
10126551,6234791,16777473,2026-07-30 14:47:22,2026-07-30 04:05:01,2024-06-29 12:38:54
27746861,6234791,1,2026-07-29 17:05:01,2026-07-30 16:05:01,2024-03-12 12:31:00
4813816,5985536,1,2026-07-30 01:05:01,2026-07-30 16:05:01,2024-02-25 04:00:00
5370951,5985536,1,2026-07-29 23:05:01,2026-07-30 16:05:01,2026-04-02 23:05:01
10126551,5985536,16777473,2026-07-30 14:47:22,2026-07-30 04:05:01,2024-06-22 16:39:40
27746861,5985536,1,2026-07-29 17:05:01,2026-07-30 16:05:01,2024-02-21 14:19:00
1949023,4857511,1,2025-06-10 04:05:01,2026-07-30 16:05:01,2025-01-14 07:05:02
4813816,4857511,1,2026-07-30 01:05:01,2026-07-30 16:05:01,2024-02-25 04:00:00
10008096,4857511,1,2026-06-20 12:05:01,2026-07-30 16:05:01,2024-02-07 09:47:00
10126551,4857511,16777473,2026-07-30 14:47:22,2026-07-30 04:05:01,2024-06-23 12:39:03
4813816,6806989,1,2026-07-30 01:05:01,2026-07-30 16:05:01,2026-01-25 02:05:01
5370951,6806989,1,2026-07-29 23:05:01,2026-07-30 16:05:01,2026-03-03 23:05:01
10126551,6806989,16777473,2026-07-30 14:47:22,2026-07-28 02:05:01,2026-01-28 23:05:01
4813816,5916552,1,2026-07-30 01:05:01,2026-07-30 16:05:01,2024-02-25 04:00:00
5370951,5916552,1,2026-07-29 23:05:01,2026-07-30 16:05:01,2026-04-02 23:05:01
6449581,5916552,1,2026-07-15 04:24:18,2026-07-30 13:05:01,2024-02-19 00:00:00
10126551,5916552,16777473,2026-07-30 14:47:22,2026-07-30 04:05:01,2024-06-21 12:38:56
4813816,5414857,1,2026-07-30 01:05:01,2026-07-30 16:05:01,2024-02-25 04:00:00
5370951,5414857,1,2026-07-29 23:05:01,2026-07-30 16:05:01,2026-04-02 23:05:01
10126551,5414857,16777473,2026-07-30 14:47:22,2026-07-30 04:05:01,2024-06-21 12:38:56
27746861,5414857,1,2026-07-29 17:05:01,2026-07-30 16:05:01,2024-02-21 14:19:00
4813816,5963787,1,2026-07-30 01:05:01,2026-07-30 16:05:01,2024-02-25 04:00:00
10008096,5963787,1,2026-06-20 12:05:01,2026-07-30 16:05:01,2024-02-07 09:47:00
10126551,5963787,16777473,2026-07-30 14:47:22,2026-07-30 04:05:01,2024-06-23 12:39:03
4813816,6673411,1,2026-07-30 01:05:01,2026-07-30 16:05:01,2025-04-06 02:05:01
5370951,6673411,1,2026-07-29 23:05:01,2026-07-30 16:05:01,2026-03-02 23:05:01
10126551,6673411,16777473,2026-07-30 14:47:22,2026-07-30 04:05:01,2025-04-05 21:05:01
4813816,6481721,1,2026-07-30 01:05:01,2026-07-30 16:05:01,2024-02-25 04:00:00
10126551,6481721,16777473,2026-07-30 14:47:22,2026-07-28 23:05:01,2024-06-23 12:39:03
27746861,6481721,1,2026-07-29 17:05:01,2026-07-30 16:05:01,2024-03-12 12:31:00
800366,487704,65537,2024-06-04 21:00:00,2026-07-30 16:05:01,2024-01-07 18:49:00
4813816,487704,1,2026-07-30 01:05:01,2026-07-30 16:05:01,2024-02-25 04:00:00
10126551,487704,16777473,2026-07-30 14:47:22,2026-07-30 04:05:01,2024-06-28 08:43:22
27746861,487704,1,2026-07-29 17:05:01,2026-07-30 16:05:01,2024-03-12 12:31:00
4813816,5942966,1,2026-07-30 01:05:01,2026-07-30 16:05:01,2024-02-25 04:00:00
10008096,5942966,1,2026-06-20 12:05:01,2026-07-30 16:05:01,2024-02-07 09:47:00
10126551,5942966,16777473,2026-07-30 14:47:22,2026-07-30 04:05:01,2024-06-23 13:38:59
4813816,4768619,1,2026-07-30 01:05:01,2026-07-30 16:05:01,2024-02-25 04:00:00
5370951,4768619,1,2026-07-29 23:05:01,2026-07-30 16:05:01,2026-04-02 23:05:01
10126551,4768619,16777473,2026-07-30 14:47:22,2026-07-30 04:05:01,2024-06-21 12:38:56
27746861,4768619,1,2026-07-29 17:05:01,2026-07-30 16:05:01,2024-02-21 14:19:00
4813816,5941238,1,2026-07-30 01:05:01,2026-07-29 14:05:01,2024-02-25 04:00:00
8381475,5941238,65537,2024-04-27 06:02:00,2026-07-30 16:05:01,2023-12-22 04:52:00
10126551,5941238,16777473,2026-07-30 14:47:22,2026-07-26 01:05:02,2024-06-28 08:43:22
27746861,5941238,1,2026-07-29 17:05:01,2026-07-30 10:05:01,2024-03-12 12:31:00
4813816,6602861,1,2026-07-30 01:05:01,2026-07-30 07:05:01,2024-11-22 04:31:04
5370951,6602861,1,2026-07-29 23:05:01,2026-07-30 16:05:01,2026-03-05 18:05:02
10126551,6602861,16777473,2026-07-30 14:47:22,2026-07-27 02:05:01,2025-01-27 16:05:01
800366,1133244,65537,2024-06-04 21:00:00,2026-07-30 16:05:01,2024-01-07 18:49:00
4813816,1133244,1,2026-07-30 01:05:01,2026-07-30 16:05:01,2024-02-25 04:00:00
10126551,1133244,16777473,2026-07-30 14:47:22,2026-07-30 04:05:01,2024-06-23 15:41:06
27746861,1133244,1,2026-07-29 17:05:01,2026-07-30 16:05:01,2024-02-21 14:19:00
4813816,6551280,1,2026-07-30 01:05:01,2026-07-30 16:05:01,2024-07-31 15:04:40
5370951,6551280,1,2026-07-29 23:05:01,2026-07-30 16:05:01,2026-03-02 23:05:01
10126551,6551280,16777473,2026-07-30 14:47:22,2026-07-30 12:05:01,2025-01-27 16:05:01
4813816,6792722,1,2026-07-30 01:05:01,2026-07-29 20:05:02,2025-12-26 02:05:01
5370951,6792722,1,2026-07-29 23:05:01,2026-07-30 16:05:01,2026-05-21 23:05:01
10126551,6792722,16777473,2026-07-30 14:47:22,2026-07-22 15:09:49,2026-02-21 23:05:01
800366,2841809,65537,2024-06-04 21:00:00,2026-07-30 16:05:01,2024-01-07 18:49:00
4813816,2841809,1,2026-07-30 01:05:01,2026-07-30 16:05:01,2024-02-25 04:00:00
10126551,2841809,16777473,2026-07-30 14:47:22,2026-07-28 04:05:01,2024-06-28 08:43:22
27746861,2841809,1,2026-07-29 17:05:01,2026-07-30 16:05:01,2024-03-12 12:31:00
4813816,5849376,1,2026-07-30 01:05:01,2026-07-30 16:05:01,2024-02-25 04:00:00
10008096,5849376,1,2026-06-20 12:05:01,2026-07-30 09:05:01,2024-02-07 09:47:00
10126551,5849376,16777473,2026-07-30 14:47:22,2026-07-30 04:05:01,2024-06-27 17:43:34
4813816,6553679,1,2026-07-30 01:05:01,2026-07-30 16:05:01,2024-07-31 14:58:35
5370951,6553679,1,2026-07-29 23:05:01,2026-07-30 16:05:01,2026-03-02 23:05:01
10126551,6553679,16777473,2026-07-30 14:47:22,2026-07-30 04:05:01,2024-09-28 11:05:01
4813816,6621790,1,2026-07-30 01:05:01,2026-07-30 14:05:02,2024-12-31 04:56:27
5370951,6621790,1,2026-07-29 23:05:01,2026-07-30 16:05:01,2026-03-02 23:05:01
10126551,6621790,16777473,2026-07-30 14:47:22,2026-07-30 04:05:01,2025-01-27 16:05:01
4813816,6305542,1,2026-07-30 01:05:01,2026-07-30 16:05:01,2024-02-25 04:00:00
10126551,6305542,16777473,2026-07-30 14:47:22,2026-07-30 16:05:01,2024-06-23 13:38:59
27746861,6305542,1,2026-07-29 17:05:01,2026-07-30 16:05:01,2024-02-21 14:19:00
4813816,6159786,1,2026-07-30 01:05:01,2026-07-30 16:05:01,2024-02-25 04:00:00
5370951,6159786,1,2026-07-29 23:05:01,2026-07-30 16:05:01,2026-04-02 23:05:01
10008096,6159786,1,2026-06-20 12:05:01,2026-07-30 16:05:01,2024-02-07 09:47:00
10126551,6159786,16777473,2026-07-30 14:47:22,2026-07-30 04:05:01,2024-06-21 12:38:56
4813816,6361816,1,2026-07-30 01:05:01,2026-07-29 10:05:02,2024-02-25 04:00:00
8381475,6361816,65537,2024-04-27 06:02:00,2026-07-30 16:05:01,2023-12-22 04:52:00
10126551,6361816,16777473,2026-07-30 14:47:22,2026-07-27 02:05:01,2024-06-28 08:43:22
27746861,6361816,1,2026-07-29 17:05:01,2026-07-30 16:05:01,2024-03-12 12:31:00
4813816,5265111,1,2026-07-30 01:05:01,2026-07-30 16:05:01,2024-02-25 04:00:00
5370951,5265111,1,2026-07-29 23:05:01,2026-07-30 16:05:01,2026-04-02 23:05:01
10008096,5265111,1,2026-06-20 12:05:01,2026-07-30 16:05:01,2024-02-07 09:47:00
10126551,5265111,16777473,2026-07-30 14:47:22,2026-07-30 04:05:01,2024-06-21 12:38:56
4813816,5572046,1,2026-07-30 01:05:01,2026-07-30 16:05:01,2024-02-25 04:00:00
6449581,5572046,1,2026-07-15 04:24:18,2026-07-30 13:05:01,2024-02-19 00:00:00
10126551,5572046,16777473,2026-07-30 14:47:22,2026-07-30 01:05:01,2024-06-23 12:39:03
800366,5063367,65537,2024-06-04 21:00:00,2026-07-30 16:05:01,2024-01-07 18:49:00
4813816,5063367,1,2026-07-30 01:05:01,2026-07-30 16:05:01,2024-02-25 04:00:00
10126551,5063367,16777473,2026-07-30 14:47:22,2026-07-30 04:05:01,2024-06-28 08:43:22
27746861,5063367,1,2026-07-29 17:05:01,2026-07-30 16:05:01,2024-02-21 14:19:00
4813816,4942619,1,2026-07-30 01:05:01,2026-07-30 16:05:01,2024-02-25 04:00:00
8381475,4942619,65537,2024-04-27 06:02:00,2026-07-30 16:05:01,2023-12-22 04:52:00
10008096,4942619,1,2026-06-20 12:05:01,2026-07-30 16:05:01,2024-02-07 09:47:00
10126551,4942619,16777473,2026-07-30 14:47:22,2026-07-30 04:05:01,2024-06-27 17:43:34
4813816,6577701,1,2026-07-30 01:05:01,2026-07-30 16:05:01,2024-09-26 12:02:28
5370951,6577701,1,2026-07-29 23:05:01,2026-07-30 16:05:01,2026-03-02 23:05:01
10126551,6577701,16777473,2026-07-30 14:47:22,2026-07-27 02:05:01,2025-01-27 16:05:01
4813816,6729394,1,2026-07-30 01:05:01,2026-07-30 16:05:01,2025-08-09 01:05:01
5370951,6729394,1,2026-07-29 23:05:01,2026-07-24 05:05:01,2026-03-05 18:05:02
10126551,6729394,16777473,2026-07-30 14:47:22,2026-07-30 04:05:01,2025-08-08 12:05:01
4813816,6391965,1,2026-07-30 01:05:01,2026-07-30 16:05:01,2024-02-25 04:00:00
10126551,6391965,16777473,2026-07-30 14:47:22,2026-07-29 04:05:01,2024-06-29 12:38:54
27746861,6391965,1,2026-07-29 17:05:01,2026-07-30 16:05:01,2024-02-21 14:19:00
4813816,6155880,1,2026-07-30 01:05:01,2026-07-30 16:05:01,2024-02-25 04:00:00
10126551,6155880,16777473,2026-07-30 14:47:22,2026-07-30 16:05:01,2024-06-23 12:39:03
27746861,6155880,1,2026-07-29 17:05:01,2026-07-30 16:05:01,2024-02-21 14:19:00
4813816,2931186,1,2026-07-30 01:05:01,2026-07-30 16:05:01,2024-02-25 04:00:00
10126551,2931186,16777473,2026-07-30 14:47:22,2026-07-30 04:05:01,2024-06-23 15:41:06
27746861,2931186,1,2026-07-29 17:05:01,2026-07-30 16:05:01,2024-02-21 14:19:00
4813816,6735564,1,2026-07-30 01:05:01,2026-07-30 06:05:01,2025-08-24 01:05:01
5370951,6735564,1,2026-07-29 23:05:01,2026-07-30 16:05:01,2026-03-05 18:05:02
10126551,6735564,16777473,2026-07-30 14:47:22,2026-07-27 02:05:01,2025-08-23 13:05:02
4813816,5603857,1,2026-07-30 01:05:01,2026-07-30 16:05:01,2024-02-25 04:00:00
5370951,5603857,1,2026-07-29 23:05:01,2026-07-30 16:05:01,2026-04-02 23:05:01
10008096,5603857,1,2026-06-20 12:05:01,2026-07-30 16:05:01,2024-02-07 09:47:00
10126551,5603857,16777473,2026-07-30 14:47:22,2026-07-30 04:05:01,2024-06-21 12:38:56
4813816,6201719,1,2026-07-30 01:05:01,2026-07-30 16:05:01,2024-02-25 04:00:00
5370951,6201719,1,2026-07-29 23:05:01,2026-07-30 16:05:01,2026-04-02 23:05:01
10008096,6201719,1,2026-06-20 12:05:01,2026-07-30 16:05:01,2024-02-07 09:47:00
10126551,6201719,16777473,2026-07-30 14:47:22,2026-07-30 04:05:01,2024-06-23 12:39:03
4813816,6551249,1,2026-07-30 01:05:01,2026-07-30 16:05:01,2024-07-31 15:05:14
5370951,6551249,1,2026-07-29 23:05:01,2026-07-30 16:05:01,2026-03-02 23:05:01
10126551,6551249,16777473,2026-07-30 14:47:22,2026-07-30 04:05:01,2024-09-28 11:05:01
4813816,5545240,1,2026-07-30 01:05:01,2026-07-30 16:05:01,2024-02-25 04:00:00
5220206,5545240,0,,2026-07-30 16:05:01,
10126551,5545240,16777473,2026-07-30 14:47:22,2026-07-24 04:05:01,2024-06-23 13:38:59
27746861,5545240,1,2026-07-29 17:05:01,2026-07-30 16:05:01,2024-02-21 14:19:00
4813816,6562179,1,2026-07-30 01:05:01,2026-07-30 16:05:01,2024-08-14 18:49:41
5370951,6562179,1,2026-07-29 23:05:01,2026-07-30 16:05:01,2026-03-05 18:05:02
10126551,6562179,16777473,2026-07-30 14:47:22,2026-07-29 02:05:01,2024-09-28 11:05:01
4813816,5383393,1,2026-07-30 01:05:01,2026-07-30 16:05:01,2024-02-25 04:00:00
6449581,5383393,1,2026-07-15 04:24:18,2026-07-30 13:05:01,2024-02-19 00:00:00
10126551,5383393,16777473,2026-07-30 14:47:22,2026-07-30 16:05:01,2024-06-30 11:39:25
4813816,5408913,1,2026-07-30 01:05:01,2026-07-30 07:05:01,2024-02-25 04:00:00
10126551,5408913,16777473,2026-07-30 14:47:22,2026-07-26 04:05:01,2024-06-30 11:39:25
27746861,5408913,1,2026-07-29 17:05:01,2026-07-30 08:05:01,2024-02-21 14:19:00
4813816,5204837,1,2026-07-30 01:05:01,2026-07-30 16:05:01,2024-02-25 04:00:00
6449581,5204837,1,2026-07-15 04:24:18,2026-07-30 12:05:01,2024-02-19 00:00:00
10126551,5204837,16777473,2026-07-30 14:47:22,2026-07-30 16:05:01,2024-06-23 12:39:03
800366,5445470,65537,2024-06-04 21:00:00,2026-07-30 16:05:01,2024-01-07 18:49:00
4813816,5445470,1,2026-07-30 01:05:01,2026-07-30 16:05:01,2024-02-25 04:00:00
10126551,5445470,16777473,2026-07-30 14:47:22,2026-07-28 02:05:01,2024-06-28 08:43:22
27746861,5445470,1,2026-07-29 17:05:01,2026-07-30 16:05:01,2024-02-21 14:19:00
4813816,6001875,1,2026-07-30 01:05:01,2026-07-30 16:05:01,2024-02-25 04:00:00
10126551,6001875,16777473,2026-07-30 14:47:22,2026-07-30 04:05:01,2024-06-30 11:39:25
27746861,6001875,1,2026-07-29 17:05:01,2026-07-30 16:05:01,2024-03-12 12:31:00
4813816,5963929,1,2026-07-30 01:05:01,2026-07-30 16:05:01,2024-02-25 04:00:00
10126551,5963929,16777473,2026-07-30 14:47:22,2026-07-30 15:05:01,2024-06-22 04:38:00
27746861,5963929,1,2026-07-29 17:05:01,2026-07-30 16:05:01,2024-02-21 14:19:00
4813816,6623632,1,2026-07-30 01:05:01,2026-07-30 16:05:01,2025-01-05 11:07:33
5370951,6623632,1,2026-07-29 23:05:01,2026-07-30 16:05:01,2026-03-05 18:05:02
10126551,6623632,16777473,2026-07-30 14:47:22,2026-07-30 04:05:01,2025-01-27 16:05:01
4813816,2839200,1,2026-07-30 01:05:01,2026-07-30 16:05:01,2024-02-25 04:00:00
5370951,2839200,1,2026-07-29 23:05:01,2026-07-24 05:05:01,2026-04-02 23:05:01
6449581,2839200,1,2026-07-15 04:24:18,2026-07-30 13:05:01,2024-02-19 00:00:00
10126551,2839200,16777473,2026-07-30 14:47:22,2026-07-30 16:05:01,2024-06-21 12:38:56
4813816,6592548,1,2026-07-30 01:05:01,2026-07-30 16:05:01,2024-11-01 20:49:13
5370951,6592548,1,2026-07-29 23:05:01,2026-07-30 16:05:01,2026-03-02 23:05:01
10126551,6592548,16777473,2026-07-30 14:47:22,2026-07-30 04:05:01,2025-01-27 16:05:01
4813816,6593039,1,2026-07-30 01:05:01,2026-07-30 16:05:01,2024-11-06 23:14:48
5370951,6593039,1,2026-07-29 23:05:01,2026-07-30 16:05:01,2026-03-02 23:05:01
10126551,6593039,16777473,2026-07-30 14:47:22,2026-07-30 04:05:01,2025-01-27 16:05:01
4813816,6617419,1,2026-07-30 01:05:01,2026-07-30 16:05:01,2024-12-24 19:39:48
5370951,6617419,1,2026-07-29 23:05:01,2026-07-30 16:05:01,2026-03-02 23:05:01
10126551,6617419,16777473,2026-07-30 14:47:22,2026-07-30 04:05:01,2025-01-27 16:05:01
4813816,5736288,1,2026-07-30 01:05:01,2026-07-30 16:05:01,2024-02-25 04:00:00
6449581,5736288,1,2026-07-15 04:24:18,2026-07-30 13:05:01,2024-02-19 00:00:00
10126551,5736288,16777473,2026-07-30 14:47:22,2026-07-30 14:05:02,2024-06-22 04:38:00
4813816,3552391,1,2026-07-30 01:05:01,2026-07-30 16:05:01,2024-02-25 04:00:00
5370951,3552391,1,2026-07-29 23:05:01,2026-07-30 16:05:01,2026-04-02 23:05:01
10008096,3552391,1,2026-06-20 12:05:01,2026-07-30 16:05:01,2024-02-07 09:47:00
10126551,3552391,16777473,2026-07-30 14:47:22,2026-07-30 04:05:01,2024-06-23 08:40:03
4813816,4357448,1,2026-07-30 01:05:01,2026-07-30 16:05:01,2024-02-25 04:00:00
10126551,4357448,16777473,2026-07-30 14:47:22,2026-07-30 04:05:01,2024-06-23 15:41:06
27746861,4357448,1,2026-07-29 17:05:01,2026-07-30 16:05:01,2024-02-21 14:19:00
4813816,6242189,1,2026-07-30 01:05:01,2026-07-30 16:05:01,2024-02-25 04:00:00
5370951,6242189,1,2026-07-29 23:05:01,2026-07-30 16:05:01,2026-04-02 23:05:01
10126551,6242189,16777473,2026-07-30 14:47:22,2026-07-30 04:05:01,2024-06-28 08:43:22
27746861,6242189,1,2026-07-29 17:05:01,2026-07-30 16:05:01,2024-02-21 14:19:00
4813816,6082763,1,2026-07-30 01:05:01,2026-07-30 05:05:01,2024-02-25 04:00:00
10126551,6082763,16777473,2026-07-30 14:47:22,2026-07-27 03:05:01,2024-06-30 11:39:25
27746861,6082763,1,2026-07-29 17:05:01,2026-07-30 14:05:02,2024-03-10 20:20:00
4813816,6655341,1,2026-07-30 01:05:01,2026-07-30 16:05:01,2025-03-02 03:05:01
5370951,6655341,1,2026-07-29 23:05:01,2026-07-30 16:05:01,2026-03-02 23:05:01
10126551,6655341,16777473,2026-07-30 14:47:22,2026-07-28 02:05:01,2025-03-01 23:05:01
4813816,1116602,1,2026-07-30 01:05:01,2026-07-30 16:05:01,2024-02-25 04:00:00
5370951,1116602,1,2026-07-29 23:05:01,2026-07-30 16:05:01,2026-04-02 23:05:01
10008096,1116602,1,2026-06-20 12:05:01,2026-07-30 16:05:01,2024-02-07 09:47:00
10126551,1116602,16777473,2026-07-30 14:47:22,2026-07-30 04:05:01,2024-06-21 12:38:56
4813816,5264845,1,2026-07-30 01:05:01,2026-07-30 16:05:01,2024-02-25 04:00:00
6449581,5264845,1,2026-07-15 04:24:18,2026-07-30 13:05:01,2024-02-19 00:00:00
10126551,5264845,16777473,2026-07-30 14:47:22,2026-07-30 04:05:01,2024-06-23 12:39:03
4813816,4351388,1,2026-07-30 01:05:01,2026-07-30 16:05:01,2024-02-25 04:00:00
5370951,4351388,1,2026-07-29 23:05:01,2026-07-30 16:05:01,2026-04-02 23:05:01
10008096,4351388,1,2026-06-20 12:05:01,2026-07-30 16:05:01,2024-02-07 09:47:00
10126551,4351388,16777473,2026-07-30 14:47:22,2026-07-30 04:05:01,2024-06-21 12:38:56
4813816,6253928,1,2026-07-30 01:05:01,2026-07-30 16:05:01,2024-02-25 04:00:00
10008096,6253928,1,2026-06-20 12:05:01,2026-07-30 16:05:01,2024-02-07 09:47:00
10126551,6253928,16777473,2026-07-30 14:47:22,2026-07-30 08:05:01,2024-06-29 12:38:53
4813816,5969028,1,2026-07-30 01:05:01,2026-07-30 16:05:01,2024-02-25 04:00:00
5370951,5969028,1,2026-07-29 23:05:01,2026-07-30 16:05:01,2026-04-02 23:05:01
10126551,5969028,16777473,2026-07-30 14:47:22,2026-07-28 02:05:01,2024-06-21 12:38:56
27746861,5969028,1,2026-07-29 17:05:01,2026-07-30 16:05:01,2024-02-21 14:19:00
4813816,6502256,1,2026-07-30 01:05:01,2026-07-28 07:05:01,2024-03-20 04:00:00
10126551,6502256,16777473,2026-07-30 14:47:22,2026-07-10 10:05:01,2024-06-30 11:39:25
27746861,6502256,1,2026-07-29 17:05:01,2026-07-29 16:05:01,2024-04-05 18:53:51
4813816,6785854,1,2026-07-30 01:05:01,2026-07-30 16:05:01,2025-12-13 02:05:01
5370951,6785854,1,2026-07-29 23:05:01,2026-07-30 16:05:01,2026-03-05 23:05:02
10126551,6785854,16777473,2026-07-30 14:47:22,2026-07-30 01:05:01,2025-12-11 15:05:01
800366,5450478,65537,2024-06-04 21:00:00,2026-07-30 16:05:01,2024-01-07 18:49:00
4813816,5450478,1,2026-07-30 01:05:01,2026-07-30 16:05:01,2024-02-25 04:00:00
10126551,5450478,16777473,2026-07-30 14:47:22,2026-07-28 04:05:01,2024-06-23 16:39:49
4813816,6158541,1,2026-07-30 01:05:01,2026-07-30 16:05:01,2024-02-25 04:00:00
10126551,6158541,16777473,2026-07-30 14:47:22,2026-07-30 16:05:01,2024-06-23 13:38:59
27746861,6158541,1,2026-07-29 17:05:01,2026-07-30 16:05:01,2024-02-21 14:19:00
4813816,6392940,1,2026-07-30 01:05:01,2026-07-30 16:05:01,2024-02-25 04:00:00
5370951,6392940,1,2026-07-29 23:05:01,2026-07-30 16:05:01,2026-04-02 23:05:01
10126551,6392940,16777473,2026-07-30 14:47:22,2026-07-30 04:05:01,2024-06-23 12:39:03
27746861,6392940,1,2026-07-29 17:05:01,2026-07-30 16:05:01,2024-02-21 14:19:00
4813816,6245671,1,2026-07-30 01:05:01,2026-07-30 16:05:01,2024-02-25 04:00:00
5370951,6245671,1,2026-07-29 23:05:01,2026-07-30 16:05:01,2026-04-02 23:05:01
10126551,6245671,16777473,2026-07-30 14:47:22,2026-07-30 04:05:01,2024-06-21 12:38:56
27746861,6245671,1,2026-07-29 17:05:01,2026-07-30 16:05:01,2024-02-21 14:19:00
4813816,6244817,1,2026-07-30 01:05:01,2026-07-30 16:05:01,2024-02-25 04:00:00
5370951,6244817,1,2026-07-29 23:05:01,2026-07-30 16:05:01,2026-04-02 23:05:01
10126551,6244817,16777473,2026-07-30 14:47:22,2026-07-30 04:05:01,2024-06-30 09:16:08
27746861,6244817,1,2026-07-29 17:05:01,2026-07-30 16:05:01,2024-02-21 14:19:00
4813816,5103515,1,2026-07-30 01:05:01,2026-07-30 16:05:01,2024-02-25 04:00:00
10008096,5103515,1,2026-06-20 12:05:01,2026-07-30 16:05:01,2024-02-07 09:47:00
10126551,5103515,16777473,2026-07-30 14:47:22,2026-07-30 12:05:01,2024-06-23 13:38:59
4813816,6632325,1,2026-07-30 01:05:01,2026-07-30 16:05:01,2025-01-22 23:15:48
5370951,6632325,1,2026-07-29 23:05:01,2026-07-30 16:05:01,2026-03-02 23:05:01
10126551,6632325,16777473,2026-07-30 14:47:22,2026-07-30 04:05:01,2025-01-27 16:05:01
4813816,6767333,1,2026-07-30 01:05:01,2026-07-30 16:05:01,2025-11-04 01:05:01
5370951,6767333,1,2026-07-29 23:05:01,2026-07-30 16:05:01,2026-03-05 23:05:02
10126551,6767333,16777473,2026-07-30 14:47:22,2026-07-30 04:05:01,2025-11-03 18:05:01
4813816,6661150,1,2026-07-30 01:05:01,2026-07-30 16:05:01,2025-03-13 03:05:01
5370951,6661150,1,2026-07-29 23:05:01,2026-07-30 16:05:01,2026-03-05 18:05:02
10126551,6661150,16777473,2026-07-30 14:47:22,2026-07-28 02:05:01,2025-03-14 16:05:01
4813816,5670887,1,2026-07-30 01:05:01,2026-07-30 16:05:01,2024-02-25 04:00:00
5370951,5670887,1,2026-07-29 23:05:01,2026-07-30 16:05:01,2026-04-02 23:05:01
10126551,5670887,16777473,2026-07-30 14:47:22,2026-07-27 04:05:01,2024-06-30 11:39:25
27746861,5670887,1,2026-07-29 17:05:01,2026-07-30 16:05:01,2024-02-21 14:19:00
4813816,6722243,1,2026-07-30 01:05:01,2026-07-30 16:05:01,2025-07-22 01:05:02
5370951,6722243,1,2026-07-29 23:05:01,2026-07-30 16:05:01,2026-03-02 23:05:01
10126551,6722243,16777473,2026-07-30 14:47:22,2026-07-30 04:05:01,2025-07-27 07:05:01
4813816,6544138,1,2026-07-30 01:05:01,2026-07-30 16:05:01,2024-07-31 15:04:52
5370951,6544138,1,2026-07-29 23:05:01,2026-07-30 16:05:01,2026-03-02 23:05:01
10126551,6544138,16777473,2026-07-30 14:47:22,2026-07-23 10:05:01,2024-09-28 11:05:01
4813816,4310220,1,2026-07-30 01:05:01,2026-07-30 16:05:01,2024-02-25 04:00:00
10126551,4310220,16777473,2026-07-30 14:47:22,2026-07-30 03:05:02,2024-06-23 13:38:59
27746861,4310220,1,2026-07-29 17:05:01,2026-07-30 16:05:01,2024-02-21 14:19:00
4813816,5734448,1,2026-07-30 01:05:01,2026-07-30 16:05:01,2024-02-25 04:00:00
10008096,5734448,1,2026-06-20 12:05:01,2026-07-30 16:05:01,2024-02-07 09:47:00
10126551,5734448,16777473,2026-07-30 14:47:22,2026-07-30 04:05:01,2024-06-23 13:38:59
800366,5736386,65537,2024-06-04 21:00:00,2026-07-30 16:05:01,2024-01-07 18:49:00
4813816,5736386,1,2026-07-30 01:05:01,2026-07-30 08:05:01,2024-02-25 04:00:00
10126551,5736386,16777473,2026-07-30 14:47:22,2026-07-26 23:05:01,2024-06-28 08:43:22
27746861,5736386,1,2026-07-29 17:05:01,2026-07-30 16:05:01,2024-02-21 14:19:00
4813816,4973682,1,2026-07-30 01:05:01,2026-07-30 16:05:01,2024-02-25 04:00:00
5370951,4973682,1,2026-07-29 23:05:01,2026-07-30 16:05:01,2026-04-02 23:05:01
10126551,4973682,16777473,2026-07-30 14:47:22,2026-07-27 02:05:01,2024-06-23 12:39:03
10126551,5599918,16777473,2026-07-30 14:47:22,2026-07-30 04:05:01,2024-06-21 12:38:56
27746861,5599918,1,2026-07-29 17:05:01,2026-07-30 16:05:01,2024-02-21 14:19:00
4813816,6680687,1,2026-07-30 01:05:01,2026-07-30 16:05:01,2025-04-21 02:05:01
5370951,6680687,1,2026-07-29 23:05:01,2026-07-30 16:05:01,2026-03-02 23:05:01
10126551,6680687,16777473,2026-07-30 14:47:22,2026-07-28 00:05:01,2025-04-19 21:05:01
4813816,2512914,1,2026-07-30 01:05:01,2026-07-30 16:05:01,2024-02-25 04:00:00
10126551,2512914,16777473,2026-07-30 14:47:22,2026-07-30 04:05:01,2024-06-23 15:41:06
27746861,2512914,1,2026-07-29 17:05:01,2026-07-30 16:05:01,2024-02-21 14:19:00
4813816,4466944,1,2026-07-30 01:05:01,2026-07-30 16:05:01,2024-02-25 04:00:00
5370951,4466944,1,2026-07-29 23:05:01,2026-07-30 16:05:01,2026-04-02 23:05:01
10008096,4466944,1,2026-06-20 12:05:01,2026-07-30 16:05:01,2024-02-07 09:47:00
10126551,4466944,16777473,2026-07-30 14:47:22,2026-07-30 04:05:01,2024-06-21 12:38:56
4813816,4956381,1,2026-07-30 01:05:01,2026-07-30 16:05:01,2024-02-25 04:00:00
5370951,4956381,1,2026-07-29 23:05:01,2026-07-30 16:05:01,2026-04-02 23:05:01
10008096,4956381,1,2026-06-20 12:05:01,2026-07-30 16:05:01,2024-02-07 09:47:00
10126551,4956381,16777473,2026-07-30 14:47:22,2026-07-30 04:05:01,2024-06-23 12:39:03
4813816,6017387,1,2026-07-30 01:05:01,2026-07-30 16:05:01,2024-02-25 04:00:00
10126551,6017387,16777473,2026-07-30 14:47:22,2026-07-26 23:05:01,2024-06-30 11:39:25
27746861,6017387,1,2026-07-29 17:05:01,2026-07-30 16:05:01,2024-02-21 14:19:00
4813816,6413109,1,2026-07-30 01:05:01,2026-07-30 16:05:01,2024-02-25 04:00:00
5370951,6413109,1,2026-07-29 23:05:01,2026-07-30 16:05:01,2026-04-02 23:05:01
10126551,6413109,16777473,2026-07-30 14:47:22,2026-07-30 04:05:01,2024-06-23 12:39:03
27746861,6413109,1,2026-07-29 17:05:01,2026-07-30 16:05:01,2024-02-21 14:19:00
4813816,616147,1,2026-07-30 01:05:01,2026-07-30 16:05:01,2024-02-25 04:00:00
5370951,616147,1,2026-07-29 23:05:01,2026-07-30 16:05:01,2026-04-02 23:05:01
10008096,616147,1,2026-06-20 12:05:01,2026-07-30 16:05:01,2024-02-07 09:47:00
10126551,616147,16777473,2026-07-30 14:47:22,2026-07-30 04:05:01,2024-06-21 12:38:56
4813816,5822855,1,2026-07-30 01:05:01,2026-07-30 16:05:01,2024-02-25 04:00:00
6449581,5822855,1,2026-07-15 04:24:18,2026-07-30 13:05:01,2024-02-19 00:00:00
10126551,5822855,16777473,2026-07-30 14:47:22,2026-07-30 09:05:01,2024-06-21 12:38:56
4813816,6635392,1,2026-07-30 01:05:01,2026-07-30 16:05:01,2025-01-26 16:47:50
5370951,6635392,1,2026-07-29 23:05:01,2026-07-30 16:05:01,2026-03-02 23:05:01
10126551,6635392,16777473,2026-07-30 14:47:22,2026-07-27 03:05:01,2025-01-27 16:05:01
4813816,5164229,1,2026-07-30 01:05:01,2026-07-30 16:05:01,2024-02-25 04:00:00
6449581,5164229,1,2026-07-15 04:24:18,2026-07-30 13:05:01,2024-02-19 00:00:00
10126551,5164229,16777473,2026-07-30 14:47:22,2026-07-28 03:05:01,2024-06-23 12:39:03
4813816,5949265,1,2026-07-30 01:05:01,2026-07-30 16:05:01,2024-02-25 04:00:00
5370951,5949265,1,2026-07-29 23:05:01,2026-07-30 16:05:01,2026-04-02 23:05:01
10126551,5949265,16777473,2026-07-30 14:47:22,2026-07-30 04:05:01,2024-06-21 12:38:56
27746861,5949265,1,2026-07-29 17:05:01,2026-07-30 16:05:01,2024-02-21 14:19:00
4813816,6700841,1,2026-07-30 01:05:01,2026-07-30 16:05:01,2025-06-02 02:05:01
5370951,6700841,1,2026-07-29 23:05:01,2026-07-30 16:05:01,2026-03-02 23:05:01
10126551,6700841,16777473,2026-07-30 14:47:22,2026-07-30 05:05:01,2025-05-31 21:05:01
4813816,6066415,1,2026-07-30 01:05:01,2026-07-30 16:05:01,2024-02-25 04:00:00
5220206,6066415,0,,2026-07-30 16:05:01,
10126551,6066415,16777473,2026-07-30 14:47:22,2026-07-30 04:05:01,2024-06-23 13:38:59
27746861,6066415,1,2026-07-29 17:05:01,2026-07-30 16:05:01,2024-02-21 14:19:00
4813816,6575350,1,2026-07-30 01:05:01,2026-07-30 16:05:01,2024-09-20 14:00:37
5370951,6575350,1,2026-07-29 23:05:01,2026-07-30 16:05:01,2026-03-24 00:05:01
10126551,6575350,16777473,2026-07-30 14:47:22,2026-07-29 07:05:01,2025-01-27 16:05:01
4813816,6229189,1,2026-07-30 01:05:01,2026-07-30 16:05:01,2024-02-25 04:00:00
10126551,6229189,16777473,2026-07-30 14:47:22,2026-07-30 04:05:01,2024-06-28 08:43:22
27746861,6229189,1,2026-07-29 17:05:01,2026-07-30 16:05:01,2024-03-12 12:31:00
4813816,5907217,1,2026-07-30 01:05:01,2026-07-30 16:05:01,2024-02-25 04:00:00
10126551,5907217,16777473,2026-07-30 14:47:22,2026-07-30 16:05:01,2024-06-30 11:39:25
27746861,5907217,1,2026-07-29 17:05:01,2026-07-30 16:05:01,2024-02-21 14:19:00
4813816,5953005,1,2026-07-30 01:05:01,2026-07-30 16:05:01,2024-02-25 04:00:00
10126551,5953005,16777473,2026-07-30 14:47:22,2026-07-30 16:05:01,2024-06-23 12:39:03
27746861,5953005,1,2026-07-29 17:05:01,2026-07-30 16:05:01,2024-02-21 14:19:00
4813816,2517127,1,2026-07-30 01:05:01,2026-07-30 16:05:01,2024-02-25 04:00:00
10126551,2517127,16777473,2026-07-30 14:47:22,2026-07-30 04:05:01,2024-06-23 15:41:06
27746861,2517127,1,2026-07-29 17:05:01,2026-07-30 16:05:01,2024-02-21 14:19:00
4813816,5300674,1,2026-07-30 01:05:01,2026-07-30 16:05:01,2024-02-25 04:00:00
8381475,5300674,65537,2024-04-27 06:02:00,2026-07-30 16:05:01,2023-12-22 04:52:00
10008096,5300674,1,2026-06-20 12:05:01,2026-07-30 16:05:01,2024-02-07 09:47:00
10126551,5300674,16777473,2026-07-30 14:47:22,2026-07-30 04:05:01,2024-06-27 17:43:34
4813816,6061357,1,2026-07-30 01:05:01,2026-07-30 11:05:01,2024-02-25 04:00:00
6449581,6061357,1,2026-07-15 04:24:18,2026-07-30 13:05:01,2024-02-19 00:00:00
10126551,6061357,16777473,2026-07-30 14:47:22,2026-07-26 02:05:01,2024-06-30 11:39:25
4813816,6193978,1,2026-07-30 01:05:01,2026-07-30 16:05:01,2024-02-25 04:00:00
10126551,6193978,16777473,2026-07-30 14:47:22,2026-07-30 07:05:01,2024-06-23 13:38:59
27746861,6193978,1,2026-07-29 17:05:01,2026-07-30 16:05:01,2024-02-21 14:19:00
4813816,5740859,1,2026-07-30 01:05:01,2026-07-30 16:05:01,2024-02-25 04:00:00
10126551,5740859,16777473,2026-07-30 14:47:22,2026-07-30 04:05:01,2024-06-23 13:38:59
27746861,5740859,1,2026-07-29 17:05:01,2026-07-30 16:05:01,2024-02-21 14:19:00
4813816,6537084,1,2026-07-30 01:05:01,2026-07-30 16:05:01,2024-07-31 15:05:32
5370951,6537084,1,2026-07-29 23:05:01,2026-07-24 05:05:01,2026-03-05 18:05:02
10126551,6537084,16777473,2026-07-30 14:47:22,2026-07-30 04:05:01,2024-09-28 11:05:01
4813816,1013055,1,2026-07-30 01:05:01,2026-07-30 16:05:01,2024-02-25 04:00:00
8381475,1013055,65537,2024-04-27 06:02:00,2026-07-30 16:05:01,2023-12-22 04:52:00
10126551,1013055,16777473,2026-07-30 14:47:22,2026-07-30 04:05:01,2024-06-28 08:43:22
27746861,1013055,1,2026-07-29 17:05:01,2026-07-30 16:05:01,2024-02-21 14:19:00
4813816,5889646,1,2026-07-30 01:05:01,2026-07-30 16:05:01,2024-02-25 04:00:00
10126551,5889646,16777473,2026-07-30 14:47:22,2026-07-30 04:05:01,2024-06-22 04:38:00
27746861,5889646,1,2026-07-29 17:05:01,2026-07-30 16:05:01,2024-02-21 14:19:00
4813816,5817341,1,2026-07-30 01:05:01,2026-07-30 16:05:01,2024-02-25 04:00:00
10126551,5817341,16777473,2026-07-30 14:47:22,2026-07-27 03:05:01,2024-06-23 12:39:03
27746861,5817341,1,2026-07-29 17:05:01,2026-07-30 16:05:01,2024-02-21 14:19:00
4813816,6625315,1,2026-07-30 01:05:01,2026-07-30 16:05:01,2025-01-07 21:27:35
5370951,6625315,1,2026-07-29 23:05:01,2026-07-30 16:05:01,2026-03-02 23:05:01
10126551,6625315,16777473,2026-07-30 14:47:22,2026-07-29 00:05:01,2025-01-27 16:05:01
4813816,3533317,1,2026-07-30 01:05:01,2026-07-30 16:05:01,2024-02-25 04:00:00
10126551,3533317,16777473,2026-07-30 14:47:22,2026-07-30 04:05:01,2024-06-23 15:41:06
27746861,3533317,1,2026-07-29 17:05:01,2026-07-30 16:05:01,2024-02-21 14:19:00
4813816,6379351,1,2026-07-30 01:05:01,2026-07-30 16:05:01,2024-02-25 04:00:00
10126551,6379351,16777473,2026-07-30 14:47:22,2026-07-30 15:05:01,2024-06-30 11:39:25
27746861,6379351,1,2026-07-29 17:05:01,2026-07-30 16:05:01,2024-02-21 14:19:00
4813816,6246191,1,2026-07-30 01:05:01,2026-07-30 16:05:01,2024-02-25 04:00:00
5370951,6246191,1,2026-07-29 23:05:01,2026-07-30 16:05:01,2026-04-02 23:05:01
10126551,6246191,16777473,2026-07-30 14:47:22,2026-07-30 04:05:01,2024-06-21 12:38:56
27746861,6246191,1,2026-07-29 17:05:01,2026-07-30 16:05:01,2024-02-21 14:19:00
4813816,6658110,1,2026-07-30 01:05:01,2026-07-30 16:05:01,2025-03-08 18:55:48
5370951,6658110,1,2026-07-29 23:05:01,2026-07-30 16:05:01,2026-03-02 23:05:01
10126551,6658110,16777473,2026-07-30 14:47:22,2026-07-30 04:05:01,2025-03-06 23:05:01
4813816,6102352,1,2026-07-30 01:05:01,2026-07-30 16:05:01,2024-02-25 04:00:00
6449581,6102352,1,2026-07-15 04:24:18,2026-07-30 12:05:01,2024-02-19 00:00:00
10126551,6102352,16777473,2026-07-30 14:47:22,2026-07-10 11:05:01,2024-06-28 08:43:22
4813816,5748819,1,2026-07-30 01:05:01,2026-07-30 16:05:01,2024-02-25 04:00:00
6449581,5748819,1,2026-07-15 04:24:18,2026-07-30 12:05:01,2024-02-19 00:00:00
10126551,5748819,16777473,2026-07-30 14:47:22,2026-07-30 16:05:01,2024-06-21 12:38:56
800366,4983381,65537,2024-06-04 21:00:00,2026-07-30 16:05:01,2024-01-07 18:49:00
4813816,4983381,1,2026-07-30 01:05:01,2026-07-30 16:05:01,2024-02-25 04:00:00
10126551,4983381,16777473,2026-07-30 14:47:22,2026-07-30 04:05:01,2024-06-23 15:41:06
4813816,6821986,1,2026-07-30 01:05:01,2026-07-30 16:05:01,2026-02-26 02:05:01
5370951,6821986,1,2026-07-29 23:05:01,2026-07-30 16:05:01,2026-03-18 00:05:02
10126551,6821986,16777473,2026-07-30 14:47:22,2026-07-30 09:05:01,2026-02-25 12:05:01
4813816,6189486,1,2026-07-30 01:05:01,2026-07-30 16:05:01,2024-02-25 04:00:00
10008096,6189486,1,2026-06-20 12:05:01,2026-07-30 16:05:01,2024-02-07 09:47:00
10126551,6189486,16777473,2026-07-30 14:47:22,2026-07-30 04:05:01,2024-06-29 12:38:54
4813816,6558919,1,2026-07-30 01:05:01,2026-07-30 16:05:01,2024-08-05 13:32:12
5370951,6558919,1,2026-07-29 23:05:01,2026-07-24 05:05:01,2026-03-05 18:05:02
10126551,6558919,16777473,2026-07-30 14:47:22,2026-07-30 04:05:01,2024-09-29 10:05:01
800366,5942527,65537,2024-06-04 21:00:00,2026-07-30 16:05:01,2024-01-07 18:49:00
4813816,5942527,1,2026-07-30 01:05:01,2026-07-30 16:05:01,2024-02-25 04:00:00
10126551,5942527,16777473,2026-07-30 14:47:22,2026-07-30 04:05:01,2024-06-29 12:38:54
4813816,5220653,1,2026-07-30 01:05:01,2026-07-30 16:05:01,2024-02-25 04:00:00
10008096,5220653,1,2026-06-20 12:05:01,2026-07-30 16:05:01,2024-02-07 09:47:00
10126551,5220653,16777473,2026-07-30 14:47:22,2026-07-30 16:05:01,2024-06-21 12:38:56
4813816,5874963,1,2026-07-30 01:05:01,2026-07-30 06:05:01,2024-02-25 04:00:00
10126551,5874963,16777473,2026-07-30 14:47:22,2026-07-29 06:05:01,2024-06-30 11:39:25
27746861,5874963,1,2026-07-29 17:05:01,2026-07-29 16:05:01,2024-03-12 12:31:00
4813816,1000284,1,2026-07-30 01:05:01,2026-07-30 16:05:01,2024-02-25 04:00:00
5370951,1000284,1,2026-07-29 23:05:01,2026-07-30 16:05:01,2026-04-02 23:05:01
10008096,1000284,1,2026-06-20 12:05:01,2026-07-30 16:05:01,2024-02-07 09:47:00
10126551,1000284,16777473,2026-07-30 14:47:22,2026-07-30 04:05:01,2024-06-22 04:38:00
4813816,5561980,1,2026-07-30 01:05:01,2026-07-30 16:05:01,2024-02-25 04:00:00
10008096,5561980,1,2026-06-20 12:05:01,2026-07-30 16:05:01,2024-02-07 09:47:00
10126551,5561980,16777473,2026-07-30 14:47:22,2026-07-30 16:05:01,2024-06-24 17:42:54
4813816,6296203,1,2026-07-30 01:05:01,2026-07-30 16:05:01,2024-02-25 04:00:00
10126551,6296203,16777473,2026-07-30 14:47:22,2026-07-28 02:05:01,2024-06-28 08:43:22
27746861,6296203,1,2026-07-29 17:05:01,2026-07-30 16:05:01,2024-02-21 14:19:00
800366,4860742,65537,2024-06-04 21:00:00,2026-07-30 16:05:01,2024-01-07 18:49:00
4813816,4860742,1,2026-07-30 01:05:01,2026-07-30 16:05:01,2024-02-25 04:00:00
10126551,4860742,16777473,2026-07-30 14:47:22,2026-07-27 02:05:01,2024-06-23 15:41:06
27746861,4860742,1,2026-07-29 17:05:01,2026-07-30 16:05:01,2024-02-21 14:19:00
4813816,6767617,1,2026-07-30 01:05:01,2026-07-30 16:05:01,2025-11-05 01:05:01
5370951,6767617,1,2026-07-29 23:05:01,2026-07-30 16:05:01,2026-03-11 23:05:01
10126551,6767617,16777473,2026-07-30 14:47:22,2026-07-30 16:05:01,2025-11-04 11:05:02
800366,5590233,65537,2024-06-04 21:00:00,2026-07-30 16:05:01,2024-01-07 18:49:00
4813816,5590233,1,2026-07-30 01:05:01,2026-07-30 16:05:01,2024-02-25 04:00:00
10126551,5590233,16777473,2026-07-30 14:47:22,2026-07-28 02:05:01,2024-06-28 08:43:22
27746861,5590233,1,2026-07-29 17:05:01,2026-07-30 16:05:01,2024-03-12 12:31:00
4813816,4575694,1,2026-07-30 01:05:01,2026-07-30 16:05:01,2024-02-25 04:00:00
10126551,4575694,16777473,2026-07-30 14:47:22,2026-07-30 04:05:01,2024-06-23 15:41:06
27746861,4575694,1,2026-07-29 17:05:01,2026-07-30 16:05:01,2024-02-21 14:19:00
4813816,5722186,1,2026-07-30 01:05:01,2026-07-30 16:05:01,2024-02-25 04:00:00
5370951,5722186,1,2026-07-29 23:05:01,2026-07-30 16:05:01,2026-04-02 23:05:01
10126551,5722186,16777473,2026-07-30 14:47:22,2026-07-30 04:05:01,2024-06-22 04:38:00
27746861,5722186,1,2026-07-29 17:05:01,2026-07-30 16:05:01,2024-02-21 14:19:00
4813816,6573343,1,2026-07-30 01:05:01,2026-07-30 16:05:01,2024-09-15 09:15:25
5370951,6573343,1,2026-07-29 23:05:01,2026-07-30 16:05:01,2026-03-24 23:05:01
10126551,6573343,16777473,2026-07-30 14:47:22,2026-07-30 04:05:01,2024-09-29 10:05:01
4813816,5867992,1,2026-07-30 01:05:01,2026-07-30 16:05:01,2024-02-25 04:00:00
10126551,5867992,16777473,2026-07-30 14:47:22,2026-07-30 05:05:01,2024-06-30 09:16:08
27746861,5867992,1,2026-07-29 17:05:01,2026-07-30 16:05:01,2024-02-21 14:19:00
4813816,6546505,1,2026-07-30 01:05:01,2026-07-30 16:05:01,2024-07-31 15:03:15
5370951,6546505,1,2026-07-29 23:05:01,2026-07-30 16:05:01,2026-03-05 18:05:02
10126551,6546505,16777473,2026-07-30 14:47:22,2026-07-30 03:05:02,2024-09-28 11:05:01
800366,5235676,65537,2024-06-04 21:00:00,2026-07-30 16:05:01,2024-01-07 18:49:00
4813816,5235676,1,2026-07-30 01:05:01,2026-07-30 16:05:01,2024-02-25 04:00:00
10126551,5235676,16777473,2026-07-30 14:47:22,2026-07-30 04:05:01,2024-06-23 15:41:06
27746861,5235676,1,2026-07-29 17:05:01,2026-07-30 16:05:01,2024-02-21 14:19:00
4813816,5910594,1,2026-07-30 01:05:01,2026-07-30 16:05:01,2024-02-25 04:00:00
5370951,5910594,1,2026-07-29 23:05:01,2026-07-30 16:05:01,2026-04-02 23:05:01
10126551,5910594,16777473,2026-07-30 14:47:22,2026-07-30 04:05:01,2024-06-22 04:38:00
27746861,5910594,1,2026-07-29 17:05:01,2026-07-30 16:05:01,2024-02-21 14:19:00
4813816,6792732,1,2026-07-30 01:05:01,2026-07-30 16:05:01,2025-12-26 02:05:01
5370951,6792732,1,2026-07-29 23:05:01,2026-07-30 16:05:01,2026-03-02 23:05:01
10126551,6792732,16777473,2026-07-30 14:47:22,2026-07-30 04:05:01,2026-01-14 20:59:32
4813816,5369581,1,2026-07-30 01:05:01,2026-07-30 16:05:01,2024-02-25 04:00:00
5370951,5369581,1,2026-07-29 23:05:01,2026-07-30 16:05:01,2026-04-02 23:05:01
10126551,5369581,16777473,2026-07-30 14:47:22,2026-07-30 04:05:01,2024-06-23 12:39:03
27746861,5369581,1,2026-07-29 17:05:01,2026-07-30 16:05:01,2024-02-21 14:19:00
4813816,6285407,1,2026-07-30 01:05:01,2026-07-30 16:05:01,2024-02-25 04:00:00
10126551,6285407,16777473,2026-07-30 14:47:22,2026-07-30 14:05:02,2024-06-23 08:40:03
27746861,6285407,1,2026-07-29 17:05:01,2026-07-30 16:05:01,2024-02-21 14:19:00
4813816,5894329,1,2026-07-30 01:05:01,2026-07-30 16:05:01,2024-02-25 04:00:00
5370951,5894329,1,2026-07-29 23:05:01,2026-07-30 16:05:01,2026-04-02 23:05:01
10126551,5894329,16777473,2026-07-30 14:47:22,2026-07-30 04:05:01,2024-06-23 13:38:59
27746861,5894329,1,2026-07-29 17:05:01,2026-07-30 16:05:01,2024-02-21 14:19:00
4813816,5711635,1,2026-07-30 01:05:01,2026-07-30 13:05:01,2024-02-25 04:00:00
5220206,5711635,0,,2026-07-30 16:05:01,
10126551,5711635,16777473,2026-07-30 14:47:22,2026-07-28 02:05:01,2024-06-28 08:43:22
27746861,5711635,1,2026-07-29 17:05:01,2026-07-30 16:05:01,2024-02-21 14:19:00
4813816,6673379,1,2026-07-30 01:05:01,2026-07-30 16:05:01,2025-04-10 02:05:01
5370951,6673379,1,2026-07-29 23:05:01,2026-07-30 16:05:01,2026-03-15 23:05:01
10126551,6673379,16777473,2026-07-30 14:47:22,2026-07-29 00:05:01,2025-04-16 16:05:02
4813816,6067864,1,2026-07-30 01:05:01,2026-07-30 16:05:01,2024-02-25 04:00:00
5370951,6067864,1,2026-07-29 23:05:01,2026-07-30 16:05:01,2026-03-05 18:05:02
10126551,6067864,16777473,2026-07-30 14:47:22,2026-07-27 04:05:01,2024-06-30 11:39:25
4813816,5029955,1,2026-07-30 01:05:01,2026-07-30 16:05:01,2024-02-25 04:00:00
8381475,5029955,65537,2024-04-27 06:02:00,2026-07-30 16:05:01,2023-12-22 04:52:00
10126551,5029955,16777473,2026-07-30 14:47:22,2026-07-30 00:05:01,2024-06-28 08:43:22
27746861,5029955,1,2026-07-29 17:05:01,2026-07-30 16:05:01,2024-03-12 12:31:00
4813816,6159629,1,2026-07-30 01:05:01,2026-07-30 16:05:01,2024-02-25 04:00:00
5370951,6159629,1,2026-07-29 23:05:01,2026-07-30 16:05:01,2026-04-02 23:05:01
10008096,6159629,1,2026-06-20 12:05:01,2026-07-30 16:05:01,2024-02-07 09:47:00
10126551,6159629,16777473,2026-07-30 14:47:22,2026-07-30 04:05:01,2024-06-21 12:38:56
4813816,6717300,1,2026-07-30 01:05:01,2026-07-30 16:05:01,2025-07-10 02:05:02
5370951,6717300,1,2026-07-29 23:05:01,2026-07-30 16:05:01,2026-03-02 23:05:01
10126551,6717300,16777473,2026-07-30 14:47:22,2026-07-30 16:05:01,2025-10-05 08:05:01
4813816,6764068,1,2026-07-30 01:05:01,2026-07-30 16:05:01,2025-10-28 01:05:01
5370951,6764068,1,2026-07-29 23:05:01,2026-07-30 16:05:01,2026-03-18 23:05:01
10126551,6764068,16777473,2026-07-30 14:47:22,2026-07-30 04:05:01,2025-10-29 17:05:01
4813816,5500289,1,2026-07-30 01:05:01,2026-07-30 16:05:01,2024-02-25 04:00:00
10008096,5500289,1,2026-06-20 12:05:01,2026-07-30 16:05:01,2024-02-07 09:47:00
10126551,5500289,16777473,2026-07-30 14:47:22,2026-07-30 04:05:01,2024-06-23 12:39:03
4813816,5443412,1,2026-07-30 01:05:01,2026-07-30 16:05:01,2024-02-25 04:00:00
5370951,5443412,1,2026-07-29 23:05:01,2026-07-30 16:05:01,2026-04-02 23:05:01
10126551,5443412,16777473,2026-07-30 14:47:22,2026-07-28 02:05:01,2024-06-23 12:39:03
27746861,5443412,1,2026-07-29 17:05:01,2026-07-30 16:05:01,2024-02-21 14:19:00
4813816,6252186,1,2026-07-30 01:05:01,2026-07-30 16:05:01,2024-02-25 04:00:00
10126551,6252186,16777473,2026-07-30 14:47:22,2026-07-29 08:05:01,2024-06-21 12:38:56
27746861,6252186,1,2026-07-29 17:05:01,2026-07-30 16:05:01,2024-02-21 14:19:00
4813816,5391607,1,2026-07-30 01:05:01,2026-07-30 16:05:01,2024-02-25 04:00:00
5370951,5391607,1,2026-07-29 23:05:01,2026-07-30 16:05:01,2026-04-02 23:05:01
6449581,5391607,1,2026-07-15 04:24:18,2026-07-30 12:05:01,2024-02-19 00:00:00
10126551,5391607,16777473,2026-07-30 14:47:22,2026-07-30 16:05:01,2024-06-21 12:38:56
4813816,5422501,1,2026-07-30 01:05:01,2026-07-30 16:05:01,2024-02-25 04:00:00
10126551,5422501,16777473,2026-07-30 14:47:22,2026-07-30 04:05:01,2024-06-23 08:40:03
27746861,5422501,1,2026-07-29 17:05:01,2026-07-30 16:05:01,2024-02-21 14:19:00
4813816,6659310,1,2026-07-30 01:05:01,2026-07-30 12:05:01,2025-03-10 03:05:01
5370951,6659310,1,2026-07-29 23:05:01,2026-07-30 16:05:01,2026-03-05 18:05:02
10126551,6659310,16777473,2026-07-30 14:47:22,2026-07-29 02:05:01,2025-03-09 00:05:01
4813816,6220937,1,2026-07-30 01:05:01,2026-07-30 16:05:01,2024-02-25 04:00:00
5370951,6220937,1,2026-07-29 23:05:01,2026-07-30 16:05:01,2026-04-02 23:05:01
10008096,6220937,1,2026-06-20 12:05:01,2026-07-30 16:05:01,2024-02-07 09:47:00
10126551,6220937,16777473,2026-07-30 14:47:22,2026-07-30 04:05:01,2024-06-22 04:38:00
4813816,6555770,1,2026-07-30 01:05:01,2026-07-30 16:05:01,2024-07-31 14:59:05
5370951,6555770,1,2026-07-29 23:05:01,2026-07-30 16:05:01,2026-03-02 23:05:01
10126551,6555770,16777473,2026-07-30 14:47:22,2026-07-30 04:05:01,2024-09-28 11:05:01
4813816,5585869,1,2026-07-30 01:05:01,2026-07-30 07:05:01,2024-02-25 04:00:00
5220206,5585869,0,,2026-07-30 16:05:01,
10126551,5585869,16777473,2026-07-30 14:47:22,2026-07-26 23:05:01,2024-06-30 11:39:25
27746861,5585869,1,2026-07-29 17:05:01,2026-07-30 16:05:01,2024-02-21 14:19:00
4813816,6359353,1,2026-07-30 01:05:01,2026-07-30 16:05:01,2024-02-25 04:00:00
10126551,6359353,16777473,2026-07-30 14:47:22,2026-07-30 04:05:01,2024-06-30 09:16:08
27746861,6359353,1,2026-07-29 17:05:01,2026-07-30 16:05:01,2024-02-21 14:19:00
4813816,4608484,1,2026-07-30 01:05:01,2026-07-30 16:05:01,2024-02-25 04:00:00
5370951,4608484,1,2026-07-29 23:05:01,2026-07-30 16:05:01,2026-04-02 23:05:01
6449581,4608484,1,2026-07-15 04:24:18,2026-07-30 13:05:01,2024-02-19 00:00:00
10126551,4608484,16777473,2026-07-30 14:47:22,2026-07-30 04:05:01,2024-06-21 12:38:56
4813816,6547641,1,2026-07-30 01:05:01,2026-07-29 09:05:01,2024-07-31 14:58:56
5370951,6547641,1,2026-07-29 23:05:01,2026-07-30 16:05:01,2026-04-02 23:05:01
10126551,6547641,16777473,2026-07-30 14:47:22,2026-07-22 10:05:01,2024-09-28 11:05:01
4813816,6341322,1,2026-07-30 01:05:01,2026-07-26 01:05:02,2024-02-25 04:00:00
10126551,6341322,16777473,2026-07-30 14:47:22,2026-07-26 01:05:02,2024-06-30 11:39:25
27746861,4973682,1,2026-07-29 17:05:01,2026-07-30 16:05:01,2024-02-21 14:19:00
4813816,5963026,1,2026-07-30 01:05:01,2026-07-30 16:05:01,2024-02-25 04:00:00
10126551,5963026,16777473,2026-07-30 14:47:22,2026-07-30 07:05:01,2024-06-29 12:38:54
27746861,5963026,1,2026-07-29 17:05:01,2026-07-30 16:05:01,2024-02-21 14:19:00
4813816,6079293,1,2026-07-30 01:05:01,2026-07-30 16:05:01,2024-02-25 04:00:00
10126551,6079293,16777473,2026-07-30 14:47:22,2026-07-30 04:05:01,2024-06-23 12:39:03
27746861,6079293,1,2026-07-29 17:05:01,2026-07-30 16:05:01,2024-02-21 14:19:00
4813816,6051573,1,2026-07-30 01:05:01,2026-07-30 16:05:01,2024-02-25 04:00:00
6449581,6051573,1,2026-07-15 04:24:18,2026-07-30 13:05:01,2024-02-19 00:00:00
10126551,6051573,16777473,2026-07-30 14:47:22,2026-07-30 16:05:01,2024-06-21 12:38:56
4813816,6053916,1,2026-07-30 01:05:01,2026-07-30 07:05:01,2024-02-25 04:00:00
10126551,6053916,16777473,2026-07-30 14:47:22,2026-07-17 06:05:01,2024-06-29 12:38:54
27746861,6053916,1,2026-07-29 17:05:01,2026-07-30 16:05:01,2024-02-21 14:19:00
4813816,4645156,1,2026-07-30 01:05:01,2026-07-30 16:05:01,2024-02-25 04:00:00
5370951,4645156,1,2026-07-29 23:05:01,2026-07-30 16:05:01,2026-04-02 23:05:01
10126551,4645156,16777473,2026-07-30 14:47:22,2026-07-30 04:05:01,2024-06-21 12:38:56
27746861,4645156,1,2026-07-29 17:05:01,2026-07-30 16:05:01,2024-02-21 14:19:00
4813816,5988363,1,2026-07-30 01:05:01,2026-07-30 16:05:01,2024-02-25 04:00:00
6449581,5988363,1,2026-07-15 04:24:18,2026-07-30 12:05:01,2024-02-19 00:00:00
10126551,5988363,16777473,2026-07-30 14:47:22,2026-07-30 16:05:01,2024-06-23 12:39:03
4813816,6337678,1,2026-07-30 01:05:01,2026-07-30 16:05:01,2024-02-25 04:00:00
10126551,6337678,16777473,2026-07-30 14:47:22,2026-07-30 16:05:01,2024-06-30 11:39:25
27746861,6337678,1,2026-07-29 17:05:01,2026-07-30 16:05:01,2024-02-21 14:19:00
4813816,5910258,1,2026-07-30 01:05:01,2026-07-30 16:05:01,2024-02-25 04:00:00
10126551,5910258,16777473,2026-07-30 14:47:22,2026-07-30 04:05:01,2024-06-30 09:16:08
27746861,5910258,1,2026-07-29 17:05:01,2026-07-30 16:05:01,2024-02-21 14:19:00
4813816,6322384,1,2026-07-30 01:05:01,2026-07-30 13:05:01,2024-02-25 04:00:00
10126551,6322384,16777473,2026-07-30 14:47:22,2026-07-30 03:05:02,2024-06-21 12:38:56
27746861,6322384,1,2026-07-29 17:05:01,2026-07-30 16:05:01,2024-02-21 14:19:00
4813816,6288822,1,2026-07-30 01:05:01,2026-07-30 16:05:01,2024-02-25 04:00:00
10126551,6288822,16777473,2026-07-30 14:47:22,2026-07-30 04:05:01,2024-06-23 12:39:03
27746861,6288822,1,2026-07-29 17:05:01,2026-07-30 16:05:01,2024-02-21 14:19:00
4813816,6680679,1,2026-07-30 01:05:01,2026-07-30 16:05:01,2025-04-21 02:05:01
5370951,6680679,1,2026-07-29 23:05:01,2026-07-30 16:05:01,2026-03-02 23:05:01
10126551,6680679,16777473,2026-07-30 14:47:22,2026-07-30 04:05:01,2025-04-19 21:05:01
4813816,6465961,1,2026-07-30 01:05:01,2026-07-29 05:05:02,2024-02-25 04:00:00
10126551,6465961,16777473,2026-07-30 14:47:22,2026-07-26 03:05:01,2024-06-30 11:39:25
27746861,6465961,1,2026-07-29 17:05:01,2026-07-30 14:05:02,2024-02-21 14:19:00
4813816,2662393,1,2026-07-30 01:05:01,2026-07-30 16:05:01,2024-02-25 04:00:00
5370951,2662393,1,2026-07-29 23:05:01,2026-07-30 16:05:01,2026-04-02 23:05:01
10008096,2662393,1,2026-06-20 12:05:01,2026-07-30 16:05:01,2024-02-07 09:47:00
10126551,2662393,16777473,2026-07-30 14:47:22,2026-07-30 04:05:01,2024-06-21 12:38:56
4813816,6547827,1,2026-07-30 01:05:01,2026-07-30 16:05:01,2024-07-07 08:44:56
5370951,6547827,1,2026-07-29 23:05:01,2026-07-30 16:05:01,2026-03-02 23:05:01
10126551,6547827,16777473,2026-07-30 14:47:22,2026-07-27 02:05:01,2024-07-20 13:47:17
4813816,5972604,1,2026-07-30 01:05:01,2026-07-30 16:05:01,2024-02-25 04:00:00
10126551,5972604,16777473,2026-07-30 14:47:22,2026-07-30 03:05:02,2024-06-22 16:39:40
27746861,5972604,1,2026-07-29 17:05:01,2026-07-30 16:05:01,2024-02-21 14:19:00
4813816,6317329,1,2026-07-30 01:05:01,2026-07-30 16:05:01,2024-02-25 04:00:00
10126551,6317329,16777473,2026-07-30 14:47:22,2026-07-30 09:05:01,2024-06-29 12:38:54
27746861,6317329,1,2026-07-29 17:05:01,2026-07-30 16:05:01,2024-02-21 14:19:00
4813816,5181035,1,2026-07-30 01:05:01,2026-07-30 16:05:01,2025-02-07 03:05:01
10008096,5181035,1,2026-06-20 12:05:01,2026-07-30 16:05:01,2025-02-15 02:04:18
10126551,5181035,16777473,2026-07-30 14:47:22,2026-07-30 16:05:01,2025-02-08 12:05:02
4813816,6624208,1,2026-07-30 01:05:01,2026-07-30 16:05:01,2025-01-07 21:25:30
5370951,6624208,1,2026-07-29 23:05:01,2026-07-30 16:05:01,2026-03-02 23:05:01
10126551,6624208,16777473,2026-07-30 14:47:22,2026-07-30 04:05:01,2025-01-27 16:05:01
4813816,6543796,1,2026-07-30 01:05:01,2026-07-30 16:05:01,2024-07-31 15:03:44
5370951,6543796,1,2026-07-29 23:05:01,2026-07-30 16:05:01,2026-03-05 23:05:02
10126551,6543796,16777473,2026-07-30 14:47:22,2026-07-30 04:05:01,2024-09-28 11:05:01
800366,5538780,65537,2024-06-04 21:00:00,2026-07-30 16:05:01,2024-01-07 18:49:00
4813816,5538780,1,2026-07-30 01:05:01,2026-07-30 16:05:01,2024-02-25 04:00:00
10126551,5538780,16777473,2026-07-30 14:47:22,2026-07-28 02:05:01,2024-06-28 08:43:22
27746861,5538780,1,2026-07-29 17:05:01,2026-07-30 16:05:01,2024-02-21 14:19:00
4813816,6233031,1,2026-07-30 01:05:01,2026-07-30 16:05:01,2024-02-25 04:00:00
10126551,6233031,16777473,2026-07-30 14:47:22,2026-07-30 16:05:01,2024-06-22 04:38:00
27746861,6233031,1,2026-07-29 17:05:01,2026-07-30 16:05:01,2024-02-21 14:19:00
4813816,6759760,1,2026-07-30 01:05:01,2026-07-30 16:05:01,2025-10-20 01:05:01
5370951,6759760,1,2026-07-29 23:05:01,2026-07-30 16:05:01,2026-03-05 18:05:02
10126551,6759760,16777473,2026-07-30 14:47:22,2026-07-30 03:05:02,2025-10-18 17:05:01
1949023,5938047,1,2025-06-10 04:05:01,2026-07-30 16:05:01,2025-01-14 07:05:02
4813816,5938047,1,2026-07-30 01:05:01,2026-07-30 16:05:01,2024-02-25 04:00:00
10126551,5938047,16777473,2026-07-30 14:47:22,2026-07-28 04:05:01,2024-06-23 12:39:03
27746861,5938047,1,2026-07-29 17:05:01,2026-07-30 16:05:01,2024-02-21 14:19:00
4813816,5868885,1,2026-07-30 01:05:01,2026-07-30 16:05:01,2024-02-25 04:00:00
10126551,5868885,16777473,2026-07-30 14:47:22,2026-07-27 02:05:01,2024-06-21 12:38:56
27746861,5868885,1,2026-07-29 17:05:01,2026-07-30 16:05:01,2024-02-21 14:19:00
4813816,6499923,1,2026-07-30 01:05:01,2026-07-30 16:05:01,2024-04-17 03:00:00
10008096,6499923,1,2026-06-20 12:05:01,2026-07-30 13:05:01,2024-04-03 19:17:00
10126551,6499923,16777473,2026-07-30 14:47:22,2026-07-30 03:05:02,2024-06-23 12:39:03
4813816,6147901,1,2026-07-30 01:05:01,2026-07-30 16:05:01,2024-02-25 04:00:00
10008096,6147901,1,2026-06-20 12:05:01,2026-07-30 11:05:01,2024-02-07 09:47:00
10126551,6147901,16777473,2026-07-30 14:47:22,2026-07-30 10:05:01,2024-06-29 12:38:54
4813816,6688329,1,2026-07-30 01:05:01,2026-07-30 16:05:01,2025-05-05 02:05:01
5370951,6688329,1,2026-07-29 23:05:01,2026-07-30 16:05:01,2026-03-02 23:05:01
10126551,6688329,16777473,2026-07-30 14:47:22,2026-07-30 04:05:01,2025-05-04 21:05:01
4813816,5650819,1,2026-07-30 01:05:01,2026-07-30 16:05:01,2024-02-25 04:00:00
5370951,5650819,1,2026-07-29 23:05:01,2026-07-30 16:05:01,2026-04-02 23:05:01
10126551,5650819,16777473,2026-07-30 14:47:22,2026-07-30 04:05:01,2024-06-21 12:38:56
27746861,5650819,1,2026-07-29 17:05:01,2026-07-30 16:05:01,2024-02-21 14:19:00
4813816,6387937,1,2026-07-30 01:05:01,2026-07-30 16:05:01,2024-02-25 04:00:00
5370951,6387937,1,2026-07-29 23:05:01,2026-07-30 16:05:01,2026-03-02 23:05:01
10126551,6387937,16777473,2026-07-30 14:47:22,2026-07-28 02:05:01,2024-06-28 08:43:22
4813816,4324079,1,2026-07-30 01:05:01,2026-07-30 16:05:01,2024-02-25 04:00:00
10008096,4324079,1,2026-06-20 12:05:01,2026-07-30 16:05:01,2024-02-07 09:47:00
10126551,4324079,16777473,2026-07-30 14:47:22,2026-07-30 04:05:01,2024-06-23 12:39:03
4813816,6661626,1,2026-07-30 01:05:01,2026-07-23 07:05:01,2025-03-14 22:55:35
5370951,6661626,1,2026-07-29 23:05:01,2026-07-30 16:05:01,2026-04-02 23:05:01
10126551,6661626,16777473,2026-07-30 14:47:22,2026-07-16 08:05:01,2025-03-14 16:05:01
4813816,5902664,1,2026-07-30 01:05:01,2026-07-30 16:05:01,2024-02-25 04:00:00
5370951,5902664,1,2026-07-29 23:05:01,2026-07-30 16:05:01,2026-04-02 23:05:01
10126551,5902664,16777473,2026-07-30 14:47:22,2026-07-30 04:05:01,2024-06-22 04:38:00
27746861,5902664,1,2026-07-29 17:05:01,2026-07-30 16:05:01,2024-02-21 14:19:00
4813816,5872956,1,2026-07-30 01:05:01,2026-07-30 16:05:01,2024-02-25 04:00:00
10126551,5872956,16777473,2026-07-30 14:47:22,2026-07-30 16:05:01,2024-06-28 08:43:22
27746861,5872956,1,2026-07-29 17:05:01,2026-07-30 16:05:01,2024-02-21 14:19:00
4813816,6551262,1,2026-07-30 01:05:01,2026-07-30 16:05:01,2024-07-31 15:03:26
5370951,6551262,1,2026-07-29 23:05:01,2026-07-30 16:05:01,2026-03-05 18:05:02
10126551,6551262,16777473,2026-07-30 14:47:22,2026-07-28 02:05:01,2024-09-28 11:05:01
4813816,6655743,1,2026-07-30 01:05:01,2026-07-30 16:05:01,2025-03-03 03:05:01
5370951,6655743,1,2026-07-29 23:05:01,2026-07-30 16:05:01,2026-03-02 23:05:01
10126551,6655743,16777473,2026-07-30 14:47:22,2026-07-30 04:05:01,2025-03-02 16:05:02
4813816,6680234,1,2026-07-30 01:05:01,2026-07-30 16:05:01,2025-04-21 02:05:01
5370951,6680234,1,2026-07-29 23:05:01,2026-07-30 16:05:01,2026-03-02 23:05:01
10126551,6680234,16777473,2026-07-30 14:47:22,2026-07-30 16:05:01,2025-05-03 12:05:01
4813816,5734771,1,2026-07-30 01:05:01,2026-07-30 16:05:01,2024-02-25 04:00:00
10126551,5734771,16777473,2026-07-30 14:47:22,2026-07-28 04:05:01,2024-06-21 12:38:56
27746861,5734771,1,2026-07-29 17:05:01,2026-07-30 16:05:01,2024-02-21 14:19:00
4813816,5756496,1,2026-07-30 01:05:01,2026-07-30 16:05:01,2024-02-25 04:00:00
10008096,5756496,1,2026-06-20 12:05:01,2026-07-30 16:05:01,2024-02-07 09:47:00
10126551,5756496,16777473,2026-07-30 14:47:22,2026-07-30 16:05:01,2024-06-22 04:38:00
4813816,5941316,1,2026-07-30 01:05:01,2026-07-30 16:05:01,2024-02-25 04:00:00
5370951,5941316,1,2026-07-29 23:05:01,2026-07-30 16:05:01,2026-04-02 23:05:01
6449581,5941316,1,2026-07-15 04:24:18,2026-07-30 13:05:01,2024-02-19 00:00:00
10126551,5941316,16777473,2026-07-30 14:47:22,2026-07-30 04:05:01,2024-06-23 12:39:03
4813816,6328488,1,2026-07-30 01:05:01,2026-07-30 16:05:01,2024-02-25 04:00:00
10126551,6328488,16777473,2026-07-30 14:47:22,2026-07-30 16:05:01,2024-06-28 08:43:22
27746861,6328488,1,2026-07-29 17:05:01,2026-07-30 16:05:01,2024-02-21 14:19:00
4813816,1428192,1,2026-07-30 01:05:01,2026-07-30 16:05:01,2024-02-25 04:00:00
5220206,1428192,0,,2026-07-30 16:05:01,
10126551,1428192,16777473,2026-07-30 14:47:22,2026-07-28 02:05:01,2024-06-28 08:43:22
27746861,1428192,1,2026-07-29 17:05:01,2026-07-30 16:05:01,2024-02-21 14:19:00
4813816,6562521,1,2026-07-30 01:05:01,2026-07-30 16:05:01,2024-08-15 18:55:12
5370951,6562521,1,2026-07-29 23:05:01,2026-07-30 16:05:01,2026-03-02 23:05:01
10126551,6562521,16777473,2026-07-30 14:47:22,2026-07-30 04:05:01,2024-09-28 11:05:01
4813816,6102350,1,2026-07-30 01:05:01,2026-07-30 16:05:01,2024-02-25 04:00:00
6449581,6102350,1,2026-07-15 04:24:18,2026-07-30 12:05:01,2024-02-19 00:00:00
10126551,6102350,16777473,2026-07-30 14:47:22,2026-07-26 04:05:01,2024-06-28 08:43:22
4813816,6651543,1,2026-07-30 01:05:01,2026-07-30 16:05:01,2025-02-24 03:05:01
5370951,6651543,1,2026-07-29 23:05:01,2026-07-30 16:05:01,2026-03-02 23:05:01
10126551,6651543,16777473,2026-07-30 14:47:22,2026-07-30 00:05:01,2025-02-23 01:05:01
4813816,5393626,1,2026-07-30 01:05:01,2026-07-30 16:05:01,2024-02-25 04:00:00
5370951,5393626,1,2026-07-29 23:05:01,2026-07-30 16:05:01,2026-04-02 23:05:01
10126551,5393626,16777473,2026-07-30 14:47:22,2026-07-30 04:05:01,2024-06-23 12:39:03
27746861,5393626,1,2026-07-29 17:05:01,2026-07-30 16:05:01,2024-02-21 14:19:00
4813816,1937404,1,2026-07-30 01:05:01,2026-07-30 16:05:01,2024-02-25 04:00:00
5370951,1937404,1,2026-07-29 23:05:01,2026-07-30 16:05:01,2026-04-02 23:05:01
10008096,1937404,1,2026-06-20 12:05:01,2026-07-30 16:05:01,2024-02-07 09:47:00
10126551,1937404,16777473,2026-07-30 14:47:22,2026-07-30 04:05:01,2024-06-21 12:38:56
4813816,6755425,1,2026-07-30 01:05:01,2026-07-30 08:05:01,2025-10-10 01:05:01
5370951,6755425,1,2026-07-29 23:05:01,2026-07-30 16:05:01,2026-03-05 18:05:02
10126551,6755425,16777473,2026-07-30 14:47:22,2026-07-26 02:05:01,2025-10-09 16:05:01
4813816,5983301,1,2026-07-30 01:05:01,2026-07-30 12:05:01,2024-02-25 04:00:00
10126551,5983301,16777473,2026-07-30 14:47:22,2026-07-30 00:05:01,2024-06-30 11:39:25
27746861,5983301,1,2026-07-29 17:05:01,2026-07-30 16:05:01,2024-03-12 12:31:00
4813816,6028941,1,2026-07-30 01:05:01,2026-07-30 16:05:01,2024-02-25 04:00:00
5370951,6028941,1,2026-07-29 23:05:01,2026-07-30 16:05:01,2026-04-02 23:05:01
10008096,6028941,1,2026-06-20 12:05:01,2026-07-30 16:05:01,2024-02-07 09:47:00
10126551,6028941,16777473,2026-07-30 14:47:22,2026-07-30 04:05:01,2024-06-28 08:43:22
4813816,5756445,1,2026-07-30 01:05:01,2026-07-30 16:05:01,2024-02-25 04:00:00
10126551,5756445,16777473,2026-07-30 14:47:22,2026-07-30 15:05:01,2024-06-23 12:39:03
27746861,5756445,1,2026-07-29 17:05:01,2026-07-30 16:05:01,2024-02-21 14:19:00
4813816,6635920,1,2026-07-30 01:05:01,2026-07-10 11:05:01,2025-01-27 15:05:01
10126551,6635920,16777473,2026-07-30 14:47:22,2026-07-10 10:05:01,2025-01-27 16:05:01
4813816,5292736,1,2026-07-30 01:05:01,2026-07-30 16:05:01,2024-02-25 04:00:00
10008096,5292736,1,2026-06-20 12:05:01,2026-07-30 16:05:01,2024-02-07 09:47:00
10126551,5292736,16777473,2026-07-30 14:47:22,2026-07-30 04:05:01,2024-06-30 09:16:08
4813816,6092997,1,2026-07-30 01:05:01,2026-07-30 06:05:01,2024-02-25 04:00:00
10126551,6092997,16777473,2026-07-30 14:47:22,2026-07-10 10:05:01,2024-06-30 11:39:25
27746861,6092997,1,2026-07-29 17:05:01,2026-07-30 07:05:01,2024-02-21 14:19:00
4813816,6567423,1,2026-07-30 01:05:01,2026-07-30 16:05:01,2024-08-29 09:04:15
5370951,6567423,1,2026-07-29 23:05:01,2026-07-30 16:05:01,2026-03-02 23:05:01
10126551,6567423,16777473,2026-07-30 14:47:22,2026-07-30 04:05:01,2024-09-29 10:05:01
4813816,6681187,1,2026-07-30 01:05:01,2026-07-30 16:05:01,2025-04-21 02:05:01
5370951,6681187,1,2026-07-29 23:05:01,2026-07-30 16:05:01,2026-03-02 23:05:01
10126551,6681187,16777473,2026-07-30 14:47:22,2026-07-30 04:05:01,2025-04-20 20:05:01
4813816,5938160,1,2026-07-30 01:05:01,2026-07-30 16:05:01,2024-02-25 04:00:00
5370951,5938160,1,2026-07-29 23:05:01,2026-07-30 16:05:01,2026-04-02 23:05:01
10126551,5938160,16777473,2026-07-30 14:47:22,2026-07-30 03:05:02,2024-06-23 12:39:03
27746861,5938160,1,2026-07-29 17:05:01,2026-07-30 16:05:01,2024-02-21 14:19:00
4813816,5411953,1,2026-07-30 01:05:01,2026-07-30 13:05:01,2024-02-25 04:00:00
10008096,5411953,1,2026-06-20 12:05:01,2026-07-27 00:05:02,2024-02-07 09:47:00
10126551,5411953,16777473,2026-07-30 14:47:22,2026-07-28 02:05:01,2024-06-23 13:38:59
4813816,6385076,1,2026-07-30 01:05:01,2026-07-30 16:05:01,2024-02-25 04:00:00
5370951,6385076,1,2026-07-29 23:05:01,2026-07-30 16:05:01,2026-04-02 23:05:01
10126551,6385076,16777473,2026-07-30 14:47:22,2026-07-30 04:05:01,2024-06-21 12:38:56
27746861,6385076,1,2026-07-29 17:05:01,2026-07-30 16:05:01,2024-02-21 14:19:00
4813816,6651547,1,2026-07-30 01:05:01,2026-07-30 16:05:01,2025-02-24 03:05:01
5370951,6651547,1,2026-07-29 23:05:01,2026-07-30 16:05:01,2026-03-02 23:05:01
10126551,6651547,16777473,2026-07-30 14:47:22,2026-07-30 04:05:01,2025-02-23 01:05:01
4813816,5172745,1,2026-07-30 01:05:01,2026-07-30 16:05:01,2024-02-25 04:00:00
8381475,5172745,65537,2024-04-27 06:02:00,2026-07-30 16:05:01,2023-12-22 04:52:00
10008096,5172745,1,2026-06-20 12:05:01,2026-07-30 16:05:01,2024-02-07 09:47:00
10126551,5172745,16777473,2026-07-30 14:47:22,2026-07-30 04:05:01,2024-06-23 15:41:06
4813816,5738900,1,2026-07-30 01:05:01,2026-07-30 16:05:01,2024-02-25 04:00:00
10126551,5738900,16777473,2026-07-30 14:47:22,2026-07-30 04:05:01,2024-06-23 12:39:03
27746861,5738900,1,2026-07-29 17:05:01,2026-07-30 16:05:01,2024-02-21 14:19:00
4813816,6564073,1,2026-07-30 01:05:01,2026-07-30 16:05:01,2024-08-19 04:34:42
5370951,6564073,1,2026-07-29 23:05:01,2026-07-30 16:05:01,2026-03-02 23:05:01
10126551,6564073,16777473,2026-07-30 14:47:22,2026-07-30 04:05:01,2024-09-29 10:05:01
4813816,6734624,1,2026-07-30 01:05:01,2026-07-30 16:05:01,2025-08-22 01:05:01
5370951,6734624,1,2026-07-29 23:05:01,2026-07-30 16:05:01,2026-03-02 23:05:01
10126551,6734624,16777473,2026-07-30 14:47:22,2026-07-30 16:05:01,2025-08-21 11:05:01
4813816,6587871,1,2026-07-30 01:05:01,2026-07-30 16:05:01,2024-10-21 04:33:53
5370951,6587871,1,2026-07-29 23:05:01,2026-07-24 05:05:01,2026-03-26 23:05:01
10126551,6587871,16777473,2026-07-30 14:47:22,2026-07-30 03:05:02,2025-01-27 16:05:01
4813816,6614418,1,2026-07-30 01:05:01,2026-07-30 16:05:01,2024-12-17 16:17:34
5370951,6614418,1,2026-07-29 23:05:01,2026-07-30 16:05:01,2026-03-02 23:05:01
10126551,6614418,16777473,2026-07-30 14:47:22,2026-07-30 01:05:01,2025-01-27 16:05:01
4813816,6572282,1,2026-07-30 01:05:01,2026-07-30 16:05:01,2024-09-15 21:14:24
5370951,6572282,1,2026-07-29 23:05:01,2026-07-30 16:05:01,2026-03-02 23:05:01
10126551,6572282,16777473,2026-07-30 14:47:22,2026-07-30 04:05:01,2024-09-29 10:05:01
4813816,6136765,1,2026-07-30 01:05:01,2026-07-30 16:05:01,2024-02-25 04:00:00
10126551,6136765,16777473,2026-07-30 14:47:22,2026-07-30 04:05:01,2024-06-28 08:43:22
27746861,6136765,1,2026-07-29 17:05:01,2026-07-30 16:05:01,2024-02-21 14:19:00
4813816,5401073,1,2026-07-30 01:05:01,2026-07-30 16:05:01,2024-02-25 04:00:00
10126551,5401073,16777473,2026-07-30 14:47:22,2026-07-30 04:05:01,2024-06-28 08:43:22
27746861,5401073,1,2026-07-29 17:05:01,2026-07-30 16:05:01,2024-02-21 14:19:00
4813816,6362176,1,2026-07-30 01:05:01,2026-07-30 16:05:01,2024-02-25 04:00:00
10126551,6362176,16777473,2026-07-30 14:47:22,2026-07-30 05:05:01,2024-06-28 08:43:22
27746861,6362176,1,2026-07-29 17:05:01,2026-07-30 16:05:01,2024-03-12 12:31:00
4813816,6546190,1,2026-07-30 01:05:01,2026-07-30 16:05:01,2024-07-31 15:03:30
5370951,6546190,1,2026-07-29 23:05:01,2026-07-30 16:05:01,2026-03-05 18:05:02
10126551,6546190,16777473,2026-07-30 14:47:22,2026-07-30 16:05:01,2024-09-28 11:05:01
4813816,6234972,1,2026-07-30 01:05:01,2026-07-30 16:05:01,2024-02-25 04:00:00
10008096,6234972,1,2026-06-20 12:05:01,2026-07-30 16:05:01,2024-02-07 09:47:00
10126551,6234972,16777473,2026-07-30 14:47:22,2026-07-30 04:05:01,2024-06-28 08:43:22
4813816,6700765,1,2026-07-30 01:05:01,2026-07-30 16:05:01,2025-06-02 02:05:01
5370951,6700765,1,2026-07-29 23:05:01,2026-07-30 16:05:01,2026-03-02 23:05:01
10126551,6700765,16777473,2026-07-30 14:47:22,2026-07-30 03:05:02,2025-05-31 20:05:01
4813816,6717882,1,2026-07-30 01:05:01,2026-07-30 16:05:01,2025-07-12 02:05:02
5370951,6717882,1,2026-07-29 23:05:01,2026-07-30 16:05:01,2026-03-02 23:05:01
10126551,6717882,16777473,2026-07-30 14:47:22,2026-07-30 00:05:01,2025-07-10 23:05:01
4813816,6632385,1,2026-07-30 01:05:01,2026-07-30 01:05:01,2025-01-22 23:14:09
5370951,6632385,1,2026-07-29 23:05:01,2026-07-30 16:05:01,2026-03-05 18:05:02
10126551,6632385,16777473,2026-07-30 14:47:22,2026-07-27 01:05:02,2025-01-27 16:05:01
4813816,6244469,1,2026-07-30 01:05:01,2026-07-30 16:05:01,2024-02-25 04:00:00
10126551,6244469,16777473,2026-07-30 14:47:22,2026-07-30 16:05:01,2024-06-21 12:38:56
27746861,6244469,1,2026-07-29 17:05:01,2026-07-30 16:05:01,2024-02-21 14:19:00
4813816,6350980,1,2026-07-30 01:05:01,2026-07-30 16:05:01,2024-02-25 04:00:00
8381475,6350980,65537,2024-04-27 06:02:00,2026-07-30 16:05:01,2023-12-22 04:52:00
10008096,6350980,1,2026-06-20 12:05:01,2026-07-30 16:05:01,2024-02-07 09:47:00
10126551,6350980,16777473,2026-07-30 14:47:22,2026-07-30 04:05:01,2024-06-23 15:41:06
4813816,4390320,1,2026-07-30 01:05:01,2026-07-29 07:05:01,2024-02-25 04:00:00
10008096,4390320,1,2026-06-20 12:05:01,2026-07-17 04:05:01,2024-02-07 09:47:00
10126551,4390320,16777473,2026-07-30 14:47:22,2026-07-17 04:05:01,2024-06-30 09:16:08
4813816,6236153,1,2026-07-30 01:05:01,2026-07-30 10:05:01,2024-02-25 04:00:00
10126551,6236153,16777473,2026-07-30 14:47:22,2026-07-30 05:05:01,2024-06-30 11:39:25
27746861,6236153,1,2026-07-29 17:05:01,2026-07-30 11:05:01,2024-02-21 14:19:00
4813816,6702478,1,2026-07-30 01:05:01,2026-07-30 16:05:01,2025-06-09 02:05:01
5370951,6702478,1,2026-07-29 23:05:01,2026-07-30 16:05:01,2026-03-31 23:05:01
10126551,6702478,16777473,2026-07-30 14:47:22,2026-07-28 00:05:01,2025-06-14 19:05:01
4813816,6670259,1,2026-07-30 01:05:01,2026-07-30 16:05:01,2025-03-31 02:05:01
27746861,6341322,1,2026-07-29 17:05:01,2026-07-29 16:05:01,2024-02-21 14:19:00
4813816,6703261,1,2026-07-30 01:05:01,2026-07-30 16:05:01,2025-06-09 02:05:01
5370951,6703261,1,2026-07-29 23:05:01,2026-07-30 16:05:01,2026-03-02 23:05:01
10126551,6703261,16777473,2026-07-30 14:47:22,2026-07-30 05:05:01,2025-07-01 15:05:02
800366,6025433,65537,2024-06-04 21:00:00,2026-07-30 16:05:01,2024-01-07 18:49:00
4813816,6025433,1,2026-07-30 01:05:01,2026-07-30 16:05:01,2024-02-25 04:00:00
10126551,6025433,16777473,2026-07-30 14:47:22,2026-07-28 02:05:01,2024-06-29 12:38:54
27746861,6025433,1,2026-07-29 17:05:01,2026-07-30 16:05:01,2024-03-10 20:20:00
4813816,6592958,1,2026-07-30 01:05:01,2026-07-30 16:05:01,2024-10-31 22:15:34
5370951,6592958,1,2026-07-29 23:05:01,2026-07-30 16:05:01,2026-03-02 23:05:01
10126551,6592958,16777473,2026-07-30 14:47:22,2026-07-30 16:05:01,2025-01-27 16:05:01
4813816,5245589,1,2026-07-30 01:05:01,2026-07-30 16:05:01,2024-02-25 04:00:00
10126551,5245589,16777473,2026-07-30 14:47:22,2026-07-27 01:05:02,2024-06-30 11:39:25
27746861,5245589,1,2026-07-29 17:05:01,2026-07-30 16:05:01,2024-03-10 20:20:00
4813816,6627722,1,2026-07-30 01:05:01,2026-07-30 16:05:01,2025-01-12 08:13:03
5370951,6627722,1,2026-07-29 23:05:01,2026-07-30 16:05:01,2026-03-02 23:05:01
10126551,6627722,16777473,2026-07-30 14:47:22,2026-07-27 03:05:01,2025-01-27 16:05:01
4813816,5809850,1,2026-07-30 01:05:01,2026-07-30 16:05:01,2024-02-25 04:00:00
10126551,5809850,16777473,2026-07-30 14:47:22,2026-07-30 04:05:01,2024-06-30 11:39:25
27746861,5809850,1,2026-07-29 17:05:01,2026-07-30 16:05:01,2024-02-21 14:19:00
4813816,6577035,1,2026-07-30 01:05:01,2026-07-30 08:05:01,2024-09-24 09:37:49
5370951,6577035,1,2026-07-29 23:05:01,2026-07-30 16:05:01,2026-04-01 23:05:01
10126551,6577035,16777473,2026-07-30 14:47:22,2026-07-26 02:05:01,2024-09-27 19:05:01
4813816,6315975,1,2026-07-30 01:05:01,2026-07-30 16:05:01,2024-02-25 04:00:00
10126551,6315975,16777473,2026-07-30 14:47:22,2026-07-30 04:05:01,2024-06-23 12:39:03
27746861,6315975,1,2026-07-29 17:05:01,2026-07-30 16:05:01,2024-02-21 14:19:00
4813816,6256125,1,2026-07-30 01:05:01,2026-07-30 16:05:01,2024-02-25 04:00:00
5370951,6256125,1,2026-07-29 23:05:01,2026-07-30 16:05:01,2026-04-02 23:05:01
10126551,6256125,16777473,2026-07-30 14:47:22,2026-07-30 04:05:01,2024-06-28 08:43:22
27746861,6256125,1,2026-07-29 17:05:01,2026-07-30 16:05:01,2024-02-21 14:19:00
4813816,6239111,1,2026-07-30 01:05:01,2026-07-30 16:05:01,2024-02-25 04:00:00
10126551,6239111,16777473,2026-07-30 14:47:22,2026-07-30 04:05:01,2024-06-23 13:38:59
27746861,6239111,1,2026-07-29 17:05:01,2026-07-30 16:05:01,2024-02-21 14:19:00
4813816,6286426,1,2026-07-30 01:05:01,2026-07-30 16:05:01,2024-02-25 04:00:00
10126551,6286426,16777473,2026-07-30 14:47:22,2026-07-30 04:05:01,2024-06-23 13:38:59
27746861,6286426,1,2026-07-29 17:05:01,2026-07-30 16:05:01,2024-02-21 14:19:00
4813816,5174035,1,2026-07-30 01:05:01,2026-07-30 16:05:01,2024-02-25 04:00:00
10008096,5174035,1,2026-06-20 12:05:01,2026-07-30 12:05:01,2024-02-07 09:47:00
10126551,5174035,16777473,2026-07-30 14:47:22,2026-07-30 01:05:01,2024-06-24 17:42:54
4813816,5957259,1,2026-07-30 01:05:01,2026-07-30 16:05:01,2024-02-25 04:00:00
5370951,5957259,1,2026-07-29 23:05:01,2026-07-30 16:05:01,2026-04-02 23:05:01
10126551,5957259,16777473,2026-07-30 14:47:22,2026-07-30 04:05:01,2024-06-22 18:41:18
27746861,5957259,1,2026-07-29 17:05:01,2026-07-30 16:05:01,2024-02-21 14:19:00
800366,6057976,65537,2024-06-04 21:00:00,2026-07-30 16:05:01,2024-01-07 18:49:00
4813816,6057976,1,2026-07-30 01:05:01,2026-07-30 16:05:01,2024-02-25 04:00:00
10126551,6057976,16777473,2026-07-30 14:47:22,2026-07-12 04:05:01,2024-06-30 11:39:25
27746861,6057976,1,2026-07-29 17:05:01,2026-07-30 16:05:01,2024-03-12 12:31:00
4813816,4527864,1,2026-07-30 01:05:01,2026-07-30 16:05:01,2024-02-25 04:00:00
5370951,4527864,1,2026-07-29 23:05:01,2026-07-30 16:05:01,2026-04-02 23:05:01
10126551,4527864,16777473,2026-07-30 14:47:22,2026-07-30 04:05:01,2024-06-21 12:38:56
27746861,4527864,1,2026-07-29 17:05:01,2026-07-30 16:05:01,2024-02-21 14:19:00
4813816,6669701,1,2026-07-30 01:05:01,2026-07-30 16:05:01,2025-03-30 02:05:01
5370951,6669701,1,2026-07-29 23:05:01,2026-07-30 16:05:01,2026-03-02 23:05:01
10126551,6669701,16777473,2026-07-30 14:47:22,2026-07-28 02:05:01,2025-03-29 22:05:02
4813816,6558503,1,2026-07-30 01:05:01,2026-07-30 16:05:01,2024-08-04 19:43:32
5370951,6558503,1,2026-07-29 23:05:01,2026-07-30 16:05:01,2026-03-02 23:05:01
10126551,6558503,16777473,2026-07-30 14:47:22,2026-07-30 10:05:01,2024-09-28 11:05:01
4813816,6568547,1,2026-07-30 01:05:01,2026-07-30 16:05:01,2024-09-02 21:29:44
5370951,6568547,1,2026-07-29 23:05:01,2026-07-30 16:05:01,2026-03-02 23:05:01
10126551,6568547,16777473,2026-07-30 14:47:22,2026-07-30 13:05:01,2025-01-27 16:05:01
4813816,6558506,1,2026-07-30 01:05:01,2026-07-30 16:05:01,2024-08-04 19:43:50
5370951,6558506,1,2026-07-29 23:05:01,2026-07-30 16:05:01,2026-03-05 23:05:02
10126551,6558506,16777473,2026-07-30 14:47:22,2026-07-30 04:05:01,2024-09-28 11:05:01
4813816,5946301,1,2026-07-30 01:05:01,2026-07-30 16:05:01,2024-02-25 04:00:00
10126551,5946301,16777473,2026-07-30 14:47:22,2026-07-28 02:05:01,2024-06-28 08:43:22
27746861,5946301,1,2026-07-29 17:05:01,2026-07-30 16:05:01,2024-02-21 14:19:00
4813816,6767292,1,2026-07-30 01:05:01,2026-07-29 07:05:01,2025-11-18 02:05:01
5370951,6767292,1,2026-07-29 23:05:01,2026-07-24 05:05:01,2026-03-05 18:05:02
10126551,6767292,16777473,2026-07-30 14:47:22,2026-07-21 01:05:01,2025-11-17 19:05:01
4813816,6741616,1,2026-07-30 01:05:01,2026-07-30 16:05:01,2025-09-08 01:05:01
5370951,6741616,1,2026-07-29 23:05:01,2026-07-30 16:05:01,2026-03-05 18:05:02
10126551,6741616,16777473,2026-07-30 14:47:22,2026-07-28 02:05:01,2025-09-07 22:05:01
4813816,6669159,1,2026-07-30 01:05:01,2026-07-30 16:05:01,2025-03-29 03:05:01
5370951,6669159,1,2026-07-29 23:05:01,2026-07-24 05:05:01,2026-03-02 23:05:01
10126551,6669159,16777473,2026-07-30 14:47:22,2026-07-30 04:05:01,2025-03-29 00:05:01
4813816,6076815,1,2026-07-30 01:05:01,2026-07-30 16:05:01,2024-02-25 04:00:00
10126551,6076815,16777473,2026-07-30 14:47:22,2026-07-29 03:05:01,2024-06-30 09:16:08
27746861,6076815,1,2026-07-29 17:05:01,2026-07-30 16:05:01,2024-02-21 14:19:00
4813816,4669842,1,2026-07-30 01:05:01,2026-07-30 16:05:01,2024-02-25 04:00:00
10126551,4669842,16777473,2026-07-30 14:47:22,2026-07-30 04:05:01,2024-06-23 15:41:06
27746861,4669842,1,2026-07-29 17:05:01,2026-07-30 16:05:01,2024-02-21 14:19:00
4813816,3545214,1,2026-07-30 01:05:01,2026-07-30 16:05:01,2024-02-25 04:00:00
5370951,3545214,1,2026-07-29 23:05:01,2026-07-30 16:05:01,2026-04-02 23:05:01
10008096,3545214,1,2026-06-20 12:05:01,2026-07-30 16:05:01,2024-02-07 09:47:00
10126551,3545214,16777473,2026-07-30 14:47:22,2026-07-30 04:05:01,2024-06-21 12:38:56
4813816,6608196,1,2026-07-30 01:05:01,2026-07-29 09:05:01,2024-12-03 12:42:10
5370951,6608196,1,2026-07-29 23:05:01,2026-07-30 16:05:01,2026-03-05 18:05:02
10126551,6608196,16777473,2026-07-30 14:47:22,2026-07-28 02:05:01,2025-01-27 16:05:01
4813816,6700808,1,2026-07-30 01:05:01,2026-07-30 16:05:01,2025-06-02 02:05:01
5370951,6700808,1,2026-07-29 23:05:01,2026-07-24 05:05:01,2026-03-02 23:05:01
10126551,6700808,16777473,2026-07-30 14:47:22,2026-07-30 12:05:01,2025-05-31 20:05:01
4813816,6091642,1,2026-07-30 01:05:01,2026-07-30 16:05:01,2024-02-25 04:00:00
6449581,6091642,1,2026-07-15 04:24:18,2026-07-30 13:05:01,2024-02-19 00:00:00
10126551,6091642,16777473,2026-07-30 14:47:22,2026-07-30 08:05:01,2024-06-21 12:38:56
4813816,6028576,1,2026-07-30 01:05:01,2026-07-30 16:05:01,2024-02-25 04:00:00
10008096,6028576,1,2026-06-20 12:05:01,2026-07-30 16:05:01,2024-02-07 09:47:00
10126551,6028576,16777473,2026-07-30 14:47:22,2026-07-30 06:05:01,2024-06-23 12:39:03
4813816,5685640,1,2026-07-30 01:05:01,2026-07-30 16:05:01,2024-02-25 04:00:00
10126551,5685640,16777473,2026-07-30 14:47:22,2026-07-30 16:05:01,2024-06-23 13:38:59
27746861,5685640,1,2026-07-29 17:05:01,2026-07-30 16:05:01,2024-02-21 14:19:00
4813816,6615845,1,2026-07-30 01:05:01,2026-07-30 16:05:01,2024-12-20 01:37:52
5370951,6615845,1,2026-07-29 23:05:01,2026-07-30 16:05:01,2026-03-05 18:05:02
10126551,6615845,16777473,2026-07-30 14:47:22,2026-07-30 00:05:01,2025-01-27 16:05:01
4813816,6751449,1,2026-07-30 01:05:01,2026-07-30 16:05:01,2025-10-01 01:05:01
5370951,6751449,1,2026-07-29 23:05:01,2026-07-30 16:05:01,2026-03-15 23:05:01
10126551,6751449,16777473,2026-07-30 14:47:22,2026-07-30 06:05:01,2025-09-30 16:05:01
4813816,6672871,1,2026-07-30 01:05:01,2026-07-29 09:05:01,2025-04-06 02:05:01
5370951,6672871,1,2026-07-29 23:05:01,2026-07-30 16:05:01,2026-03-29 23:05:01
10126551,6672871,16777473,2026-07-30 14:47:22,2026-07-26 02:05:01,2025-04-04 22:05:02
4813816,5377220,1,2026-07-30 01:05:01,2026-07-30 16:05:01,2024-02-25 04:00:00
10126551,5377220,16777473,2026-07-30 14:47:22,2026-07-30 04:05:01,2024-06-30 11:39:25
27746861,5377220,1,2026-07-29 17:05:01,2026-07-30 16:05:01,2024-02-21 14:19:00
4813816,6290182,1,2026-07-30 01:05:01,2026-07-30 16:05:01,2024-02-25 04:00:00
5370951,6290182,1,2026-07-29 23:05:01,2026-07-30 16:05:01,2026-04-02 23:05:01
10126551,6290182,16777473,2026-07-30 14:47:22,2026-07-30 04:05:01,2024-06-21 12:38:56
27746861,6290182,1,2026-07-29 17:05:01,2026-07-30 16:05:01,2024-02-21 14:19:00
4813816,6071910,1,2026-07-30 01:05:01,2026-07-30 16:05:01,2024-02-25 04:00:00
5370951,6071910,1,2026-07-29 23:05:01,2026-07-30 16:05:01,2026-04-02 23:05:01
6449581,6071910,1,2026-07-15 04:24:18,2026-07-30 12:05:01,2024-02-19 00:00:00
10126551,6071910,16777473,2026-07-30 14:47:22,2026-07-30 16:05:01,2024-06-23 12:39:03
4813816,6698377,1,2026-07-30 01:05:01,2026-07-30 16:05:01,2025-05-27 02:05:01
5370951,6698377,1,2026-07-29 23:05:01,2026-07-30 16:05:01,2026-03-02 23:05:01
10126551,6698377,16777473,2026-07-30 14:47:22,2026-07-27 17:05:01,2025-05-26 10:05:01
4813816,4726814,1,2026-07-30 01:05:01,2026-07-30 16:05:01,2024-02-25 04:00:00
10126551,4726814,16777473,2026-07-30 14:47:22,2026-07-30 04:05:01,2024-06-23 15:41:06
27746861,4726814,1,2026-07-29 17:05:01,2026-07-30 16:05:01,2024-02-21 14:19:00
4813816,6686742,1,2026-07-30 01:05:01,2026-07-30 16:05:01,2025-05-02 02:05:01
5370951,6686742,1,2026-07-29 23:05:01,2026-07-30 16:05:01,2026-03-02 23:05:01
10126551,6686742,16777473,2026-07-30 14:47:22,2026-07-28 02:05:01,2025-05-01 22:05:01
4813816,6617981,1,2026-07-30 01:05:01,2026-07-30 16:05:01,2024-12-22 22:52:56
5370951,6617981,1,2026-07-29 23:05:01,2026-07-30 16:05:01,2026-03-02 23:05:01
10126551,6617981,16777473,2026-07-30 14:47:22,2026-07-30 16:05:01,2025-01-15 09:05:01
4813816,5372622,1,2026-07-30 01:05:01,2026-07-30 16:05:01,2024-02-25 04:00:00
6449581,5372622,1,2026-07-15 04:24:18,2026-07-30 13:05:01,2024-02-19 00:00:00
10126551,5372622,16777473,2026-07-30 14:47:22,2026-07-30 04:05:01,2024-06-23 12:39:03
4813816,6634906,1,2026-07-30 01:05:01,2026-07-30 16:05:01,2025-01-25 22:43:05
5370951,6634906,1,2026-07-29 23:05:01,2026-07-30 16:05:01,2026-03-02 23:05:01
10126551,6634906,16777473,2026-07-30 14:47:22,2026-07-28 02:05:01,2025-01-27 16:05:01
4813816,5462861,1,2026-07-30 01:05:01,2026-07-30 13:05:01,2024-02-25 04:00:00
10126551,5462861,16777473,2026-07-30 14:47:22,2026-07-30 04:05:01,2024-06-23 15:41:06
27746861,5462861,1,2026-07-29 17:05:01,2026-07-30 16:05:01,2024-02-21 14:19:00
4813816,6610551,1,2026-07-30 01:05:01,2026-07-30 13:05:01,2024-12-08 15:02:01
5370951,6610551,1,2026-07-29 23:05:01,2026-07-30 16:05:01,2026-03-02 23:05:01
10126551,6610551,16777473,2026-07-30 14:47:22,2026-07-27 02:05:01,2025-01-27 16:05:01
4813816,6108082,1,2026-07-30 01:05:01,2026-07-30 16:05:01,2024-02-25 04:00:00
10008096,6108082,1,2026-06-20 12:05:01,2026-07-30 16:05:01,2024-02-07 09:47:00
10126551,6108082,16777473,2026-07-30 14:47:22,2026-07-30 11:05:01,2024-06-23 15:41:06
4813816,6076852,1,2026-07-30 01:05:01,2026-07-30 16:05:01,2024-02-25 04:00:00
10126551,6076852,16777473,2026-07-30 14:47:22,2026-07-30 08:05:01,2024-06-30 11:39:25
27746861,6076852,1,2026-07-29 17:05:01,2026-07-30 16:05:01,2024-03-12 12:31:00
4813816,6268839,1,2026-07-30 01:05:01,2026-07-30 16:05:01,2024-02-25 04:00:00
10126551,6268839,16777473,2026-07-30 14:47:22,2026-07-30 12:05:01,2024-06-23 12:39:03
27746861,6268839,1,2026-07-29 17:05:01,2026-07-30 16:05:01,2024-02-21 14:19:00
4813816,6483192,1,2026-07-30 01:05:01,2026-07-30 16:05:01,2024-02-25 04:00:00
10126551,6483192,16777473,2026-07-30 14:47:22,2026-07-30 16:05:01,2024-06-23 12:39:03
27746861,6483192,1,2026-07-29 17:05:01,2026-07-30 16:05:01,2024-03-10 18:54:00
4813816,6234196,1,2026-07-30 01:05:01,2026-07-30 08:05:01,2024-02-25 04:00:00
10126551,6234196,16777473,2026-07-30 14:47:22,2026-07-30 01:05:01,2024-06-30 11:39:25
27746861,6234196,1,2026-07-29 17:05:01,2026-07-30 14:05:02,2024-03-10 18:54:00
4813816,4063164,1,2026-07-30 01:05:01,2026-07-30 16:05:01,2024-02-25 04:00:00
5370951,4063164,1,2026-07-29 23:05:01,2026-07-24 05:05:01,2026-04-02 23:05:01
10126551,4063164,16777473,2026-07-30 14:47:22,2026-07-30 13:05:01,2024-06-21 12:38:56
27746861,4063164,1,2026-07-29 17:05:01,2026-07-30 16:05:01,2024-02-21 14:19:00
4813816,6292633,1,2026-07-30 01:05:01,2026-07-21 02:05:01,2024-02-25 04:00:00
5220206,6292633,0,,2026-07-30 16:05:01,
10126551,6292633,16777473,2026-07-30 14:47:22,2026-07-10 10:05:01,2024-06-30 11:39:25
27746861,6292633,1,2026-07-29 17:05:01,2026-07-29 16:05:01,2024-02-21 14:19:00
4813816,6587883,1,2026-07-30 01:05:01,2026-07-30 16:05:01,2024-10-21 04:33:48
5370951,6587883,1,2026-07-29 23:05:01,2026-07-30 16:05:01,2026-03-02 23:05:01
10126551,6587883,16777473,2026-07-30 14:47:22,2026-07-30 04:05:01,2025-01-27 16:05:01
4813816,6244797,1,2026-07-30 01:05:01,2026-07-30 16:05:01,2024-02-25 04:00:00
8381475,6244797,65537,2024-04-27 06:02:00,2026-07-30 16:05:01,2023-12-22 04:52:00
10126551,6244797,16777473,2026-07-30 14:47:22,2026-07-30 09:05:01,2024-06-30 09:16:08
4813816,5827597,1,2026-07-30 01:05:01,2026-07-30 16:05:01,2024-02-25 04:00:00
10126551,5827597,16777473,2026-07-30 14:47:22,2026-07-30 04:05:01,2024-06-21 12:38:56
27746861,5827597,1,2026-07-29 17:05:01,2026-07-30 16:05:01,2024-02-21 14:19:00
4813816,5778607,1,2026-07-30 01:05:01,2026-07-30 16:05:01,2024-02-25 04:00:00
10126551,5778607,16777473,2026-07-30 14:47:22,2026-07-30 16:05:01,2024-06-29 12:38:54
27746861,5778607,1,2026-07-29 17:05:01,2026-07-30 16:05:01,2024-02-21 14:19:00
800366,5321282,65537,2024-06-04 21:00:00,2026-07-30 16:05:01,2024-01-07 18:49:00
4813816,5321282,1,2026-07-30 01:05:01,2026-07-30 16:05:01,2024-02-25 04:00:00
10126551,5321282,16777473,2026-07-30 14:47:22,2026-07-29 04:05:01,2024-06-30 09:16:08
27746861,5321282,1,2026-07-29 17:05:01,2026-07-30 16:05:01,2024-03-12 12:31:00
800366,6010324,65537,2024-06-04 21:00:00,2026-07-30 16:05:01,2024-01-07 18:49:00
4813816,6010324,1,2026-07-30 01:05:01,2026-07-30 16:05:01,2024-02-25 04:00:00
10126551,6010324,16777473,2026-07-30 14:47:22,2026-07-30 04:05:01,2024-06-29 12:38:54
27746861,6010324,1,2026-07-29 17:05:01,2026-07-30 16:05:01,2024-03-12 12:31:00
4813816,5445486,1,2026-07-30 01:05:01,2026-07-30 16:05:01,2024-02-25 04:00:00
10008096,5445486,1,2026-06-20 12:05:01,2026-07-30 16:05:01,2024-02-07 09:47:00
10126551,5445486,16777473,2026-07-30 14:47:22,2026-07-28 03:05:01,2024-06-24 17:42:54
4813816,6230059,1,2026-07-30 01:05:01,2026-07-30 16:05:01,2024-02-25 04:00:00
5370951,6230059,1,2026-07-29 23:05:01,2026-07-30 16:05:01,2026-04-02 23:05:01
10008096,6230059,1,2026-06-20 12:05:01,2026-07-30 16:05:01,2024-02-07 09:47:00
10126551,6230059,16777473,2026-07-30 14:47:22,2026-07-30 04:05:01,2024-06-23 13:38:59
4813816,6237686,1,2026-07-30 01:05:01,2026-07-30 16:05:01,2024-02-25 04:00:00
10126551,6237686,16777473,2026-07-30 14:47:22,2026-07-30 16:05:01,2024-06-30 09:16:08
27746861,6237686,1,2026-07-29 17:05:01,2026-07-30 16:05:01,2024-02-21 14:19:00
4813816,6363584,1,2026-07-30 01:05:01,2026-07-30 00:05:01,2024-02-25 04:00:00
27746861,6363584,1,2026-07-29 17:05:01,2026-07-30 08:05:01,2025-10-06 17:05:01
4813816,6669711,1,2026-07-30 01:05:01,2026-07-30 15:05:01,2025-03-30 02:05:01
5370951,6669711,1,2026-07-29 23:05:01,2026-07-30 16:05:01,2026-03-05 18:05:02
10126551,6669711,16777473,2026-07-30 14:47:22,2026-07-26 05:05:01,2025-03-29 22:05:02
4813816,5376819,1,2026-07-30 01:05:01,2026-07-30 16:05:01,2024-02-25 04:00:00
5370951,5376819,1,2026-07-29 23:05:01,2026-07-30 16:05:01,2026-04-02 23:05:01
6449581,5376819,1,2026-07-15 04:24:18,2026-07-30 13:05:01,2024-02-19 00:00:00
10126551,5376819,16777473,2026-07-30 14:47:22,2026-07-30 04:05:01,2024-06-22 04:38:00
4813816,5584495,1,2026-07-30 01:05:01,2026-07-30 16:05:01,2024-02-25 04:00:00
5370951,5584495,1,2026-07-29 23:05:01,2026-07-30 16:05:01,2026-04-02 23:05:01
10126551,5584495,16777473,2026-07-30 14:47:22,2026-07-30 04:05:01,2024-06-21 12:38:56
27746861,5584495,1,2026-07-29 17:05:01,2026-07-30 16:05:01,2024-02-21 14:19:00
4813816,6607032,1,2026-07-30 01:05:01,2026-07-30 16:05:01,2024-11-30 20:32:25
5370951,6607032,1,2026-07-29 23:05:01,2026-07-30 16:05:01,2026-03-02 23:05:01
10126551,6607032,16777473,2026-07-30 14:47:22,2026-07-30 16:05:01,2025-01-27 16:05:01
4813816,6449018,1,2026-07-30 01:05:01,2026-07-30 16:05:01,2024-02-25 04:00:00
10126551,6449018,16777473,2026-07-30 14:47:22,2026-07-30 04:05:01,2024-06-29 12:38:54
27746861,6449018,1,2026-07-29 17:05:01,2026-07-30 16:05:01,2024-02-21 14:19:00
4813816,5602023,1,2026-07-30 01:05:01,2026-07-30 16:05:01,2024-02-25 04:00:00
5370951,5602023,1,2026-07-29 23:05:01,2026-07-30 16:05:01,2026-04-02 23:05:01
6449581,5602023,1,2026-07-15 04:24:18,2026-07-30 12:05:01,2024-02-19 00:00:00
10126551,5602023,16777473,2026-07-30 14:47:22,2026-07-30 16:05:01,2024-06-21 12:38:56
4813816,5157063,1,2026-07-30 01:05:01,2026-07-30 16:05:01,2024-02-25 04:00:00
10126551,5157063,16777473,2026-07-30 14:47:22,2026-07-30 04:05:01,2024-06-24 17:42:54
27746861,5157063,1,2026-07-29 17:05:01,2026-07-30 16:05:01,2024-02-21 14:19:00
4813816,6690970,1,2026-07-30 01:05:01,2026-07-30 16:05:01,2025-05-11 02:05:01
5370951,6690970,1,2026-07-29 23:05:01,2026-07-30 16:05:01,2026-03-02 23:05:01
10126551,6690970,16777473,2026-07-30 14:47:22,2026-07-30 05:05:01,2025-05-10 17:05:01
4813816,5421342,1,2026-07-30 01:05:01,2026-07-30 16:05:01,2024-02-25 04:00:00
10126551,5421342,16777473,2026-07-30 14:47:22,2026-07-30 08:05:01,2024-06-21 12:38:56
27746861,5421342,1,2026-07-29 17:05:01,2026-07-30 16:05:01,2024-02-21 14:19:00
4813816,5508288,1,2026-07-30 01:05:01,2026-07-30 16:05:01,2024-02-25 04:00:00
5370951,5508288,1,2026-07-29 23:05:01,2026-07-30 16:05:01,2026-04-02 23:05:01
10126551,5508288,16777473,2026-07-30 14:47:22,2026-07-30 04:05:01,2024-06-23 12:39:03
27746861,5508288,1,2026-07-29 17:05:01,2026-07-30 16:05:01,2024-02-21 14:19:00
1949023,6053515,1,2025-06-10 04:05:01,2026-07-30 16:05:01,2025-01-14 07:05:02
4813816,6053515,1,2026-07-30 01:05:01,2026-07-30 08:05:01,2024-02-25 04:00:00
10126551,6053515,16777473,2026-07-30 14:47:22,2026-07-27 02:05:01,2024-06-23 15:41:06
27746861,6053515,1,2026-07-29 17:05:01,2026-07-30 16:05:01,2024-02-21 14:19:00
4813816,5144157,1,2026-07-30 01:05:01,2026-07-30 03:05:02,2024-02-25 04:00:00
10126551,5144157,16777473,2026-07-30 14:47:22,2026-07-30 01:05:01,2024-06-23 12:39:03
27746861,5144157,1,2026-07-29 17:05:01,2026-07-30 12:05:01,2024-02-21 14:19:00
4813816,6667504,1,2026-07-30 01:05:01,2026-07-30 08:05:01,2025-03-26 03:05:01
5370951,6667504,1,2026-07-29 23:05:01,2026-07-30 16:05:01,2026-03-02 23:05:01
10126551,6667504,16777473,2026-07-30 14:47:22,2026-07-30 04:05:01,2025-04-04 21:05:01
4813816,6702469,1,2026-07-30 01:05:01,2026-07-30 16:05:01,2025-06-09 02:05:01
5370951,6702469,1,2026-07-29 23:05:01,2026-07-30 16:05:01,2026-03-02 23:05:01
10126551,6702469,16777473,2026-07-30 14:47:22,2026-07-30 04:05:01,2025-06-04 20:05:01
4813816,6377201,1,2026-07-30 01:05:01,2026-07-30 16:05:01,2024-02-25 04:00:00
8381475,6377201,65537,2024-04-27 06:02:00,2026-07-30 16:05:01,2023-12-22 04:52:00
10126551,6377201,16777473,2026-07-30 14:47:22,2026-07-30 03:05:02,2024-06-23 15:41:06
27746861,6377201,1,2026-07-29 17:05:01,2026-07-30 16:05:01,2024-03-12 12:31:00
4813816,6668625,1,2026-07-30 01:05:01,2026-07-30 10:05:01,2025-03-28 03:05:01
5370951,6668625,1,2026-07-29 23:05:01,2026-07-30 16:05:01,2026-03-05 18:05:02
10126551,6668625,16777473,2026-07-30 14:47:22,2026-07-26 23:05:01,2025-03-27 23:05:01
4813816,6678064,1,2026-07-30 01:05:01,2026-07-30 16:05:01,2025-04-14 08:14:48
5370951,6678064,1,2026-07-29 23:05:01,2026-07-30 16:05:01,2026-03-02 23:05:01
10126551,6678064,16777473,2026-07-30 14:47:22,2026-07-30 04:05:01,2025-04-13 23:05:01
4813816,6596705,1,2026-07-30 01:05:01,2026-07-30 16:05:01,2024-11-22 04:36:33
5370951,6670259,1,2026-07-29 23:05:01,2026-07-30 16:05:01,2026-03-02 23:05:01
10126551,6670259,16777473,2026-07-30 14:47:22,2026-07-27 01:05:02,2025-03-30 21:05:01
4813816,6081320,1,2026-07-30 01:05:01,2026-07-30 15:05:01,2024-02-25 04:00:00
10126551,6081320,16777473,2026-07-30 14:47:22,2026-07-30 04:05:01,2024-06-30 11:39:25
27746861,6081320,1,2026-07-29 17:05:01,2026-07-30 16:05:01,2024-02-21 14:19:00
4813816,6008587,1,2026-07-30 01:05:01,2026-07-30 11:05:01,2024-02-25 04:00:00
10126551,6008587,16777473,2026-07-30 14:47:22,2026-07-30 01:05:01,2024-06-30 11:39:25
27746861,6008587,1,2026-07-29 17:05:01,2026-07-30 13:05:01,2024-02-21 14:19:00
4813816,4969292,1,2026-07-30 01:05:01,2026-07-30 09:05:01,2024-02-25 04:00:00
10126551,4969292,16777473,2026-07-30 14:47:22,2026-07-30 03:05:02,2024-06-30 11:39:25
27746861,4969292,1,2026-07-29 17:05:01,2026-07-30 16:05:01,2024-02-21 14:19:00
4813816,6421294,1,2026-07-30 01:05:01,2026-07-12 07:05:01,2024-02-25 04:00:00
10126551,6421294,16777473,2026-07-30 14:47:22,2026-07-10 10:05:01,2024-06-30 11:39:25
27746861,6421294,1,2026-07-29 17:05:01,2026-07-29 16:05:01,2024-02-21 14:19:00
4813816,6722238,1,2026-07-30 01:05:01,2026-07-30 16:05:01,2025-07-22 01:05:02
5370951,6722238,1,2026-07-29 23:05:01,2026-07-30 16:05:01,2026-03-02 23:05:01
10126551,6722238,16777473,2026-07-30 14:47:22,2026-07-30 01:05:01,2025-07-25 21:05:01
4813816,6848056,1,2026-07-30 01:05:01,2026-07-30 16:05:01,2026-04-21 01:05:02
5370951,6848056,1,2026-07-29 23:05:01,2026-07-24 05:05:01,2026-05-01 23:05:01
10126551,6848056,16777473,2026-07-30 14:47:22,2026-07-30 07:05:01,2026-04-30 20:05:01
4813816,6848055,1,2026-07-30 01:05:01,2026-07-30 16:05:01,2026-04-21 01:05:02
5370951,6848055,1,2026-07-29 23:05:01,2026-07-30 16:05:01,2026-05-01 23:05:01
10126551,6848055,16777473,2026-07-30 14:47:22,2026-07-30 01:05:01,2026-04-30 20:05:01
800366,6058888,65537,2024-06-04 21:00:00,2026-07-30 16:05:01,2024-01-07 18:49:00
4813816,6058888,1,2026-07-30 01:05:01,2026-07-30 16:05:01,2024-02-25 04:00:00
10126551,6058888,16777473,2026-07-30 14:47:22,2026-07-27 02:05:01,2024-06-28 08:43:22
27746861,6058888,1,2026-07-29 17:05:01,2026-07-30 16:05:01,2024-03-12 12:31:00
4813816,5376378,1,2026-07-30 01:05:01,2026-07-30 16:05:01,2024-02-25 04:00:00
5370951,5376378,1,2026-07-29 23:05:01,2026-07-30 16:05:01,2026-04-02 23:05:01
10126551,5376378,16777473,2026-07-30 14:47:22,2026-07-30 04:05:01,2024-06-30 09:16:08
27746861,5376378,1,2026-07-29 17:05:01,2026-07-30 16:05:01,2024-02-21 14:19:00
4813816,6847134,1,2026-07-30 01:05:01,2026-07-30 16:05:01,2026-04-19 01:05:02
5370951,6847134,1,2026-07-29 23:05:01,2026-07-30 16:05:01,2026-04-29 23:05:01
10126551,6847134,16777473,2026-07-30 14:47:22,2026-07-30 08:05:01,2026-04-13 17:35:26
4813816,6655151,1,2026-07-30 01:05:01,2026-07-30 05:05:01,2025-03-02 03:05:01
5370951,6655151,1,2026-07-29 23:05:01,2026-07-30 16:05:01,2026-03-05 18:05:02
10126551,6655151,16777473,2026-07-30 14:47:22,2026-07-27 01:05:02,2025-03-01 16:05:01
4813816,5590189,1,2026-07-30 01:05:01,2026-07-30 16:05:01,2024-02-25 04:00:00
10008096,5590189,1,2026-06-20 12:05:01,2026-07-30 16:05:01,2024-02-07 09:47:00
10126551,5590189,16777473,2026-07-30 14:47:22,2026-07-30 04:05:01,2024-06-23 12:39:03
4813816,6590728,1,2026-07-30 01:05:01,2026-07-30 16:05:01,2024-10-27 11:08:45
5370951,6590728,1,2026-07-29 23:05:01,2026-07-30 16:05:01,2026-03-02 23:05:01
10126551,6590728,16777473,2026-07-30 14:47:22,2026-07-30 04:05:01,2025-01-27 16:05:01
4813816,5559471,1,2026-07-30 01:05:01,2026-07-30 16:05:01,2024-02-25 04:00:00
10008096,5559471,1,2026-06-20 12:05:01,2026-07-30 16:05:01,2024-02-07 09:47:00
10126551,5559471,16777473,2026-07-30 14:47:22,2026-07-30 04:05:01,2024-06-23 12:39:03
4813816,6559602,1,2026-07-30 01:05:01,2026-07-30 16:05:01,2024-08-06 22:50:08
5370951,6559602,1,2026-07-29 23:05:01,2026-07-30 16:05:01,2026-03-02 23:05:01
10126551,6559602,16777473,2026-07-30 14:47:22,2026-07-29 01:05:01,2024-09-28 11:05:01
4813816,6762997,1,2026-07-30 01:05:01,2026-07-30 16:05:01,2025-10-26 01:05:01
5370951,6762997,1,2026-07-29 23:05:01,2026-07-30 16:05:01,2026-03-05 18:05:02
10126551,6762997,16777473,2026-07-30 14:47:22,2026-07-28 02:05:01,2025-10-25 18:05:01
4813816,6187683,1,2026-07-30 01:05:01,2026-07-30 16:05:01,2024-02-25 04:00:00
10126551,6187683,16777473,2026-07-30 14:47:22,2026-07-30 03:05:02,2024-06-30 09:16:08
27746861,6187683,1,2026-07-29 17:05:01,2026-07-30 16:05:01,2024-02-21 14:19:00
4813816,6793398,1,2026-07-30 01:05:01,2026-07-30 09:05:01,2025-12-28 02:05:01
5370951,6793398,1,2026-07-29 23:05:01,2026-07-30 16:05:01,2026-03-05 18:05:02
10126551,6793398,16777473,2026-07-30 14:47:22,2026-07-30 01:05:01,2026-01-20 13:58:45
4813816,6255649,1,2026-07-30 01:05:01,2026-07-30 16:05:01,2024-02-25 04:00:00
10126551,6255649,16777473,2026-07-30 14:47:22,2026-07-30 04:05:01,2024-06-23 13:38:59
27746861,6255649,1,2026-07-29 17:05:01,2026-07-30 16:05:01,2024-02-21 14:19:00
4813816,6632314,1,2026-07-30 01:05:01,2026-07-25 13:05:01,2025-01-27 15:33:15
5370951,6632314,1,2026-07-29 23:05:01,2026-07-30 16:05:01,2026-03-05 18:05:02
10126551,6632314,16777473,2026-07-30 14:47:22,2026-07-20 07:05:01,2025-01-27 16:05:01
4813816,6571034,1,2026-07-30 01:05:01,2026-07-30 16:05:01,2024-09-08 13:41:59
5370951,6571034,1,2026-07-29 23:05:01,2026-07-30 16:05:01,2026-03-02 23:05:01
10126551,6571034,16777473,2026-07-30 14:47:22,2026-07-30 04:05:01,2025-01-27 16:05:01
4813816,6018980,1,2026-07-30 01:05:01,2026-07-30 16:05:01,2024-02-25 04:00:00
10126551,6018980,16777473,2026-07-30 14:47:22,2026-07-30 01:05:01,2024-06-23 12:39:03
27746861,6018980,1,2026-07-29 17:05:01,2026-07-30 16:05:01,2024-02-21 14:19:00
4813816,6666098,1,2026-07-30 01:05:01,2026-07-30 16:05:01,2025-03-25 03:05:01
5370951,6666098,1,2026-07-29 23:05:01,2026-07-24 05:05:01,2026-03-05 18:05:02
10126551,6666098,16777473,2026-07-30 14:47:22,2026-07-29 14:05:01,2025-03-22 23:05:01
4813816,5467847,1,2026-07-30 01:05:01,2026-07-10 11:05:01,2024-02-25 04:00:00
5220206,5467847,0,,2026-07-30 16:05:01,
10126551,5467847,16777473,2026-07-30 14:47:22,2026-07-10 10:05:01,2024-06-30 09:16:08
27746861,5467847,1,2026-07-29 17:05:01,2026-07-29 16:05:01,2024-03-12 12:31:00
4813816,6713956,1,2026-07-30 01:05:01,2026-07-30 16:05:01,2025-07-02 02:05:01
10126551,6713956,16777473,2026-07-30 14:47:22,2026-07-30 05:05:01,2025-07-11 12:05:01
27746861,6713956,1,2026-07-29 17:05:01,2026-07-30 16:05:01,2025-07-09 17:05:01
4813816,6426757,1,2026-07-30 01:05:01,2026-07-10 11:05:01,2024-02-25 04:00:00
10126551,6426757,16777473,2026-07-30 14:47:22,2026-07-10 10:05:01,2024-06-30 11:39:25
27746861,6426757,1,2026-07-29 17:05:01,2026-07-29 16:05:01,2024-02-21 14:19:00
4813816,6630830,1,2026-07-30 01:05:01,2026-07-30 16:05:01,2025-01-19 13:20:29
5370951,6630830,1,2026-07-29 23:05:01,2026-07-24 05:05:01,2026-03-02 23:05:01
10126551,6630830,16777473,2026-07-30 14:47:22,2026-07-30 04:05:01,2025-01-27 16:05:01
4813816,5313150,1,2026-07-30 01:05:01,2026-07-30 11:05:01,2024-02-25 04:00:00
10126551,5313150,16777473,2026-07-30 14:47:22,2026-07-30 03:05:02,2024-06-30 11:39:25
27746861,5313150,1,2026-07-29 17:05:01,2026-07-30 16:05:01,2024-02-21 14:19:00
4813816,4766175,1,2026-07-30 01:05:01,2026-07-30 16:05:01,2024-02-25 04:00:00
10008096,4766175,1,2026-06-20 12:05:01,2026-07-30 16:05:01,2024-02-07 09:47:00
10126551,4766175,16777473,2026-07-30 14:47:22,2026-07-30 08:05:01,2024-06-23 13:38:59
4813816,6588368,1,2026-07-30 01:05:01,2026-07-30 16:05:01,2024-10-21 20:04:10
5370951,6588368,1,2026-07-29 23:05:01,2026-07-30 16:05:01,2026-03-02 23:05:01
10126551,6588368,16777473,2026-07-30 14:47:22,2026-07-30 12:05:01,2025-01-27 16:05:01
4813816,6082768,1,2026-07-30 01:05:01,2026-07-30 16:05:01,2024-02-25 04:00:00
6449581,6082768,1,2026-07-15 04:24:18,2026-07-30 12:05:01,2024-02-19 00:00:00
10126551,6082768,16777473,2026-07-30 14:47:22,2026-07-30 16:05:01,2024-06-29 12:38:54
4813816,6237519,1,2026-07-30 01:05:01,2026-07-30 16:05:01,2024-02-25 04:00:00
10126551,6237519,16777473,2026-07-30 14:47:22,2026-07-30 15:05:01,2024-06-23 15:41:06
27746861,6237519,1,2026-07-29 17:05:01,2026-07-30 16:05:01,2024-02-21 14:19:00
4813816,6325667,1,2026-07-30 01:05:01,2026-07-30 16:05:01,2024-02-25 04:00:00
10126551,6325667,16777473,2026-07-30 14:47:22,2026-07-30 01:05:01,2024-06-30 11:39:25
27746861,6325667,1,2026-07-29 17:05:01,2026-07-30 16:05:01,2024-03-12 12:31:00
4813816,6386285,1,2026-07-30 01:05:01,2026-07-30 16:05:01,2024-02-25 04:00:00
10126551,6386285,16777473,2026-07-30 14:47:22,2026-07-30 03:05:02,2024-06-30 11:39:25
27746861,6386285,1,2026-07-29 17:05:01,2026-07-30 16:05:01,2024-02-21 14:19:00
4813816,6716118,1,2026-07-30 01:05:01,2026-07-30 16:05:01,2025-07-07 02:05:01
5370951,6716118,1,2026-07-29 23:05:01,2026-07-30 16:05:01,2026-03-02 23:05:01
10126551,6716118,16777473,2026-07-30 14:47:22,2026-07-30 16:05:01,2025-07-06 18:05:02
4813816,6783615,1,2026-07-30 01:05:01,2026-07-30 16:05:01,2025-12-08 02:05:01
5370951,6783615,1,2026-07-29 23:05:01,2026-07-30 16:05:01,2026-03-05 18:05:02
10126551,6783615,16777473,2026-07-30 14:47:22,2026-07-26 23:05:01,2025-12-06 17:05:01
4813816,6745794,1,2026-07-30 01:05:01,2026-07-10 10:05:01,2025-09-17 19:16:32
10126551,6745794,16777473,2026-07-30 14:47:22,2026-07-10 10:05:01,2025-10-11 11:05:01
4813816,6325488,1,2026-07-30 01:05:01,2026-07-30 12:05:01,2024-02-25 04:00:00
10126551,6325488,16777473,2026-07-30 14:47:22,2026-07-29 02:05:01,2024-06-30 11:39:25
27746861,6325488,1,2026-07-29 17:05:01,2026-07-30 16:05:01,2024-02-21 14:19:00
4813816,6580588,1,2026-07-30 01:05:01,2026-07-30 16:05:01,2024-10-02 21:21:18
5370951,6580588,1,2026-07-29 23:05:01,2026-07-30 16:05:01,2026-03-02 23:05:01
10126551,6580588,16777473,2026-07-30 14:47:22,2026-07-30 12:05:01,2024-12-07 15:05:01
4813816,5765328,1,2026-07-30 01:05:01,2026-07-30 16:05:01,2024-02-25 04:00:00
10126551,5765328,16777473,2026-07-30 14:47:22,2026-07-30 16:05:01,2024-06-23 13:38:59
27746861,5765328,1,2026-07-29 17:05:01,2026-07-30 16:05:01,2024-02-21 14:19:00
4813816,6847133,1,2026-07-30 01:05:01,2026-07-30 16:05:01,2026-04-19 01:05:02
5370951,6847133,1,2026-07-29 23:05:01,2026-07-30 16:05:01,2026-04-29 23:05:01
10126551,6847133,16777473,2026-07-30 14:47:22,2026-07-30 04:05:01,2026-04-13 17:35:26
4813816,6846608,1,2026-07-30 01:05:01,2026-07-30 14:05:02,2026-04-18 01:05:01
5370951,6846608,1,2026-07-29 23:05:01,2026-07-30 16:05:01,2026-05-21 23:05:01
10126551,6846608,16777473,2026-07-30 14:47:22,2026-07-26 02:05:01,2026-04-13 17:35:26
4813816,6081249,1,2026-07-30 01:05:01,2026-07-30 08:05:01,2024-02-25 04:00:00
6449581,6081249,1,2026-07-15 04:24:18,2026-07-30 13:05:01,2024-05-05 23:59:00
10126551,6081249,16777473,2026-07-30 14:47:22,2026-07-10 10:05:01,2024-06-30 11:39:25
4813816,4711623,1,2026-07-30 01:05:01,2026-07-30 16:05:01,2024-02-25 04:00:00
5370951,4711623,1,2026-07-29 23:05:01,2026-07-30 16:05:01,2026-04-02 23:05:01
10008096,4711623,1,2026-06-20 12:05:01,2026-07-30 16:05:01,2024-02-07 09:47:00
10126551,4711623,16777473,2026-07-30 14:47:22,2026-07-30 04:05:01,2024-06-21 12:38:56
4813816,6160040,1,2026-07-30 01:05:01,2026-07-30 16:05:01,2024-02-25 04:00:00
10008096,6160040,1,2026-06-20 12:05:01,2026-07-30 16:05:01,2024-02-07 09:47:00
10126551,6160040,16777473,2026-07-30 14:47:22,2026-07-30 04:05:01,2024-06-23 12:39:03
4813816,6807005,1,2026-07-30 01:05:01,2026-07-30 16:05:01,2026-01-25 02:05:01
5370951,6807005,1,2026-07-29 23:05:01,2026-07-30 16:05:01,2026-03-05 18:05:02
10126551,6807005,16777473,2026-07-30 14:47:22,2026-07-30 04:05:01,2026-01-28 23:05:01
4813816,3031548,1,2026-07-30 01:05:01,2026-07-30 15:05:01,2024-02-25 04:00:00
10126551,3031548,16777473,2026-07-30 14:47:22,2026-07-18 06:05:01,2024-06-23 12:39:03
27746861,3031548,1,2026-07-29 17:05:01,2026-07-30 16:05:01,2024-02-21 14:19:00
4813816,6593359,1,2026-07-30 01:05:01,2026-07-29 07:05:01,2024-11-02 06:30:33
10126551,6593359,16777473,2026-07-30 14:47:22,2026-07-26 02:05:01,2025-01-27 16:05:01
4813816,6734102,1,2026-07-30 01:05:01,2026-07-17 04:05:01,2025-08-20 01:05:01
10126551,6734102,16777473,2026-07-30 14:47:22,2026-07-16 08:05:01,2025-09-27 19:05:02
4813816,6524878,1,2026-07-30 01:05:01,2026-07-15 00:05:01,2024-05-25 03:00:00
10126551,6524878,16777473,2026-07-30 14:47:22,2026-07-10 11:05:01,2024-06-23 13:38:59
27746861,6524878,1,2026-07-29 17:05:01,2026-07-29 16:05:01,2024-06-11 18:53:50
4813816,6647413,1,2026-07-30 01:05:01,2026-07-30 16:05:01,2025-02-15 18:18:04
5370951,6647413,1,2026-07-29 23:05:01,2026-07-30 16:05:01,2026-03-02 23:05:01
10126551,6647413,16777473,2026-07-30 14:47:22,2026-07-30 12:05:01,2025-02-15 18:05:01
4813816,5393613,1,2026-07-30 01:05:01,2026-07-30 16:05:01,2024-02-25 04:00:00
10126551,5393613,16777473,2026-07-30 14:47:22,2026-07-30 06:05:01,2024-06-23 12:39:03
27746861,5393613,1,2026-07-29 17:05:01,2026-07-30 16:05:01,2024-02-21 14:19:00
4813816,5685068,1,2026-07-30 01:05:01,2026-07-30 16:05:01,2024-02-25 04:00:00
6449581,5685068,1,2026-07-15 04:24:18,2026-07-30 13:05:01,2024-02-19 00:00:00
10126551,5685068,16777473,2026-07-30 14:47:22,2026-07-30 16:05:01,2024-06-22 18:41:18
4813816,6269200,1,2026-07-30 01:05:01,2026-07-30 16:05:01,2024-02-25 04:00:00
10008096,6269200,1,2026-06-20 12:05:01,2026-07-30 16:05:01,2024-02-07 09:47:00
10126551,6269200,16777473,2026-07-30 14:47:22,2026-07-30 06:05:01,2024-06-23 12:39:03
4813816,6567406,1,2026-07-30 01:05:01,2026-07-10 11:05:01,2024-08-28 19:52:05
10126551,6567406,16777473,2026-07-30 14:47:22,2026-07-10 10:05:01,2024-09-29 10:05:01
4813816,6373144,1,2026-07-30 01:05:01,2026-07-30 16:05:01,2024-02-25 04:00:00
5370951,6373144,1,2026-07-29 23:05:01,2026-07-24 05:05:01,2026-03-05 18:05:02
10126551,6373144,16777473,2026-07-30 14:47:22,2026-07-30 05:05:01,2024-06-30 11:39:25
22521020,6373144,1,2025-12-08 19:05:01,2026-07-07 10:05:01,2024-05-23 00:00:00
4813816,6172364,1,2026-07-30 01:05:01,2026-07-30 16:05:01,2024-02-25 04:00:00
10008096,6172364,1,2026-06-20 12:05:01,2026-07-30 16:05:01,2024-02-07 09:47:00
10126551,6172364,16777473,2026-07-30 14:47:22,2026-07-30 16:05:01,2024-06-29 12:38:54
4813816,6476527,1,2026-07-30 01:05:01,2026-07-29 10:05:02,2024-02-25 04:00:00
10126551,6476527,16777473,2026-07-30 14:47:22,2026-07-15 10:05:01,2024-06-23 13:38:59
27746861,6476527,1,2026-07-29 17:05:01,2026-07-29 16:05:01,2024-02-21 14:19:00
4813816,6321022,1,2026-07-30 01:05:01,2026-07-30 16:05:01,2024-02-25 04:00:00
10126551,6321022,16777473,2026-07-30 14:47:22,2026-07-30 04:05:01,2024-06-22 04:38:00
27746861,6321022,1,2026-07-29 17:05:01,2026-07-30 16:05:01,2024-02-21 14:19:00
800366,6077250,65537,2024-06-04 21:00:00,2026-07-30 16:05:01,2024-01-07 18:49:00
4813816,6077250,1,2026-07-30 01:05:01,2026-07-30 15:05:01,2024-02-25 04:00:00
10126551,6077250,16777473,2026-07-30 14:47:22,2026-07-29 02:05:01,2024-06-30 11:39:25
27746861,6077250,1,2026-07-29 17:05:01,2026-07-30 16:05:01,2024-03-12 12:31:00
4813816,5752452,1,2026-07-30 01:05:01,2026-07-30 16:05:01,2024-02-25 04:00:00
10126551,5752452,16777473,2026-07-30 14:47:22,2026-07-12 07:05:01,2024-06-30 11:39:25
27746861,5752452,1,2026-07-29 17:05:01,2026-07-30 09:05:01,2024-02-21 14:19:00
4813816,5657177,1,2026-07-30 01:05:01,2026-07-30 14:05:02,2024-02-25 04:00:00
10126551,5657177,16777473,2026-07-30 14:47:22,2026-07-30 03:05:02,2024-06-30 11:39:25
27746861,5657177,1,2026-07-29 17:05:01,2026-07-30 16:05:01,2024-02-21 14:19:00
4813816,6266708,1,2026-07-30 01:05:01,2026-07-30 16:05:01,2024-02-25 04:00:00
10008096,6266708,1,2026-06-20 12:05:01,2026-07-30 16:05:01,2024-02-07 09:47:00
10126551,6266708,16777473,2026-07-30 14:47:22,2026-07-30 04:05:01,2024-06-28 08:43:22
4813816,5909829,1,2026-07-30 01:05:01,2026-07-30 16:05:01,2024-02-25 04:00:00
5370951,5909829,1,2026-07-29 23:05:01,2026-07-30 16:05:01,2026-04-02 23:05:01
10126551,5909829,16777473,2026-07-30 14:47:22,2026-07-30 04:05:01,2024-06-23 12:39:03
27746861,5909829,1,2026-07-29 17:05:01,2026-07-30 16:05:01,2024-02-21 14:19:00
4813816,6817072,1,2026-07-30 01:05:01,2026-07-29 04:05:01,2026-02-15 02:05:01
5370951,6817072,1,2026-07-29 23:05:01,2026-07-30 16:05:01,2026-05-01 23:05:01
10126551,6817072,16777473,2026-07-30 14:47:22,2026-07-27 02:05:01,2026-02-14 19:05:01
4813816,6380425,1,2026-07-30 01:05:01,2026-07-30 16:05:01,2024-02-25 04:00:00
10126551,6380425,16777473,2026-07-30 14:47:22,2026-07-30 04:05:01,2024-06-23 09:39:03
27746861,6380425,1,2026-07-29 17:05:01,2026-07-30 16:05:01,2024-02-21 14:19:00
4813816,5710618,1,2026-07-30 01:05:01,2026-07-30 10:05:01,2024-02-25 04:00:00
10126551,5710618,16777473,2026-07-30 14:47:22,2026-07-29 06:05:01,2024-06-30 09:16:08
27746861,5710618,1,2026-07-29 17:05:01,2026-07-30 11:05:01,2024-02-21 14:19:00
4813816,6449185,1,2026-07-30 01:05:01,2026-07-30 16:05:01,2024-02-25 04:00:00
10126551,6449185,16777473,2026-07-30 14:47:22,2026-07-29 04:05:01,2024-06-22 04:38:00
27746861,6449185,1,2026-07-29 17:05:01,2026-07-30 16:05:01,2024-02-21 14:19:00
4813816,6540052,1,2026-07-30 01:05:01,2026-07-18 08:28:06,2024-07-31 14:59:37
10126551,6540052,16777473,2026-07-30 14:47:22,2026-07-10 10:05:01,2024-09-29 10:05:01
4813816,5820786,1,2026-07-30 01:05:01,2026-07-30 12:05:01,2024-02-25 04:00:00
10126551,5820786,16777473,2026-07-30 14:47:22,2026-07-16 03:05:01,2024-06-30 11:39:25
27746861,5820786,1,2026-07-29 17:05:01,2026-07-30 12:05:01,2024-02-21 14:19:00
4813816,5042463,1,2026-07-30 01:05:01,2026-07-30 16:05:01,2024-02-25 04:00:00
5370951,6596705,1,2026-07-29 23:05:01,2026-07-30 16:05:01,2026-03-02 23:05:01
10126551,6596705,16777473,2026-07-30 14:47:22,2026-07-30 04:05:01,2025-01-27 16:05:01
4813816,6625310,1,2026-07-30 01:05:01,2026-07-30 16:05:01,2025-01-08 19:34:34
5370951,6625310,1,2026-07-29 23:05:01,2026-07-30 16:05:01,2026-03-05 18:05:02
10126551,6625310,16777473,2026-07-30 14:47:22,2026-07-28 23:05:01,2025-01-27 16:05:01
4813816,5653459,1,2026-07-30 01:05:01,2026-07-30 16:05:01,2024-02-25 04:00:00
5370951,5653459,1,2026-07-29 23:05:01,2026-07-30 16:05:01,2026-04-02 23:05:01
6449581,5653459,1,2026-07-15 04:24:18,2026-07-30 13:05:01,2024-02-19 00:00:00
10126551,5653459,16777473,2026-07-30 14:47:22,2026-07-28 02:05:01,2024-06-23 12:39:03
4813816,6724793,1,2026-07-30 01:05:01,2026-07-30 16:05:01,2025-07-28 01:05:01
5370951,6724793,1,2026-07-29 23:05:01,2026-07-30 16:05:01,2026-03-05 18:05:02
10126551,6724793,16777473,2026-07-30 14:47:22,2026-07-30 00:05:01,2025-07-27 17:05:02
4813816,5903477,1,2026-07-30 01:05:01,2026-07-30 16:05:01,2024-02-25 04:00:00
10008096,5903477,1,2026-06-20 12:05:01,2026-07-30 16:05:01,2024-02-07 09:47:00
10126551,5903477,16777473,2026-07-30 14:47:22,2026-07-30 16:05:01,2024-06-23 12:39:03
1949023,1231978,1,2025-06-10 04:05:01,2026-07-30 16:05:01,2025-01-14 07:05:02
4813816,1231978,1,2026-07-30 01:05:01,2026-07-30 16:05:01,2024-02-25 04:00:00
10008096,1231978,1,2026-06-20 12:05:01,2026-07-30 16:05:01,2024-02-07 09:47:00
10126551,1231978,16777473,2026-07-30 14:47:22,2026-07-30 08:05:01,2024-06-28 08:43:22
4813816,6505862,1,2026-07-30 01:05:01,2026-07-22 10:05:01,2024-03-28 04:00:00
10126551,6505862,16777473,2026-07-30 14:47:22,2026-07-10 10:05:01,2024-06-28 08:43:22
27746861,6505862,1,2026-07-29 17:05:01,2026-07-29 16:05:01,2024-04-05 18:53:51
800366,6159473,65537,2024-06-04 21:00:00,2026-07-30 16:05:01,2024-01-07 18:49:00
4813816,6159473,1,2026-07-30 01:05:01,2026-07-30 16:05:01,2024-02-25 04:00:00
10126551,6159473,16777473,2026-07-30 14:47:22,2026-07-28 02:05:01,2024-06-28 08:43:22
27746861,6159473,1,2026-07-29 17:05:01,2026-07-30 16:05:01,2024-03-12 12:31:00
4813816,6372093,1,2026-07-30 01:05:01,2026-07-30 13:05:01,2024-02-25 04:00:00
10126551,6372093,16777473,2026-07-30 14:47:22,2026-07-29 04:05:01,2024-06-28 08:43:22
27746861,6372093,1,2026-07-29 17:05:01,2026-07-30 16:05:01,2024-04-08 18:54:28
4813816,6741842,1,2026-07-30 01:05:01,2026-07-30 16:05:01,2025-09-08 17:09:36
5370951,6741842,1,2026-07-29 23:05:01,2026-07-30 16:05:01,2026-03-02 23:05:01
10126551,6741842,16777473,2026-07-30 14:47:22,2026-07-30 16:05:01,2025-09-08 13:05:01
4813816,5800096,1,2026-07-30 01:05:01,2026-07-30 16:05:01,2024-02-25 04:00:00
5370951,5800096,1,2026-07-29 23:05:01,2026-07-30 16:05:01,2026-04-02 23:05:01
6449581,5800096,1,2026-07-15 04:24:18,2026-07-30 12:05:01,2024-02-19 00:00:00
10126551,5800096,16777473,2026-07-30 14:47:22,2026-07-30 04:05:01,2024-06-21 12:38:56
4813816,6807490,1,2026-07-30 01:05:01,2026-07-27 02:05:01,2026-01-26 02:05:01
5370951,6807490,1,2026-07-29 23:05:01,2026-07-30 16:05:01,2026-03-18 23:05:01
10126551,6807490,16777473,2026-07-30 14:47:22,2026-07-27 01:05:02,2026-01-26 05:48:25
4813816,6626720,1,2026-07-30 01:05:01,2026-07-30 04:05:01,2025-01-10 19:04:40
5370951,6626720,1,2026-07-29 23:05:01,2026-07-30 16:05:01,2026-03-05 18:05:02
10126551,6626720,16777473,2026-07-30 14:47:22,2026-07-24 04:05:01,2025-01-27 16:05:01
4813816,6472176,1,2026-07-30 01:05:01,2026-07-30 16:05:01,2024-02-25 04:00:00
5370951,6472176,1,2026-07-29 23:05:01,2026-07-30 16:05:01,2026-03-02 23:05:01
10126551,6472176,16777473,2026-07-30 14:47:22,2026-07-30 01:05:01,2024-05-07 20:43:28
4813816,6666590,1,2026-07-30 01:05:01,2026-07-30 16:05:01,2025-03-25 03:05:01
5370951,6666590,1,2026-07-29 23:05:01,2026-07-30 16:05:01,2026-03-05 18:05:02
10126551,6666590,16777473,2026-07-30 14:47:22,2026-07-26 23:05:01,2025-03-23 21:05:01
4813816,5598878,1,2026-07-30 01:05:01,2026-07-30 16:05:01,2024-02-25 04:00:00
10126551,5598878,16777473,2026-07-30 14:47:22,2026-07-30 03:05:02,2024-06-30 11:39:25
27746861,5598878,1,2026-07-29 17:05:01,2026-07-30 16:05:01,2024-02-21 14:19:00
4813816,6598217,1,2026-07-30 01:05:01,2026-07-30 16:05:01,2024-11-12 00:11:26
10008096,6598217,1,2026-06-20 12:05:01,2026-07-30 16:05:01,2025-01-26 02:04:01
10126551,6598217,16777473,2026-07-30 14:47:22,2026-07-30 13:05:01,2025-01-27 16:05:01
4813816,2847379,1,2026-07-30 01:05:01,2026-07-30 16:05:01,2024-02-25 04:00:00
10126551,2847379,16777473,2026-07-30 14:47:22,2026-07-30 04:05:01,2024-06-23 12:39:03
27746861,2847379,1,2026-07-29 17:05:01,2026-07-30 16:05:01,2024-02-21 14:19:00
4813816,6753754,1,2026-07-30 01:05:01,2026-07-24 08:05:01,2025-10-06 01:05:01
5370951,6753754,1,2026-07-29 23:05:01,2026-07-30 16:05:01,2026-03-29 23:05:01
10126551,6753754,16777473,2026-07-30 14:47:22,2026-07-23 10:05:01,2025-10-30 23:05:01
4813816,6505432,1,2026-07-30 01:05:01,2026-07-30 16:05:01,2024-03-27 04:00:00
10126551,6505432,16777473,2026-07-30 14:47:22,2026-07-30 16:05:01,2024-06-30 11:39:25
27746861,6505432,1,2026-07-29 17:05:01,2026-07-30 16:05:01,2024-03-26 20:37:00
4813816,6745257,1,2026-07-30 01:05:01,2026-07-30 16:05:01,2025-09-17 01:05:01
5370951,6745257,1,2026-07-29 23:05:01,2026-07-30 16:05:01,2026-03-02 23:05:01
10126551,6745257,16777473,2026-07-30 14:47:22,2026-07-30 16:05:01,2025-09-16 15:05:01
4813816,5409358,1,2026-07-30 01:05:01,2026-07-30 16:05:01,2024-02-25 04:00:00
10008096,5409358,1,2026-06-20 12:05:01,2026-07-30 16:05:01,2024-02-07 09:47:00
10126551,5409358,16777473,2026-07-30 14:47:22,2026-07-30 04:05:01,2024-06-23 12:39:03
4813816,2747914,1,2026-07-30 01:05:01,2026-07-30 16:05:01,2024-02-25 04:00:00
10008096,2747914,1,2026-06-20 12:05:01,2026-07-30 16:05:01,2024-02-07 09:47:00
10126551,2747914,16777473,2026-07-30 14:47:22,2026-07-30 16:05:01,2024-06-21 12:38:56
4813816,6806975,1,2026-07-30 01:05:01,2026-07-30 16:05:01,2026-01-25 02:05:01
5370951,6806975,1,2026-07-29 23:05:01,2026-07-30 16:05:01,2026-03-04 23:05:01
10126551,6806975,16777473,2026-07-30 14:47:22,2026-07-30 16:05:01,2026-01-28 23:05:01
4813816,6617815,1,2026-07-30 01:05:01,2026-07-30 07:05:01,2024-12-24 19:11:43
5370951,6617815,1,2026-07-29 23:05:01,2026-07-30 16:05:01,2026-03-31 23:05:01
10126551,6617815,16777473,2026-07-30 14:47:22,2026-07-29 03:05:01,2025-01-27 16:05:01
4813816,6245664,1,2026-07-30 01:05:01,2026-07-30 14:05:02,2024-02-25 04:00:00
10126551,6245664,16777473,2026-07-30 14:47:22,2026-07-30 12:05:01,2024-06-30 11:39:25
27746861,6245664,1,2026-07-29 17:05:01,2026-07-30 15:05:01,2024-02-21 14:19:00
4813816,5411741,1,2026-07-30 01:05:01,2026-07-30 12:05:01,2024-02-25 04:00:00
10126551,5411741,16777473,2026-07-30 14:47:22,2026-07-27 21:05:01,2024-06-28 08:43:21
27746861,5411741,1,2026-07-29 17:05:01,2026-07-30 15:05:01,2024-02-21 14:19:00
4813816,6616925,1,2026-07-30 01:05:01,2026-07-30 16:05:01,2024-12-21 07:39:15
5370951,6616925,1,2026-07-29 23:05:01,2026-07-30 16:05:01,2026-03-05 18:05:02
10126551,6616925,16777473,2026-07-30 14:47:22,2026-07-28 02:05:01,2025-01-27 16:05:01
4813816,6095552,1,2026-07-30 01:05:01,2026-07-21 02:05:01,2024-02-25 04:00:00
10126551,6095552,16777473,2026-07-30 14:47:22,2026-07-10 10:05:01,2024-06-30 11:39:25
27746861,6095552,1,2026-07-29 17:05:01,2026-07-29 16:05:01,2024-02-21 14:19:00
4813816,6028584,1,2026-07-30 01:05:01,2026-07-30 16:05:01,2024-02-25 04:00:00
10126551,6028584,16777473,2026-07-30 14:47:22,2026-07-30 04:05:01,2024-06-23 12:39:03
27746861,6028584,1,2026-07-29 17:05:01,2026-07-30 16:05:01,2024-02-21 14:19:00
4813816,6004612,1,2026-07-30 01:05:01,2026-07-30 16:05:01,2024-02-25 04:00:00
10126551,6004612,16777473,2026-07-30 14:47:22,2026-07-30 04:05:01,2024-06-30 11:39:25
27746861,6004612,1,2026-07-29 17:05:01,2026-07-30 16:05:01,2024-02-21 14:19:00
4813816,6569457,1,2026-07-30 01:05:01,2026-07-30 16:05:01,2024-09-03 21:26:20
5370951,6569457,1,2026-07-29 23:05:01,2026-07-24 05:05:01,2026-03-02 23:05:01
10126551,6569457,16777473,2026-07-30 14:47:22,2026-07-30 04:05:01,2024-09-29 10:05:01
4813816,6713986,1,2026-07-30 01:05:01,2026-07-30 16:05:01,2025-07-02 02:05:01
10126551,6713986,16777473,2026-07-30 14:47:22,2026-07-30 16:05:01,2025-07-11 13:05:01
27746861,6713986,1,2026-07-29 17:05:01,2026-07-30 16:05:01,2025-07-09 17:05:01
4813816,6189495,1,2026-07-30 01:05:01,2026-07-30 16:05:01,2024-02-25 04:00:00
10008096,6189495,1,2026-06-20 12:05:01,2026-07-30 16:05:01,2024-02-07 09:47:00
10126551,6189495,16777473,2026-07-30 14:47:22,2026-07-30 03:05:02,2024-06-24 17:42:54
4813816,6548005,1,2026-07-30 01:05:01,2026-07-30 09:05:01,2025-05-05 02:05:01
5370951,6548005,1,2026-07-29 23:05:01,2026-07-30 16:05:01,2026-03-05 18:05:02
10126551,6548005,16777473,2026-07-30 14:47:22,2026-07-28 04:05:01,2025-05-04 21:05:01
4813816,6733648,1,2026-07-30 01:05:01,2026-07-30 16:05:01,2025-08-19 01:05:01
5370951,6733648,1,2026-07-29 23:05:01,2026-07-30 16:05:01,2026-03-02 23:05:01
10126551,6733648,16777473,2026-07-30 14:47:22,2026-07-30 16:05:01,2025-08-18 15:05:01
4813816,6377861,1,2026-07-30 01:05:01,2026-07-30 16:05:01,2024-02-25 04:00:00
10126551,6377861,16777473,2026-07-30 14:47:22,2026-07-30 08:05:01,2024-06-30 11:39:25
27746861,6377861,1,2026-07-29 17:05:01,2026-07-30 16:05:01,2024-02-21 14:19:00
4813816,6621730,1,2026-07-30 01:05:01,2026-07-30 16:05:01,2025-01-03 05:24:28
5370951,6621730,1,2026-07-29 23:05:01,2026-07-30 16:05:01,2026-03-02 23:05:01
10126551,6621730,16777473,2026-07-30 14:47:22,2026-07-29 22:05:02,2025-01-27 16:05:01
4813816,5547215,1,2026-07-30 01:05:01,2026-07-30 16:05:01,2024-02-25 04:00:00
10126551,5547215,16777473,2026-07-30 14:47:22,2026-07-30 16:05:01,2024-06-28 08:43:22
27746861,5547215,1,2026-07-29 17:05:01,2026-07-30 16:05:01,2024-02-21 14:19:00
4813816,6562308,1,2026-07-30 01:05:01,2026-07-30 16:05:01,2024-08-14 17:07:58
5370951,6562308,1,2026-07-29 23:05:01,2026-07-30 16:05:01,2026-03-02 23:05:01
10126551,6562308,16777473,2026-07-30 14:47:22,2026-07-30 04:05:01,2025-01-27 16:05:01
4813816,6555754,1,2026-07-30 01:05:01,2026-07-30 16:05:01,2024-07-31 14:56:49
5370951,6555754,1,2026-07-29 23:05:01,2026-07-30 16:05:01,2026-03-02 23:05:01
10126551,6555754,16777473,2026-07-30 14:47:22,2026-07-28 02:05:01,2024-09-28 11:05:01
4813816,1243641,1,2026-07-30 01:05:01,2026-07-30 16:05:01,2024-02-25 04:00:00
5370951,1243641,1,2026-07-29 23:05:01,2026-07-30 16:05:01,2026-04-02 23:05:01
10126551,1243641,16777473,2026-07-30 14:47:22,2026-07-30 04:05:01,2024-06-23 12:39:03
27746861,1243641,1,2026-07-29 17:05:01,2026-07-30 16:05:01,2024-02-21 14:19:00
4813816,3686186,1,2026-07-30 01:05:01,2026-07-30 16:05:01,2024-02-25 04:00:00
10126551,3686186,16777473,2026-07-30 14:47:22,2026-07-30 16:05:01,2024-06-23 15:41:06
27746861,3686186,1,2026-07-29 17:05:01,2026-07-30 16:05:01,2024-02-21 14:19:00
4813816,6346538,1,2026-07-30 01:05:01,2026-07-30 16:05:01,2024-02-25 04:00:00
10126551,6346538,16777473,2026-07-30 14:47:22,2026-07-30 10:05:01,2024-06-23 12:39:03
27746861,6346538,1,2026-07-29 17:05:01,2026-07-30 16:05:01,2024-02-21 14:19:00
4813816,6838227,1,2026-07-30 01:05:01,2026-07-30 16:05:01,2026-03-31 02:05:01
5370951,6838227,1,2026-07-29 23:05:01,2026-07-30 16:05:01,2026-04-23 22:05:01
10126551,6838227,16777473,2026-07-30 14:47:22,2026-07-30 15:05:01,2026-03-30 14:05:01
4813816,6731151,1,2026-07-30 01:05:01,2026-07-30 16:05:01,2025-08-13 01:05:01
5370951,6731151,1,2026-07-29 23:05:01,2026-07-30 16:05:01,2026-03-02 23:05:01
10126551,6731151,16777473,2026-07-30 14:47:22,2026-07-29 04:05:01,2025-08-12 14:05:01
4813816,6666092,1,2026-07-30 01:05:01,2026-07-30 16:05:01,2025-03-25 03:05:01
5370951,6666092,1,2026-07-29 23:05:01,2026-07-24 05:05:01,2026-05-03 21:05:01
10126551,6666092,16777473,2026-07-30 14:47:22,2026-07-29 02:05:01,2025-03-22 21:05:01
4813816,5738742,1,2026-07-30 01:05:01,2026-07-30 16:05:01,2024-02-25 04:00:00
10008096,5738742,1,2026-06-20 12:05:01,2026-07-30 16:05:01,2024-02-07 09:47:00
10126551,5738742,16777473,2026-07-30 14:47:22,2026-07-30 16:05:01,2024-06-21 23:38:33
4813816,6003784,1,2026-07-30 01:05:01,2026-07-30 16:05:01,2024-02-25 04:00:00
10126551,6003784,16777473,2026-07-30 14:47:22,2026-07-30 04:05:01,2024-06-29 12:38:54
27746861,6003784,1,2026-07-29 17:05:01,2026-07-30 16:05:01,2024-02-21 14:19:00
4813816,6684622,1,2026-07-30 01:05:01,2026-07-10 11:05:01,2025-04-28 02:05:01
5370951,6684622,1,2026-07-29 23:05:01,2026-07-30 16:05:01,2026-03-19 23:05:01
10126551,6684622,16777473,2026-07-30 14:47:22,2026-07-10 10:05:01,2025-04-27 12:05:01
4813816,6842030,1,2026-07-30 01:05:01,2026-07-30 16:05:01,2026-04-08 01:05:02
5370951,6842030,1,2026-07-29 23:05:01,2026-07-24 05:05:01,2026-05-10 23:05:01
10126551,6842030,16777473,2026-07-30 14:47:22,2026-07-30 13:05:01,2026-04-07 16:05:01
4813816,253299,1,2026-07-30 01:05:01,2026-07-30 16:05:01,2024-02-25 04:00:00
5370951,253299,1,2026-07-29 23:05:01,2026-07-30 16:05:01,2026-04-02 23:05:01
10126551,253299,16777473,2026-07-30 14:47:22,2026-07-30 04:05:01,2024-06-21 12:38:56
27746861,253299,1,2026-07-29 17:05:01,2026-07-30 16:05:01,2024-02-21 14:19:00
4813816,6528119,1,2026-07-30 01:05:01,2026-07-30 07:05:01,2024-05-25 03:00:00
10126551,6528119,16777473,2026-07-30 14:47:22,2026-07-22 03:05:01,2024-06-28 08:43:22
27746861,6528119,1,2026-07-29 17:05:01,2026-07-30 10:05:01,2024-06-11 18:53:50
4813816,6556167,1,2026-07-30 01:05:01,2026-07-30 14:05:02,2024-07-31 14:58:05
5370951,6556167,1,2026-07-29 23:05:01,2026-07-30 16:05:01,2026-05-26 23:05:01
10126551,6556167,16777473,2026-07-30 14:47:22,2026-07-30 04:05:01,2024-09-28 11:05:01
4813816,6785858,1,2026-07-30 01:05:01,2026-07-30 07:05:01,2025-12-13 02:05:01
5370951,6785858,1,2026-07-29 23:05:01,2026-07-30 16:05:01,2026-03-05 18:05:02
10126551,6785858,16777473,2026-07-30 14:47:22,2026-07-24 04:05:01,2025-12-11 15:05:01
4813816,6808730,1,2026-07-30 01:05:01,2026-07-30 16:05:01,2026-01-29 02:05:01
5370951,6808730,1,2026-07-29 23:05:01,2026-07-30 16:05:01,2026-03-02 23:05:01
10126551,6808730,16777473,2026-07-30 14:47:22,2026-07-30 07:05:01,2026-01-28 23:05:01
4813816,6284613,1,2026-07-30 01:05:01,2026-07-30 16:05:01,2024-02-25 04:00:00
10126551,6284613,16777473,2026-07-30 14:47:22,2026-07-29 03:05:01,2024-06-30 11:39:25
27746861,6284613,1,2026-07-29 17:05:01,2026-07-30 11:05:01,2024-02-21 14:19:00
4813816,6560982,1,2026-07-30 01:05:01,2026-07-20 22:05:01,2024-08-11 07:53:49
5370951,6560982,1,2026-07-29 23:05:01,2026-07-30 16:05:01,2026-05-15 23:05:01
10126551,6560982,16777473,2026-07-30 14:47:22,2026-07-10 10:05:01,2024-09-29 10:05:01
4813816,6642640,1,2026-07-30 01:05:01,2026-07-30 14:05:02,2025-02-08 03:05:01
5370951,6642640,1,2026-07-29 23:05:01,2026-07-30 16:05:01,2026-03-05 18:05:02
10126551,6642640,16777473,2026-07-30 14:47:22,2026-07-28 02:05:01,2025-02-07 19:05:01
4813816,4671654,1,2026-07-30 01:05:01,2026-07-30 16:05:01,2024-02-25 04:00:00
5370951,4671654,1,2026-07-29 23:05:01,2026-07-30 16:05:01,2026-04-02 23:05:01
10008096,4671654,1,2026-06-20 12:05:01,2026-07-30 16:05:01,2024-02-07 09:47:00
10126551,4671654,16777473,2026-07-30 14:47:22,2026-07-30 04:05:01,2024-06-21 12:38:56
4813816,6742043,1,2026-07-30 01:05:01,2026-07-30 16:05:01,2025-09-09 01:05:01
5370951,6742043,1,2026-07-29 23:05:01,2026-07-30 16:05:01,2026-03-05 18:05:02
10126551,6742043,16777473,2026-07-30 14:47:22,2026-07-30 04:05:01,2025-09-08 20:05:01
4813816,6622942,1,2026-07-30 01:05:01,2026-07-10 11:05:01,2025-01-03 05:23:36
10126551,6622942,16777473,2026-07-30 14:47:22,2026-07-30 16:05:01,2025-01-27 16:05:01
4813816,6553290,1,2026-07-30 01:05:01,2026-07-10 11:05:01,2024-07-31 14:58:16
10126551,6553290,16777473,2026-07-30 14:47:22,2026-07-10 10:05:01,2025-01-27 16:05:01
4813816,6081253,1,2026-07-30 01:05:01,2026-07-10 10:05:01,2024-02-25 04:00:00
10126551,6081253,16777473,2026-07-30 14:47:22,2026-07-10 10:05:01,2024-06-30 11:39:25
27746861,6081253,1,2026-07-29 17:05:01,2026-07-29 16:05:01,2024-02-21 14:19:00
4813816,6712369,1,2026-07-30 01:05:01,2026-07-30 16:05:01,2025-06-28 02:05:01
5370951,6712369,1,2026-07-29 23:05:01,2026-07-30 16:05:01,2026-03-05 18:05:02
10126551,6712369,16777473,2026-07-30 14:47:22,2026-07-28 00:05:01,2025-07-01 09:05:01
4813816,6269404,1,2026-07-30 01:05:01,2026-07-29 08:05:01,2024-02-25 04:00:00
10126551,6269404,16777473,2026-07-30 14:47:22,2026-07-10 10:05:01,2024-06-30 11:39:25
27746861,6269404,1,2026-07-29 17:05:01,2026-07-29 16:05:01,2024-02-21 14:19:00
4813816,6573117,1,2026-07-30 01:05:01,2026-07-30 16:05:01,2024-09-15 13:29:15
5370951,6573117,1,2026-07-29 23:05:01,2026-07-30 16:05:01,2026-03-02 23:05:01
10126551,6573117,16777473,2026-07-30 14:47:22,2026-07-30 16:05:01,2024-09-29 10:05:01
4813816,6010898,1,2026-07-30 01:05:01,2026-07-24 09:05:01,2024-02-25 04:00:00
10126551,6010898,16777473,2026-07-30 14:47:22,2026-07-10 10:05:01,2024-06-30 11:39:25
27746861,6010898,1,2026-07-29 17:05:01,2026-07-29 16:05:01,2024-02-21 14:19:00
4813816,5657133,1,2026-07-30 01:05:01,2026-07-30 16:05:01,2024-02-25 04:00:00
10126551,5657133,16777473,2026-07-30 14:47:22,2026-07-30 14:05:02,2024-06-30 11:39:25
27746861,5657133,1,2026-07-29 17:05:01,2026-07-30 16:05:01,2024-02-21 14:19:00
800366,5986677,65537,2024-06-04 21:00:00,2026-07-30 16:05:01,2024-01-07 18:49:00
4813816,5986677,1,2026-07-30 01:05:01,2026-07-26 06:05:01,2024-02-25 04:00:00
10126551,5986677,16777473,2026-07-30 14:47:22,2026-07-26 23:05:01,2024-06-30 09:16:08
27746861,5986677,1,2026-07-29 17:05:01,2026-07-30 16:05:01,2024-03-12 12:31:00
4813816,6733951,1,2026-07-30 01:05:01,2026-07-29 18:05:01,2025-08-20 01:05:01
5370951,6733951,1,2026-07-29 23:05:01,2026-07-30 16:05:01,2026-03-05 18:05:02
10126551,6733951,16777473,2026-07-30 14:47:22,2026-07-27 01:05:02,2025-08-19 14:05:01
4813816,6370860,1,2026-07-30 01:05:01,2026-07-30 08:05:01,2024-02-25 04:00:00
10126551,6370860,16777473,2026-07-30 14:47:22,2026-07-30 04:05:01,2024-06-23 12:39:03
27746861,6370860,1,2026-07-29 17:05:01,2026-07-30 16:05:01,2024-02-21 14:19:00
800366,5753563,65537,2024-06-04 21:00:00,2026-07-30 16:05:01,2024-01-07 18:49:00
4813816,5753563,1,2026-07-30 01:05:01,2026-07-30 16:05:01,2024-02-25 04:00:00
10126551,5753563,16777473,2026-07-30 14:47:22,2026-07-28 02:05:01,2024-06-28 08:43:22
27746861,5753563,1,2026-07-29 17:05:01,2026-07-30 16:05:01,2024-03-12 12:31:00
4813816,6627191,1,2026-07-30 01:05:01,2026-07-30 16:05:01,2025-01-11 12:36:29
5370951,6627191,1,2026-07-29 23:05:01,2026-07-30 16:05:01,2026-03-05 18:05:02
10126551,6627191,16777473,2026-07-30 14:47:22,2026-07-30 04:05:01,2025-01-27 16:05:01
4813816,6239589,1,2026-07-30 01:05:01,2026-07-30 07:05:01,2024-02-25 04:00:00
5220206,6239589,0,,2026-07-30 16:05:01,
10126551,6239589,16777473,2026-07-30 14:47:22,2026-07-27 03:05:01,2024-06-30 11:39:25
27746861,6239589,1,2026-07-29 17:05:01,2026-07-30 14:05:02,2024-02-21 14:19:00
4813816,6070285,1,2026-07-30 01:05:01,2026-07-30 16:05:01,2024-02-25 04:00:00
6449581,6070285,1,2026-07-15 04:24:18,2026-07-30 12:05:01,2024-02-19 00:00:00
10126551,6070285,16777473,2026-07-30 14:47:22,2026-07-30 04:05:01,2024-06-23 12:39:03
4813816,6741843,1,2026-07-30 01:05:01,2026-07-30 16:05:01,2025-09-08 17:24:18
5370951,6741843,1,2026-07-29 23:05:01,2026-07-30 16:05:01,2026-03-05 18:05:02
10126551,6741843,16777473,2026-07-30 14:47:22,2026-07-30 04:05:01,2025-09-08 13:05:01
4813816,6348289,1,2026-07-30 01:05:01,2026-07-10 11:05:01,2024-02-25 04:00:00
10126551,6348289,16777473,2026-07-30 14:47:22,2026-07-10 10:05:01,2024-06-30 11:39:25
27746861,6348289,1,2026-07-29 17:05:01,2026-07-29 16:05:01,2024-02-21 14:19:00
4813816,5731956,1,2026-07-30 01:05:01,2026-07-30 16:05:01,2024-02-25 04:00:00
5370951,5731956,1,2026-07-29 23:05:01,2026-07-30 16:05:01,2026-04-02 23:05:01
10126551,5731956,16777473,2026-07-30 14:47:22,2026-07-30 04:05:01,2024-06-23 12:39:03
27746861,5731956,1,2026-07-29 17:05:01,2026-07-30 16:05:01,2024-02-21 14:19:00
4813816,6849981,1,2026-07-30 01:05:01,2026-07-30 16:05:01,2026-04-25 01:05:01
5370951,6849981,1,2026-07-29 23:05:01,2026-07-30 16:05:01,2026-05-24 23:05:01
10126551,6849981,16777473,2026-07-30 14:47:22,2026-07-27 01:05:02,2026-04-30 20:05:01
4813816,5901029,1,2026-07-30 01:05:01,2026-07-30 10:05:01,2024-02-25 04:00:00
5220206,5901029,0,,2026-07-30 16:05:01,
10126551,5901029,16777473,2026-07-30 14:47:22,2026-07-24 04:05:01,2024-06-28 08:43:22
27746861,5901029,1,2026-07-29 17:05:01,2026-07-30 12:05:01,2024-02-21 14:19:00
4813816,5559480,1,2026-07-30 01:05:01,2026-07-30 16:05:01,2024-02-25 04:00:00
10008096,5559480,1,2026-06-20 12:05:01,2026-07-30 11:05:01,2024-02-07 09:47:00
10126551,5559480,16777473,2026-07-30 14:47:22,2026-07-30 04:05:01,2024-06-27 17:43:34
4813816,6028932,1,2026-07-30 01:05:01,2026-07-30 05:05:01,2024-02-25 04:00:00
10126551,6028932,16777473,2026-07-30 14:47:22,2026-07-30 05:05:01,2024-06-23 13:38:59
5370951,5042463,1,2026-07-29 23:05:01,2026-07-30 16:05:01,2026-04-02 23:05:01
6449581,5042463,1,2026-07-15 04:24:18,2026-07-30 12:05:01,2024-02-19 00:00:00
10126551,5042463,16777473,2026-07-30 14:47:22,2026-07-30 16:05:01,2024-06-23 08:40:03
4813816,6349948,1,2026-07-30 01:05:01,2026-07-30 05:05:01,2024-02-25 04:00:00
5370951,6349948,1,2026-07-29 23:05:01,2026-07-24 05:05:01,2026-03-28 23:05:01
10126551,6349948,16777473,2026-07-30 14:47:22,2026-07-30 05:05:01,2024-06-23 15:41:06
4813816,6527296,1,2026-07-30 01:05:01,2026-07-30 01:05:01,2024-05-25 03:00:00
10126551,6527296,16777473,2026-07-30 14:47:22,2026-07-30 00:05:01,2024-06-29 12:38:54
27746861,6527296,1,2026-07-29 17:05:01,2026-07-30 06:05:01,2024-06-11 18:53:50
4813816,6681166,1,2026-07-30 01:05:01,2026-07-30 05:05:01,2025-04-21 02:05:01
10126551,6681166,16777473,2026-07-30 14:47:22,2026-07-30 04:05:01,2025-05-20 18:05:02
27746861,6681166,1,2026-07-29 17:05:01,2026-07-30 16:05:01,2025-05-21 06:05:01
4813816,6023229,1,2026-07-30 01:05:01,2026-07-30 16:05:01,2024-02-25 04:00:00
6449581,6023229,1,2026-07-15 04:24:18,2026-07-30 13:05:01,2024-02-19 00:00:00
10126551,6023229,16777473,2026-07-30 14:47:22,2026-07-29 00:05:01,2024-06-30 09:16:08
4813816,1282058,1,2026-07-30 01:05:01,2026-07-30 16:05:01,2024-02-25 04:00:00
5370951,1282058,1,2026-07-29 23:05:01,2026-07-30 16:05:01,2026-04-02 23:05:01
10008096,1282058,1,2026-06-20 12:05:01,2026-07-30 16:05:01,2024-02-07 09:47:00
10126551,1282058,16777473,2026-07-30 14:47:22,2026-07-30 04:05:01,2024-06-21 12:38:56
4813816,5900496,1,2026-07-30 01:05:01,2026-07-30 08:05:01,2024-02-25 04:00:00
10126551,5900496,16777473,2026-07-30 14:47:22,2026-07-27 02:05:01,2024-06-30 11:39:25
22521020,5900496,1,2025-12-08 19:05:01,2026-07-07 10:05:01,2024-02-25 00:00:00
27746861,5900496,1,2026-07-29 17:05:01,2026-07-30 16:05:01,2024-03-12 12:31:00
1949023,6241337,1,2025-06-10 04:05:01,2026-07-30 16:05:01,2025-01-14 07:05:02
4813816,6241337,1,2026-07-30 01:05:01,2026-07-30 16:05:01,2024-02-25 04:00:00
10008096,6241337,1,2026-06-20 12:05:01,2026-07-30 16:05:01,2024-02-07 09:47:00
10126551,6241337,16777473,2026-07-30 14:47:22,2026-07-30 04:05:01,2024-06-23 13:38:59
4813816,6262633,1,2026-07-30 01:05:01,2026-07-30 09:05:01,2024-02-25 04:00:00
5220206,6262633,0,,2026-07-30 16:05:01,
10126551,6262633,16777473,2026-07-30 14:47:22,2026-07-26 20:37:39,2024-06-30 09:16:08
27746861,6262633,1,2026-07-29 17:05:01,2026-07-30 16:05:01,2024-02-21 14:19:00
4813816,6730042,1,2026-07-30 01:05:01,2026-07-18 19:08:16,2025-08-10 01:05:01
5370951,6730042,1,2026-07-29 23:05:01,2026-07-30 16:05:01,2026-03-06 23:05:01
10126551,6730042,16777473,2026-07-30 14:47:22,2026-07-17 08:05:01,2025-10-08 20:05:01
4813816,6544144,1,2026-07-30 01:05:01,2026-07-30 16:05:01,2024-07-31 15:05:51
5370951,6544144,1,2026-07-29 23:05:01,2026-07-30 16:05:01,2026-03-02 23:05:01
10126551,6544144,16777473,2026-07-30 14:47:22,2026-07-29 04:05:01,2024-09-29 10:05:01
4813816,6733162,1,2026-07-30 01:05:01,2026-07-30 16:05:01,2025-08-18 01:05:01
5370951,6733162,1,2026-07-29 23:05:01,2026-07-30 16:05:01,2026-03-02 23:05:01
10126551,6733162,16777473,2026-07-30 14:47:22,2026-07-30 04:05:01,2025-08-17 14:05:02
4813816,5740600,1,2026-07-30 01:05:01,2026-07-30 16:05:01,2024-02-25 04:00:00
10126551,5740600,16777473,2026-07-30 14:47:22,2026-07-30 03:05:02,2024-06-23 12:39:03
27746861,5740600,1,2026-07-29 17:05:01,2026-07-30 16:05:01,2024-02-21 14:19:00
800366,6076985,65537,2024-06-04 21:00:00,2026-07-30 16:05:01,2024-01-07 18:49:00
4813816,6076985,1,2026-07-30 01:05:01,2026-07-30 14:05:02,2024-02-25 04:00:00
10126551,6076985,16777473,2026-07-30 14:47:22,2026-07-27 02:05:01,2024-06-28 08:43:22
27746861,6076985,1,2026-07-29 17:05:01,2026-07-30 16:05:01,2024-02-21 14:19:00
4813816,6611905,1,2026-07-30 01:05:01,2026-07-30 16:05:01,2024-12-11 11:51:34
5370951,6611905,1,2026-07-29 23:05:01,2026-07-30 16:05:01,2026-03-05 18:05:02
10126551,6611905,16777473,2026-07-30 14:47:22,2026-07-28 02:05:01,2025-01-27 16:05:01
4813816,6653903,1,2026-07-30 01:05:01,2026-07-30 16:05:01,2025-03-01 03:05:02
5370951,6653903,1,2026-07-29 23:05:01,2026-07-30 16:05:01,2026-06-04 00:05:01
10126551,6653903,16777473,2026-07-30 14:47:22,2026-07-30 15:05:01,2025-03-09 09:05:01
4813816,6458664,1,2026-07-30 01:05:01,2026-07-30 16:05:01,2024-02-25 04:00:00
10126551,6458664,16777473,2026-07-30 14:47:22,2026-07-30 00:05:01,2024-06-30 11:39:25
27746861,6458664,1,2026-07-29 17:05:01,2026-07-30 16:05:01,2024-02-21 14:19:00
4813816,6786312,1,2026-07-30 01:05:01,2026-07-29 09:05:01,2025-12-13 02:05:01
5370951,6786312,1,2026-07-29 23:05:01,2026-07-24 05:05:01,2026-03-05 18:05:02
10126551,6786312,16777473,2026-07-30 14:47:22,2026-07-27 02:05:01,2025-12-12 13:05:01
4813816,5879966,1,2026-07-30 01:05:01,2026-07-30 14:05:02,2024-02-25 04:00:00
10008096,5879966,1,2026-06-20 12:05:01,2026-07-30 14:05:02,2024-02-07 09:47:00
10126551,5879966,16777473,2026-07-30 14:47:22,2026-07-30 03:05:02,2024-06-30 11:39:25
4813816,6685282,1,2026-07-30 01:05:01,2026-07-30 16:05:01,2025-04-29 02:05:01
5370951,6685282,1,2026-07-29 23:05:01,2026-07-30 16:05:01,2026-03-02 23:05:01
10126551,6685282,16777473,2026-07-30 14:47:22,2026-07-30 04:05:01,2025-04-28 19:05:01
800366,6056824,65537,2024-06-04 21:00:00,2026-07-30 16:05:01,2024-01-07 18:49:00
4813816,6056824,1,2026-07-30 01:05:01,2026-07-30 16:05:01,2024-02-25 04:00:00
10126551,6056824,16777473,2026-07-30 14:47:22,2026-07-28 02:05:01,2024-06-27 20:39:21
27746861,6056824,1,2026-07-29 17:05:01,2026-07-30 16:05:01,2024-03-12 12:31:00
4813816,6638922,1,2026-07-30 01:05:01,2026-07-30 16:05:01,2025-02-02 03:05:01
5370951,6638922,1,2026-07-29 23:05:01,2026-07-30 16:05:01,2026-03-02 23:05:01
10126551,6638922,16777473,2026-07-30 14:47:22,2026-07-30 05:05:01,2025-02-01 13:05:01
4813816,6830661,1,2026-07-30 01:05:01,2026-07-24 11:05:01,2026-03-16 02:05:01
5370951,6830661,1,2026-07-29 23:05:01,2026-07-30 16:05:01,2026-03-25 23:05:01
10126551,6830661,16777473,2026-07-30 14:47:22,2026-07-22 04:05:02,2026-03-15 14:05:01
4813816,6786311,1,2026-07-30 01:05:01,2026-07-10 11:05:01,2025-12-13 02:05:01
10126551,6786311,16777473,2026-07-30 14:47:22,2026-07-10 10:05:01,2025-12-12 13:05:01
4813816,6795098,1,2026-07-30 01:05:01,2026-07-30 16:05:01,2026-01-01 02:05:01
5370951,6795098,1,2026-07-29 23:05:01,2026-07-30 16:05:01,2026-03-05 18:05:02
10126551,6795098,16777473,2026-07-30 14:47:22,2026-07-28 13:05:01,2026-01-19 22:45:07
800366,5747482,65537,2024-06-04 21:00:00,2026-07-30 16:05:01,2024-01-07 18:49:00
4813816,5747482,1,2026-07-30 01:05:01,2026-07-30 16:05:01,2024-02-25 04:00:00
10126551,5747482,16777473,2026-07-30 14:47:22,2026-07-30 04:05:01,2024-06-23 16:39:49
27746861,5747482,1,2026-07-29 17:05:01,2026-07-30 16:05:01,2024-02-21 14:19:00
4813816,6831984,1,2026-07-30 01:05:01,2026-07-25 10:05:01,2026-03-19 02:05:01
5370951,6831984,1,2026-07-29 23:05:01,2026-07-30 16:05:01,2026-03-28 23:05:01
10126551,6831984,16777473,2026-07-30 14:47:22,2026-07-22 11:05:01,2026-03-18 13:05:01
4813816,4763641,1,2026-07-30 01:05:01,2026-07-30 16:05:01,2024-02-25 04:00:00
5370951,4763641,1,2026-07-29 23:05:01,2026-07-30 16:05:01,2026-04-02 23:05:01
10008096,4763641,1,2026-06-20 12:05:01,2026-07-30 16:05:01,2024-02-07 09:47:00
10126551,4763641,16777473,2026-07-30 14:47:22,2026-07-30 04:05:01,2024-06-23 12:39:03
4813816,3887096,1,2026-07-30 01:05:01,2026-07-30 16:05:01,2024-02-25 04:00:00
10126551,3887096,16777473,2026-07-30 14:47:22,2026-07-29 03:05:01,2024-06-28 08:43:22
27746861,3887096,1,2026-07-29 17:05:01,2026-07-30 16:05:01,2024-02-21 14:19:00
4813816,5880453,1,2026-07-30 01:05:01,2026-07-10 10:05:01,2024-02-25 04:00:00
10126551,5880453,16777473,2026-07-30 14:47:22,2026-07-10 10:05:01,2024-06-30 11:39:25
27746861,5880453,1,2026-07-29 17:05:01,2026-07-29 16:05:01,2024-02-21 14:19:00
4813816,6527280,1,2026-07-30 01:05:01,2026-07-30 16:05:01,2024-05-25 03:00:00
5370951,6527280,1,2026-07-29 23:05:01,2026-07-30 16:05:01,2026-03-02 23:05:01
10126551,6527280,16777473,2026-07-30 14:47:22,2026-07-30 04:05:01,2024-06-30 09:16:08
4813816,6079256,1,2026-07-30 01:05:01,2026-07-30 16:05:01,2024-02-25 04:00:00
5370951,6079256,1,2026-07-29 23:05:01,2026-07-30 16:05:01,2026-04-02 23:05:01
6449581,6079256,1,2026-07-15 04:24:18,2026-07-30 13:05:01,2024-02-19 00:00:00
10126551,6079256,16777473,2026-07-30 14:47:22,2026-07-28 02:05:01,2024-06-23 12:39:03
4813816,6515697,1,2026-07-30 01:05:01,2026-07-30 16:05:01,2024-05-24 03:00:00
10126551,6515697,16777473,2026-07-30 14:47:22,2026-07-30 03:05:02,2024-06-23 12:39:03
27746861,6515697,1,2026-07-29 17:05:01,2026-07-30 16:05:01,2024-05-23 18:53:53
4813816,5851779,1,2026-07-30 01:05:01,2026-07-30 16:05:01,2024-02-25 04:00:00
5220206,5851779,0,,2026-07-30 16:05:01,
10126551,5851779,16777473,2026-07-30 14:47:22,2026-07-30 00:05:01,2024-06-28 08:43:22
27746861,5851779,1,2026-07-29 17:05:01,2026-07-30 16:05:01,2024-03-10 18:54:00
4813816,6826315,1,2026-07-30 01:05:01,2026-07-19 05:05:01,2026-03-07 02:05:01
5370951,6826315,1,2026-07-29 23:05:01,2026-07-30 16:05:01,2026-06-12 23:05:01
10126551,6826315,16777473,2026-07-30 14:47:22,2026-07-10 10:05:01,2026-03-06 15:05:01
4813816,6146647,1,2026-07-30 01:05:01,2026-07-30 08:05:01,2024-02-25 04:00:00
10126551,6146647,16777473,2026-07-30 14:47:22,2026-07-22 02:05:01,2024-06-28 08:43:22
27746861,6146647,1,2026-07-29 17:05:01,2026-07-30 16:05:01,2024-02-21 14:19:00
4813816,6663971,1,2026-07-30 01:05:01,2026-07-30 16:05:01,2025-03-19 03:05:01
5370951,6663971,1,2026-07-29 23:05:01,2026-07-30 16:05:01,2026-03-02 23:05:01
10126551,6663971,16777473,2026-07-30 14:47:22,2026-07-30 04:05:01,2025-03-18 21:05:01
4813816,6597824,1,2026-07-30 01:05:01,2026-07-30 16:05:01,2024-11-11 19:29:30
5370951,6597824,1,2026-07-29 23:05:01,2026-07-30 16:05:01,2026-03-02 23:05:01
10126551,6597824,16777473,2026-07-30 14:47:22,2026-07-29 02:05:01,2025-01-27 16:05:01
4813816,6667483,1,2026-07-30 01:05:01,2026-07-30 16:05:01,2025-03-26 03:05:01
5370951,6667483,1,2026-07-29 23:05:01,2026-07-30 16:05:01,2026-03-05 18:05:02
10126551,6667483,16777473,2026-07-30 14:47:22,2026-07-30 12:05:01,2025-03-25 21:05:01
4813816,5264549,1,2026-07-30 01:05:01,2026-07-30 16:05:01,2024-02-25 04:00:00
5370951,5264549,1,2026-07-29 23:05:01,2026-07-30 16:05:01,2026-04-02 23:05:01
10126551,5264549,16777473,2026-07-30 14:47:22,2026-07-30 04:05:01,2024-06-22 16:39:40
27746861,5264549,1,2026-07-29 17:05:01,2026-07-30 16:05:01,2024-02-21 14:19:00
4813816,3926737,1,2026-07-30 01:05:01,2026-07-30 16:05:01,2024-02-25 04:00:00
5220206,3926737,0,,2026-07-30 16:05:01,
5370951,3926737,1,2026-07-29 23:05:01,2026-07-30 16:05:01,2026-04-02 23:05:01
10126551,3926737,16777473,2026-07-30 14:47:22,2026-07-29 05:05:02,2024-06-21 23:38:33
27746861,3926737,1,2026-07-29 17:05:01,2026-07-30 16:05:01,2024-02-21 14:19:00
4813816,4311988,1,2026-07-30 01:05:01,2026-07-30 16:05:01,2024-02-25 04:00:00
6449581,4311988,1,2026-07-15 04:24:18,2026-07-30 13:05:01,2024-02-19 00:00:00
10126551,4311988,16777473,2026-07-30 14:47:22,2026-07-30 04:05:01,2024-06-27 17:43:34
4813816,6705965,1,2026-07-30 01:05:01,2026-07-30 06:05:01,2025-06-16 02:05:01
10126551,6705965,16777473,2026-07-30 14:47:22,2026-07-30 05:05:01,2025-10-02 04:05:02
27746861,6705965,1,2026-07-29 17:05:01,2026-07-30 08:05:01,2025-07-09 17:05:01
4813816,5779037,1,2026-07-30 01:05:01,2026-07-30 16:05:01,2024-02-25 04:00:00
10126551,5779037,16777473,2026-07-30 14:47:22,2026-07-30 04:05:01,2024-06-23 12:39:03
27746861,5779037,1,2026-07-29 17:05:01,2026-07-30 16:05:01,2024-02-21 14:19:00
4813816,5848846,1,2026-07-30 01:05:01,2026-07-30 16:05:01,2024-02-25 04:00:00
10126551,5848846,16777473,2026-07-30 14:47:22,2026-07-30 04:05:01,2024-06-29 12:38:54
27746861,5848846,1,2026-07-29 17:05:01,2026-07-30 16:05:01,2024-02-21 14:19:00
4813816,5925322,1,2026-07-30 01:05:01,2026-07-30 16:05:01,2024-02-25 04:00:00
6449581,5925322,1,2026-07-15 04:24:18,2026-07-30 12:05:01,2024-02-19 00:00:00
10126551,5925322,16777473,2026-07-30 14:47:22,2026-07-30 16:05:01,2024-06-23 12:39:03
4813816,6020680,1,2026-07-30 01:05:01,2026-07-30 16:05:01,2024-02-25 04:00:00
10126551,6020680,16777473,2026-07-30 14:47:22,2026-07-30 04:05:01,2024-06-22 16:39:40
27746861,6020680,1,2026-07-29 17:05:01,2026-07-30 16:05:01,2024-02-21 14:19:00
4813816,6109674,1,2026-07-30 01:05:01,2026-07-30 16:05:01,2024-02-25 04:00:00
6449581,6109674,1,2026-07-15 04:24:18,2026-07-30 12:05:01,2024-02-19 00:00:00
10126551,6109674,16777473,2026-07-30 14:47:22,2026-07-30 16:05:01,2024-06-23 12:39:03
4813816,6632370,1,2026-07-30 01:05:01,2026-07-29 13:05:01,2025-01-23 11:25:45
5370951,6632370,1,2026-07-29 23:05:01,2026-07-24 05:05:01,2026-06-04 00:05:01
10126551,6632370,16777473,2026-07-30 14:47:22,2026-07-29 04:05:01,2025-02-01 13:05:01
800366,4749121,65537,2024-06-04 21:00:00,2026-07-30 16:05:01,2024-01-07 18:49:00
4813816,4749121,1,2026-07-30 01:05:01,2026-07-30 16:05:01,2024-02-25 04:00:00
10126551,4749121,16777473,2026-07-30 14:47:22,2026-07-30 04:05:01,2024-06-23 15:41:06
27746861,4749121,1,2026-07-29 17:05:01,2026-07-30 16:05:01,2024-02-21 14:19:00
4813816,6847650,1,2026-07-30 01:05:01,2026-07-30 16:05:01,2026-04-20 01:05:01
5370951,6847650,1,2026-07-29 23:05:01,2026-07-30 16:05:01,2026-05-01 23:05:01
10126551,6847650,16777473,2026-07-30 14:47:22,2026-07-29 15:05:01,2026-04-30 20:05:01
4813816,6830663,1,2026-07-30 01:05:01,2026-07-30 16:05:01,2026-03-16 02:05:01
5370951,6830663,1,2026-07-29 23:05:01,2026-07-30 16:05:01,2026-05-26 23:05:01
10126551,6830663,16777473,2026-07-30 14:47:22,2026-07-28 02:05:01,2026-03-15 14:05:01
4813816,6636227,1,2026-07-30 01:05:01,2026-07-30 16:05:01,2025-01-27 15:05:01
5370951,6636227,1,2026-07-29 23:05:01,2026-07-30 16:05:01,2026-03-05 18:05:02
10126551,6636227,16777473,2026-07-30 14:47:22,2026-07-30 01:05:01,2025-01-27 16:05:01
4813816,6551357,1,2026-07-30 01:05:01,2026-07-30 16:05:01,2024-07-31 15:04:05
5370951,6551357,1,2026-07-29 23:05:01,2026-07-30 16:05:01,2026-06-12 23:05:01
10126551,6551357,16777473,2026-07-30 14:47:22,2026-07-30 01:05:01,2024-09-29 10:05:01
4813816,6034321,1,2026-07-30 01:05:01,2026-07-27 02:05:01,2024-02-25 04:00:00
10126551,6034321,16777473,2026-07-30 14:47:22,2026-07-27 02:05:01,2024-06-30 11:39:25
27746861,6034321,1,2026-07-29 17:05:01,2026-07-29 18:05:01,2024-02-21 14:19:00
4813816,6728285,1,2026-07-30 01:05:01,2026-07-30 16:05:01,2025-08-06 01:05:01
5370951,6728285,1,2026-07-29 23:05:01,2026-07-30 16:05:01,2026-03-02 23:05:01
10126551,6728285,16777473,2026-07-30 14:47:22,2026-07-29 23:05:01,2025-08-05 11:05:01
4813816,6030241,1,2026-07-30 01:05:01,2026-07-30 08:05:01,2024-02-25 04:00:00
10126551,6030241,16777473,2026-07-30 14:47:22,2026-07-10 10:05:01,2024-06-30 11:39:25
27746861,6030241,1,2026-07-29 17:05:01,2026-07-30 12:05:01,2024-02-21 14:19:00
800366,6170559,65537,2024-06-04 21:00:00,2026-07-30 16:05:01,2024-01-07 18:49:00
4813816,6170559,1,2026-07-30 01:05:01,2026-07-30 16:05:01,2024-02-25 04:00:00
10126551,6170559,16777473,2026-07-30 14:47:22,2026-07-23 10:05:01,2024-06-30 11:39:25
4813816,6856341,1,2026-07-30 01:05:01,2026-07-30 16:05:01,2026-05-10 01:05:01
5370951,6856341,1,2026-07-29 23:05:01,2026-07-30 16:05:01,2026-06-12 23:05:01
10126551,6856341,16777473,2026-07-30 14:47:22,2026-07-29 04:05:01,2026-05-09 21:05:01
4813816,6377985,1,2026-07-30 01:05:01,2026-07-29 10:05:02,2024-02-25 04:00:00
10126551,6377985,16777473,2026-07-30 14:47:22,2026-07-10 10:05:01,2024-06-30 11:39:25
27746861,6377985,1,2026-07-29 17:05:01,2026-07-29 16:05:01,2024-03-12 12:31:00
905973,6837904,0,,2026-07-17 12:05:01,
4813816,6837904,1,2026-07-30 01:05:01,2026-07-30 16:05:01,2026-03-30 02:05:01
10126551,6837904,16777473,2026-07-30 14:47:22,2026-07-30 15:05:01,2026-03-29 18:05:02
4813816,4727150,1,2026-07-30 01:05:01,2026-07-30 11:05:01,2024-02-25 04:00:00
10008096,4727150,1,2026-06-20 12:05:01,2026-07-29 07:05:01,2024-02-07 09:47:00
10126551,4727150,16777473,2026-07-30 14:47:22,2026-07-29 03:05:01,2024-06-30 11:39:25
4813816,6037423,1,2026-07-30 01:05:01,2026-07-30 16:05:01,2024-02-25 04:00:00
6449581,6037423,1,2026-07-15 04:24:18,2026-07-30 12:05:01,2024-02-19 00:00:00
10126551,6037423,16777473,2026-07-30 14:47:22,2026-07-30 16:05:01,2024-06-23 12:39:03
4813816,6602436,1,2026-07-30 01:05:01,2026-07-29 05:05:02,2024-11-21 18:03:35
5370951,6602436,1,2026-07-29 23:05:01,2026-07-30 16:05:01,2026-03-02 23:05:01
10126551,6602436,16777473,2026-07-30 14:47:22,2026-07-29 05:05:02,2025-01-27 16:05:01
4813816,6058303,1,2026-07-30 01:05:01,2026-07-30 16:05:01,2024-02-25 04:00:00
6449581,6058303,1,2026-07-15 04:24:18,2026-07-30 13:05:01,2024-02-19 00:00:00
10126551,6058303,16777473,2026-07-30 14:47:22,2026-07-30 04:05:01,2024-06-21 12:38:56
4813816,6542981,1,2026-07-30 01:05:01,2026-07-28 08:05:01,2024-06-24 03:00:11
10126551,6542981,16777473,2026-07-30 14:47:22,2026-07-26 02:05:01,2024-06-30 09:16:08
27746861,6542981,1,2026-07-29 17:05:01,2026-07-29 16:05:01,2024-06-26 18:53:47
800366,6232424,65537,2024-06-04 21:00:00,2026-07-30 16:05:01,2024-01-07 18:49:00
4813816,6232424,1,2026-07-30 01:05:01,2026-07-30 16:05:01,2024-02-25 04:00:00
10126551,6232424,16777473,2026-07-30 14:47:22,2026-07-30 04:05:01,2024-06-23 15:41:06
27746861,6232424,1,2026-07-29 17:05:01,2026-07-30 16:05:01,2024-03-12 12:31:00
4813816,6860160,1,2026-07-30 01:05:01,2026-07-30 10:05:01,2026-05-23 01:05:01
5370951,6860160,1,2026-07-29 23:05:01,2026-07-30 16:05:01,2026-06-12 23:05:01
10126551,6860160,16777473,2026-07-30 14:47:22,2026-07-29 18:05:01,2026-05-18 22:05:01
4813816,259865,1,2026-07-30 01:05:01,2026-07-30 16:05:01,2025-01-27 21:45:16
10008096,259865,1,2026-06-20 12:05:01,2026-07-30 16:05:01,2025-02-15 02:04:18
10126551,259865,16777473,2026-07-30 14:47:22,2026-07-30 04:05:01,2025-01-29 23:05:01
800366,3605995,65537,2024-06-04 21:00:00,2026-07-30 16:05:01,2024-01-07 18:49:00
4813816,3605995,1,2026-07-30 01:05:01,2026-07-30 16:05:01,2024-02-25 04:00:00
10126551,3605995,16777473,2026-07-30 14:47:22,2026-07-30 04:05:01,2024-06-28 08:43:22
27746861,3605995,1,2026-07-29 17:05:01,2026-07-30 16:05:01,2024-03-12 12:31:00
4813816,3986563,1,2026-07-30 01:05:01,2026-07-30 16:05:01,2024-02-25 04:00:00
8381475,3986563,65537,2024-04-27 06:02:00,2026-07-30 16:05:01,2023-12-22 04:52:00
10008096,3986563,1,2026-06-20 12:05:01,2026-07-28 13:05:01,2024-02-07 09:47:00
10126551,3986563,16777473,2026-07-30 14:47:22,2026-07-28 03:05:01,2024-06-28 08:43:22
4813816,5032395,1,2026-07-30 01:05:01,2026-07-30 16:05:01,2024-02-25 04:00:00
10008096,5032395,1,2026-06-20 12:05:01,2026-07-30 16:05:01,2024-02-07 09:47:00
10126551,5032395,16777473,2026-07-30 14:47:22,2026-07-30 16:05:01,2024-06-23 12:39:03
4813816,5286233,1,2026-07-30 01:05:01,2026-07-30 16:05:01,2024-02-25 04:00:00
10126551,5286233,16777473,2026-07-30 14:47:22,2026-07-30 16:05:01,2024-06-29 12:38:54
27746861,5286233,1,2026-07-29 17:05:01,2026-07-30 16:05:01,2024-03-12 12:31:00
4813816,5413442,1,2026-07-30 01:05:01,2026-07-30 05:05:01,2024-02-25 04:00:00
10126551,5413442,16777473,2026-07-30 14:47:22,2026-07-26 03:05:01,2024-06-30 11:39:25
27746861,5413442,1,2026-07-29 17:05:01,2026-07-30 12:05:01,2024-02-21 14:19:00
1949023,5467929,1,2025-06-10 04:05:01,2026-07-30 16:05:01,2025-01-14 07:05:02
4813816,5467929,1,2026-07-30 01:05:01,2026-07-30 16:05:01,2024-02-25 04:00:00
10008096,5467929,1,2026-06-20 12:05:01,2026-07-30 16:05:01,2024-02-07 09:47:00
10126551,5467929,16777473,2026-07-30 14:47:22,2026-07-30 04:05:01,2024-06-28 08:43:22
4813816,5500887,1,2026-07-30 01:05:01,2026-07-27 04:05:01,2024-02-25 04:00:00
10126551,5500887,16777473,2026-07-30 14:47:22,2026-07-22 02:05:01,2024-06-30 11:39:25
27746861,5500887,1,2026-07-29 17:05:01,2026-07-30 04:05:01,2024-02-21 14:19:00
4813816,5842797,1,2026-07-30 01:05:01,2026-07-30 13:05:01,2024-02-25 04:00:00
10126551,5842797,16777473,2026-07-30 14:47:22,2026-07-30 04:05:01,2024-06-29 12:38:54
27746861,5842797,1,2026-07-29 17:05:01,2026-07-30 16:05:01,2024-02-21 14:19:00
4813816,5914185,1,2026-07-30 01:05:01,2026-07-30 16:05:01,2024-02-25 04:00:00
27746861,6028932,1,2026-07-29 17:05:01,2026-07-30 06:05:01,2024-02-21 14:19:00
4813816,6109679,1,2026-07-30 01:05:01,2026-07-30 16:05:01,2024-02-25 04:00:00
10126551,6109679,16777473,2026-07-30 14:47:22,2026-07-30 06:05:01,2024-06-22 04:38:00
27746861,6109679,1,2026-07-29 17:05:01,2026-07-30 16:05:01,2024-02-21 14:19:00
4813816,6404838,1,2026-07-30 01:05:01,2026-07-28 05:05:01,2024-02-25 04:00:00
10126551,6404838,16777473,2026-07-30 14:47:22,2026-07-28 04:05:01,2024-06-28 08:43:22
27746861,6404838,1,2026-07-29 17:05:01,2026-07-29 16:05:01,2024-02-21 14:19:00
4813816,6241739,1,2026-07-30 01:05:01,2026-07-30 14:05:02,2024-02-25 04:00:00
5370951,6241739,1,2026-07-29 23:05:01,2026-07-30 16:05:01,2026-04-02 23:05:01
10126551,6241739,16777473,2026-07-30 14:47:22,2026-07-30 03:05:02,2024-06-23 12:39:03
27746861,6241739,1,2026-07-29 17:05:01,2026-07-30 16:05:01,2024-02-21 14:19:00
4813816,6528866,1,2026-07-30 01:05:01,2026-07-10 11:05:01,2024-05-24 03:00:00
10126551,6528866,16777473,2026-07-30 14:47:22,2026-07-10 10:05:01,2024-06-30 09:16:08
27746861,6528866,1,2026-07-29 17:05:01,2026-07-29 16:05:01,2024-05-23 18:53:53
4813816,6058870,1,2026-07-30 01:05:01,2026-07-30 02:05:01,2024-02-25 04:00:00
10126551,6058870,16777473,2026-07-30 14:47:22,2026-07-29 02:05:01,2024-06-30 11:39:25
27746861,6058870,1,2026-07-29 17:05:01,2026-07-30 06:05:01,2024-02-21 14:19:00
4813816,6052722,1,2026-07-30 01:05:01,2026-07-30 16:05:01,2024-02-25 04:00:00
10126551,6052722,16777473,2026-07-30 14:47:22,2026-07-27 02:05:01,2024-06-28 08:43:22
27746861,6052722,1,2026-07-29 17:05:01,2026-07-30 16:05:01,2024-02-21 14:19:00
4813816,375234,1,2026-07-30 01:05:01,2026-07-30 16:05:01,2024-02-25 04:00:00
10126551,375234,16777473,2026-07-30 14:47:22,2026-07-28 02:05:01,2024-06-21 12:38:56
27746861,375234,1,2026-07-29 17:05:01,2026-07-30 16:05:01,2024-02-21 14:19:00
4813816,4036994,1,2026-07-30 01:05:01,2026-07-30 16:05:01,2024-02-25 04:00:00
8381475,4036994,65537,2024-04-27 06:02:00,2026-07-30 16:05:01,2023-12-22 04:52:00
10126551,4036994,16777473,2026-07-30 14:47:22,2026-07-28 04:05:01,2024-06-28 08:43:22
27746861,4036994,1,2026-07-29 17:05:01,2026-07-30 16:05:01,2024-03-10 18:54:00
4813816,6612191,1,2026-07-30 01:05:01,2026-07-24 14:05:01,2024-12-11 18:53:37
5370951,6612191,1,2026-07-29 23:05:01,2026-07-30 16:05:01,2026-03-18 00:05:02
10126551,6612191,16777473,2026-07-30 14:47:22,2026-07-11 23:05:01,2025-01-27 16:05:01
4813816,6642665,1,2026-07-30 01:05:01,2026-07-30 12:05:01,2025-02-08 03:05:01
5370951,6642665,1,2026-07-29 23:05:01,2026-07-30 16:05:01,2026-03-05 18:05:02
10126551,6642665,16777473,2026-07-30 14:47:22,2026-07-29 00:05:01,2025-02-07 20:05:01
4813816,6566106,1,2026-07-30 01:05:01,2026-07-30 16:05:01,2024-08-25 17:51:19
5370951,6566106,1,2026-07-29 23:05:01,2026-07-30 16:05:01,2026-03-02 23:05:01
10126551,6566106,16777473,2026-07-30 14:47:22,2026-07-24 04:05:01,2024-09-29 10:05:01
4813816,6042614,1,2026-07-30 01:05:01,2026-07-30 16:05:01,2024-02-25 04:00:00
10126551,6042614,16777473,2026-07-30 14:47:22,2026-07-30 04:05:01,2024-06-21 12:38:56
27746861,6042614,1,2026-07-29 17:05:01,2026-07-30 16:05:01,2024-02-21 14:19:00
4813816,6738989,1,2026-07-30 01:05:01,2026-07-30 13:05:01,2025-09-01 01:05:02
5370951,6738989,1,2026-07-29 23:05:01,2026-07-30 16:05:01,2026-03-05 18:05:02
10126551,6738989,16777473,2026-07-30 14:47:22,2026-07-27 03:05:01,2025-08-31 20:05:01
4813816,6316859,1,2026-07-30 01:05:01,2026-07-30 16:05:01,2024-02-25 04:00:00
10126551,6316859,16777473,2026-07-30 14:47:22,2026-07-30 03:05:02,2024-06-21 12:38:56
27746861,6316859,1,2026-07-29 17:05:01,2026-07-30 16:05:01,2024-02-21 14:19:00
4813816,5546122,1,2026-07-30 01:05:01,2026-07-30 14:05:02,2024-02-25 04:00:00
10126551,5546122,16777473,2026-07-30 14:47:22,2026-07-28 02:05:01,2024-06-23 12:39:03
27746861,5546122,1,2026-07-29 17:05:01,2026-07-30 16:05:01,2024-02-21 14:19:00
4813816,4962228,1,2026-07-30 01:05:01,2026-07-30 16:05:01,2024-02-25 04:00:00
5370951,4962228,1,2026-07-29 23:05:01,2026-07-30 16:05:01,2026-04-02 23:05:01
10008096,4962228,1,2026-06-20 12:05:01,2026-07-30 16:05:01,2024-02-07 09:47:00
10126551,4962228,16777473,2026-07-30 14:47:22,2026-07-30 01:05:01,2024-06-23 12:39:03
4813816,6575794,1,2026-07-30 01:05:01,2026-07-30 04:05:01,2024-09-21 22:34:04
5370951,6575794,1,2026-07-29 23:05:01,2026-07-30 16:05:01,2026-03-25 23:05:01
10126551,6575794,16777473,2026-07-30 14:47:22,2026-07-26 02:05:01,2025-01-27 16:05:01
4813816,4684801,1,2026-07-30 01:05:01,2026-07-30 10:05:01,2024-02-25 04:00:00
10126551,4684801,16777473,2026-07-30 14:47:22,2026-07-17 07:05:02,2024-06-30 11:39:25
27746861,4684801,1,2026-07-29 17:05:01,2026-07-30 16:05:01,2024-02-21 14:19:00
4813816,6231731,1,2026-07-30 01:05:01,2026-07-10 10:05:01,2024-02-25 04:00:00
5220206,6231731,0,,2026-07-30 16:05:01,
10126551,6231731,16777473,2026-07-30 14:47:22,2026-07-10 10:05:01,2024-06-30 11:39:25
27746861,6231731,1,2026-07-29 17:05:01,2026-07-29 16:05:01,2024-03-10 20:20:00
4813816,5769979,1,2026-07-30 01:05:01,2026-07-30 16:05:01,2024-02-25 04:00:00
10126551,5769979,16777473,2026-07-30 14:47:22,2026-07-30 01:05:01,2024-06-24 17:42:54
27746861,5769979,1,2026-07-29 17:05:01,2026-07-30 16:05:01,2024-02-21 14:19:00
4813816,6280361,1,2026-07-30 01:05:01,2026-07-10 11:05:01,2024-02-25 04:00:00
10126551,6280361,16777473,2026-07-30 14:47:22,2026-07-10 10:05:01,2024-06-30 11:39:25
27746861,6280361,1,2026-07-29 17:05:01,2026-07-29 16:05:01,2024-02-21 14:19:00
4813816,5564258,1,2026-07-30 01:05:01,2026-07-30 16:05:01,2024-02-25 04:00:00
10126551,5564258,16777473,2026-07-30 14:47:22,2026-07-30 04:05:01,2024-06-23 13:38:59
27746861,5564258,1,2026-07-29 17:05:01,2026-07-30 16:05:01,2024-02-21 14:19:00
4813816,6673414,1,2026-07-30 01:05:01,2026-07-30 16:05:01,2025-04-06 02:05:01
5370951,6673414,1,2026-07-29 23:05:01,2026-07-30 16:05:01,2026-03-02 23:05:01
10126551,6673414,16777473,2026-07-30 14:47:22,2026-07-28 02:05:01,2025-04-05 21:05:01
800366,6168337,65537,2024-06-04 21:00:00,2026-07-30 16:05:01,2024-01-07 18:49:00
4813816,6168337,1,2026-07-30 01:05:01,2026-07-30 16:05:01,2024-02-25 04:00:00
10126551,6168337,16777473,2026-07-30 14:47:22,2026-07-30 04:05:01,2024-06-24 17:42:54
27746861,6168337,1,2026-07-29 17:05:01,2026-07-30 16:05:01,2024-03-12 12:31:00
4813816,6655329,1,2026-07-30 01:05:01,2026-07-30 16:05:01,2025-03-02 03:05:01
5370951,6655329,1,2026-07-29 23:05:01,2026-07-30 16:05:01,2026-06-04 00:05:01
10126551,6655329,16777473,2026-07-30 14:47:22,2026-07-30 15:05:01,2025-03-11 20:05:01
4813816,6853004,1,2026-07-30 01:05:01,2026-07-30 16:05:01,2026-05-02 01:05:02
5370951,6853004,1,2026-07-29 23:05:01,2026-07-30 16:05:01,2026-06-04 00:05:01
10126551,6853004,16777473,2026-07-30 14:47:22,2026-07-30 07:05:01,2026-05-01 13:05:00
4813816,6353332,1,2026-07-30 01:05:01,2026-07-30 16:05:01,2024-02-25 04:00:00
5370951,6353332,1,2026-07-29 23:05:01,2026-07-30 16:05:01,2026-04-02 23:05:01
10126551,6353332,16777473,2026-07-30 14:47:22,2026-07-28 02:05:01,2024-06-28 08:43:22
27746861,6353332,1,2026-07-29 17:05:01,2026-07-30 16:05:01,2024-02-21 14:19:00
4813816,6759804,1,2026-07-30 01:05:01,2026-07-30 11:05:01,2025-10-20 01:05:01
5370951,6759804,1,2026-07-29 23:05:01,2026-07-24 05:05:01,2026-03-05 18:05:02
10126551,6759804,16777473,2026-07-30 14:47:22,2026-07-30 04:05:01,2025-10-18 18:05:01
4813816,6801420,1,2026-07-30 01:05:01,2026-07-28 06:05:01,2026-01-13 02:05:01
5370951,6801420,1,2026-07-29 23:05:01,2026-07-30 16:05:01,2026-03-02 23:05:01
10126551,6801420,16777473,2026-07-30 14:47:22,2026-07-20 04:05:01,2026-01-28 23:05:01
4813816,5868936,1,2026-07-30 01:05:01,2026-07-30 16:05:01,2024-02-25 04:00:00
10126551,5868936,16777473,2026-07-30 14:47:22,2026-07-30 04:05:01,2024-06-23 15:41:06
27746861,5868936,1,2026-07-29 17:05:01,2026-07-30 16:05:01,2024-02-21 14:19:00
4813816,3311068,1,2026-07-30 01:05:01,2026-07-30 16:05:01,2024-02-25 04:00:00
10008096,3311068,1,2026-06-20 12:05:01,2026-07-30 16:05:01,2024-02-07 09:47:00
10126551,3311068,16777473,2026-07-30 14:47:22,2026-07-30 16:05:01,2024-06-23 12:39:03
4813816,5450269,1,2026-07-30 01:05:01,2026-07-30 16:05:01,2024-02-25 04:00:00
10008096,5450269,1,2026-06-20 12:05:01,2026-07-30 15:05:01,2024-02-07 09:47:00
10126551,5450269,16777473,2026-07-30 14:47:22,2026-07-30 04:05:01,2024-06-28 08:43:22
4813816,5970965,1,2026-07-30 01:05:01,2026-07-30 16:05:01,2024-02-25 04:00:00
10126551,5970965,16777473,2026-07-30 14:47:22,2026-07-30 04:05:01,2024-06-29 12:38:54
27746861,5970965,1,2026-07-29 17:05:01,2026-07-30 16:05:01,2024-02-21 14:19:00
4813816,5769584,1,2026-07-30 01:05:01,2026-07-10 11:05:01,2024-02-25 04:00:00
10126551,5769584,16777473,2026-07-30 14:47:22,2026-07-10 10:05:01,2024-06-30 11:39:25
27746861,5769584,1,2026-07-29 17:05:01,2026-07-29 16:05:01,2024-02-21 14:19:00
4813816,6639842,1,2026-07-30 01:05:01,2026-07-30 16:05:01,2025-02-03 03:05:01
5370951,6639842,1,2026-07-29 23:05:01,2026-07-30 16:05:01,2026-03-02 23:05:01
10126551,6639842,16777473,2026-07-30 14:47:22,2026-07-30 04:05:01,2025-02-02 20:05:01
4813816,6088765,1,2026-07-30 01:05:01,2026-07-30 07:05:01,2024-02-25 04:00:00
10126551,6088765,16777473,2026-07-30 14:47:22,2026-07-10 10:05:01,2024-06-30 11:39:25
27746861,6088765,1,2026-07-29 17:05:01,2026-07-30 07:05:01,2024-02-21 14:19:00
4813816,6564636,1,2026-07-30 01:05:01,2026-07-30 16:05:01,2024-08-21 20:59:52
5370951,6564636,1,2026-07-29 23:05:01,2026-07-24 05:05:01,2026-03-05 18:05:02
10126551,6564636,16777473,2026-07-30 14:47:22,2026-07-27 03:05:01,2024-09-29 10:05:01
4813816,6590677,1,2026-07-30 01:05:01,2026-07-30 11:05:01,2024-10-27 11:09:41
5370951,6590677,1,2026-07-29 23:05:01,2026-07-30 16:05:01,2026-03-05 18:05:02
10126551,6590677,16777473,2026-07-30 14:47:22,2026-07-30 01:05:01,2025-01-27 16:05:01
4813816,5856734,1,2026-07-30 01:05:01,2026-07-30 16:05:01,2024-02-25 04:00:00
5220206,5856734,0,,2026-07-30 16:05:01,
5370951,5856734,1,2026-07-29 23:05:01,2026-07-30 16:05:01,2026-04-02 23:05:01
10126551,5856734,16777473,2026-07-30 14:47:22,2026-07-28 02:05:01,2024-06-22 16:39:40
27746861,5856734,1,2026-07-29 17:05:01,2026-07-30 16:05:01,2024-02-21 14:19:00
4813816,6024363,1,2026-07-30 01:05:01,2026-07-30 16:05:01,2024-02-25 04:00:00
10126551,6024363,16777473,2026-07-30 14:47:22,2026-07-30 04:05:01,2024-06-30 11:39:25
27746861,6024363,1,2026-07-29 17:05:01,2026-07-30 16:05:01,2024-02-21 14:19:00
4813816,5603682,1,2026-07-30 01:05:01,2026-07-30 16:05:01,2024-02-25 04:00:00
5370951,5603682,1,2026-07-29 23:05:01,2026-07-30 16:05:01,2026-04-02 23:05:01
6449581,5603682,1,2026-07-15 04:24:18,2026-07-30 13:05:01,2024-02-19 00:00:00
10126551,5603682,16777473,2026-07-30 14:47:22,2026-07-30 04:05:01,2024-06-21 12:38:56
4813816,6050360,1,2026-07-30 01:05:01,2026-07-30 16:05:01,2024-02-25 04:00:00
5370951,6050360,1,2026-07-29 23:05:01,2026-07-30 16:05:01,2026-04-02 23:05:01
6449581,6050360,1,2026-07-15 04:24:18,2026-07-30 13:05:01,2024-02-19 00:00:00
10126551,6050360,16777473,2026-07-30 14:47:22,2026-07-30 04:05:01,2024-06-23 13:38:59
4813816,6232633,1,2026-07-30 01:05:01,2026-07-30 16:05:01,2024-02-25 04:00:00
10008096,6232633,1,2026-06-20 12:05:01,2026-07-30 16:05:01,2024-02-07 09:47:00
10126551,6232633,16777473,2026-07-30 14:47:22,2026-07-30 16:05:01,2024-06-23 12:39:03
4813816,6619373,1,2026-07-30 01:05:01,2026-07-29 05:05:02,2024-12-26 11:15:35
5370951,6619373,1,2026-07-29 23:05:01,2026-07-30 16:05:01,2026-03-02 23:05:01
10126551,6619373,16777473,2026-07-30 14:47:22,2026-07-29 05:05:02,2025-01-27 16:05:01
4813816,6152085,1,2026-07-30 01:05:01,2026-07-30 16:05:01,2024-02-25 04:00:00
10126551,6152085,16777473,2026-07-30 14:47:22,2026-07-30 04:05:01,2024-06-23 12:39:03
27746861,6152085,1,2026-07-29 17:05:01,2026-07-30 16:05:01,2024-02-21 14:19:00
4813816,6074985,1,2026-07-30 01:05:01,2026-07-30 16:05:01,2024-02-25 04:00:00
6449581,6074985,1,2026-07-15 04:24:18,2026-07-30 12:05:01,2024-02-19 00:00:00
10126551,6074985,16777473,2026-07-30 14:47:22,2026-07-30 16:05:01,2024-06-23 15:41:06
4813816,5459413,1,2026-07-30 01:05:01,2026-07-30 16:05:01,2024-02-25 04:00:00
5370951,5459413,1,2026-07-29 23:05:01,2026-07-30 16:05:01,2026-04-02 23:05:01
10126551,5459413,16777473,2026-07-30 14:47:22,2026-07-30 04:05:01,2024-06-21 12:38:56
27746861,5459413,1,2026-07-29 17:05:01,2026-07-30 16:05:01,2024-02-21 14:19:00
4813816,6247154,1,2026-07-30 01:05:01,2026-07-10 11:05:01,2024-02-25 04:00:00
10126551,6247154,16777473,2026-07-30 14:47:22,2026-07-10 10:05:01,2024-06-29 12:38:54
27746861,6247154,1,2026-07-29 17:05:01,2026-07-29 16:05:01,2024-02-21 14:19:00
4813816,6199883,1,2026-07-30 01:05:01,2026-07-30 09:05:01,2024-02-25 04:00:00
10126551,6199883,16777473,2026-07-30 14:47:22,2026-07-27 01:05:02,2024-06-23 13:38:59
27746861,6199883,1,2026-07-29 17:05:01,2026-07-30 16:05:01,2024-02-21 14:19:00
1949023,5879918,1,2025-06-10 04:05:01,2026-07-30 16:05:01,2025-01-14 07:05:02
4813816,5879918,1,2026-07-30 01:05:01,2026-07-30 16:05:01,2024-02-25 04:00:00
10126551,5879918,16777473,2026-07-30 14:47:22,2026-07-28 02:05:01,2024-06-30 11:39:25
27746861,5879918,1,2026-07-29 17:05:01,2026-07-30 16:05:01,2024-02-21 14:19:00
4813816,6574886,1,2026-07-30 01:05:01,2026-07-30 16:05:01,2024-09-19 13:23:50
5370951,6574886,1,2026-07-29 23:05:01,2026-07-30 16:05:01,2026-03-22 23:05:01
10126551,6574886,16777473,2026-07-30 14:47:22,2026-07-30 03:05:02,2025-01-27 16:05:01
4813816,6565367,1,2026-07-30 01:05:01,2026-07-30 03:05:02,2024-08-23 16:47:34
5370951,6565367,1,2026-07-29 23:05:01,2026-07-30 16:05:01,2026-03-05 18:05:02
10126551,6565367,16777473,2026-07-30 14:47:22,2026-07-23 10:05:01,2024-09-29 10:05:01
4813816,6704587,1,2026-07-30 01:05:01,2026-07-30 16:05:01,2025-06-10 02:05:01
5370951,6704587,1,2026-07-29 23:05:01,2026-07-30 16:05:01,2026-03-20 23:05:01
10126551,6704587,16777473,2026-07-30 14:47:22,2026-07-30 04:05:01,2025-06-09 16:05:01
1949023,4749133,1,2025-06-10 04:05:01,2026-07-30 16:05:01,2025-01-14 07:05:02
4813816,4749133,1,2026-07-30 01:05:01,2026-07-30 16:05:01,2024-02-25 04:00:00
10008096,4749133,1,2026-06-20 12:05:01,2026-07-29 16:05:01,2024-02-07 09:47:00
10126551,4749133,16777473,2026-07-30 14:47:22,2026-07-28 02:05:01,2024-06-23 13:38:59
4813816,4283699,1,2026-07-30 01:05:01,2026-07-30 16:05:01,2024-02-25 04:00:00
6449581,4283699,1,2026-07-15 04:24:18,2026-07-30 11:05:01,2024-02-19 00:00:00
10126551,4283699,16777473,2026-07-30 14:47:22,2026-07-30 16:05:01,2024-06-21 12:38:56
4813816,5034615,1,2026-07-30 01:05:01,2026-07-30 13:05:01,2024-02-25 04:00:00
10126551,5034615,16777473,2026-07-30 14:47:22,2026-07-30 01:05:01,2024-06-29 12:38:54
27746861,5034615,1,2026-07-29 17:05:01,2026-07-30 14:05:02,2024-02-21 14:19:00
800366,5351378,65537,2024-06-04 21:00:00,2026-07-30 16:05:01,2024-01-07 18:49:00
4813816,5351378,1,2026-07-30 01:05:01,2026-07-30 16:05:01,2024-02-25 04:00:00
10126551,5351378,16777473,2026-07-30 14:47:22,2026-07-30 04:05:01,2024-06-23 15:41:06
27746861,5351378,1,2026-07-29 17:05:01,2026-07-30 16:05:01,2024-02-21 14:19:00
4813816,6277840,1,2026-07-30 01:05:01,2026-07-30 16:05:01,2024-02-25 04:00:00
10126551,6277840,16777473,2026-07-30 14:47:22,2026-07-30 04:05:01,2024-06-30 11:39:25
27746861,6277840,1,2026-07-29 17:05:01,2026-07-30 16:05:01,2024-02-21 14:19:00
4813816,6527323,1,2026-07-30 01:05:01,2026-07-10 10:05:01,2024-05-25 03:00:00
10126551,6527323,16777473,2026-07-30 14:47:22,2026-07-10 10:05:01,2024-06-30 11:39:25
27746861,6527323,1,2026-07-29 17:05:01,2026-07-29 16:05:01,2024-06-11 18:53:50
1949023,6348727,1,2025-06-10 04:05:01,2026-07-30 16:05:01,2025-01-14 07:05:02
4813816,6348727,1,2026-07-30 01:05:01,2026-07-30 16:05:01,2024-02-25 04:00:00
10008096,6348727,1,2026-06-20 12:05:01,2026-07-30 15:05:01,2024-02-07 09:47:00
10126551,6348727,16777473,2026-07-30 14:47:22,2026-07-30 01:05:01,2024-06-23 13:38:59
4813816,6855873,1,2026-07-30 01:05:01,2026-07-29 22:05:02,2026-05-10 01:05:01
5370951,6855873,1,2026-07-29 23:05:01,2026-07-30 16:05:01,2026-06-12 23:05:01
10126551,6855873,16777473,2026-07-30 14:47:22,2026-07-23 10:05:01,2026-05-08 16:05:02
4813816,6302365,1,2026-07-30 01:05:01,2026-07-30 08:05:01,2024-02-25 04:00:00
10126551,6302365,16777473,2026-07-30 14:47:22,2026-07-26 04:05:01,2024-06-30 11:39:25
27746861,6302365,1,2026-07-29 17:05:01,2026-07-30 09:05:01,2024-02-21 14:19:00
4813816,6325101,1,2026-07-30 01:05:01,2026-07-30 16:05:01,2024-02-25 04:00:00
10126551,6325101,16777473,2026-07-30 14:47:22,2026-07-30 04:05:01,2024-06-28 08:43:22
27746861,6325101,1,2026-07-29 17:05:01,2026-07-30 16:05:01,2024-02-21 14:19:00
4813816,6816440,1,2026-07-30 01:05:01,2026-07-30 16:05:01,2026-02-14 02:05:01
5370951,6816440,1,2026-07-29 23:05:01,2026-07-30 16:05:01,2026-04-06 22:05:02
10126551,6816440,16777473,2026-07-30 14:47:22,2026-07-28 02:05:01,2026-04-06 10:05:01
4813816,4052212,1,2026-07-30 01:05:01,2026-07-30 16:05:01,2024-02-25 04:00:00
5370951,4052212,1,2026-07-29 23:05:01,2026-07-30 16:05:01,2026-04-02 23:05:01
10008096,4052212,1,2026-06-20 12:05:01,2026-07-30 16:05:01,2024-02-07 09:47:00
10126551,4052212,16777473,2026-07-30 14:47:22,2026-07-30 04:05:01,2024-06-21 12:38:56
4813816,6813150,1,2026-07-30 01:05:01,2026-07-30 04:05:01,2026-02-07 02:05:01
5370951,6813150,1,2026-07-29 23:05:01,2026-07-30 16:05:01,2026-03-08 23:05:01
10126551,6813150,16777473,2026-07-30 14:47:22,2026-07-28 02:05:01,2026-03-08 09:05:01
4813816,6391229,1,2026-07-30 01:05:01,2026-07-14 10:05:01,2024-02-25 04:00:00
10126551,6391229,16777473,2026-07-30 14:47:22,2026-07-10 10:05:01,2024-06-30 09:16:08
27746861,6391229,1,2026-07-29 17:05:01,2026-07-29 16:05:01,2024-02-21 14:19:00
4813816,6366088,1,2026-07-30 01:05:01,2026-07-30 13:05:01,2024-02-25 04:00:00
10126551,6366088,16777473,2026-07-30 14:47:22,2026-07-29 22:05:02,2024-06-28 08:43:22
27746861,6366088,1,2026-07-29 17:05:01,2026-07-30 14:05:02,2024-02-21 14:19:00
4813816,6203455,1,2026-07-30 01:05:01,2026-07-30 16:05:01,2024-02-25 04:00:00
10126551,6203455,16777473,2026-07-30 14:47:22,2026-07-30 04:05:01,2024-06-23 12:39:03
27746861,6203455,1,2026-07-29 17:05:01,2026-07-30 16:05:01,2024-02-21 14:19:00
4813816,1727964,1,2026-07-30 01:05:01,2026-07-30 16:05:01,2024-02-25 04:00:00
5370951,1727964,1,2026-07-29 23:05:01,2026-07-30 16:05:01,2026-04-02 23:05:01
10126551,1727964,16777473,2026-07-30 14:47:22,2026-07-30 04:05:01,2024-06-21 12:38:56
27746861,1727964,1,2026-07-29 17:05:01,2026-07-30 16:05:01,2024-02-21 14:19:00
4813816,2880878,1,2026-07-30 01:05:01,2026-07-28 15:05:01,2024-02-25 04:00:00
10126551,2880878,16777473,2026-07-30 14:47:22,2026-07-10 10:05:01,2024-06-30 11:39:25
27746861,2880878,1,2026-07-29 17:05:01,2026-07-29 16:05:01,2024-02-21 14:19:00
4813816,5100286,1,2026-07-30 01:05:01,2026-07-30 16:05:01,2024-02-25 04:00:00
10126551,5100286,16777473,2026-07-30 14:47:22,2026-07-30 16:05:01,2024-06-22 23:40:31
27746861,5100286,1,2026-07-29 17:05:01,2026-07-30 16:05:01,2024-02-21 14:19:00
4813816,5209712,1,2026-07-30 01:05:01,2026-07-30 04:05:01,2024-02-25 04:00:00
10126551,5209712,16777473,2026-07-30 14:47:22,2026-07-30 03:05:02,2024-06-30 11:39:25
27746861,5209712,1,2026-07-29 17:05:01,2026-07-30 08:05:01,2024-02-21 14:19:00
4813816,5387152,1,2026-07-30 01:05:01,2026-07-30 16:05:01,2024-02-25 04:00:00
5370951,5387152,1,2026-07-29 23:05:01,2026-07-30 16:05:01,2026-04-02 23:05:01
6449581,5387152,1,2026-07-15 04:24:18,2026-07-30 12:05:01,2024-02-19 00:00:00
10126551,5387152,16777473,2026-07-30 14:47:22,2026-07-30 16:05:01,2024-06-23 12:39:03
4813816,5412223,1,2026-07-30 01:05:01,2026-07-30 16:05:01,2024-02-25 04:00:00
10008096,5412223,1,2026-06-20 12:05:01,2026-07-30 11:05:01,2024-02-07 09:47:00
10126551,5412223,16777473,2026-07-30 14:47:22,2026-07-28 02:05:01,2024-06-23 12:39:03
4813816,5536773,1,2026-07-30 01:05:01,2026-07-30 16:05:01,2024-02-25 04:00:00
10126551,5536773,16777473,2026-07-30 14:47:22,2026-07-30 10:05:01,2024-06-30 09:16:08
27746861,5536773,1,2026-07-29 17:05:01,2026-07-30 16:05:01,2024-02-21 14:19:00
4813816,5714927,1,2026-07-30 01:05:01,2026-07-30 16:05:01,2024-02-25 04:00:00
5370951,5714927,1,2026-07-29 23:05:01,2026-07-30 16:05:01,2026-04-02 23:05:01
10126551,5714927,16777473,2026-07-30 14:47:22,2026-07-30 04:05:01,2024-06-21 12:38:56
27746861,5714927,1,2026-07-29 17:05:01,2026-07-30 16:05:01,2024-02-21 14:19:00
800366,5739168,65537,2024-06-04 21:00:00,2026-07-30 16:05:01,2024-01-07 18:49:00
4813816,5739168,1,2026-07-30 01:05:01,2026-07-30 16:05:01,2024-02-25 04:00:00
4813816,5850805,1,2026-07-30 01:05:01,2026-07-30 15:05:01,2024-02-25 04:00:00
10126551,5850805,16777473,2026-07-30 14:47:22,2026-07-30 05:05:01,2024-06-23 12:39:03
27746861,5850805,1,2026-07-29 17:05:01,2026-07-30 16:05:01,2024-02-21 14:19:00
4813816,5909780,1,2026-07-30 01:05:01,2026-07-30 16:05:01,2024-02-25 04:00:00
5370951,5914185,1,2026-07-29 23:05:01,2026-07-24 05:05:01,2026-04-02 23:05:01
6449581,5914185,1,2026-07-15 04:24:18,2026-07-30 13:05:01,2024-02-19 00:00:00
10126551,5914185,16777473,2026-07-30 14:47:22,2026-07-30 16:05:01,2024-06-23 12:39:03
4813816,5938222,1,2026-07-30 01:05:01,2026-07-28 10:05:01,2024-02-25 04:00:00
10126551,5938222,16777473,2026-07-30 14:47:22,2026-07-22 09:05:01,2024-06-30 11:39:25
27746861,5938222,1,2026-07-29 17:05:01,2026-07-29 16:05:01,2024-03-12 12:31:00
4813816,6159590,1,2026-07-30 01:05:01,2026-07-30 16:05:01,2024-02-25 04:00:00
10126551,6159590,16777473,2026-07-30 14:47:22,2026-07-30 05:05:01,2024-06-30 09:16:08
27746861,6159590,1,2026-07-29 17:05:01,2026-07-30 16:05:01,2024-02-21 14:19:00
4813816,6207412,1,2026-07-30 01:05:01,2026-07-30 16:05:01,2024-02-25 04:00:00
10126551,6207412,16777473,2026-07-30 14:47:22,2026-07-30 16:05:01,2024-06-30 11:39:25
27746861,6207412,1,2026-07-29 17:05:01,2026-07-30 16:05:01,2024-03-12 12:31:00
4813816,6207493,1,2026-07-30 01:05:01,2026-07-30 16:05:01,2024-02-25 04:00:00
10126551,6207493,16777473,2026-07-30 14:47:22,2026-07-30 04:05:01,2024-06-30 11:39:25
27746861,6207493,1,2026-07-29 17:05:01,2026-07-30 16:05:01,2024-03-10 18:54:00
4813816,6235888,1,2026-07-30 01:05:01,2026-07-30 16:05:01,2024-02-25 04:00:00
10126551,6235888,16777473,2026-07-30 14:47:22,2026-07-28 22:05:01,2024-06-28 08:43:22
27746861,6235888,1,2026-07-29 17:05:01,2026-07-30 16:05:01,2024-02-21 14:19:00
4813816,6236319,1,2026-07-30 01:05:01,2026-07-30 15:05:01,2024-02-25 04:00:00
10126551,6236319,16777473,2026-07-30 14:47:22,2026-07-30 01:05:01,2024-06-30 11:39:25
27746861,6236319,1,2026-07-29 17:05:01,2026-07-30 16:05:01,2024-02-21 14:19:00
4813816,6262401,1,2026-07-30 01:05:01,2026-07-30 16:05:01,2024-02-25 04:00:00
10126551,6262401,16777473,2026-07-30 14:47:22,2026-07-30 12:05:01,2024-06-30 09:16:08
27746861,6262401,1,2026-07-29 17:05:01,2026-07-30 16:05:01,2024-02-21 14:19:00
4813816,6285560,1,2026-07-30 01:05:01,2026-07-30 16:05:01,2024-02-25 04:00:00
10126551,6285560,16777473,2026-07-30 14:47:22,2026-07-30 03:05:02,2024-06-29 12:38:54
27746861,6285560,1,2026-07-29 17:05:01,2026-07-30 16:05:01,2024-02-21 14:19:00
4813816,6333550,1,2026-07-30 01:05:01,2026-07-25 06:05:01,2024-02-25 04:00:00
10126551,6333550,16777473,2026-07-30 14:47:22,2026-07-17 23:05:01,2024-06-30 11:39:25
27746861,6333550,1,2026-07-29 17:05:01,2026-07-29 16:05:01,2024-02-21 14:19:00
4813816,6349372,1,2026-07-30 01:05:01,2026-07-10 11:05:01,2024-02-25 04:00:00
10126551,6349372,16777473,2026-07-30 14:47:22,2026-07-10 10:05:01,2024-06-30 11:39:25
27746861,6349372,1,2026-07-29 17:05:01,2026-07-29 16:05:01,2024-02-21 14:19:00
4813816,6350835,1,2026-07-30 01:05:01,2026-07-29 06:05:01,2024-02-25 04:00:00
10126551,6350835,16777473,2026-07-30 14:47:22,2026-07-22 06:05:02,2024-06-30 11:39:25
27746861,6350835,1,2026-07-29 17:05:01,2026-07-29 16:05:01,2024-02-21 14:19:00
4813816,6352386,1,2026-07-30 01:05:01,2026-07-30 16:05:01,2024-02-25 04:00:00
10126551,6352386,16777473,2026-07-30 14:47:22,2026-07-30 16:05:01,2024-06-28 08:43:22
27746861,6352386,1,2026-07-29 17:05:01,2026-07-30 16:05:01,2024-02-21 14:19:00
4813816,6358946,1,2026-07-30 01:05:01,2026-07-30 16:05:01,2024-02-25 04:00:00
10126551,6358946,16777473,2026-07-30 14:47:22,2026-07-30 04:05:01,2024-06-29 12:38:54
27746861,6358946,1,2026-07-29 17:05:01,2026-07-30 16:05:01,2024-02-21 14:19:00
4813816,6358978,1,2026-07-30 01:05:01,2026-07-30 16:05:01,2024-02-25 04:00:00
10126551,6358978,16777473,2026-07-30 14:47:22,2026-07-29 04:05:01,2024-06-29 12:38:54
27746861,6358978,1,2026-07-29 17:05:01,2026-07-30 16:05:01,2024-02-21 14:19:00
4813816,6360333,1,2026-07-30 01:05:01,2026-07-10 10:05:01,2024-02-25 04:00:00
5220206,6360333,0,,2026-07-30 16:05:01,
27746861,6360333,1,2026-07-29 17:05:01,2026-07-29 16:05:01,2025-05-29 19:05:01
4813816,6385148,1,2026-07-30 01:05:01,2026-07-30 16:05:01,2024-02-25 04:00:00
10008096,6385148,1,2026-06-20 12:05:01,2026-07-30 16:05:01,2024-02-07 09:47:00
10126551,6385148,16777473,2026-07-30 14:47:22,2026-07-30 04:05:01,2024-06-23 15:41:06
4813816,6394844,1,2026-07-30 01:05:01,2026-07-30 16:05:01,2024-02-25 04:00:00
10126551,6394844,16777473,2026-07-30 14:47:22,2026-07-30 15:05:01,2024-06-21 12:38:56
27746861,6394844,1,2026-07-29 17:05:01,2026-07-30 16:05:01,2024-02-21 14:19:00
4813816,6424976,1,2026-07-30 01:05:01,2026-07-24 10:05:01,2024-02-25 04:00:00
10126551,6424976,16777473,2026-07-30 14:47:22,2026-07-11 02:05:01,2024-06-23 13:38:59
27746861,6424976,1,2026-07-29 17:05:01,2026-07-29 16:05:01,2024-05-14 18:53:59
4813816,6461802,1,2026-07-30 01:05:01,2026-07-23 07:05:01,2024-02-25 04:00:00
10126551,6461802,16777473,2026-07-30 14:47:22,2026-07-20 10:05:02,2024-06-29 12:38:54
27746861,6461802,1,2026-07-29 17:05:01,2026-07-29 16:05:01,2024-02-21 14:19:00
4813816,6497405,1,2026-07-30 01:05:01,2026-07-30 03:05:02,2024-03-10 04:00:00
10126551,6497405,16777473,2026-07-30 14:47:22,2026-07-30 03:05:02,2024-06-22 04:38:00
27746861,6497405,1,2026-07-29 17:05:01,2026-07-30 05:05:01,2024-03-14 18:53:00
4813816,6528605,1,2026-07-30 01:05:01,2026-07-10 10:05:01,2024-05-25 03:00:00
10126551,6528605,16777473,2026-07-30 14:47:22,2026-07-10 10:05:01,2024-06-30 11:39:25
27746861,6528605,1,2026-07-29 17:05:01,2026-07-29 16:05:01,2024-06-11 18:53:50
4813816,6546479,1,2026-07-30 01:05:01,2026-07-10 11:05:01,2024-07-31 14:59:42
5370951,6546479,1,2026-07-29 23:05:01,2026-07-30 16:05:01,2026-05-15 23:05:01
10126551,6546479,16777473,2026-07-30 14:47:22,2026-07-10 10:05:01,2025-01-27 16:05:01
4813816,6559242,1,2026-07-30 01:05:01,2026-07-30 16:05:01,2024-08-06 15:09:40
5370951,6559242,1,2026-07-29 23:05:01,2026-07-30 16:05:01,2026-03-05 18:05:02
10126551,6559242,16777473,2026-07-30 14:47:22,2026-07-30 16:05:01,2024-09-28 11:05:01
4813816,6561000,1,2026-07-30 01:05:01,2026-07-24 06:05:01,2024-08-11 04:34:36
10126551,6561000,16777473,2026-07-30 14:47:22,2026-07-10 10:05:01,2024-09-28 11:05:01
4813816,6562734,1,2026-07-30 01:05:01,2026-07-30 13:05:01,2024-08-15 18:55:17
5370951,6562734,1,2026-07-29 23:05:01,2026-07-24 05:05:01,2026-05-09 23:05:01
10126551,6562734,16777473,2026-07-30 14:47:22,2026-07-29 07:05:01,2024-09-28 11:05:01
4813816,6570421,1,2026-07-30 01:05:01,2026-07-30 16:05:01,2024-09-06 15:09:22
5370951,6570421,1,2026-07-29 23:05:01,2026-07-30 16:05:01,2026-03-02 23:05:01
10126551,6570421,16777473,2026-07-30 14:47:22,2026-07-30 04:05:01,2024-09-29 10:05:01
4813816,6574497,1,2026-07-30 01:05:01,2026-07-30 13:05:01,2024-09-17 18:31:45
5370951,6574497,1,2026-07-29 23:05:01,2026-07-30 16:05:01,2026-03-02 23:05:01
10126551,6574497,16777473,2026-07-30 14:47:22,2026-07-22 11:05:01,2025-01-05 20:05:01
4813816,6585126,1,2026-07-30 01:05:01,2026-07-30 16:05:01,2024-12-11 21:15:32
5370951,6585126,1,2026-07-29 23:05:01,2026-07-30 16:05:01,2026-03-05 18:05:02
10126551,6585126,16777473,2026-07-30 14:47:22,2026-07-29 03:05:01,2025-01-27 16:05:01
4813816,6589929,1,2026-07-30 01:05:01,2026-07-30 04:05:01,2024-10-26 22:49:44
5370951,6589929,1,2026-07-29 23:05:01,2026-07-30 16:05:01,2026-03-08 23:05:01
10126551,6589929,16777473,2026-07-30 14:47:22,2026-07-26 23:05:01,2025-01-27 16:05:01
4813816,6613813,1,2026-07-30 01:05:01,2026-07-22 02:05:01,2024-12-17 16:18:26
5370951,6613813,1,2026-07-29 23:05:01,2026-07-30 16:05:01,2026-03-10 23:05:01
10126551,6613813,16777473,2026-07-30 14:47:22,2026-07-21 00:05:01,2025-01-27 16:05:01
4813816,6635628,1,2026-07-30 01:05:01,2026-07-26 05:05:01,2025-01-25 23:57:20
10126551,6635628,16777473,2026-07-30 14:47:22,2026-07-26 04:05:01,2025-01-27 16:05:01
4813816,6637204,1,2026-07-30 01:05:01,2026-07-10 10:05:01,2025-01-29 03:05:01
10126551,6637204,16777473,2026-07-30 14:47:22,2026-07-10 10:05:01,2025-01-29 07:05:01
4813816,6666036,1,2026-07-30 01:05:01,2026-07-30 16:05:01,2025-03-25 03:05:01
5370951,6666036,1,2026-07-29 23:05:01,2026-07-30 16:05:01,2026-03-02 23:05:01
10126551,6666036,16777473,2026-07-30 14:47:22,2026-07-30 04:05:01,2025-03-22 19:05:01
4813816,6670621,1,2026-07-30 01:05:01,2026-07-30 16:05:01,2025-03-31 18:09:32
5370951,6670621,1,2026-07-29 23:05:01,2026-07-30 16:05:01,2026-03-02 23:05:01
10126551,6670621,16777473,2026-07-30 14:47:22,2026-07-30 04:05:01,2025-03-31 22:05:01
4813816,6694799,1,2026-07-30 01:05:01,2026-07-10 11:05:01,2025-05-19 02:05:01
5370951,6694799,1,2026-07-29 23:05:01,2026-07-30 16:05:01,2026-04-02 23:05:01
10126551,6694799,16777473,2026-07-30 14:47:22,2026-07-10 10:05:01,2025-08-02 20:05:01
4813816,6704589,1,2026-07-30 01:05:01,2026-07-30 16:05:01,2025-06-10 02:05:01
5370951,6704589,1,2026-07-29 23:05:01,2026-07-30 16:05:01,2026-03-24 23:05:01
10126551,6704589,16777473,2026-07-30 14:47:22,2026-07-30 05:05:01,2025-06-09 16:05:01
4813816,6733161,1,2026-07-30 01:05:01,2026-07-30 16:05:01,2025-08-18 01:05:01
5370951,6733161,1,2026-07-29 23:05:01,2026-07-30 16:05:01,2026-03-02 23:05:01
10126551,6733161,16777473,2026-07-30 14:47:22,2026-07-30 16:05:01,2025-08-17 14:05:02
4813816,6737650,1,2026-07-30 01:05:01,2026-07-30 10:05:01,2025-08-30 01:05:01
5370951,6737650,1,2026-07-29 23:05:01,2026-07-30 16:05:01,2026-03-05 18:05:02
10126551,6737650,16777473,2026-07-30 14:47:22,2026-07-28 23:05:01,2025-08-28 13:05:01
4813816,6742219,1,2026-07-30 01:05:01,2026-07-21 10:05:01,2025-09-10 01:05:02
5370951,6742219,1,2026-07-29 23:05:01,2026-07-30 16:05:01,2026-03-05 18:05:02
10126551,6742219,16777473,2026-07-30 14:47:22,2026-07-17 10:05:01,2025-09-09 12:05:01
4813816,6747308,1,2026-07-30 01:05:01,2026-07-30 16:05:01,2025-09-21 01:05:01
5370951,6747308,1,2026-07-29 23:05:01,2026-07-30 16:05:01,2026-03-02 23:05:01
10126551,6747308,16777473,2026-07-30 14:47:22,2026-07-30 04:05:01,2025-09-20 21:05:01
4813816,6759685,1,2026-07-30 01:05:01,2026-07-10 10:05:01,2025-10-20 01:05:01
5370951,6759685,1,2026-07-29 23:05:01,2026-07-30 16:05:01,2026-04-02 23:05:01
10126551,6759685,16777473,2026-07-30 14:47:22,2026-07-10 10:05:01,2025-11-03 12:05:01
4813816,6770255,1,2026-07-30 01:05:01,2026-07-30 16:05:01,2025-11-10 01:05:01
10126551,6770255,16777473,2026-07-30 14:47:22,2026-07-17 06:05:01,2025-11-09 14:05:01
4813816,6773127,1,2026-07-30 01:05:01,2026-07-30 16:05:01,2025-11-16 02:05:01
5370951,6773127,1,2026-07-29 23:05:01,2026-07-30 16:05:01,2026-03-02 23:05:01
10126551,6773127,16777473,2026-07-30 14:47:22,2026-07-30 04:05:01,2025-11-15 19:05:01
4813816,6780556,1,2026-07-30 01:05:01,2026-07-30 16:05:01,2025-12-03 02:05:01
5370951,6780556,1,2026-07-29 23:05:01,2026-07-30 16:05:01,2026-03-08 23:05:01
10126551,6780556,16777473,2026-07-30 14:47:22,2026-07-28 04:05:01,2025-11-30 15:05:01
4813816,6784166,1,2026-07-30 01:05:01,2026-07-30 09:05:01,2025-12-08 02:05:01
5370951,6784166,1,2026-07-29 23:05:01,2026-07-30 16:05:01,2026-03-04 23:05:01
10126551,6784166,16777473,2026-07-30 14:47:22,2026-07-29 01:05:01,2025-12-07 15:05:02
4813816,6787378,1,2026-07-30 01:05:01,2026-07-30 10:05:01,2025-12-15 02:05:01
5370951,6787378,1,2026-07-29 23:05:01,2026-07-30 16:05:01,2026-06-12 23:05:01
10126551,6787378,16777473,2026-07-30 14:47:22,2026-07-28 03:05:01,2026-02-02 01:05:01
4813816,6790090,1,2026-07-30 01:05:01,2026-07-30 16:05:01,2025-12-21 02:05:01
5370951,6790090,1,2026-07-29 23:05:01,2026-07-24 05:05:01,2026-03-05 18:05:02
10126551,6790090,16777473,2026-07-30 14:47:22,2026-07-30 16:05:01,2025-12-20 17:05:01
4813816,6801800,1,2026-07-30 01:05:01,2026-07-30 16:05:01,2026-01-14 02:05:02
5370951,6801800,1,2026-07-29 23:05:01,2026-07-30 16:05:01,2026-05-12 00:05:01
10126551,6801800,16777473,2026-07-30 14:47:22,2026-07-30 08:05:01,2026-01-28 23:05:01
4813816,6806976,1,2026-07-30 01:05:01,2026-07-30 16:05:01,2026-01-25 02:05:01
5370951,6806976,1,2026-07-29 23:05:01,2026-07-30 16:05:01,2026-03-05 18:05:02
10126551,6806976,16777473,2026-07-30 14:47:22,2026-07-30 04:05:01,2026-01-28 23:05:01
4813816,6813175,1,2026-07-30 01:05:01,2026-07-30 16:05:01,2026-02-07 02:05:01
5370951,6813175,1,2026-07-29 23:05:01,2026-07-30 16:05:01,2026-03-05 18:05:02
10126551,6813175,16777473,2026-07-30 14:47:22,2026-07-28 02:05:01,2026-02-06 17:05:01
4813816,6815587,1,2026-07-30 01:05:01,2026-07-30 15:05:01,2026-02-12 02:05:01
5370951,6815587,1,2026-07-29 23:05:01,2026-07-30 16:05:01,2026-03-09 23:05:01
10126551,6815587,16777473,2026-07-30 14:47:22,2026-07-30 04:05:01,2026-02-11 16:05:01
4813816,6837768,1,2026-07-30 01:05:01,2026-07-10 10:05:01,2026-03-30 02:05:01
10126551,6837768,16777473,2026-07-30 14:47:22,2026-07-10 10:05:01,2026-05-02 21:05:01
4813816,6839325,1,2026-07-30 01:05:01,2026-07-19 04:05:01,2026-04-03 02:05:01
10126551,6839325,16777473,2026-07-30 14:47:22,2026-07-12 04:05:01,2026-04-30 20:05:01
4813816,6857419,1,2026-07-30 01:05:01,2026-07-30 11:05:01,2026-05-12 01:05:01
5370951,6857419,1,2026-07-29 23:05:01,2026-07-30 16:05:01,2026-06-12 23:05:01
10126551,6857419,16777473,2026-07-30 14:47:22,2026-07-28 04:05:01,2026-05-11 17:05:01
4813816,6857422,1,2026-07-30 01:05:01,2026-07-30 08:05:01,2026-05-12 01:05:01
5370951,6857422,1,2026-07-29 23:05:01,2026-07-30 16:05:01,2026-06-12 23:05:01
10126551,6857422,16777473,2026-07-30 14:47:22,2026-07-29 18:05:01,2026-05-11 17:05:01
4813816,6861040,1,2026-07-30 01:05:01,2026-07-30 16:05:01,2026-05-23 01:05:01
5370951,6861040,1,2026-07-29 23:05:01,2026-07-24 05:05:01,2026-06-12 23:05:01
10126551,6861040,16777473,2026-07-30 14:47:22,2026-07-30 07:05:01,2026-05-21 13:05:01
4813816,6861487,1,2026-07-30 01:05:01,2026-07-30 16:05:01,2026-05-23 01:05:01
5370951,6861487,1,2026-07-29 23:05:01,2026-07-30 16:05:01,2026-06-12 23:05:01
10126551,6861487,16777473,2026-07-30 14:47:22,2026-07-30 04:05:01,2026-05-23 00:05:01
4813816,6864474,1,2026-07-30 01:05:01,2026-07-30 16:05:01,2026-05-30 01:05:01
5370951,6864474,1,2026-07-29 23:05:01,2026-07-30 16:05:01,2026-06-12 23:05:01
10126551,6864474,16777473,2026-07-30 14:47:22,2026-07-30 04:05:01,2026-05-29 15:05:01
10126551,5909780,16777473,2026-07-30 14:47:22,2026-07-30 04:05:01,2024-06-28 08:43:22
27746861,5909780,1,2026-07-29 17:05:01,2026-07-30 16:05:01,2024-02-21 14:19:00
4813816,6007641,1,2026-07-30 01:05:01,2026-07-30 16:05:01,2024-02-25 04:00:00
10126551,6007641,16777473,2026-07-30 14:47:22,2026-07-29 02:05:01,2024-06-30 11:39:25
27746861,6007641,1,2026-07-29 17:05:01,2026-07-30 16:05:01,2024-02-21 14:19:00
4813816,6040469,1,2026-07-30 01:05:01,2026-07-30 16:05:01,2024-02-25 04:00:00
5370951,6040469,1,2026-07-29 23:05:01,2026-07-30 16:05:01,2026-04-02 23:05:01
10126551,6040469,16777473,2026-07-30 14:47:22,2026-07-30 04:05:01,2024-06-21 12:38:56
27746861,6040469,1,2026-07-29 17:05:01,2026-07-30 16:05:01,2024-02-21 14:19:00
4813816,6046755,1,2026-07-30 01:05:01,2026-07-30 14:05:02,2024-02-25 04:00:00
10126551,6046755,16777473,2026-07-30 14:47:22,2026-07-22 11:05:01,2024-06-23 12:39:03
27746861,6046755,1,2026-07-29 17:05:01,2026-07-30 15:05:01,2024-02-21 14:19:00
4813816,6061220,1,2026-07-30 01:05:01,2026-07-30 14:05:02,2024-02-25 04:00:00
10126551,6061220,16777473,2026-07-30 14:47:22,2026-07-29 02:05:01,2024-06-30 11:39:25
27746861,6061220,1,2026-07-29 17:05:01,2026-07-30 16:05:01,2024-02-21 14:19:00
4813816,6067347,1,2026-07-30 01:05:01,2026-07-30 16:05:01,2024-02-25 04:00:00
5370951,6067347,1,2026-07-29 23:05:01,2026-07-30 16:05:01,2026-04-02 23:05:01
6449581,6067347,1,2026-07-15 04:24:18,2026-07-30 13:05:01,2024-02-19 00:00:00
10126551,6067347,16777473,2026-07-30 14:47:22,2026-07-28 02:05:01,2024-06-23 12:39:03
4813816,6078396,1,2026-07-30 01:05:01,2026-07-30 16:05:01,2024-02-25 04:00:00
6449581,6078396,1,2026-07-15 04:24:18,2026-07-30 12:05:01,2024-02-19 00:00:00
10126551,6078396,16777473,2026-07-30 14:47:22,2026-07-30 16:05:01,2024-06-21 12:38:56
4813816,6087810,1,2026-07-30 01:05:01,2026-07-30 13:05:01,2024-02-25 04:00:00
10126551,6087810,16777473,2026-07-30 14:47:22,2026-07-10 10:05:01,2024-06-30 11:39:25
27746861,6087810,1,2026-07-29 17:05:01,2026-07-30 14:05:02,2024-02-21 14:19:00
4813816,6096432,1,2026-07-30 01:05:01,2026-07-30 12:05:01,2024-02-25 04:00:00
10126551,6096432,16777473,2026-07-30 14:47:22,2026-07-30 01:05:01,2024-06-30 09:16:08
27746861,6096432,1,2026-07-29 17:05:01,2026-07-30 15:05:01,2024-02-21 14:19:00
4813816,6101785,1,2026-07-30 01:05:01,2026-07-30 16:05:01,2024-02-25 04:00:00
10126551,6101785,16777473,2026-07-30 14:47:22,2026-07-30 04:05:01,2024-06-23 13:38:59
27746861,6101785,1,2026-07-29 17:05:01,2026-07-30 16:05:01,2024-02-21 14:19:00
4813816,6102714,1,2026-07-30 01:05:01,2026-07-30 16:05:01,2024-02-25 04:00:00
6449581,6102714,1,2026-07-15 04:24:18,2026-07-30 12:05:01,2024-02-19 00:00:00
10126551,6102714,16777473,2026-07-30 14:47:22,2026-07-30 03:05:02,2024-06-30 09:16:08
4813816,6107987,1,2026-07-30 01:05:01,2026-07-30 16:05:01,2024-02-25 04:00:00
10008096,6107987,1,2026-06-20 12:05:01,2026-07-30 16:05:01,2024-02-07 09:47:00
10126551,6107987,16777473,2026-07-30 14:47:22,2026-07-30 14:05:02,2024-06-28 08:43:22
4813816,6232168,1,2026-07-30 01:05:01,2026-07-30 16:05:01,2024-02-25 04:00:00
10126551,6232168,16777473,2026-07-30 14:47:22,2026-07-30 04:05:01,2024-06-30 11:39:25
27746861,6232168,1,2026-07-29 17:05:01,2026-07-30 16:05:01,2024-02-21 14:19:00
4813816,6235248,1,2026-07-30 01:05:01,2026-07-30 06:05:01,2024-02-25 04:00:00
10126551,6235248,16777473,2026-07-30 14:47:22,2026-07-10 11:05:01,2024-06-30 11:39:25
27746861,6235248,1,2026-07-29 17:05:01,2026-07-30 07:05:01,2024-03-10 20:20:00
1949023,6237767,1,2025-06-10 04:05:01,2026-07-30 16:05:01,2025-01-14 07:05:02
4813816,6237767,1,2026-07-30 01:05:01,2026-07-30 16:05:01,2024-02-25 04:00:00
10126551,6237767,16777473,2026-07-30 14:47:22,2026-07-30 04:05:01,2024-06-23 12:39:03
27746861,6237767,1,2026-07-29 17:05:01,2026-07-30 16:05:01,2024-02-21 14:19:00
4813816,6299677,1,2026-07-30 01:05:01,2026-07-30 16:05:01,2024-02-25 04:00:00
5370951,6299677,1,2026-07-29 23:05:01,2026-07-30 16:05:01,2026-04-02 23:05:01
10126551,6299677,16777473,2026-07-30 14:47:22,2026-07-30 04:05:01,2024-06-28 08:43:22
4813816,6348491,1,2026-07-30 01:05:01,2026-07-10 11:05:01,2024-02-25 04:00:00
10126551,6348491,16777473,2026-07-30 14:47:22,2026-07-10 10:05:01,2024-06-23 12:39:03
4813816,6352706,1,2026-07-30 01:05:01,2026-07-30 16:05:01,2024-02-25 04:00:00
10126551,6352706,16777473,2026-07-30 14:47:22,2026-07-27 22:05:01,2024-06-23 13:38:59
27746861,6352706,1,2026-07-29 17:05:01,2026-07-30 16:05:01,2024-02-21 14:19:00
4813816,6373606,1,2026-07-30 01:05:01,2026-07-30 14:05:02,2024-02-25 04:00:00
10126551,6373606,16777473,2026-07-30 14:47:22,2026-07-26 01:05:02,2024-06-30 09:16:08
27746861,6373606,1,2026-07-29 17:05:01,2026-07-30 16:05:01,2024-02-21 14:19:00
4813816,6380303,1,2026-07-30 01:05:01,2026-07-10 10:05:01,2024-02-25 04:00:00
10126551,6380303,16777473,2026-07-30 14:47:22,2026-07-10 10:05:01,2024-06-30 11:39:25
27746861,6380303,1,2026-07-29 17:05:01,2026-07-29 16:05:01,2024-02-21 14:19:00
4813816,6386846,1,2026-07-30 01:05:01,2026-07-10 11:05:01,2024-02-25 04:00:00
10126551,6386846,16777473,2026-07-30 14:47:22,2026-07-10 10:05:01,2024-06-30 11:39:25
27746861,6386846,1,2026-07-29 17:05:01,2026-07-29 16:05:01,2024-02-21 14:19:00
4813816,6406656,1,2026-07-30 01:05:01,2026-07-30 16:05:01,2024-02-25 04:00:00
5370951,6406656,1,2026-07-29 23:05:01,2026-07-30 16:05:01,2026-04-02 23:05:01
10126551,6406656,16777473,2026-07-30 14:47:22,2026-07-28 02:05:01,2024-06-21 12:38:56
27746861,6406656,1,2026-07-29 17:05:01,2026-07-30 16:05:01,2024-02-21 14:19:00
4813816,6447173,1,2026-07-30 01:05:01,2026-07-30 16:05:01,2024-02-25 04:00:00
10126551,6447173,16777473,2026-07-30 14:47:22,2026-07-28 02:05:01,2024-06-30 11:39:25
27746861,6447173,1,2026-07-29 17:05:01,2026-07-30 16:05:01,2024-02-21 14:19:00
4813816,6494474,1,2026-07-30 01:05:01,2026-07-10 11:05:01,2024-03-11 04:00:00
10126551,6494474,16777473,2026-07-30 14:47:22,2026-07-10 10:05:01,2024-06-28 08:43:22
27746861,6494474,1,2026-07-29 17:05:01,2026-07-29 16:05:01,2024-03-19 18:53:00
4813816,6529543,1,2026-07-30 01:05:01,2026-07-30 16:05:01,2024-07-31 14:56:27
5370951,6529543,1,2026-07-29 23:05:01,2026-07-30 16:05:01,2026-03-05 18:05:02
10126551,6529543,16777473,2026-07-30 14:47:22,2026-07-30 04:05:01,2024-09-27 19:05:01
4813816,6532229,1,2026-07-30 01:05:01,2026-07-30 09:05:01,2024-07-31 15:05:19
5370951,6532229,1,2026-07-29 23:05:01,2026-07-30 16:05:01,2026-04-02 23:05:01
10126551,6532229,16777473,2026-07-30 14:47:22,2026-07-26 03:05:01,2024-09-27 19:05:01
4813816,6535265,1,2026-07-30 01:05:01,2026-07-30 16:05:01,2024-07-31 15:08:14
5370951,6535265,1,2026-07-29 23:05:01,2026-07-30 16:05:01,2026-03-02 23:05:01
10126551,6535265,16777473,2026-07-30 14:47:22,2026-07-30 16:05:01,2024-09-27 19:05:01
4813816,6540998,1,2026-07-30 01:05:01,2026-07-30 14:05:02,2024-06-28 03:00:08
10126551,6540998,16777473,2026-07-30 14:47:22,2026-07-26 03:05:01,2024-06-30 11:39:25
27746861,6540998,1,2026-07-29 17:05:01,2026-07-30 16:05:01,2024-06-30 18:53:50
4813816,6563651,1,2026-07-30 01:05:01,2026-07-30 16:05:01,2024-08-18 21:27:40
5370951,6563651,1,2026-07-29 23:05:01,2026-07-30 16:05:01,2026-03-02 23:05:01
10126551,6563651,16777473,2026-07-30 14:47:22,2026-07-30 04:05:01,2024-09-29 10:05:01
4813816,6563672,1,2026-07-30 01:05:01,2026-07-30 16:05:01,2024-08-18 11:56:12
5370951,6563672,1,2026-07-29 23:05:01,2026-07-30 16:05:01,2026-03-02 23:05:01
10126551,6563672,16777473,2026-07-30 14:47:22,2026-07-29 04:05:01,2024-09-29 10:05:01
4813816,6567158,1,2026-07-30 01:05:01,2026-07-21 15:13:49,2024-08-28 15:11:31
10126551,6567158,16777473,2026-07-30 14:47:22,2026-07-10 10:05:01,2025-01-27 16:05:01
4813816,6574863,1,2026-07-30 01:05:01,2026-07-30 11:05:01,2024-09-19 13:23:45
5370951,6574863,1,2026-07-29 23:05:01,2026-07-30 16:05:01,2026-03-05 18:05:02
10126551,6574863,16777473,2026-07-30 14:47:22,2026-07-30 01:05:01,2025-01-27 16:05:01
4813816,6593860,1,2026-07-30 01:05:01,2026-07-10 11:05:01,2024-11-06 23:13:10
10126551,6593860,16777473,2026-07-30 14:47:22,2026-07-10 10:05:01,2025-01-27 16:05:01
4813816,6604395,1,2026-07-30 01:05:01,2026-07-30 16:05:01,2024-12-11 21:15:59
5370951,6604395,1,2026-07-29 23:05:01,2026-07-30 16:05:01,2026-03-02 23:05:01
10126551,6604395,16777473,2026-07-30 14:47:22,2026-07-29 04:05:01,2025-01-27 16:05:01
4813816,6607054,1,2026-07-30 01:05:01,2026-07-30 16:05:01,2024-12-02 19:43:53
5370951,6607054,1,2026-07-29 23:05:01,2026-07-30 16:05:01,2026-03-02 23:05:01
10126551,6607054,16777473,2026-07-30 14:47:22,2026-07-30 04:05:01,2025-01-27 16:05:01
4813816,6619777,1,2026-07-30 01:05:01,2026-07-30 16:05:01,2024-12-27 12:09:47
5370951,6619777,1,2026-07-29 23:05:01,2026-07-24 05:05:01,2026-03-05 23:05:02
10126551,6619777,16777473,2026-07-30 14:47:22,2026-07-29 23:05:01,2025-01-27 16:05:01
4813816,6620064,1,2026-07-30 01:05:01,2026-07-10 11:05:01,2024-12-27 19:00:47
10126551,6620064,16777473,2026-07-30 14:47:22,2026-07-10 10:05:01,2025-01-27 16:05:01
4813816,6649116,1,2026-07-30 01:05:01,2026-07-21 02:05:01,2025-02-18 21:30:43
10126551,6649116,16777473,2026-07-30 14:47:22,2026-07-10 10:05:01,2025-02-18 20:05:01
4813816,6679697,1,2026-07-30 01:05:01,2026-07-30 14:05:02,2025-05-02 02:05:01
5370951,6679697,1,2026-07-29 23:05:01,2026-07-30 16:05:01,2026-03-05 18:05:02
10126551,6679697,16777473,2026-07-30 14:47:22,2026-07-27 04:05:01,2025-04-18 21:05:01
4813816,6709798,1,2026-07-30 01:05:01,2026-07-30 16:05:01,2025-06-22 02:05:01
5370951,6709798,1,2026-07-29 23:05:01,2026-07-30 16:05:01,2026-03-05 18:05:02
10126551,6709798,16777473,2026-07-30 14:47:22,2026-07-30 05:05:01,2025-06-21 20:05:01
4813816,6711412,1,2026-07-30 01:05:01,2026-07-30 16:05:01,2025-06-25 17:57:30
5370951,6711412,1,2026-07-29 23:05:01,2026-07-24 05:05:01,2026-03-05 18:05:02
10126551,6711412,16777473,2026-07-30 14:47:22,2026-07-26 00:05:02,2025-08-03 20:05:01
4813816,6717316,1,2026-07-30 01:05:01,2026-07-22 04:05:02,2025-07-10 02:05:02
5370951,6717316,1,2026-07-29 23:05:01,2026-07-30 16:05:01,2026-03-06 23:05:01
10126551,6717316,16777473,2026-07-30 14:47:22,2026-07-10 10:05:01,2025-07-31 17:05:01
4813816,6721079,1,2026-07-30 01:05:01,2026-07-30 16:05:01,2025-07-20 01:05:01
5370951,6721079,1,2026-07-29 23:05:01,2026-07-30 16:05:01,2026-03-02 23:05:01
10126551,6721079,16777473,2026-07-30 14:47:22,2026-07-28 00:05:01,2025-07-18 13:05:01
4813816,6721869,1,2026-07-30 01:05:01,2026-07-10 11:05:01,2025-07-21 01:05:01
10126551,6721869,16777473,2026-07-30 14:47:22,2026-07-10 10:05:01,2025-07-20 15:05:01
4813816,6749983,1,2026-07-30 01:05:01,2026-07-10 10:05:01,2025-09-28 01:05:01
10126551,6749983,16777473,2026-07-30 14:47:22,2026-07-10 10:05:01,2026-01-28 23:05:01
27746861,6749983,1,2026-07-29 17:05:01,2026-07-29 16:05:01,2025-10-06 17:05:01
4813816,6762623,1,2026-07-30 01:05:01,2026-07-10 10:05:01,2025-10-25 01:05:01
10126551,6762623,16777473,2026-07-30 14:47:22,2026-07-10 10:05:01,2025-11-24 08:05:01
905973,6779579,0,,2026-07-17 12:05:01,
4813816,6779579,1,2026-07-30 01:05:01,2026-07-29 13:05:01,2025-12-03 02:05:01
5370951,6779579,1,2026-07-29 23:05:01,2026-07-30 16:05:01,2026-03-05 18:05:02
10126551,6779579,16777473,2026-07-30 14:47:22,2026-07-23 10:05:01,2025-11-28 23:05:01
4813816,6781226,1,2026-07-30 01:05:01,2026-07-30 16:05:01,2025-12-03 02:05:01
5370951,6781226,1,2026-07-29 23:05:01,2026-07-30 16:05:01,2026-03-05 18:05:02
10126551,6781226,16777473,2026-07-30 14:47:22,2026-07-30 04:05:01,2025-12-01 22:05:01
4813816,6784147,1,2026-07-30 01:05:01,2026-07-21 04:05:01,2025-12-08 02:05:01
5370951,6784147,1,2026-07-29 23:05:01,2026-07-30 16:05:01,2026-03-05 18:05:02
10126551,6784147,16777473,2026-07-30 14:47:22,2026-07-21 02:05:01,2026-01-20 13:56:33
905973,6790268,0,,2026-07-17 12:05:01,
4813816,6790268,1,2026-07-30 01:05:01,2026-07-30 16:05:01,2025-12-21 02:05:01
5370951,6790268,1,2026-07-29 23:05:01,2026-07-30 16:05:01,2026-03-02 23:05:01
10126551,6790268,16777473,2026-07-30 14:47:22,2026-07-30 04:05:01,2025-12-20 22:05:01
4813816,6799680,1,2026-07-30 01:05:01,2026-07-30 16:05:01,2026-01-10 02:05:01
5370951,6799680,1,2026-07-29 23:05:01,2026-07-30 16:05:01,2026-03-05 18:05:02
10126551,6799680,16777473,2026-07-30 14:47:22,2026-07-30 16:05:01,2026-01-20 13:57:49
4813816,6803854,1,2026-07-30 01:05:01,2026-07-30 16:05:01,2026-01-18 02:05:01
5370951,6803854,1,2026-07-29 23:05:01,2026-07-24 05:05:01,2026-03-16 23:05:01
10126551,6803854,16777473,2026-07-30 14:47:22,2026-07-30 04:05:01,2026-01-31 19:05:01
4813816,6826990,1,2026-07-30 01:05:01,2026-07-10 11:05:01,2026-03-09 02:05:01
10126551,6826990,16777473,2026-07-30 14:47:22,2026-07-10 10:05:01,2026-04-08 22:05:01
4813816,6830212,1,2026-07-30 01:05:01,2026-07-30 13:05:01,2026-03-15 02:05:01
5370951,6830212,1,2026-07-29 23:05:01,2026-07-30 16:05:01,2026-04-02 23:05:01
10126551,6830212,16777473,2026-07-30 14:47:22,2026-07-22 11:05:01,2026-03-14 17:05:01
4813816,6832005,1,2026-07-30 01:05:01,2026-07-30 16:05:01,2026-03-19 02:05:01
5370951,6832005,1,2026-07-29 23:05:01,2026-07-30 16:05:01,2026-03-28 23:05:01
10126551,6832005,16777473,2026-07-30 14:47:22,2026-07-17 09:05:01,2026-03-18 14:05:01
4813816,6834244,1,2026-07-30 01:05:01,2026-07-10 11:05:01,2026-03-23 02:05:01
10126551,6834244,16777473,2026-07-30 14:47:22,2026-07-10 10:05:01,2026-03-22 16:05:02
4813816,6847651,1,2026-07-30 01:05:01,2026-07-30 16:05:01,2026-04-20 01:05:01
5370951,6847651,1,2026-07-29 23:05:01,2026-07-24 05:05:01,2026-07-06 23:05:02
10126551,6847651,16777473,2026-07-30 14:47:22,2026-07-30 04:05:01,2026-04-30 20:05:01
4813816,6853002,1,2026-07-30 01:05:01,2026-07-28 13:05:01,2026-05-02 01:05:02
5370951,6853002,1,2026-07-29 23:05:01,2026-07-30 16:05:01,2026-05-26 23:05:01
10126551,6853002,16777473,2026-07-30 14:47:22,2026-07-10 11:05:01,2026-05-01 13:05:00
4813816,6859098,1,2026-07-30 01:05:01,2026-07-30 16:05:01,2026-05-17 21:05:01
5370951,6859098,1,2026-07-29 23:05:01,2026-07-30 16:05:01,2026-06-12 23:05:01
10126551,6859098,16777473,2026-07-30 14:47:22,2026-07-30 04:05:01,2026-05-15 22:05:01
4813816,6860398,1,2026-07-30 01:05:01,2026-07-30 10:05:01,2026-05-23 01:05:01
5370951,6860398,1,2026-07-29 23:05:01,2026-07-24 05:05:01,2026-06-12 23:05:01
10126551,6860398,16777473,2026-07-30 14:47:22,2026-07-30 04:05:01,2026-05-19 18:05:01
4813816,6860400,1,2026-07-30 01:05:01,2026-07-30 10:05:01,2026-05-23 01:05:01
5370951,6860400,1,2026-07-29 23:05:01,2026-07-24 05:05:01,2026-06-12 23:05:01
10126551,6860400,16777473,2026-07-30 14:47:22,2026-07-30 04:05:01,2026-05-19 17:05:01
4813816,6864475,1,2026-07-30 01:05:01,2026-07-30 16:05:01,2026-05-30 01:05:01
5370951,6864475,1,2026-07-29 23:05:01,2026-07-24 05:05:01,2026-06-12 23:05:01
10126551,6864475,16777473,2026-07-30 14:47:22,2026-07-30 08:05:01,2026-05-29 15:05:01
4813816,6864499,1,2026-07-30 01:05:01,2026-07-30 16:05:01,2026-05-30 01:05:01
5370951,6864499,1,2026-07-29 23:05:01,2026-07-30 16:05:01,2026-06-12 23:05:01
10126551,6864499,16777473,2026-07-30 14:47:22,2026-07-28 09:05:01,2026-05-29 16:05:01
