user_id,topic_id,status,last_update_time,last_seeded_time,first_update_time
454,6872671,1,2026-07-30 01:05:01,2026-07-30 16:05:01,2026-07-08 19:05:01
10126551,6872671,16777473,2026-07-30 14:47:22,2026-07-27 03:05:01,2026-06-20 06:05:02
45511857,6872671,1,2026-07-30 00:05:01,2026-07-30 16:05:01,2026-06-22 01:05:00
454,2106524,1,2026-07-30 01:05:01,2026-07-30 16:05:01,2024-06-04 03:02:10
5123340,2106524,65537,2024-08-31 03:33:00,2026-07-30 16:05:01,2024-02-25 03:34:00
10126551,2106524,16777473,2026-07-30 14:47:22,2026-07-30 05:05:01,2024-02-25 07:43:00
45511857,2106524,1,2026-07-30 00:05:01,2026-07-30 16:05:01,2024-05-24 02:43:00
454,4475284,1,2026-07-30 01:05:01,2026-07-30 16:05:01,2024-06-04 03:02:10
5123340,4475284,65537,2024-08-31 03:33:00,2026-07-30 16:05:01,2024-02-25 03:34:00
10126551,4475284,16777473,2026-07-30 14:47:22,2026-07-28 00:05:01,2024-02-25 07:43:00
45511857,4475284,1,2026-07-30 00:05:01,2026-07-30 16:05:01,2024-05-24 02:43:00
454,4967703,1,2026-07-30 01:05:01,2026-07-30 16:05:01,2024-06-04 03:02:10
5123340,4967703,65537,2024-08-31 03:33:00,2026-07-30 16:05:01,2024-02-25 03:34:00
10126551,4967703,16777473,2026-07-30 14:47:22,2026-07-30 05:05:01,2024-02-25 07:43:00
45511857,4967703,1,2026-07-30 00:05:01,2026-07-30 16:05:01,2024-05-24 02:43:00
454,1299794,1,2026-07-30 01:05:01,2026-07-30 16:05:01,2024-06-04 03:02:10
5123340,1299794,65537,2024-08-31 03:33:00,2026-07-30 16:05:01,2024-02-25 03:34:00
10126551,1299794,16777473,2026-07-30 14:47:22,2026-07-30 05:05:01,2024-02-25 07:43:00
45511857,1299794,1,2026-07-30 00:05:01,2026-07-30 16:05:01,2024-05-24 02:43:00
454,2425349,1,2026-07-30 01:05:01,2026-07-30 16:05:01,2024-06-04 03:02:10
5123340,2425349,65537,2024-08-31 03:33:00,2026-07-30 16:05:01,2024-02-25 03:34:00
10126551,2425349,16777473,2026-07-30 14:47:22,2026-07-30 05:05:01,2024-02-25 07:43:00
45511857,2425349,1,2026-07-30 00:05:01,2026-07-30 16:05:01,2024-05-24 02:43:00
454,1124748,1,2026-07-30 01:05:01,2026-07-30 16:05:01,2024-06-04 03:02:10
5123340,1124748,65537,2024-08-31 03:33:00,2026-07-30 16:05:01,2024-02-25 03:34:00
10126551,1124748,16777473,2026-07-30 14:47:22,2026-07-28 04:05:01,2024-02-25 07:43:00
45511857,1124748,1,2026-07-30 00:05:01,2026-07-30 16:05:01,2024-05-24 02:43:00
454,2055092,1,2026-07-30 01:05:01,2026-07-30 16:05:01,2024-06-04 03:02:10
5123340,2055092,65537,2024-08-31 03:33:00,2026-07-30 16:05:01,2024-02-25 03:34:00
10126551,2055092,16777473,2026-07-30 14:47:22,2026-07-30 05:05:01,2024-02-25 07:43:00
45511857,2055092,1,2026-07-30 00:05:01,2026-07-30 16:05:01,2024-05-24 02:43:00
454,5813166,1,2026-07-30 01:05:01,2026-07-30 16:05:01,2024-06-04 03:02:10
5123340,5813166,65537,2024-08-31 03:33:00,2026-07-30 16:05:01,2024-02-25 03:34:00
10126551,5813166,16777473,2026-07-30 14:47:22,2026-07-30 05:05:01,2024-02-25 07:43:00
45511857,5813166,1,2026-07-30 00:05:01,2026-07-30 16:05:01,2024-05-25 02:43:00
454,5839806,1,2026-07-30 01:05:01,2026-07-30 16:05:01,2024-06-04 03:02:10
5123340,5839806,65537,2024-08-31 03:33:00,2026-07-30 16:05:01,2024-02-25 03:34:00
10126551,5839806,16777473,2026-07-30 14:47:22,2026-07-28 00:05:01,2024-02-25 07:43:00
45511857,5839806,1,2026-07-30 00:05:01,2026-07-30 16:05:01,2024-05-25 02:43:00
454,5896521,1,2026-07-30 01:05:01,2026-07-30 16:05:01,2024-06-04 03:02:10
5123340,5896521,65537,2024-08-31 03:33:00,2026-07-30 16:05:01,2024-02-25 03:34:00
10126551,5896521,16777473,2026-07-30 14:47:22,2026-07-30 05:05:01,2024-02-25 07:43:00
45511857,5896521,1,2026-07-30 00:05:01,2026-07-30 16:05:01,2024-05-25 02:43:00
454,5959674,1,2026-07-30 01:05:01,2026-07-30 16:05:01,2024-06-04 03:02:10
5123340,5959674,65537,2024-08-31 03:33:00,2026-07-30 16:05:01,2024-02-25 03:34:00
10126551,5959674,16777473,2026-07-30 14:47:22,2026-07-28 00:05:01,2024-02-25 07:43:00
45511857,5959674,1,2026-07-30 00:05:01,2026-07-30 16:05:01,2024-05-25 02:43:00
454,997818,1,2026-07-30 01:05:01,2026-07-30 16:05:01,2024-06-04 03:02:10
5123340,997818,65537,2024-08-31 03:33:00,2026-07-30 16:05:01,2024-02-25 03:34:00
10126551,997818,16777473,2026-07-30 14:47:22,2026-07-30 05:05:01,2024-02-25 07:43:00
45511857,997818,1,2026-07-30 00:05:01,2026-07-30 16:05:01,2024-05-24 02:43:00
454,1014990,1,2026-07-30 01:05:01,2026-07-30 16:05:01,2024-06-05 23:36:02
5123340,1014990,65537,2024-08-31 03:33:00,2026-07-30 16:05:01,2024-02-25 03:34:00
10126551,1014990,16777473,2026-07-30 14:47:22,2026-07-29 13:05:01,2024-02-25 07:43:00
45511857,1014990,1,2026-07-30 00:05:01,2026-07-30 16:05:01,2024-05-24 02:43:00
454,1522889,1,2026-07-30 01:05:01,2026-07-30 16:05:01,2024-06-04 03:02:10
5123340,1522889,65537,2024-08-31 03:33:00,2026-07-30 16:05:01,2024-02-25 03:34:00
10126551,1522889,16777473,2026-07-30 14:47:22,2026-07-28 04:05:01,2024-02-25 07:43:00
45511857,1522889,1,2026-07-30 00:05:01,2026-07-30 16:05:01,2024-05-24 02:43:00
454,1522967,1,2026-07-30 01:05:01,2026-07-30 16:05:01,2024-06-04 03:02:10
5123340,1522967,65537,2024-08-31 03:33:00,2026-07-30 16:05:01,2024-02-25 03:34:00
10126551,1522967,16777473,2026-07-30 14:47:22,2026-07-30 05:05:01,2024-02-25 07:43:00
45511857,1522967,1,2026-07-30 00:05:01,2026-07-30 16:05:01,2024-05-24 02:43:00
454,1532739,1,2026-07-30 01:05:01,2026-07-30 16:05:01,2024-06-04 03:02:10
5123340,1532739,65537,2024-08-31 03:33:00,2026-07-30 16:05:01,2024-02-25 03:34:00
10126551,1532739,16777473,2026-07-30 14:47:22,2026-07-28 04:05:01,2024-02-25 07:43:00
45511857,1532739,1,2026-07-30 00:05:01,2026-07-30 16:05:01,2024-05-24 02:43:00
454,1551089,1,2026-07-30 01:05:01,2026-07-30 16:05:01,2024-06-04 03:02:10
5123340,1551089,65537,2024-08-31 03:33:00,2026-07-30 16:05:01,2024-02-25 03:34:00
10126551,1551089,16777473,2026-07-30 14:47:22,2026-07-28 23:05:01,2024-02-25 07:43:00
45511857,1551089,1,2026-07-30 00:05:01,2026-07-30 16:05:01,2024-05-24 02:43:00
454,1609769,1,2026-07-30 01:05:01,2026-07-30 16:05:01,2024-06-04 03:02:10
5123340,1609769,65537,2024-08-31 03:33:00,2026-07-30 16:05:01,2024-02-25 03:34:00
10126551,1609769,16777473,2026-07-30 14:47:22,2026-07-29 13:05:01,2024-02-25 07:43:00
45511857,1609769,1,2026-07-30 00:05:01,2026-07-30 16:05:01,2024-05-24 02:43:00
454,1707283,1,2026-07-30 01:05:01,2026-07-30 16:05:01,2024-06-04 03:02:10
5123340,1707283,65537,2024-08-31 03:33:00,2026-07-30 16:05:01,2024-02-25 03:34:00
10126551,1707283,16777473,2026-07-30 14:47:22,2026-07-30 05:05:01,2024-02-25 07:43:00
45511857,1707283,1,2026-07-30 00:05:01,2026-07-30 16:05:01,2024-05-24 02:43:00
454,1772158,1,2026-07-30 01:05:01,2026-07-30 16:05:01,2024-06-04 03:02:10
5123340,1772158,65537,2024-08-31 03:33:00,2026-07-30 16:05:01,2024-03-30 03:34:00
10126551,1772158,16777473,2026-07-30 14:47:22,2026-07-27 02:05:01,2024-02-25 07:43:00
13632556,1772158,1,2026-05-24 08:05:01,2026-07-30 16:05:01,2024-08-28 02:23:16
45511857,1772158,1,2026-07-30 00:05:01,2026-07-30 16:05:01,2024-05-24 02:43:00
454,1782711,1,2026-07-30 01:05:01,2026-07-30 16:05:01,2024-06-04 03:02:10
5123340,1782711,65537,2024-08-31 03:33:00,2026-07-30 16:05:01,2024-02-25 03:34:00
10126551,1782711,16777473,2026-07-30 14:47:22,2026-07-28 09:05:01,2024-02-25 07:43:00
45511857,1782711,1,2026-07-30 00:05:01,2026-07-30 16:05:01,2024-05-24 02:43:00
454,1800101,1,2026-07-30 01:05:01,2026-07-30 16:05:01,2024-06-04 03:02:10
5123340,1800101,65537,2024-08-31 03:33:00,2026-07-30 16:05:01,2024-02-25 03:34:00
10126551,1800101,16777473,2026-07-30 14:47:22,2026-07-26 03:05:01,2024-02-25 07:43:00
45511857,1800101,1,2026-07-30 00:05:01,2026-07-30 16:05:01,2024-05-24 02:43:00
454,1955870,1,2026-07-30 01:05:01,2026-07-30 16:05:01,2024-06-04 03:02:10
5123340,1955870,65537,2024-08-31 03:33:00,2026-07-30 16:05:01,2024-02-25 03:34:00
10126551,1955870,16777473,2026-07-30 14:47:22,2026-07-28 04:05:01,2024-02-25 07:43:00
45511857,1955870,1,2026-07-30 00:05:01,2026-07-30 16:05:01,2024-05-24 02:43:00
454,1999030,1,2026-07-30 01:05:01,2026-07-30 16:05:01,2024-06-04 03:02:10
5123340,1999030,65537,2024-08-31 03:33:00,2026-07-30 16:05:01,2024-02-25 03:34:00
10126551,1999030,16777473,2026-07-30 14:47:22,2026-07-30 05:05:01,2024-02-25 07:43:00
45511857,1999030,1,2026-07-30 00:05:01,2026-07-30 16:05:01,2024-05-24 02:43:00
454,1799478,1,2026-07-30 01:05:01,2026-07-30 16:05:01,2024-06-04 03:02:10
5123340,1799478,65537,2024-08-31 03:33:00,2026-07-30 16:05:01,2024-02-25 03:34:00
10126551,1799478,16777473,2026-07-30 14:47:22,2026-07-30 05:05:01,2024-02-25 07:43:00
45511857,1799478,1,2026-07-30 00:05:01,2026-07-30 16:05:01,2024-05-24 02:43:00
454,2021832,1,2026-07-30 01:05:01,2026-07-30 16:05:01,2024-06-04 03:02:10
5123340,2021832,65537,2024-08-31 03:33:00,2026-07-30 16:05:01,2024-02-25 03:34:00
10126551,2021832,16777473,2026-07-30 14:47:22,2026-07-28 04:05:01,2024-02-25 07:43:00
45511857,2021832,1,2026-07-30 00:05:01,2026-07-30 16:05:01,2024-05-24 02:43:00
454,1676564,1,2026-07-30 01:05:01,2026-07-30 16:05:01,2024-06-04 03:02:10
5123340,1676564,65537,2024-08-31 03:33:00,2026-07-30 16:05:01,2024-02-25 03:34:00
10126551,1676564,16777473,2026-07-30 14:47:22,2026-07-30 05:05:01,2024-02-25 07:43:00
45511857,1676564,1,2026-07-30 00:05:01,2026-07-30 16:05:01,2024-05-24 02:43:00
454,1691684,1,2026-07-30 01:05:01,2026-07-30 16:05:01,2024-06-04 03:02:10
5123340,1691684,65537,2024-08-31 03:33:00,2026-07-30 16:05:01,2024-02-25 03:34:00
10126551,1691684,16777473,2026-07-30 14:47:22,2026-07-27 01:05:02,2024-02-25 07:43:00
45511857,1691684,1,2026-07-30 00:05:01,2026-07-30 16:05:01,2024-05-24 02:43:00
454,2186303,1,2026-07-30 01:05:01,2026-07-30 16:05:01,2024-06-05 23:36:02
5123340,2186303,65537,2024-08-31 03:33:00,2026-07-30 16:05:01,2024-02-25 03:34:00
10126551,2186303,16777473,2026-07-30 14:47:22,2026-07-30 05:05:01,2024-02-25 07:43:00
45511857,2186303,1,2026-07-30 00:05:01,2026-07-30 16:05:01,2024-05-24 02:43:00
454,1613332,1,2026-07-30 01:05:01,2026-07-30 16:05:01,2024-06-04 03:02:10
5123340,1613332,65537,2024-08-31 03:33:00,2026-07-30 16:05:01,2024-02-25 03:34:00
10126551,1613332,16777473,2026-07-30 14:47:22,2026-07-26 03:05:01,2024-02-25 07:43:00
45511857,1613332,1,2026-07-30 00:05:01,2026-07-30 16:05:01,2024-05-24 02:43:00
454,2185344,1,2026-07-30 01:05:01,2026-07-30 16:05:01,2024-06-04 03:02:10
5123340,2185344,65537,2024-08-31 03:33:00,2026-07-30 16:05:01,2024-02-25 03:34:00
10126551,2185344,16777473,2026-07-30 14:47:22,2026-07-30 05:05:01,2024-02-25 07:43:00
45511857,2185344,1,2026-07-30 00:05:01,2026-07-30 16:05:01,2024-05-24 02:43:00
454,1085867,1,2026-07-30 01:05:01,2026-07-30 16:05:01,2024-06-04 03:02:10
5123340,1085867,65537,2024-08-31 03:33:00,2026-07-30 16:05:01,2024-02-25 03:34:00
10126551,1085867,16777473,2026-07-30 14:47:22,2026-07-30 05:05:01,2024-02-25 07:43:00
45511857,1085867,1,2026-07-30 00:05:01,2026-07-30 16:05:01,2024-05-24 02:43:00
454,1336784,1,2026-07-30 01:05:01,2026-07-30 16:05:01,2024-06-04 03:02:10
5123340,1336784,65537,2024-08-31 03:33:00,2026-07-30 16:05:01,2024-02-25 03:34:00
10126551,1336784,16777473,2026-07-30 14:47:22,2026-07-28 05:05:01,2024-02-25 07:43:00
45511857,1336784,1,2026-07-30 00:05:01,2026-07-30 16:05:01,2024-05-24 02:43:00
454,2717391,1,2026-07-30 01:05:01,2026-07-30 16:05:01,2024-06-04 03:02:10
5123340,2717391,65537,2024-08-31 03:33:00,2026-07-30 16:05:01,2024-02-25 03:34:00
10126551,2717391,16777473,2026-07-30 14:47:22,2026-07-30 04:05:01,2024-02-25 07:43:00
45511857,2717391,1,2026-07-30 00:05:01,2026-07-30 16:05:01,2024-05-24 02:43:00
454,2770753,1,2026-07-30 01:05:01,2026-07-30 16:05:01,2024-06-04 03:02:10
5123340,2770753,65537,2024-08-31 03:33:00,2026-07-30 16:05:01,2024-02-25 03:34:00
10126551,2770753,16777473,2026-07-30 14:47:22,2026-07-26 03:05:01,2024-02-25 07:43:00
45511857,2770753,1,2026-07-30 00:05:01,2026-07-30 16:05:01,2024-05-24 02:43:00
454,1567325,1,2026-07-30 01:05:01,2026-07-30 16:05:01,2024-06-04 03:02:10
5123340,1567325,65537,2024-08-31 03:33:00,2026-07-30 16:05:01,2024-02-25 03:34:00
10126551,1567325,16777473,2026-07-30 14:47:22,2026-07-28 00:05:01,2024-02-25 07:43:00
45511857,1567325,1,2026-07-30 00:05:01,2026-07-30 16:05:01,2024-05-24 02:43:00
454,1733063,1,2026-07-30 01:05:01,2026-07-30 16:05:01,2024-06-04 03:02:10
5123340,1733063,65537,2024-08-31 03:33:00,2026-07-30 16:05:01,2024-02-25 03:34:00
10126551,1733063,16777473,2026-07-30 14:47:22,2026-07-28 00:05:01,2024-02-25 07:43:00
45511857,1733063,1,2026-07-30 00:05:01,2026-07-30 16:05:01,2024-05-24 02:43:00
454,1201513,1,2026-07-30 01:05:01,2026-07-30 16:05:01,2024-06-04 03:02:10
5123340,1201513,65537,2024-08-31 03:33:00,2026-07-30 16:05:01,2024-02-25 03:34:00
10126551,1201513,16777473,2026-07-30 14:47:22,2026-07-28 00:05:01,2024-02-25 07:43:00
45511857,1201513,1,2026-07-30 00:05:01,2026-07-30 16:05:01,2024-05-24 02:43:00
454,2811913,1,2026-07-30 01:05:01,2026-07-30 16:05:01,2024-06-04 03:02:10
5123340,2811913,65537,2024-08-31 03:33:00,2026-07-30 16:05:01,2024-02-25 03:34:00
10126551,2811913,16777473,2026-07-30 14:47:22,2026-07-28 00:05:01,2024-02-25 07:43:00
45511857,2811913,1,2026-07-30 00:05:01,2026-07-30 16:05:01,2024-05-24 02:43:00
454,2912434,1,2026-07-30 01:05:01,2026-07-30 16:05:01,2024-06-04 03:02:10
5123340,2912434,65537,2024-08-31 03:33:00,2026-07-30 16:05:01,2024-02-25 03:34:00
10126551,2912434,16777473,2026-07-30 14:47:22,2026-07-30 05:05:01,2024-02-25 07:43:00
45511857,2912434,1,2026-07-30 00:05:01,2026-07-30 16:05:01,2024-05-24 02:43:00
454,2905087,1,2026-07-30 01:05:01,2026-07-30 16:05:01,2024-06-04 03:02:10
5123340,2905087,65537,2024-08-31 03:33:00,2026-07-30 16:05:01,2024-02-25 03:34:00
10126551,2905087,16777473,2026-07-30 14:47:22,2026-07-30 04:05:01,2024-02-25 07:43:00
45511857,2905087,1,2026-07-30 00:05:01,2026-07-30 16:05:01,2024-05-24 02:43:00
454,2557466,1,2026-07-30 01:05:01,2026-07-30 16:05:01,2024-06-04 03:02:10
5123340,2557466,65537,2024-08-31 03:33:00,2026-07-30 16:05:01,2024-02-25 03:34:00
10126551,2557466,16777473,2026-07-30 14:47:22,2026-07-30 05:05:01,2024-02-25 07:43:00
45511857,2557466,1,2026-07-30 00:05:01,2026-07-30 16:05:01,2024-05-24 02:43:00
454,1736023,1,2026-07-30 01:05:01,2026-07-30 16:05:01,2024-06-04 03:02:10
5123340,1736023,65537,2024-08-31 03:33:00,2026-07-30 16:05:01,2024-02-25 03:34:00
10126551,1736023,16777473,2026-07-30 14:47:22,2026-07-30 05:05:01,2024-02-25 07:43:00
45511857,1736023,1,2026-07-30 00:05:01,2026-07-30 16:05:01,2024-05-24 02:43:00
454,2828449,1,2026-07-30 01:05:01,2026-07-30 16:05:01,2024-06-04 03:02:10
5123340,2828449,65537,2024-08-31 03:33:00,2026-07-30 16:05:01,2024-02-25 03:34:00
10126551,2828449,16777473,2026-07-30 14:47:22,2026-07-30 05:05:01,2024-02-25 07:43:00
45511857,2828449,1,2026-07-30 00:05:01,2026-07-30 16:05:01,2024-05-24 02:43:00
454,2784496,1,2026-07-30 01:05:01,2026-07-30 16:05:01,2024-06-04 03:02:10
5123340,2784496,65537,2024-08-31 03:33:00,2026-07-30 16:05:01,2024-02-25 03:34:00
10126551,2784496,16777473,2026-07-30 14:47:22,2026-07-30 05:05:01,2024-02-25 07:43:00
45511857,2784496,1,2026-07-30 00:05:01,2026-07-30 16:05:01,2024-05-24 02:43:00
454,2894841,1,2026-07-30 01:05:01,2026-07-30 16:05:01,2024-06-04 03:02:10
5123340,2894841,65537,2024-08-31 03:33:00,2026-07-30 16:05:01,2024-02-25 03:34:00
10126551,2894841,16777473,2026-07-30 14:47:22,2026-07-28 00:05:01,2024-02-25 07:43:00
45511857,2894841,1,2026-07-30 00:05:01,2026-07-30 16:05:01,2024-05-24 02:43:00
454,2898336,1,2026-07-30 01:05:01,2026-07-30 16:05:01,2024-06-04 03:02:10
5123340,2898336,65537,2024-08-31 03:33:00,2026-07-30 16:05:01,2024-02-25 03:34:00
10126551,2898336,16777473,2026-07-30 14:47:22,2026-07-30 05:05:01,2024-02-25 07:43:00
45511857,2898336,1,2026-07-30 00:05:01,2026-07-30 16:05:01,2024-05-24 02:43:00
454,3142428,1,2026-07-30 01:05:01,2026-07-30 16:05:01,2024-06-04 03:02:10
5123340,3142428,65537,2024-08-31 03:33:00,2026-07-30 16:05:01,2024-02-25 03:34:00
10126551,3142428,16777473,2026-07-30 14:47:22,2026-07-27 02:05:01,2024-02-25 07:43:00
45511857,3142428,1,2026-07-30 00:05:01,2026-07-30 16:05:01,2024-05-24 02:43:00
454,3148706,1,2026-07-30 01:05:01,2026-07-30 16:05:01,2024-06-04 03:02:10
5123340,3148706,65537,2024-08-31 03:33:00,2026-07-30 16:05:01,2024-02-25 03:34:00
10126551,3148706,16777473,2026-07-30 14:47:22,2026-07-30 05:05:01,2024-02-25 07:43:00
45511857,3148706,1,2026-07-30 00:05:01,2026-07-30 16:05:01,2024-05-24 02:43:00
454,2967220,1,2026-07-30 01:05:01,2026-07-30 16:05:01,2024-06-04 03:02:10
5123340,2967220,65537,2024-08-31 03:33:00,2026-07-30 16:05:01,2024-02-25 03:34:00
10126551,2967220,16777473,2026-07-30 14:47:22,2026-07-30 04:05:01,2024-02-25 07:43:00
45511857,2967220,1,2026-07-30 00:05:01,2026-07-30 16:05:01,2024-05-24 02:43:00
454,2985604,1,2026-07-30 01:05:01,2026-07-30 16:05:01,2024-06-04 03:02:10
5123340,2985604,65537,2024-08-31 03:33:00,2026-07-30 16:05:01,2024-02-25 03:34:00
10126551,2985604,16777473,2026-07-30 14:47:22,2026-07-30 05:05:01,2024-02-25 07:43:00
45511857,2985604,1,2026-07-30 00:05:01,2026-07-30 16:05:01,2024-05-24 02:43:00
454,3282628,1,2026-07-30 01:05:01,2026-07-30 16:05:01,2024-06-04 03:02:10
5123340,3282628,65537,2024-08-31 03:33:00,2026-07-30 16:05:01,2024-02-25 03:34:00
10126551,3282628,16777473,2026-07-30 14:47:22,2026-07-26 02:05:01,2024-02-25 07:43:00
45511857,3282628,1,2026-07-30 00:05:01,2026-07-30 16:05:01,2024-05-24 02:43:00
454,3284821,1,2026-07-30 01:05:01,2026-07-30 16:05:01,2024-06-04 03:02:10
5123340,3284821,65537,2024-08-31 03:33:00,2026-07-30 16:05:01,2024-02-25 03:34:00
10126551,3284821,16777473,2026-07-30 14:47:22,2026-07-30 03:05:02,2024-02-25 07:43:00
45511857,3284821,1,2026-07-30 00:05:01,2026-07-30 16:05:01,2024-05-24 02:43:00
454,2116404,1,2026-07-30 01:05:01,2026-07-30 16:05:01,2024-06-04 03:02:10
5123340,2116404,65537,2024-08-31 03:33:00,2026-07-30 16:05:01,2024-02-25 03:34:00
10126551,2116404,16777473,2026-07-30 14:47:22,2026-07-28 00:05:01,2024-02-25 07:43:00
45511857,2116404,1,2026-07-30 00:05:01,2026-07-30 16:05:01,2024-05-24 02:43:00
454,1813595,1,2026-07-30 01:05:01,2026-07-30 16:05:01,2024-06-04 03:02:10
5123340,1813595,65537,2024-08-31 03:33:00,2026-07-30 16:05:01,2024-02-25 03:34:00
10126551,1813595,16777473,2026-07-30 14:47:22,2026-07-28 04:05:01,2024-02-25 07:43:00
45511857,1813595,1,2026-07-30 00:05:01,2026-07-30 16:05:01,2024-05-24 02:43:00
454,3359327,1,2026-07-30 01:05:01,2026-07-30 16:05:01,2024-06-04 03:02:10
5123340,3359327,65537,2024-08-31 03:33:00,2026-07-30 16:05:01,2024-02-25 03:34:00
10126551,3359327,16777473,2026-07-30 14:47:22,2026-07-28 09:05:01,2024-02-25 07:43:00
45511857,3359327,1,2026-07-30 00:05:01,2026-07-30 16:05:01,2024-05-24 02:43:00
454,1098886,1,2026-07-30 01:05:01,2026-07-30 16:05:01,2024-06-04 03:02:10
5123340,1098886,65537,2024-08-31 03:33:00,2026-07-30 16:05:01,2024-02-25 03:34:00
10126551,1098886,16777473,2026-07-30 14:47:22,2026-07-30 05:05:01,2024-02-25 07:43:00
45511857,1098886,1,2026-07-30 00:05:01,2026-07-30 16:05:01,2024-05-24 02:43:00
454,3465971,1,2026-07-30 01:05:01,2026-07-30 16:05:01,2024-06-04 03:02:10
5123340,3465971,65537,2024-08-31 03:33:00,2026-07-30 16:05:01,2024-02-25 03:34:00
10126551,3465971,16777473,2026-07-30 14:47:22,2026-07-26 03:05:01,2024-02-25 07:43:00
45511857,3465971,1,2026-07-30 00:05:01,2026-07-30 16:05:01,2024-05-24 02:43:00
454,3466449,1,2026-07-30 01:05:01,2026-07-30 16:05:01,2024-06-04 03:02:10
5123340,3466449,65537,2024-08-31 03:33:00,2026-07-30 16:05:01,2024-02-25 03:34:00
10126551,3466449,16777473,2026-07-30 14:47:22,2026-07-27 01:05:02,2024-02-25 07:43:00
45511857,3466449,1,2026-07-30 00:05:01,2026-07-30 16:05:01,2024-05-24 02:43:00
454,3483474,1,2026-07-30 01:05:01,2026-07-30 16:05:01,2024-06-04 03:02:10
5123340,3483474,65537,2024-08-31 03:33:00,2026-07-30 16:05:01,2024-02-25 03:34:00
10126551,3483474,16777473,2026-07-30 14:47:22,2026-07-28 04:05:01,2024-02-25 07:43:00
45511857,3483474,1,2026-07-30 00:05:01,2026-07-30 16:05:01,2024-05-24 02:43:00
454,3473193,1,2026-07-30 01:05:01,2026-07-30 16:05:01,2024-06-04 03:02:10
5123340,3473193,65537,2024-08-31 03:33:00,2026-07-30 16:05:01,2024-02-25 03:34:00
10126551,3473193,16777473,2026-07-30 14:47:22,2026-07-28 10:05:01,2024-02-25 07:43:00
45511857,3473193,1,2026-07-30 00:05:01,2026-07-30 16:05:01,2024-05-24 02:43:00
454,2983350,1,2026-07-30 01:05:01,2026-07-30 16:05:01,2024-06-04 03:02:10
5123340,2983350,65537,2024-08-31 03:33:00,2026-07-30 16:05:01,2024-02-25 03:34:00
10126551,2983350,16777473,2026-07-30 14:47:22,2026-07-30 05:05:01,2024-02-25 07:43:00
45511857,2983350,1,2026-07-30 00:05:01,2026-07-30 16:05:01,2024-05-24 02:43:00
454,3501795,1,2026-07-30 01:05:01,2026-07-30 16:05:01,2024-06-04 03:02:10
5123340,3501795,65537,2024-08-31 03:33:00,2026-07-30 16:05:01,2024-02-25 03:34:00
10126551,3501795,16777473,2026-07-30 14:47:22,2026-07-30 05:05:01,2024-02-25 07:43:00
45511857,3501795,1,2026-07-30 00:05:01,2026-07-30 16:05:01,2024-05-24 02:43:00
454,3212445,1,2026-07-30 01:05:01,2026-07-30 16:05:01,2024-06-04 03:02:10
5123340,3212445,65537,2024-08-31 03:33:00,2026-07-30 16:05:01,2024-02-25 03:34:00
10126551,3212445,16777473,2026-07-30 14:47:22,2026-07-28 00:05:01,2024-02-25 07:43:00
45511857,3212445,1,2026-07-30 00:05:01,2026-07-30 16:05:01,2024-05-24 02:43:00
454,3700822,1,2026-07-30 01:05:01,2026-07-30 16:05:01,2024-06-04 03:02:10
5123340,3700822,65537,2024-08-31 03:33:00,2026-07-30 16:05:01,2024-02-25 03:34:00
10126551,3700822,16777473,2026-07-30 14:47:22,2026-07-30 05:05:01,2024-02-25 07:43:00
45511857,3700822,1,2026-07-30 00:05:01,2026-07-30 16:05:01,2024-05-24 02:43:00
454,3094117,1,2026-07-30 01:05:01,2026-07-30 16:05:01,2024-06-04 03:02:10
5123340,3094117,65537,2024-08-31 03:33:00,2026-07-30 16:05:01,2024-02-25 03:34:00
10126551,3094117,16777473,2026-07-30 14:47:22,2026-07-10 10:05:01,2024-02-25 07:43:00
45511857,3094117,1,2026-07-30 00:05:01,2026-07-30 16:05:01,2024-05-24 02:43:00
454,1361897,1,2026-07-30 01:05:01,2026-07-30 16:05:01,2024-06-04 03:02:10
5123340,1361897,65537,2024-08-31 03:33:00,2026-07-30 16:05:01,2024-02-25 03:34:00
10126551,1361897,16777473,2026-07-30 14:47:22,2026-07-28 00:05:01,2024-02-25 07:43:00
45511857,1361897,1,2026-07-30 00:05:01,2026-07-30 16:05:01,2024-05-24 02:43:00
454,3768517,1,2026-07-30 01:05:01,2026-07-30 16:05:01,2024-06-04 03:02:10
5123340,3768517,65537,2024-08-31 03:33:00,2026-07-30 16:05:01,2024-02-25 03:34:00
10126551,3768517,16777473,2026-07-30 14:47:22,2026-07-28 04:05:01,2024-02-25 07:43:00
45511857,3768517,1,2026-07-30 00:05:01,2026-07-30 16:05:01,2024-05-24 02:43:00
454,3768851,1,2026-07-30 01:05:01,2026-07-30 16:05:01,2024-06-04 03:02:10
5123340,3768851,65537,2024-08-31 03:33:00,2026-07-30 16:05:01,2024-02-25 03:34:00
10126551,3768851,16777473,2026-07-30 14:47:22,2026-07-28 00:05:01,2024-02-25 07:43:00
45511857,3768851,1,2026-07-30 00:05:01,2026-07-30 16:05:01,2024-05-24 02:43:00
454,3784318,1,2026-07-30 01:05:01,2026-07-30 16:05:01,2024-06-04 03:02:10
5123340,3784318,65537,2024-08-31 03:33:00,2026-07-30 16:05:01,2024-02-25 03:34:00
10126551,3784318,16777473,2026-07-30 14:47:22,2026-07-28 04:05:01,2024-02-25 07:43:00
45511857,3784318,1,2026-07-30 00:05:01,2026-07-30 16:05:01,2024-05-24 02:43:00
454,3215641,1,2026-07-30 01:05:01,2026-07-30 16:05:01,2024-06-04 03:02:10
5123340,3215641,65537,2024-08-31 03:33:00,2026-07-30 16:05:01,2024-02-25 03:34:00
10126551,3215641,16777473,2026-07-30 14:47:22,2026-07-30 05:05:01,2024-02-25 07:43:00
45511857,3215641,1,2026-07-30 00:05:01,2026-07-30 16:05:01,2024-05-24 02:43:00
454,1357792,1,2026-07-30 01:05:01,2026-07-30 16:05:01,2024-06-04 03:02:10
5123340,1357792,65537,2024-08-31 03:33:00,2026-07-30 16:05:01,2024-02-25 03:34:00
10126551,1357792,16777473,2026-07-30 14:47:22,2026-07-28 00:05:01,2024-02-25 07:43:00
45511857,1357792,1,2026-07-30 00:05:01,2026-07-30 16:05:01,2024-05-24 02:43:00
454,3838244,1,2026-07-30 01:05:01,2026-07-30 16:05:01,2024-06-04 03:02:10
5123340,3838244,65537,2024-08-31 03:33:00,2026-07-30 16:05:01,2024-02-25 03:34:00
10126551,3838244,16777473,2026-07-30 14:47:22,2026-07-30 05:05:01,2024-02-25 07:43:00
45511857,3838244,1,2026-07-30 00:05:01,2026-07-30 16:05:01,2024-05-24 02:43:00
454,3863375,1,2026-07-30 01:05:01,2026-07-30 16:05:01,2024-06-04 03:02:10
5123340,3863375,65537,2024-08-31 03:33:00,2026-07-30 16:05:01,2024-02-25 03:34:00
10126551,3863375,16777473,2026-07-30 14:47:22,2026-07-30 05:05:01,2024-02-25 07:43:00
45511857,3863375,1,2026-07-30 00:05:01,2026-07-30 16:05:01,2024-05-24 02:43:00
454,3895425,1,2026-07-30 01:05:01,2026-07-30 16:05:01,2024-06-04 03:02:10
5123340,3895425,65537,2024-08-31 03:33:00,2026-07-30 16:05:01,2024-02-25 03:34:00
10126551,3895425,16777473,2026-07-30 14:47:22,2026-07-30 00:05:01,2024-02-25 07:43:00
45511857,3895425,1,2026-07-30 00:05:01,2026-07-30 16:05:01,2024-05-24 02:43:00
454,3917926,1,2026-07-30 01:05:01,2026-07-30 16:05:01,2024-06-04 03:02:10
5123340,3917926,65537,2024-08-31 03:33:00,2026-07-30 16:05:01,2024-02-25 03:34:00
10126551,3917926,16777473,2026-07-30 14:47:22,2026-07-30 05:05:01,2024-02-25 07:43:00
45511857,3917926,1,2026-07-30 00:05:01,2026-07-30 16:05:01,2024-05-24 02:43:00
454,3825727,1,2026-07-30 01:05:01,2026-07-30 16:05:01,2024-06-04 03:02:10
5123340,3825727,65537,2024-08-31 03:33:00,2026-07-30 16:05:01,2024-02-25 03:34:00
10126551,3825727,16777473,2026-07-30 14:47:22,2026-07-28 04:05:01,2024-02-25 07:43:00
45511857,3825727,1,2026-07-30 00:05:01,2026-07-30 16:05:01,2024-05-24 02:43:00
454,3938797,1,2026-07-30 01:05:01,2026-07-30 16:05:01,2024-06-04 03:02:10
5123340,3938797,65537,2024-08-31 03:33:00,2026-07-30 16:05:01,2024-02-25 03:34:00
10126551,3938797,16777473,2026-07-30 14:47:22,2026-07-30 05:05:01,2024-02-25 07:43:00
45511857,3938797,1,2026-07-30 00:05:01,2026-07-30 16:05:01,2024-05-24 02:43:00
454,3792424,1,2026-07-30 01:05:01,2026-07-30 16:05:01,2024-06-04 03:02:10
5123340,3792424,65537,2024-08-31 03:33:00,2026-07-30 16:05:01,2024-02-25 03:34:00
10126551,3792424,16777473,2026-07-30 14:47:22,2026-07-28 00:05:01,2024-02-25 07:43:00
45511857,3792424,1,2026-07-30 00:05:01,2026-07-30 16:05:01,2024-05-24 02:43:00
454,3367476,1,2026-07-30 01:05:01,2026-07-30 16:05:01,2024-06-04 03:02:10
5123340,3367476,65537,2024-08-31 03:33:00,2026-07-30 16:05:01,2024-02-25 03:34:00
10126551,3367476,16777473,2026-07-30 14:47:22,2026-07-28 00:05:01,2024-02-25 07:43:00
45511857,3367476,1,2026-07-30 00:05:01,2026-07-30 16:05:01,2024-05-24 02:43:00
454,3874539,1,2026-07-30 01:05:01,2026-07-30 16:05:01,2024-06-04 03:02:10
5123340,3874539,65537,2024-08-31 03:33:00,2026-07-30 16:05:01,2024-02-25 03:34:00
10126551,3874539,16777473,2026-07-30 14:47:22,2026-07-30 00:05:01,2024-02-25 07:43:00
45511857,3874539,1,2026-07-30 00:05:01,2026-07-30 16:05:01,2024-05-24 02:43:00
454,4009746,1,2026-07-30 01:05:01,2026-07-30 16:05:01,2024-06-04 03:02:10
5123340,4009746,65537,2024-08-31 03:33:00,2026-07-30 16:05:01,2024-02-25 03:34:00
10126551,4009746,16777473,2026-07-30 14:47:22,2026-07-30 04:05:01,2024-02-25 07:43:00
45511857,4009746,1,2026-07-30 00:05:01,2026-07-30 16:05:01,2024-05-24 02:43:00
454,4010916,1,2026-07-30 01:05:01,2026-07-30 16:05:01,2024-06-04 03:02:10
5123340,4010916,65537,2024-08-31 03:33:00,2026-07-30 16:05:01,2024-02-25 03:34:00
10126551,4010916,16777473,2026-07-30 14:47:22,2026-07-28 04:05:01,2024-02-25 07:43:00
45511857,4010916,1,2026-07-30 00:05:01,2026-07-30 16:05:01,2024-05-24 02:43:00
454,3127077,1,2026-07-30 01:05:01,2026-07-30 16:05:01,2024-06-04 03:02:10
5123340,3127077,65537,2024-08-31 03:33:00,2026-07-30 16:05:01,2024-02-25 03:34:00
10126551,3127077,16777473,2026-07-30 14:47:22,2026-07-20 19:07:17,2024-02-25 07:43:00
45511857,3127077,1,2026-07-30 00:05:01,2026-07-30 16:05:01,2024-05-24 02:43:00
454,2185822,1,2026-07-30 01:05:01,2026-07-30 16:05:01,2024-06-04 03:02:10
5123340,2185822,65537,2024-08-31 03:33:00,2026-07-30 16:05:01,2024-02-25 03:34:00
10126551,2185822,16777473,2026-07-30 14:47:22,2026-07-30 04:05:01,2024-02-25 07:43:00
45511857,2185822,1,2026-07-30 00:05:01,2026-07-30 16:05:01,2024-05-24 02:43:00
454,3541542,1,2026-07-30 01:05:01,2026-07-30 16:05:01,2024-06-04 03:02:10
5123340,3541542,65537,2024-08-31 03:33:00,2026-07-30 16:05:01,2024-02-25 03:34:00
10126551,3541542,16777473,2026-07-30 14:47:22,2026-07-30 05:05:01,2024-02-25 07:43:00
45511857,3541542,1,2026-07-30 00:05:01,2026-07-30 16:05:01,2024-05-24 02:43:00
454,4110996,1,2026-07-30 01:05:01,2026-07-30 16:05:01,2024-06-04 03:02:10
5123340,4110996,65537,2024-08-31 03:33:00,2026-07-30 16:05:01,2024-02-25 03:34:00
10126551,4110996,16777473,2026-07-30 14:47:22,2026-07-30 05:05:01,2024-02-25 07:43:00
45511857,4110996,1,2026-07-30 00:05:01,2026-07-30 16:05:01,2024-05-24 02:43:00
454,4111608,1,2026-07-30 01:05:01,2026-07-30 16:05:01,2024-06-04 03:02:10
5123340,4111608,65537,2024-08-31 03:33:00,2026-07-30 16:05:01,2024-02-25 03:34:00
10126551,4111608,16777473,2026-07-30 14:47:22,2026-07-28 00:05:01,2024-02-25 07:43:00
45511857,4111608,1,2026-07-30 00:05:01,2026-07-30 16:05:01,2024-05-24 02:43:00
454,4202848,1,2026-07-30 01:05:01,2026-07-30 16:05:01,2024-06-04 03:02:10
5123340,4202848,65537,2024-08-31 03:33:00,2026-07-30 16:05:01,2024-02-25 03:34:00
10126551,4202848,16777473,2026-07-30 14:47:22,2026-07-28 04:05:01,2024-02-25 07:43:00
45511857,4202848,1,2026-07-30 00:05:01,2026-07-30 16:05:01,2024-05-24 02:43:00
454,401951,1,2026-07-30 01:05:01,2026-07-30 16:05:01,2024-06-04 03:02:10
5123340,401951,65537,2024-08-31 03:33:00,2026-07-30 16:05:01,2024-02-25 03:34:00
10126551,401951,16777473,2026-07-30 14:47:22,2026-07-28 08:05:01,2024-02-25 07:43:00
45511857,401951,1,2026-07-30 00:05:01,2026-07-30 16:05:01,2024-05-24 02:43:00
454,3936965,1,2026-07-30 01:05:01,2026-07-30 16:05:01,2024-06-04 03:02:10
5123340,3936965,65537,2024-08-31 03:33:00,2026-07-30 16:05:01,2024-02-25 03:34:00
10126551,3936965,16777473,2026-07-30 14:47:22,2026-07-28 04:05:01,2024-02-25 07:43:00
45511857,3936965,1,2026-07-30 00:05:01,2026-07-30 16:05:01,2024-05-24 02:43:00
454,1695671,1,2026-07-30 01:05:01,2026-07-30 16:05:01,2024-06-04 03:02:10
5123340,1695671,65537,2024-08-31 03:33:00,2026-07-30 16:05:01,2024-02-25 03:34:00
10126551,1695671,16777473,2026-07-30 14:47:22,2026-07-30 05:05:01,2024-02-25 07:43:00
45511857,1695671,1,2026-07-30 00:05:01,2026-07-30 16:05:01,2024-05-24 02:43:00
454,4465602,1,2026-07-30 01:05:01,2026-07-30 16:05:01,2024-06-04 03:02:10
5123340,4465602,65537,2024-08-31 03:33:00,2026-07-30 16:05:01,2024-02-25 03:34:00
10126551,4465602,16777473,2026-07-30 14:47:22,2026-07-26 03:05:01,2024-02-25 07:43:00
45511857,4465602,1,2026-07-30 00:05:01,2026-07-30 16:05:01,2024-05-24 02:43:00
454,4466394,1,2026-07-30 01:05:01,2026-07-30 16:05:01,2024-06-04 03:02:10
5123340,4466394,65537,2024-08-31 03:33:00,2026-07-30 16:05:01,2024-02-25 03:34:00
10126551,4466394,16777473,2026-07-30 14:47:22,2026-07-30 04:05:01,2024-02-25 07:43:00
45511857,4466394,1,2026-07-30 00:05:01,2026-07-30 16:05:01,2024-05-24 02:43:00
454,4476150,1,2026-07-30 01:05:01,2026-07-30 16:05:01,2024-06-04 03:02:10
5123340,4476150,65537,2024-08-31 03:33:00,2026-07-30 16:05:01,2024-02-25 03:34:00
10126551,4476150,16777473,2026-07-30 14:47:22,2026-07-27 02:05:01,2024-02-25 07:43:00
45511857,4476150,1,2026-07-30 00:05:01,2026-07-30 16:05:01,2024-05-24 02:43:00
454,4160543,1,2026-07-30 01:05:01,2026-07-30 16:05:01,2024-06-04 03:02:10
5123340,4160543,65537,2024-08-31 03:33:00,2026-07-30 16:05:01,2024-02-25 03:34:00
10126551,4160543,16777473,2026-07-30 14:47:22,2026-07-28 00:05:01,2024-02-25 07:43:00
45511857,4160543,1,2026-07-30 00:05:01,2026-07-30 16:05:01,2024-05-24 02:43:00
454,4493836,1,2026-07-30 01:05:01,2026-07-30 16:05:01,2024-06-04 03:02:10
5123340,4493836,65537,2024-08-31 03:33:00,2026-07-30 16:05:01,2024-02-25 03:34:00
10126551,4493836,16777473,2026-07-30 14:47:22,2026-07-10 11:05:01,2024-02-25 07:43:00
45511857,4493836,1,2026-07-30 00:05:01,2026-07-30 16:05:01,2024-05-24 02:43:00
454,1482373,1,2026-07-30 01:05:01,2026-07-30 16:05:01,2024-06-04 03:02:10
5123340,1482373,65537,2024-08-31 03:33:00,2026-07-30 16:05:01,2024-02-25 03:34:00
10126551,1482373,16777473,2026-07-30 14:47:22,2026-07-28 00:05:01,2024-02-25 07:43:00
45511857,1482373,1,2026-07-30 00:05:01,2026-07-30 16:05:01,2024-05-24 02:43:00
454,4591284,1,2026-07-30 01:05:01,2026-07-30 16:05:01,2024-06-04 03:02:10
5123340,4591284,65537,2024-08-31 03:33:00,2026-07-30 16:05:01,2024-02-25 03:34:00
10126551,4591284,16777473,2026-07-30 14:47:22,2026-07-30 05:05:01,2024-02-25 07:43:00
45511857,4591284,1,2026-07-30 00:05:01,2026-07-30 16:05:01,2024-05-24 02:43:00
454,3831141,1,2026-07-30 01:05:01,2026-07-30 16:05:01,2024-06-04 03:02:10
5123340,3831141,65537,2024-08-31 03:33:00,2026-07-30 16:05:01,2024-02-25 03:34:00
10126551,3831141,16777473,2026-07-30 14:47:22,2026-07-28 04:05:01,2024-02-25 07:43:00
45511857,3831141,1,2026-07-30 00:05:01,2026-07-30 16:05:01,2024-05-24 02:43:00
454,4762559,1,2026-07-30 01:05:01,2026-07-30 16:05:01,2024-06-04 03:02:10
5123340,4762559,65537,2024-08-31 03:33:00,2026-07-30 16:05:01,2024-02-25 03:34:00
10126551,4762559,16777473,2026-07-30 14:47:22,2026-07-30 05:05:01,2024-02-25 07:43:00
45511857,4762559,1,2026-07-30 00:05:01,2026-07-30 16:05:01,2024-05-24 02:43:00
454,4827858,1,2026-07-30 01:05:01,2026-07-30 16:05:01,2024-06-04 03:02:10
5123340,4827858,65537,2024-08-31 03:33:00,2026-07-30 16:05:01,2024-02-25 03:34:00
10126551,4827858,16777473,2026-07-30 14:47:22,2026-07-30 05:05:01,2024-02-25 07:43:00
45511857,4827858,1,2026-07-30 00:05:01,2026-07-30 16:05:01,2024-05-24 02:43:00
454,4832538,1,2026-07-30 01:05:01,2026-07-30 16:05:01,2024-06-04 03:02:10
5123340,4832538,65537,2024-08-31 03:33:00,2026-07-30 16:05:01,2024-02-25 03:34:00
10126551,4832538,16777473,2026-07-30 14:47:22,2026-07-30 05:05:01,2024-02-25 07:43:00
45511857,4832538,1,2026-07-30 00:05:01,2026-07-30 16:05:01,2024-05-24 02:43:00
454,1940996,1,2026-07-30 01:05:01,2026-07-30 16:05:01,2024-06-04 03:02:10
5123340,1940996,65537,2024-08-31 03:33:00,2026-07-30 16:05:01,2024-02-25 03:34:00
10126551,1940996,16777473,2026-07-30 14:47:22,2026-07-10 11:05:01,2024-02-25 07:43:00
45511857,1940996,1,2026-07-30 00:05:01,2026-07-30 16:05:01,2024-05-24 02:43:00
454,4865089,1,2026-07-30 01:05:01,2026-07-30 16:05:01,2024-06-04 03:02:10
5123340,4865089,65537,2024-08-31 03:33:00,2026-07-30 16:05:01,2024-02-25 03:34:00
10126551,4865089,16777473,2026-07-30 14:47:22,2026-07-28 04:05:01,2024-02-25 07:43:00
45511857,4865089,1,2026-07-30 00:05:01,2026-07-30 16:05:01,2024-05-24 02:43:00
454,4871755,1,2026-07-30 01:05:01,2026-07-30 16:05:01,2024-06-04 03:02:10
5123340,4871755,65537,2024-08-31 03:33:00,2026-07-30 16:05:01,2024-02-25 03:34:00
10126551,4871755,16777473,2026-07-30 14:47:22,2026-07-28 04:05:01,2024-02-25 07:43:00
45511857,4871755,1,2026-07-30 00:05:01,2026-07-30 16:05:01,2024-05-24 02:43:00
454,3276925,1,2026-07-30 01:05:01,2026-07-30 16:05:01,2024-06-04 03:02:10
5123340,3276925,65537,2024-08-31 03:33:00,2026-07-30 16:05:01,2024-02-25 03:34:00
10126551,3276925,16777473,2026-07-30 14:47:22,2026-07-30 05:05:01,2024-02-25 07:43:00
45511857,3276925,1,2026-07-30 00:05:01,2026-07-30 16:05:01,2024-05-24 02:43:00
454,4591347,1,2026-07-30 01:05:01,2026-07-30 16:05:01,2024-06-04 03:02:10
5123340,4591347,65537,2024-08-31 03:33:00,2026-07-30 16:05:01,2024-02-25 03:34:00
10126551,4591347,16777473,2026-07-30 14:47:22,2026-07-27 04:05:01,2024-02-25 07:43:00
45511857,4591347,1,2026-07-30 00:05:01,2026-07-30 16:05:01,2024-05-24 02:43:00
454,4910583,1,2026-07-30 01:05:01,2026-07-30 16:05:01,2024-06-04 03:02:10
5123340,4910583,65537,2024-08-31 03:33:00,2026-07-30 16:05:01,2024-02-25 03:34:00
10126551,4910583,16777473,2026-07-30 14:47:22,2026-07-30 05:05:01,2024-02-25 07:43:00
45511857,4910583,1,2026-07-30 00:05:01,2026-07-30 16:05:01,2024-05-24 02:43:00
454,5048644,1,2026-07-30 01:05:01,2026-07-30 16:05:01,2024-06-04 03:02:10
5123340,5048644,65537,2024-08-31 03:33:00,2026-07-30 16:05:01,2024-02-25 03:34:00
10126551,5048644,16777473,2026-07-30 14:47:22,2026-07-28 00:05:01,2024-02-25 07:43:00
45511857,5048644,1,2026-07-30 00:05:01,2026-07-30 16:05:01,2024-05-24 02:43:00
454,5080358,1,2026-07-30 01:05:01,2026-07-30 16:05:01,2024-06-04 03:02:10
5123340,5080358,65537,2024-08-31 03:33:00,2026-07-30 16:05:01,2024-02-25 03:34:00
10126551,5080358,16777473,2026-07-30 14:47:22,2026-07-30 04:05:01,2024-02-25 07:43:00
45511857,5080358,1,2026-07-30 00:05:01,2026-07-30 16:05:01,2024-05-24 02:43:00
454,3909042,1,2026-07-30 01:05:01,2026-07-30 16:05:01,2024-06-04 03:02:10
10126551,3909042,16777473,2026-07-30 14:47:22,2026-07-10 10:05:01,2024-02-25 07:43:00
45511857,3909042,1,2026-07-30 00:05:01,2026-07-30 16:05:01,2024-05-24 02:43:00
454,5103111,1,2026-07-30 01:05:01,2026-07-30 16:05:01,2024-06-04 03:02:10
5123340,5103111,65537,2024-08-31 03:33:00,2026-07-30 16:05:01,2024-02-25 03:34:00
10126551,5103111,16777473,2026-07-30 14:47:22,2026-07-30 05:05:01,2024-02-25 07:43:00
45511857,5103111,1,2026-07-30 00:05:01,2026-07-30 16:05:01,2024-05-24 02:43:00
454,4730827,1,2026-07-30 01:05:01,2026-07-30 16:05:01,2024-06-04 03:02:10
5123340,4730827,65537,2024-08-31 03:33:00,2026-07-30 16:05:01,2024-02-25 03:34:00
10126551,4730827,16777473,2026-07-30 14:47:22,2026-07-28 00:05:01,2024-02-25 07:43:00
45511857,4730827,1,2026-07-30 00:05:01,2026-07-30 16:05:01,2024-05-24 02:43:00
454,1571005,1,2026-07-30 01:05:01,2026-07-30 16:05:01,2024-06-04 03:02:10
5123340,1571005,65537,2024-08-31 03:33:00,2026-07-30 16:05:01,2024-02-25 03:34:00
10126551,1571005,16777473,2026-07-30 14:47:22,2026-07-30 05:05:01,2024-02-25 07:43:00
45511857,1571005,1,2026-07-30 00:05:01,2026-07-30 16:05:01,2024-05-24 02:43:00
454,4534224,1,2026-07-30 01:05:01,2026-07-30 16:05:01,2024-06-04 03:02:10
5123340,4534224,65537,2024-08-31 03:33:00,2026-07-30 16:05:01,2024-02-25 03:34:00
10126551,4534224,16777473,2026-07-30 14:47:22,2026-07-28 08:05:01,2024-02-25 07:43:00
45511857,4534224,1,2026-07-30 00:05:01,2026-07-30 16:05:01,2024-05-24 02:43:00
454,2195488,1,2026-07-30 01:05:01,2026-07-30 16:05:01,2024-06-04 03:02:10
5123340,2195488,65537,2024-08-31 03:33:00,2026-07-30 16:05:01,2024-02-25 03:34:00
10126551,2195488,16777473,2026-07-30 14:47:22,2026-07-30 05:05:01,2024-02-25 07:43:00
45511857,2195488,1,2026-07-30 00:05:01,2026-07-30 16:05:01,2024-05-24 02:43:00
454,5304294,1,2026-07-30 01:05:01,2026-07-30 16:05:01,2024-06-04 03:02:10
5123340,5304294,65537,2024-08-31 03:33:00,2026-07-30 16:05:01,2024-02-25 03:34:00
10126551,5304294,16777473,2026-07-30 14:47:22,2026-07-30 05:05:01,2024-02-25 07:43:00
45511857,5304294,1,2026-07-30 00:05:01,2026-07-30 16:05:01,2024-05-24 02:43:00
454,3079864,1,2026-07-30 01:05:01,2026-07-30 16:05:01,2024-06-04 03:02:10
5123340,3079864,65537,2024-08-31 03:33:00,2026-07-30 16:05:01,2024-02-25 03:34:00
10126551,3079864,16777473,2026-07-30 14:47:22,2026-07-30 05:05:01,2024-02-25 07:43:00
45511857,3079864,1,2026-07-30 00:05:01,2026-07-30 16:05:01,2024-05-24 02:43:00
454,5334688,1,2026-07-30 01:05:01,2026-07-30 16:05:01,2024-06-04 03:02:10
5123340,5334688,65537,2024-08-31 03:33:00,2026-07-30 16:05:01,2024-02-25 03:34:00
10126551,5334688,16777473,2026-07-30 14:47:22,2026-07-30 05:05:01,2024-02-25 07:43:00
45511857,5334688,1,2026-07-30 00:05:01,2026-07-30 16:05:01,2024-05-24 02:43:00
454,1824423,1,2026-07-30 01:05:01,2026-07-30 16:05:01,2024-06-04 03:02:10
5123340,1824423,65537,2024-08-31 03:33:00,2026-07-30 16:05:01,2024-02-25 03:34:00
10126551,1824423,16777473,2026-07-30 14:47:22,2026-07-30 05:05:01,2024-02-25 07:43:00
45511857,1824423,1,2026-07-30 00:05:01,2026-07-30 16:05:01,2024-05-24 02:43:00
454,2996806,1,2026-07-30 01:05:01,2026-07-30 16:05:01,2024-06-04 03:02:10
5123340,2996806,65537,2024-08-31 03:33:00,2026-07-30 16:05:01,2024-02-25 03:34:00
10126551,2996806,16777473,2026-07-30 14:47:22,2026-07-30 05:05:01,2024-02-25 07:43:00
45511857,2996806,1,2026-07-30 00:05:01,2026-07-30 16:05:01,2024-05-24 02:43:00
454,4269894,1,2026-07-30 01:05:01,2026-07-30 16:05:01,2024-06-04 03:02:10
5123340,4269894,65537,2024-08-31 03:33:00,2026-07-30 16:05:01,2024-02-25 03:34:00
10126551,4269894,16777473,2026-07-30 14:47:22,2026-07-30 05:05:01,2024-02-25 07:43:00
45511857,4269894,1,2026-07-30 00:05:01,2026-07-30 16:05:01,2024-05-24 02:43:00
454,5467253,1,2026-07-30 01:05:01,2026-07-30 16:05:01,2024-06-04 03:02:10
5123340,5467253,65537,2024-08-31 03:33:00,2026-07-30 16:05:01,2024-02-25 03:34:00
10126551,5467253,16777473,2026-07-30 14:47:22,2026-07-30 05:05:01,2024-02-25 07:43:00
45511857,5467253,1,2026-07-30 00:05:01,2026-07-30 16:05:01,2024-05-24 02:43:00
454,5467282,1,2026-07-30 01:05:01,2026-07-30 16:05:01,2024-06-04 03:02:10
5123340,5467282,65537,2024-08-31 03:33:00,2026-07-30 16:05:01,2024-02-25 03:34:00
10126551,5467282,16777473,2026-07-30 14:47:22,2026-07-30 05:05:01,2024-02-25 07:43:00
45511857,5467282,1,2026-07-30 00:05:01,2026-07-30 16:05:01,2024-05-24 02:43:00
454,5473597,1,2026-07-30 01:05:01,2026-07-30 16:05:01,2024-06-04 03:02:10
5123340,5473597,65537,2024-08-31 03:33:00,2026-07-30 16:05:01,2024-02-25 03:34:00
10126551,5473597,16777473,2026-07-30 14:47:22,2026-07-30 05:05:01,2024-02-25 07:43:00
45511857,5473597,1,2026-07-30 00:05:01,2026-07-30 16:05:01,2024-05-24 02:43:00
454,5474030,1,2026-07-30 01:05:01,2026-07-30 16:05:01,2024-06-04 03:02:10
5123340,5474030,65537,2024-08-31 03:33:00,2026-07-30 16:05:01,2024-02-25 03:34:00
10126551,5474030,16777473,2026-07-30 14:47:22,2026-07-30 04:05:01,2024-02-25 07:43:00
45511857,5474030,1,2026-07-30 00:05:01,2026-07-30 16:05:01,2024-05-24 02:43:00
454,3501674,1,2026-07-30 01:05:01,2026-07-30 16:05:01,2024-06-04 03:02:10
5123340,3501674,65537,2024-08-31 03:33:00,2026-07-30 16:05:01,2024-02-25 03:34:00
10126551,3501674,16777473,2026-07-30 14:47:22,2026-07-28 04:05:01,2024-02-25 07:43:00
45511857,3501674,1,2026-07-30 00:05:01,2026-07-30 16:05:01,2024-05-24 02:43:00
454,5466901,1,2026-07-30 01:05:01,2026-07-30 16:05:01,2024-06-04 03:02:10
5123340,5466901,65537,2024-08-31 03:33:00,2026-07-30 16:05:01,2024-02-25 03:34:00
10126551,5466901,16777473,2026-07-30 14:47:22,2026-07-30 05:05:01,2024-02-25 07:43:00
45511857,5466901,1,2026-07-30 00:05:01,2026-07-30 16:05:01,2024-05-24 02:43:00
454,5497373,1,2026-07-30 01:05:01,2026-07-30 16:05:01,2024-06-04 03:02:10
5123340,5497373,65537,2024-08-31 03:33:00,2026-07-30 16:05:01,2024-02-25 03:34:00
10126551,5497373,16777473,2026-07-30 14:47:22,2026-07-30 05:05:01,2024-02-25 07:43:00
45511857,5497373,1,2026-07-30 00:05:01,2026-07-30 16:05:01,2024-05-24 02:43:00
454,5498297,1,2026-07-30 01:05:01,2026-07-30 16:05:01,2024-06-04 03:02:10
5123340,5498297,65537,2024-08-31 03:33:00,2026-07-30 16:05:01,2024-02-25 03:34:00
10126551,5498297,16777473,2026-07-30 14:47:22,2026-07-28 05:05:01,2024-02-25 07:43:00
45511857,5498297,1,2026-07-30 00:05:01,2026-07-30 16:05:01,2024-05-24 02:43:00
454,5506865,1,2026-07-30 01:05:01,2026-07-30 16:05:01,2024-06-04 03:02:10
5123340,5506865,65537,2024-08-31 03:33:00,2026-07-30 16:05:01,2024-02-25 03:34:00
10126551,5506865,16777473,2026-07-30 14:47:22,2026-07-30 05:05:01,2024-02-25 07:43:00
45511857,5506865,1,2026-07-30 00:05:01,2026-07-30 16:05:01,2024-05-24 02:43:00
454,1088860,1,2026-07-30 01:05:01,2026-07-30 16:05:01,2024-06-04 03:02:10
5123340,1088860,65537,2024-08-31 03:33:00,2026-07-30 16:05:01,2024-02-25 03:34:00
10126551,1088860,16777473,2026-07-30 14:47:22,2026-07-28 00:05:01,2024-02-25 07:43:00
45511857,1088860,1,2026-07-30 00:05:01,2026-07-30 16:05:01,2024-05-24 02:43:00
454,5525085,1,2026-07-30 01:05:01,2026-07-30 16:05:01,2024-06-04 03:02:10
5123340,5525085,65537,2024-08-31 03:33:00,2026-07-30 16:05:01,2024-02-25 03:34:00
10126551,5525085,16777473,2026-07-30 14:47:22,2026-07-28 04:05:01,2024-02-25 07:43:00
45511857,5525085,1,2026-07-30 00:05:01,2026-07-30 16:05:01,2024-05-24 02:43:00
454,1716675,1,2026-07-30 01:05:01,2026-07-30 16:05:01,2024-06-04 03:02:10
5123340,1716675,65537,2024-08-31 03:33:00,2026-07-30 16:05:01,2024-02-25 03:34:00
10126551,1716675,16777473,2026-07-30 14:47:22,2026-07-30 05:05:01,2024-02-25 07:43:00
45511857,1716675,1,2026-07-30 00:05:01,2026-07-30 16:05:01,2024-05-24 02:43:00
454,413174,1,2026-07-30 01:05:01,2026-07-30 16:05:01,2024-06-04 03:02:10
5123340,413174,65537,2024-08-31 03:33:00,2026-07-30 16:05:01,2024-02-25 03:34:00
10126551,413174,16777473,2026-07-30 14:47:22,2026-07-30 04:05:01,2024-02-25 07:43:00
45511857,413174,1,2026-07-30 00:05:01,2026-07-30 16:05:01,2024-05-24 02:43:00
454,719968,1,2026-07-30 01:05:01,2026-07-30 16:05:01,2024-06-04 03:02:10
5123340,719968,65537,2024-08-31 03:33:00,2026-07-30 16:05:01,2024-02-25 03:34:00
10126551,719968,16777473,2026-07-30 14:47:22,2026-07-28 00:05:01,2024-02-25 07:43:00
45511857,719968,1,2026-07-30 00:05:01,2026-07-30 16:05:01,2024-05-24 02:43:00
454,749338,1,2026-07-30 01:05:01,2026-07-30 16:05:01,2024-06-04 03:02:10
5123340,749338,0,,2026-07-30 16:05:01,
10126551,749338,16777473,2026-07-30 14:47:22,2026-07-28 00:05:01,2024-02-25 07:43:00
45511857,749338,1,2026-07-30 00:05:01,2026-07-30 16:05:01,2024-05-24 02:43:00
454,787830,1,2026-07-30 01:05:01,2026-07-30 16:05:01,2024-06-04 03:02:10
5123340,787830,65537,2024-08-31 03:33:00,2026-07-30 16:05:01,2024-02-25 03:34:00
10126551,787830,16777473,2026-07-30 14:47:22,2026-07-30 05:05:01,2024-02-25 07:43:00
45511857,787830,1,2026-07-30 00:05:01,2026-07-30 16:05:01,2024-05-24 02:43:00
454,873393,1,2026-07-30 01:05:01,2026-07-30 16:05:01,2024-06-04 03:02:10
5123340,873393,65537,2024-08-31 03:33:00,2026-07-30 16:05:01,2024-02-25 03:34:00
10126551,873393,16777473,2026-07-30 14:47:22,2026-07-30 04:05:01,2024-02-25 07:43:00
45511857,873393,1,2026-07-30 00:05:01,2026-07-30 16:05:01,2024-05-24 02:43:00
454,900428,1,2026-07-30 01:05:01,2026-07-30 16:05:01,2024-06-04 03:02:10
5123340,900428,65537,2024-08-31 03:33:00,2026-07-30 16:05:01,2024-02-25 03:34:00
10126551,900428,16777473,2026-07-30 14:47:22,2026-07-10 10:05:01,2024-02-25 07:43:00
45511857,900428,1,2026-07-30 00:05:01,2026-07-30 16:05:01,2024-05-24 02:43:00
454,906374,1,2026-07-30 01:05:01,2026-07-30 16:05:01,2024-06-04 03:02:10
5123340,906374,65537,2024-08-31 03:33:00,2026-07-30 16:05:01,2024-02-25 03:34:00
10126551,906374,16777473,2026-07-30 14:47:22,2026-07-28 04:05:01,2024-02-25 07:43:00
45511857,906374,1,2026-07-30 00:05:01,2026-07-30 16:05:01,2024-05-24 02:43:00
454,1518534,1,2026-07-30 01:05:01,2026-07-30 16:05:01,2024-06-04 03:02:10
5123340,1518534,65537,2024-08-31 03:33:00,2026-07-30 16:05:01,2024-02-25 03:34:00
10126551,1518534,16777473,2026-07-30 14:47:22,2026-07-30 04:05:01,2024-02-25 07:43:00
45511857,1518534,1,2026-07-30 00:05:01,2026-07-30 16:05:01,2024-05-24 02:43:00
454,1622452,1,2026-07-30 01:05:01,2026-07-30 16:05:01,2024-06-04 03:02:10
5123340,1622452,65537,2024-08-31 03:33:00,2026-07-30 16:05:01,2024-02-25 03:34:00
10126551,1622452,16777473,2026-07-30 14:47:22,2026-07-28 04:05:01,2024-02-25 07:43:00
45511857,1622452,1,2026-07-30 00:05:01,2026-07-30 16:05:01,2024-05-24 02:43:00
454,1775013,1,2026-07-30 01:05:01,2026-07-30 16:05:01,2024-06-04 03:02:10
5123340,1775013,65537,2024-08-31 03:33:00,2026-07-30 16:05:01,2024-02-25 03:34:00
10126551,1775013,16777473,2026-07-30 14:47:22,2026-07-28 00:05:01,2024-02-25 07:43:00
45511857,1775013,1,2026-07-30 00:05:01,2026-07-30 16:05:01,2024-05-24 02:43:00
454,2015757,1,2026-07-30 01:05:01,2026-07-30 16:05:01,2024-06-04 03:02:10
5123340,2015757,65537,2024-08-31 03:33:00,2026-07-30 16:05:01,2024-05-01 03:34:00
10126551,2015757,16777473,2026-07-30 14:47:22,2026-07-10 10:05:01,2024-03-20 07:42:00
45511857,2015757,1,2026-07-30 00:05:01,2026-07-30 16:05:01,2024-05-24 02:43:00
454,2329415,1,2026-07-30 01:05:01,2026-07-30 16:05:01,2024-06-04 03:02:10
5123340,2329415,65537,2024-08-31 03:33:00,2026-07-30 16:05:01,2024-02-25 03:34:00
10126551,2329415,16777473,2026-07-30 14:47:22,2026-07-18 07:05:01,2024-02-25 07:43:00
45511857,2329415,1,2026-07-30 00:05:01,2026-07-30 16:05:01,2024-05-24 02:43:00
454,2415035,1,2026-07-30 01:05:01,2026-07-30 16:05:01,2024-06-04 03:02:10
5123340,2415035,65537,2024-08-31 03:33:00,2026-07-30 16:05:01,2024-02-25 03:34:00
10126551,2415035,16777473,2026-07-30 14:47:22,2026-07-29 13:05:01,2024-02-25 07:43:00
45511857,2415035,1,2026-07-30 00:05:01,2026-07-30 16:05:01,2024-05-24 02:43:00
454,3615318,1,2026-07-30 01:05:01,2026-07-30 16:05:01,2024-06-04 03:02:10
5123340,3615318,65537,2024-08-31 03:33:00,2026-07-30 16:05:01,2024-02-25 03:34:00
10126551,3615318,16777473,2026-07-30 14:47:22,2026-07-28 04:05:01,2024-02-25 07:43:00
45511857,3615318,1,2026-07-30 00:05:01,2026-07-30 16:05:01,2024-05-24 02:43:00
454,3626145,1,2026-07-30 01:05:01,2026-07-30 16:05:01,2024-06-04 03:02:10
5123340,3626145,65537,2024-08-31 03:33:00,2026-07-30 16:05:01,2024-02-25 03:34:00
10126551,3626145,16777473,2026-07-30 14:47:22,2026-07-28 00:05:01,2024-02-25 07:43:00
45511857,3626145,1,2026-07-30 00:05:01,2026-07-30 16:05:01,2024-05-24 02:43:00
454,3664596,1,2026-07-30 01:05:01,2026-07-30 16:05:01,2024-06-04 03:02:10
5123340,3664596,65537,2024-08-31 03:33:00,2026-07-30 16:05:01,2024-02-25 03:34:00
10126551,3664596,16777473,2026-07-30 14:47:22,2026-07-28 00:05:01,2024-02-25 07:43:00
45511857,3664596,1,2026-07-30 00:05:01,2026-07-30 16:05:01,2024-05-24 02:43:00
454,3724952,1,2026-07-30 01:05:01,2026-07-30 16:05:01,2024-06-04 03:02:10
5123340,3724952,65537,2024-08-31 03:33:00,2026-07-30 16:05:01,2024-02-25 03:34:00
10126551,3724952,16777473,2026-07-30 14:47:22,2026-07-28 04:05:01,2024-02-25 07:43:00
45511857,3724952,1,2026-07-30 00:05:01,2026-07-30 16:05:01,2024-05-24 02:43:00
454,3737746,1,2026-07-30 01:05:01,2026-07-30 16:05:01,2024-06-04 03:02:10
5123340,3737746,65537,2024-08-31 03:33:00,2026-07-30 16:05:01,2024-02-25 03:34:00
10126551,3737746,16777473,2026-07-30 14:47:22,2026-07-10 10:05:01,2024-02-25 07:43:00
45511857,3737746,1,2026-07-30 00:05:01,2026-07-30 16:05:01,2024-05-24 02:43:00
454,3146582,1,2026-07-30 01:05:01,2026-07-30 16:05:01,2024-06-04 03:02:10
5123340,3146582,65537,2024-08-31 03:33:00,2026-07-30 16:05:01,2024-02-25 03:34:00
10126551,3146582,16777473,2026-07-30 14:47:22,2026-07-28 04:05:01,2024-02-25 07:43:00
45511857,3146582,1,2026-07-30 00:05:01,2026-07-30 16:05:01,2024-05-24 02:43:00
454,2996897,1,2026-07-30 01:05:01,2026-07-30 16:05:01,2024-06-04 03:02:10
5123340,2996897,65537,2024-08-31 03:33:00,2026-07-30 16:05:01,2024-02-25 03:34:00
10126551,2996897,16777473,2026-07-30 14:47:22,2026-07-30 05:05:01,2024-02-25 07:43:00
45511857,2996897,1,2026-07-30 00:05:01,2026-07-30 16:05:01,2024-05-24 02:43:00
454,3601561,1,2026-07-30 01:05:01,2026-07-30 16:05:01,2024-06-04 03:02:10
5123340,3601561,65537,2024-08-31 03:33:00,2026-07-30 16:05:01,2024-02-25 03:34:00
10126551,3601561,16777473,2026-07-30 14:47:22,2026-07-27 03:05:01,2024-02-25 07:43:00
45511857,3601561,1,2026-07-30 00:05:01,2026-07-30 16:05:01,2024-05-24 02:43:00
454,3601574,1,2026-07-30 01:05:01,2026-07-30 16:05:01,2024-06-04 03:02:10
5123340,3601574,65537,2024-08-31 03:33:00,2026-07-30 16:05:01,2024-02-25 03:34:00
10126551,3601574,16777473,2026-07-30 14:47:22,2026-07-27 01:05:02,2024-02-25 07:43:00
45511857,3601574,1,2026-07-30 00:05:01,2026-07-30 16:05:01,2024-05-24 02:43:00
454,3601584,1,2026-07-30 01:05:01,2026-07-30 16:05:01,2024-06-04 03:02:10
5123340,3601584,65537,2024-08-31 03:33:00,2026-07-30 16:05:01,2024-02-25 03:34:00
10126551,3601584,16777473,2026-07-30 14:47:22,2026-07-26 04:05:01,2024-02-25 07:43:00
45511857,3601584,1,2026-07-30 00:05:01,2026-07-30 16:05:01,2024-05-24 02:43:00
454,3614246,1,2026-07-30 01:05:01,2026-07-30 16:05:01,2024-06-04 03:02:10
5123340,3614246,65537,2024-08-31 03:33:00,2026-07-30 16:05:01,2024-02-25 03:34:00
10126551,3614246,16777473,2026-07-30 14:47:22,2026-07-30 05:05:01,2024-02-25 07:43:00
45511857,3614246,1,2026-07-30 00:05:01,2026-07-30 16:05:01,2024-05-24 02:43:00
454,3669278,1,2026-07-30 01:05:01,2026-07-30 16:05:01,2024-06-04 03:02:10
5123340,3669278,65537,2024-08-31 03:33:00,2026-07-30 16:05:01,2024-02-25 03:34:00
10126551,3669278,16777473,2026-07-30 14:47:22,2026-07-28 04:05:01,2024-02-25 07:43:00
45511857,3669278,1,2026-07-30 00:05:01,2026-07-30 16:05:01,2024-05-24 02:43:00
454,3303662,1,2026-07-30 01:05:01,2026-07-30 16:05:01,2024-06-04 03:02:10
5123340,3303662,65537,2024-08-31 03:33:00,2026-07-30 16:05:01,2024-02-25 03:34:00
10126551,3303662,16777473,2026-07-30 14:47:22,2026-07-30 05:05:01,2024-02-25 07:43:00
45511857,3303662,1,2026-07-30 00:05:01,2026-07-30 16:05:01,2024-05-24 02:43:00
454,2866189,1,2026-07-30 01:05:01,2026-07-30 16:05:01,2024-06-04 03:02:10
5123340,2866189,65537,2024-08-31 03:33:00,2026-07-30 16:05:01,2024-02-25 03:34:00
10126551,2866189,16777473,2026-07-30 14:47:22,2026-07-30 05:05:01,2024-02-25 07:43:00
45511857,2866189,1,2026-07-30 00:05:01,2026-07-30 16:05:01,2024-05-24 02:43:00
454,3801365,1,2026-07-30 01:05:01,2026-07-30 16:05:01,2024-06-04 03:02:10
5123340,3801365,65537,2024-08-31 03:33:00,2026-07-30 16:05:01,2024-02-25 03:34:00
10126551,3801365,16777473,2026-07-30 14:47:22,2026-07-30 05:05:01,2024-02-25 07:43:00
45511857,3801365,1,2026-07-30 00:05:01,2026-07-30 16:05:01,2024-05-24 02:43:00
454,3836068,1,2026-07-30 01:05:01,2026-07-30 16:05:01,2024-06-04 03:02:10
5123340,3836068,65537,2024-08-31 03:33:00,2026-07-30 16:05:01,2024-02-25 03:34:00
10126551,3836068,16777473,2026-07-30 14:47:22,2026-07-28 00:05:01,2024-02-25 07:43:00
45511857,3836068,1,2026-07-30 00:05:01,2026-07-30 16:05:01,2024-05-24 02:43:00
454,4035149,1,2026-07-30 01:05:01,2026-07-30 16:05:01,2024-06-04 03:02:10
5123340,4035149,65537,2024-08-31 03:33:00,2026-07-30 16:05:01,2024-02-25 03:34:00
10126551,4035149,16777473,2026-07-30 14:47:22,2026-07-27 04:05:01,2024-02-25 07:43:00
45511857,4035149,1,2026-07-30 00:05:01,2026-07-30 16:05:01,2024-05-24 02:43:00
454,4032283,1,2026-07-30 01:05:01,2026-07-30 16:05:01,2024-06-04 03:02:10
5123340,4032283,65537,2024-08-31 03:33:00,2026-07-30 16:05:01,2024-02-25 03:34:00
10126551,4032283,16777473,2026-07-30 14:47:22,2026-07-30 05:05:01,2024-02-25 07:43:00
45511857,4032283,1,2026-07-30 00:05:01,2026-07-30 16:05:01,2024-05-24 02:43:00
454,4037010,1,2026-07-30 01:05:01,2026-07-30 16:05:01,2024-06-04 03:02:10
5123340,4037010,65537,2024-08-31 03:33:00,2026-07-30 16:05:01,2024-02-25 03:34:00
10126551,4037010,16777473,2026-07-30 14:47:22,2026-07-27 04:05:01,2024-02-25 07:43:00
45511857,4037010,1,2026-07-30 00:05:01,2026-07-30 16:05:01,2024-05-24 02:43:00
454,3750961,1,2026-07-30 01:05:01,2026-07-30 16:05:01,2024-06-04 03:02:10
5123340,3750961,65537,2024-08-31 03:33:00,2026-07-30 16:05:01,2024-02-25 03:34:00
10126551,3750961,16777473,2026-07-30 14:47:22,2026-07-28 04:05:01,2024-02-25 07:43:00
45511857,3750961,1,2026-07-30 00:05:01,2026-07-30 16:05:01,2024-05-24 02:43:00
454,2173342,1,2026-07-30 01:05:01,2026-07-30 16:05:01,2024-06-04 03:02:10
5123340,2173342,65537,2024-08-31 03:33:00,2026-07-30 16:05:01,2024-02-25 03:34:00
10126551,2173342,16777473,2026-07-30 14:47:22,2026-07-30 05:05:01,2024-02-25 07:43:00
45511857,2173342,1,2026-07-30 00:05:01,2026-07-30 16:05:01,2024-05-24 02:43:00
454,3863746,1,2026-07-30 01:05:01,2026-07-30 16:05:01,2024-06-04 03:02:10
5123340,3863746,65537,2024-08-31 03:33:00,2026-07-30 16:05:01,2024-02-25 03:34:00
10126551,3863746,16777473,2026-07-30 14:47:22,2026-07-30 05:05:01,2024-02-25 07:43:00
45511857,3863746,1,2026-07-30 00:05:01,2026-07-30 16:05:01,2024-05-24 02:43:00
454,3848718,1,2026-07-30 01:05:01,2026-07-30 16:05:01,2024-06-04 03:02:10
5123340,3848718,65537,2024-08-31 03:33:00,2026-07-30 16:05:01,2024-02-25 03:34:00
10126551,3848718,16777473,2026-07-30 14:47:22,2026-07-30 05:05:01,2024-02-25 07:43:00
45511857,3848718,1,2026-07-30 00:05:01,2026-07-30 16:05:01,2024-05-24 02:43:00
454,4292795,1,2026-07-30 01:05:01,2026-07-30 16:05:01,2024-06-04 03:02:10
5123340,4292795,65537,2024-08-31 03:33:00,2026-07-30 16:05:01,2024-02-25 03:34:00
10126551,4292795,16777473,2026-07-30 14:47:22,2026-07-30 05:05:01,2024-02-25 07:43:00
45511857,4292795,1,2026-07-30 00:05:01,2026-07-30 16:05:01,2024-05-24 02:43:00
454,710110,1,2026-07-30 01:05:01,2026-07-30 16:05:01,2024-06-04 03:02:10
5123340,710110,65537,2024-08-31 03:33:00,2026-07-30 16:05:01,2024-02-25 03:34:00
10126551,710110,16777473,2026-07-30 14:47:22,2026-07-10 10:05:01,2024-02-25 07:43:00
45511857,710110,1,2026-07-30 00:05:01,2026-07-30 16:05:01,2024-05-24 02:43:00
454,3911078,1,2026-07-30 01:05:01,2026-07-30 16:05:01,2024-06-04 03:02:10
5123340,3911078,65537,2024-08-31 03:33:00,2026-07-30 16:05:01,2024-02-25 03:34:00
10126551,3911078,16777473,2026-07-30 14:47:22,2026-07-30 05:05:01,2024-02-25 07:43:00
45511857,3911078,1,2026-07-30 00:05:01,2026-07-30 16:05:01,2024-05-24 02:43:00
454,1346540,1,2026-07-30 01:05:01,2026-07-30 16:05:01,2024-06-04 03:02:10
5123340,1346540,65537,2024-08-31 03:33:00,2026-07-30 16:05:01,2024-02-25 03:34:00
10126551,1346540,16777473,2026-07-30 14:47:22,2026-07-30 05:05:01,2024-02-25 07:43:00
45511857,1346540,1,2026-07-30 00:05:01,2026-07-30 16:05:01,2024-05-24 02:43:00
454,4311387,1,2026-07-30 01:05:01,2026-07-30 16:05:01,2024-06-04 03:02:10
5123340,4311387,65537,2024-08-31 03:33:00,2026-07-30 16:05:01,2024-02-25 03:34:00
10126551,4311387,16777473,2026-07-30 14:47:22,2026-07-28 00:05:01,2024-02-25 07:43:00
45511857,4311387,1,2026-07-30 00:05:01,2026-07-30 16:05:01,2024-05-24 02:43:00
454,4342028,1,2026-07-30 01:05:01,2026-07-30 16:05:01,2024-06-04 03:02:10
5123340,4342028,65537,2024-08-31 03:33:00,2026-07-30 16:05:01,2024-02-25 03:34:00
10126551,4342028,16777473,2026-07-30 14:47:22,2026-07-30 05:05:01,2024-02-25 07:43:00
45511857,4342028,1,2026-07-30 00:05:01,2026-07-30 16:05:01,2024-05-24 02:43:00
454,4145432,1,2026-07-30 01:05:01,2026-07-30 16:05:01,2024-06-04 03:02:10
5123340,4145432,65537,2024-08-31 03:33:00,2026-07-30 16:05:01,2024-02-25 03:34:00
10126551,4145432,16777473,2026-07-30 14:47:22,2026-07-28 04:05:01,2024-02-25 07:43:00
45511857,4145432,1,2026-07-30 00:05:01,2026-07-30 16:05:01,2024-05-24 02:43:00
454,3763785,1,2026-07-30 01:05:01,2026-07-30 16:05:01,2024-06-04 03:02:10
5123340,3763785,65537,2024-08-31 03:33:00,2026-07-30 16:05:01,2024-02-25 03:34:00
10126551,3763785,16777473,2026-07-30 14:47:22,2026-07-30 05:05:01,2024-02-25 07:43:00
45511857,3763785,1,2026-07-30 00:05:01,2026-07-30 16:05:01,2024-05-24 02:43:00
454,2912499,1,2026-07-30 01:05:01,2026-07-30 16:05:01,2024-06-04 03:02:10
5123340,2912499,65537,2024-08-31 03:33:00,2026-07-30 16:05:01,2024-02-25 03:34:00
10126551,2912499,16777473,2026-07-30 14:47:22,2026-07-30 05:05:01,2024-02-25 07:43:00
45511857,2912499,1,2026-07-30 00:05:01,2026-07-30 16:05:01,2024-05-24 02:43:00
454,3735351,1,2026-07-30 01:05:01,2026-07-30 16:05:01,2024-06-04 03:02:10
5123340,3735351,65537,2024-08-31 03:33:00,2026-07-30 16:05:01,2024-02-25 03:34:00
10126551,3735351,16777473,2026-07-30 14:47:22,2026-07-28 04:05:01,2024-02-25 07:43:00
45511857,3735351,1,2026-07-30 00:05:01,2026-07-30 16:05:01,2024-05-24 02:43:00
454,3512667,1,2026-07-30 01:05:01,2026-07-30 16:05:01,2024-06-04 03:02:10
5123340,3512667,65537,2024-08-31 03:33:00,2026-07-30 16:05:01,2024-02-25 03:34:00
10126551,3512667,16777473,2026-07-30 14:47:22,2026-07-28 00:05:01,2024-02-25 07:43:00
45511857,3512667,1,2026-07-30 00:05:01,2026-07-30 16:05:01,2024-05-24 02:43:00
454,4762068,1,2026-07-30 01:05:01,2026-07-30 16:05:01,2024-06-04 03:02:10
5123340,4762068,65537,2024-08-31 03:33:00,2026-07-30 16:05:01,2024-02-25 03:34:00
10126551,4762068,16777473,2026-07-30 14:47:22,2026-07-28 04:05:01,2024-02-25 07:43:00
45511857,4762068,1,2026-07-30 00:05:01,2026-07-30 16:05:01,2024-05-24 02:43:00
454,3475604,1,2026-07-30 01:05:01,2026-07-30 16:05:01,2024-06-04 03:02:10
5123340,3475604,65537,2024-08-31 03:33:00,2026-07-30 16:05:01,2024-02-25 03:34:00
10126551,3475604,16777473,2026-07-30 14:47:22,2026-07-28 04:05:01,2024-02-25 07:43:00
45511857,3475604,1,2026-07-30 00:05:01,2026-07-30 16:05:01,2024-05-24 02:43:00
454,4992476,1,2026-07-30 01:05:01,2026-07-30 16:05:01,2024-06-04 03:02:10
5123340,4992476,65537,2024-08-31 03:33:00,2026-07-30 16:05:01,2024-02-25 03:34:00
10126551,4992476,16777473,2026-07-30 14:47:22,2026-07-21 08:23:14,2024-02-25 07:43:00
45511857,4992476,1,2026-07-30 00:05:01,2026-07-30 16:05:01,2024-05-24 02:43:00
454,3159273,1,2026-07-30 01:05:01,2026-07-30 16:05:01,2024-06-04 03:02:10
5123340,3159273,65537,2024-08-31 03:33:00,2026-07-30 16:05:01,2024-02-25 03:34:00
10126551,3159273,16777473,2026-07-30 14:47:22,2026-07-28 04:05:01,2024-02-25 07:43:00
45511857,3159273,1,2026-07-30 00:05:01,2026-07-30 16:05:01,2024-05-24 02:43:00
454,2194961,1,2026-07-30 01:05:01,2026-07-30 16:05:01,2024-06-04 03:02:10
5123340,2194961,65537,2024-08-31 03:33:00,2026-07-30 16:05:01,2024-02-25 03:34:00
10126551,2194961,16777473,2026-07-30 14:47:22,2026-07-25 02:05:01,2024-02-25 07:43:00
45511857,2194961,1,2026-07-30 00:05:01,2026-07-30 16:05:01,2024-05-24 02:43:00
454,5164695,1,2026-07-30 01:05:01,2026-07-30 16:05:01,2024-06-04 03:02:10
5123340,5164695,65537,2024-08-31 03:33:00,2026-07-30 16:05:01,2024-02-25 03:34:00
10126551,5164695,16777473,2026-07-30 14:47:22,2026-07-30 05:05:01,2024-02-25 07:43:00
45511857,5164695,1,2026-07-30 00:05:01,2026-07-30 16:05:01,2024-05-24 02:43:00
454,1560956,1,2026-07-30 01:05:01,2026-07-30 16:05:01,2024-06-04 03:02:10
5123340,1560956,65537,2024-08-31 03:33:00,2026-07-30 16:05:01,2024-02-25 03:34:00
10126551,1560956,16777473,2026-07-30 14:47:22,2026-07-30 05:05:01,2024-02-25 07:43:00
45511857,1560956,1,2026-07-30 00:05:01,2026-07-30 16:05:01,2024-05-24 02:43:00
454,5180045,1,2026-07-30 01:05:01,2026-07-30 16:05:01,2024-06-04 03:02:10
5123340,5180045,65537,2024-08-31 03:33:00,2026-07-30 16:05:01,2024-02-25 03:34:00
10126551,5180045,16777473,2026-07-30 14:47:22,2026-07-28 00:05:01,2024-02-25 07:43:00
45511857,5180045,1,2026-07-30 00:05:01,2026-07-30 16:05:01,2024-05-24 02:43:00
454,1825339,1,2026-07-30 01:05:01,2026-07-30 16:05:01,2024-06-04 03:02:10
5123340,1825339,65537,2024-08-31 03:33:00,2026-07-30 16:05:01,2024-02-25 03:34:00
10126551,1825339,16777473,2026-07-30 14:47:22,2026-07-27 12:29:27,2024-02-25 07:43:00
45511857,1825339,1,2026-07-30 00:05:01,2026-07-30 16:05:01,2024-05-24 02:43:00
454,5240021,1,2026-07-30 01:05:01,2026-07-30 16:05:01,2024-06-04 03:02:10
5123340,5240021,65537,2024-08-31 03:33:00,2026-07-30 16:05:01,2024-02-25 03:34:00
10126551,5240021,16777473,2026-07-30 14:47:22,2026-07-30 05:05:01,2024-02-25 07:43:00
45511857,5240021,1,2026-07-30 00:05:01,2026-07-30 16:05:01,2024-05-24 02:43:00
454,3590374,1,2026-07-30 01:05:01,2026-07-30 16:05:01,2024-06-04 03:02:10
5123340,3590374,65537,2024-08-31 03:33:00,2026-07-30 16:05:01,2024-02-25 03:34:00
10126551,3590374,16777473,2026-07-30 14:47:22,2026-07-20 22:05:01,2024-02-25 07:43:00
45511857,3590374,1,2026-07-30 00:05:01,2026-07-30 16:05:01,2024-05-24 02:43:00
454,5118431,1,2026-07-30 01:05:01,2026-07-30 16:05:01,2024-06-04 03:02:10
5123340,5118431,65537,2024-08-31 03:33:00,2026-07-30 16:05:01,2024-02-25 03:34:00
10126551,5118431,16777473,2026-07-30 14:47:22,2026-07-28 23:05:01,2024-02-25 07:43:00
45511857,5118431,1,2026-07-30 00:05:01,2026-07-30 16:05:01,2024-05-24 02:43:00
454,4234840,1,2026-07-30 01:05:01,2026-07-30 16:05:01,2024-06-04 03:02:10
5123340,4234840,65537,2024-08-31 03:33:00,2026-07-30 16:05:01,2024-02-25 03:34:00
10126551,4234840,16777473,2026-07-30 14:47:22,2026-07-30 05:05:01,2024-02-25 07:43:00
45511857,4234840,1,2026-07-30 00:05:01,2026-07-30 16:05:01,2024-05-24 02:43:00
454,1533332,1,2026-07-30 01:05:01,2026-07-30 16:05:01,2024-06-04 03:02:10
5123340,1533332,65537,2024-08-31 03:33:00,2026-07-30 16:05:01,2024-02-25 03:34:00
10126551,1533332,16777473,2026-07-30 14:47:22,2026-07-28 00:05:01,2024-02-25 07:43:00
45511857,1533332,1,2026-07-30 00:05:01,2026-07-30 16:05:01,2024-05-24 02:43:00
454,5447974,1,2026-07-30 01:05:01,2026-07-30 16:05:01,2024-06-04 03:02:10
5123340,5447974,65537,2024-08-31 03:33:00,2026-07-30 16:05:01,2024-02-25 03:34:00
10126551,5447974,16777473,2026-07-30 14:47:22,2026-07-28 00:05:01,2024-02-25 07:43:00
45511857,5447974,1,2026-07-30 00:05:01,2026-07-30 16:05:01,2024-05-24 02:43:00
454,883976,1,2026-07-30 01:05:01,2026-07-30 16:05:01,2024-06-04 03:02:10
5123340,883976,65537,2024-08-31 03:33:00,2026-07-30 16:05:01,2024-02-25 03:34:00
10126551,883976,16777473,2026-07-30 14:47:22,2026-07-28 04:05:01,2024-02-25 07:43:00
45511857,883976,1,2026-07-30 00:05:01,2026-07-30 16:05:01,2024-05-24 02:43:00
454,581961,1,2026-07-30 01:05:01,2026-07-30 16:05:01,2024-06-04 03:02:10
5123340,581961,65537,2024-08-31 03:33:00,2026-07-30 16:05:01,2024-02-25 03:34:00
10126551,581961,16777473,2026-07-30 14:47:22,2026-07-10 10:05:01,2024-02-25 07:43:00
45511857,581961,1,2026-07-30 00:05:01,2026-07-30 16:05:01,2024-05-24 02:43:00
454,581984,1,2026-07-30 01:05:01,2026-07-30 16:05:01,2024-06-04 03:02:10
5123340,581984,65537,2024-08-31 03:33:00,2026-07-30 16:05:01,2024-02-25 03:34:00
10126551,581984,16777473,2026-07-30 14:47:22,2026-07-27 03:05:01,2024-02-25 07:43:00
45511857,581984,1,2026-07-30 00:05:01,2026-07-30 16:05:01,2024-05-24 02:43:00
454,1240815,1,2026-07-30 01:05:01,2026-07-30 16:05:01,2024-06-04 03:02:10
5123340,1240815,65537,2024-08-31 03:33:00,2026-07-30 16:05:01,2024-02-25 03:34:00
10126551,1240815,16777473,2026-07-30 14:47:22,2026-07-28 04:05:01,2024-02-25 07:43:00
45511857,1240815,1,2026-07-30 00:05:01,2026-07-30 16:05:01,2024-05-24 02:43:00
454,5577257,1,2026-07-30 01:05:01,2026-07-30 16:05:01,2024-06-04 03:02:10
5123340,5577257,65537,2024-08-31 03:33:00,2026-07-30 16:05:01,2024-02-25 03:34:00
10126551,5577257,16777473,2026-07-30 14:47:22,2026-07-30 04:05:01,2024-02-25 07:43:00
45511857,5577257,1,2026-07-30 00:05:01,2026-07-30 16:05:01,2024-05-24 02:43:00
454,5577703,1,2026-07-30 01:05:01,2026-07-30 16:05:01,2024-06-04 03:02:10
5123340,5577703,65537,2024-08-31 03:33:00,2026-07-30 16:05:01,2024-02-25 03:34:00
10126551,5577703,16777473,2026-07-30 14:47:22,2026-07-30 05:05:01,2024-02-25 07:43:00
45511857,5577703,1,2026-07-30 00:05:01,2026-07-30 16:05:01,2024-05-24 02:43:00
454,5609695,1,2026-07-30 01:05:01,2026-07-30 16:05:01,2024-06-04 03:02:10
5123340,5609695,65537,2024-08-31 03:33:00,2026-07-30 16:05:01,2024-02-25 03:34:00
10126551,5609695,16777473,2026-07-30 14:47:22,2026-07-28 08:05:01,2024-02-25 07:43:00
45511857,5609695,1,2026-07-30 00:05:01,2026-07-30 16:05:01,2024-05-24 02:43:00
454,236993,1,2026-07-30 01:05:01,2026-07-30 16:05:01,2024-06-04 03:02:10
5123340,236993,65537,2024-08-31 03:33:00,2026-07-30 16:05:01,2024-02-25 03:34:00
10126551,236993,16777473,2026-07-30 14:47:22,2026-07-28 00:05:01,2024-02-25 07:43:00
45511857,236993,1,2026-07-30 00:05:01,2026-07-30 16:05:01,2024-05-24 02:43:00
454,401957,1,2026-07-30 01:05:01,2026-07-30 16:05:01,2024-06-04 03:02:10
5123340,401957,65537,2024-08-31 03:33:00,2026-07-30 16:05:01,2024-02-25 03:34:00
10126551,401957,16777473,2026-07-30 14:47:22,2026-07-28 04:05:01,2024-02-25 07:43:00
45511857,401957,1,2026-07-30 00:05:01,2026-07-30 16:05:01,2024-05-24 02:43:00
454,948743,1,2026-07-30 01:05:01,2026-07-30 16:05:01,2024-06-04 03:02:10
5123340,948743,65537,2024-08-31 03:33:00,2026-07-30 16:05:01,2024-02-25 03:34:00
10126551,948743,16777473,2026-07-30 14:47:22,2026-07-26 03:05:01,2024-02-25 07:43:00
45511857,948743,1,2026-07-30 00:05:01,2026-07-30 16:05:01,2024-05-24 02:43:00
454,957497,1,2026-07-30 01:05:01,2026-07-30 16:05:01,2024-06-04 03:02:10
5123340,957497,65537,2024-08-31 03:33:00,2026-07-30 16:05:01,2024-02-25 03:34:00
10126551,957497,16777473,2026-07-30 14:47:22,2026-07-30 05:05:01,2024-02-25 07:43:00
45511857,957497,1,2026-07-30 00:05:01,2026-07-30 16:05:01,2024-05-24 02:43:00
454,1050490,1,2026-07-30 01:05:01,2026-07-30 16:05:01,2024-06-04 03:02:10
5123340,1050490,65537,2024-08-31 03:33:00,2026-07-30 16:05:01,2024-02-25 03:34:00
10126551,1050490,16777473,2026-07-30 14:47:22,2026-07-28 04:05:01,2024-02-25 07:43:00
45511857,1050490,1,2026-07-30 00:05:01,2026-07-30 16:05:01,2024-05-24 02:43:00
454,1055212,1,2026-07-30 01:05:01,2026-07-30 16:05:01,2024-06-04 03:02:10
5123340,1055212,0,,2026-07-30 16:05:01,
10126551,1055212,16777473,2026-07-30 14:47:22,2026-07-30 00:05:01,2024-02-25 07:43:00
45511857,1055212,1,2026-07-30 00:05:01,2026-07-30 16:05:01,2024-05-24 02:43:00
454,1253413,1,2026-07-30 01:05:01,2026-07-30 16:05:01,2024-06-04 03:02:10
5123340,1253413,65537,2024-08-31 03:33:00,2026-07-30 16:05:01,2024-02-25 03:34:00
10126551,1253413,16777473,2026-07-30 14:47:22,2026-07-30 04:05:01,2024-02-25 07:43:00
45511857,1253413,1,2026-07-30 00:05:01,2026-07-30 16:05:01,2024-05-24 02:43:00
454,1516113,1,2026-07-30 01:05:01,2026-07-30 16:05:01,2024-06-04 03:02:10
5123340,1516113,65537,2024-08-31 03:33:00,2026-07-30 16:05:01,2024-02-25 03:34:00
10126551,1516113,16777473,2026-07-30 14:47:22,2026-07-28 04:05:01,2024-02-25 07:43:00
45511857,1516113,1,2026-07-30 00:05:01,2026-07-30 16:05:01,2024-05-24 02:43:00
454,2485322,1,2026-07-30 01:05:01,2026-07-30 16:05:01,2024-06-04 03:02:10
5123340,2485322,65537,2024-08-31 03:33:00,2026-07-30 16:05:01,2024-02-25 03:34:00
10126551,2485322,16777473,2026-07-30 14:47:22,2026-07-28 10:05:01,2024-02-25 07:43:00
45511857,2485322,1,2026-07-30 00:05:01,2026-07-30 16:05:01,2024-05-24 02:43:00
454,2727089,1,2026-07-30 01:05:01,2026-07-30 16:05:01,2024-06-04 03:02:10
5123340,2727089,65537,2024-08-31 03:33:00,2026-07-30 16:05:01,2024-02-25 03:34:00
10126551,2727089,16777473,2026-07-30 14:47:22,2026-07-30 04:05:01,2024-02-25 07:43:00
45511857,2727089,1,2026-07-30 00:05:01,2026-07-30 16:05:01,2024-05-24 02:43:00
454,2737136,1,2026-07-30 01:05:01,2026-07-30 16:05:01,2024-06-04 03:02:10
5123340,2737136,65537,2024-08-31 03:33:00,2026-07-30 16:05:01,2024-02-25 03:34:00
10126551,2737136,16777473,2026-07-30 14:47:22,2026-07-28 00:05:01,2024-02-25 07:43:00
45511857,2737136,1,2026-07-30 00:05:01,2026-07-30 16:05:01,2024-05-24 02:43:00
454,2860498,1,2026-07-30 01:05:01,2026-07-30 16:05:01,2024-06-04 03:02:10
5123340,2860498,65537,2024-08-31 03:33:00,2026-07-30 16:05:01,2024-02-25 03:34:00
10126551,2860498,16777473,2026-07-30 14:47:22,2026-07-30 04:05:01,2024-02-25 07:43:00
45511857,2860498,1,2026-07-30 00:05:01,2026-07-30 16:05:01,2024-05-24 02:43:00
454,2923920,1,2026-07-30 01:05:01,2026-07-30 16:05:01,2024-06-04 03:02:10
5123340,2923920,65537,2024-08-31 03:33:00,2026-07-30 16:05:01,2024-02-25 03:34:00
10126551,2923920,16777473,2026-07-30 14:47:22,2026-07-28 00:05:01,2024-02-25 07:43:00
45511857,2923920,1,2026-07-30 00:05:01,2026-07-30 16:05:01,2024-05-24 02:43:00
454,3284044,1,2026-07-30 01:05:01,2026-07-30 16:05:01,2024-06-04 03:02:10
454,3773050,1,2026-07-30 01:05:01,2026-07-30 16:05:01,2024-08-20 23:24:46
5123340,3773050,65537,2024-08-31 03:33:00,2026-07-30 16:05:01,2024-08-20 03:33:00
10126551,3773050,16777473,2026-07-30 14:47:22,2026-07-28 05:05:01,2024-08-20 02:05:01
45511857,3773050,1,2026-07-30 00:05:01,2026-07-30 16:05:01,2024-08-28 03:17:20
454,5012643,1,2026-07-30 01:05:01,2026-07-30 16:05:01,2024-06-04 03:02:10
5123340,5012643,65537,2024-08-31 03:33:00,2026-07-30 16:05:01,2024-02-25 03:34:00
10126551,5012643,16777473,2026-07-30 14:47:22,2026-07-27 02:05:01,2024-02-25 07:43:00
45511857,5012643,1,2026-07-30 00:05:01,2026-07-30 16:05:01,2024-05-24 02:43:00
454,5047634,1,2026-07-30 01:05:01,2026-07-30 16:05:01,2024-06-04 03:02:10
5123340,5047634,65537,2024-08-31 03:33:00,2026-07-30 16:05:01,2024-02-25 03:34:00
10126551,5047634,16777473,2026-07-30 14:47:22,2026-07-26 03:05:01,2024-02-25 07:43:00
45511857,5047634,1,2026-07-30 00:05:01,2026-07-30 16:05:01,2024-05-24 02:43:00
454,5047829,1,2026-07-30 01:05:01,2026-07-30 16:05:01,2024-06-04 03:02:10
5123340,5047829,65537,2024-08-31 03:33:00,2026-07-30 16:05:01,2024-02-25 03:34:00
10126551,5047829,16777473,2026-07-30 14:47:22,2026-07-28 05:05:01,2024-02-25 07:43:00
45511857,5047829,1,2026-07-30 00:05:01,2026-07-30 16:05:01,2024-05-24 02:43:00
454,5240435,1,2026-07-30 01:05:01,2026-07-30 16:05:01,2024-06-04 03:02:10
10126551,5240435,16777473,2026-07-30 14:47:22,2026-07-10 10:05:01,2024-02-25 07:43:00
45511857,5240435,1,2026-07-30 00:05:01,2026-07-30 16:05:01,2024-05-24 02:43:00
454,5389982,1,2026-07-30 01:05:01,2026-07-30 16:05:01,2024-06-04 03:02:10
5123340,5389982,65537,2024-08-31 03:33:00,2026-07-30 16:05:01,2024-02-25 03:34:00
10126551,5389982,16777473,2026-07-30 14:47:22,2026-07-28 09:05:01,2024-02-25 07:43:00
45511857,5389982,1,2026-07-30 00:05:01,2026-07-30 16:05:01,2024-05-24 02:43:00
454,5411221,1,2026-07-30 01:05:01,2026-07-30 16:05:01,2024-06-04 03:02:10
5123340,5411221,65537,2024-08-31 03:33:00,2026-07-30 16:05:01,2024-02-25 03:34:00
10126551,5411221,16777473,2026-07-30 14:47:22,2026-07-30 04:05:01,2024-02-25 07:43:00
45511857,5411221,1,2026-07-30 00:05:01,2026-07-30 16:05:01,2024-05-24 02:43:00
454,5475581,1,2026-07-30 01:05:01,2026-07-30 16:05:01,2024-06-04 03:02:10
5123340,5475581,65537,2024-08-31 03:33:00,2026-07-30 16:05:01,2024-05-22 03:33:00
10126551,5475581,16777473,2026-07-30 14:47:22,2026-07-30 05:05:01,2024-02-25 07:43:00
45511857,5475581,1,2026-07-30 00:05:01,2026-07-30 16:05:01,2024-05-24 02:43:00
454,5479285,1,2026-07-30 01:05:01,2026-07-30 16:05:01,2024-06-04 03:02:10
5123340,5479285,65537,2024-08-31 03:33:00,2026-07-30 16:05:01,2024-02-25 03:34:00
10126551,5479285,16777473,2026-07-30 14:47:22,2026-07-30 05:05:01,2024-02-25 07:43:00
45511857,5479285,1,2026-07-30 00:05:01,2026-07-30 16:05:01,2024-05-24 02:43:00
454,5488218,1,2026-07-30 01:05:01,2026-07-30 16:05:01,2024-06-04 03:02:10
5123340,5488218,65537,2024-08-31 03:33:00,2026-07-30 16:05:01,2024-02-25 03:34:00
10126551,5488218,16777473,2026-07-30 14:47:22,2026-07-28 05:05:01,2024-02-25 07:43:00
45511857,5488218,1,2026-07-30 00:05:01,2026-07-30 16:05:01,2024-05-24 02:43:00
454,5613782,1,2026-07-30 01:05:01,2026-07-30 16:05:01,2024-06-04 03:02:10
5123340,5613782,65537,2024-08-31 03:33:00,2026-07-30 16:05:01,2024-02-25 03:34:00
10126551,5613782,16777473,2026-07-30 14:47:22,2026-07-28 10:05:01,2024-02-25 07:43:00
45511857,5613782,1,2026-07-30 00:05:01,2026-07-30 16:05:01,2024-05-25 02:43:00
454,5624379,1,2026-07-30 01:05:01,2026-07-30 16:05:01,2024-06-04 03:02:10
5123340,5624379,65537,2024-08-31 03:33:00,2026-07-30 16:05:01,2024-02-25 03:34:00
10126551,5624379,16777473,2026-07-30 14:47:22,2026-07-28 04:05:01,2024-02-25 07:43:00
45511857,5624379,1,2026-07-30 00:05:01,2026-07-30 16:05:01,2024-05-25 02:43:00
454,5628900,1,2026-07-30 01:05:01,2026-07-30 16:05:01,2024-06-04 03:02:10
5123340,5628900,65537,2024-08-31 03:33:00,2026-07-30 16:05:01,2024-02-25 03:34:00
10126551,5628900,16777473,2026-07-30 14:47:22,2026-07-28 04:05:01,2024-02-25 07:43:00
45511857,5628900,1,2026-07-30 00:05:01,2026-07-30 16:05:01,2024-05-25 02:43:00
454,5634618,1,2026-07-30 01:05:01,2026-07-30 16:05:01,2024-06-04 03:02:10
5123340,5634618,65537,2024-08-31 03:33:00,2026-07-30 16:05:01,2024-02-25 03:34:00
10126551,5634618,16777473,2026-07-30 14:47:22,2026-07-30 05:05:01,2024-02-25 07:43:00
45511857,5634618,1,2026-07-30 00:05:01,2026-07-30 16:05:01,2024-05-25 02:43:00
454,5638794,1,2026-07-30 01:05:01,2026-07-30 16:05:01,2024-06-04 03:02:10
5123340,5638794,65537,2024-08-31 03:33:00,2026-07-30 16:05:01,2024-02-25 03:34:00
10126551,5638794,16777473,2026-07-30 14:47:22,2026-07-30 05:05:01,2024-02-25 07:43:00
45511857,5638794,1,2026-07-30 00:05:01,2026-07-30 16:05:01,2024-05-25 02:43:00
454,5872233,1,2026-07-30 01:05:01,2026-07-30 16:05:01,2024-06-04 03:02:10
5123340,5872233,65537,2024-08-31 03:33:00,2026-07-30 16:05:01,2024-02-25 03:34:00
10126551,5872233,16777473,2026-07-30 14:47:22,2026-07-30 05:05:01,2024-02-25 07:43:00
45511857,5872233,1,2026-07-30 00:05:01,2026-07-30 16:05:01,2024-05-25 02:43:00
454,5874332,1,2026-07-30 01:05:01,2026-07-30 16:05:01,2024-06-05 23:36:02
5123340,5874332,65537,2024-08-31 03:33:00,2026-07-30 16:05:01,2024-02-25 03:34:00
10126551,5874332,16777473,2026-07-30 14:47:22,2026-07-27 02:05:01,2024-02-25 07:43:00
45511857,5874332,1,2026-07-30 00:05:01,2026-07-30 16:05:01,2024-05-25 02:43:00
454,5883443,1,2026-07-30 01:05:01,2026-07-30 16:05:01,2024-06-04 03:02:10
5123340,5883443,65537,2024-08-31 03:33:00,2026-07-30 16:05:01,2024-02-25 03:34:00
10126551,5883443,16777473,2026-07-30 14:47:22,2026-07-30 05:05:01,2024-02-25 07:43:00
45511857,5883443,1,2026-07-30 00:05:01,2026-07-30 16:05:01,2024-05-25 02:43:00
454,5960208,1,2026-07-30 01:05:01,2026-07-30 16:05:01,2024-06-04 03:02:10
5123340,5960208,65537,2024-08-31 03:33:00,2026-07-30 16:05:01,2024-02-25 03:34:00
10126551,5960208,16777473,2026-07-30 14:47:22,2026-07-29 13:05:01,2024-02-25 07:43:00
45511857,5960208,1,2026-07-30 00:05:01,2026-07-30 16:05:01,2024-05-25 02:43:00
454,5966149,1,2026-07-30 01:05:01,2026-07-30 16:05:01,2024-06-04 03:02:10
5123340,5966149,65537,2024-08-31 03:33:00,2026-07-30 16:05:01,2024-02-25 03:34:00
10126551,5966149,16777473,2026-07-30 14:47:22,2026-07-30 05:05:01,2024-02-25 07:43:00
45511857,5966149,1,2026-07-30 00:05:01,2026-07-30 16:05:01,2024-05-25 02:43:00
454,5966292,1,2026-07-30 01:05:01,2026-07-30 16:05:01,2024-06-04 03:02:10
5123340,5966292,65537,2024-08-31 03:33:00,2026-07-30 16:05:01,2024-02-25 03:34:00
10126551,5966292,16777473,2026-07-30 14:47:22,2026-07-30 05:05:01,2024-02-25 07:43:00
45511857,5966292,1,2026-07-30 00:05:01,2026-07-30 16:05:01,2024-05-25 02:43:00
454,5967255,1,2026-07-30 01:05:01,2026-07-30 16:05:01,2024-06-04 03:02:10
5123340,5967255,65537,2024-08-31 03:33:00,2026-07-30 16:05:01,2024-02-25 03:34:00
10126551,5967255,16777473,2026-07-30 14:47:22,2026-07-30 05:05:01,2024-02-25 07:43:00
45511857,5967255,1,2026-07-30 00:05:01,2026-07-30 16:05:01,2024-05-25 02:43:00
454,5967412,1,2026-07-30 01:05:01,2026-07-30 16:05:01,2024-06-04 03:02:10
5123340,5967412,65537,2024-08-31 03:33:00,2026-07-30 16:05:01,2024-02-25 03:34:00
10126551,5967412,16777473,2026-07-30 14:47:22,2026-07-30 05:05:01,2024-02-25 07:43:00
45511857,5967412,1,2026-07-30 00:05:01,2026-07-30 16:05:01,2024-05-25 02:43:00
454,5992544,1,2026-07-30 01:05:01,2026-07-30 16:05:01,2024-06-04 03:02:10
5123340,5992544,65537,2024-08-31 03:33:00,2026-07-30 16:05:01,2024-02-25 03:34:00
10126551,5992544,16777473,2026-07-30 14:47:22,2026-07-27 02:05:01,2024-02-25 07:43:00
45511857,5992544,1,2026-07-30 00:05:01,2026-07-30 16:05:01,2024-05-25 02:43:00
454,6070439,1,2026-07-30 01:05:01,2026-07-30 16:05:01,2024-06-04 03:02:10
10126551,6070439,16777473,2026-07-30 14:47:22,2026-07-10 10:05:01,2024-02-25 07:43:00
45511857,6070439,1,2026-07-30 00:05:01,2026-07-30 16:05:01,2024-05-25 02:43:00
454,6075347,1,2026-07-30 01:05:01,2026-07-30 16:05:01,2024-06-05 23:36:02
5123340,6075347,65537,2024-08-31 03:33:00,2026-07-30 16:05:01,2024-02-25 03:34:00
10126551,6075347,16777473,2026-07-30 14:47:22,2026-07-28 09:05:01,2024-02-25 07:43:00
45511857,6075347,1,2026-07-30 00:05:01,2026-07-30 16:05:01,2024-05-25 02:43:00
454,6092256,1,2026-07-30 01:05:01,2026-07-30 16:05:01,2024-06-04 03:02:10
5123340,6092256,65537,2024-08-31 03:33:00,2026-07-30 16:05:01,2024-02-25 03:34:00
10126551,6092256,16777473,2026-07-30 14:47:22,2026-07-30 05:05:01,2024-02-25 07:43:00
45511857,6092256,1,2026-07-30 00:05:01,2026-07-30 16:05:01,2024-05-25 02:43:00
454,6099506,1,2026-07-30 01:05:01,2026-07-30 16:05:01,2024-06-04 03:02:10
5123340,6099506,65537,2024-08-31 03:33:00,2026-07-30 16:05:01,2024-02-25 03:34:00
10126551,6099506,16777473,2026-07-30 14:47:22,2026-07-30 05:05:01,2024-02-25 07:43:00
45511857,6099506,1,2026-07-30 00:05:01,2026-07-30 16:05:01,2024-05-25 02:43:00
454,6099637,1,2026-07-30 01:05:01,2026-07-30 16:05:01,2024-06-04 03:02:10
5123340,6099637,65537,2024-08-31 03:33:00,2026-07-30 16:05:01,2024-02-25 03:34:00
10126551,6099637,16777473,2026-07-30 14:47:22,2026-07-30 05:05:01,2024-02-25 07:43:00
45511857,6099637,1,2026-07-30 00:05:01,2026-07-30 16:05:01,2024-05-25 02:43:00
454,6100505,1,2026-07-30 01:05:01,2026-07-30 16:05:01,2024-06-04 03:02:10
5123340,6100505,65537,2024-08-31 03:33:00,2026-07-30 16:05:01,2024-02-25 03:34:00
10126551,6100505,16777473,2026-07-30 14:47:22,2026-07-30 04:05:01,2024-02-25 07:43:00
45511857,6100505,1,2026-07-30 00:05:01,2026-07-30 16:05:01,2024-05-25 02:43:00
454,6151982,1,2026-07-30 01:05:01,2026-07-30 16:05:01,2024-06-04 03:02:10
5123340,6151982,65537,2024-08-31 03:33:00,2026-07-30 16:05:01,2024-02-25 03:34:00
10126551,6151982,16777473,2026-07-30 14:47:22,2026-07-30 01:05:01,2024-02-25 07:43:00
45511857,6151982,1,2026-07-30 00:05:01,2026-07-30 16:05:01,2024-05-25 02:43:00
454,6152701,1,2026-07-30 01:05:01,2026-07-30 16:05:01,2024-06-04 03:02:10
5123340,6152701,65537,2024-08-31 03:33:00,2026-07-30 16:05:01,2024-02-25 03:34:00
10126551,6152701,16777473,2026-07-30 14:47:22,2026-07-30 05:05:01,2024-02-25 07:43:00
45511857,6152701,1,2026-07-30 00:05:01,2026-07-30 16:05:01,2024-05-25 02:43:00
454,6170278,1,2026-07-30 01:05:01,2026-07-30 16:05:01,2024-06-04 03:02:10
5123340,6170278,65537,2024-08-31 03:33:00,2026-07-30 16:05:01,2024-02-25 03:34:00
10126551,6170278,16777473,2026-07-30 14:47:22,2026-07-28 00:05:01,2024-02-25 07:43:00
45511857,6170278,1,2026-07-30 00:05:01,2026-07-30 16:05:01,2024-05-25 02:43:00
454,6225736,1,2026-07-30 01:05:01,2026-07-30 16:05:01,2024-06-04 03:02:10
5123340,6225736,65537,2024-08-31 03:33:00,2026-07-30 16:05:01,2024-02-25 03:34:00
10126551,6225736,16777473,2026-07-30 14:47:22,2026-07-28 04:05:01,2024-02-25 07:43:00
45511857,6225736,1,2026-07-30 00:05:01,2026-07-30 16:05:01,2024-05-25 02:43:00
454,6226399,1,2026-07-30 01:05:01,2026-07-30 16:05:01,2024-06-04 03:02:10
5123340,6226399,65537,2024-08-31 03:33:00,2026-07-30 16:05:01,2024-02-25 03:34:00
10126551,6226399,16777473,2026-07-30 14:47:22,2026-07-28 10:05:01,2024-02-25 07:43:00
45511857,6226399,1,2026-07-30 00:05:01,2026-07-30 16:05:01,2024-05-25 02:43:00
454,6226560,1,2026-07-30 01:05:01,2026-07-30 16:05:01,2024-06-04 03:02:10
5123340,6226560,65537,2024-08-31 03:33:00,2026-07-30 16:05:01,2024-02-25 03:34:00
10126551,6226560,16777473,2026-07-30 14:47:22,2026-07-30 01:05:01,2024-02-25 07:43:00
45511857,6226560,1,2026-07-30 00:05:01,2026-07-30 16:05:01,2024-05-25 02:43:00
454,6263014,1,2026-07-30 01:05:01,2026-07-30 16:05:01,2024-06-04 03:02:10
5123340,6263014,65537,2024-08-31 03:33:00,2026-07-30 16:05:01,2024-02-25 03:34:00
10126551,6263014,16777473,2026-07-30 14:47:22,2026-07-28 04:05:01,2024-02-25 07:43:00
45511857,6263014,1,2026-07-30 00:05:01,2026-07-30 16:05:01,2024-05-25 02:43:00
454,6269348,1,2026-07-30 01:05:01,2026-07-30 16:05:01,2024-06-04 03:02:10
5123340,6269348,65537,2024-08-31 03:33:00,2026-07-30 16:05:01,2024-02-25 03:34:00
10126551,6269348,16777473,2026-07-30 14:47:22,2026-07-28 04:05:01,2024-02-25 07:43:00
45511857,6269348,1,2026-07-30 00:05:01,2026-07-30 16:05:01,2024-05-25 02:43:00
454,6276185,1,2026-07-30 01:05:01,2026-07-30 16:05:01,2024-06-04 03:02:10
5123340,6276185,65537,2024-08-31 03:33:00,2026-07-30 16:05:01,2024-02-25 03:34:00
10126551,6276185,16777473,2026-07-30 14:47:22,2026-07-28 00:05:01,2024-02-25 07:43:00
45511857,6276185,1,2026-07-30 00:05:01,2026-07-30 16:05:01,2024-05-25 02:43:00
454,6279039,1,2026-07-30 01:05:01,2026-07-30 16:05:01,2024-06-04 03:02:10
5123340,6279039,65537,2024-08-31 03:33:00,2026-07-30 16:05:01,2024-02-25 03:34:00
10126551,6279039,16777473,2026-07-30 14:47:22,2026-07-23 14:05:01,2024-02-25 07:43:00
45511857,6279039,1,2026-07-30 00:05:01,2026-07-30 16:05:01,2024-05-25 02:43:00
454,6314178,1,2026-07-30 01:05:01,2026-07-30 16:05:01,2024-06-04 03:02:10
5123340,6314178,65537,2024-08-31 03:33:00,2026-07-30 16:05:01,2024-02-25 03:34:00
10126551,6314178,16777473,2026-07-30 14:47:22,2026-07-30 05:05:01,2024-02-25 07:43:00
45511857,6314178,1,2026-07-30 00:05:01,2026-07-30 16:05:01,2024-05-25 02:43:00
454,6381421,1,2026-07-30 01:05:01,2026-07-30 16:05:01,2024-06-04 03:02:10
10126551,6381421,16777473,2026-07-30 14:47:22,2026-07-10 10:05:01,2024-02-25 07:43:00
45511857,6381421,1,2026-07-30 00:05:01,2026-07-30 16:05:01,2024-05-25 02:43:00
454,6394564,1,2026-07-30 01:05:01,2026-07-30 16:05:01,2024-06-04 03:02:10
5123340,6394564,0,,2026-07-30 16:05:01,
10126551,6394564,16777473,2026-07-30 14:47:22,2026-07-28 04:05:01,2024-02-25 07:43:00
45511857,6394564,1,2026-07-30 00:05:01,2026-07-30 16:05:01,2024-05-25 02:43:00
454,6400469,1,2026-07-30 01:05:01,2026-07-30 16:05:01,2024-06-04 03:02:10
5123340,6400469,65537,2024-08-31 03:33:00,2026-07-30 16:05:01,2024-02-25 03:34:00
10126551,6400469,16777473,2026-07-30 14:47:22,2026-07-28 00:05:01,2024-02-25 07:43:00
45511857,6400469,1,2026-07-30 00:05:01,2026-07-30 16:05:01,2024-05-25 02:43:00
454,6414297,1,2026-07-30 01:05:01,2026-07-30 16:05:01,2024-06-04 03:02:10
10126551,6414297,16777473,2026-07-30 14:47:22,2026-07-10 10:05:01,2024-02-25 07:43:00
45511857,6414297,1,2026-07-30 00:05:01,2026-07-30 16:05:01,2024-05-25 02:43:00
454,6415302,1,2026-07-30 01:05:01,2026-07-30 16:05:01,2024-06-04 03:02:10
10126551,6415302,16777473,2026-07-30 14:47:22,2026-07-30 05:05:01,2024-02-25 07:43:00
45511857,6415302,1,2026-07-30 00:05:01,2026-07-30 16:05:01,2024-05-25 02:43:00
454,6508641,1,2026-07-30 01:05:01,2026-07-30 16:05:01,2024-06-04 03:02:10
10126551,6508641,16777473,2026-07-30 14:47:22,2026-07-10 10:05:01,2024-04-09 09:40:00
45511857,6508641,1,2026-07-30 00:05:01,2026-07-30 16:05:01,2024-05-25 02:43:00
454,6544359,1,2026-07-30 01:05:01,2026-07-30 16:05:01,2024-08-20 23:24:46
5123340,6544359,0,,2026-07-30 16:05:01,
10126551,6544359,16777473,2026-07-30 14:47:22,2026-07-28 04:05:01,2024-06-24 09:42:58
45511857,6544359,1,2026-07-30 00:05:01,2026-07-30 16:05:01,2024-06-25 02:43:05
454,6583762,1,2026-07-30 01:05:01,2026-07-30 16:05:01,2025-01-11 04:05:01
5123340,6583762,0,,2026-07-30 16:05:01,
10126551,6583762,16777473,2026-07-30 14:47:22,2026-07-30 04:05:01,2026-03-14 17:05:01
45511857,6583762,1,2026-07-30 00:05:01,2026-07-30 16:05:01,2024-10-12 03:17:29
454,6589144,1,2026-07-30 01:05:01,2026-07-30 16:05:01,2025-01-11 04:05:01
5123340,6589144,0,,2026-07-30 16:05:01,
10126551,6589144,16777473,2026-07-30 14:47:22,2026-07-30 05:05:01,2026-03-14 17:05:01
45511857,6589144,1,2026-07-30 00:05:01,2026-07-30 16:05:01,2024-10-24 03:17:31
454,6661370,1,2026-07-30 01:05:01,2026-07-30 16:05:01,2025-03-14 16:05:01
5123340,6661370,0,,2026-07-30 16:05:01,
10126551,6661370,16777473,2026-07-30 14:47:22,2026-07-28 04:05:01,2026-03-14 17:05:01
13683998,6661370,1,2025-08-02 02:26:43,2026-07-30 16:05:01,2025-07-05 01:24:29
45511857,6661370,1,2026-07-30 00:05:01,2026-07-30 16:05:01,2025-03-15 01:26:55
454,6701418,1,2026-07-30 01:05:01,2026-07-30 16:05:01,2025-08-02 10:05:01
10126551,6701418,16777473,2026-07-30 14:47:22,2026-07-30 05:05:01,2026-03-14 17:05:01
45511857,6701418,1,2026-07-30 00:05:01,2026-07-30 16:05:01,2025-06-21 19:34:56
454,6730450,1,2026-07-30 01:05:01,2026-07-30 16:05:01,2025-11-24 03:05:01
10126551,6730450,16777473,2026-07-30 14:47:22,2026-07-10 10:05:01,2026-03-14 17:05:01
45511857,6730450,1,2026-07-30 00:05:01,2026-07-30 16:05:01,2025-08-12 01:05:01
454,6758159,1,2026-07-30 01:05:01,2026-07-30 16:05:01,2025-11-25 03:05:01
10126551,6758159,16777473,2026-07-30 14:47:22,2026-07-30 05:05:01,2026-03-14 17:05:01
45511857,6758159,1,2026-07-30 00:05:01,2026-07-30 16:05:01,2025-10-23 01:05:01
454,6816642,1,2026-07-30 01:05:01,2026-07-30 16:05:01,2026-02-25 02:05:01
10126551,6816642,16777473,2026-07-30 14:47:22,2026-07-30 05:05:01,2026-03-15 03:05:01
45511857,6816642,1,2026-07-30 00:05:01,2026-07-30 16:05:01,2026-03-10 01:05:01
454,6853124,1,2026-07-30 01:05:01,2026-07-30 16:05:01,2026-05-12 19:05:01
10126551,6853124,16777473,2026-07-30 14:47:22,2026-07-28 04:05:01,2026-05-01 18:05:01
45511857,6853124,1,2026-07-30 00:05:01,2026-07-30 16:05:01,2026-06-22 01:05:00
454,6859442,1,2026-07-30 01:05:01,2026-07-30 16:05:01,2026-05-27 00:05:02
10126551,6859442,16777473,2026-07-30 14:47:22,2026-07-30 04:05:01,2026-05-26 21:05:01
45511857,6859442,1,2026-07-30 00:05:01,2026-07-30 16:05:01,2026-06-22 01:05:00
454,6860076,1,2026-07-30 01:05:01,2026-07-30 16:05:01,2026-05-28 21:05:01
10126551,6860076,16777473,2026-07-30 14:47:22,2026-07-30 05:05:01,2026-05-28 11:05:01
45511857,6860076,1,2026-07-30 00:05:01,2026-07-30 16:05:01,2026-06-22 01:05:00
454,399668,1,2026-07-30 01:05:01,2026-07-30 16:05:01,2024-06-04 03:02:10
5123340,399668,65537,2024-08-31 03:33:00,2026-07-30 16:05:01,2024-02-25 03:34:00
10126551,399668,16777473,2026-07-30 14:47:22,2026-07-30 05:05:01,2024-02-25 07:43:00
45511857,399668,1,2026-07-30 00:05:01,2026-07-30 16:05:01,2024-05-24 02:43:00
454,5628967,1,2026-07-30 01:05:01,2026-07-30 16:05:01,2024-06-04 03:02:10
5123340,5628967,65537,2024-08-31 03:33:00,2026-07-30 16:05:01,2024-02-25 03:34:00
10126551,5628967,16777473,2026-07-30 14:47:22,2026-07-30 05:05:01,2024-02-25 07:43:00
45511857,5628967,1,2026-07-30 00:05:01,2026-07-30 16:05:01,2024-05-25 02:43:00
454,5709604,1,2026-07-30 01:05:01,2026-07-30 16:05:01,2024-06-04 03:02:10
5123340,5709604,65537,2024-08-31 03:33:00,2026-07-30 16:05:01,2024-02-25 03:34:00
10126551,5709604,16777473,2026-07-30 14:47:22,2026-07-26 02:05:01,2024-02-25 07:43:00
45511857,5709604,1,2026-07-30 00:05:01,2026-07-30 16:05:01,2024-05-25 02:43:00
454,6093205,1,2026-07-30 01:05:01,2026-07-30 16:05:01,2024-06-05 23:36:02
5123340,6093205,65537,2024-08-31 03:33:00,2026-07-30 16:05:01,2024-02-25 03:34:00
10126551,6093205,16777473,2026-07-30 14:47:22,2026-07-30 05:05:01,2024-02-25 07:43:00
45511857,6093205,1,2026-07-30 00:05:01,2026-07-30 16:05:01,2024-05-25 02:43:00
454,2118813,1,2026-07-30 01:05:01,2026-07-30 16:05:01,2024-06-04 03:02:10
5123340,2118813,65537,2024-08-31 03:33:00,2026-07-30 16:05:01,2024-02-25 03:34:00
10126551,2118813,16777473,2026-07-30 14:47:22,2026-07-25 02:05:01,2024-02-25 07:43:00
45511857,2118813,1,2026-07-30 00:05:01,2026-07-30 16:05:01,2024-05-24 02:43:00
454,3550468,1,2026-07-30 01:05:01,2026-07-30 16:05:01,2024-06-04 03:02:10
5123340,3550468,65537,2024-08-31 03:33:00,2026-07-30 16:05:01,2024-02-25 03:34:00
10126551,3550468,16777473,2026-07-30 14:47:22,2026-07-28 04:05:01,2024-02-25 07:43:00
45511857,3550468,1,2026-07-30 00:05:01,2026-07-30 16:05:01,2024-05-24 02:43:00
454,5540892,1,2026-07-30 01:05:01,2026-07-30 16:05:01,2024-06-04 03:02:10
5123340,5540892,65537,2024-08-31 03:33:00,2026-07-30 16:05:01,2024-02-25 03:34:00
10126551,5540892,16777473,2026-07-30 14:47:22,2026-07-28 04:05:01,2024-02-25 07:43:00
45511857,5540892,1,2026-07-30 00:05:01,2026-07-30 16:05:01,2024-05-24 02:43:00
454,6710058,1,2026-07-30 01:05:01,2026-07-30 16:05:01,2025-08-02 10:05:01
5123340,6710058,0,,2026-07-30 16:05:01,
10126551,6710058,16777473,2026-07-30 14:47:22,2026-07-28 04:05:01,2026-03-14 17:05:01
45511857,6710058,1,2026-07-30 00:05:01,2026-07-30 16:05:01,2025-06-26 11:35:17
454,6159157,1,2026-07-30 01:05:01,2026-07-30 16:05:01,2024-06-04 03:02:10
5123340,6159157,65537,2024-08-31 03:33:00,2026-07-30 16:05:01,2024-02-25 03:34:00
10126551,6159157,16777473,2026-07-30 14:47:22,2026-07-28 00:05:01,2024-02-25 07:43:00
45511857,6159157,1,2026-07-30 00:05:01,2026-07-30 16:05:01,2024-05-25 02:43:00
454,2460763,1,2026-07-30 01:05:01,2026-07-30 16:05:01,2024-06-04 03:02:10
5123340,2460763,65537,2024-08-31 03:33:00,2026-07-30 16:05:01,2024-02-25 03:34:00
10126551,2460763,16777473,2026-07-30 14:47:22,2026-07-30 05:05:01,2024-02-25 07:43:00
45511857,2460763,1,2026-07-30 00:05:01,2026-07-30 16:05:01,2024-05-24 02:43:00
454,2461017,1,2026-07-30 01:05:01,2026-07-30 16:05:01,2024-06-04 03:02:10
5123340,2461017,65537,2024-08-31 03:33:00,2026-07-30 16:05:01,2024-02-25 03:34:00
10126551,2461017,16777473,2026-07-30 14:47:22,2026-07-30 05:05:01,2024-02-25 07:43:00
45511857,2461017,1,2026-07-30 00:05:01,2026-07-30 16:05:01,2024-05-24 02:43:00
454,2571015,1,2026-07-30 01:05:01,2026-07-30 16:05:01,2024-06-04 03:02:10
5123340,2571015,65537,2024-08-31 03:33:00,2026-07-30 16:05:01,2024-02-25 03:34:00
10126551,2571015,16777473,2026-07-30 14:47:22,2026-07-28 10:05:01,2024-02-25 07:43:00
45511857,2571015,1,2026-07-30 00:05:01,2026-07-30 16:05:01,2024-05-24 02:43:00
454,4966806,1,2026-07-30 01:05:01,2026-07-30 16:05:01,2024-06-04 03:02:10
5123340,4966806,65537,2024-08-31 03:33:00,2026-07-30 16:05:01,2024-02-25 03:34:00
10126551,4966806,16777473,2026-07-30 14:47:22,2026-07-25 02:05:01,2024-02-25 07:43:00
45511857,4966806,1,2026-07-30 00:05:01,2026-07-30 16:05:01,2024-05-24 02:43:00
454,2456427,1,2026-07-30 01:05:01,2026-07-30 16:05:01,2024-06-04 03:02:10
5123340,2456427,65537,2024-08-31 03:33:00,2026-07-30 16:05:01,2024-02-25 03:34:00
10126551,2456427,16777473,2026-07-30 14:47:22,2026-07-30 05:05:01,2024-02-25 07:43:00
45511857,2456427,1,2026-07-30 00:05:01,2026-07-30 16:05:01,2024-05-24 02:43:00
454,3807444,1,2026-07-30 01:05:01,2026-07-30 16:05:01,2024-06-04 03:02:10
5123340,3807444,65537,2024-08-31 03:33:00,2026-07-30 16:05:01,2024-02-25 03:34:00
10126551,3807444,16777473,2026-07-30 14:47:22,2026-07-30 04:05:01,2024-02-25 07:43:00
45511857,3807444,1,2026-07-30 00:05:01,2026-07-30 16:05:01,2024-05-24 02:43:00
454,3906479,1,2026-07-30 01:05:01,2026-07-30 16:05:01,2024-06-04 03:02:10
5123340,3906479,65537,2024-08-31 03:33:00,2026-07-30 16:05:01,2024-02-25 03:34:00
10126551,3906479,16777473,2026-07-30 14:47:22,2026-07-27 01:05:02,2024-02-25 07:43:00
45511857,3906479,1,2026-07-30 00:05:01,2026-07-30 16:05:01,2024-05-24 02:43:00
454,4832295,1,2026-07-30 01:05:01,2026-07-30 16:05:01,2024-06-04 03:02:10
5123340,4832295,65537,2024-08-31 03:33:00,2026-07-30 16:05:01,2024-02-25 03:34:00
10126551,4832295,16777473,2026-07-30 14:47:22,2026-07-28 00:05:01,2024-02-25 07:43:00
5123340,3284044,65537,2024-08-31 03:33:00,2026-07-30 16:05:01,2024-02-25 03:34:00
10126551,3284044,16777473,2026-07-30 14:47:22,2026-07-28 05:05:01,2024-02-25 07:43:00
45511857,3284044,1,2026-07-30 00:05:01,2026-07-30 16:05:01,2024-05-24 02:43:00
454,3316177,1,2026-07-30 01:05:01,2026-07-30 16:05:01,2024-06-04 03:02:10
5123340,3316177,65537,2024-08-31 03:33:00,2026-07-30 16:05:01,2024-02-25 03:34:00
10126551,3316177,16777473,2026-07-30 14:47:22,2026-07-28 00:05:01,2024-02-25 07:43:00
45511857,3316177,1,2026-07-30 00:05:01,2026-07-30 16:05:01,2024-05-24 02:43:00
454,3934911,1,2026-07-30 01:05:01,2026-07-30 16:05:01,2024-06-04 03:02:10
5123340,3934911,65537,2024-08-31 03:33:00,2026-07-30 16:05:01,2024-02-25 03:34:00
10126551,3934911,16777473,2026-07-30 14:47:22,2026-07-30 05:05:01,2024-02-25 07:43:00
45511857,3934911,1,2026-07-30 00:05:01,2026-07-30 16:05:01,2024-05-24 02:43:00
454,3968915,1,2026-07-30 01:05:01,2026-07-30 16:05:01,2024-06-04 03:02:10
5123340,3968915,65537,2024-08-31 03:33:00,2026-07-30 16:05:01,2024-02-25 03:34:00
10126551,3968915,16777473,2026-07-30 14:47:22,2026-07-30 05:05:01,2024-02-25 07:43:00
45511857,3968915,1,2026-07-30 00:05:01,2026-07-30 16:05:01,2024-05-24 02:43:00
454,4204637,1,2026-07-30 01:05:01,2026-07-30 16:05:01,2024-06-04 03:02:10
5123340,4204637,65537,2024-08-31 03:33:00,2026-07-30 16:05:01,2024-02-25 03:34:00
10126551,4204637,16777473,2026-07-30 14:47:22,2026-07-10 10:05:01,2024-02-25 07:43:00
45511857,4204637,1,2026-07-30 00:05:01,2026-07-30 16:05:01,2024-05-24 02:43:00
454,4359098,1,2026-07-30 01:05:01,2026-07-30 16:05:01,2024-06-04 03:02:10
5123340,4359098,65537,2024-08-31 03:33:00,2026-07-30 16:05:01,2024-02-25 03:34:00
10126551,4359098,16777473,2026-07-30 14:47:22,2026-07-10 10:05:01,2024-02-25 07:43:00
45511857,4359098,1,2026-07-30 00:05:01,2026-07-30 16:05:01,2024-05-24 02:43:00
454,4476490,1,2026-07-30 01:05:01,2026-07-30 16:05:01,2024-06-04 03:02:10
5123340,4476490,65537,2024-08-31 03:33:00,2026-07-30 16:05:01,2024-02-25 03:34:00
10126551,4476490,16777473,2026-07-30 14:47:22,2026-07-30 05:05:01,2024-02-25 07:43:00
45511857,4476490,1,2026-07-30 00:05:01,2026-07-30 16:05:01,2024-05-24 02:43:00
454,4481022,1,2026-07-30 01:05:01,2026-07-30 16:05:01,2024-06-04 03:02:10
5123340,4481022,65537,2024-08-31 03:33:00,2026-07-30 16:05:01,2024-02-25 03:34:00
10126551,4481022,16777473,2026-07-30 14:47:22,2026-07-28 04:05:01,2024-02-25 07:43:00
45511857,4481022,1,2026-07-30 00:05:01,2026-07-30 16:05:01,2024-05-24 02:43:00
454,4667928,1,2026-07-30 01:05:01,2026-07-30 16:05:01,2024-06-04 03:02:10
5123340,4667928,65537,2024-08-31 03:33:00,2026-07-30 16:05:01,2024-02-25 03:34:00
10126551,4667928,16777473,2026-07-30 14:47:22,2026-07-28 04:05:01,2024-02-25 07:43:00
45511857,4667928,1,2026-07-30 00:05:01,2026-07-30 16:05:01,2024-05-24 02:43:00
454,4684625,1,2026-07-30 01:05:01,2026-07-30 16:05:01,2024-06-04 03:02:10
5123340,4684625,65537,2024-08-31 03:33:00,2026-07-30 16:05:01,2024-02-25 03:34:00
10126551,4684625,16777473,2026-07-30 14:47:22,2026-07-30 05:05:01,2024-02-25 07:43:00
45511857,4684625,1,2026-07-30 00:05:01,2026-07-30 16:05:01,2024-05-24 02:43:00
454,5664020,1,2026-07-30 01:05:01,2026-07-30 16:05:01,2024-06-04 03:02:10
5123340,5664020,65537,2024-08-31 03:33:00,2026-07-30 16:05:01,2024-02-25 03:34:00
10126551,5664020,16777473,2026-07-30 14:47:22,2026-07-30 05:05:01,2024-02-25 07:43:00
45511857,5664020,1,2026-07-30 00:05:01,2026-07-30 16:05:01,2024-05-25 02:43:00
454,5664155,1,2026-07-30 01:05:01,2026-07-30 16:05:01,2024-06-04 03:02:10
5123340,5664155,65537,2024-08-31 03:33:00,2026-07-30 16:05:01,2024-02-25 03:34:00
10126551,5664155,16777473,2026-07-30 14:47:22,2026-07-30 05:05:01,2024-02-25 07:43:00
45511857,5664155,1,2026-07-30 00:05:01,2026-07-30 16:05:01,2024-05-25 02:43:00
454,5687060,1,2026-07-30 01:05:01,2026-07-30 16:05:01,2024-06-04 03:02:10
5123340,5687060,65537,2024-08-31 03:33:00,2026-07-30 16:05:01,2024-02-25 03:34:00
10126551,5687060,16777473,2026-07-30 14:47:22,2026-07-30 04:05:01,2024-02-25 07:43:00
45511857,5687060,1,2026-07-30 00:05:01,2026-07-30 16:05:01,2024-05-25 02:43:00
454,5720796,1,2026-07-30 01:05:01,2026-07-30 16:05:01,2024-06-04 03:02:10
5123340,5720796,65537,2024-08-31 03:33:00,2026-07-30 16:05:01,2024-02-25 03:34:00
10126551,5720796,16777473,2026-07-30 14:47:22,2026-07-30 03:05:02,2024-02-25 07:43:00
45511857,5720796,1,2026-07-30 00:05:01,2026-07-30 16:05:01,2024-05-25 02:43:00
454,5722700,1,2026-07-30 01:05:01,2026-07-30 16:05:01,2024-06-04 03:02:10
5123340,5722700,65537,2024-08-31 03:33:00,2026-07-30 16:05:01,2024-02-25 03:34:00
10126551,5722700,16777473,2026-07-30 14:47:22,2026-07-30 05:05:01,2024-02-25 07:43:00
45511857,5722700,1,2026-07-30 00:05:01,2026-07-30 16:05:01,2024-05-25 02:43:00
454,5723977,1,2026-07-30 01:05:01,2026-07-30 16:05:01,2024-06-05 23:36:02
5123340,5723977,65537,2024-08-31 03:33:00,2026-07-30 16:05:01,2024-02-25 03:34:00
10126551,5723977,16777473,2026-07-30 14:47:22,2026-07-30 04:05:01,2024-02-25 07:43:00
45511857,5723977,1,2026-07-30 00:05:01,2026-07-30 16:05:01,2024-05-25 02:43:00
454,5725295,1,2026-07-30 01:05:01,2026-07-30 16:05:01,2024-06-04 03:02:10
5123340,5725295,65537,2024-08-31 03:33:00,2026-07-30 16:05:01,2024-02-25 03:34:00
10126551,5725295,16777473,2026-07-30 14:47:22,2026-07-28 04:05:01,2024-02-25 07:43:00
45511857,5725295,1,2026-07-30 00:05:01,2026-07-30 16:05:01,2024-05-25 02:43:00
454,5914595,1,2026-07-30 01:05:01,2026-07-30 16:05:01,2024-06-04 03:02:10
5123340,5914595,65537,2024-08-31 03:33:00,2026-07-30 16:05:01,2024-02-25 03:34:00
10126551,5914595,16777473,2026-07-30 14:47:22,2026-07-30 05:05:01,2024-02-25 07:43:00
45511857,5914595,1,2026-07-30 00:05:01,2026-07-30 16:05:01,2024-05-25 02:43:00
454,5922738,1,2026-07-30 01:05:01,2026-07-30 16:05:01,2024-06-04 03:02:10
5123340,5922738,65537,2024-08-31 03:33:00,2026-07-30 16:05:01,2024-02-25 03:34:00
10126551,5922738,16777473,2026-07-30 14:47:22,2026-07-30 05:05:01,2024-02-25 07:43:00
45511857,5922738,1,2026-07-30 00:05:01,2026-07-30 16:05:01,2024-05-25 02:43:00
454,5941386,1,2026-07-30 01:05:01,2026-07-30 16:05:01,2024-06-04 03:02:10
5123340,5941386,65537,2024-08-31 03:33:00,2026-07-30 16:05:01,2024-02-25 03:34:00
10126551,5941386,16777473,2026-07-30 14:47:22,2026-07-30 05:05:01,2024-02-25 07:43:00
45511857,5941386,1,2026-07-30 00:05:01,2026-07-30 16:05:01,2024-05-25 02:43:00
454,5941396,1,2026-07-30 01:05:01,2026-07-30 16:05:01,2024-06-04 03:02:10
5123340,5941396,65537,2024-08-31 03:33:00,2026-07-30 16:05:01,2024-02-25 03:34:00
10126551,5941396,16777473,2026-07-30 14:47:22,2026-07-28 04:05:01,2024-02-25 07:43:00
45511857,5941396,1,2026-07-30 00:05:01,2026-07-30 16:05:01,2024-05-25 02:43:00
454,5955708,1,2026-07-30 01:05:01,2026-07-30 16:05:01,2024-06-04 03:02:10
5123340,5955708,65537,2024-08-31 03:33:00,2026-07-30 16:05:01,2024-02-25 03:34:00
10126551,5955708,16777473,2026-07-30 14:47:22,2026-07-30 05:05:01,2024-02-25 07:43:00
45511857,5955708,1,2026-07-30 00:05:01,2026-07-30 16:05:01,2024-05-25 02:43:00
454,5956051,1,2026-07-30 01:05:01,2026-07-30 16:05:01,2024-06-04 03:02:10
5123340,5956051,65537,2024-08-31 03:33:00,2026-07-30 16:05:01,2024-02-25 03:34:00
10126551,5956051,16777473,2026-07-30 14:47:22,2026-07-30 05:05:01,2024-02-25 07:43:00
45511857,5956051,1,2026-07-30 00:05:01,2026-07-30 16:05:01,2024-05-25 02:43:00
454,6019722,1,2026-07-30 01:05:01,2026-07-30 16:05:01,2024-06-04 03:02:10
5123340,6019722,65537,2024-08-31 03:33:00,2026-07-30 16:05:01,2024-02-25 03:34:00
10126551,6019722,16777473,2026-07-30 14:47:22,2026-07-28 04:05:01,2024-02-25 07:43:00
45511857,6019722,1,2026-07-30 00:05:01,2026-07-30 16:05:01,2024-05-25 02:43:00
454,6048695,1,2026-07-30 01:05:01,2026-07-30 16:05:01,2024-06-04 03:02:10
5123340,6048695,65537,2024-08-31 03:33:00,2026-07-30 16:05:01,2024-02-25 03:34:00
10126551,6048695,16777473,2026-07-30 14:47:22,2026-07-10 10:05:01,2024-02-25 07:43:00
45511857,6048695,1,2026-07-30 00:05:01,2026-07-30 16:05:01,2024-05-25 02:43:00
454,6054438,1,2026-07-30 01:05:01,2026-07-30 16:05:01,2024-06-04 03:02:10
5123340,6054438,65537,2024-08-31 03:33:00,2026-07-30 16:05:01,2024-02-25 03:34:00
10126551,6054438,16777473,2026-07-30 14:47:22,2026-07-28 10:05:01,2024-02-25 07:43:00
45511857,6054438,1,2026-07-30 00:05:01,2026-07-30 16:05:01,2024-05-25 02:43:00
454,6055245,1,2026-07-30 01:05:01,2026-07-30 16:05:01,2024-06-04 03:02:10
5123340,6055245,65537,2024-08-31 03:33:00,2026-07-30 16:05:01,2024-02-25 03:34:00
10126551,6055245,16777473,2026-07-30 14:47:22,2026-07-25 02:05:01,2024-02-25 07:43:00
45511857,6055245,1,2026-07-30 00:05:01,2026-07-30 16:05:01,2024-05-25 02:43:00
454,6056420,1,2026-07-30 01:05:01,2026-07-30 16:05:01,2024-06-04 03:02:10
5123340,6056420,65537,2024-08-31 03:33:00,2026-07-30 16:05:01,2024-02-25 03:34:00
10126551,6056420,16777473,2026-07-30 14:47:22,2026-07-28 04:05:01,2024-02-25 07:43:00
45511857,6056420,1,2026-07-30 00:05:01,2026-07-30 16:05:01,2024-05-25 02:43:00
454,6069773,1,2026-07-30 01:05:01,2026-07-30 16:05:01,2024-06-04 03:02:10
5123340,6069773,65537,2024-08-31 03:33:00,2026-07-30 16:05:01,2024-02-25 03:34:00
10126551,6069773,16777473,2026-07-30 14:47:22,2026-07-30 03:05:02,2024-02-25 07:43:00
45511857,6069773,1,2026-07-30 00:05:01,2026-07-30 16:05:01,2024-05-25 02:43:00
454,6104322,1,2026-07-30 01:05:01,2026-07-30 16:05:01,2024-06-04 03:02:10
5123340,6104322,65537,2024-08-31 03:33:00,2026-07-30 16:05:01,2024-02-25 03:34:00
10126551,6104322,16777473,2026-07-30 14:47:22,2026-07-30 04:05:01,2024-02-25 07:43:00
45511857,6104322,1,2026-07-30 00:05:01,2026-07-30 16:05:01,2024-05-25 02:43:00
454,6105021,1,2026-07-30 01:05:01,2026-07-30 16:05:01,2024-06-04 03:02:10
5123340,6105021,65537,2024-08-31 03:33:00,2026-07-30 16:05:01,2024-02-25 03:34:00
10126551,6105021,16777473,2026-07-30 14:47:22,2026-07-30 05:05:01,2024-02-25 07:43:00
45511857,6105021,1,2026-07-30 00:05:01,2026-07-30 16:05:01,2024-05-25 02:43:00
454,6108735,1,2026-07-30 01:05:01,2026-07-30 16:05:01,2024-06-04 03:02:10
5123340,6108735,65537,2024-08-31 03:33:00,2026-07-30 16:05:01,2024-02-25 03:34:00
10126551,6108735,16777473,2026-07-30 14:47:22,2026-07-28 04:05:01,2024-02-25 07:43:00
45511857,6108735,1,2026-07-30 00:05:01,2026-07-30 16:05:01,2024-05-25 02:43:00
454,6108761,1,2026-07-30 01:05:01,2026-07-30 16:05:01,2024-06-04 03:02:10
5123340,6108761,65537,2024-08-31 03:33:00,2026-07-30 16:05:01,2024-02-25 03:34:00
10126551,6108761,16777473,2026-07-30 14:47:22,2026-07-30 05:05:01,2024-02-25 07:43:00
45511857,6108761,1,2026-07-30 00:05:01,2026-07-30 16:05:01,2024-05-25 02:43:00
454,6108778,1,2026-07-30 01:05:01,2026-07-30 16:05:01,2024-06-04 03:02:10
5123340,6108778,65537,2024-08-31 03:33:00,2026-07-30 16:05:01,2024-02-25 03:34:00
10126551,6108778,16777473,2026-07-30 14:47:22,2026-07-28 04:05:01,2024-02-25 07:43:00
45511857,6108778,1,2026-07-30 00:05:01,2026-07-30 16:05:01,2024-05-25 02:43:00
454,6314668,1,2026-07-30 01:05:01,2026-07-30 16:05:01,2024-06-04 03:02:10
5123340,6314668,65537,2024-08-31 03:33:00,2026-07-30 16:05:01,2024-02-25 03:34:00
10126551,6314668,16777473,2026-07-30 14:47:22,2026-07-30 05:05:01,2024-02-25 07:43:00
45511857,6314668,1,2026-07-30 00:05:01,2026-07-30 16:05:01,2024-05-25 02:43:00
454,6314769,1,2026-07-30 01:05:01,2026-07-30 16:05:01,2024-06-04 03:02:10
5123340,6314769,65537,2024-08-31 03:33:00,2026-07-30 16:05:01,2024-02-25 03:34:00
10126551,6314769,16777473,2026-07-30 14:47:22,2026-07-30 05:05:01,2024-02-25 07:43:00
45511857,6314769,1,2026-07-30 00:05:01,2026-07-30 16:05:01,2024-05-25 02:43:00
454,6327850,1,2026-07-30 01:05:01,2026-07-30 16:05:01,2024-06-04 03:02:10
5123340,6327850,65537,2024-08-31 03:33:00,2026-07-30 16:05:01,2024-02-25 03:34:00
10126551,6327850,16777473,2026-07-30 14:47:22,2026-07-30 05:05:01,2024-02-25 07:43:00
45511857,6327850,1,2026-07-30 00:05:01,2026-07-30 16:05:01,2024-05-25 02:43:00
454,6328276,1,2026-07-30 01:05:01,2026-07-30 16:05:01,2024-06-04 03:02:10
5123340,6328276,65537,2024-08-31 03:33:00,2026-07-30 16:05:01,2024-02-25 03:34:00
10126551,6328276,16777473,2026-07-30 14:47:22,2026-07-30 01:05:01,2024-02-25 07:43:00
45511857,6328276,1,2026-07-30 00:05:01,2026-07-30 16:05:01,2024-05-25 02:43:00
454,6360981,1,2026-07-30 01:05:01,2026-07-30 16:05:01,2024-06-04 03:02:10
5123340,6360981,65537,2024-08-31 03:33:00,2026-07-30 16:05:01,2024-02-25 03:34:00
10126551,6360981,16777473,2026-07-30 14:47:22,2026-07-30 05:05:01,2024-02-25 07:43:00
45511857,6360981,1,2026-07-30 00:05:01,2026-07-30 16:05:01,2024-05-25 02:43:00
454,6362269,1,2026-07-30 01:05:01,2026-07-30 16:05:01,2024-06-04 03:02:10
5123340,6362269,65537,2024-08-31 03:33:00,2026-07-30 16:05:01,2024-02-25 03:34:00
10126551,6362269,16777473,2026-07-30 14:47:22,2026-07-30 05:05:01,2024-02-25 07:43:00
45511857,6362269,1,2026-07-30 00:05:01,2026-07-30 16:05:01,2024-05-25 02:43:00
454,6365592,1,2026-07-30 01:05:01,2026-07-30 16:05:01,2024-06-04 03:02:10
10126551,6365592,16777473,2026-07-30 14:47:22,2026-07-30 03:05:02,2024-02-25 07:43:00
45511857,6365592,1,2026-07-30 00:05:01,2026-07-30 16:05:01,2026-06-22 01:05:00
454,6423437,1,2026-07-30 01:05:01,2026-07-30 16:05:01,2024-06-04 03:02:10
5123340,6423437,65537,2024-08-31 03:33:00,2026-07-30 16:05:01,2024-02-25 03:34:00
10126551,6423437,16777473,2026-07-30 14:47:22,2026-07-10 10:05:01,2024-02-25 07:43:00
45511857,6423437,1,2026-07-30 00:05:01,2026-07-30 16:05:01,2024-05-25 02:43:00
454,6425213,1,2026-07-30 01:05:01,2026-07-30 16:05:01,2024-06-04 03:02:10
5123340,6425213,65537,2024-08-31 03:33:00,2026-07-30 16:05:01,2024-03-30 03:34:00
10126551,6425213,16777473,2026-07-30 14:47:22,2026-07-30 04:05:01,2024-02-25 07:43:00
45511857,6425213,1,2026-07-30 00:05:01,2026-07-30 16:05:01,2024-05-25 02:43:00
454,6431563,1,2026-07-30 01:05:01,2026-07-30 16:05:01,2024-06-04 03:02:10
5123340,6431563,65537,2024-08-31 03:33:00,2026-07-30 16:05:01,2024-03-30 03:34:00
10126551,6431563,16777473,2026-07-30 14:47:22,2026-07-28 00:05:01,2024-02-25 07:43:00
45511857,6431563,1,2026-07-30 00:05:01,2026-07-30 16:05:01,2024-05-25 02:43:00
454,6431962,1,2026-07-30 01:05:01,2026-07-30 16:05:01,2024-06-04 03:02:10
5123340,6431962,65537,2024-08-31 03:33:00,2026-07-30 16:05:01,2024-02-25 03:34:00
10126551,6431962,16777473,2026-07-30 14:47:22,2026-07-27 02:05:01,2024-02-25 07:43:00
45511857,6431962,1,2026-07-30 00:05:01,2026-07-30 16:05:01,2024-05-25 02:43:00
454,6458126,1,2026-07-30 01:05:01,2026-07-30 16:05:01,2024-06-04 03:02:10
5123340,6458126,0,,2026-07-30 16:05:01,
10126551,6458126,16777473,2026-07-30 14:47:22,2026-07-30 05:05:01,2024-05-07 13:42:54
45511857,6458126,1,2026-07-30 00:05:01,2026-07-30 16:05:01,2024-05-25 02:43:00
454,6462116,1,2026-07-30 01:05:01,2026-07-30 16:05:01,2024-06-04 03:02:10
5123340,6462116,65537,2024-08-31 03:33:00,2026-07-30 16:05:01,2024-03-30 03:34:00
10126551,6462116,16777473,2026-07-30 14:47:22,2026-07-22 11:05:01,2024-03-09 18:37:00
45511857,6462116,1,2026-07-30 00:05:01,2026-07-30 16:05:01,2024-05-25 02:43:00
454,6479017,1,2026-07-30 01:05:01,2026-07-30 16:05:01,2024-06-05 23:36:02
5123340,6479017,65537,2024-08-31 03:33:00,2026-07-30 16:05:01,2024-03-30 03:34:00
10126551,6479017,16777473,2026-07-30 14:47:22,2026-07-30 05:05:01,2024-02-25 07:43:00
45511857,6479017,1,2026-07-30 00:05:01,2026-07-30 16:05:01,2024-05-25 02:43:00
454,6484405,1,2026-07-30 01:05:01,2026-07-30 16:05:01,2024-06-04 03:02:10
5123340,6484405,65537,2024-08-31 03:33:00,2026-07-30 16:05:01,2024-04-22 03:34:00
10126551,6484405,16777473,2026-07-30 14:47:22,2026-07-28 00:05:01,2024-02-25 07:43:00
45511857,6484405,1,2026-07-30 00:05:01,2026-07-30 16:05:01,2024-05-25 02:43:00
454,6485869,1,2026-07-30 01:05:01,2026-07-30 16:05:01,2024-06-04 03:02:10
10126551,6485869,16777473,2026-07-30 14:47:22,2026-07-10 10:05:01,2024-02-25 07:43:00
45511857,6485869,1,2026-07-30 00:05:01,2026-07-30 16:05:01,2024-05-25 02:43:00
454,6763575,1,2026-07-30 01:05:01,2026-07-30 16:05:01,2025-11-25 03:05:01
10126551,6763575,16777473,2026-07-30 14:47:22,2026-07-28 00:05:01,2026-03-14 17:05:01
45511857,6763575,1,2026-07-30 00:05:01,2026-07-30 16:05:01,2025-11-06 01:05:01
454,6800727,1,2026-07-30 01:05:01,2026-07-30 16:05:01,2026-01-21 16:05:01
10126551,6800727,16777473,2026-07-30 14:47:22,2026-07-30 05:05:01,2026-03-14 17:05:01
45511857,6800727,1,2026-07-30 00:05:01,2026-07-30 16:05:01,2026-02-01 01:05:01
454,1727431,1,2026-07-30 01:05:01,2026-07-30 16:05:01,2024-06-04 03:02:10
5123340,1727431,65537,2024-08-31 03:33:00,2026-07-30 16:05:01,2024-02-25 03:34:00
10126551,1727431,16777473,2026-07-30 14:47:22,2026-07-26 04:05:01,2024-02-25 07:43:00
45511857,1727431,1,2026-07-30 00:05:01,2026-07-30 16:05:01,2024-05-24 02:43:00
454,5612635,1,2026-07-30 01:05:01,2026-07-30 16:05:01,2024-06-04 03:02:10
5123340,5612635,65537,2024-08-31 03:33:00,2026-07-30 16:05:01,2024-02-25 03:34:00
10126551,5612635,16777473,2026-07-30 14:47:22,2026-07-28 04:05:01,2024-02-25 07:43:00
45511857,5612635,1,2026-07-30 00:05:01,2026-07-30 16:05:01,2024-05-25 02:43:00
454,5987267,1,2026-07-30 01:05:01,2026-07-30 16:05:01,2024-06-04 03:02:10
5123340,5987267,65537,2024-08-31 03:33:00,2026-07-30 16:05:01,2024-02-25 03:34:00
10126551,5987267,16777473,2026-07-30 14:47:22,2026-07-27 02:05:01,2024-02-25 07:43:00
45511857,5987267,1,2026-07-30 00:05:01,2026-07-30 16:05:01,2024-05-25 02:43:00
454,6303124,1,2026-07-30 01:05:01,2026-07-30 16:05:01,2024-06-04 03:02:10
5123340,6303124,65537,2024-08-31 03:33:00,2026-07-30 16:05:01,2024-02-25 03:34:00
10126551,6303124,16777473,2026-07-30 14:47:22,2026-07-28 00:05:01,2024-02-25 07:43:00
45511857,6303124,1,2026-07-30 00:05:01,2026-07-30 16:05:01,2024-05-25 02:43:00
454,5379135,1,2026-07-30 01:05:01,2026-07-30 16:05:01,2024-06-04 03:02:10
5123340,5379135,65537,2024-08-31 03:33:00,2026-07-30 16:05:01,2024-02-25 03:34:00
10126551,5379135,16777473,2026-07-30 14:47:22,2026-07-30 05:05:01,2024-02-25 07:43:00
45511857,5379135,1,2026-07-30 00:05:01,2026-07-30 16:05:01,2024-05-24 02:43:00
454,2022545,1,2026-07-30 01:05:01,2026-07-30 16:05:01,2024-06-04 03:02:10
5123340,2022545,65537,2024-08-31 03:33:00,2026-07-30 16:05:01,2024-02-25 03:34:00
10126551,2022545,16777473,2026-07-30 14:47:22,2026-07-28 04:05:01,2024-02-25 07:43:00
45511857,2022545,1,2026-07-30 00:05:01,2026-07-30 16:05:01,2024-05-24 02:43:00
454,6399866,1,2026-07-30 01:05:01,2026-07-30 16:05:01,2024-06-04 03:02:10
5123340,6399866,65537,2024-08-31 03:33:00,2026-07-30 16:05:01,2024-02-25 03:34:00
10126551,6399866,16777473,2026-07-30 14:47:22,2026-07-27 04:05:01,2024-02-25 07:43:00
45511857,6399866,1,2026-07-30 00:05:01,2026-07-30 16:05:01,2024-05-25 02:43:00
454,3365472,1,2026-07-30 01:05:01,2026-07-30 16:05:01,2024-06-04 03:02:10
5123340,3365472,65537,2024-08-31 03:33:00,2026-07-30 16:05:01,2024-02-25 03:34:00
10126551,3365472,16777473,2026-07-30 14:47:22,2026-07-30 05:05:01,2024-02-25 07:43:00
45511857,3365472,1,2026-07-30 00:05:01,2026-07-30 16:05:01,2024-05-24 02:43:00
454,3423487,1,2026-07-30 01:05:01,2026-07-30 16:05:01,2024-06-04 03:02:10
5123340,3423487,65537,2024-08-31 03:33:00,2026-07-30 16:05:01,2024-02-25 03:34:00
10126551,3423487,16777473,2026-07-30 14:47:22,2026-07-30 05:05:01,2024-02-25 07:43:00
45511857,3423487,1,2026-07-30 00:05:01,2026-07-30 16:05:01,2024-05-24 02:43:00
454,4258382,1,2026-07-30 01:05:01,2026-07-30 16:05:01,2024-06-04 03:02:10
5123340,4258382,65537,2024-08-31 03:33:00,2026-07-30 16:05:01,2024-02-25 03:34:00
10126551,4258382,16777473,2026-07-30 14:47:22,2026-07-30 05:05:01,2024-02-25 07:43:00
45511857,4258382,1,2026-07-30 00:05:01,2026-07-30 16:05:01,2024-05-24 02:43:00
454,4047690,1,2026-07-30 01:05:01,2026-07-30 16:05:01,2024-06-04 03:02:10
5123340,4047690,65537,2024-08-31 03:33:00,2026-07-30 16:05:01,2024-02-25 03:34:00
10126551,4047690,16777473,2026-07-30 14:47:22,2026-07-27 02:05:01,2024-02-25 07:43:00
45511857,4047690,1,2026-07-30 00:05:01,2026-07-30 16:05:01,2024-05-24 02:43:00
454,4633346,1,2026-07-30 01:05:01,2026-07-30 16:05:01,2024-06-04 03:02:10
5123340,4633346,65537,2024-08-31 03:33:00,2026-07-30 16:05:01,2024-02-25 03:34:00
10126551,4633346,16777473,2026-07-30 14:47:22,2026-07-30 05:05:01,2024-02-25 07:43:00
45511857,4633346,1,2026-07-30 00:05:01,2026-07-30 16:05:01,2024-05-24 02:43:00
454,4831077,1,2026-07-30 01:05:01,2026-07-30 16:05:01,2024-06-04 03:02:10
5123340,4831077,65537,2024-08-31 03:33:00,2026-07-30 16:05:01,2024-02-25 03:34:00
10126551,4831077,16777473,2026-07-30 14:47:22,2026-07-30 05:05:01,2024-02-25 07:43:00
45511857,4831077,1,2026-07-30 00:05:01,2026-07-30 16:05:01,2024-05-24 02:43:00
454,1240862,1,2026-07-30 01:05:01,2026-07-30 16:05:01,2024-06-04 03:02:10
5123340,1240862,65537,2024-08-31 03:33:00,2026-07-30 16:05:01,2024-02-25 03:34:00
45511857,4832295,1,2026-07-30 00:05:01,2026-07-30 16:05:01,2024-05-24 02:43:00
454,4867425,1,2026-07-30 01:05:01,2026-07-30 16:05:01,2024-06-04 03:02:10
5123340,4867425,65537,2024-08-31 03:33:00,2026-07-30 16:05:01,2024-02-25 03:34:00
10126551,4867425,16777473,2026-07-30 14:47:22,2026-07-30 04:05:01,2024-02-25 07:43:00
45511857,4867425,1,2026-07-30 00:05:01,2026-07-30 16:05:01,2024-05-24 02:43:00
454,4896709,1,2026-07-30 01:05:01,2026-07-30 16:05:01,2024-06-04 03:02:10
5123340,4896709,65537,2024-08-31 03:33:00,2026-07-30 16:05:01,2024-02-25 03:34:00
10126551,4896709,16777473,2026-07-30 14:47:22,2026-07-30 05:05:01,2024-02-25 07:43:00
45511857,4896709,1,2026-07-30 00:05:01,2026-07-30 16:05:01,2024-05-24 02:43:00
454,6498416,1,2026-07-30 01:05:01,2026-07-30 16:05:01,2024-06-04 03:02:10
5123340,6498416,65537,2024-08-31 03:33:00,2026-07-30 16:05:01,2024-04-05 03:34:00
10126551,6498416,16777473,2026-07-30 14:47:22,2026-07-28 04:05:01,2024-03-11 18:59:00
45511857,6498416,1,2026-07-30 00:05:01,2026-07-30 16:05:01,2024-05-25 02:43:00
454,6706689,1,2026-07-30 01:05:01,2026-07-30 16:05:01,2025-08-02 10:05:01
10126551,6706689,16777473,2026-07-30 14:47:22,2026-07-30 01:05:01,2026-03-14 17:05:01
45511857,6706689,1,2026-07-30 00:05:01,2026-07-30 16:05:01,2025-06-21 19:34:56
454,6707721,1,2026-07-30 01:05:01,2026-07-30 16:05:01,2025-08-02 10:05:01
5123340,6707721,0,,2026-07-30 16:05:01,
10126551,6707721,16777473,2026-07-30 14:47:22,2026-07-30 05:05:01,2026-03-14 17:05:01
45511857,6707721,1,2026-07-30 00:05:01,2026-07-30 16:05:01,2025-06-21 19:34:56
454,6720807,1,2026-07-30 01:05:01,2026-07-30 16:05:01,2025-11-24 03:05:01
5123340,6720807,0,,2026-07-30 16:05:01,
10126551,6720807,16777473,2026-07-30 14:47:22,2026-07-28 04:05:01,2026-03-14 17:05:01
45511857,6720807,1,2026-07-30 00:05:01,2026-07-30 16:05:01,2025-08-08 01:05:01
454,5530159,1,2026-07-30 01:05:01,2026-07-30 16:05:01,2024-06-04 03:02:10
5123340,5530159,65537,2024-08-31 03:33:00,2026-07-30 16:05:01,2024-02-25 03:34:00
10126551,5530159,16777473,2026-07-30 14:47:22,2026-07-23 14:05:01,2024-02-25 07:43:00
45511857,5530159,1,2026-07-30 00:05:01,2026-07-30 16:05:01,2024-05-24 02:43:00
454,1562100,1,2026-07-30 01:05:01,2026-07-30 16:05:01,2024-06-04 03:02:10
5123340,1562100,65537,2024-08-31 03:33:00,2026-07-30 16:05:01,2024-02-25 03:34:00
10126551,1562100,16777473,2026-07-30 14:47:22,2026-07-28 23:05:01,2024-02-25 07:43:00
45511857,1562100,1,2026-07-30 00:05:01,2026-07-30 16:05:01,2024-05-24 02:43:00
454,6312076,1,2026-07-30 01:05:01,2026-07-30 16:05:01,2024-06-04 03:02:10
5123340,6312076,65537,2024-08-31 03:33:00,2026-07-30 16:05:01,2024-02-25 03:34:00
10126551,6312076,16777473,2026-07-30 14:47:22,2026-07-28 04:05:01,2024-02-25 07:43:00
45511857,6312076,1,2026-07-30 00:05:01,2026-07-30 16:05:01,2024-05-25 02:43:00
454,928479,1,2026-07-30 01:05:01,2026-07-30 16:05:01,2024-06-04 03:02:10
5123340,928479,65537,2024-08-31 03:33:00,2026-07-30 16:05:01,2024-02-25 03:34:00
10126551,928479,16777473,2026-07-30 14:47:22,2026-07-28 00:05:01,2024-02-25 07:43:00
45511857,928479,1,2026-07-30 00:05:01,2026-07-30 16:05:01,2024-05-24 02:43:00
454,1175110,1,2026-07-30 01:05:01,2026-07-30 16:05:01,2024-06-04 03:02:10
5123340,1175110,65537,2024-08-31 03:33:00,2026-07-30 16:05:01,2024-02-25 03:34:00
10126551,1175110,16777473,2026-07-30 14:47:22,2026-07-29 13:05:01,2024-02-25 07:43:00
45511857,1175110,1,2026-07-30 00:05:01,2026-07-30 16:05:01,2024-05-24 02:43:00
454,1309038,1,2026-07-30 01:05:01,2026-07-30 16:05:01,2024-06-04 03:02:10
5123340,1309038,65537,2024-08-31 03:33:00,2026-07-30 16:05:01,2024-02-25 03:34:00
10126551,1309038,16777473,2026-07-30 14:47:22,2026-07-26 04:05:01,2024-02-25 07:43:00
45511857,1309038,1,2026-07-30 00:05:01,2026-07-30 16:05:01,2024-05-24 02:43:00
454,720369,1,2026-07-30 01:05:01,2026-07-30 16:05:01,2024-06-04 03:02:10
5123340,720369,65537,2024-08-31 03:33:00,2026-07-30 16:05:01,2024-02-25 03:34:00
10126551,720369,16777473,2026-07-30 14:47:22,2026-07-30 05:05:01,2024-02-25 07:43:00
45511857,720369,1,2026-07-30 00:05:01,2026-07-30 16:05:01,2024-05-24 02:43:00
454,1157172,1,2026-07-30 01:05:01,2026-07-30 16:05:01,2024-06-04 03:02:10
5123340,1157172,65537,2024-08-31 03:33:00,2026-07-30 16:05:01,2024-02-25 03:34:00
10126551,1157172,16777473,2026-07-30 14:47:22,2026-07-27 03:05:01,2024-02-25 07:43:00
45511857,1157172,1,2026-07-30 00:05:01,2026-07-30 16:05:01,2024-05-24 02:43:00
454,1511026,1,2026-07-30 01:05:01,2026-07-30 16:05:01,2024-06-04 03:02:10
5123340,1511026,65537,2024-08-31 03:33:00,2026-07-30 16:05:01,2024-02-25 03:34:00
10126551,1511026,16777473,2026-07-30 14:47:22,2026-07-28 04:05:01,2024-02-25 07:43:00
45511857,1511026,1,2026-07-30 00:05:01,2026-07-30 16:05:01,2024-05-24 02:43:00
454,1537344,1,2026-07-30 01:05:01,2026-07-30 16:05:01,2024-06-04 03:02:10
5123340,1537344,65537,2024-08-31 03:33:00,2026-07-30 16:05:01,2024-02-25 03:34:00
10126551,1537344,16777473,2026-07-30 14:47:22,2026-07-20 07:05:01,2024-02-25 07:43:00
45511857,1537344,1,2026-07-30 00:05:01,2026-07-30 16:05:01,2024-05-24 02:43:00
454,1543306,1,2026-07-30 01:05:01,2026-07-30 16:05:01,2024-06-04 03:02:10
5123340,1543306,65537,2024-08-31 03:33:00,2026-07-30 16:05:01,2024-02-25 03:34:00
10126551,1543306,16777473,2026-07-30 14:47:22,2026-07-30 05:05:01,2024-02-25 07:43:00
45511857,1543306,1,2026-07-30 00:05:01,2026-07-30 16:05:01,2024-05-24 02:43:00
454,1551115,1,2026-07-30 01:05:01,2026-07-30 16:05:01,2024-06-04 03:02:10
5123340,1551115,65537,2024-08-31 03:33:00,2026-07-30 16:05:01,2024-02-25 03:34:00
10126551,1551115,16777473,2026-07-30 14:47:22,2026-07-30 05:05:01,2024-02-25 07:43:00
45511857,1551115,1,2026-07-30 00:05:01,2026-07-30 16:05:01,2024-05-24 02:43:00
454,1565236,1,2026-07-30 01:05:01,2026-07-30 16:05:01,2024-06-04 03:02:10
5123340,1565236,65537,2024-08-31 03:33:00,2026-07-30 16:05:01,2024-02-25 03:34:00
10126551,1565236,16777473,2026-07-30 14:47:22,2026-07-30 05:05:01,2024-02-25 07:43:00
45511857,1565236,1,2026-07-30 00:05:01,2026-07-30 16:05:01,2024-05-24 02:43:00
454,1565332,1,2026-07-30 01:05:01,2026-07-30 16:05:01,2024-06-04 03:02:10
5123340,1565332,65537,2024-08-31 03:33:00,2026-07-30 16:05:01,2024-02-25 03:34:00
10126551,1565332,16777473,2026-07-30 14:47:22,2026-07-28 00:05:01,2024-02-25 07:43:00
45511857,1565332,1,2026-07-30 00:05:01,2026-07-30 16:05:01,2024-05-24 02:43:00
454,1549969,1,2026-07-30 01:05:01,2026-07-30 16:05:01,2024-06-04 03:02:10
5123340,1549969,65537,2024-08-31 03:33:00,2026-07-30 16:05:01,2024-02-25 03:34:00
10126551,1549969,16777473,2026-07-30 14:47:22,2026-07-30 05:05:01,2024-02-25 07:43:00
45511857,1549969,1,2026-07-30 00:05:01,2026-07-30 16:05:01,2024-05-24 02:43:00
454,180553,1,2026-07-30 01:05:01,2026-07-30 16:05:01,2024-06-05 23:36:02
5123340,180553,65537,2024-08-31 03:33:00,2026-07-30 16:05:01,2024-02-25 03:34:00
10126551,180553,16777473,2026-07-30 14:47:22,2026-07-27 02:05:01,2024-02-25 07:43:00
45511857,180553,1,2026-07-30 00:05:01,2026-07-30 16:05:01,2024-05-24 02:43:00
454,1735998,1,2026-07-30 01:05:01,2026-07-30 16:05:01,2024-06-04 03:02:10
5123340,1735998,65537,2024-08-31 03:33:00,2026-07-30 16:05:01,2024-02-25 03:34:00
10126551,1735998,16777473,2026-07-30 14:47:22,2026-07-28 04:05:01,2024-02-25 07:43:00
45511857,1735998,1,2026-07-30 00:05:01,2026-07-30 16:05:01,2024-05-24 02:43:00
454,1742768,1,2026-07-30 01:05:01,2026-07-30 16:05:01,2024-06-04 03:02:10
5123340,1742768,65537,2024-08-31 03:33:00,2026-07-30 16:05:01,2024-02-25 03:34:00
10126551,1742768,16777473,2026-07-30 14:47:22,2026-07-28 04:05:01,2024-02-25 07:43:00
45511857,1742768,1,2026-07-30 00:05:01,2026-07-30 16:05:01,2024-05-24 02:43:00
454,1727262,1,2026-07-30 01:05:01,2026-07-30 16:05:01,2024-06-04 03:02:10
5123340,1727262,65537,2024-08-31 03:33:00,2026-07-30 16:05:01,2024-02-25 03:34:00
10126551,1727262,16777473,2026-07-30 14:47:22,2026-07-28 00:05:01,2024-02-25 07:43:00
45511857,1727262,1,2026-07-30 00:05:01,2026-07-30 16:05:01,2024-05-24 02:43:00
454,1742778,1,2026-07-30 01:05:01,2026-07-30 16:05:01,2024-06-04 03:02:10
5123340,1742778,65537,2024-08-31 03:33:00,2026-07-30 16:05:01,2024-02-25 03:34:00
10126551,1742778,16777473,2026-07-30 14:47:22,2026-07-28 04:05:01,2024-02-25 07:43:00
45511857,1742778,1,2026-07-30 00:05:01,2026-07-30 16:05:01,2024-05-24 02:43:00
454,1749682,1,2026-07-30 01:05:01,2026-07-30 16:05:01,2024-06-04 03:02:10
5123340,1749682,65537,2024-08-31 03:33:00,2026-07-30 16:05:01,2024-02-25 03:34:00
10126551,1749682,16777473,2026-07-30 14:47:22,2026-07-28 04:05:01,2024-02-25 07:43:00
45511857,1749682,1,2026-07-30 00:05:01,2026-07-30 16:05:01,2024-05-24 02:43:00
454,1749763,1,2026-07-30 01:05:01,2026-07-30 16:05:01,2024-06-04 03:02:10
5123340,1749763,65537,2024-08-31 03:33:00,2026-07-30 16:05:01,2024-02-25 03:34:00
10126551,1749763,16777473,2026-07-30 14:47:22,2026-07-28 00:05:01,2024-02-25 07:43:00
45511857,1749763,1,2026-07-30 00:05:01,2026-07-30 16:05:01,2024-05-24 02:43:00
454,1782548,1,2026-07-30 01:05:01,2026-07-30 16:05:01,2024-06-04 03:02:10
5123340,1782548,65537,2024-08-31 03:33:00,2026-07-30 16:05:01,2024-02-25 03:34:00
10126551,1782548,16777473,2026-07-30 14:47:22,2026-07-30 05:05:01,2024-02-25 07:43:00
45511857,1782548,1,2026-07-30 00:05:01,2026-07-30 16:05:01,2024-05-24 02:43:00
454,1800673,1,2026-07-30 01:05:01,2026-07-30 16:05:01,2024-06-04 03:02:10
5123340,1800673,65537,2024-08-31 03:33:00,2026-07-30 16:05:01,2024-02-25 03:34:00
10126551,1800673,16777473,2026-07-30 14:47:22,2026-07-30 05:05:01,2024-02-25 07:43:00
45511857,1800673,1,2026-07-30 00:05:01,2026-07-30 16:05:01,2024-05-24 02:43:00
454,1816074,1,2026-07-30 01:05:01,2026-07-30 16:05:01,2024-06-04 03:02:10
5123340,1816074,65537,2024-08-31 03:33:00,2026-07-30 16:05:01,2024-02-25 03:34:00
10126551,1816074,16777473,2026-07-30 14:47:22,2026-07-30 05:05:01,2024-02-25 07:43:00
45511857,1816074,1,2026-07-30 00:05:01,2026-07-30 16:05:01,2024-05-24 02:43:00
454,1827546,1,2026-07-30 01:05:01,2026-07-30 16:05:01,2024-06-04 03:02:10
5123340,1827546,65537,2024-08-31 03:33:00,2026-07-30 16:05:01,2024-02-25 03:34:00
10126551,1827546,16777473,2026-07-30 14:47:22,2026-07-30 05:05:01,2024-02-25 07:43:00
45511857,1827546,1,2026-07-30 00:05:01,2026-07-30 16:05:01,2024-05-24 02:43:00
454,949408,1,2026-07-30 01:05:01,2026-07-30 16:05:01,2024-06-05 23:36:02
5123340,949408,65537,2024-08-31 03:33:00,2026-07-30 16:05:01,2024-02-25 03:34:00
10126551,949408,16777473,2026-07-30 14:47:22,2026-07-28 04:05:01,2024-02-25 07:43:00
45511857,949408,1,2026-07-30 00:05:01,2026-07-30 16:05:01,2024-05-24 02:43:00
454,1846832,1,2026-07-30 01:05:01,2026-07-30 16:05:01,2024-06-04 03:02:10
5123340,1846832,65537,2024-08-31 03:33:00,2026-07-30 16:05:01,2024-02-25 03:34:00
10126551,1846832,16777473,2026-07-30 14:47:22,2026-07-30 05:05:01,2024-02-25 07:43:00
45511857,1846832,1,2026-07-30 00:05:01,2026-07-30 16:05:01,2024-05-24 02:43:00
454,1782416,1,2026-07-30 01:05:01,2026-07-30 16:05:01,2024-06-04 03:02:10
5123340,1782416,65537,2024-08-31 03:33:00,2026-07-30 16:05:01,2024-02-25 03:34:00
10126551,1782416,16777473,2026-07-30 14:47:22,2026-07-30 05:05:01,2024-02-25 07:43:00
45511857,1782416,1,2026-07-30 00:05:01,2026-07-30 16:05:01,2024-05-24 02:43:00
454,1754457,1,2026-07-30 01:05:01,2026-07-30 16:05:01,2024-06-04 03:02:10
5123340,1754457,65537,2024-08-31 03:33:00,2026-07-30 16:05:01,2024-02-25 03:34:00
10126551,1754457,16777473,2026-07-30 14:47:22,2026-07-30 05:05:01,2024-02-25 07:43:00
45511857,1754457,1,2026-07-30 00:05:01,2026-07-30 16:05:01,2024-05-24 02:43:00
454,1048672,1,2026-07-30 01:05:01,2026-07-30 16:05:01,2024-06-04 03:02:10
5123340,1048672,65537,2024-08-31 03:33:00,2026-07-30 16:05:01,2024-02-25 03:34:00
10126551,1048672,16777473,2026-07-30 14:47:22,2026-07-28 02:05:01,2024-02-25 07:43:00
45511857,1048672,1,2026-07-30 00:05:01,2026-07-30 16:05:01,2024-05-24 02:43:00
454,2164096,1,2026-07-30 01:05:01,2026-07-30 16:05:01,2024-06-04 03:02:10
5123340,2164096,65537,2024-08-31 03:33:00,2026-07-30 16:05:01,2024-02-25 03:34:00
10126551,2164096,16777473,2026-07-30 14:47:22,2026-07-28 00:05:01,2024-02-25 07:43:00
45511857,2164096,1,2026-07-30 00:05:01,2026-07-30 16:05:01,2024-05-24 02:43:00
454,2169756,1,2026-07-30 01:05:01,2026-07-30 16:05:01,2024-06-04 03:02:10
5123340,2169756,65537,2024-08-31 03:33:00,2026-07-30 16:05:01,2024-02-25 03:34:00
10126551,2169756,16777473,2026-07-30 14:47:22,2026-07-30 05:05:01,2024-02-25 07:43:00
45511857,2169756,1,2026-07-30 00:05:01,2026-07-30 16:05:01,2024-05-24 02:43:00
454,2180301,1,2026-07-30 01:05:01,2026-07-30 16:05:01,2024-06-04 03:02:10
5123340,2180301,65537,2024-08-31 03:33:00,2026-07-30 16:05:01,2024-02-25 03:34:00
10126551,2180301,16777473,2026-07-30 14:47:22,2026-07-30 05:05:01,2024-02-25 07:43:00
45511857,2180301,1,2026-07-30 00:05:01,2026-07-30 16:05:01,2024-05-24 02:43:00
454,2181687,1,2026-07-30 01:05:01,2026-07-30 16:05:01,2024-06-04 03:02:10
5123340,2181687,65537,2024-08-31 03:33:00,2026-07-30 16:05:01,2024-02-25 03:34:00
10126551,2181687,16777473,2026-07-30 14:47:22,2026-07-30 05:05:01,2024-02-25 07:43:00
45511857,2181687,1,2026-07-30 00:05:01,2026-07-30 16:05:01,2024-05-24 02:43:00
454,1897239,1,2026-07-30 01:05:01,2026-07-30 16:05:01,2024-06-04 03:02:10
5123340,1897239,65537,2024-08-31 03:33:00,2026-07-30 16:05:01,2024-02-25 03:34:00
10126551,1897239,16777473,2026-07-30 14:47:22,2026-07-28 04:05:01,2024-02-25 07:43:00
45511857,1897239,1,2026-07-30 00:05:01,2026-07-30 16:05:01,2024-05-24 02:43:00
454,1772145,1,2026-07-30 01:05:01,2026-07-30 16:05:01,2024-06-04 03:02:10
5123340,1772145,65537,2024-08-31 03:33:00,2026-07-30 16:05:01,2024-03-30 03:34:00
10126551,1772145,16777473,2026-07-30 14:47:22,2026-07-25 03:05:01,2024-02-25 07:43:00
13632556,1772145,1,2026-05-24 08:05:01,2026-07-30 16:05:01,2024-08-28 02:23:16
45511857,1772145,1,2026-07-30 00:05:01,2026-07-30 16:05:01,2024-05-24 02:43:00
454,2186463,1,2026-07-30 01:05:01,2026-07-30 16:05:01,2024-06-04 03:02:10
5123340,2186463,65537,2024-08-31 03:33:00,2026-07-30 16:05:01,2024-02-25 03:34:00
10126551,2186463,16777473,2026-07-30 14:47:22,2026-07-30 05:05:01,2024-02-25 07:43:00
45511857,2186463,1,2026-07-30 00:05:01,2026-07-30 16:05:01,2024-05-24 02:43:00
454,2205134,1,2026-07-30 01:05:01,2026-07-30 16:05:01,2024-06-04 03:02:10
5123340,2205134,65537,2024-08-31 03:33:00,2026-07-30 16:05:01,2024-02-25 03:34:00
10126551,2205134,16777473,2026-07-30 14:47:22,2026-07-30 05:05:01,2024-02-25 07:43:00
45511857,2205134,1,2026-07-30 00:05:01,2026-07-30 16:05:01,2024-05-24 02:43:00
454,1323188,1,2026-07-30 01:05:01,2026-07-30 16:05:01,2024-06-04 03:02:10
5123340,1323188,65537,2024-08-31 03:33:00,2026-07-30 16:05:01,2024-02-25 03:34:00
10126551,1323188,16777473,2026-07-30 14:47:22,2026-07-27 02:05:01,2024-02-25 07:43:00
45511857,1323188,1,2026-07-30 00:05:01,2026-07-30 16:05:01,2024-05-24 02:43:00
454,2140156,1,2026-07-30 01:05:01,2026-07-30 16:05:01,2024-06-04 03:02:10
5123340,2140156,65537,2024-08-31 03:33:00,2026-07-30 16:05:01,2024-02-25 03:34:00
10126551,2140156,16777473,2026-07-30 14:47:22,2026-07-30 05:05:01,2024-02-25 07:43:00
45511857,2140156,1,2026-07-30 00:05:01,2026-07-30 16:05:01,2024-05-24 02:43:00
454,1805152,1,2026-07-30 01:05:01,2026-07-30 16:05:01,2024-06-04 03:02:10
5123340,1805152,65537,2024-08-31 03:33:00,2026-07-30 16:05:01,2024-02-25 03:34:00
10126551,1805152,16777473,2026-07-30 14:47:22,2026-07-30 05:05:01,2024-02-25 07:43:00
45511857,1805152,1,2026-07-30 00:05:01,2026-07-30 16:05:01,2024-05-24 02:43:00
454,2173357,1,2026-07-30 01:05:01,2026-07-30 16:05:01,2024-06-04 03:02:10
5123340,2173357,65537,2024-08-31 03:33:00,2026-07-30 16:05:01,2024-02-25 03:34:00
10126551,2173357,16777473,2026-07-30 14:47:22,2026-07-27 06:05:01,2024-02-25 07:43:00
45511857,2173357,1,2026-07-30 00:05:01,2026-07-30 16:05:01,2024-05-24 02:43:00
454,2349884,1,2026-07-30 01:05:01,2026-07-30 16:05:01,2024-06-04 03:02:10
5123340,2349884,65537,2024-08-31 03:33:00,2026-07-30 16:05:01,2024-02-25 03:34:00
10126551,2349884,16777473,2026-07-30 14:47:22,2026-07-30 05:05:01,2024-02-25 07:43:00
45511857,2349884,1,2026-07-30 00:05:01,2026-07-30 16:05:01,2024-05-24 02:43:00
454,1875207,1,2026-07-30 01:05:01,2026-07-30 16:05:01,2024-06-04 03:02:10
5123340,1875207,65537,2024-08-31 03:33:00,2026-07-30 16:05:01,2024-02-25 03:34:00
10126551,1875207,16777473,2026-07-30 14:47:22,2026-07-30 05:05:01,2024-02-25 07:43:00
45511857,1875207,1,2026-07-30 00:05:01,2026-07-30 16:05:01,2024-05-24 02:43:00
454,2388199,1,2026-07-30 01:05:01,2026-07-30 16:05:01,2024-06-04 03:02:10
5123340,2388199,65537,2024-08-31 03:33:00,2026-07-30 16:05:01,2024-02-25 03:34:00
10126551,2388199,16777473,2026-07-30 14:47:22,2026-07-30 05:05:01,2024-02-25 07:43:00
45511857,2388199,1,2026-07-30 00:05:01,2026-07-30 16:05:01,2024-05-24 02:43:00
454,1811053,1,2026-07-30 01:05:01,2026-07-30 16:05:01,2024-06-05 23:36:02
5123340,1811053,65537,2024-08-31 03:33:00,2026-07-30 16:05:01,2024-02-25 03:34:00
10126551,1811053,16777473,2026-07-30 14:47:22,2026-07-30 05:05:01,2024-02-25 07:43:00
45511857,1811053,1,2026-07-30 00:05:01,2026-07-30 16:05:01,2024-05-24 02:43:00
454,2430308,1,2026-07-30 01:05:01,2026-07-30 16:05:01,2024-06-04 03:02:10
5123340,2430308,65537,2024-08-31 03:33:00,2026-07-30 16:05:01,2024-02-25 03:34:00
10126551,2430308,16777473,2026-07-30 14:47:22,2026-07-30 04:05:01,2024-02-25 07:43:00
45511857,2430308,1,2026-07-30 00:05:01,2026-07-30 16:05:01,2024-05-24 02:43:00
454,2383627,1,2026-07-30 01:05:01,2026-07-30 16:05:01,2024-06-04 03:02:10
5123340,2383627,65537,2024-08-31 03:33:00,2026-07-30 16:05:01,2024-02-25 03:34:00
10126551,2383627,16777473,2026-07-30 14:47:22,2026-07-28 04:05:01,2024-02-25 07:43:00
45511857,2383627,1,2026-07-30 00:05:01,2026-07-30 16:05:01,2024-05-24 02:43:00
454,2439006,1,2026-07-30 01:05:01,2026-07-30 16:05:01,2024-06-04 03:02:10
5123340,2439006,65537,2024-08-31 03:33:00,2026-07-30 16:05:01,2024-02-25 03:34:00
10126551,2439006,16777473,2026-07-30 14:47:22,2026-07-30 05:05:01,2024-02-25 07:43:00
45511857,2439006,1,2026-07-30 00:05:01,2026-07-30 16:05:01,2024-05-24 02:43:00
454,2450774,1,2026-07-30 01:05:01,2026-07-30 16:05:01,2024-06-04 03:02:10
5123340,2450774,65537,2024-08-31 03:33:00,2026-07-30 16:05:01,2024-02-25 03:34:00
10126551,2450774,16777473,2026-07-30 14:47:22,2026-07-30 05:05:01,2024-02-25 07:43:00
45511857,2450774,1,2026-07-30 00:05:01,2026-07-30 16:05:01,2024-05-24 02:43:00
454,2456310,1,2026-07-30 01:05:01,2026-07-30 16:05:01,2024-06-04 03:02:10
5123340,2456310,65537,2024-08-31 03:33:00,2026-07-30 16:05:01,2024-02-25 03:34:00
10126551,2456310,16777473,2026-07-30 14:47:22,2026-07-30 05:05:01,2024-02-25 07:43:00
45511857,2456310,1,2026-07-30 00:05:01,2026-07-30 16:05:01,2024-05-24 02:43:00
454,2458233,1,2026-07-30 01:05:01,2026-07-30 16:05:01,2024-06-04 03:02:10
5123340,2458233,65537,2024-08-31 03:33:00,2026-07-30 16:05:01,2024-02-25 03:34:00
10126551,2458233,16777473,2026-07-30 14:47:22,2026-07-28 04:05:01,2024-02-25 07:43:00
45511857,2458233,1,2026-07-30 00:05:01,2026-07-30 16:05:01,2024-05-24 02:43:00
454,2459361,1,2026-07-30 01:05:01,2026-07-30 16:05:01,2024-06-04 03:02:10
5123340,2459361,65537,2024-08-31 03:33:00,2026-07-30 16:05:01,2024-02-25 03:34:00
10126551,2459361,16777473,2026-07-30 14:47:22,2026-07-28 00:05:01,2024-02-25 07:43:00
45511857,2459361,1,2026-07-30 00:05:01,2026-07-30 16:05:01,2024-05-24 02:43:00
454,2456815,1,2026-07-30 01:05:01,2026-07-30 16:05:01,2024-06-04 03:02:10
5123340,2456815,65537,2024-08-31 03:33:00,2026-07-30 16:05:01,2024-02-25 03:34:00
10126551,2456815,16777473,2026-07-30 14:47:22,2026-07-10 11:05:01,2024-02-25 07:43:00
45511857,2456815,1,2026-07-30 00:05:01,2026-07-30 16:05:01,2024-05-24 02:43:00
454,2510835,1,2026-07-30 01:05:01,2026-07-30 16:05:01,2024-06-04 03:02:10
5123340,2510835,65537,2024-08-31 03:33:00,2026-07-30 16:05:01,2024-02-25 03:34:00
10126551,2510835,16777473,2026-07-30 14:47:22,2026-07-25 00:05:01,2024-02-25 07:43:00
45511857,2510835,1,2026-07-30 00:05:01,2026-07-30 16:05:01,2024-05-24 02:43:00
454,2213306,1,2026-07-30 01:05:01,2026-07-30 16:05:01,2024-06-04 03:02:10
5123340,2213306,65537,2024-08-31 03:33:00,2026-07-30 16:05:01,2024-02-25 03:34:00
10126551,2213306,16777473,2026-07-30 14:47:22,2026-07-30 05:05:01,2024-02-25 07:43:00
45511857,2213306,1,2026-07-30 00:05:01,2026-07-30 16:05:01,2024-05-24 02:43:00
454,2496342,1,2026-07-30 01:05:01,2026-07-30 16:05:01,2024-06-05 23:36:02
5123340,2496342,65537,2024-08-31 03:33:00,2026-07-30 16:05:01,2024-02-25 03:34:00
10126551,2496342,16777473,2026-07-30 14:47:22,2026-07-10 11:05:01,2024-02-25 07:43:00
45511857,2496342,1,2026-07-30 00:05:01,2026-07-30 16:05:01,2024-05-24 02:43:00
454,2537978,1,2026-07-30 01:05:01,2026-07-30 16:05:01,2024-06-04 03:02:10
5123340,2537978,65537,2024-08-31 03:33:00,2026-07-30 16:05:01,2024-02-25 03:34:00
10126551,2537978,16777473,2026-07-30 14:47:22,2026-07-28 03:05:01,2024-02-25 07:43:00
45511857,2537978,1,2026-07-30 00:05:01,2026-07-30 16:05:01,2024-05-24 02:43:00
454,2557436,1,2026-07-30 01:05:01,2026-07-30 16:05:01,2024-06-04 03:02:10
5123340,2557436,65537,2024-08-31 03:33:00,2026-07-30 16:05:01,2024-02-25 03:34:00
10126551,2557436,16777473,2026-07-30 14:47:22,2026-07-26 04:05:01,2024-02-25 07:43:00
45511857,2557436,1,2026-07-30 00:05:01,2026-07-30 16:05:01,2024-05-24 02:43:00
454,1692252,1,2026-07-30 01:05:01,2026-07-30 16:05:01,2024-06-04 03:02:10
5123340,1692252,65537,2024-08-31 03:33:00,2026-07-30 16:05:01,2024-02-25 03:34:00
10126551,1692252,16777473,2026-07-30 14:47:22,2026-07-30 05:05:01,2024-02-25 07:43:00
45511857,1692252,1,2026-07-30 00:05:01,2026-07-30 16:05:01,2024-05-24 02:43:00
454,2568996,1,2026-07-30 01:05:01,2026-07-30 16:05:01,2024-06-04 03:02:10
5123340,2568996,65537,2024-08-31 03:33:00,2026-07-30 16:05:01,2024-02-25 03:34:00
10126551,2568996,16777473,2026-07-30 14:47:22,2026-07-28 05:05:01,2024-02-25 07:43:00
45511857,2568996,1,2026-07-30 00:05:01,2026-07-30 16:05:01,2024-05-24 02:43:00
454,2686106,1,2026-07-30 01:05:01,2026-07-30 16:05:01,2024-06-04 03:02:10
5123340,2686106,65537,2024-08-31 03:33:00,2026-07-30 16:05:01,2024-02-25 03:34:00
10126551,2686106,16777473,2026-07-30 14:47:22,2026-07-25 02:05:01,2024-02-25 07:43:00
45511857,2686106,1,2026-07-30 00:05:01,2026-07-30 16:05:01,2024-05-24 02:43:00
454,2706028,1,2026-07-30 01:05:01,2026-07-30 16:05:01,2024-06-04 03:02:10
5123340,2706028,65537,2024-08-31 03:33:00,2026-07-30 16:05:01,2024-02-25 03:34:00
10126551,2706028,16777473,2026-07-30 14:47:22,2026-07-29 23:05:01,2024-02-25 07:43:00
45511857,2706028,1,2026-07-30 00:05:01,2026-07-30 16:05:01,2024-05-24 02:43:00
454,2743128,1,2026-07-30 01:05:01,2026-07-30 16:05:01,2024-06-04 03:02:10
5123340,2743128,65537,2024-08-31 03:33:00,2026-07-30 16:05:01,2024-02-25 03:34:00
10126551,2743128,16777473,2026-07-30 14:47:22,2026-07-30 05:05:01,2024-02-25 07:43:00
45511857,2743128,1,2026-07-30 00:05:01,2026-07-30 16:05:01,2024-05-24 02:43:00
454,2749084,1,2026-07-30 01:05:01,2026-07-30 16:05:01,2024-06-04 03:02:10
5123340,2749084,65537,2024-08-31 03:33:00,2026-07-30 16:05:01,2024-02-25 03:34:00
10126551,2749084,16777473,2026-07-30 14:47:22,2026-07-30 05:05:01,2024-02-25 07:43:00
45511857,2749084,1,2026-07-30 00:05:01,2026-07-30 16:05:01,2024-05-24 02:43:00
454,2749942,1,2026-07-30 01:05:01,2026-07-30 16:05:01,2024-06-04 03:02:10
5123340,2749942,65537,2024-08-31 03:33:00,2026-07-30 16:05:01,2024-02-25 03:34:00
10126551,2749942,16777473,2026-07-30 14:47:22,2026-07-30 05:05:01,2024-02-25 07:43:00
45511857,2749942,1,2026-07-30 00:05:01,2026-07-30 16:05:01,2024-05-24 02:43:00
454,2757293,1,2026-07-30 01:05:01,2026-07-30 16:05:01,2024-06-04 03:02:10
5123340,2757293,65537,2024-08-31 03:33:00,2026-07-30 16:05:01,2024-02-25 03:34:00
10126551,2757293,16777473,2026-07-30 14:47:22,2026-07-30 05:05:01,2024-02-25 07:43:00
45511857,2757293,1,2026-07-30 00:05:01,2026-07-30 16:05:01,2024-05-24 02:43:00
454,1315542,1,2026-07-30 01:05:01,2026-07-30 16:05:01,2024-06-04 03:02:10
5123340,1315542,65537,2024-08-31 03:33:00,2026-07-30 16:05:01,2024-02-25 03:34:00
10126551,1315542,16777473,2026-07-30 14:47:22,2026-07-26 03:05:01,2024-02-25 07:43:00
45511857,1315542,1,2026-07-30 00:05:01,2026-07-30 16:05:01,2024-05-24 02:43:00
454,684581,1,2026-07-30 01:05:01,2026-07-30 16:05:01,2024-06-04 03:02:10
5123340,684581,65537,2024-08-31 03:33:00,2026-07-30 16:05:01,2024-02-25 03:34:00
10126551,684581,16777473,2026-07-30 14:47:22,2026-07-30 05:05:01,2024-02-25 07:43:00
45511857,684581,1,2026-07-30 00:05:01,2026-07-30 16:05:01,2024-05-24 02:43:00
454,1971694,1,2026-07-30 01:05:01,2026-07-30 16:05:01,2024-06-04 03:02:10
5123340,1971694,65537,2024-08-31 03:33:00,2026-07-30 16:05:01,2024-02-25 03:34:00
10126551,1971694,16777473,2026-07-30 14:47:22,2026-07-30 05:05:01,2024-02-25 07:43:00
45511857,1971694,1,2026-07-30 00:05:01,2026-07-30 16:05:01,2024-05-24 02:43:00
454,2746228,1,2026-07-30 01:05:01,2026-07-30 16:05:01,2024-06-04 03:02:10
5123340,2746228,65537,2024-08-31 03:33:00,2026-07-30 16:05:01,2024-02-25 03:34:00
10126551,2746228,16777473,2026-07-30 14:47:22,2026-07-28 00:05:01,2024-02-25 07:43:00
45511857,2746228,1,2026-07-30 00:05:01,2026-07-30 16:05:01,2024-05-24 02:43:00
454,2576889,1,2026-07-30 01:05:01,2026-07-30 16:05:01,2024-06-04 03:02:10
5123340,2576889,65537,2024-08-31 03:33:00,2026-07-30 16:05:01,2024-02-25 03:34:00
10126551,2576889,16777473,2026-07-30 14:47:22,2026-07-27 02:05:01,2024-02-25 07:43:00
10126551,1240862,16777473,2026-07-30 14:47:22,2026-07-30 05:05:01,2024-02-25 07:43:00
45511857,1240862,1,2026-07-30 00:05:01,2026-07-30 16:05:01,2024-05-24 02:43:00
454,5999111,1,2026-07-30 01:05:01,2026-07-30 16:05:01,2024-06-04 03:02:10
5123340,5999111,65537,2024-08-31 03:33:00,2026-07-30 16:05:01,2024-02-25 03:34:00
10126551,5999111,16777473,2026-07-30 14:47:22,2026-07-30 05:05:01,2024-02-25 07:43:00
45511857,5999111,1,2026-07-30 00:05:01,2026-07-30 16:05:01,2024-05-25 02:43:00
454,5999196,1,2026-07-30 01:05:01,2026-07-30 16:05:01,2024-06-04 03:02:10
5123340,5999196,65537,2024-08-31 03:33:00,2026-07-30 16:05:01,2024-02-25 03:34:00
10126551,5999196,16777473,2026-07-30 14:47:22,2026-07-30 04:05:01,2024-02-25 07:43:00
45511857,5999196,1,2026-07-30 00:05:01,2026-07-30 16:05:01,2024-05-25 02:43:00
454,6005499,1,2026-07-30 01:05:01,2026-07-30 16:05:01,2024-06-04 03:02:10
5123340,6005499,65537,2024-08-31 03:33:00,2026-07-30 16:05:01,2024-02-25 03:34:00
10126551,6005499,16777473,2026-07-30 14:47:22,2026-07-30 05:05:01,2024-02-25 07:43:00
45511857,6005499,1,2026-07-30 00:05:01,2026-07-30 16:05:01,2024-05-25 02:43:00
454,6007602,1,2026-07-30 01:05:01,2026-07-30 16:05:01,2024-06-04 03:02:10
5123340,6007602,65537,2024-08-31 03:33:00,2026-07-30 16:05:01,2024-02-25 03:34:00
10126551,6007602,16777473,2026-07-30 14:47:22,2026-07-30 05:05:01,2024-02-25 07:43:00
45511857,6007602,1,2026-07-30 00:05:01,2026-07-30 16:05:01,2024-05-25 02:43:00
454,6314527,1,2026-07-30 01:05:01,2026-07-30 16:05:01,2024-06-04 03:02:10
5123340,6314527,65537,2024-08-31 03:33:00,2026-07-30 16:05:01,2024-02-25 03:34:00
10126551,6314527,16777473,2026-07-30 14:47:22,2026-07-30 05:05:01,2024-02-25 07:43:00
45511857,6314527,1,2026-07-30 00:05:01,2026-07-30 16:05:01,2024-05-25 02:43:00
454,6485871,1,2026-07-30 01:05:01,2026-07-30 16:05:01,2024-06-04 03:02:10
5123340,6485871,65537,2024-08-31 03:33:00,2026-07-30 16:05:01,2024-04-22 03:34:00
10126551,6485871,16777473,2026-07-30 14:47:22,2026-07-10 10:05:01,2024-02-25 07:43:00
45511857,6485871,1,2026-07-30 00:05:01,2026-07-30 16:05:01,2024-05-25 02:43:00
454,5886335,1,2026-07-30 01:05:01,2026-07-30 16:05:01,2024-06-04 03:02:10
5123340,5886335,65537,2024-08-31 03:33:00,2026-07-30 16:05:01,2024-02-25 03:34:00
10126551,5886335,16777473,2026-07-30 14:47:22,2026-07-28 04:05:01,2024-02-25 07:43:00
45511857,5886335,1,2026-07-30 00:05:01,2026-07-30 16:05:01,2024-05-25 02:43:00
454,6102335,1,2026-07-30 01:05:01,2026-07-30 16:05:01,2024-06-04 03:02:10
5123340,6102335,65537,2024-08-31 03:33:00,2026-07-30 16:05:01,2024-02-25 03:34:00
10126551,6102335,16777473,2026-07-30 14:47:22,2026-07-30 05:05:01,2024-02-25 07:43:00
45511857,6102335,1,2026-07-30 00:05:01,2026-07-30 16:05:01,2024-05-25 02:43:00
454,6883112,1,2026-07-30 01:05:01,2026-07-30 16:05:01,2026-07-22 11:05:01
10126551,6883112,16777473,2026-07-30 14:47:22,2026-07-30 03:05:02,2026-07-17 06:05:01
454,1404377,1,2026-07-30 01:05:01,2026-07-30 16:05:01,2024-06-05 23:36:02
5123340,1404377,65537,2024-08-31 03:33:00,2026-07-30 16:05:01,2024-02-25 03:34:00
10126551,1404377,16777473,2026-07-30 14:47:22,2026-07-28 08:05:01,2024-02-25 07:43:00
45511857,1404377,1,2026-07-30 00:05:01,2026-07-30 16:05:01,2024-05-24 02:43:00
454,2736273,1,2026-07-30 01:05:01,2026-07-30 16:05:01,2024-06-04 03:02:10
5123340,2736273,65537,2024-08-31 03:33:00,2026-07-30 16:05:01,2024-02-25 03:34:00
10126551,2736273,16777473,2026-07-30 14:47:22,2026-07-30 05:05:01,2024-02-25 07:43:00
45511857,2736273,1,2026-07-30 00:05:01,2026-07-30 16:05:01,2024-05-24 02:43:00
454,4417940,1,2026-07-30 01:05:01,2026-07-30 16:05:01,2024-06-04 03:02:10
5123340,4417940,65537,2024-08-31 03:33:00,2026-07-30 16:05:01,2024-02-25 03:34:00
10126551,4417940,16777473,2026-07-30 14:47:22,2026-07-28 00:05:01,2024-02-25 07:43:00
45511857,4417940,1,2026-07-30 00:05:01,2026-07-30 16:05:01,2024-05-24 02:43:00
454,863244,1,2026-07-30 01:05:01,2026-07-30 16:05:01,2024-06-04 03:02:10
5123340,863244,65537,2024-08-31 03:33:00,2026-07-30 16:05:01,2024-02-25 03:34:00
10126551,863244,16777473,2026-07-30 14:47:22,2026-07-28 00:05:01,2024-02-25 07:43:00
45511857,863244,1,2026-07-30 00:05:01,2026-07-30 16:05:01,2024-05-24 02:43:00
454,959779,1,2026-07-30 01:05:01,2026-07-30 16:05:01,2024-06-04 03:02:10
5123340,959779,65537,2024-08-31 03:33:00,2026-07-30 16:05:01,2024-02-25 03:34:00
10126551,959779,16777473,2026-07-30 14:47:22,2026-07-10 11:05:01,2024-02-25 07:43:00
45511857,959779,1,2026-07-30 00:05:01,2026-07-30 16:05:01,2024-05-24 02:43:00
454,723209,1,2026-07-30 01:05:01,2026-07-30 16:05:01,2024-06-04 03:02:10
5123340,723209,65537,2024-08-31 03:33:00,2026-07-30 16:05:01,2024-02-25 03:34:00
10126551,723209,16777473,2026-07-30 14:47:22,2026-07-26 03:05:01,2024-02-25 07:43:00
45511857,723209,1,2026-07-30 00:05:01,2026-07-30 16:05:01,2024-05-24 02:43:00
454,988107,1,2026-07-30 01:05:01,2026-07-30 16:05:01,2024-06-04 03:02:10
5123340,988107,65537,2024-08-31 03:33:00,2026-07-30 16:05:01,2024-02-25 03:34:00
10126551,988107,16777473,2026-07-30 14:47:22,2026-07-28 00:05:01,2024-02-25 07:43:00
45511857,988107,1,2026-07-30 00:05:01,2026-07-30 16:05:01,2024-05-24 02:43:00
454,993437,1,2026-07-30 01:05:01,2026-07-30 16:05:01,2024-06-04 03:02:10
5123340,993437,65537,2024-08-31 03:33:00,2026-07-30 16:05:01,2024-02-25 03:34:00
10126551,993437,16777473,2026-07-30 14:47:22,2026-07-28 23:05:01,2024-02-25 07:43:00
45511857,993437,1,2026-07-30 00:05:01,2026-07-30 16:05:01,2024-05-24 02:43:00
454,997581,1,2026-07-30 01:05:01,2026-07-30 16:05:01,2024-06-04 03:02:10
5123340,997581,65537,2024-08-31 03:33:00,2026-07-30 16:05:01,2024-02-25 03:34:00
10126551,997581,16777473,2026-07-30 14:47:22,2026-07-30 05:05:01,2024-02-25 07:43:00
45511857,997581,1,2026-07-30 00:05:01,2026-07-30 16:05:01,2024-05-24 02:43:00
454,1517024,1,2026-07-30 01:05:01,2026-07-30 16:05:01,2024-06-04 03:02:10
5123340,1517024,65537,2024-08-31 03:33:00,2026-07-30 16:05:01,2024-02-25 03:34:00
10126551,1517024,16777473,2026-07-30 14:47:22,2026-07-30 00:05:01,2024-02-25 07:43:00
45511857,1517024,1,2026-07-30 00:05:01,2026-07-30 16:05:01,2024-05-24 02:43:00
454,1649900,1,2026-07-30 01:05:01,2026-07-30 16:05:01,2024-06-04 03:02:10
5123340,1649900,65537,2024-08-31 03:33:00,2026-07-30 16:05:01,2024-02-25 03:34:00
10126551,1649900,16777473,2026-07-30 14:47:22,2026-07-30 05:05:01,2024-02-25 07:43:00
45511857,1649900,1,2026-07-30 00:05:01,2026-07-30 16:05:01,2024-05-24 02:43:00
454,1651206,1,2026-07-30 01:05:01,2026-07-30 16:05:01,2024-06-04 03:02:10
5123340,1651206,65537,2024-08-31 03:33:00,2026-07-30 16:05:01,2024-02-25 03:34:00
10126551,1651206,16777473,2026-07-30 14:47:22,2026-07-26 03:05:01,2024-02-25 07:43:00
45511857,1651206,1,2026-07-30 00:05:01,2026-07-30 16:05:01,2024-05-24 02:43:00
454,1662015,1,2026-07-30 01:05:01,2026-07-30 16:05:01,2024-06-04 03:02:10
5123340,1662015,65537,2024-08-31 03:33:00,2026-07-30 16:05:01,2024-02-25 03:34:00
10126551,1662015,16777473,2026-07-30 14:47:22,2026-07-28 04:05:01,2024-02-25 07:43:00
45511857,1662015,1,2026-07-30 00:05:01,2026-07-30 16:05:01,2024-05-24 02:43:00
454,1666925,1,2026-07-30 01:05:01,2026-07-30 16:05:01,2024-06-04 03:02:10
5123340,1666925,65537,2024-08-31 03:33:00,2026-07-30 16:05:01,2024-02-25 03:34:00
10126551,1666925,16777473,2026-07-30 14:47:22,2026-07-28 00:05:01,2024-02-25 07:43:00
45511857,1666925,1,2026-07-30 00:05:01,2026-07-30 16:05:01,2024-05-24 02:43:00
454,1696591,1,2026-07-30 01:05:01,2026-07-30 16:05:01,2024-06-04 03:02:10
5123340,1696591,65537,2024-08-31 03:33:00,2026-07-30 16:05:01,2024-02-25 03:34:00
10126551,1696591,16777473,2026-07-30 14:47:22,2026-07-30 05:05:01,2024-02-25 07:43:00
45511857,1696591,1,2026-07-30 00:05:01,2026-07-30 16:05:01,2024-05-24 02:43:00
454,1486467,1,2026-07-30 01:05:01,2026-07-30 16:05:01,2024-06-04 03:02:10
5123340,1486467,65537,2024-08-31 03:33:00,2026-07-30 16:05:01,2024-02-25 03:34:00
10126551,1486467,16777473,2026-07-30 14:47:22,2026-07-30 05:05:01,2024-02-25 07:43:00
45511857,1486467,1,2026-07-30 00:05:01,2026-07-30 16:05:01,2024-05-24 02:43:00
454,1955965,1,2026-07-30 01:05:01,2026-07-30 16:05:01,2024-06-04 03:02:10
5123340,1955965,65537,2024-08-31 03:33:00,2026-07-30 16:05:01,2024-02-25 03:34:00
10126551,1955965,16777473,2026-07-30 14:47:22,2026-07-28 04:05:01,2024-02-25 07:43:00
45511857,1955965,1,2026-07-30 00:05:01,2026-07-30 16:05:01,2024-05-24 02:43:00
454,1749743,1,2026-07-30 01:05:01,2026-07-30 16:05:01,2024-06-04 03:02:10
5123340,1749743,65537,2024-08-31 03:33:00,2026-07-30 16:05:01,2024-02-25 03:34:00
10126551,1749743,16777473,2026-07-30 14:47:22,2026-07-28 04:05:01,2024-02-25 07:43:00
45511857,1749743,1,2026-07-30 00:05:01,2026-07-30 16:05:01,2024-05-24 02:43:00
454,1970133,1,2026-07-30 01:05:01,2026-07-30 16:05:01,2024-06-04 03:02:10
5123340,1970133,65537,2024-08-31 03:33:00,2026-07-30 16:05:01,2024-02-25 03:34:00
10126551,1970133,16777473,2026-07-30 14:47:22,2026-07-30 05:05:01,2024-02-25 07:43:00
45511857,1970133,1,2026-07-30 00:05:01,2026-07-30 16:05:01,2024-05-24 02:43:00
454,1968095,1,2026-07-30 01:05:01,2026-07-30 16:05:01,2024-06-04 03:02:10
5123340,1968095,65537,2024-08-31 03:33:00,2026-07-30 16:05:01,2024-02-25 03:34:00
10126551,1968095,16777473,2026-07-30 14:47:22,2026-07-30 05:05:01,2024-02-25 07:43:00
45511857,1968095,1,2026-07-30 00:05:01,2026-07-30 16:05:01,2024-05-24 02:43:00
454,1637764,1,2026-07-30 01:05:01,2026-07-30 16:05:01,2024-06-04 03:02:10
5123340,1637764,65537,2024-08-31 03:33:00,2026-07-30 16:05:01,2024-02-25 03:34:00
10126551,1637764,16777473,2026-07-30 14:47:22,2026-07-30 05:05:01,2024-02-25 07:43:00
45511857,1637764,1,2026-07-30 00:05:01,2026-07-30 16:05:01,2024-05-24 02:43:00
454,1825407,1,2026-07-30 01:05:01,2026-07-30 16:05:01,2024-06-04 03:02:10
5123340,1825407,65537,2024-08-31 03:33:00,2026-07-30 16:05:01,2024-02-25 03:34:00
10126551,1825407,16777473,2026-07-30 14:47:22,2026-07-27 12:29:27,2024-02-25 07:43:00
45511857,1825407,1,2026-07-30 00:05:01,2026-07-30 16:05:01,2024-05-24 02:43:00
454,2035464,1,2026-07-30 01:05:01,2026-07-30 16:05:01,2024-06-04 03:02:10
5123340,2035464,65537,2024-08-31 03:33:00,2026-07-30 16:05:01,2024-02-25 03:34:00
10126551,2035464,16777473,2026-07-30 14:47:22,2026-07-28 04:05:01,2024-02-25 07:43:00
45511857,2035464,1,2026-07-30 00:05:01,2026-07-30 16:05:01,2024-05-24 02:43:00
454,1982544,1,2026-07-30 01:05:01,2026-07-30 16:05:01,2024-06-04 03:02:10
5123340,1982544,65537,2024-08-31 03:33:00,2026-07-30 16:05:01,2024-02-25 03:34:00
10126551,1982544,16777473,2026-07-30 14:47:22,2026-07-26 02:05:01,2024-02-25 07:43:00
45511857,1982544,1,2026-07-30 00:05:01,2026-07-30 16:05:01,2024-05-24 02:43:00
454,1749825,1,2026-07-30 01:05:01,2026-07-30 16:05:01,2024-06-04 03:02:10
5123340,1749825,65537,2024-08-31 03:33:00,2026-07-30 16:05:01,2024-02-25 03:34:00
10126551,1749825,16777473,2026-07-30 14:47:22,2026-07-28 04:05:01,2024-02-25 07:43:00
45511857,1749825,1,2026-07-30 00:05:01,2026-07-30 16:05:01,2024-05-24 02:43:00
454,2095761,1,2026-07-30 01:05:01,2026-07-30 16:05:01,2024-06-04 03:02:10
5123340,2095761,65537,2024-08-31 03:33:00,2026-07-30 16:05:01,2024-02-25 03:34:00
10126551,2095761,16777473,2026-07-30 14:47:22,2026-07-28 04:05:01,2024-02-25 07:43:00
45511857,2095761,1,2026-07-30 00:05:01,2026-07-30 16:05:01,2024-05-24 02:43:00
454,1592847,1,2026-07-30 01:05:01,2026-07-30 16:05:01,2025-11-24 03:05:01
5123340,1592847,0,,2026-07-30 16:05:01,
10126551,1592847,16777473,2026-07-30 14:47:22,2026-07-30 05:05:01,2026-03-14 17:05:01
45511857,1592847,1,2026-07-30 00:05:01,2026-07-30 16:05:01,2025-10-12 15:43:24
454,2091181,1,2026-07-30 01:05:01,2026-07-30 16:05:01,2024-06-04 03:02:10
5123340,2091181,65537,2024-08-31 03:33:00,2026-07-30 16:05:01,2024-02-25 03:34:00
10126551,2091181,16777473,2026-07-30 14:47:22,2026-07-30 05:05:01,2024-02-25 07:43:00
45511857,2091181,1,2026-07-30 00:05:01,2026-07-30 16:05:01,2024-05-24 02:43:00
454,1518514,1,2026-07-30 01:05:01,2026-07-30 16:05:01,2024-06-04 03:02:10
5123340,1518514,65537,2024-08-31 03:33:00,2026-07-30 16:05:01,2024-02-25 03:34:00
10126551,1518514,16777473,2026-07-30 14:47:22,2026-07-30 05:05:01,2024-02-25 07:43:00
45511857,1518514,1,2026-07-30 00:05:01,2026-07-30 16:05:01,2024-05-24 02:43:00
454,2064495,1,2026-07-30 01:05:01,2026-07-30 16:05:01,2024-06-04 03:02:10
5123340,2064495,65537,2024-08-31 03:33:00,2026-07-30 16:05:01,2024-02-25 03:34:00
10126551,2064495,16777473,2026-07-30 14:47:22,2026-07-26 04:05:01,2024-02-25 07:43:00
45511857,2064495,1,2026-07-30 00:05:01,2026-07-30 16:05:01,2024-05-24 02:43:00
454,1932357,1,2026-07-30 01:05:01,2026-07-30 16:05:01,2025-11-24 03:05:01
5123340,1932357,0,,2026-07-30 16:05:01,
10126551,1932357,16777473,2026-07-30 14:47:22,2026-07-30 05:05:01,2026-03-14 17:05:01
45511857,1932357,1,2026-07-30 00:05:01,2026-07-30 16:05:01,2025-10-12 15:43:24
454,2303622,1,2026-07-30 01:05:01,2026-07-30 16:05:01,2024-06-04 03:02:10
5123340,2303622,65537,2024-08-31 03:33:00,2026-07-30 16:05:01,2024-02-25 03:34:00
10126551,2303622,16777473,2026-07-30 14:47:22,2026-07-30 05:05:01,2024-02-25 07:43:00
45511857,2303622,1,2026-07-30 00:05:01,2026-07-30 16:05:01,2024-05-24 02:43:00
454,2323905,1,2026-07-30 01:05:01,2026-07-30 16:05:01,2024-06-04 03:02:10
5123340,2323905,65537,2024-08-31 03:33:00,2026-07-30 16:05:01,2024-02-25 03:34:00
10126551,2323905,16777473,2026-07-30 14:47:22,2026-07-28 05:05:01,2024-02-25 07:43:00
45511857,2323905,1,2026-07-30 00:05:01,2026-07-30 16:05:01,2024-05-24 02:43:00
454,2324193,1,2026-07-30 01:05:01,2026-07-30 16:05:01,2024-06-04 03:02:10
5123340,2324193,65537,2024-08-31 03:33:00,2026-07-30 16:05:01,2024-02-25 03:34:00
10126551,2324193,16777473,2026-07-30 14:47:22,2026-07-30 01:05:01,2024-02-25 07:43:00
45511857,2324193,1,2026-07-30 00:05:01,2026-07-30 16:05:01,2024-05-24 02:43:00
454,2330160,1,2026-07-30 01:05:01,2026-07-30 16:05:01,2024-06-04 03:02:10
5123340,2330160,65537,2024-08-31 03:33:00,2026-07-30 16:05:01,2024-02-25 03:34:00
10126551,2330160,16777473,2026-07-30 14:47:22,2026-07-28 04:05:01,2024-02-25 07:43:00
45511857,2330160,1,2026-07-30 00:05:01,2026-07-30 16:05:01,2024-05-24 02:43:00
454,2464467,1,2026-07-30 01:05:01,2026-07-30 16:05:01,2024-06-04 03:02:10
5123340,2464467,65537,2024-08-31 03:33:00,2026-07-30 16:05:01,2024-02-25 03:34:00
10126551,2464467,16777473,2026-07-30 14:47:22,2026-07-28 00:05:01,2024-02-25 07:43:00
45511857,2464467,1,2026-07-30 00:05:01,2026-07-30 16:05:01,2024-05-24 02:43:00
454,2488061,1,2026-07-30 01:05:01,2026-07-30 16:05:01,2024-06-04 03:02:10
5123340,2488061,65537,2024-08-31 03:33:00,2026-07-30 16:05:01,2024-02-25 03:34:00
10126551,2488061,16777473,2026-07-30 14:47:22,2026-07-28 04:05:01,2024-02-25 07:43:00
45511857,2488061,1,2026-07-30 00:05:01,2026-07-30 16:05:01,2024-05-24 02:43:00
454,2502055,1,2026-07-30 01:05:01,2026-07-30 16:05:01,2024-06-04 03:02:10
5123340,2502055,65537,2024-08-31 03:33:00,2026-07-30 16:05:01,2024-02-25 03:34:00
10126551,2502055,16777473,2026-07-30 14:47:22,2026-07-30 04:05:01,2024-02-25 07:43:00
45511857,2502055,1,2026-07-30 00:05:01,2026-07-30 16:05:01,2024-05-24 02:43:00
454,2503038,1,2026-07-30 01:05:01,2026-07-30 16:05:01,2024-06-04 03:02:10
5123340,2503038,65537,2024-08-31 03:33:00,2026-07-30 16:05:01,2024-02-25 03:34:00
10126551,2503038,16777473,2026-07-30 14:47:22,2026-07-30 05:05:01,2024-02-25 07:43:00
45511857,2503038,1,2026-07-30 00:05:01,2026-07-30 16:05:01,2024-05-24 02:43:00
454,2505532,1,2026-07-30 01:05:01,2026-07-30 16:05:01,2024-06-04 03:02:10
5123340,2505532,65537,2024-08-31 03:33:00,2026-07-30 16:05:01,2024-02-25 03:34:00
10126551,2505532,16777473,2026-07-30 14:47:22,2026-07-28 09:05:01,2024-02-25 07:43:00
45511857,2505532,1,2026-07-30 00:05:01,2026-07-30 16:05:01,2024-05-24 02:43:00
454,2507116,1,2026-07-30 01:05:01,2026-07-30 16:05:01,2024-06-04 03:02:10
5123340,2507116,65537,2024-08-31 03:33:00,2026-07-30 16:05:01,2024-02-25 03:34:00
10126551,2507116,16777473,2026-07-30 14:47:22,2026-07-30 05:05:01,2024-02-25 07:43:00
45511857,2507116,1,2026-07-30 00:05:01,2026-07-30 16:05:01,2024-05-24 02:43:00
454,2585222,1,2026-07-30 01:05:01,2026-07-30 16:05:01,2024-06-04 03:02:10
5123340,2585222,65537,2024-08-31 03:33:00,2026-07-30 16:05:01,2024-02-25 03:34:00
10126551,2585222,16777473,2026-07-30 14:47:22,2026-07-30 05:05:01,2024-02-25 07:43:00
45511857,2585222,1,2026-07-30 00:05:01,2026-07-30 16:05:01,2024-05-24 02:43:00
454,2598975,1,2026-07-30 01:05:01,2026-07-30 16:05:01,2024-06-04 03:02:10
5123340,2598975,65537,2024-08-31 03:33:00,2026-07-30 16:05:01,2024-02-25 03:34:00
10126551,2598975,16777473,2026-07-30 14:47:22,2026-07-30 05:05:01,2024-02-25 07:43:00
45511857,2598975,1,2026-07-30 00:05:01,2026-07-30 16:05:01,2024-05-24 02:43:00
454,2630016,1,2026-07-30 01:05:01,2026-07-30 16:05:01,2024-06-04 03:02:10
5123340,2630016,65537,2024-08-31 03:33:00,2026-07-30 16:05:01,2024-02-25 03:34:00
10126551,2630016,16777473,2026-07-30 14:47:22,2026-07-28 05:05:01,2024-02-25 07:43:00
45511857,2630016,1,2026-07-30 00:05:01,2026-07-30 16:05:01,2024-05-24 02:43:00
454,2636698,1,2026-07-30 01:05:01,2026-07-30 16:05:01,2024-06-04 03:02:10
5123340,2636698,65537,2024-08-31 03:33:00,2026-07-30 16:05:01,2024-02-25 03:34:00
10126551,2636698,16777473,2026-07-30 14:47:22,2026-07-30 05:05:01,2024-02-25 07:43:00
45511857,2636698,1,2026-07-30 00:05:01,2026-07-30 16:05:01,2024-05-24 02:43:00
454,2634779,1,2026-07-30 01:05:01,2026-07-30 16:05:01,2024-06-04 03:02:10
5123340,2634779,65537,2024-08-31 03:33:00,2026-07-30 16:05:01,2024-02-25 03:34:00
10126551,2634779,16777473,2026-07-30 14:47:22,2026-07-30 05:05:01,2024-02-25 07:43:00
45511857,2634779,1,2026-07-30 00:05:01,2026-07-30 16:05:01,2024-05-24 02:43:00
454,2651961,1,2026-07-30 01:05:01,2026-07-30 16:05:01,2024-06-04 03:02:10
5123340,2651961,65537,2024-08-31 03:33:00,2026-07-30 16:05:01,2024-02-25 03:34:00
10126551,2651961,16777473,2026-07-30 14:47:22,2026-07-30 05:05:01,2024-02-25 07:43:00
45511857,2651961,1,2026-07-30 00:05:01,2026-07-30 16:05:01,2024-05-24 02:43:00
454,1157129,1,2026-07-30 01:05:01,2026-07-30 16:05:01,2024-06-04 03:02:10
5123340,1157129,65537,2024-08-31 03:33:00,2026-07-30 16:05:01,2024-02-25 03:34:00
10126551,1157129,16777473,2026-07-30 14:47:22,2026-07-28 00:05:01,2024-02-25 07:43:00
45511857,1157129,1,2026-07-30 00:05:01,2026-07-30 16:05:01,2024-05-24 02:43:00
454,2755035,1,2026-07-30 01:05:01,2026-07-30 16:05:01,2024-06-04 03:02:10
5123340,2755035,65537,2024-08-31 03:33:00,2026-07-30 16:05:01,2024-02-25 03:34:00
10126551,2755035,16777473,2026-07-30 14:47:22,2026-07-28 04:05:01,2024-02-25 07:43:00
45511857,2755035,1,2026-07-30 00:05:01,2026-07-30 16:05:01,2024-05-24 02:43:00
454,2773377,1,2026-07-30 01:05:01,2026-07-30 16:05:01,2024-06-04 03:02:10
5123340,2773377,65537,2024-08-31 03:33:00,2026-07-30 16:05:01,2024-02-25 03:34:00
10126551,2773377,16777473,2026-07-30 14:47:22,2026-07-30 05:05:01,2024-02-25 07:43:00
45511857,2773377,1,2026-07-30 00:05:01,2026-07-30 16:05:01,2024-05-24 02:43:00
454,2447039,1,2026-07-30 01:05:01,2026-07-30 16:05:01,2024-06-04 03:02:10
5123340,2447039,65537,2024-08-31 03:33:00,2026-07-30 16:05:01,2024-02-25 03:34:00
10126551,2447039,16777473,2026-07-30 14:47:22,2026-07-30 05:05:01,2024-02-25 07:43:00
45511857,2447039,1,2026-07-30 00:05:01,2026-07-30 16:05:01,2024-05-24 02:43:00
454,2754846,1,2026-07-30 01:05:01,2026-07-30 16:05:01,2024-06-04 03:02:10
5123340,2754846,65537,2024-08-31 03:33:00,2026-07-30 16:05:01,2024-02-25 03:34:00
10126551,2754846,16777473,2026-07-30 14:47:22,2026-07-28 00:05:01,2024-02-25 07:43:00
45511857,2754846,1,2026-07-30 00:05:01,2026-07-30 16:05:01,2024-05-24 02:43:00
454,2780201,1,2026-07-30 01:05:01,2026-07-30 16:05:01,2024-06-04 03:02:10
5123340,2780201,65537,2024-08-31 03:33:00,2026-07-30 16:05:01,2024-02-25 03:34:00
10126551,2780201,16777473,2026-07-30 14:47:22,2026-07-30 05:05:01,2024-02-25 07:43:00
45511857,2780201,1,2026-07-30 00:05:01,2026-07-30 16:05:01,2024-05-24 02:43:00
454,1405635,1,2026-07-30 01:05:01,2026-07-30 16:05:01,2024-06-04 03:02:10
5123340,1405635,65537,2024-08-31 03:33:00,2026-07-30 16:05:01,2024-02-25 03:34:00
10126551,1405635,16777473,2026-07-30 14:47:22,2026-07-10 10:05:01,2024-02-25 07:43:00
45511857,1405635,1,2026-07-30 00:05:01,2026-07-30 16:05:01,2024-05-24 02:43:00
454,2791836,1,2026-07-30 01:05:01,2026-07-30 16:05:01,2024-06-04 03:02:10
5123340,2791836,65537,2024-08-31 03:33:00,2026-07-30 16:05:01,2024-02-25 03:34:00
10126551,2791836,16777473,2026-07-30 14:47:22,2026-07-30 05:05:01,2024-02-25 07:43:00
45511857,2791836,1,2026-07-30 00:05:01,2026-07-30 16:05:01,2024-05-24 02:43:00
454,2779865,1,2026-07-30 01:05:01,2026-07-30 16:05:01,2024-06-04 03:02:10
45511857,2576889,1,2026-07-30 00:05:01,2026-07-30 16:05:01,2024-05-24 02:43:00
454,2828626,1,2026-07-30 01:05:01,2026-07-30 16:05:01,2024-06-04 03:02:10
5123340,2828626,65537,2024-08-31 03:33:00,2026-07-30 16:05:01,2024-02-25 03:34:00
10126551,2828626,16777473,2026-07-30 14:47:22,2026-07-28 04:05:01,2024-02-25 07:43:00
45511857,2828626,1,2026-07-30 00:05:01,2026-07-30 16:05:01,2024-05-24 02:43:00
454,2786123,1,2026-07-30 01:05:01,2026-07-30 16:05:01,2024-06-04 03:02:10
5123340,2786123,65537,2024-08-31 03:33:00,2026-07-30 16:05:01,2024-02-25 03:34:00
10126551,2786123,16777473,2026-07-30 14:47:22,2026-07-28 00:05:01,2024-02-25 07:43:00
45511857,2786123,1,2026-07-30 00:05:01,2026-07-30 16:05:01,2024-05-24 02:43:00
454,2649046,1,2026-07-30 01:05:01,2026-07-30 16:05:01,2024-06-04 03:02:10
5123340,2649046,65537,2024-08-31 03:33:00,2026-07-30 16:05:01,2024-02-25 03:34:00
10126551,2649046,16777473,2026-07-30 14:47:22,2026-07-28 04:05:01,2024-02-25 07:43:00
45511857,2649046,1,2026-07-30 00:05:01,2026-07-30 16:05:01,2024-05-24 02:43:00
454,1742790,1,2026-07-30 01:05:01,2026-07-30 16:05:01,2024-06-04 03:02:10
5123340,1742790,65537,2024-08-31 03:33:00,2026-07-30 16:05:01,2024-02-25 03:34:00
10126551,1742790,16777473,2026-07-30 14:47:22,2026-07-28 00:05:01,2024-02-25 07:43:00
45511857,1742790,1,2026-07-30 00:05:01,2026-07-30 16:05:01,2024-05-24 02:43:00
454,1617365,1,2026-07-30 01:05:01,2026-07-30 16:05:01,2024-06-04 03:02:10
5123340,1617365,65537,2024-08-31 03:33:00,2026-07-30 16:05:01,2024-02-25 03:34:00
10126551,1617365,16777473,2026-07-30 14:47:22,2026-07-30 05:05:01,2024-02-25 07:43:00
45511857,1617365,1,2026-07-30 00:05:01,2026-07-30 16:05:01,2024-05-24 02:43:00
454,1659286,1,2026-07-30 01:05:01,2026-07-30 16:05:01,2024-06-04 03:02:10
5123340,1659286,65537,2024-08-31 03:33:00,2026-07-30 16:05:01,2024-02-25 03:34:00
10126551,1659286,16777473,2026-07-30 14:47:22,2026-07-30 05:05:01,2024-02-25 07:43:00
45511857,1659286,1,2026-07-30 00:05:01,2026-07-30 16:05:01,2024-05-24 02:43:00
454,1523969,1,2026-07-30 01:05:01,2026-07-30 16:05:01,2024-06-04 03:02:10
5123340,1523969,65537,2024-08-31 03:33:00,2026-07-30 16:05:01,2024-02-25 03:34:00
10126551,1523969,16777473,2026-07-30 14:47:22,2026-07-29 23:05:01,2024-02-25 07:43:00
45511857,1523969,1,2026-07-30 00:05:01,2026-07-30 16:05:01,2024-05-24 02:43:00
454,2986514,1,2026-07-30 01:05:01,2026-07-30 16:05:01,2024-06-04 03:02:10
5123340,2986514,65537,2024-08-31 03:33:00,2026-07-30 16:05:01,2024-02-25 03:34:00
10126551,2986514,16777473,2026-07-30 14:47:22,2026-07-10 10:05:01,2024-02-25 07:43:00
45511857,2986514,1,2026-07-30 00:05:01,2026-07-30 16:05:01,2024-05-24 02:43:00
454,3001023,1,2026-07-30 01:05:01,2026-07-30 16:05:01,2024-06-05 23:36:02
5123340,3001023,65537,2024-08-31 03:33:00,2026-07-30 16:05:01,2024-02-25 03:34:00
10126551,3001023,16777473,2026-07-30 14:47:22,2026-07-30 05:05:01,2024-02-25 07:43:00
45511857,3001023,1,2026-07-30 00:05:01,2026-07-30 16:05:01,2024-05-24 02:43:00
454,3062242,1,2026-07-30 01:05:01,2026-07-30 16:05:01,2024-06-04 03:02:10
5123340,3062242,65537,2024-08-31 03:33:00,2026-07-30 16:05:01,2024-02-25 03:34:00
10126551,3062242,16777473,2026-07-30 14:47:22,2026-07-22 07:05:01,2024-02-25 07:43:00
45511857,3062242,1,2026-07-30 00:05:01,2026-07-30 16:05:01,2024-05-24 02:43:00
454,3065541,1,2026-07-30 01:05:01,2026-07-30 16:05:01,2024-06-04 03:02:10
5123340,3065541,65537,2024-08-31 03:33:00,2026-07-30 16:05:01,2024-02-25 03:34:00
10126551,3065541,16777473,2026-07-30 14:47:22,2026-07-30 05:05:01,2024-02-25 07:43:00
45511857,3065541,1,2026-07-30 00:05:01,2026-07-30 16:05:01,2024-05-24 02:43:00
454,2453734,1,2026-07-30 01:05:01,2026-07-30 16:05:01,2024-06-04 03:02:10
5123340,2453734,65537,2024-08-31 03:33:00,2026-07-30 16:05:01,2024-02-25 03:34:00
10126551,2453734,16777473,2026-07-30 14:47:22,2026-07-28 08:05:01,2024-02-25 07:43:00
45511857,2453734,1,2026-07-30 00:05:01,2026-07-30 16:05:01,2024-05-24 02:43:00
454,1132462,1,2026-07-30 01:05:01,2026-07-30 16:05:01,2024-06-04 03:02:10
5123340,1132462,65537,2024-08-31 03:33:00,2026-07-30 16:05:01,2024-02-25 03:34:00
10126551,1132462,16777473,2026-07-30 14:47:22,2026-07-28 00:05:01,2024-02-25 07:43:00
45511857,1132462,1,2026-07-30 00:05:01,2026-07-30 16:05:01,2024-05-24 02:43:00
454,2185437,1,2026-07-30 01:05:01,2026-07-30 16:05:01,2024-06-04 03:02:10
5123340,2185437,65537,2024-08-31 03:33:00,2026-07-30 16:05:01,2024-02-25 03:34:00
10126551,2185437,16777473,2026-07-30 14:47:22,2026-07-30 05:05:01,2024-02-25 07:43:00
45511857,2185437,1,2026-07-30 00:05:01,2026-07-30 16:05:01,2024-05-24 02:43:00
454,1794674,1,2026-07-30 01:05:01,2026-07-30 16:05:01,2024-06-04 03:02:10
5123340,1794674,65537,2024-08-31 03:33:00,2026-07-30 16:05:01,2024-02-25 03:34:00
10126551,1794674,16777473,2026-07-30 14:47:22,2026-07-28 04:05:01,2024-02-25 07:43:00
45511857,1794674,1,2026-07-30 00:05:01,2026-07-30 16:05:01,2024-05-24 02:43:00
454,2432098,1,2026-07-30 01:05:01,2026-07-30 16:05:01,2024-06-05 23:36:02
5123340,2432098,65537,2024-08-31 03:33:00,2026-07-30 16:05:01,2024-02-25 03:34:00
10126551,2432098,16777473,2026-07-30 14:47:22,2026-07-28 00:05:01,2024-02-25 07:43:00
45511857,2432098,1,2026-07-30 00:05:01,2026-07-30 16:05:01,2024-05-24 02:43:00
454,3054882,1,2026-07-30 01:05:01,2026-07-30 16:05:01,2024-06-04 03:02:10
5123340,3054882,65537,2024-08-31 03:33:00,2026-07-30 16:05:01,2024-02-25 03:34:00
10126551,3054882,16777473,2026-07-30 14:47:22,2026-07-30 05:05:01,2024-02-25 07:43:00
45511857,3054882,1,2026-07-30 00:05:01,2026-07-30 16:05:01,2024-05-24 02:43:00
454,3045318,1,2026-07-30 01:05:01,2026-07-30 16:05:01,2024-06-04 03:02:10
5123340,3045318,65537,2024-08-31 03:33:00,2026-07-30 16:05:01,2024-02-25 03:34:00
10126551,3045318,16777473,2026-07-30 14:47:22,2026-07-28 00:05:01,2024-02-25 07:43:00
45511857,3045318,1,2026-07-30 00:05:01,2026-07-30 16:05:01,2024-05-24 02:43:00
454,3136148,1,2026-07-30 01:05:01,2026-07-30 16:05:01,2024-06-04 03:02:10
5123340,3136148,65537,2024-08-31 03:33:00,2026-07-30 16:05:01,2024-02-25 03:34:00
10126551,3136148,16777473,2026-07-30 14:47:22,2026-07-30 05:05:01,2024-02-25 07:43:00
45511857,3136148,1,2026-07-30 00:05:01,2026-07-30 16:05:01,2024-05-24 02:43:00
454,485686,1,2026-07-30 01:05:01,2026-07-30 16:05:01,2024-06-04 03:02:10
5123340,485686,65537,2024-08-31 03:33:00,2026-07-30 16:05:01,2024-02-25 03:34:00
10126551,485686,16777473,2026-07-30 14:47:22,2026-07-27 04:05:01,2024-02-25 07:43:00
45511857,485686,1,2026-07-30 00:05:01,2026-07-30 16:05:01,2024-05-24 02:43:00
454,3179539,1,2026-07-30 01:05:01,2026-07-30 16:05:01,2024-06-04 03:02:10
5123340,3179539,65537,2024-08-31 03:33:00,2026-07-30 16:05:01,2024-02-25 03:34:00
10126551,3179539,16777473,2026-07-30 14:47:22,2026-07-28 04:05:01,2024-02-25 07:43:00
45511857,3179539,1,2026-07-30 00:05:01,2026-07-30 16:05:01,2024-05-24 02:43:00
454,2985800,1,2026-07-30 01:05:01,2026-07-30 16:05:01,2024-06-04 03:02:10
5123340,2985800,65537,2024-08-31 03:33:00,2026-07-30 16:05:01,2024-02-25 03:34:00
10126551,2985800,16777473,2026-07-30 14:47:22,2026-07-28 00:05:01,2024-02-25 07:43:00
45511857,2985800,1,2026-07-30 00:05:01,2026-07-30 16:05:01,2024-05-24 02:43:00
454,3211936,1,2026-07-30 01:05:01,2026-07-30 16:05:01,2024-06-04 03:02:10
5123340,3211936,65537,2024-08-31 03:33:00,2026-07-30 16:05:01,2024-02-25 03:34:00
10126551,3211936,16777473,2026-07-30 14:47:22,2026-07-28 00:05:01,2024-02-25 07:43:00
45511857,3211936,1,2026-07-30 00:05:01,2026-07-30 16:05:01,2024-05-24 02:43:00
454,1780775,1,2026-07-30 01:05:01,2026-07-30 16:05:01,2024-06-04 03:02:10
5123340,1780775,65537,2024-08-31 03:33:00,2026-07-30 16:05:01,2024-02-25 03:34:00
10126551,1780775,16777473,2026-07-30 14:47:22,2026-07-27 02:05:01,2024-02-25 07:43:00
45511857,1780775,1,2026-07-30 00:05:01,2026-07-30 16:05:01,2024-05-24 02:43:00
454,1585646,1,2026-07-30 01:05:01,2026-07-30 16:05:01,2024-06-04 03:02:10
5123340,1585646,65537,2024-08-31 03:33:00,2026-07-30 16:05:01,2024-02-25 03:34:00
10126551,1585646,16777473,2026-07-30 14:47:22,2026-07-30 05:05:01,2024-02-25 07:43:00
45511857,1585646,1,2026-07-30 00:05:01,2026-07-30 16:05:01,2024-05-24 02:43:00
454,3184889,1,2026-07-30 01:05:01,2026-07-30 16:05:01,2024-06-04 03:02:10
5123340,3184889,65537,2024-08-31 03:33:00,2026-07-30 16:05:01,2024-02-25 03:34:00
10126551,3184889,16777473,2026-07-30 14:47:22,2026-07-27 02:05:01,2024-02-25 07:43:00
45511857,3184889,1,2026-07-30 00:05:01,2026-07-30 16:05:01,2024-05-24 02:43:00
454,2997491,1,2026-07-30 01:05:01,2026-07-30 16:05:01,2024-06-04 03:02:10
5123340,2997491,65537,2024-08-31 03:33:00,2026-07-30 16:05:01,2024-02-25 03:34:00
10126551,2997491,16777473,2026-07-30 14:47:22,2026-07-28 04:05:01,2024-02-25 07:43:00
45511857,2997491,1,2026-07-30 00:05:01,2026-07-30 16:05:01,2024-05-24 02:43:00
454,2997410,1,2026-07-30 01:05:01,2026-07-30 16:05:01,2024-06-04 03:02:10
5123340,2997410,65537,2024-08-31 03:33:00,2026-07-30 16:05:01,2024-02-25 03:34:00
10126551,2997410,16777473,2026-07-30 14:47:22,2026-07-28 04:05:01,2024-02-25 07:43:00
45511857,2997410,1,2026-07-30 00:05:01,2026-07-30 16:05:01,2024-05-24 02:43:00
454,1788691,1,2026-07-30 01:05:01,2026-07-30 16:05:01,2024-06-04 03:02:10
5123340,1788691,65537,2024-08-31 03:33:00,2026-07-30 16:05:01,2024-02-25 03:34:00
10126551,1788691,16777473,2026-07-30 14:47:22,2026-07-27 02:05:01,2024-02-25 07:43:00
45511857,1788691,1,2026-07-30 00:05:01,2026-07-30 16:05:01,2024-05-24 02:43:00
454,915858,1,2026-07-30 01:05:01,2026-07-30 16:05:01,2024-06-04 03:02:10
5123340,915858,65537,2024-08-31 03:33:00,2026-07-30 16:05:01,2024-02-25 03:34:00
10126551,915858,16777473,2026-07-30 14:47:22,2026-07-30 05:05:01,2024-02-25 07:43:00
45511857,915858,1,2026-07-30 00:05:01,2026-07-30 16:05:01,2024-05-24 02:43:00
454,3293576,1,2026-07-30 01:05:01,2026-07-30 16:05:01,2024-06-04 03:02:10
5123340,3293576,65537,2024-08-31 03:33:00,2026-07-30 16:05:01,2024-02-25 03:34:00
10126551,3293576,16777473,2026-07-30 14:47:22,2026-07-30 05:05:01,2024-02-25 07:43:00
45511857,3293576,1,2026-07-30 00:05:01,2026-07-30 16:05:01,2024-05-24 02:43:00
454,2995893,1,2026-07-30 01:05:01,2026-07-30 16:05:01,2024-06-04 03:02:10
5123340,2995893,65537,2024-08-31 03:33:00,2026-07-30 16:05:01,2024-02-25 03:34:00
10126551,2995893,16777473,2026-07-30 14:47:22,2026-07-30 04:05:01,2024-02-25 07:43:00
45511857,2995893,1,2026-07-30 00:05:01,2026-07-30 16:05:01,2024-05-24 02:43:00
454,2995217,1,2026-07-30 01:05:01,2026-07-30 16:05:01,2024-06-04 03:02:10
5123340,2995217,65537,2024-08-31 03:33:00,2026-07-30 16:05:01,2024-02-25 03:34:00
10126551,2995217,16777473,2026-07-30 14:47:22,2026-07-30 04:05:01,2024-02-25 07:43:00
45511857,2995217,1,2026-07-30 00:05:01,2026-07-30 16:05:01,2024-05-24 02:43:00
454,3347987,1,2026-07-30 01:05:01,2026-07-30 16:05:01,2024-06-04 03:02:10
5123340,3347987,65537,2024-08-31 03:33:00,2026-07-30 16:05:01,2024-02-25 03:34:00
10126551,3347987,16777473,2026-07-30 14:47:22,2026-07-10 10:05:01,2024-02-25 07:43:00
45511857,3347987,1,2026-07-30 00:05:01,2026-07-30 16:05:01,2024-05-24 02:43:00
454,3350734,1,2026-07-30 01:05:01,2026-07-30 16:05:01,2024-06-04 03:02:10
5123340,3350734,65537,2024-08-31 03:33:00,2026-07-30 16:05:01,2024-02-25 03:34:00
10126551,3350734,16777473,2026-07-30 14:47:22,2026-07-28 04:05:01,2024-02-25 07:43:00
45511857,3350734,1,2026-07-30 00:05:01,2026-07-30 16:05:01,2024-05-24 02:43:00
454,3092945,1,2026-07-30 01:05:01,2026-07-30 16:05:01,2024-06-04 03:02:10
5123340,3092945,65537,2024-08-31 03:33:00,2026-07-30 16:05:01,2024-02-25 03:34:00
10126551,3092945,16777473,2026-07-30 14:47:22,2026-07-30 05:05:01,2024-02-25 07:43:00
45511857,3092945,1,2026-07-30 00:05:01,2026-07-30 16:05:01,2024-05-24 02:43:00
454,1530286,1,2026-07-30 01:05:01,2026-07-30 16:05:01,2024-06-04 03:02:10
5123340,1530286,65537,2024-08-31 03:33:00,2026-07-30 16:05:01,2024-02-25 03:34:00
10126551,1530286,16777473,2026-07-30 14:47:22,2026-07-30 05:05:01,2024-02-25 07:43:00
45511857,1530286,1,2026-07-30 00:05:01,2026-07-30 16:05:01,2024-05-24 02:43:00
454,723905,1,2026-07-30 01:05:01,2026-07-30 16:05:01,2024-06-04 03:02:10
5123340,723905,65537,2024-08-31 03:33:00,2026-07-30 16:05:01,2024-02-25 03:34:00
10126551,723905,16777473,2026-07-30 14:47:22,2026-07-28 04:05:01,2024-02-25 07:43:00
45511857,723905,1,2026-07-30 00:05:01,2026-07-30 16:05:01,2024-05-24 02:43:00
454,1510965,1,2026-07-30 01:05:01,2026-07-30 16:05:01,2024-06-04 03:02:10
5123340,1510965,65537,2024-08-31 03:33:00,2026-07-30 16:05:01,2024-02-25 03:34:00
10126551,1510965,16777473,2026-07-30 14:47:22,2026-07-30 05:05:01,2024-02-25 07:43:00
45511857,1510965,1,2026-07-30 00:05:01,2026-07-30 16:05:01,2024-05-24 02:43:00
454,3405277,1,2026-07-30 01:05:01,2026-07-30 16:05:01,2024-06-04 03:02:10
5123340,3405277,65537,2024-08-31 03:33:00,2026-07-30 16:05:01,2024-02-25 03:34:00
10126551,3405277,16777473,2026-07-30 14:47:22,2026-07-30 05:05:01,2024-02-25 07:43:00
45511857,3405277,1,2026-07-30 00:05:01,2026-07-30 16:05:01,2024-05-24 02:43:00
454,1185392,1,2026-07-30 01:05:01,2026-07-30 16:05:01,2024-06-04 03:02:10
5123340,1185392,65537,2024-08-31 03:33:00,2026-07-30 16:05:01,2024-02-25 03:34:00
10126551,1185392,16777473,2026-07-30 14:47:22,2026-07-28 00:05:01,2024-02-25 07:43:00
45511857,1185392,1,2026-07-30 00:05:01,2026-07-30 16:05:01,2024-05-24 02:43:00
454,3471235,1,2026-07-30 01:05:01,2026-07-30 16:05:01,2024-06-04 03:02:10
5123340,3471235,65537,2024-08-31 03:33:00,2026-07-30 16:05:01,2024-02-25 03:34:00
10126551,3471235,16777473,2026-07-30 14:47:22,2026-07-30 05:05:01,2024-02-25 07:43:00
45511857,3471235,1,2026-07-30 00:05:01,2026-07-30 16:05:01,2024-05-24 02:43:00
454,3471810,1,2026-07-30 01:05:01,2026-07-30 16:05:01,2024-06-04 03:02:10
5123340,3471810,65537,2024-08-31 03:33:00,2026-07-30 16:05:01,2024-02-25 03:34:00
10126551,3471810,16777473,2026-07-30 14:47:22,2026-07-30 05:05:01,2024-02-25 07:43:00
45511857,3471810,1,2026-07-30 00:05:01,2026-07-30 16:05:01,2024-05-24 02:43:00
454,3474861,1,2026-07-30 01:05:01,2026-07-30 16:05:01,2024-06-04 03:02:10
5123340,3474861,65537,2024-08-31 03:33:00,2026-07-30 16:05:01,2024-02-25 03:34:00
10126551,3474861,16777473,2026-07-30 14:47:22,2026-07-30 05:05:01,2024-02-25 07:43:00
45511857,3474861,1,2026-07-30 00:05:01,2026-07-30 16:05:01,2024-05-24 02:43:00
454,3477123,1,2026-07-30 01:05:01,2026-07-30 16:05:01,2024-06-04 03:02:10
5123340,3477123,65537,2024-08-31 03:33:00,2026-07-30 16:05:01,2024-02-25 03:34:00
10126551,3477123,16777473,2026-07-30 14:47:22,2026-07-30 05:05:01,2024-02-25 07:43:00
45511857,3477123,1,2026-07-30 00:05:01,2026-07-30 16:05:01,2024-05-24 02:43:00
454,3479959,1,2026-07-30 01:05:01,2026-07-30 16:05:01,2024-06-04 03:02:10
5123340,3479959,65537,2024-08-31 03:33:00,2026-07-30 16:05:01,2024-02-25 03:34:00
10126551,3479959,16777473,2026-07-30 14:47:22,2026-07-28 04:05:01,2024-02-25 07:43:00
45511857,3479959,1,2026-07-30 00:05:01,2026-07-30 16:05:01,2024-05-24 02:43:00
454,3483216,1,2026-07-30 01:05:01,2026-07-30 16:05:01,2024-06-04 03:02:10
5123340,3483216,65537,2024-08-31 03:33:00,2026-07-30 16:05:01,2024-02-25 03:34:00
10126551,3483216,16777473,2026-07-30 14:47:22,2026-07-28 23:05:01,2024-02-25 07:43:00
45511857,3483216,1,2026-07-30 00:05:01,2026-07-30 16:05:01,2024-05-24 02:43:00
454,3483235,1,2026-07-30 01:05:01,2026-07-30 16:05:01,2024-06-05 23:36:02
5123340,3483235,65537,2024-08-31 03:33:00,2026-07-30 16:05:01,2024-02-25 03:34:00
10126551,3483235,16777473,2026-07-30 14:47:22,2026-07-27 01:05:02,2024-02-25 07:43:00
45511857,3483235,1,2026-07-30 00:05:01,2026-07-30 16:05:01,2024-05-24 02:43:00
454,3279531,1,2026-07-30 01:05:01,2026-07-30 16:05:01,2024-06-04 03:02:10
5123340,3279531,65537,2024-08-31 03:33:00,2026-07-30 16:05:01,2024-02-25 03:34:00
10126551,3279531,16777473,2026-07-30 14:47:22,2026-07-30 05:05:01,2024-02-25 07:43:00
45511857,3279531,1,2026-07-30 00:05:01,2026-07-30 16:05:01,2024-05-24 02:43:00
454,2717725,1,2026-07-30 01:05:01,2026-07-30 16:05:01,2024-06-04 03:02:10
5123340,2717725,65537,2024-08-31 03:33:00,2026-07-30 16:05:01,2024-02-25 03:34:00
10126551,2717725,16777473,2026-07-30 14:47:22,2026-07-30 05:05:01,2024-02-25 07:43:00
45511857,2717725,1,2026-07-30 00:05:01,2026-07-30 16:05:01,2024-05-24 02:43:00
454,3435380,1,2026-07-30 01:05:01,2026-07-30 16:05:01,2024-06-04 03:02:10
5123340,3435380,65537,2024-08-31 03:33:00,2026-07-30 16:05:01,2024-02-25 03:34:00
10126551,3435380,16777473,2026-07-30 14:47:22,2026-07-30 05:05:01,2024-02-25 07:43:00
45511857,3435380,1,2026-07-30 00:05:01,2026-07-30 16:05:01,2024-05-24 02:43:00
454,3337542,1,2026-07-30 01:05:01,2026-07-30 16:05:01,2024-06-04 03:02:10
5123340,3337542,65537,2024-08-31 03:33:00,2026-07-30 16:05:01,2024-02-25 03:34:00
10126551,3337542,16777473,2026-07-30 14:47:22,2026-07-10 10:05:01,2024-02-25 07:43:00
45511857,3337542,1,2026-07-30 00:05:01,2026-07-30 16:05:01,2024-05-24 02:43:00
454,3383435,1,2026-07-30 01:05:01,2026-07-30 16:05:01,2024-06-04 03:02:10
5123340,3383435,65537,2024-08-31 03:33:00,2026-07-30 16:05:01,2024-02-25 03:34:00
10126551,3383435,16777473,2026-07-30 14:47:22,2026-07-10 10:05:01,2024-02-25 07:43:00
45511857,3383435,1,2026-07-30 00:05:01,2026-07-30 16:05:01,2024-05-24 02:43:00
454,3529002,1,2026-07-30 01:05:01,2026-07-30 16:05:01,2024-06-04 03:02:10
5123340,3529002,65537,2024-08-31 03:33:00,2026-07-30 16:05:01,2024-02-25 03:34:00
10126551,3529002,16777473,2026-07-30 14:47:22,2026-07-30 05:05:01,2024-02-25 07:43:00
45511857,3529002,1,2026-07-30 00:05:01,2026-07-30 16:05:01,2024-05-24 02:43:00
454,2713831,1,2026-07-30 01:05:01,2026-07-30 16:05:01,2024-06-04 03:02:10
5123340,2713831,65537,2024-08-31 03:33:00,2026-07-30 16:05:01,2024-02-25 03:34:00
10126551,2713831,16777473,2026-07-30 14:47:22,2026-07-10 10:05:01,2024-02-25 07:43:00
45511857,2713831,1,2026-07-30 00:05:01,2026-07-30 16:05:01,2024-05-24 02:43:00
454,3588625,1,2026-07-30 01:05:01,2026-07-30 16:05:01,2024-06-04 03:02:10
5123340,3588625,65537,2024-08-31 03:33:00,2026-07-30 16:05:01,2024-02-25 03:34:00
10126551,3588625,16777473,2026-07-30 14:47:22,2026-07-10 10:05:01,2024-02-25 07:43:00
45511857,3588625,1,2026-07-30 00:05:01,2026-07-30 16:05:01,2024-05-24 02:43:00
454,3588632,1,2026-07-30 01:05:01,2026-07-30 16:05:01,2024-06-04 03:02:10
5123340,3588632,65537,2024-08-31 03:33:00,2026-07-30 16:05:01,2024-02-25 03:34:00
10126551,3588632,16777473,2026-07-30 14:47:22,2026-07-10 11:05:01,2024-02-25 07:43:00
45511857,3588632,1,2026-07-30 00:05:01,2026-07-30 16:05:01,2024-05-24 02:43:00
5123340,2779865,65537,2024-08-31 03:33:00,2026-07-30 16:05:01,2024-02-25 03:34:00
10126551,2779865,16777473,2026-07-30 14:47:22,2026-07-30 05:05:01,2024-02-25 07:43:00
45511857,2779865,1,2026-07-30 00:05:01,2026-07-30 16:05:01,2024-05-24 02:43:00
454,2549164,1,2026-07-30 01:05:01,2026-07-30 16:05:01,2024-06-04 03:02:10
5123340,2549164,65537,2024-08-31 03:33:00,2026-07-30 16:05:01,2024-02-25 03:34:00
10126551,2549164,16777473,2026-07-30 14:47:22,2026-07-28 03:05:01,2024-02-25 07:43:00
45511857,2549164,1,2026-07-30 00:05:01,2026-07-30 16:05:01,2024-05-24 02:43:00
454,2863256,1,2026-07-30 01:05:01,2026-07-30 16:05:01,2024-06-04 03:02:10
5123340,2863256,65537,2024-08-31 03:33:00,2026-07-30 16:05:01,2024-02-25 03:34:00
10126551,2863256,16777473,2026-07-30 14:47:22,2026-07-30 05:05:01,2024-02-25 07:43:00
45511857,2863256,1,2026-07-30 00:05:01,2026-07-30 16:05:01,2024-05-24 02:43:00
454,2863269,1,2026-07-30 01:05:01,2026-07-30 16:05:01,2024-06-04 03:02:10
5123340,2863269,65537,2024-08-31 03:33:00,2026-07-30 16:05:01,2024-02-25 03:34:00
10126551,2863269,16777473,2026-07-30 14:47:22,2026-07-30 05:05:01,2024-02-25 07:43:00
45511857,2863269,1,2026-07-30 00:05:01,2026-07-30 16:05:01,2024-05-24 02:43:00
454,2863283,1,2026-07-30 01:05:01,2026-07-30 16:05:01,2024-06-04 03:02:10
5123340,2863283,65537,2024-08-31 03:33:00,2026-07-30 16:05:01,2024-02-25 03:34:00
10126551,2863283,16777473,2026-07-30 14:47:22,2026-07-28 04:05:01,2024-02-25 07:43:00
45511857,2863283,1,2026-07-30 00:05:01,2026-07-30 16:05:01,2024-05-24 02:43:00
454,2435698,1,2026-07-30 01:05:01,2026-07-30 16:05:01,2024-06-04 03:02:10
5123340,2435698,65537,2024-08-31 03:33:00,2026-07-30 16:05:01,2024-02-25 03:34:00
10126551,2435698,16777473,2026-07-30 14:47:22,2026-07-30 05:05:01,2024-02-25 07:43:00
45511857,2435698,1,2026-07-30 00:05:01,2026-07-30 16:05:01,2024-05-24 02:43:00
454,2043480,1,2026-07-30 01:05:01,2026-07-30 16:05:01,2024-06-04 03:02:10
5123340,2043480,65537,2024-08-31 03:33:00,2026-07-30 16:05:01,2024-02-25 03:34:00
10126551,2043480,16777473,2026-07-30 14:47:22,2026-07-30 05:05:01,2024-02-25 07:43:00
45511857,2043480,1,2026-07-30 00:05:01,2026-07-30 16:05:01,2024-05-24 02:43:00
454,2828488,1,2026-07-30 01:05:01,2026-07-30 16:05:01,2024-06-04 03:02:10
5123340,2828488,65537,2024-08-31 03:33:00,2026-07-30 16:05:01,2024-02-25 03:34:00
10126551,2828488,16777473,2026-07-30 14:47:22,2026-07-28 04:05:01,2024-02-25 07:43:00
45511857,2828488,1,2026-07-30 00:05:01,2026-07-30 16:05:01,2024-05-24 02:43:00
454,2899260,1,2026-07-30 01:05:01,2026-07-30 16:05:01,2024-06-04 03:02:10
5123340,2899260,65537,2024-08-31 03:33:00,2026-07-30 16:05:01,2024-02-25 03:34:00
10126551,2899260,16777473,2026-07-30 14:47:22,2026-07-30 05:05:01,2024-02-25 07:43:00
45511857,2899260,1,2026-07-30 00:05:01,2026-07-30 16:05:01,2024-05-24 02:43:00
454,2902042,1,2026-07-30 01:05:01,2026-07-30 16:05:01,2024-06-04 03:02:10
5123340,2902042,65537,2024-08-31 03:33:00,2026-07-30 16:05:01,2024-02-25 03:34:00
10126551,2902042,16777473,2026-07-30 14:47:22,2026-07-30 05:05:01,2024-02-25 07:43:00
45511857,2902042,1,2026-07-30 00:05:01,2026-07-30 16:05:01,2024-05-24 02:43:00
454,2903069,1,2026-07-30 01:05:01,2026-07-30 16:05:01,2024-06-04 03:02:10
5123340,2903069,65537,2024-08-31 03:33:00,2026-07-30 16:05:01,2024-02-25 03:34:00
10126551,2903069,16777473,2026-07-30 14:47:22,2026-07-30 05:05:01,2024-02-25 07:43:00
45511857,2903069,1,2026-07-30 00:05:01,2026-07-30 16:05:01,2024-05-24 02:43:00
454,2909894,1,2026-07-30 01:05:01,2026-07-30 16:05:01,2024-06-04 03:02:10
5123340,2909894,65537,2024-08-31 03:33:00,2026-07-30 16:05:01,2024-02-25 03:34:00
10126551,2909894,16777473,2026-07-30 14:47:22,2026-07-29 13:05:01,2024-02-25 07:43:00
45511857,2909894,1,2026-07-30 00:05:01,2026-07-30 16:05:01,2024-05-24 02:43:00
454,1480195,1,2026-07-30 01:05:01,2026-07-30 16:05:01,2024-06-04 03:02:10
5123340,1480195,65537,2024-08-31 03:33:00,2026-07-30 16:05:01,2024-02-25 03:34:00
10126551,1480195,16777473,2026-07-30 14:47:22,2026-07-26 04:05:01,2024-02-25 07:43:00
45511857,1480195,1,2026-07-30 00:05:01,2026-07-30 16:05:01,2024-05-24 02:43:00
454,806884,1,2026-07-30 01:05:01,2026-07-30 16:05:01,2024-06-04 03:02:10
5123340,806884,65537,2024-08-31 03:33:00,2026-07-30 16:05:01,2024-02-25 03:34:00
10126551,806884,16777473,2026-07-30 14:47:22,2026-07-28 04:05:01,2024-02-25 07:43:00
45511857,806884,1,2026-07-30 00:05:01,2026-07-30 16:05:01,2024-05-24 02:43:00
454,3002771,1,2026-07-30 01:05:01,2026-07-30 16:05:01,2024-06-04 03:02:10
5123340,3002771,65537,2024-08-31 03:33:00,2026-07-30 16:05:01,2024-02-25 03:34:00
10126551,3002771,16777473,2026-07-30 14:47:22,2026-07-28 00:05:01,2024-02-25 07:43:00
45511857,3002771,1,2026-07-30 00:05:01,2026-07-30 16:05:01,2024-05-24 02:43:00
454,3029010,1,2026-07-30 01:05:01,2026-07-30 16:05:01,2024-06-04 03:02:10
5123340,3029010,65537,2024-08-31 03:33:00,2026-07-30 16:05:01,2024-02-25 03:34:00
10126551,3029010,16777473,2026-07-30 14:47:22,2026-07-28 00:05:01,2024-02-25 07:43:00
45511857,3029010,1,2026-07-30 00:05:01,2026-07-30 16:05:01,2024-05-24 02:43:00
454,3015025,1,2026-07-30 01:05:01,2026-07-30 16:05:01,2024-06-04 03:02:10
5123340,3015025,65537,2024-08-31 03:33:00,2026-07-30 16:05:01,2024-02-25 03:34:00
10126551,3015025,16777473,2026-07-30 14:47:22,2026-07-30 04:05:01,2024-02-25 07:43:00
45511857,3015025,1,2026-07-30 00:05:01,2026-07-30 16:05:01,2024-05-24 02:43:00
454,1509642,1,2026-07-30 01:05:01,2026-07-30 16:05:01,2024-06-04 03:02:10
5123340,1509642,65537,2024-08-31 03:33:00,2026-07-30 16:05:01,2024-02-25 03:34:00
10126551,1509642,16777473,2026-07-30 14:47:22,2026-07-27 03:05:01,2024-02-25 07:43:00
45511857,1509642,1,2026-07-30 00:05:01,2026-07-30 16:05:01,2024-05-24 02:43:00
454,1137003,1,2026-07-30 01:05:01,2026-07-30 16:05:01,2024-06-04 03:02:10
5123340,1137003,65537,2024-08-31 03:33:00,2026-07-30 16:05:01,2024-02-25 03:34:00
10126551,1137003,16777473,2026-07-30 14:47:22,2026-07-22 19:05:01,2024-02-25 07:43:00
45511857,1137003,1,2026-07-30 00:05:01,2026-07-30 16:05:01,2024-05-24 02:43:00
454,1742580,1,2026-07-30 01:05:01,2026-07-30 16:05:01,2024-06-04 03:02:10
5123340,1742580,65537,2024-08-31 03:33:00,2026-07-30 16:05:01,2024-02-25 03:34:00
10126551,1742580,16777473,2026-07-30 14:47:22,2026-07-28 04:05:01,2024-02-25 07:43:00
45511857,1742580,1,2026-07-30 00:05:01,2026-07-30 16:05:01,2024-05-24 02:43:00
454,1742784,1,2026-07-30 01:05:01,2026-07-30 16:05:01,2024-06-04 03:02:10
5123340,1742784,65537,2024-08-31 03:33:00,2026-07-30 16:05:01,2024-02-25 03:34:00
10126551,1742784,16777473,2026-07-30 14:47:22,2026-07-27 02:05:01,2024-02-25 07:43:00
45511857,1742784,1,2026-07-30 00:05:01,2026-07-30 16:05:01,2024-05-24 02:43:00
454,3055175,1,2026-07-30 01:05:01,2026-07-30 16:05:01,2024-06-04 03:02:10
5123340,3055175,65537,2024-08-31 03:33:00,2026-07-30 16:05:01,2024-02-25 03:34:00
10126551,3055175,16777473,2026-07-30 14:47:22,2026-07-30 05:05:01,2024-02-25 07:43:00
45511857,3055175,1,2026-07-30 00:05:01,2026-07-30 16:05:01,2024-05-24 02:43:00
454,1466558,1,2026-07-30 01:05:01,2026-07-30 16:05:01,2024-06-04 03:02:10
5123340,1466558,65537,2024-08-31 03:33:00,2026-07-30 16:05:01,2024-02-25 03:34:00
10126551,1466558,16777473,2026-07-30 14:47:22,2026-07-30 05:05:01,2024-02-25 07:43:00
45511857,1466558,1,2026-07-30 00:05:01,2026-07-30 16:05:01,2024-05-24 02:43:00
454,2898360,1,2026-07-30 01:05:01,2026-07-30 16:05:01,2024-06-04 03:02:10
5123340,2898360,65537,2024-08-31 03:33:00,2026-07-30 16:05:01,2024-02-25 03:34:00
10126551,2898360,16777473,2026-07-30 14:47:22,2026-07-30 05:05:01,2024-02-25 07:43:00
45511857,2898360,1,2026-07-30 00:05:01,2026-07-30 16:05:01,2024-05-24 02:43:00
454,2126434,1,2026-07-30 01:05:01,2026-07-30 16:05:01,2024-06-04 03:02:10
5123340,2126434,65537,2024-08-31 03:33:00,2026-07-30 16:05:01,2024-02-25 03:34:00
10126551,2126434,16777473,2026-07-30 14:47:22,2026-07-30 05:05:01,2024-02-25 07:43:00
45511857,2126434,1,2026-07-30 00:05:01,2026-07-30 16:05:01,2024-05-24 02:43:00
454,2088062,1,2026-07-30 01:05:01,2026-07-30 16:05:01,2024-06-04 03:02:10
5123340,2088062,65537,2024-08-31 03:33:00,2026-07-30 16:05:01,2024-02-25 03:34:00
10126551,2088062,16777473,2026-07-30 14:47:22,2026-07-30 05:05:01,2024-02-25 07:43:00
45511857,2088062,1,2026-07-30 00:05:01,2026-07-30 16:05:01,2024-05-24 02:43:00
454,2830479,1,2026-07-30 01:05:01,2026-07-30 16:05:01,2024-06-04 03:02:10
5123340,2830479,65537,2024-08-31 03:33:00,2026-07-30 16:05:01,2024-02-25 03:34:00
10126551,2830479,16777473,2026-07-30 14:47:22,2026-07-30 05:05:01,2024-02-25 07:43:00
45511857,2830479,1,2026-07-30 00:05:01,2026-07-30 16:05:01,2024-05-24 02:43:00
454,1029705,1,2026-07-30 01:05:01,2026-07-30 16:05:01,2024-06-04 03:02:10
5123340,1029705,65537,2024-08-31 03:33:00,2026-07-30 16:05:01,2024-02-25 03:34:00
10126551,1029705,16777473,2026-07-30 14:47:22,2026-07-11 09:05:02,2024-02-25 07:43:00
45511857,1029705,1,2026-07-30 00:05:01,2026-07-30 16:05:01,2024-05-24 02:43:00
454,3195613,1,2026-07-30 01:05:01,2026-07-30 16:05:01,2024-06-04 03:02:10
5123340,3195613,65537,2024-08-31 03:33:00,2026-07-30 16:05:01,2024-02-25 03:34:00
10126551,3195613,16777473,2026-07-30 14:47:22,2026-07-28 00:05:01,2024-02-25 07:43:00
45511857,3195613,1,2026-07-30 00:05:01,2026-07-30 16:05:01,2024-05-24 02:43:00
454,1728477,1,2026-07-30 01:05:01,2026-07-30 16:05:01,2024-06-04 03:02:10
5123340,1728477,65537,2024-08-31 03:33:00,2026-07-30 16:05:01,2024-02-25 03:34:00
10126551,1728477,16777473,2026-07-30 14:47:22,2026-07-28 00:05:01,2024-02-25 07:43:00
45511857,1728477,1,2026-07-30 00:05:01,2026-07-30 16:05:01,2024-05-24 02:43:00
454,3204104,1,2026-07-30 01:05:01,2026-07-30 16:05:01,2024-06-04 03:02:10
5123340,3204104,65537,2024-08-31 03:33:00,2026-07-30 16:05:01,2024-02-25 03:34:00
10126551,3204104,16777473,2026-07-30 14:47:22,2026-07-30 05:05:01,2024-02-25 07:43:00
45511857,3204104,1,2026-07-30 00:05:01,2026-07-30 16:05:01,2024-05-24 02:43:00
454,3205395,1,2026-07-30 01:05:01,2026-07-30 16:05:01,2024-06-04 03:02:10
5123340,3205395,65537,2024-08-31 03:33:00,2026-07-30 16:05:01,2024-02-25 03:34:00
10126551,3205395,16777473,2026-07-30 14:47:22,2026-07-28 04:05:01,2024-02-25 07:43:00
45511857,3205395,1,2026-07-30 00:05:01,2026-07-30 16:05:01,2024-05-24 02:43:00
454,3210752,1,2026-07-30 01:05:01,2026-07-30 16:05:01,2024-06-04 03:02:10
5123340,3210752,65537,2024-08-31 03:33:00,2026-07-30 16:05:01,2024-02-25 03:34:00
10126551,3210752,16777473,2026-07-30 14:47:22,2026-07-30 05:05:01,2024-02-25 07:43:00
45511857,3210752,1,2026-07-30 00:05:01,2026-07-30 16:05:01,2024-05-24 02:43:00
454,3216843,1,2026-07-30 01:05:01,2026-07-30 16:05:01,2024-06-04 03:02:10
5123340,3216843,65537,2024-08-31 03:33:00,2026-07-30 16:05:01,2024-02-25 03:34:00
10126551,3216843,16777473,2026-07-30 14:47:22,2026-07-28 00:05:01,2024-02-25 07:43:00
45511857,3216843,1,2026-07-30 00:05:01,2026-07-30 16:05:01,2024-05-24 02:43:00
454,1676693,1,2026-07-30 01:05:01,2026-07-30 16:05:01,2024-06-04 03:02:10
5123340,1676693,65537,2024-08-31 03:33:00,2026-07-30 16:05:01,2024-02-25 03:34:00
10126551,1676693,16777473,2026-07-30 14:47:22,2026-07-30 05:05:01,2024-02-25 07:43:00
45511857,1676693,1,2026-07-30 00:05:01,2026-07-30 16:05:01,2024-05-24 02:43:00
454,2356952,1,2026-07-30 01:05:01,2026-07-30 16:05:01,2024-06-04 03:02:10
5123340,2356952,65537,2024-08-31 03:33:00,2026-07-30 16:05:01,2024-02-25 03:34:00
10126551,2356952,16777473,2026-07-30 14:47:22,2026-07-30 05:05:01,2024-02-25 07:43:00
45511857,2356952,1,2026-07-30 00:05:01,2026-07-30 16:05:01,2024-05-24 02:43:00
454,3079860,1,2026-07-30 01:05:01,2026-07-30 16:05:01,2024-06-04 03:02:10
5123340,3079860,65537,2024-08-31 03:33:00,2026-07-30 16:05:01,2024-02-25 03:34:00
10126551,3079860,16777473,2026-07-30 14:47:22,2026-07-28 04:05:01,2024-02-25 07:43:00
45511857,3079860,1,2026-07-30 00:05:01,2026-07-30 16:05:01,2024-05-24 02:43:00
454,3028947,1,2026-07-30 01:05:01,2026-07-30 16:05:01,2024-06-04 03:02:10
5123340,3028947,65537,2024-08-31 03:33:00,2026-07-30 16:05:01,2024-02-25 03:34:00
10126551,3028947,16777473,2026-07-30 14:47:22,2026-07-28 00:05:01,2024-02-25 07:43:00
45511857,3028947,1,2026-07-30 00:05:01,2026-07-30 16:05:01,2024-05-24 02:43:00
454,1776043,1,2026-07-30 01:05:01,2026-07-30 16:05:01,2024-06-04 03:02:10
5123340,1776043,65537,2024-08-31 03:33:00,2026-07-30 16:05:01,2024-02-25 03:34:00
10126551,1776043,16777473,2026-07-30 14:47:22,2026-07-30 05:05:01,2024-02-25 07:43:00
45511857,1776043,1,2026-07-30 00:05:01,2026-07-30 16:05:01,2024-05-24 02:43:00
454,3361319,1,2026-07-30 01:05:01,2026-07-30 16:05:01,2024-06-04 03:02:10
5123340,3361319,65537,2024-08-31 03:33:00,2026-07-30 16:05:01,2024-02-25 03:34:00
10126551,3361319,16777473,2026-07-30 14:47:22,2026-07-10 10:05:01,2024-02-25 07:43:00
45511857,3361319,1,2026-07-30 00:05:01,2026-07-30 16:05:01,2024-05-24 02:43:00
454,1755902,1,2026-07-30 01:05:01,2026-07-30 16:05:01,2024-06-04 03:02:10
5123340,1755902,65537,2024-08-31 03:33:00,2026-07-30 16:05:01,2024-02-25 03:34:00
10126551,1755902,16777473,2026-07-30 14:47:22,2026-07-30 05:05:01,2024-02-25 07:43:00
45511857,1755902,1,2026-07-30 00:05:01,2026-07-30 16:05:01,2024-05-24 02:43:00
454,3361637,1,2026-07-30 01:05:01,2026-07-30 16:05:01,2024-06-04 03:02:10
5123340,3361637,65537,2024-08-31 03:33:00,2026-07-30 16:05:01,2024-02-25 03:34:00
10126551,3361637,16777473,2026-07-30 14:47:22,2026-07-30 05:05:01,2024-02-25 07:43:00
45511857,3361637,1,2026-07-30 00:05:01,2026-07-30 16:05:01,2024-05-24 02:43:00
454,3329914,1,2026-07-30 01:05:01,2026-07-30 16:05:01,2024-06-04 03:02:10
5123340,3329914,65537,2024-08-31 03:33:00,2026-07-30 16:05:01,2024-02-25 03:34:00
10126551,3329914,16777473,2026-07-30 14:47:22,2026-07-30 05:05:01,2024-02-25 07:43:00
45511857,3329914,1,2026-07-30 00:05:01,2026-07-30 16:05:01,2024-05-24 02:43:00
454,2633189,1,2026-07-30 01:05:01,2026-07-30 16:05:01,2024-06-04 03:02:10
5123340,2633189,65537,2024-08-31 03:33:00,2026-07-30 16:05:01,2024-02-25 03:34:00
10126551,2633189,16777473,2026-07-30 14:47:22,2026-07-28 04:05:01,2024-02-25 07:43:00
45511857,2633189,1,2026-07-30 00:05:01,2026-07-30 16:05:01,2024-05-24 02:43:00
454,3272899,1,2026-07-30 01:05:01,2026-07-30 16:05:01,2024-06-04 03:02:10
5123340,3272899,65537,2024-08-31 03:33:00,2026-07-30 16:05:01,2024-02-25 03:34:00
10126551,3272899,16777473,2026-07-30 14:47:22,2026-07-30 00:05:01,2024-02-25 07:43:00
45511857,3272899,1,2026-07-30 00:05:01,2026-07-30 16:05:01,2024-05-24 02:43:00
454,723483,1,2026-07-30 01:05:01,2026-07-30 16:05:01,2024-06-04 03:02:10
5123340,723483,65537,2024-08-31 03:33:00,2026-07-30 16:05:01,2024-02-25 03:34:00
10126551,723483,16777473,2026-07-30 14:47:22,2026-07-30 05:05:01,2024-02-25 07:43:00
45511857,723483,1,2026-07-30 00:05:01,2026-07-30 16:05:01,2024-05-24 02:43:00
454,3001450,1,2026-07-30 01:05:01,2026-07-30 16:05:01,2024-06-04 03:02:10
5123340,3001450,65537,2024-08-31 03:33:00,2026-07-30 16:05:01,2024-02-25 03:34:00
10126551,3001450,16777473,2026-07-30 14:47:22,2026-07-30 05:05:01,2024-02-25 07:43:00
45511857,3001450,1,2026-07-30 00:05:01,2026-07-30 16:05:01,2024-05-24 02:43:00
454,3428404,1,2026-07-30 01:05:01,2026-07-30 16:05:01,2024-06-04 03:02:10
5123340,3428404,65537,2024-08-31 03:33:00,2026-07-30 16:05:01,2024-02-25 03:34:00
10126551,3428404,16777473,2026-07-30 14:47:22,2026-07-30 05:05:01,2024-02-25 07:43:00
45511857,3428404,1,2026-07-30 00:05:01,2026-07-30 16:05:01,2024-05-24 02:43:00
454,3434117,1,2026-07-30 01:05:01,2026-07-30 16:05:01,2024-06-04 03:02:10
5123340,3434117,65537,2024-08-31 03:33:00,2026-07-30 16:05:01,2024-02-25 03:34:00
10126551,3434117,16777473,2026-07-30 14:47:22,2026-07-30 05:05:01,2024-02-25 07:43:00
45511857,3434117,1,2026-07-30 00:05:01,2026-07-30 16:05:01,2024-05-24 02:43:00
454,3434972,1,2026-07-30 01:05:01,2026-07-30 16:05:01,2024-06-04 03:02:10
5123340,3434972,65537,2024-08-31 03:33:00,2026-07-30 16:05:01,2024-02-25 03:34:00
10126551,3434972,16777473,2026-07-30 14:47:22,2026-07-26 03:05:01,2024-02-25 07:43:00
45511857,3434972,1,2026-07-30 00:05:01,2026-07-30 16:05:01,2024-05-24 02:43:00
454,3052419,1,2026-07-30 01:05:01,2026-07-30 16:05:01,2024-06-04 03:02:10
5123340,3052419,65537,2024-08-31 03:33:00,2026-07-30 16:05:01,2024-02-25 03:34:00
10126551,3052419,16777473,2026-07-30 14:47:22,2026-07-30 05:05:01,2024-02-25 07:43:00
45511857,3052419,1,2026-07-30 00:05:01,2026-07-30 16:05:01,2024-05-24 02:43:00
454,1733596,1,2026-07-30 01:05:01,2026-07-30 16:05:01,2024-06-04 03:02:10
5123340,1733596,65537,2024-08-31 03:33:00,2026-07-30 16:05:01,2024-02-25 03:34:00
10126551,1733596,16777473,2026-07-30 14:47:22,2026-07-28 00:05:01,2024-02-25 07:43:00
45511857,1733596,1,2026-07-30 00:05:01,2026-07-30 16:05:01,2024-05-24 02:43:00
454,3437784,1,2026-07-30 01:05:01,2026-07-30 16:05:01,2024-06-04 03:02:10
5123340,3437784,65537,2024-08-31 03:33:00,2026-07-30 16:05:01,2024-02-25 03:34:00
10126551,3437784,16777473,2026-07-30 14:47:22,2026-07-28 04:05:01,2024-02-25 07:43:00
45511857,3437784,1,2026-07-30 00:05:01,2026-07-30 16:05:01,2024-05-24 02:43:00
454,3491680,1,2026-07-30 01:05:01,2026-07-30 16:05:01,2024-06-04 03:02:10
5123340,3491680,65537,2024-08-31 03:33:00,2026-07-30 16:05:01,2024-02-25 03:34:00
10126551,3491680,16777473,2026-07-30 14:47:22,2026-07-28 04:05:01,2024-02-25 07:43:00
45511857,3491680,1,2026-07-30 00:05:01,2026-07-30 16:05:01,2024-05-24 02:43:00
454,3493044,1,2026-07-30 01:05:01,2026-07-30 16:05:01,2024-06-04 03:02:10
5123340,3493044,65537,2024-08-31 03:33:00,2026-07-30 16:05:01,2024-02-25 03:34:00
10126551,3493044,16777473,2026-07-30 14:47:22,2026-07-30 05:05:01,2024-02-25 07:43:00
45511857,3493044,1,2026-07-30 00:05:01,2026-07-30 16:05:01,2024-05-24 02:43:00
454,3494544,1,2026-07-30 01:05:01,2026-07-30 16:05:01,2024-06-04 03:02:10
5123340,3494544,65537,2024-08-31 03:33:00,2026-07-30 16:05:01,2024-02-25 03:34:00
10126551,3494544,16777473,2026-07-30 14:47:22,2026-07-30 00:05:01,2024-02-25 07:43:00
45511857,3494544,1,2026-07-30 00:05:01,2026-07-30 16:05:01,2024-05-24 02:43:00
454,3490696,1,2026-07-30 01:05:01,2026-07-30 16:05:01,2024-06-04 03:02:10
5123340,3490696,65537,2024-08-31 03:33:00,2026-07-30 16:05:01,2024-02-25 03:34:00
10126551,3490696,16777473,2026-07-30 14:47:22,2026-07-30 05:05:01,2024-02-25 07:43:00
45511857,3490696,1,2026-07-30 00:05:01,2026-07-30 16:05:01,2024-05-24 02:43:00
454,2996972,1,2026-07-30 01:05:01,2026-07-30 16:05:01,2024-06-04 03:02:10
5123340,2996972,65537,2024-08-31 03:33:00,2026-07-30 16:05:01,2024-02-25 03:34:00
10126551,2996972,16777473,2026-07-30 14:47:22,2026-07-30 05:05:01,2024-02-25 07:43:00
45511857,2996972,1,2026-07-30 00:05:01,2026-07-30 16:05:01,2024-05-24 02:43:00
454,3513325,1,2026-07-30 01:05:01,2026-07-30 16:05:01,2024-06-04 03:02:10
5123340,3513325,65537,2024-08-31 03:33:00,2026-07-30 16:05:01,2024-02-25 03:34:00
10126551,3513325,16777473,2026-07-30 14:47:22,2026-07-30 05:05:01,2024-02-25 07:43:00
45511857,3513325,1,2026-07-30 00:05:01,2026-07-30 16:05:01,2024-05-24 02:43:00
454,2479794,1,2026-07-30 01:05:01,2026-07-30 16:05:01,2024-06-04 03:02:10
5123340,2479794,65537,2024-08-31 03:33:00,2026-07-30 16:05:01,2024-02-25 03:34:00
10126551,2479794,16777473,2026-07-30 14:47:22,2026-07-28 04:05:01,2024-02-25 07:43:00
45511857,2479794,1,2026-07-30 00:05:01,2026-07-30 16:05:01,2024-05-24 02:43:00
454,3558452,1,2026-07-30 01:05:01,2026-07-30 16:05:01,2024-06-04 03:02:10
5123340,3558452,65537,2024-08-31 03:33:00,2026-07-30 16:05:01,2024-02-25 03:34:00
10126551,3558452,16777473,2026-07-30 14:47:22,2026-07-30 01:05:01,2024-02-25 07:43:00
45511857,3558452,1,2026-07-30 00:05:01,2026-07-30 16:05:01,2024-05-24 02:43:00
454,3564067,1,2026-07-30 01:05:01,2026-07-30 16:05:01,2024-06-04 03:02:10
5123340,3564067,65537,2024-08-31 03:33:00,2026-07-30 16:05:01,2024-02-25 03:34:00
10126551,3564067,16777473,2026-07-30 14:47:22,2026-07-30 05:05:01,2024-02-25 07:43:00
45511857,3564067,1,2026-07-30 00:05:01,2026-07-30 16:05:01,2024-05-24 02:43:00
454,1544698,1,2026-07-30 01:05:01,2026-07-30 16:05:01,2024-06-04 03:02:10
5123340,1544698,65537,2024-08-31 03:33:00,2026-07-30 16:05:01,2024-02-25 03:34:00
10126551,1544698,16777473,2026-07-30 14:47:22,2026-07-28 04:05:01,2024-02-25 07:43:00
45511857,1544698,1,2026-07-30 00:05:01,2026-07-30 16:05:01,2024-05-24 02:43:00
454,1319047,1,2026-07-30 01:05:01,2026-07-30 16:05:01,2024-06-04 03:02:10
5123340,1319047,65537,2024-08-31 03:33:00,2026-07-30 16:05:01,2024-02-25 03:34:00
10126551,1319047,16777473,2026-07-30 14:47:22,2026-07-27 02:05:01,2024-02-25 07:43:00
45511857,1319047,1,2026-07-30 00:05:01,2026-07-30 16:05:01,2024-05-24 02:43:00
454,3508348,1,2026-07-30 01:05:01,2026-07-30 16:05:01,2024-06-04 03:02:10
454,3588634,1,2026-07-30 01:05:01,2026-07-30 16:05:01,2024-06-04 03:02:10
5123340,3588634,65537,2024-08-31 03:33:00,2026-07-30 16:05:01,2024-02-25 03:34:00
10126551,3588634,16777473,2026-07-30 14:47:22,2026-07-10 10:05:01,2024-02-25 07:43:00
45511857,3588634,1,2026-07-30 00:05:01,2026-07-30 16:05:01,2024-05-24 02:43:00
454,3588639,1,2026-07-30 01:05:01,2026-07-30 16:05:01,2024-06-04 03:02:10
5123340,3588639,65537,2024-08-31 03:33:00,2026-07-30 16:05:01,2024-02-25 03:34:00
10126551,3588639,16777473,2026-07-30 14:47:22,2026-07-10 10:05:01,2024-02-25 07:43:00
45511857,3588639,1,2026-07-30 00:05:01,2026-07-30 16:05:01,2024-05-24 02:43:00
454,3290637,1,2026-07-30 01:05:01,2026-07-30 16:05:01,2024-06-04 03:02:10
5123340,3290637,65537,2024-08-31 03:33:00,2026-07-30 16:05:01,2024-02-25 03:34:00
10126551,3290637,16777473,2026-07-30 14:47:22,2026-07-30 05:05:01,2024-02-25 07:43:00
45511857,3290637,1,2026-07-30 00:05:01,2026-07-30 16:05:01,2024-05-24 02:43:00
454,3597944,1,2026-07-30 01:05:01,2026-07-30 16:05:01,2024-06-04 03:02:10
5123340,3597944,65537,2024-08-31 03:33:00,2026-07-30 16:05:01,2024-02-25 03:34:00
10126551,3597944,16777473,2026-07-30 14:47:22,2026-07-30 00:05:01,2024-02-25 07:43:00
45511857,3597944,1,2026-07-30 00:05:01,2026-07-30 16:05:01,2024-05-24 02:43:00
454,3646842,1,2026-07-30 01:05:01,2026-07-30 16:05:01,2024-06-04 03:02:10
5123340,3646842,65537,2024-08-31 03:33:00,2026-07-30 16:05:01,2024-02-25 03:34:00
10126551,3646842,16777473,2026-07-30 14:47:22,2026-07-28 00:05:01,2024-02-25 07:43:00
45511857,3646842,1,2026-07-30 00:05:01,2026-07-30 16:05:01,2024-05-24 02:43:00
454,3646853,1,2026-07-30 01:05:01,2026-07-30 16:05:01,2024-06-04 03:02:10
5123340,3646853,65537,2024-08-31 03:33:00,2026-07-30 16:05:01,2024-02-25 03:34:00
10126551,3646853,16777473,2026-07-30 14:47:22,2026-07-30 05:05:01,2024-02-25 07:43:00
45511857,3646853,1,2026-07-30 00:05:01,2026-07-30 16:05:01,2024-05-24 02:43:00
454,3650401,1,2026-07-30 01:05:01,2026-07-30 16:05:01,2024-06-04 03:02:10
5123340,3650401,65537,2024-08-31 03:33:00,2026-07-30 16:05:01,2024-02-25 03:34:00
10126551,3650401,16777473,2026-07-30 14:47:22,2026-07-25 02:05:01,2024-02-25 07:43:00
45511857,3650401,1,2026-07-30 00:05:01,2026-07-30 16:05:01,2024-05-24 02:43:00
454,1516072,1,2026-07-30 01:05:01,2026-07-30 16:05:01,2024-06-04 03:02:10
5123340,1516072,65537,2024-08-31 03:33:00,2026-07-30 16:05:01,2024-02-25 03:34:00
10126551,1516072,16777473,2026-07-30 14:47:22,2026-07-28 04:05:01,2024-02-25 07:43:00
45511857,1516072,1,2026-07-30 00:05:01,2026-07-30 16:05:01,2024-05-24 02:43:00
454,3662180,1,2026-07-30 01:05:01,2026-07-30 16:05:01,2024-06-04 03:02:10
5123340,3662180,65537,2024-08-31 03:33:00,2026-07-30 16:05:01,2024-02-25 03:34:00
10126551,3662180,16777473,2026-07-30 14:47:22,2026-07-30 05:05:01,2024-02-25 07:43:00
45511857,3662180,1,2026-07-30 00:05:01,2026-07-30 16:05:01,2024-05-24 02:43:00
454,3663453,1,2026-07-30 01:05:01,2026-07-30 16:05:01,2024-06-04 03:02:10
5123340,3663453,65537,2024-08-31 03:33:00,2026-07-30 16:05:01,2024-02-25 03:34:00
10126551,3663453,16777473,2026-07-30 14:47:22,2026-07-30 05:05:01,2024-02-25 07:43:00
45511857,3663453,1,2026-07-30 00:05:01,2026-07-30 16:05:01,2024-05-24 02:43:00
454,1760601,1,2026-07-30 01:05:01,2026-07-30 16:05:01,2024-06-04 03:02:10
5123340,1760601,65537,2024-08-31 03:33:00,2026-07-30 16:05:01,2024-02-25 03:34:00
10126551,1760601,16777473,2026-07-30 14:47:22,2026-07-10 10:05:01,2024-02-25 07:43:00
45511857,1760601,1,2026-07-30 00:05:01,2026-07-30 16:05:01,2024-05-24 02:43:00
454,3752615,1,2026-07-30 01:05:01,2026-07-30 16:05:01,2024-06-04 03:02:10
5123340,3752615,65537,2024-08-31 03:33:00,2026-07-30 16:05:01,2024-02-25 03:34:00
10126551,3752615,16777473,2026-07-30 14:47:22,2026-07-30 05:05:01,2024-02-25 07:43:00
45511857,3752615,1,2026-07-30 00:05:01,2026-07-30 16:05:01,2024-05-24 02:43:00
454,3754739,1,2026-07-30 01:05:01,2026-07-30 16:05:01,2024-06-04 03:02:10
5123340,3754739,65537,2024-08-31 03:33:00,2026-07-30 16:05:01,2024-02-25 03:34:00
10126551,3754739,16777473,2026-07-30 14:47:22,2026-07-30 05:05:01,2024-02-25 07:43:00
45511857,3754739,1,2026-07-30 00:05:01,2026-07-30 16:05:01,2024-05-24 02:43:00
454,3735609,1,2026-07-30 01:05:01,2026-07-30 16:05:01,2024-06-04 03:02:10
5123340,3735609,65537,2024-08-31 03:33:00,2026-07-30 16:05:01,2024-02-25 03:34:00
10126551,3735609,16777473,2026-07-30 14:47:22,2026-07-30 05:05:01,2024-02-25 07:43:00
45511857,3735609,1,2026-07-30 00:05:01,2026-07-30 16:05:01,2024-05-24 02:43:00
454,3762147,1,2026-07-30 01:05:01,2026-07-30 16:05:01,2024-06-04 03:02:10
5123340,3762147,65537,2024-08-31 03:33:00,2026-07-30 16:05:01,2024-02-25 03:34:00
10126551,3762147,16777473,2026-07-30 14:47:22,2026-07-30 05:05:01,2024-02-25 07:43:00
45511857,3762147,1,2026-07-30 00:05:01,2026-07-30 16:05:01,2024-05-24 02:43:00
454,1858204,1,2026-07-30 01:05:01,2026-07-30 16:05:01,2024-06-04 03:02:10
5123340,1858204,65537,2024-08-31 03:33:00,2026-07-30 16:05:01,2024-02-25 03:34:00
10126551,1858204,16777473,2026-07-30 14:47:22,2026-07-30 05:05:01,2024-02-25 07:43:00
45511857,1858204,1,2026-07-30 00:05:01,2026-07-30 16:05:01,2024-05-24 02:43:00
454,3734561,1,2026-07-30 01:05:01,2026-07-30 16:05:01,2024-06-04 03:02:10
5123340,3734561,65537,2024-08-31 03:33:00,2026-07-30 16:05:01,2024-02-25 03:34:00
10126551,3734561,16777473,2026-07-30 14:47:22,2026-07-30 05:05:01,2024-02-25 07:43:00
45511857,3734561,1,2026-07-30 00:05:01,2026-07-30 16:05:01,2024-05-24 02:43:00
454,3788763,1,2026-07-30 01:05:01,2026-07-30 16:05:01,2024-06-04 03:02:10
5123340,3788763,65537,2024-08-31 03:33:00,2026-07-30 16:05:01,2024-02-25 03:34:00
10126551,3788763,16777473,2026-07-30 14:47:22,2026-07-30 05:05:01,2024-02-25 07:43:00
45511857,3788763,1,2026-07-30 00:05:01,2026-07-30 16:05:01,2024-05-24 02:43:00
454,3790787,1,2026-07-30 01:05:01,2026-07-30 16:05:01,2024-06-04 03:02:10
5123340,3790787,65537,2024-08-31 03:33:00,2026-07-30 16:05:01,2024-02-25 03:34:00
10126551,3790787,16777473,2026-07-30 14:47:22,2026-07-30 05:05:01,2024-02-25 07:43:00
45511857,3790787,1,2026-07-30 00:05:01,2026-07-30 16:05:01,2024-05-24 02:43:00
454,3792809,1,2026-07-30 01:05:01,2026-07-30 16:05:01,2025-08-02 10:05:01
5123340,3792809,65537,2024-08-31 03:33:00,2026-07-30 16:05:01,2024-02-25 03:39:00
10126551,3792809,16777473,2026-07-30 14:47:22,2026-07-28 00:05:01,2024-02-25 07:44:00
45511857,3792809,1,2026-07-30 00:05:01,2026-07-30 16:05:01,2025-06-26 11:35:17
454,3785297,1,2026-07-30 01:05:01,2026-07-30 16:05:01,2024-06-04 03:02:10
5123340,3785297,65537,2024-08-31 03:33:00,2026-07-30 16:05:01,2024-02-25 03:34:00
10126551,3785297,16777473,2026-07-30 14:47:22,2026-07-28 23:05:01,2024-02-25 07:43:00
45511857,3785297,1,2026-07-30 00:05:01,2026-07-30 16:05:01,2024-05-24 02:43:00
454,2764167,1,2026-07-30 01:05:01,2026-07-30 16:05:01,2024-06-04 03:02:10
5123340,2764167,65537,2024-08-31 03:33:00,2026-07-30 16:05:01,2024-02-25 03:34:00
10126551,2764167,16777473,2026-07-30 14:47:22,2026-07-28 00:05:01,2024-02-25 07:43:00
45511857,2764167,1,2026-07-30 00:05:01,2026-07-30 16:05:01,2024-05-24 02:43:00
454,3503485,1,2026-07-30 01:05:01,2026-07-30 16:05:01,2024-06-04 03:02:10
5123340,3503485,65537,2024-08-31 03:33:00,2026-07-30 16:05:01,2024-02-25 03:34:00
10126551,3503485,16777473,2026-07-30 14:47:22,2026-07-30 05:05:01,2024-02-25 07:43:00
45511857,3503485,1,2026-07-30 00:05:01,2026-07-30 16:05:01,2024-05-24 02:43:00
454,3812323,1,2026-07-30 01:05:01,2026-07-30 16:05:01,2024-06-04 03:02:10
5123340,3812323,65537,2024-08-31 03:33:00,2026-07-30 16:05:01,2024-02-25 03:34:00
10126551,3812323,16777473,2026-07-30 14:47:22,2026-07-28 04:05:01,2024-02-25 07:43:00
45511857,3812323,1,2026-07-30 00:05:01,2026-07-30 16:05:01,2024-05-24 02:43:00
454,2688765,1,2026-07-30 01:05:01,2026-07-30 16:05:01,2024-06-04 03:02:10
5123340,2688765,65537,2024-08-31 03:33:00,2026-07-30 16:05:01,2024-02-25 03:34:00
10126551,2688765,16777473,2026-07-30 14:47:22,2026-07-30 05:05:01,2024-02-25 07:43:00
45511857,2688765,1,2026-07-30 00:05:01,2026-07-30 16:05:01,2024-05-24 02:43:00
454,3814199,1,2026-07-30 01:05:01,2026-07-30 16:05:01,2024-06-04 03:02:10
5123340,3814199,65537,2024-08-31 03:33:00,2026-07-30 16:05:01,2024-02-25 03:34:00
10126551,3814199,16777473,2026-07-30 14:47:22,2026-07-30 00:05:01,2024-02-25 07:43:00
45511857,3814199,1,2026-07-30 00:05:01,2026-07-30 16:05:01,2024-05-24 02:43:00
454,3289881,1,2026-07-30 01:05:01,2026-07-30 16:05:01,2024-06-04 03:02:10
5123340,3289881,65537,2024-08-31 03:33:00,2026-07-30 16:05:01,2024-02-25 03:34:00
10126551,3289881,16777473,2026-07-30 14:47:22,2026-07-28 04:05:01,2024-02-25 07:43:00
45511857,3289881,1,2026-07-30 00:05:01,2026-07-30 16:05:01,2024-05-24 02:43:00
454,3801387,1,2026-07-30 01:05:01,2026-07-30 16:05:01,2024-06-04 03:02:10
5123340,3801387,65537,2024-08-31 03:33:00,2026-07-30 16:05:01,2024-02-25 03:34:00
10126551,3801387,16777473,2026-07-30 14:47:22,2026-07-30 05:05:01,2024-02-25 07:43:00
45511857,3801387,1,2026-07-30 00:05:01,2026-07-30 16:05:01,2024-05-24 02:43:00
454,3654315,1,2026-07-30 01:05:01,2026-07-30 16:05:01,2024-06-04 03:02:10
5123340,3654315,65537,2024-08-31 03:33:00,2026-07-30 16:05:01,2024-02-25 03:34:00
10126551,3654315,16777473,2026-07-30 14:47:22,2026-07-30 04:05:01,2024-02-25 07:43:00
45511857,3654315,1,2026-07-30 00:05:01,2026-07-30 16:05:01,2024-05-24 02:43:00
454,3842769,1,2026-07-30 01:05:01,2026-07-30 16:05:01,2024-06-04 03:02:10
5123340,3842769,65537,2024-08-31 03:33:00,2026-07-30 16:05:01,2024-02-25 03:34:00
10126551,3842769,16777473,2026-07-30 14:47:22,2026-07-25 02:05:01,2024-02-25 07:43:00
45511857,3842769,1,2026-07-30 00:05:01,2026-07-30 16:05:01,2024-05-24 02:43:00
454,3844443,1,2026-07-30 01:05:01,2026-07-30 16:05:01,2024-06-04 03:02:10
5123340,3844443,65537,2024-08-31 03:33:00,2026-07-30 16:05:01,2024-02-25 03:34:00
10126551,3844443,16777473,2026-07-30 14:47:22,2026-07-26 04:05:01,2024-02-25 07:43:00
45511857,3844443,1,2026-07-30 00:05:01,2026-07-30 16:05:01,2024-05-24 02:43:00
454,2889709,1,2026-07-30 01:05:01,2026-07-30 16:05:01,2024-06-04 03:02:10
5123340,2889709,65537,2024-08-31 03:33:00,2026-07-30 16:05:01,2024-02-25 03:34:00
10126551,2889709,16777473,2026-07-30 14:47:22,2026-07-25 02:05:01,2024-02-25 07:43:00
45511857,2889709,1,2026-07-30 00:05:01,2026-07-30 16:05:01,2024-05-24 02:43:00
454,3843345,1,2026-07-30 01:05:01,2026-07-30 16:05:01,2024-06-04 03:02:10
5123340,3843345,65537,2024-08-31 03:33:00,2026-07-30 16:05:01,2024-02-25 03:34:00
10126551,3843345,16777473,2026-07-30 14:47:22,2026-07-30 04:05:01,2024-02-25 07:43:00
45511857,3843345,1,2026-07-30 00:05:01,2026-07-30 16:05:01,2024-05-24 02:43:00
454,3850340,1,2026-07-30 01:05:01,2026-07-30 16:05:01,2024-06-04 03:02:10
5123340,3850340,65537,2024-08-31 03:33:00,2026-07-30 16:05:01,2024-02-25 03:34:00
10126551,3850340,16777473,2026-07-30 14:47:22,2026-07-30 05:05:01,2024-02-25 07:43:00
45511857,3850340,1,2026-07-30 00:05:01,2026-07-30 16:05:01,2024-05-24 02:43:00
454,1572971,1,2026-07-30 01:05:01,2026-07-30 16:05:01,2024-06-04 03:02:10
5123340,1572971,65537,2024-08-31 03:33:00,2026-07-30 16:05:01,2024-02-25 03:34:00
10126551,1572971,16777473,2026-07-30 14:47:22,2026-07-28 04:05:01,2024-02-25 07:43:00
45511857,1572971,1,2026-07-30 00:05:01,2026-07-30 16:05:01,2024-05-24 02:43:00
454,1562822,1,2026-07-30 01:05:01,2026-07-30 16:05:01,2024-06-04 03:02:10
5123340,1562822,65537,2024-08-31 03:33:00,2026-07-30 16:05:01,2024-02-25 03:34:00
10126551,1562822,16777473,2026-07-30 14:47:22,2026-07-28 04:05:01,2024-02-25 07:43:00
45511857,1562822,1,2026-07-30 00:05:01,2026-07-30 16:05:01,2024-05-24 02:43:00
454,1562696,1,2026-07-30 01:05:01,2026-07-30 16:05:01,2024-06-04 03:02:10
5123340,1562696,65537,2024-08-31 03:33:00,2026-07-30 16:05:01,2024-02-25 03:34:00
10126551,1562696,16777473,2026-07-30 14:47:22,2026-07-30 05:05:01,2024-02-25 07:43:00
45511857,1562696,1,2026-07-30 00:05:01,2026-07-30 16:05:01,2024-05-24 02:43:00
454,2189549,1,2026-07-30 01:05:01,2026-07-30 16:05:01,2024-06-04 03:02:10
5123340,2189549,65537,2024-08-31 03:33:00,2026-07-30 16:05:01,2024-02-25 03:34:00
10126551,2189549,16777473,2026-07-30 14:47:22,2026-07-30 05:05:01,2024-02-25 07:43:00
45511857,2189549,1,2026-07-30 00:05:01,2026-07-30 16:05:01,2024-05-24 02:43:00
454,3830638,1,2026-07-30 01:05:01,2026-07-30 16:05:01,2024-06-04 03:02:10
5123340,3830638,65537,2024-08-31 03:33:00,2026-07-30 16:05:01,2024-02-25 03:34:00
10126551,3830638,16777473,2026-07-30 14:47:22,2026-07-10 10:05:01,2024-02-25 07:43:00
45511857,3830638,1,2026-07-30 00:05:01,2026-07-30 16:05:01,2024-05-24 02:43:00
454,3908252,1,2026-07-30 01:05:01,2026-07-30 16:05:01,2024-06-04 03:02:10
5123340,3908252,65537,2024-08-31 03:33:00,2026-07-30 16:05:01,2024-02-25 03:34:00
10126551,3908252,16777473,2026-07-30 14:47:22,2026-07-28 04:05:01,2024-02-25 07:43:00
45511857,3908252,1,2026-07-30 00:05:01,2026-07-30 16:05:01,2024-05-24 02:43:00
454,3917920,1,2026-07-30 01:05:01,2026-07-30 16:05:01,2024-06-04 03:02:10
5123340,3917920,65537,2024-08-31 03:33:00,2026-07-30 16:05:01,2024-02-25 03:34:00
10126551,3917920,16777473,2026-07-30 14:47:22,2026-07-30 03:05:02,2024-02-25 07:43:00
45511857,3917920,1,2026-07-30 00:05:01,2026-07-30 16:05:01,2024-05-24 02:43:00
454,3910963,1,2026-07-30 01:05:01,2026-07-30 16:05:01,2024-06-04 03:02:10
5123340,3910963,65537,2024-08-31 03:33:00,2026-07-30 16:05:01,2024-02-25 03:34:00
10126551,3910963,16777473,2026-07-30 14:47:22,2026-07-30 05:05:01,2024-02-25 07:43:00
45511857,3910963,1,2026-07-30 00:05:01,2026-07-30 16:05:01,2024-05-24 02:43:00
454,3817996,1,2026-07-30 01:05:01,2026-07-30 16:05:01,2024-06-04 03:02:10
5123340,3817996,65537,2024-08-31 03:33:00,2026-07-30 16:05:01,2024-02-25 03:34:00
10126551,3817996,16777473,2026-07-30 14:47:22,2026-07-30 05:05:01,2024-02-25 07:43:00
45511857,3817996,1,2026-07-30 00:05:01,2026-07-30 16:05:01,2024-05-24 02:43:00
454,3962658,1,2026-07-30 01:05:01,2026-07-30 16:05:01,2024-06-04 03:02:10
5123340,3962658,65537,2024-08-31 03:33:00,2026-07-30 16:05:01,2024-02-25 03:34:00
10126551,3962658,16777473,2026-07-30 14:47:22,2026-07-28 00:05:01,2024-02-25 07:43:00
45511857,3962658,1,2026-07-30 00:05:01,2026-07-30 16:05:01,2024-05-24 02:43:00
454,3532342,1,2026-07-30 01:05:01,2026-07-30 16:05:01,2024-06-04 03:02:10
5123340,3532342,65537,2024-08-31 03:33:00,2026-07-30 16:05:01,2024-02-25 03:34:00
10126551,3532342,16777473,2026-07-30 14:47:22,2026-07-30 05:05:01,2024-02-25 07:43:00
45511857,3532342,1,2026-07-30 00:05:01,2026-07-30 16:05:01,2024-05-24 02:43:00
454,3966258,1,2026-07-30 01:05:01,2026-07-30 16:05:01,2024-06-04 03:02:10
5123340,3966258,65537,2024-08-31 03:33:00,2026-07-30 16:05:01,2024-02-25 03:34:00
10126551,3966258,16777473,2026-07-30 14:47:22,2026-07-10 10:05:01,2024-02-25 07:43:00
45511857,3966258,1,2026-07-30 00:05:01,2026-07-30 16:05:01,2024-05-24 02:43:00
454,3348174,1,2026-07-30 01:05:01,2026-07-30 16:05:01,2024-06-04 03:02:10
5123340,3348174,65537,2024-08-31 03:33:00,2026-07-30 16:05:01,2024-02-25 03:34:00
10126551,3348174,16777473,2026-07-30 14:47:22,2026-07-30 05:05:01,2024-02-25 07:43:00
45511857,3348174,1,2026-07-30 00:05:01,2026-07-30 16:05:01,2024-05-24 02:43:00
454,3007688,1,2026-07-30 01:05:01,2026-07-30 16:05:01,2024-06-04 03:02:10
5123340,3007688,65537,2024-08-31 03:33:00,2026-07-30 16:05:01,2024-02-25 03:34:00
10126551,3007688,16777473,2026-07-30 14:47:22,2026-07-30 05:05:01,2024-02-25 07:43:00
45511857,3007688,1,2026-07-30 00:05:01,2026-07-30 16:05:01,2024-05-24 02:43:00
454,1779625,1,2026-07-30 01:05:01,2026-07-30 16:05:01,2024-06-04 03:02:10
5123340,1779625,65537,2024-08-31 03:33:00,2026-07-30 16:05:01,2024-02-25 03:34:00
10126551,1779625,16777473,2026-07-30 14:47:22,2026-07-30 05:05:01,2024-02-25 07:43:00
45511857,1779625,1,2026-07-30 00:05:01,2026-07-30 16:05:01,2024-05-24 02:43:00
454,3986668,1,2026-07-30 01:05:01,2026-07-30 16:05:01,2024-06-04 03:02:10
5123340,3986668,65537,2024-08-31 03:33:00,2026-07-30 16:05:01,2024-02-25 03:34:00
10126551,3986668,16777473,2026-07-30 14:47:22,2026-07-30 05:05:01,2024-02-25 07:43:00
45511857,3986668,1,2026-07-30 00:05:01,2026-07-30 16:05:01,2024-05-24 02:43:00
454,4020946,1,2026-07-30 01:05:01,2026-07-30 16:05:01,2024-06-04 03:02:10
5123340,4020946,65537,2024-08-31 03:33:00,2026-07-30 16:05:01,2024-02-25 03:34:00
10126551,4020946,16777473,2026-07-30 14:47:22,2026-07-10 10:05:01,2024-02-25 07:43:00
45511857,4020946,1,2026-07-30 00:05:01,2026-07-30 16:05:01,2024-05-24 02:43:00
454,4026498,1,2026-07-30 01:05:01,2026-07-30 16:05:01,2024-06-04 03:02:10
5123340,4026498,65537,2024-08-31 03:33:00,2026-07-30 16:05:01,2024-02-25 03:34:00
10126551,4026498,16777473,2026-07-30 14:47:22,2026-07-30 05:05:01,2024-02-25 07:43:00
45511857,4026498,1,2026-07-30 00:05:01,2026-07-30 16:05:01,2024-05-24 02:43:00
454,1870374,1,2026-07-30 01:05:01,2026-07-30 16:05:01,2024-06-04 03:02:10
5123340,1870374,65537,2024-08-31 03:33:00,2026-07-30 16:05:01,2024-02-25 03:34:00
10126551,1870374,16777473,2026-07-30 14:47:22,2026-07-30 05:05:01,2024-02-25 07:43:00
45511857,1870374,1,2026-07-30 00:05:01,2026-07-30 16:05:01,2024-05-24 02:43:00
454,4026211,1,2026-07-30 01:05:01,2026-07-30 16:05:01,2024-06-04 03:02:10
5123340,4026211,65537,2024-08-31 03:33:00,2026-07-30 16:05:01,2024-02-25 03:34:00
10126551,4026211,16777473,2026-07-30 14:47:22,2026-07-30 05:05:01,2024-02-25 07:43:00
45511857,4026211,1,2026-07-30 00:05:01,2026-07-30 16:05:01,2024-05-24 02:43:00
454,4031650,1,2026-07-30 01:05:01,2026-07-30 16:05:01,2024-06-04 03:02:10
5123340,4031650,65537,2024-08-31 03:33:00,2026-07-30 16:05:01,2024-02-25 03:34:00
10126551,4031650,16777473,2026-07-30 14:47:22,2026-07-28 00:05:01,2024-02-25 07:43:00
45511857,4031650,1,2026-07-30 00:05:01,2026-07-30 16:05:01,2024-05-24 02:43:00
454,4032435,1,2026-07-30 01:05:01,2026-07-30 16:05:01,2024-06-04 03:02:10
5123340,4032435,65537,2024-08-31 03:33:00,2026-07-30 16:05:01,2024-02-25 03:34:00
10126551,4032435,16777473,2026-07-30 14:47:22,2026-07-30 05:05:01,2024-02-25 07:43:00
45511857,4032435,1,2026-07-30 00:05:01,2026-07-30 16:05:01,2024-05-24 02:43:00
454,4069560,1,2026-07-30 01:05:01,2026-07-30 16:05:01,2024-06-04 03:02:10
5123340,4069560,65537,2024-08-31 03:33:00,2026-07-30 16:05:01,2024-02-25 03:34:00
5123340,3508348,65537,2024-08-31 03:33:00,2026-07-30 16:05:01,2024-02-25 03:34:00
10126551,3508348,16777473,2026-07-30 14:47:22,2026-07-28 00:05:01,2024-02-25 07:43:00
45511857,3508348,1,2026-07-30 00:05:01,2026-07-30 16:05:01,2024-05-24 02:43:00
454,3601590,1,2026-07-30 01:05:01,2026-07-30 16:05:01,2024-06-04 03:02:10
5123340,3601590,65537,2024-08-31 03:33:00,2026-07-30 16:05:01,2024-02-25 03:34:00
10126551,3601590,16777473,2026-07-30 14:47:22,2026-07-27 01:05:02,2024-02-25 07:43:00
45511857,3601590,1,2026-07-30 00:05:01,2026-07-30 16:05:01,2024-05-24 02:43:00
454,2221450,1,2026-07-30 01:05:01,2026-07-30 16:05:01,2024-06-04 03:02:10
5123340,2221450,65537,2024-08-31 03:33:00,2026-07-30 16:05:01,2024-02-25 03:34:00
10126551,2221450,16777473,2026-07-30 14:47:22,2026-07-30 05:05:01,2024-02-25 07:43:00
45511857,2221450,1,2026-07-30 00:05:01,2026-07-30 16:05:01,2024-05-24 02:43:00
454,3559342,1,2026-07-30 01:05:01,2026-07-30 16:05:01,2024-06-04 03:02:10
5123340,3559342,65537,2024-08-31 03:33:00,2026-07-30 16:05:01,2024-02-25 03:34:00
10126551,3559342,16777473,2026-07-30 14:47:22,2026-07-28 00:05:01,2024-02-25 07:43:00
45511857,3559342,1,2026-07-30 00:05:01,2026-07-30 16:05:01,2024-05-24 02:43:00
454,3610113,1,2026-07-30 01:05:01,2026-07-30 16:05:01,2024-06-04 03:02:10
5123340,3610113,65537,2024-08-31 03:33:00,2026-07-30 16:05:01,2024-02-25 03:34:00
10126551,3610113,16777473,2026-07-30 14:47:22,2026-07-26 03:05:01,2024-02-25 07:43:00
45511857,3610113,1,2026-07-30 00:05:01,2026-07-30 16:05:01,2024-05-24 02:43:00
454,3067883,1,2026-07-30 01:05:01,2026-07-30 16:05:01,2024-06-05 23:36:02
5123340,3067883,65537,2024-08-31 03:33:00,2026-07-30 16:05:01,2024-02-25 03:34:00
10126551,3067883,16777473,2026-07-30 14:47:22,2026-07-28 09:05:01,2024-02-25 07:43:00
45511857,3067883,1,2026-07-30 00:05:01,2026-07-30 16:05:01,2024-05-24 02:43:00
454,3614114,1,2026-07-30 01:05:01,2026-07-30 16:05:01,2024-06-04 03:02:10
5123340,3614114,65537,2024-08-31 03:33:00,2026-07-30 16:05:01,2024-02-25 03:34:00
10126551,3614114,16777473,2026-07-30 14:47:22,2026-07-30 05:05:01,2024-02-25 07:43:00
45511857,3614114,1,2026-07-30 00:05:01,2026-07-30 16:05:01,2024-05-24 02:43:00
454,2918098,1,2026-07-30 01:05:01,2026-07-30 16:05:01,2024-06-04 03:02:10
5123340,2918098,65537,2024-08-31 03:33:00,2026-07-30 16:05:01,2024-02-25 03:34:00
10126551,2918098,16777473,2026-07-30 14:47:22,2026-07-30 05:05:01,2024-02-25 07:43:00
45511857,2918098,1,2026-07-30 00:05:01,2026-07-30 16:05:01,2024-05-24 02:43:00
454,3625333,1,2026-07-30 01:05:01,2026-07-30 16:05:01,2024-06-04 03:02:10
5123340,3625333,65537,2024-08-31 03:33:00,2026-07-30 16:05:01,2024-02-25 03:34:00
10126551,3625333,16777473,2026-07-30 14:47:22,2026-07-30 05:05:01,2024-02-25 07:43:00
45511857,3625333,1,2026-07-30 00:05:01,2026-07-30 16:05:01,2024-05-24 02:43:00
454,3614238,1,2026-07-30 01:05:01,2026-07-30 16:05:01,2024-06-04 03:02:10
5123340,3614238,65537,2024-08-31 03:33:00,2026-07-30 16:05:01,2024-02-25 03:34:00
10126551,3614238,16777473,2026-07-30 14:47:22,2026-07-30 05:05:01,2024-02-25 07:43:00
45511857,3614238,1,2026-07-30 00:05:01,2026-07-30 16:05:01,2024-05-24 02:43:00
454,3436334,1,2026-07-30 01:05:01,2026-07-30 16:05:01,2024-06-04 03:02:10
5123340,3436334,65537,2024-08-31 03:33:00,2026-07-30 16:05:01,2024-02-25 03:34:00
10126551,3436334,16777473,2026-07-30 14:47:22,2026-07-30 05:05:01,2024-02-25 07:43:00
45511857,3436334,1,2026-07-30 00:05:01,2026-07-30 16:05:01,2024-05-24 02:43:00
454,2309849,1,2026-07-30 01:05:01,2026-07-30 16:05:01,2024-06-04 03:02:10
5123340,2309849,65537,2024-08-31 03:33:00,2026-07-30 16:05:01,2024-02-25 03:34:00
10126551,2309849,16777473,2026-07-30 14:47:22,2026-07-25 03:05:01,2024-02-25 07:43:00
45511857,2309849,1,2026-07-30 00:05:01,2026-07-30 16:05:01,2024-05-24 02:43:00
454,1651832,1,2026-07-30 01:05:01,2026-07-30 16:05:01,2024-06-04 03:02:10
5123340,1651832,65537,2024-08-31 03:33:00,2026-07-30 16:05:01,2024-02-25 03:34:00
10126551,1651832,16777473,2026-07-30 14:47:22,2026-07-30 05:05:01,2024-02-25 07:43:00
45511857,1651832,1,2026-07-30 00:05:01,2026-07-30 16:05:01,2024-05-24 02:43:00
454,2105905,1,2026-07-30 01:05:01,2026-07-30 16:05:01,2024-06-04 03:02:10
5123340,2105905,65537,2024-08-31 03:33:00,2026-07-30 16:05:01,2024-02-25 03:34:00
10126551,2105905,16777473,2026-07-30 14:47:22,2026-07-26 08:05:01,2024-02-25 07:43:00
45511857,2105905,1,2026-07-30 00:05:01,2026-07-30 16:05:01,2024-05-24 02:43:00
454,3646223,1,2026-07-30 01:05:01,2026-07-30 16:05:01,2024-06-04 03:02:10
5123340,3646223,65537,2024-08-31 03:33:00,2026-07-30 16:05:01,2024-02-25 03:34:00
10126551,3646223,16777473,2026-07-30 14:47:22,2026-07-30 05:05:01,2024-02-25 07:43:00
45511857,3646223,1,2026-07-30 00:05:01,2026-07-30 16:05:01,2024-05-24 02:43:00
454,3686064,1,2026-07-30 01:05:01,2026-07-30 16:05:01,2024-06-04 03:02:10
5123340,3686064,65537,2024-08-31 03:33:00,2026-07-30 16:05:01,2024-02-25 03:34:00
10126551,3686064,16777473,2026-07-30 14:47:22,2026-07-26 02:05:01,2024-02-25 07:43:00
45511857,3686064,1,2026-07-30 00:05:01,2026-07-30 16:05:01,2024-05-24 02:43:00
454,2172175,1,2026-07-30 01:05:01,2026-07-30 16:05:01,2024-06-04 03:02:10
5123340,2172175,65537,2024-08-31 03:33:00,2026-07-30 16:05:01,2024-02-25 03:34:00
10126551,2172175,16777473,2026-07-30 14:47:22,2026-07-10 10:05:01,2024-02-25 07:43:00
45511857,2172175,1,2026-07-30 00:05:01,2026-07-30 16:05:01,2024-05-24 02:43:00
454,3669523,1,2026-07-30 01:05:01,2026-07-30 16:05:01,2024-06-04 03:02:10
5123340,3669523,65537,2024-08-31 03:33:00,2026-07-30 16:05:01,2024-02-25 03:34:00
10126551,3669523,16777473,2026-07-30 14:47:22,2026-07-30 05:05:01,2024-02-25 07:43:00
45511857,3669523,1,2026-07-30 00:05:01,2026-07-30 16:05:01,2024-05-24 02:43:00
454,3719928,1,2026-07-30 01:05:01,2026-07-30 16:05:01,2024-06-04 03:02:10
5123340,3719928,65537,2024-08-31 03:33:00,2026-07-30 16:05:01,2024-02-25 03:34:00
10126551,3719928,16777473,2026-07-30 14:47:22,2026-07-26 02:05:01,2024-02-25 07:43:00
45511857,3719928,1,2026-07-30 00:05:01,2026-07-30 16:05:01,2024-05-24 02:43:00
454,2794747,1,2026-07-30 01:05:01,2026-07-30 16:05:01,2024-06-04 03:02:10
5123340,2794747,65537,2024-08-31 03:33:00,2026-07-30 16:05:01,2024-05-01 03:34:00
10126551,2794747,16777473,2026-07-30 14:47:22,2026-07-28 00:05:01,2024-02-25 07:43:00
45511857,2794747,1,2026-07-30 00:05:01,2026-07-30 16:05:01,2024-05-24 02:43:00
454,3768872,1,2026-07-30 01:05:01,2026-07-30 16:05:01,2024-06-04 03:02:10
5123340,3768872,65537,2024-08-31 03:33:00,2026-07-30 16:05:01,2024-02-25 03:34:00
10126551,3768872,16777473,2026-07-30 14:47:22,2026-07-28 04:05:01,2024-02-25 07:43:00
45511857,3768872,1,2026-07-30 00:05:01,2026-07-30 16:05:01,2024-05-24 02:43:00
454,3769441,1,2026-07-30 01:05:01,2026-07-30 16:05:01,2024-06-04 03:02:10
5123340,3769441,65537,2024-08-31 03:33:00,2026-07-30 16:05:01,2024-02-25 03:34:00
10126551,3769441,16777473,2026-07-30 14:47:22,2026-07-26 05:05:01,2024-02-25 07:43:00
45511857,3769441,1,2026-07-30 00:05:01,2026-07-30 16:05:01,2024-05-24 02:43:00
454,3769488,1,2026-07-30 01:05:01,2026-07-30 16:05:01,2024-06-04 03:02:10
5123340,3769488,65537,2024-08-31 03:33:00,2026-07-30 16:05:01,2024-02-25 03:34:00
10126551,3769488,16777473,2026-07-30 14:47:22,2026-07-25 02:05:01,2024-02-25 07:43:00
45511857,3769488,1,2026-07-30 00:05:01,2026-07-30 16:05:01,2024-05-24 02:43:00
454,3770650,1,2026-07-30 01:05:01,2026-07-30 16:05:01,2024-06-04 03:02:10
5123340,3770650,65537,2024-08-31 03:33:00,2026-07-30 16:05:01,2024-02-25 03:34:00
10126551,3770650,16777473,2026-07-30 14:47:22,2026-07-28 04:05:01,2024-02-25 07:43:00
45511857,3770650,1,2026-07-30 00:05:01,2026-07-30 16:05:01,2024-05-24 02:43:00
454,2235641,1,2026-07-30 01:05:01,2026-07-30 16:05:01,2024-06-04 03:02:10
5123340,2235641,65537,2024-08-31 03:33:00,2026-07-30 16:05:01,2024-02-25 03:34:00
10126551,2235641,16777473,2026-07-30 14:47:22,2026-07-28 04:05:01,2024-02-25 07:43:00
45511857,2235641,1,2026-07-30 00:05:01,2026-07-30 16:05:01,2024-05-24 02:43:00
454,2126645,1,2026-07-30 01:05:01,2026-07-30 16:05:01,2024-06-04 03:02:10
5123340,2126645,65537,2024-08-31 03:33:00,2026-07-30 16:05:01,2024-02-25 03:34:00
10126551,2126645,16777473,2026-07-30 14:47:22,2026-07-30 05:05:01,2024-02-25 07:43:00
45511857,2126645,1,2026-07-30 00:05:01,2026-07-30 16:05:01,2024-05-24 02:43:00
454,3784298,1,2026-07-30 01:05:01,2026-07-30 16:05:01,2024-06-04 03:02:10
5123340,3784298,65537,2024-08-31 03:33:00,2026-07-30 16:05:01,2024-02-25 03:34:00
10126551,3784298,16777473,2026-07-30 14:47:22,2026-07-28 04:05:01,2024-02-25 07:43:00
45511857,3784298,1,2026-07-30 00:05:01,2026-07-30 16:05:01,2024-05-24 02:43:00
454,3454388,1,2026-07-30 01:05:01,2026-07-30 16:05:01,2024-06-04 03:02:10
5123340,3454388,65537,2024-08-31 03:33:00,2026-07-30 16:05:01,2024-02-25 03:34:00
10126551,3454388,16777473,2026-07-30 14:47:22,2026-07-30 05:05:01,2024-02-25 07:43:00
45511857,3454388,1,2026-07-30 00:05:01,2026-07-30 16:05:01,2024-05-24 02:43:00
454,3435528,1,2026-07-30 01:05:01,2026-07-30 16:05:01,2024-06-04 03:02:10
5123340,3435528,65537,2024-08-31 03:33:00,2026-07-30 16:05:01,2024-02-25 03:34:00
10126551,3435528,16777473,2026-07-30 14:47:22,2026-07-28 04:05:01,2024-02-25 07:43:00
45511857,3435528,1,2026-07-30 00:05:01,2026-07-30 16:05:01,2024-05-24 02:43:00
454,3394122,1,2026-07-30 01:05:01,2026-07-30 16:05:01,2024-06-04 03:02:10
5123340,3394122,65537,2024-08-31 03:33:00,2026-07-30 16:05:01,2024-02-25 03:34:00
10126551,3394122,16777473,2026-07-30 14:47:22,2026-07-27 04:05:01,2024-02-25 07:43:00
45511857,3394122,1,2026-07-30 00:05:01,2026-07-30 16:05:01,2024-05-24 02:43:00
454,3392607,1,2026-07-30 01:05:01,2026-07-30 16:05:01,2024-06-04 03:02:10
5123340,3392607,65537,2024-08-31 03:33:00,2026-07-30 16:05:01,2024-02-25 03:34:00
10126551,3392607,16777473,2026-07-30 14:47:22,2026-07-28 04:05:01,2024-02-25 07:43:00
45511857,3392607,1,2026-07-30 00:05:01,2026-07-30 16:05:01,2024-05-24 02:43:00
454,3383096,1,2026-07-30 01:05:01,2026-07-30 16:05:01,2024-06-04 03:02:10
5123340,3383096,65537,2024-08-31 03:33:00,2026-07-30 16:05:01,2024-02-25 03:34:00
10126551,3383096,16777473,2026-07-30 14:47:22,2026-07-30 05:05:01,2024-02-25 07:43:00
45511857,3383096,1,2026-07-30 00:05:01,2026-07-30 16:05:01,2024-05-24 02:43:00
454,3377751,1,2026-07-30 01:05:01,2026-07-30 16:05:01,2024-06-04 03:02:10
5123340,3377751,65537,2024-08-31 03:33:00,2026-07-30 16:05:01,2024-02-25 03:34:00
10126551,3377751,16777473,2026-07-30 14:47:22,2026-07-30 05:05:01,2024-02-25 07:43:00
45511857,3377751,1,2026-07-30 00:05:01,2026-07-30 16:05:01,2024-05-24 02:43:00
454,1490365,1,2026-07-30 01:05:01,2026-07-30 16:05:01,2024-06-04 03:02:10
5123340,1490365,65537,2024-08-31 03:33:00,2026-07-30 16:05:01,2024-02-25 03:34:00
10126551,1490365,16777473,2026-07-30 14:47:22,2026-07-28 03:05:01,2024-02-25 07:43:00
45511857,1490365,1,2026-07-30 00:05:01,2026-07-30 16:05:01,2024-05-24 02:43:00
454,2095056,1,2026-07-30 01:05:01,2026-07-30 16:05:01,2024-06-04 03:02:10
5123340,2095056,65537,2024-08-31 03:33:00,2026-07-30 16:05:01,2024-02-25 03:34:00
10126551,2095056,16777473,2026-07-30 14:47:22,2026-07-30 05:05:01,2024-02-25 07:43:00
45511857,2095056,1,2026-07-30 00:05:01,2026-07-30 16:05:01,2024-05-24 02:43:00
454,3824740,1,2026-07-30 01:05:01,2026-07-30 16:05:01,2024-06-04 03:02:10
5123340,3824740,65537,2024-08-31 03:33:00,2026-07-30 16:05:01,2024-02-25 03:34:00
10126551,3824740,16777473,2026-07-30 14:47:22,2026-07-30 05:05:01,2024-02-25 07:43:00
45511857,3824740,1,2026-07-30 00:05:01,2026-07-30 16:05:01,2024-05-24 02:43:00
454,3824824,1,2026-07-30 01:05:01,2026-07-30 16:05:01,2024-06-04 03:02:10
5123340,3824824,65537,2024-08-31 03:33:00,2026-07-30 16:05:01,2024-02-25 03:34:00
10126551,3824824,16777473,2026-07-30 14:47:22,2026-07-26 04:05:01,2024-02-25 07:43:00
45511857,3824824,1,2026-07-30 00:05:01,2026-07-30 16:05:01,2024-05-24 02:43:00
454,3830650,1,2026-07-30 01:05:01,2026-07-30 16:05:01,2024-06-04 03:02:10
5123340,3830650,65537,2024-08-31 03:33:00,2026-07-30 16:05:01,2024-02-25 03:34:00
10126551,3830650,16777473,2026-07-30 14:47:22,2026-07-30 05:05:01,2024-02-25 07:43:00
45511857,3830650,1,2026-07-30 00:05:01,2026-07-30 16:05:01,2024-05-24 02:43:00
454,2448006,1,2026-07-30 01:05:01,2026-07-30 16:05:01,2024-06-04 03:02:10
5123340,2448006,65537,2024-08-31 03:33:00,2026-07-30 16:05:01,2024-02-25 03:34:00
10126551,2448006,16777473,2026-07-30 14:47:22,2026-07-28 04:05:01,2024-02-25 07:43:00
45511857,2448006,1,2026-07-30 00:05:01,2026-07-30 16:05:01,2024-05-24 02:43:00
454,3827561,1,2026-07-30 01:05:01,2026-07-30 16:05:01,2024-06-04 03:02:10
5123340,3827561,65537,2024-08-31 03:33:00,2026-07-30 16:05:01,2024-02-25 03:34:00
10126551,3827561,16777473,2026-07-30 14:47:22,2026-07-27 02:05:01,2024-02-25 07:43:00
45511857,3827561,1,2026-07-30 00:05:01,2026-07-30 16:05:01,2024-05-24 02:43:00
454,1388348,1,2026-07-30 01:05:01,2026-07-30 16:05:01,2024-06-04 03:02:10
5123340,1388348,65537,2024-08-31 03:33:00,2026-07-30 16:05:01,2024-02-25 03:34:00
10126551,1388348,16777473,2026-07-30 14:47:22,2026-07-25 04:05:01,2024-02-25 07:43:00
45511857,1388348,1,2026-07-30 00:05:01,2026-07-30 16:05:01,2024-05-24 02:43:00
454,3877668,1,2026-07-30 01:05:01,2026-07-30 16:05:01,2024-06-04 03:02:10
5123340,3877668,65537,2024-08-31 03:33:00,2026-07-30 16:05:01,2024-02-25 03:34:00
10126551,3877668,16777473,2026-07-30 14:47:22,2026-07-30 05:05:01,2024-02-25 07:43:00
45511857,3877668,1,2026-07-30 00:05:01,2026-07-30 16:05:01,2024-05-24 02:43:00
454,3877733,1,2026-07-30 01:05:01,2026-07-30 16:05:01,2024-06-04 03:02:10
5123340,3877733,65537,2024-08-31 03:33:00,2026-07-30 16:05:01,2024-02-25 03:34:00
10126551,3877733,16777473,2026-07-30 14:47:22,2026-07-30 05:05:01,2024-02-25 07:43:00
45511857,3877733,1,2026-07-30 00:05:01,2026-07-30 16:05:01,2024-05-24 02:43:00
454,3881295,1,2026-07-30 01:05:01,2026-07-30 16:05:01,2024-06-04 03:02:10
5123340,3881295,65537,2024-08-31 03:33:00,2026-07-30 16:05:01,2024-02-25 03:34:00
10126551,3881295,16777473,2026-07-30 14:47:22,2026-07-30 05:05:01,2024-02-25 07:43:00
45511857,3881295,1,2026-07-30 00:05:01,2026-07-30 16:05:01,2024-05-24 02:43:00
454,3850368,1,2026-07-30 01:05:01,2026-07-30 16:05:01,2024-06-04 03:02:10
5123340,3850368,65537,2024-08-31 03:33:00,2026-07-30 16:05:01,2024-02-25 03:34:00
10126551,3850368,16777473,2026-07-30 14:47:22,2026-07-28 04:05:01,2024-02-25 07:43:00
45511857,3850368,1,2026-07-30 00:05:01,2026-07-30 16:05:01,2024-05-24 02:43:00
454,3482370,1,2026-07-30 01:05:01,2026-07-30 16:05:01,2024-06-04 03:02:10
5123340,3482370,65537,2024-08-31 03:33:00,2026-07-30 16:05:01,2024-02-25 03:34:00
10126551,3482370,16777473,2026-07-30 14:47:22,2026-07-28 04:05:01,2024-02-25 07:43:00
45511857,3482370,1,2026-07-30 00:05:01,2026-07-30 16:05:01,2024-05-24 02:43:00
454,3927384,1,2026-07-30 01:05:01,2026-07-30 16:05:01,2024-06-04 03:02:10
5123340,3927384,65537,2024-08-31 03:33:00,2026-07-30 16:05:01,2024-02-25 03:34:00
10126551,3927384,16777473,2026-07-30 14:47:22,2026-07-30 05:05:01,2024-02-25 07:43:00
45511857,3927384,1,2026-07-30 00:05:01,2026-07-30 16:05:01,2024-05-24 02:43:00
454,2423657,1,2026-07-30 01:05:01,2026-07-30 16:05:01,2024-06-04 03:02:10
5123340,2423657,65537,2024-08-31 03:33:00,2026-07-30 16:05:01,2024-02-25 03:34:00
10126551,2423657,16777473,2026-07-30 14:47:22,2026-07-30 05:05:01,2024-02-25 07:43:00
45511857,2423657,1,2026-07-30 00:05:01,2026-07-30 16:05:01,2024-05-24 02:43:00
454,3931296,1,2026-07-30 01:05:01,2026-07-30 16:05:01,2024-06-04 03:02:10
5123340,3931296,65537,2024-08-31 03:33:00,2026-07-30 16:05:01,2024-02-25 03:34:00
10126551,3931296,16777473,2026-07-30 14:47:22,2026-07-30 05:05:01,2024-02-25 07:43:00
45511857,3931296,1,2026-07-30 00:05:01,2026-07-30 16:05:01,2024-05-24 02:43:00
454,3670798,1,2026-07-30 01:05:01,2026-07-30 16:05:01,2024-06-04 03:02:10
5123340,3670798,65537,2024-08-31 03:33:00,2026-07-30 16:05:01,2024-02-25 03:34:00
10126551,3670798,16777473,2026-07-30 14:47:22,2026-07-30 05:05:01,2024-02-25 07:43:00
45511857,3670798,1,2026-07-30 00:05:01,2026-07-30 16:05:01,2024-05-24 02:43:00
454,3936984,1,2026-07-30 01:05:01,2026-07-30 16:05:01,2024-06-04 03:02:10
5123340,3936984,65537,2024-08-31 03:33:00,2026-07-30 16:05:01,2024-02-25 03:34:00
10126551,3936984,16777473,2026-07-30 14:47:22,2026-07-30 05:05:01,2024-02-25 07:43:00
45511857,3936984,1,2026-07-30 00:05:01,2026-07-30 16:05:01,2024-05-24 02:43:00
454,1481510,1,2026-07-30 01:05:01,2026-07-30 16:05:01,2024-06-04 03:02:10
5123340,1481510,65537,2024-08-31 03:33:00,2026-07-30 16:05:01,2024-02-25 03:34:00
10126551,1481510,16777473,2026-07-30 14:47:22,2026-07-28 00:05:01,2024-02-25 07:43:00
45511857,1481510,1,2026-07-30 00:05:01,2026-07-30 16:05:01,2024-05-24 02:43:00
454,485687,1,2026-07-30 01:05:01,2026-07-30 16:05:01,2024-06-04 03:02:10
5123340,485687,65537,2024-08-31 03:33:00,2026-07-30 16:05:01,2024-02-25 03:34:00
10126551,485687,16777473,2026-07-30 14:47:22,2026-07-28 04:05:01,2024-02-25 07:43:00
45511857,485687,1,2026-07-30 00:05:01,2026-07-30 16:05:01,2024-05-24 02:43:00
454,4013304,1,2026-07-30 01:05:01,2026-07-30 16:05:01,2024-06-04 03:02:10
5123340,4013304,65537,2024-08-31 03:33:00,2026-07-30 16:05:01,2024-02-25 03:34:00
10126551,4013304,16777473,2026-07-30 14:47:22,2026-07-28 04:05:01,2024-02-25 07:43:00
45511857,4013304,1,2026-07-30 00:05:01,2026-07-30 16:05:01,2024-05-24 02:43:00
454,3905157,1,2026-07-30 01:05:01,2026-07-30 16:05:01,2024-06-04 03:02:10
5123340,3905157,65537,2024-08-31 03:33:00,2026-07-30 16:05:01,2024-02-25 03:34:00
10126551,3905157,16777473,2026-07-30 14:47:22,2026-07-28 03:05:01,2024-02-25 07:43:00
45511857,3905157,1,2026-07-30 00:05:01,2026-07-30 16:05:01,2024-05-24 02:43:00
454,3308247,1,2026-07-30 01:05:01,2026-07-30 16:05:01,2024-06-04 03:02:10
5123340,3308247,65537,2024-08-31 03:33:00,2026-07-30 16:05:01,2024-02-25 03:34:00
10126551,3308247,16777473,2026-07-30 14:47:22,2026-07-28 04:05:01,2024-02-25 07:43:00
45511857,3308247,1,2026-07-30 00:05:01,2026-07-30 16:05:01,2024-05-24 02:43:00
454,4015965,1,2026-07-30 01:05:01,2026-07-30 16:05:01,2024-06-04 03:02:10
5123340,4015965,65537,2024-08-31 03:33:00,2026-07-30 16:05:01,2024-02-25 03:34:00
10126551,4015965,16777473,2026-07-30 14:47:22,2026-07-30 05:05:01,2024-02-25 07:43:00
45511857,4015965,1,2026-07-30 00:05:01,2026-07-30 16:05:01,2024-05-24 02:43:00
454,4019516,1,2026-07-30 01:05:01,2026-07-30 16:05:01,2024-06-04 03:02:10
5123340,4019516,65537,2024-08-31 03:33:00,2026-07-30 16:05:01,2024-02-25 03:34:00
10126551,4019516,16777473,2026-07-30 14:47:22,2026-07-30 04:05:01,2024-02-25 07:43:00
45511857,4019516,1,2026-07-30 00:05:01,2026-07-30 16:05:01,2024-05-24 02:43:00
454,4039060,1,2026-07-30 01:05:01,2026-07-30 16:05:01,2024-06-04 03:02:10
5123340,4039060,65537,2024-08-31 03:33:00,2026-07-30 16:05:01,2024-02-25 03:34:00
10126551,4039060,16777473,2026-07-30 14:47:22,2026-07-28 00:05:01,2024-02-25 07:43:00
45511857,4039060,1,2026-07-30 00:05:01,2026-07-30 16:05:01,2024-05-24 02:43:00
454,4039425,1,2026-07-30 01:05:01,2026-07-30 16:05:01,2024-06-04 03:02:10
5123340,4039425,65537,2024-08-31 03:33:00,2026-07-30 16:05:01,2024-02-25 03:34:00
10126551,4039425,16777473,2026-07-30 14:47:22,2026-07-27 04:05:01,2024-02-25 07:43:00
45511857,4039425,1,2026-07-30 00:05:01,2026-07-30 16:05:01,2024-05-24 02:43:00
454,4050291,1,2026-07-30 01:05:01,2026-07-30 16:05:01,2024-06-04 03:02:10
5123340,4050291,65537,2024-08-31 03:33:00,2026-07-30 16:05:01,2024-02-25 03:34:00
10126551,4050291,16777473,2026-07-30 14:47:22,2026-07-28 04:05:01,2024-02-25 07:43:00
45511857,4050291,1,2026-07-30 00:05:01,2026-07-30 16:05:01,2024-05-24 02:43:00
454,4057067,1,2026-07-30 01:05:01,2026-07-30 16:05:01,2024-06-04 03:02:10
5123340,4057067,65537,2024-08-31 03:33:00,2026-07-30 16:05:01,2024-02-25 03:34:00
10126551,4057067,16777473,2026-07-30 14:47:22,2026-07-30 05:05:01,2024-02-25 07:43:00
45511857,4057067,1,2026-07-30 00:05:01,2026-07-30 16:05:01,2024-05-24 02:43:00
454,4057074,1,2026-07-30 01:05:01,2026-07-30 16:05:01,2024-06-04 03:02:10
5123340,4057074,65537,2024-08-31 03:33:00,2026-07-30 16:05:01,2024-02-25 03:34:00
10126551,4057074,16777473,2026-07-30 14:47:22,2026-07-30 05:05:01,2024-02-25 07:43:00
45511857,4057074,1,2026-07-30 00:05:01,2026-07-30 16:05:01,2024-05-24 02:43:00
454,2792191,1,2026-07-30 01:05:01,2026-07-30 16:05:01,2024-06-04 03:02:10
5123340,2792191,65537,2024-08-31 03:33:00,2026-07-30 16:05:01,2024-02-25 03:34:00
10126551,2792191,16777473,2026-07-30 14:47:22,2026-07-16 06:05:01,2024-02-25 07:43:00
45511857,2792191,1,2026-07-30 00:05:01,2026-07-30 16:05:01,2024-05-24 02:43:00
454,2418029,1,2026-07-30 01:05:01,2026-07-30 16:05:01,2024-06-04 03:02:10
10126551,4069560,16777473,2026-07-30 14:47:22,2026-07-30 00:05:01,2024-02-25 07:43:00
45511857,4069560,1,2026-07-30 00:05:01,2026-07-30 16:05:01,2024-05-24 02:43:00
454,3164157,1,2026-07-30 01:05:01,2026-07-30 16:05:01,2024-06-04 03:02:10
5123340,3164157,65537,2024-08-31 03:33:00,2026-07-30 16:05:01,2024-02-25 03:34:00
10126551,3164157,16777473,2026-07-30 14:47:22,2026-07-28 00:05:01,2024-02-25 07:43:00
45511857,3164157,1,2026-07-30 00:05:01,2026-07-30 16:05:01,2024-05-24 02:43:00
454,3484745,1,2026-07-30 01:05:01,2026-07-30 16:05:01,2024-06-04 03:02:10
5123340,3484745,65537,2024-08-31 03:33:00,2026-07-30 16:05:01,2024-02-25 03:34:00
10126551,3484745,16777473,2026-07-30 14:47:22,2026-07-30 05:05:01,2024-02-25 07:43:00
45511857,3484745,1,2026-07-30 00:05:01,2026-07-30 16:05:01,2024-05-24 02:43:00
454,4048965,1,2026-07-30 01:05:01,2026-07-30 16:05:01,2024-06-04 03:02:10
5123340,4048965,65537,2024-08-31 03:33:00,2026-07-30 16:05:01,2024-02-25 03:34:00
10126551,4048965,16777473,2026-07-30 14:47:22,2026-07-30 04:05:01,2024-02-25 07:43:00
45511857,4048965,1,2026-07-30 00:05:01,2026-07-30 16:05:01,2024-05-24 02:43:00
454,4096652,1,2026-07-30 01:05:01,2026-07-30 16:05:01,2024-06-04 03:02:10
5123340,4096652,65537,2024-08-31 03:33:00,2026-07-30 16:05:01,2024-02-25 03:34:00
10126551,4096652,16777473,2026-07-30 14:47:22,2026-07-28 00:05:01,2024-02-25 07:43:00
45511857,4096652,1,2026-07-30 00:05:01,2026-07-30 16:05:01,2024-05-24 02:43:00
454,4097757,1,2026-07-30 01:05:01,2026-07-30 16:05:01,2024-06-04 03:02:10
5123340,4097757,65537,2024-08-31 03:33:00,2026-07-30 16:05:01,2024-02-25 03:34:00
10126551,4097757,16777473,2026-07-30 14:47:22,2026-07-25 03:05:01,2024-02-25 07:43:00
45511857,4097757,1,2026-07-30 00:05:01,2026-07-30 16:05:01,2024-05-24 02:43:00
454,2373348,1,2026-07-30 01:05:01,2026-07-30 16:05:01,2024-06-04 03:02:10
5123340,2373348,65537,2024-08-31 03:33:00,2026-07-30 16:05:01,2024-02-25 03:34:00
10126551,2373348,16777473,2026-07-30 14:47:22,2026-07-28 00:05:01,2024-02-25 07:43:00
45511857,2373348,1,2026-07-30 00:05:01,2026-07-30 16:05:01,2024-05-24 02:43:00
454,4184381,1,2026-07-30 01:05:01,2026-07-30 16:05:01,2024-06-04 03:02:10
5123340,4184381,65537,2024-08-31 03:33:00,2026-07-30 16:05:01,2024-02-25 03:34:00
10126551,4184381,16777473,2026-07-30 14:47:22,2026-07-30 04:05:01,2024-02-25 07:43:00
45511857,4184381,1,2026-07-30 00:05:01,2026-07-30 16:05:01,2024-05-24 02:43:00
454,1595192,1,2026-07-30 01:05:01,2026-07-30 16:05:01,2024-06-04 03:02:10
5123340,1595192,65537,2024-08-31 03:33:00,2026-07-30 16:05:01,2024-02-25 03:34:00
10126551,1595192,16777473,2026-07-30 14:47:22,2026-07-28 04:05:01,2024-02-25 07:43:00
45511857,1595192,1,2026-07-30 00:05:01,2026-07-30 16:05:01,2024-05-24 02:43:00
454,4231003,1,2026-07-30 01:05:01,2026-07-30 16:05:01,2024-06-04 03:02:10
5123340,4231003,65537,2024-08-31 03:33:00,2026-07-30 16:05:01,2024-02-25 03:34:00
10126551,4231003,16777473,2026-07-30 14:47:22,2026-07-30 05:05:01,2024-02-25 07:43:00
45511857,4231003,1,2026-07-30 00:05:01,2026-07-30 16:05:01,2024-05-24 02:43:00
454,4123223,1,2026-07-30 01:05:01,2026-07-30 16:05:01,2024-06-04 03:02:10
5123340,4123223,65537,2024-08-31 03:33:00,2026-07-30 16:05:01,2024-02-25 03:34:00
10126551,4123223,16777473,2026-07-30 14:47:22,2026-07-28 00:05:01,2024-02-25 07:43:00
45511857,4123223,1,2026-07-30 00:05:01,2026-07-30 16:05:01,2024-05-24 02:43:00
454,4113086,1,2026-07-30 01:05:01,2026-07-30 16:05:01,2024-06-04 03:02:10
5123340,4113086,65537,2024-08-31 03:33:00,2026-07-30 16:05:01,2024-02-25 03:34:00
10126551,4113086,16777473,2026-07-30 14:47:22,2026-07-30 05:05:01,2024-02-25 07:43:00
45511857,4113086,1,2026-07-30 00:05:01,2026-07-30 16:05:01,2024-05-24 02:43:00
454,1965206,1,2026-07-30 01:05:01,2026-07-30 16:05:01,2024-06-04 03:02:10
5123340,1965206,65537,2024-08-31 03:33:00,2026-07-30 16:05:01,2024-02-25 03:34:00
10126551,1965206,16777473,2026-07-30 14:47:22,2026-07-28 23:05:01,2024-02-25 07:43:00
45511857,1965206,1,2026-07-30 00:05:01,2026-07-30 16:05:01,2024-05-24 02:43:00
454,4296149,1,2026-07-30 01:05:01,2026-07-30 16:05:01,2024-06-05 23:36:02
5123340,4296149,65537,2024-08-31 03:33:00,2026-07-30 16:05:01,2024-02-25 03:34:00
10126551,4296149,16777473,2026-07-30 14:47:22,2026-07-30 05:05:01,2024-02-25 07:43:00
45511857,4296149,1,2026-07-30 00:05:01,2026-07-30 16:05:01,2024-05-24 02:43:00
454,4300303,1,2026-07-30 01:05:01,2026-07-30 16:05:01,2024-06-04 03:02:10
5123340,4300303,65537,2024-08-31 03:33:00,2026-07-30 16:05:01,2024-02-25 03:34:00
10126551,4300303,16777473,2026-07-30 14:47:22,2026-07-30 05:05:01,2024-02-25 07:43:00
45511857,4300303,1,2026-07-30 00:05:01,2026-07-30 16:05:01,2024-05-24 02:43:00
454,4300750,1,2026-07-30 01:05:01,2026-07-30 16:05:01,2024-06-04 03:02:10
5123340,4300750,65537,2024-08-31 03:33:00,2026-07-30 16:05:01,2024-02-25 03:34:00
10126551,4300750,16777473,2026-07-30 14:47:22,2026-07-10 10:05:01,2024-02-25 07:43:00
45511857,4300750,1,2026-07-30 00:05:01,2026-07-30 16:05:01,2024-05-24 02:43:00
454,1007213,1,2026-07-30 01:05:01,2026-07-30 16:05:01,2024-06-04 03:02:10
5123340,1007213,65537,2024-08-31 03:33:00,2026-07-30 16:05:01,2024-02-25 03:34:00
10126551,1007213,16777473,2026-07-30 14:47:22,2026-07-27 02:05:01,2024-02-25 07:43:00
45511857,1007213,1,2026-07-30 00:05:01,2026-07-30 16:05:01,2024-05-24 02:43:00
454,4297600,1,2026-07-30 01:05:01,2026-07-30 16:05:01,2024-06-04 03:02:10
5123340,4297600,65537,2024-08-31 03:33:00,2026-07-30 16:05:01,2024-02-25 03:34:00
10126551,4297600,16777473,2026-07-30 14:47:22,2026-07-25 02:05:01,2024-02-25 07:43:00
45511857,4297600,1,2026-07-30 00:05:01,2026-07-30 16:05:01,2024-05-24 02:43:00
454,3497635,1,2026-07-30 01:05:01,2026-07-30 16:05:01,2024-06-04 03:02:10
5123340,3497635,65537,2024-08-31 03:33:00,2026-07-30 16:05:01,2024-02-25 03:34:00
10126551,3497635,16777473,2026-07-30 14:47:22,2026-07-28 00:05:01,2024-02-25 07:43:00
45511857,3497635,1,2026-07-30 00:05:01,2026-07-30 16:05:01,2024-05-24 02:43:00
454,4343515,1,2026-07-30 01:05:01,2026-07-30 16:05:01,2024-06-04 03:02:10
5123340,4343515,65537,2024-08-31 03:33:00,2026-07-30 16:05:01,2024-02-25 03:34:00
10126551,4343515,16777473,2026-07-30 14:47:22,2026-07-30 05:05:01,2024-02-25 07:43:00
45511857,4343515,1,2026-07-30 00:05:01,2026-07-30 16:05:01,2024-05-24 02:43:00
454,2710876,1,2026-07-30 01:05:01,2026-07-30 16:05:01,2024-06-04 03:02:10
5123340,2710876,65537,2024-08-31 03:33:00,2026-07-30 16:05:01,2024-04-11 03:34:00
10126551,2710876,16777473,2026-07-30 14:47:22,2026-07-28 04:05:01,2024-02-25 07:43:00
45511857,2710876,1,2026-07-30 00:05:01,2026-07-30 16:05:01,2024-05-24 02:43:00
454,3189126,1,2026-07-30 01:05:01,2026-07-30 16:05:01,2024-06-04 03:02:10
5123340,3189126,65537,2024-08-31 03:33:00,2026-07-30 16:05:01,2024-02-25 03:34:00
10126551,3189126,16777473,2026-07-30 14:47:22,2026-07-28 05:05:01,2024-02-25 07:43:00
45511857,3189126,1,2026-07-30 00:05:01,2026-07-30 16:05:01,2024-05-24 02:43:00
454,3821061,1,2026-07-30 01:05:01,2026-07-30 16:05:01,2024-06-04 03:02:10
5123340,3821061,65537,2024-08-31 03:33:00,2026-07-30 16:05:01,2024-04-11 03:34:00
10126551,3821061,16777473,2026-07-30 14:47:22,2026-07-28 04:05:01,2024-02-25 07:43:00
45511857,3821061,1,2026-07-30 00:05:01,2026-07-30 16:05:01,2024-05-24 02:43:00
454,852555,1,2026-07-30 01:05:01,2026-07-30 16:05:01,2024-06-04 03:02:10
5123340,852555,65537,2024-08-31 03:33:00,2026-07-30 16:05:01,2024-02-25 03:34:00
10126551,852555,16777473,2026-07-30 14:47:22,2026-07-30 05:05:01,2024-02-25 07:43:00
45511857,852555,1,2026-07-30 00:05:01,2026-07-30 16:05:01,2024-05-24 02:43:00
454,1586215,1,2026-07-30 01:05:01,2026-07-30 16:05:01,2024-06-04 03:02:10
5123340,1586215,65537,2024-08-31 03:33:00,2026-07-30 16:05:01,2024-02-25 03:34:00
10126551,1586215,16777473,2026-07-30 14:47:22,2026-07-30 05:05:01,2024-02-25 07:43:00
45511857,1586215,1,2026-07-30 00:05:01,2026-07-30 16:05:01,2024-05-24 02:43:00
454,4366880,1,2026-07-30 01:05:01,2026-07-30 16:05:01,2024-06-04 03:02:10
5123340,4366880,65537,2024-08-31 03:33:00,2026-07-30 16:05:01,2024-02-25 03:34:00
10126551,4366880,16777473,2026-07-30 14:47:22,2026-07-10 10:05:01,2024-02-25 07:43:00
45511857,4366880,1,2026-07-30 00:05:01,2026-07-30 16:05:01,2024-05-24 02:43:00
454,2741529,1,2026-07-30 01:05:01,2026-07-30 16:05:01,2024-06-04 03:02:10
5123340,2741529,65537,2024-08-31 03:33:00,2026-07-30 16:05:01,2024-02-25 03:34:00
10126551,2741529,16777473,2026-07-30 14:47:22,2026-07-30 05:05:01,2024-02-25 07:43:00
45511857,2741529,1,2026-07-30 00:05:01,2026-07-30 16:05:01,2024-05-24 02:43:00
454,4026011,1,2026-07-30 01:05:01,2026-07-30 16:05:01,2024-06-04 03:02:10
5123340,4026011,65537,2024-08-31 03:33:00,2026-07-30 16:05:01,2024-02-25 03:34:00
10126551,4026011,16777473,2026-07-30 14:47:22,2026-07-30 05:05:01,2024-02-25 07:43:00
45511857,4026011,1,2026-07-30 00:05:01,2026-07-30 16:05:01,2024-05-24 02:43:00
454,3405008,1,2026-07-30 01:05:01,2026-07-30 16:05:01,2024-06-04 03:02:10
5123340,3405008,65537,2024-08-31 03:33:00,2026-07-30 16:05:01,2024-02-25 03:34:00
10126551,3405008,16777473,2026-07-30 14:47:22,2026-07-28 04:05:01,2024-02-25 07:43:00
45511857,3405008,1,2026-07-30 00:05:01,2026-07-30 16:05:01,2024-05-24 02:43:00
454,4416244,1,2026-07-30 01:05:01,2026-07-30 16:05:01,2024-06-04 03:02:10
5123340,4416244,65537,2024-08-31 03:33:00,2026-07-30 16:05:01,2024-02-25 03:34:00
10126551,4416244,16777473,2026-07-30 14:47:22,2026-07-26 05:05:01,2024-02-25 07:43:00
45511857,4416244,1,2026-07-30 00:05:01,2026-07-30 16:05:01,2024-05-24 02:43:00
454,4416510,1,2026-07-30 01:05:01,2026-07-30 16:05:01,2024-06-04 03:02:10
5123340,4416510,65537,2024-08-31 03:33:00,2026-07-30 16:05:01,2024-02-25 03:34:00
10126551,4416510,16777473,2026-07-30 14:47:22,2026-07-10 10:05:01,2024-02-25 07:43:00
45511857,4416510,1,2026-07-30 00:05:01,2026-07-30 16:05:01,2024-05-24 02:43:00
454,4420601,1,2026-07-30 01:05:01,2026-07-30 16:05:01,2024-06-04 03:02:10
5123340,4420601,65537,2024-08-31 03:33:00,2026-07-30 16:05:01,2024-02-25 03:34:00
10126551,4420601,16777473,2026-07-30 14:47:22,2026-07-27 02:05:01,2024-02-25 07:43:00
45511857,4420601,1,2026-07-30 00:05:01,2026-07-30 16:05:01,2024-05-24 02:43:00
454,2254708,1,2026-07-30 01:05:01,2026-07-30 16:05:01,2024-06-04 03:02:10
5123340,2254708,65537,2024-08-31 03:33:00,2026-07-30 16:05:01,2024-02-25 03:34:00
10126551,2254708,16777473,2026-07-30 14:47:22,2026-07-28 22:05:01,2024-02-25 07:43:00
45511857,2254708,1,2026-07-30 00:05:01,2026-07-30 16:05:01,2024-05-24 02:43:00
454,4170931,1,2026-07-30 01:05:01,2026-07-30 16:05:01,2024-06-04 03:02:10
5123340,4170931,65537,2024-08-31 03:33:00,2026-07-30 16:05:01,2024-02-25 03:34:00
10126551,4170931,16777473,2026-07-30 14:47:22,2026-07-21 15:05:01,2024-02-25 07:43:00
45511857,4170931,1,2026-07-30 00:05:01,2026-07-30 16:05:01,2024-05-24 02:43:00
454,4439048,1,2026-07-30 01:05:01,2026-07-30 16:05:01,2024-06-04 03:02:10
5123340,4439048,65537,2024-08-31 03:33:00,2026-07-30 16:05:01,2024-02-25 03:34:00
10126551,4439048,16777473,2026-07-30 14:47:22,2026-07-28 04:05:01,2024-02-25 07:43:00
45511857,4439048,1,2026-07-30 00:05:01,2026-07-30 16:05:01,2024-05-24 02:43:00
454,3635645,1,2026-07-30 01:05:01,2026-07-30 16:05:01,2024-06-04 03:02:10
5123340,3635645,65537,2024-08-31 03:33:00,2026-07-30 16:05:01,2024-02-25 03:34:00
10126551,3635645,16777473,2026-07-30 14:47:22,2026-07-10 10:05:01,2024-02-25 07:43:00
45511857,3635645,1,2026-07-30 00:05:01,2026-07-30 16:05:01,2024-05-24 02:43:00
454,2844272,1,2026-07-30 01:05:01,2026-07-30 16:05:01,2024-06-04 03:02:10
5123340,2844272,65537,2024-08-31 03:33:00,2026-07-30 16:05:01,2024-02-25 03:34:00
10126551,2844272,16777473,2026-07-30 14:47:22,2026-07-30 05:05:01,2024-02-25 07:43:00
45511857,2844272,1,2026-07-30 00:05:01,2026-07-30 16:05:01,2024-05-24 02:43:00
454,3921626,1,2026-07-30 01:05:01,2026-07-30 16:05:01,2024-06-04 03:02:10
5123340,3921626,65537,2024-08-31 03:33:00,2026-07-30 16:05:01,2024-02-25 03:34:00
10126551,3921626,16777473,2026-07-30 14:47:22,2026-07-30 05:05:01,2024-02-25 07:43:00
45511857,3921626,1,2026-07-30 00:05:01,2026-07-30 16:05:01,2024-05-24 02:43:00
454,3921635,1,2026-07-30 01:05:01,2026-07-30 16:05:01,2024-06-04 03:02:10
5123340,3921635,65537,2024-08-31 03:33:00,2026-07-30 16:05:01,2024-02-25 03:34:00
10126551,3921635,16777473,2026-07-30 14:47:22,2026-07-30 05:05:01,2024-02-25 07:43:00
45511857,3921635,1,2026-07-30 00:05:01,2026-07-30 16:05:01,2024-05-24 02:43:00
454,3189111,1,2026-07-30 01:05:01,2026-07-30 16:05:01,2024-06-04 03:02:10
5123340,3189111,65537,2024-08-31 03:33:00,2026-07-30 16:05:01,2024-02-25 03:34:00
10126551,3189111,16777473,2026-07-30 14:47:22,2026-07-30 05:05:01,2024-02-25 07:43:00
45511857,3189111,1,2026-07-30 00:05:01,2026-07-30 16:05:01,2024-05-24 02:43:00
454,2146568,1,2026-07-30 01:05:01,2026-07-30 16:05:01,2024-06-04 03:02:10
5123340,2146568,65537,2024-08-31 03:33:00,2026-07-30 16:05:01,2024-02-25 03:34:00
10126551,2146568,16777473,2026-07-30 14:47:22,2026-07-30 05:05:01,2024-02-25 07:43:00
45511857,2146568,1,2026-07-30 00:05:01,2026-07-30 16:05:01,2024-05-24 02:43:00
454,4479233,1,2026-07-30 01:05:01,2026-07-30 16:05:01,2024-06-04 03:02:10
5123340,4479233,65537,2024-08-31 03:33:00,2026-07-30 16:05:01,2024-02-25 03:34:00
10126551,4479233,16777473,2026-07-30 14:47:22,2026-07-30 05:05:01,2024-02-25 07:43:00
45511857,4479233,1,2026-07-30 00:05:01,2026-07-30 16:05:01,2024-05-24 02:43:00
454,2792069,1,2026-07-30 01:05:01,2026-07-30 16:05:01,2024-06-04 03:02:10
5123340,2792069,65537,2024-08-31 03:33:00,2026-07-30 16:05:01,2024-02-25 03:34:00
10126551,2792069,16777473,2026-07-30 14:47:22,2026-07-30 05:05:01,2024-02-25 07:43:00
45511857,2792069,1,2026-07-30 00:05:01,2026-07-30 16:05:01,2024-05-24 02:43:00
454,4485534,1,2026-07-30 01:05:01,2026-07-30 16:05:01,2024-06-04 03:02:10
5123340,4485534,65537,2024-08-31 03:33:00,2026-07-30 16:05:01,2024-02-25 03:34:00
10126551,4485534,16777473,2026-07-30 14:47:22,2026-07-30 04:05:01,2024-02-25 07:43:00
45511857,4485534,1,2026-07-30 00:05:01,2026-07-30 16:05:01,2024-05-24 02:43:00
454,4487004,1,2026-07-30 01:05:01,2026-07-30 16:05:01,2024-06-04 03:02:10
5123340,4487004,65537,2024-08-31 03:33:00,2026-07-30 16:05:01,2024-02-25 03:34:00
10126551,4487004,16777473,2026-07-30 14:47:22,2026-07-28 04:05:01,2024-02-25 07:43:00
45511857,4487004,1,2026-07-30 00:05:01,2026-07-30 16:05:01,2024-05-24 02:43:00
454,4485954,1,2026-07-30 01:05:01,2026-07-30 16:05:01,2024-06-04 03:02:10
5123340,4485954,65537,2024-08-31 03:33:00,2026-07-30 16:05:01,2024-02-25 03:34:00
10126551,4485954,16777473,2026-07-30 14:47:22,2026-07-30 05:05:01,2024-02-25 07:43:00
45511857,4485954,1,2026-07-30 00:05:01,2026-07-30 16:05:01,2024-05-24 02:43:00
454,4093012,1,2026-07-30 01:05:01,2026-07-30 16:05:01,2024-06-04 03:02:10
5123340,4093012,65537,2024-08-31 03:33:00,2026-07-30 16:05:01,2024-02-25 03:34:00
10126551,4093012,16777473,2026-07-30 14:47:22,2026-07-28 04:05:01,2024-02-25 07:43:00
45511857,4093012,1,2026-07-30 00:05:01,2026-07-30 16:05:01,2024-05-24 02:43:00
454,1822418,1,2026-07-30 01:05:01,2026-07-30 16:05:01,2024-06-04 03:02:10
5123340,1822418,65537,2024-08-31 03:33:00,2026-07-30 16:05:01,2024-02-25 03:34:00
10126551,1822418,16777473,2026-07-30 14:47:22,2026-07-30 04:05:01,2024-02-25 07:43:00
45511857,1822418,1,2026-07-30 00:05:01,2026-07-30 16:05:01,2024-05-24 02:43:00
454,3121229,1,2026-07-30 01:05:01,2026-07-30 16:05:01,2024-06-04 03:02:10
5123340,3121229,65537,2024-08-31 03:33:00,2026-07-30 16:05:01,2024-02-25 03:34:00
10126551,3121229,16777473,2026-07-30 14:47:22,2026-07-26 03:05:01,2024-02-25 07:43:00
45511857,3121229,1,2026-07-30 00:05:01,2026-07-30 16:05:01,2024-05-24 02:43:00
454,337824,1,2026-07-30 01:05:01,2026-07-30 16:05:01,2024-06-04 03:02:10
5123340,337824,65537,2024-08-31 03:33:00,2026-07-30 16:05:01,2024-02-25 03:34:00
10126551,337824,16777473,2026-07-30 14:47:22,2026-07-28 04:05:01,2024-02-25 07:43:00
45511857,337824,1,2026-07-30 00:05:01,2026-07-30 16:05:01,2024-05-24 02:43:00
454,1759914,1,2026-07-30 01:05:01,2026-07-30 16:05:01,2024-06-04 03:02:10
5123340,1759914,65537,2024-08-31 03:33:00,2026-07-30 16:05:01,2024-02-25 03:34:00
10126551,1759914,16777473,2026-07-30 14:47:22,2026-07-30 05:05:01,2024-02-25 07:43:00
45511857,1759914,1,2026-07-30 00:05:01,2026-07-30 16:05:01,2024-05-24 02:43:00
454,4525016,1,2026-07-30 01:05:01,2026-07-30 16:05:01,2024-06-04 03:02:10
5123340,4525016,65537,2024-08-31 03:33:00,2026-07-30 16:05:01,2024-02-25 03:34:00
10126551,4525016,16777473,2026-07-30 14:47:22,2026-07-28 10:05:01,2024-02-25 07:43:00
45511857,4525016,1,2026-07-30 00:05:01,2026-07-30 16:05:01,2024-05-24 02:43:00
454,1571745,1,2026-07-30 01:05:01,2026-07-30 16:05:01,2024-06-04 03:02:10
5123340,1571745,65537,2024-08-31 03:33:00,2026-07-30 16:05:01,2024-02-25 03:34:00
10126551,1571745,16777473,2026-07-30 14:47:22,2026-07-30 05:05:01,2024-02-25 07:43:00
45511857,1571745,1,2026-07-30 00:05:01,2026-07-30 16:05:01,2024-05-24 02:43:00
454,4553584,1,2026-07-30 01:05:01,2026-07-30 16:05:01,2024-06-04 03:02:10
5123340,4553584,65537,2024-08-31 03:33:00,2026-07-30 16:05:01,2024-02-25 03:34:00
10126551,4553584,16777473,2026-07-30 14:47:22,2026-07-30 05:05:01,2024-02-25 07:43:00
45511857,4553584,1,2026-07-30 00:05:01,2026-07-30 16:05:01,2024-05-24 02:43:00
454,4568896,1,2026-07-30 01:05:01,2026-07-30 16:05:01,2024-06-04 03:02:10
5123340,4568896,65537,2024-08-31 03:33:00,2026-07-30 16:05:01,2024-02-25 03:34:00
10126551,4568896,16777473,2026-07-30 14:47:22,2026-07-28 04:05:01,2024-02-25 07:43:00
45511857,4568896,1,2026-07-30 00:05:01,2026-07-30 16:05:01,2024-05-24 02:43:00
454,1948827,1,2026-07-30 01:05:01,2026-07-30 16:05:01,2024-06-04 03:02:10
5123340,1948827,65537,2024-08-31 03:33:00,2026-07-30 16:05:01,2024-02-25 03:34:00
10126551,1948827,16777473,2026-07-30 14:47:22,2026-07-29 13:05:01,2024-02-25 07:43:00
45511857,1948827,1,2026-07-30 00:05:01,2026-07-30 16:05:01,2024-05-24 02:43:00
454,4578478,1,2026-07-30 01:05:01,2026-07-30 16:05:01,2024-06-04 03:02:10
5123340,4578478,65537,2024-08-31 03:33:00,2026-07-30 16:05:01,2024-02-25 03:34:00
10126551,4578478,16777473,2026-07-30 14:47:22,2026-07-27 04:05:01,2024-02-25 07:43:00
45511857,4578478,1,2026-07-30 00:05:01,2026-07-30 16:05:01,2024-05-24 02:43:00
454,4500643,1,2026-07-30 01:05:01,2026-07-30 16:05:01,2024-06-04 03:02:10
5123340,4500643,65537,2024-08-31 03:33:00,2026-07-30 16:05:01,2024-02-25 03:34:00
10126551,4500643,16777473,2026-07-30 14:47:22,2026-07-30 05:05:01,2024-02-25 07:43:00
45511857,4500643,1,2026-07-30 00:05:01,2026-07-30 16:05:01,2024-05-24 02:43:00
454,4553165,1,2026-07-30 01:05:01,2026-07-30 16:05:01,2024-06-04 03:02:10
5123340,4553165,65537,2024-08-31 03:33:00,2026-07-30 16:05:01,2024-02-25 03:34:00
10126551,4553165,16777473,2026-07-30 14:47:22,2026-07-28 00:05:01,2024-02-25 07:43:00
45511857,4553165,1,2026-07-30 00:05:01,2026-07-30 16:05:01,2024-05-24 02:43:00
454,4591250,1,2026-07-30 01:05:01,2026-07-30 16:05:01,2024-06-04 03:02:10
5123340,4591250,65537,2024-08-31 03:33:00,2026-07-30 16:05:01,2024-02-25 03:34:00
10126551,4591250,16777473,2026-07-30 14:47:22,2026-07-30 05:05:01,2024-02-25 07:43:00
45511857,4591250,1,2026-07-30 00:05:01,2026-07-30 16:05:01,2024-05-24 02:43:00
454,719581,1,2026-07-30 01:05:01,2026-07-30 16:05:01,2024-06-04 03:02:10
5123340,719581,65537,2024-08-31 03:33:00,2026-07-30 16:05:01,2024-02-25 03:34:00
10126551,719581,16777473,2026-07-30 14:47:22,2026-07-12 09:05:01,2024-02-25 07:43:00
5123340,2418029,65537,2024-08-31 03:33:00,2026-07-30 16:05:01,2024-02-25 03:34:00
10126551,2418029,16777473,2026-07-30 14:47:22,2026-07-28 04:05:01,2024-02-25 07:43:00
45511857,2418029,1,2026-07-30 00:05:01,2026-07-30 16:05:01,2024-05-24 02:43:00
454,1219955,1,2026-07-30 01:05:01,2026-07-30 16:05:01,2024-06-04 03:02:10
5123340,1219955,65537,2024-08-31 03:33:00,2026-07-30 16:05:01,2024-02-25 03:34:00
10126551,1219955,16777473,2026-07-30 14:47:22,2026-07-30 05:05:01,2024-02-25 07:43:00
45511857,1219955,1,2026-07-30 00:05:01,2026-07-30 16:05:01,2024-05-24 02:43:00
454,4123563,1,2026-07-30 01:05:01,2026-07-30 16:05:01,2024-06-04 03:02:10
5123340,4123563,65537,2024-08-31 03:33:00,2026-07-30 16:05:01,2024-02-25 03:34:00
10126551,4123563,16777473,2026-07-30 14:47:22,2026-07-30 05:05:01,2024-02-25 07:43:00
45511857,4123563,1,2026-07-30 00:05:01,2026-07-30 16:05:01,2024-05-24 02:43:00
454,4129320,1,2026-07-30 01:05:01,2026-07-30 16:05:01,2024-06-04 03:02:10
5123340,4129320,65537,2024-08-31 03:33:00,2026-07-30 16:05:01,2024-02-25 03:34:00
10126551,4129320,16777473,2026-07-30 14:47:22,2026-07-30 00:05:01,2024-02-25 07:43:00
45511857,4129320,1,2026-07-30 00:05:01,2026-07-30 16:05:01,2024-05-24 02:43:00
454,2642553,1,2026-07-30 01:05:01,2026-07-30 16:05:01,2024-06-04 03:02:10
5123340,2642553,65537,2024-08-31 03:33:00,2026-07-30 16:05:01,2024-02-25 03:34:00
10126551,2642553,16777473,2026-07-30 14:47:22,2026-07-30 04:05:01,2024-02-25 07:43:00
45511857,2642553,1,2026-07-30 00:05:01,2026-07-30 16:05:01,2024-05-24 02:43:00
454,3983537,1,2026-07-30 01:05:01,2026-07-30 16:05:01,2024-06-04 03:02:10
5123340,3983537,65537,2024-08-31 03:33:00,2026-07-30 16:05:01,2024-02-25 03:34:00
10126551,3983537,16777473,2026-07-30 14:47:22,2026-07-30 05:05:01,2024-02-25 07:43:00
45511857,3983537,1,2026-07-30 00:05:01,2026-07-30 16:05:01,2024-05-24 02:43:00
454,2456958,1,2026-07-30 01:05:01,2026-07-30 16:05:01,2024-06-04 03:02:10
5123340,2456958,65537,2024-08-31 03:33:00,2026-07-30 16:05:01,2024-02-25 03:34:00
10126551,2456958,16777473,2026-07-30 14:47:22,2026-07-30 05:05:01,2024-02-25 07:43:00
45511857,2456958,1,2026-07-30 00:05:01,2026-07-30 16:05:01,2024-05-24 02:43:00
454,4119015,1,2026-07-30 01:05:01,2026-07-30 16:05:01,2024-06-04 03:02:10
5123340,4119015,65537,2024-08-31 03:33:00,2026-07-30 16:05:01,2024-02-25 03:34:00
10126551,4119015,16777473,2026-07-30 14:47:22,2026-07-30 05:05:01,2024-02-25 07:43:00
45511857,4119015,1,2026-07-30 00:05:01,2026-07-30 16:05:01,2024-05-24 02:43:00
454,3327286,1,2026-07-30 01:05:01,2026-07-30 16:05:01,2024-06-04 03:02:10
5123340,3327286,65537,2024-08-31 03:33:00,2026-07-30 16:05:01,2024-02-25 03:34:00
10126551,3327286,16777473,2026-07-30 14:47:22,2026-07-28 04:05:01,2024-02-25 07:43:00
45511857,3327286,1,2026-07-30 00:05:01,2026-07-30 16:05:01,2024-05-24 02:43:00
454,3536294,1,2026-07-30 01:05:01,2026-07-30 16:05:01,2024-06-04 03:02:10
5123340,3536294,65537,2024-08-31 03:33:00,2026-07-30 16:05:01,2024-02-25 03:34:00
10126551,3536294,16777473,2026-07-30 14:47:22,2026-07-28 04:05:01,2024-02-25 07:43:00
45511857,3536294,1,2026-07-30 00:05:01,2026-07-30 16:05:01,2024-05-24 02:43:00
454,4191267,1,2026-07-30 01:05:01,2026-07-30 16:05:01,2024-06-04 03:02:10
5123340,4191267,65537,2024-08-31 03:33:00,2026-07-30 16:05:01,2024-02-25 03:34:00
10126551,4191267,16777473,2026-07-30 14:47:22,2026-07-30 05:05:01,2024-02-25 07:43:00
45511857,4191267,1,2026-07-30 00:05:01,2026-07-30 16:05:01,2024-05-24 02:43:00
454,3333533,1,2026-07-30 01:05:01,2026-07-30 16:05:01,2024-06-04 03:02:10
5123340,3333533,65537,2024-08-31 03:33:00,2026-07-30 16:05:01,2024-02-25 03:34:00
10126551,3333533,16777473,2026-07-30 14:47:22,2026-07-28 04:05:01,2024-02-25 07:43:00
45511857,3333533,1,2026-07-30 00:05:01,2026-07-30 16:05:01,2024-05-24 02:43:00
454,4194321,1,2026-07-30 01:05:01,2026-07-30 16:05:01,2024-06-04 03:02:10
5123340,4194321,65537,2024-08-31 03:33:00,2026-07-30 16:05:01,2024-02-25 03:34:00
10126551,4194321,16777473,2026-07-30 14:47:22,2026-07-30 05:05:01,2024-02-25 07:43:00
45511857,4194321,1,2026-07-30 00:05:01,2026-07-30 16:05:01,2024-05-24 02:43:00
454,3662211,1,2026-07-30 01:05:01,2026-07-30 16:05:01,2024-06-04 03:02:10
5123340,3662211,65537,2024-08-31 03:33:00,2026-07-30 16:05:01,2024-02-25 03:34:00
10126551,3662211,16777473,2026-07-30 14:47:22,2026-07-28 00:05:01,2024-02-25 07:43:00
45511857,3662211,1,2026-07-30 00:05:01,2026-07-30 16:05:01,2024-05-24 02:43:00
454,1081359,1,2026-07-30 01:05:01,2026-07-30 16:05:01,2024-06-04 03:02:10
5123340,1081359,65537,2024-08-31 03:33:00,2026-07-30 16:05:01,2024-02-25 03:34:00
10126551,1081359,16777473,2026-07-30 14:47:22,2026-07-28 04:05:01,2024-02-25 07:43:00
45511857,1081359,1,2026-07-30 00:05:01,2026-07-30 16:05:01,2024-05-24 02:43:00
454,4229059,1,2026-07-30 01:05:01,2026-07-30 16:05:01,2024-06-04 03:02:10
5123340,4229059,65537,2024-08-31 03:33:00,2026-07-30 16:05:01,2024-02-25 03:34:00
10126551,4229059,16777473,2026-07-30 14:47:22,2026-07-28 04:05:01,2024-02-25 07:43:00
45511857,4229059,1,2026-07-30 00:05:01,2026-07-30 16:05:01,2024-05-24 02:43:00
454,1208492,1,2026-07-30 01:05:01,2026-07-30 16:05:01,2024-06-04 03:02:10
5123340,1208492,65537,2024-08-31 03:33:00,2026-07-30 16:05:01,2024-02-25 03:34:00
10126551,1208492,16777473,2026-07-30 14:47:22,2026-07-30 05:05:01,2024-02-25 07:43:00
45511857,1208492,1,2026-07-30 00:05:01,2026-07-30 16:05:01,2024-05-24 02:43:00
454,4277376,1,2026-07-30 01:05:01,2026-07-30 16:05:01,2024-06-04 03:02:10
5123340,4277376,65537,2024-08-31 03:33:00,2026-07-30 16:05:01,2024-02-25 03:34:00
10126551,4277376,16777473,2026-07-30 14:47:22,2026-07-30 05:05:01,2024-02-25 07:43:00
45511857,4277376,1,2026-07-30 00:05:01,2026-07-30 16:05:01,2024-05-24 02:43:00
454,4280560,1,2026-07-30 01:05:01,2026-07-30 16:05:01,2024-06-04 03:02:10
5123340,4280560,65537,2024-08-31 03:33:00,2026-07-30 16:05:01,2024-02-25 03:34:00
10126551,4280560,16777473,2026-07-30 14:47:22,2026-07-30 05:05:01,2024-02-25 07:43:00
45511857,4280560,1,2026-07-30 00:05:01,2026-07-30 16:05:01,2024-05-24 02:43:00
454,2369278,1,2026-07-30 01:05:01,2026-07-30 16:05:01,2024-06-05 23:36:02
5123340,2369278,65537,2024-08-31 03:33:00,2026-07-30 16:05:01,2024-02-25 03:34:00
10126551,2369278,16777473,2026-07-30 14:47:22,2026-07-30 04:05:01,2024-02-25 07:43:00
45511857,2369278,1,2026-07-30 00:05:01,2026-07-30 16:05:01,2024-05-24 02:43:00
454,2454155,1,2026-07-30 01:05:01,2026-07-30 16:05:01,2024-06-04 03:02:10
5123340,2454155,65537,2024-08-31 03:33:00,2026-07-30 16:05:01,2024-02-25 03:34:00
10126551,2454155,16777473,2026-07-30 14:47:22,2026-07-30 05:05:01,2024-02-25 07:43:00
45511857,2454155,1,2026-07-30 00:05:01,2026-07-30 16:05:01,2024-05-24 02:43:00
454,3408890,1,2026-07-30 01:05:01,2026-07-30 16:05:01,2024-06-04 03:02:10
5123340,3408890,65537,2024-08-31 03:33:00,2026-07-30 16:05:01,2024-02-25 03:34:00
10126551,3408890,16777473,2026-07-30 14:47:22,2026-07-25 03:05:01,2024-02-25 07:43:00
45511857,3408890,1,2026-07-30 00:05:01,2026-07-30 16:05:01,2024-05-24 02:43:00
454,4324551,1,2026-07-30 01:05:01,2026-07-30 16:05:01,2024-06-04 03:02:10
5123340,4324551,65537,2024-08-31 03:33:00,2026-07-30 16:05:01,2024-02-25 03:34:00
10126551,4324551,16777473,2026-07-30 14:47:22,2026-07-30 05:05:01,2024-02-25 07:43:00
45511857,4324551,1,2026-07-30 00:05:01,2026-07-30 16:05:01,2024-05-24 02:43:00
454,3983262,1,2026-07-30 01:05:01,2026-07-30 16:05:01,2024-06-04 03:02:10
5123340,3983262,65537,2024-08-31 03:33:00,2026-07-30 16:05:01,2024-02-25 03:34:00
10126551,3983262,16777473,2026-07-30 14:47:22,2026-07-30 05:05:01,2024-02-25 07:43:00
45511857,3983262,1,2026-07-30 00:05:01,2026-07-30 16:05:01,2024-05-24 02:43:00
454,4328340,1,2026-07-30 01:05:01,2026-07-30 16:05:01,2024-06-04 03:02:10
5123340,4328340,65537,2024-08-31 03:33:00,2026-07-30 16:05:01,2024-02-25 03:34:00
10126551,4328340,16777473,2026-07-30 14:47:22,2026-07-30 03:05:02,2024-02-25 07:43:00
45511857,4328340,1,2026-07-30 00:05:01,2026-07-30 16:05:01,2024-05-24 02:43:00
454,4329846,1,2026-07-30 01:05:01,2026-07-30 16:05:01,2024-06-04 03:02:10
5123340,4329846,65537,2024-08-31 03:33:00,2026-07-30 16:05:01,2024-02-25 03:34:00
10126551,4329846,16777473,2026-07-30 14:47:22,2026-07-30 05:05:01,2024-02-25 07:43:00
45511857,4329846,1,2026-07-30 00:05:01,2026-07-30 16:05:01,2024-05-24 02:43:00
454,1396516,1,2026-07-30 01:05:01,2026-07-30 16:05:01,2024-06-04 03:02:10
5123340,1396516,65537,2024-08-31 03:33:00,2026-07-30 16:05:01,2024-02-25 03:34:00
10126551,1396516,16777473,2026-07-30 14:47:22,2026-07-27 02:05:01,2024-02-25 07:43:00
45511857,1396516,1,2026-07-30 00:05:01,2026-07-30 16:05:01,2024-05-24 02:43:00
454,3772678,1,2026-07-30 01:05:01,2026-07-30 16:05:01,2024-06-04 03:02:10
5123340,3772678,65537,2024-08-31 03:33:00,2026-07-30 16:05:01,2024-02-25 03:34:00
10126551,3772678,16777473,2026-07-30 14:47:22,2026-07-30 04:05:01,2024-02-25 07:43:00
45511857,3772678,1,2026-07-30 00:05:01,2026-07-30 16:05:01,2024-05-24 02:43:00
454,4378131,1,2026-07-30 01:05:01,2026-07-30 16:05:01,2024-06-04 03:02:10
5123340,4378131,65537,2024-08-31 03:33:00,2026-07-30 16:05:01,2024-02-25 03:34:00
10126551,4378131,16777473,2026-07-30 14:47:22,2026-07-30 05:05:01,2024-02-25 07:43:00
45511857,4378131,1,2026-07-30 00:05:01,2026-07-30 16:05:01,2024-05-24 02:43:00
454,4317927,1,2026-07-30 01:05:01,2026-07-30 16:05:01,2024-06-04 03:02:10
5123340,4317927,65537,2024-08-31 03:33:00,2026-07-30 16:05:01,2024-02-25 03:34:00
10126551,4317927,16777473,2026-07-30 14:47:22,2026-07-28 04:05:01,2024-02-25 07:43:00
45511857,4317927,1,2026-07-30 00:05:01,2026-07-30 16:05:01,2024-05-24 02:43:00
454,1813344,1,2026-07-30 01:05:01,2026-07-30 16:05:01,2024-06-04 03:02:10
5123340,1813344,65537,2024-08-31 03:33:00,2026-07-30 16:05:01,2024-02-25 03:34:00
10126551,1813344,16777473,2026-07-30 14:47:22,2026-07-30 05:05:01,2024-02-25 07:43:00
45511857,1813344,1,2026-07-30 00:05:01,2026-07-30 16:05:01,2024-05-24 02:43:00
454,2295546,1,2026-07-30 01:05:01,2026-07-30 16:05:01,2024-06-04 03:02:10
5123340,2295546,65537,2024-08-31 03:33:00,2026-07-30 16:05:01,2024-02-25 03:34:00
10126551,2295546,16777473,2026-07-30 14:47:22,2026-07-28 00:05:01,2024-02-25 07:43:00
45511857,2295546,1,2026-07-30 00:05:01,2026-07-30 16:05:01,2024-05-24 02:43:00
454,1764432,1,2026-07-30 01:05:01,2026-07-30 16:05:01,2024-06-04 03:02:10
5123340,1764432,65537,2024-08-31 03:33:00,2026-07-30 16:05:01,2024-02-25 03:34:00
10126551,1764432,16777473,2026-07-30 14:47:22,2026-07-28 04:05:01,2024-02-25 07:43:00
45511857,1764432,1,2026-07-30 00:05:01,2026-07-30 16:05:01,2024-05-24 02:43:00
454,4425028,1,2026-07-30 01:05:01,2026-07-30 16:05:01,2024-06-04 03:02:10
5123340,4425028,65537,2024-08-31 03:33:00,2026-07-30 16:05:01,2024-02-25 03:34:00
10126551,4425028,16777473,2026-07-30 14:47:22,2026-07-28 00:05:01,2024-02-25 07:43:00
45511857,4425028,1,2026-07-30 00:05:01,2026-07-30 16:05:01,2024-05-24 02:43:00
454,3722847,1,2026-07-30 01:05:01,2026-07-30 16:05:01,2024-06-04 03:02:10
5123340,3722847,65537,2024-08-31 03:33:00,2026-07-30 16:05:01,2024-02-25 03:34:00
10126551,3722847,16777473,2026-07-30 14:47:22,2026-07-28 04:05:01,2024-02-25 07:43:00
45511857,3722847,1,2026-07-30 00:05:01,2026-07-30 16:05:01,2024-05-24 02:43:00
454,4426702,1,2026-07-30 01:05:01,2026-07-30 16:05:01,2024-06-04 03:02:10
5123340,4426702,65537,2024-08-31 03:33:00,2026-07-30 16:05:01,2024-02-25 03:34:00
10126551,4426702,16777473,2026-07-30 14:47:22,2026-07-30 05:05:01,2024-02-25 07:43:00
45511857,4426702,1,2026-07-30 00:05:01,2026-07-30 16:05:01,2024-05-24 02:43:00
454,4430124,1,2026-07-30 01:05:01,2026-07-30 16:05:01,2024-06-04 03:02:10
5123340,4430124,65537,2024-08-31 03:33:00,2026-07-30 16:05:01,2024-02-25 03:34:00
10126551,4430124,16777473,2026-07-30 14:47:22,2026-07-28 04:05:01,2024-02-25 07:43:00
45511857,4430124,1,2026-07-30 00:05:01,2026-07-30 16:05:01,2024-05-24 02:43:00
454,4430141,1,2026-07-30 01:05:01,2026-07-30 16:05:01,2024-06-04 03:02:10
5123340,4430141,65537,2024-08-31 03:33:00,2026-07-30 16:05:01,2024-02-25 03:34:00
10126551,4430141,16777473,2026-07-30 14:47:22,2026-07-28 00:05:01,2024-02-25 07:43:00
45511857,4430141,1,2026-07-30 00:05:01,2026-07-30 16:05:01,2024-05-24 02:43:00
454,4430155,1,2026-07-30 01:05:01,2026-07-30 16:05:01,2024-06-04 03:02:10
5123340,4430155,65537,2024-08-31 03:33:00,2026-07-30 16:05:01,2024-02-25 03:34:00
10126551,4430155,16777473,2026-07-30 14:47:22,2026-07-28 05:05:01,2024-02-25 07:43:00
45511857,4430155,1,2026-07-30 00:05:01,2026-07-30 16:05:01,2024-05-24 02:43:00
454,4454381,1,2026-07-30 01:05:01,2026-07-30 16:05:01,2024-06-04 03:02:10
5123340,4454381,65537,2024-08-31 03:33:00,2026-07-30 16:05:01,2024-02-25 03:34:00
10126551,4454381,16777473,2026-07-30 14:47:22,2026-07-30 05:05:01,2024-02-25 07:43:00
45511857,4454381,1,2026-07-30 00:05:01,2026-07-30 16:05:01,2024-05-24 02:43:00
454,4457366,1,2026-07-30 01:05:01,2026-07-30 16:05:01,2024-06-04 03:02:10
5123340,4457366,65537,2024-08-31 03:33:00,2026-07-30 16:05:01,2024-02-25 03:34:00
10126551,4457366,16777473,2026-07-30 14:47:22,2026-07-28 09:05:01,2024-02-25 07:43:00
45511857,4457366,1,2026-07-30 00:05:01,2026-07-30 16:05:01,2024-05-24 02:43:00
454,4458087,1,2026-07-30 01:05:01,2026-07-30 16:05:01,2024-06-04 03:02:10
5123340,4458087,65537,2024-08-31 03:33:00,2026-07-30 16:05:01,2024-02-25 03:34:00
10126551,4458087,16777473,2026-07-30 14:47:22,2026-07-30 05:05:01,2024-02-25 07:43:00
45511857,4458087,1,2026-07-30 00:05:01,2026-07-30 16:05:01,2024-05-24 02:43:00
454,4460563,1,2026-07-30 01:05:01,2026-07-30 16:05:01,2024-06-04 03:02:10
5123340,4460563,65537,2024-08-31 03:33:00,2026-07-30 16:05:01,2024-02-25 03:34:00
10126551,4460563,16777473,2026-07-30 14:47:22,2026-07-28 04:05:01,2024-02-25 07:43:00
45511857,4460563,1,2026-07-30 00:05:01,2026-07-30 16:05:01,2024-05-24 02:43:00
454,2366078,1,2026-07-30 01:05:01,2026-07-30 16:05:01,2024-06-04 03:02:10
5123340,2366078,65537,2024-08-31 03:33:00,2026-07-30 16:05:01,2024-02-25 03:34:00
10126551,2366078,16777473,2026-07-30 14:47:22,2026-07-30 05:05:01,2024-02-25 07:43:00
45511857,2366078,1,2026-07-30 00:05:01,2026-07-30 16:05:01,2024-05-24 02:43:00
454,4464518,1,2026-07-30 01:05:01,2026-07-30 16:05:01,2024-06-04 03:02:10
5123340,4464518,65537,2024-08-31 03:33:00,2026-07-30 16:05:01,2024-02-25 03:34:00
10126551,4464518,16777473,2026-07-30 14:47:22,2026-07-30 00:05:01,2024-02-25 07:43:00
45511857,4464518,1,2026-07-30 00:05:01,2026-07-30 16:05:01,2024-05-24 02:43:00
454,4491867,1,2026-07-30 01:05:01,2026-07-30 16:05:01,2024-06-04 03:02:10
5123340,4491867,65537,2024-08-31 03:33:00,2026-07-30 16:05:01,2024-02-25 03:34:00
10126551,4491867,16777473,2026-07-30 14:47:22,2026-07-30 03:05:02,2024-02-25 07:43:00
45511857,4491867,1,2026-07-30 00:05:01,2026-07-30 16:05:01,2024-05-24 02:43:00
454,4493875,1,2026-07-30 01:05:01,2026-07-30 16:05:01,2024-06-04 03:02:10
5123340,4493875,65537,2024-08-31 03:33:00,2026-07-30 16:05:01,2024-02-25 03:34:00
10126551,4493875,16777473,2026-07-30 14:47:22,2026-07-30 05:05:01,2024-02-25 07:43:00
45511857,4493875,1,2026-07-30 00:05:01,2026-07-30 16:05:01,2024-05-24 02:43:00
454,4494767,1,2026-07-30 01:05:01,2026-07-30 16:05:01,2024-06-04 03:02:10
5123340,4494767,65537,2024-08-31 03:33:00,2026-07-30 16:05:01,2024-02-25 03:34:00
10126551,4494767,16777473,2026-07-30 14:47:22,2026-07-30 05:05:01,2024-02-25 07:43:00
45511857,4494767,1,2026-07-30 00:05:01,2026-07-30 16:05:01,2024-05-24 02:43:00
454,4496475,1,2026-07-30 01:05:01,2026-07-30 16:05:01,2024-06-04 03:02:10
5123340,4496475,65537,2024-08-31 03:33:00,2026-07-30 16:05:01,2024-02-25 03:34:00
10126551,4496475,16777473,2026-07-30 14:47:22,2026-07-26 04:05:01,2024-02-25 07:43:00
45511857,4496475,1,2026-07-30 00:05:01,2026-07-30 16:05:01,2024-05-24 02:43:00
454,4498020,1,2026-07-30 01:05:01,2026-07-30 16:05:01,2024-06-04 03:02:10
5123340,4498020,65537,2024-08-31 03:33:00,2026-07-30 16:05:01,2024-02-25 03:34:00
10126551,4498020,16777473,2026-07-30 14:47:22,2026-07-30 05:05:01,2024-02-25 07:43:00
45511857,4498020,1,2026-07-30 00:05:01,2026-07-30 16:05:01,2024-05-24 02:43:00
454,1533370,1,2026-07-30 01:05:01,2026-07-30 16:05:01,2024-06-04 03:02:10
5123340,1533370,65537,2024-08-31 03:33:00,2026-07-30 16:05:01,2024-02-25 03:34:00
10126551,1533370,16777473,2026-07-30 14:47:22,2026-07-27 02:05:01,2024-02-25 07:43:00
45511857,1533370,1,2026-07-30 00:05:01,2026-07-30 16:05:01,2024-05-24 02:43:00
454,985895,1,2026-07-30 01:05:01,2026-07-30 16:05:01,2024-06-04 03:02:10
5123340,985895,65537,2024-08-31 03:33:00,2026-07-30 16:05:01,2024-02-25 03:34:00
10126551,985895,16777473,2026-07-30 14:47:22,2026-07-28 10:05:01,2024-02-25 07:43:00
45511857,985895,1,2026-07-30 00:05:01,2026-07-30 16:05:01,2024-05-24 02:43:00
454,4537869,1,2026-07-30 01:05:01,2026-07-30 16:05:01,2024-06-04 03:02:10
5123340,4537869,65537,2024-08-31 03:33:00,2026-07-30 16:05:01,2024-02-25 03:34:00
10126551,4537869,16777473,2026-07-30 14:47:22,2026-07-30 05:05:01,2024-02-25 07:43:00
45511857,4537869,1,2026-07-30 00:05:01,2026-07-30 16:05:01,2024-05-24 02:43:00
454,4413383,1,2026-07-30 01:05:01,2026-07-30 16:05:01,2024-06-04 03:02:10
5123340,4413383,65537,2024-08-31 03:33:00,2026-07-30 16:05:01,2024-02-25 03:34:00
10126551,4413383,16777473,2026-07-30 14:47:22,2026-07-28 04:05:01,2024-02-25 07:43:00
45511857,4413383,1,2026-07-30 00:05:01,2026-07-30 16:05:01,2024-05-24 02:43:00
454,3065432,1,2026-07-30 01:05:01,2026-07-30 16:05:01,2024-06-04 03:02:10
5123340,3065432,65537,2024-08-31 03:33:00,2026-07-30 16:05:01,2024-02-25 03:34:00
10126551,3065432,16777473,2026-07-30 14:47:22,2026-07-30 05:05:01,2024-02-25 07:43:00
45511857,3065432,1,2026-07-30 00:05:01,2026-07-30 16:05:01,2024-05-24 02:43:00
454,4362611,1,2026-07-30 01:05:01,2026-07-30 16:05:01,2024-06-05 23:36:02
10126551,4362611,16777473,2026-07-30 14:47:22,2026-07-10 10:05:01,2024-02-25 07:43:00
45511857,4362611,1,2026-07-30 00:05:01,2026-07-30 16:05:01,2024-05-24 02:43:00
454,4422898,1,2026-07-30 01:05:01,2026-07-30 16:05:01,2024-06-04 03:02:10
5123340,4422898,65537,2024-08-31 03:33:00,2026-07-30 16:05:01,2024-02-25 03:34:00
10126551,4422898,16777473,2026-07-30 14:47:22,2026-07-25 05:05:01,2024-02-25 07:43:00
45511857,4422898,1,2026-07-30 00:05:01,2026-07-30 16:05:01,2024-05-24 02:43:00
454,3492164,1,2026-07-30 01:05:01,2026-07-30 16:05:01,2024-06-04 03:02:10
5123340,3492164,65537,2024-08-31 03:33:00,2026-07-30 16:05:01,2024-02-25 03:34:00
10126551,3492164,16777473,2026-07-30 14:47:22,2026-07-28 04:05:01,2024-02-25 07:43:00
45511857,3492164,1,2026-07-30 00:05:01,2026-07-30 16:05:01,2024-05-24 02:43:00
454,4553556,1,2026-07-30 01:05:01,2026-07-30 16:05:01,2024-06-05 23:36:02
5123340,4553556,65537,2024-08-31 03:33:00,2026-07-30 16:05:01,2024-02-25 03:34:00
10126551,4553556,16777473,2026-07-30 14:47:22,2026-07-28 04:05:01,2024-02-25 07:43:00
45511857,4553556,1,2026-07-30 00:05:01,2026-07-30 16:05:01,2024-05-24 02:43:00
454,4591293,1,2026-07-30 01:05:01,2026-07-30 16:05:01,2024-06-04 03:02:10
5123340,4591293,65537,2024-08-31 03:33:00,2026-07-30 16:05:01,2024-02-25 03:34:00
10126551,4591293,16777473,2026-07-30 14:47:22,2026-07-30 05:05:01,2024-02-25 07:43:00
45511857,4591293,1,2026-07-30 00:05:01,2026-07-30 16:05:01,2024-05-24 02:43:00
454,4591322,1,2026-07-30 01:05:01,2026-07-30 16:05:01,2024-06-04 03:02:10
5123340,4591322,65537,2024-08-31 03:33:00,2026-07-30 16:05:01,2024-02-25 03:34:00
10126551,4591322,16777473,2026-07-30 14:47:22,2026-07-30 05:05:01,2024-02-25 07:43:00
45511857,4591322,1,2026-07-30 00:05:01,2026-07-30 16:05:01,2024-05-24 02:43:00
454,4591476,1,2026-07-30 01:05:01,2026-07-30 16:05:01,2024-06-04 03:02:10
5123340,4591476,65537,2024-08-31 03:33:00,2026-07-30 16:05:01,2024-02-25 03:34:00
10126551,4591476,16777473,2026-07-30 14:47:22,2026-07-30 05:05:01,2024-02-25 07:43:00
45511857,4591476,1,2026-07-30 00:05:01,2026-07-30 16:05:01,2024-05-24 02:43:00
454,4591500,1,2026-07-30 01:05:01,2026-07-30 16:05:01,2024-06-04 03:02:10
5123340,4591500,65537,2024-08-31 03:33:00,2026-07-30 16:05:01,2024-02-25 03:34:00
10126551,4591500,16777473,2026-07-30 14:47:22,2026-07-30 05:05:01,2024-02-25 07:43:00
45511857,4591500,1,2026-07-30 00:05:01,2026-07-30 16:05:01,2024-05-24 02:43:00
454,4591519,1,2026-07-30 01:05:01,2026-07-30 16:05:01,2024-06-04 03:02:10
5123340,4591519,65537,2024-08-31 03:33:00,2026-07-30 16:05:01,2024-02-25 03:34:00
10126551,4591519,16777473,2026-07-30 14:47:22,2026-07-30 05:05:01,2024-02-25 07:43:00
45511857,4591519,1,2026-07-30 00:05:01,2026-07-30 16:05:01,2024-05-24 02:43:00
454,4593961,1,2026-07-30 01:05:01,2026-07-30 16:05:01,2024-06-04 03:02:10
5123340,4593961,65537,2024-08-31 03:33:00,2026-07-30 16:05:01,2024-02-25 03:34:00
45511857,719581,1,2026-07-30 00:05:01,2026-07-30 16:05:01,2024-05-24 02:43:00
454,4603546,1,2026-07-30 01:05:01,2026-07-30 16:05:01,2024-06-04 03:02:10
5123340,4603546,65537,2024-08-31 03:33:00,2026-07-30 16:05:01,2024-02-25 03:34:00
10126551,4603546,16777473,2026-07-30 14:47:22,2026-07-25 02:05:01,2024-02-25 07:43:00
45511857,4603546,1,2026-07-30 00:05:01,2026-07-30 16:05:01,2024-05-24 02:43:00
454,3487230,1,2026-07-30 01:05:01,2026-07-30 16:05:01,2024-06-04 03:02:10
5123340,3487230,65537,2024-08-31 03:33:00,2026-07-30 16:05:01,2024-02-25 03:34:00
10126551,3487230,16777473,2026-07-30 14:47:22,2026-07-30 05:05:01,2024-02-25 07:43:00
45511857,3487230,1,2026-07-30 00:05:01,2026-07-30 16:05:01,2024-05-24 02:43:00
454,4620828,1,2026-07-30 01:05:01,2026-07-30 16:05:01,2024-06-04 03:02:10
5123340,4620828,65537,2024-08-31 03:33:00,2026-07-30 16:05:01,2024-02-25 03:34:00
10126551,4620828,16777473,2026-07-30 14:47:22,2026-07-30 05:05:01,2024-02-25 07:43:00
45511857,4620828,1,2026-07-30 00:05:01,2026-07-30 16:05:01,2024-05-24 02:43:00
454,3768828,1,2026-07-30 01:05:01,2026-07-30 16:05:01,2024-06-04 03:02:10
5123340,3768828,65537,2024-08-31 03:33:00,2026-07-30 16:05:01,2024-02-25 03:34:00
10126551,3768828,16777473,2026-07-30 14:47:22,2026-07-28 04:05:01,2024-02-25 07:43:00
45511857,3768828,1,2026-07-30 00:05:01,2026-07-30 16:05:01,2024-05-24 02:43:00
454,1783693,1,2026-07-30 01:05:01,2026-07-30 16:05:01,2024-06-04 03:02:10
5123340,1783693,65537,2024-08-31 03:33:00,2026-07-30 16:05:01,2024-02-25 03:34:00
10126551,1783693,16777473,2026-07-30 14:47:22,2026-07-28 00:05:01,2024-02-25 07:43:00
45511857,1783693,1,2026-07-30 00:05:01,2026-07-30 16:05:01,2024-05-24 02:43:00
454,3958225,1,2026-07-30 01:05:01,2026-07-30 16:05:01,2024-06-04 03:02:10
5123340,3958225,65537,2024-08-31 03:33:00,2026-07-30 16:05:01,2024-02-25 03:34:00
10126551,3958225,16777473,2026-07-30 14:47:22,2026-07-30 05:05:01,2024-02-25 07:43:00
45511857,3958225,1,2026-07-30 00:05:01,2026-07-30 16:05:01,2024-05-24 02:43:00
454,4688683,1,2026-07-30 01:05:01,2026-07-30 16:05:01,2024-06-04 03:02:10
5123340,4688683,65537,2024-08-31 03:33:00,2026-07-30 16:05:01,2024-02-25 03:34:00
10126551,4688683,16777473,2026-07-30 14:47:22,2026-07-28 04:05:01,2024-02-25 07:43:00
45511857,4688683,1,2026-07-30 00:05:01,2026-07-30 16:05:01,2024-05-24 02:43:00
454,4690985,1,2026-07-30 01:05:01,2026-07-30 16:05:01,2024-06-04 03:02:10
5123340,4690985,65537,2024-08-31 03:33:00,2026-07-30 16:05:01,2024-02-25 03:34:00
10126551,4690985,16777473,2026-07-30 14:47:22,2026-07-28 02:05:01,2024-02-25 07:43:00
45511857,4690985,1,2026-07-30 00:05:01,2026-07-30 16:05:01,2024-05-24 02:43:00
454,4582401,1,2026-07-30 01:05:01,2026-07-30 16:05:01,2024-06-04 03:02:10
5123340,4582401,65537,2024-08-31 03:33:00,2026-07-30 16:05:01,2024-02-25 03:34:00
10126551,4582401,16777473,2026-07-30 14:47:22,2026-07-23 10:05:01,2024-02-25 07:43:00
45511857,4582401,1,2026-07-30 00:05:01,2026-07-30 16:05:01,2024-05-24 02:43:00
454,4703808,1,2026-07-30 01:05:01,2026-07-30 16:05:01,2024-06-04 03:02:10
5123340,4703808,65537,2024-08-31 03:33:00,2026-07-30 16:05:01,2024-02-25 03:34:00
10126551,4703808,16777473,2026-07-30 14:47:22,2026-07-30 05:05:01,2024-02-25 07:43:00
45511857,4703808,1,2026-07-30 00:05:01,2026-07-30 16:05:01,2024-05-24 02:43:00
454,4707840,1,2026-07-30 01:05:01,2026-07-30 16:05:01,2024-06-05 23:36:02
5123340,4707840,65537,2024-08-31 03:33:00,2026-07-30 16:05:01,2024-02-25 03:34:00
10126551,4707840,16777473,2026-07-30 14:47:22,2026-07-30 05:05:01,2024-02-25 07:43:00
45511857,4707840,1,2026-07-30 00:05:01,2026-07-30 16:05:01,2024-05-24 02:43:00
454,3399722,1,2026-07-30 01:05:01,2026-07-30 16:05:01,2024-06-04 03:02:10
5123340,3399722,65537,2024-08-31 03:33:00,2026-07-30 16:05:01,2024-02-25 03:34:00
10126551,3399722,16777473,2026-07-30 14:47:22,2026-07-28 04:05:01,2024-02-25 07:43:00
45511857,3399722,1,2026-07-30 00:05:01,2026-07-30 16:05:01,2024-05-24 02:43:00
454,4725380,1,2026-07-30 01:05:01,2026-07-30 16:05:01,2024-06-04 03:02:10
5123340,4725380,65537,2024-08-31 03:33:00,2026-07-30 16:05:01,2024-02-25 03:34:00
10126551,4725380,16777473,2026-07-30 14:47:22,2026-07-28 04:05:01,2024-02-25 07:43:00
45511857,4725380,1,2026-07-30 00:05:01,2026-07-30 16:05:01,2024-05-24 02:43:00
454,3763806,1,2026-07-30 01:05:01,2026-07-30 16:05:01,2024-06-04 03:02:10
5123340,3763806,65537,2024-08-31 03:33:00,2026-07-30 16:05:01,2024-02-25 03:34:00
10126551,3763806,16777473,2026-07-30 14:47:22,2026-07-30 05:05:01,2024-02-25 07:43:00
45511857,3763806,1,2026-07-30 00:05:01,2026-07-30 16:05:01,2024-05-24 02:43:00
454,3062040,1,2026-07-30 01:05:01,2026-07-30 16:05:01,2024-06-04 03:02:10
5123340,3062040,65537,2024-08-31 03:33:00,2026-07-30 16:05:01,2024-02-25 03:34:00
10126551,3062040,16777473,2026-07-30 14:47:22,2026-07-10 11:05:01,2024-02-25 07:43:00
45511857,3062040,1,2026-07-30 00:05:01,2026-07-30 16:05:01,2024-05-24 02:43:00
454,4289130,1,2026-07-30 01:05:01,2026-07-30 16:05:01,2024-06-04 03:02:10
5123340,4289130,65537,2024-08-31 03:33:00,2026-07-30 16:05:01,2024-02-25 03:34:00
10126551,4289130,16777473,2026-07-30 14:47:22,2026-07-27 02:05:01,2024-02-25 07:43:00
45511857,4289130,1,2026-07-30 00:05:01,2026-07-30 16:05:01,2024-05-24 02:43:00
454,4018787,1,2026-07-30 01:05:01,2026-07-30 16:05:01,2024-06-04 03:02:10
5123340,4018787,65537,2024-08-31 03:33:00,2026-07-30 16:05:01,2024-02-25 03:34:00
10126551,4018787,16777473,2026-07-30 14:47:22,2026-07-28 00:05:01,2024-02-25 07:43:00
45511857,4018787,1,2026-07-30 00:05:01,2026-07-30 16:05:01,2024-05-24 02:43:00
454,3836654,1,2026-07-30 01:05:01,2026-07-30 16:05:01,2024-06-04 03:02:10
5123340,3836654,65537,2024-08-31 03:33:00,2026-07-30 16:05:01,2024-02-25 03:34:00
10126551,3836654,16777473,2026-07-30 14:47:22,2026-07-30 05:05:01,2024-02-25 07:43:00
45511857,3836654,1,2026-07-30 00:05:01,2026-07-30 16:05:01,2024-05-24 02:43:00
454,4812264,1,2026-07-30 01:05:01,2026-07-30 16:05:01,2024-06-04 03:02:10
5123340,4812264,65537,2024-08-31 03:33:00,2026-07-30 16:05:01,2024-02-25 03:34:00
10126551,4812264,16777473,2026-07-30 14:47:22,2026-07-30 05:05:01,2024-02-25 07:43:00
45511857,4812264,1,2026-07-30 00:05:01,2026-07-30 16:05:01,2024-05-24 02:43:00
454,2617769,1,2026-07-30 01:05:01,2026-07-30 16:05:01,2024-06-04 03:02:10
5123340,2617769,65537,2024-08-31 03:33:00,2026-07-30 16:05:01,2024-02-25 03:34:00
10126551,2617769,16777473,2026-07-30 14:47:22,2026-07-28 00:05:01,2024-02-25 07:43:00
45511857,2617769,1,2026-07-30 00:05:01,2026-07-30 16:05:01,2024-05-24 02:43:00
454,4674147,1,2026-07-30 01:05:01,2026-07-30 16:05:01,2024-06-04 03:02:10
5123340,4674147,65537,2024-08-31 03:33:00,2026-07-30 16:05:01,2024-02-25 03:34:00
10126551,4674147,16777473,2026-07-30 14:47:22,2026-07-30 05:05:01,2024-02-25 07:43:00
45511857,4674147,1,2026-07-30 00:05:01,2026-07-30 16:05:01,2024-05-24 02:43:00
454,4818278,1,2026-07-30 01:05:01,2026-07-30 16:05:01,2024-06-04 03:02:10
5123340,4818278,65537,2024-08-31 03:33:00,2026-07-30 16:05:01,2024-02-25 03:34:00
10126551,4818278,16777473,2026-07-30 14:47:22,2026-07-30 05:05:01,2024-02-25 07:43:00
45511857,4818278,1,2026-07-30 00:05:01,2026-07-30 16:05:01,2024-05-24 02:43:00
454,3530986,1,2026-07-30 01:05:01,2026-07-30 16:05:01,2024-06-04 03:02:10
5123340,3530986,65537,2024-08-31 03:33:00,2026-07-30 16:05:01,2024-02-25 03:34:00
10126551,3530986,16777473,2026-07-30 14:47:22,2026-07-30 05:05:01,2024-02-25 07:43:00
45511857,3530986,1,2026-07-30 00:05:01,2026-07-30 16:05:01,2024-05-24 02:43:00
454,4467460,1,2026-07-30 01:05:01,2026-07-30 16:05:01,2024-06-04 03:02:10
5123340,4467460,65537,2024-08-31 03:33:00,2026-07-30 16:05:01,2024-02-25 03:34:00
10126551,4467460,16777473,2026-07-30 14:47:22,2026-07-30 05:05:01,2024-02-25 07:43:00
45511857,4467460,1,2026-07-30 00:05:01,2026-07-30 16:05:01,2024-05-24 02:43:00
454,4818339,1,2026-07-30 01:05:01,2026-07-30 16:05:01,2024-06-04 03:02:10
5123340,4818339,65537,2024-08-31 03:33:00,2026-07-30 16:05:01,2024-02-25 03:34:00
10126551,4818339,16777473,2026-07-30 14:47:22,2026-07-28 04:05:01,2024-02-25 07:43:00
45511857,4818339,1,2026-07-30 00:05:01,2026-07-30 16:05:01,2024-05-24 02:43:00
454,2330907,1,2026-07-30 01:05:01,2026-07-30 16:05:01,2024-06-04 03:02:10
5123340,2330907,65537,2024-08-31 03:33:00,2026-07-30 16:05:01,2024-02-25 03:34:00
10126551,2330907,16777473,2026-07-30 14:47:22,2026-07-27 04:05:01,2024-02-25 07:43:00
45511857,2330907,1,2026-07-30 00:05:01,2026-07-30 16:05:01,2024-05-24 02:43:00
454,4852527,1,2026-07-30 01:05:01,2026-07-30 16:05:01,2024-06-04 03:02:10
5123340,4852527,65537,2024-08-31 03:33:00,2026-07-30 16:05:01,2024-02-25 03:34:00
10126551,4852527,16777473,2026-07-30 14:47:22,2026-07-27 02:05:01,2024-02-25 07:43:00
45511857,4852527,1,2026-07-30 00:05:01,2026-07-30 16:05:01,2024-05-24 02:43:00
454,4853951,1,2026-07-30 01:05:01,2026-07-30 16:05:01,2024-06-04 03:02:10
5123340,4853951,65537,2024-08-31 03:33:00,2026-07-30 16:05:01,2024-02-25 03:34:00
10126551,4853951,16777473,2026-07-30 14:47:22,2026-07-30 05:05:01,2024-02-25 07:43:00
45511857,4853951,1,2026-07-30 00:05:01,2026-07-30 16:05:01,2024-05-24 02:43:00
454,4853960,1,2026-07-30 01:05:01,2026-07-30 16:05:01,2024-06-04 03:02:10
5123340,4853960,65537,2024-08-31 03:33:00,2026-07-30 16:05:01,2024-02-25 03:34:00
10126551,4853960,16777473,2026-07-30 14:47:22,2026-07-27 02:05:01,2024-02-25 07:43:00
45511857,4853960,1,2026-07-30 00:05:01,2026-07-30 16:05:01,2024-05-24 02:43:00
454,4848396,1,2026-07-30 01:05:01,2026-07-30 16:05:01,2024-06-04 03:02:10
5123340,4848396,65537,2024-08-31 03:33:00,2026-07-30 16:05:01,2024-02-25 03:34:00
10126551,4848396,16777473,2026-07-30 14:47:22,2026-07-23 10:05:01,2024-02-25 07:43:00
45511857,4848396,1,2026-07-30 00:05:01,2026-07-30 16:05:01,2024-05-24 02:43:00
454,4858652,1,2026-07-30 01:05:01,2026-07-30 16:05:01,2024-06-04 03:02:10
5123340,4858652,65537,2024-08-31 03:33:00,2026-07-30 16:05:01,2024-02-25 03:34:00
10126551,4858652,16777473,2026-07-30 14:47:22,2026-07-10 11:05:01,2024-02-25 07:43:00
45511857,4858652,1,2026-07-30 00:05:01,2026-07-30 16:05:01,2024-05-24 02:43:00
454,2230731,1,2026-07-30 01:05:01,2026-07-30 16:05:01,2024-06-04 03:02:10
5123340,2230731,65537,2024-08-31 03:33:00,2026-07-30 16:05:01,2024-02-25 03:34:00
10126551,2230731,16777473,2026-07-30 14:47:22,2026-07-28 04:05:01,2024-02-25 07:43:00
45511857,2230731,1,2026-07-30 00:05:01,2026-07-30 16:05:01,2024-05-24 02:43:00
454,4673209,1,2026-07-30 01:05:01,2026-07-30 16:05:01,2024-06-04 03:02:10
5123340,4673209,65537,2024-08-31 03:33:00,2026-07-30 16:05:01,2024-02-25 03:34:00
10126551,4673209,16777473,2026-07-30 14:47:22,2026-07-30 05:05:01,2024-02-25 07:43:00
45511857,4673209,1,2026-07-30 00:05:01,2026-07-30 16:05:01,2024-05-24 02:43:00
454,4346222,1,2026-07-30 01:05:01,2026-07-30 16:05:01,2024-06-04 03:02:10
5123340,4346222,65537,2024-08-31 03:33:00,2026-07-30 16:05:01,2024-02-25 03:34:00
10126551,4346222,16777473,2026-07-30 14:47:22,2026-07-25 01:05:01,2024-02-25 07:43:00
45511857,4346222,1,2026-07-30 00:05:01,2026-07-30 16:05:01,2024-05-24 02:43:00
454,3999040,1,2026-07-30 01:05:01,2026-07-30 16:05:01,2024-06-04 03:02:10
5123340,3999040,65537,2024-08-31 03:33:00,2026-07-30 16:05:01,2024-02-25 03:34:00
10126551,3999040,16777473,2026-07-30 14:47:22,2026-07-28 05:05:01,2024-02-25 07:43:00
45511857,3999040,1,2026-07-30 00:05:01,2026-07-30 16:05:01,2024-05-24 02:43:00
454,4135447,1,2026-07-30 01:05:01,2026-07-30 16:05:01,2024-06-04 03:02:10
5123340,4135447,65537,2024-08-31 03:33:00,2026-07-30 16:05:01,2024-02-25 03:34:00
10126551,4135447,16777473,2026-07-30 14:47:22,2026-07-30 04:05:01,2024-02-25 07:43:00
45511857,4135447,1,2026-07-30 00:05:01,2026-07-30 16:05:01,2024-05-24 02:43:00
454,3035473,1,2026-07-30 01:05:01,2026-07-30 16:05:01,2024-06-04 03:02:10
5123340,3035473,65537,2024-08-31 03:33:00,2026-07-30 16:05:01,2024-02-25 03:34:00
10126551,3035473,16777473,2026-07-30 14:47:22,2026-07-30 05:05:01,2024-02-25 07:43:00
45511857,3035473,1,2026-07-30 00:05:01,2026-07-30 16:05:01,2024-05-24 02:43:00
454,3692723,1,2026-07-30 01:05:01,2026-07-30 16:05:01,2024-06-04 03:02:10
5123340,3692723,65537,2024-08-31 03:33:00,2026-07-30 16:05:01,2024-02-25 03:34:00
10126551,3692723,16777473,2026-07-30 14:47:22,2026-07-22 09:05:01,2024-02-25 07:43:00
45511857,3692723,1,2026-07-30 00:05:01,2026-07-30 16:05:01,2024-05-24 02:43:00
454,4637877,1,2026-07-30 01:05:01,2026-07-30 16:05:01,2024-06-05 23:36:02
5123340,4637877,65537,2024-08-31 03:33:00,2026-07-30 16:05:01,2024-02-25 03:34:00
10126551,4637877,16777473,2026-07-30 14:47:22,2026-07-30 00:05:01,2024-02-25 07:43:00
45511857,4637877,1,2026-07-30 00:05:01,2026-07-30 16:05:01,2024-05-24 02:43:00
454,1133242,1,2026-07-30 01:05:01,2026-07-30 16:05:01,2024-06-04 03:02:10
5123340,1133242,65537,2024-08-31 03:33:00,2026-07-30 16:05:01,2024-02-25 03:34:00
10126551,1133242,16777473,2026-07-30 14:47:22,2026-07-30 05:05:01,2024-02-25 07:43:00
45511857,1133242,1,2026-07-30 00:05:01,2026-07-30 16:05:01,2024-05-24 02:43:00
454,4952114,1,2026-07-30 01:05:01,2026-07-30 16:05:01,2024-06-04 03:02:10
5123340,4952114,65537,2024-08-31 03:33:00,2026-07-30 16:05:01,2024-02-25 03:34:00
10126551,4952114,16777473,2026-07-30 14:47:22,2026-07-28 04:05:01,2024-02-25 07:43:00
45511857,4952114,1,2026-07-30 00:05:01,2026-07-30 16:05:01,2024-05-24 02:43:00
454,4952905,1,2026-07-30 01:05:01,2026-07-30 16:05:01,2024-06-04 03:02:10
5123340,4952905,65537,2024-08-31 03:33:00,2026-07-30 16:05:01,2024-02-25 03:34:00
10126551,4952905,16777473,2026-07-30 14:47:22,2026-07-28 04:05:01,2024-02-25 07:43:00
45511857,4952905,1,2026-07-30 00:05:01,2026-07-30 16:05:01,2024-05-24 02:43:00
454,4952912,1,2026-07-30 01:05:01,2026-07-30 16:05:01,2024-06-04 03:02:10
5123340,4952912,65537,2024-08-31 03:33:00,2026-07-30 16:05:01,2024-02-25 03:34:00
10126551,4952912,16777473,2026-07-30 14:47:22,2026-07-28 04:05:01,2024-02-25 07:43:00
45511857,4952912,1,2026-07-30 00:05:01,2026-07-30 16:05:01,2024-05-24 02:43:00
454,2067807,1,2026-07-30 01:05:01,2026-07-30 16:05:01,2024-06-04 03:02:10
5123340,2067807,65537,2024-08-31 03:33:00,2026-07-30 16:05:01,2024-02-25 03:34:00
10126551,2067807,16777473,2026-07-30 14:47:22,2026-07-30 04:05:01,2024-02-25 07:43:00
45511857,2067807,1,2026-07-30 00:05:01,2026-07-30 16:05:01,2024-05-24 02:43:00
454,4603400,1,2026-07-30 01:05:01,2026-07-30 16:05:01,2024-06-04 03:02:10
5123340,4603400,65537,2024-08-31 03:33:00,2026-07-30 16:05:01,2024-02-25 03:34:00
10126551,4603400,16777473,2026-07-30 14:47:22,2026-07-30 03:05:02,2024-02-25 07:43:00
45511857,4603400,1,2026-07-30 00:05:01,2026-07-30 16:05:01,2024-05-24 02:43:00
454,1070431,1,2026-07-30 01:05:01,2026-07-30 16:05:01,2024-06-04 03:02:10
5123340,1070431,65537,2024-08-31 03:33:00,2026-07-30 16:05:01,2024-02-25 03:34:00
10126551,1070431,16777473,2026-07-30 14:47:22,2026-07-28 04:05:01,2024-02-25 07:43:00
45511857,1070431,1,2026-07-30 00:05:01,2026-07-30 16:05:01,2024-05-24 02:43:00
454,5012200,1,2026-07-30 01:05:01,2026-07-30 16:05:01,2024-06-04 03:02:10
5123340,5012200,65537,2024-08-31 03:33:00,2026-07-30 16:05:01,2024-02-25 03:34:00
10126551,5012200,16777473,2026-07-30 14:47:22,2026-07-30 05:05:01,2024-02-25 07:43:00
45511857,5012200,1,2026-07-30 00:05:01,2026-07-30 16:05:01,2024-05-24 02:43:00
454,3331277,1,2026-07-30 01:05:01,2026-07-30 16:05:01,2024-06-04 03:02:10
5123340,3331277,65537,2024-08-31 03:33:00,2026-07-30 16:05:01,2024-02-25 03:34:00
10126551,3331277,16777473,2026-07-30 14:47:22,2026-07-30 05:05:01,2024-02-25 07:43:00
45511857,3331277,1,2026-07-30 00:05:01,2026-07-30 16:05:01,2024-05-24 02:43:00
454,5013942,1,2026-07-30 01:05:01,2026-07-30 16:05:01,2024-06-04 03:02:10
5123340,5013942,65537,2024-08-31 03:33:00,2026-07-30 16:05:01,2024-02-25 03:34:00
10126551,5013942,16777473,2026-07-30 14:47:22,2026-07-30 05:05:01,2024-02-25 07:43:00
45511857,5013942,1,2026-07-30 00:05:01,2026-07-30 16:05:01,2024-05-24 02:43:00
454,3900241,1,2026-07-30 01:05:01,2026-07-30 16:05:01,2024-06-04 03:02:10
5123340,3900241,65537,2024-08-31 03:33:00,2026-07-30 16:05:01,2024-02-25 03:34:00
10126551,3900241,16777473,2026-07-30 14:47:22,2026-07-26 03:05:01,2024-02-25 07:43:00
45511857,3900241,1,2026-07-30 00:05:01,2026-07-30 16:05:01,2024-05-24 02:43:00
454,1742625,1,2026-07-30 01:05:01,2026-07-30 16:05:01,2024-06-04 03:02:10
5123340,1742625,65537,2024-08-31 03:33:00,2026-07-30 16:05:01,2024-02-25 03:34:00
10126551,1742625,16777473,2026-07-30 14:47:22,2026-07-30 04:05:01,2024-02-25 07:43:00
45511857,1742625,1,2026-07-30 00:05:01,2026-07-30 16:05:01,2024-05-24 02:43:00
454,5021938,1,2026-07-30 01:05:01,2026-07-30 16:05:01,2024-06-04 03:02:10
5123340,5021938,65537,2024-08-31 03:33:00,2026-07-30 16:05:01,2024-02-25 03:34:00
10126551,5021938,16777473,2026-07-30 14:47:22,2026-07-30 05:05:01,2024-02-25 07:43:00
45511857,5021938,1,2026-07-30 00:05:01,2026-07-30 16:05:01,2024-05-24 02:43:00
454,4673162,1,2026-07-30 01:05:01,2026-07-30 16:05:01,2024-06-04 03:02:10
5123340,4673162,65537,2024-08-31 03:33:00,2026-07-30 16:05:01,2024-02-25 03:34:00
10126551,4673162,16777473,2026-07-30 14:47:22,2026-07-30 05:05:01,2024-02-25 07:43:00
45511857,4673162,1,2026-07-30 00:05:01,2026-07-30 16:05:01,2024-05-24 02:43:00
454,5052140,1,2026-07-30 01:05:01,2026-07-30 16:05:01,2024-06-04 03:02:10
5123340,5052140,65537,2024-08-31 03:33:00,2026-07-30 16:05:01,2024-02-25 03:34:00
10126551,5052140,16777473,2026-07-30 14:47:22,2026-07-27 02:05:01,2024-02-25 07:43:00
45511857,5052140,1,2026-07-30 00:05:01,2026-07-30 16:05:01,2024-05-24 02:43:00
454,3343722,1,2026-07-30 01:05:01,2026-07-30 16:05:01,2024-06-04 03:02:10
5123340,3343722,65537,2024-08-31 03:33:00,2026-07-30 16:05:01,2024-02-25 03:34:00
10126551,3343722,16777473,2026-07-30 14:47:22,2026-07-28 04:05:01,2024-02-25 07:43:00
45511857,3343722,1,2026-07-30 00:05:01,2026-07-30 16:05:01,2024-05-24 02:43:00
454,5060099,1,2026-07-30 01:05:01,2026-07-30 16:05:01,2024-06-04 03:02:10
5123340,5060099,65537,2024-08-31 03:33:00,2026-07-30 16:05:01,2024-02-25 03:34:00
10126551,5060099,16777473,2026-07-30 14:47:22,2026-07-28 04:05:01,2024-02-25 07:43:00
45511857,5060099,1,2026-07-30 00:05:01,2026-07-30 16:05:01,2024-05-24 02:43:00
454,5066375,1,2026-07-30 01:05:01,2026-07-30 16:05:01,2024-06-04 03:02:10
5123340,5066375,65537,2024-08-31 03:33:00,2026-07-30 16:05:01,2024-02-25 03:34:00
10126551,5066375,16777473,2026-07-30 14:47:22,2026-07-30 05:05:01,2024-02-25 07:43:00
10126551,4593961,16777473,2026-07-30 14:47:22,2026-07-25 02:05:01,2024-02-25 07:43:00
45511857,4593961,1,2026-07-30 00:05:01,2026-07-30 16:05:01,2024-05-24 02:43:00
454,4594646,1,2026-07-30 01:05:01,2026-07-30 16:05:01,2024-06-04 03:02:10
5123340,4594646,65537,2024-08-31 03:33:00,2026-07-30 16:05:01,2024-02-25 03:34:00
10126551,4594646,16777473,2026-07-30 14:47:22,2026-07-30 05:05:01,2024-02-25 07:43:00
45511857,4594646,1,2026-07-30 00:05:01,2026-07-30 16:05:01,2024-05-24 02:43:00
454,3960580,1,2026-07-30 01:05:01,2026-07-30 16:05:01,2024-06-04 03:02:10
5123340,3960580,65537,2024-08-31 03:33:00,2026-07-30 16:05:01,2024-02-25 03:34:00
10126551,3960580,16777473,2026-07-30 14:47:22,2026-07-28 04:05:01,2024-02-25 07:43:00
45511857,3960580,1,2026-07-30 00:05:01,2026-07-30 16:05:01,2024-05-24 02:43:00
454,4643626,1,2026-07-30 01:05:01,2026-07-30 16:05:01,2024-06-04 03:02:10
5123340,4643626,65537,2024-08-31 03:33:00,2026-07-30 16:05:01,2024-02-25 03:34:00
10126551,4643626,16777473,2026-07-30 14:47:22,2026-07-30 05:05:01,2024-02-25 07:43:00
45511857,4643626,1,2026-07-30 00:05:01,2026-07-30 16:05:01,2024-05-24 02:43:00
454,4644437,1,2026-07-30 01:05:01,2026-07-30 16:05:01,2024-06-04 03:02:10
5123340,4644437,65537,2024-08-31 03:33:00,2026-07-30 16:05:01,2024-02-25 03:34:00
10126551,4644437,16777473,2026-07-30 14:47:22,2026-07-30 05:05:01,2024-02-25 07:43:00
45511857,4644437,1,2026-07-30 00:05:01,2026-07-30 16:05:01,2024-05-24 02:43:00
454,3938794,1,2026-07-30 01:05:01,2026-07-30 16:05:01,2024-06-04 03:02:10
5123340,3938794,65537,2024-08-31 03:33:00,2026-07-30 16:05:01,2024-02-25 03:34:00
10126551,3938794,16777473,2026-07-30 14:47:22,2026-07-30 05:05:01,2024-02-25 07:43:00
45511857,3938794,1,2026-07-30 00:05:01,2026-07-30 16:05:01,2024-05-24 02:43:00
454,3149515,1,2026-07-30 01:05:01,2026-07-30 16:05:01,2024-06-04 03:02:10
5123340,3149515,65537,2024-08-31 03:33:00,2026-07-30 16:05:01,2024-02-25 03:34:00
10126551,3149515,16777473,2026-07-30 14:47:22,2026-07-28 04:05:01,2024-02-25 07:43:00
45511857,3149515,1,2026-07-30 00:05:01,2026-07-30 16:05:01,2024-05-24 02:43:00
454,4476239,1,2026-07-30 01:05:01,2026-07-30 16:05:01,2024-06-04 03:02:10
5123340,4476239,65537,2024-08-31 03:33:00,2026-07-30 16:05:01,2024-02-25 03:34:00
10126551,4476239,16777473,2026-07-30 14:47:22,2026-07-30 05:05:01,2024-02-25 07:43:00
45511857,4476239,1,2026-07-30 00:05:01,2026-07-30 16:05:01,2024-05-24 02:43:00
454,437486,1,2026-07-30 01:05:01,2026-07-30 16:05:01,2024-06-04 03:02:10
5123340,437486,65537,2024-08-31 03:33:00,2026-07-30 16:05:01,2024-02-25 03:34:00
10126551,437486,16777473,2026-07-30 14:47:22,2026-07-28 05:05:01,2024-02-25 07:43:00
45511857,437486,1,2026-07-30 00:05:01,2026-07-30 16:05:01,2024-05-24 02:43:00
454,4659231,1,2026-07-30 01:05:01,2026-07-30 16:05:01,2025-11-24 03:05:01
5123340,4659231,0,,2026-07-30 16:05:01,
10126551,4659231,16777473,2026-07-30 14:47:22,2026-07-12 07:05:01,2026-03-14 17:05:01
45511857,4659231,1,2026-07-30 00:05:01,2026-07-30 16:05:01,2025-10-12 15:43:24
454,4657622,1,2026-07-30 01:05:01,2026-07-30 16:05:01,2024-06-04 03:02:10
5123340,4657622,65537,2024-08-31 03:33:00,2026-07-30 16:05:01,2024-02-25 03:34:00
10126551,4657622,16777473,2026-07-30 14:47:22,2026-07-30 05:05:01,2024-02-25 07:43:00
45511857,4657622,1,2026-07-30 00:05:01,2026-07-30 16:05:01,2024-05-24 02:43:00
454,2042359,1,2026-07-30 01:05:01,2026-07-30 16:05:01,2024-06-04 03:02:10
5123340,2042359,65537,2024-08-31 03:33:00,2026-07-30 16:05:01,2024-02-25 03:34:00
10126551,2042359,16777473,2026-07-30 14:47:22,2026-07-28 04:05:01,2024-02-25 07:43:00
45511857,2042359,1,2026-07-30 00:05:01,2026-07-30 16:05:01,2024-05-24 02:43:00
454,4447233,1,2026-07-30 01:05:01,2026-07-30 16:05:01,2024-06-04 03:02:10
5123340,4447233,65537,2024-08-31 03:33:00,2026-07-30 16:05:01,2024-02-25 03:34:00
10126551,4447233,16777473,2026-07-30 14:47:22,2026-07-30 05:05:01,2024-02-25 07:43:00
45511857,4447233,1,2026-07-30 00:05:01,2026-07-30 16:05:01,2024-05-24 02:43:00
454,1455574,1,2026-07-30 01:05:01,2026-07-30 16:05:01,2024-06-04 03:02:10
5123340,1455574,65537,2024-08-31 03:33:00,2026-07-30 16:05:01,2024-02-25 03:34:00
10126551,1455574,16777473,2026-07-30 14:47:22,2026-07-25 00:05:01,2024-02-25 07:43:00
45511857,1455574,1,2026-07-30 00:05:01,2026-07-30 16:05:01,2024-05-24 02:43:00
454,4439061,1,2026-07-30 01:05:01,2026-07-30 16:05:01,2024-06-04 03:02:10
5123340,4439061,65537,2024-08-31 03:33:00,2026-07-30 16:05:01,2024-02-25 03:34:00
10126551,4439061,16777473,2026-07-30 14:47:22,2026-07-30 05:05:01,2024-02-25 07:43:00
45511857,4439061,1,2026-07-30 00:05:01,2026-07-30 16:05:01,2024-05-24 02:43:00
454,1658093,1,2026-07-30 01:05:01,2026-07-30 16:05:01,2024-06-04 03:02:10
5123340,1658093,65537,2024-08-31 03:33:00,2026-07-30 16:05:01,2024-02-25 03:34:00
10126551,1658093,16777473,2026-07-30 14:47:22,2026-07-30 05:05:01,2024-02-25 07:43:00
45511857,1658093,1,2026-07-30 00:05:01,2026-07-30 16:05:01,2024-05-24 02:43:00
454,4748374,1,2026-07-30 01:05:01,2026-07-30 16:05:01,2024-06-04 03:02:10
5123340,4748374,65537,2024-08-31 03:33:00,2026-07-30 16:05:01,2024-02-25 03:34:00
10126551,4748374,16777473,2026-07-30 14:47:22,2026-07-30 05:05:01,2024-02-25 07:43:00
45511857,4748374,1,2026-07-30 00:05:01,2026-07-30 16:05:01,2024-05-24 02:43:00
454,4748384,1,2026-07-30 01:05:01,2026-07-30 16:05:01,2024-06-04 03:02:10
5123340,4748384,65537,2024-08-31 03:33:00,2026-07-30 16:05:01,2024-02-25 03:34:00
10126551,4748384,16777473,2026-07-30 14:47:22,2026-07-30 05:05:01,2024-02-25 07:43:00
45511857,4748384,1,2026-07-30 00:05:01,2026-07-30 16:05:01,2024-05-24 02:43:00
454,3833665,1,2026-07-30 01:05:01,2026-07-30 16:05:01,2024-06-04 03:02:10
5123340,3833665,65537,2024-08-31 03:33:00,2026-07-30 16:05:01,2024-02-25 03:34:00
10126551,3833665,16777473,2026-07-30 14:47:22,2026-07-28 04:05:01,2024-02-25 07:43:00
45511857,3833665,1,2026-07-30 00:05:01,2026-07-30 16:05:01,2024-05-24 02:43:00
454,4755118,1,2026-07-30 01:05:01,2026-07-30 16:05:01,2024-06-04 03:02:10
5123340,4755118,65537,2024-08-31 03:33:00,2026-07-30 16:05:01,2024-02-25 03:34:00
10126551,4755118,16777473,2026-07-30 14:47:22,2026-07-27 04:05:01,2024-02-25 07:43:00
45511857,4755118,1,2026-07-30 00:05:01,2026-07-30 16:05:01,2024-05-24 02:43:00
454,3258846,1,2026-07-30 01:05:01,2026-07-30 16:05:01,2024-06-04 03:02:10
5123340,3258846,65537,2024-08-31 03:33:00,2026-07-30 16:05:01,2024-02-25 03:34:00
10126551,3258846,16777473,2026-07-30 14:47:22,2026-07-30 05:05:01,2024-02-25 07:43:00
45511857,3258846,1,2026-07-30 00:05:01,2026-07-30 16:05:01,2024-05-24 02:43:00
454,2349488,1,2026-07-30 01:05:01,2026-07-30 16:05:01,2024-06-04 03:02:10
5123340,2349488,65537,2024-08-31 03:33:00,2026-07-30 16:05:01,2024-02-25 03:34:00
10126551,2349488,16777473,2026-07-30 14:47:22,2026-07-30 00:05:01,2024-02-25 07:43:00
45511857,2349488,1,2026-07-30 00:05:01,2026-07-30 16:05:01,2024-05-24 02:43:00
454,4702120,1,2026-07-30 01:05:01,2026-07-30 16:05:01,2024-06-04 03:02:10
5123340,4702120,65537,2024-08-31 03:33:00,2026-07-30 16:05:01,2024-02-25 03:34:00
10126551,4702120,16777473,2026-07-30 14:47:22,2026-07-10 10:05:01,2024-02-25 07:43:00
45511857,4702120,1,2026-07-30 00:05:01,2026-07-30 16:05:01,2024-05-24 02:43:00
454,4762712,1,2026-07-30 01:05:01,2026-07-30 16:05:01,2024-06-04 03:02:10
5123340,4762712,65537,2024-08-31 03:33:00,2026-07-30 16:05:01,2024-02-25 03:34:00
10126551,4762712,16777473,2026-07-30 14:47:22,2026-07-28 04:05:01,2024-02-25 07:43:00
45511857,4762712,1,2026-07-30 00:05:01,2026-07-30 16:05:01,2024-05-24 02:43:00
454,4771913,1,2026-07-30 01:05:01,2026-07-30 16:05:01,2024-06-04 03:02:10
5123340,4771913,65537,2024-08-31 03:33:00,2026-07-30 16:05:01,2024-02-25 03:34:00
10126551,4771913,16777473,2026-07-30 14:47:22,2026-07-30 04:05:01,2024-02-25 07:43:00
45511857,4771913,1,2026-07-30 00:05:01,2026-07-30 16:05:01,2024-05-24 02:43:00
454,4734271,1,2026-07-30 01:05:01,2026-07-30 16:05:01,2024-06-04 03:02:10
5123340,4734271,65537,2024-08-31 03:33:00,2026-07-30 16:05:01,2024-02-25 03:34:00
10126551,4734271,16777473,2026-07-30 14:47:22,2026-07-30 05:05:01,2024-02-25 07:43:00
45511857,4734271,1,2026-07-30 00:05:01,2026-07-30 16:05:01,2024-05-24 02:43:00
454,2802943,1,2026-07-30 01:05:01,2026-07-30 16:05:01,2024-06-04 03:02:10
5123340,2802943,65537,2024-08-31 03:33:00,2026-07-30 16:05:01,2024-02-25 03:34:00
10126551,2802943,16777473,2026-07-30 14:47:22,2026-07-26 05:05:01,2024-02-25 07:43:00
45511857,2802943,1,2026-07-30 00:05:01,2026-07-30 16:05:01,2024-05-24 02:43:00
454,4227474,1,2026-07-30 01:05:01,2026-07-30 16:05:01,2024-06-04 03:02:10
5123340,4227474,65537,2024-08-31 03:33:00,2026-07-30 16:05:01,2024-02-25 03:34:00
10126551,4227474,16777473,2026-07-30 14:47:22,2026-07-28 04:05:01,2024-02-25 07:43:00
45511857,4227474,1,2026-07-30 00:05:01,2026-07-30 16:05:01,2024-05-24 02:43:00
454,4760219,1,2026-07-30 01:05:01,2026-07-30 16:05:01,2024-06-04 03:02:10
5123340,4760219,65537,2024-08-31 03:33:00,2026-07-30 16:05:01,2024-02-25 03:34:00
10126551,4760219,16777473,2026-07-30 14:47:22,2026-07-27 11:07:45,2024-02-25 07:43:00
45511857,4760219,1,2026-07-30 00:05:01,2026-07-30 16:05:01,2024-05-24 02:43:00
454,3147272,1,2026-07-30 01:05:01,2026-07-30 16:05:01,2024-06-04 20:46:23
5123340,3147272,65537,2024-08-31 03:33:00,2026-07-30 16:05:01,2024-02-25 03:35:00
10126551,3147272,16777473,2026-07-30 14:47:22,2026-07-28 04:05:01,2024-02-25 07:43:00
45511857,3147272,1,2026-07-30 00:05:01,2026-07-30 16:05:01,2024-11-04 16:22:57
454,1602201,1,2026-07-30 01:05:01,2026-07-30 16:05:01,2024-06-04 20:46:23
5123340,1602201,65537,2024-08-31 03:33:00,2026-07-30 16:05:01,2024-02-25 03:35:00
10126551,1602201,16777473,2026-07-30 14:47:22,2026-07-30 05:05:01,2024-02-25 07:43:00
45511857,1602201,1,2026-07-30 00:05:01,2026-07-30 16:05:01,2024-11-04 16:22:57
454,4833184,1,2026-07-30 01:05:01,2026-07-30 16:05:01,2024-06-04 03:02:10
5123340,4833184,65537,2024-08-31 03:33:00,2026-07-30 16:05:01,2024-02-25 03:34:00
10126551,4833184,16777473,2026-07-30 14:47:22,2026-07-27 03:05:01,2024-02-25 07:43:00
45511857,4833184,1,2026-07-30 00:05:01,2026-07-30 16:05:01,2024-05-24 02:43:00
454,1742736,1,2026-07-30 01:05:01,2026-07-30 16:05:01,2024-06-04 03:02:10
5123340,1742736,65537,2024-08-31 03:33:00,2026-07-30 16:05:01,2024-02-25 03:34:00
10126551,1742736,16777473,2026-07-30 14:47:22,2026-07-28 04:05:01,2024-02-25 07:43:00
45511857,1742736,1,2026-07-30 00:05:01,2026-07-30 16:05:01,2024-05-24 02:43:00
454,4111548,1,2026-07-30 01:05:01,2026-07-30 16:05:01,2024-06-04 03:02:10
5123340,4111548,65537,2024-08-31 03:33:00,2026-07-30 16:05:01,2024-02-25 03:34:00
10126551,4111548,16777473,2026-07-30 14:47:22,2026-07-30 05:05:01,2024-02-25 07:43:00
45511857,4111548,1,2026-07-30 00:05:01,2026-07-30 16:05:01,2024-05-24 02:43:00
454,4497017,1,2026-07-30 01:05:01,2026-07-30 16:05:01,2024-06-04 03:02:10
5123340,4497017,65537,2024-08-31 03:33:00,2026-07-30 16:05:01,2024-02-25 03:34:00
10126551,4497017,16777473,2026-07-30 14:47:22,2026-07-28 04:05:01,2024-02-25 07:43:00
45511857,4497017,1,2026-07-30 00:05:01,2026-07-30 16:05:01,2024-05-24 02:43:00
454,1382444,1,2026-07-30 01:05:01,2026-07-30 16:05:01,2024-06-04 03:02:10
5123340,1382444,65537,2024-08-31 03:33:00,2026-07-30 16:05:01,2024-02-25 03:34:00
10126551,1382444,16777473,2026-07-30 14:47:22,2026-07-10 10:05:01,2024-02-25 07:43:00
45511857,1382444,1,2026-07-30 00:05:01,2026-07-30 16:05:01,2024-05-24 02:43:00
454,4868670,1,2026-07-30 01:05:01,2026-07-30 16:05:01,2024-06-04 03:02:10
5123340,4868670,65537,2024-08-31 03:33:00,2026-07-30 16:05:01,2024-02-25 03:34:00
10126551,4868670,16777473,2026-07-30 14:47:22,2026-07-28 09:05:01,2024-02-25 07:43:00
45511857,4868670,1,2026-07-30 00:05:01,2026-07-30 16:05:01,2024-05-24 02:43:00
454,4057046,1,2026-07-30 01:05:01,2026-07-30 16:05:01,2024-06-04 03:02:10
5123340,4057046,65537,2024-08-31 03:33:00,2026-07-30 16:05:01,2024-02-25 03:34:00
10126551,4057046,16777473,2026-07-30 14:47:22,2026-07-30 05:05:01,2024-02-25 07:43:00
45511857,4057046,1,2026-07-30 00:05:01,2026-07-30 16:05:01,2024-05-24 02:43:00
454,4872220,1,2026-07-30 01:05:01,2026-07-30 16:05:01,2024-06-04 03:02:10
5123340,4872220,65537,2024-08-31 03:33:00,2026-07-30 16:05:01,2024-02-25 03:34:00
10126551,4872220,16777473,2026-07-30 14:47:22,2026-07-16 18:06:00,2024-02-25 07:43:00
45511857,4872220,1,2026-07-30 00:05:01,2026-07-30 16:05:01,2024-05-24 02:43:00
454,3255689,1,2026-07-30 01:05:01,2026-07-30 16:05:01,2024-06-04 03:02:10
5123340,3255689,65537,2024-08-31 03:33:00,2026-07-30 16:05:01,2024-02-25 03:34:00
10126551,3255689,16777473,2026-07-30 14:47:22,2026-07-28 04:05:01,2024-02-25 07:43:00
45511857,3255689,1,2026-07-30 00:05:01,2026-07-30 16:05:01,2024-05-24 02:43:00
454,4388787,1,2026-07-30 01:05:01,2026-07-30 16:05:01,2024-06-04 03:02:10
5123340,4388787,65537,2024-08-31 03:33:00,2026-07-30 16:05:01,2024-02-25 03:34:00
10126551,4388787,16777473,2026-07-30 14:47:22,2026-07-28 04:05:01,2024-02-25 07:43:00
45511857,4388787,1,2026-07-30 00:05:01,2026-07-30 16:05:01,2024-05-24 02:43:00
454,2250862,1,2026-07-30 01:05:01,2026-07-30 16:05:01,2024-06-04 03:02:10
5123340,2250862,65537,2024-08-31 03:33:00,2026-07-30 16:05:01,2024-02-25 03:34:00
10126551,2250862,16777473,2026-07-30 14:47:22,2026-07-30 05:05:01,2024-02-25 07:43:00
45511857,2250862,1,2026-07-30 00:05:01,2026-07-30 16:05:01,2024-05-24 02:43:00
454,4911983,1,2026-07-30 01:05:01,2026-07-30 16:05:01,2024-06-04 03:02:10
5123340,4911983,65537,2024-08-31 03:33:00,2026-07-30 16:05:01,2024-02-25 03:34:00
10126551,4911983,16777473,2026-07-30 14:47:22,2026-07-28 04:05:01,2024-02-25 07:43:00
45511857,4911983,1,2026-07-30 00:05:01,2026-07-30 16:05:01,2024-05-24 02:43:00
454,4933283,1,2026-07-30 01:05:01,2026-07-30 16:05:01,2024-06-04 03:02:10
5123340,4933283,65537,2024-08-31 03:33:00,2026-07-30 16:05:01,2024-02-25 03:34:00
10126551,4933283,16777473,2026-07-30 14:47:22,2026-07-10 10:05:01,2024-02-25 07:43:00
45511857,4933283,1,2026-07-30 00:05:01,2026-07-30 16:05:01,2024-05-24 02:43:00
454,4591251,1,2026-07-30 01:05:01,2026-07-30 16:05:01,2024-06-04 03:02:10
5123340,4591251,65537,2024-08-31 03:33:00,2026-07-30 16:05:01,2024-02-25 03:34:00
10126551,4591251,16777473,2026-07-30 14:47:22,2026-07-30 05:05:01,2024-02-25 07:43:00
45511857,4591251,1,2026-07-30 00:05:01,2026-07-30 16:05:01,2024-05-24 02:43:00
454,3461951,1,2026-07-30 01:05:01,2026-07-30 16:05:01,2024-06-04 03:02:10
5123340,3461951,65537,2024-08-31 03:33:00,2026-07-30 16:05:01,2024-02-25 03:34:00
10126551,3461951,16777473,2026-07-30 14:47:22,2026-07-30 05:05:01,2024-02-25 07:43:00
45511857,3461951,1,2026-07-30 00:05:01,2026-07-30 16:05:01,2024-05-24 02:43:00
454,4935961,1,2026-07-30 01:05:01,2026-07-30 16:05:01,2024-06-04 03:02:10
5123340,4935961,65537,2024-08-31 03:33:00,2026-07-30 16:05:01,2024-02-25 03:34:00
10126551,4935961,16777473,2026-07-30 14:47:22,2026-07-30 05:05:01,2024-02-25 07:43:00
45511857,4935961,1,2026-07-30 00:05:01,2026-07-30 16:05:01,2024-05-24 02:43:00
454,4973775,1,2026-07-30 01:05:01,2026-07-30 16:05:01,2024-06-05 23:36:02
5123340,4973775,65537,2024-08-31 03:33:00,2026-07-30 16:05:01,2024-02-25 03:34:00
10126551,4973775,16777473,2026-07-30 14:47:22,2026-07-27 03:05:01,2024-02-25 07:43:00
45511857,4973775,1,2026-07-30 00:05:01,2026-07-30 16:05:01,2024-05-24 02:43:00
454,3684428,1,2026-07-30 01:05:01,2026-07-30 16:05:01,2024-06-04 03:02:10
5123340,3684428,65537,2024-08-31 03:33:00,2026-07-30 16:05:01,2024-02-25 03:34:00
10126551,3684428,16777473,2026-07-30 14:47:22,2026-07-28 00:05:01,2024-02-25 07:43:00
45511857,3684428,1,2026-07-30 00:05:01,2026-07-30 16:05:01,2024-05-24 02:43:00
454,4061456,1,2026-07-30 01:05:01,2026-07-30 16:05:01,2024-06-04 03:02:10
5123340,4061456,65537,2024-08-31 03:33:00,2026-07-30 16:05:01,2024-02-25 03:34:00
10126551,4061456,16777473,2026-07-30 14:47:22,2026-07-28 00:05:01,2024-02-25 07:43:00
45511857,4061456,1,2026-07-30 00:05:01,2026-07-30 16:05:01,2024-05-24 02:43:00
454,3646196,1,2026-07-30 01:05:01,2026-07-30 16:05:01,2024-06-04 03:02:10
5123340,3646196,65537,2024-08-31 03:33:00,2026-07-30 16:05:01,2024-02-25 03:34:00
10126551,3646196,16777473,2026-07-30 14:47:22,2026-07-28 04:05:01,2024-02-25 07:43:00
45511857,3646196,1,2026-07-30 00:05:01,2026-07-30 16:05:01,2024-05-24 02:43:00
454,3759467,1,2026-07-30 01:05:01,2026-07-30 16:05:01,2024-06-04 03:02:10
5123340,3759467,65537,2024-08-31 03:33:00,2026-07-30 16:05:01,2024-02-25 03:34:00
10126551,3759467,16777473,2026-07-30 14:47:22,2026-07-21 15:13:49,2024-02-25 07:43:00
45511857,3759467,1,2026-07-30 00:05:01,2026-07-30 16:05:01,2024-05-24 02:43:00
454,4971342,1,2026-07-30 01:05:01,2026-07-30 16:05:01,2024-06-04 03:02:10
5123340,4971342,65537,2024-08-31 03:33:00,2026-07-30 16:05:01,2024-02-25 03:34:00
10126551,4971342,16777473,2026-07-30 14:47:22,2026-07-30 05:05:01,2024-02-25 07:43:00
45511857,4971342,1,2026-07-30 00:05:01,2026-07-30 16:05:01,2024-05-24 02:43:00
454,4836826,1,2026-07-30 01:05:01,2026-07-30 16:05:01,2024-06-04 03:02:10
5123340,4836826,65537,2024-08-31 03:33:00,2026-07-30 16:05:01,2024-02-25 03:34:00
10126551,4836826,16777473,2026-07-30 14:47:22,2026-07-27 02:05:01,2024-02-25 07:43:00
45511857,4836826,1,2026-07-30 00:05:01,2026-07-30 16:05:01,2024-05-24 02:43:00
454,277067,1,2026-07-30 01:05:01,2026-07-30 16:05:01,2024-06-04 03:02:10
5123340,277067,65537,2024-08-31 03:33:00,2026-07-30 16:05:01,2024-02-25 03:34:00
10126551,277067,16777473,2026-07-30 14:47:22,2026-07-30 00:05:01,2024-02-25 07:43:00
45511857,277067,1,2026-07-30 00:05:01,2026-07-30 16:05:01,2024-05-24 02:43:00
454,3258697,1,2026-07-30 01:05:01,2026-07-30 16:05:01,2024-06-04 03:02:10
5123340,3258697,65537,2024-08-31 03:33:00,2026-07-30 16:05:01,2024-02-25 03:34:00
10126551,3258697,16777473,2026-07-30 14:47:22,2026-07-28 00:05:01,2024-02-25 07:43:00
45511857,3258697,1,2026-07-30 00:05:01,2026-07-30 16:05:01,2024-05-24 02:43:00
454,4999045,1,2026-07-30 01:05:01,2026-07-30 16:05:01,2024-06-04 03:02:10
5123340,4999045,65537,2024-08-31 03:33:00,2026-07-30 16:05:01,2024-02-25 03:34:00
10126551,4999045,16777473,2026-07-30 14:47:22,2026-07-28 00:05:01,2024-02-25 07:43:00
45511857,4999045,1,2026-07-30 00:05:01,2026-07-30 16:05:01,2024-05-24 02:43:00
454,3314629,1,2026-07-30 01:05:01,2026-07-30 16:05:01,2024-06-04 03:02:10
5123340,3314629,65537,2024-08-31 03:33:00,2026-07-30 16:05:01,2024-02-25 03:34:00
10126551,3314629,16777473,2026-07-30 14:47:22,2026-07-28 00:05:01,2024-02-25 07:43:00
45511857,3314629,1,2026-07-30 00:05:01,2026-07-30 16:05:01,2024-05-24 02:43:00
454,5002718,1,2026-07-30 01:05:01,2026-07-30 16:05:01,2024-06-04 03:02:10
5123340,5002718,65537,2024-08-31 03:33:00,2026-07-30 16:05:01,2024-02-25 03:34:00
10126551,5002718,16777473,2026-07-30 14:47:22,2026-07-28 04:05:01,2024-02-25 07:43:00
45511857,5002718,1,2026-07-30 00:05:01,2026-07-30 16:05:01,2024-05-24 02:43:00
454,3002410,1,2026-07-30 01:05:01,2026-07-30 16:05:01,2024-06-04 03:02:10
5123340,3002410,65537,2024-08-31 03:33:00,2026-07-30 16:05:01,2024-02-25 03:34:00
10126551,3002410,16777473,2026-07-30 14:47:22,2026-07-30 05:05:01,2024-02-25 07:43:00
45511857,3002410,1,2026-07-30 00:05:01,2026-07-30 16:05:01,2024-05-24 02:43:00
454,4541232,1,2026-07-30 01:05:01,2026-07-30 16:05:01,2024-06-04 03:02:10
5123340,4541232,65537,2024-08-31 03:33:00,2026-07-30 16:05:01,2024-02-25 03:34:00
10126551,4541232,16777473,2026-07-30 14:47:22,2026-07-28 04:05:01,2024-02-25 07:43:00
45511857,4541232,1,2026-07-30 00:05:01,2026-07-30 16:05:01,2024-05-24 02:43:00
454,2317229,1,2026-07-30 01:05:01,2026-07-30 16:05:01,2024-06-04 03:02:10
5123340,2317229,65537,2024-08-31 03:33:00,2026-07-30 16:05:01,2024-02-25 03:34:00
10126551,2317229,16777473,2026-07-30 14:47:22,2026-07-30 04:05:01,2024-02-25 07:43:00
45511857,2317229,1,2026-07-30 00:05:01,2026-07-30 16:05:01,2024-05-24 02:43:00
454,4935728,1,2026-07-30 01:05:01,2026-07-30 16:05:01,2024-06-04 03:02:10
5123340,4935728,65537,2024-08-31 03:33:00,2026-07-30 16:05:01,2024-02-25 03:34:00
10126551,4935728,16777473,2026-07-30 14:47:22,2026-07-28 23:05:01,2024-02-25 07:43:00
45511857,4935728,1,2026-07-30 00:05:01,2026-07-30 16:05:01,2024-05-24 02:43:00
454,5035979,1,2026-07-30 01:05:01,2026-07-30 16:05:01,2024-06-04 03:02:10
5123340,5035979,65537,2024-08-31 03:33:00,2026-07-30 16:05:01,2024-02-25 03:34:00
10126551,5035979,16777473,2026-07-30 14:47:22,2026-07-30 05:05:01,2024-02-25 07:43:00
45511857,5035979,1,2026-07-30 00:05:01,2026-07-30 16:05:01,2024-05-24 02:43:00
454,1327379,1,2026-07-30 01:05:01,2026-07-30 16:05:01,2024-06-04 03:02:10
5123340,1327379,65537,2024-08-31 03:33:00,2026-07-30 16:05:01,2024-02-25 03:34:00
10126551,1327379,16777473,2026-07-30 14:47:22,2026-07-28 23:05:01,2024-02-25 07:43:00
45511857,5066375,1,2026-07-30 00:05:01,2026-07-30 16:05:01,2024-05-24 02:43:00
454,3791611,1,2026-07-30 01:05:01,2026-07-30 16:05:01,2024-06-04 03:02:10
5123340,3791611,65537,2024-08-31 03:33:00,2026-07-30 16:05:01,2024-02-25 03:34:00
10126551,3791611,16777473,2026-07-30 14:47:22,2026-07-30 05:05:01,2024-02-25 07:43:00
45511857,3791611,1,2026-07-30 00:05:01,2026-07-30 16:05:01,2024-05-24 02:43:00
454,5075990,1,2026-07-30 01:05:01,2026-07-30 16:05:01,2024-06-04 03:02:10
5123340,5075990,65537,2024-08-31 03:33:00,2026-07-30 16:05:01,2024-02-25 03:34:00
10126551,5075990,16777473,2026-07-30 14:47:22,2026-07-30 00:05:01,2024-02-25 07:43:00
45511857,5075990,1,2026-07-30 00:05:01,2026-07-30 16:05:01,2024-05-24 02:43:00
454,3932324,1,2026-07-30 01:05:01,2026-07-30 16:05:01,2024-06-04 03:02:10
5123340,3932324,65537,2024-08-31 03:33:00,2026-07-30 16:05:01,2024-02-25 03:34:00
10126551,3932324,16777473,2026-07-30 14:47:22,2026-07-30 00:05:01,2024-02-25 07:43:00
45511857,3932324,1,2026-07-30 00:05:01,2026-07-30 16:05:01,2024-05-24 02:43:00
454,5120601,1,2026-07-30 01:05:01,2026-07-30 16:05:01,2024-06-04 03:02:10
5123340,5120601,65537,2024-08-31 03:33:00,2026-07-30 16:05:01,2024-02-25 03:34:00
10126551,5120601,16777473,2026-07-30 14:47:22,2026-07-28 00:05:01,2024-02-25 07:43:00
45511857,5120601,1,2026-07-30 00:05:01,2026-07-30 16:05:01,2024-05-24 02:43:00
454,1764649,1,2026-07-30 01:05:01,2026-07-30 16:05:01,2024-06-04 03:02:10
5123340,1764649,65537,2024-08-31 03:33:00,2026-07-30 16:05:01,2024-02-25 03:34:00
10126551,1764649,16777473,2026-07-30 14:47:22,2026-07-28 10:05:01,2024-02-25 07:43:00
45511857,1764649,1,2026-07-30 00:05:01,2026-07-30 16:05:01,2024-05-24 02:43:00
454,5125911,1,2026-07-30 01:05:01,2026-07-30 16:05:01,2024-06-04 03:02:10
5123340,5125911,65537,2024-08-31 03:33:00,2026-07-30 16:05:01,2024-02-25 03:34:00
10126551,5125911,16777473,2026-07-30 14:47:22,2026-07-28 04:05:01,2024-02-25 07:43:00
45511857,5125911,1,2026-07-30 00:05:01,2026-07-30 16:05:01,2024-05-24 02:43:00
454,5134683,1,2026-07-30 01:05:01,2026-07-30 16:05:01,2024-06-04 03:02:10
5123340,5134683,65537,2024-08-31 03:33:00,2026-07-30 16:05:01,2024-02-25 03:34:00
10126551,5134683,16777473,2026-07-30 14:47:22,2026-07-30 05:05:01,2024-02-25 07:43:00
45511857,5134683,1,2026-07-30 00:05:01,2026-07-30 16:05:01,2024-05-24 02:43:00
454,5134984,1,2026-07-30 01:05:01,2026-07-30 16:05:01,2024-06-04 03:02:10
5123340,5134984,65537,2024-08-31 03:33:00,2026-07-30 16:05:01,2024-02-25 03:34:00
10126551,5134984,16777473,2026-07-30 14:47:22,2026-07-28 04:05:01,2024-02-25 07:43:00
45511857,5134984,1,2026-07-30 00:05:01,2026-07-30 16:05:01,2024-05-24 02:43:00
454,4464498,1,2026-07-30 01:05:01,2026-07-30 16:05:01,2024-06-04 03:02:10
5123340,4464498,65537,2024-08-31 03:33:00,2026-07-30 16:05:01,2024-02-25 03:34:00
10126551,4464498,16777473,2026-07-30 14:47:22,2026-07-27 03:05:01,2024-02-25 07:43:00
45511857,4464498,1,2026-07-30 00:05:01,2026-07-30 16:05:01,2024-05-24 02:43:00
454,5187277,1,2026-07-30 01:05:01,2026-07-30 16:05:01,2024-06-04 03:02:10
5123340,5187277,65537,2024-08-31 03:33:00,2026-07-30 16:05:01,2024-02-25 03:34:00
10126551,5187277,16777473,2026-07-30 14:47:22,2026-07-30 05:05:01,2024-02-25 07:43:00
45511857,5187277,1,2026-07-30 00:05:01,2026-07-30 16:05:01,2024-05-24 02:43:00
454,5172791,1,2026-07-30 01:05:01,2026-07-30 16:05:01,2024-06-04 03:02:10
5123340,5172791,65537,2024-08-31 03:33:00,2026-07-30 16:05:01,2024-02-25 03:34:00
10126551,5172791,16777473,2026-07-30 14:47:22,2026-07-30 05:05:01,2024-02-25 07:43:00
45511857,5172791,1,2026-07-30 00:05:01,2026-07-30 16:05:01,2024-05-24 02:43:00
454,4566051,1,2026-07-30 01:05:01,2026-07-30 16:05:01,2024-06-04 03:02:10
5123340,4566051,65537,2024-08-31 03:33:00,2026-07-30 16:05:01,2024-02-25 03:34:00
10126551,4566051,16777473,2026-07-30 14:47:22,2026-07-27 02:05:01,2024-02-25 07:43:00
45511857,4566051,1,2026-07-30 00:05:01,2026-07-30 16:05:01,2024-05-24 02:43:00
454,1509565,1,2026-07-30 01:05:01,2026-07-30 16:05:01,2024-06-04 03:02:10
5123340,1509565,65537,2024-08-31 03:33:00,2026-07-30 16:05:01,2024-02-25 03:34:00
10126551,1509565,16777473,2026-07-30 14:47:22,2026-07-26 03:05:01,2024-02-25 07:43:00
45511857,1509565,1,2026-07-30 00:05:01,2026-07-30 16:05:01,2024-05-24 02:43:00
454,5204275,1,2026-07-30 01:05:01,2026-07-30 16:05:01,2024-06-04 03:02:10
5123340,5204275,65537,2024-08-31 03:33:00,2026-07-30 16:05:01,2024-02-25 03:34:00
10126551,5204275,16777473,2026-07-30 14:47:22,2026-07-28 00:05:01,2024-02-25 07:43:00
45511857,5204275,1,2026-07-30 00:05:01,2026-07-30 16:05:01,2024-05-24 02:43:00
454,5206779,1,2026-07-30 01:05:01,2026-07-30 16:05:01,2024-06-04 03:02:10
5123340,5206779,65537,2024-08-31 03:33:00,2026-07-30 16:05:01,2024-02-25 03:34:00
10126551,5206779,16777473,2026-07-30 14:47:22,2026-07-30 05:05:01,2024-02-25 07:43:00
45511857,5206779,1,2026-07-30 00:05:01,2026-07-30 16:05:01,2024-05-24 02:43:00
454,5115506,1,2026-07-30 01:05:01,2026-07-30 16:05:01,2024-06-04 03:02:10
5123340,5115506,65537,2024-08-31 03:33:00,2026-07-30 16:05:01,2024-02-25 03:34:00
10126551,5115506,16777473,2026-07-30 14:47:22,2026-07-27 03:05:01,2024-02-25 07:43:00
45511857,5115506,1,2026-07-30 00:05:01,2026-07-30 16:05:01,2024-05-24 02:43:00
454,5248380,1,2026-07-30 01:05:01,2026-07-30 16:05:01,2024-06-04 03:02:10
5123340,5248380,65537,2024-08-31 03:33:00,2026-07-30 16:05:01,2024-02-25 03:34:00
10126551,5248380,16777473,2026-07-30 14:47:22,2026-07-10 10:05:01,2024-02-25 07:43:00
45511857,5248380,1,2026-07-30 00:05:01,2026-07-30 16:05:01,2024-05-24 02:43:00
454,5261118,1,2026-07-30 01:05:01,2026-07-30 16:05:01,2024-06-04 03:02:10
5123340,5261118,65537,2024-08-31 03:33:00,2026-07-30 16:05:01,2024-02-25 03:34:00
10126551,5261118,16777473,2026-07-30 14:47:22,2026-07-30 05:05:01,2024-02-25 07:43:00
45511857,5261118,1,2026-07-30 00:05:01,2026-07-30 16:05:01,2024-05-24 02:43:00
454,1149747,1,2026-07-30 01:05:01,2026-07-30 16:05:01,2024-06-04 03:02:10
5123340,1149747,65537,2024-08-31 03:33:00,2026-07-30 16:05:01,2024-02-25 03:34:00
10126551,1149747,16777473,2026-07-30 14:47:22,2026-07-30 05:05:01,2024-02-25 07:43:00
45511857,1149747,1,2026-07-30 00:05:01,2026-07-30 16:05:01,2024-05-24 02:43:00
454,792767,1,2026-07-30 01:05:01,2026-07-30 16:05:01,2024-06-04 03:02:10
5123340,792767,65537,2024-08-31 03:33:00,2026-07-30 16:05:01,2024-02-25 03:34:00
10126551,792767,16777473,2026-07-30 14:47:22,2026-07-16 12:24:22,2024-02-25 07:43:00
45511857,792767,1,2026-07-30 00:05:01,2026-07-30 16:05:01,2024-05-24 02:43:00
454,2173371,1,2026-07-30 01:05:01,2026-07-30 16:05:01,2024-06-04 03:02:10
5123340,2173371,65537,2024-08-31 03:33:00,2026-07-30 16:05:01,2024-02-25 03:34:00
10126551,2173371,16777473,2026-07-30 14:47:22,2026-07-30 04:05:01,2024-02-25 07:43:00
45511857,2173371,1,2026-07-30 00:05:01,2026-07-30 16:05:01,2024-05-24 02:43:00
454,4280391,1,2026-07-30 01:05:01,2026-07-30 16:05:01,2024-06-04 03:02:10
5123340,4280391,65537,2024-08-31 03:33:00,2026-07-30 16:05:01,2024-02-25 03:34:00
10126551,4280391,16777473,2026-07-30 14:47:22,2026-07-28 00:05:01,2024-02-25 07:43:00
45511857,4280391,1,2026-07-30 00:05:01,2026-07-30 16:05:01,2024-05-24 02:43:00
454,5281469,1,2026-07-30 01:05:01,2026-07-30 16:05:01,2024-06-04 03:02:10
5123340,5281469,65537,2024-08-31 03:33:00,2026-07-30 16:05:01,2024-02-25 03:34:00
10126551,5281469,16777473,2026-07-30 14:47:22,2026-07-30 05:05:01,2024-02-25 07:43:00
45511857,5281469,1,2026-07-30 00:05:01,2026-07-30 16:05:01,2024-05-24 02:43:00
454,5263624,1,2026-07-30 01:05:01,2026-07-30 16:05:01,2024-06-04 03:02:10
10126551,5263624,16777473,2026-07-30 14:47:22,2026-07-28 23:05:01,2024-02-25 07:43:00
45511857,5263624,1,2026-07-30 00:05:01,2026-07-30 16:05:01,2024-05-24 02:43:00
454,5272933,1,2026-07-30 01:05:01,2026-07-30 16:05:01,2024-06-04 03:02:10
5123340,5272933,65537,2024-08-31 03:33:00,2026-07-30 16:05:01,2024-02-25 03:34:00
10126551,5272933,16777473,2026-07-30 14:47:22,2026-07-30 05:05:01,2024-02-25 07:43:00
45511857,5272933,1,2026-07-30 00:05:01,2026-07-30 16:05:01,2024-05-24 02:43:00
454,3703027,1,2026-07-30 01:05:01,2026-07-30 16:05:01,2024-06-04 03:02:10
5123340,3703027,65537,2024-08-31 03:33:00,2026-07-30 16:05:01,2024-02-25 03:34:00
10126551,3703027,16777473,2026-07-30 14:47:22,2026-07-28 04:05:01,2024-02-25 07:43:00
45511857,3703027,1,2026-07-30 00:05:01,2026-07-30 16:05:01,2024-05-24 02:43:00
454,3703107,1,2026-07-30 01:05:01,2026-07-30 16:05:01,2024-06-04 03:02:10
5123340,3703107,65537,2024-08-31 03:33:00,2026-07-30 16:05:01,2024-02-25 03:34:00
10126551,3703107,16777473,2026-07-30 14:47:22,2026-07-30 00:05:01,2024-02-25 07:43:00
45511857,3703107,1,2026-07-30 00:05:01,2026-07-30 16:05:01,2024-05-24 02:43:00
454,2652146,1,2026-07-30 01:05:01,2026-07-30 16:05:01,2024-06-04 03:02:10
5123340,2652146,65537,2024-08-31 03:33:00,2026-07-30 16:05:01,2024-02-25 03:34:00
10126551,2652146,16777473,2026-07-30 14:47:22,2026-07-28 00:05:01,2024-02-25 07:43:00
45511857,2652146,1,2026-07-30 00:05:01,2026-07-30 16:05:01,2024-05-24 02:43:00
454,4212530,1,2026-07-30 01:05:01,2026-07-30 16:05:01,2024-06-04 03:02:10
5123340,4212530,0,,2026-07-30 16:05:01,2024-05-20 03:33:00
10126551,4212530,16777473,2026-07-30 14:47:22,2026-07-10 10:05:01,2024-02-25 07:43:00
45511857,4212530,1,2026-07-30 00:05:01,2026-07-30 16:05:01,2024-05-24 02:43:00
454,5327642,1,2026-07-30 01:05:01,2026-07-30 16:05:01,2024-06-04 03:02:10
5123340,5327642,65537,2024-08-31 03:33:00,2026-07-30 16:05:01,2024-02-25 03:34:00
10126551,5327642,16777473,2026-07-30 14:47:22,2026-07-30 05:05:01,2024-02-25 07:43:00
45511857,5327642,1,2026-07-30 00:05:01,2026-07-30 16:05:01,2024-05-24 02:43:00
454,5347717,1,2026-07-30 01:05:01,2026-07-30 16:05:01,2024-06-04 03:02:10
5123340,5347717,65537,2024-08-31 03:33:00,2026-07-30 16:05:01,2024-02-25 03:34:00
10126551,5347717,16777473,2026-07-30 14:47:22,2026-07-28 04:05:01,2024-02-25 07:43:00
45511857,5347717,1,2026-07-30 00:05:01,2026-07-30 16:05:01,2024-05-24 02:43:00
454,1025148,1,2026-07-30 01:05:01,2026-07-30 16:05:01,2024-06-04 03:02:10
5123340,1025148,65537,2024-08-31 03:33:00,2026-07-30 16:05:01,2024-02-25 03:34:00
10126551,1025148,16777473,2026-07-30 14:47:22,2026-07-28 00:05:01,2024-02-25 07:43:00
45511857,1025148,1,2026-07-30 00:05:01,2026-07-30 16:05:01,2024-05-24 02:43:00
454,1530358,1,2026-07-30 01:05:01,2026-07-30 16:05:01,2024-06-04 03:02:10
5123340,1530358,65537,2024-08-31 03:33:00,2026-07-30 16:05:01,2024-02-25 03:34:00
10126551,1530358,16777473,2026-07-30 14:47:22,2026-07-30 05:05:01,2024-02-25 07:43:00
45511857,1530358,1,2026-07-30 00:05:01,2026-07-30 16:05:01,2024-05-24 02:43:00
454,5365397,1,2026-07-30 01:05:01,2026-07-30 16:05:01,2024-06-04 03:02:10
5123340,5365397,65537,2024-08-31 03:33:00,2026-07-30 16:05:01,2024-02-25 03:34:00
10126551,5365397,16777473,2026-07-30 14:47:22,2026-07-30 05:05:01,2024-02-25 07:43:00
45511857,5365397,1,2026-07-30 00:05:01,2026-07-30 16:05:01,2024-05-24 02:43:00
454,2183553,1,2026-07-30 01:05:01,2026-07-30 16:05:01,2024-06-04 03:02:10
5123340,2183553,65537,2024-08-31 03:33:00,2026-07-30 16:05:01,2024-02-25 03:34:00
10126551,2183553,16777473,2026-07-30 14:47:22,2026-07-30 05:05:01,2024-02-25 07:43:00
45511857,2183553,1,2026-07-30 00:05:01,2026-07-30 16:05:01,2024-05-24 02:43:00
454,3333574,1,2026-07-30 01:05:01,2026-07-30 16:05:01,2024-06-04 03:02:10
5123340,3333574,65537,2024-08-31 03:33:00,2026-07-30 16:05:01,2024-02-25 03:34:00
10126551,3333574,16777473,2026-07-30 14:47:22,2026-07-27 02:05:01,2024-02-25 07:43:00
45511857,3333574,1,2026-07-30 00:05:01,2026-07-30 16:05:01,2024-05-24 02:43:00
454,4609930,1,2026-07-30 01:05:01,2026-07-30 16:05:01,2024-06-04 03:02:10
5123340,4609930,65537,2024-08-31 03:33:00,2026-07-30 16:05:01,2024-02-25 03:34:00
10126551,4609930,16777473,2026-07-30 14:47:22,2026-07-30 05:05:01,2024-02-25 07:43:00
45511857,4609930,1,2026-07-30 00:05:01,2026-07-30 16:05:01,2024-05-24 02:43:00
454,5407464,1,2026-07-30 01:05:01,2026-07-30 16:05:01,2024-06-04 03:02:10
5123340,5407464,65537,2024-08-31 03:33:00,2026-07-30 16:05:01,2024-02-25 03:34:00
10126551,5407464,16777473,2026-07-30 14:47:22,2026-07-28 03:05:01,2024-02-25 07:43:00
45511857,5407464,1,2026-07-30 00:05:01,2026-07-30 16:05:01,2024-05-24 02:43:00
454,5407579,1,2026-07-30 01:05:01,2026-07-30 16:05:01,2024-06-04 03:02:10
5123340,5407579,65537,2024-08-31 03:33:00,2026-07-30 16:05:01,2024-02-25 03:34:00
10126551,5407579,16777473,2026-07-30 14:47:22,2026-07-27 02:05:01,2024-02-25 07:43:00
45511857,5407579,1,2026-07-30 00:05:01,2026-07-30 16:05:01,2024-05-24 02:43:00
454,5407844,1,2026-07-30 01:05:01,2026-07-30 16:05:01,2024-06-04 03:02:10
5123340,5407844,65537,2024-08-31 03:33:00,2026-07-30 16:05:01,2024-02-25 03:34:00
10126551,5407844,16777473,2026-07-30 14:47:22,2026-07-30 05:05:01,2024-02-25 07:43:00
45511857,5407844,1,2026-07-30 00:05:01,2026-07-30 16:05:01,2024-05-24 02:43:00
454,1088728,1,2026-07-30 01:05:01,2026-07-30 16:05:01,2024-06-04 03:02:10
5123340,1088728,65537,2024-08-31 03:33:00,2026-07-30 16:05:01,2024-02-25 03:34:00
10126551,1088728,16777473,2026-07-30 14:47:22,2026-07-30 05:05:01,2024-02-25 07:43:00
45511857,1088728,1,2026-07-30 00:05:01,2026-07-30 16:05:01,2024-05-24 02:43:00
454,5409306,1,2026-07-30 01:05:01,2026-07-30 16:05:01,2024-06-04 03:02:10
5123340,5409306,65537,2024-08-31 03:33:00,2026-07-30 16:05:01,2024-02-25 03:34:00
10126551,5409306,16777473,2026-07-30 14:47:22,2026-07-28 04:05:01,2024-02-25 07:43:00
45511857,5409306,1,2026-07-30 00:05:01,2026-07-30 16:05:01,2024-05-24 02:43:00
454,3515324,1,2026-07-30 01:05:01,2026-07-30 16:05:01,2024-06-04 03:02:10
5123340,3515324,65537,2024-08-31 03:33:00,2026-07-30 16:05:01,2024-02-25 03:34:00
10126551,3515324,16777473,2026-07-30 14:47:22,2026-07-30 05:05:01,2024-02-25 07:43:00
45511857,3515324,1,2026-07-30 00:05:01,2026-07-30 16:05:01,2024-05-24 02:43:00
454,581760,1,2026-07-30 01:05:01,2026-07-30 16:05:01,2024-06-04 03:02:10
5123340,581760,65537,2024-08-31 03:33:00,2026-07-30 16:05:01,2024-02-25 03:34:00
10126551,581760,16777473,2026-07-30 14:47:22,2026-07-27 04:05:01,2024-02-25 07:43:00
45511857,581760,1,2026-07-30 00:05:01,2026-07-30 16:05:01,2024-05-24 02:43:00
454,491959,1,2026-07-30 01:05:01,2026-07-30 16:05:01,2024-06-04 03:02:10
5123340,491959,65537,2024-08-31 03:33:00,2026-07-30 16:05:01,2024-02-25 03:34:00
10126551,491959,16777473,2026-07-30 14:47:22,2026-07-28 00:05:01,2024-02-25 07:43:00
45511857,491959,1,2026-07-30 00:05:01,2026-07-30 16:05:01,2024-05-24 02:43:00
454,490823,1,2026-07-30 01:05:01,2026-07-30 16:05:01,2024-06-04 03:02:10
5123340,490823,65537,2024-08-31 03:33:00,2026-07-30 16:05:01,2024-02-25 03:34:00
10126551,490823,16777473,2026-07-30 14:47:22,2026-07-27 02:05:01,2024-02-25 07:43:00
45511857,490823,1,2026-07-30 00:05:01,2026-07-30 16:05:01,2024-05-24 02:43:00
454,490750,1,2026-07-30 01:05:01,2026-07-30 16:05:01,2024-06-04 03:02:10
5123340,490750,65537,2024-08-31 03:33:00,2026-07-30 16:05:01,2024-02-25 03:34:00
10126551,490750,16777473,2026-07-30 14:47:22,2026-07-28 00:05:01,2024-02-25 07:43:00
45511857,490750,1,2026-07-30 00:05:01,2026-07-30 16:05:01,2024-05-24 02:43:00
454,1894446,1,2026-07-30 01:05:01,2026-07-30 16:05:01,2024-06-04 03:02:10
5123340,1894446,65537,2024-08-31 03:33:00,2026-07-30 16:05:01,2024-02-25 03:34:00
10126551,1894446,16777473,2026-07-30 14:47:22,2026-07-30 05:05:01,2024-02-25 07:43:00
45511857,1894446,1,2026-07-30 00:05:01,2026-07-30 16:05:01,2024-05-24 02:43:00
454,2220014,1,2026-07-30 01:05:01,2026-07-30 16:05:01,2024-06-04 03:02:10
5123340,2220014,65537,2024-08-31 03:33:00,2026-07-30 16:05:01,2024-02-25 03:34:00
10126551,2220014,16777473,2026-07-30 14:47:22,2026-07-10 10:05:01,2024-02-25 07:43:00
45511857,2220014,1,2026-07-30 00:05:01,2026-07-30 16:05:01,2024-05-24 02:43:00
454,1240831,1,2026-07-30 01:05:01,2026-07-30 16:05:01,2024-06-05 23:36:02
5123340,1240831,65537,2024-08-31 03:33:00,2026-07-30 16:05:01,2024-02-25 03:34:00
10126551,1240831,16777473,2026-07-30 14:47:22,2026-07-30 05:05:01,2024-02-25 07:43:00
45511857,1240831,1,2026-07-30 00:05:01,2026-07-30 16:05:01,2024-05-24 02:43:00
454,508665,1,2026-07-30 01:05:01,2026-07-30 16:05:01,2024-06-04 03:02:10
5123340,508665,65537,2024-08-31 03:33:00,2026-07-30 16:05:01,2024-02-25 03:34:00
10126551,508665,16777473,2026-07-30 14:47:22,2026-07-30 05:05:01,2024-02-25 07:43:00
45511857,508665,1,2026-07-30 00:05:01,2026-07-30 16:05:01,2024-05-24 02:43:00
45511857,1327379,1,2026-07-30 00:05:01,2026-07-30 16:05:01,2024-05-24 02:43:00
454,3646028,1,2026-07-30 01:05:01,2026-07-30 16:05:01,2024-06-04 03:02:10
5123340,3646028,65537,2024-08-31 03:33:00,2026-07-30 16:05:01,2024-02-25 03:34:00
10126551,3646028,16777473,2026-07-30 14:47:22,2026-07-28 04:05:01,2024-02-25 07:43:00
45511857,3646028,1,2026-07-30 00:05:01,2026-07-30 16:05:01,2024-05-24 02:43:00
454,4899833,1,2026-07-30 01:05:01,2026-07-30 16:05:01,2024-06-04 03:02:10
5123340,4899833,65537,2024-08-31 03:33:00,2026-07-30 16:05:01,2024-02-25 03:34:00
10126551,4899833,16777473,2026-07-30 14:47:22,2026-07-28 04:05:01,2024-02-25 07:43:00
45511857,4899833,1,2026-07-30 00:05:01,2026-07-30 16:05:01,2024-05-24 02:43:00
454,4591289,1,2026-07-30 01:05:01,2026-07-30 16:05:01,2024-06-04 03:02:10
5123340,4591289,65537,2024-08-31 03:33:00,2026-07-30 16:05:01,2024-02-25 03:34:00
10126551,4591289,16777473,2026-07-30 14:47:22,2026-07-30 03:05:02,2024-02-25 07:43:00
45511857,4591289,1,2026-07-30 00:05:01,2026-07-30 16:05:01,2024-05-24 02:43:00
454,3608179,1,2026-07-30 01:05:01,2026-07-30 16:05:01,2024-06-04 03:02:10
5123340,3608179,65537,2024-08-31 03:33:00,2026-07-30 16:05:01,2024-02-25 03:34:00
10126551,3608179,16777473,2026-07-30 14:47:22,2026-07-27 02:05:01,2024-02-25 07:43:00
45511857,3608179,1,2026-07-30 00:05:01,2026-07-30 16:05:01,2024-05-24 02:43:00
454,4839574,1,2026-07-30 01:05:01,2026-07-30 16:05:01,2024-06-04 03:02:10
5123340,4839574,65537,2024-08-31 03:33:00,2026-07-30 16:05:01,2024-02-25 03:34:00
10126551,4839574,16777473,2026-07-30 14:47:22,2026-07-27 02:05:01,2024-02-25 07:43:00
45511857,4839574,1,2026-07-30 00:05:01,2026-07-30 16:05:01,2024-05-24 02:43:00
454,5114692,1,2026-07-30 01:05:01,2026-07-30 16:05:01,2024-06-04 03:02:10
5123340,5114692,65537,2024-08-31 03:33:00,2026-07-30 16:05:01,2024-02-25 03:34:00
10126551,5114692,16777473,2026-07-30 14:47:22,2026-07-28 04:05:01,2024-02-25 07:43:00
45511857,5114692,1,2026-07-30 00:05:01,2026-07-30 16:05:01,2024-05-24 02:43:00
454,4004508,1,2026-07-30 01:05:01,2026-07-30 16:05:01,2024-06-04 03:02:10
5123340,4004508,65537,2024-08-31 03:33:00,2026-07-30 16:05:01,2024-02-25 03:34:00
10126551,4004508,16777473,2026-07-30 14:47:22,2026-07-30 05:05:01,2024-02-25 07:43:00
45511857,4004508,1,2026-07-30 00:05:01,2026-07-30 16:05:01,2024-05-24 02:43:00
454,4933598,1,2026-07-30 01:05:01,2026-07-30 16:05:01,2024-06-04 03:02:10
5123340,4933598,65537,2024-08-31 03:33:00,2026-07-30 16:05:01,2024-02-25 03:34:00
10126551,4933598,16777473,2026-07-30 14:47:22,2026-07-28 00:05:01,2024-02-25 07:43:00
45511857,4933598,1,2026-07-30 00:05:01,2026-07-30 16:05:01,2024-05-24 02:43:00
454,1666725,1,2026-07-30 01:05:01,2026-07-30 16:05:01,2024-06-04 03:02:10
5123340,1666725,65537,2024-08-31 03:33:00,2026-07-30 16:05:01,2024-02-25 03:34:00
10126551,1666725,16777473,2026-07-30 14:47:22,2026-07-28 04:05:01,2024-02-25 07:43:00
45511857,1666725,1,2026-07-30 00:05:01,2026-07-30 16:05:01,2024-05-24 02:43:00
454,3698909,1,2026-07-30 01:05:01,2026-07-30 16:05:01,2024-06-04 03:02:10
5123340,3698909,65537,2024-08-31 03:33:00,2026-07-30 16:05:01,2024-02-25 03:34:00
10126551,3698909,16777473,2026-07-30 14:47:22,2026-07-30 05:05:01,2024-02-25 07:43:00
45511857,3698909,1,2026-07-30 00:05:01,2026-07-30 16:05:01,2024-05-24 02:43:00
454,4486299,1,2026-07-30 01:05:01,2026-07-30 16:05:01,2024-06-04 03:02:10
5123340,4486299,65537,2024-08-31 03:33:00,2026-07-30 16:05:01,2024-02-25 03:34:00
10126551,4486299,16777473,2026-07-30 14:47:22,2026-07-28 23:05:01,2024-02-25 07:43:00
45511857,4486299,1,2026-07-30 00:05:01,2026-07-30 16:05:01,2024-05-24 02:43:00
454,5144940,1,2026-07-30 01:05:01,2026-07-30 16:05:01,2024-06-04 03:02:10
5123340,5144940,65537,2024-08-31 03:33:00,2026-07-30 16:05:01,2024-02-25 03:34:00
10126551,5144940,16777473,2026-07-30 14:47:22,2026-07-28 04:05:01,2024-02-25 07:43:00
45511857,5144940,1,2026-07-30 00:05:01,2026-07-30 16:05:01,2024-05-24 02:43:00
454,5144944,1,2026-07-30 01:05:01,2026-07-30 16:05:01,2024-06-04 03:02:10
5123340,5144944,65537,2024-08-31 03:33:00,2026-07-30 16:05:01,2024-02-25 03:34:00
10126551,5144944,16777473,2026-07-30 14:47:22,2026-07-28 05:05:01,2024-02-25 07:43:00
45511857,5144944,1,2026-07-30 00:05:01,2026-07-30 16:05:01,2024-05-24 02:43:00
454,5148654,1,2026-07-30 01:05:01,2026-07-30 16:05:01,2024-06-04 03:02:10
5123340,5148654,65537,2024-08-31 03:33:00,2026-07-30 16:05:01,2024-02-25 03:34:00
10126551,5148654,16777473,2026-07-30 14:47:22,2026-07-30 05:05:01,2024-02-25 07:43:00
45511857,5148654,1,2026-07-30 00:05:01,2026-07-30 16:05:01,2024-05-24 02:43:00
454,5150126,1,2026-07-30 01:05:01,2026-07-30 16:05:01,2024-06-04 03:02:10
5123340,5150126,65537,2024-08-31 03:33:00,2026-07-30 16:05:01,2024-02-25 03:34:00
10126551,5150126,16777473,2026-07-30 14:47:22,2026-07-30 05:05:01,2024-02-25 07:43:00
45511857,5150126,1,2026-07-30 00:05:01,2026-07-30 16:05:01,2024-05-24 02:43:00
454,5144711,1,2026-07-30 01:05:01,2026-07-30 16:05:01,2024-06-04 03:02:10
5123340,5144711,65537,2024-08-31 03:33:00,2026-07-30 16:05:01,2024-02-25 03:34:00
10126551,5144711,16777473,2026-07-30 14:47:22,2026-07-28 04:05:01,2024-02-25 07:43:00
45511857,5144711,1,2026-07-30 00:05:01,2026-07-30 16:05:01,2024-05-24 02:43:00
454,5151160,1,2026-07-30 01:05:01,2026-07-30 16:05:01,2024-06-04 03:02:10
5123340,5151160,65537,2024-08-31 03:33:00,2026-07-30 16:05:01,2024-02-25 03:34:00
10126551,5151160,16777473,2026-07-30 14:47:22,2026-07-30 04:05:01,2024-02-25 07:43:00
45511857,5151160,1,2026-07-30 00:05:01,2026-07-30 16:05:01,2024-05-24 02:43:00
454,4287199,1,2026-07-30 01:05:01,2026-07-30 16:05:01,2024-06-04 03:02:10
5123340,4287199,65537,2024-08-31 03:33:00,2026-07-30 16:05:01,2024-02-25 03:34:00
10126551,4287199,16777473,2026-07-30 14:47:22,2026-07-28 10:05:01,2024-02-25 07:43:00
45511857,4287199,1,2026-07-30 00:05:01,2026-07-30 16:05:01,2024-05-24 02:43:00
454,4865781,1,2026-07-30 01:05:01,2026-07-30 16:05:01,2024-06-04 03:02:10
5123340,4865781,65537,2024-08-31 03:33:00,2026-07-30 16:05:01,2024-02-25 03:34:00
10126551,4865781,16777473,2026-07-30 14:47:22,2026-07-28 00:05:01,2024-02-25 07:43:00
45511857,4865781,1,2026-07-30 00:05:01,2026-07-30 16:05:01,2024-05-24 02:43:00
454,5167854,1,2026-07-30 01:05:01,2026-07-30 16:05:01,2024-06-04 03:02:10
5123340,5167854,65537,2024-08-31 03:33:00,2026-07-30 16:05:01,2024-02-25 03:34:00
10126551,5167854,16777473,2026-07-30 14:47:22,2026-07-30 05:05:01,2024-02-25 07:43:00
45511857,5167854,1,2026-07-30 00:05:01,2026-07-30 16:05:01,2024-05-24 02:43:00
454,3559320,1,2026-07-30 01:05:01,2026-07-30 16:05:01,2024-06-04 03:02:10
5123340,3559320,65537,2024-08-31 03:33:00,2026-07-30 16:05:01,2024-02-25 03:34:00
10126551,3559320,16777473,2026-07-30 14:47:22,2026-07-28 10:05:01,2024-02-25 07:43:00
45511857,3559320,1,2026-07-30 00:05:01,2026-07-30 16:05:01,2024-05-24 02:43:00
454,3353454,1,2026-07-30 01:05:01,2026-07-30 16:05:01,2024-06-04 03:02:10
5123340,3353454,65537,2024-08-31 03:33:00,2026-07-30 16:05:01,2024-02-25 03:34:00
10126551,3353454,16777473,2026-07-30 14:47:22,2026-07-30 05:05:01,2024-02-25 07:43:00
45511857,3353454,1,2026-07-30 00:05:01,2026-07-30 16:05:01,2024-05-24 02:43:00
454,2726708,1,2026-07-30 01:05:01,2026-07-30 16:05:01,2024-06-04 03:02:10
5123340,2726708,65537,2024-08-31 03:33:00,2026-07-30 16:05:01,2024-02-25 03:34:00
10126551,2726708,16777473,2026-07-30 14:47:22,2026-07-28 00:05:01,2024-02-25 07:43:00
45511857,2726708,1,2026-07-30 00:05:01,2026-07-30 16:05:01,2024-05-24 02:43:00
454,5203014,1,2026-07-30 01:05:01,2026-07-30 16:05:01,2024-06-04 03:02:10
5123340,5203014,65537,2024-08-31 03:33:00,2026-07-30 16:05:01,2024-02-25 03:34:00
10126551,5203014,16777473,2026-07-30 14:47:22,2026-07-30 05:05:01,2024-02-25 07:43:00
45511857,5203014,1,2026-07-30 00:05:01,2026-07-30 16:05:01,2024-05-24 02:43:00
454,5225857,1,2026-07-30 01:05:01,2026-07-30 16:05:01,2024-06-04 03:02:10
5123340,5225857,65537,2024-08-31 03:33:00,2026-07-30 16:05:01,2024-02-25 03:34:00
10126551,5225857,16777473,2026-07-30 14:47:22,2026-07-28 04:05:01,2024-02-25 07:43:00
45511857,5225857,1,2026-07-30 00:05:01,2026-07-30 16:05:01,2024-05-24 02:43:00
454,2269013,1,2026-07-30 01:05:01,2026-07-30 16:05:01,2024-06-04 03:02:10
5123340,2269013,65537,2024-08-31 03:33:00,2026-07-30 16:05:01,2024-02-25 03:34:00
10126551,2269013,16777473,2026-07-30 14:47:22,2026-07-30 04:05:01,2024-02-25 07:43:00
45511857,2269013,1,2026-07-30 00:05:01,2026-07-30 16:05:01,2024-05-24 02:43:00
454,4883186,1,2026-07-30 01:05:01,2026-07-30 16:05:01,2024-06-04 03:02:10
5123340,4883186,65537,2024-08-31 03:33:00,2026-07-30 16:05:01,2024-02-25 03:34:00
10126551,4883186,16777473,2026-07-30 14:47:22,2026-07-28 04:05:01,2024-02-25 07:43:00
45511857,4883186,1,2026-07-30 00:05:01,2026-07-30 16:05:01,2024-05-24 02:43:00
454,4410342,1,2026-07-30 01:05:01,2026-07-30 16:05:01,2024-06-04 03:02:10
5123340,4410342,65537,2024-08-31 03:33:00,2026-07-30 16:05:01,2024-02-25 03:34:00
10126551,4410342,16777473,2026-07-30 14:47:22,2026-07-28 03:05:01,2024-02-25 07:43:00
45511857,4410342,1,2026-07-30 00:05:01,2026-07-30 16:05:01,2024-05-24 02:43:00
454,4031426,1,2026-07-30 01:05:01,2026-07-30 16:05:01,2024-06-04 03:02:10
5123340,4031426,65537,2024-08-31 03:33:00,2026-07-30 16:05:01,2024-02-25 03:34:00
10126551,4031426,16777473,2026-07-30 14:47:22,2026-07-30 05:05:01,2024-02-25 07:43:00
45511857,4031426,1,2026-07-30 00:05:01,2026-07-30 16:05:01,2024-05-24 02:43:00
454,4988529,1,2026-07-30 01:05:01,2026-07-30 16:05:01,2024-06-04 03:02:10
5123340,4988529,65537,2024-08-31 03:33:00,2026-07-30 16:05:01,2024-02-25 03:34:00
10126551,4988529,16777473,2026-07-30 14:47:22,2026-07-26 03:05:01,2024-02-25 07:43:00
45511857,4988529,1,2026-07-30 00:05:01,2026-07-30 16:05:01,2024-05-24 02:43:00
454,3982756,1,2026-07-30 01:05:01,2026-07-30 16:05:01,2024-06-04 03:02:10
5123340,3982756,65537,2024-08-31 03:33:00,2026-07-30 16:05:01,2024-02-25 03:34:00
10126551,3982756,16777473,2026-07-30 14:47:22,2026-07-30 05:05:01,2024-02-25 07:43:00
45511857,3982756,1,2026-07-30 00:05:01,2026-07-30 16:05:01,2024-05-24 02:43:00
454,5280775,1,2026-07-30 01:05:01,2026-07-30 16:05:01,2024-06-04 03:02:10
5123340,5280775,65537,2024-08-31 03:33:00,2026-07-30 16:05:01,2024-02-25 03:34:00
10126551,5280775,16777473,2026-07-30 14:47:22,2026-07-30 05:05:01,2024-02-25 07:43:00
45511857,5280775,1,2026-07-30 00:05:01,2026-07-30 16:05:01,2024-05-24 02:43:00
454,5280348,1,2026-07-30 01:05:01,2026-07-30 16:05:01,2024-06-04 03:02:10
5123340,5280348,65537,2024-08-31 03:33:00,2026-07-30 16:05:01,2024-02-25 03:34:00
10126551,5280348,16777473,2026-07-30 14:47:22,2026-07-30 05:05:01,2024-02-25 07:43:00
45511857,5280348,1,2026-07-30 00:05:01,2026-07-30 16:05:01,2024-05-24 02:43:00
454,5144325,1,2026-07-30 01:05:01,2026-07-30 16:05:01,2024-06-04 03:02:10
5123340,5144325,65537,2024-08-31 03:33:00,2026-07-30 16:05:01,2024-02-25 03:34:00
10126551,5144325,16777473,2026-07-30 14:47:22,2026-07-30 05:05:01,2024-02-25 07:43:00
45511857,5144325,1,2026-07-30 00:05:01,2026-07-30 16:05:01,2024-05-24 02:43:00
454,5144308,1,2026-07-30 01:05:01,2026-07-30 16:05:01,2024-06-04 03:02:10
5123340,5144308,65537,2024-08-31 03:33:00,2026-07-30 16:05:01,2024-02-25 03:34:00
10126551,5144308,16777473,2026-07-30 14:47:22,2026-07-30 05:05:01,2024-02-25 07:43:00
45511857,5144308,1,2026-07-30 00:05:01,2026-07-30 16:05:01,2024-05-24 02:43:00
454,5280380,1,2026-07-30 01:05:01,2026-07-30 16:05:01,2024-06-04 03:02:10
5123340,5280380,65537,2024-08-31 03:33:00,2026-07-30 16:05:01,2024-02-25 03:34:00
10126551,5280380,16777473,2026-07-30 14:47:22,2026-07-30 05:05:01,2024-02-25 07:43:00
45511857,5280380,1,2026-07-30 00:05:01,2026-07-30 16:05:01,2024-05-24 02:43:00
454,5305344,1,2026-07-30 01:05:01,2026-07-30 16:05:01,2024-06-04 03:02:10
5123340,5305344,65537,2024-08-31 03:33:00,2026-07-30 16:05:01,2024-02-25 03:34:00
10126551,5305344,16777473,2026-07-30 14:47:22,2026-07-25 02:05:01,2024-02-25 07:43:00
45511857,5305344,1,2026-07-30 00:05:01,2026-07-30 16:05:01,2024-05-24 02:43:00
454,5302990,1,2026-07-30 01:05:01,2026-07-30 16:05:01,2024-06-04 03:02:10
5123340,5302990,65537,2024-08-31 03:33:00,2026-07-30 16:05:01,2024-02-25 03:34:00
10126551,5302990,16777473,2026-07-30 14:47:22,2026-07-30 05:05:01,2024-02-25 07:43:00
45511857,5302990,1,2026-07-30 00:05:01,2026-07-30 16:05:01,2024-05-24 02:43:00
454,5319564,1,2026-07-30 01:05:01,2026-07-30 16:05:01,2024-06-04 03:02:10
5123340,5319564,65537,2024-08-31 03:33:00,2026-07-30 16:05:01,2024-02-25 03:34:00
10126551,5319564,16777473,2026-07-30 14:47:22,2026-07-28 00:05:01,2024-02-25 07:43:00
45511857,5319564,1,2026-07-30 00:05:01,2026-07-30 16:05:01,2024-05-24 02:43:00
454,1203293,1,2026-07-30 01:05:01,2026-07-30 16:05:01,2024-06-04 03:02:10
5123340,1203293,65537,2024-08-31 03:33:00,2026-07-30 16:05:01,2024-02-25 03:34:00
10126551,1203293,16777473,2026-07-30 14:47:22,2026-07-30 05:05:01,2024-02-25 07:43:00
45511857,1203293,1,2026-07-30 00:05:01,2026-07-30 16:05:01,2024-05-24 02:43:00
454,5054177,1,2026-07-30 01:05:01,2026-07-30 16:05:01,2024-06-04 03:02:10
5123340,5054177,0,,2026-07-30 16:05:01,
10126551,5054177,16777473,2026-07-30 14:47:22,2026-07-28 00:05:01,2024-02-25 07:43:00
45511857,5054177,1,2026-07-30 00:05:01,2026-07-30 16:05:01,2024-05-24 02:43:00
454,3869472,1,2026-07-30 01:05:01,2026-07-30 16:05:01,2024-06-04 03:02:10
5123340,3869472,65537,2024-08-31 03:33:00,2026-07-30 16:05:01,2024-02-25 03:34:00
10126551,3869472,16777473,2026-07-30 14:47:22,2026-07-30 05:05:01,2024-02-25 07:43:00
45511857,3869472,1,2026-07-30 00:05:01,2026-07-30 16:05:01,2024-05-24 02:43:00
454,5229445,1,2026-07-30 01:05:01,2026-07-30 16:05:01,2024-06-04 03:02:10
5123340,5229445,65537,2024-08-31 03:33:00,2026-07-30 16:05:01,2024-02-25 03:34:00
10126551,5229445,16777473,2026-07-30 14:47:22,2026-07-10 10:05:01,2024-02-25 07:43:00
45511857,5229445,1,2026-07-30 00:05:01,2026-07-30 16:05:01,2024-05-24 02:43:00
454,5378607,1,2026-07-30 01:05:01,2026-07-30 16:05:01,2024-06-04 03:02:10
5123340,5378607,65537,2024-08-31 03:33:00,2026-07-30 16:05:01,2024-02-25 03:34:00
10126551,5378607,16777473,2026-07-30 14:47:22,2026-07-30 05:05:01,2024-02-25 07:43:00
45511857,5378607,1,2026-07-30 00:05:01,2026-07-30 16:05:01,2024-05-24 02:43:00
454,1081365,1,2026-07-30 01:05:01,2026-07-30 16:05:01,2024-06-04 03:02:10
5123340,1081365,65537,2024-08-31 03:33:00,2026-07-30 16:05:01,2024-02-25 03:34:00
10126551,1081365,16777473,2026-07-30 14:47:22,2026-07-27 03:05:01,2024-02-25 07:43:00
45511857,1081365,1,2026-07-30 00:05:01,2026-07-30 16:05:01,2024-05-24 02:43:00
454,3542132,1,2026-07-30 01:05:01,2026-07-30 16:05:01,2024-06-04 03:02:10
5123340,3542132,65537,2024-08-31 03:33:00,2026-07-30 16:05:01,2024-02-25 03:34:00
10126551,3542132,16777473,2026-07-30 14:47:22,2026-07-28 04:05:01,2024-02-25 07:43:00
45511857,3542132,1,2026-07-30 00:05:01,2026-07-30 16:05:01,2024-05-24 02:43:00
454,3697241,1,2026-07-30 01:05:01,2026-07-30 16:05:01,2024-06-04 03:02:10
5123340,3697241,65537,2024-08-31 03:33:00,2026-07-30 16:05:01,2024-02-25 03:34:00
10126551,3697241,16777473,2026-07-30 14:47:22,2026-07-28 00:05:01,2024-02-25 07:43:00
45511857,3697241,1,2026-07-30 00:05:01,2026-07-30 16:05:01,2024-05-24 02:43:00
454,3555949,1,2026-07-30 01:05:01,2026-07-30 16:05:01,2024-06-04 03:02:10
5123340,3555949,65537,2024-08-31 03:33:00,2026-07-30 16:05:01,2024-02-25 03:34:00
10126551,3555949,16777473,2026-07-30 14:47:22,2026-07-28 00:05:01,2024-02-25 07:43:00
45511857,3555949,1,2026-07-30 00:05:01,2026-07-30 16:05:01,2024-05-24 02:43:00
454,3103282,1,2026-07-30 01:05:01,2026-07-30 16:05:01,2024-06-04 03:02:10
5123340,3103282,65537,2024-08-31 03:33:00,2026-07-30 16:05:01,2024-02-25 03:34:00
10126551,3103282,16777473,2026-07-30 14:47:22,2026-07-28 04:05:01,2024-02-25 07:43:00
45511857,3103282,1,2026-07-30 00:05:01,2026-07-30 16:05:01,2024-05-24 02:43:00
454,807606,1,2026-07-30 01:05:01,2026-07-30 16:05:01,2024-06-04 03:02:10
5123340,807606,65537,2024-08-31 03:33:00,2026-07-30 16:05:01,2024-02-25 03:34:00
10126551,807606,16777473,2026-07-30 14:47:22,2026-07-27 03:05:01,2024-02-25 07:43:00
45511857,807606,1,2026-07-30 00:05:01,2026-07-30 16:05:01,2024-05-24 02:43:00
454,807122,1,2026-07-30 01:05:01,2026-07-30 16:05:01,2024-06-04 03:02:10
5123340,807122,65537,2024-08-31 03:33:00,2026-07-30 16:05:01,2024-02-25 03:34:00
10126551,807122,16777473,2026-07-30 14:47:22,2026-07-28 04:05:01,2024-02-25 07:43:00
45511857,807122,1,2026-07-30 00:05:01,2026-07-30 16:05:01,2024-05-24 02:43:00
454,2465610,1,2026-07-30 01:05:01,2026-07-30 16:05:01,2024-06-04 03:02:10
5123340,2465610,65537,2024-08-31 03:33:00,2026-07-30 16:05:01,2024-02-25 03:34:00
10126551,2465610,16777473,2026-07-30 14:47:22,2026-07-10 11:05:01,2024-02-25 07:43:00
45511857,2465610,1,2026-07-30 00:05:01,2026-07-30 16:05:01,2024-05-24 02:43:00
454,1061065,1,2026-07-30 01:05:01,2026-07-30 16:05:01,2024-06-04 03:02:10
5123340,1061065,65537,2024-08-31 03:33:00,2026-07-30 16:05:01,2024-02-25 03:34:00
10126551,1061065,16777473,2026-07-30 14:47:22,2026-07-30 05:05:01,2024-02-25 07:43:00
45511857,1061065,1,2026-07-30 00:05:01,2026-07-30 16:05:01,2024-05-24 02:43:00
454,710128,1,2026-07-30 01:05:01,2026-07-30 16:05:01,2024-06-04 03:02:10
5123340,710128,65537,2024-08-31 03:33:00,2026-07-30 16:05:01,2024-02-25 03:34:00
10126551,710128,16777473,2026-07-30 14:47:22,2026-07-10 10:05:01,2024-02-25 07:43:00
45511857,710128,1,2026-07-30 00:05:01,2026-07-30 16:05:01,2024-05-24 02:43:00
454,3282110,1,2026-07-30 01:05:01,2026-07-30 16:05:01,2024-06-04 03:02:10
5123340,3282110,65537,2024-08-31 03:33:00,2026-07-30 16:05:01,2024-02-25 03:34:00
10126551,3282110,16777473,2026-07-30 14:47:22,2026-07-30 05:05:01,2024-02-25 07:43:00
45511857,3282110,1,2026-07-30 00:05:01,2026-07-30 16:05:01,2024-05-24 02:43:00
454,4244366,1,2026-07-30 01:05:01,2026-07-30 16:05:01,2024-06-04 03:02:10
5123340,4244366,65537,2024-08-31 03:33:00,2026-07-30 16:05:01,2024-02-25 03:34:00
10126551,4244366,16777473,2026-07-30 14:47:22,2026-07-28 10:05:01,2024-02-25 07:43:00
45511857,4244366,1,2026-07-30 00:05:01,2026-07-30 16:05:01,2024-05-24 02:43:00
454,5425546,1,2026-07-30 01:05:01,2026-07-30 16:05:01,2024-06-04 03:02:10
5123340,5425546,65537,2024-08-31 03:33:00,2026-07-30 16:05:01,2024-02-25 03:34:00
10126551,5425546,16777473,2026-07-30 14:47:22,2026-07-30 05:05:01,2024-02-25 07:43:00
45511857,5425546,1,2026-07-30 00:05:01,2026-07-30 16:05:01,2024-05-24 02:43:00
454,922132,1,2026-07-30 01:05:01,2026-07-30 16:05:01,2024-06-04 03:02:10
5123340,922132,65537,2024-08-31 03:33:00,2026-07-30 16:05:01,2024-02-25 03:34:00
10126551,922132,16777473,2026-07-30 14:47:22,2026-07-28 00:05:01,2024-02-25 07:43:00
45511857,922132,1,2026-07-30 00:05:01,2026-07-30 16:05:01,2024-05-24 02:43:00
454,5428382,1,2026-07-30 01:05:01,2026-07-30 16:05:01,2024-06-04 03:02:10
5123340,5428382,65537,2024-08-31 03:33:00,2026-07-30 16:05:01,2024-02-25 03:34:00
10126551,5428382,16777473,2026-07-30 14:47:22,2026-07-28 10:05:01,2024-02-25 07:43:00
45511857,5428382,1,2026-07-30 00:05:01,2026-07-30 16:05:01,2024-05-24 02:43:00
454,617981,1,2026-07-30 01:05:01,2026-07-30 16:05:01,2024-06-04 03:02:10
5123340,617981,65537,2024-08-31 03:33:00,2026-07-30 16:05:01,2024-02-25 03:34:00
10126551,617981,16777473,2026-07-30 14:47:22,2026-07-30 05:05:01,2024-02-25 07:43:00
45511857,617981,1,2026-07-30 00:05:01,2026-07-30 16:05:01,2024-05-24 02:43:00
454,3624008,1,2026-07-30 01:05:01,2026-07-30 16:05:01,2024-06-04 03:02:10
5123340,3624008,65537,2024-08-31 03:33:00,2026-07-30 16:05:01,2024-02-25 03:34:00
10126551,3624008,16777473,2026-07-30 14:47:22,2026-07-10 11:05:01,2024-02-25 07:43:00
45511857,3624008,1,2026-07-30 00:05:01,2026-07-30 16:05:01,2024-05-24 02:43:00
454,3770796,1,2026-07-30 01:05:01,2026-07-30 16:05:01,2024-06-04 03:02:10
5123340,3770796,65537,2024-08-31 03:33:00,2026-07-30 16:05:01,2024-02-25 03:34:00
10126551,3770796,16777473,2026-07-30 14:47:22,2026-07-10 10:05:01,2024-02-25 07:43:00
45511857,3770796,1,2026-07-30 00:05:01,2026-07-30 16:05:01,2024-05-24 02:43:00
454,805282,1,2026-07-30 01:05:01,2026-07-30 16:05:01,2024-06-04 03:02:10
5123340,805282,65537,2024-08-31 03:33:00,2026-07-30 16:05:01,2024-02-25 03:34:00
10126551,805282,16777473,2026-07-30 14:47:22,2026-07-28 00:05:01,2024-02-25 07:43:00
45511857,805282,1,2026-07-30 00:05:01,2026-07-30 16:05:01,2024-05-24 02:43:00
454,825493,1,2026-07-30 01:05:01,2026-07-30 16:05:01,2024-06-04 03:02:10
5123340,825493,65537,2024-08-31 03:33:00,2026-07-30 16:05:01,2024-02-25 03:34:00
10126551,825493,16777473,2026-07-30 14:47:22,2026-07-28 04:05:01,2024-02-25 07:43:00
45511857,825493,1,2026-07-30 00:05:01,2026-07-30 16:05:01,2024-05-24 02:43:00
454,924981,1,2026-07-30 01:05:01,2026-07-30 16:05:01,2024-06-04 03:02:10
5123340,924981,65537,2024-08-31 03:33:00,2026-07-30 16:05:01,2024-02-25 03:34:00
10126551,924981,16777473,2026-07-30 14:47:22,2026-07-30 04:05:01,2024-02-25 07:43:00
45511857,924981,1,2026-07-30 00:05:01,2026-07-30 16:05:01,2024-05-24 02:43:00
454,1115517,1,2026-07-30 01:05:01,2026-07-30 16:05:01,2024-06-04 03:02:10
5123340,1115517,65537,2024-08-31 03:33:00,2026-07-30 16:05:01,2024-02-25 03:34:00
10126551,1115517,16777473,2026-07-30 14:47:22,2026-07-28 10:05:01,2024-02-25 07:43:00
45511857,1115517,1,2026-07-30 00:05:01,2026-07-30 16:05:01,2024-05-24 02:43:00
454,1099355,1,2026-07-30 01:05:01,2026-07-30 16:05:01,2024-06-04 03:02:10
5123340,1099355,65537,2024-08-31 03:33:00,2026-07-30 16:05:01,2024-02-25 03:34:00
10126551,1099355,16777473,2026-07-30 14:47:22,2026-07-30 05:05:01,2024-02-25 07:43:00
45511857,1099355,1,2026-07-30 00:05:01,2026-07-30 16:05:01,2024-05-24 02:43:00
454,2349476,1,2026-07-30 01:05:01,2026-07-30 16:05:01,2024-06-05 23:36:02
5123340,2349476,65537,2024-08-31 03:33:00,2026-07-30 16:05:01,2024-02-25 03:34:00
10126551,2349476,16777473,2026-07-30 14:47:22,2026-07-30 05:05:01,2024-02-25 07:43:00
45511857,2349476,1,2026-07-30 00:05:01,2026-07-30 16:05:01,2024-05-24 02:43:00
454,5262426,1,2026-07-30 01:05:01,2026-07-30 16:05:01,2024-06-04 03:02:10
5123340,5262426,65537,2024-08-31 03:33:00,2026-07-30 16:05:01,2024-02-25 03:34:00
10126551,5262426,16777473,2026-07-30 14:47:22,2026-07-10 10:05:01,2024-02-25 07:43:00
45511857,5262426,1,2026-07-30 00:05:01,2026-07-30 16:05:01,2024-05-24 02:43:00
454,5465845,1,2026-07-30 01:05:01,2026-07-30 16:05:01,2024-06-04 03:02:10
5123340,5465845,65537,2024-08-31 03:33:00,2026-07-30 16:05:01,2024-02-25 03:34:00
10126551,5465845,16777473,2026-07-30 14:47:22,2026-07-30 05:05:01,2024-02-25 07:43:00
45511857,5465845,1,2026-07-30 00:05:01,2026-07-30 16:05:01,2024-05-24 02:43:00
454,4768907,1,2026-07-30 01:05:01,2026-07-30 16:05:01,2024-06-04 03:02:10
5123340,4768907,65537,2024-08-31 03:33:00,2026-07-30 16:05:01,2024-02-25 03:34:00
10126551,4768907,16777473,2026-07-30 14:47:22,2026-07-28 00:05:01,2024-02-25 07:43:00
45511857,4768907,1,2026-07-30 00:05:01,2026-07-30 16:05:01,2024-05-24 02:43:00
454,5463780,1,2026-07-30 01:05:01,2026-07-30 16:05:01,2024-06-04 03:02:10
5123340,5463780,65537,2024-08-31 03:33:00,2026-07-30 16:05:01,2024-02-25 03:34:00
10126551,5463780,16777473,2026-07-30 14:47:22,2026-07-30 04:05:01,2024-02-25 07:43:00
45511857,5463780,1,2026-07-30 00:05:01,2026-07-30 16:05:01,2024-05-24 02:43:00
454,5467137,1,2026-07-30 01:05:01,2026-07-30 16:05:01,2024-06-04 03:02:10
5123340,5467137,65537,2024-08-31 03:33:00,2026-07-30 16:05:01,2024-02-25 03:34:00
10126551,5467137,16777473,2026-07-30 14:47:22,2026-07-28 03:05:01,2024-02-25 07:43:00
45511857,5467137,1,2026-07-30 00:05:01,2026-07-30 16:05:01,2024-05-24 02:43:00
454,5477283,1,2026-07-30 01:05:01,2026-07-30 16:05:01,2024-06-04 03:02:10
5123340,5477283,65537,2024-08-31 03:33:00,2026-07-30 16:05:01,2024-02-25 03:34:00
10126551,5477283,16777473,2026-07-30 14:47:22,2026-07-30 05:05:01,2024-02-25 07:43:00
45511857,5477283,1,2026-07-30 00:05:01,2026-07-30 16:05:01,2024-05-24 02:43:00
454,5425529,1,2026-07-30 01:05:01,2026-07-30 16:05:01,2024-06-04 03:02:10
5123340,5425529,65537,2024-08-31 03:33:00,2026-07-30 16:05:01,2024-02-25 03:34:00
10126551,5425529,16777473,2026-07-30 14:47:22,2026-07-28 00:05:01,2024-02-25 07:43:00
45511857,5425529,1,2026-07-30 00:05:01,2026-07-30 16:05:01,2024-05-24 02:43:00
454,5477948,1,2026-07-30 01:05:01,2026-07-30 16:05:01,2024-06-04 03:02:10
5123340,5477948,65537,2024-08-31 03:33:00,2026-07-30 16:05:01,2024-02-25 03:34:00
10126551,5477948,16777473,2026-07-30 14:47:22,2026-07-30 05:05:01,2024-02-25 07:43:00
45511857,5477948,1,2026-07-30 00:05:01,2026-07-30 16:05:01,2024-05-24 02:43:00
454,4670031,1,2026-07-30 01:05:01,2026-07-30 16:05:01,2024-06-04 03:02:10
5123340,4670031,65537,2024-08-31 03:33:00,2026-07-30 16:05:01,2024-02-25 03:34:00
10126551,4670031,16777473,2026-07-30 14:47:22,2026-07-11 22:05:02,2024-02-25 07:43:00
45511857,4670031,1,2026-07-30 00:05:01,2026-07-30 16:05:01,2024-05-24 02:43:00
454,5479870,1,2026-07-30 01:05:01,2026-07-30 16:05:01,2024-06-04 03:02:10
5123340,5479870,65537,2024-08-31 03:33:00,2026-07-30 16:05:01,2024-02-25 03:34:00
10126551,5479870,16777473,2026-07-30 14:47:22,2026-07-30 05:05:01,2024-02-25 07:43:00
45511857,5479870,1,2026-07-30 00:05:01,2026-07-30 16:05:01,2024-05-24 02:43:00
454,4719326,1,2026-07-30 01:05:01,2026-07-30 16:05:01,2024-06-04 03:02:10
5123340,4719326,65537,2024-08-31 03:33:00,2026-07-30 16:05:01,2024-02-25 03:34:00
10126551,4719326,16777473,2026-07-30 14:47:22,2026-07-30 05:05:01,2024-02-25 07:43:00
45511857,4719326,1,2026-07-30 00:05:01,2026-07-30 16:05:01,2024-05-24 02:43:00
454,4747389,1,2026-07-30 01:05:01,2026-07-30 16:05:01,2024-06-04 03:02:10
5123340,4747389,65537,2024-08-31 03:33:00,2026-07-30 16:05:01,2024-02-25 03:34:00
10126551,4747389,16777473,2026-07-30 14:47:22,2026-07-30 05:05:01,2024-02-25 07:43:00
45511857,4747389,1,2026-07-30 00:05:01,2026-07-30 16:05:01,2024-05-24 02:43:00
454,5456273,1,2026-07-30 01:05:01,2026-07-30 16:05:01,2024-06-04 03:02:10
5123340,5456273,65537,2024-08-31 03:33:00,2026-07-30 16:05:01,2024-02-25 03:34:00
10126551,5456273,16777473,2026-07-30 14:47:22,2026-07-30 00:05:01,2024-02-25 07:43:00
45511857,5456273,1,2026-07-30 00:05:01,2026-07-30 16:05:01,2024-05-24 02:43:00
454,5431107,1,2026-07-30 01:05:01,2026-07-30 16:05:01,2024-06-04 03:02:10
5123340,5431107,65537,2024-08-31 03:33:00,2026-07-30 16:05:01,2024-02-25 03:34:00
10126551,5431107,16777473,2026-07-30 14:47:22,2026-07-30 05:05:01,2024-02-25 07:43:00
45511857,5431107,1,2026-07-30 00:05:01,2026-07-30 16:05:01,2024-05-24 02:43:00
454,3689584,1,2026-07-30 01:05:01,2026-07-30 16:05:01,2024-06-04 03:02:10
5123340,3689584,65537,2024-08-31 03:33:00,2026-07-30 16:05:01,2024-02-25 03:34:00
10126551,3689584,16777473,2026-07-30 14:47:22,2026-07-28 04:05:01,2024-02-25 07:43:00
45511857,3689584,1,2026-07-30 00:05:01,2026-07-30 16:05:01,2024-05-24 02:43:00
454,1409980,1,2026-07-30 01:05:01,2026-07-30 16:05:01,2024-06-04 03:02:10
5123340,1409980,65537,2024-08-31 03:33:00,2026-07-30 16:05:01,2024-02-25 03:34:00
10126551,1409980,16777473,2026-07-30 14:47:22,2026-07-30 05:05:01,2024-02-25 07:43:00
45511857,1409980,1,2026-07-30 00:05:01,2026-07-30 16:05:01,2024-05-24 02:43:00
454,3396348,1,2026-07-30 01:05:01,2026-07-30 16:05:01,2024-06-04 03:02:10
5123340,3396348,65537,2024-08-31 03:33:00,2026-07-30 16:05:01,2024-02-25 03:34:00
10126551,3396348,16777473,2026-07-30 14:47:22,2026-07-28 03:05:01,2024-02-25 07:43:00
45511857,3396348,1,2026-07-30 00:05:01,2026-07-30 16:05:01,2024-05-24 02:43:00
454,5518711,1,2026-07-30 01:05:01,2026-07-30 16:05:01,2024-06-04 03:02:10
5123340,5518711,65537,2024-08-31 03:33:00,2026-07-30 16:05:01,2024-02-25 03:34:00
10126551,5518711,16777473,2026-07-30 14:47:22,2026-07-30 05:05:01,2024-02-25 07:43:00
45511857,5518711,1,2026-07-30 00:05:01,2026-07-30 16:05:01,2024-05-24 02:43:00
454,5450929,1,2026-07-30 01:05:01,2026-07-30 16:05:01,2024-06-04 03:02:10
5123340,5450929,65537,2024-08-31 03:33:00,2026-07-30 16:05:01,2024-02-25 03:34:00
10126551,5450929,16777473,2026-07-30 14:47:22,2026-07-30 05:05:01,2024-02-25 07:43:00
45511857,5450929,1,2026-07-30 00:05:01,2026-07-30 16:05:01,2024-05-24 02:43:00
454,3890958,1,2026-07-30 01:05:01,2026-07-30 16:05:01,2024-06-04 03:02:10
5123340,3890958,65537,2024-08-31 03:33:00,2026-07-30 16:05:01,2024-02-25 03:34:00
10126551,3890958,16777473,2026-07-30 14:47:22,2026-07-28 04:05:01,2024-02-25 07:43:00
45511857,3890958,1,2026-07-30 00:05:01,2026-07-30 16:05:01,2024-05-24 02:43:00
454,3004134,1,2026-07-30 01:05:01,2026-07-30 16:05:01,2024-06-04 03:02:10
10126551,3004134,16777473,2026-07-30 14:47:22,2026-07-10 11:05:01,2024-02-25 07:43:00
45511857,3004134,1,2026-07-30 00:05:01,2026-07-30 16:05:01,2024-05-24 02:43:00
454,915836,1,2026-07-30 01:05:01,2026-07-30 16:05:01,2024-06-04 03:02:10
5123340,915836,65537,2024-08-31 03:33:00,2026-07-30 16:05:01,2024-02-25 03:34:00
10126551,915836,16777473,2026-07-30 14:47:22,2026-07-30 05:05:01,2024-02-25 07:43:00
45511857,915836,1,2026-07-30 00:05:01,2026-07-30 16:05:01,2024-05-24 02:43:00
454,5304293,1,2026-07-30 01:05:01,2026-07-30 16:05:01,2024-06-04 03:02:10
5123340,5304293,65537,2024-08-31 03:33:00,2026-07-30 16:05:01,2024-02-25 03:34:00
10126551,5304293,16777473,2026-07-30 14:47:22,2026-07-28 10:05:01,2024-02-25 07:43:00
45511857,5304293,1,2026-07-30 00:05:01,2026-07-30 16:05:01,2024-05-24 02:43:00
454,1924860,1,2026-07-30 01:05:01,2026-07-30 16:05:01,2024-06-04 03:02:10
5123340,1924860,65537,2024-08-31 03:33:00,2026-07-30 16:05:01,2024-02-25 03:34:00
10126551,1924860,16777473,2026-07-30 14:47:22,2026-07-30 05:05:01,2024-02-25 07:43:00
45511857,1924860,1,2026-07-30 00:05:01,2026-07-30 16:05:01,2024-05-24 02:43:00
454,3737793,1,2026-07-30 01:05:01,2026-07-30 16:05:01,2024-06-04 03:02:10
5123340,3737793,65537,2024-08-31 03:33:00,2026-07-30 16:05:01,2024-02-25 03:34:00
10126551,3737793,16777473,2026-07-30 14:47:22,2026-07-10 10:05:01,2024-02-25 07:43:00
45511857,3737793,1,2026-07-30 00:05:01,2026-07-30 16:05:01,2024-05-24 02:43:00
454,5597089,1,2026-07-30 01:05:01,2026-07-30 16:05:01,2025-12-11 22:05:01
10126551,5597089,16777473,2026-07-30 14:47:22,2026-07-28 00:05:01,2026-03-14 17:05:01
45511857,5597089,1,2026-07-30 00:05:01,2026-07-30 16:05:01,2024-06-12 02:43:07
454,4647998,1,2026-07-30 01:05:01,2026-07-30 16:05:01,2024-06-04 03:02:10
5123340,4647998,65537,2024-08-31 03:33:00,2026-07-30 16:05:01,2024-02-25 03:34:00
10126551,4647998,16777473,2026-07-30 14:47:22,2026-07-28 04:05:01,2024-02-25 07:43:00
45511857,4647998,1,2026-07-30 00:05:01,2026-07-30 16:05:01,2024-05-24 02:43:00
454,5603803,1,2026-07-30 01:05:01,2026-07-30 16:05:01,2024-06-04 03:02:10
5123340,5603803,65537,2024-08-31 03:33:00,2026-07-30 16:05:01,2024-02-25 03:34:00
10126551,5603803,16777473,2026-07-30 14:47:22,2026-07-28 23:05:01,2024-02-25 07:43:00
45511857,5603803,1,2026-07-30 00:05:01,2026-07-30 16:05:01,2024-05-24 02:43:00
454,4596017,1,2026-07-30 01:05:01,2026-07-30 16:05:01,2024-06-04 03:02:10
5123340,4596017,65537,2024-08-31 03:33:00,2026-07-30 16:05:01,2024-02-25 03:34:00
10126551,4596017,16777473,2026-07-30 14:47:22,2026-07-28 22:05:01,2024-02-25 07:43:00
45511857,4596017,1,2026-07-30 00:05:01,2026-07-30 16:05:01,2024-05-24 02:43:00
454,5607735,1,2026-07-30 01:05:01,2026-07-30 16:05:01,2024-06-04 03:02:10
5123340,5607735,65537,2024-08-31 03:33:00,2026-07-30 16:05:01,2024-02-25 03:34:00
10126551,5607735,16777473,2026-07-30 14:47:22,2026-07-30 04:05:01,2024-02-25 07:43:00
45511857,5607735,1,2026-07-30 00:05:01,2026-07-30 16:05:01,2024-05-24 02:43:00
454,3171231,1,2026-07-30 01:05:01,2026-07-30 16:05:01,2024-06-04 03:02:10
5123340,3171231,65537,2024-08-31 03:33:00,2026-07-30 16:05:01,2024-02-25 03:34:00
10126551,3171231,16777473,2026-07-30 14:47:22,2026-07-30 05:05:01,2024-02-25 07:43:00
45511857,3171231,1,2026-07-30 00:05:01,2026-07-30 16:05:01,2024-05-24 02:43:00
454,960611,1,2026-07-30 01:05:01,2026-07-30 16:05:01,2024-06-04 03:02:10
5123340,960611,65537,2024-08-31 03:33:00,2026-07-30 16:05:01,2024-02-25 03:34:00
10126551,960611,16777473,2026-07-30 14:47:22,2026-07-25 01:05:01,2024-02-25 07:43:00
45511857,960611,1,2026-07-30 00:05:01,2026-07-30 16:05:01,2024-05-24 02:43:00
454,967035,1,2026-07-30 01:05:01,2026-07-30 16:05:01,2024-06-04 03:02:10
5123340,967035,65537,2024-08-31 03:33:00,2026-07-30 16:05:01,2024-02-25 03:34:00
10126551,967035,16777473,2026-07-30 14:47:22,2026-07-25 02:05:01,2024-02-25 07:43:00
45511857,967035,1,2026-07-30 00:05:01,2026-07-30 16:05:01,2024-05-24 02:43:00
454,970258,1,2026-07-30 01:05:01,2026-07-30 16:05:01,2024-06-04 03:02:10
5123340,970258,65537,2024-08-31 03:33:00,2026-07-30 16:05:01,2024-02-25 03:34:00
10126551,970258,16777473,2026-07-30 14:47:22,2026-07-28 04:05:01,2024-02-25 07:43:00
45511857,970258,1,2026-07-30 00:05:01,2026-07-30 16:05:01,2024-05-24 02:43:00
454,987687,1,2026-07-30 01:05:01,2026-07-30 16:05:01,2024-06-04 03:02:10
5123340,987687,65537,2024-08-31 03:33:00,2026-07-30 16:05:01,2024-02-25 03:34:00
10126551,987687,16777473,2026-07-30 14:47:22,2026-07-30 05:05:01,2024-02-25 07:43:00
45511857,987687,1,2026-07-30 00:05:01,2026-07-30 16:05:01,2024-05-24 02:43:00
454,994378,1,2026-07-30 01:05:01,2026-07-30 16:05:01,2024-06-04 03:02:10
5123340,994378,65537,2024-08-31 03:33:00,2026-07-30 16:05:01,2024-02-25 03:34:00
10126551,994378,16777473,2026-07-30 14:47:22,2026-07-28 04:05:01,2024-02-25 07:43:00
45511857,994378,1,2026-07-30 00:05:01,2026-07-30 16:05:01,2024-05-24 02:43:00
454,997478,1,2026-07-30 01:05:01,2026-07-30 16:05:01,2024-06-04 03:02:10
5123340,997478,65537,2024-08-31 03:33:00,2026-07-30 16:05:01,2024-02-25 03:34:00
10126551,997478,16777473,2026-07-30 14:47:22,2026-07-30 05:05:01,2024-02-25 07:43:00
45511857,997478,1,2026-07-30 00:05:01,2026-07-30 16:05:01,2024-05-24 02:43:00
454,1408390,1,2026-07-30 01:05:01,2026-07-30 16:05:01,2024-06-04 03:02:10
5123340,1408390,65537,2024-08-31 03:33:00,2026-07-30 16:05:01,2024-03-30 03:34:00
10126551,1408390,16777473,2026-07-30 14:47:22,2026-07-28 04:05:01,2024-03-08 18:36:00
45511857,1408390,1,2026-07-30 00:05:01,2026-07-30 16:05:01,2024-05-24 02:43:00
454,1480273,1,2026-07-30 01:05:01,2026-07-30 16:05:01,2024-06-04 03:02:10
5123340,1480273,65537,2024-08-31 03:33:00,2026-07-30 16:05:01,2024-02-25 03:34:00
10126551,1480273,16777473,2026-07-30 14:47:22,2026-07-30 04:05:01,2024-02-25 07:43:00
45511857,1480273,1,2026-07-30 00:05:01,2026-07-30 16:05:01,2024-05-24 02:43:00
454,1487818,1,2026-07-30 01:05:01,2026-07-30 16:05:01,2024-06-04 03:02:10
5123340,1487818,65537,2024-08-31 03:33:00,2026-07-30 16:05:01,2024-02-25 03:34:00
10126551,1487818,16777473,2026-07-30 14:47:22,2026-07-10 10:05:01,2024-02-25 07:43:00
45511857,1487818,1,2026-07-30 00:05:01,2026-07-30 16:05:01,2024-05-24 02:43:00
454,1500404,1,2026-07-30 01:05:01,2026-07-30 16:05:01,2024-06-04 03:02:10
5123340,1500404,65537,2024-08-31 03:33:00,2026-07-30 16:05:01,2024-02-25 03:34:00
10126551,1500404,16777473,2026-07-30 14:47:22,2026-07-30 01:05:01,2024-02-25 07:43:00
45511857,1500404,1,2026-07-30 00:05:01,2026-07-30 16:05:01,2024-05-24 02:43:00
454,1508799,1,2026-07-30 01:05:01,2026-07-30 16:05:01,2024-06-04 03:02:10
5123340,1508799,65537,2024-08-31 03:33:00,2026-07-30 16:05:01,2024-02-25 03:34:00
10126551,1508799,16777473,2026-07-30 14:47:22,2026-07-28 04:05:01,2024-02-25 07:43:00
45511857,1508799,1,2026-07-30 00:05:01,2026-07-30 16:05:01,2024-05-24 02:43:00
454,1512294,1,2026-07-30 01:05:01,2026-07-30 16:05:01,2024-06-04 03:02:10
5123340,1512294,65537,2024-08-31 03:33:00,2026-07-30 16:05:01,2024-02-25 03:34:00
10126551,1512294,16777473,2026-07-30 14:47:22,2026-07-30 05:05:01,2024-02-25 07:43:00
45511857,1512294,1,2026-07-30 00:05:01,2026-07-30 16:05:01,2024-05-24 02:43:00
454,1513574,1,2026-07-30 01:05:01,2026-07-30 16:05:01,2025-01-11 04:05:01
5123340,1513574,0,,2026-07-30 16:05:01,
10126551,1513574,16777473,2026-07-30 14:47:22,2026-07-28 04:05:01,2026-03-14 17:05:01
45511857,1513574,1,2026-07-30 00:05:01,2026-07-30 16:05:01,2024-10-18 03:17:31
454,1637910,1,2026-07-30 01:05:01,2026-07-30 16:05:01,2024-06-04 03:02:10
5123340,1637910,65537,2024-08-31 03:33:00,2026-07-30 16:05:01,2024-02-25 03:34:00
10126551,1637910,16777473,2026-07-30 14:47:22,2026-07-28 05:05:01,2024-02-25 07:43:00
45511857,1637910,1,2026-07-30 00:05:01,2026-07-30 16:05:01,2024-05-24 02:43:00
454,1659433,1,2026-07-30 01:05:01,2026-07-30 16:05:01,2024-06-04 03:02:10
5123340,1659433,65537,2024-08-31 03:33:00,2026-07-30 16:05:01,2024-02-25 03:34:00
10126551,1659433,16777473,2026-07-30 14:47:22,2026-07-30 00:05:01,2024-02-25 07:43:00
45511857,1659433,1,2026-07-30 00:05:01,2026-07-30 16:05:01,2024-05-24 02:43:00
454,1664571,1,2026-07-30 01:05:01,2026-07-30 16:05:01,2024-06-04 03:02:10
5123340,1664571,65537,2024-08-31 03:33:00,2026-07-30 16:05:01,2024-02-25 03:34:00
10126551,1664571,16777473,2026-07-30 14:47:22,2026-07-30 00:05:01,2024-02-25 07:43:00
45511857,1664571,1,2026-07-30 00:05:01,2026-07-30 16:05:01,2024-05-24 02:43:00
454,1699779,1,2026-07-30 01:05:01,2026-07-30 16:05:01,2024-06-04 03:02:10
454,785669,1,2026-07-30 01:05:01,2026-07-30 16:05:01,2024-06-04 03:02:10
5123340,785669,65537,2024-08-31 03:33:00,2026-07-30 16:05:01,2024-02-25 03:34:00
10126551,785669,16777473,2026-07-30 14:47:22,2026-07-28 04:05:01,2024-02-25 07:43:00
45511857,785669,1,2026-07-30 00:05:01,2026-07-30 16:05:01,2024-05-24 02:43:00
454,2034633,1,2026-07-30 01:05:01,2026-07-30 16:05:01,2024-06-04 03:02:10
5123340,2034633,65537,2024-08-31 03:33:00,2026-07-30 16:05:01,2024-02-25 03:34:00
10126551,2034633,16777473,2026-07-30 14:47:22,2026-07-28 00:05:01,2024-02-25 07:43:00
45511857,2034633,1,2026-07-30 00:05:01,2026-07-30 16:05:01,2024-05-24 02:43:00
454,2526770,1,2026-07-30 01:05:01,2026-07-30 16:05:01,2024-06-04 03:02:10
5123340,2526770,65537,2024-08-31 03:33:00,2026-07-30 16:05:01,2024-02-25 03:34:00
10126551,2526770,16777473,2026-07-30 14:47:22,2026-07-28 02:05:01,2024-02-25 07:43:00
45511857,2526770,1,2026-07-30 00:05:01,2026-07-30 16:05:01,2024-05-24 02:43:00
454,1450460,1,2026-07-30 01:05:01,2026-07-30 16:05:01,2024-06-04 03:02:10
5123340,1450460,65537,2024-08-31 03:33:00,2026-07-30 16:05:01,2024-02-25 03:34:00
10126551,1450460,16777473,2026-07-30 14:47:22,2026-07-30 05:05:01,2024-02-25 07:43:00
45511857,1450460,1,2026-07-30 00:05:01,2026-07-30 16:05:01,2024-05-24 02:43:00
454,776215,1,2026-07-30 01:05:01,2026-07-30 16:05:01,2024-06-04 03:02:10
5123340,776215,65537,2024-08-31 03:33:00,2026-07-30 16:05:01,2024-02-25 03:34:00
10126551,776215,16777473,2026-07-30 14:47:22,2026-07-10 10:05:01,2024-02-25 07:43:00
45511857,776215,1,2026-07-30 00:05:01,2026-07-30 16:05:01,2024-05-24 02:43:00
454,5460269,1,2026-07-30 01:05:01,2026-07-30 16:05:01,2024-06-04 03:02:10
5123340,5460269,65537,2024-08-31 03:33:00,2026-07-30 16:05:01,2024-02-25 03:34:00
10126551,5460269,16777473,2026-07-30 14:47:22,2026-07-30 05:05:01,2024-02-25 07:43:00
45511857,5460269,1,2026-07-30 00:05:01,2026-07-30 16:05:01,2024-05-24 02:43:00
454,2267579,1,2026-07-30 01:05:01,2026-07-30 16:05:01,2024-06-04 03:02:10
5123340,2267579,65537,2024-08-31 03:33:00,2026-07-30 16:05:01,2024-02-25 03:34:00
10126551,2267579,16777473,2026-07-30 14:47:22,2026-07-30 05:05:01,2024-02-25 07:43:00
45511857,2267579,1,2026-07-30 00:05:01,2026-07-30 16:05:01,2024-05-24 02:43:00
454,5462244,1,2026-07-30 01:05:01,2026-07-30 16:05:01,2024-06-04 03:02:10
5123340,5462244,65537,2024-08-31 03:33:00,2026-07-30 16:05:01,2024-02-25 03:34:00
10126551,5462244,16777473,2026-07-30 14:47:22,2026-07-30 04:05:01,2024-02-25 07:43:00
45511857,5462244,1,2026-07-30 00:05:01,2026-07-30 16:05:01,2024-05-24 02:43:00
454,2126539,1,2026-07-30 01:05:01,2026-07-30 16:05:01,2024-06-04 03:02:10
5123340,2126539,65537,2024-08-31 03:33:00,2026-07-30 16:05:01,2024-02-25 03:34:00
10126551,2126539,16777473,2026-07-30 14:47:22,2026-07-28 00:05:01,2024-02-25 07:43:00
45511857,2126539,1,2026-07-30 00:05:01,2026-07-30 16:05:01,2024-05-24 02:43:00
454,4947077,1,2026-07-30 01:05:01,2026-07-30 16:05:01,2024-06-04 03:02:10
5123340,4947077,65537,2024-08-31 03:33:00,2026-07-30 16:05:01,2024-02-25 03:34:00
10126551,4947077,16777473,2026-07-30 14:47:22,2026-07-10 11:05:01,2024-02-25 07:43:00
45511857,4947077,1,2026-07-30 00:05:01,2026-07-30 16:05:01,2024-05-24 02:43:00
454,5463749,1,2026-07-30 01:05:01,2026-07-30 16:05:01,2024-06-04 03:02:10
5123340,5463749,65537,2024-08-31 03:33:00,2026-07-30 16:05:01,2024-02-25 03:34:00
10126551,5463749,16777473,2026-07-30 14:47:22,2026-07-30 05:05:01,2024-02-25 07:43:00
45511857,5463749,1,2026-07-30 00:05:01,2026-07-30 16:05:01,2024-05-24 02:43:00
454,2187504,1,2026-07-30 01:05:01,2026-07-30 16:05:01,2024-06-04 03:02:10
5123340,2187504,65537,2024-08-31 03:33:00,2026-07-30 16:05:01,2024-02-25 03:34:00
10126551,2187504,16777473,2026-07-30 14:47:22,2026-07-30 05:05:01,2024-02-25 07:43:00
45511857,2187504,1,2026-07-30 00:05:01,2026-07-30 16:05:01,2024-05-24 02:43:00
454,5468376,1,2026-07-30 01:05:01,2026-07-30 16:05:01,2024-06-04 03:02:10
5123340,5468376,65537,2024-08-31 03:33:00,2026-07-30 16:05:01,2024-02-25 03:34:00
10126551,5468376,16777473,2026-07-30 14:47:22,2026-07-28 04:05:01,2024-02-25 07:43:00
45511857,5468376,1,2026-07-30 00:05:01,2026-07-30 16:05:01,2024-05-24 02:43:00
454,5468438,1,2026-07-30 01:05:01,2026-07-30 16:05:01,2024-06-04 03:02:10
5123340,5468438,65537,2024-08-31 03:33:00,2026-07-30 16:05:01,2024-02-25 03:34:00
10126551,5468438,16777473,2026-07-30 14:47:22,2026-07-30 05:05:01,2024-02-25 07:43:00
45511857,5468438,1,2026-07-30 00:05:01,2026-07-30 16:05:01,2024-05-24 02:43:00
454,5469787,1,2026-07-30 01:05:01,2026-07-30 16:05:01,2024-06-04 03:02:10
5123340,5469787,65537,2024-08-31 03:33:00,2026-07-30 16:05:01,2024-02-25 03:34:00
10126551,5469787,16777473,2026-07-30 14:47:22,2026-07-30 05:05:01,2024-02-25 07:43:00
45511857,5469787,1,2026-07-30 00:05:01,2026-07-30 16:05:01,2024-05-24 02:43:00
454,3780792,1,2026-07-30 01:05:01,2026-07-30 16:05:01,2024-06-04 03:02:10
5123340,3780792,65537,2024-08-31 03:33:00,2026-07-30 16:05:01,2024-02-25 03:34:00
10126551,3780792,16777473,2026-07-30 14:47:22,2026-07-28 04:05:01,2024-02-25 07:43:00
45511857,3780792,1,2026-07-30 00:05:01,2026-07-30 16:05:01,2024-05-24 02:43:00
454,5334455,1,2026-07-30 01:05:01,2026-07-30 16:05:01,2024-06-04 03:02:10
5123340,5334455,65537,2024-08-31 03:33:00,2026-07-30 16:05:01,2024-02-25 03:34:00
10126551,5334455,16777473,2026-07-30 14:47:22,2026-07-28 04:05:01,2024-02-25 07:43:00
45511857,5334455,1,2026-07-30 00:05:01,2026-07-30 16:05:01,2024-05-24 02:43:00
454,1984084,1,2026-07-30 01:05:01,2026-07-30 16:05:01,2024-06-04 03:02:10
5123340,1984084,65537,2024-08-31 03:33:00,2026-07-30 16:05:01,2024-02-25 03:34:00
10126551,1984084,16777473,2026-07-30 14:47:22,2026-07-10 10:05:01,2024-02-25 07:43:00
45511857,1984084,1,2026-07-30 00:05:01,2026-07-30 16:05:01,2024-05-24 02:43:00
454,5473481,1,2026-07-30 01:05:01,2026-07-30 16:05:01,2024-06-04 03:02:10
5123340,5473481,65537,2024-08-31 03:33:00,2026-07-30 16:05:01,2024-02-25 03:34:00
10126551,5473481,16777473,2026-07-30 14:47:22,2026-07-30 05:05:01,2024-02-25 07:43:00
45511857,5473481,1,2026-07-30 00:05:01,2026-07-30 16:05:01,2024-05-24 02:43:00
454,1046536,1,2026-07-30 01:05:01,2026-07-30 16:05:01,2024-06-04 03:02:10
5123340,1046536,65537,2024-08-31 03:33:00,2026-07-30 16:05:01,2024-02-25 03:34:00
10126551,1046536,16777473,2026-07-30 14:47:22,2026-07-30 00:05:01,2024-02-25 07:43:00
45511857,1046536,1,2026-07-30 00:05:01,2026-07-30 16:05:01,2024-05-24 02:43:00
454,5489008,1,2026-07-30 01:05:01,2026-07-30 16:05:01,2024-06-04 03:02:10
5123340,5489008,65537,2024-08-31 03:33:00,2026-07-30 16:05:01,2024-02-25 03:34:00
10126551,5489008,16777473,2026-07-30 14:47:22,2026-07-30 04:05:01,2024-02-25 07:43:00
45511857,5489008,1,2026-07-30 00:05:01,2026-07-30 16:05:01,2024-05-24 02:43:00
454,5490421,1,2026-07-30 01:05:01,2026-07-30 16:05:01,2024-06-04 03:02:10
5123340,5490421,65537,2024-08-31 03:33:00,2026-07-30 16:05:01,2024-02-25 03:34:00
10126551,5490421,16777473,2026-07-30 14:47:22,2026-07-30 04:05:01,2024-02-25 07:43:00
45511857,5490421,1,2026-07-30 00:05:01,2026-07-30 16:05:01,2024-05-24 02:43:00
454,3001481,1,2026-07-30 01:05:01,2026-07-30 16:05:01,2024-06-04 03:02:10
5123340,3001481,65537,2024-08-31 03:33:00,2026-07-30 16:05:01,2024-02-25 03:34:00
10126551,3001481,16777473,2026-07-30 14:47:22,2026-07-30 05:05:01,2024-02-25 07:43:00
45511857,3001481,1,2026-07-30 00:05:01,2026-07-30 16:05:01,2024-05-24 02:43:00
454,2818165,1,2026-07-30 01:05:01,2026-07-30 16:05:01,2024-06-04 03:02:10
5123340,2818165,65537,2024-08-31 03:33:00,2026-07-30 16:05:01,2024-02-25 03:34:00
10126551,2818165,16777473,2026-07-30 14:47:22,2026-07-22 09:05:01,2024-02-25 07:43:00
45511857,2818165,1,2026-07-30 00:05:01,2026-07-30 16:05:01,2024-05-24 02:43:00
454,4544283,1,2026-07-30 01:05:01,2026-07-30 16:05:01,2024-06-04 03:02:10
5123340,4544283,65537,2024-08-31 03:33:00,2026-07-30 16:05:01,2024-02-25 03:34:00
10126551,4544283,16777473,2026-07-30 14:47:22,2026-07-30 05:05:01,2024-02-25 07:43:00
45511857,4544283,1,2026-07-30 00:05:01,2026-07-30 16:05:01,2024-05-24 02:43:00
454,3481297,1,2026-07-30 01:05:01,2026-07-30 16:05:01,2024-06-04 03:02:10
5123340,3481297,65537,2024-08-31 03:33:00,2026-07-30 16:05:01,2024-02-25 03:34:00
10126551,3481297,16777473,2026-07-30 14:47:22,2026-07-30 05:05:01,2024-02-25 07:43:00
45511857,3481297,1,2026-07-30 00:05:01,2026-07-30 16:05:01,2024-05-24 02:43:00
454,5532021,1,2026-07-30 01:05:01,2026-07-30 16:05:01,2024-06-04 03:02:10
5123340,5532021,65537,2024-08-31 03:33:00,2026-07-30 16:05:01,2024-02-25 03:34:00
10126551,5532021,16777473,2026-07-30 14:47:22,2026-07-30 05:05:01,2024-02-25 07:43:00
45511857,5532021,1,2026-07-30 00:05:01,2026-07-30 16:05:01,2024-05-24 02:43:00
454,3541596,1,2026-07-30 01:05:01,2026-07-30 16:05:01,2024-06-04 03:02:10
5123340,3541596,65537,2024-08-31 03:33:00,2026-07-30 16:05:01,2024-02-25 03:34:00
10126551,3541596,16777473,2026-07-30 14:47:22,2026-07-10 10:05:01,2024-02-25 07:43:00
45511857,3541596,1,2026-07-30 00:05:01,2026-07-30 16:05:01,2024-05-24 02:43:00
454,5209132,1,2026-07-30 01:05:01,2026-07-30 16:05:01,2024-06-04 03:02:10
5123340,5209132,65537,2024-08-31 03:33:00,2026-07-30 16:05:01,2024-02-25 03:34:00
10126551,5209132,16777473,2026-07-30 14:47:22,2026-07-25 03:05:01,2024-02-25 07:43:00
45511857,5209132,1,2026-07-30 00:05:01,2026-07-30 16:05:01,2024-05-24 02:43:00
454,5540412,1,2026-07-30 01:05:01,2026-07-30 16:05:01,2024-06-04 03:02:10
5123340,5540412,65537,2024-08-31 03:33:00,2026-07-30 16:05:01,2024-02-25 03:34:00
10126551,5540412,16777473,2026-07-30 14:47:22,2026-07-30 05:05:01,2024-02-25 07:43:00
45511857,5540412,1,2026-07-30 00:05:01,2026-07-30 16:05:01,2024-05-24 02:43:00
454,5543016,1,2026-07-30 01:05:01,2026-07-30 16:05:01,2024-06-04 03:02:10
5123340,5543016,65537,2024-08-31 03:33:00,2026-07-30 16:05:01,2024-02-25 03:34:00
10126551,5543016,16777473,2026-07-30 14:47:22,2026-07-28 00:05:01,2024-02-25 07:43:00
45511857,5543016,1,2026-07-30 00:05:01,2026-07-30 16:05:01,2024-05-24 02:43:00
454,4763306,1,2026-07-30 01:05:01,2026-07-30 16:05:01,2024-06-04 03:02:10
5123340,4763306,65537,2024-08-31 03:33:00,2026-07-30 16:05:01,2024-02-25 03:34:00
10126551,4763306,16777473,2026-07-30 14:47:22,2026-07-30 05:05:01,2024-02-25 07:43:00
45511857,4763306,1,2026-07-30 00:05:01,2026-07-30 16:05:01,2024-05-24 02:43:00
454,5577722,1,2026-07-30 01:05:01,2026-07-30 16:05:01,2024-06-04 03:02:10
5123340,5577722,65537,2024-08-31 03:33:00,2026-07-30 16:05:01,2024-02-25 03:34:00
10126551,5577722,16777473,2026-07-30 14:47:22,2026-07-30 05:05:01,2024-02-25 07:43:00
45511857,5577722,1,2026-07-30 00:05:01,2026-07-30 16:05:01,2024-05-24 02:43:00
454,2705816,1,2026-07-30 01:05:01,2026-07-30 16:05:01,2024-06-04 03:02:10
5123340,2705816,65537,2024-08-31 03:33:00,2026-07-30 16:05:01,2024-02-25 03:34:00
10126551,2705816,16777473,2026-07-30 14:47:22,2026-07-30 04:05:01,2024-02-25 07:43:00
45511857,2705816,1,2026-07-30 00:05:01,2026-07-30 16:05:01,2024-05-24 02:43:00
454,4277320,1,2026-07-30 01:05:01,2026-07-30 16:05:01,2024-06-04 03:02:10
5123340,4277320,65537,2024-08-31 03:33:00,2026-07-30 16:05:01,2024-02-25 03:34:00
10126551,4277320,16777473,2026-07-30 14:47:22,2026-07-30 05:05:01,2024-02-25 07:43:00
45511857,4277320,1,2026-07-30 00:05:01,2026-07-30 16:05:01,2024-05-24 02:43:00
454,5358740,1,2026-07-30 01:05:01,2026-07-30 16:05:01,2024-06-04 03:02:10
5123340,5358740,65537,2024-08-31 03:33:00,2026-07-30 16:05:01,2024-02-25 03:34:00
10126551,5358740,16777473,2026-07-30 14:47:22,2026-07-30 05:05:01,2024-02-25 07:43:00
45511857,5358740,1,2026-07-30 00:05:01,2026-07-30 16:05:01,2024-05-24 02:43:00
454,5588960,1,2026-07-30 01:05:01,2026-07-30 16:05:01,2024-06-04 03:02:10
5123340,5588960,65537,2024-08-31 03:33:00,2026-07-30 16:05:01,2024-02-25 03:34:00
10126551,5588960,16777473,2026-07-30 14:47:22,2026-07-30 05:05:01,2024-02-25 07:43:00
45511857,5588960,1,2026-07-30 00:05:01,2026-07-30 16:05:01,2024-05-24 02:43:00
454,5596111,1,2026-07-30 01:05:01,2026-07-30 16:05:01,2025-12-11 22:05:01
10126551,5596111,16777473,2026-07-30 14:47:22,2026-07-30 05:05:01,2026-03-14 17:05:01
45511857,5596111,1,2026-07-30 00:05:01,2026-07-30 16:05:01,2024-06-12 02:43:07
454,424728,1,2026-07-30 01:05:01,2026-07-30 16:05:01,2024-06-04 03:02:10
5123340,424728,65537,2024-08-31 03:33:00,2026-07-30 16:05:01,2024-02-25 03:34:00
10126551,424728,16777473,2026-07-30 14:47:22,2026-07-30 05:05:01,2024-02-25 07:43:00
45511857,424728,1,2026-07-30 00:05:01,2026-07-30 16:05:01,2024-05-24 02:43:00
454,483626,1,2026-07-30 01:05:01,2026-07-30 16:05:01,2024-06-04 03:02:10
5123340,483626,65537,2024-08-31 03:33:00,2026-07-30 16:05:01,2024-02-25 03:34:00
10126551,483626,16777473,2026-07-30 14:47:22,2026-07-30 05:05:01,2024-02-25 07:43:00
45511857,483626,1,2026-07-30 00:05:01,2026-07-30 16:05:01,2024-05-24 02:43:00
454,485688,1,2026-07-30 01:05:01,2026-07-30 16:05:01,2024-06-04 03:02:10
5123340,485688,65537,2024-08-31 03:33:00,2026-07-30 16:05:01,2024-02-25 03:34:00
10126551,485688,16777473,2026-07-30 14:47:22,2026-07-28 00:05:01,2024-02-25 07:43:00
45511857,485688,1,2026-07-30 00:05:01,2026-07-30 16:05:01,2024-05-24 02:43:00
454,554192,1,2026-07-30 01:05:01,2026-07-30 16:05:01,2024-06-04 03:02:10
5123340,554192,65537,2024-08-31 03:33:00,2026-07-30 16:05:01,2024-02-25 03:34:00
10126551,554192,16777473,2026-07-30 14:47:22,2026-07-10 11:05:01,2024-02-25 07:43:00
45511857,554192,1,2026-07-30 00:05:01,2026-07-30 16:05:01,2024-05-24 02:43:00
454,661401,1,2026-07-30 01:05:01,2026-07-30 16:05:01,2024-06-04 03:02:10
5123340,661401,65537,2024-08-31 03:33:00,2026-07-30 16:05:01,2024-02-25 03:34:00
10126551,661401,16777473,2026-07-30 14:47:22,2026-07-11 22:05:02,2024-02-25 07:43:00
45511857,661401,1,2026-07-30 00:05:01,2026-07-30 16:05:01,2024-05-24 02:43:00
454,697165,1,2026-07-30 01:05:01,2026-07-30 16:05:01,2024-06-04 03:02:10
5123340,697165,65537,2024-08-31 03:33:00,2026-07-30 16:05:01,2024-02-25 03:34:00
10126551,697165,16777473,2026-07-30 14:47:22,2026-07-30 05:05:01,2024-02-25 07:43:00
45511857,697165,1,2026-07-30 00:05:01,2026-07-30 16:05:01,2024-05-24 02:43:00
454,793984,1,2026-07-30 01:05:01,2026-07-30 16:05:01,2024-06-04 03:02:10
5123340,793984,65537,2024-08-31 03:33:00,2026-07-30 16:05:01,2024-02-25 03:34:00
10126551,793984,16777473,2026-07-30 14:47:22,2026-07-28 04:05:01,2024-02-25 07:43:00
45511857,793984,1,2026-07-30 00:05:01,2026-07-30 16:05:01,2024-05-24 02:43:00
454,795027,1,2026-07-30 01:05:01,2026-07-30 16:05:01,2024-06-04 03:02:10
5123340,795027,65537,2024-08-31 03:33:00,2026-07-30 16:05:01,2024-02-25 03:34:00
10126551,795027,16777473,2026-07-30 14:47:22,2026-07-10 10:05:01,2024-02-25 07:43:00
45511857,795027,1,2026-07-30 00:05:01,2026-07-30 16:05:01,2024-05-24 02:43:00
454,806164,1,2026-07-30 01:05:01,2026-07-30 16:05:01,2024-06-04 03:02:10
5123340,806164,65537,2024-08-31 03:33:00,2026-07-30 16:05:01,2024-02-25 03:34:00
10126551,806164,16777473,2026-07-30 14:47:22,2026-07-25 03:05:01,2024-02-25 07:43:00
45511857,806164,1,2026-07-30 00:05:01,2026-07-30 16:05:01,2024-05-24 02:43:00
454,807602,1,2026-07-30 01:05:01,2026-07-30 16:05:01,2024-06-04 03:02:10
5123340,807602,65537,2024-08-31 03:33:00,2026-07-30 16:05:01,2024-05-12 03:34:00
10126551,807602,16777473,2026-07-30 14:47:22,2026-07-10 10:05:01,2024-02-25 07:43:00
45511857,807602,1,2026-07-30 00:05:01,2026-07-30 16:05:01,2024-05-24 02:43:00
454,813927,1,2026-07-30 01:05:01,2026-07-30 16:05:01,2024-06-04 03:02:10
5123340,813927,65537,2024-08-31 03:33:00,2026-07-30 16:05:01,2024-05-01 03:34:00
10126551,813927,16777473,2026-07-30 14:47:22,2026-07-30 05:05:01,2024-02-25 07:43:00
45511857,813927,1,2026-07-30 00:05:01,2026-07-30 16:05:01,2024-05-24 02:43:00
454,816585,1,2026-07-30 01:05:01,2026-07-30 16:05:01,2024-06-04 03:02:10
5123340,816585,65537,2024-08-31 03:33:00,2026-07-30 16:05:01,2024-02-25 03:34:00
10126551,816585,16777473,2026-07-30 14:47:22,2026-07-28 00:05:01,2024-02-25 07:43:00
45511857,816585,1,2026-07-30 00:05:01,2026-07-30 16:05:01,2024-05-24 02:43:00
454,1198738,1,2026-07-30 01:05:01,2026-07-30 16:05:01,2024-06-04 03:02:10
5123340,1198738,65537,2024-08-31 03:33:00,2026-07-30 16:05:01,2024-02-25 03:34:00
10126551,1198738,16777473,2026-07-30 14:47:22,2026-07-10 10:05:01,2024-02-25 07:43:00
45511857,1198738,1,2026-07-30 00:05:01,2026-07-30 16:05:01,2024-05-24 02:43:00
454,1241781,1,2026-07-30 01:05:01,2026-07-30 16:05:01,2024-06-04 03:02:10
5123340,1241781,65537,2024-08-31 03:33:00,2026-07-30 16:05:01,2024-02-25 03:34:00
10126551,1241781,16777473,2026-07-30 14:47:22,2026-07-10 11:05:01,2024-02-25 07:43:00
45511857,1241781,1,2026-07-30 00:05:01,2026-07-30 16:05:01,2024-05-24 02:43:00
454,1259147,1,2026-07-30 01:05:01,2026-07-30 16:05:01,2024-06-04 03:02:10
5123340,1259147,65537,2024-08-31 03:33:00,2026-07-30 16:05:01,2024-02-25 03:34:00
10126551,1259147,16777473,2026-07-30 14:47:22,2026-07-28 00:05:01,2024-02-25 07:43:00
45511857,1259147,1,2026-07-30 00:05:01,2026-07-30 16:05:01,2024-05-24 02:43:00
454,1290996,1,2026-07-30 01:05:01,2026-07-30 16:05:01,2024-06-04 03:02:10
5123340,1290996,65537,2024-08-31 03:33:00,2026-07-30 16:05:01,2024-02-25 03:34:00
10126551,1290996,16777473,2026-07-30 14:47:22,2026-07-25 04:05:01,2024-02-25 07:43:00
45511857,1290996,1,2026-07-30 00:05:01,2026-07-30 16:05:01,2024-05-24 02:43:00
454,1296378,1,2026-07-30 01:05:01,2026-07-30 16:05:01,2024-06-04 03:02:10
5123340,1296378,65537,2024-08-31 03:33:00,2026-07-30 16:05:01,2024-02-25 03:34:00
10126551,1296378,16777473,2026-07-30 14:47:22,2026-07-16 11:05:01,2024-02-25 07:43:00
45511857,1296378,1,2026-07-30 00:05:01,2026-07-30 16:05:01,2024-05-24 02:43:00
454,1304789,1,2026-07-30 01:05:01,2026-07-30 16:05:01,2024-06-04 03:02:10
5123340,1304789,65537,2024-08-31 03:33:00,2026-07-30 16:05:01,2024-02-25 03:34:00
10126551,1304789,16777473,2026-07-30 14:47:22,2026-07-30 05:05:01,2024-02-25 07:43:00
45511857,1304789,1,2026-07-30 00:05:01,2026-07-30 16:05:01,2024-05-24 02:43:00
454,1345153,1,2026-07-30 01:05:01,2026-07-30 16:05:01,2024-06-04 03:02:10
5123340,1345153,65537,2024-08-31 03:33:00,2026-07-30 16:05:01,2024-02-25 03:34:00
10126551,1345153,16777473,2026-07-30 14:47:22,2026-07-28 00:05:01,2024-02-25 07:43:00
45511857,1345153,1,2026-07-30 00:05:01,2026-07-30 16:05:01,2024-05-24 02:43:00
454,1519983,1,2026-07-30 01:05:01,2026-07-30 16:05:01,2024-06-04 03:02:10
5123340,1519983,65537,2024-08-31 03:33:00,2026-07-30 16:05:01,2024-02-25 03:34:00
10126551,1519983,16777473,2026-07-30 14:47:22,2026-07-30 05:05:01,2024-02-25 07:43:00
45511857,1519983,1,2026-07-30 00:05:01,2026-07-30 16:05:01,2024-05-24 02:43:00
454,1532648,1,2026-07-30 01:05:01,2026-07-30 16:05:01,2024-06-04 03:02:10
5123340,1532648,65537,2024-08-31 03:33:00,2026-07-30 16:05:01,2024-02-25 03:34:00
10126551,1532648,16777473,2026-07-30 14:47:22,2026-07-28 09:05:01,2024-02-25 07:43:00
45511857,1532648,1,2026-07-30 00:05:01,2026-07-30 16:05:01,2024-05-24 02:43:00
454,1538232,1,2026-07-30 01:05:01,2026-07-30 16:05:01,2024-06-04 03:02:10
5123340,1538232,65537,2024-08-31 03:33:00,2026-07-30 16:05:01,2024-02-25 03:34:00
10126551,1538232,16777473,2026-07-30 14:47:22,2026-07-30 05:05:01,2024-02-25 07:43:00
45511857,1538232,1,2026-07-30 00:05:01,2026-07-30 16:05:01,2024-05-24 02:43:00
454,1555950,1,2026-07-30 01:05:01,2026-07-30 16:05:01,2024-06-04 03:02:10
5123340,1555950,65537,2024-08-31 03:33:00,2026-07-30 16:05:01,2024-02-25 03:34:00
10126551,1555950,16777473,2026-07-30 14:47:22,2026-07-28 02:05:01,2024-02-25 07:43:00
45511857,1555950,1,2026-07-30 00:05:01,2026-07-30 16:05:01,2024-05-24 02:43:00
454,1562736,1,2026-07-30 01:05:01,2026-07-30 16:05:01,2024-06-04 03:02:10
5123340,1562736,65537,2024-08-31 03:33:00,2026-07-30 16:05:01,2024-02-25 03:34:00
10126551,1562736,16777473,2026-07-30 14:47:22,2026-07-30 05:05:01,2024-02-25 07:43:00
45511857,1562736,1,2026-07-30 00:05:01,2026-07-30 16:05:01,2024-05-24 02:43:00
454,1567347,1,2026-07-30 01:05:01,2026-07-30 16:05:01,2024-06-04 03:02:10
5123340,1567347,65537,2024-08-31 03:33:00,2026-07-30 16:05:01,2024-02-25 03:34:00
10126551,1567347,16777473,2026-07-30 14:47:22,2026-07-28 04:05:01,2024-02-25 07:43:00
45511857,1567347,1,2026-07-30 00:05:01,2026-07-30 16:05:01,2024-05-24 02:43:00
454,1611543,1,2026-07-30 01:05:01,2026-07-30 16:05:01,2024-06-04 03:02:10
5123340,1611543,65537,2024-08-31 03:33:00,2026-07-30 16:05:01,2024-02-25 03:34:00
10126551,1611543,16777473,2026-07-30 14:47:22,2026-07-30 05:05:01,2024-02-25 07:43:00
45511857,1611543,1,2026-07-30 00:05:01,2026-07-30 16:05:01,2024-05-24 02:43:00
454,1782897,1,2026-07-30 01:05:01,2026-07-30 16:05:01,2024-06-04 03:02:10
5123340,1699779,65537,2024-08-31 03:33:00,2026-07-30 16:05:01,2024-02-25 03:34:00
10126551,1699779,16777473,2026-07-30 14:47:22,2026-07-28 04:05:01,2024-02-25 07:43:00
45511857,1699779,1,2026-07-30 00:05:01,2026-07-30 16:05:01,2024-05-24 02:43:00
454,1700331,1,2026-07-30 01:05:01,2026-07-30 16:05:01,2024-06-04 03:02:10
5123340,1700331,65537,2024-08-31 03:33:00,2026-07-30 16:05:01,2024-02-25 03:34:00
10126551,1700331,16777473,2026-07-30 14:47:22,2026-07-30 00:05:01,2024-02-25 07:43:00
45511857,1700331,1,2026-07-30 00:05:01,2026-07-30 16:05:01,2024-05-24 02:43:00
454,1742607,1,2026-07-30 01:05:01,2026-07-30 16:05:01,2024-06-04 03:02:10
5123340,1742607,65537,2024-08-31 03:33:00,2026-07-30 16:05:01,2024-02-25 03:34:00
10126551,1742607,16777473,2026-07-30 14:47:22,2026-07-30 04:05:01,2024-02-25 07:43:00
45511857,1742607,1,2026-07-30 00:05:01,2026-07-30 16:05:01,2024-05-24 02:43:00
454,1760513,1,2026-07-30 01:05:01,2026-07-30 16:05:01,2024-06-04 03:02:10
5123340,1760513,65537,2024-08-31 03:33:00,2026-07-30 16:05:01,2024-02-25 03:34:00
10126551,1760513,16777473,2026-07-30 14:47:22,2026-07-30 05:05:01,2024-02-25 07:43:00
45511857,1760513,1,2026-07-30 00:05:01,2026-07-30 16:05:01,2024-05-24 02:43:00
454,2184211,1,2026-07-30 01:05:01,2026-07-30 16:05:01,2024-06-04 03:02:10
5123340,2184211,65537,2024-08-31 03:33:00,2026-07-30 16:05:01,2024-02-25 03:34:00
10126551,2184211,16777473,2026-07-30 14:47:22,2026-07-30 05:05:01,2024-02-25 07:43:00
45511857,2184211,1,2026-07-30 00:05:01,2026-07-30 16:05:01,2024-05-24 02:43:00
454,2195438,1,2026-07-30 01:05:01,2026-07-30 16:05:01,2024-06-04 03:02:10
5123340,2195438,65537,2024-08-31 03:33:00,2026-07-30 16:05:01,2024-02-25 03:34:00
10126551,2195438,16777473,2026-07-30 14:47:22,2026-07-28 04:05:01,2024-02-25 07:43:00
45511857,2195438,1,2026-07-30 00:05:01,2026-07-30 16:05:01,2024-05-24 02:43:00
454,2200674,1,2026-07-30 01:05:01,2026-07-30 16:05:01,2024-06-04 03:02:10
5123340,2200674,65537,2024-08-31 03:33:00,2026-07-30 16:05:01,2024-02-25 03:34:00
10126551,2200674,16777473,2026-07-30 14:47:22,2026-07-30 01:05:01,2024-02-25 07:43:00
45511857,2200674,1,2026-07-30 00:05:01,2026-07-30 16:05:01,2024-05-24 02:43:00
454,2211299,1,2026-07-30 01:05:01,2026-07-30 16:05:01,2024-06-04 03:02:10
5123340,2211299,65537,2024-08-31 03:33:00,2026-07-30 16:05:01,2024-02-25 03:34:00
10126551,2211299,16777473,2026-07-30 14:47:22,2026-07-30 04:05:01,2024-02-25 07:43:00
45511857,2211299,1,2026-07-30 00:05:01,2026-07-30 16:05:01,2024-05-24 02:43:00
454,2218056,1,2026-07-30 01:05:01,2026-07-30 16:05:01,2024-06-04 03:02:10
5123340,2218056,65537,2024-08-31 03:33:00,2026-07-30 16:05:01,2024-02-25 03:34:00
10126551,2218056,16777473,2026-07-30 14:47:22,2026-07-10 10:05:01,2024-02-25 07:43:00
45511857,2218056,1,2026-07-30 00:05:01,2026-07-30 16:05:01,2024-05-24 02:43:00
454,2231827,1,2026-07-30 01:05:01,2026-07-30 16:05:01,2024-06-04 03:02:10
5123340,2231827,65537,2024-08-31 03:33:00,2026-07-30 16:05:01,2024-02-25 03:34:00
10126551,2231827,16777473,2026-07-30 14:47:22,2026-07-28 05:05:01,2024-02-25 07:43:00
45511857,2231827,1,2026-07-30 00:05:01,2026-07-30 16:05:01,2024-05-24 02:43:00
454,2243825,1,2026-07-30 01:05:01,2026-07-30 16:05:01,2024-06-04 03:02:10
5123340,2243825,65537,2024-08-31 03:33:00,2026-07-30 16:05:01,2024-02-25 03:34:00
10126551,2243825,16777473,2026-07-30 14:47:22,2026-07-28 23:05:01,2024-02-25 07:43:00
45511857,2243825,1,2026-07-30 00:05:01,2026-07-30 16:05:01,2024-05-24 02:43:00
454,2491973,1,2026-07-30 01:05:01,2026-07-30 16:05:01,2025-11-24 03:05:01
5123340,2491973,0,,2026-07-30 16:05:01,
10126551,2491973,16777473,2026-07-30 14:47:22,2026-07-30 05:05:01,2026-03-14 17:05:01
45511857,2491973,1,2026-07-30 00:05:01,2026-07-30 16:05:01,2025-10-12 15:43:24
454,2549339,1,2026-07-30 01:05:01,2026-07-30 16:05:01,2024-06-04 03:02:10
5123340,2549339,65537,2024-08-31 03:33:00,2026-07-30 16:05:01,2024-02-25 03:34:00
10126551,2549339,16777473,2026-07-30 14:47:22,2026-07-25 02:05:01,2024-02-25 07:43:00
45511857,2549339,1,2026-07-30 00:05:01,2026-07-30 16:05:01,2024-05-24 02:43:00
454,2622493,1,2026-07-30 01:05:01,2026-07-30 16:05:01,2024-06-04 03:02:10
5123340,2622493,65537,2024-08-31 03:33:00,2026-07-30 16:05:01,2024-02-25 03:34:00
10126551,2622493,16777473,2026-07-30 14:47:22,2026-07-30 05:05:01,2024-02-25 07:43:00
45511857,2622493,1,2026-07-30 00:05:01,2026-07-30 16:05:01,2024-05-24 02:43:00
454,2624434,1,2026-07-30 01:05:01,2026-07-30 16:05:01,2024-06-04 03:02:10
5123340,2624434,65537,2024-08-31 03:33:00,2026-07-30 16:05:01,2024-02-25 03:34:00
10126551,2624434,16777473,2026-07-30 14:47:22,2026-07-28 04:05:01,2024-02-25 07:43:00
45511857,2624434,1,2026-07-30 00:05:01,2026-07-30 16:05:01,2024-05-24 02:43:00
454,2632193,1,2026-07-30 01:05:01,2026-07-30 16:05:01,2024-06-04 03:02:10
5123340,2632193,65537,2024-08-31 03:33:00,2026-07-30 16:05:01,2024-02-25 03:34:00
10126551,2632193,16777473,2026-07-30 14:47:22,2026-07-30 05:05:01,2024-02-25 07:43:00
45511857,2632193,1,2026-07-30 00:05:01,2026-07-30 16:05:01,2024-05-24 02:43:00
454,2675168,1,2026-07-30 01:05:01,2026-07-30 16:05:01,2024-06-04 03:02:10
5123340,2675168,65537,2024-08-31 03:33:00,2026-07-30 16:05:01,2024-02-25 03:34:00
10126551,2675168,16777473,2026-07-30 14:47:22,2026-07-10 10:05:01,2024-02-25 07:43:00
45511857,2675168,1,2026-07-30 00:05:01,2026-07-30 16:05:01,2024-05-24 02:43:00
454,3328601,1,2026-07-30 01:05:01,2026-07-30 16:05:01,2024-06-04 03:02:10
5123340,3328601,65537,2024-08-31 03:33:00,2026-07-30 16:05:01,2024-02-25 03:34:00
10126551,3328601,16777473,2026-07-30 14:47:22,2026-07-30 05:05:01,2024-02-25 07:43:00
45511857,3328601,1,2026-07-30 00:05:01,2026-07-30 16:05:01,2024-05-24 02:43:00
454,3333576,1,2026-07-30 01:05:01,2026-07-30 16:05:01,2024-06-04 03:02:10
5123340,3333576,65537,2024-08-31 03:33:00,2026-07-30 16:05:01,2024-02-25 03:34:00
10126551,3333576,16777473,2026-07-30 14:47:22,2026-07-27 02:05:01,2024-02-25 07:43:00
45511857,3333576,1,2026-07-30 00:05:01,2026-07-30 16:05:01,2024-05-24 02:43:00
454,3348685,1,2026-07-30 01:05:01,2026-07-30 16:05:01,2024-06-04 03:02:10
5123340,3348685,65537,2024-08-31 03:33:00,2026-07-30 16:05:01,2024-02-25 03:34:00
10126551,3348685,16777473,2026-07-30 14:47:22,2026-07-28 04:05:01,2024-02-25 07:43:00
45511857,3348685,1,2026-07-30 00:05:01,2026-07-30 16:05:01,2024-05-24 02:43:00
454,3350000,1,2026-07-30 01:05:01,2026-07-30 16:05:01,2024-06-04 03:02:10
5123340,3350000,65537,2024-08-31 03:33:00,2026-07-30 16:05:01,2024-05-01 03:34:00
10126551,3350000,16777473,2026-07-30 14:47:22,2026-07-28 04:05:01,2024-02-25 07:43:00
45511857,3350000,1,2026-07-30 00:05:01,2026-07-30 16:05:01,2024-05-24 02:43:00
454,3415016,1,2026-07-30 01:05:01,2026-07-30 16:05:01,2024-06-04 03:02:10
5123340,3415016,65537,2024-08-31 03:33:00,2026-07-30 16:05:01,2024-03-27 03:35:00
10126551,3415016,16777473,2026-07-30 14:47:22,2026-07-10 10:05:01,2024-02-25 07:43:00
45511857,3415016,1,2026-07-30 00:05:01,2026-07-30 16:05:01,2024-05-24 02:43:00
454,3459238,1,2026-07-30 01:05:01,2026-07-30 16:05:01,2024-06-04 03:02:10
5123340,3459238,65537,2024-08-31 03:33:00,2026-07-30 16:05:01,2024-02-25 03:34:00
10126551,3459238,16777473,2026-07-30 14:47:22,2026-07-28 00:05:01,2024-02-25 07:43:00
45511857,3459238,1,2026-07-30 00:05:01,2026-07-30 16:05:01,2024-05-24 02:43:00
454,3471784,1,2026-07-30 01:05:01,2026-07-30 16:05:01,2024-06-04 03:02:10
5123340,3471784,65537,2024-08-31 03:33:00,2026-07-30 16:05:01,2024-02-25 03:34:00
10126551,3471784,16777473,2026-07-30 14:47:22,2026-07-30 05:05:01,2024-02-25 07:43:00
45511857,3471784,1,2026-07-30 00:05:01,2026-07-30 16:05:01,2024-05-24 02:43:00
454,3664960,1,2026-07-30 01:05:01,2026-07-30 16:05:01,2024-06-04 03:02:10
5123340,3664960,65537,2024-08-31 03:33:00,2026-07-30 16:05:01,2024-02-25 03:34:00
10126551,3664960,16777473,2026-07-30 14:47:22,2026-07-28 04:05:01,2024-02-25 07:43:00
45511857,3664960,1,2026-07-30 00:05:01,2026-07-30 16:05:01,2024-05-24 02:43:00
454,3681594,1,2026-07-30 01:05:01,2026-07-30 16:05:01,2024-06-04 03:02:10
5123340,3681594,65537,2024-08-31 03:33:00,2026-07-30 16:05:01,2024-02-25 03:34:00
10126551,3681594,16777473,2026-07-30 14:47:22,2026-07-30 05:05:01,2024-02-25 07:43:00
45511857,3681594,1,2026-07-30 00:05:01,2026-07-30 16:05:01,2024-05-24 02:43:00
454,3690637,1,2026-07-30 01:05:01,2026-07-30 16:05:01,2024-06-04 03:02:10
5123340,3690637,65537,2024-08-31 03:33:00,2026-07-30 16:05:01,2024-02-25 03:34:00
10126551,3690637,16777473,2026-07-30 14:47:22,2026-07-30 05:05:01,2024-02-25 07:43:00
45511857,3690637,1,2026-07-30 00:05:01,2026-07-30 16:05:01,2024-05-24 02:43:00
454,3699076,1,2026-07-30 01:05:01,2026-07-30 16:05:01,2024-06-04 03:02:10
5123340,3699076,65537,2024-08-31 03:33:00,2026-07-30 16:05:01,2024-02-25 03:34:00
10126551,3699076,16777473,2026-07-30 14:47:22,2026-07-30 05:05:01,2024-02-25 07:43:00
45511857,3699076,1,2026-07-30 00:05:01,2026-07-30 16:05:01,2024-05-24 02:43:00
454,3699206,1,2026-07-30 01:05:01,2026-07-30 16:05:01,2024-06-04 03:02:10
10126551,3699206,16777473,2026-07-30 14:47:22,2026-07-10 10:05:01,2024-02-25 07:43:00
45511857,3699206,1,2026-07-30 00:05:01,2026-07-30 16:05:01,2024-05-24 02:43:00
454,3718351,1,2026-07-30 01:05:01,2026-07-30 16:05:01,2024-06-04 03:02:10
5123340,3718351,65537,2024-08-31 03:33:00,2026-07-30 16:05:01,2024-02-25 03:34:00
10126551,3718351,16777473,2026-07-30 14:47:22,2026-07-30 05:05:01,2024-02-25 07:43:00
45511857,3718351,1,2026-07-30 00:05:01,2026-07-30 16:05:01,2024-05-24 02:43:00
454,3983366,1,2026-07-30 01:05:01,2026-07-30 16:05:01,2024-06-04 03:02:10
5123340,3983366,65537,2024-08-31 03:33:00,2026-07-30 16:05:01,2024-02-25 03:34:00
10126551,3983366,16777473,2026-07-30 14:47:22,2026-07-28 04:05:01,2024-02-25 07:43:00
45511857,3983366,1,2026-07-30 00:05:01,2026-07-30 16:05:01,2024-05-24 02:43:00
454,4046571,1,2026-07-30 01:05:01,2026-07-30 16:05:01,2024-06-04 03:02:10
5123340,4046571,65537,2024-08-31 03:33:00,2026-07-30 16:05:01,2024-02-25 03:34:00
10126551,4046571,16777473,2026-07-30 14:47:22,2026-07-30 05:05:01,2024-02-25 07:43:00
45511857,4046571,1,2026-07-30 00:05:01,2026-07-30 16:05:01,2024-05-24 02:43:00
454,4046592,1,2026-07-30 01:05:01,2026-07-30 16:05:01,2024-06-04 03:02:10
5123340,4046592,65537,2024-08-31 03:33:00,2026-07-30 16:05:01,2024-02-25 03:34:00
10126551,4046592,16777473,2026-07-30 14:47:22,2026-07-30 00:05:01,2024-02-25 07:43:00
45511857,4046592,1,2026-07-30 00:05:01,2026-07-30 16:05:01,2024-05-24 02:43:00
454,4057056,1,2026-07-30 01:05:01,2026-07-30 16:05:01,2024-06-04 03:02:10
5123340,4057056,65537,2024-08-31 03:33:00,2026-07-30 16:05:01,2024-02-25 03:34:00
10126551,4057056,16777473,2026-07-30 14:47:22,2026-07-30 05:05:01,2024-02-25 07:43:00
45511857,4057056,1,2026-07-30 00:05:01,2026-07-30 16:05:01,2024-05-24 02:43:00
454,4057083,1,2026-07-30 01:05:01,2026-07-30 16:05:01,2024-06-04 03:02:10
5123340,4057083,65537,2024-08-31 03:33:00,2026-07-30 16:05:01,2024-02-25 03:34:00
10126551,4057083,16777473,2026-07-30 14:47:22,2026-07-30 05:05:01,2024-02-25 07:43:00
45511857,4057083,1,2026-07-30 00:05:01,2026-07-30 16:05:01,2024-05-24 02:43:00
454,4140729,1,2026-07-30 01:05:01,2026-07-30 16:05:01,2024-06-04 03:02:10
5123340,4140729,65537,2024-08-31 03:33:00,2026-07-30 16:05:01,2024-02-25 03:34:00
10126551,4140729,16777473,2026-07-30 14:47:22,2026-07-10 10:05:01,2024-02-25 07:43:00
45511857,4140729,1,2026-07-30 00:05:01,2026-07-30 16:05:01,2024-05-24 02:43:00
454,4144164,1,2026-07-30 01:05:01,2026-07-30 16:05:01,2024-06-04 03:02:10
5123340,4144164,65537,2024-08-31 03:33:00,2026-07-30 16:05:01,2024-02-25 03:34:00
10126551,4144164,16777473,2026-07-30 14:47:22,2026-07-28 00:05:01,2024-02-25 07:43:00
45511857,4144164,1,2026-07-30 00:05:01,2026-07-30 16:05:01,2024-05-24 02:43:00
454,4400844,1,2026-07-30 01:05:01,2026-07-30 16:05:01,2024-06-04 03:02:10
5123340,4400844,65537,2024-08-31 03:33:00,2026-07-30 16:05:01,2024-02-25 03:34:00
10126551,4400844,16777473,2026-07-30 14:47:22,2026-07-28 00:05:01,2024-02-25 07:43:00
45511857,4400844,1,2026-07-30 00:05:01,2026-07-30 16:05:01,2024-05-24 02:43:00
454,4400862,1,2026-07-30 01:05:01,2026-07-30 16:05:01,2024-06-04 03:02:10
10126551,4400862,16777473,2026-07-30 14:47:22,2026-07-10 10:05:01,2024-02-25 07:43:00
45511857,4400862,1,2026-07-30 00:05:01,2026-07-30 16:05:01,2024-05-24 02:43:00
454,4412558,1,2026-07-30 01:05:01,2026-07-30 16:05:01,2024-06-04 03:02:10
5123340,4412558,65537,2024-08-31 03:33:00,2026-07-30 16:05:01,2024-02-25 03:34:00
10126551,4412558,16777473,2026-07-30 14:47:22,2026-07-30 05:05:01,2024-02-25 07:43:00
45511857,4412558,1,2026-07-30 00:05:01,2026-07-30 16:05:01,2024-05-24 02:43:00
454,4424055,1,2026-07-30 01:05:01,2026-07-30 16:05:01,2024-06-04 03:02:10
5123340,4424055,65537,2024-08-31 03:33:00,2026-07-30 16:05:01,2024-02-25 03:34:00
10126551,4424055,16777473,2026-07-30 14:47:22,2026-07-28 00:05:01,2024-02-25 07:43:00
45511857,4424055,1,2026-07-30 00:05:01,2026-07-30 16:05:01,2024-05-24 02:43:00
454,4454664,1,2026-07-30 01:05:01,2026-07-30 16:05:01,2024-06-04 03:02:10
5123340,4454664,65537,2024-08-31 03:33:00,2026-07-30 16:05:01,2024-02-25 03:34:00
10126551,4454664,16777473,2026-07-30 14:47:22,2026-07-28 00:05:01,2024-02-25 07:43:00
45511857,4454664,1,2026-07-30 00:05:01,2026-07-30 16:05:01,2024-05-24 02:43:00
454,4457828,1,2026-07-30 01:05:01,2026-07-30 16:05:01,2024-06-04 03:02:10
5123340,4457828,65537,2024-08-31 03:33:00,2026-07-30 16:05:01,2024-02-25 03:34:00
10126551,4457828,16777473,2026-07-30 14:47:22,2026-07-30 05:05:01,2024-02-25 07:43:00
45511857,4457828,1,2026-07-30 00:05:01,2026-07-30 16:05:01,2024-05-24 02:43:00
454,4464488,1,2026-07-30 01:05:01,2026-07-30 16:05:01,2024-06-04 03:02:10
5123340,4464488,65537,2024-08-31 03:33:00,2026-07-30 16:05:01,2024-02-25 03:34:00
10126551,4464488,16777473,2026-07-30 14:47:22,2026-07-30 05:05:01,2024-02-25 07:43:00
45511857,4464488,1,2026-07-30 00:05:01,2026-07-30 16:05:01,2024-05-24 02:43:00
454,4693834,1,2026-07-30 01:05:01,2026-07-30 16:05:01,2024-06-04 03:02:10
5123340,4693834,65537,2024-08-31 03:33:00,2026-07-30 16:05:01,2024-02-25 03:34:00
10126551,4693834,16777473,2026-07-30 14:47:22,2026-07-30 05:05:01,2024-02-25 07:43:00
45511857,4693834,1,2026-07-30 00:05:01,2026-07-30 16:05:01,2024-05-24 02:43:00
454,4715788,1,2026-07-30 01:05:01,2026-07-30 16:05:01,2024-06-04 03:02:10
5123340,4715788,65537,2024-08-31 03:33:00,2026-07-30 16:05:01,2024-02-25 03:34:00
10126551,4715788,16777473,2026-07-30 14:47:22,2026-07-30 05:05:01,2024-02-25 07:43:00
45511857,4715788,1,2026-07-30 00:05:01,2026-07-30 16:05:01,2024-05-24 02:43:00
454,4721887,1,2026-07-30 01:05:01,2026-07-30 16:05:01,2024-06-04 03:02:10
5123340,4721887,65537,2024-08-31 03:33:00,2026-07-30 16:05:01,2024-02-25 03:34:00
10126551,4721887,16777473,2026-07-30 14:47:22,2026-07-30 05:05:01,2024-02-25 07:43:00
45511857,4721887,1,2026-07-30 00:05:01,2026-07-30 16:05:01,2024-05-24 02:43:00
454,4804015,1,2026-07-30 01:05:01,2026-07-30 16:05:01,2024-06-04 03:02:10
5123340,4804015,65537,2024-08-31 03:33:00,2026-07-30 16:05:01,2024-02-25 03:34:00
10126551,4804015,16777473,2026-07-30 14:47:22,2026-07-10 10:05:01,2024-02-25 07:43:00
45511857,4804015,1,2026-07-30 00:05:01,2026-07-30 16:05:01,2024-05-24 02:43:00
454,4827523,1,2026-07-30 01:05:01,2026-07-30 16:05:01,2024-06-04 03:02:10
5123340,4827523,65537,2024-08-31 03:33:00,2026-07-30 16:05:01,2024-03-06 18:05:00
10126551,4827523,16777473,2026-07-30 14:47:22,2026-07-10 10:05:01,2024-02-25 07:43:00
45511857,4827523,1,2026-07-30 00:05:01,2026-07-30 16:05:01,2024-05-24 02:43:00
454,4831090,1,2026-07-30 01:05:01,2026-07-30 16:05:01,2024-06-04 03:02:10
5123340,4831090,65537,2024-08-31 03:33:00,2026-07-30 16:05:01,2024-02-25 03:34:00
10126551,4831090,16777473,2026-07-30 14:47:22,2026-07-30 05:05:01,2024-02-25 07:43:00
45511857,4831090,1,2026-07-30 00:05:01,2026-07-30 16:05:01,2024-05-24 02:43:00
454,5102692,1,2026-07-30 01:05:01,2026-07-30 16:05:01,2024-06-04 03:02:10
5123340,5102692,65537,2024-08-31 03:33:00,2026-07-30 16:05:01,2024-02-25 03:34:00
10126551,5102692,16777473,2026-07-30 14:47:22,2026-07-30 01:05:01,2024-02-25 07:43:00
45511857,5102692,1,2026-07-30 00:05:01,2026-07-30 16:05:01,2024-05-24 02:43:00
454,5117668,1,2026-07-30 01:05:01,2026-07-30 16:05:01,2024-06-04 03:02:10
5123340,5117668,65537,2024-08-31 03:33:00,2026-07-30 16:05:01,2024-02-25 03:34:00
10126551,5117668,16777473,2026-07-30 14:47:22,2026-07-25 02:05:01,2024-02-25 07:43:00
45511857,5117668,1,2026-07-30 00:05:01,2026-07-30 16:05:01,2024-05-24 02:43:00
454,5120613,1,2026-07-30 01:05:01,2026-07-30 16:05:01,2024-06-04 03:02:10
5123340,5120613,65537,2024-08-31 03:33:00,2026-07-30 16:05:01,2024-02-25 03:34:00
5123340,1782897,65537,2024-08-31 03:33:00,2026-07-30 16:05:01,2024-02-25 03:34:00
10126551,1782897,16777473,2026-07-30 14:47:22,2026-07-30 05:05:01,2024-02-25 07:43:00
45511857,1782897,1,2026-07-30 00:05:01,2026-07-30 16:05:01,2024-05-24 02:43:00
454,1786354,1,2026-07-30 01:05:01,2026-07-30 16:05:01,2025-01-14 17:05:01
5123340,1786354,0,,2026-07-30 16:05:01,
10126551,1786354,16777473,2026-07-30 14:47:22,2026-07-30 05:05:01,2026-03-14 17:05:01
45511857,1786354,1,2026-07-30 00:05:01,2026-07-30 16:05:01,2025-01-15 02:05:01
454,1853445,1,2026-07-30 01:05:01,2026-07-30 16:05:01,2024-06-04 03:02:10
5123340,1853445,65537,2024-08-31 03:33:00,2026-07-30 16:05:01,2024-02-25 03:34:00
10126551,1853445,16777473,2026-07-30 14:47:22,2026-07-10 11:05:01,2024-02-25 07:43:00
45511857,1853445,1,2026-07-30 00:05:01,2026-07-30 16:05:01,2024-05-24 02:43:00
454,1872322,1,2026-07-30 01:05:01,2026-07-30 16:05:01,2024-06-04 03:02:10
5123340,1872322,65537,2024-08-31 03:33:00,2026-07-30 16:05:01,2024-02-25 03:34:00
10126551,1872322,16777473,2026-07-30 14:47:22,2026-07-28 04:05:01,2024-02-25 07:43:00
45511857,1872322,1,2026-07-30 00:05:01,2026-07-30 16:05:01,2024-05-24 02:43:00
454,1873270,1,2026-07-30 01:05:01,2026-07-30 16:05:01,2024-06-04 03:02:10
5123340,1873270,65537,2024-08-31 03:33:00,2026-07-30 16:05:01,2024-02-25 03:34:00
10126551,1873270,16777473,2026-07-30 14:47:22,2026-07-25 03:05:01,2024-02-25 07:43:00
45511857,1873270,1,2026-07-30 00:05:01,2026-07-30 16:05:01,2024-05-24 02:43:00
454,1894489,1,2026-07-30 01:05:01,2026-07-30 16:05:01,2024-06-04 03:02:10
5123340,1894489,65537,2024-08-31 03:33:00,2026-07-30 16:05:01,2024-02-25 03:34:00
10126551,1894489,16777473,2026-07-30 14:47:22,2026-07-30 05:05:01,2024-02-25 07:43:00
45511857,1894489,1,2026-07-30 00:05:01,2026-07-30 16:05:01,2024-05-24 02:43:00
454,2004108,1,2026-07-30 01:05:01,2026-07-30 16:05:01,2024-06-04 03:02:10
5123340,2004108,65537,2024-08-31 03:33:00,2026-07-30 16:05:01,2024-02-25 03:34:00
10126551,2004108,16777473,2026-07-30 14:47:22,2026-07-30 05:05:01,2024-02-25 07:43:00
45511857,2004108,1,2026-07-30 00:05:01,2026-07-30 16:05:01,2024-05-24 02:43:00
454,2046766,1,2026-07-30 01:05:01,2026-07-30 16:05:01,2024-06-04 03:02:10
5123340,2046766,65537,2024-08-31 03:33:00,2026-07-30 16:05:01,2024-02-25 03:34:00
10126551,2046766,16777473,2026-07-30 14:47:22,2026-07-28 04:05:01,2024-02-25 07:43:00
45511857,2046766,1,2026-07-30 00:05:01,2026-07-30 16:05:01,2024-05-24 02:43:00
454,2084860,1,2026-07-30 01:05:01,2026-07-30 16:05:01,2024-06-04 03:02:10
5123340,2084860,65537,2024-08-31 03:33:00,2026-07-30 16:05:01,2024-02-25 03:34:00
10126551,2084860,16777473,2026-07-30 14:47:22,2026-07-30 05:05:01,2024-02-25 07:43:00
45511857,2084860,1,2026-07-30 00:05:01,2026-07-30 16:05:01,2024-05-24 02:43:00
454,2089015,1,2026-07-30 01:05:01,2026-07-30 16:05:01,2024-06-04 03:02:10
5123340,2089015,65537,2024-08-31 03:33:00,2026-07-30 16:05:01,2024-02-25 03:34:00
10126551,2089015,16777473,2026-07-30 14:47:22,2026-07-30 04:05:01,2024-02-25 07:43:00
45511857,2089015,1,2026-07-30 00:05:01,2026-07-30 16:05:01,2024-05-24 02:43:00
454,2143180,1,2026-07-30 01:05:01,2026-07-30 16:05:01,2024-06-04 03:02:10
5123340,2143180,65537,2024-08-31 03:33:00,2026-07-30 16:05:01,2024-02-25 03:34:00
10126551,2143180,16777473,2026-07-30 14:47:22,2026-07-30 05:05:01,2024-02-25 07:43:00
45511857,2143180,1,2026-07-30 00:05:01,2026-07-30 16:05:01,2024-05-24 02:43:00
454,2146502,1,2026-07-30 01:05:01,2026-07-30 16:05:01,2024-06-04 03:02:10
5123340,2146502,65537,2024-08-31 03:33:00,2026-07-30 16:05:01,2024-02-25 03:34:00
10126551,2146502,16777473,2026-07-30 14:47:22,2026-07-28 04:05:01,2024-02-25 07:43:00
45511857,2146502,1,2026-07-30 00:05:01,2026-07-30 16:05:01,2024-05-24 02:43:00
454,2179251,1,2026-07-30 01:05:01,2026-07-30 16:05:01,2024-06-04 03:02:10
5123340,2179251,65537,2024-08-31 03:33:00,2026-07-30 16:05:01,2024-02-25 03:34:00
10126551,2179251,16777473,2026-07-30 14:47:22,2026-07-28 04:05:01,2024-02-25 07:43:00
45511857,2179251,1,2026-07-30 00:05:01,2026-07-30 16:05:01,2024-05-24 02:43:00
454,2344606,1,2026-07-30 01:05:01,2026-07-30 16:05:01,2024-06-04 03:02:10
5123340,2344606,65537,2024-08-31 03:33:00,2026-07-30 16:05:01,2024-02-25 03:34:00
10126551,2344606,16777473,2026-07-30 14:47:22,2026-07-30 05:05:01,2024-02-25 07:43:00
45511857,2344606,1,2026-07-30 00:05:01,2026-07-30 16:05:01,2024-05-24 02:43:00
454,2350530,1,2026-07-30 01:05:01,2026-07-30 16:05:01,2024-06-04 03:02:10
5123340,2350530,65537,2024-08-31 03:33:00,2026-07-30 16:05:01,2024-02-25 03:34:00
10126551,2350530,16777473,2026-07-30 14:47:22,2026-07-30 00:05:01,2024-02-25 07:43:00
45511857,2350530,1,2026-07-30 00:05:01,2026-07-30 16:05:01,2024-05-24 02:43:00
454,2364296,1,2026-07-30 01:05:01,2026-07-30 16:05:01,2024-06-04 03:02:10
5123340,2364296,65537,2024-08-31 03:33:00,2026-07-30 16:05:01,2024-02-25 03:34:00
10126551,2364296,16777473,2026-07-30 14:47:22,2026-07-30 05:05:01,2024-02-25 07:43:00
45511857,2364296,1,2026-07-30 00:05:01,2026-07-30 16:05:01,2024-05-24 02:43:00
454,2375533,1,2026-07-30 01:05:01,2026-07-30 16:05:01,2024-06-04 03:02:10
5123340,2375533,65537,2024-08-31 03:33:00,2026-07-30 16:05:01,2024-02-25 03:34:00
10126551,2375533,16777473,2026-07-30 14:47:22,2026-07-30 05:05:01,2024-02-25 07:43:00
45511857,2375533,1,2026-07-30 00:05:01,2026-07-30 16:05:01,2024-05-24 02:43:00
454,2378578,1,2026-07-30 01:05:01,2026-07-30 16:05:01,2024-06-04 03:02:10
5123340,2378578,65537,2024-08-31 03:33:00,2026-07-30 16:05:01,2024-02-25 03:34:00
10126551,2378578,16777473,2026-07-30 14:47:22,2026-07-30 05:05:01,2024-02-25 07:43:00
45511857,2378578,1,2026-07-30 00:05:01,2026-07-30 16:05:01,2024-05-24 02:43:00
454,2393732,1,2026-07-30 01:05:01,2026-07-30 16:05:01,2024-06-04 03:02:10
5123340,2393732,65537,2024-08-31 03:33:00,2026-07-30 16:05:01,2024-02-25 03:34:00
10126551,2393732,16777473,2026-07-30 14:47:22,2026-07-27 03:05:01,2024-02-25 07:43:00
45511857,2393732,1,2026-07-30 00:05:01,2026-07-30 16:05:01,2024-05-24 02:43:00
454,2760727,1,2026-07-30 01:05:01,2026-07-30 16:05:01,2024-06-04 03:02:10
5123340,2760727,65537,2024-08-31 03:33:00,2026-07-30 16:05:01,2024-02-25 03:34:00
10126551,2760727,16777473,2026-07-30 14:47:22,2026-07-30 05:05:01,2024-02-25 07:43:00
45511857,2760727,1,2026-07-30 00:05:01,2026-07-30 16:05:01,2024-05-24 02:43:00
454,2791876,1,2026-07-30 01:05:01,2026-07-30 16:05:01,2024-06-04 03:02:10
5123340,2791876,65537,2024-08-31 03:33:00,2026-07-30 16:05:01,2024-02-25 03:34:00
10126551,2791876,16777473,2026-07-30 14:47:22,2026-07-30 05:05:01,2024-02-25 07:43:00
45511857,2791876,1,2026-07-30 00:05:01,2026-07-30 16:05:01,2024-05-24 02:43:00
454,2791995,1,2026-07-30 01:05:01,2026-07-30 16:05:01,2024-06-04 03:02:10
5123340,2791995,65537,2024-08-31 03:33:00,2026-07-30 16:05:01,2024-02-25 03:34:00
10126551,2791995,16777473,2026-07-30 14:47:22,2026-07-30 04:05:01,2024-02-25 07:43:00
45511857,2791995,1,2026-07-30 00:05:01,2026-07-30 16:05:01,2024-05-24 02:43:00
454,2830593,1,2026-07-30 01:05:01,2026-07-30 16:05:01,2024-06-04 03:02:10
5123340,2830593,65537,2024-08-31 03:33:00,2026-07-30 16:05:01,2024-02-25 03:34:00
10126551,2830593,16777473,2026-07-30 14:47:22,2026-07-28 04:05:01,2024-02-25 07:43:00
45511857,2830593,1,2026-07-30 00:05:01,2026-07-30 16:05:01,2024-05-24 02:43:00
454,2841584,1,2026-07-30 01:05:01,2026-07-30 16:05:01,2024-06-04 03:02:10
5123340,2841584,65537,2024-08-31 03:33:00,2026-07-30 16:05:01,2024-02-25 03:34:00
10126551,2841584,16777473,2026-07-30 14:47:22,2026-07-28 05:05:01,2024-02-25 07:43:00
45511857,2841584,1,2026-07-30 00:05:01,2026-07-30 16:05:01,2024-05-24 02:43:00
454,2853779,1,2026-07-30 01:05:01,2026-07-30 16:05:01,2024-06-04 03:02:10
5123340,2853779,65537,2024-08-31 03:33:00,2026-07-30 16:05:01,2024-02-25 03:34:00
10126551,2853779,16777473,2026-07-30 14:47:22,2026-07-28 10:05:01,2024-02-25 07:43:00
45511857,2853779,1,2026-07-30 00:05:01,2026-07-30 16:05:01,2024-05-24 02:43:00
454,2860478,1,2026-07-30 01:05:01,2026-07-30 16:05:01,2024-06-04 03:02:10
5123340,2860478,65537,2024-08-31 03:33:00,2026-07-30 16:05:01,2024-02-25 03:34:00
10126551,2860478,16777473,2026-07-30 14:47:22,2026-07-30 00:05:01,2024-02-25 07:43:00
45511857,2860478,1,2026-07-30 00:05:01,2026-07-30 16:05:01,2024-05-24 02:43:00
454,2991692,1,2026-07-30 01:05:01,2026-07-30 16:05:01,2024-06-04 03:02:10
5123340,2991692,65537,2024-08-31 03:33:00,2026-07-30 16:05:01,2024-02-25 03:34:00
10126551,2991692,16777473,2026-07-30 14:47:22,2026-07-30 05:05:01,2024-02-25 07:43:00
45511857,2991692,1,2026-07-30 00:05:01,2026-07-30 16:05:01,2024-05-24 02:43:00
454,2994426,1,2026-07-30 01:05:01,2026-07-30 16:05:01,2024-06-04 03:02:10
5123340,2994426,65537,2024-08-31 03:33:00,2026-07-30 16:05:01,2024-02-25 03:34:00
10126551,2994426,16777473,2026-07-30 14:47:22,2026-07-28 00:05:01,2024-02-25 07:43:00
45511857,2994426,1,2026-07-30 00:05:01,2026-07-30 16:05:01,2024-05-24 02:43:00
454,3060515,1,2026-07-30 01:05:01,2026-07-30 16:05:01,2024-06-04 03:02:10
5123340,3060515,65537,2024-08-31 03:33:00,2026-07-30 16:05:01,2024-02-25 03:34:00
10126551,3060515,16777473,2026-07-30 14:47:22,2026-07-28 04:05:01,2024-02-25 07:43:00
45511857,3060515,1,2026-07-30 00:05:01,2026-07-30 16:05:01,2024-05-24 02:43:00
454,3181583,1,2026-07-30 01:05:01,2026-07-30 16:05:01,2024-06-04 03:02:10
5123340,3181583,65537,2024-08-31 03:33:00,2026-07-30 16:05:01,2024-02-25 03:34:00
10126551,3181583,16777473,2026-07-30 14:47:22,2026-07-27 03:05:01,2024-02-25 07:43:00
45511857,3181583,1,2026-07-30 00:05:01,2026-07-30 16:05:01,2024-05-24 02:43:00
454,3216750,1,2026-07-30 01:05:01,2026-07-30 16:05:01,2024-06-04 03:02:10
5123340,3216750,65537,2024-08-31 03:33:00,2026-07-30 16:05:01,2024-02-25 03:34:00
10126551,3216750,16777473,2026-07-30 14:47:22,2026-07-30 05:05:01,2024-02-25 07:43:00
45511857,3216750,1,2026-07-30 00:05:01,2026-07-30 16:05:01,2024-05-24 02:43:00
454,3231115,1,2026-07-30 01:05:01,2026-07-30 16:05:01,2024-06-04 03:02:10
5123340,3231115,65537,2024-08-31 03:33:00,2026-07-30 16:05:01,2024-02-25 03:34:00
10126551,3231115,16777473,2026-07-30 14:47:22,2026-07-28 00:05:01,2024-02-25 07:43:00
45511857,3231115,1,2026-07-30 00:05:01,2026-07-30 16:05:01,2024-05-24 02:43:00
454,3276709,1,2026-07-30 01:05:01,2026-07-30 16:05:01,2024-06-04 03:02:10
5123340,3276709,65537,2024-08-31 03:33:00,2026-07-30 16:05:01,2024-02-25 03:34:00
10126551,3276709,16777473,2026-07-30 14:47:22,2026-07-28 04:05:01,2024-02-25 07:43:00
45511857,3276709,1,2026-07-30 00:05:01,2026-07-30 16:05:01,2024-05-24 02:43:00
454,3473229,1,2026-07-30 01:05:01,2026-07-30 16:05:01,2024-06-04 03:02:10
5123340,3473229,65537,2024-08-31 03:33:00,2026-07-30 16:05:01,2024-02-25 03:34:00
10126551,3473229,16777473,2026-07-30 14:47:22,2026-07-30 05:05:01,2024-02-25 07:43:00
45511857,3473229,1,2026-07-30 00:05:01,2026-07-30 16:05:01,2024-05-24 02:43:00
454,3491011,1,2026-07-30 01:05:01,2026-07-30 16:05:01,2024-06-04 03:02:10
5123340,3491011,65537,2024-08-31 03:33:00,2026-07-30 16:05:01,2024-02-25 03:34:00
10126551,3491011,16777473,2026-07-30 14:47:22,2026-07-30 05:05:01,2024-02-25 07:43:00
45511857,3491011,1,2026-07-30 00:05:01,2026-07-30 16:05:01,2024-05-24 02:43:00
454,3505958,1,2026-07-30 01:05:01,2026-07-30 16:05:01,2024-06-04 03:02:10
5123340,3505958,65537,2024-08-31 03:33:00,2026-07-30 16:05:01,2024-02-25 03:34:00
10126551,3505958,16777473,2026-07-30 14:47:22,2026-07-28 04:05:01,2024-02-25 07:43:00
45511857,3505958,1,2026-07-30 00:05:01,2026-07-30 16:05:01,2024-05-24 02:43:00
454,3531772,1,2026-07-30 01:05:01,2026-07-30 16:05:01,2024-06-04 03:02:10
5123340,3531772,65537,2024-08-31 03:33:00,2026-07-30 16:05:01,2024-02-25 03:34:00
10126551,3531772,16777473,2026-07-30 14:47:22,2026-07-27 04:05:01,2024-02-25 07:43:00
45511857,3531772,1,2026-07-30 00:05:01,2026-07-30 16:05:01,2024-05-24 02:43:00
454,3562493,1,2026-07-30 01:05:01,2026-07-30 16:05:01,2024-06-04 03:02:10
5123340,3562493,65537,2024-08-31 03:33:00,2026-07-30 16:05:01,2024-02-25 03:34:00
10126551,3562493,16777473,2026-07-30 14:47:22,2026-07-30 05:05:01,2024-02-25 07:43:00
45511857,3562493,1,2026-07-30 00:05:01,2026-07-30 16:05:01,2024-05-24 02:43:00
454,3609253,1,2026-07-30 01:05:01,2026-07-30 16:05:01,2024-06-04 03:02:10
5123340,3609253,65537,2024-08-31 03:33:00,2026-07-30 16:05:01,2024-02-25 03:34:00
10126551,3609253,16777473,2026-07-30 14:47:22,2026-07-30 05:05:01,2024-02-25 07:43:00
45511857,3609253,1,2026-07-30 00:05:01,2026-07-30 16:05:01,2024-05-24 02:43:00
454,3807480,1,2026-07-30 01:05:01,2026-07-30 16:05:01,2024-06-04 03:02:10
5123340,3807480,65537,2024-08-31 03:33:00,2026-07-30 16:05:01,2024-02-25 03:34:00
10126551,3807480,16777473,2026-07-30 14:47:22,2026-07-30 05:05:01,2024-02-25 07:43:00
45511857,3807480,1,2026-07-30 00:05:01,2026-07-30 16:05:01,2024-05-24 02:43:00
454,3822319,1,2026-07-30 01:05:01,2026-07-30 16:05:01,2024-06-04 03:02:10
5123340,3822319,65537,2024-08-31 03:33:00,2026-07-30 16:05:01,2024-02-25 03:34:00
10126551,3822319,16777473,2026-07-30 14:47:22,2026-07-30 05:05:01,2024-02-25 07:43:00
45511857,3822319,1,2026-07-30 00:05:01,2026-07-30 16:05:01,2024-05-24 02:43:00
454,3826700,1,2026-07-30 01:05:01,2026-07-30 16:05:01,2024-06-04 03:02:10
5123340,3826700,65537,2024-08-31 03:33:00,2026-07-30 16:05:01,2024-02-25 03:34:00
10126551,3826700,16777473,2026-07-30 14:47:22,2026-07-10 10:05:01,2024-02-25 07:43:00
45511857,3826700,1,2026-07-30 00:05:01,2026-07-30 16:05:01,2024-05-24 02:43:00
454,3881284,1,2026-07-30 01:05:01,2026-07-30 16:05:01,2024-06-04 03:02:10
5123340,3881284,65537,2024-08-31 03:33:00,2026-07-30 16:05:01,2024-02-25 03:34:00
10126551,3881284,16777473,2026-07-30 14:47:22,2026-07-30 05:05:01,2024-02-25 07:43:00
45511857,3881284,1,2026-07-30 00:05:01,2026-07-30 16:05:01,2024-05-24 02:43:00
454,3886902,1,2026-07-30 01:05:01,2026-07-30 16:05:01,2024-06-04 03:02:10
5123340,3886902,65537,2024-08-31 03:33:00,2026-07-30 16:05:01,2024-02-25 03:34:00
10126551,3886902,16777473,2026-07-30 14:47:22,2026-07-30 05:05:01,2024-02-25 07:43:00
45511857,3886902,1,2026-07-30 00:05:01,2026-07-30 16:05:01,2024-05-24 02:43:00
454,3896456,1,2026-07-30 01:05:01,2026-07-30 16:05:01,2024-06-04 03:02:10
5123340,3896456,65537,2024-08-31 03:33:00,2026-07-30 16:05:01,2024-02-25 03:34:00
10126551,3896456,16777473,2026-07-30 14:47:22,2026-07-30 05:05:01,2024-02-25 07:43:00
45511857,3896456,1,2026-07-30 00:05:01,2026-07-30 16:05:01,2024-05-24 02:43:00
454,4275581,1,2026-07-30 01:05:01,2026-07-30 16:05:01,2024-06-04 03:02:10
5123340,4275581,65537,2024-08-31 03:33:00,2026-07-30 16:05:01,2024-02-25 03:34:00
10126551,4275581,16777473,2026-07-30 14:47:22,2026-07-30 05:05:01,2024-02-25 07:43:00
45511857,4275581,1,2026-07-30 00:05:01,2026-07-30 16:05:01,2024-05-24 02:43:00
454,4277348,1,2026-07-30 01:05:01,2026-07-30 16:05:01,2024-06-04 03:02:10
5123340,4277348,65537,2024-08-31 03:33:00,2026-07-30 16:05:01,2024-02-25 03:34:00
10126551,4277348,16777473,2026-07-30 14:47:22,2026-07-30 05:05:01,2024-02-25 07:43:00
45511857,4277348,1,2026-07-30 00:05:01,2026-07-30 16:05:01,2024-05-24 02:43:00
454,4278842,1,2026-07-30 01:05:01,2026-07-30 16:05:01,2024-06-04 03:02:10
5123340,4278842,65537,2024-08-31 03:33:00,2026-07-30 16:05:01,2024-02-25 03:34:00
10126551,4278842,16777473,2026-07-30 14:47:22,2026-07-28 05:05:01,2024-02-25 07:43:00
45511857,4278842,1,2026-07-30 00:05:01,2026-07-30 16:05:01,2024-05-24 02:43:00
454,4285253,1,2026-07-30 01:05:01,2026-07-30 16:05:01,2024-06-04 03:02:10
5123340,4285253,65537,2024-08-31 03:33:00,2026-07-30 16:05:01,2024-02-25 03:34:00
10126551,4285253,16777473,2026-07-30 14:47:22,2026-07-30 05:05:01,2024-02-25 07:43:00
45511857,4285253,1,2026-07-30 00:05:01,2026-07-30 16:05:01,2024-05-24 02:43:00
454,4299069,1,2026-07-30 01:05:01,2026-07-30 16:05:01,2024-06-04 03:02:10
5123340,4299069,65537,2024-08-31 03:33:00,2026-07-30 16:05:01,2024-02-25 03:34:00
10126551,4299069,16777473,2026-07-30 14:47:22,2026-07-30 04:05:01,2024-02-25 07:43:00
45511857,4299069,1,2026-07-30 00:05:01,2026-07-30 16:05:01,2024-05-24 02:43:00
454,4317870,1,2026-07-30 01:05:01,2026-07-30 16:05:01,2024-06-04 03:02:10
5123340,4317870,65537,2024-08-31 03:33:00,2026-07-30 16:05:01,2024-02-25 03:34:00
10126551,4317870,16777473,2026-07-30 14:47:22,2026-07-26 03:05:01,2024-02-25 07:43:00
45511857,4317870,1,2026-07-30 00:05:01,2026-07-30 16:05:01,2024-05-24 02:43:00
10126551,4262161,16777473,2026-07-30 14:47:22,2026-07-30 16:05:01,2024-02-25 07:43:00
454,4532624,1,2026-07-30 01:05:01,2026-07-30 16:05:01,2024-06-04 03:02:10
5123340,4532624,65537,2024-08-31 03:33:00,2026-07-30 16:05:01,2024-02-25 03:34:00
10126551,4532624,16777473,2026-07-30 14:47:22,2026-07-28 00:05:01,2024-02-25 07:43:00
45511857,4532624,1,2026-07-30 00:05:01,2026-07-30 16:05:01,2024-05-24 02:43:00
454,4556011,1,2026-07-30 01:05:01,2026-07-30 16:05:01,2024-06-04 03:02:10
5123340,4556011,65537,2024-08-31 03:33:00,2026-07-30 16:05:01,2024-02-25 03:34:00
10126551,4556011,16777473,2026-07-30 14:47:22,2026-07-30 05:05:01,2024-02-25 07:43:00
45511857,4556011,1,2026-07-30 00:05:01,2026-07-30 16:05:01,2024-05-24 02:43:00
454,4577143,1,2026-07-30 01:05:01,2026-07-30 16:05:01,2024-06-04 03:02:10
5123340,4577143,65537,2024-08-31 03:33:00,2026-07-30 16:05:01,2024-02-25 03:34:00
10126551,4577143,16777473,2026-07-30 14:47:22,2026-07-28 00:05:01,2024-02-25 07:43:00
45511857,4577143,1,2026-07-30 00:05:01,2026-07-30 16:05:01,2024-05-24 02:43:00
454,4591247,1,2026-07-30 01:05:01,2026-07-30 16:05:01,2024-06-04 03:02:10
5123340,4591247,65537,2024-08-31 03:33:00,2026-07-30 16:05:01,2024-02-25 03:34:00
10126551,4591247,16777473,2026-07-30 14:47:22,2026-07-30 05:05:01,2024-02-25 07:43:00
45511857,4591247,1,2026-07-30 00:05:01,2026-07-30 16:05:01,2024-05-24 02:43:00
454,4637395,1,2026-07-30 01:05:01,2026-07-30 16:05:01,2024-06-04 03:02:10
5123340,4637395,65537,2024-08-31 03:33:00,2026-07-30 16:05:01,2024-02-25 03:34:00
10126551,4637395,16777473,2026-07-30 14:47:22,2026-07-23 10:05:01,2024-02-25 07:43:00
45511857,4637395,1,2026-07-30 00:05:01,2026-07-30 16:05:01,2024-05-24 02:43:00
454,4639178,1,2026-07-30 01:05:01,2026-07-30 16:05:01,2024-06-05 23:36:02
5123340,4639178,65537,2024-08-31 03:33:00,2026-07-30 16:05:01,2024-02-25 03:34:00
10126551,4639178,16777473,2026-07-30 14:47:22,2026-07-20 22:05:01,2024-02-25 07:43:00
45511857,4639178,1,2026-07-30 00:05:01,2026-07-30 16:05:01,2024-05-24 02:43:00
454,4667676,1,2026-07-30 01:05:01,2026-07-30 16:05:01,2024-06-04 03:02:10
5123340,4667676,65537,2024-08-31 03:33:00,2026-07-30 16:05:01,2024-02-25 03:34:00
10126551,4667676,16777473,2026-07-30 14:47:22,2026-07-28 04:05:01,2024-02-25 07:43:00
45511857,4667676,1,2026-07-30 00:05:01,2026-07-30 16:05:01,2024-05-24 02:43:00
454,4921969,1,2026-07-30 01:05:01,2026-07-30 16:05:01,2024-06-04 03:02:10
5123340,4921969,65537,2024-08-31 03:33:00,2026-07-30 16:05:01,2024-02-25 03:34:00
10126551,4921969,16777473,2026-07-30 14:47:22,2026-07-28 23:05:01,2024-02-25 07:43:00
45511857,4921969,1,2026-07-30 00:05:01,2026-07-30 16:05:01,2024-05-24 02:43:00
454,4929093,1,2026-07-30 01:05:01,2026-07-30 16:05:01,2024-06-04 03:02:10
5123340,4929093,65537,2024-08-31 03:33:00,2026-07-30 16:05:01,2024-02-25 03:34:00
10126551,4929093,16777473,2026-07-30 14:47:22,2026-07-27 03:05:01,2024-02-25 07:43:00
45511857,4929093,1,2026-07-30 00:05:01,2026-07-30 16:05:01,2024-05-24 02:43:00
454,4942173,1,2026-07-30 01:05:01,2026-07-30 16:05:01,2024-06-04 03:02:10
5123340,4942173,65537,2024-08-31 03:33:00,2026-07-30 16:05:01,2024-02-25 03:34:00
10126551,4942173,16777473,2026-07-30 14:47:22,2026-07-30 05:05:01,2024-02-25 07:43:00
45511857,4942173,1,2026-07-30 00:05:01,2026-07-30 16:05:01,2024-05-24 02:43:00
454,4968750,1,2026-07-30 01:05:01,2026-07-30 16:05:01,2024-06-04 03:02:10
5123340,4968750,65537,2024-08-31 03:33:00,2026-07-30 16:05:01,2024-02-25 03:34:00
10126551,4968750,16777473,2026-07-30 14:47:22,2026-07-28 03:05:01,2024-02-25 07:43:00
45511857,4968750,1,2026-07-30 00:05:01,2026-07-30 16:05:01,2024-05-24 02:43:00
454,4994703,1,2026-07-30 01:05:01,2026-07-30 16:05:01,2024-06-04 03:02:10
5123340,4994703,65537,2024-08-31 03:33:00,2026-07-30 16:05:01,2024-02-25 03:34:00
10126551,4994703,16777473,2026-07-30 14:47:22,2026-07-10 11:05:01,2024-02-25 07:43:00
45511857,4994703,1,2026-07-30 00:05:01,2026-07-30 16:05:01,2024-05-24 02:43:00
454,5002737,1,2026-07-30 01:05:01,2026-07-30 16:05:01,2024-06-04 03:02:10
5123340,5002737,65537,2024-08-31 03:33:00,2026-07-30 16:05:01,2024-02-25 03:34:00
10126551,5002737,16777473,2026-07-30 14:47:22,2026-07-10 10:05:01,2024-02-25 07:43:00
45511857,5002737,1,2026-07-30 00:05:01,2026-07-30 16:05:01,2024-05-24 02:43:00
454,5232774,1,2026-07-30 01:05:01,2026-07-30 16:05:01,2024-06-04 03:02:10
10126551,5120613,16777473,2026-07-30 14:47:22,2026-07-28 04:05:01,2024-02-25 07:43:00
45511857,5120613,1,2026-07-30 00:05:01,2026-07-30 16:05:01,2024-05-24 02:43:00
454,5174726,1,2026-07-30 01:05:01,2026-07-30 16:05:01,2024-06-04 03:02:10
5123340,5174726,65537,2024-08-31 03:33:00,2026-07-30 16:05:01,2024-02-25 03:34:00
10126551,5174726,16777473,2026-07-30 14:47:22,2026-07-30 05:05:01,2024-02-25 07:43:00
45511857,5174726,1,2026-07-30 00:05:01,2026-07-30 16:05:01,2024-05-24 02:43:00
454,5205518,1,2026-07-30 01:05:01,2026-07-30 16:05:01,2024-06-04 03:02:10
5123340,5205518,65537,2024-08-31 03:33:00,2026-07-30 16:05:01,2024-02-25 03:34:00
10126551,5205518,16777473,2026-07-30 14:47:22,2026-07-30 04:05:01,2024-02-25 07:43:00
45511857,5205518,1,2026-07-30 00:05:01,2026-07-30 16:05:01,2024-05-24 02:43:00
454,5206154,1,2026-07-30 01:05:01,2026-07-30 16:05:01,2024-06-04 03:02:10
5123340,5206154,65537,2024-08-31 03:33:00,2026-07-30 16:05:01,2024-02-25 03:34:00
10126551,5206154,16777473,2026-07-30 14:47:22,2026-07-30 04:05:01,2024-02-25 07:43:00
45511857,5206154,1,2026-07-30 00:05:01,2026-07-30 16:05:01,2024-05-24 02:43:00
454,5206316,1,2026-07-30 01:05:01,2026-07-30 16:05:01,2024-06-04 03:02:10
5123340,5206316,65537,2024-08-31 03:33:00,2026-07-30 16:05:01,2024-02-25 03:34:00
10126551,5206316,16777473,2026-07-30 14:47:22,2026-07-28 04:05:01,2024-02-25 07:43:00
45511857,5206316,1,2026-07-30 00:05:01,2026-07-30 16:05:01,2024-05-24 02:43:00
454,5419779,1,2026-07-30 01:05:01,2026-07-30 16:05:01,2024-06-04 03:02:10
5123340,5419779,65537,2024-08-31 03:33:00,2026-07-30 16:05:01,2024-02-25 03:34:00
10126551,5419779,16777473,2026-07-30 14:47:22,2026-07-12 15:09:50,2024-02-25 07:43:00
45511857,5419779,1,2026-07-30 00:05:01,2026-07-30 16:05:01,2024-05-24 02:43:00
454,5423723,1,2026-07-30 01:05:01,2026-07-30 16:05:01,2024-06-04 03:02:10
5123340,5423723,65537,2024-08-31 03:33:00,2026-07-30 16:05:01,2024-02-25 03:34:00
10126551,5423723,16777473,2026-07-30 14:47:22,2026-07-28 00:05:01,2024-02-25 07:43:00
45511857,5423723,1,2026-07-30 00:05:01,2026-07-30 16:05:01,2024-05-24 02:43:00
454,5443573,1,2026-07-30 01:05:01,2026-07-30 16:05:01,2024-06-04 03:02:10
5123340,5443573,65537,2024-08-31 03:33:00,2026-07-30 16:05:01,2024-02-25 03:34:00
10126551,5443573,16777473,2026-07-30 14:47:22,2026-07-28 05:05:01,2024-02-25 07:43:00
45511857,5443573,1,2026-07-30 00:05:01,2026-07-30 16:05:01,2024-05-24 02:43:00
454,5450467,1,2026-07-30 01:05:01,2026-07-30 16:05:01,2024-06-04 03:02:10
5123340,5450467,65537,2024-08-31 03:33:00,2026-07-30 16:05:01,2024-02-25 03:34:00
10126551,5450467,16777473,2026-07-30 14:47:22,2026-07-20 08:28:54,2024-02-25 07:43:00
45511857,5450467,1,2026-07-30 00:05:01,2026-07-30 16:05:01,2024-05-24 02:43:00
454,5453096,1,2026-07-30 01:05:01,2026-07-30 16:05:01,2024-06-04 03:02:10
10126551,5453096,16777473,2026-07-30 14:47:22,2026-07-10 10:05:01,2024-02-25 07:43:00
45511857,5453096,1,2026-07-30 00:05:01,2026-07-30 16:05:01,2024-05-24 02:43:00
454,5466357,1,2026-07-30 01:05:01,2026-07-30 16:05:01,2024-06-04 03:02:10
5123340,5466357,65537,2024-08-31 03:33:00,2026-07-30 16:05:01,2024-02-25 03:34:00
10126551,5466357,16777473,2026-07-30 14:47:22,2026-07-30 00:05:01,2024-02-25 07:43:00
45511857,5466357,1,2026-07-30 00:05:01,2026-07-30 16:05:01,2024-05-24 02:43:00
454,5577299,1,2026-07-30 01:05:01,2026-07-30 16:05:01,2024-06-04 03:02:10
5123340,5577299,65537,2024-08-31 03:33:00,2026-07-30 16:05:01,2024-02-25 03:34:00
10126551,5577299,16777473,2026-07-30 14:47:22,2026-07-28 04:05:01,2024-02-25 07:43:00
45511857,5577299,1,2026-07-30 00:05:01,2026-07-30 16:05:01,2024-05-24 02:43:00
454,5593040,1,2026-07-30 01:05:01,2026-07-30 16:05:01,2024-06-04 03:02:10
5123340,5593040,65537,2024-08-31 03:33:00,2026-07-30 16:05:01,2024-02-25 03:34:00
10126551,5593040,16777473,2026-07-30 14:47:22,2026-07-28 04:05:01,2024-02-25 07:43:00
45511857,5593040,1,2026-07-30 00:05:01,2026-07-30 16:05:01,2024-05-24 02:43:00
454,5595476,1,2026-07-30 01:05:01,2026-07-30 16:05:01,2024-06-04 03:02:10
10126551,5595476,16777473,2026-07-30 14:47:22,2026-07-10 10:05:01,2024-02-25 07:43:00
45511857,5595476,1,2026-07-30 00:05:01,2026-07-30 16:05:01,2024-05-24 02:43:00
454,5597400,1,2026-07-30 01:05:01,2026-07-30 16:05:01,2024-06-04 03:02:10
5123340,5597400,65537,2024-08-31 03:33:00,2026-07-30 16:05:01,2024-02-25 03:34:00
10126551,5597400,16777473,2026-07-30 14:47:22,2026-07-10 10:05:01,2024-02-25 07:43:00
45511857,5597400,1,2026-07-30 00:05:01,2026-07-30 16:05:01,2024-05-24 02:43:00
454,5597744,1,2026-07-30 01:05:01,2026-07-30 16:05:01,2024-06-04 03:02:10
5123340,5597744,65537,2024-08-31 03:33:00,2026-07-30 16:05:01,2024-05-24 03:33:00
10126551,5597744,16777473,2026-07-30 14:47:22,2026-07-10 10:05:01,2024-02-25 07:43:00
45511857,5597744,1,2026-07-30 00:05:01,2026-07-30 16:05:01,2024-05-24 02:43:00
454,5598375,1,2026-07-30 01:05:01,2026-07-30 16:05:01,2024-06-04 03:02:10
5123340,5598375,65537,2024-08-31 03:33:00,2026-07-30 16:05:01,2024-02-25 03:34:00
10126551,5598375,16777473,2026-07-30 14:47:22,2026-07-28 23:05:01,2024-02-25 07:43:00
45511857,5598375,1,2026-07-30 00:05:01,2026-07-30 16:05:01,2024-05-24 02:43:00
454,5604503,1,2026-07-30 01:05:01,2026-07-30 16:05:01,2024-06-04 03:02:10
5123340,5604503,65537,2024-08-31 03:33:00,2026-07-30 16:05:01,2024-02-25 03:34:00
10126551,5604503,16777473,2026-07-30 14:47:22,2026-07-28 04:05:01,2024-02-25 07:43:00
45511857,5604503,1,2026-07-30 00:05:01,2026-07-30 16:05:01,2024-05-24 02:43:00
454,5628902,1,2026-07-30 01:05:01,2026-07-30 16:05:01,2024-06-04 03:02:10
5123340,5628902,65537,2024-08-31 03:33:00,2026-07-30 16:05:01,2024-02-25 03:34:00
10126551,5628902,16777473,2026-07-30 14:47:22,2026-07-28 04:05:01,2024-02-25 07:43:00
45511857,5628902,1,2026-07-30 00:05:01,2026-07-30 16:05:01,2024-05-25 02:43:00
454,5628957,1,2026-07-30 01:05:01,2026-07-30 16:05:01,2024-06-04 03:02:10
5123340,5628957,65537,2024-08-31 03:33:00,2026-07-30 16:05:01,2024-02-25 03:34:00
10126551,5628957,16777473,2026-07-30 14:47:22,2026-07-30 00:05:01,2024-02-25 07:43:00
45511857,5628957,1,2026-07-30 00:05:01,2026-07-30 16:05:01,2024-05-25 02:43:00
454,5629233,1,2026-07-30 01:05:01,2026-07-30 16:05:01,2024-06-04 03:02:10
5123340,5629233,65537,2024-08-31 03:33:00,2026-07-30 16:05:01,2024-02-25 03:34:00
10126551,5629233,16777473,2026-07-30 14:47:22,2026-07-28 00:05:01,2024-02-25 07:43:00
45511857,5629233,1,2026-07-30 00:05:01,2026-07-30 16:05:01,2024-05-25 02:43:00
454,5629994,1,2026-07-30 01:05:01,2026-07-30 16:05:01,2024-06-04 03:02:10
5123340,5629994,65537,2024-08-31 03:33:00,2026-07-30 16:05:01,2024-02-25 03:34:00
10126551,5629994,16777473,2026-07-30 14:47:22,2026-07-30 00:05:01,2024-02-25 07:43:00
45511857,5629994,1,2026-07-30 00:05:01,2026-07-30 16:05:01,2024-05-25 02:43:00
454,5632567,1,2026-07-30 01:05:01,2026-07-30 16:05:01,2024-06-04 03:02:10
5123340,5632567,65537,2024-08-31 03:33:00,2026-07-30 16:05:01,2024-02-25 03:34:00
10126551,5632567,16777473,2026-07-30 14:47:22,2026-07-30 05:05:01,2024-02-25 07:43:00
45511857,5632567,1,2026-07-30 00:05:01,2026-07-30 16:05:01,2024-05-25 02:43:00
454,5633066,1,2026-07-30 01:05:01,2026-07-30 16:05:01,2024-06-04 03:02:10
5123340,5633066,65537,2024-08-31 03:33:00,2026-07-30 16:05:01,2024-02-25 03:34:00
10126551,5633066,16777473,2026-07-30 14:47:22,2026-07-30 05:05:01,2024-02-25 07:43:00
45511857,5633066,1,2026-07-30 00:05:01,2026-07-30 16:05:01,2024-05-25 02:43:00
454,5636633,1,2026-07-30 01:05:01,2026-07-30 16:05:01,2025-02-25 23:05:02
10126551,5636633,16777473,2026-07-30 14:47:22,2026-07-17 04:05:01,2026-03-14 17:05:01
45511857,5636633,1,2026-07-30 00:05:01,2026-07-30 16:05:01,2025-03-09 02:05:01
454,5705083,1,2026-07-30 01:05:01,2026-07-30 16:05:01,2024-06-04 03:02:10
10126551,5705083,16777473,2026-07-30 14:47:22,2026-07-10 10:05:01,2024-02-25 07:43:00
45511857,5705083,1,2026-07-30 00:05:01,2026-07-30 16:05:01,2024-05-25 02:43:00
454,5705096,1,2026-07-30 01:05:01,2026-07-30 16:05:01,2024-06-04 03:02:10
10126551,5705096,16777473,2026-07-30 14:47:22,2026-07-10 10:05:01,2024-02-25 07:43:00
45511857,5705096,1,2026-07-30 00:05:01,2026-07-30 16:05:01,2024-05-25 02:43:00
454,5706152,1,2026-07-30 01:05:01,2026-07-30 16:05:01,2024-06-04 03:02:10
5123340,5706152,65537,2024-08-31 03:33:00,2026-07-30 16:05:01,2024-02-25 03:34:00
10126551,5706152,16777473,2026-07-30 14:47:22,2026-07-30 04:05:01,2024-02-25 07:43:00
45511857,5706152,1,2026-07-30 00:05:01,2026-07-30 16:05:01,2024-05-25 02:43:00
454,5709896,1,2026-07-30 01:05:01,2026-07-30 16:05:01,2024-06-04 03:02:10
5123340,5709896,65537,2024-08-31 03:33:00,2026-07-30 16:05:01,2024-02-25 03:34:00
10126551,5709896,16777473,2026-07-30 14:47:22,2026-07-28 00:05:01,2024-02-25 07:43:00
45511857,5709896,1,2026-07-30 00:05:01,2026-07-30 16:05:01,2024-05-25 02:43:00
454,5710269,1,2026-07-30 01:05:01,2026-07-30 16:05:01,2024-06-04 03:02:10
10126551,5710269,16777473,2026-07-30 14:47:22,2026-07-10 10:05:01,2024-02-25 07:43:00
45511857,5710269,1,2026-07-30 00:05:01,2026-07-30 16:05:01,2024-05-25 02:43:00
454,5713463,1,2026-07-30 01:05:01,2026-07-30 16:05:01,2024-06-04 03:02:10
5123340,5713463,65537,2024-08-31 03:33:00,2026-07-30 16:05:01,2024-02-25 03:34:00
10126551,5713463,16777473,2026-07-30 14:47:22,2026-07-30 05:05:01,2024-02-25 07:43:00
45511857,5713463,1,2026-07-30 00:05:01,2026-07-30 16:05:01,2024-05-25 02:43:00
454,5727058,1,2026-07-30 01:05:01,2026-07-30 16:05:01,2024-06-04 03:02:10
5123340,5727058,65537,2024-08-31 03:33:00,2026-07-30 16:05:01,2024-02-25 03:34:00
10126551,5727058,16777473,2026-07-30 14:47:22,2026-07-27 01:05:02,2024-02-25 07:43:00
45511857,5727058,1,2026-07-30 00:05:01,2026-07-30 16:05:01,2024-05-25 02:43:00
454,5728863,1,2026-07-30 01:05:01,2026-07-30 16:05:01,2024-06-04 03:02:10
5123340,5728863,65537,2024-08-31 03:33:00,2026-07-30 16:05:01,2024-02-25 03:34:00
10126551,5728863,16777473,2026-07-30 14:47:22,2026-07-28 03:05:01,2024-02-25 07:43:00
45511857,5728863,1,2026-07-30 00:05:01,2026-07-30 16:05:01,2024-05-25 02:43:00
454,5732457,1,2026-07-30 01:05:01,2026-07-30 16:05:01,2024-06-04 03:02:10
5123340,5732457,65537,2024-08-31 03:33:00,2026-07-30 16:05:01,2024-02-25 03:34:00
10126551,5732457,16777473,2026-07-30 14:47:22,2026-07-27 02:05:01,2024-02-25 07:43:00
45511857,5732457,1,2026-07-30 00:05:01,2026-07-30 16:05:01,2024-05-25 02:43:00
454,5735283,1,2026-07-30 01:05:01,2026-07-30 16:05:01,2024-06-04 03:02:10
5123340,5735283,65537,2024-08-31 03:33:00,2026-07-30 16:05:01,2024-02-25 03:34:00
10126551,5735283,16777473,2026-07-30 14:47:22,2026-07-30 05:05:01,2024-02-25 07:43:00
45511857,5735283,1,2026-07-30 00:05:01,2026-07-30 16:05:01,2024-05-25 02:43:00
454,5738661,1,2026-07-30 01:05:01,2026-07-30 16:05:01,2024-06-04 03:02:10
5123340,5738661,65537,2024-08-31 03:33:00,2026-07-30 16:05:01,2024-02-25 03:34:00
10126551,5738661,16777473,2026-07-30 14:47:22,2026-07-28 04:05:01,2024-02-25 07:43:00
45511857,5738661,1,2026-07-30 00:05:01,2026-07-30 16:05:01,2024-05-25 02:43:00
454,5754934,1,2026-07-30 01:05:01,2026-07-30 16:05:01,2024-06-04 03:02:10
5123340,5754934,65537,2024-08-31 03:33:00,2026-07-30 16:05:01,2024-02-25 03:34:00
10126551,5754934,16777473,2026-07-30 14:47:22,2026-07-28 04:05:01,2024-02-25 07:43:00
45511857,5754934,1,2026-07-30 00:05:01,2026-07-30 16:05:01,2024-05-25 02:43:00
454,5759557,1,2026-07-30 01:05:01,2026-07-30 16:05:01,2024-06-04 03:02:10
10126551,5759557,16777473,2026-07-30 14:47:22,2026-07-10 10:05:01,2024-02-25 07:43:00
45511857,5759557,1,2026-07-30 00:05:01,2026-07-30 16:05:01,2024-05-25 02:43:00
454,5764233,1,2026-07-30 01:05:01,2026-07-30 16:05:01,2024-06-04 03:02:10
5123340,5764233,65537,2024-08-31 03:33:00,2026-07-30 16:05:01,2024-02-25 03:34:00
10126551,5764233,16777473,2026-07-30 14:47:22,2026-07-28 05:05:01,2024-02-25 07:43:00
45511857,5764233,1,2026-07-30 00:05:01,2026-07-30 16:05:01,2024-05-25 02:43:00
454,5776024,1,2026-07-30 01:05:01,2026-07-30 16:05:01,2024-06-04 03:02:10
5123340,5776024,65537,2024-08-31 03:33:00,2026-07-30 16:05:01,2024-02-25 03:34:00
10126551,5776024,16777473,2026-07-30 14:47:22,2026-07-28 05:05:01,2024-02-25 07:43:00
45511857,5776024,1,2026-07-30 00:05:01,2026-07-30 16:05:01,2024-05-25 02:43:00
454,5777126,1,2026-07-30 01:05:01,2026-07-30 16:05:01,2024-06-04 03:02:10
5123340,5777126,65537,2024-08-31 03:33:00,2026-07-30 16:05:01,2024-02-25 03:34:00
10126551,5777126,16777473,2026-07-30 14:47:22,2026-07-30 05:05:01,2024-02-25 07:43:00
45511857,5777126,1,2026-07-30 00:05:01,2026-07-30 16:05:01,2024-05-25 02:43:00
454,5780343,1,2026-07-30 01:05:01,2026-07-30 16:05:01,2024-06-04 03:02:10
10126551,5780343,16777473,2026-07-30 14:47:22,2026-07-10 10:05:01,2024-02-25 07:43:00
45511857,5780343,1,2026-07-30 00:05:01,2026-07-30 16:05:01,2024-05-25 02:43:00
454,5811464,1,2026-07-30 01:05:01,2026-07-30 16:05:01,2024-06-04 03:02:10
5123340,5811464,65537,2024-08-31 03:33:00,2026-07-30 16:05:01,2024-02-25 03:34:00
10126551,5811464,16777473,2026-07-30 14:47:22,2026-07-26 03:05:01,2024-02-25 07:43:00
45511857,5811464,1,2026-07-30 00:05:01,2026-07-30 16:05:01,2024-05-25 02:43:00
454,5858308,1,2026-07-30 01:05:01,2026-07-30 16:05:01,2024-06-04 03:02:10
5123340,5858308,65537,2024-08-31 03:33:00,2026-07-30 16:05:01,2024-02-25 03:34:00
10126551,5858308,16777473,2026-07-30 14:47:22,2026-07-25 01:05:01,2024-02-25 07:43:00
45511857,5858308,1,2026-07-30 00:05:01,2026-07-30 16:05:01,2024-05-25 02:43:00
454,5862040,1,2026-07-30 01:05:01,2026-07-30 16:05:01,2024-06-04 03:02:10
5123340,5862040,65537,2024-08-31 03:33:00,2026-07-30 16:05:01,2024-02-25 03:34:00
10126551,5862040,16777473,2026-07-30 14:47:22,2026-07-28 04:05:01,2024-02-25 07:43:00
45511857,5862040,1,2026-07-30 00:05:01,2026-07-30 16:05:01,2024-05-25 02:43:00
454,5862190,1,2026-07-30 01:05:01,2026-07-30 16:05:01,2024-06-04 03:02:10
5123340,5862190,65537,2024-08-31 03:33:00,2026-07-30 16:05:01,2024-02-25 03:34:00
10126551,5862190,16777473,2026-07-30 14:47:22,2026-07-30 05:05:01,2024-02-25 07:43:00
45511857,5862190,1,2026-07-30 00:05:01,2026-07-30 16:05:01,2024-05-25 02:43:00
454,5862535,1,2026-07-30 01:05:01,2026-07-30 16:05:01,2024-06-04 03:02:10
5123340,5862535,65537,2024-08-31 03:33:00,2026-07-30 16:05:01,2024-02-25 03:34:00
10126551,5862535,16777473,2026-07-30 14:47:22,2026-07-30 05:05:01,2024-02-25 07:43:00
45511857,5862535,1,2026-07-30 00:05:01,2026-07-30 16:05:01,2024-05-25 02:43:00
454,5862717,1,2026-07-30 01:05:01,2026-07-30 16:05:01,2024-06-04 03:02:10
5123340,5862717,65537,2024-08-31 03:33:00,2026-07-30 16:05:01,2024-02-25 03:34:00
10126551,5862717,16777473,2026-07-30 14:47:22,2026-07-28 04:05:01,2024-02-25 07:43:00
45511857,5862717,1,2026-07-30 00:05:01,2026-07-30 16:05:01,2024-05-25 02:43:00
454,5865587,1,2026-07-30 01:05:01,2026-07-30 16:05:01,2024-06-04 03:02:10
5123340,5865587,65537,2024-08-31 03:33:00,2026-07-30 16:05:01,2024-02-25 03:34:00
10126551,5865587,16777473,2026-07-30 14:47:22,2026-07-27 02:05:01,2024-02-25 07:43:00
45511857,5865587,1,2026-07-30 00:05:01,2026-07-30 16:05:01,2024-05-25 02:43:00
454,5898850,1,2026-07-30 01:05:01,2026-07-30 16:05:01,2024-06-04 03:02:10
10126551,5898850,16777473,2026-07-30 14:47:22,2026-07-10 10:05:01,2024-02-25 07:43:00
45511857,5898850,1,2026-07-30 00:05:01,2026-07-30 16:05:01,2024-05-25 02:43:00
454,5902896,1,2026-07-30 01:05:01,2026-07-30 16:05:01,2024-06-04 03:02:10
5123340,5902896,65537,2024-08-31 03:33:00,2026-07-30 16:05:01,2024-02-25 03:34:00
10126551,5902896,16777473,2026-07-30 14:47:22,2026-07-30 05:05:01,2024-02-25 07:43:00
45511857,5902896,1,2026-07-30 00:05:01,2026-07-30 16:05:01,2024-05-25 02:43:00
454,5904102,1,2026-07-30 01:05:01,2026-07-30 16:05:01,2024-06-04 03:02:10
5123340,5904102,65537,2024-08-31 03:33:00,2026-07-30 16:05:01,2024-02-25 03:34:00
10126551,5904102,16777473,2026-07-30 14:47:22,2026-07-30 04:05:01,2024-02-25 07:43:00
45511857,5904102,1,2026-07-30 00:05:01,2026-07-30 16:05:01,2024-05-25 02:43:00
454,5906231,1,2026-07-30 01:05:01,2026-07-30 16:05:01,2024-06-04 03:02:10
5123340,5906231,65537,2024-08-31 03:33:00,2026-07-30 16:05:01,2024-02-25 03:34:00
10126551,5906231,16777473,2026-07-30 14:47:22,2026-07-30 05:05:01,2024-02-25 07:43:00
45511857,5906231,1,2026-07-30 00:05:01,2026-07-30 16:05:01,2024-05-25 02:43:00
454,5907079,1,2026-07-30 01:05:01,2026-07-30 16:05:01,2024-06-04 03:02:10
5123340,5907079,65537,2024-08-31 03:33:00,2026-07-30 16:05:01,2024-02-25 03:34:00
10126551,5907079,16777473,2026-07-30 14:47:22,2026-07-30 05:05:01,2024-02-25 07:43:00
45511857,5907079,1,2026-07-30 00:05:01,2026-07-30 16:05:01,2024-05-25 02:43:00
454,5909487,1,2026-07-30 01:05:01,2026-07-30 16:05:01,2024-06-04 03:02:10
5123340,5909487,65537,2024-08-31 03:33:00,2026-07-30 16:05:01,2024-02-25 03:34:00
10126551,5909487,16777473,2026-07-30 14:47:22,2026-07-30 05:05:01,2024-02-25 07:43:00
5123340,5232774,65537,2024-08-31 03:33:00,2026-07-30 16:05:01,2024-02-25 03:34:00
10126551,5232774,16777473,2026-07-30 14:47:22,2026-07-27 02:05:01,2024-02-25 07:43:00
45511857,5232774,1,2026-07-30 00:05:01,2026-07-30 16:05:01,2024-05-24 02:43:00
454,5240443,1,2026-07-30 01:05:01,2026-07-30 16:05:01,2024-06-04 03:02:10
10126551,5240443,16777473,2026-07-30 14:47:22,2026-07-10 10:05:01,2024-02-25 07:43:00
45511857,5240443,1,2026-07-30 00:05:01,2026-07-30 16:05:01,2024-05-24 02:43:00
454,5246677,1,2026-07-30 01:05:01,2026-07-30 16:05:01,2024-06-04 03:02:10
5123340,5246677,65537,2024-08-31 03:33:00,2026-07-30 16:05:01,2024-02-25 03:34:00
10126551,5246677,16777473,2026-07-30 14:47:22,2026-07-28 23:05:01,2024-02-25 07:43:00
45511857,5246677,1,2026-07-30 00:05:01,2026-07-30 16:05:01,2024-05-24 02:43:00
454,5288493,1,2026-07-30 01:05:01,2026-07-30 16:05:01,2024-06-04 03:02:10
5123340,5288493,65537,2024-08-31 03:33:00,2026-07-30 16:05:01,2024-02-25 03:34:00
10126551,5288493,16777473,2026-07-30 14:47:22,2026-07-10 11:05:01,2024-02-25 07:43:00
45511857,5288493,1,2026-07-30 00:05:01,2026-07-30 16:05:01,2024-05-24 02:43:00
454,5292849,1,2026-07-30 01:05:01,2026-07-30 16:05:01,2024-06-04 03:02:10
5123340,5292849,65537,2024-08-31 03:33:00,2026-07-30 16:05:01,2024-02-25 03:34:00
10126551,5292849,16777473,2026-07-30 14:47:22,2026-07-30 05:05:01,2024-02-25 07:43:00
45511857,5292849,1,2026-07-30 00:05:01,2026-07-30 16:05:01,2024-05-24 02:43:00
454,5306062,1,2026-07-30 01:05:01,2026-07-30 16:05:01,2024-06-04 03:02:10
5123340,5306062,65537,2024-08-31 03:33:00,2026-07-30 16:05:01,2024-02-25 03:34:00
10126551,5306062,16777473,2026-07-30 14:47:22,2026-07-28 23:05:01,2024-02-25 07:43:00
45511857,5306062,1,2026-07-30 00:05:01,2026-07-30 16:05:01,2024-05-24 02:43:00
454,5348871,1,2026-07-30 01:05:01,2026-07-30 16:05:01,2024-06-04 03:02:10
5123340,5348871,65537,2024-08-31 03:33:00,2026-07-30 16:05:01,2024-02-25 03:34:00
10126551,5348871,16777473,2026-07-30 14:47:22,2026-07-28 03:05:01,2024-02-25 07:43:00
45511857,5348871,1,2026-07-30 00:05:01,2026-07-30 16:05:01,2024-05-24 02:43:00
454,5354333,1,2026-07-30 01:05:01,2026-07-30 16:05:01,2024-06-04 03:02:10
5123340,5354333,65537,2024-08-31 03:33:00,2026-07-30 16:05:01,2024-05-21 03:33:00
10126551,5354333,16777473,2026-07-30 14:47:22,2026-07-10 10:05:01,2024-02-25 07:43:00
45511857,5354333,1,2026-07-30 00:05:01,2026-07-30 16:05:01,2024-05-24 02:43:00
454,5373607,1,2026-07-30 01:05:01,2026-07-30 16:05:01,2024-06-04 03:02:10
5123340,5373607,65537,2024-08-31 03:33:00,2026-07-30 16:05:01,2024-02-25 03:34:00
10126551,5373607,16777473,2026-07-30 14:47:22,2026-07-30 04:05:01,2024-02-25 07:43:00
45511857,5373607,1,2026-07-30 00:05:01,2026-07-30 16:05:01,2024-05-24 02:43:00
454,5381761,1,2026-07-30 01:05:01,2026-07-30 16:05:01,2024-06-04 03:02:10
5123340,5381761,65537,2024-08-31 03:33:00,2026-07-30 16:05:01,2024-02-25 03:34:00
10126551,5381761,16777473,2026-07-30 14:47:22,2026-07-28 00:05:01,2024-02-25 07:43:00
45511857,5381761,1,2026-07-30 00:05:01,2026-07-30 16:05:01,2024-05-24 02:43:00
454,5382397,1,2026-07-30 01:05:01,2026-07-30 16:05:01,2024-06-04 03:02:10
5123340,5382397,65537,2024-08-31 03:33:00,2026-07-30 16:05:01,2024-02-25 03:34:00
10126551,5382397,16777473,2026-07-30 14:47:22,2026-07-10 10:05:01,2024-02-25 07:43:00
45511857,5382397,1,2026-07-30 00:05:01,2026-07-30 16:05:01,2024-05-24 02:43:00
454,5388386,1,2026-07-30 01:05:01,2026-07-30 16:05:01,2024-06-04 03:02:10
5123340,5388386,65537,2024-08-31 03:33:00,2026-07-30 16:05:01,2024-02-25 03:34:00
10126551,5388386,16777473,2026-07-30 14:47:22,2026-07-28 10:05:01,2024-02-25 07:43:00
45511857,5388386,1,2026-07-30 00:05:01,2026-07-30 16:05:01,2024-05-24 02:43:00
454,5489022,1,2026-07-30 01:05:01,2026-07-30 16:05:01,2024-06-04 03:02:10
5123340,5489022,65537,2024-08-31 03:33:00,2026-07-30 16:05:01,2024-02-25 03:34:00
10126551,5489022,16777473,2026-07-30 14:47:22,2026-07-30 04:05:01,2024-02-25 07:43:00
45511857,5489022,1,2026-07-30 00:05:01,2026-07-30 16:05:01,2024-05-24 02:43:00
454,5489905,1,2026-07-30 01:05:01,2026-07-30 16:05:01,2024-06-04 03:02:10
5123340,5489905,65537,2024-08-31 03:33:00,2026-07-30 16:05:01,2024-02-25 03:34:00
10126551,5489905,16777473,2026-07-30 14:47:22,2026-07-27 02:05:01,2024-02-25 07:43:00
45511857,5489905,1,2026-07-30 00:05:01,2026-07-30 16:05:01,2024-05-24 02:43:00
454,5494026,1,2026-07-30 01:05:01,2026-07-30 16:05:01,2024-06-04 03:02:10
5123340,5494026,65537,2024-08-31 03:33:00,2026-07-30 16:05:01,2024-02-25 03:34:00
10126551,5494026,16777473,2026-07-30 14:47:22,2026-07-28 04:05:01,2024-02-25 07:43:00
45511857,5494026,1,2026-07-30 00:05:01,2026-07-30 16:05:01,2024-05-24 02:43:00
454,5495417,1,2026-07-30 01:05:01,2026-07-30 16:05:01,2024-06-04 03:02:10
5123340,5495417,65537,2024-08-31 03:33:00,2026-07-30 16:05:01,2024-02-25 03:34:00
10126551,5495417,16777473,2026-07-30 14:47:22,2026-07-26 04:05:01,2024-02-25 07:43:00
45511857,5495417,1,2026-07-30 00:05:01,2026-07-30 16:05:01,2024-05-24 02:43:00
454,5497629,1,2026-07-30 01:05:01,2026-07-30 16:05:01,2024-06-04 03:02:10
5123340,5497629,65537,2024-08-31 03:33:00,2026-07-30 16:05:01,2024-02-25 03:34:00
10126551,5497629,16777473,2026-07-30 14:47:22,2026-07-28 04:05:01,2024-02-25 07:43:00
45511857,5497629,1,2026-07-30 00:05:01,2026-07-30 16:05:01,2024-05-24 02:43:00
454,5527706,1,2026-07-30 01:05:01,2026-07-30 16:05:01,2024-06-04 03:02:10
10126551,5527706,16777473,2026-07-30 14:47:22,2026-07-10 10:05:01,2024-02-25 07:43:00
45511857,5527706,1,2026-07-30 00:05:01,2026-07-30 16:05:01,2024-05-24 02:43:00
454,5565070,1,2026-07-30 01:05:01,2026-07-30 16:05:01,2024-06-04 03:02:10
5123340,5565070,65537,2024-08-31 03:33:00,2026-07-30 16:05:01,2024-02-25 03:34:00
10126551,5565070,16777473,2026-07-30 14:47:22,2026-07-28 00:05:01,2024-02-25 07:43:00
45511857,5565070,1,2026-07-30 00:05:01,2026-07-30 16:05:01,2024-05-24 02:43:00
454,5605016,1,2026-07-30 01:05:01,2026-07-30 16:05:01,2024-06-04 03:02:10
5123340,5605016,65537,2024-08-31 03:33:00,2026-07-30 16:05:01,2024-02-25 03:34:00
10126551,5605016,16777473,2026-07-30 14:47:22,2026-07-28 08:05:01,2024-02-25 07:43:00
45511857,5605016,1,2026-07-30 00:05:01,2026-07-30 16:05:01,2024-05-24 02:43:00
454,5609701,1,2026-07-30 01:05:01,2026-07-30 16:05:01,2024-06-04 03:02:10
5123340,5609701,65537,2024-08-31 03:33:00,2026-07-30 16:05:01,2024-02-25 03:34:00
10126551,5609701,16777473,2026-07-30 14:47:22,2026-07-28 08:05:01,2024-02-25 07:43:00
45511857,5609701,1,2026-07-30 00:05:01,2026-07-30 16:05:01,2024-05-25 02:43:00
454,5609702,1,2026-07-30 01:05:01,2026-07-30 16:05:01,2024-06-04 03:02:10
5123340,5609702,65537,2024-08-31 03:33:00,2026-07-30 16:05:01,2024-02-25 03:34:00
10126551,5609702,16777473,2026-07-30 14:47:22,2026-07-30 05:05:01,2024-02-25 07:43:00
45511857,5609702,1,2026-07-30 00:05:01,2026-07-30 16:05:01,2024-05-25 02:43:00
454,5618065,1,2026-07-30 01:05:01,2026-07-30 16:05:01,2024-06-04 03:02:10
5123340,5618065,65537,2024-08-31 03:33:00,2026-07-30 16:05:01,2024-02-25 03:34:00
10126551,5618065,16777473,2026-07-30 14:47:22,2026-07-30 05:05:01,2024-02-25 07:43:00
45511857,5618065,1,2026-07-30 00:05:01,2026-07-30 16:05:01,2024-05-25 02:43:00
454,5621422,1,2026-07-30 01:05:01,2026-07-30 16:05:01,2024-06-04 03:02:10
5123340,5621422,65537,2024-08-31 03:33:00,2026-07-30 16:05:01,2024-02-25 03:34:00
10126551,5621422,16777473,2026-07-30 14:47:22,2026-07-30 05:05:01,2024-02-25 07:43:00
45511857,5621422,1,2026-07-30 00:05:01,2026-07-30 16:05:01,2024-05-25 02:43:00
454,5621958,1,2026-07-30 01:05:01,2026-07-30 16:05:01,2024-06-04 03:02:10
5123340,5621958,65537,2024-08-31 03:33:00,2026-07-30 16:05:01,2024-02-25 03:34:00
10126551,5621958,16777473,2026-07-30 14:47:22,2026-07-30 05:05:01,2024-02-25 07:43:00
45511857,5621958,1,2026-07-30 00:05:01,2026-07-30 16:05:01,2024-05-25 02:43:00
454,5623610,1,2026-07-30 01:05:01,2026-07-30 16:05:01,2024-06-04 03:02:10
5123340,5623610,65537,2024-08-31 03:33:00,2026-07-30 16:05:01,2024-02-25 03:34:00
10126551,5623610,16777473,2026-07-30 14:47:22,2026-07-28 04:05:01,2024-02-25 07:43:00
45511857,5623610,1,2026-07-30 00:05:01,2026-07-30 16:05:01,2024-05-25 02:43:00
454,5645735,1,2026-07-30 01:05:01,2026-07-30 16:05:01,2024-06-04 03:02:10
5123340,5645735,65537,2024-08-31 03:33:00,2026-07-30 16:05:01,2024-02-25 03:34:00
10126551,5645735,16777473,2026-07-30 14:47:22,2026-07-10 10:05:01,2024-02-25 07:43:00
45511857,5645735,1,2026-07-30 00:05:01,2026-07-30 16:05:01,2024-05-25 02:43:00
454,5647302,1,2026-07-30 01:05:01,2026-07-30 16:05:01,2024-06-04 03:02:10
5123340,5647302,65537,2024-08-31 03:33:00,2026-07-30 16:05:01,2024-02-25 03:34:00
10126551,5647302,16777473,2026-07-30 14:47:22,2026-07-28 04:05:01,2024-02-25 07:43:00
45511857,5647302,1,2026-07-30 00:05:01,2026-07-30 16:05:01,2024-05-25 02:43:00
454,5650932,1,2026-07-30 01:05:01,2026-07-30 16:05:01,2024-06-04 03:02:10
5123340,5650932,65537,2024-08-31 03:33:00,2026-07-30 16:05:01,2024-02-25 03:34:00
10126551,5650932,16777473,2026-07-30 14:47:22,2026-07-27 02:05:01,2024-02-25 07:43:00
45511857,5650932,1,2026-07-30 00:05:01,2026-07-30 16:05:01,2024-05-25 02:43:00
454,5652554,1,2026-07-30 01:05:01,2026-07-30 16:05:01,2024-06-04 03:02:10
5123340,5652554,65537,2024-08-31 03:33:00,2026-07-30 16:05:01,2024-02-25 03:34:00
10126551,5652554,16777473,2026-07-30 14:47:22,2026-07-10 11:05:01,2024-02-25 07:43:00
45511857,5652554,1,2026-07-30 00:05:01,2026-07-30 16:05:01,2024-05-25 02:43:00
454,5652818,1,2026-07-30 01:05:01,2026-07-30 16:05:01,2024-06-04 03:02:10
5123340,5652818,65537,2024-08-31 03:33:00,2026-07-30 16:05:01,2024-02-25 03:34:00
10126551,5652818,16777473,2026-07-30 14:47:22,2026-07-28 04:05:01,2024-02-25 07:43:00
45511857,5652818,1,2026-07-30 00:05:01,2026-07-30 16:05:01,2024-05-25 02:43:00
454,5657291,1,2026-07-30 01:05:01,2026-07-30 16:05:01,2024-06-04 03:02:10
5123340,5657291,65537,2024-08-31 03:33:00,2026-07-30 16:05:01,2024-02-25 03:34:00
10126551,5657291,16777473,2026-07-30 14:47:22,2026-07-28 04:05:01,2024-02-25 07:43:00
45511857,5657291,1,2026-07-30 00:05:01,2026-07-30 16:05:01,2024-05-25 02:43:00
454,5664634,1,2026-07-30 01:05:01,2026-07-30 16:05:01,2024-06-04 03:02:10
5123340,5664634,65537,2024-08-31 03:33:00,2026-07-30 16:05:01,2024-02-25 03:34:00
10126551,5664634,16777473,2026-07-30 14:47:22,2026-07-30 05:05:01,2024-02-25 07:43:00
45511857,5664634,1,2026-07-30 00:05:01,2026-07-30 16:05:01,2024-05-25 02:43:00
454,5673757,1,2026-07-30 01:05:01,2026-07-30 16:05:01,2024-06-04 03:02:10
5123340,5673757,65537,2024-08-31 03:33:00,2026-07-30 16:05:01,2024-02-25 03:34:00
10126551,5673757,16777473,2026-07-30 14:47:22,2026-07-28 04:05:01,2024-02-25 07:43:00
45511857,5673757,1,2026-07-30 00:05:01,2026-07-30 16:05:01,2024-05-25 02:43:00
454,5674013,1,2026-07-30 01:05:01,2026-07-30 16:05:01,2024-06-04 03:02:10
5123340,5674013,65537,2024-08-31 03:33:00,2026-07-30 16:05:01,2024-02-25 03:34:00
10126551,5674013,16777473,2026-07-30 14:47:22,2026-07-10 10:05:01,2024-02-25 07:43:00
45511857,5674013,1,2026-07-30 00:05:01,2026-07-30 16:05:01,2024-05-25 02:43:00
454,5678161,1,2026-07-30 01:05:01,2026-07-30 16:05:01,2024-06-04 03:02:10
5123340,5678161,65537,2024-08-31 03:33:00,2026-07-30 16:05:01,2024-02-25 03:34:00
10126551,5678161,16777473,2026-07-30 14:47:22,2026-07-30 05:05:01,2024-02-25 07:43:00
45511857,5678161,1,2026-07-30 00:05:01,2026-07-30 16:05:01,2024-05-25 02:43:00
454,5680233,1,2026-07-30 01:05:01,2026-07-30 16:05:01,2024-06-04 03:02:10
5123340,5680233,65537,2024-08-31 03:33:00,2026-07-30 16:05:01,2024-02-25 03:34:00
10126551,5680233,16777473,2026-07-30 14:47:22,2026-07-23 10:05:01,2024-02-25 07:43:00
45511857,5680233,1,2026-07-30 00:05:01,2026-07-30 16:05:01,2024-05-25 02:43:00
454,5682958,1,2026-07-30 01:05:01,2026-07-30 16:05:01,2024-06-04 03:02:10
5123340,5682958,65537,2024-08-31 03:33:00,2026-07-30 16:05:01,2024-02-25 03:34:00
10126551,5682958,16777473,2026-07-30 14:47:22,2026-07-30 05:05:01,2024-02-25 07:43:00
45511857,5682958,1,2026-07-30 00:05:01,2026-07-30 16:05:01,2024-05-25 02:43:00
454,5685276,1,2026-07-30 01:05:01,2026-07-30 16:05:01,2024-06-04 03:02:10
5123340,5685276,65537,2024-08-31 03:33:00,2026-07-30 16:05:01,2024-02-25 03:34:00
10126551,5685276,16777473,2026-07-30 14:47:22,2026-07-28 04:05:01,2024-02-25 07:43:00
45511857,5685276,1,2026-07-30 00:05:01,2026-07-30 16:05:01,2024-05-25 02:43:00
454,5739066,1,2026-07-30 01:05:01,2026-07-30 16:05:01,2024-06-04 03:02:10
5123340,5739066,65537,2024-08-31 03:33:00,2026-07-30 16:05:01,2024-02-25 03:34:00
10126551,5739066,16777473,2026-07-30 14:47:22,2026-07-28 04:05:01,2024-02-25 07:43:00
45511857,5739066,1,2026-07-30 00:05:01,2026-07-30 16:05:01,2024-05-25 02:43:00
454,5740572,1,2026-07-30 01:05:01,2026-07-30 16:05:01,2024-06-04 03:02:10
5123340,5740572,65537,2024-08-31 03:33:00,2026-07-30 16:05:01,2024-02-25 03:34:00
10126551,5740572,16777473,2026-07-30 14:47:22,2026-07-10 11:05:01,2024-02-25 07:43:00
45511857,5740572,1,2026-07-30 00:05:01,2026-07-30 16:05:01,2024-05-25 02:43:00
454,5740576,1,2026-07-30 01:05:01,2026-07-30 16:05:01,2024-06-04 03:02:10
5123340,5740576,65537,2024-08-31 03:33:00,2026-07-30 16:05:01,2024-02-25 03:34:00
10126551,5740576,16777473,2026-07-30 14:47:22,2026-07-26 02:05:01,2024-02-25 07:43:00
45511857,5740576,1,2026-07-30 00:05:01,2026-07-30 16:05:01,2024-05-25 02:43:00
454,5740581,1,2026-07-30 01:05:01,2026-07-30 16:05:01,2024-06-04 03:02:10
5123340,5740581,65537,2024-08-31 03:33:00,2026-07-30 16:05:01,2024-02-25 03:34:00
10126551,5740581,16777473,2026-07-30 14:47:22,2026-07-27 03:05:01,2024-02-25 07:43:00
45511857,5740581,1,2026-07-30 00:05:01,2026-07-30 16:05:01,2024-05-25 02:43:00
454,5742191,1,2026-07-30 01:05:01,2026-07-30 16:05:01,2024-06-04 03:02:10
5123340,5742191,65537,2024-08-31 03:33:00,2026-07-30 16:05:01,2024-02-25 03:34:00
10126551,5742191,16777473,2026-07-30 14:47:22,2026-07-28 22:05:01,2024-02-25 07:43:00
45511857,5742191,1,2026-07-30 00:05:01,2026-07-30 16:05:01,2024-05-25 02:43:00
454,5743796,1,2026-07-30 01:05:01,2026-07-30 16:05:01,2024-06-05 23:36:02
5123340,5743796,65537,2024-08-31 03:33:00,2026-07-30 16:05:01,2024-02-25 03:34:00
10126551,5743796,16777473,2026-07-30 14:47:22,2026-07-30 05:05:01,2024-02-25 07:43:00
45511857,5743796,1,2026-07-30 00:05:01,2026-07-30 16:05:01,2024-05-25 02:43:00
454,5744456,1,2026-07-30 01:05:01,2026-07-30 16:05:01,2024-06-04 03:02:10
5123340,5744456,65537,2024-08-31 03:33:00,2026-07-30 16:05:01,2024-02-25 03:34:00
10126551,5744456,16777473,2026-07-30 14:47:22,2026-07-30 05:05:01,2024-02-25 07:43:00
45511857,5744456,1,2026-07-30 00:05:01,2026-07-30 16:05:01,2024-05-25 02:43:00
454,5817282,1,2026-07-30 01:05:01,2026-07-30 16:05:01,2024-06-04 03:02:10
5123340,5817282,65537,2024-08-31 03:33:00,2026-07-30 16:05:01,2024-02-25 03:34:00
10126551,5817282,16777473,2026-07-30 14:47:22,2026-07-30 05:05:01,2024-02-25 07:43:00
45511857,5817282,1,2026-07-30 00:05:01,2026-07-30 16:05:01,2024-05-25 02:43:00
454,5828498,1,2026-07-30 01:05:01,2026-07-30 16:05:01,2024-06-04 03:02:10
5123340,5828498,65537,2024-08-31 03:33:00,2026-07-30 16:05:01,2024-02-25 03:34:00
10126551,5828498,16777473,2026-07-30 14:47:22,2026-07-30 05:05:01,2024-02-25 07:43:00
45511857,5828498,1,2026-07-30 00:05:01,2026-07-30 16:05:01,2024-05-25 02:43:00
454,5828606,1,2026-07-30 01:05:01,2026-07-30 16:05:01,2024-06-04 03:02:10
5123340,5828606,65537,2024-08-31 03:33:00,2026-07-30 16:05:01,2024-02-25 03:34:00
10126551,5828606,16777473,2026-07-30 14:47:22,2026-07-28 04:05:01,2024-02-25 07:43:00
45511857,5828606,1,2026-07-30 00:05:01,2026-07-30 16:05:01,2024-05-25 02:43:00
454,5838725,1,2026-07-30 01:05:01,2026-07-30 16:05:01,2024-06-04 03:02:10
5123340,5838725,65537,2024-08-31 03:33:00,2026-07-30 16:05:01,2024-02-25 03:34:00
10126551,5838725,16777473,2026-07-30 14:47:22,2026-07-30 05:05:01,2024-02-25 07:43:00
45511857,5838725,1,2026-07-30 00:05:01,2026-07-30 16:05:01,2024-05-25 02:43:00
454,5839015,1,2026-07-30 01:05:01,2026-07-30 16:05:01,2024-06-04 03:02:10
5123340,5839015,65537,2024-08-31 03:33:00,2026-07-30 16:05:01,2024-02-25 03:34:00
10126551,5839015,16777473,2026-07-30 14:47:22,2026-07-28 00:05:01,2024-02-25 07:43:00
45511857,5839015,1,2026-07-30 00:05:01,2026-07-30 16:05:01,2024-05-25 02:43:00
454,5839334,1,2026-07-30 01:05:01,2026-07-30 16:05:01,2024-06-04 03:02:10
5123340,5839334,65537,2024-08-31 03:33:00,2026-07-30 16:05:01,2024-02-25 03:34:00
10126551,5839334,16777473,2026-07-30 14:47:22,2026-07-30 05:05:01,2024-02-25 07:43:00
45511857,5839334,1,2026-07-30 00:05:01,2026-07-30 16:05:01,2024-05-25 02:43:00
454,5887427,1,2026-07-30 01:05:01,2026-07-30 16:05:01,2024-06-04 03:02:10
5123340,5887427,65537,2024-08-31 03:33:00,2026-07-30 16:05:01,2024-02-25 03:34:00
10126551,5887427,16777473,2026-07-30 14:47:22,2026-07-30 05:05:01,2024-02-25 07:43:00
45511857,5887427,1,2026-07-30 00:05:01,2026-07-30 16:05:01,2024-05-25 02:43:00
454,5888065,1,2026-07-30 01:05:01,2026-07-30 16:05:01,2024-06-04 03:02:10
5123340,5888065,65537,2024-08-31 03:33:00,2026-07-30 16:05:01,2024-02-25 03:34:00
10126551,5888065,16777473,2026-07-30 14:47:22,2026-07-28 04:05:01,2024-02-25 07:43:00
45511857,5888065,1,2026-07-30 00:05:01,2026-07-30 16:05:01,2024-05-25 02:43:00
454,5892648,1,2026-07-30 01:05:01,2026-07-30 16:05:01,2024-06-04 03:02:10
5123340,5892648,65537,2024-08-31 03:33:00,2026-07-30 16:05:01,2024-02-25 03:34:00
10126551,5892648,16777473,2026-07-30 14:47:22,2026-07-30 04:05:01,2024-02-25 07:43:00
45511857,5892648,1,2026-07-30 00:05:01,2026-07-30 16:05:01,2024-05-25 02:43:00
454,5893227,1,2026-07-30 01:05:01,2026-07-30 16:05:01,2024-06-04 03:02:10
5123340,5893227,65537,2024-08-31 03:33:00,2026-07-30 16:05:01,2024-02-25 03:34:00
10126551,5893227,16777473,2026-07-30 14:47:22,2026-07-30 05:05:01,2024-02-25 07:43:00
45511857,5893227,1,2026-07-30 00:05:01,2026-07-30 16:05:01,2024-05-25 02:43:00
454,5894289,1,2026-07-30 01:05:01,2026-07-30 16:05:01,2024-06-04 03:02:10
5123340,5894289,65537,2024-08-31 03:33:00,2026-07-30 16:05:01,2024-02-25 03:34:00
10126551,5894289,16777473,2026-07-30 14:47:22,2026-07-28 03:05:01,2024-02-25 07:43:00
45511857,5894289,1,2026-07-30 00:05:01,2026-07-30 16:05:01,2024-05-25 02:43:00
454,5895747,1,2026-07-30 01:05:01,2026-07-30 16:05:01,2024-06-04 03:02:10
5123340,5895747,65537,2024-08-31 03:33:00,2026-07-30 16:05:01,2024-02-25 03:34:00
10126551,5895747,16777473,2026-07-30 14:47:22,2026-07-28 00:05:01,2024-02-25 07:43:00
45511857,5895747,1,2026-07-30 00:05:01,2026-07-30 16:05:01,2024-05-25 02:43:00
454,5896517,1,2026-07-30 01:05:01,2026-07-30 16:05:01,2024-06-04 03:02:10
5123340,5896517,65537,2024-08-31 03:33:00,2026-07-30 16:05:01,2024-02-25 03:34:00
10126551,5896517,16777473,2026-07-30 14:47:22,2026-07-30 05:05:01,2024-02-25 07:43:00
45511857,5896517,1,2026-07-30 00:05:01,2026-07-30 16:05:01,2024-05-25 02:43:00
454,5924331,1,2026-07-30 01:05:01,2026-07-30 16:05:01,2024-06-04 03:02:10
5123340,5924331,65537,2024-08-31 03:33:00,2026-07-30 16:05:01,2024-02-25 03:34:00
10126551,5924331,16777473,2026-07-30 14:47:22,2026-07-25 02:05:01,2024-02-25 07:43:00
45511857,5924331,1,2026-07-30 00:05:01,2026-07-30 16:05:01,2024-05-25 02:43:00
454,5925865,1,2026-07-30 01:05:01,2026-07-30 16:05:01,2024-06-04 03:02:10
5123340,5925865,65537,2024-08-31 03:33:00,2026-07-30 16:05:01,2024-02-25 03:34:00
10126551,5925865,16777473,2026-07-30 14:47:22,2026-07-30 05:05:01,2024-02-25 07:43:00
45511857,5925865,1,2026-07-30 00:05:01,2026-07-30 16:05:01,2024-05-25 02:43:00
454,5927581,1,2026-07-30 01:05:01,2026-07-30 16:05:01,2024-06-04 03:02:10
5123340,5927581,65537,2024-08-31 03:33:00,2026-07-30 16:05:01,2024-02-25 03:34:00
10126551,5927581,16777473,2026-07-30 14:47:22,2026-07-25 00:05:01,2024-02-25 07:43:00
45511857,5927581,1,2026-07-30 00:05:01,2026-07-30 16:05:01,2024-05-25 02:43:00
454,5931653,1,2026-07-30 01:05:01,2026-07-30 16:05:01,2024-06-04 03:02:10
5123340,5931653,65537,2024-08-31 03:33:00,2026-07-30 16:05:01,2024-02-25 03:34:00
10126551,5931653,16777473,2026-07-30 14:47:22,2026-07-30 05:05:01,2024-02-25 07:43:00
45511857,5931653,1,2026-07-30 00:05:01,2026-07-30 16:05:01,2024-05-25 02:43:00
454,5936628,1,2026-07-30 01:05:01,2026-07-30 16:05:01,2024-06-04 03:02:10
5123340,5936628,65537,2024-08-31 03:33:00,2026-07-30 16:05:01,2024-02-25 03:34:00
10126551,5936628,16777473,2026-07-30 14:47:22,2026-07-23 10:05:01,2024-02-25 07:43:00
45511857,5936628,1,2026-07-30 00:05:01,2026-07-30 16:05:01,2024-05-25 02:43:00
454,5939725,1,2026-07-30 01:05:01,2026-07-30 16:05:01,2024-06-04 03:02:10
5123340,5939725,65537,2024-08-31 03:33:00,2026-07-30 16:05:01,2024-02-25 03:34:00
10126551,5939725,16777473,2026-07-30 14:47:22,2026-07-28 00:05:01,2024-02-25 07:43:00
45511857,5909487,1,2026-07-30 00:05:01,2026-07-30 16:05:01,2024-05-25 02:43:00
454,5911495,1,2026-07-30 01:05:01,2026-07-30 16:05:01,2024-06-04 03:02:10
5123340,5911495,65537,2024-08-31 03:33:00,2026-07-30 16:05:01,2024-02-25 03:34:00
10126551,5911495,16777473,2026-07-30 14:47:22,2026-07-25 02:05:01,2024-02-25 07:43:00
45511857,5911495,1,2026-07-30 00:05:01,2026-07-30 16:05:01,2024-05-25 02:43:00
454,5967422,1,2026-07-30 01:05:01,2026-07-30 16:05:01,2024-06-04 03:02:10
5123340,5967422,65537,2024-08-31 03:33:00,2026-07-30 16:05:01,2024-02-25 03:34:00
10126551,5967422,16777473,2026-07-30 14:47:22,2026-07-30 05:05:01,2024-02-25 07:43:00
45511857,5967422,1,2026-07-30 00:05:01,2026-07-30 16:05:01,2024-05-25 02:43:00
454,5970764,1,2026-07-30 01:05:01,2026-07-30 16:05:01,2024-06-04 03:02:10
5123340,5970764,65537,2024-08-31 03:33:00,2026-07-30 16:05:01,2024-04-05 03:34:00
10126551,5970764,16777473,2026-07-30 14:47:22,2026-07-10 10:05:01,2024-02-25 07:43:00
45511857,5970764,1,2026-07-30 00:05:01,2026-07-30 16:05:01,2024-05-25 02:43:00
454,5979861,1,2026-07-30 01:05:01,2026-07-30 16:05:01,2024-06-04 03:02:10
5123340,5979861,65537,2024-08-31 03:33:00,2026-07-30 16:05:01,2024-02-25 03:34:00
10126551,5979861,16777473,2026-07-30 14:47:22,2026-07-30 05:05:01,2024-02-25 07:43:00
45511857,5979861,1,2026-07-30 00:05:01,2026-07-30 16:05:01,2024-05-25 02:43:00
454,5979863,1,2026-07-30 01:05:01,2026-07-30 16:05:01,2024-06-04 03:02:10
5123340,5979863,65537,2024-08-31 03:33:00,2026-07-30 16:05:01,2024-02-25 03:34:00
10126551,5979863,16777473,2026-07-30 14:47:22,2026-07-30 05:05:01,2024-02-25 07:43:00
45511857,5979863,1,2026-07-30 00:05:01,2026-07-30 16:05:01,2024-05-25 02:43:00
454,5982880,1,2026-07-30 01:05:01,2026-07-30 16:05:01,2024-06-04 03:02:10
5123340,5982880,65537,2024-08-31 03:33:00,2026-07-30 16:05:01,2024-02-25 03:34:00
10126551,5982880,16777473,2026-07-30 14:47:22,2026-07-30 05:05:01,2024-02-25 07:43:00
45511857,5982880,1,2026-07-30 00:05:01,2026-07-30 16:05:01,2024-05-25 02:43:00
454,5982925,1,2026-07-30 01:05:01,2026-07-30 16:05:01,2024-06-04 03:02:10
5123340,5982925,65537,2024-08-31 03:33:00,2026-07-30 16:05:01,2024-02-25 03:34:00
10126551,5982925,16777473,2026-07-30 14:47:22,2026-07-28 04:05:01,2024-02-25 07:43:00
45511857,5982925,1,2026-07-30 00:05:01,2026-07-30 16:05:01,2024-05-25 02:43:00
454,5984056,1,2026-07-30 01:05:01,2026-07-30 16:05:01,2024-06-04 03:02:10
5123340,5984056,65537,2024-08-31 03:33:00,2026-07-30 16:05:01,2024-02-25 03:34:00
10126551,5984056,16777473,2026-07-30 14:47:22,2026-07-27 02:05:01,2024-02-25 07:43:00
45511857,5984056,1,2026-07-30 00:05:01,2026-07-30 16:05:01,2024-05-25 02:43:00
454,6012332,1,2026-07-30 01:05:01,2026-07-30 16:05:01,2024-06-04 03:02:10
5123340,6012332,65537,2024-08-31 03:33:00,2026-07-30 16:05:01,2024-02-25 03:34:00
10126551,6012332,16777473,2026-07-30 14:47:22,2026-07-28 04:05:01,2024-02-25 07:43:00
45511857,6012332,1,2026-07-30 00:05:01,2026-07-30 16:05:01,2024-05-25 02:43:00
454,6013989,1,2026-07-30 01:05:01,2026-07-30 16:05:01,2024-06-04 03:02:10
5123340,6013989,65537,2024-08-31 03:33:00,2026-07-30 16:05:01,2024-02-25 03:34:00
10126551,6013989,16777473,2026-07-30 14:47:22,2026-07-30 04:05:01,2024-02-25 07:43:00
45511857,6013989,1,2026-07-30 00:05:01,2026-07-30 16:05:01,2024-05-25 02:43:00
454,6015812,1,2026-07-30 01:05:01,2026-07-30 16:05:01,2024-06-04 03:02:10
5123340,6015812,65537,2024-08-31 03:33:00,2026-07-30 16:05:01,2024-02-25 03:34:00
10126551,6015812,16777473,2026-07-30 14:47:22,2026-07-30 05:05:01,2024-02-25 07:43:00
45511857,6015812,1,2026-07-30 00:05:01,2026-07-30 16:05:01,2024-05-25 02:43:00
454,6017120,1,2026-07-30 01:05:01,2026-07-30 16:05:01,2024-06-04 03:02:10
5123340,6017120,65537,2024-08-31 03:33:00,2026-07-30 16:05:01,2024-02-25 03:34:00
10126551,6017120,16777473,2026-07-30 14:47:22,2026-07-30 05:05:01,2024-02-25 07:43:00
45511857,6017120,1,2026-07-30 00:05:01,2026-07-30 16:05:01,2024-05-25 02:43:00
454,6018546,1,2026-07-30 01:05:01,2026-07-30 16:05:01,2024-06-04 03:02:10
5123340,6018546,65537,2024-08-31 03:33:00,2026-07-30 16:05:01,2024-02-25 03:34:00
10126551,6018546,16777473,2026-07-30 14:47:22,2026-07-30 05:05:01,2024-02-25 07:43:00
45511857,6018546,1,2026-07-30 00:05:01,2026-07-30 16:05:01,2024-05-25 02:43:00
454,6018790,1,2026-07-30 01:05:01,2026-07-30 16:05:01,2024-06-04 03:02:10
5123340,6018790,65537,2024-08-31 03:33:00,2026-07-30 16:05:01,2024-02-25 03:34:00
10126551,6018790,16777473,2026-07-30 14:47:22,2026-07-30 05:05:01,2024-02-25 07:43:00
45511857,6018790,1,2026-07-30 00:05:01,2026-07-30 16:05:01,2024-05-25 02:43:00
454,6019256,1,2026-07-30 01:05:01,2026-07-30 16:05:01,2024-06-04 03:02:10
5123340,6019256,65537,2024-08-31 03:33:00,2026-07-30 16:05:01,2024-02-25 03:34:00
10126551,6019256,16777473,2026-07-30 14:47:22,2026-07-30 05:05:01,2024-02-25 07:43:00
45511857,6019256,1,2026-07-30 00:05:01,2026-07-30 16:05:01,2024-05-25 02:43:00
454,6048822,1,2026-07-30 01:05:01,2026-07-30 16:05:01,2024-06-04 03:02:10
5123340,6048822,65537,2024-08-31 03:33:00,2026-07-30 16:05:01,2024-02-25 03:34:00
10126551,6048822,16777473,2026-07-30 14:47:22,2026-07-18 05:05:01,2024-02-25 07:43:00
45511857,6048822,1,2026-07-30 00:05:01,2026-07-30 16:05:01,2024-05-25 02:43:00
454,6050054,1,2026-07-30 01:05:01,2026-07-30 16:05:01,2024-06-04 03:02:10
5123340,6050054,65537,2024-08-31 03:33:00,2026-07-30 16:05:01,2024-02-25 03:34:00
10126551,6050054,16777473,2026-07-30 14:47:22,2026-07-28 00:05:01,2024-02-25 07:43:00
45511857,6050054,1,2026-07-30 00:05:01,2026-07-30 16:05:01,2024-05-25 02:43:00
454,6050750,1,2026-07-30 01:05:01,2026-07-30 16:05:01,2024-06-04 03:02:10
5123340,6050750,65537,2024-08-31 03:33:00,2026-07-30 16:05:01,2024-02-25 03:34:00
10126551,6050750,16777473,2026-07-30 14:47:22,2026-07-28 23:05:01,2024-02-25 07:43:00
45511857,6050750,1,2026-07-30 00:05:01,2026-07-30 16:05:01,2024-05-25 02:43:00
454,6050843,1,2026-07-30 01:05:01,2026-07-30 16:05:01,2024-06-04 03:02:10
5123340,6050843,65537,2024-08-31 03:33:00,2026-07-30 16:05:01,2024-02-25 03:34:00
10126551,6050843,16777473,2026-07-30 14:47:22,2026-07-26 03:05:01,2024-02-25 07:43:00
45511857,6050843,1,2026-07-30 00:05:01,2026-07-30 16:05:01,2024-05-25 02:43:00
454,6051425,1,2026-07-30 01:05:01,2026-07-30 16:05:01,2024-06-04 03:02:10
5123340,6051425,65537,2024-08-31 03:33:00,2026-07-30 16:05:01,2024-02-25 03:34:00
10126551,6051425,16777473,2026-07-30 14:47:22,2026-07-30 05:05:01,2024-02-25 07:43:00
45511857,6051425,1,2026-07-30 00:05:01,2026-07-30 16:05:01,2024-05-25 02:43:00
454,6051594,1,2026-07-30 01:05:01,2026-07-30 16:05:01,2024-06-04 03:02:10
5123340,6051594,65537,2024-08-31 03:33:00,2026-07-30 16:05:01,2024-02-25 03:34:00
10126551,6051594,16777473,2026-07-30 14:47:22,2026-07-28 04:05:01,2024-02-25 07:43:00
45511857,6051594,1,2026-07-30 00:05:01,2026-07-30 16:05:01,2024-05-25 02:43:00
454,6082230,1,2026-07-30 01:05:01,2026-07-30 16:05:01,2024-06-04 03:02:10
5123340,6082230,65537,2024-08-31 03:33:00,2026-07-30 16:05:01,2024-02-25 03:34:00
10126551,6082230,16777473,2026-07-30 14:47:22,2026-07-10 11:05:01,2024-02-25 07:43:00
45511857,6082230,1,2026-07-30 00:05:01,2026-07-30 16:05:01,2024-05-25 02:43:00
454,6082641,1,2026-07-30 01:05:01,2026-07-30 16:05:01,2024-06-04 03:02:10
5123340,6082641,65537,2024-08-31 03:33:00,2026-07-30 16:05:01,2024-02-25 03:34:00
10126551,6082641,16777473,2026-07-30 14:47:22,2026-07-30 05:05:01,2024-02-25 07:43:00
45511857,6082641,1,2026-07-30 00:05:01,2026-07-30 16:05:01,2024-05-25 02:43:00
454,6085647,1,2026-07-30 01:05:01,2026-07-30 16:05:01,2024-06-04 03:02:10
5123340,6085647,65537,2024-08-31 03:33:00,2026-07-30 16:05:01,2024-02-25 03:34:00
10126551,6085647,16777473,2026-07-30 14:47:22,2026-07-28 04:05:01,2024-02-25 07:43:00
45511857,6085647,1,2026-07-30 00:05:01,2026-07-30 16:05:01,2024-05-25 02:43:00
454,6086821,1,2026-07-30 01:05:01,2026-07-30 16:05:01,2024-06-04 03:02:10
5123340,6086821,65537,2024-08-31 03:33:00,2026-07-30 16:05:01,2024-02-25 03:34:00
10126551,6086821,16777473,2026-07-30 14:47:22,2026-07-30 05:05:01,2024-02-25 07:43:00
45511857,6086821,1,2026-07-30 00:05:01,2026-07-30 16:05:01,2024-05-25 02:43:00
454,6086859,1,2026-07-30 01:05:01,2026-07-30 16:05:01,2024-06-04 03:02:10
10126551,6086859,16777473,2026-07-30 14:47:22,2026-07-10 10:05:01,2024-02-25 07:43:00
45511857,6086859,1,2026-07-30 00:05:01,2026-07-30 16:05:01,2024-05-25 02:43:00
454,6089004,1,2026-07-30 01:05:01,2026-07-30 16:05:01,2024-06-04 03:02:10
5123340,6089004,65537,2024-08-31 03:33:00,2026-07-30 16:05:01,2024-02-25 03:34:00
10126551,6089004,16777473,2026-07-30 14:47:22,2026-07-10 10:05:01,2024-02-25 07:43:00
45511857,6089004,1,2026-07-30 00:05:01,2026-07-30 16:05:01,2024-05-25 02:43:00
454,6090731,1,2026-07-30 01:05:01,2026-07-30 16:05:01,2024-06-04 03:02:10
5123340,6090731,65537,2024-08-31 03:33:00,2026-07-30 16:05:01,2024-02-25 03:34:00
10126551,6090731,16777473,2026-07-30 14:47:22,2026-07-30 05:05:01,2024-02-25 07:43:00
45511857,6090731,1,2026-07-30 00:05:01,2026-07-30 16:05:01,2024-05-25 02:43:00
454,6106562,1,2026-07-30 01:05:01,2026-07-30 16:05:01,2024-06-04 03:02:10
5123340,6106562,65537,2024-08-31 03:33:00,2026-07-30 16:05:01,2024-02-25 03:34:00
10126551,6106562,16777473,2026-07-30 14:47:22,2026-07-30 05:05:01,2024-02-25 07:43:00
45511857,6106562,1,2026-07-30 00:05:01,2026-07-30 16:05:01,2024-05-25 02:43:00
454,6106623,1,2026-07-30 01:05:01,2026-07-30 16:05:01,2024-06-05 23:36:02
5123340,6106623,65537,2024-08-31 03:33:00,2026-07-30 16:05:01,2024-02-25 03:34:00
10126551,6106623,16777473,2026-07-30 14:47:22,2026-07-30 05:05:01,2024-02-25 07:43:00
45511857,6106623,1,2026-07-30 00:05:01,2026-07-30 16:05:01,2024-05-25 02:43:00
454,6107618,1,2026-07-30 01:05:01,2026-07-30 16:05:01,2024-06-04 03:02:10
5123340,6107618,65537,2024-08-31 03:33:00,2026-07-30 16:05:01,2024-02-25 03:34:00
10126551,6107618,16777473,2026-07-30 14:47:22,2026-07-28 04:05:01,2024-02-25 07:43:00
45511857,6107618,1,2026-07-30 00:05:01,2026-07-30 16:05:01,2024-05-25 02:43:00
454,6107853,1,2026-07-30 01:05:01,2026-07-30 16:05:01,2024-06-04 03:02:10
5123340,6107853,65537,2024-08-31 03:33:00,2026-07-30 16:05:01,2024-02-25 03:34:00
10126551,6107853,16777473,2026-07-30 14:47:22,2026-07-30 05:05:01,2024-02-25 07:43:00
45511857,6107853,1,2026-07-30 00:05:01,2026-07-30 16:05:01,2024-05-25 02:43:00
454,6108061,1,2026-07-30 01:05:01,2026-07-30 16:05:01,2024-06-04 03:02:10
5123340,6108061,65537,2024-08-31 03:33:00,2026-07-30 16:05:01,2024-02-25 03:34:00
10126551,6108061,16777473,2026-07-30 14:47:22,2026-07-28 04:05:01,2024-02-25 07:43:00
45511857,6108061,1,2026-07-30 00:05:01,2026-07-30 16:05:01,2024-05-25 02:43:00
454,6108423,1,2026-07-30 01:05:01,2026-07-30 16:05:01,2024-06-04 03:02:10
5123340,6108423,65537,2024-08-31 03:33:00,2026-07-30 16:05:01,2024-02-25 03:34:00
10126551,6108423,16777473,2026-07-30 14:47:22,2026-07-30 04:05:01,2024-02-25 07:43:00
45511857,6108423,1,2026-07-30 00:05:01,2026-07-30 16:05:01,2024-05-25 02:43:00
454,6128418,1,2026-07-30 01:05:01,2026-07-30 16:05:01,2024-06-04 03:02:10
5123340,6128418,65537,2024-08-31 03:33:00,2026-07-30 16:05:01,2024-02-25 03:34:00
10126551,6128418,16777473,2026-07-30 14:47:22,2026-07-30 05:05:01,2024-02-25 07:43:00
45511857,6128418,1,2026-07-30 00:05:01,2026-07-30 16:05:01,2024-05-25 02:43:00
454,6131387,1,2026-07-30 01:05:01,2026-07-30 16:05:01,2024-06-04 03:02:10
5123340,6131387,65537,2024-08-31 03:33:00,2026-07-30 16:05:01,2024-02-25 03:34:00
10126551,6131387,16777473,2026-07-30 14:47:22,2026-07-30 05:05:01,2024-02-25 07:43:00
45511857,6131387,1,2026-07-30 00:05:01,2026-07-30 16:05:01,2024-05-25 02:43:00
454,6141106,1,2026-07-30 01:05:01,2026-07-30 16:05:01,2024-06-04 03:02:10
5123340,6141106,65537,2024-08-31 03:33:00,2026-07-30 16:05:01,2024-02-25 03:34:00
10126551,6141106,16777473,2026-07-30 14:47:22,2026-07-28 00:05:01,2024-02-25 07:43:00
45511857,6141106,1,2026-07-30 00:05:01,2026-07-30 16:05:01,2024-05-25 02:43:00
454,6148125,1,2026-07-30 01:05:01,2026-07-30 16:05:01,2024-06-04 03:02:10
5123340,6148125,65537,2024-08-31 03:33:00,2026-07-30 16:05:01,2024-02-25 03:34:00
10126551,6148125,16777473,2026-07-30 14:47:22,2026-07-28 05:05:01,2024-02-25 07:43:00
45511857,6148125,1,2026-07-30 00:05:01,2026-07-30 16:05:01,2024-05-25 02:43:00
454,6148194,1,2026-07-30 01:05:01,2026-07-30 16:05:01,2024-06-04 03:02:10
5123340,6148194,65537,2024-08-31 03:33:00,2026-07-30 16:05:01,2024-02-25 03:34:00
10126551,6148194,16777473,2026-07-30 14:47:22,2026-07-28 04:05:01,2024-02-25 07:43:00
45511857,6148194,1,2026-07-30 00:05:01,2026-07-30 16:05:01,2024-05-25 02:43:00
454,6150354,1,2026-07-30 01:05:01,2026-07-30 16:05:01,2024-06-04 03:02:10
5123340,6150354,65537,2024-08-31 03:33:00,2026-07-30 16:05:01,2024-02-25 03:34:00
10126551,6150354,16777473,2026-07-30 14:47:22,2026-07-30 05:05:01,2024-02-25 07:43:00
45511857,6150354,1,2026-07-30 00:05:01,2026-07-30 16:05:01,2024-05-25 02:43:00
454,6176881,1,2026-07-30 01:05:01,2026-07-30 16:05:01,2024-06-04 03:02:10
5123340,6176881,65537,2024-08-31 03:33:00,2026-07-30 16:05:01,2024-02-25 03:34:00
10126551,6176881,16777473,2026-07-30 14:47:22,2026-07-28 10:05:01,2024-02-25 07:43:00
45511857,6176881,1,2026-07-30 00:05:01,2026-07-30 16:05:01,2024-05-25 02:43:00
454,6180692,1,2026-07-30 01:05:01,2026-07-30 16:05:01,2024-06-05 23:36:02
10126551,6180692,16777473,2026-07-30 14:47:22,2026-07-10 10:05:01,2024-02-25 07:43:00
45511857,6180692,1,2026-07-30 00:05:01,2026-07-30 16:05:01,2024-05-25 02:43:00
454,6180904,1,2026-07-30 01:05:01,2026-07-30 16:05:01,2024-06-04 03:02:10
5123340,6180904,65537,2024-08-31 03:33:00,2026-07-30 16:05:01,2024-02-25 03:34:00
10126551,6180904,16777473,2026-07-30 14:47:22,2026-07-25 04:05:01,2024-02-25 07:43:00
45511857,6180904,1,2026-07-30 00:05:01,2026-07-30 16:05:01,2024-05-25 02:43:00
454,6185642,1,2026-07-30 01:05:01,2026-07-30 16:05:01,2024-06-04 03:02:10
5123340,6185642,65537,2024-08-31 03:33:00,2026-07-30 16:05:01,2024-02-25 03:34:00
10126551,6185642,16777473,2026-07-30 14:47:22,2026-07-28 05:05:01,2024-02-25 07:43:00
45511857,6185642,1,2026-07-30 00:05:01,2026-07-30 16:05:01,2024-05-25 02:43:00
454,6188650,1,2026-07-30 01:05:01,2026-07-30 16:05:01,2024-06-04 03:02:10
5123340,6188650,65537,2024-08-31 03:33:00,2026-07-30 16:05:01,2024-02-25 03:34:00
45511857,5939725,1,2026-07-30 00:05:01,2026-07-30 16:05:01,2024-05-25 02:43:00
454,5940270,1,2026-07-30 01:05:01,2026-07-30 16:05:01,2024-06-04 03:02:10
5123340,5940270,65537,2024-08-31 03:33:00,2026-07-30 16:05:01,2024-02-25 03:34:00
10126551,5940270,16777473,2026-07-30 14:47:22,2026-07-28 04:05:01,2024-02-25 07:43:00
45511857,5940270,1,2026-07-30 00:05:01,2026-07-30 16:05:01,2024-05-25 02:43:00
454,5941863,1,2026-07-30 01:05:01,2026-07-30 16:05:01,2024-06-04 03:02:10
10126551,5941863,16777473,2026-07-30 14:47:22,2026-07-10 10:05:01,2024-02-25 07:43:00
45511857,5941863,1,2026-07-30 00:05:01,2026-07-30 16:05:01,2024-05-25 02:43:00
454,5946839,1,2026-07-30 01:05:01,2026-07-30 16:05:01,2024-06-04 03:02:10
5123340,5946839,65537,2024-08-31 03:33:00,2026-07-30 16:05:01,2024-02-25 03:34:00
10126551,5946839,16777473,2026-07-30 14:47:22,2026-07-30 04:05:01,2024-02-25 07:43:00
45511857,5946839,1,2026-07-30 00:05:01,2026-07-30 16:05:01,2024-05-25 02:43:00
454,5948396,1,2026-07-30 01:05:01,2026-07-30 16:05:01,2024-06-04 03:02:10
5123340,5948396,65537,2024-08-31 03:33:00,2026-07-30 16:05:01,2024-02-25 03:34:00
10126551,5948396,16777473,2026-07-30 14:47:22,2026-07-27 02:05:01,2024-02-25 07:43:00
45511857,5948396,1,2026-07-30 00:05:01,2026-07-30 16:05:01,2024-05-25 02:43:00
454,5954293,1,2026-07-30 01:05:01,2026-07-30 16:05:01,2024-06-04 03:02:10
5123340,5954293,65537,2024-08-31 03:33:00,2026-07-30 16:05:01,2024-02-25 03:34:00
10126551,5954293,16777473,2026-07-30 14:47:22,2026-07-30 05:05:01,2024-02-25 07:43:00
45511857,5954293,1,2026-07-30 00:05:01,2026-07-30 16:05:01,2024-05-25 02:43:00
454,5954308,1,2026-07-30 01:05:01,2026-07-30 16:05:01,2024-06-04 03:02:10
5123340,5954308,65537,2024-08-31 03:33:00,2026-07-30 16:05:01,2024-02-25 03:34:00
10126551,5954308,16777473,2026-07-30 14:47:22,2026-07-30 00:05:01,2024-02-25 07:43:00
45511857,5954308,1,2026-07-30 00:05:01,2026-07-30 16:05:01,2024-05-25 02:43:00
454,5955198,1,2026-07-30 01:05:01,2026-07-30 16:05:01,2024-06-04 03:02:10
5123340,5955198,65537,2024-08-31 03:33:00,2026-07-30 16:05:01,2024-02-25 03:34:00
10126551,5955198,16777473,2026-07-30 14:47:22,2026-07-28 04:05:01,2024-02-25 07:43:00
45511857,5955198,1,2026-07-30 00:05:01,2026-07-30 16:05:01,2024-05-25 02:43:00
454,5961388,1,2026-07-30 01:05:01,2026-07-30 16:05:01,2024-06-04 03:02:10
5123340,5961388,65537,2024-08-31 03:33:00,2026-07-30 16:05:01,2024-02-25 03:34:00
10126551,5961388,16777473,2026-07-30 14:47:22,2026-07-27 02:05:01,2024-02-25 07:43:00
45511857,5961388,1,2026-07-30 00:05:01,2026-07-30 16:05:01,2024-05-25 02:43:00
454,5961398,1,2026-07-30 01:05:01,2026-07-30 16:05:01,2024-06-04 03:02:10
5123340,5961398,65537,2024-08-31 03:33:00,2026-07-30 16:05:01,2024-02-25 03:34:00
10126551,5961398,16777473,2026-07-30 14:47:22,2026-07-28 04:05:01,2024-02-25 07:43:00
45511857,5961398,1,2026-07-30 00:05:01,2026-07-30 16:05:01,2024-05-25 02:43:00
454,5961813,1,2026-07-30 01:05:01,2026-07-30 16:05:01,2024-06-04 03:02:10
5123340,5961813,65537,2024-08-31 03:33:00,2026-07-30 16:05:01,2024-02-25 03:34:00
10126551,5961813,16777473,2026-07-30 14:47:22,2026-07-29 13:05:01,2024-02-25 07:43:00
45511857,5961813,1,2026-07-30 00:05:01,2026-07-30 16:05:01,2024-05-25 02:43:00
454,5965715,1,2026-07-30 01:05:01,2026-07-30 16:05:01,2024-06-04 03:02:10
5123340,5965715,65537,2024-08-31 03:33:00,2026-07-30 16:05:01,2024-02-25 03:34:00
10126551,5965715,16777473,2026-07-30 14:47:22,2026-07-30 05:05:01,2024-02-25 07:43:00
45511857,5965715,1,2026-07-30 00:05:01,2026-07-30 16:05:01,2024-05-25 02:43:00
454,5965861,1,2026-07-30 01:05:01,2026-07-30 16:05:01,2024-06-04 03:02:10
5123340,5965861,65537,2024-08-31 03:33:00,2026-07-30 16:05:01,2024-02-25 03:34:00
10126551,5965861,16777473,2026-07-30 14:47:22,2026-07-30 05:05:01,2024-02-25 07:43:00
45511857,5965861,1,2026-07-30 00:05:01,2026-07-30 16:05:01,2024-05-25 02:43:00
454,5965970,1,2026-07-30 01:05:01,2026-07-30 16:05:01,2024-06-04 03:02:10
10126551,5965970,16777473,2026-07-30 14:47:22,2026-07-10 10:05:01,2024-02-25 07:43:00
45511857,5965970,1,2026-07-30 00:05:01,2026-07-30 16:05:01,2024-05-25 02:43:00
454,5984195,1,2026-07-30 01:05:01,2026-07-30 16:05:01,2024-06-04 03:02:10
5123340,5984195,65537,2024-08-31 03:33:00,2026-07-30 16:05:01,2024-02-25 03:34:00
10126551,5984195,16777473,2026-07-30 14:47:22,2026-07-30 05:05:01,2024-02-25 07:43:00
45511857,5984195,1,2026-07-30 00:05:01,2026-07-30 16:05:01,2024-05-25 02:43:00
454,5992168,1,2026-07-30 01:05:01,2026-07-30 16:05:01,2024-06-04 03:02:10
5123340,5992168,65537,2024-08-31 03:33:00,2026-07-30 16:05:01,2024-02-25 03:34:00
10126551,5992168,16777473,2026-07-30 14:47:22,2026-07-30 05:05:01,2024-02-25 07:43:00
45511857,5992168,1,2026-07-30 00:05:01,2026-07-30 16:05:01,2024-05-25 02:43:00
454,5992298,1,2026-07-30 01:05:01,2026-07-30 16:05:01,2024-06-04 03:02:10
5123340,5992298,65537,2024-08-31 03:33:00,2026-07-30 16:05:01,2024-02-25 03:34:00
10126551,5992298,16777473,2026-07-30 14:47:22,2026-07-27 02:05:01,2024-02-25 07:43:00
45511857,5992298,1,2026-07-30 00:05:01,2026-07-30 16:05:01,2024-05-25 02:43:00
454,5992650,1,2026-07-30 01:05:01,2026-07-30 16:05:01,2024-06-04 03:02:10
5123340,5992650,65537,2024-08-31 03:33:00,2026-07-30 16:05:01,2024-02-25 03:34:00
10126551,5992650,16777473,2026-07-30 14:47:22,2026-07-27 02:05:01,2024-02-25 07:43:00
45511857,5992650,1,2026-07-30 00:05:01,2026-07-30 16:05:01,2024-05-25 02:43:00
454,5993801,1,2026-07-30 01:05:01,2026-07-30 16:05:01,2024-06-04 03:02:10
5123340,5993801,65537,2024-08-31 03:33:00,2026-07-30 16:05:01,2024-02-25 03:34:00
10126551,5993801,16777473,2026-07-30 14:47:22,2026-07-30 05:05:01,2024-02-25 07:43:00
45511857,5993801,1,2026-07-30 00:05:01,2026-07-30 16:05:01,2024-05-25 02:43:00
454,5996646,1,2026-07-30 01:05:01,2026-07-30 16:05:01,2024-06-04 03:02:10
5123340,5996646,65537,2024-08-31 03:33:00,2026-07-30 16:05:01,2024-02-25 03:34:00
10126551,5996646,16777473,2026-07-30 14:47:22,2026-07-28 04:05:01,2024-02-25 07:43:00
45511857,5996646,1,2026-07-30 00:05:01,2026-07-30 16:05:01,2024-05-25 02:43:00
454,6002382,1,2026-07-30 01:05:01,2026-07-30 16:05:01,2024-06-04 03:02:10
5123340,6002382,65537,2024-08-31 03:33:00,2026-07-30 16:05:01,2024-02-25 03:34:00
10126551,6002382,16777473,2026-07-30 14:47:22,2026-07-28 00:05:01,2024-02-25 07:43:00
45511857,6002382,1,2026-07-30 00:05:01,2026-07-30 16:05:01,2024-05-25 02:43:00
454,6002964,1,2026-07-30 01:05:01,2026-07-30 16:05:01,2024-06-04 03:02:10
5123340,6002964,65537,2024-08-31 03:33:00,2026-07-30 16:05:01,2024-02-25 03:34:00
10126551,6002964,16777473,2026-07-30 14:47:22,2026-07-10 10:05:01,2024-02-25 07:43:00
45511857,6002964,1,2026-07-30 00:05:01,2026-07-30 16:05:01,2024-05-25 02:43:00
454,6003192,1,2026-07-30 01:05:01,2026-07-30 16:05:01,2024-06-04 03:02:10
5123340,6003192,65537,2024-08-31 03:33:00,2026-07-30 16:05:01,2024-02-25 03:34:00
10126551,6003192,16777473,2026-07-30 14:47:22,2026-07-30 05:05:01,2024-02-25 07:43:00
45511857,6003192,1,2026-07-30 00:05:01,2026-07-30 16:05:01,2024-05-25 02:43:00
454,6003657,1,2026-07-30 01:05:01,2026-07-30 16:05:01,2024-06-04 03:02:10
5123340,6003657,65537,2024-08-31 03:33:00,2026-07-30 16:05:01,2024-02-25 03:34:00
10126551,6003657,16777473,2026-07-30 14:47:22,2026-07-30 05:05:01,2024-02-25 07:43:00
45511857,6003657,1,2026-07-30 00:05:01,2026-07-30 16:05:01,2024-05-25 02:43:00
454,6003981,1,2026-07-30 01:05:01,2026-07-30 16:05:01,2024-06-04 03:02:10
5123340,6003981,65537,2024-08-31 03:33:00,2026-07-30 16:05:01,2024-02-25 03:34:00
10126551,6003981,16777473,2026-07-30 14:47:22,2026-07-26 03:05:01,2024-02-25 07:43:00
45511857,6003981,1,2026-07-30 00:05:01,2026-07-30 16:05:01,2024-05-25 02:43:00
454,6004685,1,2026-07-30 01:05:01,2026-07-30 16:05:01,2024-06-04 03:02:10
5123340,6004685,65537,2024-08-31 03:33:00,2026-07-30 16:05:01,2024-02-25 03:34:00
10126551,6004685,16777473,2026-07-30 14:47:22,2026-07-30 05:05:01,2024-02-25 07:43:00
45511857,6004685,1,2026-07-30 00:05:01,2026-07-30 16:05:01,2024-05-25 02:43:00
454,6032319,1,2026-07-30 01:05:01,2026-07-30 16:05:01,2024-06-04 03:02:10
5123340,6032319,65537,2024-08-31 03:33:00,2026-07-30 16:05:01,2024-02-25 03:34:00
10126551,6032319,16777473,2026-07-30 14:47:22,2026-07-30 05:05:01,2024-02-25 07:43:00
45511857,6032319,1,2026-07-30 00:05:01,2026-07-30 16:05:01,2024-05-25 02:43:00
454,6035368,1,2026-07-30 01:05:01,2026-07-30 16:05:01,2024-06-04 03:02:10
5123340,6035368,65537,2024-08-31 03:33:00,2026-07-30 16:05:01,2024-02-25 03:34:00
10126551,6035368,16777473,2026-07-30 14:47:22,2026-07-30 05:05:01,2024-02-25 07:43:00
45511857,6035368,1,2026-07-30 00:05:01,2026-07-30 16:05:01,2024-05-25 02:43:00
454,6035372,1,2026-07-30 01:05:01,2026-07-30 16:05:01,2024-06-04 03:02:10
5123340,6035372,65537,2024-08-31 03:33:00,2026-07-30 16:05:01,2024-02-25 03:34:00
10126551,6035372,16777473,2026-07-30 14:47:22,2026-07-30 05:05:01,2024-02-25 07:43:00
45511857,6035372,1,2026-07-30 00:05:01,2026-07-30 16:05:01,2024-05-25 02:43:00
454,6035887,1,2026-07-30 01:05:01,2026-07-30 16:05:01,2024-06-04 03:02:10
5123340,6035887,65537,2024-08-31 03:33:00,2026-07-30 16:05:01,2024-02-25 03:34:00
10126551,6035887,16777473,2026-07-30 14:47:22,2026-07-30 05:05:01,2024-02-25 07:43:00
45511857,6035887,1,2026-07-30 00:05:01,2026-07-30 16:05:01,2024-05-25 02:43:00
454,6041190,1,2026-07-30 01:05:01,2026-07-30 16:05:01,2024-06-04 03:02:10
5123340,6041190,65537,2024-08-31 03:33:00,2026-07-30 16:05:01,2024-02-25 03:34:00
10126551,6041190,16777473,2026-07-30 14:47:22,2026-07-28 00:05:01,2024-02-25 07:43:00
45511857,6041190,1,2026-07-30 00:05:01,2026-07-30 16:05:01,2024-05-25 02:43:00
454,6047282,1,2026-07-30 01:05:01,2026-07-30 16:05:01,2024-06-04 03:02:10
5123340,6047282,65537,2024-08-31 03:33:00,2026-07-30 16:05:01,2024-02-25 03:34:00
10126551,6047282,16777473,2026-07-30 14:47:22,2026-07-30 05:05:01,2024-02-25 07:43:00
45511857,6047282,1,2026-07-30 00:05:01,2026-07-30 16:05:01,2024-05-25 02:43:00
454,6047639,1,2026-07-30 01:05:01,2026-07-30 16:05:01,2024-06-04 03:02:10
5123340,6047639,65537,2024-08-31 03:33:00,2026-07-30 16:05:01,2024-02-25 03:34:00
10126551,6047639,16777473,2026-07-30 14:47:22,2026-07-30 05:05:01,2024-02-25 07:43:00
45511857,6047639,1,2026-07-30 00:05:01,2026-07-30 16:05:01,2024-05-25 02:43:00
454,6060935,1,2026-07-30 01:05:01,2026-07-30 16:05:01,2024-06-04 03:02:10
5123340,6060935,65537,2024-08-31 03:33:00,2026-07-30 16:05:01,2024-02-25 03:34:00
10126551,6060935,16777473,2026-07-30 14:47:22,2026-07-28 04:05:01,2024-02-25 07:43:00
45511857,6060935,1,2026-07-30 00:05:01,2026-07-30 16:05:01,2024-05-25 02:43:00
454,6061741,1,2026-07-30 01:05:01,2026-07-30 16:05:01,2024-06-04 03:02:10
5123340,6061741,65537,2024-08-31 03:33:00,2026-07-30 16:05:01,2024-02-25 03:34:00
10126551,6061741,16777473,2026-07-30 14:47:22,2026-07-30 05:05:01,2024-02-25 07:43:00
45511857,6061741,1,2026-07-30 00:05:01,2026-07-30 16:05:01,2024-05-25 02:43:00
454,6063967,1,2026-07-30 01:05:01,2026-07-30 16:05:01,2024-06-04 03:02:10
5123340,6063967,65537,2024-08-31 03:33:00,2026-07-30 16:05:01,2024-02-25 03:34:00
10126551,6063967,16777473,2026-07-30 14:47:22,2026-07-30 05:05:01,2024-02-25 07:43:00
45511857,6063967,1,2026-07-30 00:05:01,2026-07-30 16:05:01,2024-05-25 02:43:00
454,6064322,1,2026-07-30 01:05:01,2026-07-30 16:05:01,2024-06-04 03:02:10
5123340,6064322,65537,2024-08-31 03:33:00,2026-07-30 16:05:01,2024-02-25 03:34:00
10126551,6064322,16777473,2026-07-30 14:47:22,2026-07-30 05:05:01,2024-02-25 07:43:00
45511857,6064322,1,2026-07-30 00:05:01,2026-07-30 16:05:01,2024-05-25 02:43:00
454,6064501,1,2026-07-30 01:05:01,2026-07-30 16:05:01,2024-06-04 03:02:10
5123340,6064501,65537,2024-08-31 03:33:00,2026-07-30 16:05:01,2024-02-25 03:34:00
10126551,6064501,16777473,2026-07-30 14:47:22,2026-07-30 05:05:01,2024-02-25 07:43:00
45511857,6064501,1,2026-07-30 00:05:01,2026-07-30 16:05:01,2024-05-25 02:43:00
454,6067458,1,2026-07-30 01:05:01,2026-07-30 16:05:01,2024-06-04 03:02:10
5123340,6067458,65537,2024-08-31 03:33:00,2026-07-30 16:05:01,2024-02-25 03:34:00
10126551,6067458,16777473,2026-07-30 14:47:22,2026-07-30 03:05:02,2024-02-25 07:43:00
45511857,6067458,1,2026-07-30 00:05:01,2026-07-30 16:05:01,2024-05-25 02:43:00
454,6093768,1,2026-07-30 01:05:01,2026-07-30 16:05:01,2024-06-04 03:02:10
5123340,6093768,65537,2024-08-31 03:33:00,2026-07-30 16:05:01,2024-02-25 03:34:00
10126551,6093768,16777473,2026-07-30 14:47:22,2026-07-30 05:05:01,2024-02-25 07:43:00
45511857,6093768,1,2026-07-30 00:05:01,2026-07-30 16:05:01,2024-05-25 02:43:00
454,6094747,1,2026-07-30 01:05:01,2026-07-30 16:05:01,2024-06-05 23:36:02
5123340,6094747,65537,2024-08-31 03:33:00,2026-07-30 16:05:01,2024-02-25 03:34:00
10126551,6094747,16777473,2026-07-30 14:47:22,2026-07-30 05:05:01,2024-02-25 07:43:00
45511857,6094747,1,2026-07-30 00:05:01,2026-07-30 16:05:01,2024-05-25 02:43:00
454,6098797,1,2026-07-30 01:05:01,2026-07-30 16:05:01,2024-06-04 03:02:10
5123340,6098797,65537,2024-08-31 03:33:00,2026-07-30 16:05:01,2024-02-25 03:34:00
10126551,6098797,16777473,2026-07-30 14:47:22,2026-07-10 10:05:01,2024-02-25 07:43:00
45511857,6098797,1,2026-07-30 00:05:01,2026-07-30 16:05:01,2024-05-25 02:43:00
454,6099243,1,2026-07-30 01:05:01,2026-07-30 16:05:01,2024-06-04 03:02:10
5123340,6099243,65537,2024-08-31 03:33:00,2026-07-30 16:05:01,2024-02-25 03:34:00
10126551,6099243,16777473,2026-07-30 14:47:22,2026-07-30 05:05:01,2024-02-25 07:43:00
45511857,6099243,1,2026-07-30 00:05:01,2026-07-30 16:05:01,2024-05-25 02:43:00
454,6099247,1,2026-07-30 01:05:01,2026-07-30 16:05:01,2024-06-04 03:02:10
5123340,6099247,65537,2024-08-31 03:33:00,2026-07-30 16:05:01,2024-02-25 03:34:00
10126551,6099247,16777473,2026-07-30 14:47:22,2026-07-30 04:05:01,2024-02-25 07:43:00
45511857,6099247,1,2026-07-30 00:05:01,2026-07-30 16:05:01,2024-05-25 02:43:00
454,6099257,1,2026-07-30 01:05:01,2026-07-30 16:05:01,2024-06-04 03:02:10
5123340,6099257,65537,2024-08-31 03:33:00,2026-07-30 16:05:01,2024-02-25 03:34:00
10126551,6099257,16777473,2026-07-30 14:47:22,2026-07-28 04:05:01,2024-02-25 07:43:00
45511857,6099257,1,2026-07-30 00:05:01,2026-07-30 16:05:01,2024-05-25 02:43:00
454,6100507,1,2026-07-30 01:05:01,2026-07-30 16:05:01,2024-06-04 03:02:10
5123340,6100507,65537,2024-08-31 03:33:00,2026-07-30 16:05:01,2024-02-25 03:34:00
10126551,6100507,16777473,2026-07-30 14:47:22,2026-07-30 04:05:01,2024-02-25 07:43:00
45511857,6100507,1,2026-07-30 00:05:01,2026-07-30 16:05:01,2024-05-25 02:43:00
454,6100622,1,2026-07-30 01:05:01,2026-07-30 16:05:01,2024-06-04 03:02:10
5123340,6100622,65537,2024-08-31 03:33:00,2026-07-30 16:05:01,2024-02-25 03:34:00
10126551,6100622,16777473,2026-07-30 14:47:22,2026-07-28 04:05:01,2024-02-25 07:43:00
45511857,6100622,1,2026-07-30 00:05:01,2026-07-30 16:05:01,2024-05-25 02:43:00
454,6100623,1,2026-07-30 01:05:01,2026-07-30 16:05:01,2024-06-04 03:02:10
5123340,6100623,65537,2024-08-31 03:33:00,2026-07-30 16:05:01,2024-02-25 03:34:00
10126551,6100623,16777473,2026-07-30 14:47:22,2026-07-28 04:05:01,2024-02-25 07:43:00
45511857,6100623,1,2026-07-30 00:05:01,2026-07-30 16:05:01,2024-05-25 02:43:00
454,6101154,1,2026-07-30 01:05:01,2026-07-30 16:05:01,2024-06-04 03:02:10
5123340,6101154,65537,2024-08-31 03:33:00,2026-07-30 16:05:01,2024-02-25 03:34:00
10126551,6101154,16777473,2026-07-30 14:47:22,2026-07-28 00:05:01,2024-02-25 07:43:00
45511857,6101154,1,2026-07-30 00:05:01,2026-07-30 16:05:01,2024-05-25 02:43:00
454,6101765,1,2026-07-30 01:05:01,2026-07-30 16:05:01,2024-06-04 03:02:10
5123340,6101765,65537,2024-08-31 03:33:00,2026-07-30 16:05:01,2024-02-25 03:34:00
10126551,6101765,16777473,2026-07-30 14:47:22,2026-07-30 05:05:01,2024-02-25 07:43:00
45511857,6101765,1,2026-07-30 00:05:01,2026-07-30 16:05:01,2024-05-25 02:43:00
454,6101817,1,2026-07-30 01:05:01,2026-07-30 16:05:01,2024-06-04 03:02:10
5123340,6101817,65537,2024-08-31 03:33:00,2026-07-30 16:05:01,2024-02-25 03:34:00
10126551,6101817,16777473,2026-07-30 14:47:22,2026-07-30 04:05:01,2024-02-25 07:43:00
45511857,6101817,1,2026-07-30 00:05:01,2026-07-30 16:05:01,2024-05-25 02:43:00
454,6109069,1,2026-07-30 01:05:01,2026-07-30 16:05:01,2024-06-04 03:02:10
5123340,6109069,65537,2024-08-31 03:33:00,2026-07-30 16:05:01,2024-02-25 03:34:00
10126551,6109069,16777473,2026-07-30 14:47:22,2026-07-28 04:05:01,2024-02-25 07:43:00
45511857,6109069,1,2026-07-30 00:05:01,2026-07-30 16:05:01,2024-05-25 02:43:00
454,6109962,1,2026-07-30 01:05:01,2026-07-30 16:05:01,2024-06-04 03:02:10
5123340,6109962,65537,2024-08-31 03:33:00,2026-07-30 16:05:01,2024-02-25 03:34:00
10126551,6109962,16777473,2026-07-30 14:47:22,2026-07-30 05:05:01,2024-02-25 07:43:00
45511857,6109962,1,2026-07-30 00:05:01,2026-07-30 16:05:01,2024-05-25 02:43:00
454,6114929,1,2026-07-30 01:05:01,2026-07-30 16:05:01,2024-06-04 03:02:10
5123340,6114929,65537,2024-08-31 03:33:00,2026-07-30 16:05:01,2024-02-25 03:34:00
10126551,6114929,16777473,2026-07-30 14:47:22,2026-07-30 05:05:01,2024-02-25 07:43:00
45511857,6114929,1,2026-07-30 00:05:01,2026-07-30 16:05:01,2024-05-25 02:43:00
454,6120265,1,2026-07-30 01:05:01,2026-07-30 16:05:01,2024-06-04 03:02:10
5123340,6120265,0,,2026-07-30 16:05:01,2024-07-05 03:33:00
10126551,6120265,16777473,2026-07-30 14:47:22,2026-07-10 10:05:01,2024-02-25 07:43:00
45511857,6120265,1,2026-07-30 00:05:01,2026-07-30 16:05:01,2024-05-25 02:43:00
454,6124248,1,2026-07-30 01:05:01,2026-07-30 16:05:01,2024-06-04 03:02:10
5123340,6124248,65537,2024-08-31 03:33:00,2026-07-30 16:05:01,2024-02-25 03:34:00
10126551,6124248,16777473,2026-07-30 14:47:22,2026-07-25 01:05:01,2024-02-25 07:43:00
45511857,6124248,1,2026-07-30 00:05:01,2026-07-30 16:05:01,2024-05-25 02:43:00
454,6125628,1,2026-07-30 01:05:01,2026-07-30 16:05:01,2024-06-04 03:02:10
5123340,6125628,65537,2024-08-31 03:33:00,2026-07-30 16:05:01,2024-02-25 03:34:00
10126551,6125628,16777473,2026-07-30 14:47:22,2026-07-28 04:05:01,2024-02-25 07:43:00
45511857,6125628,1,2026-07-30 00:05:01,2026-07-30 16:05:01,2024-05-25 02:43:00
454,6126071,1,2026-07-30 01:05:01,2026-07-30 16:05:01,2024-06-04 03:02:10
5123340,6126071,65537,2024-08-31 03:33:00,2026-07-30 16:05:01,2024-02-25 03:34:00
10126551,6126071,16777473,2026-07-30 14:47:22,2026-07-30 05:05:01,2024-02-25 07:43:00
45511857,6126071,1,2026-07-30 00:05:01,2026-07-30 16:05:01,2024-05-25 02:43:00
454,6154422,1,2026-07-30 01:05:01,2026-07-30 16:05:01,2024-06-04 03:02:10
5123340,6154422,65537,2024-08-31 03:33:00,2026-07-30 16:05:01,2024-02-25 03:34:00
10126551,6154422,16777473,2026-07-30 14:47:22,2026-07-10 10:05:01,2024-02-25 07:43:00
45511857,6154422,1,2026-07-30 00:05:01,2026-07-30 16:05:01,2024-05-25 02:43:00
454,6159557,1,2026-07-30 01:05:01,2026-07-30 16:05:01,2024-06-04 03:02:10
5123340,6159557,65537,2024-08-31 03:33:00,2026-07-30 16:05:01,2024-02-25 03:34:00
10126551,6159557,16777473,2026-07-30 14:47:22,2026-07-30 05:05:01,2024-02-25 07:43:00
45511857,6159557,1,2026-07-30 00:05:01,2026-07-30 16:05:01,2024-05-25 02:43:00
454,6159599,1,2026-07-30 01:05:01,2026-07-30 16:05:01,2024-06-04 03:02:10
5123340,6159599,65537,2024-08-31 03:33:00,2026-07-30 16:05:01,2024-02-25 03:34:00
10126551,6159599,16777473,2026-07-30 14:47:22,2026-07-30 05:05:01,2024-02-25 07:43:00
45511857,6159599,1,2026-07-30 00:05:01,2026-07-30 16:05:01,2024-05-25 02:43:00
454,6163797,1,2026-07-30 01:05:01,2026-07-30 16:05:01,2024-06-04 03:02:10
5123340,6163797,65537,2024-08-31 03:33:00,2026-07-30 16:05:01,2024-02-25 03:34:00
10126551,6163797,16777473,2026-07-30 14:47:22,2026-07-30 05:05:01,2024-02-25 07:43:00
45511857,6163797,1,2026-07-30 00:05:01,2026-07-30 16:05:01,2024-05-25 02:43:00
454,6164004,1,2026-07-30 01:05:01,2026-07-30 16:05:01,2024-06-04 03:02:10
5123340,6164004,65537,2024-08-31 03:33:00,2026-07-30 16:05:01,2024-02-25 03:34:00
10126551,6164004,16777473,2026-07-30 14:47:22,2026-07-30 05:05:01,2024-02-25 07:43:00
45511857,6164004,1,2026-07-30 00:05:01,2026-07-30 16:05:01,2024-05-25 02:43:00
454,6165234,1,2026-07-30 01:05:01,2026-07-30 16:05:01,2024-06-04 03:02:10
5123340,6165234,65537,2024-08-31 03:33:00,2026-07-30 16:05:01,2024-02-25 03:34:00
10126551,6165234,16777473,2026-07-30 14:47:22,2026-07-28 04:05:01,2024-02-25 07:43:00
45511857,6165234,1,2026-07-30 00:05:01,2026-07-30 16:05:01,2024-05-25 02:43:00
454,6168935,1,2026-07-30 01:05:01,2026-07-30 16:05:01,2024-06-05 23:36:02
5123340,6168935,65537,2024-08-31 03:33:00,2026-07-30 16:05:01,2024-02-25 03:34:00
10126551,6168935,16777473,2026-07-30 14:47:22,2026-07-10 10:05:01,2024-02-25 07:43:00
45511857,6168935,1,2026-07-30 00:05:01,2026-07-30 16:05:01,2024-05-25 02:43:00
454,6196045,1,2026-07-30 01:05:01,2026-07-30 16:05:01,2024-06-04 03:02:10
10126551,6188650,16777473,2026-07-30 14:47:22,2026-07-30 05:05:01,2024-02-25 07:43:00
45511857,6188650,1,2026-07-30 00:05:01,2026-07-30 16:05:01,2024-05-25 02:43:00
454,6192775,1,2026-07-30 01:05:01,2026-07-30 16:05:01,2024-06-04 03:02:10
5123340,6192775,65537,2024-08-31 03:33:00,2026-07-30 16:05:01,2024-02-25 03:34:00
10126551,6192775,16777473,2026-07-30 14:47:22,2026-07-30 05:05:01,2024-02-25 07:43:00
45511857,6192775,1,2026-07-30 00:05:01,2026-07-30 16:05:01,2024-05-25 02:43:00
454,6227601,1,2026-07-30 01:05:01,2026-07-30 16:05:01,2024-06-04 03:02:10
5123340,6227601,65537,2024-08-31 03:33:00,2026-07-30 16:05:01,2024-02-25 03:34:00
10126551,6227601,16777473,2026-07-30 14:47:22,2026-07-28 04:05:01,2024-02-25 07:43:00
45511857,6227601,1,2026-07-30 00:05:01,2026-07-30 16:05:01,2024-05-25 02:43:00
454,6232216,1,2026-07-30 01:05:01,2026-07-30 16:05:01,2024-06-04 03:02:10
5123340,6232216,65537,2024-08-31 03:33:00,2026-07-30 16:05:01,2024-03-30 03:34:00
10126551,6232216,16777473,2026-07-30 14:47:22,2026-07-30 05:05:01,2024-02-25 07:43:00
45511857,6232216,1,2026-07-30 00:05:01,2026-07-30 16:05:01,2024-05-25 02:43:00
454,6233048,1,2026-07-30 01:05:01,2026-07-30 16:05:01,2024-06-04 03:02:10
5123340,6233048,65537,2024-08-31 03:33:00,2026-07-30 16:05:01,2024-02-25 03:34:00
10126551,6233048,16777473,2026-07-30 14:47:22,2026-07-28 04:05:01,2024-02-25 07:43:00
45511857,6233048,1,2026-07-30 00:05:01,2026-07-30 16:05:01,2024-05-25 02:43:00
454,6242099,1,2026-07-30 01:05:01,2026-07-30 16:05:01,2024-06-04 03:02:10
5123340,6242099,65537,2024-08-31 03:33:00,2026-07-30 16:05:01,2024-02-25 03:34:00
10126551,6242099,16777473,2026-07-30 14:47:22,2026-07-30 05:05:01,2024-02-25 07:43:00
45511857,6242099,1,2026-07-30 00:05:01,2026-07-30 16:05:01,2024-05-25 02:43:00
454,6258225,1,2026-07-30 01:05:01,2026-07-30 16:05:01,2024-06-04 03:02:10
5123340,6258225,65537,2024-08-31 03:33:00,2026-07-30 16:05:01,2024-02-25 03:34:00
10126551,6258225,16777473,2026-07-30 14:47:22,2026-07-28 00:05:01,2024-02-25 07:43:00
45511857,6258225,1,2026-07-30 00:05:01,2026-07-30 16:05:01,2024-05-25 02:43:00
454,6260658,1,2026-07-30 01:05:01,2026-07-30 16:05:01,2024-06-04 03:02:10
10126551,6260658,16777473,2026-07-30 14:47:22,2026-07-10 10:05:01,2024-02-25 07:43:00
45511857,6260658,1,2026-07-30 00:05:01,2026-07-30 16:05:01,2024-05-25 02:43:00
454,6262054,1,2026-07-30 01:05:01,2026-07-30 16:05:01,2024-06-04 03:02:10
5123340,6262054,65537,2024-08-31 03:33:00,2026-07-30 16:05:01,2024-02-25 03:34:00
10126551,6262054,16777473,2026-07-30 14:47:22,2026-07-30 05:05:01,2024-02-25 07:43:00
45511857,6262054,1,2026-07-30 00:05:01,2026-07-30 16:05:01,2024-05-25 02:43:00
454,6279100,1,2026-07-30 01:05:01,2026-07-30 16:05:01,2024-06-04 03:02:10
5123340,6279100,0,,2026-07-30 16:05:01,
10126551,6279100,16777473,2026-07-30 14:47:22,2026-07-28 00:05:01,2024-02-25 07:43:00
45511857,6279100,1,2026-07-30 00:05:01,2026-07-30 16:05:01,2024-05-25 02:43:00
454,6282055,1,2026-07-30 01:05:01,2026-07-30 16:05:01,2024-06-04 03:02:10
5123340,6282055,65537,2024-08-31 03:33:00,2026-07-30 16:05:01,2024-02-25 03:34:00
10126551,6282055,16777473,2026-07-30 14:47:22,2026-07-30 05:05:01,2024-02-25 07:43:00
45511857,6282055,1,2026-07-30 00:05:01,2026-07-30 16:05:01,2024-05-25 02:43:00
454,6306145,1,2026-07-30 01:05:01,2026-07-30 16:05:01,2024-06-04 03:02:10
5123340,6306145,65537,2024-08-31 03:33:00,2026-07-30 16:05:01,2024-02-25 03:34:00
10126551,6306145,16777473,2026-07-30 14:47:22,2026-07-14 10:05:01,2024-02-25 07:43:00
45511857,6306145,1,2026-07-30 00:05:01,2026-07-30 16:05:01,2024-05-25 02:43:00
454,6306578,1,2026-07-30 01:05:01,2026-07-30 16:05:01,2024-06-04 03:02:10
5123340,6306578,65537,2024-08-31 03:33:00,2026-07-30 16:05:01,2024-02-25 03:34:00
10126551,6306578,16777473,2026-07-30 14:47:22,2026-07-30 05:05:01,2024-02-25 07:43:00
45511857,6306578,1,2026-07-30 00:05:01,2026-07-30 16:05:01,2024-05-25 02:43:00
454,6306866,1,2026-07-30 01:05:01,2026-07-30 16:05:01,2024-06-04 03:02:10
5123340,6306866,65537,2024-08-31 03:33:00,2026-07-30 16:05:01,2024-02-25 03:34:00
10126551,6306866,16777473,2026-07-30 14:47:22,2026-07-28 04:05:01,2024-02-25 07:43:00
45511857,6306866,1,2026-07-30 00:05:01,2026-07-30 16:05:01,2024-05-25 02:43:00
454,6308311,1,2026-07-30 01:05:01,2026-07-30 16:05:01,2024-06-04 03:02:10
5123340,6308311,65537,2024-08-31 03:33:00,2026-07-30 16:05:01,2024-02-25 03:34:00
10126551,6308311,16777473,2026-07-30 14:47:22,2026-07-28 04:05:01,2024-02-25 07:43:00
45511857,6308311,1,2026-07-30 00:05:01,2026-07-30 16:05:01,2024-05-25 02:43:00
454,6328242,1,2026-07-30 01:05:01,2026-07-30 16:05:01,2024-06-04 03:02:10
5123340,6328242,65537,2024-08-31 03:33:00,2026-07-30 16:05:01,2024-02-25 03:34:00
10126551,6328242,16777473,2026-07-30 14:47:22,2026-07-30 00:05:01,2024-02-25 07:43:00
45511857,6328242,1,2026-07-30 00:05:01,2026-07-30 16:05:01,2024-05-25 02:43:00
454,6328289,1,2026-07-30 01:05:01,2026-07-30 16:05:01,2024-06-04 03:02:10
5123340,6328289,65537,2024-08-31 03:33:00,2026-07-30 16:05:01,2024-02-25 03:34:00
10126551,6328289,16777473,2026-07-30 14:47:22,2026-07-30 00:05:01,2024-02-25 07:43:00
45511857,6328289,1,2026-07-30 00:05:01,2026-07-30 16:05:01,2024-05-25 02:43:00
454,6328296,1,2026-07-30 01:05:01,2026-07-30 16:05:01,2024-06-04 03:02:10
5123340,6328296,65537,2024-08-31 03:33:00,2026-07-30 16:05:01,2024-02-25 03:34:00
10126551,6328296,16777473,2026-07-30 14:47:22,2026-07-30 00:05:01,2024-02-25 07:43:00
45511857,6328296,1,2026-07-30 00:05:01,2026-07-30 16:05:01,2024-05-25 02:43:00
454,6328319,1,2026-07-30 01:05:01,2026-07-30 16:05:01,2024-06-04 03:02:10
5123340,6328319,65537,2024-08-31 03:33:00,2026-07-30 16:05:01,2024-02-25 03:34:00
10126551,6328319,16777473,2026-07-30 14:47:22,2026-07-30 05:05:01,2024-02-25 07:43:00
45511857,6328319,1,2026-07-30 00:05:01,2026-07-30 16:05:01,2024-05-25 02:43:00
454,6334740,1,2026-07-30 01:05:01,2026-07-30 16:05:01,2024-06-04 03:02:10
5123340,6334740,65537,2024-08-31 03:33:00,2026-07-30 16:05:01,2024-02-25 03:34:00
10126551,6334740,16777473,2026-07-30 14:47:22,2026-07-30 05:05:01,2024-02-25 07:43:00
45511857,6334740,1,2026-07-30 00:05:01,2026-07-30 16:05:01,2024-05-25 02:43:00
454,6338458,1,2026-07-30 01:05:01,2026-07-30 16:05:01,2024-06-04 03:02:10
5123340,6338458,65537,2024-08-31 03:33:00,2026-07-30 16:05:01,2024-02-25 03:34:00
10126551,6338458,16777473,2026-07-30 14:47:22,2026-07-28 04:05:01,2024-02-25 07:43:00
45511857,6338458,1,2026-07-30 00:05:01,2026-07-30 16:05:01,2024-05-25 02:43:00
454,6338469,1,2026-07-30 01:05:01,2026-07-30 16:05:01,2024-06-04 03:02:10
5123340,6338469,65537,2024-08-31 03:33:00,2026-07-30 16:05:01,2024-02-25 03:34:00
10126551,6338469,16777473,2026-07-30 14:47:22,2026-07-30 05:05:01,2024-02-25 07:43:00
45511857,6338469,1,2026-07-30 00:05:01,2026-07-30 16:05:01,2024-05-25 02:43:00
454,6381564,1,2026-07-30 01:05:01,2026-07-30 16:05:01,2024-06-04 03:02:10
5123340,6381564,65537,2024-08-31 03:33:00,2026-07-30 16:05:01,2024-02-25 03:34:00
10126551,6381564,16777473,2026-07-30 14:47:22,2026-07-30 05:05:01,2024-02-25 07:43:00
45511857,6381564,1,2026-07-30 00:05:01,2026-07-30 16:05:01,2024-05-25 02:43:00
454,6381821,1,2026-07-30 01:05:01,2026-07-30 16:05:01,2024-06-04 03:02:10
10126551,6381821,16777473,2026-07-30 14:47:22,2026-07-30 05:05:01,2024-02-25 07:43:00
45511857,6381821,1,2026-07-30 00:05:01,2026-07-30 16:05:01,2024-05-25 02:43:00
454,6387029,1,2026-07-30 01:05:01,2026-07-30 16:05:01,2024-06-04 03:02:10
5123340,6387029,65537,2024-08-31 03:33:00,2026-07-30 16:05:01,2024-02-25 03:34:00
10126551,6387029,16777473,2026-07-30 14:47:22,2026-07-28 04:05:01,2024-02-25 07:43:00
45511857,6387029,1,2026-07-30 00:05:01,2026-07-30 16:05:01,2024-05-25 02:43:00
454,6390089,1,2026-07-30 01:05:01,2026-07-30 16:05:01,2024-06-04 03:02:10
5123340,6390089,0,,2026-07-30 16:05:01,
10126551,6390089,16777473,2026-07-30 14:47:22,2026-07-26 03:05:01,2024-02-25 07:43:00
45511857,6390089,1,2026-07-30 00:05:01,2026-07-30 16:05:01,2024-05-25 02:43:00
454,6392945,1,2026-07-30 01:05:01,2026-07-30 16:05:01,2024-06-04 03:02:10
5123340,6392945,65537,2024-08-31 03:33:00,2026-07-30 16:05:01,2024-02-25 03:34:00
10126551,6392945,16777473,2026-07-30 14:47:22,2026-07-28 04:05:01,2024-02-25 07:43:00
45511857,6392945,1,2026-07-30 00:05:01,2026-07-30 16:05:01,2024-05-25 02:43:00
454,6393094,1,2026-07-30 01:05:01,2026-07-30 16:05:01,2024-06-04 03:02:10
5123340,6393094,65537,2024-08-31 03:33:00,2026-07-30 16:05:01,2024-02-25 03:34:00
10126551,6393094,16777473,2026-07-30 14:47:22,2026-07-30 05:05:01,2024-02-25 07:43:00
45511857,6393094,1,2026-07-30 00:05:01,2026-07-30 16:05:01,2024-05-25 02:43:00
454,6393377,1,2026-07-30 01:05:01,2026-07-30 16:05:01,2024-06-04 03:02:10
5123340,6393377,65537,2024-08-31 03:33:00,2026-07-30 16:05:01,2024-02-25 03:34:00
10126551,6393377,16777473,2026-07-30 14:47:22,2026-07-30 05:05:01,2024-02-25 07:43:00
45511857,6393377,1,2026-07-30 00:05:01,2026-07-30 16:05:01,2024-05-25 02:43:00
454,6416629,1,2026-07-30 01:05:01,2026-07-30 16:05:01,2024-06-04 03:02:10
5123340,6416629,65537,2024-08-31 03:33:00,2026-07-30 16:05:01,2024-02-25 03:34:00
10126551,6416629,16777473,2026-07-30 14:47:22,2026-07-30 04:05:01,2024-02-25 07:43:00
45511857,6416629,1,2026-07-30 00:05:01,2026-07-30 16:05:01,2024-05-25 02:43:00
454,6418452,1,2026-07-30 01:05:01,2026-07-30 16:05:01,2024-06-05 23:36:02
5123340,6418452,65537,2024-08-31 03:33:00,2026-07-30 16:05:01,2024-03-30 03:34:00
10126551,6418452,16777473,2026-07-30 14:47:22,2026-07-30 05:05:01,2024-02-25 07:43:00
45511857,6418452,1,2026-07-30 00:05:01,2026-07-30 16:05:01,2024-05-25 02:43:00
454,6420589,1,2026-07-30 01:05:01,2026-07-30 16:05:01,2024-06-04 03:02:10
5123340,6420589,0,,2026-07-30 16:05:01,
10126551,6420589,16777473,2026-07-30 14:47:22,2026-07-30 05:05:01,2024-02-25 07:43:00
45511857,6420589,1,2026-07-30 00:05:01,2026-07-30 16:05:01,2024-05-25 02:43:00
454,6422581,1,2026-07-30 01:05:01,2026-07-30 16:05:01,2024-06-04 03:02:10
5123340,6422581,65537,2024-08-31 03:33:00,2026-07-30 16:05:01,2024-02-25 03:34:00
10126551,6422581,16777473,2026-07-30 14:47:22,2026-07-30 05:05:01,2024-02-25 07:43:00
45511857,6422581,1,2026-07-30 00:05:01,2026-07-30 16:05:01,2024-05-25 02:43:00
454,6422647,1,2026-07-30 01:05:01,2026-07-30 16:05:01,2024-06-04 03:02:10
5123340,6422647,65537,2024-08-31 03:33:00,2026-07-30 16:05:01,2024-02-25 03:34:00
10126551,6422647,16777473,2026-07-30 14:47:22,2026-07-30 05:05:01,2024-02-25 07:43:00
45511857,6422647,1,2026-07-30 00:05:01,2026-07-30 16:05:01,2024-05-25 02:43:00
454,6423187,1,2026-07-30 01:05:01,2026-07-30 16:05:01,2024-06-04 03:02:10
5123340,6423187,0,,2026-07-30 16:05:01,
10126551,6423187,16777473,2026-07-30 14:47:22,2026-07-26 02:05:01,2024-02-25 07:43:00
45511857,6423187,1,2026-07-30 00:05:01,2026-07-30 16:05:01,2024-05-25 02:43:00
454,6464018,1,2026-07-30 01:05:01,2026-07-30 16:05:01,2024-06-04 03:02:10
5123340,6464018,65537,2024-08-31 03:33:00,2026-07-30 16:05:01,2024-02-25 03:34:00
10126551,6464018,16777473,2026-07-30 14:47:22,2026-07-30 05:05:01,2024-02-25 07:43:00
45511857,6464018,1,2026-07-30 00:05:01,2026-07-30 16:05:01,2024-05-25 02:43:00
454,6466885,1,2026-07-30 01:05:01,2026-07-30 16:05:01,2024-06-04 03:02:10
5123340,6466885,65537,2024-08-31 03:33:00,2026-07-30 16:05:01,2024-02-25 03:34:00
10126551,6466885,16777473,2026-07-30 14:47:22,2026-07-28 00:05:01,2024-02-25 07:43:00
45511857,6466885,1,2026-07-30 00:05:01,2026-07-30 16:05:01,2024-05-25 02:43:00
454,6468021,1,2026-07-30 01:05:01,2026-07-30 16:05:01,2024-06-04 03:02:10
5123340,6468021,65537,2024-08-31 03:33:00,2026-07-30 16:05:01,2024-04-05 03:34:00
10126551,6468021,16777473,2026-07-30 14:47:22,2026-07-10 10:05:01,2024-02-25 07:43:00
45511857,6468021,1,2026-07-30 00:05:01,2026-07-30 16:05:01,2024-05-25 02:43:00
454,6470312,1,2026-07-30 01:05:01,2026-07-30 16:05:01,2024-06-04 03:02:10
5123340,6470312,65537,2024-08-31 03:33:00,2026-07-30 16:05:01,2024-03-30 03:34:00
10126551,6470312,16777473,2026-07-30 14:47:22,2026-07-28 04:05:01,2024-02-25 07:43:00
45511857,6470312,1,2026-07-30 00:05:01,2026-07-30 16:05:01,2024-05-25 02:43:00
454,6472009,1,2026-07-30 01:05:01,2026-07-30 16:05:01,2024-06-04 03:02:10
5123340,6472009,0,,2026-07-30 16:05:01,
10126551,6472009,16777473,2026-07-30 14:47:22,2026-07-30 05:05:01,2024-02-25 07:43:00
45511857,6472009,1,2026-07-30 00:05:01,2026-07-30 16:05:01,2024-05-25 02:43:00
454,6477417,1,2026-07-30 01:05:01,2026-07-30 16:05:01,2024-06-04 03:02:10
5123340,6477417,65537,2024-08-31 03:33:00,2026-07-30 16:05:01,2024-03-30 03:34:00
10126551,6477417,16777473,2026-07-30 14:47:22,2026-07-28 04:05:01,2024-02-25 07:43:00
45511857,6477417,1,2026-07-30 00:05:01,2026-07-30 16:05:01,2024-05-25 02:43:00
454,6513586,1,2026-07-30 01:05:01,2026-07-30 16:05:01,2024-06-04 03:02:10
5123340,6513586,0,,2026-07-30 16:05:01,
10126551,6513586,16777473,2026-07-30 14:47:22,2026-07-28 04:05:01,2024-04-13 14:43:53
45511857,6513586,1,2026-07-30 00:05:01,2026-07-30 16:05:01,2024-05-25 02:43:00
454,6513591,1,2026-07-30 01:05:01,2026-07-30 16:05:01,2024-06-04 03:02:10
5123340,6513591,0,,2026-07-30 16:05:01,
10126551,6513591,16777473,2026-07-30 14:47:22,2026-07-27 02:05:01,2024-04-13 14:43:53
45511857,6513591,1,2026-07-30 00:05:01,2026-07-30 16:05:01,2024-05-25 02:43:00
454,6515646,1,2026-07-30 01:05:01,2026-07-30 16:05:01,2024-06-04 03:02:10
5123340,6515646,0,,2026-07-30 16:05:01,
10126551,6515646,16777473,2026-07-30 14:47:22,2026-07-28 04:05:01,2024-04-18 17:43:50
45511857,6515646,1,2026-07-30 00:05:01,2026-07-30 16:05:01,2024-05-25 02:43:00
454,6515656,1,2026-07-30 01:05:01,2026-07-30 16:05:01,2024-06-04 03:02:10
5123340,6515656,65537,2024-08-31 03:33:00,2026-07-30 16:05:01,2024-05-18 03:34:00
10126551,6515656,16777473,2026-07-30 14:47:22,2026-07-28 04:05:01,2024-04-18 17:43:50
45511857,6515656,1,2026-07-30 00:05:01,2026-07-30 16:05:01,2024-05-25 02:43:00
454,6526839,1,2026-07-30 01:05:01,2026-07-30 16:05:01,2024-06-04 03:02:10
5123340,6526839,0,,2026-07-30 16:05:01,
10126551,6526839,16777473,2026-07-30 14:47:22,2026-07-10 10:05:01,2024-05-12 18:58:36
45511857,6526839,1,2026-07-30 00:05:01,2026-07-30 16:05:01,2024-05-25 02:43:00
454,6533062,1,2026-07-30 01:05:01,2026-07-30 16:05:01,2024-06-04 03:02:10
5123340,6533062,0,,2026-07-30 16:05:01,
10126551,6533062,16777473,2026-07-30 14:47:22,2026-07-28 04:05:01,2024-05-27 22:55:07
45511857,6533062,1,2026-07-30 00:05:01,2026-07-30 16:05:01,2024-05-28 02:43:00
454,6544789,1,2026-07-30 01:05:01,2026-07-30 16:05:01,2024-08-20 23:24:46
5123340,6544789,0,,2026-07-30 16:05:01,
10126551,6544789,16777473,2026-07-30 14:47:22,2026-07-30 05:05:01,2024-06-25 11:40:22
45511857,6544789,1,2026-07-30 00:05:01,2026-07-30 16:05:01,2024-06-27 02:43:04
454,6545007,1,2026-07-30 01:05:01,2026-07-30 16:05:01,2024-08-20 23:24:46
5123340,6545007,0,,2026-07-30 16:05:01,
10126551,6545007,16777473,2026-07-30 14:47:22,2026-07-30 05:05:01,2024-06-27 13:42:45
45511857,6545007,1,2026-07-30 00:05:01,2026-07-30 16:05:01,2024-06-27 02:43:04
454,6557564,1,2026-07-30 01:05:01,2026-07-30 16:05:01,2024-08-20 23:24:46
5123340,6557564,0,,2026-07-30 16:05:01,
10126551,6557564,16777473,2026-07-30 14:47:22,2026-07-28 07:05:01,2024-08-07 10:05:01
45511857,6557564,1,2026-07-30 00:05:01,2026-07-30 16:05:01,2024-08-09 03:17:34
454,6562914,1,2026-07-30 01:05:01,2026-07-30 16:05:01,2024-08-20 23:24:46
10126551,6562914,16777473,2026-07-30 14:47:22,2026-07-10 10:05:01,2024-08-16 10:05:01
45511857,6562914,1,2026-07-30 00:05:01,2026-07-30 16:05:01,2024-08-18 03:17:53
454,6562921,1,2026-07-30 01:05:01,2026-07-30 16:05:01,2024-08-20 23:24:46
5123340,6562921,0,,2026-07-30 16:05:01,
10126551,6562921,16777473,2026-07-30 14:47:22,2026-07-18 03:05:01,2024-08-16 10:05:01
45511857,6562921,1,2026-07-30 00:05:01,2026-07-30 16:05:01,2024-08-18 03:17:53
454,6577047,1,2026-07-30 01:05:01,2026-07-30 16:05:01,2025-01-11 04:05:01
5123340,6577047,0,,2026-07-30 16:05:01,
10126551,6577047,16777473,2026-07-30 14:47:22,2026-07-30 05:05:01,2024-09-24 23:05:01
45511857,6577047,1,2026-07-30 00:05:01,2026-07-30 16:05:01,2024-09-24 03:21:12
454,6616605,1,2026-07-30 01:05:01,2026-07-30 16:05:01,2025-01-11 04:05:01
5123340,6616605,0,,2026-07-30 16:05:01,
10126551,6616605,16777473,2026-07-30 14:47:22,2026-07-28 04:05:01,2026-03-14 17:05:01
45511857,6616605,1,2026-07-30 00:05:01,2026-07-30 16:05:01,2024-12-22 19:05:02
454,6621774,1,2026-07-30 01:05:01,2026-07-30 16:05:01,2025-01-11 04:05:01
5123340,6621774,0,,2026-07-30 16:05:01,
10126551,6621774,16777473,2026-07-30 14:47:22,2026-07-28 04:05:01,2026-03-14 17:05:01
45511857,6621774,1,2026-07-30 00:05:01,2026-07-30 16:05:01,2025-01-01 02:05:01
454,6622420,1,2026-07-30 01:05:01,2026-07-30 16:05:01,2025-01-11 04:05:01
5123340,6622420,0,,2026-07-30 16:05:01,
10126551,6622420,16777473,2026-07-30 14:47:22,2026-07-28 05:05:01,2026-03-14 17:05:01
45511857,6622420,1,2026-07-30 00:05:01,2026-07-30 16:05:01,2025-01-02 02:05:01
454,6628618,1,2026-07-30 01:05:01,2026-07-30 16:05:01,2025-01-16 15:05:01
5123340,6628618,0,,2026-07-30 16:05:01,
10126551,6628618,16777473,2026-07-30 14:47:22,2026-07-28 05:05:01,2026-03-14 17:05:01
45511857,6628618,1,2026-07-30 00:05:01,2026-07-30 16:05:01,2025-01-15 02:05:01
454,6633810,1,2026-07-30 01:05:01,2026-07-30 16:05:01,2025-01-23 11:05:01
10126551,6633810,16777473,2026-07-30 14:47:22,2026-07-25 03:05:01,2026-03-14 17:05:01
45511857,6633810,1,2026-07-30 00:05:01,2026-07-30 16:05:01,2025-02-09 02:05:01
454,6645827,1,2026-07-30 01:05:01,2026-07-30 16:05:01,2025-02-24 01:05:01
5123340,6645827,0,,2026-07-30 16:05:01,
10126551,6645827,16777473,2026-07-30 14:47:22,2026-07-28 04:05:01,2026-03-14 17:05:01
45511857,6645827,1,2026-07-30 00:05:01,2026-07-30 16:05:01,2025-02-22 02:05:01
454,6647829,1,2026-07-30 01:05:01,2026-07-30 16:05:01,2025-02-24 13:05:01
10126551,6647829,16777473,2026-07-30 14:47:22,2026-07-10 10:05:01,2026-03-14 17:05:01
45511857,6647829,1,2026-07-30 00:05:01,2026-07-30 16:05:01,2025-02-22 02:05:01
454,6652882,1,2026-07-30 01:05:01,2026-07-30 16:05:01,2025-02-28 23:05:01
5123340,6652882,0,,2026-07-30 16:05:01,
10126551,6652882,16777473,2026-07-30 14:47:22,2026-07-30 05:05:01,2026-03-14 17:05:01
45511857,6652882,1,2026-07-30 00:05:01,2026-07-30 16:05:01,2025-03-09 02:05:01
454,6656780,1,2026-07-30 01:05:01,2026-07-30 16:05:01,2025-03-05 02:05:01
5123340,6656780,0,,2026-07-30 16:05:01,
10126551,6656780,16777473,2026-07-30 14:47:22,2026-07-27 02:05:01,2026-03-14 17:05:01
45511857,6656780,1,2026-07-30 00:05:01,2026-07-30 16:05:01,2025-03-09 02:05:01
454,6659558,1,2026-07-30 01:05:01,2026-07-30 16:05:01,2025-03-10 16:05:01
5123340,6659558,0,,2026-07-30 16:05:01,
10126551,6659558,16777473,2026-07-30 14:47:22,2026-07-28 04:05:01,2026-03-14 17:05:01
45511857,6659558,1,2026-07-30 00:05:01,2026-07-30 16:05:01,2025-03-15 01:26:55
454,6660148,1,2026-07-30 01:05:01,2026-07-30 16:05:01,2025-03-12 23:05:01
5123340,6660148,0,,2026-07-30 16:05:01,
5123340,6196045,65537,2024-08-31 03:33:00,2026-07-30 16:05:01,2024-02-25 03:34:00
10126551,6196045,16777473,2026-07-30 14:47:22,2026-07-28 00:05:01,2024-02-25 07:43:00
45511857,6196045,1,2026-07-30 00:05:01,2026-07-30 16:05:01,2024-05-25 02:43:00
454,6197257,1,2026-07-30 01:05:01,2026-07-30 16:05:01,2024-06-04 03:02:10
10126551,6197257,16777473,2026-07-30 14:47:22,2026-07-10 10:05:01,2024-02-25 07:43:00
45511857,6197257,1,2026-07-30 00:05:01,2026-07-30 16:05:01,2024-05-25 02:43:00
454,6203763,1,2026-07-30 01:05:01,2026-07-30 16:05:01,2024-06-04 03:02:10
5123340,6203763,65537,2024-08-31 03:33:00,2026-07-30 16:05:01,2024-02-25 03:34:00
10126551,6203763,16777473,2026-07-30 14:47:22,2026-07-10 11:05:01,2024-02-25 07:43:00
45511857,6203763,1,2026-07-30 00:05:01,2026-07-30 16:05:01,2024-05-25 02:43:00
454,6204212,1,2026-07-30 01:05:01,2026-07-30 16:05:01,2024-06-04 03:02:10
10126551,6204212,16777473,2026-07-30 14:47:22,2026-07-10 10:05:01,2024-02-25 07:43:00
45511857,6204212,1,2026-07-30 00:05:01,2026-07-30 16:05:01,2024-05-25 02:43:00
454,6208245,1,2026-07-30 01:05:01,2026-07-30 16:05:01,2024-06-04 03:02:10
5123340,6208245,65537,2024-08-31 03:33:00,2026-07-30 16:05:01,2024-02-25 03:34:00
10126551,6208245,16777473,2026-07-30 14:47:22,2026-07-28 10:05:01,2024-02-25 07:43:00
45511857,6208245,1,2026-07-30 00:05:01,2026-07-30 16:05:01,2024-05-25 02:43:00
454,6210759,1,2026-07-30 01:05:01,2026-07-30 16:05:01,2024-06-04 03:02:10
5123340,6210759,65537,2024-08-31 03:33:00,2026-07-30 16:05:01,2024-05-22 03:33:00
10126551,6210759,16777473,2026-07-30 14:47:22,2026-07-28 00:05:01,2024-02-25 07:43:00
45511857,6210759,1,2026-07-30 00:05:01,2026-07-30 16:05:01,2024-05-25 02:43:00
454,6211277,1,2026-07-30 01:05:01,2026-07-30 16:05:01,2024-06-04 03:02:10
5123340,6211277,65537,2024-08-31 03:33:00,2026-07-30 16:05:01,2024-02-25 03:34:00
10126551,6211277,16777473,2026-07-30 14:47:22,2026-07-30 05:05:01,2024-02-25 07:43:00
45511857,6211277,1,2026-07-30 00:05:01,2026-07-30 16:05:01,2024-05-25 02:43:00
454,6211383,1,2026-07-30 01:05:01,2026-07-30 16:05:01,2024-06-04 03:02:10
5123340,6211383,65537,2024-08-31 03:33:00,2026-07-30 16:05:01,2024-02-25 03:34:00
10126551,6211383,16777473,2026-07-30 14:47:22,2026-07-28 07:05:01,2024-02-25 07:43:00
45511857,6211383,1,2026-07-30 00:05:01,2026-07-30 16:05:01,2024-05-25 02:43:00
454,6212655,1,2026-07-30 01:05:01,2026-07-30 16:05:01,2024-06-04 03:02:10
5123340,6212655,65537,2024-08-31 03:33:00,2026-07-30 16:05:01,2024-02-25 03:34:00
10126551,6212655,16777473,2026-07-30 14:47:22,2026-07-30 05:05:01,2024-02-25 07:43:00
45511857,6212655,1,2026-07-30 00:05:01,2026-07-30 16:05:01,2024-05-25 02:43:00
454,6219673,1,2026-07-30 01:05:01,2026-07-30 16:05:01,2024-06-04 03:02:10
5123340,6219673,65537,2024-08-31 03:33:00,2026-07-30 16:05:01,2024-02-25 03:34:00
10126551,6219673,16777473,2026-07-30 14:47:22,2026-07-17 16:28:11,2024-02-25 07:43:00
45511857,6219673,1,2026-07-30 00:05:01,2026-07-30 16:05:01,2024-05-25 02:43:00
454,6219674,1,2026-07-30 01:05:01,2026-07-30 16:05:01,2024-06-04 03:02:10
5123340,6219674,65537,2024-08-31 03:33:00,2026-07-30 16:05:01,2024-02-25 03:34:00
10126551,6219674,16777473,2026-07-30 14:47:22,2026-07-28 00:05:01,2024-02-25 07:43:00
45511857,6219674,1,2026-07-30 00:05:01,2026-07-30 16:05:01,2024-05-25 02:43:00
454,6223653,1,2026-07-30 01:05:01,2026-07-30 16:05:01,2024-06-04 03:02:10
5123340,6223653,65537,2024-08-31 03:33:00,2026-07-30 16:05:01,2024-02-25 03:34:00
10126551,6223653,16777473,2026-07-30 14:47:22,2026-07-28 04:05:01,2024-02-25 07:43:00
45511857,6223653,1,2026-07-30 00:05:01,2026-07-30 16:05:01,2024-05-25 02:43:00
454,6223654,1,2026-07-30 01:05:01,2026-07-30 16:05:01,2024-06-04 03:02:10
5123340,6223654,65537,2024-08-31 03:33:00,2026-07-30 16:05:01,2024-02-25 03:34:00
10126551,6223654,16777473,2026-07-30 14:47:22,2026-07-30 05:05:01,2024-02-25 07:43:00
45511857,6223654,1,2026-07-30 00:05:01,2026-07-30 16:05:01,2024-05-25 02:43:00
454,6264247,1,2026-07-30 01:05:01,2026-07-30 16:05:01,2024-06-04 03:02:10
5123340,6264247,65537,2024-08-31 03:33:00,2026-07-30 16:05:01,2024-02-25 03:34:00
10126551,6264247,16777473,2026-07-30 14:47:22,2026-07-30 03:05:02,2024-02-25 07:43:00
45511857,6264247,1,2026-07-30 00:05:01,2026-07-30 16:05:01,2024-05-25 02:43:00
454,6266225,1,2026-07-30 01:05:01,2026-07-30 16:05:01,2024-06-04 03:02:10
5123340,6266225,65537,2024-08-31 03:33:00,2026-07-30 16:05:01,2024-02-25 03:34:00
10126551,6266225,16777473,2026-07-30 14:47:22,2026-07-26 03:05:01,2024-02-25 07:43:00
45511857,6266225,1,2026-07-30 00:05:01,2026-07-30 16:05:01,2024-05-25 02:43:00
454,6266449,1,2026-07-30 01:05:01,2026-07-30 16:05:01,2024-06-04 03:02:10
5123340,6266449,65537,2024-08-31 03:33:00,2026-07-30 16:05:01,2024-02-25 03:34:00
10126551,6266449,16777473,2026-07-30 14:47:22,2026-07-30 05:05:01,2024-02-25 07:43:00
45511857,6266449,1,2026-07-30 00:05:01,2026-07-30 16:05:01,2024-05-25 02:43:00
454,6266455,1,2026-07-30 01:05:01,2026-07-30 16:05:01,2024-06-04 03:02:10
5123340,6266455,65537,2024-08-31 03:33:00,2026-07-30 16:05:01,2024-02-25 03:34:00
10126551,6266455,16777473,2026-07-30 14:47:22,2026-07-30 05:05:01,2024-02-25 07:43:00
45511857,6266455,1,2026-07-30 00:05:01,2026-07-30 16:05:01,2024-05-25 02:43:00
454,6267788,1,2026-07-30 01:05:01,2026-07-30 16:05:01,2024-06-04 03:02:10
5123340,6267788,65537,2024-08-31 03:33:00,2026-07-30 16:05:01,2024-02-25 03:34:00
10126551,6267788,16777473,2026-07-30 14:47:22,2026-07-30 05:05:01,2024-02-25 07:43:00
45511857,6267788,1,2026-07-30 00:05:01,2026-07-30 16:05:01,2024-05-25 02:43:00
454,6268006,1,2026-07-30 01:05:01,2026-07-30 16:05:01,2024-06-04 03:02:10
5123340,6268006,65537,2024-08-31 03:33:00,2026-07-30 16:05:01,2024-02-25 03:34:00
10126551,6268006,16777473,2026-07-30 14:47:22,2026-07-30 05:05:01,2024-02-25 07:43:00
45511857,6268006,1,2026-07-30 00:05:01,2026-07-30 16:05:01,2024-05-25 02:43:00
454,6315518,1,2026-07-30 01:05:01,2026-07-30 16:05:01,2024-06-04 03:02:10
5123340,6315518,65537,2024-08-31 03:33:00,2026-07-30 16:05:01,2024-02-25 03:34:00
10126551,6315518,16777473,2026-07-30 14:47:22,2026-07-30 04:05:01,2024-02-25 07:43:00
45511857,6315518,1,2026-07-30 00:05:01,2026-07-30 16:05:01,2024-05-25 02:43:00
454,6318197,1,2026-07-30 01:05:01,2026-07-30 16:05:01,2024-06-04 03:02:10
5123340,6318197,65537,2024-08-31 03:33:00,2026-07-30 16:05:01,2024-02-25 03:34:00
10126551,6318197,16777473,2026-07-30 14:47:22,2026-07-30 05:05:01,2024-02-25 07:43:00
45511857,6318197,1,2026-07-30 00:05:01,2026-07-30 16:05:01,2024-05-25 02:43:00
454,6318198,1,2026-07-30 01:05:01,2026-07-30 16:05:01,2024-06-04 03:02:10
5123340,6318198,65537,2024-08-31 03:33:00,2026-07-30 16:05:01,2024-02-25 03:34:00
10126551,6318198,16777473,2026-07-30 14:47:22,2026-07-30 05:05:01,2024-02-25 07:43:00
45511857,6318198,1,2026-07-30 00:05:01,2026-07-30 16:05:01,2024-05-25 02:43:00
454,6318861,1,2026-07-30 01:05:01,2026-07-30 16:05:01,2024-06-04 03:02:10
5123340,6318861,65537,2024-08-31 03:33:00,2026-07-30 16:05:01,2024-02-25 03:34:00
10126551,6318861,16777473,2026-07-30 14:47:22,2026-07-10 11:05:01,2024-02-25 07:43:00
45511857,6318861,1,2026-07-30 00:05:01,2026-07-30 16:05:01,2024-05-25 02:43:00
454,6323385,1,2026-07-30 01:05:01,2026-07-30 16:05:01,2024-06-04 03:02:10
5123340,6323385,65537,2024-08-31 03:33:00,2026-07-30 16:05:01,2024-02-25 03:34:00
10126551,6323385,16777473,2026-07-30 14:47:22,2026-07-30 05:05:01,2024-02-25 07:43:00
45511857,6323385,1,2026-07-30 00:05:01,2026-07-30 16:05:01,2024-05-25 02:43:00
454,6323463,1,2026-07-30 01:05:01,2026-07-30 16:05:01,2024-06-04 03:02:10
5123340,6323463,65537,2024-08-31 03:33:00,2026-07-30 16:05:01,2024-02-25 03:34:00
10126551,6323463,16777473,2026-07-30 14:47:22,2026-07-30 05:05:01,2024-02-25 07:43:00
45511857,6323463,1,2026-07-30 00:05:01,2026-07-30 16:05:01,2024-05-25 02:43:00
454,6323468,1,2026-07-30 01:05:01,2026-07-30 16:05:01,2024-06-04 03:02:10
5123340,6323468,65537,2024-08-31 03:33:00,2026-07-30 16:05:01,2024-02-25 03:34:00
10126551,6323468,16777473,2026-07-30 14:47:22,2026-07-30 05:05:01,2024-02-25 07:43:00
45511857,6323468,1,2026-07-30 00:05:01,2026-07-30 16:05:01,2024-05-25 02:43:00
454,6339928,1,2026-07-30 01:05:01,2026-07-30 16:05:01,2024-06-04 03:02:10
5123340,6339928,65537,2024-08-31 03:33:00,2026-07-30 16:05:01,2024-02-25 03:34:00
10126551,6339928,16777473,2026-07-30 14:47:22,2026-07-28 04:05:01,2024-02-25 07:43:00
45511857,6339928,1,2026-07-30 00:05:01,2026-07-30 16:05:01,2024-05-25 02:43:00
454,6342637,1,2026-07-30 01:05:01,2026-07-30 16:05:01,2024-06-04 03:02:10
5123340,6342637,65537,2024-08-31 03:33:00,2026-07-30 16:05:01,2024-02-25 03:34:00
10126551,6342637,16777473,2026-07-30 14:47:22,2026-07-30 05:05:01,2024-02-25 07:43:00
45511857,6342637,1,2026-07-30 00:05:01,2026-07-30 16:05:01,2024-05-25 02:43:00
454,6350347,1,2026-07-30 01:05:01,2026-07-30 16:05:01,2024-06-04 03:02:10
5123340,6350347,65537,2024-08-31 03:33:00,2026-07-30 16:05:01,2024-02-25 03:34:00
10126551,6350347,16777473,2026-07-30 14:47:22,2026-07-30 04:05:01,2024-02-25 07:43:00
45511857,6350347,1,2026-07-30 00:05:01,2026-07-30 16:05:01,2024-05-25 02:43:00
454,6355812,1,2026-07-30 01:05:01,2026-07-30 16:05:01,2024-06-04 03:02:10
5123340,6355812,65537,2024-08-31 03:33:00,2026-07-30 16:05:01,2024-02-25 03:34:00
10126551,6355812,16777473,2026-07-30 14:47:22,2026-07-26 04:05:01,2024-02-25 07:43:00
45511857,6355812,1,2026-07-30 00:05:01,2026-07-30 16:05:01,2024-05-25 02:43:00
454,6357058,1,2026-07-30 01:05:01,2026-07-30 16:05:01,2024-06-04 03:02:10
5123340,6357058,0,,2026-07-30 16:05:01,
10126551,6357058,16777473,2026-07-30 14:47:22,2026-07-28 00:05:01,2024-02-25 07:43:00
45511857,6357058,1,2026-07-30 00:05:01,2026-07-30 16:05:01,2024-05-25 02:43:00
454,6360130,1,2026-07-30 01:05:01,2026-07-30 16:05:01,2024-06-04 03:02:10
5123340,6360130,65537,2024-08-31 03:33:00,2026-07-30 16:05:01,2024-02-25 03:34:00
10126551,6360130,16777473,2026-07-30 14:47:22,2026-07-30 05:05:01,2024-02-25 07:43:00
45511857,6360130,1,2026-07-30 00:05:01,2026-07-30 16:05:01,2024-05-25 02:43:00
454,6402198,1,2026-07-30 01:05:01,2026-07-30 16:05:01,2024-06-04 03:02:10
5123340,6402198,65537,2024-08-31 03:33:00,2026-07-30 16:05:01,2024-03-30 03:34:00
10126551,6402198,16777473,2026-07-30 14:47:22,2026-07-30 05:05:01,2024-02-25 07:43:00
45511857,6402198,1,2026-07-30 00:05:01,2026-07-30 16:05:01,2024-05-25 02:43:00
454,6403702,1,2026-07-30 01:05:01,2026-07-30 16:05:01,2024-06-04 03:02:10
5123340,6403702,65537,2024-08-31 03:33:00,2026-07-30 16:05:01,2024-02-25 03:34:00
10126551,6403702,16777473,2026-07-30 14:47:22,2026-07-30 05:05:01,2024-02-25 07:43:00
45511857,6403702,1,2026-07-30 00:05:01,2026-07-30 16:05:01,2024-05-25 02:43:00
454,6405403,1,2026-07-30 01:05:01,2026-07-30 16:05:01,2024-06-04 03:02:10
5123340,6405403,65537,2024-08-31 03:33:00,2026-07-30 16:05:01,2024-02-25 03:34:00
10126551,6405403,16777473,2026-07-30 14:47:22,2026-07-30 00:05:01,2024-02-25 07:43:00
45511857,6405403,1,2026-07-30 00:05:01,2026-07-30 16:05:01,2024-05-25 02:43:00
454,6405579,1,2026-07-30 01:05:01,2026-07-30 16:05:01,2024-06-04 03:02:10
5123340,6405579,0,,2026-07-30 16:05:01,
10126551,6405579,16777473,2026-07-30 14:47:22,2026-07-30 05:05:01,2024-02-25 07:43:00
45511857,6405579,1,2026-07-30 00:05:01,2026-07-30 16:05:01,2024-05-25 02:43:00
454,6409300,1,2026-07-30 01:05:01,2026-07-30 16:05:01,2024-06-04 03:02:10
5123340,6409300,0,,2026-07-30 16:05:01,
10126551,6409300,16777473,2026-07-30 14:47:22,2026-07-28 04:05:01,2024-02-25 07:43:00
45511857,6409300,1,2026-07-30 00:05:01,2026-07-30 16:05:01,2024-05-25 02:43:00
454,6409301,1,2026-07-30 01:05:01,2026-07-30 16:05:01,2024-06-04 03:02:10
5123340,6409301,65537,2024-08-31 03:33:00,2026-07-30 16:05:01,2024-02-25 03:34:00
10126551,6409301,16777473,2026-07-30 14:47:22,2026-07-30 05:05:01,2024-02-25 07:43:00
45511857,6409301,1,2026-07-30 00:05:01,2026-07-30 16:05:01,2024-05-25 02:43:00
454,6410970,1,2026-07-30 01:05:01,2026-07-30 16:05:01,2024-06-04 03:02:10
5123340,6410970,65537,2024-08-31 03:33:00,2026-07-30 16:05:01,2024-03-30 03:34:00
10126551,6410970,16777473,2026-07-30 14:47:22,2026-07-28 04:05:01,2024-02-25 07:43:00
45511857,6410970,1,2026-07-30 00:05:01,2026-07-30 16:05:01,2024-05-25 02:43:00
454,6436286,1,2026-07-30 01:05:01,2026-07-30 16:05:01,2024-06-04 03:02:10
5123340,6436286,65537,2024-08-31 03:33:00,2026-07-30 16:05:01,2024-02-25 03:34:00
10126551,6436286,16777473,2026-07-30 14:47:22,2026-07-28 04:05:01,2024-02-25 07:43:00
45511857,6436286,1,2026-07-30 00:05:01,2026-07-30 16:05:01,2024-05-25 02:43:00
454,6442534,1,2026-07-30 01:05:01,2026-07-30 16:05:01,2024-06-04 03:02:10
5123340,6442534,0,,2026-07-30 16:05:01,
10126551,6442534,16777473,2026-07-30 14:47:22,2026-07-30 05:05:01,2024-02-25 07:43:00
45511857,6442534,1,2026-07-30 00:05:01,2026-07-30 16:05:01,2024-05-25 02:43:00
454,6449596,1,2026-07-30 01:05:01,2026-07-30 16:05:01,2024-06-04 03:02:10
5123340,6449596,65537,2024-08-31 03:33:00,2026-07-30 16:05:01,2024-02-25 03:34:00
10126551,6449596,16777473,2026-07-30 14:47:22,2026-07-27 02:05:01,2024-02-25 07:43:00
45511857,6449596,1,2026-07-30 00:05:01,2026-07-30 16:05:01,2024-05-25 02:43:00
454,6450061,1,2026-07-30 01:05:01,2026-07-30 16:05:01,2024-06-04 03:02:10
5123340,6450061,65537,2024-08-31 03:33:00,2026-07-30 16:05:01,2024-02-25 03:34:00
10126551,6450061,16777473,2026-07-30 14:47:22,2026-07-30 05:05:01,2024-02-25 07:43:00
45511857,6450061,1,2026-07-30 00:05:01,2026-07-30 16:05:01,2024-05-25 02:43:00
454,6450100,1,2026-07-30 01:05:01,2026-07-30 16:05:01,2024-06-04 03:02:10
5123340,6450100,65537,2024-08-31 03:33:00,2026-07-30 16:05:01,2024-02-25 03:34:00
10126551,6450100,16777473,2026-07-30 14:47:22,2026-07-30 05:05:01,2024-02-25 07:43:00
45511857,6450100,1,2026-07-30 00:05:01,2026-07-30 16:05:01,2024-05-25 02:43:00
454,6450764,1,2026-07-30 01:05:01,2026-07-30 16:05:01,2024-06-04 03:02:10
5123340,6450764,65537,2024-08-31 03:33:00,2026-07-30 16:05:01,2024-04-07 03:34:00
10126551,6450764,16777473,2026-07-30 14:47:22,2026-07-30 04:05:01,2024-02-25 07:43:00
45511857,6450764,1,2026-07-30 00:05:01,2026-07-30 16:05:01,2024-05-25 02:43:00
454,6488865,1,2026-07-30 01:05:01,2026-07-30 16:05:01,2024-06-04 03:02:10
5123340,6488865,0,,2026-07-30 16:05:01,
10126551,6488865,16777473,2026-07-30 14:47:22,2026-07-28 04:05:01,2024-02-25 07:43:00
45511857,6488865,1,2026-07-30 00:05:01,2026-07-30 16:05:01,2024-05-25 02:43:00
454,6489436,1,2026-07-30 01:05:01,2026-07-30 16:05:01,2024-06-04 03:02:10
5123340,6489436,65537,2024-08-31 03:33:00,2026-07-30 16:05:01,2024-03-30 03:34:00
10126551,6489436,16777473,2026-07-30 14:47:22,2026-07-27 04:05:01,2024-03-09 18:37:00
45511857,6489436,1,2026-07-30 00:05:01,2026-07-30 16:05:01,2024-05-25 02:43:00
454,6494039,1,2026-07-30 01:05:01,2026-07-30 16:05:01,2024-06-04 03:02:10
5123340,6494039,65537,2024-08-31 03:33:00,2026-07-30 16:05:01,2024-03-30 03:34:00
10126551,6494039,16777473,2026-07-30 14:47:22,2026-07-28 04:05:01,2024-03-09 18:37:00
45511857,6494039,1,2026-07-30 00:05:01,2026-07-30 16:05:01,2024-05-25 02:43:00
454,6494936,1,2026-07-30 01:05:01,2026-07-30 16:05:01,2024-06-04 03:02:10
5123340,6494936,65537,2024-08-31 03:33:00,2026-07-30 16:05:01,2024-04-08 03:34:00
10126551,6494936,16777473,2026-07-30 14:47:22,2026-07-30 05:05:01,2024-04-08 16:43:09
45511857,6494936,1,2026-07-30 00:05:01,2026-07-30 16:05:01,2024-05-25 02:43:00
454,6497192,1,2026-07-30 01:05:01,2026-07-30 16:05:01,2024-06-04 03:02:10
5123340,6497192,65537,2024-08-31 03:33:00,2026-07-30 16:05:01,2024-03-30 03:34:00
10126551,6497192,16777473,2026-07-30 14:47:22,2026-07-28 04:05:01,2024-03-12 07:51:10
45511857,6497192,1,2026-07-30 00:05:01,2026-07-30 16:05:01,2024-05-25 02:43:00
454,6497201,1,2026-07-30 01:05:01,2026-07-30 16:05:01,2024-06-04 03:02:10
5123340,6497201,65537,2024-08-31 03:33:00,2026-07-30 16:05:01,2024-04-05 03:34:00
10126551,6497201,16777473,2026-07-30 14:47:22,2026-07-27 02:05:01,2024-03-17 18:40:00
45511857,6497201,1,2026-07-30 00:05:01,2026-07-30 16:05:01,2024-05-25 02:43:00
454,6497564,1,2026-07-30 01:05:01,2026-07-30 16:05:01,2024-06-04 03:02:10
5123340,6497564,65537,2024-08-31 03:33:00,2026-07-30 16:05:01,2024-04-05 03:34:00
10126551,6497564,16777473,2026-07-30 14:47:22,2026-07-30 05:05:01,2024-03-09 18:37:00
45511857,6497564,1,2026-07-30 00:05:01,2026-07-30 16:05:01,2024-05-25 02:43:00
454,6601992,1,2026-07-30 01:05:01,2026-07-30 16:05:01,2025-01-11 04:05:01
5123340,6601992,0,,2026-07-30 16:05:01,
10126551,6601992,16777473,2026-07-30 14:47:22,2026-07-30 05:05:01,2026-03-14 17:05:01
45511857,6601992,1,2026-07-30 00:05:01,2026-07-30 16:05:01,2024-11-27 18:22:59
454,6606175,1,2026-07-30 01:05:01,2026-07-30 16:05:01,2025-01-11 04:05:01
5123340,6606175,0,,2026-07-30 16:05:01,
10126551,6606175,16777473,2026-07-30 14:47:22,2026-07-30 05:05:01,2026-03-14 17:05:01
45511857,6606175,1,2026-07-30 00:05:01,2026-07-30 16:05:01,2024-11-27 18:22:59
454,6611075,1,2026-07-30 01:05:01,2026-07-30 16:05:01,2025-01-23 20:20:50
5123340,6611075,0,,2026-07-30 16:05:01,
10126551,6611075,16777473,2026-07-30 14:47:22,2026-07-30 04:05:01,2026-03-14 17:05:01
45511857,6611075,1,2026-07-30 00:05:01,2026-07-30 16:05:01,2024-12-22 19:05:02
454,6611267,1,2026-07-30 01:05:01,2026-07-30 16:05:01,2025-01-11 04:05:01
5123340,6611267,0,,2026-07-30 16:05:01,
10126551,6611267,16777473,2026-07-30 14:47:22,2026-07-10 10:05:01,2026-03-14 17:05:01
45511857,6611267,1,2026-07-30 00:05:01,2026-07-30 16:05:01,2024-12-22 19:05:02
454,6612529,1,2026-07-30 01:05:01,2026-07-30 16:05:01,2025-01-11 04:05:01
5123340,6612529,0,,2026-07-30 16:05:01,
10126551,6612529,16777473,2026-07-30 14:47:22,2026-07-28 04:05:01,2026-03-14 17:05:01
45511857,6612529,1,2026-07-30 00:05:01,2026-07-30 16:05:01,2024-12-22 19:05:02
454,6638695,1,2026-07-30 01:05:01,2026-07-30 16:05:01,2025-02-09 03:05:01
5123340,6638695,0,,2026-07-30 16:05:01,
10126551,6638695,16777473,2026-07-30 14:47:22,2026-07-20 23:05:01,2026-03-14 17:05:01
13683998,6638695,1,2025-08-02 02:26:43,2026-07-30 16:05:01,2025-06-24 02:07:04
45511857,6638695,1,2026-07-30 00:05:01,2026-07-30 16:05:01,2025-02-09 02:05:01
454,6639777,1,2026-07-30 01:05:01,2026-07-30 16:05:01,2025-02-09 03:05:01
5123340,6639777,0,,2026-07-30 16:05:01,
10126551,6639777,16777473,2026-07-30 14:47:22,2026-07-28 03:05:01,2026-03-14 17:05:01
13683998,6639777,1,2025-08-02 02:26:43,2026-07-30 16:05:01,2025-06-24 02:07:04
45511857,6639777,1,2026-07-30 00:05:01,2026-07-30 16:05:01,2025-02-09 02:05:01
454,6639962,1,2026-07-30 01:05:01,2026-07-30 16:05:01,2025-02-09 03:05:01
5123340,6639962,0,,2026-07-30 16:05:01,
10126551,6639962,16777473,2026-07-30 14:47:22,2026-07-30 05:05:01,2026-03-14 17:05:01
45511857,6639962,1,2026-07-30 00:05:01,2026-07-30 16:05:01,2025-02-09 02:05:01
454,6642511,1,2026-07-30 01:05:01,2026-07-30 16:05:01,2025-02-15 17:57:24
5123340,6642511,0,,2026-07-30 16:05:01,
10126551,6642511,16777473,2026-07-30 14:47:22,2026-07-25 08:05:01,2026-03-14 17:05:01
45511857,6642511,1,2026-07-30 00:05:01,2026-07-30 16:05:01,2025-02-09 02:05:01
454,6644656,1,2026-07-30 01:05:01,2026-07-30 16:05:01,2025-02-19 13:05:01
5123340,6644656,0,,2026-07-30 16:05:01,
10126551,6644656,16777473,2026-07-30 14:47:22,2026-07-28 04:05:01,2026-03-14 17:05:01
45511857,6644656,1,2026-07-30 00:05:01,2026-07-30 16:05:01,2025-02-12 02:05:01
454,6645188,1,2026-07-30 01:05:01,2026-07-30 16:05:01,2025-02-24 01:05:01
5123340,6645188,0,,2026-07-30 16:05:01,
10126551,6645188,16777473,2026-07-30 14:47:22,2026-07-28 04:05:01,2026-03-14 17:05:01
45511857,6645188,1,2026-07-30 00:05:01,2026-07-30 16:05:01,2025-02-22 02:05:01
454,6645271,1,2026-07-30 01:05:01,2026-07-30 16:05:01,2025-02-24 01:05:01
5123340,6645271,0,,2026-07-30 16:05:01,
10126551,6645271,16777473,2026-07-30 14:47:22,2026-07-28 04:05:01,2026-03-14 17:05:01
45511857,6645271,1,2026-07-30 00:05:01,2026-07-30 16:05:01,2025-02-22 02:05:01
454,6677111,1,2026-07-30 01:05:01,2026-07-30 16:05:01,2025-04-21 07:05:16
5123340,6677111,0,,2026-07-30 16:05:01,
10126551,6677111,16777473,2026-07-30 14:47:22,2026-07-30 05:05:01,2026-03-14 17:05:01
45511857,6677111,1,2026-07-30 00:05:01,2026-07-30 16:05:01,2025-04-23 02:05:01
454,6677277,1,2026-07-30 01:05:01,2026-07-30 16:05:01,2025-04-21 07:05:16
5123340,6677277,0,,2026-07-30 16:05:01,
10126551,6660148,16777473,2026-07-30 14:47:22,2026-07-28 04:05:01,2026-03-14 17:05:01
45511857,6660148,1,2026-07-30 00:05:01,2026-07-30 16:05:01,2025-03-15 01:26:55
454,6660200,1,2026-07-30 01:05:01,2026-07-30 16:05:01,2025-03-12 23:05:01
5123340,6660200,0,,2026-07-30 16:05:01,
10126551,6660200,16777473,2026-07-30 14:47:22,2026-07-28 05:05:01,2026-03-14 17:05:01
45511857,6660200,1,2026-07-30 00:05:01,2026-07-30 16:05:01,2025-03-15 01:26:55
454,6721454,1,2026-07-30 01:05:01,2026-07-30 16:05:01,2025-11-24 03:05:01
5123340,6721454,0,,2026-07-30 16:05:01,
10126551,6721454,16777473,2026-07-30 14:47:22,2026-07-10 10:05:01,2026-03-14 17:05:01
45511857,6721454,1,2026-07-30 00:05:01,2026-07-30 16:05:01,2025-08-08 01:05:01
454,6724373,1,2026-07-30 01:05:01,2026-07-30 16:05:01,2025-11-24 03:05:01
5123340,6724373,0,,2026-07-30 16:05:01,
10126551,6724373,16777473,2026-07-30 14:47:22,2026-07-28 04:05:01,2026-03-14 17:05:01
45511857,6724373,1,2026-07-30 00:05:01,2026-07-30 16:05:01,2025-08-08 01:05:01
454,6726057,1,2026-07-30 01:05:01,2026-07-30 16:05:01,2025-12-05 14:05:01
10126551,6726057,16777473,2026-07-30 14:47:22,2026-07-10 10:05:01,2026-03-14 17:05:01
45511857,6726057,1,2026-07-30 00:05:01,2026-07-30 16:05:01,2025-08-08 01:05:01
454,6727855,1,2026-07-30 01:05:01,2026-07-30 16:05:01,2025-11-24 03:05:01
5123340,6727855,0,,2026-07-30 16:05:01,
10126551,6727855,16777473,2026-07-30 14:47:22,2026-07-28 00:05:01,2026-03-14 17:05:01
45511857,6727855,1,2026-07-30 00:05:01,2026-07-30 16:05:01,2025-08-08 01:05:01
454,6727940,1,2026-07-30 01:05:01,2026-07-30 16:05:01,2025-11-24 03:05:01
5123340,6727940,0,,2026-07-30 16:05:01,
10126551,6727940,16777473,2026-07-30 14:47:22,2026-07-30 05:05:01,2026-03-14 17:05:01
45511857,6727940,1,2026-07-30 00:05:01,2026-07-30 16:05:01,2025-08-12 01:05:01
454,6728280,1,2026-07-30 01:05:01,2026-07-30 16:05:01,2025-11-24 03:05:01
5123340,6728280,0,,2026-07-30 16:05:01,
10126551,6728280,16777473,2026-07-30 14:47:22,2026-07-30 05:05:01,2026-03-14 17:05:01
45511857,6728280,1,2026-07-30 00:05:01,2026-07-30 16:05:01,2025-08-12 01:05:01
454,6771556,1,2026-07-30 01:05:01,2026-07-30 16:05:01,2025-11-25 03:05:01
10126551,6771556,16777473,2026-07-30 14:47:22,2026-07-28 00:05:01,2026-03-15 03:05:01
45511857,6771556,1,2026-07-30 00:05:01,2026-07-30 16:05:01,2025-11-28 01:05:01
454,6788683,1,2026-07-30 01:05:01,2026-07-30 16:05:01,2025-12-23 14:05:02
10126551,6788683,16777473,2026-07-30 14:47:22,2026-07-30 15:05:01,2026-03-14 17:05:01
45511857,6788683,1,2026-07-30 00:05:01,2026-07-30 16:05:01,2026-02-01 01:05:01
454,6794182,1,2026-07-30 01:05:01,2026-07-30 16:05:01,2026-01-08 22:05:01
10126551,6794182,16777473,2026-07-30 14:47:22,2026-07-30 04:05:01,2026-03-14 17:05:01
45511857,6794182,1,2026-07-30 00:05:01,2026-07-30 16:05:01,2026-01-16 01:05:01
454,6794296,1,2026-07-30 01:05:01,2026-07-30 16:05:01,2026-01-08 22:05:01
10126551,6794296,16777473,2026-07-30 14:47:22,2026-07-30 10:05:01,2026-03-14 17:05:01
45511857,6794296,1,2026-07-30 00:05:01,2026-07-30 16:05:01,2026-02-01 01:05:01
454,6797968,1,2026-07-30 01:05:01,2026-07-30 16:05:01,2026-01-16 10:05:01
10126551,6797968,16777473,2026-07-30 14:47:22,2026-07-30 04:05:01,2026-03-14 17:05:01
45511857,6797968,1,2026-07-30 00:05:01,2026-07-30 16:05:01,2026-02-01 01:05:01
454,6799193,1,2026-07-30 01:05:01,2026-07-30 16:05:01,2026-01-19 01:05:01
10126551,6799193,16777473,2026-07-30 14:47:22,2026-07-28 00:05:01,2026-03-14 17:05:01
45511857,6799193,1,2026-07-30 00:05:01,2026-07-30 16:05:01,2026-02-01 01:05:01
454,6799484,1,2026-07-30 01:05:01,2026-07-30 16:05:01,2026-01-19 11:05:01
10126551,6799484,16777473,2026-07-30 14:47:22,2026-07-30 12:05:01,2026-03-14 17:05:01
454,6860977,1,2026-07-30 01:05:01,2026-07-30 16:05:01,2026-06-03 20:05:01
10126551,6860977,16777473,2026-07-30 14:47:22,2026-07-28 00:05:01,2026-05-21 16:05:01
45511857,6860977,1,2026-07-30 00:05:01,2026-07-30 16:05:01,2026-06-22 01:05:00
454,6861092,1,2026-07-30 01:05:01,2026-07-30 16:05:01,2026-06-03 20:05:01
10126551,6861092,16777473,2026-07-30 14:47:22,2026-07-30 04:05:01,2026-05-31 14:05:01
45511857,6861092,1,2026-07-30 00:05:01,2026-07-30 16:05:01,2026-06-22 01:05:00
454,6861516,1,2026-07-30 01:05:01,2026-07-30 16:05:01,2026-06-03 20:05:01
10126551,6861516,16777473,2026-07-30 14:47:22,2026-07-20 20:20:17,2026-06-01 18:05:01
24228408,6861516,0,,2026-07-30 16:05:01,
45511857,6861516,1,2026-07-30 00:05:01,2026-07-30 16:05:01,2026-06-22 01:05:00
454,6861921,1,2026-07-30 01:05:01,2026-07-30 16:05:01,2026-06-03 20:05:01
10126551,6861921,16777473,2026-07-30 14:47:22,2026-07-28 00:05:01,2026-06-02 16:05:01
45511857,6861921,1,2026-07-30 00:05:01,2026-07-30 16:05:01,2026-06-22 01:05:00
10126551,6677277,16777473,2026-07-30 14:47:22,2026-07-28 04:05:01,2026-03-14 17:05:01
45511857,6677277,1,2026-07-30 00:05:01,2026-07-30 16:05:01,2025-04-23 02:05:01
454,6677589,1,2026-07-30 01:05:01,2026-07-30 16:05:01,2025-04-21 07:05:16
5123340,6677589,0,,2026-07-30 16:05:01,
10126551,6677589,16777473,2026-07-30 14:47:22,2026-07-30 05:05:01,2026-03-14 17:05:01
45511857,6677589,1,2026-07-30 00:05:01,2026-07-30 16:05:01,2025-04-23 02:05:01
454,6677648,1,2026-07-30 01:05:01,2026-07-30 16:05:01,2025-04-21 19:05:01
5123340,6677648,0,,2026-07-30 16:05:01,
10126551,6677648,16777473,2026-07-30 14:47:22,2026-07-28 04:05:01,2026-03-14 17:05:01
45511857,6677648,1,2026-07-30 00:05:01,2026-07-30 16:05:01,2025-04-23 02:05:01
454,6681619,1,2026-07-30 01:05:01,2026-07-30 16:05:01,2025-04-26 01:05:01
5123340,6681619,0,,2026-07-30 16:05:01,
10126551,6681619,16777473,2026-07-30 14:47:22,2026-07-30 04:05:01,2026-03-14 17:05:01
45511857,6681619,1,2026-07-30 00:05:01,2026-07-30 16:05:01,2025-04-23 02:05:01
454,6689049,1,2026-07-30 01:05:01,2026-07-30 16:05:01,2025-05-14 11:05:01
5123340,6689049,0,,2026-07-30 16:05:01,
10126551,6689049,16777473,2026-07-30 14:47:22,2026-07-28 00:05:01,2026-03-14 17:05:01
45511857,6689049,1,2026-07-30 00:05:01,2026-07-30 16:05:01,2025-05-13 02:05:02
454,6708752,1,2026-07-30 01:05:01,2026-07-30 16:05:01,2025-08-02 10:05:01
10126551,6708752,16777473,2026-07-30 14:47:22,2026-07-26 02:05:01,2026-03-14 17:05:01
45511857,6708752,1,2026-07-30 00:05:01,2026-07-30 16:05:01,2025-06-21 19:34:56
454,6714130,1,2026-07-30 01:05:01,2026-07-30 16:05:01,2025-08-02 10:05:01
5123340,6714130,0,,2026-07-30 16:05:01,
10126551,6714130,16777473,2026-07-30 14:47:22,2026-07-28 00:05:01,2026-03-14 17:05:01
45511857,6714130,1,2026-07-30 00:05:01,2026-07-30 16:05:01,2025-08-08 01:05:01
454,6714287,1,2026-07-30 01:05:01,2026-07-30 16:05:01,2025-08-02 10:05:01
10126551,6714287,16777473,2026-07-30 14:47:22,2026-07-25 01:05:01,2026-03-14 17:05:01
45511857,6714287,1,2026-07-30 00:05:01,2026-07-30 16:05:01,2025-08-08 01:05:01
454,6715546,1,2026-07-30 01:05:01,2026-07-30 16:05:01,2025-12-05 14:05:01
5123340,6715546,0,,2026-07-30 16:05:01,
10126551,6715546,16777473,2026-07-30 14:47:22,2026-07-26 02:05:01,2026-03-14 17:05:01
45511857,6715546,1,2026-07-30 00:05:01,2026-07-30 16:05:01,2025-08-08 01:05:01
454,6715931,1,2026-07-30 01:05:01,2026-07-30 16:05:01,2025-12-05 14:05:01
5123340,6715931,0,,2026-07-30 16:05:01,
10126551,6715931,16777473,2026-07-30 14:47:22,2026-07-10 11:05:01,2026-03-14 17:05:01
45511857,6715931,1,2026-07-30 00:05:01,2026-07-30 16:05:01,2025-08-08 01:05:01
454,6720806,1,2026-07-30 01:05:01,2026-07-30 16:05:01,2025-11-24 03:05:01
5123340,6720806,0,,2026-07-30 16:05:01,
10126551,6720806,16777473,2026-07-30 14:47:22,2026-07-18 04:05:01,2026-03-14 17:05:01
45511857,6720806,1,2026-07-30 00:05:01,2026-07-30 16:05:01,2025-08-08 01:05:01
454,6733365,1,2026-07-30 01:05:01,2026-07-30 16:05:01,2025-11-24 03:05:01
5123340,6733365,0,,2026-07-30 16:05:01,
10126551,6733365,16777473,2026-07-30 14:47:22,2026-07-10 11:05:01,2026-03-14 17:05:01
45511857,6733365,1,2026-07-30 00:05:01,2026-07-30 16:05:01,2025-09-04 01:05:01
454,6739010,1,2026-07-30 01:05:01,2026-07-30 16:05:01,2025-11-24 03:05:01
10126551,6739010,16777473,2026-07-30 14:47:22,2026-07-30 01:05:01,2026-03-14 17:05:01
45511857,6739010,1,2026-07-30 00:05:01,2026-07-30 16:05:01,2025-09-04 01:05:01
454,6743022,1,2026-07-30 01:05:01,2026-07-30 16:05:01,2025-11-24 03:05:01
10126551,6743022,16777473,2026-07-30 14:47:22,2026-07-28 04:05:01,2026-03-14 17:05:01
45511857,6743022,1,2026-07-30 00:05:01,2026-07-30 16:05:01,2025-09-15 01:05:01
454,6749327,1,2026-07-30 01:05:01,2026-07-30 16:05:01,2025-11-24 03:05:01
10126551,6749327,16777473,2026-07-30 14:47:22,2026-07-30 05:05:01,2026-03-14 17:05:01
45511857,6749327,1,2026-07-30 00:05:01,2026-07-30 16:05:01,2025-09-27 01:05:01
454,6753165,1,2026-07-30 01:05:01,2026-07-30 16:05:01,2025-11-24 03:05:01
10126551,6753165,16777473,2026-07-30 14:47:22,2026-07-30 16:05:01,2026-03-14 17:05:01
45511857,6753165,1,2026-07-30 00:05:01,2026-07-30 16:05:01,2025-10-12 15:43:24
454,6756034,1,2026-07-30 01:05:01,2026-07-30 16:05:01,2025-11-24 03:05:01
10126551,6756034,16777473,2026-07-30 14:47:22,2026-07-30 05:05:01,2026-03-14 17:05:01
45511857,6756034,1,2026-07-30 00:05:01,2026-07-30 16:05:01,2025-10-12 15:43:24
454,6758015,1,2026-07-30 01:05:01,2026-07-30 16:05:01,2025-11-25 03:05:01
10126551,6758015,16777473,2026-07-30 14:47:22,2026-07-30 16:05:01,2026-03-14 17:05:01
45511857,6758015,1,2026-07-30 00:05:01,2026-07-30 16:05:01,2025-10-23 01:05:01
454,6802667,1,2026-07-30 01:05:01,2026-07-30 16:05:01,2026-01-27 03:05:01
10126551,6802667,16777473,2026-07-30 14:47:22,2026-07-27 01:05:02,2026-03-14 17:05:01
24228408,6802667,0,,2026-07-30 16:05:01,
45511857,6802667,1,2026-07-30 00:05:01,2026-07-30 16:05:01,2026-02-01 01:05:01
454,6814619,1,2026-07-30 01:05:01,2026-07-30 16:05:01,2026-02-25 02:05:01
10126551,6814619,16777473,2026-07-30 14:47:22,2026-07-30 00:05:01,2026-03-14 17:05:01
24228408,6814619,0,,2026-07-30 16:05:01,
45511857,6814619,1,2026-07-30 00:05:01,2026-07-30 16:05:01,2026-03-10 01:05:01
454,6816537,1,2026-07-30 01:05:01,2026-07-30 16:05:01,2026-02-25 02:05:01
10126551,6816537,16777473,2026-07-30 14:47:22,2026-07-25 04:05:01,2026-03-15 03:05:01
45511857,6816537,1,2026-07-30 00:05:01,2026-07-30 16:05:01,2026-03-10 01:05:01
454,6816591,1,2026-07-30 01:05:01,2026-07-30 16:05:01,2026-02-25 02:05:01
10126551,6816591,16777473,2026-07-30 14:47:22,2026-07-23 10:05:01,2026-03-15 03:05:01
45511857,6816591,1,2026-07-30 00:05:01,2026-07-30 16:05:01,2026-03-10 01:05:01
454,6816628,1,2026-07-30 01:05:01,2026-07-30 16:05:01,2026-02-25 02:05:01
10126551,6816628,16777473,2026-07-30 14:47:22,2026-07-23 10:05:01,2026-03-15 03:05:01
45511857,6816628,1,2026-07-30 00:05:01,2026-07-30 16:05:01,2026-03-10 01:05:01
454,6816671,1,2026-07-30 01:05:01,2026-07-30 16:05:01,2026-02-25 02:05:01
10126551,6816671,16777473,2026-07-30 14:47:22,2026-07-25 02:05:01,2026-03-15 03:05:01
45511857,6816671,1,2026-07-30 00:05:01,2026-07-30 16:05:01,2026-03-10 01:05:01
454,6817136,1,2026-07-30 01:05:01,2026-07-30 16:05:01,2026-02-27 02:05:01
10126551,6817136,16777473,2026-07-30 14:47:22,2026-07-30 04:05:01,2026-03-15 03:05:01
45511857,6817136,1,2026-07-30 00:05:01,2026-07-30 16:05:01,2026-03-10 01:05:01
454,6842361,1,2026-07-30 01:05:01,2026-07-30 16:05:01,2026-04-20 01:05:01
10126551,6842361,16777473,2026-07-30 14:47:22,2026-07-20 22:05:01,2026-04-13 17:35:26
45511857,6842361,1,2026-07-30 00:05:01,2026-07-30 16:05:01,2026-06-22 01:05:00
454,6843858,1,2026-07-30 01:05:01,2026-07-30 16:05:01,2026-04-25 21:05:01
10126551,6843858,16777473,2026-07-30 14:47:22,2026-07-28 00:05:01,2026-04-30 20:05:01
24228408,6843858,0,,2026-07-30 16:05:01,
45511857,6843858,1,2026-07-30 00:05:01,2026-07-30 16:05:01,2026-06-22 01:05:00
454,6849411,1,2026-07-30 01:05:01,2026-07-30 16:05:01,2026-05-04 08:05:02
10126551,6849411,16777473,2026-07-30 14:47:22,2026-07-10 10:05:01,2026-05-03 15:05:01
45511857,6849411,1,2026-07-30 00:05:01,2026-07-30 16:05:01,2026-06-22 01:05:00
454,6838708,1,2026-07-30 01:05:01,2026-07-30 16:05:01,2026-04-10 21:05:01
10126551,6838708,16777473,2026-07-30 14:47:22,2026-07-30 05:05:01,2026-03-31 13:05:01
