user_id,topic_id,status,last_update_time,last_seeded_time,first_update_time
10126551,6855600,16777473,2026-07-30 14:47:22,2026-07-10 10:05:01,2026-06-17 21:05:01
12438231,6855600,1,2026-07-30 01:05:01,2026-07-26 05:05:01,2026-05-08 01:05:01
10126551,6867254,16777473,2026-07-30 14:47:22,2026-07-10 10:05:01,2026-06-17 21:05:01
12438231,6867254,1,2026-07-30 01:05:01,2026-07-26 07:05:01,2026-06-07 01:05:01
10126551,6867255,16777473,2026-07-30 14:47:22,2026-07-10 10:05:01,2026-06-17 21:05:01
12438231,6867255,1,2026-07-30 01:05:01,2026-07-30 16:05:01,2026-06-07 01:05:01
10126551,6869933,16777473,2026-07-30 14:47:22,2026-07-10 10:05:01,2026-06-17 21:05:01
12438231,6869933,1,2026-07-30 01:05:01,2026-07-26 05:05:01,2026-06-17 01:05:01
10126551,6849901,16777473,2026-07-30 14:47:22,2026-07-10 10:05:01,2026-06-22 18:05:02
12438231,6849901,1,2026-07-30 01:05:01,2026-07-26 05:05:01,2026-04-26 01:05:01
369429,5277837,1,2026-07-30 01:05:01,2026-07-30 16:05:01,2024-02-24 09:50:00
10126551,5277837,16777473,2026-07-30 14:47:22,2026-07-27 02:05:01,2025-06-30 04:05:01
12438231,5277837,1,2026-07-30 01:05:01,2026-07-30 16:05:01,2025-01-17 03:05:01
184183,3759361,1,2026-07-25 00:05:01,2026-07-25 19:05:01,2024-02-10 14:00:00
369429,3759361,1,2026-07-30 01:05:01,2026-07-30 16:05:01,2024-02-24 09:50:00
10126551,3759361,16777473,2026-07-30 14:47:22,2026-07-28 00:05:01,2025-06-29 16:05:01
12438231,3759361,1,2026-07-30 01:05:01,2026-07-30 16:05:01,2025-01-17 03:05:01
184183,5607189,1,2026-07-25 00:05:01,2026-07-25 20:05:01,2024-02-10 14:00:00
369429,5607189,1,2026-07-30 01:05:01,2026-07-30 15:05:01,2024-02-24 09:50:00
10126551,5607189,16777473,2026-07-30 14:47:22,2026-07-26 03:05:01,2025-06-29 16:05:01
12438231,5607189,1,2026-07-30 01:05:01,2026-07-30 16:05:01,2025-01-17 03:05:01
369429,6068341,1,2026-07-30 01:05:01,2026-07-30 16:05:01,2024-02-24 09:50:00
10126551,6068341,16777473,2026-07-30 14:47:22,2026-07-28 00:05:01,2025-06-28 17:05:01
12438231,6068341,1,2026-07-30 01:05:01,2026-07-30 16:05:01,2025-01-17 03:05:01
10126551,6860130,16777473,2026-07-30 14:47:22,2026-07-10 10:05:01,2026-06-20 20:05:01
12438231,6860130,1,2026-07-30 01:05:01,2026-07-30 16:05:01,2026-05-19 01:05:01
10126551,5740863,16777473,2026-07-30 14:47:22,2026-07-25 13:05:01,2026-07-25 04:42:27
12438231,5740863,1,2026-07-30 01:05:01,2026-07-30 16:05:01,2026-07-27 02:05:01
10126551,6678537,16777473,2026-07-30 14:47:22,2026-07-25 13:05:01,2026-07-25 05:42:14
12438231,6678537,1,2026-07-30 01:05:01,2026-07-26 05:05:01,2025-04-17 02:05:01
29292320,6678537,0,,2026-07-30 16:05:01,
184183,4356732,1,2026-07-25 00:05:01,2026-07-25 19:05:01,2024-07-22 02:34:25
10126551,4356732,16777473,2026-07-30 14:47:22,2026-07-30 05:05:01,2025-06-28 17:05:01
12438231,4356732,1,2026-07-30 01:05:01,2026-07-30 16:05:01,2025-01-17 03:05:01
184183,2181853,1,2026-07-25 00:05:01,2026-07-25 19:05:01,2024-02-10 14:00:00
369429,2181853,1,2026-07-30 01:05:01,2026-07-30 16:05:01,2024-02-24 09:50:00
10126551,2181853,16777473,2026-07-30 14:47:22,2026-07-28 23:05:01,2025-06-29 16:05:01
12438231,2181853,1,2026-07-30 01:05:01,2026-07-30 16:05:01,2025-01-17 03:05:01
369429,5772875,1,2026-07-30 01:05:01,2026-07-30 13:05:01,2024-02-24 09:50:00
10126551,5772875,16777473,2026-07-30 14:47:22,2026-07-10 10:05:01,2025-06-27 10:05:01
12438231,5772875,1,2026-07-30 01:05:01,2026-07-30 16:05:01,2025-01-17 03:05:01
369429,6308169,1,2026-07-30 01:05:01,2026-07-30 16:05:01,2024-02-24 09:50:00
10126551,6308169,16777473,2026-07-30 14:47:22,2026-07-10 10:05:01,2025-06-29 16:05:01
12438231,6308169,1,2026-07-30 01:05:01,2026-07-30 16:05:01,2025-01-17 03:05:01
369429,4554925,1,2026-07-30 01:05:01,2026-07-30 16:05:01,2024-02-24 09:50:00
10126551,4554925,16777473,2026-07-30 14:47:22,2026-07-30 04:05:01,2025-06-29 16:05:01
12438231,4554925,1,2026-07-30 01:05:01,2026-07-30 16:05:01,2025-01-17 03:05:01
369429,4122816,1,2026-07-30 01:05:01,2026-07-30 16:05:01,2024-02-24 09:50:00
10126551,4122816,16777473,2026-07-30 14:47:22,2026-07-30 05:05:01,2025-06-29 16:05:01
12438231,4122816,1,2026-07-30 01:05:01,2026-07-30 16:05:01,2025-01-17 03:05:01
184183,4630743,1,2026-07-25 00:05:01,2026-07-25 19:05:01,2024-02-10 14:00:00
369429,4630743,1,2026-07-30 01:05:01,2026-07-30 16:05:01,2024-02-24 09:50:00
10126551,4630743,16777473,2026-07-30 14:47:22,2026-07-30 05:05:01,2025-06-29 16:05:01
12438231,4630743,1,2026-07-30 01:05:01,2026-07-30 16:05:01,2025-01-17 03:05:01
369429,4813947,1,2026-07-30 01:05:01,2026-07-30 16:05:01,2024-02-24 09:50:00
10126551,4813947,16777473,2026-07-30 14:47:22,2026-07-10 10:05:01,2025-06-29 16:05:01
12438231,4813947,1,2026-07-30 01:05:01,2026-07-30 16:05:01,2025-01-17 03:05:01
184183,5301389,1,2026-07-25 00:05:01,2026-07-25 19:05:01,2024-02-10 14:00:00
369429,5301389,1,2026-07-30 01:05:01,2026-07-30 16:05:01,2024-02-24 09:50:00
10126551,5301389,16777473,2026-07-30 14:47:22,2026-07-30 05:05:01,2025-06-29 16:05:01
12438231,5301389,1,2026-07-30 01:05:01,2026-07-30 16:05:01,2025-01-17 03:05:01
184183,5368428,1,2026-07-25 00:05:01,2026-07-25 19:05:01,2024-02-10 14:00:00
369429,5368428,1,2026-07-30 01:05:01,2026-07-30 16:05:01,2024-02-24 09:50:00
10126551,5368428,16777473,2026-07-30 14:47:22,2026-07-30 05:05:01,2025-06-28 17:05:01
12438231,5368428,1,2026-07-30 01:05:01,2026-07-30 16:05:01,2025-01-17 03:05:01
184183,4281477,1,2026-07-25 00:05:01,2026-07-25 19:05:01,2024-02-10 14:00:00
369429,4281477,1,2026-07-30 01:05:01,2026-07-30 16:05:01,2024-02-24 09:50:00
10126551,4281477,16777473,2026-07-30 14:47:22,2026-07-30 04:05:01,2025-06-29 16:05:01
12438231,4281477,1,2026-07-30 01:05:01,2026-07-30 16:05:01,2025-01-17 03:05:01
184183,4869950,1,2026-07-25 00:05:01,2026-07-25 19:05:01,2024-02-10 14:00:00
369429,4869950,1,2026-07-30 01:05:01,2026-07-30 16:05:01,2024-02-24 09:50:00
10126551,4869950,16777473,2026-07-30 14:47:22,2026-07-28 04:05:01,2025-06-29 16:05:01
12438231,4869950,1,2026-07-30 01:05:01,2026-07-30 16:05:01,2025-01-17 03:05:01
369429,5704884,1,2026-07-30 01:05:01,2026-07-28 12:05:01,2024-02-24 09:50:00
10126551,5704884,16777473,2026-07-30 14:47:22,2026-07-10 10:05:01,2025-06-28 17:05:01
12438231,5704884,1,2026-07-30 01:05:01,2026-07-30 16:05:01,2025-01-17 03:05:01
184183,5682912,1,2026-07-25 00:05:01,2026-07-25 19:05:01,2024-02-10 14:00:00
10126551,5682912,16777473,2026-07-30 14:47:22,2026-07-30 14:05:02,2025-06-28 17:05:01
12438231,5682912,1,2026-07-30 01:05:01,2026-07-30 16:05:01,2025-01-17 03:05:01
184183,5082983,1,2026-07-25 00:05:01,2026-07-25 19:05:01,2024-02-10 14:00:00
9423019,5082983,1,2026-04-08 02:05:02,2026-07-30 16:05:01,2024-02-05 04:04:00
10126551,5082983,16777473,2026-07-30 14:47:22,2026-07-30 16:05:01,2025-06-29 16:05:01
12438231,5082983,1,2026-07-30 01:05:01,2026-07-30 16:05:01,2025-01-17 03:05:01
184183,5912967,1,2026-07-25 00:05:01,2026-07-25 19:05:01,2024-02-10 14:00:00
10126551,5912967,16777473,2026-07-30 14:47:22,2026-07-30 16:05:01,2025-06-29 16:05:01
12438231,5912967,1,2026-07-30 01:05:01,2026-07-30 16:05:01,2025-01-17 03:05:01
1140687,5806407,1,2026-07-30 00:05:01,2026-07-30 10:05:01,2024-08-17 23:15:27
10126551,5806407,16777473,2026-07-30 14:47:22,2026-07-10 10:05:01,2025-06-27 10:05:01
12438231,5806407,1,2026-07-30 01:05:01,2026-07-30 16:05:01,2025-01-17 03:05:01
369429,5697072,1,2026-07-30 01:05:01,2026-07-30 16:05:01,2024-02-24 09:50:00
10126551,5697072,16777473,2026-07-30 14:47:22,2026-07-17 16:28:11,2025-06-28 17:05:01
12438231,5697072,1,2026-07-30 01:05:01,2026-07-30 16:05:01,2025-01-17 03:05:01
10126551,5992406,16777473,2026-07-30 14:47:22,2026-07-10 10:05:01,2025-06-27 10:05:01
12438231,5992406,1,2026-07-30 01:05:01,2026-07-26 05:05:01,2025-01-17 03:05:01
184183,4928747,1,2026-07-25 00:05:01,2026-07-25 19:05:01,2024-06-01 16:40:00
6449581,4928747,1,2026-07-15 04:24:18,2026-07-30 13:05:01,2024-02-19 00:00:00
10126551,4928747,16777473,2026-07-30 14:47:22,2026-07-30 16:05:01,2025-06-29 16:05:01
12438231,4928747,1,2026-07-30 01:05:01,2026-07-30 16:05:01,2025-01-17 03:05:01
184183,5478266,1,2026-07-25 00:05:01,2026-07-25 20:05:01,2024-02-10 14:00:00
369429,5478266,1,2026-07-30 01:05:01,2026-07-30 16:05:01,2024-02-24 09:50:00
10126551,5478266,16777473,2026-07-30 14:47:22,2026-07-30 05:05:01,2025-06-29 16:05:01
12438231,5478266,1,2026-07-30 01:05:01,2026-07-30 16:05:01,2025-01-17 03:05:01
184183,4565479,1,2026-07-25 00:05:01,2026-07-25 10:05:01,2024-08-08 14:17:13
10126551,4565479,16777473,2026-07-30 14:47:22,2026-07-11 07:05:01,2025-06-28 17:05:01
12438231,4565479,1,2026-07-30 01:05:01,2026-07-30 16:05:01,2025-01-17 03:05:01
10126551,5350353,16777473,2026-07-30 14:47:22,2026-07-10 10:05:01,2025-06-24 14:05:02
12438231,5350353,1,2026-07-30 01:05:01,2026-07-26 06:05:01,2025-01-17 03:05:01
10126551,6521367,16777473,2026-07-30 14:47:22,2026-07-10 10:05:01,2025-06-24 14:05:02
12438231,6521367,1,2026-07-30 01:05:01,2026-07-26 07:05:01,2025-01-17 03:05:01
670524,6646779,0,,2026-07-30 16:05:01,
10126551,6646779,16777473,2026-07-30 14:47:22,2026-07-30 16:05:01,2025-06-28 17:05:01
12438231,6646779,1,2026-07-30 01:05:01,2026-07-30 16:05:01,2025-02-16 02:05:01
369429,5985074,1,2026-07-30 01:05:01,2026-07-30 16:05:01,2024-02-24 09:50:00
10126551,5985074,16777473,2026-07-30 14:47:22,2026-07-15 16:19:23,2025-06-29 16:05:01
12438231,5985074,1,2026-07-30 01:05:01,2026-07-30 16:05:01,2025-01-17 03:05:01
1140687,6655483,1,2026-07-30 00:05:01,2026-07-30 10:05:01,2025-06-03 00:05:01
10126551,6655483,16777473,2026-07-30 14:47:22,2026-07-26 02:05:01,2025-06-28 17:05:01
12438231,6655483,1,2026-07-30 01:05:01,2026-07-30 16:05:01,2025-03-05 02:05:01
9423019,6427530,1,2026-04-08 02:05:02,2026-07-30 16:05:01,2024-02-05 04:04:00
10126551,6427530,16777473,2026-07-30 14:47:22,2026-07-27 03:05:01,2025-06-28 17:05:01
12438231,6427530,1,2026-07-30 01:05:01,2026-07-30 16:05:01,2025-01-17 03:05:01
10126551,6871235,16777473,2026-07-30 14:47:22,2026-07-30 15:05:01,2026-06-17 18:05:01
12438231,6871235,1,2026-07-30 01:05:01,2026-07-30 16:05:01,2026-06-17 01:05:01
369429,3900965,1,2026-07-30 01:05:01,2026-07-30 16:05:01,2024-02-24 09:50:00
6449581,3900965,1,2026-07-15 04:24:18,2026-07-30 12:05:01,2024-02-19 00:00:00
10126551,3900965,16777473,2026-07-30 14:47:22,2026-07-28 00:05:01,2025-06-29 16:05:01
12438231,3900965,1,2026-07-30 01:05:01,2026-07-30 16:05:01,2025-01-17 03:05:01
184183,5346656,1,2026-07-25 00:05:01,2026-07-25 19:05:01,2024-02-10 14:00:00
369429,5346656,1,2026-07-30 01:05:01,2026-07-30 16:05:01,2024-02-24 09:50:00
10126551,5346656,16777473,2026-07-30 14:47:22,2026-07-10 10:05:01,2025-06-28 17:05:01
12438231,5346656,1,2026-07-30 01:05:01,2026-07-30 16:05:01,2025-01-17 03:05:01
184183,5158887,1,2026-07-25 00:05:01,2026-07-25 19:05:01,2024-02-10 14:00:00
369429,5158887,1,2026-07-30 01:05:01,2026-07-30 16:05:01,2024-02-24 09:50:00
10126551,5158887,16777473,2026-07-30 14:47:22,2026-07-30 00:05:01,2025-06-28 17:05:01
12438231,5158887,1,2026-07-30 01:05:01,2026-07-30 16:05:01,2025-01-17 03:05:01
369429,4443486,1,2026-07-30 01:05:01,2026-07-30 16:05:01,2024-02-24 09:50:00
10126551,4443486,16777473,2026-07-30 14:47:22,2026-07-30 05:05:01,2025-06-30 04:05:01
12438231,4443486,1,2026-07-30 01:05:01,2026-07-30 16:05:01,2025-01-17 03:05:01
184183,2708342,1,2026-07-25 00:05:01,2026-07-25 20:05:01,2024-02-10 14:00:00
369429,2708342,1,2026-07-30 01:05:01,2026-07-30 16:05:01,2024-02-24 09:50:00
10126551,2708342,16777473,2026-07-30 14:47:22,2026-07-27 02:05:01,2025-06-28 17:05:01
12438231,2708342,1,2026-07-30 01:05:01,2026-07-30 16:05:01,2025-01-17 03:05:01
369429,4969170,1,2026-07-30 01:05:01,2026-07-30 16:05:01,2024-02-24 09:50:00
10126551,4969170,16777473,2026-07-30 14:47:22,2026-07-27 02:05:01,2025-06-28 17:05:01
12438231,4969170,1,2026-07-30 01:05:01,2026-07-30 16:05:01,2025-01-17 03:05:01
184183,5121912,1,2026-07-25 00:05:01,2026-07-25 19:05:01,2024-02-10 14:00:00
10126551,5121912,16777473,2026-07-30 14:47:22,2026-07-30 08:05:01,2025-06-28 17:05:01
12438231,5121912,1,2026-07-30 01:05:01,2026-07-30 16:05:01,2025-01-17 03:05:01
10126551,4940640,16777473,2026-07-30 14:47:22,2026-07-10 10:05:01,2025-06-27 10:05:01
12438231,4940640,1,2026-07-30 01:05:01,2026-07-26 05:05:01,2025-01-17 03:05:01
369429,4483238,1,2026-07-30 01:05:01,2026-07-30 16:05:01,2024-02-24 09:50:00
10126551,4483238,16777473,2026-07-30 14:47:22,2026-07-30 05:05:01,2025-06-30 04:05:01
12438231,4483238,1,2026-07-30 01:05:01,2026-07-30 16:05:01,2025-01-17 03:05:01
10126551,4940086,16777473,2026-07-30 14:47:22,2026-07-10 10:05:01,2025-06-27 10:05:01
12438231,4940086,1,2026-07-30 01:05:01,2026-07-26 05:05:01,2025-01-17 03:05:01
184183,3473720,1,2026-07-25 00:05:01,2026-07-25 19:05:01,2024-08-08 14:17:13
10126551,3473720,16777473,2026-07-30 14:47:22,2026-07-30 16:05:01,2025-06-29 16:05:01
12438231,3473720,1,2026-07-30 01:05:01,2026-07-30 16:05:01,2025-01-17 03:05:01
10126551,4951108,16777473,2026-07-30 14:47:22,2026-07-10 10:05:01,2025-06-24 14:05:02
12438231,4951108,1,2026-07-30 01:05:01,2026-07-26 05:05:01,2025-01-17 03:05:01
184183,5163217,1,2026-07-25 00:05:01,2026-07-25 19:05:01,2024-02-10 14:00:00
369429,5163217,1,2026-07-30 01:05:01,2026-07-30 16:05:01,2024-02-24 09:50:00
10126551,5163217,16777473,2026-07-30 14:47:22,2026-07-26 02:05:01,2025-06-29 16:05:01
12438231,5163217,1,2026-07-30 01:05:01,2026-07-30 16:05:01,2025-01-17 03:05:01
184183,5393512,1,2026-07-25 00:05:01,2026-07-25 19:05:01,2024-02-10 14:00:00
369429,5393512,1,2026-07-30 01:05:01,2026-07-30 16:05:01,2024-02-24 09:50:00
10126551,5393512,16777473,2026-07-30 14:47:22,2026-07-30 05:05:01,2025-06-28 17:05:01
12438231,5393512,1,2026-07-30 01:05:01,2026-07-30 16:05:01,2025-01-17 03:05:01
184183,4552302,1,2026-07-25 00:05:01,2026-07-25 19:05:01,2024-02-10 14:00:00
369429,4552302,1,2026-07-30 01:05:01,2026-07-30 16:05:01,2024-02-24 09:50:00
10126551,4552302,16777473,2026-07-30 14:47:22,2026-07-28 00:05:01,2025-06-28 17:05:01
12438231,4552302,1,2026-07-30 01:05:01,2026-07-30 16:05:01,2025-01-17 03:05:01
369429,3034784,1,2026-07-30 01:05:01,2026-07-30 16:05:01,2024-02-24 09:50:00
670524,3034784,0,,2026-07-30 16:05:01,
10126551,3034784,16777473,2026-07-30 14:47:22,2026-07-28 02:05:01,2025-06-29 16:05:01
12438231,3034784,1,2026-07-30 01:05:01,2026-07-30 16:05:01,2025-01-17 03:05:01
184183,2702434,1,2026-07-25 00:05:01,2026-07-25 19:05:01,2024-02-10 14:00:00
369429,2702434,1,2026-07-30 01:05:01,2026-07-30 16:05:01,2024-02-24 09:50:00
10126551,2702434,16777473,2026-07-30 14:47:22,2026-07-30 04:05:01,2025-06-29 16:05:01
12438231,2702434,1,2026-07-30 01:05:01,2026-07-30 16:05:01,2025-01-17 03:05:01
184183,5534251,1,2026-07-25 00:05:01,2026-07-25 20:05:01,2024-02-10 14:00:00
369429,5534251,1,2026-07-30 01:05:01,2026-07-30 16:05:01,2024-02-24 09:50:00
10126551,5534251,16777473,2026-07-30 14:47:22,2026-07-30 04:05:01,2025-06-29 16:05:01
12438231,5534251,1,2026-07-30 01:05:01,2026-07-30 16:05:01,2025-01-17 03:05:01
184183,5542389,1,2026-07-25 00:05:01,2026-07-25 19:05:01,2024-02-10 14:00:00
369429,5542389,1,2026-07-30 01:05:01,2026-07-30 16:05:01,2024-03-25 19:39:00
10126551,5542389,16777473,2026-07-30 14:47:22,2026-07-30 05:05:01,2025-06-28 17:05:01
12438231,5542389,1,2026-07-30 01:05:01,2026-07-30 16:05:01,2025-01-17 03:05:01
184183,5625387,1,2026-07-25 00:05:01,2026-07-25 19:05:01,2024-02-10 14:00:00
369429,5625387,1,2026-07-30 01:05:01,2026-07-30 16:05:01,2024-02-24 09:50:00
10126551,5625387,16777473,2026-07-30 14:47:22,2026-07-30 04:05:01,2025-06-29 16:05:01
12438231,5625387,1,2026-07-30 01:05:01,2026-07-30 16:05:01,2025-01-17 03:05:01
184183,5708227,1,2026-07-25 00:05:01,2026-07-25 19:05:01,2024-02-10 14:00:00
369429,5708227,1,2026-07-30 01:05:01,2026-07-30 16:05:01,2024-02-24 09:50:00
10126551,5708227,16777473,2026-07-30 14:47:22,2026-07-30 05:05:01,2025-06-28 17:05:01
12438231,5708227,1,2026-07-30 01:05:01,2026-07-30 16:05:01,2025-01-17 03:05:01
184183,5670750,1,2026-07-25 00:05:01,2026-07-25 19:05:01,2024-02-10 14:00:00
369429,5670750,1,2026-07-30 01:05:01,2026-07-30 07:05:01,2024-02-24 09:50:00
10126551,5670750,16777473,2026-07-30 14:47:22,2026-07-26 03:05:01,2025-06-29 16:05:01
12438231,5670750,1,2026-07-30 01:05:01,2026-07-30 16:05:01,2025-01-17 03:05:01
184183,5707591,1,2026-07-25 00:05:01,2026-07-25 20:05:01,2024-02-10 14:00:00
369429,5707591,1,2026-07-30 01:05:01,2026-07-30 16:05:01,2024-02-24 09:50:00
10126551,5707591,16777473,2026-07-30 14:47:22,2026-07-30 05:05:01,2025-06-28 17:05:01
12438231,5707591,1,2026-07-30 01:05:01,2026-07-30 16:05:01,2025-01-17 03:05:01
184183,5134862,1,2026-07-25 00:05:01,2026-07-25 19:05:01,2024-02-10 14:00:00
369429,5134862,1,2026-07-30 01:05:01,2026-07-30 16:05:01,2024-02-24 09:50:00
10126551,5134862,16777473,2026-07-30 14:47:22,2026-07-28 00:05:01,2025-06-29 16:05:01
12438231,5134862,1,2026-07-30 01:05:01,2026-07-30 16:05:01,2025-01-17 03:05:01
184183,4274384,1,2026-07-25 00:05:01,2026-07-25 20:05:01,2024-11-02 05:25:56
9423019,4274384,1,2026-04-08 02:05:02,2026-07-30 16:05:01,2024-02-05 04:04:00
10126551,4274384,16777473,2026-07-30 14:47:22,2026-07-10 10:05:01,2025-06-29 16:05:01
12438231,4274384,1,2026-07-30 01:05:01,2026-07-30 16:05:01,2025-01-17 03:05:01
369429,5707987,1,2026-07-30 01:05:01,2026-07-30 16:05:01,2024-02-24 09:50:00
10126551,5707987,16777473,2026-07-30 14:47:22,2026-07-28 00:05:01,2025-06-29 16:05:01
12438231,5707987,1,2026-07-30 01:05:01,2026-07-30 16:05:01,2025-01-17 03:05:01
10126551,4549243,16777473,2026-07-30 14:47:22,2026-07-10 10:05:01,2025-06-27 10:05:01
12438231,4549243,1,2026-07-30 01:05:01,2026-07-26 05:05:01,2025-01-17 03:05:01
184183,5539384,1,2026-07-25 00:05:01,2026-07-25 20:05:01,2024-11-02 05:25:56
10126551,5539384,16777473,2026-07-30 14:47:22,2026-07-30 04:05:01,2025-06-29 16:05:01
12438231,5539384,1,2026-07-30 01:05:01,2026-07-30 16:05:01,2025-01-17 03:05:01
369429,5343484,1,2026-07-30 01:05:01,2026-07-30 16:05:01,2024-02-24 09:50:00
10126551,5343484,16777473,2026-07-30 14:47:22,2026-07-28 00:05:01,2025-06-28 17:05:01
12438231,5343484,1,2026-07-30 01:05:01,2026-07-30 16:05:01,2025-01-17 03:05:01
369429,6316257,1,2026-07-30 01:05:01,2026-07-30 16:05:01,2024-02-24 09:50:00
10126551,6316257,16777473,2026-07-30 14:47:22,2026-07-11 20:35:52,2025-06-29 16:05:01
12438231,6316257,1,2026-07-30 01:05:01,2026-07-30 16:05:01,2025-01-17 03:05:01
369429,5647792,1,2026-07-30 01:05:01,2026-07-30 16:05:01,2024-02-24 09:50:00
10126551,5647792,16777473,2026-07-30 14:47:22,2026-07-10 10:05:01,2025-06-28 17:05:01
12438231,5647792,1,2026-07-30 01:05:01,2026-07-30 16:05:01,2025-01-17 03:05:01
1140687,6631680,1,2026-07-30 00:05:01,2026-07-30 10:05:01,2025-04-09 01:05:01
10126551,6631680,16777473,2026-07-30 14:47:22,2026-07-26 02:05:01,2025-06-29 16:05:01
12438231,6631680,1,2026-07-30 01:05:01,2026-07-30 16:05:01,2025-01-20 03:05:01
1140687,5660087,1,2026-07-30 00:05:01,2026-07-30 10:05:01,2024-08-17 23:15:27
10126551,5660087,16777473,2026-07-30 14:47:22,2026-07-23 10:05:01,2025-06-28 17:05:01
12438231,5660087,1,2026-07-30 01:05:01,2026-07-30 16:05:01,2025-01-17 03:05:01
10126551,5915236,16777473,2026-07-30 14:47:22,2026-07-10 10:05:01,2025-06-27 10:05:01
12438231,5915236,1,2026-07-30 01:05:01,2026-07-29 09:05:01,2025-01-17 03:05:01
369429,6186536,1,2026-07-30 01:05:01,2026-07-30 16:05:01,2024-02-24 09:50:00
10126551,6186536,16777473,2026-07-30 14:47:22,2026-07-10 11:05:01,2025-06-29 16:05:01
12438231,6186536,1,2026-07-30 01:05:01,2026-07-30 16:05:01,2025-01-17 03:05:01
184183,6113147,1,2026-07-25 00:05:01,2026-07-25 19:05:01,2024-02-10 14:00:00
10126551,6113147,16777473,2026-07-30 14:47:22,2026-07-30 15:05:01,2025-06-28 17:05:01
12438231,6113147,1,2026-07-30 01:05:01,2026-07-30 16:05:01,2025-01-17 03:05:01
184183,5414710,1,2026-07-25 00:05:01,2026-07-25 19:05:01,2024-02-10 14:00:00
369429,5414710,1,2026-07-30 01:05:01,2026-07-30 16:05:01,2024-02-24 09:50:00
10126551,5414710,16777473,2026-07-30 14:47:22,2026-07-30 05:05:01,2025-06-28 17:05:01
12438231,5414710,1,2026-07-30 01:05:01,2026-07-30 16:05:01,2025-01-17 03:05:01
10126551,5923150,16777473,2026-07-30 14:47:22,2026-07-10 10:05:01,2025-06-28 17:05:01
12438231,5923150,1,2026-07-30 01:05:01,2026-07-30 13:05:01,2025-01-17 03:05:01
23482699,5923150,65537,2024-05-08 19:53:00,2026-07-26 03:05:01,2024-02-08 20:39:00
184183,4748255,1,2026-07-25 00:05:01,2026-07-25 19:05:01,2024-02-10 14:00:00
369429,4748255,1,2026-07-30 01:05:01,2026-07-30 16:05:01,2024-02-24 09:50:00
10126551,4748255,16777473,2026-07-30 14:47:22,2026-07-28 02:05:01,2025-06-29 16:05:01
12438231,4748255,1,2026-07-30 01:05:01,2026-07-30 16:05:01,2025-01-17 03:05:01
369429,4466989,1,2026-07-30 01:05:01,2026-07-30 16:05:01,2024-02-24 09:50:00
9423019,4466989,1,2026-04-08 02:05:02,2026-07-30 16:05:01,2024-02-05 04:04:00
10126551,4466989,16777473,2026-07-30 14:47:22,2026-07-26 23:05:01,2025-06-29 16:05:01
12438231,4466989,1,2026-07-30 01:05:01,2026-07-30 16:05:01,2025-01-17 03:05:01
184183,5009774,1,2026-07-25 00:05:01,2026-07-25 19:05:01,2024-02-10 14:00:00
369429,5009774,1,2026-07-30 01:05:01,2026-07-30 16:05:01,2024-02-24 09:50:00
10126551,5009774,16777473,2026-07-30 14:47:22,2026-07-30 00:05:01,2025-06-29 16:05:01
12438231,5009774,1,2026-07-30 01:05:01,2026-07-30 16:05:01,2025-01-17 03:05:01
1140687,4395752,1,2026-07-30 00:05:01,2026-07-30 12:05:01,2025-04-09 01:05:01
10126551,4395752,16777473,2026-07-30 14:47:22,2026-07-25 02:05:01,2025-06-28 17:05:01
12438231,4395752,1,2026-07-30 01:05:01,2026-07-30 16:05:01,2025-01-17 03:05:01
369429,5052215,1,2026-07-30 01:05:01,2026-07-30 16:05:01,2024-02-24 09:50:00
9423019,5052215,1,2026-04-08 02:05:02,2026-07-30 16:05:01,2024-02-05 04:04:00
10126551,5052215,16777473,2026-07-30 14:47:22,2026-07-28 02:05:01,2025-06-29 16:05:01
12438231,5052215,1,2026-07-30 01:05:01,2026-07-30 16:05:01,2025-01-17 03:05:01
369429,4320184,1,2026-07-30 01:05:01,2026-07-30 16:05:01,2024-02-24 09:50:00
9423019,4320184,1,2026-04-08 02:05:02,2026-07-30 16:05:01,2024-02-05 04:04:00
10126551,4320184,16777473,2026-07-30 14:47:22,2026-07-11 22:05:02,2025-06-28 17:05:01
12438231,4320184,1,2026-07-30 01:05:01,2026-07-30 16:05:01,2025-01-17 03:05:01
184183,3388986,1,2026-07-25 00:05:01,2026-07-25 19:05:01,2024-02-10 14:00:00
369429,3388986,1,2026-07-30 01:05:01,2026-07-30 16:05:01,2024-02-24 09:50:00
10126551,3388986,16777473,2026-07-30 14:47:22,2026-07-11 20:35:52,2025-06-28 17:05:01
12438231,3388986,1,2026-07-30 01:05:01,2026-07-30 16:05:01,2025-01-17 03:05:01
369429,5139978,1,2026-07-30 01:05:01,2026-07-27 05:05:01,2024-02-24 09:50:00
10126551,5139978,16777473,2026-07-30 14:47:22,2026-07-10 10:05:01,2025-06-24 22:05:01
12438231,5139978,1,2026-07-30 01:05:01,2026-07-30 16:05:01,2025-01-17 03:05:01
184183,5080864,1,2026-07-25 00:05:01,2026-07-25 19:05:01,2024-02-10 14:00:00
369429,5080864,1,2026-07-30 01:05:01,2026-07-30 16:05:01,2024-02-24 09:50:00
10126551,5080864,16777473,2026-07-30 14:47:22,2026-07-30 05:05:01,2025-06-29 16:05:01
12438231,5080864,1,2026-07-30 01:05:01,2026-07-30 16:05:01,2025-01-17 03:05:01
184183,5082623,1,2026-07-25 00:05:01,2026-07-25 20:05:01,2024-02-10 14:00:00
369429,5082623,1,2026-07-30 01:05:01,2026-07-30 16:05:01,2024-02-24 09:50:00
10126551,5082623,16777473,2026-07-30 14:47:22,2026-07-28 00:05:01,2025-06-28 17:05:01
12438231,5082623,1,2026-07-30 01:05:01,2026-07-30 16:05:01,2025-01-17 03:05:01
10126551,4625329,16777473,2026-07-30 14:47:22,2026-07-10 10:05:01,2025-06-28 17:05:01
12438231,4625329,1,2026-07-30 01:05:01,2026-07-30 11:05:01,2025-01-17 03:05:01
369429,4932128,1,2026-07-30 01:05:01,2026-07-30 16:05:01,2024-02-24 09:50:00
10126551,4932128,16777473,2026-07-30 14:47:22,2026-07-28 23:05:01,2025-06-28 17:05:01
12438231,4932128,1,2026-07-30 01:05:01,2026-07-30 16:05:01,2025-01-17 03:05:01
184183,4911779,1,2026-07-25 00:05:01,2026-07-25 19:05:01,2024-02-10 14:00:00
369429,4911779,1,2026-07-30 01:05:01,2026-07-30 16:05:01,2024-03-25 19:39:00
10126551,4911779,16777473,2026-07-30 14:47:22,2026-07-30 05:05:01,2025-06-28 17:05:01
12438231,4911779,1,2026-07-30 01:05:01,2026-07-30 16:05:01,2025-01-17 03:05:01
369429,4705099,1,2026-07-30 01:05:01,2026-07-30 16:05:01,2024-02-24 09:50:00
9423019,4705099,1,2026-04-08 02:05:02,2026-07-30 16:05:01,2024-02-05 04:04:00
10126551,4705099,16777473,2026-07-30 14:47:22,2026-07-10 23:05:01,2025-06-29 16:05:01
12438231,4705099,1,2026-07-30 01:05:01,2026-07-30 16:05:01,2025-01-17 03:05:01
369429,4191413,1,2026-07-30 01:05:01,2026-07-30 16:05:01,2024-02-24 09:50:00
10126551,4191413,16777473,2026-07-30 14:47:22,2026-07-10 11:05:01,2025-06-28 17:05:01
12438231,4191413,1,2026-07-30 01:05:01,2026-07-30 16:05:01,2025-01-17 03:05:01
10126551,5142739,16777473,2026-07-30 14:47:22,2026-07-10 10:05:01,2025-06-28 17:05:01
12438231,5142739,1,2026-07-30 01:05:01,2026-07-29 09:05:01,2025-01-17 03:05:01
23482699,5142739,65537,2024-05-08 19:53:00,2026-07-26 03:05:01,2024-02-08 20:39:00
46658122,5142739,65537,2024-04-24 17:48:00,2026-07-30 16:05:01,2024-03-11 17:49:00
184183,3939589,1,2026-07-25 00:05:01,2026-07-25 19:05:01,2024-02-10 14:00:00
369429,3939589,1,2026-07-30 01:05:01,2026-07-30 16:05:01,2024-03-25 19:39:00
10126551,3939589,16777473,2026-07-30 14:47:22,2026-07-30 05:05:01,2025-06-28 17:05:01
12438231,3939589,1,2026-07-30 01:05:01,2026-07-30 16:05:01,2025-01-17 03:05:01
184183,5155052,1,2026-07-25 00:05:01,2026-07-25 19:05:01,2024-02-10 14:00:00
369429,5155052,1,2026-07-30 01:05:01,2026-07-30 16:05:01,2024-02-24 09:50:00
10126551,5155052,16777473,2026-07-30 14:47:22,2026-07-30 05:05:01,2025-06-28 17:05:01
12438231,5155052,1,2026-07-30 01:05:01,2026-07-30 16:05:01,2025-01-17 03:05:01
184183,5002133,1,2026-07-25 00:05:01,2026-07-25 19:05:01,2024-02-10 14:00:00
369429,5002133,1,2026-07-30 01:05:01,2026-07-30 16:05:01,2024-02-24 09:50:00
10126551,5002133,16777473,2026-07-30 14:47:22,2026-07-28 00:05:01,2025-06-28 17:05:01
12438231,5002133,1,2026-07-30 01:05:01,2026-07-30 16:05:01,2025-01-17 03:05:01
184183,3741487,1,2026-07-25 00:05:01,2026-07-25 19:05:01,2024-02-10 14:00:00
369429,3741487,1,2026-07-30 01:05:01,2026-07-30 16:05:01,2024-02-24 09:50:00
10126551,3741487,16777473,2026-07-30 14:47:22,2026-07-27 01:05:02,2025-06-29 16:05:01
12438231,3741487,1,2026-07-30 01:05:01,2026-07-30 16:05:01,2025-01-17 03:05:01
184183,5183596,1,2026-07-25 00:05:01,2026-07-25 19:05:01,2024-02-10 14:00:00
369429,5183596,1,2026-07-30 01:05:01,2026-07-30 16:05:01,2024-02-24 09:50:00
10126551,5183596,16777473,2026-07-30 14:47:22,2026-07-30 04:05:01,2025-06-29 16:05:01
12438231,5183596,1,2026-07-30 01:05:01,2026-07-30 16:05:01,2025-01-17 03:05:01
369429,4923077,1,2026-07-30 01:05:01,2026-07-30 16:05:01,2024-02-24 09:50:00
10126551,4923077,16777473,2026-07-30 14:47:22,2026-07-28 00:05:01,2025-06-28 17:05:01
12438231,4923077,1,2026-07-30 01:05:01,2026-07-30 16:05:01,2025-01-17 03:05:01
184183,5068805,1,2026-07-25 00:05:01,2026-07-25 20:05:01,2024-02-10 14:00:00
369429,5068805,1,2026-07-30 01:05:01,2026-07-30 16:05:01,2024-02-24 09:50:00
10126551,5068805,16777473,2026-07-30 14:47:22,2026-07-30 01:05:01,2025-06-28 17:05:01
12438231,5068805,1,2026-07-30 01:05:01,2026-07-30 16:05:01,2025-01-17 03:05:01
369429,5235228,1,2026-07-30 01:05:01,2026-07-30 16:05:01,2024-02-24 09:50:00
10126551,5235228,16777473,2026-07-30 14:47:22,2026-07-26 03:05:01,2025-06-28 17:05:01
12438231,5235228,1,2026-07-30 01:05:01,2026-07-30 16:05:01,2025-01-17 03:05:01
369429,5140299,1,2026-07-30 01:05:01,2026-07-30 16:05:01,2024-02-24 09:50:00
9423019,5140299,1,2026-04-08 02:05:02,2026-07-30 16:05:01,2024-02-05 04:04:00
10126551,5140299,16777473,2026-07-30 14:47:22,2026-07-26 03:05:01,2025-06-29 16:05:01
12438231,5140299,1,2026-07-30 01:05:01,2026-07-30 16:05:01,2025-01-17 03:05:01
670524,5019303,1,2026-03-11 10:26:57,2026-07-30 16:05:01,2025-06-24 06:05:01
184183,5090071,1,2026-07-25 00:05:01,2026-07-25 20:05:01,2024-02-10 14:00:00
369429,5090071,1,2026-07-30 01:05:01,2026-07-30 16:05:01,2024-03-24 12:10:00
10126551,5090071,16777473,2026-07-30 14:47:22,2026-07-28 22:05:01,2025-06-28 17:05:01
12438231,5090071,1,2026-07-30 01:05:01,2026-07-30 16:05:01,2025-01-17 03:05:01
184183,4678202,1,2026-07-25 00:05:01,2026-07-25 20:05:01,2024-08-27 02:32:36
10126551,4678202,16777473,2026-07-30 14:47:22,2026-07-10 10:05:01,2025-06-28 17:05:01
12438231,4678202,1,2026-07-30 01:05:01,2026-07-30 16:05:01,2025-01-17 03:05:01
670524,5207783,0,,2026-07-30 16:05:01,
10126551,5207783,16777473,2026-07-30 14:47:22,2026-07-30 01:05:01,2025-06-29 16:05:01
12438231,5207783,1,2026-07-30 01:05:01,2026-07-30 16:05:01,2025-01-17 03:05:01
369429,4179350,1,2026-07-30 01:05:01,2026-07-30 16:05:01,2024-03-24 12:10:00
10126551,4179350,16777473,2026-07-30 14:47:22,2026-07-28 00:05:01,2025-06-28 17:05:01
12438231,4179350,1,2026-07-30 01:05:01,2026-07-30 16:05:01,2025-01-17 03:05:01
369429,5142746,1,2026-07-30 01:05:01,2026-07-30 16:05:01,2024-02-24 09:50:00
10126551,5142746,16777473,2026-07-30 14:47:22,2026-07-30 05:05:01,2025-06-29 16:05:01
12438231,5142746,1,2026-07-30 01:05:01,2026-07-30 16:05:01,2025-01-17 03:05:01
184183,5277887,1,2026-07-25 00:05:01,2026-07-25 20:05:01,2024-02-10 14:00:00
369429,5277887,1,2026-07-30 01:05:01,2026-07-30 16:05:01,2024-02-24 09:50:00
10126551,5277887,16777473,2026-07-30 14:47:22,2026-07-30 05:05:01,2025-06-28 17:05:01
12438231,5277887,1,2026-07-30 01:05:01,2026-07-30 16:05:01,2025-01-17 03:05:01
184183,4355888,1,2026-07-25 00:05:01,2026-07-25 19:05:01,2024-02-10 14:00:00
369429,4355888,1,2026-07-30 01:05:01,2026-07-30 16:05:01,2024-02-24 09:50:00
10126551,4355888,16777473,2026-07-30 14:47:22,2026-07-30 05:05:01,2025-06-28 17:05:01
12438231,4355888,1,2026-07-30 01:05:01,2026-07-30 16:05:01,2025-01-17 03:05:01
184183,5225795,1,2026-07-25 00:05:01,2026-07-25 19:05:01,2024-02-10 14:00:00
369429,5225795,1,2026-07-30 01:05:01,2026-07-30 16:05:01,2024-02-24 09:50:00
10126551,5225795,16777473,2026-07-30 14:47:22,2026-07-30 04:05:01,2025-06-29 16:05:01
12438231,5225795,1,2026-07-30 01:05:01,2026-07-30 16:05:01,2025-01-17 03:05:01
184183,3543015,1,2026-07-25 00:05:01,2026-07-25 19:05:01,2024-02-10 14:00:00
369429,3543015,1,2026-07-30 01:05:01,2026-07-30 16:05:01,2024-02-24 09:50:00
10126551,3543015,16777473,2026-07-30 14:47:22,2026-07-28 02:05:01,2025-06-29 16:05:01
12438231,3543015,1,2026-07-30 01:05:01,2026-07-30 16:05:01,2025-01-17 03:05:01
369429,5147947,1,2026-07-30 01:05:01,2026-07-30 16:05:01,2024-02-24 09:50:00
10126551,5147947,16777473,2026-07-30 14:47:22,2026-07-10 11:05:01,2025-06-28 17:05:01
12438231,5147947,1,2026-07-30 01:05:01,2026-07-30 16:05:01,2025-01-17 03:05:01
369429,3884198,1,2026-07-30 01:05:01,2026-07-30 16:05:01,2024-02-24 09:50:00
10126551,3884198,16777473,2026-07-30 14:47:22,2026-07-11 20:35:52,2025-06-28 17:05:01
12438231,3884198,1,2026-07-30 01:05:01,2026-07-30 16:05:01,2025-01-17 03:05:01
184183,4820180,1,2026-07-25 00:05:01,2026-07-25 20:05:01,2024-02-10 14:00:00
369429,4820180,1,2026-07-30 01:05:01,2026-07-30 16:05:01,2024-02-24 09:50:00
10126551,4820180,16777473,2026-07-30 14:47:22,2026-07-30 04:05:01,2025-06-29 16:05:01
12438231,4820180,1,2026-07-30 01:05:01,2026-07-30 16:05:01,2025-01-17 03:05:01
184183,5013332,1,2026-07-25 00:05:01,2026-07-25 20:05:01,2024-02-10 14:00:00
369429,5013332,1,2026-07-30 01:05:01,2026-07-30 16:05:01,2024-02-24 09:50:00
10126551,5013332,16777473,2026-07-30 14:47:22,2026-07-30 04:05:01,2025-06-29 16:05:01
12438231,5013332,1,2026-07-30 01:05:01,2026-07-30 16:05:01,2025-01-17 03:05:01
184183,5303029,1,2026-07-25 00:05:01,2026-07-25 19:05:01,2024-02-10 14:00:00
369429,5303029,1,2026-07-30 01:05:01,2026-07-30 16:05:01,2024-02-24 09:50:00
10126551,5303029,16777473,2026-07-30 14:47:22,2026-07-30 05:05:01,2025-06-28 17:05:01
12438231,5303029,1,2026-07-30 01:05:01,2026-07-30 16:05:01,2025-01-17 03:05:01
184183,5263724,1,2026-07-25 00:05:01,2026-07-25 20:05:01,2024-02-10 14:00:00
10126551,5263724,16777473,2026-07-30 14:47:22,2026-07-30 16:05:01,2025-06-29 16:05:01
12438231,5263724,1,2026-07-30 01:05:01,2026-07-30 16:05:01,2025-01-17 03:05:01
184183,5343528,1,2026-07-25 00:05:01,2026-07-25 19:05:01,2024-02-10 14:00:00
369429,5343528,1,2026-07-30 01:05:01,2026-07-30 16:05:01,2024-02-24 09:50:00
10126551,5343528,16777473,2026-07-30 14:47:22,2026-07-28 00:05:01,2025-06-28 17:05:01
12438231,5343528,1,2026-07-30 01:05:01,2026-07-30 16:05:01,2025-01-17 03:05:01
184183,5049835,1,2026-07-25 00:05:01,2026-07-25 19:05:01,2024-02-10 14:00:00
369429,5049835,1,2026-07-30 01:05:01,2026-07-30 16:05:01,2024-02-24 09:50:00
10126551,5049835,16777473,2026-07-30 14:47:22,2026-07-30 04:05:01,2025-06-29 16:05:01
12438231,5049835,1,2026-07-30 01:05:01,2026-07-30 16:05:01,2025-01-17 03:05:01
184183,5335898,1,2026-07-25 00:05:01,2026-07-25 19:05:01,2024-02-10 14:00:00
369429,5152189,1,2026-07-30 01:05:01,2026-07-30 16:05:01,2024-02-24 09:50:00
10126551,5152189,16777473,2026-07-30 14:47:22,2026-07-10 10:05:01,2025-06-28 17:05:01
12438231,5152189,1,2026-07-30 01:05:01,2026-07-30 16:05:01,2025-01-17 03:05:01
184183,5082187,1,2026-07-25 00:05:01,2026-07-25 19:05:01,2024-02-10 14:00:00
369429,5082187,1,2026-07-30 01:05:01,2026-07-30 16:05:01,2024-02-24 09:50:00
10126551,5082187,16777473,2026-07-30 14:47:22,2026-07-30 04:05:01,2025-06-29 16:05:01
12438231,5082187,1,2026-07-30 01:05:01,2026-07-30 16:05:01,2025-01-17 03:05:01
184183,3653857,1,2026-07-25 00:05:01,2026-07-25 19:05:01,2024-02-10 14:00:00
369429,3653857,1,2026-07-30 01:05:01,2026-07-30 16:05:01,2024-02-24 09:50:00
10126551,3653857,16777473,2026-07-30 14:47:22,2026-07-30 04:05:01,2025-06-29 16:05:01
12438231,3653857,1,2026-07-30 01:05:01,2026-07-30 16:05:01,2025-01-17 03:05:01
369429,4379818,1,2026-07-30 01:05:01,2026-07-30 16:05:01,2024-02-24 09:50:00
9423019,4379818,1,2026-04-08 02:05:02,2026-07-30 16:05:01,2024-02-05 04:04:00
10126551,4379818,16777473,2026-07-30 14:47:22,2026-07-28 02:05:01,2025-06-29 16:05:01
12438231,4379818,1,2026-07-30 01:05:01,2026-07-30 16:05:01,2025-01-17 03:05:01
184183,5003393,1,2026-07-25 00:05:01,2026-07-25 19:05:01,2024-02-10 14:00:00
369429,5003393,1,2026-07-30 01:05:01,2026-07-30 16:05:01,2024-02-24 09:50:00
10126551,5003393,16777473,2026-07-30 14:47:22,2026-07-30 05:05:01,2025-06-29 16:05:01
12438231,5003393,1,2026-07-30 01:05:01,2026-07-30 16:05:01,2025-01-17 03:05:01
369429,4574872,1,2026-07-30 01:05:01,2026-07-30 16:05:01,2024-02-24 09:50:00
10126551,4574872,16777473,2026-07-30 14:47:22,2026-07-16 18:06:00,2025-06-28 17:05:01
12438231,4574872,1,2026-07-30 01:05:01,2026-07-30 16:05:01,2025-01-17 03:05:01
9423019,4548533,1,2026-04-08 02:05:02,2026-07-30 16:05:01,2024-02-05 04:04:00
184183,4125780,1,2026-07-25 00:05:01,2026-07-25 19:05:01,2024-02-10 14:00:00
369429,4125780,1,2026-07-30 01:05:01,2026-07-30 16:05:01,2024-02-24 09:50:00
10126551,4125780,16777473,2026-07-30 14:47:22,2026-07-30 05:05:01,2025-06-28 17:05:01
12438231,4125780,1,2026-07-30 01:05:01,2026-07-30 16:05:01,2025-01-17 03:05:01
184183,5424444,1,2026-07-25 00:05:01,2026-07-25 20:05:01,2024-02-10 14:00:00
369429,5424444,1,2026-07-30 01:05:01,2026-07-30 16:05:01,2024-02-24 09:50:00
10126551,5424444,16777473,2026-07-30 14:47:22,2026-07-30 04:05:01,2025-06-29 16:05:01
12438231,5424444,1,2026-07-30 01:05:01,2026-07-30 16:05:01,2025-01-17 03:05:01
369429,5191206,1,2026-07-30 01:05:01,2026-07-30 16:05:01,2024-02-24 09:50:00
670524,5191206,0,,2026-07-30 16:05:01,
10126551,5191206,16777473,2026-07-30 14:47:22,2026-07-28 02:05:01,2025-06-29 16:05:01
12438231,5191206,1,2026-07-30 01:05:01,2026-07-30 16:05:01,2025-01-17 03:05:01
184183,5415007,1,2026-07-25 00:05:01,2026-07-25 20:05:01,2024-02-10 14:00:00
369429,5415007,1,2026-07-30 01:05:01,2026-07-30 16:05:01,2024-02-24 09:50:00
10126551,5415007,16777473,2026-07-30 14:47:22,2026-07-30 04:05:01,2025-06-29 16:05:01
12438231,5415007,1,2026-07-30 01:05:01,2026-07-30 16:05:01,2025-01-17 03:05:01
369429,5350894,1,2026-07-30 01:05:01,2026-07-30 16:05:01,2024-02-24 09:50:00
10126551,5350894,16777473,2026-07-30 14:47:22,2026-07-10 22:05:01,2025-06-29 16:05:01
12438231,5350894,1,2026-07-30 01:05:01,2026-07-30 16:05:01,2025-01-17 03:05:01
184183,4211258,1,2026-07-25 00:05:01,2026-07-25 20:05:01,2024-02-10 14:00:00
369429,4211258,1,2026-07-30 01:05:01,2026-07-30 16:05:01,2024-02-24 09:50:00
10126551,4211258,16777473,2026-07-30 14:47:22,2026-07-30 05:05:01,2025-06-29 16:05:01
12438231,4211258,1,2026-07-30 01:05:01,2026-07-30 16:05:01,2025-01-17 03:05:01
184183,3502982,1,2026-07-25 00:05:01,2026-07-25 19:05:01,2024-02-10 14:00:00
369429,3502982,1,2026-07-30 01:05:01,2026-07-30 16:05:01,2024-02-24 09:50:00
10126551,3502982,16777473,2026-07-30 14:47:22,2026-07-30 05:05:01,2025-06-28 17:05:01
12438231,3502982,1,2026-07-30 01:05:01,2026-07-30 16:05:01,2025-01-17 03:05:01
184183,5350244,1,2026-07-25 00:05:01,2026-07-25 20:05:01,2024-08-08 14:17:13
10126551,5350244,16777473,2026-07-30 14:47:22,2026-07-30 13:05:01,2025-06-28 17:05:01
12438231,5350244,1,2026-07-30 01:05:01,2026-07-30 16:05:01,2025-01-17 03:05:01
184183,5109581,1,2026-07-25 00:05:01,2026-07-25 19:05:01,2024-02-10 14:00:00
369429,5109581,1,2026-07-30 01:05:01,2026-07-30 16:05:01,2024-03-24 12:10:00
10126551,5109581,16777473,2026-07-30 14:47:22,2026-07-10 11:05:01,2025-06-28 17:05:01
12438231,5109581,1,2026-07-30 01:05:01,2026-07-30 16:05:01,2025-01-17 03:05:01
184183,5482585,1,2026-07-25 00:05:01,2026-07-25 19:05:01,2024-02-10 14:00:00
369429,5482585,1,2026-07-30 01:05:01,2026-07-30 16:05:01,2024-02-24 09:50:00
10126551,5482585,16777473,2026-07-30 14:47:22,2026-07-28 00:05:01,2025-06-29 16:05:01
12438231,5482585,1,2026-07-30 01:05:01,2026-07-30 16:05:01,2025-01-17 03:05:01
184183,5456229,1,2026-07-25 00:05:01,2026-07-25 19:05:01,2024-02-10 14:00:00
369429,5456229,1,2026-07-30 01:05:01,2026-07-30 16:05:01,2024-02-24 09:50:00
10126551,5456229,16777473,2026-07-30 14:47:22,2026-07-30 04:05:01,2025-06-29 16:05:01
12438231,5456229,1,2026-07-30 01:05:01,2026-07-30 16:05:01,2025-01-17 03:05:01
184183,3793492,1,2026-07-25 00:05:01,2026-07-25 19:05:01,2024-02-10 14:00:00
10126551,3793492,16777473,2026-07-30 14:47:22,2026-07-10 10:05:01,2025-06-28 17:05:01
12438231,3793492,1,2026-07-30 01:05:01,2026-07-30 16:05:01,2025-01-17 03:05:01
369429,4543406,1,2026-07-30 01:05:01,2026-07-30 16:05:01,2024-02-24 09:50:00
10126551,4543406,16777473,2026-07-30 14:47:22,2026-07-30 05:05:01,2025-06-28 17:05:01
12438231,4543406,1,2026-07-30 01:05:01,2026-07-30 16:05:01,2025-01-17 03:05:01
369429,5331617,1,2026-07-30 01:05:01,2026-07-30 16:05:01,2024-02-24 09:50:00
10126551,5331617,16777473,2026-07-30 14:47:22,2026-07-25 03:05:01,2025-06-29 16:05:01
12438231,5331617,1,2026-07-30 01:05:01,2026-07-30 16:05:01,2025-01-17 03:05:01
184183,5342526,1,2026-07-25 00:05:01,2026-07-25 20:05:01,2024-02-10 14:00:00
369429,5342526,1,2026-07-30 01:05:01,2026-07-30 16:05:01,2024-02-24 09:50:00
10126551,5342526,16777473,2026-07-30 14:47:22,2026-07-30 01:05:01,2025-06-29 16:05:01
12438231,5342526,1,2026-07-30 01:05:01,2026-07-30 16:05:01,2025-01-17 03:05:01
184183,5446676,1,2026-07-25 00:05:01,2026-07-25 20:05:01,2024-02-10 14:00:00
369429,5446676,1,2026-07-30 01:05:01,2026-07-30 16:05:01,2024-02-24 09:50:00
10126551,5446676,16777473,2026-07-30 14:47:22,2026-07-30 05:05:01,2025-06-29 16:05:01
12438231,5446676,1,2026-07-30 01:05:01,2026-07-30 16:05:01,2025-01-17 03:05:01
184183,5499012,1,2026-07-25 00:05:01,2026-07-25 19:05:01,2024-02-10 14:00:00
369429,5499012,1,2026-07-30 01:05:01,2026-07-30 16:05:01,2024-02-24 09:50:00
10126551,5499012,16777473,2026-07-30 14:47:22,2026-07-30 00:05:01,2025-06-29 16:05:01
12438231,5499012,1,2026-07-30 01:05:01,2026-07-30 16:05:01,2025-01-17 03:05:01
369429,3389727,1,2026-07-30 01:05:01,2026-07-30 16:05:01,2024-02-24 09:50:00
10126551,3389727,16777473,2026-07-30 14:47:22,2026-07-10 10:05:01,2025-06-28 17:05:01
12438231,3389727,1,2026-07-30 01:05:01,2026-07-30 16:05:01,2025-01-17 03:05:01
369429,5505845,1,2026-07-30 01:05:01,2026-07-30 16:05:01,2024-02-24 09:50:00
10126551,5505845,16777473,2026-07-30 14:47:22,2026-07-27 02:05:01,2025-06-29 16:05:01
12438231,5505845,1,2026-07-30 01:05:01,2026-07-30 16:05:01,2025-01-17 03:05:01
184183,5479509,1,2026-07-25 00:05:01,2026-07-25 20:05:01,2024-02-10 14:00:00
369429,5479509,1,2026-07-30 01:05:01,2026-07-30 16:05:01,2024-02-24 09:50:00
10126551,5479509,16777473,2026-07-30 14:47:22,2026-07-30 05:05:01,2025-06-28 17:05:01
12438231,5479509,1,2026-07-30 01:05:01,2026-07-30 16:05:01,2025-01-17 03:05:01
184183,4868700,1,2026-07-25 00:05:01,2026-07-25 20:05:01,2024-02-10 14:00:00
10126551,4868700,16777473,2026-07-30 14:47:22,2026-07-30 15:05:01,2025-06-29 16:05:01
12438231,4868700,1,2026-07-30 01:05:01,2026-07-30 16:05:01,2025-01-17 03:05:01
369429,5510916,1,2026-07-30 01:05:01,2026-07-30 16:05:01,2024-03-24 12:10:00
10126551,5510916,16777473,2026-07-30 14:47:22,2026-07-28 00:05:01,2025-06-28 17:05:01
12438231,5510916,1,2026-07-30 01:05:01,2026-07-30 16:05:01,2025-01-17 03:05:01
369429,5168994,1,2026-07-30 01:05:01,2026-07-30 16:05:01,2024-02-24 09:50:00
10126551,5168994,16777473,2026-07-30 14:47:22,2026-07-30 04:05:01,2025-06-29 16:05:01
12438231,5168994,1,2026-07-30 01:05:01,2026-07-30 16:05:01,2025-01-17 03:05:01
369429,5496504,1,2026-07-30 01:05:01,2026-07-30 16:05:01,2024-02-24 09:50:00
10126551,5496504,16777473,2026-07-30 14:47:22,2026-07-30 05:05:01,2025-06-29 16:05:01
12438231,5496504,1,2026-07-30 01:05:01,2026-07-30 16:05:01,2025-01-17 03:05:01
10126551,4131417,16777473,2026-07-30 14:47:22,2026-07-10 10:05:01,2025-06-24 14:05:02
12438231,4131417,1,2026-07-30 01:05:01,2026-07-26 05:05:01,2025-01-17 03:05:01
369429,4350976,1,2026-07-30 01:05:01,2026-07-30 16:05:01,2024-02-24 09:50:00
10126551,4350976,16777473,2026-07-30 14:47:22,2026-07-28 00:05:01,2025-06-29 16:05:01
12438231,4350976,1,2026-07-30 01:05:01,2026-07-30 16:05:01,2025-01-17 03:05:01
184183,5528567,1,2026-07-25 00:05:01,2026-07-25 19:05:01,2024-02-10 14:00:00
369429,5528567,1,2026-07-30 01:05:01,2026-07-30 16:05:01,2024-02-24 09:50:00
10126551,5528567,16777473,2026-07-30 14:47:22,2026-07-11 20:35:52,2025-06-29 16:05:01
12438231,5528567,1,2026-07-30 01:05:01,2026-07-30 16:05:01,2025-01-17 03:05:01
184183,5331363,1,2026-07-25 00:05:01,2026-07-25 20:05:01,2024-02-10 14:00:00
10126551,5331363,16777473,2026-07-30 14:47:22,2026-07-30 16:05:01,2025-06-29 16:05:01
12438231,5331363,1,2026-07-30 01:05:01,2026-07-30 16:05:01,2025-01-17 03:05:01
184183,5429910,1,2026-07-25 00:05:01,2026-07-25 19:05:01,2024-02-10 14:00:00
369429,5429910,1,2026-07-30 01:05:01,2026-07-30 16:05:01,2024-02-24 09:50:00
10126551,5429910,16777473,2026-07-30 14:47:22,2026-07-28 00:05:01,2025-06-29 16:05:01
12438231,5429910,1,2026-07-30 01:05:01,2026-07-30 16:05:01,2025-01-17 03:05:01
369429,4932658,1,2026-07-30 01:05:01,2026-07-29 09:05:01,2024-02-24 09:50:00
10126551,4932658,16777473,2026-07-30 14:47:22,2026-07-10 10:05:01,2025-06-28 17:05:01
12438231,4932658,1,2026-07-30 01:05:01,2026-07-30 16:05:01,2025-01-17 03:05:01
184183,4478162,1,2026-07-25 00:05:01,2026-07-25 20:05:01,2024-02-10 14:00:00
369429,4478162,1,2026-07-30 01:05:01,2026-07-30 16:05:01,2024-02-24 09:50:00
10126551,4478162,16777473,2026-07-30 14:47:22,2026-07-28 00:05:01,2025-06-28 17:05:01
12438231,4478162,1,2026-07-30 01:05:01,2026-07-30 16:05:01,2025-01-17 03:05:01
184183,5560201,1,2026-07-25 00:05:01,2026-07-25 19:05:01,2024-02-10 14:00:00
369429,5560201,1,2026-07-30 01:05:01,2026-07-30 16:05:01,2024-02-24 09:50:00
10126551,5560201,16777473,2026-07-30 14:47:22,2026-07-30 04:05:01,2025-06-29 16:05:01
12438231,5560201,1,2026-07-30 01:05:01,2026-07-30 16:05:01,2025-01-17 03:05:01
184183,4662770,1,2026-07-25 00:05:01,2026-07-25 19:05:01,2024-02-10 14:00:00
369429,4662770,1,2026-07-30 01:05:01,2026-07-30 16:05:01,2024-02-24 09:50:00
10126551,4662770,16777473,2026-07-30 14:47:22,2026-07-30 04:05:01,2025-06-29 16:05:01
12438231,4662770,1,2026-07-30 01:05:01,2026-07-30 16:05:01,2025-01-17 03:05:01
184183,5418970,1,2026-07-25 00:05:01,2026-07-25 19:05:01,2024-02-10 14:00:00
369429,5418970,1,2026-07-30 01:05:01,2026-07-30 16:05:01,2024-02-24 09:50:00
10126551,5418970,16777473,2026-07-30 14:47:22,2026-07-30 05:05:01,2025-06-28 17:05:01
12438231,5418970,1,2026-07-30 01:05:01,2026-07-30 16:05:01,2025-01-17 03:05:01
184183,5558695,1,2026-07-25 00:05:01,2026-07-25 19:05:01,2024-02-10 14:00:00
10126551,5558695,16777473,2026-07-30 14:47:22,2026-07-11 20:35:52,2025-06-28 17:05:01
12438231,5558695,1,2026-07-30 01:05:01,2026-07-30 16:05:01,2025-01-17 03:05:01
369429,5033412,1,2026-07-30 01:05:01,2026-07-30 16:05:01,2024-02-24 09:50:00
369429,4259510,1,2026-07-30 01:05:01,2026-07-30 16:05:01,2024-03-24 12:10:00
10126551,4259510,16777473,2026-07-30 14:47:22,2026-07-30 04:05:01,2025-06-29 16:05:01
12438231,4259510,1,2026-07-30 01:05:01,2026-07-30 16:05:01,2025-01-17 03:05:01
369429,5424461,1,2026-07-30 01:05:01,2026-07-30 16:05:01,2024-02-24 09:50:00
10126551,5424461,16777473,2026-07-30 14:47:22,2026-07-28 00:05:01,2025-06-28 17:05:01
12438231,5424461,1,2026-07-30 01:05:01,2026-07-30 16:05:01,2025-01-17 03:05:01
184183,5500601,1,2026-07-25 00:05:01,2026-07-25 19:05:01,2024-02-10 14:00:00
369429,5500601,1,2026-07-30 01:05:01,2026-07-30 16:05:01,2024-02-24 09:50:00
10126551,5500601,16777473,2026-07-30 14:47:22,2026-07-30 05:05:01,2025-06-28 17:05:01
12438231,5500601,1,2026-07-30 01:05:01,2026-07-30 16:05:01,2025-01-17 03:05:01
184183,5668785,1,2026-07-25 00:05:01,2026-07-25 19:05:01,2024-02-10 14:00:00
369429,5668785,1,2026-07-30 01:05:01,2026-07-30 15:05:01,2024-02-24 09:50:00
10126551,5668785,16777473,2026-07-30 14:47:22,2026-07-10 10:05:01,2025-06-29 16:05:01
12438231,5668785,1,2026-07-30 01:05:01,2026-07-30 16:05:01,2025-01-17 03:05:01
369429,5625393,1,2026-07-30 01:05:01,2026-07-30 09:05:01,2024-02-24 09:50:00
10126551,5625393,16777473,2026-07-30 14:47:22,2026-07-10 10:05:01,2025-06-28 17:05:01
12438231,5625393,1,2026-07-30 01:05:01,2026-07-30 16:05:01,2025-01-17 03:05:01
10126551,6311799,16777473,2026-07-30 14:47:22,2026-07-10 10:05:01,2025-06-28 17:05:01
12438231,6311799,1,2026-07-30 01:05:01,2026-07-30 16:05:01,2025-01-17 03:05:01
23482699,6311799,65537,2024-05-08 19:53:00,2026-07-26 03:05:01,2024-02-08 20:39:00
10126551,5276585,16777473,2026-07-30 14:47:22,2026-07-10 10:05:01,2025-06-24 14:05:02
12438231,5276585,1,2026-07-30 01:05:01,2026-07-26 05:05:01,2025-01-17 03:05:01
10126551,6317096,16777473,2026-07-30 14:47:22,2026-07-30 13:05:01,2025-06-28 17:05:01
12438231,6317096,1,2026-07-30 01:05:01,2026-07-30 16:05:01,2025-01-17 03:05:01
10126551,4287518,16777473,2026-07-30 14:47:22,2026-07-10 10:05:01,2025-06-27 10:05:01
12438231,4287518,1,2026-07-30 01:05:01,2026-07-30 14:05:02,2025-01-17 03:05:01
1140687,6631977,1,2026-07-30 00:05:01,2026-07-30 10:05:01,2025-04-11 01:05:01
10126551,6631977,16777473,2026-07-30 14:47:22,2026-07-30 07:05:01,2025-06-29 16:05:01
12438231,6631977,1,2026-07-30 01:05:01,2026-07-30 16:05:01,2025-01-20 03:05:01
369429,4864302,1,2026-07-30 01:05:01,2026-07-30 14:05:02,2024-02-24 09:50:00
10126551,4864302,16777473,2026-07-30 14:47:22,2026-07-30 01:05:01,2025-06-27 10:05:01
12438231,4864302,1,2026-07-30 01:05:01,2026-07-30 16:05:01,2025-01-17 03:05:01
10126551,6466543,16777473,2026-07-30 14:47:22,2026-07-30 16:05:01,2025-06-28 17:05:01
12438231,6466543,1,2026-07-30 01:05:01,2026-07-30 16:05:01,2025-01-17 03:05:01
670524,6621270,0,,2026-07-30 16:05:01,
10126551,6621270,16777473,2026-07-30 14:47:22,2026-07-30 05:05:01,2025-06-29 16:05:01
12438231,6621270,1,2026-07-30 01:05:01,2026-07-30 16:05:01,2025-01-31 03:05:02
369429,5707302,1,2026-07-30 01:05:01,2026-07-30 16:05:01,2024-02-24 09:50:00
10126551,5707302,16777473,2026-07-30 14:47:22,2026-07-30 04:05:01,2025-06-29 16:05:01
12438231,5707302,1,2026-07-30 01:05:01,2026-07-30 16:05:01,2025-01-17 03:05:01
184183,3803187,1,2026-07-25 00:05:01,2026-07-25 20:05:01,2024-02-10 14:00:00
369429,3803187,1,2026-07-30 01:05:01,2026-07-30 16:05:01,2024-02-24 09:50:00
10126551,3803187,16777473,2026-07-30 14:47:22,2026-07-28 00:05:01,2025-06-29 16:05:01
12438231,3803187,1,2026-07-30 01:05:01,2026-07-30 16:05:01,2025-01-17 03:05:01
184183,5081411,1,2026-07-25 00:05:01,2026-07-25 19:05:01,2024-02-10 14:00:00
369429,5081411,1,2026-07-30 01:05:01,2026-07-30 16:05:01,2024-02-24 09:50:00
10126551,5081411,16777473,2026-07-30 14:47:22,2026-07-27 02:05:01,2025-06-29 16:05:01
12438231,5081411,1,2026-07-30 01:05:01,2026-07-30 16:05:01,2025-01-17 03:05:01
10126551,4044498,16777473,2026-07-30 14:47:22,2026-07-16 20:36:22,2025-06-27 10:05:01
12438231,4044498,1,2026-07-30 01:05:01,2026-07-30 16:05:01,2025-01-17 03:05:01
184183,2456255,1,2026-07-25 00:05:01,2026-07-25 20:05:01,2024-02-10 14:00:00
369429,2456255,1,2026-07-30 01:05:01,2026-07-30 16:05:01,2024-02-24 09:50:00
2202991,2456255,65537,2024-04-09 10:42:00,2026-07-30 16:05:01,2024-04-09 10:42:00
6449581,2456255,1,2026-07-15 04:24:18,2026-07-30 13:05:01,2024-02-19 00:00:00
10126551,2456255,16777473,2026-07-30 14:47:22,2026-07-11 20:35:52,2025-06-28 17:05:01
12438231,2456255,1,2026-07-30 01:05:01,2026-07-30 16:05:01,2025-01-17 03:05:01
184183,5081533,1,2026-07-25 00:05:01,2026-07-25 19:05:01,2024-02-10 14:00:00
369429,5081533,1,2026-07-30 01:05:01,2026-07-30 16:05:01,2024-02-24 09:50:00
10126551,5081533,16777473,2026-07-30 14:47:22,2026-07-30 05:05:01,2025-06-29 16:05:01
12438231,5081533,1,2026-07-30 01:05:01,2026-07-30 16:05:01,2025-01-17 03:05:01
184183,5081813,1,2026-07-25 00:05:01,2026-07-25 19:05:01,2024-02-10 14:00:00
369429,5081813,1,2026-07-30 01:05:01,2026-07-30 16:05:01,2024-02-24 09:50:00
10126551,5081813,16777473,2026-07-30 14:47:22,2026-07-30 05:05:01,2025-06-29 16:05:01
12438231,5081813,1,2026-07-30 01:05:01,2026-07-30 16:05:01,2025-01-17 03:05:01
369429,5082542,1,2026-07-30 01:05:01,2026-07-30 15:05:01,2024-02-24 09:50:00
10126551,5082542,16777473,2026-07-30 14:47:22,2026-07-11 15:08:09,2025-06-24 22:05:01
12438231,5082542,1,2026-07-30 01:05:01,2026-07-30 16:05:01,2025-01-17 03:05:01
369429,3696037,1,2026-07-30 01:05:01,2026-07-30 16:05:01,2024-02-24 09:50:00
10126551,3696037,16777473,2026-07-30 14:47:22,2026-07-30 04:05:01,2025-06-29 16:05:01
12438231,3696037,1,2026-07-30 01:05:01,2026-07-30 16:05:01,2025-01-17 03:05:01
184183,5134501,1,2026-07-25 00:05:01,2026-07-25 19:05:01,2024-02-10 14:00:00
369429,5134501,1,2026-07-30 01:05:01,2026-07-30 16:05:01,2024-02-24 09:50:00
10126551,5134501,16777473,2026-07-30 14:47:22,2026-07-28 00:05:01,2025-06-29 16:05:01
12438231,5134501,1,2026-07-30 01:05:01,2026-07-30 16:05:01,2025-01-17 03:05:01
184183,4415864,1,2026-07-25 00:05:01,2026-07-25 20:05:01,2024-02-10 14:00:00
10126551,4415864,16777473,2026-07-30 14:47:22,2026-07-30 16:05:01,2025-06-29 16:05:01
12438231,4415864,1,2026-07-30 01:05:01,2026-07-30 16:05:01,2025-01-17 03:05:01
670524,4076499,0,,2026-07-30 16:05:01,
10126551,4076499,16777473,2026-07-30 14:47:22,2026-07-30 11:05:01,2025-06-29 16:05:01
12438231,4076499,1,2026-07-30 01:05:01,2026-07-30 16:05:01,2025-01-17 03:05:01
184183,5117675,1,2026-07-25 00:05:01,2026-07-25 20:05:01,2024-02-10 14:00:00
369429,5117675,1,2026-07-30 01:05:01,2026-07-30 16:05:01,2024-02-24 09:50:00
10126551,5117675,16777473,2026-07-30 14:47:22,2026-07-27 02:05:01,2025-06-29 16:05:01
12438231,5117675,1,2026-07-30 01:05:01,2026-07-30 16:05:01,2025-01-17 03:05:01
369429,5102518,1,2026-07-30 01:05:01,2026-07-30 16:05:01,2024-02-24 09:50:00
670524,5102518,0,,2026-07-30 16:05:01,
10126551,5102518,16777473,2026-07-30 14:47:22,2026-07-28 02:05:01,2025-06-29 16:05:01
12438231,5102518,1,2026-07-30 01:05:01,2026-07-30 16:05:01,2025-01-17 03:05:01
369429,4202322,1,2026-07-30 01:05:01,2026-07-30 16:05:01,2024-02-24 09:50:00
10126551,4202322,16777473,2026-07-30 14:47:22,2026-07-28 00:05:01,2025-06-29 16:05:01
12438231,4202322,1,2026-07-30 01:05:01,2026-07-30 16:05:01,2025-01-17 03:05:01
369429,4641245,1,2026-07-30 01:05:01,2026-07-30 16:05:01,2024-03-24 12:10:00
10126551,4641245,16777473,2026-07-30 14:47:22,2026-07-28 02:05:01,2025-06-29 16:05:01
12438231,4641245,1,2026-07-30 01:05:01,2026-07-30 16:05:01,2025-01-17 03:05:01
184183,4827148,1,2026-07-25 00:05:01,2026-07-25 20:05:01,2024-02-10 14:00:00
369429,4827148,1,2026-07-30 01:05:01,2026-07-30 15:05:01,2024-02-24 09:50:00
10126551,4827148,16777473,2026-07-30 14:47:22,2026-07-10 10:05:01,2025-06-29 16:05:01
12438231,4827148,1,2026-07-30 01:05:01,2026-07-30 16:05:01,2025-01-17 03:05:01
369429,5205647,1,2026-07-30 01:05:01,2026-07-30 16:05:01,2024-02-24 09:50:00
10126551,5205647,16777473,2026-07-30 14:47:22,2026-07-28 00:05:01,2025-06-29 16:05:01
12438231,5205647,1,2026-07-30 01:05:01,2026-07-30 16:05:01,2025-01-17 03:05:01
184183,4542799,1,2026-07-25 00:05:01,2026-07-25 19:05:01,2024-02-10 14:00:00
369429,4542799,1,2026-07-30 01:05:01,2026-07-30 16:05:01,2024-02-24 09:50:00
10126551,4542799,16777473,2026-07-30 14:47:22,2026-07-30 05:05:01,2025-06-29 16:05:01
12438231,4542799,1,2026-07-30 01:05:01,2026-07-30 16:05:01,2025-01-17 03:05:01
369429,4583951,1,2026-07-30 01:05:01,2026-07-30 16:05:01,2024-02-24 09:50:00
10126551,4583951,16777473,2026-07-30 14:47:22,2026-07-30 05:05:01,2025-06-28 17:05:01
12438231,4583951,1,2026-07-30 01:05:01,2026-07-30 16:05:01,2025-01-17 03:05:01
184183,5260988,1,2026-07-25 00:05:01,2026-07-25 19:05:01,2024-02-10 14:00:00
369429,5260988,1,2026-07-30 01:05:01,2026-07-30 16:05:01,2024-02-24 09:50:00
10126551,5260988,16777473,2026-07-30 14:47:22,2026-07-20 22:05:01,2025-06-29 16:05:01
12438231,5260988,1,2026-07-30 01:05:01,2026-07-30 16:05:01,2025-01-17 03:05:01
184183,3925325,1,2026-07-25 00:05:01,2026-07-25 19:05:01,2024-08-08 14:17:13
369429,3925325,1,2026-07-30 01:05:01,2026-07-30 16:05:01,2024-02-24 09:50:00
10126551,3925325,16777473,2026-07-30 14:47:22,2026-07-30 04:05:01,2025-06-29 16:05:01
12438231,3925325,1,2026-07-30 01:05:01,2026-07-30 16:05:01,2025-01-17 03:05:01
369429,3385099,1,2026-07-30 01:05:01,2026-07-30 16:05:01,2024-02-24 09:50:00
10126551,3385099,16777473,2026-07-30 14:47:22,2026-07-30 04:05:01,2025-06-29 16:05:01
12438231,3385099,1,2026-07-30 01:05:01,2026-07-30 16:05:01,2025-01-17 03:05:01
1140687,2295802,1,2026-07-30 00:05:01,2026-07-30 10:05:01,2024-08-17 23:15:27
10126551,2295802,16777473,2026-07-30 14:47:22,2026-07-30 16:05:01,2025-06-29 16:05:01
12438231,2295802,1,2026-07-30 01:05:01,2026-07-30 16:05:01,2025-01-17 03:05:01
369429,5034059,1,2026-07-30 01:05:01,2026-07-30 16:05:01,2024-02-24 09:50:00
9423019,5034059,1,2026-04-08 02:05:02,2026-07-30 16:05:01,2024-02-05 04:04:00
10126551,5034059,16777473,2026-07-30 14:47:22,2026-07-28 00:05:01,2025-06-29 16:05:01
12438231,5034059,1,2026-07-30 01:05:01,2026-07-30 16:05:01,2025-01-17 03:05:01
184183,4633216,1,2026-07-25 00:05:01,2026-07-25 19:05:01,2024-02-10 14:00:00
369429,4633216,1,2026-07-30 01:05:01,2026-07-30 16:05:01,2024-02-24 09:50:00
10126551,4633216,16777473,2026-07-30 14:47:22,2026-07-30 05:05:01,2025-06-29 16:05:01
12438231,4633216,1,2026-07-30 01:05:01,2026-07-30 16:05:01,2025-01-17 03:05:01
184183,2727103,1,2026-07-25 00:05:01,2026-07-25 20:05:01,2024-02-10 14:00:00
369429,2727103,1,2026-07-30 01:05:01,2026-07-30 16:05:01,2024-02-24 09:50:00
10126551,2727103,16777473,2026-07-30 14:47:22,2026-07-28 00:05:01,2025-06-28 17:05:01
12438231,2727103,1,2026-07-30 01:05:01,2026-07-30 16:05:01,2025-01-17 03:05:01
369429,4851579,1,2026-07-30 01:05:01,2026-07-30 16:05:01,2024-02-24 09:50:00
10126551,4851579,16777473,2026-07-30 14:47:22,2026-07-30 04:05:01,2025-06-29 16:05:01
12438231,4851579,1,2026-07-30 01:05:01,2026-07-30 16:05:01,2025-01-17 03:05:01
369429,5219372,1,2026-07-30 01:05:01,2026-07-30 16:05:01,2024-02-24 09:50:00
10126551,5219372,16777473,2026-07-30 14:47:22,2026-07-11 20:35:52,2025-06-28 17:05:01
12438231,5219372,1,2026-07-30 01:05:01,2026-07-30 16:05:01,2025-01-17 03:05:01
184183,5345286,1,2026-07-25 00:05:01,2026-07-25 19:05:01,2024-02-10 14:00:00
369429,5345286,1,2026-07-30 01:05:01,2026-07-30 16:05:01,2024-03-25 19:39:00
10126551,5345286,16777473,2026-07-30 14:47:22,2026-07-30 05:05:01,2025-06-28 17:05:01
12438231,5345286,1,2026-07-30 01:05:01,2026-07-30 16:05:01,2025-01-17 03:05:01
10126551,5143326,16777473,2026-07-30 14:47:22,2026-07-10 10:05:01,2025-06-27 10:05:01
12438231,5143326,1,2026-07-30 01:05:01,2026-07-30 15:05:01,2025-01-17 03:05:01
184183,4421171,1,2026-07-25 00:05:01,2026-07-25 20:05:01,2024-02-10 14:00:00
369429,4421171,1,2026-07-30 01:05:01,2026-07-30 16:05:01,2024-02-24 09:50:00
10126551,4421171,16777473,2026-07-30 14:47:22,2026-07-30 05:05:01,2025-06-28 17:05:01
12438231,4421171,1,2026-07-30 01:05:01,2026-07-30 16:05:01,2025-01-17 03:05:01
369429,5385355,1,2026-07-30 01:05:01,2026-07-30 16:05:01,2024-02-24 09:50:00
10126551,5385355,16777473,2026-07-30 14:47:22,2026-07-28 02:05:01,2025-06-27 10:05:01
12438231,5385355,1,2026-07-30 01:05:01,2026-07-30 16:05:01,2025-01-17 03:05:01
184183,5092333,1,2026-07-25 00:05:01,2026-07-25 19:05:01,2024-07-22 02:34:25
10126551,5092333,16777473,2026-07-30 14:47:22,2026-07-30 03:05:02,2025-06-28 17:05:01
12438231,5092333,1,2026-07-30 01:05:01,2026-07-30 16:05:01,2025-01-17 03:05:01
369429,4128082,1,2026-07-30 01:05:01,2026-07-30 16:05:01,2024-02-24 09:50:00
10126551,4128082,16777473,2026-07-30 14:47:22,2026-07-30 04:05:01,2025-06-29 16:05:01
12438231,4128082,1,2026-07-30 01:05:01,2026-07-30 16:05:01,2025-01-17 03:05:01
184183,5290815,1,2026-07-25 00:05:01,2026-07-25 19:05:01,2024-02-10 14:00:00
10126551,5290815,16777473,2026-07-30 14:47:22,2026-07-30 15:05:01,2025-06-28 17:05:01
12438231,5290815,1,2026-07-30 01:05:01,2026-07-30 16:05:01,2025-01-17 03:05:01
369429,3714931,1,2026-07-30 01:05:01,2026-07-30 16:05:01,2024-02-24 09:50:00
10126551,3714931,16777473,2026-07-30 14:47:22,2026-07-28 00:05:01,2025-06-29 16:05:01
12438231,3714931,1,2026-07-30 01:05:01,2026-07-30 16:05:01,2025-01-17 03:05:01
369429,3768524,1,2026-07-30 01:05:01,2026-07-30 16:05:01,2024-02-24 09:50:00
10126551,3768524,16777473,2026-07-30 14:47:22,2026-07-30 05:05:01,2025-06-28 17:05:01
12438231,3768524,1,2026-07-30 01:05:01,2026-07-30 16:05:01,2025-01-17 03:05:01
184183,4099751,1,2026-07-25 00:05:01,2026-07-25 20:05:01,2024-02-10 14:00:00
369429,4099751,1,2026-07-30 01:05:01,2026-07-30 16:05:01,2024-02-24 09:50:00
10126551,4099751,16777473,2026-07-30 14:47:22,2026-07-11 20:35:52,2025-06-28 17:05:01
12438231,4099751,1,2026-07-30 01:05:01,2026-07-30 16:05:01,2025-01-17 03:05:01
184183,5077957,1,2026-07-25 00:05:01,2026-07-25 19:05:01,2024-02-10 14:00:00
369429,5077957,1,2026-07-30 01:05:01,2026-07-30 16:05:01,2024-03-24 12:10:00
10126551,5077957,16777473,2026-07-30 14:47:22,2026-07-28 00:05:01,2025-06-28 17:05:01
12438231,5077957,1,2026-07-30 01:05:01,2026-07-30 16:05:01,2025-01-17 03:05:01
184183,3671048,1,2026-07-25 00:05:01,2026-07-25 19:05:01,2024-02-10 14:00:00
369429,3671048,1,2026-07-30 01:05:01,2026-07-30 16:05:01,2024-02-24 09:50:00
10126551,3671048,16777473,2026-07-30 14:47:22,2026-07-30 04:05:01,2025-06-29 16:05:01
12438231,3671048,1,2026-07-30 01:05:01,2026-07-30 16:05:01,2025-01-17 03:05:01
369429,3883924,1,2026-07-30 01:05:01,2026-07-30 09:05:01,2024-03-08 03:46:00
10126551,3883924,16777473,2026-07-30 14:47:22,2026-07-10 10:05:01,2025-06-28 17:05:01
12438231,3883924,1,2026-07-30 01:05:01,2026-07-30 16:05:01,2025-01-17 03:05:01
184183,3555084,1,2026-07-25 00:05:01,2026-07-25 19:05:01,2024-02-10 14:00:00
369429,3555084,1,2026-07-30 01:05:01,2026-07-30 16:05:01,2024-02-24 09:50:00
10126551,3555084,16777473,2026-07-30 14:47:22,2026-07-30 04:05:01,2025-06-29 16:05:01
12438231,3555084,1,2026-07-30 01:05:01,2026-07-30 16:05:01,2025-01-17 03:05:01
369429,5480145,1,2026-07-30 01:05:01,2026-07-30 16:05:01,2024-02-24 09:50:00
10126551,5480145,16777473,2026-07-30 14:47:22,2026-07-30 05:05:01,2025-06-28 17:05:01
12438231,5480145,1,2026-07-30 01:05:01,2026-07-30 16:05:01,2025-01-17 03:05:01
184183,4618801,1,2026-07-25 00:05:01,2026-07-25 19:05:01,2024-02-10 14:00:00
369429,4618801,1,2026-07-30 01:05:01,2026-07-30 16:05:01,2024-02-24 09:50:00
10126551,4618801,16777473,2026-07-30 14:47:22,2026-07-29 13:05:01,2025-06-28 17:05:01
12438231,4618801,1,2026-07-30 01:05:01,2026-07-30 16:05:01,2025-01-17 03:05:01
369429,4809027,1,2026-07-30 01:05:01,2026-07-30 16:05:01,2024-02-24 09:50:00
10126551,4809027,16777473,2026-07-30 14:47:22,2026-07-28 00:05:01,2025-06-28 17:05:01
12438231,4809027,1,2026-07-30 01:05:01,2026-07-30 16:05:01,2025-01-17 03:05:01
184183,5348593,1,2026-07-25 00:05:01,2026-07-25 20:05:01,2024-02-10 14:00:00
369429,5348593,1,2026-07-30 01:05:01,2026-07-30 16:05:01,2024-02-24 09:50:00
10126551,5348593,16777473,2026-07-30 14:47:22,2026-07-30 04:05:01,2025-06-29 16:05:01
12438231,5348593,1,2026-07-30 01:05:01,2026-07-30 16:05:01,2025-01-17 03:05:01
184183,5331619,1,2026-07-25 00:05:01,2026-07-25 19:05:01,2024-02-10 14:00:00
369429,5331619,1,2026-07-30 01:05:01,2026-07-30 16:05:01,2024-02-24 09:50:00
10126551,5331619,16777473,2026-07-30 14:47:22,2026-07-26 02:05:01,2025-06-29 16:05:01
12438231,5331619,1,2026-07-30 01:05:01,2026-07-30 16:05:01,2025-01-17 03:05:01
10126551,4911191,16777473,2026-07-30 14:47:22,2026-07-10 10:05:01,2025-06-24 22:05:01
12438231,4911191,1,2026-07-30 01:05:01,2026-07-27 11:07:45,2025-01-17 03:05:01
184183,5279428,1,2026-07-25 00:05:01,2026-07-25 19:05:01,2024-02-10 14:00:00
369429,5279428,1,2026-07-30 01:05:01,2026-07-30 16:05:01,2024-02-24 09:50:00
10126551,5279428,16777473,2026-07-30 14:47:22,2026-07-30 04:05:01,2025-06-29 16:05:01
12438231,5279428,1,2026-07-30 01:05:01,2026-07-30 16:05:01,2025-01-17 03:05:01
184183,5502575,1,2026-07-25 00:05:01,2026-07-25 19:05:01,2024-02-10 14:00:00
369429,5502575,1,2026-07-30 01:05:01,2026-07-30 16:05:01,2024-02-24 09:50:00
10126551,5502575,16777473,2026-07-30 14:47:22,2026-07-27 02:05:01,2025-06-29 16:05:01
12438231,5502575,1,2026-07-30 01:05:01,2026-07-30 16:05:01,2025-01-17 03:05:01
10126551,5482583,16777473,2026-07-30 14:47:22,2026-07-18 07:05:01,2025-06-29 16:05:01
12438231,5482583,1,2026-07-30 01:05:01,2026-07-30 16:05:01,2025-01-17 03:05:01
23482699,5482583,65537,2024-05-08 19:53:00,2026-07-26 03:05:01,2024-02-08 20:39:00
184183,5457583,1,2026-07-25 00:05:01,2026-07-25 19:05:01,2024-02-10 14:00:00
369429,5457583,1,2026-07-30 01:05:01,2026-07-30 16:05:01,2024-03-24 12:10:00
10126551,5457583,16777473,2026-07-30 14:47:22,2026-07-30 04:05:01,2025-06-28 17:05:01
12438231,5457583,1,2026-07-30 01:05:01,2026-07-30 16:05:01,2025-01-17 03:05:01
184183,5319221,1,2026-07-25 00:05:01,2026-07-25 20:05:01,2024-02-10 14:00:00
369429,5319221,1,2026-07-30 01:05:01,2026-07-30 16:05:01,2024-02-24 09:50:00
10126551,5319221,16777473,2026-07-30 14:47:22,2026-07-28 00:05:01,2025-06-29 16:05:01
12438231,5319221,1,2026-07-30 01:05:01,2026-07-30 16:05:01,2025-01-17 03:05:01
184183,5369240,1,2026-07-25 00:05:01,2026-07-25 20:05:01,2024-02-10 14:00:00
369429,5369240,1,2026-07-30 01:05:01,2026-07-30 16:05:01,2024-02-24 09:50:00
10126551,5369240,16777473,2026-07-30 14:47:22,2026-07-28 00:05:01,2025-06-28 17:05:01
12438231,5369240,1,2026-07-30 01:05:01,2026-07-30 16:05:01,2025-01-17 03:05:01
184183,5523054,1,2026-07-25 00:05:01,2026-07-25 19:05:01,2024-02-10 14:00:00
369429,5523054,1,2026-07-30 01:05:01,2026-07-30 16:05:01,2024-02-24 09:50:00
10126551,5523054,16777473,2026-07-30 14:47:22,2026-07-30 05:05:01,2025-06-28 17:05:01
12438231,5523054,1,2026-07-30 01:05:01,2026-07-30 16:05:01,2025-01-17 03:05:01
369429,4354978,1,2026-07-30 01:05:01,2026-07-30 16:05:01,2024-03-24 12:10:00
10126551,4354978,16777473,2026-07-30 14:47:22,2026-07-20 15:11:05,2025-06-28 17:05:01
12438231,4354978,1,2026-07-30 01:05:01,2026-07-30 16:05:01,2025-01-17 03:05:01
184183,5524688,1,2026-07-25 00:05:01,2026-07-25 19:05:01,2024-02-10 14:00:00
369429,5524688,1,2026-07-30 01:05:01,2026-07-30 16:05:01,2024-06-03 20:56:17
10126551,5524688,16777473,2026-07-30 14:47:22,2026-07-30 05:05:01,2025-06-28 17:05:01
12438231,5524688,1,2026-07-30 01:05:01,2026-07-30 16:05:01,2025-01-17 03:05:01
369429,5257714,1,2026-07-30 01:05:01,2026-07-30 16:05:01,2024-02-24 09:50:00
10126551,5257714,16777473,2026-07-30 14:47:22,2026-07-25 01:05:01,2025-06-28 17:05:01
12438231,5257714,1,2026-07-30 01:05:01,2026-07-30 16:05:01,2025-01-17 03:05:01
369429,5388294,1,2026-07-30 01:05:01,2026-07-30 16:05:01,2024-02-24 09:50:00
10126551,5388294,16777473,2026-07-30 14:47:22,2026-07-10 11:05:01,2025-06-29 16:05:01
12438231,5388294,1,2026-07-30 01:05:01,2026-07-30 16:05:01,2025-01-17 03:05:01
184183,4872884,1,2026-07-25 00:05:01,2026-07-25 19:05:01,2024-02-10 14:00:00
369429,4872884,1,2026-07-30 01:05:01,2026-07-30 16:05:01,2024-02-24 09:50:00
10126551,4872884,16777473,2026-07-30 14:47:22,2026-07-30 05:05:01,2025-06-29 16:05:01
12438231,4872884,1,2026-07-30 01:05:01,2026-07-30 16:05:01,2025-01-17 03:05:01
369429,4631431,1,2026-07-30 01:05:01,2026-07-30 16:05:01,2024-02-24 09:50:00
10126551,4631431,16777473,2026-07-30 14:47:22,2026-07-30 04:05:01,2025-06-29 16:05:01
12438231,4631431,1,2026-07-30 01:05:01,2026-07-30 16:05:01,2025-01-17 03:05:01
369429,4088403,1,2026-07-30 01:05:01,2026-07-30 16:05:01,2024-02-24 09:50:00
9423019,4088403,1,2026-04-08 02:05:02,2026-07-30 16:05:01,2024-02-05 04:04:00
10126551,4088403,16777473,2026-07-30 14:47:22,2026-07-28 00:05:01,2025-06-29 16:05:01
10126551,5033412,16777473,2026-07-30 14:47:22,2026-07-30 05:05:01,2025-06-29 16:05:01
12438231,5033412,1,2026-07-30 01:05:01,2026-07-30 16:05:01,2025-01-17 03:05:01
184183,5583403,1,2026-07-25 00:05:01,2026-07-25 20:05:01,2024-02-10 14:00:00
369429,5583403,1,2026-07-30 01:05:01,2026-07-30 16:05:01,2024-02-24 09:50:00
10126551,5583403,16777473,2026-07-30 14:47:22,2026-07-30 04:05:01,2025-06-29 16:05:01
12438231,5583403,1,2026-07-30 01:05:01,2026-07-30 16:05:01,2025-01-17 03:05:01
184183,3667416,1,2026-07-25 00:05:01,2026-07-25 19:05:01,2024-02-10 14:00:00
369429,3667416,1,2026-07-30 01:05:01,2026-07-30 16:05:01,2024-02-24 09:50:00
10126551,3667416,16777473,2026-07-30 14:47:22,2026-07-10 10:05:01,2025-06-29 16:05:01
12438231,3667416,1,2026-07-30 01:05:01,2026-07-30 16:05:01,2025-01-17 03:05:01
369429,5510191,1,2026-07-30 01:05:01,2026-07-30 16:05:01,2024-02-24 09:50:00
10126551,5510191,16777473,2026-07-30 14:47:22,2026-07-30 04:05:01,2025-06-29 16:05:01
12438231,5510191,1,2026-07-30 01:05:01,2026-07-30 16:05:01,2025-01-17 03:05:01
369429,5588041,1,2026-07-30 01:05:01,2026-07-30 16:05:01,2024-02-24 09:50:00
10126551,5588041,16777473,2026-07-30 14:47:22,2026-07-30 01:05:01,2025-06-24 22:05:01
12438231,5588041,1,2026-07-30 01:05:01,2026-07-30 16:05:01,2025-01-17 03:05:01
10126551,4308675,16777473,2026-07-30 14:47:22,2026-07-27 01:05:02,2025-06-28 17:05:01
12438231,4308675,1,2026-07-30 01:05:01,2026-07-30 16:05:01,2025-01-17 03:05:01
23482699,4308675,65537,2024-05-08 19:53:00,2026-07-26 03:05:01,2024-02-08 20:39:00
10126551,4195758,16777473,2026-07-30 14:47:22,2026-07-10 10:05:01,2025-06-27 10:05:01
12438231,4195758,1,2026-07-30 01:05:01,2026-07-26 07:05:01,2025-01-17 03:05:01
184183,5561988,1,2026-07-25 00:05:01,2026-07-25 20:05:01,2024-02-10 14:00:00
369429,5561988,1,2026-07-30 01:05:01,2026-07-30 16:05:01,2024-02-24 09:50:00
10126551,5561988,16777473,2026-07-30 14:47:22,2026-07-30 04:05:01,2025-06-29 16:05:01
12438231,5561988,1,2026-07-30 01:05:01,2026-07-30 16:05:01,2025-01-17 03:05:01
1140687,5600186,1,2026-07-30 00:05:01,2026-07-30 10:05:01,2025-01-17 01:05:01
10126551,5600186,16777473,2026-07-30 14:47:22,2026-07-25 00:05:01,2025-06-24 22:05:01
12438231,5600186,1,2026-07-30 01:05:01,2026-07-30 16:05:01,2025-01-17 03:05:01
184183,5609567,1,2026-07-25 00:05:01,2026-07-25 19:05:01,2024-02-10 14:00:00
369429,5609567,1,2026-07-30 01:05:01,2026-07-30 16:05:01,2024-02-24 09:50:00
10126551,5609567,16777473,2026-07-30 14:47:22,2026-07-30 05:05:01,2025-06-29 16:05:01
12438231,5609567,1,2026-07-30 01:05:01,2026-07-30 16:05:01,2025-01-17 03:05:01
184183,3336547,1,2026-07-25 00:05:01,2026-07-25 20:05:01,2024-02-10 14:00:00
369429,3336547,1,2026-07-30 01:05:01,2026-07-30 16:05:01,2024-02-24 09:50:00
10126551,3336547,16777473,2026-07-30 14:47:22,2026-07-30 04:05:01,2025-06-29 16:05:01
12438231,3336547,1,2026-07-30 01:05:01,2026-07-30 16:05:01,2025-01-17 03:05:01
184183,5607158,1,2026-07-25 00:05:01,2026-07-25 19:05:01,2024-02-10 14:00:00
369429,5607158,1,2026-07-30 01:05:01,2026-07-30 16:05:01,2024-02-24 09:50:00
10126551,5607158,16777473,2026-07-30 14:47:22,2026-07-26 02:05:01,2025-06-29 16:05:01
12438231,5607158,1,2026-07-30 01:05:01,2026-07-30 16:05:01,2025-01-17 03:05:01
369429,5540968,1,2026-07-30 01:05:01,2026-07-30 16:05:01,2024-03-24 12:10:00
10126551,5540968,16777473,2026-07-30 14:47:22,2026-07-10 10:05:01,2025-06-28 17:05:01
12438231,5540968,1,2026-07-30 01:05:01,2026-07-30 16:05:01,2025-01-17 03:05:01
184183,5614857,1,2026-07-25 00:05:01,2026-07-25 20:05:01,2024-02-10 14:00:00
10126551,5614857,16777473,2026-07-30 14:47:22,2026-07-30 05:05:01,2025-06-28 17:05:01
12438231,5614857,1,2026-07-30 01:05:01,2026-07-30 16:05:01,2025-01-17 03:05:01
184183,5525692,1,2026-07-25 00:05:01,2026-07-25 19:05:01,2024-02-10 14:00:00
369429,5525692,1,2026-07-30 01:05:01,2026-07-30 16:05:01,2024-02-24 09:50:00
10126551,5525692,16777473,2026-07-30 14:47:22,2026-07-30 04:05:01,2025-06-29 16:05:01
12438231,5525692,1,2026-07-30 01:05:01,2026-07-30 16:05:01,2025-01-17 03:05:01
184183,5356298,1,2026-07-25 00:05:01,2026-07-25 19:05:01,2024-02-10 14:00:00
369429,5356298,1,2026-07-30 01:05:01,2026-07-30 16:05:01,2024-06-03 20:56:17
10126551,5356298,16777473,2026-07-30 14:47:22,2026-07-30 01:05:01,2025-06-28 17:05:01
12438231,5356298,1,2026-07-30 01:05:01,2026-07-30 16:05:01,2025-01-17 03:05:01
670524,5607368,1,2026-03-11 10:26:57,2026-07-30 16:05:01,2025-04-05 00:36:53
10126551,5607368,16777473,2026-07-30 14:47:22,2026-07-30 16:05:01,2025-06-29 16:05:01
12438231,5607368,1,2026-07-30 01:05:01,2026-07-30 16:05:01,2025-01-17 03:05:01
369429,3997304,1,2026-07-30 01:05:01,2026-07-30 16:05:01,2024-02-24 09:50:00
9423019,3997304,1,2026-04-08 02:05:02,2026-07-30 16:05:01,2024-02-05 04:04:00
10126551,3997304,16777473,2026-07-30 14:47:22,2026-07-28 02:05:01,2025-06-29 16:05:01
12438231,3997304,1,2026-07-30 01:05:01,2026-07-30 16:05:01,2025-01-17 03:05:01
369429,4460455,1,2026-07-30 01:05:01,2026-07-30 16:05:01,2024-02-24 09:50:00
10126551,4460455,16777473,2026-07-30 14:47:22,2026-07-30 05:05:01,2025-06-30 04:05:01
12438231,4460455,1,2026-07-30 01:05:01,2026-07-30 16:05:01,2025-01-17 03:05:01
184183,4064195,1,2026-07-25 00:05:01,2026-07-25 20:05:01,2024-02-10 14:00:00
369429,4064195,1,2026-07-30 01:05:01,2026-07-30 16:05:01,2024-02-24 09:50:00
10126551,4064195,16777473,2026-07-30 14:47:22,2026-07-28 02:05:01,2025-06-29 16:05:01
12438231,4064195,1,2026-07-30 01:05:01,2026-07-30 16:05:01,2025-01-17 03:05:01
184183,5621426,1,2026-07-25 00:05:01,2026-07-25 19:05:01,2024-02-10 14:00:00
369429,5621426,1,2026-07-30 01:05:01,2026-07-30 16:05:01,2024-02-24 09:50:00
10126551,5621426,16777473,2026-07-30 14:47:22,2026-07-30 04:05:01,2025-06-29 16:05:01
12438231,5621426,1,2026-07-30 01:05:01,2026-07-30 16:05:01,2025-01-17 03:05:01
184183,5654466,1,2026-07-25 00:05:01,2026-07-25 19:05:01,2024-08-08 14:17:13
369429,5654466,1,2026-07-30 01:05:01,2026-07-30 16:05:01,2024-02-24 09:50:00
10126551,5654466,16777473,2026-07-30 14:47:22,2026-07-23 10:05:01,2025-06-29 16:05:01
12438231,5654466,1,2026-07-30 01:05:01,2026-07-30 16:05:01,2025-01-17 03:05:01
184183,5638037,1,2026-07-25 00:05:01,2026-07-25 19:05:01,2024-02-10 14:00:00
369429,5638037,1,2026-07-30 01:05:01,2026-07-30 16:05:01,2024-02-24 09:50:00
10126551,5638037,16777473,2026-07-30 14:47:22,2026-07-10 11:05:01,2025-06-28 17:05:01
12438231,5638037,1,2026-07-30 01:05:01,2026-07-30 16:05:01,2025-01-17 03:05:01
10126551,5667463,16777473,2026-07-30 14:47:22,2026-07-10 10:05:01,2025-06-29 16:05:01
12438231,5667463,1,2026-07-30 01:05:01,2026-07-30 16:05:01,2025-01-17 03:05:01
23482699,5667463,65537,2024-05-08 19:53:00,2026-07-26 03:05:01,2024-02-08 20:39:00
10126551,5699848,16777473,2026-07-30 14:47:22,2026-07-10 10:05:01,2025-06-24 22:05:01
12438231,5699848,1,2026-07-30 01:05:01,2026-07-30 16:05:01,2025-01-17 03:05:01
369429,5515931,1,2026-07-30 01:05:01,2026-07-30 16:05:01,2024-02-24 09:50:00
10126551,5515931,16777473,2026-07-30 14:47:22,2026-07-30 05:05:01,2025-06-28 17:05:01
12438231,5515931,1,2026-07-30 01:05:01,2026-07-30 16:05:01,2025-01-17 03:05:01
184183,4864289,1,2026-07-25 00:05:01,2026-07-25 19:05:01,2024-02-10 14:00:00
369429,4864289,1,2026-07-30 01:05:01,2026-07-30 16:05:01,2024-02-24 09:50:00
10126551,4864289,16777473,2026-07-30 14:47:22,2026-07-27 02:05:01,2025-06-29 16:05:01
12438231,4864289,1,2026-07-30 01:05:01,2026-07-30 16:05:01,2025-01-17 03:05:01
184183,5660304,1,2026-07-25 00:05:01,2026-07-25 19:05:01,2024-02-10 14:00:00
369429,5660304,1,2026-07-30 01:05:01,2026-07-30 16:05:01,2024-02-24 09:50:00
10126551,5660304,16777473,2026-07-30 14:47:22,2026-07-29 13:05:01,2025-06-28 17:05:01
12438231,5660304,1,2026-07-30 01:05:01,2026-07-30 16:05:01,2025-01-17 03:05:01
369429,5611222,1,2026-07-30 01:05:01,2026-07-30 16:05:01,2024-02-24 09:50:00
10126551,5611222,16777473,2026-07-30 14:47:22,2026-07-30 05:05:01,2025-06-28 17:05:01
12438231,5611222,1,2026-07-30 01:05:01,2026-07-30 16:05:01,2025-01-17 03:05:01
184183,5688395,1,2026-07-25 00:05:01,2026-07-25 19:05:01,2024-02-10 14:00:00
369429,5688395,1,2026-07-30 01:05:01,2026-07-30 16:05:01,2024-02-24 09:50:00
10126551,5688395,16777473,2026-07-30 14:47:22,2026-07-28 22:05:01,2025-06-24 22:05:01
12438231,5688395,1,2026-07-30 01:05:01,2026-07-30 16:05:01,2025-01-17 03:05:01
184183,5692078,1,2026-07-25 00:05:01,2026-07-25 20:05:01,2024-02-10 14:00:00
369429,5692078,1,2026-07-30 01:05:01,2026-07-30 16:05:01,2024-02-24 09:50:00
10126551,5692078,16777473,2026-07-30 14:47:22,2026-07-27 02:05:01,2025-06-28 17:05:01
12438231,5692078,1,2026-07-30 01:05:01,2026-07-30 16:05:01,2025-01-17 03:05:01
670524,5681859,1,2026-03-11 10:26:57,2026-07-30 16:05:01,2025-04-05 00:36:53
6449581,5681859,1,2026-07-15 04:24:18,2026-07-30 12:05:01,2024-02-19 00:00:00
10126551,5681859,16777473,2026-07-30 14:47:22,2026-07-30 05:05:01,2025-06-29 16:05:01
12438231,5681859,1,2026-07-30 01:05:01,2026-07-30 16:05:01,2025-01-17 03:05:01
184183,3834208,1,2026-07-25 00:05:01,2026-07-25 19:05:01,2024-02-10 14:00:00
369429,3834208,1,2026-07-30 01:05:01,2026-07-30 16:05:01,2024-02-24 09:50:00
10126551,3834208,16777473,2026-07-30 14:47:22,2026-07-10 10:05:01,2025-06-28 17:05:01
12438231,3834208,1,2026-07-30 01:05:01,2026-07-30 16:05:01,2025-01-17 03:05:01
184183,3806324,1,2026-07-25 00:05:01,2026-07-25 20:05:01,2024-02-10 14:00:00
369429,3806324,1,2026-07-30 01:05:01,2026-07-30 16:05:01,2024-02-24 09:50:00
10126551,3806324,16777473,2026-07-30 14:47:22,2026-07-26 03:05:01,2025-06-28 17:05:01
12438231,3806324,1,2026-07-30 01:05:01,2026-07-30 16:05:01,2025-01-17 03:05:01
184183,5717377,1,2026-07-25 00:05:01,2026-07-25 19:05:01,2024-02-10 14:00:00
369429,5717377,1,2026-07-30 01:05:01,2026-07-30 16:05:01,2024-02-24 09:50:00
10126551,5717377,16777473,2026-07-30 14:47:22,2026-07-28 00:05:01,2025-06-29 16:05:01
12438231,5717377,1,2026-07-30 01:05:01,2026-07-30 16:05:01,2025-01-17 03:05:01
184183,5509866,1,2026-07-25 00:05:01,2026-07-25 20:05:01,2024-02-10 14:00:00
369429,5509866,1,2026-07-30 01:05:01,2026-07-30 16:05:01,2024-02-24 09:50:00
10126551,5509866,16777473,2026-07-30 14:47:22,2026-07-30 05:05:01,2025-06-28 17:05:01
12438231,5509866,1,2026-07-30 01:05:01,2026-07-30 16:05:01,2025-01-17 03:05:01
670524,5616186,1,2026-03-11 10:26:57,2026-07-30 16:05:01,2025-06-24 06:05:01
10126551,5616186,16777473,2026-07-30 14:47:22,2026-07-28 00:05:01,2025-06-29 16:05:01
12438231,5616186,1,2026-07-30 01:05:01,2026-07-30 16:05:01,2025-01-17 03:05:01
184183,5631836,1,2026-07-25 00:05:01,2026-07-25 19:05:01,2024-02-10 14:00:00
369429,5631836,1,2026-07-30 01:05:01,2026-07-30 16:05:01,2024-02-24 09:50:00
10126551,5631836,16777473,2026-07-30 14:47:22,2026-07-28 00:05:01,2025-06-28 17:05:01
12438231,5631836,1,2026-07-30 01:05:01,2026-07-30 16:05:01,2025-01-17 03:05:01
184183,5674428,1,2026-07-25 00:05:01,2026-07-25 19:05:01,2024-02-10 14:00:00
6449581,5674428,1,2026-07-15 04:24:18,2026-07-30 13:05:01,2024-02-19 00:00:00
10126551,5674428,16777473,2026-07-30 14:47:22,2026-07-10 11:05:01,2025-06-28 17:05:01
12438231,5674428,1,2026-07-30 01:05:01,2026-07-30 16:05:01,2025-01-17 03:05:01
184183,4813219,1,2026-07-25 00:05:01,2026-07-25 19:05:01,2024-02-10 14:00:00
369429,4813219,1,2026-07-30 01:05:01,2026-07-30 16:05:01,2024-02-24 09:50:00
10126551,4813219,16777473,2026-07-30 14:47:22,2026-07-30 04:05:01,2025-06-29 16:05:01
12438231,4813219,1,2026-07-30 01:05:01,2026-07-30 16:05:01,2025-01-17 03:05:01
184183,4181416,1,2026-07-25 00:05:01,2026-07-25 19:05:01,2024-02-10 14:00:00
10126551,4181416,16777473,2026-07-30 14:47:22,2026-07-30 04:05:01,2025-06-29 16:05:01
12438231,4181416,1,2026-07-30 01:05:01,2026-07-30 16:05:01,2025-01-17 03:05:01
369429,4167040,1,2026-07-30 01:05:01,2026-07-30 16:05:01,2024-03-24 12:10:00
10126551,4167040,16777473,2026-07-30 14:47:22,2026-07-26 03:05:01,2025-06-28 17:05:01
12438231,4167040,1,2026-07-30 01:05:01,2026-07-30 16:05:01,2025-01-17 03:05:01
369429,5747113,1,2026-07-30 01:05:01,2026-07-30 16:05:01,2024-06-03 20:56:17
10126551,5747113,16777473,2026-07-30 14:47:22,2026-07-10 10:05:01,2025-06-28 17:05:01
12438231,5747113,1,2026-07-30 01:05:01,2026-07-30 16:05:01,2025-01-17 03:05:01
184183,5731137,1,2026-07-25 00:05:01,2026-07-25 20:05:01,2024-02-10 14:00:00
369429,5731137,1,2026-07-30 01:05:01,2026-07-30 16:05:01,2024-02-24 09:50:00
10126551,5731137,16777473,2026-07-30 14:47:22,2026-07-28 00:05:01,2025-06-29 16:05:01
12438231,5731137,1,2026-07-30 01:05:01,2026-07-30 16:05:01,2025-01-17 03:05:01
10126551,3339217,16777473,2026-07-30 14:47:22,2026-07-28 02:05:01,2025-06-29 16:05:01
12438231,3339217,1,2026-07-30 01:05:01,2026-07-30 16:05:01,2025-01-17 03:05:01
23482699,3339217,65537,2024-05-08 19:53:00,2026-07-26 03:05:01,2024-02-08 20:39:00
369429,5674942,1,2026-07-30 01:05:01,2026-07-30 16:05:01,2024-02-24 09:50:00
10126551,5674942,16777473,2026-07-30 14:47:22,2026-07-30 05:05:01,2025-06-30 04:05:01
12438231,5674942,1,2026-07-30 01:05:01,2026-07-30 16:05:01,2025-01-17 03:05:01
184183,5755101,1,2026-07-25 00:05:01,2026-07-25 19:05:01,2024-02-10 14:00:00
10126551,5755101,16777473,2026-07-30 14:47:22,2026-07-30 16:05:01,2025-06-29 16:05:01
12438231,5755101,1,2026-07-30 01:05:01,2026-07-30 16:05:01,2025-01-17 03:05:01
184183,5499165,1,2026-07-25 00:05:01,2026-07-25 20:05:01,2024-02-10 14:00:00
10126551,5499165,16777473,2026-07-30 14:47:22,2026-07-30 16:05:01,2025-06-29 16:05:01
12438231,5499165,1,2026-07-30 01:05:01,2026-07-30 16:05:01,2025-01-17 03:05:01
369429,5758161,1,2026-07-30 01:05:01,2026-07-30 16:05:01,2024-02-24 09:50:00
10126551,5758161,16777473,2026-07-30 14:47:22,2026-07-27 02:05:01,2025-06-28 17:05:01
12438231,5758161,1,2026-07-30 01:05:01,2026-07-30 16:05:01,2025-01-17 03:05:01
184183,5741064,1,2026-07-25 00:05:01,2026-07-25 19:05:01,2024-02-10 14:00:00
369429,5741064,1,2026-07-30 01:05:01,2026-07-30 16:05:01,2024-02-24 09:50:00
10126551,5741064,16777473,2026-07-30 14:47:22,2026-07-10 11:05:01,2025-06-29 16:05:01
12438231,5741064,1,2026-07-30 01:05:01,2026-07-30 16:05:01,2025-01-17 03:05:01
184183,5338672,1,2026-07-25 00:05:01,2026-07-25 20:05:01,2024-02-10 14:00:00
369429,5338672,1,2026-07-30 01:05:01,2026-07-30 16:05:01,2024-02-24 09:50:00
10126551,5338672,16777473,2026-07-30 14:47:22,2026-07-30 04:05:01,2025-06-29 16:05:01
12438231,5338672,1,2026-07-30 01:05:01,2026-07-30 16:05:01,2025-01-17 03:05:01
369429,4107813,1,2026-07-30 01:05:01,2026-07-30 16:05:01,2024-02-24 09:50:00
10126551,4107813,16777473,2026-07-30 14:47:22,2026-07-10 11:05:01,2025-06-28 17:05:01
12438231,4107813,1,2026-07-30 01:05:01,2026-07-30 16:05:01,2025-01-17 03:05:01
369429,5674371,1,2026-07-30 01:05:01,2026-07-30 16:05:01,2024-02-24 09:50:00
10126551,5674371,16777473,2026-07-30 14:47:22,2026-07-27 01:05:02,2025-06-29 16:05:01
12438231,5674371,1,2026-07-30 01:05:01,2026-07-30 16:05:01,2025-01-17 03:05:01
184183,4855362,1,2026-07-25 00:05:01,2026-07-25 20:05:01,2024-02-10 14:00:00
10126551,4855362,16777473,2026-07-30 14:47:22,2026-07-11 20:35:52,2025-06-28 17:05:01
12438231,4855362,1,2026-07-30 01:05:01,2026-07-30 16:05:01,2025-01-17 03:05:01
369429,5267231,1,2026-07-30 01:05:01,2026-07-30 16:05:01,2024-02-24 09:50:00
10126551,5267231,16777473,2026-07-30 14:47:22,2026-07-17 16:28:11,2025-06-29 16:05:01
12438231,5267231,1,2026-07-30 01:05:01,2026-07-30 16:05:01,2025-01-17 03:05:01
184183,5439678,1,2026-07-25 00:05:01,2026-07-25 19:05:01,2024-02-10 14:00:00
670524,5439678,1,2026-03-11 10:26:57,2026-07-30 16:05:01,2025-04-05 00:36:53
10126551,5439678,16777473,2026-07-30 14:47:22,2026-07-27 02:05:01,2025-06-29 16:05:01
12438231,5439678,1,2026-07-30 01:05:01,2026-07-30 16:05:01,2025-01-17 03:05:01
369429,5716180,1,2026-07-30 01:05:01,2026-07-30 16:05:01,2024-02-24 09:50:00
10126551,5716180,16777473,2026-07-30 14:47:22,2026-07-28 00:05:01,2025-06-29 16:05:01
12438231,5716180,1,2026-07-30 01:05:01,2026-07-30 16:05:01,2025-01-17 03:05:01
369429,5662836,1,2026-07-30 01:05:01,2026-07-30 08:05:01,2024-02-24 09:50:00
10126551,5662836,16777473,2026-07-30 14:47:22,2026-07-10 10:05:01,2025-06-28 17:05:01
12438231,5662836,1,2026-07-30 01:05:01,2026-07-30 16:05:01,2025-01-17 03:05:01
369429,4069019,1,2026-07-30 01:05:01,2026-07-30 16:05:01,2024-03-08 03:46:00
10126551,4069019,16777473,2026-07-30 14:47:22,2026-07-28 00:05:01,2025-06-28 17:05:01
12438231,4069019,1,2026-07-30 01:05:01,2026-07-30 16:05:01,2025-01-17 03:05:01
369429,4670297,1,2026-07-30 01:05:01,2026-07-30 16:05:01,2024-02-24 09:50:00
10126551,4670297,16777473,2026-07-30 14:47:22,2026-07-18 01:05:01,2025-06-27 10:05:01
12438231,4670297,1,2026-07-30 01:05:01,2026-07-30 16:05:01,2025-01-17 03:05:01
184183,4756060,1,2026-07-25 00:05:01,2026-07-25 19:05:01,2024-02-10 14:00:00
12438231,4756060,1,2026-07-30 01:05:01,2026-07-30 16:05:01,2025-01-17 03:05:01
184183,4758260,1,2026-07-25 00:05:01,2026-07-25 19:05:01,2024-02-10 14:00:00
10126551,4758260,16777473,2026-07-30 14:47:22,2026-07-10 10:05:01,2025-06-28 17:05:01
12438231,4758260,1,2026-07-30 01:05:01,2026-07-30 16:05:01,2025-01-17 03:05:01
184183,5222228,1,2026-07-25 00:05:01,2026-07-25 19:05:01,2024-02-10 14:00:00
369429,5222228,1,2026-07-30 01:05:01,2026-07-30 16:05:01,2024-02-24 09:50:00
10126551,5222228,16777473,2026-07-30 14:47:22,2026-07-30 05:05:01,2025-06-29 16:05:01
12438231,5222228,1,2026-07-30 01:05:01,2026-07-30 16:05:01,2025-01-17 03:05:01
369429,4322621,1,2026-07-30 01:05:01,2026-07-30 16:05:01,2024-02-24 09:50:00
9423019,4322621,1,2026-04-08 02:05:02,2026-07-30 16:05:01,2024-02-05 04:04:00
10126551,4322621,16777473,2026-07-30 14:47:22,2026-07-28 00:05:01,2025-06-29 16:05:01
12438231,4322621,1,2026-07-30 01:05:01,2026-07-30 16:05:01,2025-01-17 03:05:01
9423019,4557412,1,2026-04-08 02:05:02,2026-07-30 16:05:01,2024-02-05 04:04:00
10126551,4557412,16777473,2026-07-30 14:47:22,2026-07-10 11:05:01,2025-06-24 22:05:01
12438231,4557412,1,2026-07-30 01:05:01,2026-07-30 16:05:01,2025-01-17 03:05:01
184183,5788348,1,2026-07-25 00:05:01,2026-07-25 20:05:01,2024-02-10 14:00:00
369429,5788348,1,2026-07-30 01:05:01,2026-07-30 16:05:01,2024-02-24 09:50:00
10126551,5788348,16777473,2026-07-30 14:47:22,2026-07-30 04:05:01,2025-06-29 16:05:01
12438231,5788348,1,2026-07-30 01:05:01,2026-07-30 16:05:01,2025-01-17 03:05:01
369429,5788436,1,2026-07-30 01:05:01,2026-07-30 16:05:01,2024-02-24 09:50:00
10126551,5788436,16777473,2026-07-30 14:47:22,2026-07-27 02:05:01,2025-06-29 16:05:01
12438231,5788436,1,2026-07-30 01:05:01,2026-07-30 16:05:01,2025-01-17 03:05:01
184183,5145421,1,2026-07-25 00:05:01,2026-07-25 19:05:01,2024-02-10 14:00:00
369429,5145421,1,2026-07-30 01:05:01,2026-07-30 16:05:01,2024-03-08 03:46:00
10126551,5145421,16777473,2026-07-30 14:47:22,2026-07-28 00:05:01,2025-06-28 17:05:01
12438231,5145421,1,2026-07-30 01:05:01,2026-07-30 16:05:01,2025-01-17 03:05:01
10126551,4640293,16777473,2026-07-30 14:47:22,2026-07-10 10:05:01,2025-06-27 10:05:01
12438231,4640293,1,2026-07-30 01:05:01,2026-07-30 14:05:02,2025-01-17 03:05:01
184183,4306132,1,2026-07-25 00:05:01,2026-07-25 19:05:01,2024-02-10 14:00:00
369429,4306132,1,2026-07-30 01:05:01,2026-07-30 16:05:01,2024-02-24 09:50:00
10126551,4306132,16777473,2026-07-30 14:47:22,2026-07-30 04:05:01,2025-06-29 16:05:01
12438231,4306132,1,2026-07-30 01:05:01,2026-07-30 16:05:01,2025-01-17 03:05:01
184183,5494869,1,2026-07-25 00:05:01,2026-07-25 19:05:01,2024-02-10 14:00:00
369429,5494869,1,2026-07-30 01:05:01,2026-07-30 16:05:01,2024-02-24 09:50:00
10126551,5494869,16777473,2026-07-30 14:47:22,2026-07-30 04:05:01,2025-06-29 16:05:01
12438231,5494869,1,2026-07-30 01:05:01,2026-07-30 16:05:01,2025-01-17 03:05:01
369429,4564018,1,2026-07-30 01:05:01,2026-07-30 16:05:01,2024-03-24 12:10:00
10126551,4564018,16777473,2026-07-30 14:47:22,2026-07-30 05:05:01,2025-06-28 17:05:01
12438231,4564018,1,2026-07-30 01:05:01,2026-07-30 16:05:01,2025-01-17 03:05:01
369429,5783126,1,2026-07-30 01:05:01,2026-07-30 16:05:01,2024-02-24 09:50:00
10126551,5783126,16777473,2026-07-30 14:47:22,2026-07-28 22:05:01,2025-06-29 16:05:01
12438231,5783126,1,2026-07-30 01:05:01,2026-07-30 16:05:01,2025-01-17 03:05:01
670524,4554975,0,,2026-07-30 16:05:01,
184183,5651168,1,2026-07-25 00:05:01,2026-07-25 20:05:01,2024-02-10 14:00:00
369429,5651168,1,2026-07-30 01:05:01,2026-07-30 16:05:01,2024-02-24 09:50:00
10126551,5651168,16777473,2026-07-30 14:47:22,2026-07-30 04:05:01,2025-06-29 16:05:01
12438231,5651168,1,2026-07-30 01:05:01,2026-07-30 16:05:01,2025-01-17 03:05:01
369429,3876236,1,2026-07-30 01:05:01,2026-07-30 16:05:01,2024-02-24 09:50:00
670524,3876236,0,,2026-07-30 16:05:01,
10126551,3876236,16777473,2026-07-30 14:47:22,2026-07-28 00:05:01,2025-06-28 17:05:01
12438231,3876236,1,2026-07-30 01:05:01,2026-07-30 16:05:01,2025-01-17 03:05:01
369429,5206537,1,2026-07-30 01:05:01,2026-07-30 16:05:01,2024-02-24 09:50:00
10126551,5206537,16777473,2026-07-30 14:47:22,2026-07-27 02:05:01,2025-06-29 16:05:01
12438231,5206537,1,2026-07-30 01:05:01,2026-07-30 16:05:01,2025-01-17 03:05:01
369429,5472443,1,2026-07-30 01:05:01,2026-07-30 16:05:01,2024-02-24 09:50:00
10126551,5472443,16777473,2026-07-30 14:47:22,2026-07-23 08:34:56,2025-06-28 17:05:01
12438231,5472443,1,2026-07-30 01:05:01,2026-07-30 16:05:01,2025-01-17 03:05:01
369429,4943719,1,2026-07-30 01:05:01,2026-07-30 16:05:01,2024-02-24 09:50:00
10126551,4943719,16777473,2026-07-30 14:47:22,2026-07-18 07:05:01,2025-06-24 22:05:01
12438231,4943719,1,2026-07-30 01:05:01,2026-07-30 16:05:01,2025-01-17 03:05:01
184183,5547448,1,2026-07-25 00:05:01,2026-07-25 20:05:01,2024-02-10 14:00:00
369429,5547448,1,2026-07-30 01:05:01,2026-07-30 16:05:01,2024-02-24 09:50:00
10126551,5547448,16777473,2026-07-30 14:47:22,2026-07-30 04:05:01,2025-06-29 16:05:01
12438231,5547448,1,2026-07-30 01:05:01,2026-07-30 16:05:01,2025-01-17 03:05:01
184183,4696052,1,2026-07-25 00:05:01,2026-07-25 19:05:01,2024-02-10 14:00:00
369429,4696052,1,2026-07-30 01:05:01,2026-07-30 16:05:01,2024-02-24 09:50:00
10126551,4696052,16777473,2026-07-30 14:47:22,2026-07-30 04:05:01,2025-06-29 16:05:01
12438231,4696052,1,2026-07-30 01:05:01,2026-07-30 16:05:01,2025-01-17 03:05:01
184183,5685444,1,2026-07-25 00:05:01,2026-07-25 20:05:01,2024-02-10 14:00:00
10126551,5685444,16777473,2026-07-30 14:47:22,2026-07-30 05:05:01,2025-06-29 16:05:01
12438231,5685444,1,2026-07-30 01:05:01,2026-07-30 16:05:01,2025-01-17 03:05:01
184183,5167129,1,2026-07-25 00:05:01,2026-07-25 20:05:01,2024-02-10 14:00:00
369429,5167129,1,2026-07-30 01:05:01,2026-07-30 16:05:01,2024-02-24 09:50:00
10126551,5167129,16777473,2026-07-30 14:47:22,2026-07-30 05:05:01,2025-06-28 17:05:01
12438231,5167129,1,2026-07-30 01:05:01,2026-07-30 16:05:01,2025-01-17 03:05:01
10126551,5793174,16777473,2026-07-30 14:47:22,2026-07-30 04:05:01,2025-06-29 16:05:01
12438231,5793174,1,2026-07-30 01:05:01,2026-07-30 16:05:01,2025-01-17 03:05:01
23482699,5793174,65537,2024-05-08 19:53:00,2026-07-26 03:05:01,2024-02-08 20:39:00
369429,5843539,1,2026-07-30 01:05:01,2026-07-30 16:05:01,2024-03-24 12:10:00
10126551,5843539,16777473,2026-07-30 14:47:22,2026-07-30 05:05:01,2025-06-28 17:05:01
12438231,5843539,1,2026-07-30 01:05:01,2026-07-30 16:05:01,2025-01-17 03:05:01
184183,5763840,1,2026-07-25 00:05:01,2026-07-25 19:05:01,2024-02-10 14:00:00
10126551,5763840,16777473,2026-07-30 14:47:22,2026-07-30 13:05:01,2025-06-28 17:05:01
12438231,5763840,1,2026-07-30 01:05:01,2026-07-30 16:05:01,2025-01-17 03:05:01
369429,5773591,1,2026-07-30 01:05:01,2026-07-30 16:05:01,2024-02-24 09:50:00
10126551,5773591,16777473,2026-07-30 14:47:22,2026-07-28 04:05:01,2025-06-29 16:05:01
12438231,5773591,1,2026-07-30 01:05:01,2026-07-30 16:05:01,2025-01-17 03:05:01
369429,4984746,1,2026-07-30 01:05:01,2026-07-30 16:05:01,2024-02-24 09:50:00
10126551,4984746,16777473,2026-07-30 14:47:22,2026-07-30 05:05:01,2025-06-28 17:05:01
12438231,4984746,1,2026-07-30 01:05:01,2026-07-30 16:05:01,2025-01-17 03:05:01
184183,4758530,1,2026-07-25 00:05:01,2026-07-25 20:05:01,2024-02-10 14:00:00
12438231,4088403,1,2026-07-30 01:05:01,2026-07-30 16:05:01,2025-01-17 03:05:01
184183,5582369,1,2026-07-25 00:05:01,2026-07-25 19:05:01,2024-02-10 14:00:00
369429,5582369,1,2026-07-30 01:05:01,2026-07-30 16:05:01,2024-02-24 09:50:00
10126551,5582369,16777473,2026-07-30 14:47:22,2026-07-10 10:05:01,2025-06-28 17:05:01
12438231,5582369,1,2026-07-30 01:05:01,2026-07-30 16:05:01,2025-01-17 03:05:01
184183,3275382,1,2026-07-25 00:05:01,2026-07-25 20:05:01,2024-08-08 14:17:13
10126551,3275382,16777473,2026-07-30 14:47:22,2026-07-30 05:05:01,2025-06-28 17:05:01
12438231,3275382,1,2026-07-30 01:05:01,2026-07-30 16:05:01,2025-01-17 03:05:01
369429,4822656,1,2026-07-30 01:05:01,2026-07-30 16:05:01,2024-02-24 09:50:00
10126551,4822656,16777473,2026-07-30 14:47:22,2026-07-30 00:05:01,2025-06-29 16:05:01
12438231,4822656,1,2026-07-30 01:05:01,2026-07-30 16:05:01,2025-01-17 03:05:01
184183,3910661,1,2026-07-25 00:05:01,2026-07-25 19:05:01,2024-02-10 14:00:00
9423019,3910661,1,2026-04-08 02:05:02,2026-07-30 16:05:01,2024-02-05 04:04:00
10126551,3910661,16777473,2026-07-30 14:47:22,2026-07-30 16:05:01,2025-06-29 16:05:01
12438231,3910661,1,2026-07-30 01:05:01,2026-07-30 16:05:01,2025-01-17 03:05:01
369429,4815710,1,2026-07-30 01:05:01,2026-07-30 16:05:01,2024-06-03 20:56:19
10126551,4815710,16777473,2026-07-30 14:47:22,2026-07-20 07:05:01,2025-06-28 17:05:01
12438231,4815710,1,2026-07-30 01:05:01,2026-07-30 16:05:01,2025-01-17 03:05:01
184183,5338537,1,2026-07-25 00:05:01,2026-07-25 20:05:01,2024-02-10 14:00:00
369429,5338537,1,2026-07-30 01:05:01,2026-07-30 16:05:01,2024-02-24 09:50:00
10126551,5338537,16777473,2026-07-30 14:47:22,2026-07-30 05:05:01,2025-06-28 17:05:01
12438231,5338537,1,2026-07-30 01:05:01,2026-07-30 16:05:01,2025-01-17 03:05:01
10126551,4969182,16777473,2026-07-30 14:47:22,2026-07-30 04:05:01,2025-06-29 16:05:01
12438231,4969182,1,2026-07-30 01:05:01,2026-07-30 16:05:01,2025-01-17 03:05:01
184183,5371279,1,2026-07-25 00:05:01,2026-07-25 19:05:01,2024-07-22 02:34:25
10126551,5371279,16777473,2026-07-30 14:47:22,2026-07-30 16:05:01,2025-06-29 16:05:01
12438231,5371279,1,2026-07-30 01:05:01,2026-07-30 16:05:01,2025-01-17 03:05:01
184183,5525693,1,2026-07-25 00:05:01,2026-07-25 19:05:01,2024-02-10 14:00:00
369429,5525693,1,2026-07-30 01:05:01,2026-07-30 16:05:01,2024-02-24 09:50:00
10126551,5525693,16777473,2026-07-30 14:47:22,2026-07-30 04:05:01,2025-06-29 16:05:01
12438231,5525693,1,2026-07-30 01:05:01,2026-07-30 16:05:01,2025-01-17 03:05:01
10126551,5335456,16777473,2026-07-30 14:47:22,2026-07-29 05:05:02,2025-06-27 10:05:01
12438231,5335456,1,2026-07-30 01:05:01,2026-07-30 16:05:01,2025-01-17 03:05:01
184183,5609009,1,2026-07-25 00:05:01,2026-07-25 19:05:01,2024-02-10 14:00:00
369429,5609009,1,2026-07-30 01:05:01,2026-07-30 16:05:01,2024-02-24 09:50:00
10126551,5609009,16777473,2026-07-30 14:47:22,2026-07-30 05:05:01,2025-06-28 17:05:01
12438231,5609009,1,2026-07-30 01:05:01,2026-07-30 16:05:01,2025-01-17 03:05:01
369429,4583761,1,2026-07-30 01:05:01,2026-07-30 14:05:02,2024-02-24 09:50:00
10126551,4583761,16777473,2026-07-30 14:47:22,2026-07-27 02:05:01,2025-06-28 17:05:01
12438231,4583761,1,2026-07-30 01:05:01,2026-07-30 16:05:01,2025-01-17 03:05:01
184183,5476431,1,2026-07-25 00:05:01,2026-07-25 19:05:01,2024-02-10 14:00:00
369429,5476431,1,2026-07-30 01:05:01,2026-07-30 16:05:01,2024-06-03 20:56:17
10126551,5476431,16777473,2026-07-30 14:47:22,2026-07-30 05:05:01,2025-06-29 16:05:01
12438231,5476431,1,2026-07-30 01:05:01,2026-07-30 16:05:01,2025-01-17 03:05:01
184183,5565568,1,2026-07-25 00:05:01,2026-07-25 19:05:01,2024-02-10 14:00:00
369429,5565568,1,2026-07-30 01:05:01,2026-07-30 16:05:01,2024-02-24 09:50:00
10126551,5565568,16777473,2026-07-30 14:47:22,2026-07-30 03:05:02,2025-06-29 16:05:01
12438231,5565568,1,2026-07-30 01:05:01,2026-07-30 16:05:01,2025-01-17 03:05:01
184183,5553352,1,2026-07-25 00:05:01,2026-07-25 19:05:01,2024-02-10 14:00:00
369429,5553352,1,2026-07-30 01:05:01,2026-07-30 16:05:01,2024-02-24 09:50:00
10126551,5553352,16777473,2026-07-30 14:47:22,2026-07-30 04:05:01,2025-06-29 16:05:01
12438231,5553352,1,2026-07-30 01:05:01,2026-07-30 16:05:01,2025-01-17 03:05:01
184183,5562816,1,2026-07-25 00:05:01,2026-07-25 19:05:01,2024-02-10 14:00:00
10126551,5562816,16777473,2026-07-30 14:47:22,2026-07-10 10:05:01,2025-06-28 17:05:01
12438231,5562816,1,2026-07-30 01:05:01,2026-07-30 16:05:01,2025-01-17 03:05:01
184183,3610818,1,2026-07-25 00:05:01,2026-07-25 19:05:01,2024-02-10 14:00:00
369429,3610818,1,2026-07-30 01:05:01,2026-07-30 16:05:01,2024-02-24 09:50:00
10126551,3610818,16777473,2026-07-30 14:47:22,2026-07-30 01:05:01,2025-06-29 16:05:01
12438231,3610818,1,2026-07-30 01:05:01,2026-07-30 16:05:01,2025-01-17 03:05:01
184183,4939342,1,2026-07-25 00:05:01,2026-07-25 19:05:01,2024-02-10 14:00:00
369429,4939342,1,2026-07-30 01:05:01,2026-07-30 13:05:01,2024-02-24 09:50:00
10126551,4939342,16777473,2026-07-30 14:47:22,2026-07-27 03:05:01,2025-06-29 16:05:01
12438231,4939342,1,2026-07-30 01:05:01,2026-07-30 16:05:01,2025-01-17 03:05:01
369429,4464261,1,2026-07-30 01:05:01,2026-07-30 16:05:01,2024-02-24 09:50:00
10126551,4464261,16777473,2026-07-30 14:47:22,2026-07-11 20:35:52,2025-06-28 17:05:01
12438231,4464261,1,2026-07-30 01:05:01,2026-07-30 16:05:01,2025-01-17 03:05:01
369429,5007943,1,2026-07-30 01:05:01,2026-07-30 16:05:01,2024-02-24 09:50:00
10126551,5007943,16777473,2026-07-30 14:47:22,2026-07-30 05:05:01,2025-06-29 16:05:01
12438231,5007943,1,2026-07-30 01:05:01,2026-07-30 16:05:01,2025-01-17 03:05:01
184183,5503759,1,2026-07-25 00:05:01,2026-07-25 19:05:01,2024-02-10 14:00:00
369429,5503759,1,2026-07-30 01:05:01,2026-07-30 16:05:01,2024-02-24 09:50:00
10126551,5503759,16777473,2026-07-30 14:47:22,2026-07-30 04:05:01,2025-06-29 16:05:01
12438231,5503759,1,2026-07-30 01:05:01,2026-07-30 16:05:01,2025-01-17 03:05:01
369429,5647147,1,2026-07-30 01:05:01,2026-07-30 16:05:01,2024-02-24 09:50:00
10126551,5647147,16777473,2026-07-30 14:47:22,2026-07-28 00:05:01,2025-06-29 16:05:01
12438231,5647147,1,2026-07-30 01:05:01,2026-07-30 16:05:01,2025-01-17 03:05:01
369429,4508251,1,2026-07-30 01:05:01,2026-07-30 16:05:01,2024-02-24 09:50:00
10126551,4508251,16777473,2026-07-30 14:47:22,2026-07-11 23:05:01,2025-06-28 17:05:01
12438231,4508251,1,2026-07-30 01:05:01,2026-07-30 16:05:01,2025-01-17 03:05:01
184183,5453775,1,2026-07-25 00:05:01,2026-07-25 20:05:01,2024-02-10 14:00:00
369429,5453775,1,2026-07-30 01:05:01,2026-07-30 16:05:01,2024-02-24 09:50:00
10126551,5453775,16777473,2026-07-30 14:47:22,2026-07-30 04:05:01,2025-06-29 16:05:01
12438231,5453775,1,2026-07-30 01:05:01,2026-07-30 16:05:01,2025-01-17 03:05:01
184183,4883604,1,2026-07-25 00:05:01,2026-07-25 19:05:01,2024-02-10 14:00:00
369429,4883604,1,2026-07-30 01:05:01,2026-07-30 16:05:01,2024-02-24 09:50:00
10126551,4883604,16777473,2026-07-30 14:47:22,2026-07-30 04:05:01,2025-06-29 16:05:01
12438231,4883604,1,2026-07-30 01:05:01,2026-07-30 16:05:01,2025-01-17 03:05:01
369429,4387907,1,2026-07-30 01:05:01,2026-07-30 16:05:01,2024-02-24 09:50:00
10126551,4387907,16777473,2026-07-30 14:47:22,2026-07-27 02:05:01,2025-06-29 16:05:01
12438231,4387907,1,2026-07-30 01:05:01,2026-07-30 16:05:01,2025-01-17 03:05:01
369429,4000034,1,2026-07-30 01:05:01,2026-07-30 16:05:01,2024-02-24 09:50:00
10126551,4000034,16777473,2026-07-30 14:47:22,2026-07-29 13:05:01,2025-06-29 16:05:01
12438231,4000034,1,2026-07-30 01:05:01,2026-07-30 16:05:01,2025-01-17 03:05:01
369429,4134950,1,2026-07-30 01:05:01,2026-07-30 11:05:01,2024-03-24 12:10:00
10126551,4134950,16777473,2026-07-30 14:47:22,2026-07-25 02:05:01,2025-06-28 17:05:01
12438231,4134950,1,2026-07-30 01:05:01,2026-07-30 16:05:01,2025-01-17 03:05:01
369429,5107722,1,2026-07-30 01:05:01,2026-07-30 16:05:01,2024-02-24 09:50:00
670524,5107722,0,,2026-07-30 16:05:01,
10126551,5107722,16777473,2026-07-30 14:47:22,2026-07-28 02:05:01,2025-06-29 16:05:01
12438231,5107722,1,2026-07-30 01:05:01,2026-07-30 16:05:01,2025-01-17 03:05:01
184183,4631125,1,2026-07-25 00:05:01,2026-07-25 19:05:01,2024-02-10 14:00:00
369429,4631125,1,2026-07-30 01:05:01,2026-07-30 16:05:01,2024-02-24 09:50:00
10126551,4631125,16777473,2026-07-30 14:47:22,2026-07-30 04:05:01,2025-06-29 16:05:01
12438231,4631125,1,2026-07-30 01:05:01,2026-07-30 16:05:01,2025-01-17 03:05:01
369429,5333361,1,2026-07-30 01:05:01,2026-07-30 16:05:01,2024-03-24 12:10:00
10126551,5333361,16777473,2026-07-30 14:47:22,2026-07-28 00:05:01,2025-06-28 17:05:01
12438231,5333361,1,2026-07-30 01:05:01,2026-07-30 16:05:01,2025-01-17 03:05:01
184183,4078858,1,2026-07-25 00:05:01,2026-07-25 19:05:01,2024-02-10 14:00:00
369429,4078858,1,2026-07-30 01:05:01,2026-07-30 16:05:01,2024-02-24 09:50:00
10126551,4078858,16777473,2026-07-30 14:47:22,2026-07-11 20:35:52,2025-06-29 16:05:01
12438231,4078858,1,2026-07-30 01:05:01,2026-07-30 16:05:01,2025-01-17 03:05:01
184183,5500013,1,2026-07-25 00:05:01,2026-07-25 20:05:01,2024-02-10 14:00:00
369429,5500013,1,2026-07-30 01:05:01,2026-07-30 16:05:01,2024-02-24 09:50:00
10126551,5500013,16777473,2026-07-30 14:47:22,2026-07-30 04:05:01,2025-06-29 16:05:01
12438231,5500013,1,2026-07-30 01:05:01,2026-07-30 16:05:01,2025-01-17 03:05:01
369429,5324260,1,2026-07-30 01:05:01,2026-07-30 10:05:01,2024-02-24 09:50:00
10126551,5324260,16777473,2026-07-30 14:47:22,2026-07-10 10:05:01,2025-06-28 17:05:01
12438231,5324260,1,2026-07-30 01:05:01,2026-07-30 16:05:01,2025-01-17 03:05:01
184183,4472035,1,2026-07-25 00:05:01,2026-07-25 19:05:01,2024-02-10 14:00:00
369429,4472035,1,2026-07-30 01:05:01,2026-07-30 16:05:01,2024-02-24 09:50:00
10126551,4472035,16777473,2026-07-30 14:47:22,2026-07-27 02:05:01,2025-06-29 16:05:01
12438231,4472035,1,2026-07-30 01:05:01,2026-07-30 16:05:01,2025-01-17 03:05:01
1140687,4463099,1,2026-07-30 00:05:01,2026-07-30 10:05:01,2024-07-06 02:00:30
10126551,4463099,16777473,2026-07-30 14:47:22,2026-07-30 16:05:01,2025-06-29 16:05:01
12438231,4463099,1,2026-07-30 01:05:01,2026-07-30 16:05:01,2025-01-17 03:05:01
184183,4797061,1,2026-07-25 00:05:01,2026-07-25 19:05:01,2024-02-10 14:00:00
10126551,4797061,16777473,2026-07-30 14:47:22,2026-07-28 04:05:01,2025-06-28 17:05:01
12438231,4797061,1,2026-07-30 01:05:01,2026-07-30 16:05:01,2025-01-17 03:05:01
184183,5667238,1,2026-07-25 00:05:01,2026-07-25 19:05:01,2024-02-10 14:00:00
369429,5667238,1,2026-07-30 01:05:01,2026-07-30 16:05:01,2024-02-24 09:50:00
10126551,5667238,16777473,2026-07-30 14:47:22,2026-07-30 04:05:01,2025-06-29 16:05:01
12438231,5667238,1,2026-07-30 01:05:01,2026-07-30 16:05:01,2025-01-17 03:05:01
369429,5549286,1,2026-07-30 01:05:01,2026-07-30 16:05:01,2024-03-24 12:10:00
10126551,5549286,16777473,2026-07-30 14:47:22,2026-07-30 05:05:01,2025-06-28 17:05:01
12438231,5549286,1,2026-07-30 01:05:01,2026-07-30 16:05:01,2025-01-17 03:05:01
369429,4259054,1,2026-07-30 01:05:01,2026-07-30 16:05:01,2024-02-24 09:50:00
670524,4259054,0,,2026-07-30 16:05:01,
10126551,4259054,16777473,2026-07-30 14:47:22,2026-07-28 02:05:01,2025-06-29 16:05:01
12438231,4259054,1,2026-07-30 01:05:01,2026-07-30 16:05:01,2025-01-17 03:05:01
369429,5756588,1,2026-07-30 01:05:01,2026-07-30 16:05:01,2024-02-24 09:50:00
10126551,5756588,16777473,2026-07-30 14:47:22,2026-07-30 05:05:01,2025-06-29 16:05:01
12438231,5756588,1,2026-07-30 01:05:01,2026-07-30 16:05:01,2025-01-17 03:05:01
184183,3998257,1,2026-07-25 00:05:01,2026-07-25 19:05:01,2024-02-10 14:00:00
670524,3998257,1,2026-03-11 10:26:57,2026-07-30 16:05:01,2025-04-12 10:22:13
9423019,3998257,1,2026-04-08 02:05:02,2026-07-30 16:05:01,2024-02-05 04:04:00
10126551,3998257,16777473,2026-07-30 14:47:22,2026-07-30 05:05:01,2025-06-28 17:05:01
12438231,3998257,1,2026-07-30 01:05:01,2026-07-30 16:05:01,2025-01-17 03:05:01
184183,5305564,1,2026-07-25 00:05:01,2026-07-25 19:05:01,2024-02-10 14:00:00
10126551,5305564,16777473,2026-07-30 14:47:22,2026-07-30 12:05:01,2025-06-29 16:05:01
12438231,5305564,1,2026-07-30 01:05:01,2026-07-30 16:05:01,2025-01-17 03:05:01
184183,5676092,1,2026-07-25 00:05:01,2026-07-25 19:05:01,2024-02-10 14:00:00
369429,5676092,1,2026-07-30 01:05:01,2026-07-30 16:05:01,2024-08-22 02:02:40
10126551,5676092,16777473,2026-07-30 14:47:22,2026-07-26 01:05:02,2025-06-29 16:05:01
12438231,5676092,1,2026-07-30 01:05:01,2026-07-30 16:05:01,2025-01-17 03:05:01
369429,4583942,1,2026-07-30 01:05:01,2026-07-30 02:05:01,2024-02-24 09:50:00
10126551,4583942,16777473,2026-07-30 14:47:22,2026-07-11 20:35:52,2025-06-28 17:05:01
12438231,4583942,1,2026-07-30 01:05:01,2026-07-30 16:05:01,2025-01-17 03:05:01
184183,5414195,1,2026-07-25 00:05:01,2026-07-25 19:05:01,2024-02-10 14:00:00
369429,5414195,1,2026-07-30 01:05:01,2026-07-30 16:05:01,2024-02-24 09:50:00
10126551,5414195,16777473,2026-07-30 14:47:22,2026-07-30 05:05:01,2025-06-28 17:05:01
12438231,5414195,1,2026-07-30 01:05:01,2026-07-30 16:05:01,2025-01-17 03:05:01
184183,5716195,1,2026-07-25 00:05:01,2026-07-25 20:05:01,2024-02-10 14:00:00
369429,5716195,1,2026-07-30 01:05:01,2026-07-30 16:05:01,2024-02-24 09:50:00
10126551,5716195,16777473,2026-07-30 14:47:22,2026-07-30 04:05:01,2025-06-29 16:05:01
12438231,5716195,1,2026-07-30 01:05:01,2026-07-30 16:05:01,2025-01-17 03:05:01
369429,5775376,1,2026-07-30 01:05:01,2026-07-30 16:05:01,2024-02-24 09:50:00
10126551,5775376,16777473,2026-07-30 14:47:22,2026-07-10 10:05:01,2025-06-28 17:05:01
12438231,5775376,1,2026-07-30 01:05:01,2026-07-30 16:05:01,2025-01-17 03:05:01
184183,4660549,1,2026-07-25 00:05:01,2026-07-25 19:05:01,2024-02-10 14:00:00
369429,4660549,1,2026-07-30 01:05:01,2026-07-30 16:05:01,2024-02-24 09:50:00
10126551,4660549,16777473,2026-07-30 14:47:22,2026-07-28 00:05:01,2025-06-28 17:05:01
12438231,4660549,1,2026-07-30 01:05:01,2026-07-30 16:05:01,2025-01-17 03:05:01
184183,4656463,1,2026-07-25 00:05:01,2026-07-25 19:05:01,2024-02-10 14:00:00
369429,4656463,1,2026-07-30 01:05:01,2026-07-30 16:05:01,2024-02-24 09:50:00
10126551,4656463,16777473,2026-07-30 14:47:22,2026-07-30 04:05:01,2025-06-29 16:05:01
12438231,4656463,1,2026-07-30 01:05:01,2026-07-30 16:05:01,2025-01-17 03:05:01
184183,4648301,1,2026-07-25 00:05:01,2026-07-25 19:05:01,2024-02-10 14:00:00
670524,4648301,1,2026-03-11 10:26:57,2026-07-30 16:05:01,2025-04-07 03:05:01
10126551,4648301,16777473,2026-07-30 14:47:22,2026-07-30 05:05:01,2025-06-29 16:05:01
12438231,4648301,1,2026-07-30 01:05:01,2026-07-30 16:05:01,2025-01-17 03:05:01
369429,4171678,1,2026-07-30 01:05:01,2026-07-30 16:05:01,2024-02-24 09:50:00
10126551,4171678,16777473,2026-07-30 14:47:22,2026-07-26 01:05:02,2025-06-27 10:05:01
12438231,4171678,1,2026-07-30 01:05:01,2026-07-30 16:05:01,2025-01-17 03:05:01
184183,5514053,1,2026-07-25 00:05:01,2026-07-25 19:05:01,2024-08-27 02:32:36
10126551,5514053,16777473,2026-07-30 14:47:22,2026-07-30 05:05:01,2025-06-28 17:05:01
12438231,5514053,1,2026-07-30 01:05:01,2026-07-30 16:05:01,2025-01-17 03:05:01
184183,5788349,1,2026-07-25 00:05:01,2026-07-25 19:05:01,2024-02-10 14:00:00
369429,5788349,1,2026-07-30 01:05:01,2026-07-30 16:05:01,2024-02-24 09:50:00
10126551,5788349,16777473,2026-07-30 14:47:22,2026-07-30 05:05:01,2025-06-29 16:05:01
12438231,5788349,1,2026-07-30 01:05:01,2026-07-30 16:05:01,2025-01-17 03:05:01
184183,5771077,1,2026-07-25 00:05:01,2026-07-25 20:05:01,2024-11-02 05:25:56
9423019,5771077,1,2026-04-08 02:05:02,2026-07-30 16:05:01,2024-02-05 04:04:00
10126551,5771077,16777473,2026-07-30 14:47:22,2026-07-29 13:05:01,2025-06-28 17:05:01
12438231,5771077,1,2026-07-30 01:05:01,2026-07-30 16:05:01,2025-01-17 03:05:01
184183,5709287,1,2026-07-25 00:05:01,2026-07-25 19:05:01,2024-02-10 14:00:00
369429,5709287,1,2026-07-30 01:05:01,2026-07-30 16:05:01,2024-02-24 09:50:00
10126551,5709287,16777473,2026-07-30 14:47:22,2026-07-27 02:05:01,2025-06-29 16:05:01
12438231,5709287,1,2026-07-30 01:05:01,2026-07-30 16:05:01,2025-01-17 03:05:01
9423019,4164673,1,2026-04-08 02:05:02,2026-07-30 16:05:01,2024-02-05 04:04:00
10126551,4164673,16777473,2026-07-30 14:47:22,2026-07-30 05:05:01,2025-06-28 17:05:01
12438231,4164673,1,2026-07-30 01:05:01,2026-07-30 16:05:01,2025-01-17 03:05:01
184183,5732558,1,2026-07-25 00:05:01,2026-07-25 19:05:01,2024-02-10 14:00:00
670524,5732558,1,2026-03-11 10:26:57,2026-07-30 16:05:01,2025-04-05 00:36:53
10126551,5732558,16777473,2026-07-30 14:47:22,2026-07-30 05:05:01,2025-06-29 16:05:01
12438231,5732558,1,2026-07-30 01:05:01,2026-07-30 16:05:01,2025-01-17 03:05:01
184183,5343884,1,2026-07-25 00:05:01,2026-07-25 19:05:01,2024-02-10 14:00:00
10126551,5343884,16777473,2026-07-30 14:47:22,2026-07-30 14:05:02,2025-06-29 16:05:01
12438231,5343884,1,2026-07-30 01:05:01,2026-07-30 16:05:01,2025-01-17 03:05:01
369429,5804757,1,2026-07-30 01:05:01,2026-07-30 16:05:01,2024-02-24 09:50:00
670524,5804757,0,,2026-07-30 16:05:01,
10126551,5804757,16777473,2026-07-30 14:47:22,2026-07-28 00:05:01,2025-06-29 16:05:01
12438231,5804757,1,2026-07-30 01:05:01,2026-07-30 16:05:01,2025-01-17 03:05:01
184183,5672611,1,2026-07-25 00:05:01,2026-07-25 19:05:01,2024-02-10 14:00:00
10126551,5672611,16777473,2026-07-30 14:47:22,2026-07-30 16:05:01,2025-06-29 16:05:01
12438231,5672611,1,2026-07-30 01:05:01,2026-07-30 16:05:01,2025-01-17 03:05:01
184183,5771530,1,2026-07-25 00:05:01,2026-07-25 20:05:01,2024-02-10 14:00:00
369429,5771530,1,2026-07-30 01:05:01,2026-07-30 16:05:01,2024-02-24 09:50:00
10126551,5771530,16777473,2026-07-30 14:47:22,2026-07-11 20:35:52,2025-06-29 16:05:01
12438231,5771530,1,2026-07-30 01:05:01,2026-07-30 16:05:01,2025-01-17 03:05:01
184183,5671677,1,2026-07-25 00:05:01,2026-07-25 19:05:01,2024-02-10 14:00:00
369429,5671677,1,2026-07-30 01:05:01,2026-07-30 16:05:01,2024-02-24 09:50:00
10126551,5671677,16777473,2026-07-30 14:47:22,2026-07-30 04:05:01,2025-06-29 16:05:01
12438231,5671677,1,2026-07-30 01:05:01,2026-07-30 16:05:01,2025-01-17 03:05:01
184183,4716616,1,2026-07-25 00:05:01,2026-07-25 19:05:01,2024-02-10 14:00:00
369429,4716616,1,2026-07-30 01:05:01,2026-07-30 16:05:01,2024-02-24 09:50:00
10126551,4716616,16777473,2026-07-30 14:47:22,2026-07-30 04:05:01,2025-06-29 16:05:01
12438231,4716616,1,2026-07-30 01:05:01,2026-07-30 16:05:01,2025-01-17 03:05:01
369429,5761724,1,2026-07-30 01:05:01,2026-07-30 09:05:01,2024-02-24 09:50:00
670524,5761724,0,,2026-07-30 16:05:01,
10126551,5761724,16777473,2026-07-30 14:47:22,2026-07-28 00:05:01,2025-06-28 17:05:01
12438231,5761724,1,2026-07-30 01:05:01,2026-07-30 12:05:01,2025-01-17 03:05:01
369429,5822001,1,2026-07-30 01:05:01,2026-07-30 16:05:01,2024-03-18 17:10:00
670524,5822001,0,,2026-07-30 16:05:01,
10126551,5822001,16777473,2026-07-30 14:47:22,2026-07-28 00:05:01,2025-06-28 17:05:01
12438231,5822001,1,2026-07-30 01:05:01,2026-07-30 16:05:01,2025-01-17 03:05:01
369429,5821999,1,2026-07-30 01:05:01,2026-07-30 16:05:01,2024-02-24 09:50:00
670524,5821999,0,,2026-07-30 16:05:01,
10126551,5821999,16777473,2026-07-30 14:47:22,2026-07-28 00:05:01,2025-06-29 16:05:01
12438231,5821999,1,2026-07-30 01:05:01,2026-07-30 16:05:01,2025-01-17 03:05:01
184183,4972580,1,2026-07-25 00:05:01,2026-07-25 20:05:01,2024-02-10 14:00:00
369429,4972580,1,2026-07-30 01:05:01,2026-07-30 16:05:01,2024-02-24 09:50:00
10126551,4972580,16777473,2026-07-30 14:47:22,2026-07-28 00:05:01,2025-06-28 17:05:01
12438231,4972580,1,2026-07-30 01:05:01,2026-07-30 16:05:01,2025-01-17 03:05:01
184183,5098494,1,2026-07-25 00:05:01,2026-07-25 19:05:01,2024-02-10 14:00:00
369429,5098494,1,2026-07-30 01:05:01,2026-07-30 16:05:01,2024-03-24 12:10:00
10126551,5098494,16777473,2026-07-30 14:47:22,2026-07-30 05:05:01,2025-06-28 17:05:01
12438231,5098494,1,2026-07-30 01:05:01,2026-07-30 16:05:01,2025-01-17 03:05:01
369429,5703046,1,2026-07-30 01:05:01,2026-07-30 08:05:01,2024-02-24 09:50:00
10126551,5703046,16777473,2026-07-30 14:47:22,2026-07-10 10:05:01,2025-06-27 10:05:01
12438231,5703046,1,2026-07-30 01:05:01,2026-07-30 16:05:01,2025-01-17 03:05:01
184183,5772717,1,2026-07-25 00:05:01,2026-07-25 20:05:01,2024-02-10 14:00:00
369429,5772717,1,2026-07-30 01:05:01,2026-07-30 16:05:01,2024-02-24 09:50:00
10126551,5772717,16777473,2026-07-30 14:47:22,2026-07-30 05:05:01,2025-06-28 17:05:01
12438231,5772717,1,2026-07-30 01:05:01,2026-07-30 16:05:01,2025-01-17 03:05:01
369429,5506934,1,2026-07-30 01:05:01,2026-07-30 16:05:01,2024-02-24 09:50:00
10126551,5506934,16777473,2026-07-30 14:47:22,2026-07-27 02:05:01,2025-06-29 16:05:01
12438231,5506934,1,2026-07-30 01:05:01,2026-07-30 16:05:01,2025-01-17 03:05:01
184183,5554038,1,2026-07-25 00:05:01,2026-07-25 19:05:01,2024-02-10 14:00:00
369429,4758530,1,2026-07-30 01:05:01,2026-07-30 16:05:01,2024-02-24 09:50:00
10126551,4758530,16777473,2026-07-30 14:47:22,2026-07-30 04:05:01,2025-06-29 16:05:01
12438231,4758530,1,2026-07-30 01:05:01,2026-07-30 16:05:01,2025-01-17 03:05:01
184183,5853155,1,2026-07-25 00:05:01,2026-07-25 19:05:01,2024-02-10 14:00:00
369429,5853155,1,2026-07-30 01:05:01,2026-07-30 16:05:01,2024-02-24 09:50:00
10126551,5853155,16777473,2026-07-30 14:47:22,2026-07-30 05:05:01,2025-06-29 16:05:01
12438231,5853155,1,2026-07-30 01:05:01,2026-07-30 16:05:01,2025-01-17 03:05:01
184183,5457300,1,2026-07-25 00:05:01,2026-07-25 19:05:01,2024-02-10 14:00:00
10126551,5457300,16777473,2026-07-30 14:47:22,2026-07-28 04:05:01,2025-06-28 17:05:01
12438231,5457300,1,2026-07-30 01:05:01,2026-07-30 16:05:01,2025-01-17 03:05:01
369429,5783654,1,2026-07-30 01:05:01,2026-07-30 16:05:01,2024-02-24 09:50:00
10126551,5783654,16777473,2026-07-30 14:47:22,2026-07-30 05:05:01,2025-06-29 16:05:01
12438231,5783654,1,2026-07-30 01:05:01,2026-07-30 16:05:01,2025-01-17 03:05:01
369429,4916278,1,2026-07-30 01:05:01,2026-07-30 16:05:01,2024-02-24 09:50:00
9423019,4916278,1,2026-04-08 02:05:02,2026-07-30 16:05:01,2024-02-05 04:04:00
10126551,4916278,16777473,2026-07-30 14:47:22,2026-07-28 02:05:01,2025-06-29 16:05:01
12438231,4916278,1,2026-07-30 01:05:01,2026-07-30 16:05:01,2025-01-17 03:05:01
184183,5084173,1,2026-07-25 00:05:01,2026-07-25 19:05:01,2024-02-10 14:00:00
369429,5084173,1,2026-07-30 01:05:01,2026-07-30 16:05:01,2024-03-24 12:10:00
10126551,5084173,16777473,2026-07-30 14:47:22,2026-07-28 00:05:01,2025-06-28 17:05:01
12438231,5084173,1,2026-07-30 01:05:01,2026-07-30 16:05:01,2025-01-17 03:05:01
184183,5884488,1,2026-07-25 00:05:01,2026-07-25 19:05:01,2024-02-10 14:00:00
369429,5884488,1,2026-07-30 01:05:01,2026-07-30 16:05:01,2024-02-24 09:50:00
10126551,5884488,16777473,2026-07-30 14:47:22,2026-07-28 00:05:01,2025-06-28 17:05:01
12438231,5884488,1,2026-07-30 01:05:01,2026-07-30 16:05:01,2025-01-17 03:05:01
10126551,3547328,16777473,2026-07-30 14:47:22,2026-07-27 04:05:01,2025-06-28 17:05:01
12438231,3547328,1,2026-07-30 01:05:01,2026-07-30 16:05:01,2025-01-17 03:05:01
23482699,3547328,65537,2024-05-08 19:53:00,2026-07-26 03:05:01,2024-02-08 20:39:00
1140687,5897914,1,2026-07-30 00:05:01,2026-07-30 10:05:01,2024-08-17 23:15:27
10126551,5897914,16777473,2026-07-30 14:47:22,2026-07-10 10:05:01,2025-06-28 17:05:01
12438231,5897914,1,2026-07-30 01:05:01,2026-07-30 09:05:01,2025-01-17 03:05:01
369429,5337143,1,2026-07-30 01:05:01,2026-07-30 16:05:01,2024-02-24 09:50:00
10126551,5337143,16777473,2026-07-30 14:47:22,2026-07-30 05:05:01,2025-06-29 16:05:01
12438231,5337143,1,2026-07-30 01:05:01,2026-07-30 16:05:01,2025-01-17 03:05:01
369429,5518154,1,2026-07-30 01:05:01,2026-07-10 11:05:01,2024-02-24 09:50:00
10126551,5518154,16777473,2026-07-30 14:47:22,2026-07-10 10:05:01,2025-06-28 17:05:01
12438231,5518154,1,2026-07-30 01:05:01,2026-07-30 16:05:01,2025-01-17 03:05:01
369429,5176301,1,2026-07-30 01:05:01,2026-07-30 16:05:01,2024-02-24 09:50:00
10126551,5176301,16777473,2026-07-30 14:47:22,2026-07-11 20:35:52,2025-06-29 16:05:01
12438231,5176301,1,2026-07-30 01:05:01,2026-07-30 16:05:01,2025-01-17 03:05:01
10126551,5458969,16777473,2026-07-30 14:47:22,2026-07-28 05:05:01,2025-06-29 16:05:01
12438231,5458969,1,2026-07-30 01:05:01,2026-07-30 16:05:01,2025-01-17 03:05:01
23482699,5458969,65537,2024-05-08 19:53:00,2026-07-26 03:05:01,2024-02-08 20:39:00
184183,5830655,1,2026-07-25 00:05:01,2026-07-25 19:05:01,2024-02-10 14:00:00
9423019,5830655,1,2026-04-08 02:05:02,2026-07-30 16:05:01,2024-02-05 04:04:00
10126551,5830655,16777473,2026-07-30 14:47:22,2026-07-30 16:05:01,2025-06-28 17:05:01
12438231,5830655,1,2026-07-30 01:05:01,2026-07-30 16:05:01,2025-01-17 03:05:01
184183,5836845,1,2026-07-25 00:05:01,2026-07-25 19:05:01,2024-02-10 14:00:00
10126551,5836845,16777473,2026-07-30 14:47:22,2026-07-30 16:05:01,2025-06-28 17:05:01
12438231,5836845,1,2026-07-30 01:05:01,2026-07-30 16:05:01,2025-01-17 03:05:01
369429,5830651,1,2026-07-30 01:05:01,2026-07-30 12:05:01,2024-02-24 09:50:00
9423019,5830651,1,2026-04-08 02:05:02,2026-07-30 16:05:01,2024-02-05 04:04:00
10126551,5830651,16777473,2026-07-30 14:47:22,2026-07-27 03:05:01,2025-06-28 17:05:01
12438231,5830651,1,2026-07-30 01:05:01,2026-07-30 16:05:01,2025-01-17 03:05:01
369429,5390983,1,2026-07-30 01:05:01,2026-07-10 11:05:01,2024-02-24 09:50:00
2202991,5390983,0,,2026-07-30 16:05:01,
10126551,5390983,16777473,2026-07-30 14:47:22,2026-07-10 10:05:01,2025-06-24 22:05:01
12438231,5390983,1,2026-07-30 01:05:01,2026-07-30 15:05:01,2025-01-17 03:05:01
184183,5333023,1,2026-07-25 00:05:01,2026-07-25 19:05:01,2024-02-10 14:00:00
10126551,5333023,16777473,2026-07-30 14:47:22,2026-07-30 04:05:01,2025-06-29 16:05:01
12438231,5333023,1,2026-07-30 01:05:01,2026-07-30 16:05:01,2025-01-17 03:05:01
10126551,5149985,16777473,2026-07-30 14:47:22,2026-07-10 10:05:01,2025-06-24 22:05:01
12438231,5149985,1,2026-07-30 01:05:01,2026-07-30 08:05:01,2025-01-17 03:05:01
10126551,5278688,16777473,2026-07-30 14:47:22,2026-07-10 10:05:01,2025-06-24 14:05:02
12438231,5278688,1,2026-07-30 01:05:01,2026-07-26 05:05:01,2025-01-17 03:05:01
369429,5369860,1,2026-07-30 01:05:01,2026-07-30 16:05:01,2024-02-24 09:50:00
2202991,5369860,0,,2026-07-30 16:05:01,
10126551,5369860,16777473,2026-07-30 14:47:22,2026-07-10 10:05:01,2025-06-24 22:05:01
12438231,5369860,1,2026-07-30 01:05:01,2026-07-30 16:05:01,2025-01-17 03:05:01
369429,5428309,1,2026-07-30 01:05:01,2026-07-10 11:05:01,2024-02-24 09:50:00
2202991,5428309,0,,2026-07-30 16:05:01,
10126551,5428309,16777473,2026-07-30 14:47:22,2026-07-10 10:05:01,2025-06-24 22:05:01
12438231,5428309,1,2026-07-30 01:05:01,2026-07-30 10:05:01,2025-01-17 03:05:01
184183,5211954,1,2026-07-25 00:05:01,2026-07-25 20:05:01,2024-02-10 14:00:00
369429,5211954,1,2026-07-30 01:05:01,2026-07-30 16:05:01,2024-02-24 09:50:00
10126551,5211954,16777473,2026-07-30 14:47:22,2026-07-30 04:05:01,2025-06-29 16:05:01
12438231,5211954,1,2026-07-30 01:05:01,2026-07-30 16:05:01,2025-01-17 03:05:01
369429,5816122,1,2026-07-30 01:05:01,2026-07-30 16:05:01,2024-03-24 12:10:00
10126551,5816122,16777473,2026-07-30 14:47:22,2026-07-11 20:35:52,2025-06-28 17:05:01
12438231,5816122,1,2026-07-30 01:05:01,2026-07-30 16:05:01,2025-01-17 03:05:01
184183,5222359,1,2026-07-25 00:05:01,2026-07-25 19:05:01,2024-02-10 14:00:00
369429,5222359,1,2026-07-30 01:05:01,2026-07-30 16:05:01,2024-02-24 09:50:00
10126551,5222359,16777473,2026-07-30 14:47:22,2026-07-28 00:05:01,2025-06-29 16:05:01
12438231,5222359,1,2026-07-30 01:05:01,2026-07-30 16:05:01,2025-01-17 03:05:01
184183,5361589,1,2026-07-25 00:05:01,2026-07-25 19:05:01,2024-02-10 14:00:00
10126551,5361589,16777473,2026-07-30 14:47:22,2026-07-28 05:05:01,2025-06-28 17:05:01
12438231,5361589,1,2026-07-30 01:05:01,2026-07-30 16:05:01,2025-01-17 03:05:01
184183,5765319,1,2026-07-25 00:05:01,2026-07-25 20:05:01,2024-02-10 14:00:00
369429,5765319,1,2026-07-30 01:05:01,2026-07-30 16:05:01,2024-03-24 12:10:00
10126551,5765319,16777473,2026-07-30 14:47:22,2026-07-30 05:05:01,2025-06-28 17:05:01
12438231,5765319,1,2026-07-30 01:05:01,2026-07-30 16:05:01,2025-01-17 03:05:01
184183,5409370,1,2026-07-25 00:05:01,2026-07-25 19:05:01,2024-02-10 14:00:00
10126551,5409370,16777473,2026-07-30 14:47:22,2026-07-30 16:05:01,2025-06-28 17:05:01
12438231,5409370,1,2026-07-30 01:05:01,2026-07-30 16:05:01,2025-01-17 03:05:01
184183,5505468,1,2026-07-25 00:05:01,2026-07-25 19:05:01,2024-02-10 14:00:00
369429,5505468,1,2026-07-30 01:05:01,2026-07-30 16:05:01,2024-03-24 12:10:00
10126551,5505468,16777473,2026-07-30 14:47:22,2026-07-26 03:05:01,2025-06-28 17:05:01
12438231,5505468,1,2026-07-30 01:05:01,2026-07-30 16:05:01,2025-01-17 03:05:01
184183,5702189,1,2026-07-25 00:05:01,2026-07-25 19:05:01,2024-02-10 14:00:00
369429,5702189,1,2026-07-30 01:05:01,2026-07-30 16:05:01,2024-02-24 09:50:00
10126551,5702189,16777473,2026-07-30 14:47:22,2026-07-30 05:05:01,2025-06-29 16:05:01
12438231,5702189,1,2026-07-30 01:05:01,2026-07-30 16:05:01,2025-01-17 03:05:01
369429,2740595,1,2026-07-30 01:05:01,2026-07-30 16:05:01,2024-03-24 12:10:00
10126551,2740595,16777473,2026-07-30 14:47:22,2026-07-28 00:05:01,2025-06-28 17:05:01
12438231,2740595,1,2026-07-30 01:05:01,2026-07-30 16:05:01,2025-01-17 03:05:01
369429,3930206,1,2026-07-30 01:05:01,2026-07-30 16:05:01,2024-02-24 09:50:00
10126551,3930206,16777473,2026-07-30 14:47:22,2026-07-30 04:05:01,2025-06-29 16:05:01
12438231,3930206,1,2026-07-30 01:05:01,2026-07-30 16:05:01,2025-01-17 03:05:01
184183,5164740,1,2026-07-25 00:05:01,2026-07-25 19:05:01,2024-02-10 14:00:00
369429,5164740,1,2026-07-30 01:05:01,2026-07-30 16:05:01,2024-02-24 09:50:00
10126551,5164740,16777473,2026-07-30 14:47:22,2026-07-28 00:05:01,2025-06-29 16:05:01
12438231,5164740,1,2026-07-30 01:05:01,2026-07-30 16:05:01,2025-01-17 03:05:01
369429,3695952,1,2026-07-30 01:05:01,2026-07-30 16:05:01,2024-03-24 12:10:00
10126551,3695952,16777473,2026-07-30 14:47:22,2026-07-28 04:05:01,2025-06-28 17:05:01
12438231,3695952,1,2026-07-30 01:05:01,2026-07-30 16:05:01,2025-01-17 03:05:01
369429,5806404,1,2026-07-30 01:05:01,2026-07-30 16:05:01,2024-02-24 09:50:00
10126551,5806404,16777473,2026-07-30 14:47:22,2026-07-26 02:05:01,2025-06-28 17:05:01
12438231,5806404,1,2026-07-30 01:05:01,2026-07-30 16:05:01,2025-01-17 03:05:01
184183,4829517,1,2026-07-25 00:05:01,2026-07-25 20:05:01,2024-02-10 14:00:00
369429,4829517,1,2026-07-30 01:05:01,2026-07-30 16:05:01,2024-02-24 09:50:00
10126551,4829517,16777473,2026-07-30 14:47:22,2026-07-28 00:05:01,2025-06-29 16:05:01
12438231,4829517,1,2026-07-30 01:05:01,2026-07-30 16:05:01,2025-01-17 03:05:01
369429,2953918,1,2026-07-30 01:05:01,2026-07-30 16:05:01,2024-02-24 09:50:00
10126551,2953918,16777473,2026-07-30 14:47:22,2026-07-27 01:05:02,2025-06-28 17:05:01
12438231,2953918,1,2026-07-30 01:05:01,2026-07-30 16:05:01,2025-01-17 03:05:01
184183,5698252,1,2026-07-25 00:05:01,2026-07-25 20:05:01,2024-02-10 14:00:00
369429,5698252,1,2026-07-30 01:05:01,2026-07-30 16:05:01,2024-02-24 09:50:00
10126551,5698252,16777473,2026-07-30 14:47:22,2026-07-30 05:05:01,2025-06-29 16:05:01
12438231,5698252,1,2026-07-30 01:05:01,2026-07-30 16:05:01,2025-01-17 03:05:01
369429,5600174,1,2026-07-30 01:05:01,2026-07-30 16:05:01,2024-03-08 03:46:00
9423019,5600174,1,2026-04-08 02:05:02,2026-07-30 16:05:01,2024-02-05 04:04:00
10126551,5600174,16777473,2026-07-30 14:47:22,2026-07-28 00:05:01,2025-06-28 17:05:01
12438231,5600174,1,2026-07-30 01:05:01,2026-07-30 16:05:01,2025-01-17 03:05:01
369429,5914990,1,2026-07-30 01:05:01,2026-07-30 16:05:01,2024-08-22 02:02:40
670524,5914990,0,,2026-07-30 16:05:01,
10126551,5914990,16777473,2026-07-30 14:47:22,2026-07-28 02:05:01,2025-06-29 16:05:01
12438231,5914990,1,2026-07-30 01:05:01,2026-07-30 16:05:01,2025-01-17 03:05:01
184183,4617761,1,2026-07-25 00:05:01,2026-07-25 19:05:01,2024-02-10 14:00:00
670524,4617761,0,,2026-07-30 16:05:01,
9423019,4617761,1,2026-04-08 02:05:02,2026-07-30 16:05:01,2024-02-05 04:04:00
10126551,4617761,16777473,2026-07-30 14:47:22,2026-07-30 05:05:01,2025-06-29 16:05:01
12438231,4617761,1,2026-07-30 01:05:01,2026-07-30 16:05:01,2025-01-17 03:05:01
184183,5123581,1,2026-07-25 00:05:01,2026-07-25 20:05:01,2024-02-10 14:00:00
10126551,5123581,16777473,2026-07-30 14:47:22,2026-07-30 05:05:01,2025-06-28 17:05:01
12438231,5123581,1,2026-07-30 01:05:01,2026-07-30 16:05:01,2025-01-17 03:05:01
184183,5884131,1,2026-07-25 00:05:01,2026-07-25 19:05:01,2024-02-10 14:00:00
369429,5884131,1,2026-07-30 01:05:01,2026-07-30 16:05:01,2024-02-24 09:50:00
10126551,5884131,16777473,2026-07-30 14:47:22,2026-07-25 03:05:01,2025-06-28 17:05:01
12438231,5884131,1,2026-07-30 01:05:01,2026-07-30 16:05:01,2025-01-17 03:05:01
369429,5694868,1,2026-07-30 01:05:01,2026-07-30 16:05:01,2024-02-24 09:50:00
10126551,5694868,16777473,2026-07-30 14:47:22,2026-07-28 05:05:01,2025-06-28 17:05:01
12438231,5694868,1,2026-07-30 01:05:01,2026-07-30 16:05:01,2025-01-17 03:05:01
369429,5654961,1,2026-07-30 01:05:01,2026-07-30 16:05:01,2024-03-24 12:10:00
10126551,5654961,16777473,2026-07-30 14:47:22,2026-07-10 11:05:01,2025-06-28 17:05:01
12438231,5654961,1,2026-07-30 01:05:01,2026-07-30 16:05:01,2025-01-17 03:05:01
10126551,5673519,16777473,2026-07-30 14:47:22,2026-07-10 10:05:01,2025-06-27 10:05:01
12438231,5673519,1,2026-07-30 01:05:01,2026-07-30 16:05:01,2025-01-17 03:05:01
369429,4950153,1,2026-07-30 01:05:01,2026-07-30 06:05:01,2024-06-03 20:56:17
10126551,4950153,16777473,2026-07-30 14:47:22,2026-07-11 23:10:26,2025-06-28 17:05:01
12438231,4950153,1,2026-07-30 01:05:01,2026-07-30 16:05:01,2025-01-17 03:05:01
184183,5936467,1,2026-07-25 00:05:01,2026-07-25 19:05:01,2024-02-10 14:00:00
670524,5936467,1,2026-03-11 10:26:57,2026-07-30 16:05:01,2025-04-08 02:21:23
10126551,5936467,16777473,2026-07-30 14:47:22,2026-07-30 05:05:01,2025-06-28 17:05:01
12438231,5936467,1,2026-07-30 01:05:01,2026-07-30 16:05:01,2025-01-17 03:05:01
369429,5145720,1,2026-07-30 01:05:01,2026-07-30 01:05:01,2024-02-24 09:50:00
10126551,5145720,16777473,2026-07-30 14:47:22,2026-07-10 10:05:01,2025-06-24 22:05:01
12438231,5145720,1,2026-07-30 01:05:01,2026-07-30 16:05:01,2025-01-17 03:05:01
184183,5940846,1,2026-07-25 00:05:01,2026-07-25 19:05:01,2024-02-10 14:00:00
369429,5940846,1,2026-07-30 01:05:01,2026-07-30 16:05:01,2024-02-24 09:50:00
10126551,5940846,16777473,2026-07-30 14:47:22,2026-07-28 00:05:01,2025-06-29 16:05:01
12438231,5940846,1,2026-07-30 01:05:01,2026-07-30 16:05:01,2025-01-17 03:05:01
369429,5943663,1,2026-07-30 01:05:01,2026-07-30 16:05:01,2024-02-24 09:50:00
670524,5943663,0,,2026-07-30 16:05:01,
10126551,5943663,16777473,2026-07-30 14:47:22,2026-07-28 02:05:01,2025-06-29 16:05:01
12438231,5943663,1,2026-07-30 01:05:01,2026-07-30 16:05:01,2025-01-17 03:05:01
369429,4099110,1,2026-07-30 01:05:01,2026-07-30 16:05:01,2024-02-24 09:50:00
9423019,4099110,1,2026-04-08 02:05:02,2026-07-30 16:05:01,2024-02-05 04:04:00
10126551,4099110,16777473,2026-07-30 14:47:22,2026-07-27 02:05:01,2025-06-28 17:05:01
12438231,4099110,1,2026-07-30 01:05:01,2026-07-30 16:05:01,2025-01-17 03:05:01
369429,3529863,1,2026-07-30 01:05:01,2026-07-30 16:05:01,2024-02-24 09:50:00
9423019,3529863,1,2026-04-08 02:05:02,2026-07-30 16:05:01,2024-02-05 04:04:00
10126551,3529863,16777473,2026-07-30 14:47:22,2026-07-25 04:05:01,2025-06-29 16:05:01
12438231,3529863,1,2026-07-30 01:05:01,2026-07-30 16:05:01,2025-01-17 03:05:01
184183,5249922,1,2026-07-25 00:05:01,2026-07-25 09:05:01,2024-02-10 14:00:00
10126551,5249922,16777473,2026-07-30 14:47:22,2026-07-10 10:05:01,2025-06-28 17:05:01
12438231,5249922,1,2026-07-30 01:05:01,2026-07-30 16:05:01,2025-01-17 03:05:01
10126551,5351257,16777473,2026-07-30 14:47:22,2026-07-28 03:05:01,2025-06-28 17:05:01
12438231,5351257,1,2026-07-30 01:05:01,2026-07-30 16:05:01,2025-01-17 03:05:01
184183,5557819,1,2026-07-25 00:05:01,2026-07-25 19:05:01,2024-02-10 14:00:00
369429,5557819,1,2026-07-30 01:05:01,2026-07-30 16:05:01,2024-03-24 12:10:00
10126551,5557819,16777473,2026-07-30 14:47:22,2026-07-30 05:05:01,2025-06-28 17:05:01
12438231,5557819,1,2026-07-30 01:05:01,2026-07-30 16:05:01,2025-01-17 03:05:01
184183,4813659,1,2026-07-25 00:05:01,2026-07-25 19:05:01,2024-02-10 14:00:00
10126551,4813659,16777473,2026-07-30 14:47:22,2026-07-30 05:05:01,2025-06-29 16:05:01
12438231,4813659,1,2026-07-30 01:05:01,2026-07-30 16:05:01,2025-01-17 03:05:01
369429,5531131,1,2026-07-30 01:05:01,2026-07-30 16:05:01,2024-02-24 09:50:00
10126551,5531131,16777473,2026-07-30 14:47:22,2026-07-30 05:05:01,2025-06-28 17:05:01
12438231,5531131,1,2026-07-30 01:05:01,2026-07-30 16:05:01,2025-01-17 03:05:01
10126551,5785726,16777473,2026-07-30 14:47:22,2026-07-30 05:05:01,2025-06-28 17:05:01
12438231,5785726,1,2026-07-30 01:05:01,2026-07-30 16:05:01,2025-01-17 03:05:01
23482699,5785726,65537,2024-05-08 19:53:00,2026-07-26 03:05:01,2024-02-08 20:39:00
369429,5150456,1,2026-07-30 01:05:01,2026-07-30 09:05:01,2024-02-24 09:50:00
10126551,5150456,16777473,2026-07-30 14:47:22,2026-07-10 10:05:01,2025-06-28 17:05:01
12438231,5150456,1,2026-07-30 01:05:01,2026-07-30 16:05:01,2025-01-17 03:05:01
184183,5205066,1,2026-07-25 00:05:01,2026-07-25 19:05:01,2024-02-10 14:00:00
369429,5205066,1,2026-07-30 01:05:01,2026-07-30 16:05:01,2024-02-24 09:50:00
10126551,5205066,16777473,2026-07-30 14:47:22,2026-07-28 02:05:01,2025-06-29 16:05:01
12438231,5205066,1,2026-07-30 01:05:01,2026-07-30 16:05:01,2025-01-17 03:05:01
184183,4822599,1,2026-07-25 00:05:01,2026-07-25 20:05:01,2024-02-10 14:00:00
369429,4822599,1,2026-07-30 01:05:01,2026-07-30 16:05:01,2024-02-24 09:50:00
10126551,4822599,16777473,2026-07-30 14:47:22,2026-07-30 05:05:01,2025-06-29 16:05:01
12438231,4822599,1,2026-07-30 01:05:01,2026-07-30 16:05:01,2025-01-17 03:05:01
369429,5909693,1,2026-07-30 01:05:01,2026-07-30 16:05:01,2024-02-24 09:50:00
10126551,5909693,16777473,2026-07-30 14:47:22,2026-07-27 02:05:01,2025-06-28 17:05:01
12438231,5909693,1,2026-07-30 01:05:01,2026-07-30 16:05:01,2025-01-17 03:05:01
184183,4472580,1,2026-07-25 00:05:01,2026-07-25 20:05:01,2024-02-10 14:00:00
10126551,4472580,16777473,2026-07-30 14:47:22,2026-07-30 04:05:01,2025-06-28 17:05:01
12438231,4472580,1,2026-07-30 01:05:01,2026-07-30 16:05:01,2025-01-17 03:05:01
369429,4943365,1,2026-07-30 01:05:01,2026-07-30 16:05:01,2024-02-24 09:50:00
10126551,4943365,16777473,2026-07-30 14:47:22,2026-07-28 00:05:01,2025-06-28 17:05:01
12438231,4943365,1,2026-07-30 01:05:01,2026-07-30 16:05:01,2025-01-17 03:05:01
369429,5312348,1,2026-07-30 01:05:01,2026-07-30 16:05:01,2024-02-24 09:50:00
9423019,5312348,1,2026-04-08 02:05:02,2026-07-30 16:05:01,2024-02-05 04:04:00
10126551,5312348,16777473,2026-07-30 14:47:22,2026-07-10 10:05:01,2025-06-29 16:05:01
12438231,5312348,1,2026-07-30 01:05:01,2026-07-30 16:05:01,2025-01-17 03:05:01
184183,5723055,1,2026-07-25 00:05:01,2026-07-25 19:05:01,2024-02-10 14:00:00
369429,5723055,1,2026-07-30 01:05:01,2026-07-30 16:05:01,2024-03-25 19:39:00
10126551,5723055,16777473,2026-07-30 14:47:22,2026-07-10 11:05:01,2025-06-28 17:05:01
12438231,5723055,1,2026-07-30 01:05:01,2026-07-30 16:05:01,2025-01-17 03:05:01
184183,5829287,1,2026-07-25 00:05:01,2026-07-25 20:05:01,2024-02-10 14:00:00
10126551,5829287,16777473,2026-07-30 14:47:22,2026-07-30 16:05:01,2025-06-29 16:05:01
12438231,5829287,1,2026-07-30 01:05:01,2026-07-30 16:05:01,2025-01-17 03:05:01
10126551,4946198,16777473,2026-07-30 14:47:22,2026-07-10 10:05:01,2025-06-24 22:05:01
12438231,4946198,1,2026-07-30 01:05:01,2026-07-26 05:05:01,2025-01-17 03:05:01
369429,5829275,1,2026-07-30 01:05:01,2026-07-30 16:05:01,2024-02-24 09:50:00
670524,5829275,0,,2026-07-30 16:05:01,
10126551,5829275,16777473,2026-07-30 14:47:22,2026-07-10 10:05:01,2025-06-29 16:05:01
12438231,5829275,1,2026-07-30 01:05:01,2026-07-30 16:05:01,2025-01-17 03:05:01
184183,5843540,1,2026-07-25 00:05:01,2026-07-25 19:05:01,2024-02-10 14:00:00
369429,5843540,1,2026-07-30 01:05:01,2026-07-30 16:05:01,2024-02-24 09:50:00
10126551,5843540,16777473,2026-07-30 14:47:22,2026-07-29 23:05:01,2025-06-29 16:05:01
12438231,5843540,1,2026-07-30 01:05:01,2026-07-30 16:05:01,2025-01-17 03:05:01
369429,5625726,1,2026-07-30 01:05:01,2026-07-30 16:05:01,2024-02-24 09:50:00
10126551,5625726,16777473,2026-07-30 14:47:22,2026-07-10 10:05:01,2025-06-28 17:05:01
12438231,5625726,1,2026-07-30 01:05:01,2026-07-30 16:05:01,2025-01-17 03:05:01
369429,5456412,1,2026-07-30 01:05:01,2026-07-30 16:05:01,2024-02-24 09:50:00
10126551,5456412,16777473,2026-07-30 14:47:22,2026-07-10 11:05:01,2025-06-28 17:05:01
12438231,5456412,1,2026-07-30 01:05:01,2026-07-30 16:05:01,2025-01-17 03:05:01
369429,5682902,1,2026-07-30 01:05:01,2026-07-30 16:05:01,2024-02-24 09:50:00
10126551,5682902,16777473,2026-07-30 14:47:22,2026-07-30 04:05:01,2025-06-29 16:05:01
12438231,5682902,1,2026-07-30 01:05:01,2026-07-30 16:05:01,2025-01-17 03:05:01
184183,5820356,1,2026-07-25 00:05:01,2026-07-25 19:05:01,2024-02-10 14:00:00
369429,5820356,1,2026-07-30 01:05:01,2026-07-30 16:05:01,2024-02-24 09:50:00
10126551,5820356,16777473,2026-07-30 14:47:22,2026-07-27 02:05:01,2025-06-28 17:05:01
12438231,5820356,1,2026-07-30 01:05:01,2026-07-30 16:05:01,2025-01-17 03:05:01
184183,5700423,1,2026-07-25 00:05:01,2026-07-25 19:05:01,2024-08-08 14:17:13
10126551,5700423,16777473,2026-07-30 14:47:22,2026-07-10 10:05:01,2025-06-28 17:05:01
12438231,5700423,1,2026-07-30 01:05:01,2026-07-30 16:05:01,2025-01-17 03:05:01
184183,6005878,1,2026-07-25 00:05:01,2026-07-25 19:05:01,2024-02-10 14:00:00
369429,6005878,1,2026-07-30 01:05:01,2026-07-30 10:05:01,2024-02-24 09:50:00
10126551,6005878,16777473,2026-07-30 14:47:22,2026-07-11 20:35:52,2025-06-28 17:05:01
12438231,6005878,1,2026-07-30 01:05:01,2026-07-30 16:05:01,2025-01-17 03:05:01
369429,4077631,1,2026-07-30 01:05:01,2026-07-30 16:05:01,2024-02-24 09:50:00
9423019,4077631,1,2026-04-08 02:05:02,2026-07-30 16:05:01,2024-02-05 04:04:00
10126551,4077631,16777473,2026-07-30 14:47:22,2026-07-28 00:05:01,2025-06-29 16:05:01
12438231,4077631,1,2026-07-30 01:05:01,2026-07-30 16:05:01,2025-01-17 03:05:01
369429,5554038,1,2026-07-30 01:05:01,2026-07-30 16:05:01,2024-02-24 09:50:00
10126551,5554038,16777473,2026-07-30 14:47:22,2026-07-28 02:05:01,2025-06-29 16:05:01
12438231,5554038,1,2026-07-30 01:05:01,2026-07-30 16:05:01,2025-01-17 03:05:01
184183,4546742,1,2026-07-25 00:05:01,2026-07-25 19:05:01,2024-02-10 14:00:00
369429,4546742,1,2026-07-30 01:05:01,2026-07-30 15:05:01,2024-02-24 09:50:00
10126551,4546742,16777473,2026-07-30 14:47:22,2026-07-11 20:35:52,2025-06-28 17:05:01
12438231,4546742,1,2026-07-30 01:05:01,2026-07-30 16:05:01,2025-01-17 03:05:01
184183,4172992,1,2026-07-25 00:05:01,2026-07-25 19:05:01,2024-02-10 14:00:00
369429,4172992,1,2026-07-30 01:05:01,2026-07-30 16:05:01,2024-04-20 18:55:00
10126551,4172992,16777473,2026-07-30 14:47:22,2026-07-28 04:05:01,2025-06-28 17:05:01
12438231,4172992,1,2026-07-30 01:05:01,2026-07-30 16:05:01,2025-01-17 03:05:01
184183,5792755,1,2026-07-25 00:05:01,2026-07-25 19:05:01,2024-02-10 14:00:00
369429,5792755,1,2026-07-30 01:05:01,2026-07-30 16:05:01,2024-02-24 09:50:00
10126551,5792755,16777473,2026-07-30 14:47:22,2026-07-30 05:05:01,2025-06-29 16:05:01
12438231,5792755,1,2026-07-30 01:05:01,2026-07-30 16:05:01,2025-01-17 03:05:01
184183,5813460,1,2026-07-25 00:05:01,2026-07-25 20:05:01,2024-02-10 14:00:00
369429,5813460,1,2026-07-30 01:05:01,2026-07-30 16:05:01,2024-02-24 09:50:00
10126551,5813460,16777473,2026-07-30 14:47:22,2026-07-30 05:05:01,2025-06-28 17:05:01
12438231,5813460,1,2026-07-30 01:05:01,2026-07-30 16:05:01,2025-01-17 03:05:01
184183,5815421,1,2026-07-25 00:05:01,2026-07-25 19:05:01,2024-02-10 14:00:00
369429,5815421,1,2026-07-30 01:05:01,2026-07-30 16:05:01,2024-02-24 09:50:00
10126551,5815421,16777473,2026-07-30 14:47:22,2026-07-30 05:05:01,2025-06-28 17:05:01
12438231,5815421,1,2026-07-30 01:05:01,2026-07-30 16:05:01,2025-01-17 03:05:01
184183,5825307,1,2026-07-25 00:05:01,2026-07-25 19:05:01,2024-02-10 14:00:00
369429,5825307,1,2026-07-30 01:05:01,2026-07-30 16:05:01,2024-02-24 09:50:00
10126551,5825307,16777473,2026-07-30 14:47:22,2026-07-30 05:05:01,2025-06-28 17:05:01
12438231,5825307,1,2026-07-30 01:05:01,2026-07-30 16:05:01,2025-01-17 03:05:01
184183,5812065,1,2026-07-25 00:05:01,2026-07-25 19:05:01,2024-02-10 14:00:00
369429,5812065,1,2026-07-30 01:05:01,2026-07-30 16:05:01,2024-02-24 09:50:00
10126551,5812065,16777473,2026-07-30 14:47:22,2026-07-30 04:05:01,2025-06-29 16:05:01
12438231,5812065,1,2026-07-30 01:05:01,2026-07-30 16:05:01,2025-01-17 03:05:01
184183,5800172,1,2026-07-25 00:05:01,2026-07-25 19:05:01,2024-02-10 14:00:00
369429,5800172,1,2026-07-30 01:05:01,2026-07-30 16:05:01,2024-02-24 09:50:00
10126551,5800172,16777473,2026-07-30 14:47:22,2026-07-28 00:05:01,2025-06-28 17:05:01
12438231,5800172,1,2026-07-30 01:05:01,2026-07-30 16:05:01,2025-01-17 03:05:01
369429,4337406,1,2026-07-30 01:05:01,2026-07-30 16:05:01,2024-02-24 09:50:00
9423019,4337406,1,2026-04-08 02:05:02,2026-07-30 16:05:01,2024-02-05 04:04:00
10126551,4337406,16777473,2026-07-30 14:47:22,2026-07-28 00:05:01,2025-06-29 16:05:01
12438231,4337406,1,2026-07-30 01:05:01,2026-07-30 16:05:01,2025-01-17 03:05:01
9423019,4268136,1,2026-04-08 02:05:02,2026-07-30 16:05:01,2024-02-05 04:04:00
10126551,4268136,16777473,2026-07-30 14:47:22,2026-07-10 10:05:01,2025-06-29 16:05:01
12438231,4268136,1,2026-07-30 01:05:01,2026-07-30 16:05:01,2025-01-17 03:05:01
184183,5791227,1,2026-07-25 00:05:01,2026-07-25 19:05:01,2024-02-10 14:00:00
369429,5791227,1,2026-07-30 01:05:01,2026-07-30 16:05:01,2024-02-24 09:50:00
10126551,5791227,16777473,2026-07-30 14:47:22,2026-07-30 05:05:01,2025-06-28 17:05:01
12438231,5791227,1,2026-07-30 01:05:01,2026-07-30 16:05:01,2025-01-17 03:05:01
369429,5343868,1,2026-07-30 01:05:01,2026-07-30 16:05:01,2024-02-24 09:50:00
10126551,5343868,16777473,2026-07-30 14:47:22,2026-07-10 22:05:01,2025-06-29 16:05:01
12438231,5343868,1,2026-07-30 01:05:01,2026-07-30 16:05:01,2025-01-17 03:05:01
184183,4418627,1,2026-07-25 00:05:01,2026-07-25 20:05:01,2024-02-10 14:00:00
369429,4418627,1,2026-07-30 01:05:01,2026-07-30 16:05:01,2024-02-24 09:50:00
10126551,4418627,16777473,2026-07-30 14:47:22,2026-07-30 05:05:01,2025-06-29 16:05:01
12438231,4418627,1,2026-07-30 01:05:01,2026-07-30 16:05:01,2025-01-17 03:05:01
184183,5834884,1,2026-07-25 00:05:01,2026-07-25 20:05:01,2024-02-10 14:00:00
369429,5834884,1,2026-07-30 01:05:01,2026-07-30 16:05:01,2024-04-30 21:30:00
10126551,5834884,16777473,2026-07-30 14:47:22,2026-07-22 04:05:02,2025-06-28 17:05:01
12438231,5834884,1,2026-07-30 01:05:01,2026-07-30 16:05:01,2025-01-17 03:05:01
184183,5164750,1,2026-07-25 00:05:01,2026-07-25 19:05:01,2024-11-02 05:25:56
9423019,5164750,1,2026-04-08 02:05:02,2026-07-30 16:05:01,2024-02-05 04:04:00
10126551,5164750,16777473,2026-07-30 14:47:22,2026-07-28 00:05:01,2025-06-28 17:05:01
12438231,5164750,1,2026-07-30 01:05:01,2026-07-30 16:05:01,2025-01-17 03:05:01
369429,4003438,1,2026-07-30 01:05:01,2026-07-30 16:05:01,2024-02-24 09:50:00
10126551,4003438,16777473,2026-07-30 14:47:22,2026-07-27 04:05:01,2025-06-28 17:05:01
12438231,4003438,1,2026-07-30 01:05:01,2026-07-30 16:05:01,2025-01-17 03:05:01
10126551,5511228,16777473,2026-07-30 14:47:22,2026-07-30 04:05:01,2025-06-29 16:05:01
12438231,5511228,1,2026-07-30 01:05:01,2026-07-30 16:05:01,2025-01-17 03:05:01
369429,5218533,1,2026-07-30 01:05:01,2026-07-10 11:05:01,2024-02-24 09:50:00
10126551,5218533,16777473,2026-07-30 14:47:22,2026-07-10 10:05:01,2025-06-27 10:05:01
12438231,5218533,1,2026-07-30 01:05:01,2026-07-30 16:05:01,2025-01-17 03:05:01
369429,5214558,1,2026-07-30 01:05:01,2026-07-10 11:05:01,2024-02-24 09:50:00
10126551,5214558,16777473,2026-07-30 14:47:22,2026-07-10 10:05:01,2025-06-28 17:05:01
12438231,5214558,1,2026-07-30 01:05:01,2026-07-30 16:05:01,2025-01-17 03:05:01
369429,5793956,1,2026-07-30 01:05:01,2026-07-10 11:05:01,2024-02-24 09:50:00
2202991,5793956,0,,2026-07-30 16:05:01,
10126551,5793956,16777473,2026-07-30 14:47:22,2026-07-10 10:05:01,2025-06-24 14:05:02
12438231,5793956,1,2026-07-30 01:05:01,2026-07-30 16:05:01,2025-01-17 03:05:01
184183,5721357,1,2026-07-25 00:05:01,2026-07-25 19:05:01,2024-02-10 14:00:00
10126551,5721357,16777473,2026-07-30 14:47:22,2026-07-26 03:05:01,2025-06-29 16:05:01
12438231,5721357,1,2026-07-30 01:05:01,2026-07-30 16:05:01,2025-01-17 03:05:01
10126551,5145641,16777473,2026-07-30 14:47:22,2026-07-10 10:05:01,2025-06-24 14:05:02
12438231,5145641,1,2026-07-30 01:05:01,2026-07-26 05:05:01,2025-01-17 03:05:01
10126551,5149548,16777473,2026-07-30 14:47:22,2026-07-10 10:05:01,2025-06-24 14:05:02
12438231,5149548,1,2026-07-30 01:05:01,2026-07-26 05:05:01,2025-01-17 03:05:01
10126551,5523912,16777473,2026-07-30 14:47:22,2026-07-10 11:05:01,2025-06-24 14:05:02
12438231,5523912,1,2026-07-30 01:05:01,2026-07-30 16:05:01,2025-01-17 03:05:01
184183,5114473,1,2026-07-25 00:05:01,2026-07-25 19:05:01,2024-02-10 14:00:00
10126551,5114473,16777473,2026-07-30 14:47:22,2026-07-10 10:05:01,2025-06-28 17:05:01
12438231,5114473,1,2026-07-30 01:05:01,2026-07-30 16:05:01,2025-01-17 03:05:01
184183,4908202,1,2026-07-25 00:05:01,2026-07-25 19:05:01,2024-02-10 14:00:00
10126551,4908202,16777473,2026-07-30 14:47:22,2026-07-28 00:05:01,2025-06-28 17:05:01
12438231,4908202,1,2026-07-30 01:05:01,2026-07-30 16:05:01,2025-01-17 03:05:01
184183,5295439,1,2026-07-25 00:05:01,2026-07-25 20:05:01,2024-02-10 14:00:00
10126551,5295439,16777473,2026-07-30 14:47:22,2026-07-30 16:05:01,2025-06-29 16:05:01
12438231,5295439,1,2026-07-30 01:05:01,2026-07-30 16:05:01,2025-01-17 03:05:01
670524,5812073,0,,2026-07-30 16:05:01,
10126551,5812073,16777473,2026-07-30 14:47:22,2026-07-28 04:05:01,2025-06-28 17:05:01
12438231,5812073,1,2026-07-30 01:05:01,2026-07-30 16:05:01,2025-01-17 03:05:01
184183,5810465,1,2026-07-25 00:05:01,2026-07-25 20:05:01,2024-02-10 14:00:00
10126551,5810465,16777473,2026-07-30 14:47:22,2026-07-30 00:05:01,2025-06-28 17:05:01
12438231,5810465,1,2026-07-30 01:05:01,2026-07-30 16:05:01,2025-01-17 03:05:01
184183,5223643,1,2026-07-25 00:05:01,2026-07-25 19:05:01,2024-02-10 14:00:00
10126551,5223643,16777473,2026-07-30 14:47:22,2026-07-30 14:05:02,2025-06-28 17:05:01
12438231,5223643,1,2026-07-30 01:05:01,2026-07-30 16:05:01,2025-01-17 03:05:01
184183,5697393,1,2026-07-25 00:05:01,2026-07-25 20:05:01,2024-02-10 14:00:00
369429,5697393,1,2026-07-30 01:05:01,2026-07-30 16:05:01,2024-02-24 09:50:00
10126551,5697393,16777473,2026-07-30 14:47:22,2026-07-30 01:05:01,2025-06-29 16:05:01
12438231,5697393,1,2026-07-30 01:05:01,2026-07-30 16:05:01,2025-01-17 03:05:01
184183,5765312,1,2026-07-25 00:05:01,2026-07-25 19:05:01,2024-02-10 14:00:00
369429,5765312,1,2026-07-30 01:05:01,2026-07-30 16:05:01,2024-03-24 12:10:00
10126551,5765312,16777473,2026-07-30 14:47:22,2026-07-30 05:05:01,2025-06-28 17:05:01
12438231,5765312,1,2026-07-30 01:05:01,2026-07-30 16:05:01,2025-01-17 03:05:01
184183,5765323,1,2026-07-25 00:05:01,2026-07-25 20:05:01,2024-02-10 14:00:00
369429,5765323,1,2026-07-30 01:05:01,2026-07-30 16:05:01,2024-03-24 12:10:00
10126551,5765323,16777473,2026-07-30 14:47:22,2026-07-30 04:05:01,2025-06-28 17:05:01
12438231,5765323,1,2026-07-30 01:05:01,2026-07-30 16:05:01,2025-01-17 03:05:01
184183,5440769,1,2026-07-25 00:05:01,2026-07-25 20:05:01,2024-02-10 14:00:00
10126551,5440769,16777473,2026-07-30 14:47:22,2026-07-30 16:05:01,2025-06-28 17:05:01
12438231,5440769,1,2026-07-30 01:05:01,2026-07-30 16:05:01,2025-01-17 03:05:01
184183,5770988,1,2026-07-25 00:05:01,2026-07-25 19:05:01,2024-02-10 14:00:00
10126551,5770988,16777473,2026-07-30 14:47:22,2026-07-30 16:05:01,2025-06-28 17:05:01
12438231,5770988,1,2026-07-30 01:05:01,2026-07-30 16:05:01,2025-01-17 03:05:01
184183,5793954,1,2026-07-25 00:05:01,2026-07-25 20:05:01,2024-02-10 14:00:00
10126551,5793954,16777473,2026-07-30 14:47:22,2026-07-10 10:05:01,2025-06-28 17:05:01
12438231,5793954,1,2026-07-30 01:05:01,2026-07-30 16:05:01,2025-01-17 03:05:01
184183,3409878,1,2026-07-25 00:05:01,2026-07-25 20:05:01,2024-02-10 14:00:00
10126551,3409878,16777473,2026-07-30 14:47:22,2026-07-30 05:05:01,2025-06-29 16:05:01
12438231,3409878,1,2026-07-30 01:05:01,2026-07-30 16:05:01,2025-01-17 03:05:01
369429,4752949,1,2026-07-30 01:05:01,2026-07-30 16:05:01,2024-02-24 09:50:00
10126551,4752949,16777473,2026-07-30 14:47:22,2026-07-10 11:05:01,2025-06-28 17:05:01
12438231,4752949,1,2026-07-30 01:05:01,2026-07-30 16:05:01,2025-01-17 03:05:01
10126551,5839701,16777473,2026-07-30 14:47:22,2026-07-10 10:05:01,2025-06-28 17:05:01
12438231,5839701,1,2026-07-30 01:05:01,2026-07-30 12:05:01,2025-01-17 03:05:01
369429,5020700,1,2026-07-30 01:05:01,2026-07-30 16:05:01,2024-02-24 09:50:00
10126551,5020700,16777473,2026-07-30 14:47:22,2026-07-10 23:05:01,2025-06-29 16:05:01
12438231,5020700,1,2026-07-30 01:05:01,2026-07-30 16:05:01,2025-01-17 03:05:01
184183,5840100,1,2026-07-25 00:05:01,2026-07-25 20:05:01,2024-02-10 14:00:00
369429,5840100,1,2026-07-30 01:05:01,2026-07-30 16:05:01,2024-02-24 09:50:00
10126551,5840100,16777473,2026-07-30 14:47:22,2026-07-28 00:05:01,2025-06-29 16:05:01
12438231,5840100,1,2026-07-30 01:05:01,2026-07-30 16:05:01,2025-01-17 03:05:01
369429,5347476,1,2026-07-30 01:05:01,2026-07-30 16:05:01,2024-02-24 09:50:00
10126551,5347476,16777473,2026-07-30 14:47:22,2026-07-10 10:05:01,2025-06-28 17:05:01
12438231,5347476,1,2026-07-30 01:05:01,2026-07-30 16:05:01,2025-01-17 03:05:01
184183,5502858,1,2026-07-25 00:05:01,2026-07-25 19:05:01,2024-02-10 14:00:00
369429,5502858,1,2026-07-30 01:05:01,2026-07-30 16:05:01,2024-06-03 20:56:17
10126551,5502858,16777473,2026-07-30 14:47:22,2026-07-30 04:05:01,2025-06-29 16:05:01
12438231,5502858,1,2026-07-30 01:05:01,2026-07-30 16:05:01,2025-01-17 03:05:01
369429,5581655,1,2026-07-30 01:05:01,2026-07-30 11:05:01,2024-07-27 02:03:43
10126551,5581655,16777473,2026-07-30 14:47:22,2026-07-30 04:05:01,2025-06-28 17:05:01
12438231,5581655,1,2026-07-30 01:05:01,2026-07-30 16:05:01,2025-01-17 03:05:01
184183,3390534,1,2026-07-25 00:05:01,2026-07-25 19:05:01,2024-02-10 14:00:00
369429,3390534,1,2026-07-30 01:05:01,2026-07-30 16:05:01,2024-02-24 09:50:00
10126551,3390534,16777473,2026-07-30 14:47:22,2026-07-28 00:05:01,2025-06-29 16:05:01
12438231,3390534,1,2026-07-30 01:05:01,2026-07-30 16:05:01,2025-01-17 03:05:01
369429,5914885,1,2026-07-30 01:05:01,2026-07-30 16:05:01,2024-03-24 12:10:00
10126551,5914885,16777473,2026-07-30 14:47:22,2026-07-30 05:05:01,2025-06-29 16:05:01
12438231,5914885,1,2026-07-30 01:05:01,2026-07-30 16:05:01,2025-01-17 03:05:01
184183,4840268,1,2026-07-25 00:05:01,2026-07-25 19:05:01,2024-02-10 14:00:00
10126551,4840268,16777473,2026-07-30 14:47:22,2026-07-26 03:05:01,2025-06-28 17:05:01
12438231,4840268,1,2026-07-30 01:05:01,2026-07-30 16:05:01,2025-01-17 03:05:01
184183,3853729,1,2026-07-25 00:05:01,2026-07-25 19:05:01,2024-02-10 14:00:00
670524,3853729,0,,2026-07-30 16:05:01,
9423019,3853729,1,2026-04-08 02:05:02,2026-07-30 16:05:01,2024-02-05 04:04:00
10126551,3853729,16777473,2026-07-30 14:47:22,2026-07-30 04:05:01,2025-06-29 16:05:01
12438231,3853729,1,2026-07-30 01:05:01,2026-07-30 16:05:01,2025-01-17 03:05:01
369429,5150031,1,2026-07-30 01:05:01,2026-07-30 16:05:01,2024-02-24 09:50:00
10126551,5150031,16777473,2026-07-30 14:47:22,2026-07-30 05:05:01,2025-06-28 17:05:01
12438231,5150031,1,2026-07-30 01:05:01,2026-07-30 16:05:01,2025-01-17 03:05:01
369429,4575956,1,2026-07-30 01:05:01,2026-07-30 16:05:01,2024-02-24 09:50:00
10126551,4575956,16777473,2026-07-30 14:47:22,2026-07-11 22:05:02,2025-06-27 10:05:01
12438231,4575956,1,2026-07-30 01:05:01,2026-07-30 16:05:01,2025-01-17 03:05:01
369429,5327412,1,2026-07-30 01:05:01,2026-07-30 16:05:01,2024-02-24 09:50:00
10126551,5327412,16777473,2026-07-30 14:47:22,2026-07-11 20:35:52,2025-06-28 17:05:01
12438231,5327412,1,2026-07-30 01:05:01,2026-07-30 16:05:01,2025-01-17 03:05:01
10126551,5745064,16777473,2026-07-30 14:47:22,2026-07-10 10:05:01,2025-06-27 10:05:01
12438231,5745064,1,2026-07-30 01:05:01,2026-07-30 13:05:01,2025-01-17 03:05:01
184183,4728018,1,2026-07-25 00:05:01,2026-07-25 19:05:01,2024-02-10 14:00:00
369429,4728018,1,2026-07-30 01:05:01,2026-07-30 16:05:01,2024-03-08 03:46:00
10126551,4728018,16777473,2026-07-30 14:47:22,2026-07-30 04:05:01,2025-06-29 16:05:01
12438231,4728018,1,2026-07-30 01:05:01,2026-07-30 16:05:01,2025-01-17 03:05:01
369429,4104117,1,2026-07-30 01:05:01,2026-07-30 16:05:01,2024-02-24 09:50:00
9423019,4104117,1,2026-04-08 02:05:02,2026-07-30 16:05:01,2024-02-05 04:04:00
10126551,4104117,16777473,2026-07-30 14:47:22,2026-07-27 02:05:01,2025-06-29 16:05:01
12438231,4104117,1,2026-07-30 01:05:01,2026-07-30 16:05:01,2025-01-17 03:05:01
369429,5944895,1,2026-07-30 01:05:01,2026-07-30 16:05:01,2024-03-24 12:10:00
10126551,5944895,16777473,2026-07-30 14:47:22,2026-07-28 00:05:01,2025-06-28 17:05:01
12438231,5944895,1,2026-07-30 01:05:01,2026-07-30 16:05:01,2025-01-17 03:05:01
369429,5947619,1,2026-07-30 01:05:01,2026-07-30 12:05:01,2024-02-24 09:50:00
10126551,5947619,16777473,2026-07-30 14:47:22,2026-07-10 10:05:01,2025-06-28 17:05:01
12438231,5947619,1,2026-07-30 01:05:01,2026-07-30 16:05:01,2025-01-17 03:05:01
369429,4639686,1,2026-07-30 01:05:01,2026-07-30 16:05:01,2024-02-24 09:50:00
9423019,4639686,1,2026-04-08 02:05:02,2026-07-30 16:05:01,2024-02-05 04:04:00
10126551,4639686,16777473,2026-07-30 14:47:22,2026-07-10 11:05:01,2025-06-29 16:05:01
12438231,4639686,1,2026-07-30 01:05:01,2026-07-30 16:05:01,2025-01-17 03:05:01
369429,5725936,1,2026-07-30 01:05:01,2026-07-30 16:05:01,2024-02-24 09:50:00
670524,5725936,0,,2026-07-30 16:05:01,
10126551,5725936,16777473,2026-07-30 14:47:22,2026-07-26 02:05:01,2025-06-29 16:05:01
12438231,5725936,1,2026-07-30 01:05:01,2026-07-30 16:05:01,2025-01-17 03:05:01
184183,4730772,1,2026-07-25 00:05:01,2026-07-25 19:05:01,2024-02-10 14:00:00
369429,4730772,1,2026-07-30 01:05:01,2026-07-30 16:05:01,2024-08-22 02:02:40
10126551,4730772,16777473,2026-07-30 14:47:22,2026-07-30 05:05:01,2025-06-28 17:05:01
12438231,4730772,1,2026-07-30 01:05:01,2026-07-30 16:05:01,2025-01-17 03:05:01
2202991,5721850,0,,2026-07-30 16:05:01,
10126551,5721850,16777473,2026-07-30 14:47:22,2026-07-10 10:05:01,2025-06-27 10:05:01
12438231,5721850,1,2026-07-30 01:05:01,2026-07-30 16:05:01,2025-01-17 03:05:01
369429,4131317,1,2026-07-30 01:05:01,2026-07-30 16:05:01,2024-02-24 09:50:00
10126551,4131317,16777473,2026-07-30 14:47:22,2026-07-30 04:05:01,2025-06-29 16:05:01
12438231,4131317,1,2026-07-30 01:05:01,2026-07-30 16:05:01,2025-01-17 03:05:01
184183,5756746,1,2026-07-25 00:05:01,2026-07-25 19:05:01,2024-02-10 14:00:00
10126551,5756746,16777473,2026-07-30 14:47:22,2026-07-30 16:05:01,2025-06-28 17:05:01
12438231,5756746,1,2026-07-30 01:05:01,2026-07-30 16:05:01,2025-01-17 03:05:01
1140687,5117475,1,2026-07-30 00:05:01,2026-07-30 10:05:01,2024-08-17 23:15:27
10126551,5117475,16777473,2026-07-30 14:47:22,2026-07-27 02:05:01,2025-06-28 17:05:01
12438231,5117475,1,2026-07-30 01:05:01,2026-07-30 16:05:01,2025-01-17 03:05:01
10126551,4037728,16777473,2026-07-30 14:47:22,2026-07-10 10:05:01,2025-06-24 22:05:01
12438231,4037728,1,2026-07-30 01:05:01,2026-07-30 16:05:01,2025-01-17 03:05:01
184183,5448200,1,2026-07-25 00:05:01,2026-07-25 19:05:01,2024-02-10 14:00:00
369429,5448200,1,2026-07-30 01:05:01,2026-07-30 16:05:01,2024-02-24 09:50:00
10126551,5448200,16777473,2026-07-30 14:47:22,2026-07-10 11:05:01,2025-06-29 16:05:01
12438231,5448200,1,2026-07-30 01:05:01,2026-07-30 16:05:01,2025-01-17 03:05:01
10126551,6573003,16777473,2026-07-30 14:47:22,2026-07-29 04:05:01,2025-06-27 10:05:01
12438231,6573003,1,2026-07-30 01:05:01,2026-07-30 16:05:01,2025-01-17 03:05:01
10126551,4043147,16777473,2026-07-30 14:47:22,2026-07-11 20:35:52,2025-06-27 10:05:01
12438231,4043147,1,2026-07-30 01:05:01,2026-07-30 16:05:01,2025-01-17 03:05:01
23482699,4043147,65537,2024-05-08 19:53:00,2026-07-26 03:05:01,2024-02-08 20:39:00
369429,5838904,1,2026-07-30 01:05:01,2026-07-30 12:05:01,2024-02-24 09:50:00
10126551,5838904,16777473,2026-07-30 14:47:22,2026-07-10 10:05:01,2025-06-28 17:05:01
12438231,5838904,1,2026-07-30 01:05:01,2026-07-30 16:05:01,2025-01-17 03:05:01
369429,5758314,1,2026-07-30 01:05:01,2026-07-30 16:05:01,2024-02-24 09:50:00
10126551,5758314,16777473,2026-07-30 14:47:22,2026-07-28 00:05:01,2025-06-29 16:05:01
12438231,5758314,1,2026-07-30 01:05:01,2026-07-30 16:05:01,2025-01-17 03:05:01
369429,5829276,1,2026-07-30 01:05:01,2026-07-30 16:05:01,2024-02-24 09:50:00
670524,5829276,0,,2026-07-30 16:05:01,
10126551,5829276,16777473,2026-07-30 14:47:22,2026-07-28 02:05:01,2025-06-29 16:05:01
12438231,5829276,1,2026-07-30 01:05:01,2026-07-30 16:05:01,2025-01-17 03:05:01
369429,5522851,1,2026-07-30 01:05:01,2026-07-30 16:05:01,2024-02-24 09:50:00
10126551,5522851,16777473,2026-07-30 14:47:22,2026-07-27 03:05:01,2025-06-29 16:05:01
12438231,5522851,1,2026-07-30 01:05:01,2026-07-30 16:05:01,2025-01-17 03:05:01
369429,5994893,1,2026-07-30 01:05:01,2026-07-30 16:05:01,2024-02-24 09:50:00
9423019,5994893,1,2026-04-08 02:05:02,2026-07-30 16:05:01,2024-02-05 04:04:00
10126551,5994893,16777473,2026-07-30 14:47:22,2026-07-11 22:05:02,2025-06-29 16:05:01
12438231,5994893,1,2026-07-30 01:05:01,2026-07-30 16:05:01,2025-01-17 03:05:01
369429,4840251,1,2026-07-30 01:05:01,2026-07-10 11:05:01,2024-02-24 09:50:00
10126551,4840251,16777473,2026-07-30 14:47:22,2026-07-10 10:05:01,2025-06-28 17:05:01
12438231,4840251,1,2026-07-30 01:05:01,2026-07-26 05:05:01,2025-01-17 03:05:01
369429,4836532,1,2026-07-30 01:05:01,2026-07-30 16:05:01,2024-02-24 09:50:00
9423019,4836532,1,2026-04-08 02:05:02,2026-07-30 16:05:01,2024-02-05 04:04:00
10126551,4836532,16777473,2026-07-30 14:47:22,2026-07-25 02:05:01,2025-06-29 16:05:01
12438231,4836532,1,2026-07-30 01:05:01,2026-07-30 16:05:01,2025-01-17 03:05:01
184183,5494233,1,2026-07-25 00:05:01,2026-07-25 19:05:01,2024-02-10 14:00:00
369429,5494233,1,2026-07-30 01:05:01,2026-07-30 16:05:01,2024-03-24 12:10:00
10126551,5494233,16777473,2026-07-30 14:47:22,2026-07-30 05:05:01,2025-06-28 17:05:01
12438231,5494233,1,2026-07-30 01:05:01,2026-07-30 16:05:01,2025-01-17 03:05:01
1140687,5703995,1,2026-07-30 00:05:01,2026-07-30 10:05:01,2024-08-17 23:15:27
10126551,5703995,16777473,2026-07-30 14:47:22,2026-07-23 10:05:01,2025-06-29 16:05:01
12438231,5703995,1,2026-07-30 01:05:01,2026-07-30 16:05:01,2025-01-17 03:05:01
10126551,4816634,16777473,2026-07-30 14:47:22,2026-07-16 08:05:01,2025-06-24 14:05:02
12438231,4816634,1,2026-07-30 01:05:01,2026-07-30 16:05:01,2025-01-17 03:05:01
10126551,5139695,16777473,2026-07-30 14:47:22,2026-07-10 11:05:01,2025-06-24 22:05:01
369429,3043745,1,2026-07-30 01:05:01,2026-07-30 16:05:01,2024-03-08 03:46:00
10126551,3043745,16777473,2026-07-30 14:47:22,2026-07-27 02:05:01,2025-06-28 17:05:01
12438231,3043745,1,2026-07-30 01:05:01,2026-07-30 16:05:01,2025-01-17 03:05:01
369429,6000626,1,2026-07-30 01:05:01,2026-07-30 16:05:01,2024-02-24 09:50:00
10126551,6000626,16777473,2026-07-30 14:47:22,2026-07-28 00:05:01,2025-06-28 17:05:01
12438231,6000626,1,2026-07-30 01:05:01,2026-07-30 16:05:01,2025-01-17 03:05:01
369429,5103663,1,2026-07-30 01:05:01,2026-07-30 16:05:01,2024-02-24 09:50:00
10126551,5103663,16777473,2026-07-30 14:47:22,2026-07-28 00:05:01,2025-06-29 16:05:01
12438231,5103663,1,2026-07-30 01:05:01,2026-07-30 16:05:01,2025-01-17 03:05:01
184183,5454619,1,2026-07-25 00:05:01,2026-07-25 20:05:01,2024-02-10 14:00:00
369429,5454619,1,2026-07-30 01:05:01,2026-07-30 16:05:01,2024-02-24 09:50:00
10126551,5454619,16777473,2026-07-30 14:47:22,2026-07-28 02:05:01,2025-06-29 16:05:01
12438231,5454619,1,2026-07-30 01:05:01,2026-07-30 16:05:01,2025-01-17 03:05:01
184183,5641334,1,2026-07-25 00:05:01,2026-07-25 19:05:01,2024-02-10 14:00:00
369429,5641334,1,2026-07-30 01:05:01,2026-07-30 16:05:01,2024-02-24 09:50:00
10126551,5641334,16777473,2026-07-30 14:47:22,2026-07-28 02:05:01,2025-06-29 16:05:01
12438231,5641334,1,2026-07-30 01:05:01,2026-07-30 16:05:01,2025-01-17 03:05:01
369429,4419410,1,2026-07-30 01:05:01,2026-07-30 16:05:01,2024-02-24 09:50:00
9423019,4419410,1,2026-04-08 02:05:02,2026-07-30 16:05:01,2024-02-05 04:04:00
10126551,4419410,16777473,2026-07-30 14:47:22,2026-07-30 03:05:02,2025-06-29 16:05:01
12438231,4419410,1,2026-07-30 01:05:01,2026-07-30 16:05:01,2025-01-17 03:05:01
769018,1841822,0,,2026-07-30 16:05:01,
10126551,1841822,16777473,2026-07-30 14:47:22,2026-07-10 10:05:01,2025-06-24 22:05:01
12438231,1841822,1,2026-07-30 01:05:01,2026-07-30 15:05:01,2025-01-17 03:05:01
184183,5340092,1,2026-07-25 00:05:01,2026-07-25 19:05:01,2024-02-10 14:00:00
369429,5340092,1,2026-07-30 01:05:01,2026-07-30 16:05:01,2024-03-08 03:46:00
10126551,5340092,16777473,2026-07-30 14:47:22,2026-07-28 00:05:01,2025-06-28 17:05:01
12438231,5340092,1,2026-07-30 01:05:01,2026-07-30 16:05:01,2025-01-17 03:05:01
369429,3236384,1,2026-07-30 01:05:01,2026-07-30 16:05:01,2024-02-24 09:50:00
10126551,3236384,16777473,2026-07-30 14:47:22,2026-07-28 00:05:01,2025-06-28 17:05:01
12438231,3236384,1,2026-07-30 01:05:01,2026-07-30 16:05:01,2025-01-17 03:05:01
369429,4455556,1,2026-07-30 01:05:01,2026-07-30 16:05:01,2024-04-30 21:30:00
10126551,4455556,16777473,2026-07-30 14:47:22,2026-07-10 10:05:01,2025-06-28 17:05:01
12438231,4455556,1,2026-07-30 01:05:01,2026-07-30 16:05:01,2025-01-17 03:05:01
25825363,4455556,65537,2024-05-13 19:52:00,2026-07-29 21:05:01,2023-12-26 21:00:00
184183,3644629,1,2026-07-25 00:05:01,2026-07-25 19:05:01,2024-02-10 14:00:00
369429,3644629,1,2026-07-30 01:05:01,2026-07-30 16:05:01,2024-04-20 18:55:00
10126551,3644629,16777473,2026-07-30 14:47:22,2026-07-10 10:05:01,2025-06-28 17:05:01
12438231,3644629,1,2026-07-30 01:05:01,2026-07-30 16:05:01,2025-01-17 03:05:01
369429,5370970,1,2026-07-30 01:05:01,2026-07-30 16:05:01,2024-03-24 12:10:00
10126551,5370970,16777473,2026-07-30 14:47:22,2026-07-25 02:05:01,2025-06-28 17:05:01
12438231,5370970,1,2026-07-30 01:05:01,2026-07-30 16:05:01,2025-01-17 03:05:01
184183,5913809,1,2026-07-25 00:05:01,2026-07-25 19:05:01,2024-07-22 02:34:25
10126551,5913809,16777473,2026-07-30 14:47:22,2026-07-30 00:05:01,2025-06-28 17:05:01
12438231,5913809,1,2026-07-30 01:05:01,2026-07-30 16:05:01,2025-01-17 03:05:01
184183,4185852,1,2026-07-25 00:05:01,2026-07-25 20:05:01,2024-02-10 14:00:00
369429,4185852,1,2026-07-30 01:05:01,2026-07-30 16:05:01,2024-02-24 09:50:00
10126551,4185852,16777473,2026-07-30 14:47:22,2026-07-10 11:05:01,2025-06-29 16:05:01
12438231,4185852,1,2026-07-30 01:05:01,2026-07-30 16:05:01,2025-01-17 03:05:01
184183,6074458,1,2026-07-25 00:05:01,2026-07-25 20:05:01,2024-02-10 14:00:00
10126551,6074458,16777473,2026-07-30 14:47:22,2026-07-27 02:05:01,2025-06-29 16:05:01
12438231,6074458,1,2026-07-30 01:05:01,2026-07-30 16:05:01,2025-01-17 03:05:01
184183,5346400,1,2026-07-25 00:05:01,2026-07-25 19:05:01,2024-02-10 14:00:00
10126551,5346400,16777473,2026-07-30 14:47:22,2026-07-10 10:05:01,2025-06-29 16:05:01
12438231,5346400,1,2026-07-30 01:05:01,2026-07-30 16:05:01,2025-01-17 03:05:01
184183,4278047,1,2026-07-25 00:05:01,2026-07-25 19:05:01,2024-02-10 14:00:00
369429,4278047,1,2026-07-30 01:05:01,2026-07-30 16:05:01,2024-06-03 20:56:17
10126551,4278047,16777473,2026-07-30 14:47:22,2026-07-28 00:05:01,2025-06-28 17:05:01
12438231,4278047,1,2026-07-30 01:05:01,2026-07-30 16:05:01,2025-01-17 03:05:01
369429,4280482,1,2026-07-30 01:05:01,2026-07-30 16:05:01,2024-02-24 09:50:00
9423019,4280482,1,2026-04-08 02:05:02,2026-07-30 16:05:01,2024-02-05 04:04:00
10126551,4280482,16777473,2026-07-30 14:47:22,2026-07-28 02:05:01,2025-06-29 16:05:01
12438231,4280482,1,2026-07-30 01:05:01,2026-07-30 16:05:01,2025-01-17 03:05:01
184183,5831605,1,2026-07-25 00:05:01,2026-07-25 19:05:01,2024-02-10 14:00:00
10126551,5831605,16777473,2026-07-30 14:47:22,2026-07-21 04:05:01,2025-06-28 17:05:01
12438231,5831605,1,2026-07-30 01:05:01,2026-07-30 16:05:01,2025-01-17 03:05:01
369429,5440656,1,2026-07-30 01:05:01,2026-07-30 15:05:01,2024-02-24 09:50:00
10126551,5440656,16777473,2026-07-30 14:47:22,2026-07-10 10:05:01,2025-06-28 17:05:01
12438231,5440656,1,2026-07-30 01:05:01,2026-07-30 16:05:01,2025-01-17 03:05:01
10126551,5882100,16777473,2026-07-30 14:47:22,2026-07-10 10:05:01,2025-06-24 22:05:01
12438231,5882100,1,2026-07-30 01:05:01,2026-07-30 16:05:01,2025-01-17 03:05:01
1140687,6020115,1,2026-07-30 00:05:01,2026-07-30 10:05:01,2024-08-17 23:15:27
10126551,6020115,16777473,2026-07-30 14:47:22,2026-07-30 08:05:01,2025-06-27 10:05:01
12438231,6020115,1,2026-07-30 01:05:01,2026-07-30 16:05:01,2025-01-17 03:05:01
1140687,5774150,1,2026-07-30 00:05:01,2026-07-30 10:05:01,2024-12-21 01:05:01
10126551,5774150,16777473,2026-07-30 14:47:22,2026-07-10 10:05:01,2025-06-24 22:05:01
12438231,5774150,1,2026-07-30 01:05:01,2026-07-30 16:05:01,2025-01-17 03:05:01
184183,5388743,1,2026-07-25 00:05:01,2026-07-25 19:05:01,2024-02-10 14:00:00
369429,5388743,1,2026-07-30 01:05:01,2026-07-30 16:05:01,2024-02-24 09:50:00
10126551,5388743,16777473,2026-07-30 14:47:22,2026-07-27 02:05:01,2025-06-29 16:05:01
12438231,5388743,1,2026-07-30 01:05:01,2026-07-30 16:05:01,2025-01-17 03:05:01
369429,6100532,1,2026-07-30 01:05:01,2026-07-30 16:05:01,2024-02-24 09:50:00
10126551,6100532,16777473,2026-07-30 14:47:22,2026-07-18 02:05:01,2025-06-29 16:05:01
12438231,6100532,1,2026-07-30 01:05:01,2026-07-30 16:05:01,2025-01-17 03:05:01
184183,5638772,1,2026-07-25 00:05:01,2026-07-25 19:05:01,2024-02-10 14:00:00
10126551,5638772,16777473,2026-07-30 14:47:22,2026-07-27 02:05:01,2025-06-28 17:05:01
12438231,5638772,1,2026-07-30 01:05:01,2026-07-30 16:05:01,2025-01-17 03:05:01
369429,6101544,1,2026-07-30 01:05:01,2026-07-30 16:05:01,2024-04-30 21:30:00
10126551,6101544,16777473,2026-07-30 14:47:22,2026-07-27 02:05:01,2025-06-28 17:05:01
12438231,6101544,1,2026-07-30 01:05:01,2026-07-30 16:05:01,2025-01-17 03:05:01
184183,5427092,1,2026-07-25 00:05:01,2026-07-25 19:05:01,2024-02-10 14:00:00
369429,5427092,1,2026-07-30 01:05:01,2026-07-30 16:05:01,2024-02-24 09:50:00
10126551,5427092,16777473,2026-07-30 14:47:22,2026-07-30 05:05:01,2025-06-28 17:05:01
12438231,5427092,1,2026-07-30 01:05:01,2026-07-30 16:05:01,2025-01-17 03:05:01
369429,5900200,1,2026-07-30 01:05:01,2026-07-30 10:05:01,2024-02-24 09:50:00
10126551,5900200,16777473,2026-07-30 14:47:22,2026-07-30 01:05:01,2025-06-27 10:05:01
12438231,5900200,1,2026-07-30 01:05:01,2026-07-30 16:05:01,2025-01-17 03:05:01
369429,5087548,1,2026-07-30 01:05:01,2026-07-30 15:05:01,2024-03-24 12:10:00
10126551,5087548,16777473,2026-07-30 14:47:22,2026-07-28 00:05:01,2025-06-28 17:05:01
12438231,5087548,1,2026-07-30 01:05:01,2026-07-30 16:05:01,2025-01-17 03:05:01
369429,5846399,1,2026-07-30 01:05:01,2026-07-30 16:05:01,2024-02-24 09:50:00
10126551,5846399,16777473,2026-07-30 14:47:22,2026-07-11 20:35:52,2025-06-28 17:05:01
12438231,5846399,1,2026-07-30 01:05:01,2026-07-30 16:05:01,2025-01-17 03:05:01
10126551,5836649,16777473,2026-07-30 14:47:22,2026-07-10 10:05:01,2025-06-27 10:05:01
12438231,5836649,1,2026-07-30 01:05:01,2026-07-30 00:05:01,2025-01-17 03:05:01
369429,4605040,1,2026-07-30 01:05:01,2026-07-30 16:05:01,2024-02-24 09:50:00
10126551,4605040,16777473,2026-07-30 14:47:22,2026-07-17 16:28:11,2025-06-29 16:05:01
12438231,4605040,1,2026-07-30 01:05:01,2026-07-30 16:05:01,2025-01-17 03:05:01
25825363,4605040,65537,2024-05-13 19:52:00,2026-07-29 21:05:01,2023-12-26 21:00:00
369429,5759100,1,2026-07-30 01:05:01,2026-07-30 16:05:01,2024-02-24 09:50:00
10126551,5759100,16777473,2026-07-30 14:47:22,2026-07-28 02:05:01,2025-06-29 16:05:01
12438231,5759100,1,2026-07-30 01:05:01,2026-07-30 16:05:01,2025-01-17 03:05:01
1140687,6118080,1,2026-07-30 00:05:01,2026-07-30 10:05:01,2024-08-17 23:15:27
10126551,6118080,16777473,2026-07-30 14:47:22,2026-07-30 15:05:01,2025-06-27 10:05:01
12438231,6118080,1,2026-07-30 01:05:01,2026-07-30 16:05:01,2025-01-17 03:05:01
10126551,5820190,16777473,2026-07-30 14:47:22,2026-07-10 10:05:01,2025-06-24 14:05:02
12438231,5820190,1,2026-07-30 01:05:01,2026-07-26 05:05:01,2025-01-17 03:05:01
369429,4458635,1,2026-07-30 01:05:01,2026-07-30 16:05:01,2024-03-24 12:10:00
10126551,4458635,16777473,2026-07-30 14:47:22,2026-07-27 02:05:01,2025-06-28 17:05:01
12438231,4458635,1,2026-07-30 01:05:01,2026-07-30 16:05:01,2025-01-17 03:05:01
10126551,5672096,16777473,2026-07-30 14:47:22,2026-07-10 10:05:01,2025-06-28 17:05:01
12438231,5672096,1,2026-07-30 01:05:01,2026-07-30 13:05:01,2025-01-17 03:05:01
184183,5634789,1,2026-07-25 00:05:01,2026-07-25 19:05:01,2024-02-10 14:00:00
369429,5634789,1,2026-07-30 01:05:01,2026-07-30 16:05:01,2024-02-24 09:50:00
10126551,5634789,16777473,2026-07-30 14:47:22,2026-07-30 05:05:01,2025-06-29 16:05:01
12438231,5634789,1,2026-07-30 01:05:01,2026-07-30 16:05:01,2025-01-17 03:05:01
369429,5807379,1,2026-07-30 01:05:01,2026-07-30 16:05:01,2024-02-24 09:50:00
10126551,5807379,16777473,2026-07-30 14:47:22,2026-07-27 03:05:01,2025-06-28 17:05:01
12438231,5807379,1,2026-07-30 01:05:01,2026-07-30 16:05:01,2025-01-17 03:05:01
369429,5759104,1,2026-07-30 01:05:01,2026-07-30 16:05:01,2024-02-24 09:50:00
10126551,5759104,16777473,2026-07-30 14:47:22,2026-07-29 02:05:01,2025-06-29 16:05:01
12438231,5759104,1,2026-07-30 01:05:01,2026-07-30 16:05:01,2025-01-17 03:05:01
184183,5481332,1,2026-07-25 00:05:01,2026-07-25 20:05:01,2024-02-10 14:00:00
369429,5481332,1,2026-07-30 01:05:01,2026-07-30 16:05:01,2024-02-24 09:50:00
10126551,5481332,16777473,2026-07-30 14:47:22,2026-07-10 11:05:01,2025-06-29 16:05:01
12438231,5481332,1,2026-07-30 01:05:01,2026-07-30 16:05:01,2025-01-17 03:05:01
184183,5325716,1,2026-07-25 00:05:01,2026-07-25 19:05:01,2024-02-10 14:00:00
10126551,5325716,16777473,2026-07-30 14:47:22,2026-07-30 05:05:01,2025-06-29 16:05:01
12438231,5325716,1,2026-07-30 01:05:01,2026-07-30 16:05:01,2025-01-17 03:05:01
369429,4408223,1,2026-07-30 01:05:01,2026-07-30 16:05:01,2024-02-24 09:50:00
670524,4408223,1,2026-03-11 10:26:57,2026-07-30 16:05:01,2025-04-07 03:05:01
10126551,4408223,16777473,2026-07-30 14:47:22,2026-07-28 00:05:01,2025-06-29 16:05:01
12438231,4408223,1,2026-07-30 01:05:01,2026-07-30 16:05:01,2025-01-17 03:05:01
184183,5115128,1,2026-07-25 00:05:01,2026-07-25 20:05:01,2024-02-10 14:00:00
369429,5115128,1,2026-07-30 01:05:01,2026-07-30 16:05:01,2024-03-24 12:10:00
10126551,5115128,16777473,2026-07-30 14:47:22,2026-07-28 00:05:01,2025-06-28 17:05:01
12438231,5115128,1,2026-07-30 01:05:01,2026-07-30 16:05:01,2025-01-17 03:05:01
10126551,5682578,16777473,2026-07-30 14:47:22,2026-07-24 04:05:01,2025-06-28 17:05:01
12438231,5682578,1,2026-07-30 01:05:01,2026-07-30 16:05:01,2025-01-17 03:05:01
23482699,5682578,65537,2024-05-08 19:53:00,2026-07-26 03:05:01,2024-02-08 20:39:00
184183,5573969,1,2026-07-25 00:05:01,2026-07-25 20:05:01,2024-02-10 14:00:00
10126551,5573969,16777473,2026-07-30 14:47:22,2026-07-28 05:05:01,2025-06-28 17:05:01
12438231,5573969,1,2026-07-30 01:05:01,2026-07-30 16:05:01,2025-01-17 03:05:01
184183,3386989,1,2026-07-25 00:05:01,2026-07-25 19:05:01,2024-02-10 14:00:00
9423019,3386989,1,2026-04-08 02:05:02,2026-07-30 16:05:01,2024-02-05 04:04:00
10126551,3386989,16777473,2026-07-30 14:47:22,2026-07-30 05:05:01,2025-06-29 16:05:01
12438231,3386989,1,2026-07-30 01:05:01,2026-07-30 16:05:01,2025-01-17 03:05:01
184183,6117471,1,2026-07-25 00:05:01,2026-07-25 19:05:01,2024-02-10 14:00:00
10126551,6117471,16777473,2026-07-30 14:47:22,2026-07-10 10:05:01,2025-06-29 16:05:01
12438231,6117471,1,2026-07-30 01:05:01,2026-07-30 14:05:02,2025-01-17 03:05:01
369429,4807074,1,2026-07-30 01:05:01,2026-07-30 15:05:01,2024-02-24 09:50:00
10126551,4807074,16777473,2026-07-30 14:47:22,2026-07-25 04:05:01,2025-06-28 17:05:01
12438231,4807074,1,2026-07-30 01:05:01,2026-07-30 16:05:01,2025-01-17 03:05:01
10126551,4838377,16777473,2026-07-30 14:47:22,2026-07-10 10:05:01,2025-06-27 10:05:01
12438231,4838377,1,2026-07-30 01:05:01,2026-07-28 20:05:01,2025-01-17 03:05:01
369429,6045604,1,2026-07-30 01:05:01,2026-07-30 16:05:01,2024-02-24 09:50:00
10126551,6045604,16777473,2026-07-30 14:47:22,2026-07-30 04:05:01,2025-06-29 16:05:01
12438231,6045604,1,2026-07-30 01:05:01,2026-07-30 16:05:01,2025-01-17 03:05:01
369429,5888977,1,2026-07-30 01:05:01,2026-07-30 16:05:01,2024-03-24 12:10:00
10126551,5888977,16777473,2026-07-30 14:47:22,2026-07-28 00:05:01,2025-06-28 17:05:01
12438231,5888977,1,2026-07-30 01:05:01,2026-07-30 16:05:01,2025-01-17 03:05:01
369429,3920336,1,2026-07-30 01:05:01,2026-07-30 16:05:01,2024-02-24 09:50:00
670524,3920336,0,,2026-07-30 16:05:01,
10126551,3920336,16777473,2026-07-30 14:47:22,2026-07-28 02:05:01,2025-06-29 16:05:01
12438231,3920336,1,2026-07-30 01:05:01,2026-07-30 16:05:01,2025-01-17 03:05:01
369429,5358781,1,2026-07-30 01:05:01,2026-07-30 16:05:01,2024-02-24 09:50:00
10126551,5358781,16777473,2026-07-30 14:47:22,2026-07-29 01:05:01,2025-06-27 10:05:01
12438231,5358781,1,2026-07-30 01:05:01,2026-07-30 16:05:01,2025-01-17 03:05:01
9423019,3574453,1,2026-04-08 02:05:02,2026-07-30 16:05:01,2025-08-06 03:05:01
184183,5192050,1,2026-07-25 00:05:01,2026-07-25 19:05:01,2024-02-10 14:00:00
369429,5192050,1,2026-07-30 01:05:01,2026-07-30 16:05:01,2024-02-24 09:50:00
10126551,5192050,16777473,2026-07-30 14:47:22,2026-07-28 02:05:01,2025-06-29 16:05:01
12438231,5192050,1,2026-07-30 01:05:01,2026-07-30 16:05:01,2025-01-17 03:05:01
184183,5814428,1,2026-07-25 00:05:01,2026-07-25 20:05:01,2024-02-10 14:00:00
10126551,5814428,16777473,2026-07-30 14:47:22,2026-07-30 16:05:01,2025-06-28 17:05:01
12438231,5814428,1,2026-07-30 01:05:01,2026-07-30 16:05:01,2025-01-17 03:05:01
2202991,6160971,65537,2024-04-09 10:42:00,2026-07-30 16:05:01,2024-04-09 10:42:00
10126551,6160971,16777473,2026-07-30 14:47:22,2026-07-10 10:05:01,2025-06-24 14:05:02
12438231,6160971,1,2026-07-30 01:05:01,2026-07-26 05:05:01,2025-01-17 03:05:01
14783812,6160971,1,2026-05-07 15:23:24,2026-07-30 16:05:01,2025-02-23 08:05:01
184183,5498353,1,2026-07-25 00:05:01,2026-07-25 20:05:01,2024-02-10 14:00:00
369429,5498353,1,2026-07-30 01:05:01,2026-07-30 16:05:01,2024-02-24 09:50:00
10126551,5498353,16777473,2026-07-30 14:47:22,2026-07-30 05:05:01,2025-06-29 16:05:01
12438231,5498353,1,2026-07-30 01:05:01,2026-07-30 16:05:01,2025-01-17 03:05:01
184183,5532616,1,2026-07-25 00:05:01,2026-07-25 19:05:01,2024-02-10 14:00:00
369429,5532616,1,2026-07-30 01:05:01,2026-07-30 16:05:01,2024-02-24 09:50:00
10126551,5532616,16777473,2026-07-30 14:47:22,2026-07-28 02:05:01,2025-06-29 16:05:01
12438231,5532616,1,2026-07-30 01:05:01,2026-07-30 16:05:01,2025-01-17 03:05:01
184183,4515065,1,2026-07-25 00:05:01,2026-07-25 19:05:01,2024-02-10 14:00:00
369429,4515065,1,2026-07-30 01:05:01,2026-07-30 16:05:01,2024-06-03 20:56:17
10126551,4515065,16777473,2026-07-30 14:47:22,2026-07-26 23:05:01,2025-06-28 17:05:01
12438231,4515065,1,2026-07-30 01:05:01,2026-07-30 16:05:01,2025-01-17 03:05:01
369429,5786866,1,2026-07-30 01:05:01,2026-07-30 16:05:01,2024-02-24 09:50:00
10126551,5786866,16777473,2026-07-30 14:47:22,2026-07-27 01:05:02,2025-06-28 17:05:01
12438231,5786866,1,2026-07-30 01:05:01,2026-07-30 16:05:01,2025-01-17 03:05:01
369429,6122002,1,2026-07-30 01:05:01,2026-07-30 16:05:01,2024-04-16 15:29:00
10126551,6122002,16777473,2026-07-30 14:47:22,2026-07-28 00:05:01,2025-06-28 17:05:01
12438231,6122002,1,2026-07-30 01:05:01,2026-07-30 16:05:01,2025-01-17 03:05:01
184183,5766331,1,2026-07-25 00:05:01,2026-07-25 20:05:01,2024-02-10 14:00:00
369429,5766331,1,2026-07-30 01:05:01,2026-07-30 10:05:01,2024-02-24 09:50:00
10126551,5766331,16777473,2026-07-30 14:47:22,2026-07-30 00:05:01,2025-06-28 17:05:01
12438231,5766331,1,2026-07-30 01:05:01,2026-07-30 16:05:01,2025-01-17 03:05:01
369429,6022216,1,2026-07-30 01:05:01,2026-07-30 16:05:01,2024-02-24 09:50:00
10126551,6022216,16777473,2026-07-30 14:47:22,2026-07-30 05:05:01,2025-06-29 16:05:01
12438231,6022216,1,2026-07-30 01:05:01,2026-07-30 16:05:01,2025-01-17 03:05:01
369429,5800836,1,2026-07-30 01:05:01,2026-07-30 12:05:01,2024-02-24 09:50:00
10126551,5800836,16777473,2026-07-30 14:47:22,2026-07-26 04:05:01,2025-06-24 22:05:01
12438231,5800836,1,2026-07-30 01:05:01,2026-07-30 16:05:01,2025-01-17 03:05:01
10126551,5149926,16777473,2026-07-30 14:47:22,2026-07-28 00:05:01,2025-06-28 17:05:01
12438231,5149926,1,2026-07-30 01:05:01,2026-07-30 16:05:01,2025-01-17 03:05:01
369429,4555958,1,2026-07-30 01:05:01,2026-07-30 16:05:01,2024-02-24 09:50:00
10126551,4555958,16777473,2026-07-30 14:47:22,2026-07-30 05:05:01,2025-06-29 16:05:01
12438231,4555958,1,2026-07-30 01:05:01,2026-07-30 16:05:01,2025-01-17 03:05:01
10126551,6112301,16777473,2026-07-30 14:47:22,2026-07-10 10:05:01,2025-06-24 14:05:02
12438231,6112301,1,2026-07-30 01:05:01,2026-07-26 05:05:01,2025-01-17 03:05:01
1140687,6161520,1,2026-07-30 00:05:01,2026-07-30 10:05:01,2024-06-17 02:00:37
10126551,6161520,16777473,2026-07-30 14:47:22,2026-07-29 05:05:02,2025-06-28 17:05:01
12438231,6161520,1,2026-07-30 01:05:01,2026-07-30 16:05:01,2025-01-17 03:05:01
369429,5343483,1,2026-07-30 01:05:01,2026-07-30 16:05:01,2024-02-24 09:50:00
10126551,5343483,16777473,2026-07-30 14:47:22,2026-07-30 05:05:01,2025-06-29 16:05:01
12438231,5343483,1,2026-07-30 01:05:01,2026-07-30 16:05:01,2025-01-17 03:05:01
184183,5306000,1,2026-07-25 00:05:01,2026-07-25 20:05:01,2024-02-10 14:00:00
369429,5306000,1,2026-07-30 01:05:01,2026-07-30 16:05:01,2024-02-24 09:50:00
10126551,5306000,16777473,2026-07-30 14:47:22,2026-07-10 10:05:01,2025-06-28 17:05:01
12438231,5306000,1,2026-07-30 01:05:01,2026-07-30 16:05:01,2025-01-17 03:05:01
369429,4208884,1,2026-07-30 01:05:01,2026-07-30 16:05:01,2024-02-24 09:50:00
670524,4208884,0,,2026-07-30 16:05:01,
10126551,4208884,16777473,2026-07-30 14:47:22,2026-07-26 23:05:01,2025-06-29 16:05:01
12438231,4208884,1,2026-07-30 01:05:01,2026-07-30 16:05:01,2025-01-17 03:05:01
10126551,6002896,16777473,2026-07-30 14:47:22,2026-07-10 10:05:01,2025-06-24 14:05:02
12438231,6002896,1,2026-07-30 01:05:01,2026-07-30 16:05:01,2025-01-17 03:05:01
23482699,6002896,65537,2024-05-08 19:53:00,2026-07-30 16:05:01,2024-02-08 20:39:00
184183,5946789,1,2026-07-25 00:05:01,2026-07-25 20:05:01,2024-02-10 14:00:00
10126551,5946789,16777473,2026-07-30 14:47:22,2026-07-10 10:05:01,2025-06-28 17:05:01
12438231,5946789,1,2026-07-30 01:05:01,2026-07-30 16:05:01,2025-01-17 03:05:01
10126551,6193461,16777473,2026-07-30 14:47:22,2026-07-25 01:05:01,2025-06-28 17:05:01
12438231,6193461,1,2026-07-30 01:05:01,2026-07-30 16:05:01,2025-01-17 03:05:01
369429,4622443,1,2026-07-30 01:05:01,2026-07-30 16:05:01,2024-04-20 18:55:00
10126551,4622443,16777473,2026-07-30 14:47:22,2026-07-11 23:05:01,2025-06-28 17:05:01
12438231,4622443,1,2026-07-30 01:05:01,2026-07-30 16:05:01,2025-01-17 03:05:01
670524,4955406,0,,2026-07-30 16:05:01,
12438231,5139695,1,2026-07-30 01:05:01,2026-07-30 16:05:01,2025-01-17 03:05:01
23482699,5139695,65537,2024-05-08 19:53:00,2026-07-26 03:05:01,2024-02-08 20:39:00
1140687,5033296,1,2026-07-30 00:05:01,2026-07-30 10:05:01,2024-08-17 23:15:27
10126551,5033296,16777473,2026-07-30 14:47:22,2026-07-16 07:05:01,2025-06-28 17:05:01
12438231,5033296,1,2026-07-30 01:05:01,2026-07-30 16:05:01,2025-01-17 03:05:01
369429,4991668,1,2026-07-30 01:05:01,2026-07-30 16:05:01,2024-03-24 12:10:00
10126551,4991668,16777473,2026-07-30 14:47:22,2026-07-28 00:05:01,2025-06-28 17:05:01
12438231,4991668,1,2026-07-30 01:05:01,2026-07-30 16:05:01,2025-01-17 03:05:01
9423019,5618724,1,2026-04-08 02:05:02,2026-07-30 16:05:01,2024-02-05 04:04:00
10126551,5618724,16777473,2026-07-30 14:47:22,2026-07-10 10:05:01,2025-06-24 22:05:01
12438231,5618724,1,2026-07-30 01:05:01,2026-07-30 16:05:01,2025-01-17 03:05:01
184183,5297865,1,2026-07-25 00:05:01,2026-07-25 20:05:01,2024-02-10 14:00:00
10126551,5297865,16777473,2026-07-30 14:47:22,2026-07-30 16:05:01,2025-06-29 16:05:01
12438231,5297865,1,2026-07-30 01:05:01,2026-07-30 16:05:01,2025-01-17 03:05:01
369429,5610321,1,2026-07-30 01:05:01,2026-07-30 16:05:01,2024-02-24 09:50:00
10126551,5610321,16777473,2026-07-30 14:47:22,2026-07-10 10:05:01,2025-06-28 17:05:01
12438231,5610321,1,2026-07-30 01:05:01,2026-07-30 16:05:01,2025-01-17 03:05:01
184183,4321821,1,2026-07-25 00:05:01,2026-07-25 19:05:01,2024-02-10 14:00:00
369429,4321821,1,2026-07-30 01:05:01,2026-07-30 16:05:01,2024-02-24 09:50:00
10126551,4321821,16777473,2026-07-30 14:47:22,2026-07-27 16:05:02,2025-06-28 17:05:01
12438231,4321821,1,2026-07-30 01:05:01,2026-07-30 16:05:01,2025-01-17 03:05:01
369429,5465465,1,2026-07-30 01:05:01,2026-07-30 12:05:01,2024-02-24 09:50:00
10126551,5465465,16777473,2026-07-30 14:47:22,2026-07-10 10:05:01,2025-06-27 10:05:01
12438231,5465465,1,2026-07-30 01:05:01,2026-07-30 16:05:01,2025-01-17 03:05:01
10126551,5663772,16777473,2026-07-30 14:47:22,2026-07-10 10:05:01,2025-06-24 22:05:01
12438231,5663772,1,2026-07-30 01:05:01,2026-07-26 05:05:01,2025-01-17 03:05:01
184183,4689393,1,2026-07-25 00:05:01,2026-07-25 20:05:01,2024-02-10 14:00:00
369429,4689393,1,2026-07-30 01:05:01,2026-07-30 16:05:01,2024-02-24 09:50:00
10126551,4689393,16777473,2026-07-30 14:47:22,2026-07-30 05:05:01,2025-06-29 16:05:01
12438231,4689393,1,2026-07-30 01:05:01,2026-07-30 16:05:01,2025-01-17 03:05:01
184183,4777992,1,2026-07-25 00:05:01,2026-07-25 19:05:01,2024-02-10 14:00:00
10126551,4777992,16777473,2026-07-30 14:47:22,2026-07-10 10:05:01,2025-06-28 17:05:01
12438231,4777992,1,2026-07-30 01:05:01,2026-07-30 16:05:01,2025-01-17 03:05:01
2172910,5764777,0,,2026-07-30 16:05:01,
10126551,5764777,16777473,2026-07-30 14:47:22,2026-07-10 10:05:01,2025-06-24 22:05:01
12438231,5764777,1,2026-07-30 01:05:01,2026-07-27 07:09:25,2025-01-17 03:05:01
1140687,5590913,1,2026-07-30 00:05:01,2026-07-30 10:05:01,2024-05-26 02:00:00
10126551,5590913,16777473,2026-07-30 14:47:22,2026-07-10 10:05:01,2025-06-28 17:05:01
12438231,5590913,1,2026-07-30 01:05:01,2026-07-30 16:05:01,2025-01-17 03:05:01
184183,5683764,1,2026-07-25 00:05:01,2026-07-25 19:05:01,2024-02-10 14:00:00
369429,5683764,1,2026-07-30 01:05:01,2026-07-30 16:05:01,2024-02-24 09:50:00
10126551,5683764,16777473,2026-07-30 14:47:22,2026-07-30 05:05:01,2025-06-29 16:05:01
12438231,5683764,1,2026-07-30 01:05:01,2026-07-30 16:05:01,2025-01-17 03:05:01
184183,5569615,1,2026-07-25 00:05:01,2026-07-25 19:05:01,2024-02-10 14:00:00
369429,5569615,1,2026-07-30 01:05:01,2026-07-30 16:05:01,2024-02-24 09:50:00
10126551,5569615,16777473,2026-07-30 14:47:22,2026-07-30 05:05:01,2025-06-29 16:05:01
12438231,5569615,1,2026-07-30 01:05:01,2026-07-30 16:05:01,2025-01-17 03:05:01
369429,3482380,1,2026-07-30 01:05:01,2026-07-30 16:05:01,2024-02-24 09:50:00
10126551,3482380,16777473,2026-07-30 14:47:22,2026-07-30 00:05:01,2025-06-29 16:05:01
12438231,3482380,1,2026-07-30 01:05:01,2026-07-30 16:05:01,2025-01-17 03:05:01
184183,5451134,1,2026-07-25 00:05:01,2026-07-25 19:05:01,2024-02-10 14:00:00
369429,5451134,1,2026-07-30 01:05:01,2026-07-30 16:05:01,2024-02-24 09:50:00
10126551,5451134,16777473,2026-07-30 14:47:22,2026-07-30 05:05:01,2025-06-28 17:05:01
12438231,5451134,1,2026-07-30 01:05:01,2026-07-30 16:05:01,2025-01-17 03:05:01
369429,6062033,1,2026-07-30 01:05:01,2026-07-30 16:05:01,2024-02-24 09:50:00
10126551,6062033,16777473,2026-07-30 14:47:22,2026-07-30 04:05:01,2025-06-29 16:05:01
12438231,6062033,1,2026-07-30 01:05:01,2026-07-30 16:05:01,2025-01-17 03:05:01
369429,5737094,1,2026-07-30 01:05:01,2026-07-30 16:05:01,2024-02-24 09:50:00
10126551,5737094,16777473,2026-07-30 14:47:22,2026-07-30 05:05:01,2025-06-28 17:05:01
12438231,5737094,1,2026-07-30 01:05:01,2026-07-30 16:05:01,2025-01-17 03:05:01
184183,6072594,1,2026-07-25 00:05:01,2026-07-25 20:05:01,2024-02-10 14:00:00
10126551,6072594,16777473,2026-07-30 14:47:22,2026-07-10 10:05:01,2025-06-29 16:05:01
12438231,6072594,1,2026-07-30 01:05:01,2026-07-30 16:05:01,2025-01-17 03:05:01
184183,6073827,1,2026-07-25 00:05:01,2026-07-25 19:05:01,2024-02-10 14:00:00
10126551,6073827,16777473,2026-07-30 14:47:22,2026-07-10 11:05:01,2025-06-28 17:05:01
12438231,6073827,1,2026-07-30 01:05:01,2026-07-30 16:05:01,2025-01-17 03:05:01
369429,4578289,1,2026-07-30 01:05:01,2026-07-30 16:05:01,2024-03-24 12:10:00
10126551,4578289,16777473,2026-07-30 14:47:22,2026-07-28 00:05:01,2025-06-28 17:05:01
12438231,4578289,1,2026-07-30 01:05:01,2026-07-30 16:05:01,2025-01-17 03:05:01
369429,3561556,1,2026-07-30 01:05:01,2026-07-30 16:05:01,2024-03-24 12:10:00
10126551,3561556,16777473,2026-07-30 14:47:22,2026-07-30 05:05:01,2025-06-28 17:05:01
12438231,3561556,1,2026-07-30 01:05:01,2026-07-30 16:05:01,2025-01-17 03:05:01
184183,6077967,1,2026-07-25 00:05:01,2026-07-25 19:05:01,2024-02-10 14:00:00
369429,6077967,1,2026-07-30 01:05:01,2026-07-30 16:05:01,2024-03-24 12:10:00
10126551,6077967,16777473,2026-07-30 14:47:22,2026-07-30 05:05:01,2025-06-28 17:05:01
12438231,6077967,1,2026-07-30 01:05:01,2026-07-30 16:05:01,2025-01-17 03:05:01
670524,5082261,1,2026-03-11 10:26:57,2026-07-30 16:05:01,2025-04-27 18:05:01
10126551,5082261,16777473,2026-07-30 14:47:22,2026-07-10 10:05:01,2025-06-29 16:05:01
12438231,5082261,1,2026-07-30 01:05:01,2026-07-30 16:05:01,2025-01-17 03:05:01
10126551,5959280,16777473,2026-07-30 14:47:22,2026-07-10 10:05:01,2025-06-29 16:05:01
12438231,5959280,1,2026-07-30 01:05:01,2026-07-29 11:05:01,2025-01-17 03:05:01
369429,5047819,1,2026-07-30 01:05:01,2026-07-30 16:05:01,2024-02-24 09:50:00
10126551,5047819,16777473,2026-07-30 14:47:22,2026-07-28 00:05:01,2025-06-28 17:05:01
12438231,5047819,1,2026-07-30 01:05:01,2026-07-30 16:05:01,2025-01-17 03:05:01
369429,5786869,1,2026-07-30 01:05:01,2026-07-30 16:05:01,2024-02-24 09:50:00
10126551,5786869,16777473,2026-07-30 14:47:22,2026-07-30 05:05:01,2025-06-28 17:05:01
12438231,5786869,1,2026-07-30 01:05:01,2026-07-30 16:05:01,2025-01-17 03:05:01
10126551,5771076,16777473,2026-07-30 14:47:22,2026-07-10 10:05:01,2025-06-27 10:05:01
12438231,5771076,1,2026-07-30 01:05:01,2026-07-30 04:05:01,2025-01-17 03:05:01
369429,6100688,1,2026-07-30 01:05:01,2026-07-30 16:05:01,2024-02-24 09:50:00
10126551,6100688,16777473,2026-07-30 14:47:22,2026-07-28 00:05:01,2025-06-29 16:05:01
12438231,6100688,1,2026-07-30 01:05:01,2026-07-30 16:05:01,2025-01-17 03:05:01
369429,4332421,1,2026-07-30 01:05:01,2026-07-30 16:05:01,2024-03-24 12:10:00
10126551,4332421,16777473,2026-07-30 14:47:22,2026-07-26 02:05:01,2025-06-28 17:05:01
12438231,4332421,1,2026-07-30 01:05:01,2026-07-30 16:05:01,2025-01-17 03:05:01
369429,5772078,1,2026-07-30 01:05:01,2026-07-30 16:05:01,2024-02-24 09:50:00
10126551,5772078,16777473,2026-07-30 14:47:22,2026-07-28 00:05:01,2025-06-28 17:05:01
12438231,5772078,1,2026-07-30 01:05:01,2026-07-30 16:05:01,2025-01-17 03:05:01
369429,6105576,1,2026-07-30 01:05:01,2026-07-30 16:05:01,2024-02-24 09:50:00
10126551,6105576,16777473,2026-07-30 14:47:22,2026-07-16 11:05:01,2025-06-29 16:05:01
12438231,6105576,1,2026-07-30 01:05:01,2026-07-30 16:05:01,2025-01-17 03:05:01
1140687,6066045,1,2026-07-30 00:05:01,2026-07-30 10:05:01,2024-08-17 23:15:27
10126551,6066045,16777473,2026-07-30 14:47:22,2026-07-18 07:05:01,2025-06-29 16:05:01
12438231,6066045,1,2026-07-30 01:05:01,2026-07-30 16:05:01,2025-01-17 03:05:01
369429,4870514,1,2026-07-30 01:05:01,2026-07-30 16:05:01,2024-02-24 09:50:00
10126551,4870514,16777473,2026-07-30 14:47:22,2026-07-27 02:05:01,2025-06-28 17:05:01
12438231,4870514,1,2026-07-30 01:05:01,2026-07-30 16:05:01,2025-01-17 03:05:01
184183,5872063,1,2026-07-25 00:05:01,2026-07-25 19:05:01,2024-02-10 14:00:00
369429,5872063,1,2026-07-30 01:05:01,2026-07-30 16:05:01,2024-02-24 09:50:00
10126551,5872063,16777473,2026-07-30 14:47:22,2026-07-30 04:05:01,2025-06-29 16:05:01
12438231,5872063,1,2026-07-30 01:05:01,2026-07-30 16:05:01,2025-01-17 03:05:01
369429,6114039,1,2026-07-30 01:05:01,2026-07-30 16:05:01,2024-02-24 09:50:00
10126551,6114039,16777473,2026-07-30 14:47:22,2026-07-10 11:05:01,2025-06-28 17:05:01
12438231,6114039,1,2026-07-30 01:05:01,2026-07-30 16:05:01,2025-01-17 03:05:01
184183,4659880,1,2026-07-25 00:05:01,2026-07-25 19:05:01,2024-02-10 14:00:00
10126551,4659880,16777473,2026-07-30 14:47:22,2026-07-10 10:05:01,2025-06-28 17:05:01
12438231,4659880,1,2026-07-30 01:05:01,2026-07-30 16:05:01,2025-01-17 03:05:01
184183,5104118,1,2026-07-25 00:05:01,2026-07-25 19:05:01,2024-02-10 14:00:00
369429,5104118,1,2026-07-30 01:05:01,2026-07-30 16:05:01,2024-04-30 21:30:00
10126551,5104118,16777473,2026-07-30 14:47:22,2026-07-30 05:05:01,2025-06-29 16:05:01
12438231,5104118,1,2026-07-30 01:05:01,2026-07-30 16:05:01,2025-01-17 03:05:01
184183,4994808,1,2026-07-25 00:05:01,2026-07-25 19:05:01,2024-02-10 14:00:00
10126551,4994808,16777473,2026-07-30 14:47:22,2026-07-30 10:05:01,2025-06-28 17:05:01
12438231,4994808,1,2026-07-30 01:05:01,2026-07-30 16:05:01,2025-01-17 03:05:01
369429,4751225,1,2026-07-30 01:05:01,2026-07-30 09:05:01,2024-03-24 12:10:00
10126551,4751225,16777473,2026-07-30 14:47:22,2026-07-28 05:05:01,2025-06-28 17:05:01
12438231,4751225,1,2026-07-30 01:05:01,2026-07-30 16:05:01,2025-01-17 03:05:01
184183,6122589,1,2026-07-25 00:05:01,2026-07-25 19:05:01,2024-02-10 14:00:00
10126551,6122589,16777473,2026-07-30 14:47:22,2026-07-28 02:05:01,2025-06-29 16:05:01
12438231,6122589,1,2026-07-30 01:05:01,2026-07-30 16:05:01,2025-01-17 03:05:01
184183,5698268,1,2026-07-25 00:05:01,2026-07-25 19:05:01,2024-02-10 14:00:00
10126551,5698268,16777473,2026-07-30 14:47:22,2026-07-28 04:05:01,2025-06-29 16:05:01
12438231,5698268,1,2026-07-30 01:05:01,2026-07-30 16:05:01,2025-01-17 03:05:01
184183,5932128,1,2026-07-25 00:05:01,2026-07-25 20:05:01,2024-02-10 14:00:00
10126551,5932128,16777473,2026-07-30 14:47:22,2026-07-30 04:05:01,2025-06-28 17:05:01
12438231,5932128,1,2026-07-30 01:05:01,2026-07-30 16:05:01,2025-01-17 03:05:01
184183,5944888,1,2026-07-25 00:05:01,2026-07-25 19:05:01,2024-02-10 14:00:00
670524,5944888,0,,2026-07-30 16:05:01,
10126551,5944888,16777473,2026-07-30 14:47:22,2026-07-28 22:05:01,2025-06-29 16:05:01
12438231,5944888,1,2026-07-30 01:05:01,2026-07-30 16:05:01,2025-01-17 03:05:01
369429,3797682,1,2026-07-30 01:05:01,2026-07-30 09:05:01,2024-02-24 09:50:00
10126551,3797682,16777473,2026-07-30 14:47:22,2026-07-27 02:05:01,2025-06-28 17:05:01
12438231,3797682,1,2026-07-30 01:05:01,2026-07-30 16:05:01,2025-01-17 03:05:01
184183,5742394,1,2026-07-25 00:05:01,2026-07-25 19:05:01,2024-02-10 14:00:00
369429,5742394,1,2026-07-30 01:05:01,2026-07-30 16:05:01,2024-06-03 20:56:17
10126551,5742394,16777473,2026-07-30 14:47:22,2026-07-30 05:05:01,2025-06-28 17:05:01
12438231,5742394,1,2026-07-30 01:05:01,2026-07-30 16:05:01,2025-01-17 03:05:01
369429,6106480,1,2026-07-30 01:05:01,2026-07-30 16:05:01,2024-02-24 09:50:00
10126551,6106480,16777473,2026-07-30 14:47:22,2026-07-26 02:05:01,2025-06-28 17:05:01
12438231,6106480,1,2026-07-30 01:05:01,2026-07-30 16:05:01,2025-01-17 03:05:01
184183,6035827,1,2026-07-25 00:05:01,2026-07-25 20:05:01,2024-08-08 14:17:13
10126551,6035827,16777473,2026-07-30 14:47:22,2026-07-27 03:05:01,2025-06-28 17:05:01
12438231,6035827,1,2026-07-30 01:05:01,2026-07-30 16:05:01,2025-01-17 03:05:01
10126551,5894514,16777473,2026-07-30 14:47:22,2026-07-10 10:05:01,2025-06-24 14:05:02
12438231,5894514,1,2026-07-30 01:05:01,2026-07-26 07:05:01,2025-01-17 03:05:01
184183,5671905,1,2026-07-25 00:05:01,2026-07-25 20:05:01,2024-02-10 14:00:00
369429,5671905,1,2026-07-30 01:05:01,2026-07-30 16:05:01,2024-02-24 09:50:00
10126551,5671905,16777473,2026-07-30 14:47:22,2026-07-28 00:05:01,2025-06-28 17:05:01
12438231,5671905,1,2026-07-30 01:05:01,2026-07-30 16:05:01,2025-01-17 03:05:01
369429,6131053,1,2026-07-30 01:05:01,2026-07-30 16:05:01,2024-02-24 09:50:00
10126551,6131053,16777473,2026-07-30 14:47:22,2026-07-25 02:05:01,2025-06-28 17:05:01
12438231,6131053,1,2026-07-30 01:05:01,2026-07-30 16:05:01,2025-01-17 03:05:01
369429,4322930,1,2026-07-30 01:05:01,2026-07-30 16:05:01,2024-03-24 12:10:00
10126551,4322930,16777473,2026-07-30 14:47:22,2026-07-30 05:05:01,2025-06-28 17:05:01
12438231,4322930,1,2026-07-30 01:05:01,2026-07-30 16:05:01,2025-01-17 03:05:01
184183,3208481,1,2026-07-25 00:05:01,2026-07-25 19:05:01,2024-02-10 14:00:00
369429,3208481,1,2026-07-30 01:05:01,2026-07-30 16:05:01,2024-02-24 09:50:00
10126551,3208481,16777473,2026-07-30 14:47:22,2026-07-30 05:05:01,2025-06-28 17:05:01
12438231,3208481,1,2026-07-30 01:05:01,2026-07-30 16:05:01,2025-01-17 03:05:01
184183,6050171,1,2026-07-25 00:05:01,2026-07-25 20:05:01,2024-02-10 14:00:00
369429,6050171,1,2026-07-30 01:05:01,2026-07-30 16:05:01,2024-02-24 09:50:00
10126551,6050171,16777473,2026-07-30 14:47:22,2026-07-30 05:05:01,2025-06-29 16:05:01
12438231,6050171,1,2026-07-30 01:05:01,2026-07-30 16:05:01,2025-01-17 03:05:01
1140687,5627962,1,2026-07-30 00:05:01,2026-07-30 10:05:01,2024-08-17 23:15:27
10126551,5627962,16777473,2026-07-30 14:47:22,2026-07-10 10:05:01,2025-06-28 17:05:01
12438231,5627962,1,2026-07-30 01:05:01,2026-07-30 16:05:01,2025-01-17 03:05:01
369429,4867396,1,2026-07-30 01:05:01,2026-07-30 16:05:01,2024-02-24 09:50:00
10126551,4867396,16777473,2026-07-30 14:47:22,2026-07-10 10:05:01,2025-06-28 17:05:01
12438231,4867396,1,2026-07-30 01:05:01,2026-07-30 16:05:01,2025-01-17 03:05:01
184183,4929191,1,2026-07-25 00:05:01,2026-07-25 20:05:01,2024-02-10 14:00:00
10126551,4929191,16777473,2026-07-30 14:47:22,2026-07-10 10:05:01,2025-06-29 16:05:01
12438231,4929191,1,2026-07-30 01:05:01,2026-07-30 16:05:01,2025-01-17 03:05:01
184183,5797821,1,2026-07-25 00:05:01,2026-07-25 19:05:01,2024-02-10 14:00:00
10126551,5797821,16777473,2026-07-30 14:47:22,2026-07-30 04:05:01,2025-06-29 16:05:01
12438231,5797821,1,2026-07-30 01:05:01,2026-07-30 16:05:01,2025-01-17 03:05:01
369429,4817894,1,2026-07-30 01:05:01,2026-07-30 16:05:01,2024-02-24 09:50:00
10126551,4817894,16777473,2026-07-30 14:47:22,2026-07-27 01:05:02,2025-06-28 17:05:01
12438231,4817894,1,2026-07-30 01:05:01,2026-07-30 16:05:01,2025-01-17 03:05:01
184183,6150069,1,2026-07-25 00:05:01,2026-07-25 19:05:01,2024-02-10 14:00:00
369429,6150069,1,2026-07-30 01:05:01,2026-07-30 16:05:01,2024-02-24 09:50:00
10126551,6150069,16777473,2026-07-30 14:47:22,2026-07-28 04:05:01,2025-06-29 16:05:01
12438231,6150069,1,2026-07-30 01:05:01,2026-07-30 16:05:01,2025-01-17 03:05:01
2202991,6160843,0,,2026-07-30 16:05:01,
10126551,6160843,16777473,2026-07-30 14:47:22,2026-07-10 10:05:01,2025-06-24 14:05:02
12438231,6160843,1,2026-07-30 01:05:01,2026-07-26 05:05:01,2025-01-17 03:05:01
369429,6063276,1,2026-07-30 01:05:01,2026-07-30 16:05:01,2024-02-24 09:50:00
10126551,6063276,16777473,2026-07-30 14:47:22,2026-07-16 01:05:02,2025-06-28 17:05:01
12438231,6063276,1,2026-07-30 01:05:01,2026-07-30 16:05:01,2025-01-17 03:05:01
2202991,6163259,65537,2024-04-09 10:42:00,2026-07-30 16:05:01,2024-04-09 10:42:00
10126551,6163259,16777473,2026-07-30 14:47:22,2026-07-10 10:05:01,2025-06-24 14:05:02
12438231,6163259,1,2026-07-30 01:05:01,2026-07-26 05:05:01,2025-01-17 03:05:01
14783812,6163259,1,2026-05-07 15:23:24,2026-07-30 16:05:01,2025-02-23 08:05:01
184183,4325310,1,2026-07-25 00:05:01,2026-07-25 19:05:01,2024-02-10 14:00:00
369429,4325310,1,2026-07-30 01:05:01,2026-07-30 16:05:01,2024-02-24 09:50:00
10126551,4325310,16777473,2026-07-30 14:47:22,2026-07-30 05:05:01,2025-06-29 16:05:01
12438231,4325310,1,2026-07-30 01:05:01,2026-07-30 16:05:01,2025-01-17 03:05:01
10126551,5829842,16777473,2026-07-30 14:47:22,2026-07-30 04:05:01,2025-06-28 17:05:01
12438231,5829842,1,2026-07-30 01:05:01,2026-07-30 16:05:01,2025-01-17 03:05:01
10126551,5554394,16777473,2026-07-30 14:47:22,2026-07-10 10:05:01,2025-06-27 10:05:01
12438231,5554394,1,2026-07-30 01:05:01,2026-07-30 11:05:01,2025-01-17 03:05:01
23482699,5554394,65537,2024-05-08 19:53:00,2026-07-26 03:05:01,2024-02-08 20:39:00
369429,5457161,1,2026-07-30 01:05:01,2026-07-30 16:05:01,2024-02-24 09:50:00
10126551,5457161,16777473,2026-07-30 14:47:22,2026-07-28 00:05:01,2025-06-28 17:05:01
12438231,5457161,1,2026-07-30 01:05:01,2026-07-30 16:05:01,2025-01-17 03:05:01
369429,4650852,1,2026-07-30 01:05:01,2026-07-30 16:05:01,2024-02-24 09:50:00
10126551,4650852,16777473,2026-07-30 14:47:22,2026-07-26 03:05:01,2025-06-29 16:05:01
12438231,4650852,1,2026-07-30 01:05:01,2026-07-30 16:05:01,2025-01-17 03:05:01
10126551,4641573,16777473,2026-07-30 14:47:22,2026-07-10 10:05:01,2025-06-27 10:05:01
12438231,4641573,1,2026-07-30 01:05:01,2026-07-30 08:05:01,2025-01-17 03:05:01
10126551,5825273,16777473,2026-07-30 14:47:22,2026-07-10 10:05:01,2025-06-24 14:05:02
12438231,5825273,1,2026-07-30 01:05:01,2026-07-26 05:05:01,2025-01-17 03:05:01
184183,5007703,1,2026-07-25 00:05:01,2026-07-25 19:05:01,2024-02-10 14:00:00
369429,5007703,1,2026-07-30 01:05:01,2026-07-30 16:05:01,2024-02-24 09:50:00
10126551,5007703,16777473,2026-07-30 14:47:22,2026-07-28 02:05:01,2025-06-29 16:05:01
12438231,5007703,1,2026-07-30 01:05:01,2026-07-30 16:05:01,2025-01-17 03:05:01
10126551,5681319,16777473,2026-07-30 14:47:22,2026-07-30 16:05:01,2025-06-29 16:05:01
12438231,5681319,1,2026-07-30 01:05:01,2026-07-30 16:05:01,2025-01-17 03:05:01
23482699,5681319,65537,2024-05-08 19:53:00,2026-07-26 03:05:01,2024-02-08 20:39:00
369429,3930605,1,2026-07-30 01:05:01,2026-07-30 16:05:01,2024-02-24 09:50:00
10126551,3930605,16777473,2026-07-30 14:47:22,2026-07-29 03:05:01,2025-06-29 16:05:01
12438231,3930605,1,2026-07-30 01:05:01,2026-07-30 16:05:01,2025-01-17 03:05:01
184183,6113006,1,2026-07-25 00:05:01,2026-07-25 20:05:01,2024-02-10 14:00:00
10126551,6113006,16777473,2026-07-30 14:47:22,2026-07-30 04:05:01,2025-06-28 17:05:01
12438231,6113006,1,2026-07-30 01:05:01,2026-07-30 16:05:01,2025-01-17 03:05:01
369429,4646312,1,2026-07-30 01:05:01,2026-07-27 06:05:01,2024-05-06 19:21:00
9423019,4646312,1,2026-04-08 02:05:02,2026-07-30 16:05:01,2024-02-05 04:04:00
10126551,4646312,16777473,2026-07-30 14:47:22,2026-07-10 10:05:01,2025-06-28 17:05:01
12438231,4646312,1,2026-07-30 01:05:01,2026-07-30 16:05:01,2025-01-17 03:05:01
9423019,5867276,1,2026-04-08 02:05:02,2026-07-30 16:05:01,2024-06-10 04:14:48
10126551,5867276,16777473,2026-07-30 14:47:22,2026-07-10 11:05:01,2025-06-28 17:05:01
12438231,5867276,1,2026-07-30 01:05:01,2026-07-30 16:05:01,2025-01-17 03:05:01
184183,5560868,1,2026-07-25 00:05:01,2026-07-25 19:05:01,2024-02-10 14:00:00
10126551,5560868,16777473,2026-07-30 14:47:22,2026-07-29 03:05:01,2025-06-28 17:05:01
12438231,5560868,1,2026-07-30 01:05:01,2026-07-30 16:05:01,2025-01-17 03:05:01
184183,5860849,1,2026-07-25 00:05:01,2026-07-25 20:05:01,2024-02-10 14:00:00
369429,5860849,1,2026-07-30 01:05:01,2026-07-30 16:05:01,2024-02-24 09:50:00
10126551,5860849,16777473,2026-07-30 14:47:22,2026-07-28 02:05:01,2025-06-29 16:05:01
12438231,5860849,1,2026-07-30 01:05:01,2026-07-30 16:05:01,2025-01-17 03:05:01
184183,5694528,1,2026-07-25 00:05:01,2026-07-25 19:05:01,2024-02-10 14:00:00
10126551,5694528,16777473,2026-07-30 14:47:22,2026-07-10 10:05:01,2025-06-28 17:05:01
12438231,5694528,1,2026-07-30 01:05:01,2026-07-30 16:05:01,2025-01-17 03:05:01
184183,5677344,1,2026-07-25 00:05:01,2026-07-25 20:05:01,2024-02-10 14:00:00
369429,5677344,1,2026-07-30 01:05:01,2026-07-30 16:05:01,2024-02-24 09:50:00
10126551,5677344,16777473,2026-07-30 14:47:22,2026-07-30 05:05:01,2025-06-29 16:05:01
12438231,5677344,1,2026-07-30 01:05:01,2026-07-30 16:05:01,2025-01-17 03:05:01
184183,5322645,1,2026-07-25 00:05:01,2026-07-25 20:05:01,2024-02-10 14:00:00
369429,5322645,1,2026-07-30 01:05:01,2026-07-30 16:05:01,2024-02-24 09:50:00
10126551,4955406,16777473,2026-07-30 14:47:22,2026-07-28 00:05:01,2025-06-28 17:05:01
12438231,4955406,1,2026-07-30 01:05:01,2026-07-30 16:05:01,2025-01-17 03:05:01
369429,4562212,1,2026-07-30 01:05:01,2026-07-30 16:05:01,2024-02-24 09:50:00
10126551,4562212,16777473,2026-07-30 14:47:22,2026-07-30 05:05:01,2025-06-29 16:05:01
12438231,4562212,1,2026-07-30 01:05:01,2026-07-30 16:05:01,2025-01-17 03:05:01
25825363,4562212,65537,2024-05-13 19:52:00,2026-07-29 21:05:01,2024-05-11 21:43:00
369429,5909594,1,2026-07-30 01:05:01,2026-07-30 16:05:01,2024-02-24 09:50:00
10126551,5909594,16777473,2026-07-30 14:47:22,2026-07-30 05:05:01,2025-06-28 17:05:01
12438231,5909594,1,2026-07-30 01:05:01,2026-07-30 16:05:01,2025-01-17 03:05:01
369429,4865995,1,2026-07-30 01:05:01,2026-07-30 16:05:01,2024-02-24 09:50:00
10126551,4865995,16777473,2026-07-30 14:47:22,2026-07-30 01:05:01,2025-06-27 10:05:01
12438231,4865995,1,2026-07-30 01:05:01,2026-07-30 16:05:01,2025-01-17 03:05:01
369429,5819872,1,2026-07-30 01:05:01,2026-07-10 11:05:01,2024-02-24 09:50:00
10126551,5819872,16777473,2026-07-30 14:47:22,2026-07-10 10:05:01,2025-06-24 22:05:01
12438231,5819872,1,2026-07-30 01:05:01,2026-07-26 05:05:01,2025-01-17 03:05:01
184183,6086708,1,2026-07-25 00:05:01,2026-07-25 19:05:01,2024-02-10 14:00:00
369429,6086708,1,2026-07-30 01:05:01,2026-07-30 16:05:01,2024-02-24 09:50:00
10126551,6086708,16777473,2026-07-30 14:47:22,2026-07-30 05:05:01,2025-06-29 16:05:01
12438231,6086708,1,2026-07-30 01:05:01,2026-07-30 16:05:01,2025-01-17 03:05:01
10126551,5097411,16777473,2026-07-30 14:47:22,2026-07-28 08:05:01,2025-06-28 17:05:01
12438231,5097411,1,2026-07-30 01:05:01,2026-07-30 13:05:01,2025-01-17 03:05:01
23482699,5097411,65537,2024-05-08 19:53:00,2026-07-26 03:05:01,2024-02-08 20:39:00
184183,5678817,1,2026-07-25 00:05:01,2026-07-25 20:05:01,2024-02-10 14:00:00
369429,5678817,1,2026-07-30 01:05:01,2026-07-30 16:05:01,2024-02-24 09:50:00
10126551,5678817,16777473,2026-07-30 14:47:22,2026-07-30 05:05:01,2025-06-29 16:05:01
12438231,5678817,1,2026-07-30 01:05:01,2026-07-30 16:05:01,2025-01-17 03:05:01
10126551,5540969,16777473,2026-07-30 14:47:22,2026-07-10 10:05:01,2025-06-24 22:05:01
12438231,5540969,1,2026-07-30 01:05:01,2026-07-30 16:05:01,2025-01-17 03:05:01
369429,5974504,1,2026-07-30 01:05:01,2026-07-30 11:05:01,2024-02-24 09:50:00
10126551,5974504,16777473,2026-07-30 14:47:22,2026-07-25 04:05:01,2025-06-28 17:05:01
12438231,5974504,1,2026-07-30 01:05:01,2026-07-30 16:05:01,2025-01-17 03:05:01
184183,5890587,1,2026-07-25 00:05:01,2026-07-10 10:05:01,2024-02-10 14:00:00
2202991,5890587,65537,2024-04-09 10:42:00,2026-07-30 16:05:01,2024-04-09 10:42:00
10126551,5890587,16777473,2026-07-30 14:47:22,2026-07-10 10:05:01,2025-06-24 14:05:02
12438231,5890587,1,2026-07-30 01:05:01,2026-07-26 05:05:01,2025-01-17 03:05:01
14783812,5890587,1,2026-05-07 15:23:24,2026-07-30 16:05:01,2025-02-23 08:05:01
369429,6163254,1,2026-07-30 01:05:01,2026-07-10 11:05:01,2024-02-24 09:50:00
10126551,6163254,16777473,2026-07-30 14:47:22,2026-07-10 10:05:01,2025-06-27 10:05:01
12438231,6163254,1,2026-07-30 01:05:01,2026-07-26 05:05:01,2025-01-17 03:05:01
369429,6078088,1,2026-07-30 01:05:01,2026-07-30 15:05:01,2024-02-24 09:50:00
10126551,6078088,16777473,2026-07-30 14:47:22,2026-07-10 10:05:01,2025-06-28 17:05:01
12438231,6078088,1,2026-07-30 01:05:01,2026-07-30 16:05:01,2025-01-17 03:05:01
10126551,5911079,16777473,2026-07-30 14:47:22,2026-07-10 10:05:01,2025-06-28 17:05:01
12438231,5911079,1,2026-07-30 01:05:01,2026-07-30 16:05:01,2025-01-17 03:05:01
369429,6253871,1,2026-07-30 01:05:01,2026-07-30 16:05:01,2024-02-24 09:50:00
10126551,6253871,16777473,2026-07-30 14:47:22,2026-07-30 04:05:01,2025-06-29 16:05:01
12438231,6253871,1,2026-07-30 01:05:01,2026-07-30 16:05:01,2025-01-17 03:05:01
369429,5694861,1,2026-07-30 01:05:01,2026-07-27 03:05:01,2024-02-24 09:50:00
10126551,5694861,16777473,2026-07-30 14:47:22,2026-07-10 10:05:01,2025-06-27 10:05:01
12438231,5694861,1,2026-07-30 01:05:01,2026-07-30 16:05:01,2025-01-17 03:05:01
1140687,5346439,1,2026-07-30 00:05:01,2026-07-30 10:05:01,2024-08-17 23:15:27
10126551,5346439,16777473,2026-07-30 14:47:22,2026-07-10 10:05:01,2025-06-28 17:05:01
12438231,5346439,1,2026-07-30 01:05:01,2026-07-30 16:05:01,2025-01-17 03:05:01
184183,5559610,1,2026-07-25 00:05:01,2026-07-25 20:05:01,2024-02-10 14:00:00
369429,5559610,1,2026-07-30 01:05:01,2026-07-30 16:05:01,2024-02-24 09:50:00
10126551,5559610,16777473,2026-07-30 14:47:22,2026-07-10 11:05:01,2025-06-28 17:05:01
12438231,5559610,1,2026-07-30 01:05:01,2026-07-30 16:05:01,2025-01-17 03:05:01
369429,4908176,1,2026-07-30 01:05:01,2026-07-30 16:05:01,2024-02-24 09:50:00
10126551,4908176,16777473,2026-07-30 14:47:22,2026-07-30 01:05:01,2025-06-28 17:05:01
12438231,4908176,1,2026-07-30 01:05:01,2026-07-30 16:05:01,2025-01-17 03:05:01
369429,5518673,1,2026-07-30 01:05:01,2026-07-10 11:05:01,2024-02-24 09:50:00
10126551,5518673,16777473,2026-07-30 14:47:22,2026-07-10 10:05:01,2025-06-27 10:05:01
12438231,5518673,1,2026-07-30 01:05:01,2026-07-26 07:05:01,2025-01-17 03:05:01
184183,5944892,1,2026-07-25 00:05:01,2026-07-25 20:05:01,2024-02-10 14:00:00
10126551,5944892,16777473,2026-07-30 14:47:22,2026-07-30 10:05:01,2025-06-29 16:05:01
12438231,5944892,1,2026-07-30 01:05:01,2026-07-30 16:05:01,2025-01-17 03:05:01
369429,5407221,1,2026-07-30 01:05:01,2026-07-30 16:05:01,2024-03-24 12:10:00
10126551,5407221,16777473,2026-07-30 14:47:22,2026-07-28 02:05:01,2025-06-29 16:05:01
12438231,5407221,1,2026-07-30 01:05:01,2026-07-30 16:05:01,2025-01-17 03:05:01
10126551,5885941,16777473,2026-07-30 14:47:22,2026-07-10 10:05:01,2025-06-24 14:05:02
12438231,5885941,1,2026-07-30 01:05:01,2026-07-26 05:05:01,2025-01-17 03:05:01
10126551,4224023,16777473,2026-07-30 14:47:22,2026-07-10 10:05:01,2025-06-24 14:05:02
12438231,4224023,1,2026-07-30 01:05:01,2026-07-26 05:05:01,2025-01-17 03:05:01
10126551,5758246,16777473,2026-07-30 14:47:22,2026-07-27 01:05:02,2025-06-29 16:05:01
12438231,5758246,1,2026-07-30 01:05:01,2026-07-30 16:05:01,2025-01-17 03:05:01
369429,6122569,1,2026-07-30 01:05:01,2026-07-30 16:05:01,2024-02-24 09:50:00
10126551,6122569,16777473,2026-07-30 14:47:22,2026-07-10 11:05:01,2025-06-29 16:05:01
12438231,6122569,1,2026-07-30 01:05:01,2026-07-30 16:05:01,2025-01-17 03:05:01
10126551,5696033,16777473,2026-07-30 14:47:22,2026-07-10 10:05:01,2025-06-28 17:05:01
12438231,5696033,1,2026-07-30 01:05:01,2026-07-30 11:05:01,2025-01-17 03:05:01
369429,5709633,1,2026-07-30 01:05:01,2026-07-11 20:35:52,2024-02-24 09:50:00
10126551,5709633,16777473,2026-07-30 14:47:22,2026-07-10 10:05:01,2025-06-28 17:05:01
12438231,5709633,1,2026-07-30 01:05:01,2026-07-26 08:22:12,2025-01-17 03:05:01
369429,6275778,1,2026-07-30 01:05:01,2026-07-30 16:05:01,2024-03-08 03:46:00
10126551,6275778,16777473,2026-07-30 14:47:22,2026-07-23 10:05:01,2025-06-28 17:05:01
12438231,6275778,1,2026-07-30 01:05:01,2026-07-30 16:05:01,2025-01-17 03:05:01
10126551,4940825,16777473,2026-07-30 14:47:22,2026-07-10 10:05:01,2025-06-24 22:05:01
12438231,4940825,1,2026-07-30 01:05:01,2026-07-26 05:05:01,2025-01-17 03:05:01
184183,6207284,1,2026-07-25 00:05:01,2026-07-25 19:05:01,2024-02-10 14:00:00
369429,6207284,1,2026-07-30 01:05:01,2026-07-30 16:05:01,2024-02-24 09:50:00
10126551,6207284,16777473,2026-07-30 14:47:22,2026-07-30 05:05:01,2025-06-28 17:05:01
12438231,6207284,1,2026-07-30 01:05:01,2026-07-30 16:05:01,2025-01-17 03:05:01
184183,6171180,1,2026-07-25 00:05:01,2026-07-25 20:05:01,2024-02-10 14:00:00
369429,6171180,1,2026-07-30 01:05:01,2026-07-30 16:05:01,2024-02-24 09:50:00
10126551,6171180,16777473,2026-07-30 14:47:22,2026-07-28 00:05:01,2025-06-28 17:05:01
12438231,6171180,1,2026-07-30 01:05:01,2026-07-30 16:05:01,2025-01-17 03:05:01
184183,5082201,1,2026-07-25 00:05:01,2026-07-25 19:05:01,2024-02-10 14:00:00
369429,5082201,1,2026-07-30 01:05:01,2026-07-30 16:05:01,2024-03-08 03:46:00
10126551,5082201,16777473,2026-07-30 14:47:22,2026-07-30 05:05:01,2025-06-28 17:05:01
12438231,5082201,1,2026-07-30 01:05:01,2026-07-30 16:05:01,2025-01-17 03:05:01
369429,5829974,1,2026-07-30 01:05:01,2026-07-30 16:05:01,2024-02-24 09:50:00
10126551,5829974,16777473,2026-07-30 14:47:22,2026-07-10 11:05:01,2025-06-28 17:05:01
12438231,5829974,1,2026-07-30 01:05:01,2026-07-30 16:05:01,2025-01-17 03:05:01
369429,5740362,1,2026-07-30 01:05:01,2026-07-30 16:05:01,2024-02-24 09:50:00
10126551,5740362,16777473,2026-07-30 14:47:22,2026-07-30 05:05:01,2025-06-28 17:05:01
12438231,5740362,1,2026-07-30 01:05:01,2026-07-30 16:05:01,2025-01-17 03:05:01
10126551,5789386,16777473,2026-07-30 14:47:22,2026-07-27 02:05:01,2025-06-27 10:05:01
12438231,5789386,1,2026-07-30 01:05:01,2026-07-30 16:05:01,2025-01-17 03:05:01
10126551,6066593,16777473,2026-07-30 14:47:22,2026-07-10 10:05:01,2025-06-27 10:05:01
12438231,6066593,1,2026-07-30 01:05:01,2026-07-30 16:05:01,2025-01-17 03:05:01
369429,4380223,1,2026-07-30 01:05:01,2026-07-30 16:05:01,2024-02-24 09:50:00
10126551,4380223,16777473,2026-07-30 14:47:22,2026-07-25 02:05:01,2025-06-28 17:05:01
12438231,4380223,1,2026-07-30 01:05:01,2026-07-30 16:05:01,2025-01-17 03:05:01
10126551,6160812,16777473,2026-07-30 14:47:22,2026-07-10 10:05:01,2025-06-27 10:05:01
12438231,6160812,1,2026-07-30 01:05:01,2026-07-30 11:05:01,2025-01-17 03:05:01
369429,4394414,1,2026-07-30 01:05:01,2026-07-30 16:05:01,2024-02-24 09:50:00
10126551,4394414,16777473,2026-07-30 14:47:22,2026-07-18 02:05:01,2025-06-27 10:05:01
12438231,4394414,1,2026-07-30 01:05:01,2026-07-30 16:05:01,2025-01-17 03:05:01
670524,6311787,1,2026-03-11 10:26:57,2026-07-30 16:05:01,2025-10-11 18:24:03
10126551,6311787,16777473,2026-07-30 14:47:22,2026-07-10 10:05:01,2025-06-29 16:05:01
12438231,6311787,1,2026-07-30 01:05:01,2026-07-30 16:05:01,2025-01-17 03:05:01
23482699,6311787,65537,2024-05-08 19:53:00,2026-07-26 03:05:01,2024-02-08 20:39:00
184183,4307264,1,2026-07-25 00:05:01,2026-07-25 19:05:01,2024-02-10 14:00:00
670524,4307264,0,,2026-07-30 16:05:01,
10126551,4307264,16777473,2026-07-30 14:47:22,2026-07-30 03:05:02,2025-06-28 17:05:01
12438231,4307264,1,2026-07-30 01:05:01,2026-07-30 16:05:01,2025-01-17 03:05:01
6449581,5606755,1,2026-07-15 04:24:18,2026-07-30 12:05:01,2024-02-19 00:00:00
10126551,5606755,16777473,2026-07-30 14:47:22,2026-07-10 11:05:01,2025-06-28 17:05:01
12438231,5606755,1,2026-07-30 01:05:01,2026-07-30 16:05:01,2025-01-17 03:05:01
10126551,6128105,16777473,2026-07-30 14:47:22,2026-07-10 10:05:01,2025-06-28 17:05:01
12438231,6128105,1,2026-07-30 01:05:01,2026-07-26 05:05:01,2025-01-17 03:05:01
1140687,5863178,1,2026-07-30 00:05:01,2026-07-30 10:05:01,2024-08-17 23:15:27
10126551,5863178,16777473,2026-07-30 14:47:22,2026-07-28 00:05:01,2025-06-28 17:05:01
12438231,5863178,1,2026-07-30 01:05:01,2026-07-30 16:05:01,2025-01-17 03:05:01
10126551,6009382,16777473,2026-07-30 14:47:22,2026-07-10 10:05:01,2025-06-28 17:05:01
12438231,6009382,1,2026-07-30 01:05:01,2026-07-26 06:05:01,2025-01-17 03:05:01
369429,4958310,1,2026-07-30 01:05:01,2026-07-30 15:05:01,2024-02-24 09:50:00
10126551,4958310,16777473,2026-07-30 14:47:22,2026-07-23 10:05:01,2025-06-28 17:05:01
12438231,4958310,1,2026-07-30 01:05:01,2026-07-30 16:05:01,2025-01-17 03:05:01
184183,4834070,1,2026-07-25 00:05:01,2026-07-25 19:05:01,2024-02-10 14:00:00
369429,4834070,1,2026-07-30 01:05:01,2026-07-30 16:05:01,2024-02-24 09:50:00
10126551,4834070,16777473,2026-07-30 14:47:22,2026-07-28 00:05:01,2025-06-29 16:05:01
12438231,4834070,1,2026-07-30 01:05:01,2026-07-30 16:05:01,2025-01-17 03:05:01
10126551,5335564,16777473,2026-07-30 14:47:22,2026-07-10 10:05:01,2025-06-24 14:05:02
12438231,5335564,1,2026-07-30 01:05:01,2026-07-26 05:05:01,2025-01-17 03:05:01
369429,5822727,1,2026-07-30 01:05:01,2026-07-30 16:05:01,2024-02-24 09:50:00
10126551,5822727,16777473,2026-07-30 14:47:22,2026-07-28 00:05:01,2025-06-28 17:05:01
12438231,5822727,1,2026-07-30 01:05:01,2026-07-30 16:05:01,2025-01-17 03:05:01
184183,4173256,1,2026-07-25 00:05:01,2026-07-25 20:05:01,2024-08-08 14:17:13
369429,4173256,1,2026-07-30 01:05:01,2026-07-30 16:05:01,2024-02-24 09:50:00
10126551,4173256,16777473,2026-07-30 14:47:22,2026-07-30 04:05:01,2025-06-29 16:05:01
12438231,4173256,1,2026-07-30 01:05:01,2026-07-30 16:05:01,2025-01-17 03:05:01
2172910,6141301,0,,2026-07-30 16:05:01,
10126551,6141301,16777473,2026-07-30 14:47:22,2026-07-10 10:05:01,2025-06-24 14:05:02
12438231,6141301,1,2026-07-30 01:05:01,2026-07-26 05:05:01,2025-01-17 03:05:01
369429,6084685,1,2026-07-30 01:05:01,2026-07-30 16:05:01,2024-02-24 09:50:00
10126551,6084685,16777473,2026-07-30 14:47:22,2026-07-28 02:05:01,2025-06-29 16:05:01
12438231,6084685,1,2026-07-30 01:05:01,2026-07-30 16:05:01,2025-01-17 03:05:01
670524,4250708,1,2026-03-11 10:26:57,2026-07-30 16:05:01,2025-04-03 02:05:01
9423019,4250708,1,2026-04-08 02:05:02,2026-07-30 16:05:01,2024-02-05 04:04:00
10126551,4250708,16777473,2026-07-30 14:47:22,2026-07-10 10:05:01,2025-06-24 22:05:01
12438231,4250708,1,2026-07-30 01:05:01,2026-07-30 16:05:01,2025-01-17 03:05:01
10126551,6364566,16777473,2026-07-30 14:47:22,2026-07-10 11:05:01,2025-06-28 17:05:01
12438231,6364566,1,2026-07-30 01:05:01,2026-07-30 16:05:01,2025-01-17 03:05:01
369429,5789923,1,2026-07-30 01:05:01,2026-07-30 16:05:01,2024-02-24 09:50:00
10126551,5789923,16777473,2026-07-30 14:47:22,2026-07-11 20:35:52,2025-06-29 16:05:01
12438231,5789923,1,2026-07-30 01:05:01,2026-07-30 16:05:01,2025-01-17 03:05:01
184183,5699727,1,2026-07-25 00:05:01,2026-07-25 19:05:01,2024-02-10 14:00:00
10126551,5699727,16777473,2026-07-30 14:47:22,2026-07-30 05:05:01,2025-06-28 17:05:01
12438231,5699727,1,2026-07-30 01:05:01,2026-07-30 16:05:01,2025-01-17 03:05:01
369429,6205292,1,2026-07-30 01:05:01,2026-07-30 16:05:01,2024-02-24 09:50:00
10126551,6205292,16777473,2026-07-30 14:47:22,2026-07-27 02:05:01,2025-06-29 16:05:01
12438231,6205292,1,2026-07-30 01:05:01,2026-07-30 16:05:01,2025-01-17 03:05:01
10126551,6164687,16777473,2026-07-30 14:47:22,2026-07-10 10:05:01,2025-06-27 10:05:01
12438231,6164687,1,2026-07-30 01:05:01,2026-07-26 07:05:01,2025-01-17 03:05:01
369429,4122630,1,2026-07-30 01:05:01,2026-07-30 16:05:01,2024-02-24 09:50:00
10126551,4122630,16777473,2026-07-30 14:47:22,2026-07-30 04:05:01,2025-06-29 16:05:01
12438231,4122630,1,2026-07-30 01:05:01,2026-07-30 16:05:01,2025-01-17 03:05:01
25825363,4122630,65537,2024-05-13 19:52:00,2026-07-29 21:05:01,2023-12-26 21:00:00
369429,5124085,1,2026-07-30 01:05:01,2026-07-30 16:05:01,2024-02-24 09:50:00
10126551,5124085,16777473,2026-07-30 14:47:22,2026-07-30 05:05:01,2025-06-29 16:05:01
12438231,5124085,1,2026-07-30 01:05:01,2026-07-30 16:05:01,2025-01-17 03:05:01
10126551,6179783,16777473,2026-07-30 14:47:22,2026-07-10 10:05:01,2025-06-24 14:05:02
12438231,6179783,1,2026-07-30 01:05:01,2026-07-26 05:05:01,2025-01-17 03:05:01
670524,5504271,0,,2026-07-30 16:05:01,
10126551,5504271,16777473,2026-07-30 14:47:22,2026-07-30 00:05:01,2025-06-29 16:05:01
12438231,5504271,1,2026-07-30 01:05:01,2026-07-30 16:05:01,2025-01-17 03:05:01
1140687,6333599,1,2026-07-30 00:05:01,2026-07-30 10:05:01,2024-08-17 23:15:27
10126551,6333599,16777473,2026-07-30 14:47:22,2026-07-30 14:05:02,2025-06-29 16:05:01
12438231,6333599,1,2026-07-30 01:05:01,2026-07-30 16:05:01,2025-01-17 03:05:01
369429,4126843,1,2026-07-30 01:05:01,2026-07-30 16:05:01,2024-02-24 09:50:00
9423019,4126843,1,2026-04-08 02:05:02,2026-07-30 16:05:01,2024-02-05 04:04:00
10126551,4126843,16777473,2026-07-30 14:47:22,2026-07-11 20:35:52,2025-06-24 14:05:02
12438231,4126843,1,2026-07-30 01:05:01,2026-07-30 16:05:01,2025-01-17 03:05:01
670524,5991554,0,,2026-07-30 16:05:01,
10126551,5991554,16777473,2026-07-30 14:47:22,2026-07-30 13:05:01,2025-06-29 16:05:01
12438231,5991554,1,2026-07-30 01:05:01,2026-07-30 16:05:01,2025-01-17 03:05:01
23482699,5991554,65537,2024-05-08 19:53:00,2026-07-26 03:05:01,2024-02-08 20:39:00
1140687,5993423,1,2026-07-30 00:05:01,2026-07-30 10:05:01,2024-08-17 23:15:27
10126551,5993423,16777473,2026-07-30 14:47:22,2026-07-27 02:05:01,2025-06-27 10:05:01
12438231,5993423,1,2026-07-30 01:05:01,2026-07-30 16:05:01,2025-01-17 03:05:01
369429,4711505,1,2026-07-30 01:05:01,2026-07-30 16:05:01,2024-02-24 09:50:00
10126551,4711505,16777473,2026-07-30 14:47:22,2026-07-10 10:05:01,2025-06-29 16:05:01
12438231,4711505,1,2026-07-30 01:05:01,2026-07-30 16:05:01,2025-01-17 03:05:01
369429,4913222,1,2026-07-30 01:05:01,2026-07-30 16:05:01,2024-02-24 09:50:00
670524,4913222,0,,2026-07-30 16:05:01,
10126551,4913222,16777473,2026-07-30 14:47:22,2026-07-28 00:05:01,2025-06-28 17:05:01
12438231,4913222,1,2026-07-30 01:05:01,2026-07-30 16:05:01,2025-01-17 03:05:01
184183,5543929,1,2026-07-25 00:05:01,2026-07-25 11:05:01,2024-08-27 02:32:36
10126551,5543929,16777473,2026-07-30 14:47:22,2026-07-10 10:05:01,2025-06-28 17:05:01
12438231,5543929,1,2026-07-30 01:05:01,2026-07-30 15:05:01,2025-01-17 03:05:01
10126551,5322645,16777473,2026-07-30 14:47:22,2026-07-30 04:05:01,2025-06-29 16:05:01
12438231,5322645,1,2026-07-30 01:05:01,2026-07-30 16:05:01,2025-01-17 03:05:01
184183,5092892,1,2026-07-25 00:05:01,2026-07-25 20:05:01,2024-02-10 14:00:00
10126551,5092892,16777473,2026-07-30 14:47:22,2026-07-30 16:05:01,2025-06-29 16:05:01
12438231,5092892,1,2026-07-30 01:05:01,2026-07-30 16:05:01,2025-01-17 03:05:01
10126551,6111368,16777473,2026-07-30 14:47:22,2026-07-10 10:05:01,2025-06-27 10:05:01
12438231,6111368,1,2026-07-30 01:05:01,2026-07-30 16:05:01,2025-01-17 03:05:01
369429,5650827,1,2026-07-30 01:05:01,2026-07-30 16:05:01,2024-02-24 09:50:00
10126551,5650827,16777473,2026-07-30 14:47:22,2026-07-10 11:05:01,2025-06-28 17:05:01
12438231,5650827,1,2026-07-30 01:05:01,2026-07-30 16:05:01,2025-01-17 03:05:01
369429,5557353,1,2026-07-30 01:05:01,2026-07-30 16:05:01,2024-02-24 09:50:00
10126551,5557353,16777473,2026-07-30 14:47:22,2026-07-30 04:05:01,2025-06-29 16:05:01
12438231,5557353,1,2026-07-30 01:05:01,2026-07-30 16:05:01,2025-01-17 03:05:01
369429,5374466,1,2026-07-30 01:05:01,2026-07-30 16:05:01,2024-02-24 09:50:00
10126551,5374466,16777473,2026-07-30 14:47:22,2026-07-22 02:05:01,2025-06-28 17:05:01
12438231,5374466,1,2026-07-30 01:05:01,2026-07-30 16:05:01,2025-01-17 03:05:01
184183,5683093,1,2026-07-25 00:05:01,2026-07-25 20:05:01,2024-02-10 14:00:00
369429,5683093,1,2026-07-30 01:05:01,2026-07-30 16:05:01,2024-02-24 09:50:00
10126551,5683093,16777473,2026-07-30 14:47:22,2026-07-30 04:05:01,2025-06-29 16:05:01
12438231,5683093,1,2026-07-30 01:05:01,2026-07-30 16:05:01,2025-01-17 03:05:01
184183,5655271,1,2026-07-25 00:05:01,2026-07-25 19:05:01,2024-02-10 14:00:00
369429,5655271,1,2026-07-30 01:05:01,2026-07-30 16:05:01,2024-02-24 09:50:00
10126551,5655271,16777473,2026-07-30 14:47:22,2026-07-30 05:05:01,2025-06-29 16:05:01
12438231,5655271,1,2026-07-30 01:05:01,2026-07-30 16:05:01,2025-01-17 03:05:01
184183,5704316,1,2026-07-25 00:05:01,2026-07-25 19:05:01,2024-02-10 14:00:00
369429,5704316,1,2026-07-30 01:05:01,2026-07-30 14:05:02,2024-02-24 09:50:00
10126551,5704316,16777473,2026-07-30 14:47:22,2026-07-25 02:05:01,2025-06-28 17:05:01
12438231,5704316,1,2026-07-30 01:05:01,2026-07-30 16:05:01,2025-01-17 03:05:01
369429,5938777,1,2026-07-30 01:05:01,2026-07-30 15:05:01,2024-02-24 09:50:00
10126551,5938777,16777473,2026-07-30 14:47:22,2026-07-28 02:05:01,2025-06-28 17:05:01
12438231,5938777,1,2026-07-30 01:05:01,2026-07-30 16:05:01,2025-01-17 03:05:01
10126551,5707104,16777473,2026-07-30 14:47:22,2026-07-10 10:05:01,2025-06-27 10:05:01
12438231,5707104,1,2026-07-30 01:05:01,2026-07-26 05:05:01,2025-01-17 03:05:01
369429,6172478,1,2026-07-30 01:05:01,2026-07-30 16:05:01,2024-02-24 09:50:00
10126551,6172478,16777473,2026-07-30 14:47:22,2026-07-27 02:05:01,2025-06-28 17:05:01
12438231,6172478,1,2026-07-30 01:05:01,2026-07-30 16:05:01,2025-01-17 03:05:01
1140687,5852725,1,2026-07-30 00:05:01,2026-07-30 10:05:01,2024-07-06 02:00:31
10126551,5852725,16777473,2026-07-30 14:47:22,2026-07-16 07:05:01,2025-06-29 16:05:01
12438231,5852725,1,2026-07-30 01:05:01,2026-07-30 16:05:01,2025-01-17 03:05:01
10126551,5524126,16777473,2026-07-30 14:47:22,2026-07-30 05:05:01,2025-06-29 16:05:01
12438231,5524126,1,2026-07-30 01:05:01,2026-07-30 16:05:01,2025-01-17 03:05:01
23482699,5524126,65537,2024-05-08 19:53:00,2026-07-26 03:05:01,2024-02-08 20:39:00
1140687,5897917,1,2026-07-30 00:05:01,2026-07-30 10:05:01,2024-08-17 23:15:27
10126551,5897917,16777473,2026-07-30 14:47:22,2026-07-10 10:05:01,2025-06-28 17:05:01
12438231,5897917,1,2026-07-30 01:05:01,2026-07-30 16:05:01,2025-01-17 03:05:01
10126551,6039260,16777473,2026-07-30 14:47:22,2026-07-10 10:05:01,2025-06-24 22:05:01
12438231,6039260,1,2026-07-30 01:05:01,2026-07-30 16:05:01,2025-01-17 03:05:01
184183,5412566,1,2026-07-25 00:05:01,2026-07-25 20:05:01,2024-02-10 14:00:00
369429,5412566,1,2026-07-30 01:05:01,2026-07-30 16:05:01,2024-02-24 09:50:00
10126551,5412566,16777473,2026-07-30 14:47:22,2026-07-30 05:05:01,2025-06-24 22:05:01
12438231,5412566,1,2026-07-30 01:05:01,2026-07-30 16:05:01,2025-01-17 03:05:01
369429,5177232,1,2026-07-30 01:05:01,2026-07-28 10:05:01,2024-02-24 09:50:00
10126551,5177232,16777473,2026-07-30 14:47:22,2026-07-10 11:05:01,2025-06-28 17:05:01
12438231,5177232,1,2026-07-30 01:05:01,2026-07-30 16:05:01,2025-01-17 03:05:01
184183,5380096,1,2026-07-25 00:05:01,2026-07-25 19:05:01,2024-02-10 14:00:00
369429,5380096,1,2026-07-30 01:05:01,2026-07-30 16:05:01,2024-02-24 09:50:00
10126551,5380096,16777473,2026-07-30 14:47:22,2026-07-11 20:35:52,2025-06-28 17:05:01
12438231,5380096,1,2026-07-30 01:05:01,2026-07-30 16:05:01,2025-01-17 03:05:01
184183,5509372,1,2026-07-25 00:05:01,2026-07-25 20:05:01,2024-02-10 14:00:00
369429,5509372,1,2026-07-30 01:05:01,2026-07-30 16:05:01,2024-02-24 09:50:00
10126551,5509372,16777473,2026-07-30 14:47:22,2026-07-28 00:05:01,2025-06-29 16:05:01
12438231,5509372,1,2026-07-30 01:05:01,2026-07-30 16:05:01,2025-01-17 03:05:01
184183,3969906,1,2026-07-25 00:05:01,2026-07-25 19:05:01,2024-02-10 14:00:00
369429,3969906,1,2026-07-30 01:05:01,2026-07-30 16:05:01,2024-02-24 09:50:00
10126551,3969906,16777473,2026-07-30 14:47:22,2026-07-28 00:05:01,2025-06-29 16:05:01
12438231,3969906,1,2026-07-30 01:05:01,2026-07-30 16:05:01,2025-01-17 03:05:01
184183,5608141,1,2026-07-25 00:05:01,2026-07-25 20:05:01,2024-02-10 14:00:00
10126551,5608141,16777473,2026-07-30 14:47:22,2026-07-30 16:05:01,2025-06-29 16:05:01
12438231,5608141,1,2026-07-30 01:05:01,2026-07-30 16:05:01,2025-01-17 03:05:01
369429,5338649,1,2026-07-30 01:05:01,2026-07-30 16:05:01,2024-02-24 09:50:00
10126551,5338649,16777473,2026-07-30 14:47:22,2026-07-27 04:05:01,2025-06-28 17:05:01
12438231,5338649,1,2026-07-30 01:05:01,2026-07-30 16:05:01,2025-01-17 03:05:01
13111270,5338649,1,2024-07-16 10:58:29,2026-07-17 05:05:01,2024-07-16 10:58:29
184183,5602192,1,2026-07-25 00:05:01,2026-07-25 20:05:01,2024-02-10 14:00:00
369429,5602192,1,2026-07-30 01:05:01,2026-07-30 16:05:01,2024-02-24 09:50:00
10126551,5602192,16777473,2026-07-30 14:47:22,2026-07-30 05:05:01,2025-06-29 16:05:01
12438231,5602192,1,2026-07-30 01:05:01,2026-07-30 16:05:01,2025-01-17 03:05:01
184183,5734714,1,2026-07-25 00:05:01,2026-07-25 19:05:01,2024-02-10 14:00:00
369429,5734714,1,2026-07-30 01:05:01,2026-07-30 16:05:01,2024-02-24 09:50:00
10126551,5734714,16777473,2026-07-30 14:47:22,2026-07-28 00:05:01,2025-06-28 17:05:01
12438231,5734714,1,2026-07-30 01:05:01,2026-07-30 16:05:01,2025-01-17 03:05:01
10126551,5953026,16777473,2026-07-30 14:47:22,2026-07-10 10:05:01,2025-06-27 10:05:01
12438231,5953026,1,2026-07-30 01:05:01,2026-07-30 16:05:01,2025-01-17 03:05:01
23482699,5953026,65537,2024-05-08 19:53:00,2026-07-26 03:05:01,2024-02-08 20:39:00
10126551,4217197,16777473,2026-07-30 14:47:22,2026-07-10 10:05:01,2025-06-24 22:05:01
12438231,4217197,1,2026-07-30 01:05:01,2026-07-26 05:05:01,2025-01-17 03:05:01
369429,5917068,1,2026-07-30 01:05:01,2026-07-30 16:05:01,2024-02-24 09:50:00
10126551,5917068,16777473,2026-07-30 14:47:22,2026-07-30 05:05:01,2025-06-29 16:05:01
12438231,5917068,1,2026-07-30 01:05:01,2026-07-30 16:05:01,2025-01-17 03:05:01
369429,5353164,1,2026-07-30 01:05:01,2026-07-30 15:05:01,2024-02-24 09:50:00
9423019,5353164,1,2026-04-08 02:05:02,2026-07-30 16:05:01,2024-02-05 04:04:00
10126551,5353164,16777473,2026-07-30 14:47:22,2026-07-26 04:05:01,2025-06-28 17:05:01
12438231,5353164,1,2026-07-30 01:05:01,2026-07-30 16:05:01,2025-01-17 03:05:01
184183,5178680,1,2026-07-25 00:05:01,2026-07-25 19:05:01,2024-02-10 14:00:00
10126551,5178680,16777473,2026-07-30 14:47:22,2026-07-26 02:05:01,2025-06-28 17:05:01
12438231,5178680,1,2026-07-30 01:05:01,2026-07-30 16:05:01,2025-01-17 03:05:01
369429,5335992,1,2026-07-30 01:05:01,2026-07-30 16:05:01,2024-02-24 09:50:00
10126551,5335992,16777473,2026-07-30 14:47:22,2026-07-30 05:05:01,2025-06-28 17:05:01
12438231,5335992,1,2026-07-30 01:05:01,2026-07-30 16:05:01,2025-01-17 03:05:01
10126551,4925591,16777473,2026-07-30 14:47:22,2026-07-10 10:05:01,2025-06-24 14:05:02
12438231,4925591,1,2026-07-30 01:05:01,2026-07-26 05:05:01,2025-01-17 03:05:01
10126551,5563235,16777473,2026-07-30 14:47:22,2026-07-10 10:05:01,2025-06-28 17:05:01
12438231,5563235,1,2026-07-30 01:05:01,2026-07-30 15:05:01,2025-01-17 03:05:01
369429,5915638,1,2026-07-30 01:05:01,2026-07-30 16:05:01,2024-02-24 09:50:00
10126551,5915638,16777473,2026-07-30 14:47:22,2026-07-19 22:05:01,2025-06-28 17:05:01
12438231,5915638,1,2026-07-30 01:05:01,2026-07-30 16:05:01,2025-01-17 03:05:01
184183,6162851,1,2026-07-25 00:05:01,2026-07-25 19:05:01,2024-02-10 14:00:00
10126551,6162851,16777473,2026-07-30 14:47:22,2026-07-30 05:05:01,2025-06-29 16:05:01
12438231,6162851,1,2026-07-30 01:05:01,2026-07-30 16:05:01,2025-01-17 03:05:01
184183,5677637,1,2026-07-25 00:05:01,2026-07-25 20:05:01,2024-02-10 14:00:00
369429,5677637,1,2026-07-30 01:05:01,2026-07-30 16:05:01,2024-02-24 09:50:00
10126551,5677637,16777473,2026-07-30 14:47:22,2026-07-30 03:05:02,2025-06-28 17:05:01
12438231,5677637,1,2026-07-30 01:05:01,2026-07-30 16:05:01,2025-01-17 03:05:01
184183,5389015,1,2026-07-25 00:05:01,2026-07-25 19:05:01,2024-02-10 14:00:00
369429,5389015,1,2026-07-30 01:05:01,2026-07-30 16:05:01,2024-02-24 09:50:00
10126551,5389015,16777473,2026-07-30 14:47:22,2026-07-27 01:05:02,2025-06-29 16:05:01
12438231,5389015,1,2026-07-30 01:05:01,2026-07-30 16:05:01,2025-01-17 03:05:01
184183,5605583,1,2026-07-25 00:05:01,2026-07-25 19:05:01,2024-08-27 02:32:36
10126551,5605583,16777473,2026-07-30 14:47:22,2026-07-28 23:05:01,2025-06-29 16:05:01
12438231,5605583,1,2026-07-30 01:05:01,2026-07-30 16:05:01,2025-01-17 03:05:01
184183,5009335,1,2026-07-25 00:05:01,2026-07-25 20:05:01,2024-02-10 14:00:00
369429,5009335,1,2026-07-30 01:05:01,2026-07-30 16:05:01,2024-03-24 12:10:00
10126551,5009335,16777473,2026-07-30 14:47:22,2026-07-30 05:05:01,2025-06-28 17:05:01
12438231,5009335,1,2026-07-30 01:05:01,2026-07-30 16:05:01,2025-01-17 03:05:01
369429,5678583,1,2026-07-30 01:05:01,2026-07-10 11:05:01,2024-02-24 09:50:00
10126551,5678583,16777473,2026-07-30 14:47:22,2026-07-10 10:05:01,2025-06-28 17:05:01
12438231,5678583,1,2026-07-30 01:05:01,2026-07-30 16:05:01,2025-01-17 03:05:01
184183,5685344,1,2026-07-25 00:05:01,2026-07-25 19:05:01,2024-02-10 14:00:00
10126551,5685344,16777473,2026-07-30 14:47:22,2026-07-10 10:05:01,2025-06-27 10:05:01
12438231,5685344,1,2026-07-30 01:05:01,2026-07-30 16:05:01,2025-01-17 03:05:01
10126551,5981748,16777473,2026-07-30 14:47:22,2026-07-10 10:05:01,2025-06-27 10:05:01
12438231,5981748,1,2026-07-30 01:05:01,2026-07-30 13:05:01,2025-01-17 03:05:01
369429,5736606,1,2026-07-30 01:05:01,2026-07-28 10:05:01,2024-02-24 09:50:00
10126551,5736606,16777473,2026-07-30 14:47:22,2026-07-10 10:05:01,2025-06-24 22:05:01
12438231,5736606,1,2026-07-30 01:05:01,2026-07-30 13:05:01,2025-01-17 03:05:01
184183,5612383,1,2026-07-25 00:05:01,2026-07-25 19:05:01,2024-02-10 14:00:00
369429,5612383,1,2026-07-30 01:05:01,2026-07-30 16:05:01,2024-05-08 20:43:00
10126551,5612383,16777473,2026-07-30 14:47:22,2026-07-27 02:05:01,2025-06-28 17:05:01
12438231,5612383,1,2026-07-30 01:05:01,2026-07-30 16:05:01,2025-01-17 03:05:01
184183,5693709,1,2026-07-25 00:05:01,2026-07-25 19:05:01,2024-02-10 14:00:00
369429,5693709,1,2026-07-30 01:05:01,2026-07-30 16:05:01,2024-02-24 09:50:00
10126551,5693709,16777473,2026-07-30 14:47:22,2026-07-28 02:05:01,2025-06-29 16:05:01
12438231,5693709,1,2026-07-30 01:05:01,2026-07-30 16:05:01,2025-01-17 03:05:01
10126551,6078481,16777473,2026-07-30 14:47:22,2026-07-27 19:05:01,2025-06-27 10:05:01
12438231,6078481,1,2026-07-30 01:05:01,2026-07-30 16:05:01,2025-01-17 03:05:01
10126551,5222498,16777473,2026-07-30 14:47:22,2026-07-10 10:05:01,2025-06-24 14:05:02
12438231,5222498,1,2026-07-30 01:05:01,2026-07-26 05:05:01,2025-01-17 03:05:01
10126551,6311289,16777473,2026-07-30 14:47:22,2026-07-10 10:05:01,2025-06-28 17:05:01
12438231,6311289,1,2026-07-30 01:05:01,2026-07-30 07:05:01,2025-01-17 03:05:01
23482699,6311289,65537,2024-05-08 19:53:00,2026-07-26 03:05:01,2024-02-08 20:39:00
10126551,5573340,16777473,2026-07-30 14:47:22,2026-07-10 10:05:01,2025-06-24 14:05:02
12438231,5573340,1,2026-07-30 01:05:01,2026-07-26 05:05:01,2025-01-17 03:05:01
369429,6325629,1,2026-07-30 01:05:01,2026-07-30 16:05:01,2024-02-24 09:50:00
10126551,6325629,16777473,2026-07-30 14:47:22,2026-07-10 11:05:01,2025-06-28 17:05:01
12438231,6325629,1,2026-07-30 01:05:01,2026-07-30 16:05:01,2025-01-17 03:05:01
10126551,6301782,16777473,2026-07-30 14:47:22,2026-07-10 10:05:01,2025-06-27 10:05:01
12438231,6301782,1,2026-07-30 01:05:01,2026-07-30 16:05:01,2025-01-17 03:05:01
10126551,5339659,16777473,2026-07-30 14:47:22,2026-07-10 10:05:01,2025-06-24 14:05:02
12438231,5339659,1,2026-07-30 01:05:01,2026-07-26 05:05:01,2025-01-17 03:05:01
10126551,6094035,16777473,2026-07-30 14:47:22,2026-07-29 13:05:01,2025-07-01 09:05:01
12438231,6094035,1,2026-07-30 01:05:01,2026-07-30 16:05:01,2025-01-17 03:05:01
10126551,6146152,16777473,2026-07-30 14:47:22,2026-07-12 07:05:01,2025-06-28 17:05:01
12438231,6146152,1,2026-07-30 01:05:01,2026-07-30 16:05:01,2025-01-17 03:05:01
23482699,6146152,65537,2024-05-08 19:53:00,2026-07-26 03:05:01,2024-02-08 20:39:00
1140687,6196459,1,2026-07-30 00:05:01,2026-07-30 10:05:01,2024-07-29 01:00:49
10126551,6196459,16777473,2026-07-30 14:47:22,2026-07-30 16:05:01,2025-06-28 17:05:01
12438231,6196459,1,2026-07-30 01:05:01,2026-07-30 16:05:01,2025-01-17 03:05:01
369429,5958676,1,2026-07-30 01:05:01,2026-07-30 16:05:01,2024-02-24 09:50:00
10126551,5958676,16777473,2026-07-30 14:47:22,2026-07-26 00:05:02,2025-06-28 17:05:01
12438231,5958676,1,2026-07-30 01:05:01,2026-07-30 16:05:01,2025-01-17 03:05:01
369429,4051034,1,2026-07-30 01:05:01,2026-07-30 14:05:02,2024-02-24 09:50:00
10126551,4051034,16777473,2026-07-30 14:47:22,2026-07-29 04:05:01,2025-06-29 16:05:01
12438231,4051034,1,2026-07-30 01:05:01,2026-07-30 16:05:01,2025-01-17 03:05:01
10126551,3993378,16777473,2026-07-30 14:47:22,2026-07-10 10:05:01,2025-06-29 16:05:01
12438231,3993378,1,2026-07-30 01:05:01,2026-07-26 05:05:01,2025-01-17 03:05:01
184183,5699275,1,2026-07-25 00:05:01,2026-07-25 19:05:01,2024-02-10 14:00:00
369429,5699275,1,2026-07-30 01:05:01,2026-07-30 16:05:01,2024-02-24 09:50:00
10126551,5699275,16777473,2026-07-30 14:47:22,2026-07-30 05:05:01,2025-06-29 16:05:01
12438231,5699275,1,2026-07-30 01:05:01,2026-07-30 16:05:01,2025-01-17 03:05:01
369429,1752126,1,2026-07-30 01:05:01,2026-07-30 16:05:01,2024-02-24 09:50:00
10126551,1752126,16777473,2026-07-30 14:47:22,2026-07-30 05:05:01,2025-06-29 16:05:01
12438231,1752126,1,2026-07-30 01:05:01,2026-07-30 16:05:01,2025-01-17 03:05:01
369429,6317134,1,2026-07-30 01:05:01,2026-07-30 16:05:01,2024-02-24 09:50:00
10126551,6317134,16777473,2026-07-30 14:47:22,2026-07-27 02:05:01,2025-06-29 16:05:01
12438231,6317134,1,2026-07-30 01:05:01,2026-07-30 16:05:01,2025-01-17 03:05:01
369429,6352749,1,2026-07-30 01:05:01,2026-07-30 16:05:01,2024-03-08 03:46:00
10126551,6352749,16777473,2026-07-30 14:47:22,2026-07-30 05:05:01,2025-06-29 16:05:01
12438231,6352749,1,2026-07-30 01:05:01,2026-07-30 16:05:01,2025-01-17 03:05:01
369429,6354550,1,2026-07-30 01:05:01,2026-07-30 16:05:01,2024-07-27 02:03:43
10126551,6354550,16777473,2026-07-30 14:47:22,2026-07-28 00:05:01,2025-06-28 17:05:01
12438231,6354550,1,2026-07-30 01:05:01,2026-07-30 16:05:01,2025-01-17 03:05:01
23482699,6354550,65537,2024-05-08 19:53:00,2026-07-26 03:05:01,2024-02-08 20:39:00
10126551,5331967,16777473,2026-07-30 14:47:22,2026-07-26 15:08:55,2025-06-27 10:05:01
12438231,5331967,1,2026-07-30 01:05:01,2026-07-26 05:05:01,2025-01-17 03:05:01
184183,5716309,1,2026-07-25 00:05:01,2026-07-25 19:05:01,2024-02-10 14:00:00
369429,5716309,1,2026-07-30 01:05:01,2026-07-30 16:05:01,2024-02-24 09:50:00
10126551,5716309,16777473,2026-07-30 14:47:22,2026-07-30 04:05:01,2025-06-28 17:05:01
12438231,5716309,1,2026-07-30 01:05:01,2026-07-30 16:05:01,2025-01-17 03:05:01
369429,6358595,1,2026-07-30 01:05:01,2026-07-30 16:05:01,2024-02-24 09:50:00
10126551,6358595,16777473,2026-07-30 14:47:22,2026-07-28 00:05:01,2025-06-30 04:05:01
12438231,6358595,1,2026-07-30 01:05:01,2026-07-30 16:05:01,2025-01-17 03:05:01
184183,5700403,1,2026-07-25 00:05:01,2026-07-25 20:05:01,2024-08-08 14:17:13
369429,5700403,1,2026-07-30 01:05:01,2026-07-30 16:05:01,2024-02-24 09:50:00
10126551,5700403,16777473,2026-07-30 14:47:22,2026-07-30 05:05:01,2025-06-29 16:05:01
12438231,5700403,1,2026-07-30 01:05:01,2026-07-30 16:05:01,2025-01-17 03:05:01
184183,4496934,1,2026-07-25 00:05:01,2026-07-25 19:05:01,2024-02-10 14:00:00
369429,4496934,1,2026-07-30 01:05:01,2026-07-30 16:05:01,2024-02-24 09:50:00
10126551,4496934,16777473,2026-07-30 14:47:22,2026-07-11 20:35:52,2025-06-29 16:05:01
12438231,4496934,1,2026-07-30 01:05:01,2026-07-30 16:05:01,2025-01-17 03:05:01
184183,5237377,1,2026-07-25 00:05:01,2026-07-25 08:05:01,2024-02-10 14:00:00
10126551,5237377,16777473,2026-07-30 14:47:22,2026-07-10 10:05:01,2025-06-24 22:05:01
12438231,5237377,1,2026-07-30 01:05:01,2026-07-30 07:05:01,2025-01-17 03:05:01
369429,5775178,1,2026-07-30 01:05:01,2026-07-30 16:05:01,2024-02-24 09:50:00
10126551,5775178,16777473,2026-07-30 14:47:22,2026-07-30 05:05:01,2025-06-29 16:05:01
12438231,5775178,1,2026-07-30 01:05:01,2026-07-30 16:05:01,2025-01-17 03:05:01
184183,4412389,1,2026-07-25 00:05:01,2026-07-25 20:05:01,2024-02-10 14:00:00
10126551,4412389,16777473,2026-07-30 14:47:22,2026-07-30 16:05:01,2025-06-28 17:05:01
12438231,4412389,1,2026-07-30 01:05:01,2026-07-30 16:05:01,2025-01-17 03:05:01
369429,6107531,1,2026-07-30 01:05:01,2026-07-30 16:05:01,2024-02-24 09:50:00
10126551,6107531,16777473,2026-07-30 14:47:22,2026-07-30 04:05:01,2025-06-29 16:05:01
12438231,6107531,1,2026-07-30 01:05:01,2026-07-30 16:05:01,2025-01-17 03:05:01
369429,5430688,1,2026-07-30 01:05:01,2026-07-30 16:05:01,2024-03-24 12:10:00
10126551,5430688,16777473,2026-07-30 14:47:22,2026-07-28 00:05:01,2025-06-28 17:05:01
12438231,5430688,1,2026-07-30 01:05:01,2026-07-30 16:05:01,2025-01-17 03:05:01
10126551,5837779,16777473,2026-07-30 14:47:22,2026-07-10 10:05:01,2025-06-27 10:05:01
12438231,5837779,1,2026-07-30 01:05:01,2026-07-26 07:05:01,2025-01-17 03:05:01
3030062,5237336,0,,2026-07-30 16:05:01,
10126551,5237336,16777473,2026-07-30 14:47:22,2026-07-10 10:05:01,2025-06-28 17:05:01
12438231,5237336,1,2026-07-30 01:05:01,2026-07-30 16:05:01,2025-01-17 03:05:01
13111270,5237336,1,2024-07-15 13:16:15,2026-07-17 05:05:01,2024-02-17 17:07:00
1140687,5886843,1,2026-07-30 00:05:01,2026-07-30 10:05:01,2024-08-18 04:05:01
10126551,5886843,16777473,2026-07-30 14:47:22,2026-07-10 10:05:01,2025-06-28 17:05:01
12438231,5886843,1,2026-07-30 01:05:01,2026-07-30 16:05:01,2025-01-17 03:05:01
1140687,6392690,1,2026-07-30 00:05:01,2026-07-30 10:05:01,2024-08-17 23:15:27
10126551,6392690,16777473,2026-07-30 14:47:22,2026-07-29 08:05:01,2025-06-29 16:05:01
12438231,6392690,1,2026-07-30 01:05:01,2026-07-30 16:05:01,2025-01-17 03:05:01
184183,5681944,1,2026-07-25 00:05:01,2026-07-25 19:05:01,2024-02-10 14:00:00
10126551,5681944,16777473,2026-07-30 14:47:22,2026-07-28 02:05:01,2025-06-29 16:05:01
12438231,5681944,1,2026-07-30 01:05:01,2026-07-30 16:05:01,2025-01-17 03:05:01
10126551,5909289,16777473,2026-07-30 14:47:22,2026-07-10 10:05:01,2025-06-28 17:05:01
12438231,5909289,1,2026-07-30 01:05:01,2026-07-30 12:05:01,2025-01-17 03:05:01
9423019,4887913,1,2026-04-08 02:05:02,2026-07-30 16:05:01,2024-02-05 04:04:00
10126551,4887913,16777473,2026-07-30 14:47:22,2026-07-10 10:05:01,2025-06-28 17:05:01
12438231,4887913,1,2026-07-30 01:05:01,2026-07-30 16:05:01,2025-01-17 03:05:01
184183,5757983,1,2026-07-25 00:05:01,2026-07-25 20:05:01,2024-02-10 14:00:00
369429,5757983,1,2026-07-30 01:05:01,2026-07-30 16:05:01,2024-02-24 09:50:00
10126551,5757983,16777473,2026-07-30 14:47:22,2026-07-28 23:05:01,2025-06-29 16:05:01
12438231,5757983,1,2026-07-30 01:05:01,2026-07-30 16:05:01,2025-01-17 03:05:01
184183,4893073,1,2026-07-25 00:05:01,2026-07-25 20:05:01,2024-02-10 14:00:00
369429,4893073,1,2026-07-30 01:05:01,2026-07-30 16:05:01,2024-02-24 09:50:00
10126551,4893073,16777473,2026-07-30 14:47:22,2026-07-30 01:05:01,2025-06-29 16:05:01
12438231,4893073,1,2026-07-30 01:05:01,2026-07-30 16:05:01,2025-01-17 03:05:01
10126551,4473780,16777473,2026-07-30 14:47:22,2026-07-27 04:05:01,2025-06-28 17:05:01
12438231,4473780,1,2026-07-30 01:05:01,2026-07-30 16:05:01,2025-01-17 03:05:01
23482699,4473780,65537,2024-05-08 19:53:00,2026-07-26 03:05:01,2024-02-08 20:39:00
369429,5797354,1,2026-07-30 01:05:01,2026-07-30 16:05:01,2024-02-24 09:50:00
10126551,5797354,16777473,2026-07-30 14:47:22,2026-07-10 16:05:01,2025-06-28 17:05:01
10126551,6299546,16777473,2026-07-30 14:47:22,2026-07-10 10:05:01,2025-06-27 10:05:01
12438231,6299546,1,2026-07-30 01:05:01,2026-07-26 05:05:01,2025-01-17 03:05:01
1140687,6332524,1,2026-07-30 00:05:01,2026-07-30 10:05:01,2024-08-25 01:04:12
10126551,6332524,16777473,2026-07-30 14:47:22,2026-07-30 16:05:01,2025-06-29 16:05:01
12438231,6332524,1,2026-07-30 01:05:01,2026-07-30 16:05:01,2025-01-17 03:05:01
184183,5362997,1,2026-07-25 00:05:01,2026-07-25 19:05:01,2024-02-10 14:00:00
369429,5362997,1,2026-07-30 01:05:01,2026-07-30 16:05:01,2024-02-24 09:50:00
10126551,5362997,16777473,2026-07-30 14:47:22,2026-07-27 02:05:01,2025-06-28 17:05:01
12438231,5362997,1,2026-07-30 01:05:01,2026-07-30 16:05:01,2025-01-17 03:05:01
184183,4546316,1,2026-07-25 00:05:01,2026-07-25 20:05:01,2024-02-10 14:00:00
10126551,4546316,16777473,2026-07-30 14:47:22,2026-07-27 02:05:01,2025-06-27 10:05:01
12438231,4546316,1,2026-07-30 01:05:01,2026-07-30 16:05:01,2025-01-17 03:05:01
184183,5751228,1,2026-07-25 00:05:01,2026-07-25 19:05:01,2024-02-10 14:00:00
10126551,5751228,16777473,2026-07-30 14:47:22,2026-07-30 04:05:01,2025-06-29 16:05:01
12438231,5751228,1,2026-07-30 01:05:01,2026-07-30 16:05:01,2025-01-17 03:05:01
10126551,6365638,16777473,2026-07-30 14:47:22,2026-07-10 10:05:01,2025-06-28 17:05:01
12438231,6365638,1,2026-07-30 01:05:01,2026-07-30 16:05:01,2025-01-17 03:05:01
23482699,6365638,65537,2024-05-08 19:53:00,2026-07-26 03:05:01,2024-02-08 20:39:00
184183,6384462,1,2026-07-25 00:05:01,2026-07-25 19:05:01,2024-08-27 02:32:36
10126551,6384462,16777473,2026-07-30 14:47:22,2026-07-30 08:05:01,2025-06-29 16:05:01
12438231,6384462,1,2026-07-30 01:05:01,2026-07-30 16:05:01,2025-01-17 03:05:01
184183,5521822,1,2026-07-25 00:05:01,2026-07-25 20:05:01,2024-08-08 14:17:13
369429,5521822,1,2026-07-30 01:05:01,2026-07-30 16:05:01,2024-02-24 09:50:00
10126551,5521822,16777473,2026-07-30 14:47:22,2026-07-10 10:05:01,2025-06-28 17:05:01
12438231,5521822,1,2026-07-30 01:05:01,2026-07-30 16:05:01,2025-01-17 03:05:01
369429,6164929,1,2026-07-30 01:05:01,2026-07-30 16:05:01,2024-04-20 18:55:00
10126551,6164929,16777473,2026-07-30 14:47:22,2026-07-28 05:05:01,2025-06-29 16:05:01
12438231,6164929,1,2026-07-30 01:05:01,2026-07-30 16:05:01,2025-01-17 03:05:01
1140687,6434820,1,2026-07-30 00:05:01,2026-07-30 10:05:01,2024-08-17 23:15:27
12438231,6434820,1,2026-07-30 01:05:01,2026-07-30 16:05:01,2025-01-17 03:05:01
369429,4644683,1,2026-07-30 01:05:01,2026-07-30 05:05:01,2024-02-24 09:50:00
10126551,4644683,16777473,2026-07-30 14:47:22,2026-07-26 04:05:01,2025-06-28 17:05:01
12438231,4644683,1,2026-07-30 01:05:01,2026-07-30 16:05:01,2025-01-17 03:05:01
9423019,5694517,1,2026-04-08 02:05:02,2026-07-30 16:05:01,2024-02-05 04:04:00
10126551,5694517,16777473,2026-07-30 14:47:22,2026-07-10 10:05:01,2025-06-27 10:05:01
12438231,5694517,1,2026-07-30 01:05:01,2026-07-26 05:05:01,2025-01-17 03:05:01
9423019,6444630,1,2026-04-08 02:05:02,2026-07-30 16:05:01,2024-02-05 04:04:00
10126551,6444630,16777473,2026-07-30 14:47:22,2026-07-10 10:05:01,2025-06-27 10:05:01
12438231,6444630,1,2026-07-30 01:05:01,2026-07-30 14:05:02,2025-01-17 03:05:01
9423019,6445611,1,2026-04-08 02:05:02,2026-07-30 16:05:01,2024-02-05 04:04:00
10126551,6445611,16777473,2026-07-30 14:47:22,2026-07-10 10:05:01,2025-06-27 10:05:01
12438231,6445611,1,2026-07-30 01:05:01,2026-07-30 06:05:01,2025-01-17 03:05:01
184183,6449136,1,2026-07-25 00:05:01,2026-07-25 19:05:01,2024-08-08 14:17:13
10126551,6449136,16777473,2026-07-30 14:47:22,2026-07-30 16:05:01,2025-06-29 16:05:01
12438231,6449136,1,2026-07-30 01:05:01,2026-07-30 16:05:01,2025-01-17 03:05:01
184183,5670832,1,2026-07-25 00:05:01,2026-07-25 20:05:01,2024-02-10 14:00:00
369429,5670832,1,2026-07-30 01:05:01,2026-07-30 16:05:01,2024-02-24 09:50:00
10126551,5670832,16777473,2026-07-30 14:47:22,2026-07-10 10:05:01,2025-06-28 17:05:01
12438231,5670832,1,2026-07-30 01:05:01,2026-07-30 16:05:01,2025-01-17 03:05:01
184183,6443827,1,2026-07-25 00:05:01,2026-07-25 20:05:01,2024-08-27 02:32:36
10126551,6443827,16777473,2026-07-30 14:47:22,2026-07-28 02:05:01,2025-06-27 10:05:01
12438231,6443827,1,2026-07-30 01:05:01,2026-07-30 16:05:01,2025-01-17 03:05:01
184183,5896450,1,2026-07-25 00:05:01,2026-07-10 10:05:01,2024-02-10 14:00:00
2202991,5896450,65537,2024-04-09 10:42:00,2026-07-30 16:05:01,2024-04-09 10:42:00
10126551,5896450,16777473,2026-07-30 14:47:22,2026-07-10 10:05:01,2025-06-24 14:05:02
12438231,5896450,1,2026-07-30 01:05:01,2026-07-26 05:05:01,2025-01-17 03:05:01
184183,5418164,1,2026-07-25 00:05:01,2026-07-25 19:05:01,2024-02-10 14:00:00
10126551,5418164,16777473,2026-07-30 14:47:22,2026-07-30 00:05:01,2025-06-29 16:05:01
12438231,5418164,1,2026-07-30 01:05:01,2026-07-30 16:05:01,2025-01-17 03:05:01
184183,6459060,1,2026-07-25 00:05:01,2026-07-25 20:05:01,2024-11-02 05:25:56
9423019,6459060,1,2026-04-08 02:05:02,2026-07-30 16:05:01,2024-02-05 04:04:00
10126551,6459060,16777473,2026-07-30 14:47:22,2026-07-30 04:05:01,2025-06-29 16:05:01
12438231,6459060,1,2026-07-30 01:05:01,2026-07-30 16:05:01,2025-01-17 03:05:01
184183,5811047,1,2026-07-25 00:05:01,2026-07-25 19:05:01,2024-02-10 14:00:00
369429,5811047,1,2026-07-30 01:05:01,2026-07-30 16:05:01,2024-02-24 09:50:00
10126551,5811047,16777473,2026-07-30 14:47:22,2026-07-30 00:05:01,2025-06-29 16:05:01
12438231,5811047,1,2026-07-30 01:05:01,2026-07-30 16:05:01,2025-01-17 03:05:01
369429,5493130,1,2026-07-30 01:05:01,2026-07-29 07:05:01,2024-07-27 02:03:43
10126551,5493130,16777473,2026-07-30 14:47:22,2026-07-22 03:05:01,2025-06-28 17:05:01
12438231,5493130,1,2026-07-30 01:05:01,2026-07-30 16:05:01,2025-01-17 03:05:01
1140687,6460601,1,2026-07-30 00:05:01,2026-07-30 10:05:01,2024-06-11 02:00:26
10126551,6460601,16777473,2026-07-30 14:47:22,2026-07-30 14:05:02,2025-06-29 16:05:01
12438231,6460601,1,2026-07-30 01:05:01,2026-07-30 16:05:01,2025-01-17 03:05:01
184183,5866806,1,2026-07-25 00:05:01,2026-07-25 19:05:01,2024-02-10 14:00:00
369429,5866806,1,2026-07-30 01:05:01,2026-07-30 16:05:01,2024-02-24 09:50:00
10126551,5866806,16777473,2026-07-30 14:47:22,2026-07-30 04:05:01,2025-06-29 16:05:01
12438231,5866806,1,2026-07-30 01:05:01,2026-07-30 16:05:01,2025-01-17 03:05:01
369429,5120673,1,2026-07-30 01:05:01,2026-07-23 04:05:02,2024-02-24 09:50:00
10126551,5120673,16777473,2026-07-30 14:47:22,2026-07-10 10:05:01,2025-06-24 14:05:02
12438231,5120673,1,2026-07-30 01:05:01,2026-07-30 07:05:01,2025-01-17 03:05:01
10126551,6307677,16777473,2026-07-30 14:47:22,2026-07-10 10:05:01,2025-06-28 17:05:01
12438231,6307677,1,2026-07-30 01:05:01,2026-07-30 15:05:01,2025-01-17 03:05:01
1140687,4866065,1,2026-07-30 00:05:01,2026-07-30 10:05:01,2024-08-25 01:04:12
10126551,4866065,16777473,2026-07-30 14:47:22,2026-07-10 10:05:01,2025-06-24 22:05:01
12438231,4866065,1,2026-07-30 01:05:01,2026-07-30 13:05:01,2025-01-17 03:05:01
184183,4150566,1,2026-07-25 00:05:01,2026-07-25 20:05:01,2024-08-08 14:17:13
369429,4150566,1,2026-07-30 01:05:01,2026-07-30 16:05:01,2024-03-24 12:10:00
10126551,4150566,16777473,2026-07-30 14:47:22,2026-07-30 05:05:01,2025-06-28 17:05:01
12438231,4150566,1,2026-07-30 01:05:01,2026-07-30 16:05:01,2025-01-17 03:05:01
1140687,6459102,1,2026-07-30 00:05:01,2026-07-30 10:05:01,2024-06-11 02:00:26
10126551,6459102,16777473,2026-07-30 14:47:22,2026-07-30 16:05:01,2025-06-29 16:05:01
12438231,6459102,1,2026-07-30 01:05:01,2026-07-30 16:05:01,2025-01-17 03:05:01
184183,4493147,1,2026-07-25 00:05:01,2026-07-25 20:05:01,2024-02-10 14:00:00
369429,4493147,1,2026-07-30 01:05:01,2026-07-30 16:05:01,2024-02-24 09:50:00
10126551,4493147,16777473,2026-07-30 14:47:22,2026-07-30 05:05:01,2025-06-29 16:05:01
12438231,4493147,1,2026-07-30 01:05:01,2026-07-30 16:05:01,2025-01-17 03:05:01
184183,6480337,1,2026-07-25 00:05:01,2026-07-25 20:05:01,2024-07-22 02:34:25
10126551,6480337,16777473,2026-07-30 14:47:22,2026-07-30 16:05:01,2025-06-29 16:05:01
12438231,6480337,1,2026-07-30 01:05:01,2026-07-30 16:05:01,2025-01-17 03:05:01
2202991,5903715,65537,2024-04-09 10:42:00,2026-07-30 16:05:01,2024-04-09 10:42:00
10126551,5903715,16777473,2026-07-30 14:47:22,2026-07-10 10:05:01,2025-06-24 14:05:02
12438231,5903715,1,2026-07-30 01:05:01,2026-07-26 05:05:01,2025-01-17 03:05:01
14783812,5903715,1,2026-05-07 15:23:24,2026-07-30 16:05:01,2025-02-23 08:05:01
369429,5565566,1,2026-07-30 01:05:01,2026-07-30 07:05:01,2024-02-24 09:50:00
10126551,5565566,16777473,2026-07-30 14:47:22,2026-07-22 02:05:01,2025-06-28 17:05:01
12438231,5565566,1,2026-07-30 01:05:01,2026-07-30 16:05:01,2025-01-17 03:05:01
184183,5563236,1,2026-07-25 00:05:01,2026-07-25 19:05:01,2024-02-10 14:00:00
10126551,5563236,16777473,2026-07-30 14:47:22,2026-07-28 04:05:01,2025-06-28 17:05:01
12438231,5563236,1,2026-07-30 01:05:01,2026-07-30 16:05:01,2025-01-17 03:05:01
184183,5513224,1,2026-07-25 00:05:01,2026-07-25 20:05:01,2024-02-10 14:00:00
369429,5513224,1,2026-07-30 01:05:01,2026-07-30 16:05:01,2024-03-25 19:39:00
10126551,5513224,16777473,2026-07-30 14:47:22,2026-07-30 05:05:01,2025-06-28 17:05:01
12438231,5513224,1,2026-07-30 01:05:01,2026-07-30 16:05:01,2025-01-17 03:05:01
369429,5448212,1,2026-07-30 01:05:01,2026-07-30 16:05:01,2024-03-24 12:10:00
10126551,5448212,16777473,2026-07-30 14:47:22,2026-07-28 04:05:01,2025-06-28 17:05:01
12438231,5448212,1,2026-07-30 01:05:01,2026-07-30 16:05:01,2025-01-17 03:05:01
369429,5907347,1,2026-07-30 01:05:01,2026-07-10 11:05:01,2024-02-24 09:50:00
10126551,5907347,16777473,2026-07-30 14:47:22,2026-07-10 10:05:01,2025-06-24 22:05:01
12438231,5907347,1,2026-07-30 01:05:01,2026-07-30 02:05:01,2025-01-17 03:05:01
6449581,3670649,1,2026-07-15 04:24:18,2026-07-30 12:05:01,2024-02-19 00:00:00
10126551,3670649,16777473,2026-07-30 14:47:22,2026-07-30 16:05:01,2025-06-29 16:05:01
12438231,3670649,1,2026-07-30 01:05:01,2026-07-30 16:05:01,2025-01-17 03:05:01
369429,5213976,1,2026-07-30 01:05:01,2026-07-11 20:35:52,2024-02-24 09:50:00
10126551,5213976,16777473,2026-07-30 14:47:22,2026-07-10 10:05:01,2025-06-28 17:05:01
12438231,5213976,1,2026-07-30 01:05:01,2026-07-30 16:05:01,2025-01-17 03:05:01
10126551,5487052,16777473,2026-07-30 14:47:22,2026-07-10 10:05:01,2025-06-27 10:05:01
12438231,5487052,1,2026-07-30 01:05:01,2026-07-30 14:05:02,2025-01-17 03:05:01
1140687,6477074,1,2026-07-30 00:05:01,2026-07-30 10:05:01,2024-07-29 01:00:49
10126551,6477074,16777473,2026-07-30 14:47:22,2026-07-27 03:05:01,2025-06-29 16:05:01
12438231,6477074,1,2026-07-30 01:05:01,2026-07-30 16:05:01,2025-01-17 03:05:01
369429,6121775,1,2026-07-30 01:05:01,2026-07-30 16:05:01,2024-02-24 09:50:00
10126551,6121775,16777473,2026-07-30 14:47:22,2026-07-30 05:05:01,2025-06-29 16:05:01
12438231,6121775,1,2026-07-30 01:05:01,2026-07-30 16:05:01,2025-01-17 03:05:01
369429,6031017,1,2026-07-30 01:05:01,2026-07-30 16:05:01,2024-07-27 02:03:43
10126551,6031017,16777473,2026-07-30 14:47:22,2026-07-28 03:05:01,2025-06-29 16:05:01
12438231,6031017,1,2026-07-30 01:05:01,2026-07-30 16:05:01,2025-01-17 03:05:01
23482699,6031017,65537,2024-05-08 19:53:00,2026-07-26 03:05:01,2024-02-08 20:39:00
369429,6273597,1,2026-07-30 01:05:01,2026-07-30 16:05:01,2024-02-24 09:50:00
10126551,6273597,16777473,2026-07-30 14:47:22,2026-07-10 10:05:01,2025-06-28 17:05:01
12438231,6273597,1,2026-07-30 01:05:01,2026-07-30 16:05:01,2025-01-17 03:05:01
1140687,6507910,1,2026-07-30 00:05:01,2026-07-30 10:05:01,2024-07-06 02:00:31
10126551,6507910,16777473,2026-07-30 14:47:22,2026-07-30 16:05:01,2025-06-29 16:05:01
12438231,6507910,1,2026-07-30 01:05:01,2026-07-30 16:05:01,2025-01-17 03:05:01
184183,3658252,1,2026-07-25 00:05:01,2026-07-25 20:05:01,2024-02-10 14:00:00
369429,3658252,1,2026-07-30 01:05:01,2026-07-30 16:05:01,2024-04-30 21:30:00
10126551,3658252,16777473,2026-07-30 14:47:22,2026-07-10 11:05:01,2025-06-28 17:05:01
12438231,3658252,1,2026-07-30 01:05:01,2026-07-30 16:05:01,2025-01-17 03:05:01
184183,5190673,1,2026-07-25 00:05:01,2026-07-25 20:05:01,2024-02-10 14:00:00
369429,5190673,1,2026-07-30 01:05:01,2026-07-30 16:05:01,2024-02-24 09:50:00
10126551,5190673,16777473,2026-07-30 14:47:22,2026-07-30 04:05:01,2025-06-29 16:05:01
12438231,5190673,1,2026-07-30 01:05:01,2026-07-30 16:05:01,2025-01-17 03:05:01
10126551,6118102,16777473,2026-07-30 14:47:22,2026-07-17 20:05:02,2025-06-29 16:05:01
12438231,6118102,1,2026-07-30 01:05:01,2026-07-30 16:05:01,2025-01-17 03:05:01
23482699,6118102,65537,2024-05-08 19:53:00,2026-07-26 03:05:01,2024-02-08 20:39:00
184183,3666216,1,2026-07-25 00:05:01,2026-07-25 19:05:01,2024-02-10 14:00:00
369429,3666216,1,2026-07-30 01:05:01,2026-07-30 16:05:01,2024-02-24 09:50:00
10126551,3666216,16777473,2026-07-30 14:47:22,2026-07-28 04:05:01,2025-06-28 17:05:01
12438231,3666216,1,2026-07-30 01:05:01,2026-07-30 16:05:01,2025-01-17 03:05:01
2202991,5906585,65537,2024-04-09 10:42:00,2026-07-30 16:05:01,2024-04-09 10:42:00
10126551,5906585,16777473,2026-07-30 14:47:22,2026-07-10 10:05:01,2025-06-24 14:05:02
12438231,5906585,1,2026-07-30 01:05:01,2026-07-26 05:05:01,2025-01-17 03:05:01
14783812,5906585,1,2026-05-07 15:23:24,2026-07-30 16:05:01,2025-02-23 08:05:01
10126551,5993541,16777473,2026-07-30 14:47:22,2026-07-10 10:05:01,2025-06-27 10:05:01
12438231,5993541,1,2026-07-30 01:05:01,2026-07-26 07:05:01,2025-01-17 03:05:01
10126551,6185838,16777473,2026-07-30 14:47:22,2026-07-10 10:05:01,2025-06-24 14:05:02
12438231,6185838,1,2026-07-30 01:05:01,2026-07-26 05:05:01,2025-01-17 03:05:01
2172910,6140852,0,,2026-07-30 16:05:01,
10126551,6140852,16777473,2026-07-30 14:47:22,2026-07-10 10:05:01,2025-06-24 14:05:02
12438231,6140852,1,2026-07-30 01:05:01,2026-07-26 05:05:01,2025-01-17 03:05:01
369429,4545404,1,2026-07-30 01:05:01,2026-07-30 16:05:01,2024-02-24 09:50:00
10126551,4545404,16777473,2026-07-30 14:47:22,2026-07-25 02:05:01,2025-06-28 17:05:01
12438231,4545404,1,2026-07-30 01:05:01,2026-07-30 16:05:01,2025-01-17 03:05:01
1140687,5467352,1,2026-07-30 00:05:01,2026-07-30 12:05:01,2024-08-17 23:15:27
10126551,5467352,16777473,2026-07-30 14:47:22,2026-07-10 10:05:01,2025-06-27 10:05:01
12438231,5467352,1,2026-07-30 01:05:01,2026-07-30 16:05:01,2025-01-17 03:05:01
369429,3618715,1,2026-07-30 01:05:01,2026-07-30 16:05:01,2024-02-24 09:50:00
10126551,3618715,16777473,2026-07-30 14:47:22,2026-07-30 04:05:01,2025-06-29 16:05:01
12438231,3618715,1,2026-07-30 01:05:01,2026-07-30 16:05:01,2025-01-17 03:05:01
10126551,6111905,16777473,2026-07-30 14:47:22,2026-07-10 10:05:01,2025-06-27 10:05:01
12438231,6111905,1,2026-07-30 01:05:01,2026-07-28 12:05:01,2025-01-17 03:05:01
10126551,6441921,16777473,2026-07-30 14:47:22,2026-07-10 10:05:01,2025-06-27 10:05:01
12438231,6441921,1,2026-07-30 01:05:01,2026-07-28 08:05:01,2025-01-17 03:05:01
10126551,6118353,16777473,2026-07-30 14:47:22,2026-07-10 10:05:01,2025-06-28 17:05:01
12438231,6118353,1,2026-07-30 01:05:01,2026-07-29 11:05:01,2025-01-17 03:05:01
184183,5097277,1,2026-07-25 00:05:01,2026-07-25 19:05:01,2024-02-10 14:00:00
369429,5097277,1,2026-07-30 01:05:01,2026-07-30 16:05:01,2024-02-24 09:50:00
10126551,5097277,16777473,2026-07-30 14:47:22,2026-07-30 04:05:01,2025-06-29 16:05:01
12438231,5097277,1,2026-07-30 01:05:01,2026-07-30 16:05:01,2025-01-17 03:05:01
369429,5504805,1,2026-07-30 01:05:01,2026-07-30 16:05:01,2024-03-24 12:10:00
10126551,5504805,16777473,2026-07-30 14:47:22,2026-07-28 00:05:01,2025-06-28 17:05:01
12438231,5504805,1,2026-07-30 01:05:01,2026-07-30 16:05:01,2025-01-17 03:05:01
184183,5818690,1,2026-07-25 00:05:01,2026-07-25 19:05:01,2024-02-10 14:00:00
10126551,5818690,16777473,2026-07-30 14:47:22,2026-07-30 16:05:01,2025-06-29 16:05:01
12438231,5818690,1,2026-07-30 01:05:01,2026-07-30 16:05:01,2025-01-17 03:05:01
184183,5159859,1,2026-07-25 00:05:01,2026-07-24 01:05:02,2024-02-10 14:00:00
369429,5159859,1,2026-07-30 01:05:01,2026-07-11 22:05:02,2024-02-24 09:50:00
10126551,5159859,16777473,2026-07-30 14:47:22,2026-07-10 10:05:01,2025-06-28 17:05:01
12438231,5159859,1,2026-07-30 01:05:01,2026-07-30 09:05:01,2025-01-17 03:05:01
670524,6533193,0,,2026-07-30 16:05:01,
10126551,6533193,16777473,2026-07-30 14:47:22,2026-07-10 10:05:01,2025-06-28 17:05:01
12438231,6533193,1,2026-07-30 01:05:01,2026-07-27 14:05:01,2025-01-17 03:05:01
10126551,5821380,16777473,2026-07-30 14:47:22,2026-07-10 12:05:01,2025-06-28 17:05:01
12438231,5821380,1,2026-07-30 01:05:01,2026-07-30 16:05:01,2025-01-17 03:05:01
23482699,5821380,65537,2024-05-08 19:53:00,2026-07-26 03:05:01,2024-02-08 20:39:00
2202991,5998994,0,,2026-07-30 16:05:01,
10126551,5998994,16777473,2026-07-30 14:47:22,2026-07-10 10:05:01,2025-06-28 17:05:01
12438231,5998994,1,2026-07-30 01:05:01,2026-07-26 05:05:01,2025-01-17 03:05:01
10126551,6413159,16777473,2026-07-30 14:47:22,2026-07-20 02:05:01,2025-06-27 10:05:01
12438231,6413159,1,2026-07-30 01:05:01,2026-07-30 16:05:01,2025-01-17 03:05:01
369429,5514928,1,2026-07-30 01:05:01,2026-07-30 16:05:01,2024-03-24 12:10:00
10126551,5514928,16777473,2026-07-30 14:47:22,2026-07-27 03:05:01,2025-06-29 16:05:01
12438231,5514928,1,2026-07-30 01:05:01,2026-07-30 16:05:01,2025-01-17 03:05:01
9423019,5467238,1,2026-04-08 02:05:02,2026-07-30 16:05:01,2024-02-05 04:04:00
10126551,5467238,16777473,2026-07-30 14:47:22,2026-07-10 10:05:01,2025-06-24 14:05:02
12438231,5467238,1,2026-07-30 01:05:01,2026-07-30 06:05:01,2025-01-17 03:05:01
10126551,6336907,16777473,2026-07-30 14:47:22,2026-07-10 10:05:01,2025-06-24 14:05:02
12438231,6336907,1,2026-07-30 01:05:01,2026-07-26 05:05:01,2025-01-17 03:05:01
10126551,4163784,16777473,2026-07-30 14:47:22,2026-07-10 10:05:01,2025-06-24 14:05:02
12438231,5797354,1,2026-07-30 01:05:01,2026-07-30 16:05:01,2025-01-17 03:05:01
1140687,3711465,1,2026-07-30 00:05:01,2026-07-30 10:05:01,2024-08-17 23:15:27
10126551,3711465,16777473,2026-07-30 14:47:22,2026-07-10 10:05:01,2025-06-28 17:05:01
12438231,3711465,1,2026-07-30 01:05:01,2026-07-30 16:05:01,2025-01-17 03:05:01
369429,6392835,1,2026-07-30 01:05:01,2026-07-30 16:05:01,2024-02-24 09:50:00
9423019,6392835,1,2026-04-08 02:05:02,2026-07-30 16:05:01,2024-02-05 04:04:00
10126551,6392835,16777473,2026-07-30 14:47:22,2026-07-28 02:05:01,2025-06-29 16:05:01
12438231,6392835,1,2026-07-30 01:05:01,2026-07-30 16:05:01,2025-01-17 03:05:01
369429,4908659,1,2026-07-30 01:05:01,2026-07-30 08:05:01,2024-02-24 09:50:00
10126551,4908659,16777473,2026-07-30 14:47:22,2026-07-11 00:05:01,2025-06-27 10:05:01
12438231,4908659,1,2026-07-30 01:05:01,2026-07-30 16:05:01,2025-01-17 03:05:01
369429,5218542,1,2026-07-30 01:05:01,2026-07-10 11:05:01,2024-02-24 09:50:00
10126551,5218542,16777473,2026-07-30 14:47:22,2026-07-10 10:05:01,2025-06-27 10:05:01
12438231,5218542,1,2026-07-30 01:05:01,2026-07-28 08:05:01,2025-01-17 03:05:01
1140687,4194785,1,2026-07-30 00:05:01,2026-07-30 10:05:01,2024-08-17 23:15:27
10126551,4194785,16777473,2026-07-30 14:47:22,2026-07-16 11:05:01,2025-06-27 10:05:01
12438231,4194785,1,2026-07-30 01:05:01,2026-07-30 16:05:01,2025-01-17 03:05:01
369429,5120243,1,2026-07-30 01:05:01,2026-07-30 16:05:01,2024-02-24 09:50:00
10126551,5120243,16777473,2026-07-30 14:47:22,2026-07-20 02:05:01,2025-06-29 16:05:01
12438231,5120243,1,2026-07-30 01:05:01,2026-07-30 16:05:01,2025-01-17 03:05:01
184183,5594680,1,2026-07-25 00:05:01,2026-07-25 19:05:01,2024-02-10 14:00:00
369429,5594680,1,2026-07-30 01:05:01,2026-07-30 16:05:01,2024-02-24 09:50:00
10126551,5594680,16777473,2026-07-30 14:47:22,2026-07-28 00:05:01,2025-06-29 16:05:01
12438231,5594680,1,2026-07-30 01:05:01,2026-07-30 16:05:01,2025-01-17 03:05:01
369429,4214626,1,2026-07-30 01:05:01,2026-07-20 12:29:34,2024-02-24 09:50:00
10126551,4214626,16777473,2026-07-30 14:47:22,2026-07-10 10:05:01,2025-06-28 17:05:01
12438231,4214626,1,2026-07-30 01:05:01,2026-07-30 15:05:01,2025-01-17 03:05:01
184183,5658170,1,2026-07-25 00:05:01,2026-07-25 19:05:01,2024-02-10 14:00:00
10126551,5658170,16777473,2026-07-30 14:47:22,2026-07-30 16:05:01,2025-06-29 16:05:01
12438231,5658170,1,2026-07-30 01:05:01,2026-07-30 16:05:01,2025-01-17 03:05:01
369429,5508264,1,2026-07-30 01:05:01,2026-07-30 16:05:01,2024-02-24 09:50:00
10126551,5508264,16777473,2026-07-30 14:47:22,2026-07-16 02:05:01,2025-06-28 17:05:01
12438231,5508264,1,2026-07-30 01:05:01,2026-07-30 16:05:01,2025-01-17 03:05:01
369429,5980885,1,2026-07-30 01:05:01,2026-07-30 16:05:01,2024-02-24 09:50:00
10126551,5980885,16777473,2026-07-30 14:47:22,2026-07-28 00:05:01,2025-06-28 17:05:01
12438231,5980885,1,2026-07-30 01:05:01,2026-07-30 16:05:01,2025-01-17 03:05:01
1140687,6260256,1,2026-07-30 00:05:01,2026-07-30 10:05:01,2024-07-06 02:00:30
10126551,6260256,16777473,2026-07-30 14:47:22,2026-07-10 10:05:01,2025-06-24 22:05:01
12438231,6260256,1,2026-07-30 01:05:01,2026-07-30 16:05:01,2025-01-17 03:05:01
369429,5300323,1,2026-07-30 01:05:01,2026-07-30 16:05:01,2024-04-16 15:29:00
10126551,5300323,16777473,2026-07-30 14:47:22,2026-07-10 10:05:01,2025-06-28 17:05:01
12438231,5300323,1,2026-07-30 01:05:01,2026-07-30 16:05:01,2025-01-17 03:05:01
10126551,5240500,16777473,2026-07-30 14:47:22,2026-07-10 10:05:01,2025-06-27 10:05:01
12438231,5240500,1,2026-07-30 01:05:01,2026-07-26 05:05:01,2025-01-17 03:05:01
184183,5794990,1,2026-07-25 00:05:01,2026-07-25 19:05:01,2024-02-10 14:00:00
369429,5794990,1,2026-07-30 01:05:01,2026-07-30 16:05:01,2024-02-24 09:50:00
10126551,5794990,16777473,2026-07-30 14:47:22,2026-07-30 04:05:01,2025-06-29 16:05:01
12438231,5794990,1,2026-07-30 01:05:01,2026-07-30 16:05:01,2025-01-17 03:05:01
9423019,6433986,1,2026-04-08 02:05:02,2026-07-30 16:05:01,2024-02-05 04:04:00
10126551,6433986,16777473,2026-07-30 14:47:22,2026-07-29 01:05:01,2025-06-29 16:05:01
12438231,6433986,1,2026-07-30 01:05:01,2026-07-30 16:05:01,2025-01-17 03:05:01
369429,3621012,1,2026-07-30 01:05:01,2026-07-30 16:05:01,2024-02-24 09:50:00
10126551,3621012,16777473,2026-07-30 14:47:22,2026-07-25 00:05:01,2025-06-29 16:05:01
12438231,3621012,1,2026-07-30 01:05:01,2026-07-30 16:05:01,2025-01-17 03:05:01
10126551,3988051,16777473,2026-07-30 14:47:22,2026-07-10 10:05:01,2025-06-27 10:05:01
12438231,3988051,1,2026-07-30 01:05:01,2026-07-29 13:05:01,2025-01-17 03:05:01
369429,5706725,1,2026-07-30 01:05:01,2026-07-30 16:05:01,2024-03-24 12:10:00
10126551,5706725,16777473,2026-07-30 14:47:22,2026-07-28 00:05:01,2025-06-28 17:05:01
12438231,5706725,1,2026-07-30 01:05:01,2026-07-30 16:05:01,2025-01-17 03:05:01
184183,6444280,1,2026-07-25 00:05:01,2026-07-25 19:05:01,2024-08-08 14:17:13
10126551,6444280,16777473,2026-07-30 14:47:22,2026-07-30 14:05:02,2025-06-27 10:05:01
12438231,6444280,1,2026-07-30 01:05:01,2026-07-30 16:05:01,2025-01-17 03:05:01
184183,3735980,1,2026-07-25 00:05:01,2026-07-25 20:05:01,2024-02-10 14:00:00
369429,3735980,1,2026-07-30 01:05:01,2026-07-30 16:05:01,2024-02-24 09:50:00
10126551,3735980,16777473,2026-07-30 14:47:22,2026-07-10 10:05:01,2025-06-29 16:05:01
12438231,3735980,1,2026-07-30 01:05:01,2026-07-30 16:05:01,2025-01-17 03:05:01
1140687,6131196,1,2026-07-30 00:05:01,2026-07-30 10:05:01,2024-08-17 23:15:27
10126551,6131196,16777473,2026-07-30 14:47:22,2026-07-30 15:05:01,2025-06-28 17:05:01
12438231,6131196,1,2026-07-30 01:05:01,2026-07-30 16:05:01,2025-01-17 03:05:01
369429,4884699,1,2026-07-30 01:05:01,2026-07-30 14:05:02,2024-02-24 09:50:00
10126551,4884699,16777473,2026-07-30 14:47:22,2026-07-25 06:05:01,2025-06-29 16:05:01
12438231,4884699,1,2026-07-30 01:05:01,2026-07-30 16:05:01,2025-01-17 03:05:01
369429,4467612,1,2026-07-30 01:05:01,2026-07-30 16:05:01,2024-02-24 09:50:00
10126551,4467612,16777473,2026-07-30 14:47:22,2026-07-28 00:05:01,2025-06-28 17:05:01
12438231,4467612,1,2026-07-30 01:05:01,2026-07-30 16:05:01,2025-01-17 03:05:01
10126551,6424901,16777473,2026-07-30 14:47:22,2026-07-10 10:05:01,2025-06-24 14:05:02
12438231,6424901,1,2026-07-30 01:05:01,2026-07-28 09:05:01,2025-01-17 03:05:01
369429,5524182,1,2026-07-30 01:05:01,2026-07-30 16:05:01,2024-02-24 09:50:00
10126551,5524182,16777473,2026-07-30 14:47:22,2026-07-30 04:05:01,2025-06-29 16:05:01
12438231,5524182,1,2026-07-30 01:05:01,2026-07-30 16:05:01,2025-01-17 03:05:01
10126551,4834020,16777473,2026-07-30 14:47:22,2026-07-30 05:05:01,2025-06-24 22:05:01
12438231,4834020,1,2026-07-30 01:05:01,2026-07-30 16:05:01,2025-01-17 03:05:01
369429,5693837,1,2026-07-30 01:05:01,2026-07-30 16:05:01,2024-02-24 09:50:00
10126551,5693837,16777473,2026-07-30 14:47:22,2026-07-30 01:05:01,2025-06-29 16:05:01
12438231,5693837,1,2026-07-30 01:05:01,2026-07-30 16:05:01,2025-01-17 03:05:01
10126551,5665886,16777473,2026-07-30 14:47:22,2026-07-10 10:05:01,2025-06-28 17:05:01
12438231,5665886,1,2026-07-30 01:05:01,2026-07-30 16:05:01,2025-01-17 03:05:01
10126551,6462894,16777473,2026-07-30 14:47:22,2026-07-10 10:05:01,2025-06-28 17:05:01
12438231,6462894,1,2026-07-30 01:05:01,2026-07-27 21:05:01,2025-01-17 03:05:01
369429,5454943,1,2026-07-30 01:05:01,2026-07-30 16:05:01,2024-02-24 09:50:00
10126551,5454943,16777473,2026-07-30 14:47:22,2026-07-10 10:05:01,2025-06-29 16:05:01
12438231,5454943,1,2026-07-30 01:05:01,2026-07-30 16:05:01,2025-01-17 03:05:01
9423019,6446025,1,2026-04-08 02:05:02,2026-07-30 16:05:01,2024-02-05 04:04:00
10126551,6446025,16777473,2026-07-30 14:47:22,2026-07-10 10:05:01,2025-06-27 10:05:01
12438231,6446025,1,2026-07-30 01:05:01,2026-07-30 16:05:01,2025-01-17 03:05:01
10126551,6465498,16777473,2026-07-30 14:47:22,2026-07-10 10:05:01,2025-06-28 17:05:01
12438231,6465498,1,2026-07-30 01:05:01,2026-07-30 12:05:01,2025-01-17 03:05:01
184183,4748544,1,2026-07-25 00:05:01,2026-07-25 20:05:01,2024-02-10 14:00:00
10126551,4748544,16777473,2026-07-30 14:47:22,2026-07-30 16:05:01,2025-06-29 16:05:01
12438231,4748544,1,2026-07-30 01:05:01,2026-07-30 16:05:01,2025-01-17 03:05:01
10126551,5254614,16777473,2026-07-30 14:47:22,2026-07-10 10:05:01,2025-06-24 14:05:02
12438231,5254614,1,2026-07-30 01:05:01,2026-07-26 05:05:01,2025-01-17 03:05:01
10126551,6434456,16777473,2026-07-30 14:47:22,2026-07-27 02:05:01,2025-06-28 17:05:01
12438231,6434456,1,2026-07-30 01:05:01,2026-07-30 16:05:01,2025-01-17 03:05:01
369429,6392962,1,2026-07-30 01:05:01,2026-07-30 14:05:02,2024-02-24 09:50:00
9423019,6392962,1,2026-04-08 02:05:02,2026-07-30 16:05:01,2024-02-05 04:04:00
10126551,6392962,16777473,2026-07-30 14:47:22,2026-07-28 02:05:01,2025-06-29 16:05:01
12438231,6392962,1,2026-07-30 01:05:01,2026-07-30 16:05:01,2025-01-17 03:05:01
369429,6100269,1,2026-07-30 01:05:01,2026-07-30 16:05:01,2024-06-03 20:56:17
10126551,6100269,16777473,2026-07-30 14:47:22,2026-07-25 01:05:01,2025-06-28 17:05:01
12438231,6100269,1,2026-07-30 01:05:01,2026-07-30 16:05:01,2025-01-17 03:05:01
369429,5343256,1,2026-07-30 01:05:01,2026-07-29 05:05:02,2024-03-24 12:10:00
10126551,5343256,16777473,2026-07-30 14:47:22,2026-07-28 04:05:01,2025-06-28 17:05:01
12438231,5343256,1,2026-07-30 01:05:01,2026-07-30 13:05:01,2025-01-17 03:05:01
10126551,5771301,16777473,2026-07-30 14:47:22,2026-07-10 10:05:01,2025-06-24 14:05:02
12438231,5771301,1,2026-07-30 01:05:01,2026-07-26 05:05:01,2025-01-17 03:05:01
18831997,5771301,1,2026-07-07 16:51:43,2026-07-30 12:05:01,2026-03-15 01:05:01
184183,5874505,1,2026-07-25 00:05:01,2026-07-25 19:05:01,2024-02-10 14:00:00
670524,5874505,1,2026-03-11 10:26:57,2026-07-30 16:05:01,2025-04-07 03:05:01
10126551,5874505,16777473,2026-07-30 14:47:22,2026-07-30 05:05:01,2025-06-28 17:05:01
12438231,5874505,1,2026-07-30 01:05:01,2026-07-30 16:05:01,2025-01-17 03:05:01
670524,6486764,1,2026-03-11 10:26:57,2026-07-30 16:05:01,2025-04-05 00:36:53
10126551,6486764,16777473,2026-07-30 14:47:22,2026-07-30 04:05:01,2025-06-29 16:05:01
12438231,6486764,1,2026-07-30 01:05:01,2026-07-30 16:05:01,2025-01-17 03:05:01
9423019,6461880,1,2026-04-08 02:05:02,2026-07-30 16:05:01,2024-02-05 04:04:00
10126551,6461880,16777473,2026-07-30 14:47:22,2026-07-10 10:05:01,2025-06-27 10:05:01
12438231,6461880,1,2026-07-30 01:05:01,2026-07-30 16:05:01,2025-01-17 03:05:01
369429,5479974,1,2026-07-30 01:05:01,2026-07-30 16:05:01,2024-02-24 09:50:00
10126551,5479974,16777473,2026-07-30 14:47:22,2026-07-25 02:05:01,2025-06-28 17:05:01
12438231,5479974,1,2026-07-30 01:05:01,2026-07-30 16:05:01,2025-01-17 03:05:01
369429,4694149,1,2026-07-30 01:05:01,2026-07-30 16:05:01,2024-02-24 09:50:00
10126551,4694149,16777473,2026-07-30 14:47:22,2026-07-23 10:05:01,2025-06-28 17:05:01
12438231,4694149,1,2026-07-30 01:05:01,2026-07-30 16:05:01,2025-01-17 03:05:01
670524,6304996,0,,2026-07-30 16:05:01,
10126551,6304996,16777473,2026-07-30 14:47:22,2026-07-30 04:05:01,2025-06-28 17:05:01
12438231,6304996,1,2026-07-30 01:05:01,2026-07-30 16:05:01,2025-01-17 03:05:01
23482699,6304996,65537,2024-05-08 19:53:00,2026-07-26 03:05:01,2024-02-08 20:39:00
184183,3728341,1,2026-07-25 00:05:01,2026-07-25 19:05:01,2024-02-10 14:00:00
10126551,3728341,16777473,2026-07-30 14:47:22,2026-07-28 02:05:01,2025-06-29 16:05:01
12438231,3728341,1,2026-07-30 01:05:01,2026-07-30 16:05:01,2025-01-17 03:05:01
2202991,4777272,0,,2026-07-30 16:05:01,
10126551,4777272,16777473,2026-07-30 14:47:22,2026-07-10 10:05:01,2025-06-28 17:05:01
12438231,4777272,1,2026-07-30 01:05:01,2026-07-30 16:05:01,2025-01-17 03:05:01
369429,5789978,1,2026-07-30 01:05:01,2026-07-30 16:05:01,2024-02-24 09:50:00
10126551,5789978,16777473,2026-07-30 14:47:22,2026-07-25 01:05:01,2025-06-28 17:05:01
12438231,5789978,1,2026-07-30 01:05:01,2026-07-30 16:05:01,2025-01-17 03:05:01
369429,6486757,1,2026-07-30 01:05:01,2026-07-30 16:05:01,2024-04-20 18:55:00
670524,6486757,0,,2026-07-30 16:05:01,
10126551,6486757,16777473,2026-07-30 14:47:22,2026-07-28 00:05:01,2025-06-28 17:05:01
12438231,6486757,1,2026-07-30 01:05:01,2026-07-30 16:05:01,2025-01-17 03:05:01
10126551,5601540,16777473,2026-07-30 14:47:22,2026-07-10 10:05:01,2025-06-27 10:05:01
12438231,5601540,1,2026-07-30 01:05:01,2026-07-30 13:05:01,2025-01-17 03:05:01
184183,5515264,1,2026-07-25 00:05:01,2026-07-25 20:05:01,2024-02-10 14:00:00
10126551,5515264,16777473,2026-07-30 14:47:22,2026-07-30 05:05:01,2025-06-28 17:05:01
12438231,5515264,1,2026-07-30 01:05:01,2026-07-30 16:05:01,2025-01-17 03:05:01
1140687,6507086,1,2026-07-30 00:05:01,2026-07-30 10:05:01,2024-08-07 01:00:56
10126551,6507086,16777473,2026-07-30 14:47:22,2026-07-24 23:05:01,2025-06-24 22:05:01
12438231,6507086,1,2026-07-30 01:05:01,2026-07-30 16:05:01,2025-01-17 03:05:01
184183,5681093,1,2026-07-25 00:05:01,2026-07-25 20:05:01,2024-02-10 14:00:00
369429,5681093,1,2026-07-30 01:05:01,2026-07-30 14:05:02,2024-02-24 09:50:00
10126551,5681093,16777473,2026-07-30 14:47:22,2026-07-10 11:05:01,2025-06-29 16:05:01
12438231,5681093,1,2026-07-30 01:05:01,2026-07-30 16:05:01,2025-01-17 03:05:01
184183,5450915,1,2026-07-25 00:05:01,2026-07-25 20:05:01,2024-02-10 14:00:00
369429,5450915,1,2026-07-30 01:05:01,2026-07-30 16:05:01,2024-02-24 09:50:00
10126551,5450915,16777473,2026-07-30 14:47:22,2026-07-30 05:05:01,2025-06-28 17:05:01
12438231,5450915,1,2026-07-30 01:05:01,2026-07-30 16:05:01,2025-01-17 03:05:01
184183,5162681,1,2026-07-25 00:05:01,2026-07-25 19:05:01,2024-02-10 14:00:00
369429,5162681,1,2026-07-30 01:05:01,2026-07-30 16:05:01,2024-03-25 19:39:00
10126551,5162681,16777473,2026-07-30 14:47:22,2026-07-30 05:05:01,2025-06-28 17:05:01
12438231,5162681,1,2026-07-30 01:05:01,2026-07-30 16:05:01,2025-01-17 03:05:01
10126551,6161367,16777473,2026-07-30 14:47:22,2026-07-10 10:05:01,2025-06-27 10:05:01
12438231,6161367,1,2026-07-30 01:05:01,2026-07-26 05:05:01,2025-01-17 03:05:01
184183,5235860,1,2026-07-25 00:05:01,2026-07-25 19:05:01,2024-02-10 14:00:00
369429,5235860,1,2026-07-30 01:05:01,2026-07-30 16:05:01,2024-02-24 09:50:00
10126551,5235860,16777473,2026-07-30 14:47:22,2026-07-28 00:05:01,2025-06-29 16:05:01
12438231,5235860,1,2026-07-30 01:05:01,2026-07-30 16:05:01,2025-01-17 03:05:01
184183,6475914,1,2026-07-25 00:05:01,2026-07-25 19:05:01,2024-07-22 02:34:25
10126551,6475914,16777473,2026-07-30 14:47:22,2026-07-10 10:05:01,2025-06-28 17:05:01
12438231,6475914,1,2026-07-30 01:05:01,2026-07-30 16:05:01,2025-01-17 03:05:01
10126551,5159388,16777473,2026-07-30 14:47:22,2026-07-10 10:05:01,2025-06-27 10:05:01
12438231,5159388,1,2026-07-30 01:05:01,2026-07-30 10:05:01,2025-01-17 03:05:01
1140687,4128829,1,2026-07-30 00:05:01,2026-07-30 10:05:01,2024-08-17 23:15:27
10126551,4128829,16777473,2026-07-30 14:47:22,2026-07-17 12:05:01,2025-06-29 16:05:01
12438231,4128829,1,2026-07-30 01:05:01,2026-07-30 16:05:01,2025-01-17 03:05:01
369429,5943666,1,2026-07-30 01:05:01,2026-07-30 16:05:01,2024-03-24 12:10:00
670524,5943666,0,,2026-07-30 16:05:01,
10126551,5943666,16777473,2026-07-30 14:47:22,2026-07-28 00:05:01,2025-06-28 17:05:01
12438231,5943666,1,2026-07-30 01:05:01,2026-07-30 16:05:01,2025-01-17 03:05:01
184183,5884213,1,2026-07-25 00:05:01,2026-07-25 19:05:01,2024-02-10 14:00:00
369429,5884213,1,2026-07-30 01:05:01,2026-07-30 16:05:01,2024-02-24 09:50:00
10126551,5884213,16777473,2026-07-30 14:47:22,2026-07-10 11:05:01,2025-06-28 17:05:01
12438231,5884213,1,2026-07-30 01:05:01,2026-07-30 16:05:01,2025-01-17 03:05:01
10126551,5666803,16777473,2026-07-30 14:47:22,2026-07-28 04:05:01,2025-06-28 17:05:01
12438231,5666803,1,2026-07-30 01:05:01,2026-07-30 16:05:01,2025-01-17 03:05:01
1140687,6524549,1,2026-07-30 00:05:01,2026-07-30 10:05:01,2024-07-06 02:00:31
10126551,6524549,16777473,2026-07-30 14:47:22,2026-07-30 08:05:01,2025-06-29 16:05:01
12438231,6524549,1,2026-07-30 01:05:01,2026-07-30 16:05:01,2025-01-17 03:05:01
10126551,6131207,16777473,2026-07-30 14:47:22,2026-07-10 10:05:01,2025-06-24 14:05:02
12438231,6131207,1,2026-07-30 01:05:01,2026-07-28 09:05:01,2025-01-17 03:05:01
10126551,6312390,16777473,2026-07-30 14:47:22,2026-07-10 10:05:01,2025-06-28 17:05:01
12438231,6312390,1,2026-07-30 01:05:01,2026-07-30 16:05:01,2025-01-17 03:05:01
23482699,6312390,65537,2024-05-08 19:53:00,2026-07-26 03:05:01,2024-02-08 20:39:00
184183,6005882,1,2026-07-25 00:05:01,2026-07-25 19:05:01,2024-02-10 14:00:00
369429,6005882,1,2026-07-30 01:05:01,2026-07-30 16:05:01,2024-02-24 09:50:00
10126551,6005882,16777473,2026-07-30 14:47:22,2026-07-10 11:05:01,2025-06-28 17:05:01
12438231,6005882,1,2026-07-30 01:05:01,2026-07-30 16:05:01,2025-01-17 03:05:01
10126551,6434461,16777473,2026-07-30 14:47:22,2026-07-10 10:05:01,2025-06-27 10:05:01
12438231,6434461,1,2026-07-30 01:05:01,2026-07-30 16:05:01,2025-01-17 03:05:01
184183,6447097,1,2026-07-25 00:05:01,2026-07-25 19:05:01,2024-08-27 02:32:36
10126551,6447097,16777473,2026-07-30 14:47:22,2026-07-30 14:05:02,2025-06-29 16:05:01
12438231,6447097,1,2026-07-30 01:05:01,2026-07-30 16:05:01,2025-01-17 03:05:01
10126551,6434353,16777473,2026-07-30 14:47:22,2026-07-10 10:05:01,2025-06-27 10:05:01
12438231,6434353,1,2026-07-30 01:05:01,2026-07-29 10:05:02,2025-01-17 03:05:01
184183,5035184,1,2026-07-25 00:05:01,2026-07-25 19:05:01,2024-02-10 14:00:00
369429,5035184,1,2026-07-30 01:05:01,2026-07-30 16:05:01,2024-02-24 09:50:00
10126551,5035184,16777473,2026-07-30 14:47:22,2026-07-27 02:05:01,2025-06-29 16:05:01
12438231,5035184,1,2026-07-30 01:05:01,2026-07-30 16:05:01,2025-01-17 03:05:01
10126551,5714765,16777473,2026-07-30 14:47:22,2026-07-10 10:05:01,2025-06-24 22:05:01
12438231,5714765,1,2026-07-30 01:05:01,2026-07-30 16:05:01,2025-01-17 03:05:01
184183,5010518,1,2026-07-25 00:05:01,2026-07-25 20:05:01,2024-02-10 14:00:00
369429,5010518,1,2026-07-30 01:05:01,2026-07-30 16:05:01,2024-02-24 09:50:00
10126551,5010518,16777473,2026-07-30 14:47:22,2026-07-28 00:05:01,2025-06-28 17:05:01
12438231,5010518,1,2026-07-30 01:05:01,2026-07-30 16:05:01,2025-01-17 03:05:01
369429,6085253,1,2026-07-30 01:05:01,2026-07-30 16:05:01,2024-02-24 09:50:00
10126551,6085253,16777473,2026-07-30 14:47:22,2026-07-30 04:05:01,2025-06-29 16:05:01
12438231,6085253,1,2026-07-30 01:05:01,2026-07-30 16:05:01,2025-01-17 03:05:01
184183,6465113,1,2026-07-25 00:05:01,2026-07-25 20:05:01,2024-07-22 02:34:25
10126551,6465113,16777473,2026-07-30 14:47:22,2026-07-30 05:05:01,2025-06-28 17:05:01
12438231,6465113,1,2026-07-30 01:05:01,2026-07-30 16:05:01,2025-01-17 03:05:01
369429,6012130,1,2026-07-30 01:05:01,2026-07-30 16:05:01,2024-02-24 09:50:00
10126551,6012130,16777473,2026-07-30 14:47:22,2026-07-28 00:05:01,2025-06-29 16:05:01
12438231,6012130,1,2026-07-30 01:05:01,2026-07-30 16:05:01,2025-01-17 03:05:01
369429,4838073,1,2026-07-30 01:05:01,2026-07-10 11:05:01,2024-02-24 09:50:00
10126551,4838073,16777473,2026-07-30 14:47:22,2026-07-10 10:05:01,2025-06-27 10:05:01
12438231,4838073,1,2026-07-30 01:05:01,2026-07-28 10:05:01,2025-01-17 03:05:01
369429,4758246,1,2026-07-30 01:05:01,2026-07-10 11:05:01,2024-02-24 09:50:00
10126551,4758246,16777473,2026-07-30 14:47:22,2026-07-10 11:05:01,2025-06-27 10:05:01
12438231,4758246,1,2026-07-30 01:05:01,2026-07-30 15:05:01,2025-01-17 03:05:01
10126551,6531450,16777473,2026-07-30 14:47:22,2026-07-30 16:05:01,2025-06-29 16:05:01
12438231,6531450,1,2026-07-30 01:05:01,2026-07-30 16:05:01,2025-01-17 03:05:01
10126551,6532608,16777473,2026-07-30 14:47:22,2026-07-10 10:05:01,2025-06-24 14:05:02
12438231,6532608,1,2026-07-30 01:05:01,2026-07-26 05:05:01,2025-01-17 03:05:01
10126551,6545846,16777473,2026-07-30 14:47:22,2026-07-10 10:05:01,2025-06-24 14:05:02
12438231,6545846,1,2026-07-30 01:05:01,2026-07-26 05:05:01,2025-01-17 03:05:01
14783812,6545846,1,2026-05-07 15:23:24,2026-07-30 16:05:01,2026-04-09 17:05:01
10126551,5806644,16777473,2026-07-30 14:47:22,2026-07-10 10:05:01,2025-06-24 14:05:02
12438231,5806644,1,2026-07-30 01:05:01,2026-07-26 05:05:01,2025-01-17 03:05:01
10126551,5642777,16777473,2026-07-30 14:47:22,2026-07-10 10:05:01,2025-06-27 10:05:01
12438231,5642777,1,2026-07-30 01:05:01,2026-07-26 05:05:01,2025-01-17 03:05:01
10126551,6343444,16777473,2026-07-30 14:47:22,2026-07-10 10:05:01,2025-06-28 17:05:01
12438231,6343444,1,2026-07-30 01:05:01,2026-07-30 15:05:01,2025-01-17 03:05:01
23482699,6343444,65537,2024-05-08 19:53:00,2026-07-26 03:05:01,2024-02-08 20:39:00
10126551,5810782,16777473,2026-07-30 14:47:22,2026-07-10 10:05:01,2025-06-27 10:05:01
12438231,5810782,1,2026-07-30 01:05:01,2026-07-26 06:05:01,2025-01-17 03:05:01
369429,6217446,1,2026-07-30 01:05:01,2026-07-30 16:05:01,2024-02-24 09:50:00
10126551,6217446,16777473,2026-07-30 14:47:22,2026-07-26 02:05:01,2025-06-29 16:05:01
12438231,6217446,1,2026-07-30 01:05:01,2026-07-30 16:05:01,2025-01-17 03:05:01
12438231,4163784,1,2026-07-30 01:05:01,2026-07-26 05:05:01,2025-01-17 03:05:01
10126551,6557461,16777473,2026-07-30 14:47:22,2026-07-10 10:05:01,2025-06-27 10:05:01
12438231,6557461,1,2026-07-30 01:05:01,2026-07-26 05:05:01,2025-01-17 03:05:01
1140687,6518822,1,2026-07-30 00:05:01,2026-07-30 10:05:01,2024-08-03 01:00:54
10126551,6518822,16777473,2026-07-30 14:47:22,2026-07-10 10:05:01,2025-06-28 17:05:01
12438231,6518822,1,2026-07-30 01:05:01,2026-07-30 16:05:01,2025-01-17 03:05:01
1140687,6563234,1,2026-07-30 00:05:01,2026-07-30 10:05:01,2024-09-04 01:01:25
10126551,6563234,16777473,2026-07-30 14:47:22,2026-07-10 10:05:01,2025-06-29 16:05:01
12438231,6563234,1,2026-07-30 01:05:01,2026-07-30 16:05:01,2025-01-17 03:05:01
369429,6163875,1,2026-07-30 01:05:01,2026-07-30 16:05:01,2024-02-24 09:50:00
10126551,6163875,16777473,2026-07-30 14:47:22,2026-07-28 21:05:01,2025-06-28 17:05:01
12438231,6163875,1,2026-07-30 01:05:01,2026-07-30 16:05:01,2025-01-17 03:05:01
369429,5415718,1,2026-07-30 01:05:01,2026-07-29 07:05:01,2024-02-24 09:50:00
10126551,5415718,16777473,2026-07-30 14:47:22,2026-07-10 10:05:01,2025-06-28 17:05:01
12438231,5415718,1,2026-07-30 01:05:01,2026-07-30 16:05:01,2025-01-17 03:05:01
369429,4908271,1,2026-07-30 01:05:01,2026-07-10 11:05:01,2024-02-24 09:50:00
10126551,4908271,16777473,2026-07-30 14:47:22,2026-07-10 10:05:01,2025-06-28 17:05:01
12438231,4908271,1,2026-07-30 01:05:01,2026-07-30 15:05:01,2025-01-17 03:05:01
10126551,5828994,16777473,2026-07-30 14:47:22,2026-07-10 10:05:01,2025-06-28 17:05:01
12438231,5828994,1,2026-07-30 01:05:01,2026-07-26 05:05:01,2025-01-17 03:05:01
369429,6101953,1,2026-07-30 01:05:01,2026-07-30 16:05:01,2024-02-24 09:50:00
10126551,6101953,16777473,2026-07-30 14:47:22,2026-07-27 02:05:01,2025-06-29 16:05:01
12438231,6101953,1,2026-07-30 01:05:01,2026-07-30 16:05:01,2025-01-17 03:05:01
10126551,5775190,16777473,2026-07-30 14:47:22,2026-07-10 10:05:01,2025-06-24 14:05:02
12438231,5775190,1,2026-07-30 01:05:01,2026-07-26 05:05:01,2025-01-17 03:05:01
369429,4653479,1,2026-07-30 01:05:01,2026-07-30 16:05:01,2024-03-24 12:10:00
10126551,4653479,16777473,2026-07-30 14:47:22,2026-07-29 20:05:02,2025-06-24 22:05:01
12438231,4653479,1,2026-07-30 01:05:01,2026-07-30 16:05:01,2025-01-17 03:05:01
184183,4809144,1,2026-07-25 00:05:01,2026-07-25 19:05:01,2024-02-10 14:00:00
369429,4809144,1,2026-07-30 01:05:01,2026-07-30 16:05:01,2024-02-24 09:50:00
10126551,4809144,16777473,2026-07-30 14:47:22,2026-07-30 05:05:01,2025-06-29 16:05:01
12438231,4809144,1,2026-07-30 01:05:01,2026-07-30 16:05:01,2025-01-17 03:05:01
184183,5875826,1,2026-07-25 00:05:01,2026-07-25 19:05:01,2024-02-10 14:00:00
769018,5875826,0,,2026-07-30 16:05:01,
10126551,5875826,16777473,2026-07-30 14:47:22,2026-07-30 15:05:01,2025-06-29 16:05:01
12438231,5875826,1,2026-07-30 01:05:01,2026-07-30 16:05:01,2025-01-17 03:05:01
1140687,6561553,1,2026-07-30 00:05:01,2026-07-30 10:05:01,2024-09-16 01:04:16
10126551,6561553,16777473,2026-07-30 14:47:22,2026-07-29 05:05:02,2025-06-29 16:05:01
12438231,6561553,1,2026-07-30 01:05:01,2026-07-30 16:05:01,2025-01-17 03:05:01
184183,6065407,1,2026-07-25 00:05:01,2026-07-25 19:05:01,2024-02-10 14:00:00
369429,6065407,1,2026-07-30 01:05:01,2026-07-30 16:05:01,2024-02-24 09:50:00
10126551,6065407,16777473,2026-07-30 14:47:22,2026-07-11 20:35:52,2025-06-27 10:05:01
12438231,6065407,1,2026-07-30 01:05:01,2026-07-30 16:05:01,2025-01-17 03:05:01
369429,4048003,1,2026-07-30 01:05:01,2026-07-30 16:05:01,2024-02-24 09:50:00
10126551,4048003,16777473,2026-07-30 14:47:22,2026-07-28 00:05:01,2025-06-28 17:05:01
12438231,4048003,1,2026-07-30 01:05:01,2026-07-30 16:05:01,2025-01-17 03:05:01
1140687,6577195,1,2026-07-30 00:05:01,2026-07-30 10:05:01,2025-04-09 01:05:01
10126551,6577195,16777473,2026-07-30 14:47:22,2026-07-30 16:05:01,2025-06-29 16:05:01
12438231,6577195,1,2026-07-30 01:05:01,2026-07-30 16:05:01,2025-01-17 03:05:01
1140687,6577618,1,2026-07-30 00:05:01,2026-07-30 10:05:01,2024-10-04 01:04:55
10126551,6577618,16777473,2026-07-30 14:47:22,2026-07-30 14:05:02,2025-06-29 16:05:01
12438231,6577618,1,2026-07-30 01:05:01,2026-07-30 16:05:01,2025-01-17 03:05:01
1140687,6579108,1,2026-07-30 00:05:01,2026-07-30 10:05:01,2024-10-03 01:04:50
10126551,6579108,16777473,2026-07-30 14:47:22,2026-07-30 16:05:01,2025-06-29 16:05:01
12438231,6579108,1,2026-07-30 01:05:01,2026-07-30 16:05:01,2025-01-17 03:05:01
369429,5450779,1,2026-07-30 01:05:01,2026-07-29 09:05:01,2024-02-24 09:50:00
10126551,5450779,16777473,2026-07-30 14:47:22,2026-07-25 02:05:01,2025-06-28 17:05:01
12438231,5450779,1,2026-07-30 01:05:01,2026-07-30 16:05:01,2025-01-17 03:05:01
1140687,6102753,1,2026-07-30 00:05:01,2026-07-30 10:05:01,2024-08-17 23:15:27
10126551,6102753,16777473,2026-07-30 14:47:22,2026-07-10 10:05:01,2025-06-28 17:05:01
12438231,6102753,1,2026-07-30 01:05:01,2026-07-30 16:05:01,2025-01-17 03:05:01
10126551,6584875,16777473,2026-07-30 14:47:22,2026-07-25 04:05:01,2025-06-24 22:05:01
12438231,6584875,1,2026-07-30 01:05:01,2026-07-30 16:05:01,2025-01-17 03:05:01
9423019,6438507,1,2026-04-08 02:05:02,2026-07-30 16:05:01,2024-02-05 04:04:00
10126551,6438507,16777473,2026-07-30 14:47:22,2026-07-10 10:05:01,2025-06-27 10:05:01
12438231,6438507,1,2026-07-30 01:05:01,2026-07-30 06:05:01,2025-01-17 03:05:01
184183,5605765,1,2026-07-25 00:05:01,2026-07-25 19:05:01,2024-02-10 14:00:00
10126551,5605765,16777473,2026-07-30 14:47:22,2026-07-27 02:05:01,2025-06-28 17:05:01
12438231,5605765,1,2026-07-30 01:05:01,2026-07-30 16:05:01,2025-01-17 03:05:01
369429,5118123,1,2026-07-30 01:05:01,2026-07-30 16:05:01,2024-07-27 02:03:43
10126551,5118123,16777473,2026-07-30 14:47:22,2026-07-27 02:05:01,2025-06-28 17:05:01
12438231,5118123,1,2026-07-30 01:05:01,2026-07-30 16:05:01,2025-01-17 03:05:01
1140687,6551526,1,2026-07-30 00:05:01,2026-07-30 10:05:01,2024-07-25 02:00:31
10126551,6551526,16777473,2026-07-30 14:47:22,2026-07-22 03:05:01,2025-06-29 16:05:01
12438231,6551526,1,2026-07-30 01:05:01,2026-07-30 16:05:01,2025-01-17 03:05:01
1140687,6594175,1,2026-07-30 00:05:01,2026-07-30 10:05:01,2024-11-23 01:05:01
10126551,6594175,16777473,2026-07-30 14:47:22,2026-07-30 14:05:02,2025-06-29 16:05:01
12438231,6594175,1,2026-07-30 01:05:01,2026-07-30 16:05:01,2025-01-17 03:05:01
10126551,6565022,16777473,2026-07-30 14:47:22,2026-07-10 10:05:01,2025-06-27 10:05:01
12438231,6565022,1,2026-07-30 01:05:01,2026-07-30 09:05:01,2025-01-17 03:05:01
670524,5481851,0,,2026-07-30 16:05:01,
10126551,5481851,16777473,2026-07-30 14:47:22,2026-07-30 16:05:01,2025-06-28 17:05:01
12438231,5481851,1,2026-07-30 01:05:01,2026-07-30 16:05:01,2025-01-17 03:05:01
10126551,5789253,16777473,2026-07-30 14:47:22,2026-07-10 11:05:01,2025-06-27 10:05:01
12438231,5789253,1,2026-07-30 01:05:01,2026-07-30 16:05:01,2025-01-17 03:05:01
369429,431321,1,2026-07-30 01:05:01,2026-07-30 16:05:01,2024-02-24 09:50:00
9423019,431321,1,2026-04-08 02:05:02,2026-07-30 16:05:01,2024-02-05 04:04:00
10126551,431321,16777473,2026-07-30 14:47:22,2026-07-28 00:05:01,2025-06-29 16:05:01
12438231,431321,1,2026-07-30 01:05:01,2026-07-30 16:05:01,2025-01-17 03:05:01
1140687,6123578,1,2026-07-30 00:05:01,2026-07-30 10:05:01,2024-08-17 23:15:27
10126551,6123578,16777473,2026-07-30 14:47:22,2026-07-30 08:05:01,2025-06-28 17:05:01
12438231,6123578,1,2026-07-30 01:05:01,2026-07-30 16:05:01,2025-01-17 03:05:01
2172910,6281216,0,,2026-07-30 16:05:01,
10126551,6281216,16777473,2026-07-30 14:47:22,2026-07-10 10:05:01,2025-06-24 14:05:02
12438231,6281216,1,2026-07-30 01:05:01,2026-07-26 05:05:01,2025-01-17 03:05:01
184183,5053831,1,2026-07-25 00:05:01,2026-07-25 19:05:01,2024-02-10 14:00:00
10126551,5053831,16777473,2026-07-30 14:47:22,2026-07-28 00:05:01,2025-06-28 17:05:01
12438231,5053831,1,2026-07-30 01:05:01,2026-07-30 16:05:01,2025-01-17 03:05:01
9423019,5938110,1,2026-04-08 02:05:02,2026-07-30 16:05:01,2024-02-05 04:04:00
10126551,5938110,16777473,2026-07-30 14:47:22,2026-07-10 10:05:01,2025-06-24 22:05:01
12438231,5938110,1,2026-07-30 01:05:01,2026-07-30 16:05:01,2025-01-17 03:05:01
1140687,6591436,1,2026-07-30 00:05:01,2026-07-30 10:05:01,2024-12-15 01:05:01
10126551,6591436,16777473,2026-07-30 14:47:22,2026-07-10 10:05:01,2025-06-29 16:05:01
12438231,6591436,1,2026-07-30 01:05:01,2026-07-30 16:05:01,2025-01-17 03:05:01
1140687,6484281,1,2026-07-30 00:05:01,2026-07-30 10:05:01,2024-07-06 02:00:30
10126551,6484281,16777473,2026-07-30 14:47:22,2026-07-30 08:05:01,2025-06-29 16:05:01
12438231,6484281,1,2026-07-30 01:05:01,2026-07-30 16:05:01,2025-01-17 03:05:01
10126551,6581031,16777473,2026-07-30 14:47:22,2026-07-28 04:05:01,2025-06-27 10:05:01
12438231,6581031,1,2026-07-30 01:05:01,2026-07-30 10:05:01,2025-01-17 03:05:01
10126551,6584459,16777473,2026-07-30 14:47:22,2026-07-10 11:05:01,2025-06-28 17:05:01
12438231,6584459,1,2026-07-30 01:05:01,2026-07-30 16:05:01,2025-01-17 03:05:01
670524,6610966,0,,2026-07-30 16:05:01,
10126551,6610966,16777473,2026-07-30 14:47:22,2026-07-30 14:05:02,2025-06-29 16:05:01
12438231,6610966,1,2026-07-30 01:05:01,2026-07-30 16:05:01,2025-01-17 03:05:01
1140687,6607240,1,2026-07-30 00:05:01,2026-07-30 10:05:01,2024-12-21 01:05:01
10126551,6607240,16777473,2026-07-30 14:47:22,2026-07-23 10:05:01,2025-06-28 17:05:01
12438231,6607240,1,2026-07-30 01:05:01,2026-07-30 16:05:01,2025-01-17 03:05:01
10126551,6576221,16777473,2026-07-30 14:47:22,2026-07-10 10:05:01,2025-06-27 10:05:01
12438231,6576221,1,2026-07-30 01:05:01,2026-07-30 16:05:01,2025-01-17 03:05:01
1140687,5648057,1,2026-07-30 00:05:01,2026-07-30 10:05:01,2024-08-17 23:15:27
10126551,5648057,16777473,2026-07-30 14:47:22,2026-07-10 10:05:01,2025-06-28 17:05:01
12438231,5648057,1,2026-07-30 01:05:01,2026-07-30 16:05:01,2025-01-17 03:05:01
10126551,4796648,16777473,2026-07-30 14:47:22,2026-07-10 10:05:01,2025-06-27 10:05:01
12438231,4796648,1,2026-07-30 01:05:01,2026-07-30 16:05:01,2025-01-17 03:05:01
1140687,5982446,1,2026-07-30 00:05:01,2026-07-30 10:05:01,2024-08-17 23:15:27
10126551,5982446,16777473,2026-07-30 14:47:22,2026-07-10 10:05:01,2025-06-28 17:05:01
12438231,5982446,1,2026-07-30 01:05:01,2026-07-30 16:05:01,2025-01-17 03:05:01
2202991,5116285,0,,2026-07-30 16:05:01,
10126551,5116285,16777473,2026-07-30 14:47:22,2026-07-10 10:05:01,2025-06-24 14:05:02
12438231,5116285,1,2026-07-30 01:05:01,2026-07-26 05:05:01,2025-01-17 03:05:01
10126551,5692293,16777473,2026-07-30 14:47:22,2026-07-10 10:05:01,2025-06-24 14:05:02
12438231,5692293,1,2026-07-30 01:05:01,2026-07-26 05:05:01,2025-01-17 03:05:01
369429,4570022,1,2026-07-30 01:05:01,2026-07-30 16:05:01,2024-02-24 09:50:00
10126551,4570022,16777473,2026-07-30 14:47:22,2026-07-30 04:05:01,2025-06-29 16:05:01
12438231,4570022,1,2026-07-30 01:05:01,2026-07-30 16:05:01,2025-01-17 03:05:01
369429,5959255,1,2026-07-30 01:05:01,2026-07-30 16:05:01,2024-02-24 09:50:00
10126551,5959255,16777473,2026-07-30 14:47:22,2026-07-11 20:35:52,2025-06-28 17:05:01
12438231,5959255,1,2026-07-30 01:05:01,2026-07-30 16:05:01,2025-01-17 03:05:01
10126551,5215177,16777473,2026-07-30 14:47:22,2026-07-28 07:05:01,2025-06-28 17:05:01
12438231,5215177,1,2026-07-30 01:05:01,2026-07-30 16:05:01,2025-01-17 03:05:01
10126551,5530427,16777473,2026-07-30 14:47:22,2026-07-10 11:05:01,2025-06-24 14:05:02
12438231,5530427,1,2026-07-30 01:05:01,2026-07-30 16:05:01,2025-01-17 03:05:01
369429,4631820,1,2026-07-30 01:05:01,2026-07-30 16:05:01,2024-02-24 09:50:00
10126551,4631820,16777473,2026-07-30 14:47:22,2026-07-30 01:05:01,2025-06-29 16:05:01
12438231,4631820,1,2026-07-30 01:05:01,2026-07-30 16:05:01,2025-01-17 03:05:01
1140687,6468943,1,2026-07-30 00:05:01,2026-07-30 10:05:01,2024-07-29 01:00:49
10126551,6468943,16777473,2026-07-30 14:47:22,2026-07-10 10:05:01,2025-06-24 22:05:01
12438231,6468943,1,2026-07-30 01:05:01,2026-07-30 16:05:01,2025-01-17 03:05:01
184183,5640243,1,2026-07-25 00:05:01,2026-07-25 19:05:01,2024-08-27 02:32:36
10126551,5640243,16777473,2026-07-30 14:47:22,2026-07-29 04:05:01,2025-06-29 16:05:01
12438231,5640243,1,2026-07-30 01:05:01,2026-07-30 16:05:01,2025-01-17 03:05:01
10126551,6567540,16777473,2026-07-30 14:47:22,2026-07-10 10:05:01,2025-06-24 14:05:02
12438231,6567540,1,2026-07-30 01:05:01,2026-07-26 05:05:01,2025-01-17 03:05:01
670524,6642093,0,,2026-07-30 16:05:01,
10126551,6642093,16777473,2026-07-30 14:47:22,2026-07-27 02:05:01,2025-06-29 16:05:01
12438231,6642093,1,2026-07-30 01:05:01,2026-07-30 16:05:01,2025-02-13 02:05:01
10126551,6641040,16777473,2026-07-30 14:47:22,2026-07-29 04:05:01,2025-06-29 16:05:01
12438231,6641040,1,2026-07-30 01:05:01,2026-07-30 16:05:01,2025-02-07 03:05:01
1140687,6419251,1,2026-07-30 00:05:01,2026-07-30 10:05:01,2024-08-17 23:15:27
10126551,6419251,16777473,2026-07-30 14:47:22,2026-07-10 10:05:01,2025-06-29 16:05:01
12438231,6419251,1,2026-07-30 01:05:01,2026-07-30 16:05:01,2025-01-17 03:05:01
369429,6339326,1,2026-07-30 01:05:01,2026-07-30 14:05:02,2024-04-20 18:55:00
10126551,6339326,16777473,2026-07-30 14:47:22,2026-07-27 04:05:01,2025-06-24 14:05:02
12438231,6339326,1,2026-07-30 01:05:01,2026-07-30 16:05:01,2025-01-17 03:05:01
9423019,6433081,1,2026-04-08 02:05:02,2026-07-30 16:05:01,2024-02-05 04:04:00
10126551,6433081,16777473,2026-07-30 14:47:22,2026-07-10 10:05:01,2025-06-24 14:05:02
12438231,6433081,1,2026-07-30 01:05:01,2026-07-26 06:05:01,2025-01-17 03:05:01
369429,5013700,1,2026-07-30 01:05:01,2026-07-30 16:05:01,2024-03-24 12:10:00
10126551,5013700,16777473,2026-07-30 14:47:22,2026-07-29 05:05:02,2025-06-29 16:05:01
12438231,5013700,1,2026-07-30 01:05:01,2026-07-30 16:05:01,2025-01-17 03:05:01
10126551,6587969,16777473,2026-07-30 14:47:22,2026-07-30 07:05:01,2025-06-27 10:05:01
12438231,6587969,1,2026-07-30 01:05:01,2026-07-30 16:05:01,2025-01-17 03:05:01
10126551,6462030,16777473,2026-07-30 14:47:22,2026-07-10 10:05:01,2025-06-28 17:05:01
12438231,6462030,1,2026-07-30 01:05:01,2026-07-30 16:05:01,2025-01-17 03:05:01
10126551,6643994,16777473,2026-07-30 14:47:22,2026-07-30 04:05:01,2025-06-28 17:05:01
12438231,6643994,1,2026-07-30 01:05:01,2026-07-30 16:05:01,2025-02-13 02:05:01
369429,5029794,1,2026-07-30 01:05:01,2026-07-10 11:05:01,2024-02-24 09:50:00
10126551,5029794,16777473,2026-07-30 14:47:22,2026-07-10 10:05:01,2025-06-27 10:05:01
12438231,5029794,1,2026-07-30 01:05:01,2026-07-30 10:05:01,2025-01-17 03:05:01
1140687,6647429,1,2026-07-30 00:05:01,2026-07-30 10:05:01,2025-04-11 01:05:01
10126551,6647429,16777473,2026-07-30 14:47:22,2026-07-28 02:05:01,2025-06-29 16:05:01
12438231,6647429,1,2026-07-30 01:05:01,2026-07-30 16:05:01,2025-02-16 02:05:01
10126551,6443316,16777473,2026-07-30 14:47:22,2026-07-24 07:05:01,2025-06-27 10:05:01
12438231,6443316,1,2026-07-30 01:05:01,2026-07-30 15:05:01,2025-01-17 03:05:01
10126551,5537138,16777473,2026-07-30 14:47:22,2026-07-10 10:05:01,2025-06-27 10:05:01
12438231,5537138,1,2026-07-30 01:05:01,2026-07-30 11:05:01,2025-01-17 03:05:01
10126551,6511048,16777473,2026-07-30 14:47:22,2026-07-10 10:05:01,2025-06-28 17:05:01
12438231,6511048,1,2026-07-30 01:05:01,2026-07-30 13:05:01,2025-01-17 03:05:01
10126551,5286540,16777473,2026-07-30 14:47:22,2026-07-10 10:05:01,2025-06-24 14:05:02
12438231,5286540,1,2026-07-30 01:05:01,2026-07-26 05:05:01,2025-01-17 03:05:01
184183,4012625,1,2026-07-25 00:05:01,2026-07-25 20:05:01,2024-02-10 14:00:00
10126551,4012625,16777473,2026-07-30 14:47:22,2026-07-10 10:05:01,2025-06-28 17:05:01
12438231,4012625,1,2026-07-30 01:05:01,2026-07-30 16:05:01,2025-01-17 03:05:01
184183,5600512,1,2026-07-25 00:05:01,2026-07-25 19:05:01,2024-02-10 14:00:00
369429,5600512,1,2026-07-30 01:05:01,2026-07-30 16:05:01,2024-08-22 02:02:40
10126551,5600512,16777473,2026-07-30 14:47:22,2026-07-28 00:05:01,2025-06-28 17:05:01
12438231,5600512,1,2026-07-30 01:05:01,2026-07-30 16:05:01,2025-01-17 03:05:01
10126551,6479985,16777473,2026-07-30 14:47:22,2026-07-10 10:05:01,2025-06-27 10:05:01
12438231,6479985,1,2026-07-30 01:05:01,2026-07-26 07:05:01,2025-01-17 03:05:01
670524,3675293,1,2026-03-11 10:26:57,2026-07-30 16:05:01,2025-04-07 03:05:01
10126551,3675293,16777473,2026-07-30 14:47:22,2026-07-30 05:05:01,2025-06-28 17:05:01
12438231,3675293,1,2026-07-30 01:05:01,2026-07-30 16:05:01,2025-01-17 03:05:01
6449581,6263707,1,2026-07-15 04:24:18,2026-07-30 13:05:01,2024-02-19 00:00:00
10126551,6263707,16777473,2026-07-30 14:47:22,2026-07-11 20:35:52,2025-06-28 17:05:01
12438231,6263707,1,2026-07-30 01:05:01,2026-07-30 16:05:01,2025-01-17 03:05:01
10126551,5795085,16777473,2026-07-30 14:47:22,2026-07-10 10:05:01,2025-06-24 22:05:01
12438231,5795085,1,2026-07-30 01:05:01,2026-07-26 07:05:01,2025-01-17 03:05:01
184183,3282360,1,2026-07-25 00:05:01,2026-07-25 20:05:01,2024-02-10 14:00:00
10126551,3282360,16777473,2026-07-30 14:47:22,2026-07-27 02:05:01,2025-06-29 16:05:01
12438231,3282360,1,2026-07-30 01:05:01,2026-07-30 16:05:01,2025-01-17 03:05:01
1140687,6204247,1,2026-07-30 00:05:01,2026-07-30 10:05:01,2024-08-17 23:15:27
10126551,6204247,16777473,2026-07-30 14:47:22,2026-07-10 10:05:01,2025-06-27 10:05:01
12438231,6204247,1,2026-07-30 01:05:01,2026-07-30 16:05:01,2025-01-17 03:05:01
1140687,6565014,1,2026-07-30 00:05:01,2026-07-30 10:05:01,2024-10-08 01:05:01
10126551,6565014,16777473,2026-07-30 14:47:22,2026-07-16 08:05:01,2025-06-27 10:05:01
12438231,6565014,1,2026-07-30 01:05:01,2026-07-30 16:05:01,2025-01-17 03:05:01
10126551,6508853,16777473,2026-07-30 14:47:22,2026-07-10 10:05:01,2025-06-27 10:05:01
12438231,6508853,1,2026-07-30 01:05:01,2026-07-30 13:05:01,2025-01-17 03:05:01
769018,6576447,0,,2026-07-30 16:05:01,
10126551,6576447,16777473,2026-07-30 14:47:22,2026-07-30 01:05:01,2025-06-29 16:05:01
12438231,6576447,1,2026-07-30 01:05:01,2026-07-30 16:05:01,2025-01-17 03:05:01
10126551,6650796,16777473,2026-07-30 14:47:22,2026-07-10 10:05:01,2025-06-27 10:05:01
12438231,6650796,1,2026-07-30 01:05:01,2026-07-30 06:05:01,2025-02-23 02:05:01
1140687,6640827,1,2026-07-30 00:05:01,2026-07-30 10:05:01,2025-02-08 01:05:01
10126551,6640827,16777473,2026-07-30 14:47:22,2026-07-30 16:05:01,2025-06-29 16:05:01
12438231,6640827,1,2026-07-30 01:05:01,2026-07-30 16:05:01,2025-02-14 02:05:01
10126551,5824985,16777473,2026-07-30 14:47:22,2026-07-30 16:05:01,2025-06-29 16:05:01
12438231,5824985,1,2026-07-30 01:05:01,2026-07-30 16:05:01,2025-01-17 03:05:01
184183,6405545,1,2026-07-25 00:05:01,2026-07-25 19:05:01,2024-08-08 14:17:13
10126551,6559928,16777473,2026-07-30 14:47:22,2026-07-28 11:05:02,2025-06-27 10:05:01
12438231,6559928,1,2026-07-30 01:05:01,2026-07-30 16:05:01,2025-01-17 03:05:01
10126551,5758689,16777473,2026-07-30 14:47:22,2026-07-10 10:05:01,2025-06-27 10:05:01
12438231,5758689,1,2026-07-30 01:05:01,2026-07-26 05:05:01,2025-01-17 03:05:01
2202991,6156254,65537,2024-04-09 10:42:00,2026-07-30 16:05:01,2024-04-09 10:42:00
10126551,6156254,16777473,2026-07-30 14:47:22,2026-07-10 10:05:01,2025-06-24 14:05:02
12438231,6156254,1,2026-07-30 01:05:01,2026-07-26 05:05:01,2025-01-17 03:05:01
1140687,6434778,1,2026-07-30 00:05:01,2026-07-30 10:05:01,2024-08-17 23:15:27
12438231,6434778,1,2026-07-30 01:05:01,2026-07-30 16:05:01,2025-01-17 03:05:01
184183,5732566,1,2026-07-25 00:05:01,2026-07-25 20:05:01,2024-08-27 02:32:36
10126551,5732566,16777473,2026-07-30 14:47:22,2026-07-30 05:05:01,2025-06-28 17:05:01
12438231,5732566,1,2026-07-30 01:05:01,2026-07-30 16:05:01,2025-01-17 03:05:01
184183,5824543,1,2026-07-25 00:05:01,2026-07-25 20:05:01,2024-11-02 05:25:56
9423019,5824543,1,2026-04-08 02:05:02,2026-07-30 16:05:01,2024-02-05 04:04:00
10126551,5824543,16777473,2026-07-30 14:47:22,2026-07-28 00:05:01,2025-06-28 17:05:01
12438231,5824543,1,2026-07-30 01:05:01,2026-07-30 16:05:01,2025-01-17 03:05:01
184183,5799282,1,2026-07-25 00:05:01,2026-07-25 19:05:01,2024-02-10 14:00:00
10126551,5799282,16777473,2026-07-30 14:47:22,2026-07-30 15:05:01,2025-06-28 17:05:01
12438231,5799282,1,2026-07-30 01:05:01,2026-07-30 16:05:01,2025-01-17 03:05:01
1140687,6563205,1,2026-07-30 00:05:01,2026-07-30 10:05:01,2024-08-25 01:04:12
10126551,6563205,16777473,2026-07-30 14:47:22,2026-07-16 08:13:43,2025-06-29 16:05:01
12438231,6563205,1,2026-07-30 01:05:01,2026-07-30 16:05:01,2025-01-17 03:05:01
184183,4198365,1,2026-07-25 00:05:01,2026-07-25 20:05:01,2024-02-10 14:00:00
10126551,4198365,16777473,2026-07-30 14:47:22,2026-07-30 16:05:01,2025-06-28 17:05:01
12438231,4198365,1,2026-07-30 01:05:01,2026-07-30 16:05:01,2025-01-17 03:05:01
10126551,5938016,16777473,2026-07-30 14:47:22,2026-07-10 10:05:01,2025-06-24 22:05:01
12438231,5938016,1,2026-07-30 01:05:01,2026-07-30 16:05:01,2025-01-17 03:05:01
23482699,5938016,65537,2024-05-08 19:53:00,2026-07-26 03:05:01,2024-02-08 20:39:00
1140687,6565008,1,2026-07-30 00:05:01,2026-07-30 10:05:01,2024-09-01 01:05:01
10126551,6565008,16777473,2026-07-30 14:47:22,2026-07-30 01:05:01,2025-06-29 16:05:01
12438231,6565008,1,2026-07-30 01:05:01,2026-07-30 16:05:01,2025-01-17 03:05:01
10126551,6009196,16777473,2026-07-30 14:47:22,2026-07-10 10:05:01,2025-06-28 17:05:01
12438231,6009196,1,2026-07-30 01:05:01,2026-07-26 06:05:01,2025-01-17 03:05:01
1140687,6564611,1,2026-07-30 00:05:01,2026-07-30 10:05:01,2024-09-23 01:05:01
10126551,6564611,16777473,2026-07-30 14:47:22,2026-07-30 05:05:01,2025-06-29 16:05:01
12438231,6564611,1,2026-07-30 01:05:01,2026-07-30 16:05:01,2025-01-17 03:05:01
9423019,5380538,1,2026-04-08 02:05:02,2026-07-30 16:05:01,2024-02-05 04:04:00
10126551,5380538,16777473,2026-07-30 14:47:22,2026-07-10 10:05:01,2025-06-28 17:05:01
12438231,5380538,1,2026-07-30 01:05:01,2026-07-30 13:05:01,2025-01-17 03:05:01
2202991,5911554,65537,2024-04-09 10:42:00,2026-07-30 16:05:01,2024-04-09 10:42:00
10126551,5911554,16777473,2026-07-30 14:47:22,2026-07-10 10:05:01,2025-06-24 14:05:02
12438231,5911554,1,2026-07-30 01:05:01,2026-07-26 05:05:01,2025-01-17 03:05:01
14783812,5911554,1,2026-05-07 15:23:24,2026-07-30 16:05:01,2025-02-23 08:05:01
369429,3919635,1,2026-07-30 01:05:01,2026-07-30 16:05:01,2024-02-24 09:50:00
9423019,3919635,1,2026-04-08 02:05:02,2026-07-30 16:05:01,2024-02-05 04:04:00
10126551,3919635,16777473,2026-07-30 14:47:22,2026-07-28 00:05:01,2025-06-28 17:05:01
12438231,3919635,1,2026-07-30 01:05:01,2026-07-30 16:05:01,2025-01-17 03:05:01
369429,5788435,1,2026-07-30 01:05:01,2026-07-30 16:05:01,2024-02-24 09:50:00
10126551,5788435,16777473,2026-07-30 14:47:22,2026-07-30 05:05:01,2025-06-28 17:05:01
12438231,5788435,1,2026-07-30 01:05:01,2026-07-30 16:05:01,2025-01-17 03:05:01
369429,5799329,1,2026-07-30 01:05:01,2026-07-30 16:05:01,2024-02-24 09:50:00
670524,5799329,0,,2026-07-30 16:05:01,
10126551,5799329,16777473,2026-07-30 14:47:22,2026-07-28 02:05:01,2025-06-29 16:05:01
12438231,5799329,1,2026-07-30 01:05:01,2026-07-30 16:05:01,2025-01-17 03:05:01
1140687,6564296,1,2026-07-30 00:05:01,2026-07-30 10:05:01,2025-04-09 01:05:01
10126551,6564296,16777473,2026-07-30 14:47:22,2026-07-30 07:05:01,2025-06-29 16:05:01
12438231,6564296,1,2026-07-30 01:05:01,2026-07-30 16:05:01,2025-01-17 03:05:01
1140687,6203074,1,2026-07-30 00:05:01,2026-07-30 10:05:01,2024-08-17 23:15:27
10126551,6203074,16777473,2026-07-30 14:47:22,2026-07-27 02:05:01,2025-06-27 10:05:01
12438231,6203074,1,2026-07-30 01:05:01,2026-07-30 16:05:01,2025-01-17 03:05:01
1140687,6573848,1,2026-07-30 00:05:01,2026-07-30 10:05:01,2024-09-23 01:05:01
10126551,6573848,16777473,2026-07-30 14:47:22,2026-07-10 10:05:01,2025-06-29 16:05:01
12438231,6573848,1,2026-07-30 01:05:01,2026-07-30 16:05:01,2025-01-17 03:05:01
10126551,6576223,16777473,2026-07-30 14:47:22,2026-07-18 06:05:01,2025-06-27 10:05:01
12438231,6576223,1,2026-07-30 01:05:01,2026-07-30 16:05:01,2025-01-17 03:05:01
369429,6062920,1,2026-07-30 01:05:01,2026-07-10 11:05:01,2024-02-24 09:50:00
10126551,6062920,16777473,2026-07-30 14:47:22,2026-07-10 10:05:01,2025-06-27 10:05:01
12438231,6062920,1,2026-07-30 01:05:01,2026-07-30 07:05:01,2025-01-17 03:05:01
10126551,5745164,16777473,2026-07-30 14:47:22,2026-07-10 10:05:01,2025-06-27 10:05:01
12438231,5745164,1,2026-07-30 01:05:01,2026-07-26 06:05:01,2025-01-17 03:05:01
1140687,6578616,1,2026-07-30 00:05:01,2026-07-30 10:05:01,2024-12-21 01:05:01
10126551,6578616,16777473,2026-07-30 14:47:22,2026-07-28 23:05:01,2025-06-29 16:05:01
12438231,6578616,1,2026-07-30 01:05:01,2026-07-30 16:05:01,2025-01-17 03:05:01
184183,2461476,1,2026-07-25 00:05:01,2026-07-25 20:05:01,2024-02-10 14:00:00
10126551,2461476,16777473,2026-07-30 14:47:22,2026-07-30 16:05:01,2025-06-29 16:05:01
12438231,2461476,1,2026-07-30 01:05:01,2026-07-30 16:05:01,2025-01-17 03:05:01
184183,5982443,1,2026-07-25 00:05:01,2026-07-25 19:05:01,2024-02-10 14:00:00
10126551,5982443,16777473,2026-07-30 14:47:22,2026-07-30 07:05:01,2025-06-29 16:05:01
12438231,5982443,1,2026-07-30 01:05:01,2026-07-30 16:05:01,2025-01-17 03:05:01
1140687,6575655,1,2026-07-30 00:05:01,2026-07-30 10:05:01,2024-10-26 01:05:01
10126551,6575655,16777473,2026-07-30 14:47:22,2026-07-11 08:05:02,2025-06-28 17:05:01
12438231,6575655,1,2026-07-30 01:05:01,2026-07-30 16:05:01,2025-01-17 03:05:01
369429,5166440,1,2026-07-30 01:05:01,2026-07-30 06:05:01,2024-07-27 02:03:43
10126551,5166440,16777473,2026-07-30 14:47:22,2026-07-27 02:05:01,2025-06-28 17:05:01
12438231,5166440,1,2026-07-30 01:05:01,2026-07-30 16:05:01,2025-01-17 03:05:01
10126551,6477587,16777473,2026-07-30 14:47:22,2026-07-10 10:05:01,2025-06-24 22:05:01
12438231,6477587,1,2026-07-30 01:05:01,2026-07-30 16:05:01,2025-01-17 03:05:01
10126551,6360384,16777473,2026-07-30 14:47:22,2026-07-26 03:05:01,2025-06-28 17:05:01
12438231,6360384,1,2026-07-30 01:05:01,2026-07-30 16:05:01,2025-01-17 03:05:01
670524,6591030,0,,2026-07-30 16:05:01,
10126551,6591030,16777473,2026-07-30 14:47:22,2026-07-30 05:05:01,2025-06-29 16:05:01
12438231,6591030,1,2026-07-30 01:05:01,2026-07-30 16:05:01,2025-01-17 03:05:01
10126551,6514625,16777473,2026-07-30 14:47:22,2026-07-10 10:05:01,2025-06-24 14:05:02
12438231,6514625,1,2026-07-30 01:05:01,2026-07-26 05:05:01,2025-01-17 03:05:01
369429,4625483,1,2026-07-30 01:05:01,2026-07-30 16:05:01,2024-03-24 12:10:00
10126551,4625483,16777473,2026-07-30 14:47:22,2026-07-10 10:05:01,2025-06-29 16:05:01
12438231,4625483,1,2026-07-30 01:05:01,2026-07-30 16:05:01,2025-01-17 03:05:01
369429,4596002,1,2026-07-30 01:05:01,2026-07-30 12:05:01,2024-02-24 09:50:00
9423019,4596002,1,2026-04-08 02:05:02,2026-07-30 16:05:01,2024-02-05 04:04:00
10126551,4596002,16777473,2026-07-30 14:47:22,2026-07-10 10:05:01,2025-06-28 17:05:01
12438231,4596002,1,2026-07-30 01:05:01,2026-07-30 16:05:01,2025-01-17 03:05:01
9423019,6444242,1,2026-04-08 02:05:02,2026-07-30 16:05:01,2024-02-05 04:04:00
10126551,6444242,16777473,2026-07-30 14:47:22,2026-07-10 10:05:01,2025-06-27 10:05:01
12438231,6444242,1,2026-07-30 01:05:01,2026-07-26 06:05:01,2025-01-17 03:05:01
369429,6182505,1,2026-07-30 01:05:01,2026-07-30 05:05:01,2024-02-24 09:50:00
10126551,6182505,16777473,2026-07-30 14:47:22,2026-07-10 10:05:01,2025-06-27 10:05:01
12438231,6182505,1,2026-07-30 01:05:01,2026-07-30 16:05:01,2025-01-17 03:05:01
1140687,5713349,1,2026-07-30 00:05:01,2026-07-30 10:05:01,2024-08-18 04:05:01
10126551,5713349,16777473,2026-07-30 14:47:22,2026-07-10 10:05:01,2025-06-28 17:05:01
12438231,5713349,1,2026-07-30 01:05:01,2026-07-30 11:05:01,2025-01-17 03:05:01
10126551,6110668,16777473,2026-07-30 14:47:22,2026-07-22 09:05:01,2025-06-28 17:05:01
12438231,6110668,1,2026-07-30 01:05:01,2026-07-30 16:05:01,2025-01-17 03:05:01
9423019,4639231,1,2026-04-08 02:05:02,2026-07-30 16:05:01,2024-02-05 04:04:00
10126551,4639231,16777473,2026-07-30 14:47:22,2026-07-10 10:05:01,2025-06-28 17:05:01
12438231,4639231,1,2026-07-30 01:05:01,2026-07-29 04:05:01,2025-01-17 03:05:01
10126551,5937863,16777473,2026-07-30 14:47:22,2026-07-10 10:05:01,2025-06-24 14:05:02
12438231,5937863,1,2026-07-30 01:05:01,2026-07-30 16:05:01,2025-01-17 03:05:01
369429,5449916,1,2026-07-30 01:05:01,2026-07-30 16:05:01,2024-02-24 09:50:00
10126551,5449916,16777473,2026-07-30 14:47:22,2026-07-27 02:05:01,2025-06-28 17:05:01
12438231,5449916,1,2026-07-30 01:05:01,2026-07-30 16:05:01,2025-01-17 03:05:01
10126551,4642028,16777473,2026-07-30 14:47:22,2026-07-10 10:05:01,2025-06-24 14:05:02
12438231,4642028,1,2026-07-30 01:05:01,2026-07-26 05:05:01,2025-01-17 03:05:01
1140687,5746540,1,2026-07-30 00:05:01,2026-07-30 10:05:01,2024-07-29 01:00:49
10126551,5746540,16777473,2026-07-30 14:47:22,2026-07-10 11:05:01,2025-06-29 16:05:01
12438231,5746540,1,2026-07-30 01:05:01,2026-07-30 16:05:01,2025-01-17 03:05:01
10126551,5996848,16777473,2026-07-30 14:47:22,2026-07-10 10:05:01,2025-06-24 14:05:02
12438231,5996848,1,2026-07-30 01:05:01,2026-07-26 05:05:01,2025-01-17 03:05:01
10126551,5901940,16777473,2026-07-30 14:47:22,2026-07-10 10:05:01,2025-06-24 14:05:02
12438231,5901940,1,2026-07-30 01:05:01,2026-07-26 05:05:01,2025-01-17 03:05:01
1140687,6607241,1,2026-07-30 00:05:01,2026-07-30 10:05:01,2024-12-15 01:05:01
10126551,6607241,16777473,2026-07-30 14:47:22,2026-07-10 10:05:01,2025-06-28 17:05:01
12438231,6607241,1,2026-07-30 01:05:01,2026-07-30 16:05:01,2025-01-17 03:05:01
10126551,5833186,16777473,2026-07-30 14:47:22,2026-07-10 10:05:01,2025-06-24 22:05:01
12438231,5833186,1,2026-07-30 01:05:01,2026-07-30 09:05:01,2025-01-17 03:05:01
369429,6337076,1,2026-07-30 01:05:01,2026-07-30 16:05:01,2024-02-24 09:50:00
10126551,6337076,16777473,2026-07-30 14:47:22,2026-07-28 00:05:01,2025-06-29 16:05:01
12438231,6337076,1,2026-07-30 01:05:01,2026-07-30 16:05:01,2025-01-17 03:05:01
769018,5779459,0,,2026-07-30 16:05:01,
10126551,5779459,16777473,2026-07-30 14:47:22,2026-07-10 10:05:01,2025-06-24 14:05:02
12438231,5779459,1,2026-07-30 01:05:01,2026-07-26 05:05:01,2025-01-17 03:05:01
10126551,6430406,16777473,2026-07-30 14:47:22,2026-07-10 10:05:01,2025-06-27 10:05:01
12438231,6430406,1,2026-07-30 01:05:01,2026-07-29 07:05:01,2025-01-17 03:05:01
10126551,6301098,16777473,2026-07-30 14:47:22,2026-07-27 04:05:01,2025-06-29 16:05:01
12438231,6301098,1,2026-07-30 01:05:01,2026-07-30 16:05:01,2025-01-17 03:05:01
23482699,6301098,65537,2024-05-08 19:53:00,2026-07-26 03:05:01,2024-02-08 20:39:00
1140687,6573851,1,2026-07-30 00:05:01,2026-07-30 10:05:01,2025-06-20 00:05:01
10126551,6573851,16777473,2026-07-30 14:47:22,2026-07-28 00:05:01,2025-06-28 17:05:01
12438231,6573851,1,2026-07-30 01:05:01,2026-07-30 16:05:01,2025-01-17 03:05:01
369429,5014623,1,2026-07-30 01:05:01,2026-07-30 14:05:02,2024-03-24 12:10:00
670524,5014623,1,2026-03-11 10:26:57,2026-07-30 16:05:01,2025-04-07 03:05:01
10126551,5014623,16777473,2026-07-30 14:47:22,2026-07-26 03:05:01,2025-06-28 17:05:01
12438231,5014623,1,2026-07-30 01:05:01,2026-07-30 16:05:01,2025-01-17 03:05:01
2202991,5913572,65537,2024-04-09 10:42:00,2026-07-30 16:05:01,2024-04-09 10:42:00
10126551,5913572,16777473,2026-07-30 14:47:22,2026-07-10 10:05:01,2025-06-24 14:05:02
12438231,5913572,1,2026-07-30 01:05:01,2026-07-26 05:05:01,2025-01-17 03:05:01
14783812,5913572,1,2026-05-07 15:23:24,2026-07-30 16:05:01,2025-02-23 08:05:01
10126551,3283074,16777473,2026-07-30 14:47:22,2026-07-10 10:05:01,2025-06-24 14:05:02
12438231,3283074,1,2026-07-30 01:05:01,2026-07-26 05:05:01,2025-01-17 03:05:01
769018,5793867,0,,2026-07-30 16:05:01,
10126551,5793867,16777473,2026-07-30 14:47:22,2026-07-10 10:05:01,2025-06-24 14:05:02
12438231,5793867,1,2026-07-30 01:05:01,2026-07-26 05:05:01,2025-01-17 03:05:01
769018,5893786,0,,2026-07-30 16:05:01,
10126551,5893786,16777473,2026-07-30 14:47:22,2026-07-10 10:05:01,2025-06-24 14:05:02
12438231,5893786,1,2026-07-30 01:05:01,2026-07-26 05:05:01,2025-01-17 03:05:01
10126551,6425363,16777473,2026-07-30 14:47:22,2026-07-10 10:05:01,2025-06-24 14:05:02
12438231,6425363,1,2026-07-30 01:05:01,2026-07-26 05:05:01,2025-01-17 03:05:01
670524,6434896,0,,2026-07-09 11:05:02,
12438231,6434896,1,2026-07-30 01:05:01,2026-07-30 16:05:01,2025-01-17 03:05:01
769018,5392982,0,,2026-07-30 16:05:01,
10126551,5392982,16777473,2026-07-30 14:47:22,2026-07-10 10:05:01,2025-06-24 14:05:02
12438231,5392982,1,2026-07-30 01:05:01,2026-07-26 05:05:01,2025-01-17 03:05:01
10126551,6413338,16777473,2026-07-30 14:47:22,2026-07-10 10:05:01,2025-06-24 14:05:02
12438231,6413338,1,2026-07-30 01:05:01,2026-07-26 05:05:01,2025-01-17 03:05:01
369429,5882727,1,2026-07-30 01:05:01,2026-07-30 16:05:01,2024-02-24 09:50:00
10126551,5882727,16777473,2026-07-30 14:47:22,2026-07-30 01:05:01,2025-06-28 17:05:01
12438231,5882727,1,2026-07-30 01:05:01,2026-07-30 16:05:01,2025-01-17 03:05:01
10126551,5229233,16777473,2026-07-30 14:47:22,2026-07-10 10:05:01,2025-06-27 10:05:01
12438231,5229233,1,2026-07-30 01:05:01,2026-07-30 08:05:01,2025-01-17 03:05:01
10126551,5032178,16777473,2026-07-30 14:47:22,2026-07-10 10:05:01,2025-06-27 10:05:01
12438231,5032178,1,2026-07-30 01:05:01,2026-07-30 12:05:01,2025-01-17 03:05:01
10126551,5845958,16777473,2026-07-30 14:47:22,2026-07-10 10:05:01,2025-06-24 14:05:02
12438231,5845958,1,2026-07-30 01:05:01,2026-07-26 05:05:01,2025-01-17 03:05:01
10126551,6641019,16777473,2026-07-30 14:47:22,2026-07-10 10:05:01,2025-06-24 22:05:01
12438231,6641019,1,2026-07-30 01:05:01,2026-07-30 16:05:01,2025-02-07 03:05:01
670524,6643598,0,,2026-07-30 16:05:01,
10126551,6643598,16777473,2026-07-30 14:47:22,2026-07-28 08:05:01,2025-06-29 16:05:01
12438231,6643598,1,2026-07-30 01:05:01,2026-07-30 16:05:01,2025-02-13 02:05:01
10126551,6164241,16777473,2026-07-30 14:47:22,2026-07-10 10:05:01,2025-06-24 14:05:02
12438231,6164241,1,2026-07-30 01:05:01,2026-07-26 05:05:01,2025-01-17 03:05:01
10126551,5446305,16777473,2026-07-30 14:47:22,2026-07-10 10:05:01,2025-06-27 10:05:01
12438231,5446305,1,2026-07-30 01:05:01,2026-07-27 11:07:45,2025-01-17 03:05:01
10126551,6361775,16777473,2026-07-30 14:47:22,2026-07-10 11:05:01,2025-06-27 10:05:01
12438231,6361775,1,2026-07-30 01:05:01,2026-07-30 16:05:01,2025-01-17 03:05:01
10126551,6644986,16777473,2026-07-30 14:47:22,2026-07-10 10:05:01,2025-06-27 10:05:01
12438231,6644986,1,2026-07-30 01:05:01,2026-07-30 08:05:01,2025-02-14 02:05:01
10126551,5227755,16777473,2026-07-30 14:47:22,2026-07-10 10:05:01,2025-06-28 17:05:01
12438231,5227755,1,2026-07-30 01:05:01,2026-07-30 15:05:01,2025-01-17 03:05:01
10126551,6340806,16777473,2026-07-30 14:47:22,2026-07-30 04:05:01,2025-06-27 10:05:01
12438231,6340806,1,2026-07-30 01:05:01,2026-07-30 16:05:01,2025-01-17 03:05:01
670524,6646780,1,2026-03-11 10:26:57,2026-07-30 16:05:01,2025-04-07 03:05:01
10126551,6646780,16777473,2026-07-30 14:47:22,2026-07-10 10:05:01,2025-06-24 22:05:01
12438231,6646780,1,2026-07-30 01:05:01,2026-07-30 16:05:01,2025-02-16 02:05:01
1140687,6647424,1,2026-07-30 00:05:01,2026-07-30 10:05:01,2025-06-20 00:05:01
10126551,6647424,16777473,2026-07-30 14:47:22,2026-07-10 10:05:01,2025-06-24 22:05:01
12438231,6647424,1,2026-07-30 01:05:01,2026-07-30 16:05:01,2025-02-16 02:05:01
10126551,6635601,16777473,2026-07-30 14:47:22,2026-07-10 10:05:01,2025-06-24 14:05:02
12438231,6635601,1,2026-07-30 01:05:01,2026-07-26 05:05:01,2025-01-28 03:05:01
10126551,6647548,16777473,2026-07-30 14:47:22,2026-07-28 08:05:01,2025-06-28 17:05:01
12438231,6647548,1,2026-07-30 01:05:01,2026-07-30 16:05:01,2025-02-16 02:05:01
10126551,4150494,16777473,2026-07-30 14:47:22,2026-07-30 11:05:01,2025-06-29 16:05:01
12438231,4150494,1,2026-07-30 01:05:01,2026-07-30 16:05:01,2025-01-17 03:05:01
23482699,4150494,65537,2024-05-08 19:53:00,2026-07-26 03:05:01,2024-02-08 20:39:00
369429,4385657,1,2026-07-30 01:05:01,2026-07-30 16:05:01,2024-02-24 09:50:00
10126551,4385657,16777473,2026-07-30 14:47:22,2026-07-28 04:05:01,2025-06-28 17:05:01
12438231,4385657,1,2026-07-30 01:05:01,2026-07-30 16:05:01,2025-01-17 03:05:01
10126551,6603352,16777473,2026-07-30 14:47:22,2026-07-10 10:05:01,2025-06-27 10:05:01
12438231,6603352,1,2026-07-30 01:05:01,2026-07-30 12:05:01,2025-02-14 02:05:01
1140687,6584548,1,2026-07-30 00:05:01,2026-07-30 10:05:01,2024-10-26 01:05:01
10126551,6584548,16777473,2026-07-30 14:47:22,2026-07-10 10:05:01,2025-06-24 22:05:01
12438231,6584548,1,2026-07-30 01:05:01,2026-07-30 16:05:01,2025-01-17 03:05:01
184183,5623606,1,2026-07-25 00:05:01,2026-07-25 20:05:01,2024-06-09 01:24:00
369429,5623606,1,2026-07-30 01:05:01,2026-07-30 16:05:01,2024-02-24 09:50:00
10126551,5623606,16777473,2026-07-30 14:47:22,2026-07-26 04:05:01,2025-06-24 22:05:01
12438231,5623606,1,2026-07-30 01:05:01,2026-07-30 16:05:01,2025-01-17 03:05:01
10126551,6661391,16777473,2026-07-30 14:47:22,2026-07-30 01:05:01,2025-06-28 17:05:01
12438231,6661391,1,2026-07-30 01:05:01,2026-07-30 16:05:01,2025-03-14 02:05:01
10126551,4641074,16777473,2026-07-30 14:47:22,2026-07-10 10:05:01,2025-06-24 14:05:02
12438231,4641074,1,2026-07-30 01:05:01,2026-07-26 05:05:01,2025-01-17 03:05:01
18831997,4641074,1,2026-07-07 16:51:43,2026-07-30 12:05:01,2026-03-15 01:05:01
1140687,6667481,1,2026-07-30 00:05:01,2026-07-30 10:05:01,2025-06-03 00:05:01
10126551,6667481,16777473,2026-07-30 14:47:22,2026-07-29 13:05:01,2025-06-29 16:05:01
12438231,6667481,1,2026-07-30 01:05:01,2026-07-30 16:05:01,2025-03-26 02:05:01
369429,4655027,1,2026-07-30 01:05:01,2026-07-30 16:05:01,2024-02-24 09:50:00
9423019,4655027,1,2026-04-08 02:05:02,2026-07-30 16:05:01,2024-02-05 04:04:00
10126551,4655027,16777473,2026-07-30 14:47:22,2026-07-11 22:05:02,2025-06-28 17:05:01
12438231,4655027,1,2026-07-30 01:05:01,2026-07-30 16:05:01,2025-01-17 03:05:01
184183,5836059,1,2026-07-25 00:05:01,2026-07-25 19:05:01,2024-02-10 14:00:00
10126551,5836059,16777473,2026-07-30 14:47:22,2026-07-30 04:05:01,2025-06-28 17:05:01
12438231,5836059,1,2026-07-30 01:05:01,2026-07-30 16:05:01,2025-01-17 03:05:01
184183,5437323,1,2026-07-25 00:05:01,2026-07-25 20:05:01,2024-02-10 14:00:00
369429,5437323,1,2026-07-30 01:05:01,2026-07-30 16:05:01,2024-02-24 09:50:00
10126551,5437323,16777473,2026-07-30 14:47:22,2026-07-28 00:05:01,2025-06-24 22:05:01
12438231,5437323,1,2026-07-30 01:05:01,2026-07-30 16:05:01,2025-01-17 03:05:01
10126551,6082448,16777473,2026-07-30 14:47:22,2026-07-10 10:05:01,2025-06-24 14:05:02
12438231,6082448,1,2026-07-30 01:05:01,2026-07-29 10:05:02,2025-01-17 03:05:01
10126551,5944057,16777473,2026-07-30 14:47:22,2026-07-10 10:05:01,2025-06-24 14:05:02
12438231,5944057,1,2026-07-30 01:05:01,2026-07-26 05:05:01,2025-01-17 03:05:01
1140687,6650735,1,2026-07-30 00:05:01,2026-07-30 10:05:01,2025-06-03 00:05:01
10126551,6650735,16777473,2026-07-30 14:47:22,2026-07-10 10:05:01,2025-06-27 10:05:01
12438231,6650735,1,2026-07-30 01:05:01,2026-07-30 16:05:01,2025-03-12 02:05:01
1140687,6605424,1,2026-07-30 00:05:01,2026-07-30 10:05:01,2024-11-30 01:05:01
10126551,6605424,16777473,2026-07-30 14:47:22,2026-07-20 22:05:01,2025-06-29 16:05:01
12438231,6605424,1,2026-07-30 01:05:01,2026-07-30 16:05:01,2025-01-17 03:05:01
1140687,6576603,1,2026-07-30 00:05:01,2026-07-30 10:05:01,2024-11-23 01:05:01
10126551,6576603,16777473,2026-07-30 14:47:22,2026-07-10 10:05:01,2025-06-28 17:05:01
12438231,6576603,1,2026-07-30 01:05:01,2026-07-30 16:05:01,2025-01-17 03:05:01
369429,4318715,1,2026-07-30 01:05:01,2026-07-30 06:05:01,2024-03-24 12:10:00
10126551,4318715,16777473,2026-07-30 14:47:22,2026-07-26 03:05:01,2025-06-28 17:05:01
369429,6405545,1,2026-07-30 01:05:01,2026-07-30 13:05:01,2024-07-27 02:03:43
10126551,6405545,16777473,2026-07-30 14:47:22,2026-07-10 10:05:01,2025-06-24 22:05:01
12438231,6405545,1,2026-07-30 01:05:01,2026-07-30 16:05:01,2025-01-17 03:05:01
10126551,6537936,16777473,2026-07-30 14:47:22,2026-07-10 11:05:01,2025-06-27 10:05:01
12438231,6537936,1,2026-07-30 01:05:01,2026-07-30 16:05:01,2025-01-17 03:05:01
10126551,6661960,16777473,2026-07-30 14:47:22,2026-07-10 10:05:01,2025-06-24 14:05:02
12438231,6661960,1,2026-07-30 01:05:01,2026-07-26 05:05:01,2025-04-13 02:05:01
369429,6567594,1,2026-07-30 01:05:01,2026-07-30 16:05:01,2025-05-12 02:05:01
10126551,6567594,16777473,2026-07-30 14:47:22,2026-07-27 01:05:02,2025-06-28 17:05:01
12438231,6567594,1,2026-07-30 01:05:01,2026-07-30 16:05:01,2025-01-17 03:05:01
184183,5798641,1,2026-07-25 00:05:01,2026-07-25 19:05:01,2024-02-10 14:00:00
369429,5798641,1,2026-07-30 01:05:01,2026-07-30 16:05:01,2024-02-24 09:50:00
10126551,5798641,16777473,2026-07-30 14:47:22,2026-07-28 00:05:01,2025-06-29 16:05:01
12438231,5798641,1,2026-07-30 01:05:01,2026-07-30 16:05:01,2025-01-17 03:05:01
369429,4557046,1,2026-07-30 01:05:01,2026-07-30 16:05:01,2024-02-24 09:50:00
670524,4557046,0,,2026-07-30 16:05:01,
10126551,4557046,16777473,2026-07-30 14:47:22,2026-07-28 00:05:01,2025-06-29 16:05:01
12438231,4557046,1,2026-07-30 01:05:01,2026-07-30 16:05:01,2025-01-17 03:05:01
10126551,4037021,16777473,2026-07-30 14:47:22,2026-07-11 20:35:52,2025-06-27 10:05:01
12438231,4037021,1,2026-07-30 01:05:01,2026-07-30 16:05:01,2025-01-17 03:05:01
23482699,4037021,65537,2024-05-08 19:53:00,2026-07-26 03:05:01,2024-02-08 20:39:00
10126551,5796192,16777473,2026-07-30 14:47:22,2026-07-10 10:05:01,2025-06-24 14:05:02
12438231,5796192,1,2026-07-30 01:05:01,2026-07-26 05:05:01,2025-01-17 03:05:01
10126551,6662668,16777473,2026-07-30 14:47:22,2026-07-10 10:05:01,2025-06-24 14:05:02
12438231,6662668,1,2026-07-30 01:05:01,2026-07-26 05:05:01,2025-03-19 02:05:01
9423019,5943544,1,2026-04-08 02:05:02,2026-07-30 16:05:01,2024-02-05 04:04:00
10126551,5943544,16777473,2026-07-30 14:47:22,2026-07-10 10:05:01,2025-06-24 22:05:01
12438231,5943544,1,2026-07-30 01:05:01,2026-07-30 16:05:01,2025-01-17 03:05:01
369429,5944914,1,2026-07-30 01:05:01,2026-07-30 09:05:01,2024-03-24 12:10:00
10126551,5944914,16777473,2026-07-30 14:47:22,2026-07-10 10:05:01,2025-06-27 10:05:01
12438231,5944914,1,2026-07-30 01:05:01,2026-07-30 16:05:01,2025-01-17 03:05:01
369429,6094017,1,2026-07-30 01:05:01,2026-07-30 16:05:01,2024-02-24 09:50:00
10126551,6094017,16777473,2026-07-30 14:47:22,2026-07-10 11:05:01,2025-07-01 09:05:01
12438231,6094017,1,2026-07-30 01:05:01,2026-07-30 16:05:01,2025-01-17 03:05:01
10126551,6700422,16777473,2026-07-30 14:47:22,2026-07-27 02:05:01,2025-07-01 05:05:01
12438231,6700422,1,2026-07-30 01:05:01,2026-07-30 16:05:01,2025-06-01 01:05:02
10126551,6609151,16777473,2026-07-30 14:47:22,2026-07-10 10:05:01,2025-06-24 14:05:02
12438231,6609151,1,2026-07-30 01:05:01,2026-07-26 05:05:01,2025-01-17 03:05:01
10126551,5292282,16777473,2026-07-30 14:47:22,2026-07-30 04:05:01,2025-06-28 17:05:01
12438231,5292282,1,2026-07-30 01:05:01,2026-07-30 16:05:01,2025-01-17 03:05:01
23482699,5292282,65537,2024-05-08 19:53:00,2026-07-26 03:05:01,2024-02-08 20:39:00
10126551,5114223,16777473,2026-07-30 14:47:22,2026-07-11 20:35:52,2025-06-24 22:05:01
12438231,5114223,1,2026-07-30 01:05:01,2026-07-30 13:05:01,2025-01-17 03:05:01
769018,5567824,0,,2026-07-30 16:05:01,
10126551,5567824,16777473,2026-07-30 14:47:22,2026-07-10 10:05:01,2025-06-24 14:05:02
12438231,5567824,1,2026-07-30 01:05:01,2026-07-26 05:05:01,2025-01-17 03:05:01
46658122,5567824,65537,2024-04-24 17:48:00,2026-07-30 16:05:01,2024-03-11 17:49:00
184183,6119338,1,2026-07-25 00:05:01,2026-07-10 10:05:01,2024-02-10 14:00:00
10126551,6119338,16777473,2026-07-30 14:47:22,2026-07-10 10:05:01,2025-06-24 14:05:02
12438231,6119338,1,2026-07-30 01:05:01,2026-07-26 05:05:01,2025-01-17 03:05:01
10126551,6605408,16777473,2026-07-30 14:47:22,2026-07-11 20:35:52,2025-06-24 14:05:02
12438231,6605408,1,2026-07-30 01:05:01,2026-07-30 16:05:01,2025-01-17 03:05:01
369429,4559038,1,2026-07-30 01:05:01,2026-07-30 16:05:01,2024-03-24 12:10:00
10126551,4559038,16777473,2026-07-30 14:47:22,2026-07-30 04:05:01,2025-06-29 16:05:01
12438231,4559038,1,2026-07-30 01:05:01,2026-07-30 16:05:01,2025-01-17 03:05:01
2202991,5103366,0,,2026-07-30 16:05:01,
10126551,5103366,16777473,2026-07-30 14:47:22,2026-07-10 10:05:01,2025-06-24 14:05:02
12438231,5103366,1,2026-07-30 01:05:01,2026-07-26 05:05:01,2025-01-17 03:05:01
10126551,6721107,16777473,2026-07-30 14:47:22,2026-07-10 10:05:01,2025-07-25 06:05:02
12438231,6721107,1,2026-07-30 01:05:01,2026-07-26 05:05:01,2025-07-19 01:05:02
10126551,6718843,16777473,2026-07-30 14:47:22,2026-07-10 11:05:01,2025-07-25 06:05:02
12438231,6718843,1,2026-07-30 01:05:01,2026-07-30 16:05:01,2025-07-14 01:05:01
1140687,5746746,1,2026-07-30 00:05:01,2026-07-30 10:05:01,2024-08-17 23:15:27
10126551,5746746,16777473,2026-07-30 14:47:22,2026-07-10 10:05:01,2025-06-28 17:05:01
12438231,5746746,1,2026-07-30 01:05:01,2026-07-30 16:05:01,2025-01-17 03:05:01
10126551,6722879,16777473,2026-07-30 14:47:22,2026-07-10 10:05:01,2025-07-26 08:05:01
12438231,6722879,1,2026-07-30 01:05:01,2026-07-26 05:05:01,2025-07-24 01:05:01
670524,6719940,0,,2026-07-30 16:05:01,
10126551,6719940,16777473,2026-07-30 14:47:22,2026-07-27 02:05:01,2025-07-26 09:05:01
12438231,6719940,1,2026-07-30 01:05:01,2026-07-30 16:05:01,2025-07-17 01:05:01
10126551,6725611,16777473,2026-07-30 14:47:22,2026-07-30 16:05:01,2025-07-30 08:05:01
12438231,6725611,1,2026-07-30 01:05:01,2026-07-30 16:05:01,2025-07-30 01:05:01
184183,5794991,1,2026-07-25 00:05:01,2026-07-25 19:05:01,2024-11-02 05:25:56
9423019,5794991,1,2026-04-08 02:05:02,2026-07-30 16:05:01,2024-05-13 04:24:00
10126551,5794991,16777473,2026-07-30 14:47:22,2026-07-30 04:05:01,2025-06-28 17:05:01
12438231,5794991,1,2026-07-30 01:05:01,2026-07-30 16:05:01,2025-01-17 03:05:01
369429,5486943,1,2026-07-30 01:05:01,2026-07-30 16:05:01,2024-03-24 12:10:00
10126551,5486943,16777473,2026-07-30 14:47:22,2026-07-30 04:05:01,2025-06-29 16:05:01
12438231,5486943,1,2026-07-30 01:05:01,2026-07-30 16:05:01,2025-01-17 03:05:01
10126551,6729923,16777473,2026-07-30 14:47:22,2026-07-30 05:05:01,2025-08-12 23:05:01
12438231,6729923,1,2026-07-30 01:05:01,2026-07-30 16:05:01,2025-08-10 01:05:01
369429,5453888,1,2026-07-30 01:05:01,2026-07-30 16:05:01,2024-02-24 09:50:00
10126551,5453888,16777473,2026-07-30 14:47:22,2026-07-30 04:05:01,2025-06-27 10:05:01
12438231,5453888,1,2026-07-30 01:05:01,2026-07-30 16:05:01,2025-01-17 03:05:01
10126551,6650754,16777473,2026-07-30 14:47:22,2026-07-23 10:05:01,2025-06-28 17:05:01
12438231,6650754,1,2026-07-30 01:05:01,2026-07-30 16:05:01,2025-03-02 02:05:01
10126551,6643906,16777473,2026-07-30 14:47:22,2026-07-10 10:05:01,2025-06-24 14:05:02
12438231,6643906,1,2026-07-30 01:05:01,2026-07-30 10:05:01,2025-02-13 02:05:01
10126551,6525389,16777473,2026-07-30 14:47:22,2026-07-10 10:05:01,2025-06-24 14:05:02
12438231,6525389,1,2026-07-30 01:05:01,2026-07-26 05:05:01,2025-01-17 03:05:01
184183,5229216,1,2026-07-25 00:05:01,2026-07-25 19:05:01,2024-02-10 14:00:00
10126551,5229216,16777473,2026-07-30 14:47:22,2026-07-30 08:05:01,2025-06-29 16:05:01
12438231,5229216,1,2026-07-30 01:05:01,2026-07-30 16:05:01,2025-01-17 03:05:01
2172910,6352558,0,,2026-07-30 16:05:01,
10126551,6352558,16777473,2026-07-30 14:47:22,2026-07-10 10:05:01,2025-06-24 14:05:02
12438231,6352558,1,2026-07-30 01:05:01,2026-07-26 05:05:01,2025-01-17 03:05:01
10126551,5673266,16777473,2026-07-30 14:47:22,2026-07-10 10:05:01,2025-06-24 14:05:02
12438231,5673266,1,2026-07-30 01:05:01,2026-07-30 15:05:01,2025-01-17 03:05:01
184183,5234172,1,2026-07-25 00:05:01,2026-07-25 19:05:01,2024-02-10 14:00:00
369429,5234172,1,2026-07-30 01:05:01,2026-07-30 16:05:01,2024-06-03 20:56:17
10126551,5234172,16777473,2026-07-30 14:47:22,2026-07-28 05:05:01,2025-06-28 17:05:01
12438231,5234172,1,2026-07-30 01:05:01,2026-07-30 16:05:01,2025-01-17 03:05:01
10126551,5041610,16777473,2026-07-30 14:47:22,2026-07-23 10:05:01,2025-06-27 10:05:01
12438231,5041610,1,2026-07-30 01:05:01,2026-07-30 16:05:01,2025-01-17 03:05:01
9423019,5867969,1,2026-04-08 02:05:02,2026-07-30 16:05:01,2024-02-05 04:04:00
10126551,5867969,16777473,2026-07-30 14:47:22,2026-07-10 10:05:01,2025-06-24 22:05:01
12438231,5867969,1,2026-07-30 01:05:01,2026-07-29 10:05:02,2025-01-17 03:05:01
10126551,6744482,16777473,2026-07-30 14:47:22,2026-07-10 10:05:01,2025-09-16 19:05:01
12438231,6744482,1,2026-07-30 01:05:01,2026-07-26 05:05:01,2025-09-30 01:05:01
184183,3421627,1,2026-07-25 00:05:01,2026-07-25 19:05:01,2024-02-10 14:00:00
369429,3421627,1,2026-07-30 01:05:01,2026-07-30 16:05:01,2024-02-24 09:50:00
10126551,3421627,16777473,2026-07-30 14:47:22,2026-07-26 04:05:01,2025-06-29 16:05:01
12438231,3421627,1,2026-07-30 01:05:01,2026-07-30 16:05:01,2025-01-17 03:05:01
184183,3394205,1,2026-07-25 00:05:01,2026-07-25 19:05:01,2024-02-10 14:00:00
369429,3394205,1,2026-07-30 01:05:01,2026-07-30 16:05:01,2024-02-24 09:50:00
10126551,3394205,16777473,2026-07-30 14:47:22,2026-07-30 04:05:01,2025-06-29 16:05:01
12438231,3394205,1,2026-07-30 01:05:01,2026-07-30 16:05:01,2025-01-17 03:05:01
184183,3711744,1,2026-07-25 00:05:01,2026-07-25 19:05:01,2024-02-10 14:00:00
369429,3711744,1,2026-07-30 01:05:01,2026-07-30 16:05:01,2024-02-24 09:50:00
10126551,3711744,16777473,2026-07-30 14:47:22,2026-07-30 05:05:01,2025-06-28 17:05:01
12438231,3711744,1,2026-07-30 01:05:01,2026-07-30 16:05:01,2025-01-17 03:05:01
184183,3479686,1,2026-07-25 00:05:01,2026-07-25 19:05:01,2024-02-10 14:00:00
369429,3479686,1,2026-07-30 01:05:01,2026-07-30 16:05:01,2024-02-24 09:50:00
10126551,3479686,16777473,2026-07-30 14:47:22,2026-07-30 05:05:01,2025-06-29 16:05:01
12438231,3479686,1,2026-07-30 01:05:01,2026-07-30 16:05:01,2025-01-17 03:05:01
184183,3684224,1,2026-07-25 00:05:01,2026-07-25 19:05:01,2024-02-10 14:00:00
369429,3684224,1,2026-07-30 01:05:01,2026-07-30 16:05:01,2024-02-24 09:50:00
10126551,3684224,16777473,2026-07-30 14:47:22,2026-07-30 04:05:01,2025-06-29 16:05:01
12438231,3684224,1,2026-07-30 01:05:01,2026-07-30 16:05:01,2025-01-17 03:05:01
184183,3879739,1,2026-07-25 00:05:01,2026-07-25 19:05:01,2024-02-10 14:00:00
369429,3879739,1,2026-07-30 01:05:01,2026-07-30 16:05:01,2024-02-24 09:50:00
10126551,3879739,16777473,2026-07-30 14:47:22,2026-07-27 02:05:01,2025-06-29 16:05:01
12438231,3879739,1,2026-07-30 01:05:01,2026-07-30 16:05:01,2025-01-17 03:05:01
184183,3424743,1,2026-07-25 00:05:01,2026-07-25 19:05:01,2024-02-10 14:00:00
369429,3424743,1,2026-07-30 01:05:01,2026-07-30 16:05:01,2024-03-24 12:10:00
10126551,3424743,16777473,2026-07-30 14:47:22,2026-07-30 05:05:01,2025-06-28 17:05:01
12438231,3424743,1,2026-07-30 01:05:01,2026-07-30 16:05:01,2025-01-17 03:05:01
369429,4004539,1,2026-07-30 01:05:01,2026-07-30 16:05:01,2024-02-24 09:50:00
10126551,4004539,16777473,2026-07-30 14:47:22,2026-07-30 04:05:01,2025-06-29 16:05:01
12438231,4004539,1,2026-07-30 01:05:01,2026-07-30 16:05:01,2025-01-17 03:05:01
25825363,4004539,65537,2024-05-13 19:52:00,2026-07-29 21:05:01,2023-12-26 21:00:00
184183,4005153,1,2026-07-25 00:05:01,2026-07-25 20:05:01,2024-02-10 14:00:00
369429,4005153,1,2026-07-30 01:05:01,2026-07-30 16:05:01,2024-02-24 09:50:00
10126551,4005153,16777473,2026-07-30 14:47:22,2026-07-30 04:05:01,2025-06-29 16:05:01
12438231,4005153,1,2026-07-30 01:05:01,2026-07-30 16:05:01,2025-01-17 03:05:01
369429,4155591,1,2026-07-30 01:05:01,2026-07-30 16:05:01,2024-03-24 12:10:00
10126551,4155591,16777473,2026-07-30 14:47:22,2026-07-30 04:05:01,2025-06-29 16:05:01
12438231,4155591,1,2026-07-30 01:05:01,2026-07-30 16:05:01,2025-01-17 03:05:01
184183,1715042,1,2026-07-25 00:05:01,2026-07-25 20:05:01,2024-02-10 14:00:00
670524,1715042,0,,2026-07-30 16:05:01,
10126551,1715042,16777473,2026-07-30 14:47:22,2026-07-30 16:05:01,2025-06-29 16:05:01
12438231,1715042,1,2026-07-30 01:05:01,2026-07-30 16:05:01,2025-01-17 03:05:01
25825363,1715042,65537,2024-05-13 19:52:00,2026-07-29 21:05:01,2023-12-26 21:00:00
184183,3508433,1,2026-07-25 00:05:01,2026-07-25 19:05:01,2024-02-10 14:00:00
369429,3508433,1,2026-07-30 01:05:01,2026-07-30 16:05:01,2024-02-24 09:50:00
10126551,3508433,16777473,2026-07-30 14:47:22,2026-07-28 00:05:01,2025-06-29 16:05:01
12438231,3508433,1,2026-07-30 01:05:01,2026-07-30 16:05:01,2025-01-17 03:05:01
184183,4201005,1,2026-07-25 00:05:01,2026-07-25 19:05:01,2024-02-10 14:00:00
369429,4201005,1,2026-07-30 01:05:01,2026-07-30 16:05:01,2024-02-24 09:50:00
10126551,4201005,16777473,2026-07-30 14:47:22,2026-07-28 00:05:01,2025-06-28 17:05:01
12438231,4201005,1,2026-07-30 01:05:01,2026-07-30 16:05:01,2025-01-17 03:05:01
369429,4190971,1,2026-07-30 01:05:01,2026-07-30 16:05:01,2024-03-24 12:10:00
10126551,4190971,16777473,2026-07-30 14:47:22,2026-07-30 04:05:01,2025-06-29 16:05:01
12438231,4190971,1,2026-07-30 01:05:01,2026-07-30 16:05:01,2025-01-17 03:05:01
369429,4287535,1,2026-07-30 01:05:01,2026-07-30 16:05:01,2024-02-24 09:50:00
9423019,4287535,1,2026-04-08 02:05:02,2026-07-30 16:05:01,2024-02-05 04:04:00
10126551,4287535,16777473,2026-07-30 14:47:22,2026-07-28 02:05:01,2025-06-29 16:05:01
12438231,4287535,1,2026-07-30 01:05:01,2026-07-30 16:05:01,2025-01-17 03:05:01
369429,3313119,1,2026-07-30 01:05:01,2026-07-30 16:05:01,2024-07-27 02:03:43
10126551,3313119,16777473,2026-07-30 14:47:22,2026-07-14 21:05:01,2025-06-28 17:05:01
12438231,3313119,1,2026-07-30 01:05:01,2026-07-30 16:05:01,2025-01-17 03:05:01
184183,4219093,1,2026-07-25 00:05:01,2026-07-25 19:05:01,2024-02-10 14:00:00
369429,4219093,1,2026-07-30 01:05:01,2026-07-30 16:05:01,2024-02-24 09:50:00
10126551,4219093,16777473,2026-07-30 14:47:22,2026-07-10 10:05:01,2025-06-28 17:05:01
12438231,4219093,1,2026-07-30 01:05:01,2026-07-30 16:05:01,2025-01-17 03:05:01
184183,4211254,1,2026-07-25 00:05:01,2026-07-25 19:05:01,2024-02-10 14:00:00
369429,4211254,1,2026-07-30 01:05:01,2026-07-30 16:05:01,2024-02-24 09:50:00
10126551,4211254,16777473,2026-07-30 14:47:22,2026-07-30 05:05:01,2025-06-28 17:05:01
12438231,4211254,1,2026-07-30 01:05:01,2026-07-30 16:05:01,2025-01-17 03:05:01
184183,4428867,1,2026-07-25 00:05:01,2026-07-25 19:05:01,2024-02-10 14:00:00
369429,4428867,1,2026-07-30 01:05:01,2026-07-30 16:05:01,2024-02-24 09:50:00
10126551,4428867,16777473,2026-07-30 14:47:22,2026-07-30 05:05:01,2025-06-28 17:05:01
12438231,4428867,1,2026-07-30 01:05:01,2026-07-30 16:05:01,2025-01-17 03:05:01
369429,4417088,1,2026-07-30 01:05:01,2026-07-30 16:05:01,2024-03-24 12:10:00
10126551,4417088,16777473,2026-07-30 14:47:22,2026-07-30 05:05:01,2025-06-28 17:05:01
12438231,4417088,1,2026-07-30 01:05:01,2026-07-30 16:05:01,2025-01-17 03:05:01
369429,4356650,1,2026-07-30 01:05:01,2026-07-30 16:05:01,2024-07-23 05:46:58
10126551,4356650,16777473,2026-07-30 14:47:22,2026-07-20 04:05:01,2025-06-28 17:05:01
12438231,4356650,1,2026-07-30 01:05:01,2026-07-30 16:05:01,2025-01-17 03:05:01
184183,4045726,1,2026-07-25 00:05:01,2026-07-25 19:05:01,2024-02-10 14:00:00
369429,4045726,1,2026-07-30 01:05:01,2026-07-30 16:05:01,2024-02-24 09:50:00
10126551,4045726,16777473,2026-07-30 14:47:22,2026-07-30 05:05:01,2025-06-29 16:05:01
12438231,4045726,1,2026-07-30 01:05:01,2026-07-30 16:05:01,2025-01-17 03:05:01
184183,3572291,1,2026-07-25 00:05:01,2026-07-25 19:05:01,2024-02-10 14:00:00
369429,3572291,1,2026-07-30 01:05:01,2026-07-30 16:05:01,2024-02-24 09:50:00
10126551,3572291,16777473,2026-07-30 14:47:22,2026-07-30 05:05:01,2025-06-29 16:05:01
12438231,3572291,1,2026-07-30 01:05:01,2026-07-30 16:05:01,2025-01-17 03:05:01
369429,4280122,1,2026-07-30 01:05:01,2026-07-30 16:05:01,2024-02-24 09:50:00
9423019,4280122,1,2026-04-08 02:05:02,2026-07-30 16:05:01,2024-02-05 04:04:00
10126551,4280122,16777473,2026-07-30 14:47:22,2026-07-28 02:05:01,2025-06-29 16:05:01
12438231,4280122,1,2026-07-30 01:05:01,2026-07-30 16:05:01,2025-01-17 03:05:01
369429,4560398,1,2026-07-30 01:05:01,2026-07-30 16:05:01,2024-02-24 09:50:00
10126551,4560398,16777473,2026-07-30 14:47:22,2026-07-30 05:05:01,2025-06-29 16:05:01
12438231,4560398,1,2026-07-30 01:05:01,2026-07-30 16:05:01,2025-01-17 03:05:01
25825363,4560398,65537,2024-05-13 19:52:00,2026-07-29 22:05:02,2024-05-11 21:43:00
184183,3642493,1,2026-07-25 00:05:01,2026-07-25 19:05:01,2024-02-10 14:00:00
369429,3642493,1,2026-07-30 01:05:01,2026-07-30 16:05:01,2024-02-24 09:50:00
10126551,3642493,16777473,2026-07-30 14:47:22,2026-07-30 04:05:01,2025-06-29 16:05:01
12438231,3642493,1,2026-07-30 01:05:01,2026-07-30 16:05:01,2025-01-17 03:05:01
184183,4513876,1,2026-07-25 00:05:01,2026-07-25 19:05:01,2024-02-10 14:00:00
369429,4513876,1,2026-07-30 01:05:01,2026-07-30 16:05:01,2024-03-24 12:10:00
10126551,4513876,16777473,2026-07-30 14:47:22,2026-07-30 03:05:02,2025-06-28 17:05:01
12438231,4513876,1,2026-07-30 01:05:01,2026-07-30 16:05:01,2025-01-17 03:05:01
369429,4610406,1,2026-07-30 01:05:01,2026-07-30 16:05:01,2024-02-24 09:50:00
10126551,4610406,16777473,2026-07-30 14:47:22,2026-07-26 04:05:01,2025-06-29 16:05:01
12438231,4610406,1,2026-07-30 01:05:01,2026-07-30 16:05:01,2025-01-17 03:05:01
184183,4606117,1,2026-07-25 00:05:01,2026-07-25 19:05:01,2024-02-10 14:00:00
369429,4606117,1,2026-07-30 01:05:01,2026-07-30 16:05:01,2024-02-24 09:50:00
10126551,4606117,16777473,2026-07-30 14:47:22,2026-07-11 20:35:52,2025-06-29 16:05:01
12438231,4606117,1,2026-07-30 01:05:01,2026-07-30 16:05:01,2025-01-17 03:05:01
12438231,4318715,1,2026-07-30 01:05:01,2026-07-30 16:05:01,2025-01-17 03:05:01
9423019,4148665,1,2026-04-08 02:05:02,2026-07-30 16:05:01,2024-02-05 04:04:00
10126551,4148665,16777473,2026-07-30 14:47:22,2026-07-10 10:05:01,2024-11-26 13:05:01
12438231,4148665,1,2026-07-30 01:05:01,2026-07-30 16:05:01,2025-04-23 02:05:01
10126551,6496066,16777473,2026-07-30 14:47:22,2026-07-10 10:05:01,2025-06-28 17:05:01
12438231,6496066,1,2026-07-30 01:05:01,2026-07-30 06:05:01,2025-01-17 03:05:01
369429,3683265,1,2026-07-30 01:05:01,2026-07-30 16:05:01,2024-02-24 09:50:00
10126551,3683265,16777473,2026-07-30 14:47:22,2026-07-30 05:05:01,2025-06-28 17:05:01
12438231,3683265,1,2026-07-30 01:05:01,2026-07-30 16:05:01,2025-01-17 03:05:01
184183,3755796,1,2026-07-25 00:05:01,2026-07-25 19:05:01,2024-02-10 14:00:00
369429,3755796,1,2026-07-30 01:05:01,2026-07-30 16:05:01,2024-02-24 09:50:00
10126551,3755796,16777473,2026-07-30 14:47:22,2026-07-30 04:05:01,2025-06-29 16:05:01
12438231,3755796,1,2026-07-30 01:05:01,2026-07-30 16:05:01,2025-01-17 03:05:01
10126551,4040830,16777473,2026-07-30 14:47:22,2026-07-17 11:05:01,2025-06-27 10:05:01
12438231,4040830,1,2026-07-30 01:05:01,2026-07-30 16:05:01,2025-01-17 03:05:01
23482699,4040830,65537,2024-05-08 19:53:00,2026-07-26 03:05:01,2024-02-08 20:39:00
10126551,5938095,16777473,2026-07-30 14:47:22,2026-07-10 10:05:01,2025-06-24 22:05:01
12438231,5938095,1,2026-07-30 01:05:01,2026-07-27 11:07:45,2025-01-17 03:05:01
23482699,5938095,65537,2024-05-08 19:53:00,2026-07-26 03:05:01,2024-02-08 20:39:00
369429,4118395,1,2026-07-30 01:05:01,2026-07-30 16:05:01,2024-02-24 09:50:00
9423019,4118395,1,2026-04-08 02:05:02,2026-07-30 16:05:01,2024-02-05 04:04:00
10126551,4118395,16777473,2026-07-30 14:47:22,2026-07-11 23:05:01,2025-06-28 17:05:01
12438231,4118395,1,2026-07-30 01:05:01,2026-07-30 16:05:01,2025-01-17 03:05:01
10126551,6430612,16777473,2026-07-30 14:47:22,2026-07-10 10:05:01,2025-06-24 14:05:02
12438231,6430612,1,2026-07-30 01:05:01,2026-07-26 05:05:01,2025-01-17 03:05:01
14783812,6430612,1,2026-05-07 15:23:24,2026-07-30 16:05:01,2026-04-09 17:05:01
184183,6124223,1,2026-07-25 00:05:01,2026-07-25 19:05:01,2024-02-10 14:00:00
10126551,6124223,16777473,2026-07-30 14:47:22,2026-07-30 16:05:01,2025-06-28 17:05:01
12438231,6124223,1,2026-07-30 01:05:01,2026-07-30 16:05:01,2025-01-17 03:05:01
184183,5576223,1,2026-07-25 00:05:01,2026-07-25 19:05:01,2024-02-10 14:00:00
10126551,5576223,16777473,2026-07-30 14:47:22,2026-07-30 16:05:01,2025-06-29 16:05:01
12438231,5576223,1,2026-07-30 01:05:01,2026-07-30 16:05:01,2025-01-17 03:05:01
9423019,6692773,1,2026-04-08 02:05:02,2026-07-30 16:05:01,2025-08-06 03:05:01
10126551,6692773,16777473,2026-07-30 14:47:22,2026-07-10 10:05:01,2025-06-28 17:05:01
12438231,6692773,1,2026-07-30 01:05:01,2026-07-30 16:05:01,2025-05-15 02:05:01
10126551,6636998,16777473,2026-07-30 14:47:22,2026-07-29 04:05:01,2025-06-28 17:05:01
12438231,6636998,1,2026-07-30 01:05:01,2026-07-30 16:05:01,2025-01-31 03:05:02
10126551,6397967,16777473,2026-07-30 14:47:22,2026-07-10 10:05:01,2025-06-24 14:05:02
12438231,6397967,1,2026-07-30 01:05:01,2026-07-30 16:05:01,2025-01-17 03:05:01
184183,3587736,1,2026-07-25 00:05:01,2026-07-25 19:05:01,2024-02-10 14:00:00
369429,3587736,1,2026-07-30 01:05:01,2026-07-30 16:05:01,2024-02-24 09:50:00
10126551,3587736,16777473,2026-07-30 14:47:22,2026-07-30 04:05:01,2025-06-29 16:05:01
12438231,3587736,1,2026-07-30 01:05:01,2026-07-30 16:05:01,2025-01-17 03:05:01
1140687,5960177,1,2026-07-30 00:05:01,2026-07-30 10:05:01,2025-06-20 00:05:01
10126551,5960177,16777473,2026-07-30 14:47:22,2026-07-27 02:05:01,2025-06-28 17:05:01
12438231,5960177,1,2026-07-30 01:05:01,2026-07-30 16:05:01,2025-01-17 03:05:01
1140687,6647557,1,2026-07-30 00:05:01,2026-07-30 10:05:01,2025-04-09 01:05:01
10126551,6647557,16777473,2026-07-30 14:47:22,2026-07-28 00:05:01,2025-06-29 16:05:01
12438231,6647557,1,2026-07-30 01:05:01,2026-07-30 16:05:01,2025-02-16 02:05:01
9423019,6098183,1,2026-04-08 02:05:02,2026-07-30 16:05:01,2024-07-20 05:35:18
10126551,6098183,16777473,2026-07-30 14:47:22,2026-07-10 10:05:01,2025-06-27 10:05:01
12438231,6098183,1,2026-07-30 01:05:01,2026-07-30 16:05:01,2025-01-17 03:05:01
10126551,6540818,16777473,2026-07-30 14:47:22,2026-07-10 10:05:01,2025-06-24 14:05:02
12438231,6540818,1,2026-07-30 01:05:01,2026-07-26 05:05:01,2025-01-17 03:05:01
184183,3455476,1,2026-07-25 00:05:01,2026-07-25 20:05:01,2024-02-10 14:00:00
369429,3455476,1,2026-07-30 01:05:01,2026-07-30 16:05:01,2024-02-24 09:50:00
10126551,3455476,16777473,2026-07-30 14:47:22,2026-07-28 00:05:01,2025-06-29 16:05:01
12438231,3455476,1,2026-07-30 01:05:01,2026-07-30 16:05:01,2025-01-17 03:05:01
369429,4561881,1,2026-07-30 01:05:01,2026-07-30 16:05:01,2024-02-24 09:50:00
10126551,4561881,16777473,2026-07-30 14:47:22,2026-07-10 10:05:01,2025-06-28 17:05:01
12438231,4561881,1,2026-07-30 01:05:01,2026-07-30 16:05:01,2025-01-17 03:05:01
369429,6480479,1,2026-07-30 01:05:01,2026-07-10 11:05:01,2024-02-24 09:50:00
10126551,6480479,16777473,2026-07-30 14:47:22,2026-07-10 10:05:01,2025-06-24 14:05:02
12438231,6480479,1,2026-07-30 01:05:01,2026-07-26 05:05:01,2025-01-17 03:05:01
670524,6709682,0,,2026-07-30 16:05:01,
10126551,6709682,16777473,2026-07-30 14:47:22,2026-07-21 11:05:01,2025-07-01 09:05:01
12438231,6709682,1,2026-07-30 01:05:01,2026-07-30 16:05:01,2025-06-22 01:05:01
369429,5909591,1,2026-07-30 01:05:01,2026-07-30 16:05:01,2024-07-27 02:03:43
2172910,5909591,0,,2026-07-30 16:05:01,
10126551,5909591,16777473,2026-07-30 14:47:22,2026-07-10 10:05:01,2025-06-28 17:05:01
12438231,5909591,1,2026-07-30 01:05:01,2026-07-30 16:05:01,2025-01-17 03:05:01
10126551,4977033,16777473,2026-07-30 14:47:22,2026-07-28 02:05:01,2025-06-27 10:05:01
12438231,4977033,1,2026-07-30 01:05:01,2026-07-30 16:05:01,2025-01-17 03:05:01
10126551,6319943,16777473,2026-07-30 14:47:22,2026-07-10 10:05:01,2025-06-24 14:05:02
12438231,6319943,1,2026-07-30 01:05:01,2026-07-26 05:05:01,2025-01-17 03:05:01
184183,3350195,1,2026-07-25 00:05:01,2026-07-25 19:05:01,2024-02-10 14:00:00
369429,3350195,1,2026-07-30 01:05:01,2026-07-30 16:05:01,2024-02-24 09:50:00
10126551,3350195,16777473,2026-07-30 14:47:22,2026-07-10 10:05:01,2025-06-29 16:05:01
12438231,3350195,1,2026-07-30 01:05:01,2026-07-30 16:05:01,2025-01-17 03:05:01
10126551,6096318,16777473,2026-07-30 14:47:22,2026-07-10 10:05:01,2025-06-24 14:05:02
12438231,6096318,1,2026-07-30 01:05:01,2026-07-26 05:05:01,2025-01-17 03:05:01
14783812,6096318,1,2026-05-07 15:23:24,2026-07-30 16:05:01,2026-04-09 17:05:01
184183,6430410,1,2026-07-25 00:05:01,2026-07-25 19:05:01,2024-08-27 02:32:36
10126551,6430410,16777473,2026-07-30 14:47:22,2026-07-30 08:05:01,2025-06-28 17:05:01
12438231,6430410,1,2026-07-30 01:05:01,2026-07-30 16:05:01,2025-01-17 03:05:01
10126551,6672617,16777473,2026-07-30 14:47:22,2026-07-30 09:05:01,2025-07-25 06:05:02
12438231,6672617,1,2026-07-30 01:05:01,2026-07-30 16:05:01,2025-04-05 02:05:01
10126551,4047086,16777473,2026-07-30 14:47:22,2026-07-11 20:35:52,2025-06-27 10:05:01
12438231,4047086,1,2026-07-30 01:05:01,2026-07-30 16:05:01,2025-01-17 03:05:01
10126551,6718879,16777473,2026-07-30 14:47:22,2026-07-10 10:05:01,2025-07-25 06:05:02
12438231,6718879,1,2026-07-30 01:05:01,2026-07-26 05:05:01,2025-07-14 01:05:01
10126551,6456832,16777473,2026-07-30 14:47:22,2026-07-10 10:05:01,2025-06-24 14:05:02
12438231,6456832,1,2026-07-30 01:05:01,2026-07-26 05:05:01,2025-01-17 03:05:01
769018,5790236,0,,2026-07-30 16:05:01,
10126551,5790236,16777473,2026-07-30 14:47:22,2026-07-10 10:05:01,2025-06-24 14:05:02
12438231,5790236,1,2026-07-30 01:05:01,2026-07-26 05:05:01,2025-01-17 03:05:01
184183,4184921,1,2026-07-25 00:05:01,2026-07-25 19:05:01,2024-02-10 14:00:00
369429,4184921,1,2026-07-30 01:05:01,2026-07-30 16:05:01,2024-02-24 09:50:00
10126551,4184921,16777473,2026-07-30 14:47:22,2026-07-30 05:05:01,2025-06-29 16:05:01
12438231,4184921,1,2026-07-30 01:05:01,2026-07-30 16:05:01,2025-01-17 03:05:01
10126551,6725613,16777473,2026-07-30 14:47:22,2026-07-30 04:05:01,2025-07-30 08:05:01
12438231,6725613,1,2026-07-30 01:05:01,2026-07-30 16:05:01,2025-07-31 01:05:02
369429,4598449,1,2026-07-30 01:05:01,2026-07-30 16:05:01,2024-02-24 09:50:00
10126551,4598449,16777473,2026-07-30 14:47:22,2026-07-28 02:05:01,2025-06-29 16:05:01
12438231,4598449,1,2026-07-30 01:05:01,2026-07-30 16:05:01,2025-01-17 03:05:01
369429,5853413,1,2026-07-30 01:05:01,2026-07-30 16:05:01,2024-02-24 09:50:00
10126551,5853413,16777473,2026-07-30 14:47:22,2026-07-10 10:05:01,2025-06-28 17:05:01
12438231,5853413,1,2026-07-30 01:05:01,2026-07-30 16:05:01,2025-01-17 03:05:01
10126551,6723260,16777473,2026-07-30 14:47:22,2026-07-10 10:05:01,2025-07-26 08:05:01
12438231,6723260,1,2026-07-30 01:05:01,2026-07-26 05:05:01,2025-07-25 01:05:01
1140687,6500276,1,2026-07-30 00:05:01,2026-07-30 10:05:01,2025-06-20 00:05:01
10126551,6500276,16777473,2026-07-30 14:47:22,2026-07-26 02:05:01,2025-06-28 17:05:01
12438231,6500276,1,2026-07-30 01:05:01,2026-07-30 16:05:01,2025-01-17 03:05:01
184183,6026113,1,2026-07-25 00:05:01,2026-07-25 19:05:01,2024-02-10 14:00:00
369429,6026113,1,2026-07-30 01:05:01,2026-07-30 16:05:01,2024-02-24 09:50:00
10126551,6026113,16777473,2026-07-30 14:47:22,2026-07-16 06:05:01,2025-06-29 16:05:01
12438231,6026113,1,2026-07-30 01:05:01,2026-07-30 16:05:01,2025-01-17 03:05:01
184183,3935001,1,2026-07-25 00:05:01,2026-07-25 19:05:01,2024-02-10 14:00:00
369429,3935001,1,2026-07-30 01:05:01,2026-07-30 16:05:01,2024-03-08 03:46:00
10126551,3935001,16777473,2026-07-30 14:47:22,2026-07-30 05:05:01,2025-06-28 17:05:01
12438231,3935001,1,2026-07-30 01:05:01,2026-07-30 16:05:01,2025-01-17 03:05:01
670524,6718862,0,,2026-07-30 16:05:01,
10126551,6718862,16777473,2026-07-30 14:47:22,2026-07-29 04:05:01,2025-08-20 18:05:01
12438231,6718862,1,2026-07-30 01:05:01,2026-07-30 16:05:01,2025-07-14 01:05:01
369429,4144091,1,2026-07-30 01:05:01,2026-07-30 15:05:01,2024-06-03 20:56:17
10126551,4144091,16777473,2026-07-30 14:47:22,2026-07-26 04:05:01,2025-06-28 17:05:01
12438231,4144091,1,2026-07-30 01:05:01,2026-07-30 16:05:01,2025-01-17 03:05:01
10126551,6734108,16777473,2026-07-30 14:47:22,2026-07-30 16:05:01,2025-08-22 23:05:01
12438231,6734108,1,2026-07-30 01:05:01,2026-07-30 16:05:01,2025-08-20 01:05:01
10126551,6706239,16777473,2026-07-30 14:47:22,2026-07-10 10:05:01,2025-07-25 06:05:02
12438231,6706239,1,2026-07-30 01:05:01,2026-07-26 05:05:01,2025-06-14 01:05:01
10126551,6622618,16777473,2026-07-30 14:47:22,2026-07-10 10:05:01,2025-06-27 10:05:01
12438231,6622618,1,2026-07-30 01:05:01,2026-07-30 16:05:01,2025-01-17 03:05:01
184183,3363840,1,2026-07-25 00:05:01,2026-07-25 19:05:01,2024-02-10 14:00:00
369429,3363840,1,2026-07-30 01:05:01,2026-07-30 16:05:01,2024-02-24 09:50:00
10126551,3363840,16777473,2026-07-30 14:47:22,2026-07-30 04:05:01,2025-06-29 16:05:01
12438231,3363840,1,2026-07-30 01:05:01,2026-07-30 16:05:01,2025-01-17 03:05:01
369429,5040332,1,2026-07-30 01:05:01,2026-07-10 11:05:01,2024-02-24 09:50:00
10126551,5040332,16777473,2026-07-30 14:47:22,2026-07-10 10:05:01,2025-06-27 10:05:01
12438231,5040332,1,2026-07-30 01:05:01,2026-07-28 09:05:01,2025-01-17 03:05:01
10126551,5687527,16777473,2026-07-30 14:47:22,2026-07-10 10:05:01,2025-06-24 22:05:01
12438231,5687527,1,2026-07-30 01:05:01,2026-07-30 11:05:01,2025-01-17 03:05:01
184183,5699174,1,2026-07-25 00:05:01,2026-07-25 19:05:01,2024-02-10 14:00:00
369429,5699174,1,2026-07-30 01:05:01,2026-07-30 16:05:01,2024-02-24 09:50:00
10126551,5699174,16777473,2026-07-30 14:47:22,2026-07-29 04:05:01,2025-06-29 16:05:01
12438231,5699174,1,2026-07-30 01:05:01,2026-07-30 16:05:01,2025-01-17 03:05:01
184183,3427162,1,2026-07-25 00:05:01,2026-07-25 19:05:01,2024-02-10 14:00:00
369429,3427162,1,2026-07-30 01:05:01,2026-07-30 16:05:01,2024-02-24 09:50:00
10126551,3427162,16777473,2026-07-30 14:47:22,2026-07-28 23:05:01,2025-06-28 17:05:01
12438231,3427162,1,2026-07-30 01:05:01,2026-07-30 16:05:01,2025-01-17 03:05:01
184183,3353725,1,2026-07-25 00:05:01,2026-07-25 20:05:01,2024-02-10 14:00:00
369429,3353725,1,2026-07-30 01:05:01,2026-07-30 16:05:01,2024-02-24 09:50:00
10126551,3353725,16777473,2026-07-30 14:47:22,2026-07-30 04:05:01,2025-06-29 16:05:01
12438231,3353725,1,2026-07-30 01:05:01,2026-07-30 16:05:01,2025-01-17 03:05:01
184183,3616372,1,2026-07-25 00:05:01,2026-07-25 19:05:01,2024-02-10 14:00:00
369429,3616372,1,2026-07-30 01:05:01,2026-07-30 16:05:01,2024-02-24 09:50:00
10126551,3616372,16777473,2026-07-30 14:47:22,2026-07-28 00:05:01,2025-06-29 16:05:01
12438231,3616372,1,2026-07-30 01:05:01,2026-07-30 16:05:01,2025-01-17 03:05:01
184183,3786921,1,2026-07-25 00:05:01,2026-07-25 20:05:01,2024-02-10 14:00:00
369429,3786921,1,2026-07-30 01:05:01,2026-07-30 16:05:01,2024-02-24 09:50:00
10126551,3786921,16777473,2026-07-30 14:47:22,2026-07-28 00:05:01,2025-06-28 17:05:01
12438231,3786921,1,2026-07-30 01:05:01,2026-07-30 16:05:01,2025-01-17 03:05:01
369429,2571997,1,2026-07-30 01:05:01,2026-07-30 16:05:01,2024-02-24 09:50:00
10126551,2571997,16777473,2026-07-30 14:47:22,2026-07-30 04:05:01,2025-06-29 16:05:01
12438231,2571997,1,2026-07-30 01:05:01,2026-07-30 16:05:01,2025-01-17 03:05:01
369429,3803803,1,2026-07-30 01:05:01,2026-07-30 16:05:01,2024-02-24 09:50:00
670524,3803803,0,,2026-07-30 16:05:01,
10126551,3803803,16777473,2026-07-30 14:47:22,2026-07-28 02:05:01,2025-06-29 16:05:01
12438231,3803803,1,2026-07-30 01:05:01,2026-07-30 16:05:01,2025-01-17 03:05:01
10126551,6744106,16777473,2026-07-30 14:47:22,2026-07-30 11:05:01,2025-09-16 19:05:01
12438231,6744106,1,2026-07-30 01:05:01,2026-07-30 16:05:01,2025-09-29 01:05:01
1140687,6744107,1,2026-07-30 00:05:01,2026-07-30 10:05:01,2025-09-17 00:05:01
10126551,6744107,16777473,2026-07-30 14:47:22,2026-07-30 04:05:01,2025-09-16 19:05:01
12438231,6744107,1,2026-07-30 01:05:01,2026-07-30 16:05:01,2025-09-29 01:05:01
369429,3878728,1,2026-07-30 01:05:01,2026-07-30 16:05:01,2024-02-24 09:50:00
9423019,3878728,1,2026-04-08 02:05:02,2026-07-30 16:05:01,2024-02-05 04:04:00
10126551,3878728,16777473,2026-07-30 14:47:22,2026-07-28 02:05:01,2025-06-29 16:05:01
12438231,3878728,1,2026-07-30 01:05:01,2026-07-30 16:05:01,2025-01-17 03:05:01
369429,3390898,1,2026-07-30 01:05:01,2026-07-30 16:05:01,2024-02-24 09:50:00
10126551,3390898,16777473,2026-07-30 14:47:22,2026-07-28 02:05:01,2025-06-29 16:05:01
12438231,3390898,1,2026-07-30 01:05:01,2026-07-30 16:05:01,2025-01-17 03:05:01
369429,4036071,1,2026-07-30 01:05:01,2026-07-30 16:05:01,2024-02-24 09:50:00
10126551,4036071,16777473,2026-07-30 14:47:22,2026-07-28 02:05:01,2025-06-29 16:05:01
12438231,4036071,1,2026-07-30 01:05:01,2026-07-30 16:05:01,2025-01-17 03:05:01
369429,3869889,1,2026-07-30 01:05:01,2026-07-30 16:05:01,2024-02-24 09:50:00
10126551,3869889,16777473,2026-07-30 14:47:22,2026-07-28 02:05:01,2025-06-29 16:05:01
12438231,3869889,1,2026-07-30 01:05:01,2026-07-30 16:05:01,2025-01-17 03:05:01
184183,2638799,1,2026-07-25 00:05:01,2026-07-25 20:05:01,2024-02-10 14:00:00
369429,2638799,1,2026-07-30 01:05:01,2026-07-30 16:05:01,2024-02-24 09:50:00
10126551,2638799,16777473,2026-07-30 14:47:22,2026-07-28 00:05:01,2025-06-28 17:05:01
12438231,2638799,1,2026-07-30 01:05:01,2026-07-30 16:05:01,2025-01-17 03:05:01
184183,4168163,1,2026-07-25 00:05:01,2026-07-25 20:05:01,2024-07-22 02:34:25
10126551,4168163,16777473,2026-07-30 14:47:22,2026-07-30 04:05:01,2025-06-28 17:05:01
12438231,4168163,1,2026-07-30 01:05:01,2026-07-30 16:05:01,2025-01-17 03:05:01
369429,3395328,1,2026-07-30 01:05:01,2026-07-30 16:05:01,2024-02-24 09:50:00
9423019,3395328,1,2026-04-08 02:05:02,2026-07-30 16:05:01,2024-02-05 04:04:00
10126551,3395328,16777473,2026-07-30 14:47:22,2026-07-28 02:05:01,2025-06-29 16:05:01
12438231,3395328,1,2026-07-30 01:05:01,2026-07-30 16:05:01,2025-01-17 03:05:01
670524,4203253,1,2026-03-11 10:26:57,2026-07-30 16:05:01,2025-04-09 03:05:02
6449581,4203253,1,2026-07-15 04:24:18,2026-07-30 13:05:01,2024-02-19 00:00:00
10126551,4203253,16777473,2026-07-30 14:47:22,2026-07-30 04:05:01,2025-06-29 16:05:01
12438231,4203253,1,2026-07-30 01:05:01,2026-07-30 16:05:01,2025-01-17 03:05:01
369429,4207188,1,2026-07-30 01:05:01,2026-07-30 16:05:01,2024-02-24 09:50:00
9423019,4207188,1,2026-04-08 02:05:02,2026-07-30 16:05:01,2024-02-05 04:04:00
10126551,4207188,16777473,2026-07-30 14:47:22,2026-07-28 02:05:01,2025-06-29 16:05:01
12438231,4207188,1,2026-07-30 01:05:01,2026-07-30 16:05:01,2025-01-17 03:05:01
184183,2587611,1,2026-07-25 00:05:01,2026-07-25 20:05:01,2024-02-10 14:00:00
2202991,2587611,65537,2024-04-09 10:42:00,2026-07-30 16:05:01,2024-04-09 10:42:00
10126551,2587611,16777473,2026-07-30 14:47:22,2026-07-30 16:05:01,2025-06-29 16:05:01
12438231,2587611,1,2026-07-30 01:05:01,2026-07-30 16:05:01,2025-01-17 03:05:01
369429,4282618,1,2026-07-30 01:05:01,2026-07-30 16:05:01,2024-02-24 09:50:00
10126551,4282618,16777473,2026-07-30 14:47:22,2026-07-30 04:05:01,2025-06-29 16:05:01
12438231,4282618,1,2026-07-30 01:05:01,2026-07-30 16:05:01,2025-01-17 03:05:01
369429,4219109,1,2026-07-30 01:05:01,2026-07-30 16:05:01,2024-02-24 09:50:00
10126551,4219109,16777473,2026-07-30 14:47:22,2026-07-30 05:05:01,2025-06-29 16:05:01
12438231,4219109,1,2026-07-30 01:05:01,2026-07-30 16:05:01,2025-01-17 03:05:01
369429,3853561,1,2026-07-30 01:05:01,2026-07-30 16:05:01,2024-02-24 09:50:00
10126551,3853561,16777473,2026-07-30 14:47:22,2026-07-30 05:05:01,2025-06-29 16:05:01
12438231,3853561,1,2026-07-30 01:05:01,2026-07-30 16:05:01,2025-01-17 03:05:01
369429,4416405,1,2026-07-30 01:05:01,2026-07-30 16:05:01,2024-03-24 12:10:00
10126551,4416405,16777473,2026-07-30 14:47:22,2026-07-30 04:05:01,2025-06-29 16:05:01
12438231,4416405,1,2026-07-30 01:05:01,2026-07-30 16:05:01,2025-01-17 03:05:01
369429,4432759,1,2026-07-30 01:05:01,2026-07-30 16:05:01,2024-03-24 12:10:00
10126551,4432759,16777473,2026-07-30 14:47:22,2026-07-21 00:05:01,2025-06-28 17:05:01
12438231,4432759,1,2026-07-30 01:05:01,2026-07-30 16:05:01,2025-01-17 03:05:01
184183,3578310,1,2026-07-25 00:05:01,2026-07-25 19:05:01,2024-02-10 14:00:00
369429,3578310,1,2026-07-30 01:05:01,2026-07-30 16:05:01,2024-02-24 09:50:00
10126551,3578310,16777473,2026-07-30 14:47:22,2026-07-10 10:05:01,2025-06-28 17:05:01
12438231,3578310,1,2026-07-30 01:05:01,2026-07-30 16:05:01,2025-01-17 03:05:01
184183,3678728,1,2026-07-25 00:05:01,2026-07-25 19:05:01,2024-02-10 14:00:00
369429,3678728,1,2026-07-30 01:05:01,2026-07-30 16:05:01,2024-02-24 09:50:00
10126551,3678728,16777473,2026-07-30 14:47:22,2026-07-30 05:05:01,2025-06-29 16:05:01
12438231,3678728,1,2026-07-30 01:05:01,2026-07-30 16:05:01,2025-01-17 03:05:01
184183,4020417,1,2026-07-25 00:05:01,2026-07-25 20:05:01,2024-02-10 14:00:00
369429,4020417,1,2026-07-30 01:05:01,2026-07-30 16:05:01,2024-02-24 09:50:00
10126551,4020417,16777473,2026-07-30 14:47:22,2026-07-30 04:05:01,2025-06-28 17:05:01
12438231,4020417,1,2026-07-30 01:05:01,2026-07-30 16:05:01,2025-01-17 03:05:01
369429,4121452,1,2026-07-30 01:05:01,2026-07-30 16:05:01,2024-02-24 09:50:00
6449581,4121452,1,2026-07-15 04:24:18,2026-07-30 12:05:01,2024-02-19 00:00:00
10126551,4121452,16777473,2026-07-30 14:47:22,2026-07-28 00:05:01,2025-06-29 16:05:01
12438231,4121452,1,2026-07-30 01:05:01,2026-07-30 16:05:01,2025-01-17 03:05:01
369429,4541563,1,2026-07-30 01:05:01,2026-07-30 16:05:01,2024-02-24 09:50:00
10126551,4541563,16777473,2026-07-30 14:47:22,2026-07-25 03:05:01,2025-06-28 17:05:01
12438231,4541563,1,2026-07-30 01:05:01,2026-07-30 16:05:01,2025-01-17 03:05:01
184183,4428331,1,2026-07-25 00:05:01,2026-07-25 19:05:01,2024-02-10 14:00:00
369429,4428331,1,2026-07-30 01:05:01,2026-07-30 16:05:01,2024-02-24 09:50:00
10126551,4428331,16777473,2026-07-30 14:47:22,2026-07-30 04:05:01,2025-06-29 16:05:01
12438231,4428331,1,2026-07-30 01:05:01,2026-07-30 16:05:01,2025-01-17 03:05:01
184183,4568332,1,2026-07-25 00:05:01,2026-07-25 19:05:01,2024-02-10 14:00:00
9423019,4568332,1,2026-04-08 02:05:02,2026-07-30 16:05:01,2024-02-05 04:04:00
10126551,4568332,16777473,2026-07-30 14:47:22,2026-07-30 07:05:01,2025-06-28 17:05:01
12438231,4568332,1,2026-07-30 01:05:01,2026-07-30 16:05:01,2025-01-17 03:05:01
25825363,4568332,65537,2024-05-13 19:52:00,2026-07-29 22:05:02,2024-05-11 21:43:00
369429,3934250,1,2026-07-30 01:05:01,2026-07-30 16:05:01,2024-02-24 09:50:00
10126551,3934250,16777473,2026-07-30 14:47:22,2026-07-26 23:05:01,2025-06-29 16:05:01
12438231,3934250,1,2026-07-30 01:05:01,2026-07-30 16:05:01,2025-01-17 03:05:01
184183,4489433,1,2026-07-25 00:05:01,2026-07-25 20:05:01,2024-02-10 14:00:00
369429,4489433,1,2026-07-30 01:05:01,2026-07-30 16:05:01,2024-02-24 09:50:00
369429,2171349,1,2026-07-30 01:05:01,2026-07-30 16:05:01,2024-02-24 09:50:00
10126551,2171349,16777473,2026-07-30 14:47:22,2026-07-25 03:05:01,2025-06-29 16:05:01
12438231,2171349,1,2026-07-30 01:05:01,2026-07-30 16:05:01,2025-01-17 03:05:01
25825363,2171349,65537,2024-05-13 19:52:00,2026-07-29 21:05:01,2023-12-26 21:00:00
184183,4289998,1,2026-07-25 00:05:01,2026-07-25 20:05:01,2024-02-10 14:00:00
369429,4289998,1,2026-07-30 01:05:01,2026-07-30 16:05:01,2024-02-24 09:50:00
10126551,4289998,16777473,2026-07-30 14:47:22,2026-07-30 05:05:01,2025-06-28 17:05:01
12438231,4289998,1,2026-07-30 01:05:01,2026-07-30 16:05:01,2025-01-17 03:05:01
369429,4399849,1,2026-07-30 01:05:01,2026-07-30 16:05:01,2024-02-24 09:50:00
9423019,4399849,1,2026-04-08 02:05:02,2026-07-30 16:05:01,2024-02-05 04:04:00
10126551,4399849,16777473,2026-07-30 14:47:22,2026-07-28 00:05:01,2025-06-29 16:05:01
12438231,4399849,1,2026-07-30 01:05:01,2026-07-30 16:05:01,2025-01-17 03:05:01
369429,3820769,1,2026-07-30 01:05:01,2026-07-30 16:05:01,2024-02-24 09:50:00
10126551,3820769,16777473,2026-07-30 14:47:22,2026-07-23 10:05:01,2025-06-29 16:05:01
12438231,3820769,1,2026-07-30 01:05:01,2026-07-30 16:05:01,2025-01-17 03:05:01
369429,4301709,1,2026-07-30 01:05:01,2026-07-29 22:05:02,2024-02-24 09:50:00
10126551,4301709,16777473,2026-07-30 14:47:22,2026-07-10 10:05:01,2025-06-27 10:05:01
12438231,4301709,1,2026-07-30 01:05:01,2026-07-30 16:05:01,2025-01-17 03:05:01
184183,4339206,1,2026-07-25 00:05:01,2026-07-25 03:05:01,2024-02-10 14:00:00
10126551,4339206,16777473,2026-07-30 14:47:22,2026-07-10 10:05:01,2025-06-28 17:05:01
12438231,4339206,1,2026-07-30 01:05:01,2026-07-30 16:05:01,2025-01-17 03:05:01
369429,4213496,1,2026-07-30 01:05:01,2026-07-30 16:05:01,2024-02-24 09:50:00
10126551,4213496,16777473,2026-07-30 14:47:22,2026-07-11 20:35:52,2025-06-29 16:05:01
12438231,4213496,1,2026-07-30 01:05:01,2026-07-30 16:05:01,2025-01-17 03:05:01
184183,4825027,1,2026-07-25 00:05:01,2026-07-25 19:05:01,2024-02-10 14:00:00
369429,4825027,1,2026-07-30 01:05:01,2026-07-30 16:05:01,2024-02-24 09:50:00
10126551,4825027,16777473,2026-07-30 14:47:22,2026-07-30 05:05:01,2025-06-28 17:05:01
12438231,4825027,1,2026-07-30 01:05:01,2026-07-30 16:05:01,2025-01-17 03:05:01
184183,4440865,1,2026-07-25 00:05:01,2026-07-25 20:05:01,2024-11-02 05:25:56
9423019,4440865,1,2026-04-08 02:05:02,2026-07-30 16:05:01,2024-05-21 04:20:00
10126551,4440865,16777473,2026-07-30 14:47:22,2026-07-10 10:05:01,2025-06-28 17:05:01
12438231,4440865,1,2026-07-30 01:05:01,2026-07-30 16:05:01,2025-01-17 03:05:01
184183,4023154,1,2026-07-25 00:05:01,2026-07-25 19:05:01,2024-08-08 14:17:13
369429,4023154,1,2026-07-30 01:05:01,2026-07-30 16:05:01,2024-02-24 09:50:00
10126551,4023154,16777473,2026-07-30 14:47:22,2026-07-30 05:05:01,2025-06-29 16:05:01
12438231,4023154,1,2026-07-30 01:05:01,2026-07-30 16:05:01,2025-01-17 03:05:01
184183,4845163,1,2026-07-25 00:05:01,2026-07-25 19:05:01,2024-02-10 14:00:00
369429,4845163,1,2026-07-30 01:05:01,2026-07-30 16:05:01,2024-02-24 09:50:00
10126551,4845163,16777473,2026-07-30 14:47:22,2026-07-30 04:05:01,2025-06-29 16:05:01
12438231,4845163,1,2026-07-30 01:05:01,2026-07-30 16:05:01,2025-01-17 03:05:01
369429,4381271,1,2026-07-30 01:05:01,2026-07-30 16:05:01,2024-02-24 09:50:00
10126551,4381271,16777473,2026-07-30 14:47:22,2026-07-28 00:05:01,2025-06-29 16:05:01
12438231,4381271,1,2026-07-30 01:05:01,2026-07-30 16:05:01,2025-01-17 03:05:01
184183,4816671,1,2026-07-25 00:05:01,2026-07-25 20:05:01,2024-02-10 14:00:00
369429,4816671,1,2026-07-30 01:05:01,2026-07-30 16:05:01,2024-02-24 09:50:00
2202991,4816671,65537,2024-04-09 10:42:00,2026-07-30 16:05:01,2024-04-09 10:42:00
10126551,4816671,16777473,2026-07-30 14:47:22,2026-07-30 00:05:01,2025-06-29 16:05:01
12438231,4816671,1,2026-07-30 01:05:01,2026-07-30 16:05:01,2025-01-17 03:05:01
369429,4428586,1,2026-07-30 01:05:01,2026-07-30 16:05:01,2024-02-24 09:50:00
9423019,4428586,1,2026-04-08 02:05:02,2026-07-30 16:05:01,2024-02-05 04:04:00
10126551,4428586,16777473,2026-07-30 14:47:22,2026-07-11 22:05:02,2025-06-29 16:05:01
12438231,4428586,1,2026-07-30 01:05:01,2026-07-30 16:05:01,2025-01-17 03:05:01
184183,4384340,1,2026-07-25 00:05:01,2026-07-25 19:05:01,2024-02-10 14:00:00
9423019,4384340,1,2026-04-08 02:05:02,2026-07-30 16:05:01,2024-02-05 04:04:00
10126551,4384340,16777473,2026-07-30 14:47:22,2026-07-30 16:05:01,2025-06-29 16:05:01
12438231,4384340,1,2026-07-30 01:05:01,2026-07-30 16:05:01,2025-01-17 03:05:01
184183,4631539,1,2026-07-25 00:05:01,2026-07-24 22:05:01,2024-02-10 14:00:00
10126551,4631539,16777473,2026-07-30 14:47:22,2026-07-10 10:05:01,2025-06-27 10:05:01
12438231,4631539,1,2026-07-30 01:05:01,2026-07-29 12:05:02,2025-01-17 03:05:01
10126551,4948024,16777473,2026-07-30 14:47:22,2026-07-10 10:05:01,2025-06-24 22:05:01
12438231,4948024,1,2026-07-30 01:05:01,2026-07-26 05:05:01,2025-01-17 03:05:01
184183,2589918,1,2026-07-25 00:05:01,2026-07-25 20:05:01,2024-02-10 14:00:00
369429,2589918,1,2026-07-30 01:05:01,2026-07-30 16:05:01,2024-02-24 09:50:00
10126551,2589918,16777473,2026-07-30 14:47:22,2026-07-30 04:05:01,2025-06-29 16:05:01
12438231,2589918,1,2026-07-30 01:05:01,2026-07-30 16:05:01,2025-01-17 03:05:01
369429,4249094,1,2026-07-30 01:05:01,2026-07-30 16:05:01,2024-02-24 09:50:00
10126551,4249094,16777473,2026-07-30 14:47:22,2026-07-27 03:05:01,2025-06-29 16:05:01
12438231,4249094,1,2026-07-30 01:05:01,2026-07-30 16:05:01,2025-01-17 03:05:01
184183,4907365,1,2026-07-25 00:05:01,2026-07-25 19:05:01,2024-02-10 14:00:00
369429,4907365,1,2026-07-30 01:05:01,2026-07-30 16:05:01,2024-05-06 19:24:00
10126551,4907365,16777473,2026-07-30 14:47:22,2026-07-30 05:05:01,2025-06-28 17:05:01
12438231,4907365,1,2026-07-30 01:05:01,2026-07-30 16:05:01,2025-01-17 03:05:01
369429,4835911,1,2026-07-30 01:05:01,2026-07-30 16:05:01,2024-02-24 09:50:00
10126551,4835911,16777473,2026-07-30 14:47:22,2026-07-25 04:05:01,2025-06-28 17:05:01
12438231,4835911,1,2026-07-30 01:05:01,2026-07-30 16:05:01,2025-01-17 03:05:01
10126551,4122504,16777473,2026-07-30 14:47:22,2026-07-10 10:05:01,2025-06-24 14:05:02
12438231,4122504,1,2026-07-30 01:05:01,2026-07-26 05:05:01,2025-01-17 03:05:01
369429,4523117,1,2026-07-30 01:05:01,2026-07-30 16:05:01,2024-02-24 09:50:00
10126551,4523117,16777473,2026-07-30 14:47:22,2026-07-28 22:05:01,2025-06-29 16:05:01
12438231,4523117,1,2026-07-30 01:05:01,2026-07-30 16:05:01,2025-01-17 03:05:01
369429,5048119,1,2026-07-30 01:05:01,2026-07-30 16:05:01,2024-03-18 17:10:00
10126551,5048119,16777473,2026-07-30 14:47:22,2026-07-10 11:05:01,2025-06-28 17:05:01
12438231,5048119,1,2026-07-30 01:05:01,2026-07-30 16:05:01,2025-01-17 03:05:01
184183,4886937,1,2026-07-25 00:05:01,2026-07-25 20:05:01,2024-02-10 14:00:00
369429,4886937,1,2026-07-30 01:05:01,2026-07-30 16:05:01,2024-02-24 09:50:00
10126551,4886937,16777473,2026-07-30 14:47:22,2026-07-28 00:05:01,2025-06-28 17:05:01
12438231,4886937,1,2026-07-30 01:05:01,2026-07-30 16:05:01,2025-01-17 03:05:01
184183,4485570,1,2026-07-25 00:05:01,2026-07-25 19:05:01,2024-02-10 14:00:00
10126551,4485570,16777473,2026-07-30 14:47:22,2026-07-10 10:05:01,2025-06-27 10:05:01
12438231,4485570,1,2026-07-30 01:05:01,2026-07-30 16:05:01,2025-01-17 03:05:01
10126551,6870638,16777473,2026-07-30 14:47:22,2026-07-10 10:05:01,2026-06-26 19:05:02
12438231,6870638,1,2026-07-30 01:05:01,2026-07-26 05:05:01,2026-06-17 01:05:01
10126551,6874610,16777473,2026-07-30 14:47:22,2026-07-30 04:05:01,2026-06-27 15:05:00
12438231,6874610,1,2026-07-30 01:05:01,2026-07-30 16:05:01,2026-06-25 01:05:01
10126551,5851641,16777473,2026-07-30 14:47:22,2026-07-10 10:05:01,2025-06-27 10:05:01
12438231,5851641,1,2026-07-30 01:05:01,2026-07-30 16:05:01,2025-01-17 03:05:01
10126551,6753334,16777473,2026-07-30 14:47:22,2026-07-10 10:05:01,2025-10-05 19:05:01
12438231,6753334,1,2026-07-30 01:05:01,2026-07-30 16:05:01,2025-10-06 01:05:01
10126551,6268446,16777473,2026-07-30 14:47:22,2026-07-10 10:05:01,2025-06-24 14:05:02
12438231,6268446,1,2026-07-30 01:05:01,2026-07-26 05:05:01,2025-01-17 03:05:01
10126551,6230015,16777473,2026-07-30 14:47:22,2026-07-10 10:05:01,2025-06-24 14:05:02
12438231,6230015,1,2026-07-30 01:05:01,2026-07-26 05:05:01,2025-01-17 03:05:01
184183,6033618,1,2026-07-25 00:05:01,2026-07-25 19:05:01,2024-02-10 14:00:00
10126551,6033618,16777473,2026-07-30 14:47:22,2026-07-30 12:05:01,2025-06-29 16:05:01
12438231,6033618,1,2026-07-30 01:05:01,2026-07-30 16:05:01,2025-01-17 03:05:01
10126551,6682530,16777473,2026-07-30 14:47:22,2026-07-10 10:05:01,2025-06-24 14:05:02
12438231,6682530,1,2026-07-30 01:05:01,2026-07-26 05:05:01,2025-04-24 02:05:01
10126551,4036311,16777473,2026-07-30 14:47:22,2026-07-10 10:05:01,2025-06-24 14:05:02
12438231,4036311,1,2026-07-30 01:05:01,2026-07-26 08:05:01,2025-01-17 03:05:01
10126551,6043908,16777473,2026-07-30 14:47:22,2026-07-10 10:05:01,2025-06-27 10:05:01
12438231,6043908,1,2026-07-30 01:05:01,2026-07-26 05:05:01,2025-01-17 03:05:01
184183,3366882,1,2026-07-25 00:05:01,2026-07-25 19:05:01,2024-11-02 05:25:56
2202991,3366882,0,,2026-07-30 16:05:01,
10126551,3366882,16777473,2026-07-30 14:47:22,2026-07-10 10:05:01,2025-06-28 17:05:01
12438231,3366882,1,2026-07-30 01:05:01,2026-07-30 16:05:01,2025-01-17 03:05:01
10126551,6550547,16777473,2026-07-30 14:47:22,2026-07-10 10:05:01,2025-06-24 14:05:02
12438231,6550547,1,2026-07-30 01:05:01,2026-07-26 05:05:01,2025-01-17 03:05:01
184183,4126782,1,2026-07-25 00:05:01,2026-07-25 19:05:01,2024-08-08 14:17:13
10126551,4126782,16777473,2026-07-30 14:47:22,2026-07-30 01:05:01,2025-06-29 16:05:01
12438231,4126782,1,2026-07-30 01:05:01,2026-07-30 16:05:01,2025-01-17 03:05:01
184183,3460945,1,2026-07-25 00:05:01,2026-07-25 19:05:01,2024-08-08 14:17:13
369429,3460945,1,2026-07-30 01:05:01,2026-07-30 16:05:01,2024-02-24 09:50:00
10126551,3460945,16777473,2026-07-30 14:47:22,2026-07-10 10:05:01,2025-06-29 16:05:01
12438231,3460945,1,2026-07-30 01:05:01,2026-07-30 16:05:01,2025-01-17 03:05:01
10126551,5442286,16777473,2026-07-30 14:47:22,2026-07-10 10:05:01,2025-06-28 17:05:01
12438231,5442286,1,2026-07-30 01:05:01,2026-07-30 16:05:01,2025-01-17 03:05:01
10126551,5348143,16777473,2026-07-30 14:47:22,2026-07-10 10:05:01,2025-06-24 14:05:02
12438231,5348143,1,2026-07-30 01:05:01,2026-07-26 05:05:01,2025-01-17 03:05:01
184183,5274184,1,2026-07-25 00:05:01,2026-07-25 19:05:01,2024-02-10 14:00:00
369429,5274184,1,2026-07-30 01:05:01,2026-07-30 16:05:01,2024-03-24 12:10:00
10126551,5274184,16777473,2026-07-30 14:47:22,2026-07-28 04:05:01,2025-06-28 17:05:01
12438231,5274184,1,2026-07-30 01:05:01,2026-07-30 16:05:01,2025-01-17 03:05:01
10126551,6616244,16777473,2026-07-30 14:47:22,2026-07-30 05:05:01,2025-06-24 14:05:02
12438231,6616244,1,2026-07-30 01:05:01,2026-07-30 16:05:01,2025-01-17 03:05:01
369429,5039804,1,2026-07-30 01:05:01,2026-07-30 16:05:01,2024-02-24 09:50:00
10126551,5039804,16777473,2026-07-30 14:47:22,2026-07-30 05:05:01,2025-06-29 16:05:01
12438231,5039804,1,2026-07-30 01:05:01,2026-07-30 16:05:01,2025-01-17 03:05:01
10126551,5992868,16777473,2026-07-30 14:47:22,2026-07-10 10:05:01,2025-06-27 10:05:01
12438231,5992868,1,2026-07-30 01:05:01,2026-07-29 09:05:01,2025-01-17 03:05:01
369429,4791335,1,2026-07-30 01:05:01,2026-07-27 10:05:01,2024-02-24 09:50:00
10126551,4791335,16777473,2026-07-30 14:47:22,2026-07-10 10:05:01,2025-06-27 10:05:01
12438231,4791335,1,2026-07-30 01:05:01,2026-07-30 15:05:01,2025-01-17 03:05:01
10126551,6504091,16777473,2026-07-30 14:47:22,2026-07-10 10:05:01,2025-06-24 14:05:02
12438231,6504091,1,2026-07-30 01:05:01,2026-07-26 05:05:01,2025-01-17 03:05:01
10126551,5177730,16777473,2026-07-30 14:47:22,2026-07-10 10:05:01,2025-06-24 14:05:02
12438231,5177730,1,2026-07-30 01:05:01,2026-07-26 05:05:01,2025-01-17 03:05:01
369429,4892984,1,2026-07-30 01:05:01,2026-07-30 16:05:01,2024-02-24 09:50:00
10126551,4892984,16777473,2026-07-30 14:47:22,2026-07-28 00:05:01,2025-06-28 17:05:01
12438231,4892984,1,2026-07-30 01:05:01,2026-07-30 16:05:01,2025-01-17 03:05:01
10126551,6524585,16777473,2026-07-30 14:47:22,2026-07-10 10:05:01,2025-06-24 14:05:02
12438231,6524585,1,2026-07-30 01:05:01,2026-07-26 05:05:01,2025-01-17 03:05:01
10126551,6705263,16777473,2026-07-30 14:47:22,2026-07-20 03:05:01,2025-07-26 08:05:01
12438231,6705263,1,2026-07-30 01:05:01,2026-07-30 11:05:01,2025-06-12 01:05:01
10126551,6498652,16777473,2026-07-30 14:47:22,2026-07-10 10:05:01,2025-06-24 14:05:02
12438231,6498652,1,2026-07-30 01:05:01,2026-07-26 05:05:01,2025-01-17 03:05:01
184183,5708785,1,2026-07-25 00:05:01,2026-07-25 20:05:01,2024-08-27 02:32:36
10126551,5708785,16777473,2026-07-30 14:47:22,2026-07-29 13:05:01,2025-06-24 14:05:02
12438231,5708785,1,2026-07-30 01:05:01,2026-07-30 16:05:01,2025-01-17 03:05:01
10126551,6196732,16777473,2026-07-30 14:47:22,2026-07-10 10:05:01,2025-06-24 14:05:02
12438231,6196732,1,2026-07-30 01:05:01,2026-07-26 05:05:01,2025-01-17 03:05:01
10126551,6757328,16777473,2026-07-30 14:47:22,2026-07-10 10:05:01,2025-10-17 06:05:01
12438231,6757328,1,2026-07-30 01:05:01,2026-07-26 05:05:01,2025-10-14 02:05:02
670524,6739888,0,,2026-07-30 16:05:01,
10126551,6739888,16777473,2026-07-30 14:47:22,2026-07-10 10:05:01,2025-12-05 18:05:01
12438231,6739888,1,2026-07-30 01:05:01,2026-07-26 05:05:01,2025-09-04 01:05:01
10126551,6200859,16777473,2026-07-30 14:47:22,2026-07-29 04:05:01,2025-06-27 10:05:01
12438231,6200859,1,2026-07-30 01:05:01,2026-07-30 16:05:01,2025-01-17 03:05:01
23482699,6200859,65537,2024-05-08 19:53:00,2026-07-26 03:05:01,2024-02-08 20:39:00
10126551,6006065,16777473,2026-07-30 14:47:22,2026-07-10 10:05:01,2025-06-24 14:05:02
12438231,6006065,1,2026-07-30 01:05:01,2026-07-26 05:05:01,2025-01-17 03:05:01
369429,6415498,1,2026-07-30 01:05:01,2026-07-30 16:05:01,2024-02-24 09:50:00
10126551,6415498,16777473,2026-07-30 14:47:22,2026-07-30 05:05:01,2025-06-29 16:05:01
12438231,6415498,1,2026-07-30 01:05:01,2026-07-30 16:05:01,2025-01-17 03:05:01
10126551,5903303,16777473,2026-07-30 14:47:22,2026-07-10 10:05:01,2025-06-24 14:05:02
12438231,5903303,1,2026-07-30 01:05:01,2026-07-26 05:05:01,2025-01-17 03:05:01
184183,3789120,1,2026-07-25 00:05:01,2026-07-25 19:05:01,2024-02-10 14:00:00
10126551,3789120,16777473,2026-07-30 14:47:22,2026-07-10 10:05:01,2025-06-27 10:05:01
12438231,3789120,1,2026-07-30 01:05:01,2026-07-30 16:05:01,2025-01-17 03:05:01
184183,5637947,1,2026-07-25 00:05:01,2026-07-25 19:05:01,2024-02-10 14:00:00
369429,5637947,1,2026-07-30 01:05:01,2026-07-30 16:05:01,2024-02-24 09:50:00
10126551,5637947,16777473,2026-07-30 14:47:22,2026-07-28 22:05:01,2025-06-29 16:05:01
12438231,5637947,1,2026-07-30 01:05:01,2026-07-30 16:05:01,2025-01-17 03:05:01
2202991,6590707,0,,2026-07-30 16:05:01,
10126551,6590707,16777473,2026-07-30 14:47:22,2026-07-10 10:05:01,2025-06-24 14:05:02
12438231,6590707,1,2026-07-30 01:05:01,2026-07-26 05:05:01,2025-01-17 03:05:01
10126551,6787763,16777473,2026-07-30 14:47:22,2026-07-10 10:05:01,2026-01-31 08:05:01
12438231,6787763,1,2026-07-30 01:05:01,2026-07-30 16:05:01,2025-12-16 01:05:01
10126551,6740911,16777473,2026-07-30 14:47:22,2026-07-10 10:05:01,2025-09-12 13:05:01
12438231,6740911,1,2026-07-30 01:05:01,2026-07-26 05:05:01,2025-09-07 01:05:02
1140687,6619592,1,2026-07-30 00:05:01,2026-07-30 10:05:01,2025-01-17 01:05:01
10126551,6619592,16777473,2026-07-30 14:47:22,2026-07-28 00:05:01,2025-06-28 17:05:01
12438231,6619592,1,2026-07-30 01:05:01,2026-07-30 16:05:01,2025-01-17 03:05:01
10126551,4914005,16777473,2026-07-30 14:47:22,2026-07-10 10:05:01,2025-06-24 14:05:02
12438231,4914005,1,2026-07-30 01:05:01,2026-07-27 11:07:45,2025-01-17 03:05:01
184183,6419558,1,2026-07-25 00:05:01,2026-07-25 19:05:01,2024-08-08 14:17:13
10126551,6419558,16777473,2026-07-30 14:47:22,2026-07-28 22:05:01,2025-06-27 10:05:01
12438231,6419558,1,2026-07-30 01:05:01,2026-07-30 16:05:01,2025-01-17 03:05:01
10126551,6721508,16777473,2026-07-30 14:47:22,2026-07-10 10:05:01,2025-07-25 06:05:02
12438231,6721508,1,2026-07-30 01:05:01,2026-07-26 07:05:01,2025-07-20 01:05:01
10126551,5801111,16777473,2026-07-30 14:47:22,2026-07-10 10:05:01,2025-06-24 14:05:02
12438231,5801111,1,2026-07-30 01:05:01,2026-07-26 05:05:01,2025-01-17 03:05:01
10126551,6480913,16777473,2026-07-30 14:47:22,2026-07-26 02:05:01,2025-06-24 14:05:02
12438231,6480913,1,2026-07-30 01:05:01,2026-07-30 13:05:01,2025-01-17 03:05:01
1140687,6783774,1,2026-07-30 00:05:01,2026-07-30 10:05:01,2025-12-23 00:05:01
10126551,4489433,16777473,2026-07-30 14:47:22,2026-07-28 02:05:01,2025-06-29 16:05:01
12438231,4489433,1,2026-07-30 01:05:01,2026-07-30 16:05:01,2025-01-17 03:05:01
369429,4259514,1,2026-07-30 01:05:01,2026-07-30 16:05:01,2024-02-24 09:50:00
9423019,4259514,1,2026-04-08 02:05:02,2026-07-30 16:05:01,2024-02-05 04:04:00
10126551,4259514,16777473,2026-07-30 14:47:22,2026-07-28 00:05:01,2025-06-29 16:05:01
12438231,4259514,1,2026-07-30 01:05:01,2026-07-30 16:05:01,2025-01-17 03:05:01
369429,3916343,1,2026-07-30 01:05:01,2026-07-30 16:05:01,2024-02-24 09:50:00
10126551,3916343,16777473,2026-07-30 14:47:22,2026-07-22 04:05:02,2025-06-29 16:05:01
12438231,3916343,1,2026-07-30 01:05:01,2026-07-30 16:05:01,2025-01-17 03:05:01
184183,3442337,1,2026-07-25 00:05:01,2026-07-25 20:05:01,2024-02-10 14:00:00
369429,3442337,1,2026-07-30 01:05:01,2026-07-30 16:05:01,2024-02-24 09:50:00
10126551,3442337,16777473,2026-07-30 14:47:22,2026-07-28 23:05:01,2025-06-29 16:05:01
12438231,3442337,1,2026-07-30 01:05:01,2026-07-30 16:05:01,2025-01-17 03:05:01
369429,4232976,1,2026-07-30 01:05:01,2026-07-30 16:05:01,2024-02-24 09:50:00
10126551,4232976,16777473,2026-07-30 14:47:22,2026-07-30 00:05:01,2025-06-29 16:05:01
12438231,4232976,1,2026-07-30 01:05:01,2026-07-30 16:05:01,2025-01-17 03:05:01
369429,4630147,1,2026-07-30 01:05:01,2026-07-30 06:05:01,2024-02-24 09:50:00
10126551,4630147,16777473,2026-07-30 14:47:22,2026-07-28 00:05:01,2025-06-28 17:05:01
12438231,4630147,1,2026-07-30 01:05:01,2026-07-30 16:05:01,2025-01-17 03:05:01
184183,4630019,1,2026-07-25 00:05:01,2026-07-25 20:05:01,2024-02-10 14:00:00
10126551,4630019,16777473,2026-07-30 14:47:22,2026-07-10 10:05:01,2025-06-29 16:05:01
12438231,4630019,1,2026-07-30 01:05:01,2026-07-30 16:05:01,2025-01-17 03:05:01
184183,4276534,1,2026-07-25 00:05:01,2026-07-25 19:05:01,2024-02-10 14:00:00
369429,4276534,1,2026-07-30 01:05:01,2026-07-30 16:05:01,2024-03-08 03:46:00
10126551,4276534,16777473,2026-07-30 14:47:22,2026-07-28 02:05:01,2025-06-29 16:05:01
12438231,4276534,1,2026-07-30 01:05:01,2026-07-30 16:05:01,2025-01-17 03:05:01
184183,4583944,1,2026-07-25 00:05:01,2026-07-25 19:05:01,2024-02-10 14:00:00
10126551,4583944,16777473,2026-07-30 14:47:22,2026-07-27 03:05:01,2025-06-28 17:05:01
12438231,4583944,1,2026-07-30 01:05:01,2026-07-30 16:05:01,2025-01-17 03:05:01
184183,3827064,1,2026-07-25 00:05:01,2026-07-25 20:05:01,2024-02-10 14:00:00
369429,3827064,1,2026-07-30 01:05:01,2026-07-30 16:05:01,2024-02-24 09:50:00
10126551,3827064,16777473,2026-07-30 14:47:22,2026-07-30 04:05:01,2025-06-28 17:05:01
12438231,3827064,1,2026-07-30 01:05:01,2026-07-30 16:05:01,2025-01-17 03:05:01
184183,3759709,1,2026-07-25 00:05:01,2026-07-25 19:05:01,2024-02-10 14:00:00
10126551,3759709,16777473,2026-07-30 14:47:22,2026-07-30 16:05:01,2025-06-28 17:05:01
12438231,3759709,1,2026-07-30 01:05:01,2026-07-30 16:05:01,2025-01-17 03:05:01
184183,3337220,1,2026-07-25 00:05:01,2026-07-25 19:05:01,2024-02-10 14:00:00
369429,3337220,1,2026-07-30 01:05:01,2026-07-30 16:05:01,2024-02-24 09:50:00
10126551,3337220,16777473,2026-07-30 14:47:22,2026-07-30 04:05:01,2025-06-29 16:05:01
12438231,3337220,1,2026-07-30 01:05:01,2026-07-30 16:05:01,2025-01-17 03:05:01
184183,4442901,1,2026-07-25 00:05:01,2026-07-25 19:05:01,2024-08-08 14:17:13
10126551,4442901,16777473,2026-07-30 14:47:22,2026-07-30 14:05:02,2025-06-28 17:05:01
12438231,4442901,1,2026-07-30 01:05:01,2026-07-30 16:05:01,2025-01-17 03:05:01
369429,4520577,1,2026-07-30 01:05:01,2026-07-30 16:05:01,2024-02-24 09:50:00
9423019,4520577,1,2026-04-08 02:05:02,2026-07-30 16:05:01,2024-02-05 04:04:00
10126551,4520577,16777473,2026-07-30 14:47:22,2026-07-28 02:05:01,2025-06-29 16:05:01
12438231,4520577,1,2026-07-30 01:05:01,2026-07-30 16:05:01,2025-01-17 03:05:01
184183,3648422,1,2026-07-25 00:05:01,2026-07-25 20:05:01,2024-02-10 14:00:00
369429,3648422,1,2026-07-30 01:05:01,2026-07-30 16:05:01,2024-02-24 09:50:00
10126551,3648422,16777473,2026-07-30 14:47:22,2026-07-28 00:05:01,2025-06-29 16:05:01
12438231,3648422,1,2026-07-30 01:05:01,2026-07-30 16:05:01,2025-01-17 03:05:01
10126551,4601269,16777473,2026-07-30 14:47:22,2026-07-11 20:35:52,2025-06-24 14:05:02
12438231,4601269,1,2026-07-30 01:05:01,2026-07-30 16:05:01,2025-01-17 03:05:01
23482699,4601269,65537,2024-05-08 19:53:00,2026-07-26 03:05:01,2024-02-08 20:39:00
369429,4643328,1,2026-07-30 01:05:01,2026-07-30 16:05:01,2024-03-24 12:10:00
10126551,4643328,16777473,2026-07-30 14:47:22,2026-07-22 02:05:01,2025-06-28 17:05:01
12438231,4643328,1,2026-07-30 01:05:01,2026-07-30 16:05:01,2025-01-17 03:05:01
184183,4282761,1,2026-07-25 00:05:01,2026-07-25 19:05:01,2024-02-10 14:00:00
369429,4282761,1,2026-07-30 01:05:01,2026-07-30 16:05:01,2024-02-24 09:50:00
10126551,4282761,16777473,2026-07-30 14:47:22,2026-07-30 04:05:01,2025-06-29 16:05:01
12438231,4282761,1,2026-07-30 01:05:01,2026-07-30 16:05:01,2025-01-17 03:05:01
369429,4282798,1,2026-07-30 01:05:01,2026-07-30 16:05:01,2024-02-24 09:50:00
6449581,4282798,1,2026-07-15 04:24:18,2026-07-30 13:05:01,2024-02-19 00:00:00
10126551,4282798,16777473,2026-07-30 14:47:22,2026-07-28 00:05:01,2025-06-29 16:05:01
12438231,4282798,1,2026-07-30 01:05:01,2026-07-30 16:05:01,2025-01-17 03:05:01
369429,1737650,1,2026-07-30 01:05:01,2026-07-30 16:05:01,2024-02-24 09:50:00
10126551,1737650,16777473,2026-07-30 14:47:22,2026-07-30 04:05:01,2025-06-29 16:05:01
12438231,1737650,1,2026-07-30 01:05:01,2026-07-30 16:05:01,2025-01-17 03:05:01
184183,4624490,1,2026-07-25 00:05:01,2026-07-25 19:05:01,2024-02-10 14:00:00
369429,4624490,1,2026-07-30 01:05:01,2026-07-30 16:05:01,2024-02-24 09:50:00
10126551,4624490,16777473,2026-07-30 14:47:22,2026-07-30 05:05:01,2025-06-29 16:05:01
12438231,4624490,1,2026-07-30 01:05:01,2026-07-30 16:05:01,2025-01-17 03:05:01
184183,4298758,1,2026-07-25 00:05:01,2026-07-25 19:05:01,2024-02-10 14:00:00
369429,4298758,1,2026-07-30 01:05:01,2026-07-30 16:05:01,2024-02-24 09:50:00
10126551,4298758,16777473,2026-07-30 14:47:22,2026-07-30 05:05:01,2025-06-28 17:05:01
12438231,4298758,1,2026-07-30 01:05:01,2026-07-30 16:05:01,2025-01-17 03:05:01
184183,4808637,1,2026-07-25 00:05:01,2026-07-25 19:05:01,2024-02-10 14:00:00
369429,4808637,1,2026-07-30 01:05:01,2026-07-30 16:05:01,2024-02-24 09:50:00
10126551,4808637,16777473,2026-07-30 14:47:22,2026-07-30 04:05:01,2025-06-29 16:05:01
12438231,4808637,1,2026-07-30 01:05:01,2026-07-30 16:05:01,2025-01-17 03:05:01
1140687,4915580,1,2026-07-30 00:05:01,2026-07-30 10:05:01,2024-08-17 23:15:27
10126551,4915580,16777473,2026-07-30 14:47:22,2026-07-22 00:05:01,2025-06-29 16:05:01
12438231,4915580,1,2026-07-30 01:05:01,2026-07-30 16:05:01,2025-01-17 03:05:01
369429,4882998,1,2026-07-30 01:05:01,2026-07-30 16:05:01,2024-02-24 09:50:00
10126551,4882998,16777473,2026-07-30 14:47:22,2026-07-10 10:05:01,2025-06-29 16:05:01
12438231,4882998,1,2026-07-30 01:05:01,2026-07-30 16:05:01,2025-01-17 03:05:01
369429,4626834,1,2026-07-30 01:05:01,2026-07-30 16:05:01,2024-02-24 09:50:00
10126551,4626834,16777473,2026-07-30 14:47:22,2026-07-28 00:05:01,2025-06-28 17:05:01
12438231,4626834,1,2026-07-30 01:05:01,2026-07-30 16:05:01,2025-01-17 03:05:01
184183,3344135,1,2026-07-25 00:05:01,2026-07-25 20:05:01,2024-02-10 14:00:00
369429,3344135,1,2026-07-30 01:05:01,2026-07-30 16:05:01,2024-02-24 09:50:00
10126551,3344135,16777473,2026-07-30 14:47:22,2026-07-28 04:05:01,2025-06-28 17:05:01
12438231,3344135,1,2026-07-30 01:05:01,2026-07-30 16:05:01,2025-01-17 03:05:01
184183,4932038,1,2026-07-25 00:05:01,2026-07-25 20:05:01,2024-02-10 14:00:00
2202991,4932038,65537,2024-04-09 10:42:00,2026-07-30 16:05:01,2024-04-09 10:42:00
10126551,4932038,16777473,2026-07-30 14:47:22,2026-07-11 23:05:01,2025-06-28 17:05:01
12438231,4932038,1,2026-07-30 01:05:01,2026-07-30 16:05:01,2025-01-17 03:05:01
1140687,3845914,1,2026-07-30 00:05:01,2026-07-30 10:05:01,2024-07-06 02:00:31
10126551,3845914,16777473,2026-07-30 14:47:22,2026-07-25 02:05:01,2025-06-28 17:05:01
12438231,3845914,1,2026-07-30 01:05:01,2026-07-30 16:05:01,2025-01-17 03:05:01
369429,4943251,1,2026-07-30 01:05:01,2026-07-30 16:05:01,2024-02-24 09:50:00
10126551,4943251,16777473,2026-07-30 14:47:22,2026-07-30 01:05:01,2025-06-29 16:05:01
12438231,4943251,1,2026-07-30 01:05:01,2026-07-30 16:05:01,2025-01-17 03:05:01
184183,3943347,1,2026-07-25 00:05:01,2026-07-25 20:05:01,2024-02-10 14:00:00
369429,3943347,1,2026-07-30 01:05:01,2026-07-30 16:05:01,2024-02-24 09:50:00
10126551,3943347,16777473,2026-07-30 14:47:22,2026-07-30 00:05:01,2025-06-28 17:05:01
12438231,3943347,1,2026-07-30 01:05:01,2026-07-30 16:05:01,2025-01-17 03:05:01
184183,3553385,1,2026-07-25 00:05:01,2026-07-25 19:05:01,2024-02-10 14:00:00
369429,3553385,1,2026-07-30 01:05:01,2026-07-30 16:05:01,2024-02-24 09:50:00
10126551,3553385,16777473,2026-07-30 14:47:22,2026-07-28 00:05:01,2025-06-29 16:05:01
12438231,3553385,1,2026-07-30 01:05:01,2026-07-30 16:05:01,2025-01-17 03:05:01
184183,4544604,1,2026-07-25 00:05:01,2026-07-25 19:05:01,2024-02-10 14:00:00
369429,4544604,1,2026-07-30 01:05:01,2026-07-30 16:05:01,2024-02-24 09:50:00
10126551,4544604,16777473,2026-07-30 14:47:22,2026-07-28 00:05:01,2025-06-28 17:05:01
12438231,4544604,1,2026-07-30 01:05:01,2026-07-30 16:05:01,2025-01-17 03:05:01
184183,4524723,1,2026-07-25 00:05:01,2026-07-25 20:05:01,2024-02-10 14:00:00
369429,4524723,1,2026-07-30 01:05:01,2026-07-30 16:05:01,2024-02-24 09:50:00
10126551,4524723,16777473,2026-07-30 14:47:22,2026-07-28 00:05:01,2025-06-29 16:05:01
12438231,4524723,1,2026-07-30 01:05:01,2026-07-30 16:05:01,2025-01-17 03:05:01
369429,3750702,1,2026-07-30 01:05:01,2026-07-30 16:05:01,2024-02-24 09:50:00
670524,3750702,0,,2026-07-30 16:05:01,
10126551,3750702,16777473,2026-07-30 14:47:22,2026-07-28 02:05:01,2025-06-29 16:05:01
12438231,3750702,1,2026-07-30 01:05:01,2026-07-30 16:05:01,2025-01-17 03:05:01
184183,4234796,1,2026-07-25 00:05:01,2026-07-25 19:05:01,2024-02-10 14:00:00
369429,4234796,1,2026-07-30 01:05:01,2026-07-30 16:05:01,2024-02-24 09:50:00
10126551,4234796,16777473,2026-07-30 14:47:22,2026-07-30 05:05:01,2025-06-29 16:05:01
12438231,4234796,1,2026-07-30 01:05:01,2026-07-30 16:05:01,2025-01-17 03:05:01
369429,5008531,1,2026-07-30 01:05:01,2026-07-30 16:05:01,2024-02-24 09:50:00
10126551,5008531,16777473,2026-07-30 14:47:22,2026-07-10 11:05:01,2025-06-28 17:05:01
12438231,5008531,1,2026-07-30 01:05:01,2026-07-30 16:05:01,2025-01-17 03:05:01
184183,3319240,1,2026-07-25 00:05:01,2026-07-25 19:05:01,2024-02-10 14:00:00
369429,3319240,1,2026-07-30 01:05:01,2026-07-30 16:05:01,2024-02-24 09:50:00
10126551,3319240,16777473,2026-07-30 14:47:22,2026-07-10 10:05:01,2025-06-29 16:05:01
12438231,3319240,1,2026-07-30 01:05:01,2026-07-30 16:05:01,2025-01-17 03:05:01
369429,4552127,1,2026-07-30 01:05:01,2026-07-30 16:05:01,2024-02-24 09:50:00
10126551,4552127,16777473,2026-07-30 14:47:22,2026-07-10 10:05:01,2025-06-28 17:05:01
12438231,4552127,1,2026-07-30 01:05:01,2026-07-30 16:05:01,2025-01-17 03:05:01
184183,4901058,1,2026-07-25 00:05:01,2026-07-25 20:05:01,2024-02-10 14:00:00
369429,4901058,1,2026-07-30 01:05:01,2026-07-30 16:05:01,2024-02-24 09:50:00
10126551,4901058,16777473,2026-07-30 14:47:22,2026-07-30 04:05:01,2025-06-29 16:05:01
12438231,4901058,1,2026-07-30 01:05:01,2026-07-30 16:05:01,2025-01-17 03:05:01
369429,5043457,1,2026-07-30 01:05:01,2026-07-30 16:05:01,2024-02-24 09:50:00
10126551,5043457,16777473,2026-07-30 14:47:22,2026-07-30 05:05:01,2025-06-29 16:05:01
12438231,5043457,1,2026-07-30 01:05:01,2026-07-30 16:05:01,2025-01-17 03:05:01
2202991,6160844,65537,2024-04-09 10:42:00,2026-07-30 16:05:01,2024-04-09 10:42:00
10126551,6160844,16777473,2026-07-30 14:47:22,2026-07-10 10:05:01,2025-06-24 14:05:02
12438231,6160844,1,2026-07-30 01:05:01,2026-07-26 05:05:01,2025-01-17 03:05:01
14783812,6160844,1,2026-05-07 15:23:24,2026-07-30 16:05:01,2025-02-23 08:05:01
1140687,6188280,1,2026-07-30 00:05:01,2026-07-30 10:05:01,2024-08-17 23:15:27
10126551,6188280,16777473,2026-07-30 14:47:22,2026-07-10 10:05:01,2025-06-28 17:05:01
12438231,6188280,1,2026-07-30 01:05:01,2026-07-30 16:05:01,2025-01-17 03:05:01
184183,5526840,1,2026-07-25 00:05:01,2026-07-25 20:05:01,2024-02-10 14:00:00
10126551,5526840,16777473,2026-07-30 14:47:22,2026-07-30 14:05:02,2025-06-28 17:05:01
12438231,5526840,1,2026-07-30 01:05:01,2026-07-30 16:05:01,2025-01-17 03:05:01
10126551,6747782,16777473,2026-07-30 14:47:22,2026-07-30 16:05:01,2025-10-21 18:05:01
12438231,6747782,1,2026-07-30 01:05:01,2026-07-30 16:05:01,2025-09-30 01:05:01
10126551,6364972,16777473,2026-07-30 14:47:22,2026-07-10 10:05:01,2025-06-28 17:05:01
12438231,6364972,1,2026-07-30 01:05:01,2026-07-30 16:05:01,2025-01-17 03:05:01
2172910,5451953,0,,2026-07-30 16:05:01,
10126551,5451953,16777473,2026-07-30 14:47:22,2026-07-10 10:05:01,2025-06-24 14:05:02
12438231,5451953,1,2026-07-30 01:05:01,2026-07-26 05:05:01,2025-01-17 03:05:01
10126551,6613325,16777473,2026-07-30 14:47:22,2026-07-26 02:05:01,2025-06-28 17:05:01
12438231,6613325,1,2026-07-30 01:05:01,2026-07-30 08:05:01,2025-02-05 03:05:01
369429,5772573,1,2026-07-30 01:05:01,2026-07-29 05:05:02,2024-02-24 09:50:00
10126551,5772573,16777473,2026-07-30 14:47:22,2026-07-10 10:05:01,2025-06-28 17:05:01
12438231,5772573,1,2026-07-30 01:05:01,2026-07-30 06:05:01,2025-01-17 03:05:01
369429,3795330,1,2026-07-30 01:05:01,2026-07-30 16:05:01,2024-03-24 12:10:00
10126551,3795330,16777473,2026-07-30 14:47:22,2026-07-30 01:05:01,2025-06-28 17:05:01
12438231,3795330,1,2026-07-30 01:05:01,2026-07-30 16:05:01,2025-01-17 03:05:01
10126551,5273517,16777473,2026-07-30 14:47:22,2026-07-10 10:05:01,2025-06-27 10:05:01
12438231,5273517,1,2026-07-30 01:05:01,2026-07-26 06:05:01,2025-01-17 03:05:01
10126551,5465059,16777473,2026-07-30 14:47:22,2026-07-10 10:05:01,2025-06-24 22:05:01
12438231,5465059,1,2026-07-30 01:05:01,2026-07-30 15:05:01,2025-01-17 03:05:01
10126551,6582306,16777473,2026-07-30 14:47:22,2026-07-10 10:05:01,2025-06-24 14:05:02
12438231,6582306,1,2026-07-30 01:05:01,2026-07-26 05:05:01,2025-01-17 03:05:01
1140687,4843600,1,2026-07-30 00:05:01,2026-07-30 10:05:01,2024-08-17 23:15:27
10126551,4843600,16777473,2026-07-30 14:47:22,2026-07-10 11:05:01,2025-06-29 16:05:01
12438231,4843600,1,2026-07-30 01:05:01,2026-07-30 16:05:01,2025-01-17 03:05:01
369429,4518210,1,2026-07-30 01:05:01,2026-07-30 16:05:01,2024-02-24 09:50:00
9423019,4518210,1,2026-04-08 02:05:02,2026-07-30 16:05:01,2024-02-05 04:04:00
10126551,4518210,16777473,2026-07-30 14:47:22,2026-07-28 00:05:01,2025-06-29 16:05:01
12438231,4518210,1,2026-07-30 01:05:01,2026-07-30 16:05:01,2025-01-17 03:05:01
369429,6339320,1,2026-07-30 01:05:01,2026-07-30 16:05:01,2024-07-27 02:03:43
10126551,6339320,16777473,2026-07-30 14:47:22,2026-07-28 02:05:01,2025-06-29 16:05:01
12438231,6339320,1,2026-07-30 01:05:01,2026-07-30 16:05:01,2025-01-17 03:05:01
23482699,6339320,65537,2024-05-08 19:53:00,2026-07-26 03:05:01,2024-02-08 20:39:00
10126551,6480273,16777473,2026-07-30 14:47:22,2026-07-10 10:05:01,2025-06-28 17:05:01
12438231,6480273,1,2026-07-30 01:05:01,2026-07-30 07:05:01,2025-01-17 03:05:01
184183,5205727,1,2026-07-25 00:05:01,2026-07-25 19:05:01,2024-02-10 14:00:00
10126551,5205727,16777473,2026-07-30 14:47:22,2026-07-11 20:35:52,2025-06-28 17:05:01
12438231,5205727,1,2026-07-30 01:05:01,2026-07-30 16:05:01,2025-01-17 03:05:01
1140687,6314862,1,2026-07-30 00:05:01,2026-07-30 10:05:01,2024-08-17 23:15:27
10126551,6314862,16777473,2026-07-30 14:47:22,2026-07-10 10:05:01,2025-06-28 17:05:01
12438231,6314862,1,2026-07-30 01:05:01,2026-07-30 16:05:01,2025-01-17 03:05:01
184183,5567760,1,2026-07-25 00:05:01,2026-07-25 20:05:01,2024-08-08 14:17:13
10126551,5567760,16777473,2026-07-30 14:47:22,2026-07-27 03:05:01,2025-06-28 17:05:01
12438231,5567760,1,2026-07-30 01:05:01,2026-07-30 16:05:01,2025-01-17 03:05:01
670524,6311316,0,,2026-07-30 16:05:01,
10126551,6311316,16777473,2026-07-30 14:47:22,2026-07-10 10:05:01,2025-06-29 16:05:01
12438231,6311316,1,2026-07-30 01:05:01,2026-07-30 16:05:01,2025-01-17 03:05:01
23482699,6311316,65537,2024-05-08 19:53:00,2026-07-26 03:05:01,2024-02-08 20:39:00
10126551,6516314,16777473,2026-07-30 14:47:22,2026-07-10 10:05:01,2025-06-24 14:05:02
12438231,6516314,1,2026-07-30 01:05:01,2026-07-26 05:05:01,2025-01-17 03:05:01
2172910,5719600,0,,2026-07-30 16:05:01,
10126551,5719600,16777473,2026-07-30 14:47:22,2026-07-10 10:05:01,2025-06-24 14:05:02
12438231,5719600,1,2026-07-30 01:05:01,2026-07-26 05:05:01,2025-01-17 03:05:01
10126551,6644585,16777473,2026-07-30 14:47:22,2026-07-10 10:05:01,2025-06-24 14:05:02
12438231,6644585,1,2026-07-30 01:05:01,2026-07-26 05:05:01,2025-02-14 02:05:01
10126551,6781147,16777473,2026-07-30 14:47:22,2026-07-30 16:05:01,2025-12-02 21:05:01
12438231,6781147,1,2026-07-30 01:05:01,2026-07-30 16:05:01,2025-12-02 01:05:01
670524,6739601,0,,2026-07-30 16:05:01,
10126551,6739601,16777473,2026-07-30 14:47:22,2026-07-10 10:05:01,2025-12-05 18:05:01
12438231,6739601,1,2026-07-30 01:05:01,2026-07-26 05:05:01,2025-09-04 01:05:01
369429,4949850,1,2026-07-30 01:05:01,2026-07-30 16:05:01,2024-02-24 09:50:00
10126551,4949850,16777473,2026-07-30 14:47:22,2026-07-21 02:05:01,2025-06-27 10:05:01
12438231,4949850,1,2026-07-30 01:05:01,2026-07-30 16:05:01,2025-01-17 03:05:01
10126551,5780387,16777473,2026-07-30 14:47:22,2026-07-30 04:05:01,2025-06-28 17:05:01
12438231,5780387,1,2026-07-30 01:05:01,2026-07-30 15:05:01,2025-01-17 03:05:01
23482699,5780387,65537,2024-05-08 19:53:00,2026-07-26 03:05:01,2024-02-08 20:39:00
184183,5039536,1,2026-07-25 00:05:01,2026-07-25 20:05:01,2024-02-10 14:00:00
10126551,5039536,16777473,2026-07-30 14:47:22,2026-07-27 03:05:01,2025-06-28 17:05:01
12438231,5039536,1,2026-07-30 01:05:01,2026-07-30 16:05:01,2025-01-17 03:05:01
10126551,5669438,16777473,2026-07-30 14:47:22,2026-07-10 10:05:01,2025-06-27 10:05:01
12438231,5669438,1,2026-07-30 01:05:01,2026-07-26 05:05:01,2025-01-17 03:05:01
184183,5865261,1,2026-07-25 00:05:01,2026-07-25 19:05:01,2024-02-10 14:00:00
369429,5865261,1,2026-07-30 01:05:01,2026-07-30 16:05:01,2024-03-24 12:10:00
10126551,5865261,16777473,2026-07-30 14:47:22,2026-07-27 02:05:01,2025-06-28 17:05:01
12438231,5865261,1,2026-07-30 01:05:01,2026-07-30 16:05:01,2025-01-17 03:05:01
10126551,4039840,16777473,2026-07-30 14:47:22,2026-07-17 11:05:01,2025-06-27 10:05:01
12438231,4039840,1,2026-07-30 01:05:01,2026-07-30 16:05:01,2025-01-17 03:05:01
23482699,4039840,65537,2024-05-08 19:53:00,2026-07-26 03:05:01,2024-02-08 20:39:00
10126551,5219263,16777473,2026-07-30 14:47:22,2026-07-10 10:05:01,2025-06-24 14:05:02
12438231,5219263,1,2026-07-30 01:05:01,2026-07-26 05:05:01,2025-01-17 03:05:01
10126551,5761113,16777473,2026-07-30 14:47:22,2026-07-10 10:05:01,2025-06-24 14:05:02
12438231,5761113,1,2026-07-30 01:05:01,2026-07-26 05:05:01,2025-01-17 03:05:01
10126551,4501373,16777473,2026-07-30 14:47:22,2026-07-10 10:05:01,2025-06-24 14:05:02
12438231,4501373,1,2026-07-30 01:05:01,2026-07-26 05:05:01,2025-01-17 03:05:01
23482699,4501373,65537,2024-05-08 19:53:00,2026-07-30 16:05:01,2024-02-08 20:39:00
1140687,6790537,1,2026-07-30 00:05:01,2026-07-30 10:05:01,2025-12-23 00:05:01
10126551,6790537,16777473,2026-07-30 14:47:22,2026-07-30 16:05:01,2026-03-07 08:05:02
12438231,6790537,1,2026-07-30 01:05:01,2026-07-30 16:05:01,2025-12-22 01:05:01
369429,5292349,1,2026-07-30 01:05:01,2026-07-30 16:05:01,2024-02-24 09:50:00
10126551,5292349,16777473,2026-07-30 14:47:22,2026-07-10 10:05:01,2025-06-27 10:05:01
12438231,5292349,1,2026-07-30 01:05:01,2026-07-30 16:05:01,2025-01-17 03:05:01
10126551,5212626,16777473,2026-07-30 14:47:22,2026-07-10 11:05:01,2025-06-24 22:05:01
12438231,5212626,1,2026-07-30 01:05:01,2026-07-30 09:05:01,2025-01-17 03:05:01
369429,5622810,1,2026-07-30 01:05:01,2026-07-30 16:05:01,2024-02-24 09:50:00
10126551,5622810,16777473,2026-07-30 14:47:22,2026-07-26 03:05:01,2025-06-28 17:05:01
12438231,5622810,1,2026-07-30 01:05:01,2026-07-30 16:05:01,2025-01-17 03:05:01
369429,5332352,1,2026-07-30 01:05:01,2026-07-30 06:05:01,2024-02-24 09:50:00
10126551,5332352,16777473,2026-07-30 14:47:22,2026-07-10 11:05:01,2025-06-24 22:05:01
12438231,5332352,1,2026-07-30 01:05:01,2026-07-30 16:05:01,2025-01-17 03:05:01
10126551,6780139,16777473,2026-07-30 14:47:22,2026-07-10 10:05:01,2025-12-01 09:05:02
12438231,6780139,1,2026-07-30 01:05:01,2026-07-30 16:05:01,2025-12-01 01:05:01
10126551,5392022,16777473,2026-07-30 14:47:22,2026-07-10 10:05:01,2025-06-24 14:05:02
12438231,5392022,1,2026-07-30 01:05:01,2026-07-26 05:05:01,2025-01-17 03:05:01
10126551,6796432,16777473,2026-07-30 14:47:22,2026-07-10 10:05:01,2026-01-31 08:05:01
12438231,6796432,1,2026-07-30 01:05:01,2026-07-30 16:05:01,2026-01-04 01:05:01
10126551,6783774,16777473,2026-07-30 14:47:22,2026-07-10 10:05:01,2026-01-31 08:05:01
12438231,6783774,1,2026-07-30 01:05:01,2026-07-30 16:05:01,2025-12-08 01:05:01
10126551,5826095,16777473,2026-07-30 14:47:22,2026-07-10 10:05:01,2025-06-24 14:05:02
12438231,5826095,1,2026-07-30 01:05:01,2026-07-26 05:05:01,2025-01-17 03:05:01
1140687,4585416,1,2026-07-30 00:05:01,2026-07-30 10:05:01,2024-06-11 02:00:26
10126551,4585416,16777473,2026-07-30 14:47:22,2026-07-30 16:05:01,2025-06-28 17:05:01
12438231,4585416,1,2026-07-30 01:05:01,2026-07-30 16:05:01,2025-01-17 03:05:01
10126551,6336329,16777473,2026-07-30 14:47:22,2026-07-10 10:05:01,2025-06-24 14:05:02
12438231,6336329,1,2026-07-30 01:05:01,2026-07-26 05:05:01,2025-01-17 03:05:01
10126551,6801380,16777473,2026-07-30 14:47:22,2026-07-30 08:05:01,2026-01-31 08:05:01
12438231,6801380,1,2026-07-30 01:05:01,2026-07-30 16:05:01,2026-01-13 01:05:01
10126551,6801386,16777473,2026-07-30 14:47:22,2026-07-30 08:05:01,2026-01-31 08:05:01
12438231,6801386,1,2026-07-30 01:05:01,2026-07-30 16:05:01,2026-01-14 01:05:01
184183,5516532,1,2026-07-25 00:05:01,2026-07-25 20:05:01,2024-02-10 14:00:00
369429,5516532,1,2026-07-30 01:05:01,2026-07-30 16:05:01,2024-02-24 09:50:00
10126551,5516532,16777473,2026-07-30 14:47:22,2026-07-30 04:05:01,2025-06-29 16:05:01
12438231,5516532,1,2026-07-30 01:05:01,2026-07-30 16:05:01,2025-01-17 03:05:01
3128871,2070130,1,2026-05-13 15:21:37,2026-07-30 16:05:01,2024-02-14 11:54:00
10126551,2070130,16777473,2026-07-30 14:47:22,2026-07-10 10:05:01,2025-06-24 22:05:01
12438231,2070130,1,2026-07-30 01:05:01,2026-07-30 09:05:01,2025-01-17 03:05:01
184183,5275274,1,2026-07-25 00:05:01,2026-07-25 19:05:01,2024-02-10 14:00:00
10126551,5275274,16777473,2026-07-30 14:47:22,2026-07-30 05:05:01,2025-06-28 17:05:01
12438231,5275274,1,2026-07-30 01:05:01,2026-07-30 16:05:01,2025-01-17 03:05:01
10126551,6802854,16777473,2026-07-30 14:47:22,2026-07-10 10:05:01,2026-01-31 08:05:01
12438231,6802854,1,2026-07-30 01:05:01,2026-07-26 05:05:01,2026-01-15 18:08:53
10126551,6012573,16777473,2026-07-30 14:47:22,2026-07-10 10:05:01,2025-06-24 14:05:02
12438231,6012573,1,2026-07-30 01:05:01,2026-07-26 05:05:01,2025-01-17 03:05:01
369429,5407694,1,2026-07-30 01:05:01,2026-07-30 16:05:01,2024-02-24 09:50:00
10126551,5407694,16777473,2026-07-30 14:47:22,2026-07-27 02:05:01,2025-06-28 17:05:01
12438231,5407694,1,2026-07-30 01:05:01,2026-07-30 16:05:01,2025-01-17 03:05:01
10126551,6721537,16777473,2026-07-30 14:47:22,2026-07-10 10:05:01,2025-08-11 06:05:01
12438231,6721537,1,2026-07-30 01:05:01,2026-07-26 14:05:01,2025-08-12 01:05:01
10126551,6797825,16777473,2026-07-30 14:47:22,2026-07-24 08:05:01,2026-03-07 17:05:01
12438231,6797825,1,2026-07-30 01:05:01,2026-07-29 18:05:01,2026-01-07 01:05:01
9423019,5910332,1,2026-04-08 02:05:02,2026-07-30 16:05:01,2026-04-08 02:05:02
10126551,5910332,16777473,2026-07-30 14:47:22,2026-07-10 10:05:01,2025-06-24 14:05:02
12438231,5910332,1,2026-07-30 01:05:01,2026-07-26 05:05:01,2025-01-17 03:05:01
10126551,6797464,16777473,2026-07-30 14:47:22,2026-07-10 10:05:01,2026-01-31 08:05:01
12438231,6797464,1,2026-07-30 01:05:01,2026-07-30 08:05:01,2026-01-06 01:05:01
10126551,6751546,16777473,2026-07-30 14:47:22,2026-07-10 10:05:01,2025-11-08 12:05:02
12438231,6751546,1,2026-07-30 01:05:01,2026-07-26 05:05:01,2025-10-01 01:05:01
10126551,6776421,16777473,2026-07-30 14:47:22,2026-07-28 04:05:01,2026-02-03 21:05:01
12438231,6776421,1,2026-07-30 01:05:01,2026-07-30 16:05:01,2025-11-23 01:05:02
1140687,5644019,1,2026-07-30 00:05:01,2026-07-30 10:05:01,2024-08-17 23:15:27
10126551,5644019,16777473,2026-07-30 14:47:22,2026-07-21 15:05:01,2025-06-28 17:05:01
12438231,5644019,1,2026-07-30 01:05:01,2026-07-30 16:05:01,2025-01-17 03:05:01
10126551,6802529,16777473,2026-07-30 14:47:22,2026-07-10 10:05:01,2026-01-31 08:05:01
12438231,6802529,1,2026-07-30 01:05:01,2026-07-26 05:05:01,2026-01-28 01:05:01
10126551,6720704,16777473,2026-07-30 14:47:22,2026-07-10 10:05:01,2025-07-25 06:05:02
12438231,6720704,1,2026-07-30 01:05:01,2026-07-26 05:05:01,2025-07-18 01:05:01
10126551,6059935,16777473,2026-07-30 14:47:22,2026-07-10 10:05:01,2025-06-27 10:05:01
12438231,6059935,1,2026-07-30 01:05:01,2026-07-26 05:05:01,2025-01-17 03:05:01
184183,6115692,1,2026-07-25 00:05:01,2026-07-25 20:05:01,2024-02-10 14:00:00
10126551,6115692,16777473,2026-07-30 14:47:22,2026-07-30 08:05:01,2025-06-28 17:05:01
12438231,6115692,1,2026-07-30 01:05:01,2026-07-30 16:05:01,2025-01-17 03:05:01
184183,4735520,1,2026-07-25 00:05:01,2026-07-25 19:05:01,2024-08-08 14:17:13
10126551,4735520,16777473,2026-07-30 14:47:22,2026-07-30 16:05:01,2025-06-28 17:05:01
12438231,4735520,1,2026-07-30 01:05:01,2026-07-30 16:05:01,2025-01-17 03:05:01
184183,6009911,1,2026-07-25 00:05:01,2026-07-25 20:05:01,2024-02-10 14:00:00
10126551,6009911,16777473,2026-07-30 14:47:22,2026-07-30 03:05:02,2025-06-28 17:05:01
12438231,6009911,1,2026-07-30 01:05:01,2026-07-30 16:05:01,2025-01-17 03:05:01
10126551,5447677,16777473,2026-07-30 14:47:22,2026-07-10 10:05:01,2025-06-27 10:05:01
12438231,5447677,1,2026-07-30 01:05:01,2026-07-29 13:05:01,2025-01-17 03:05:01
670524,6682685,1,2026-03-11 10:26:57,2026-07-30 16:05:01,2025-05-05 06:05:01
9423019,6682685,1,2026-04-08 02:05:02,2026-07-30 16:05:01,2025-08-06 03:05:01
10126551,6682685,16777473,2026-07-30 14:47:22,2026-07-10 11:05:01,2025-06-29 16:05:01
12438231,6682685,1,2026-07-30 01:05:01,2026-07-30 16:05:01,2025-04-25 02:05:01
10126551,6750803,16777473,2026-07-30 14:47:22,2026-07-10 10:05:01,2025-11-18 15:05:02
12438231,6750803,1,2026-07-30 01:05:01,2026-07-30 16:05:01,2025-11-19 01:05:01
10126551,5344005,16777473,2026-07-30 14:47:22,2026-07-10 10:05:01,2025-06-28 17:05:01
12438231,5344005,1,2026-07-30 01:05:01,2026-07-30 12:05:01,2025-01-17 03:05:01
10126551,6529873,16777473,2026-07-30 14:47:22,2026-07-10 10:05:01,2025-06-27 10:05:01
12438231,6529873,1,2026-07-30 01:05:01,2026-07-30 06:05:01,2025-01-17 03:05:01
9423019,6224140,1,2026-04-08 02:05:02,2026-07-30 16:05:01,2024-07-20 05:35:18
10126551,6224140,16777473,2026-07-30 14:47:22,2026-07-10 10:05:01,2025-06-24 22:05:01
12438231,6224140,1,2026-07-30 01:05:01,2026-07-26 06:05:01,2025-01-17 03:05:01
10126551,6287464,16777473,2026-07-30 14:47:22,2026-07-10 10:05:01,2025-06-24 14:05:02
12438231,6287464,1,2026-07-30 01:05:01,2026-07-26 05:05:01,2025-01-17 03:05:01
10126551,6744487,16777473,2026-07-30 14:47:22,2026-07-10 10:05:01,2025-09-16 19:05:01
12438231,6744487,1,2026-07-30 01:05:01,2026-07-26 05:05:01,2025-09-29 01:05:01
10126551,6591707,16777473,2026-07-30 14:47:22,2026-07-10 10:05:01,2025-06-24 14:05:02
12438231,6591707,1,2026-07-30 01:05:01,2026-07-26 05:05:01,2025-01-17 03:05:01
10126551,6814224,16777473,2026-07-30 14:47:22,2026-07-27 05:05:01,2026-03-07 15:05:01
12438231,6814224,1,2026-07-30 01:05:01,2026-07-30 16:05:01,2026-02-09 01:05:01
2202991,6430651,0,,2026-07-30 16:05:01,
10126551,6430651,16777473,2026-07-30 14:47:22,2026-07-10 10:05:01,2025-06-24 14:05:02
12438231,6430651,1,2026-07-30 01:05:01,2026-07-26 05:05:01,2025-01-17 03:05:01
2202991,6333258,0,,2026-07-30 16:05:01,
10126551,6333258,16777473,2026-07-30 14:47:22,2026-07-10 10:05:01,2025-06-24 14:05:02
12438231,6333258,1,2026-07-30 01:05:01,2026-07-26 05:05:01,2025-01-17 03:05:01
10126551,6348951,16777473,2026-07-30 14:47:22,2026-07-10 11:05:01,2025-06-24 22:05:01
12438231,6348951,1,2026-07-30 01:05:01,2026-07-30 11:05:01,2025-01-17 03:05:01
9423019,5913977,1,2026-04-08 02:05:02,2026-07-30 16:05:01,2026-04-08 02:05:02
10126551,5913977,16777473,2026-07-30 14:47:22,2026-07-10 10:05:01,2025-06-24 14:05:02
12438231,5913977,1,2026-07-30 01:05:01,2026-07-26 05:05:01,2025-01-17 03:05:01
10126551,5107210,16777473,2026-07-30 14:47:22,2026-07-10 10:05:01,2025-06-27 10:05:01
12438231,5107210,1,2026-07-30 01:05:01,2026-07-26 05:05:01,2025-01-17 03:05:01
10126551,6053250,16777473,2026-07-30 14:47:22,2026-07-10 10:05:01,2025-06-24 14:05:02
12438231,6053250,1,2026-07-30 01:05:01,2026-07-26 05:05:01,2025-01-17 03:05:01
10126551,6708835,16777473,2026-07-30 14:47:22,2026-07-10 10:05:01,2026-01-31 08:05:01
12438231,6708835,1,2026-07-30 01:05:01,2026-07-26 05:05:01,2025-06-20 02:05:01
184183,4337501,1,2026-07-25 00:05:01,2026-07-25 20:05:01,2024-02-10 14:00:00
10126551,4337501,16777473,2026-07-30 14:47:22,2026-07-29 23:05:01,2025-06-28 17:05:01
12438231,4337501,1,2026-07-30 01:05:01,2026-07-30 16:05:01,2025-01-17 03:05:01
10126551,6833456,16777473,2026-07-30 14:47:22,2026-07-10 10:05:01,2026-03-24 14:05:01
12438231,6833456,1,2026-07-30 01:05:01,2026-07-30 16:05:01,2026-03-22 00:05:01
10126551,6634343,16777473,2026-07-30 14:47:22,2026-07-10 10:05:01,2025-06-24 14:05:02
12438231,6634343,1,2026-07-30 01:05:01,2026-07-26 05:05:01,2025-01-27 03:05:01
10126551,6573727,16777473,2026-07-30 14:47:22,2026-07-10 10:05:01,2025-06-27 10:05:01
12438231,6573727,1,2026-07-30 01:05:01,2026-07-30 16:05:01,2025-01-17 03:05:01
10126551,6191120,16777473,2026-07-30 14:47:22,2026-07-10 10:05:01,2025-06-24 14:05:02
12438231,6191120,1,2026-07-30 01:05:01,2026-07-26 05:05:01,2025-01-17 03:05:01
18831997,6191120,1,2026-07-07 16:51:43,2026-07-30 12:05:01,2026-03-15 01:05:01
10126551,6786501,16777473,2026-07-30 14:47:22,2026-07-10 10:05:01,2026-01-31 08:05:01
12438231,6786501,1,2026-07-30 01:05:01,2026-07-30 11:05:01,2025-12-14 00:05:01
10126551,4133152,16777473,2026-07-30 14:47:22,2026-07-10 10:05:01,2025-06-27 10:05:01
12438231,4133152,1,2026-07-30 01:05:01,2026-07-26 06:05:01,2025-01-17 03:05:01
10126551,6804785,16777473,2026-07-30 14:47:22,2026-07-10 10:05:01,2026-01-31 08:05:01
12438231,6804785,1,2026-07-30 01:05:01,2026-07-26 05:05:01,2026-01-20 01:05:01
10126551,6825529,16777473,2026-07-30 14:47:22,2026-07-10 10:05:01,2026-04-02 16:05:01
12438231,6825529,1,2026-07-30 01:05:01,2026-07-26 05:05:01,2026-03-05 01:05:01
10126551,5808743,16777473,2026-07-30 14:47:22,2026-07-10 10:05:01,2025-06-28 17:05:01
12438231,5808743,1,2026-07-30 01:05:01,2026-07-30 14:05:02,2025-01-17 03:05:01
23482699,5808743,65537,2024-05-08 19:53:00,2026-07-26 03:05:01,2024-02-08 20:39:00
10126551,6634051,16777473,2026-07-30 14:47:22,2026-07-10 10:05:01,2025-06-24 14:05:02
12438231,6634051,1,2026-07-30 01:05:01,2026-07-30 07:05:01,2025-03-10 02:05:01
10126551,6340294,16777473,2026-07-30 14:47:22,2026-07-10 10:05:01,2025-06-27 10:05:01
12438231,6340294,1,2026-07-30 01:05:01,2026-07-30 16:05:01,2025-01-17 03:05:01
10126551,6813383,16777473,2026-07-30 14:47:22,2026-07-27 03:05:01,2026-03-07 18:05:01
12438231,6813383,1,2026-07-30 01:05:01,2026-07-30 16:05:01,2026-02-08 01:05:01
10126551,6780136,16777473,2026-07-30 14:47:22,2026-07-10 10:05:01,2025-12-01 09:05:02
12438231,6780136,1,2026-07-30 01:05:01,2026-07-30 10:05:01,2025-12-01 01:05:01
769018,5893936,0,,2026-07-30 16:05:01,
10126551,5893936,16777473,2026-07-30 14:47:22,2026-07-10 10:05:01,2025-06-24 14:05:02
12438231,5893936,1,2026-07-30 01:05:01,2026-07-26 05:05:01,2025-01-17 03:05:01
10126551,5835417,16777473,2026-07-30 14:47:22,2026-07-10 10:05:01,2025-06-24 14:05:02
12438231,5835417,1,2026-07-30 01:05:01,2026-07-26 05:05:01,2025-01-17 03:05:01
10126551,6820951,16777473,2026-07-30 14:47:22,2026-07-10 10:05:01,2026-03-27 07:05:01
12438231,6820951,1,2026-07-30 01:05:01,2026-07-28 21:05:01,2026-02-23 01:05:01
10126551,6839747,16777473,2026-07-30 14:47:22,2026-07-10 10:05:01,2026-04-07 20:05:01
12438231,6839747,1,2026-07-30 01:05:01,2026-07-30 16:05:01,2026-04-03 01:05:01
10126551,6815400,16777473,2026-07-30 14:47:22,2026-07-10 10:05:01,2026-03-07 19:05:01
12438231,6815400,1,2026-07-30 01:05:01,2026-07-26 05:05:01,2026-02-12 01:05:01
10126551,6579549,16777473,2026-07-30 14:47:22,2026-07-10 10:05:01,2025-06-24 14:05:02
12438231,6579549,1,2026-07-30 01:05:01,2026-07-26 05:05:01,2025-01-17 03:05:01
10126551,6793642,16777473,2026-07-30 14:47:22,2026-07-10 10:05:01,2026-01-31 08:05:01
12438231,6793642,1,2026-07-30 01:05:01,2026-07-27 06:05:01,2025-12-28 01:05:01
10126551,4523803,16777473,2026-07-30 14:47:22,2026-07-27 02:05:01,2025-06-27 10:05:01
12438231,4523803,1,2026-07-30 01:05:01,2026-07-30 16:05:01,2025-01-17 03:05:01
2202991,5899316,65537,2024-04-09 10:42:00,2026-07-30 16:05:01,2024-04-09 10:42:00
10126551,5899316,16777473,2026-07-30 14:47:22,2026-07-10 10:05:01,2025-06-24 14:05:02
12438231,5899316,1,2026-07-30 01:05:01,2026-07-26 05:05:01,2025-01-17 03:05:01
14783812,5899316,1,2026-05-07 15:23:24,2026-07-30 16:05:01,2025-02-23 08:05:01
369429,5531133,1,2026-07-30 01:05:01,2026-07-30 16:05:01,2024-02-24 09:50:00
10126551,5531133,16777473,2026-07-30 14:47:22,2026-07-30 00:05:01,2025-06-28 17:05:01
12438231,5531133,1,2026-07-30 01:05:01,2026-07-30 16:05:01,2025-01-17 03:05:01
10126551,6814457,16777473,2026-07-30 14:47:22,2026-07-10 10:05:01,2026-03-07 19:05:01
12438231,6814457,1,2026-07-30 01:05:01,2026-07-26 05:05:01,2026-02-10 01:05:01
10126551,6796917,16777473,2026-07-30 14:47:22,2026-07-10 10:05:01,2026-01-31 08:05:01
12438231,6796917,1,2026-07-30 01:05:01,2026-07-29 09:05:01,2026-01-04 01:05:01
184183,5361235,1,2026-07-25 00:05:01,2026-07-25 19:05:01,2024-11-02 05:25:56
9423019,5361235,1,2026-04-08 02:05:02,2026-07-30 16:05:01,2024-02-05 04:04:00
10126551,5361235,16777473,2026-07-30 14:47:22,2026-07-28 00:05:01,2025-06-28 17:05:01
12438231,5361235,1,2026-07-30 01:05:01,2026-07-30 16:05:01,2025-01-17 03:05:01
369429,5521008,1,2026-07-30 01:05:01,2026-07-30 16:05:01,2024-04-16 15:29:00
10126551,5521008,16777473,2026-07-30 14:47:22,2026-07-10 10:05:01,2025-06-28 17:05:01
12438231,5521008,1,2026-07-30 01:05:01,2026-07-30 16:05:01,2025-01-17 03:05:01
10126551,6565020,16777473,2026-07-30 14:47:22,2026-07-10 11:05:01,2025-06-27 10:05:01
12438231,6565020,1,2026-07-30 01:05:01,2026-07-30 14:05:02,2025-01-17 03:05:01
10126551,4794561,16777473,2026-07-30 14:47:22,2026-07-10 10:05:01,2025-06-27 10:05:01
12438231,4794561,1,2026-07-30 01:05:01,2026-07-30 08:05:01,2025-01-17 03:05:01
10126551,6724240,16777473,2026-07-30 14:47:22,2026-07-10 10:05:01,2025-07-27 17:05:02
12438231,6724240,1,2026-07-30 01:05:01,2026-07-30 11:05:01,2025-07-27 01:05:01
10126551,6851163,16777473,2026-07-30 14:47:22,2026-07-30 04:05:01,2026-05-01 17:05:02
12438231,6851163,1,2026-07-30 01:05:01,2026-07-30 16:05:01,2026-04-28 01:05:02
10126551,6545887,16777473,2026-07-30 14:47:22,2026-07-10 10:05:01,2025-06-24 14:05:02
12438231,6545887,1,2026-07-30 01:05:01,2026-07-26 05:05:01,2025-01-17 03:05:01
14783812,6545887,1,2026-05-07 15:23:24,2026-07-30 16:05:01,2026-04-09 17:05:01
10126551,6797460,16777473,2026-07-30 14:47:22,2026-07-10 10:05:01,2026-01-31 08:05:01
12438231,6797460,1,2026-07-30 01:05:01,2026-07-26 05:05:01,2026-01-06 01:05:01
670524,6569065,0,,2026-07-30 16:05:01,
10126551,6569065,16777473,2026-07-30 14:47:22,2026-07-27 02:05:01,2025-06-29 16:05:01
12438231,6569065,1,2026-07-30 01:05:01,2026-07-30 16:05:01,2025-01-17 03:05:01
10126551,6745959,16777473,2026-07-30 14:47:22,2026-07-10 10:05:01,2025-09-29 07:05:01
12438231,6745959,1,2026-07-30 01:05:01,2026-07-26 05:05:01,2025-09-30 01:05:01
10126551,6798729,16777473,2026-07-30 14:47:22,2026-07-10 10:05:01,2026-01-31 08:05:01
12438231,6798729,1,2026-07-30 01:05:01,2026-07-26 05:05:01,2026-01-10 01:05:01
369429,5044067,1,2026-07-30 01:05:01,2026-07-27 05:05:01,2024-02-24 09:50:00
10126551,5044067,16777473,2026-07-30 14:47:22,2026-07-10 10:05:01,2025-06-27 10:05:01
12438231,5044067,1,2026-07-30 01:05:01,2026-07-30 11:05:01,2025-01-17 03:05:01
10126551,4641800,16777473,2026-07-30 14:47:22,2026-07-10 10:05:01,2025-06-24 22:05:01
12438231,4641800,1,2026-07-30 01:05:01,2026-07-26 05:05:01,2025-01-17 03:05:01
10126551,6852722,16777473,2026-07-30 14:47:22,2026-07-30 04:05:01,2026-05-10 23:05:01
12438231,6852722,1,2026-07-30 01:05:01,2026-07-30 16:05:01,2026-05-02 01:05:02
10126551,6850696,16777473,2026-07-30 14:47:22,2026-07-30 12:05:01,2026-05-09 14:05:02
10126551,5887123,16777473,2026-07-30 14:47:22,2026-07-10 10:05:01,2025-06-24 14:05:02
12438231,5887123,1,2026-07-30 01:05:01,2026-07-26 05:05:01,2025-01-17 03:05:01
10126551,6797312,16777473,2026-07-30 14:47:22,2026-07-10 10:05:01,2026-01-31 08:05:01
12438231,6797312,1,2026-07-30 01:05:01,2026-07-30 16:05:01,2026-01-05 01:05:01
369429,4789640,1,2026-07-30 01:05:01,2026-07-30 09:05:01,2024-02-24 09:50:00
2202991,4789640,0,,2026-07-30 16:05:01,
10126551,4789640,16777473,2026-07-30 14:47:22,2026-07-10 10:05:01,2025-06-28 17:05:01
12438231,4789640,1,2026-07-30 01:05:01,2026-07-30 16:05:01,2025-01-17 03:05:01
10126551,6798236,16777473,2026-07-30 14:47:22,2026-07-10 11:05:01,2026-03-07 16:05:01
12438231,6798236,1,2026-07-30 01:05:01,2026-07-30 16:05:01,2026-01-07 01:05:01
10126551,6200420,16777473,2026-07-30 14:47:22,2026-07-10 10:05:01,2025-06-27 10:05:01
12438231,6200420,1,2026-07-30 01:05:01,2026-07-30 16:05:01,2025-01-17 03:05:01
10126551,6650012,16777473,2026-07-30 14:47:22,2026-07-10 11:05:01,2025-07-01 09:05:01
12438231,6650012,1,2026-07-30 01:05:01,2026-07-30 16:05:01,2025-02-21 02:05:01
10126551,6727382,16777473,2026-07-30 14:47:22,2026-07-10 10:05:01,2025-08-05 20:05:01
12438231,6727382,1,2026-07-30 01:05:01,2026-07-26 05:05:01,2025-08-03 01:05:01
10126551,6552951,16777473,2026-07-30 14:47:22,2026-07-10 10:05:01,2025-06-24 14:05:02
12438231,6552951,1,2026-07-30 01:05:01,2026-07-29 21:05:01,2025-01-17 03:05:01
10126551,6746103,16777473,2026-07-30 14:47:22,2026-07-10 10:05:01,2025-10-05 18:05:01
12438231,6746103,1,2026-07-30 01:05:01,2026-07-28 08:05:01,2025-09-30 01:05:01
10126551,5901305,16777473,2026-07-30 14:47:22,2026-07-10 10:05:01,2025-06-28 17:05:01
12438231,5901305,1,2026-07-30 01:05:01,2026-07-29 07:05:01,2025-01-17 03:05:01
10126551,6549098,16777473,2026-07-30 14:47:22,2026-07-10 10:05:01,2025-06-24 14:05:02
12438231,6549098,1,2026-07-30 01:05:01,2026-07-26 05:05:01,2025-01-17 03:05:01
670524,6773556,0,,2026-07-30 16:05:01,
10126551,6773556,16777473,2026-07-30 14:47:22,2026-07-10 10:05:01,2026-01-31 08:05:01
12438231,6773556,1,2026-07-30 01:05:01,2026-07-30 16:05:01,2025-11-17 01:05:01
10126551,5467347,16777473,2026-07-30 14:47:22,2026-07-10 11:05:01,2025-06-28 17:05:01
12438231,5467347,1,2026-07-30 01:05:01,2026-07-30 16:05:01,2025-01-17 03:05:01
10126551,3368804,16777473,2026-07-30 14:47:22,2026-07-10 10:05:01,2025-06-27 10:05:01
12438231,3368804,1,2026-07-30 01:05:01,2026-07-27 17:05:01,2025-01-17 03:05:01
10126551,6229416,16777473,2026-07-30 14:47:22,2026-07-10 10:05:01,2025-06-24 14:05:02
12438231,6229416,1,2026-07-30 01:05:01,2026-07-26 05:05:01,2025-01-17 03:05:01
10126551,6629728,16777473,2026-07-30 14:47:22,2026-07-10 10:05:01,2025-06-24 14:05:02
12438231,6629728,1,2026-07-30 01:05:01,2026-07-30 16:05:01,2025-02-22 02:05:01
10126551,5668984,16777473,2026-07-30 14:47:22,2026-07-10 10:05:01,2025-06-28 17:05:01
12438231,5668984,1,2026-07-30 01:05:01,2026-07-30 10:05:01,2025-01-17 03:05:01
10126551,6784103,16777473,2026-07-30 14:47:22,2026-07-28 02:05:01,2026-01-31 08:05:01
12438231,6784103,1,2026-07-30 01:05:01,2026-07-30 16:05:01,2025-12-08 01:05:01
10126551,6753340,16777473,2026-07-30 14:47:22,2026-07-10 10:05:01,2025-10-05 18:05:01
12438231,6753340,1,2026-07-30 01:05:01,2026-07-26 05:05:01,2025-10-06 01:05:01
10126551,6769350,16777473,2026-07-30 14:47:22,2026-07-23 10:05:01,2025-12-01 21:05:01
12438231,6769350,1,2026-07-30 01:05:01,2026-07-30 16:05:01,2025-11-08 01:05:01
184183,3338992,1,2026-07-25 00:05:01,2026-07-25 19:05:01,2024-02-10 14:00:00
369429,3338992,1,2026-07-30 01:05:01,2026-07-30 16:05:01,2024-02-24 09:50:00
10126551,3338992,16777473,2026-07-30 14:47:22,2026-07-30 04:05:01,2025-06-29 16:05:01
12438231,3338992,1,2026-07-30 01:05:01,2026-07-30 16:05:01,2025-01-17 03:05:01
369429,4605813,1,2026-07-30 01:05:01,2026-07-30 08:05:01,2024-02-24 09:50:00
10126551,4605813,16777473,2026-07-30 14:47:22,2026-07-10 10:05:01,2025-06-28 17:05:01
12438231,4605813,1,2026-07-30 01:05:01,2026-07-30 16:05:01,2025-01-17 03:05:01
369429,4527664,1,2026-07-30 01:05:01,2026-07-29 02:05:01,2024-02-24 09:50:00
9423019,4527664,1,2026-04-08 02:05:02,2026-07-30 16:05:01,2024-02-05 04:04:00
10126551,4527664,16777473,2026-07-30 14:47:22,2026-07-10 10:05:01,2025-06-28 17:05:01
12438231,4527664,1,2026-07-30 01:05:01,2026-07-30 16:05:01,2025-01-17 03:05:01
1140687,6635962,1,2026-07-30 00:05:01,2026-07-30 10:05:01,2025-06-20 00:05:01
10126551,6635962,16777473,2026-07-30 14:47:22,2026-07-30 07:05:01,2025-06-29 16:05:01
12438231,6635962,1,2026-07-30 01:05:01,2026-07-30 16:05:01,2025-01-31 03:05:02
10126551,6788524,16777473,2026-07-30 14:47:22,2026-07-10 10:05:01,2026-01-31 08:05:01
12438231,6788524,1,2026-07-30 01:05:01,2026-07-30 11:05:01,2025-12-18 01:05:01
2172910,5220708,0,,2026-07-30 16:05:01,
10126551,5220708,16777473,2026-07-30 14:47:22,2026-07-10 10:05:01,2025-06-24 14:05:02
12438231,5220708,1,2026-07-30 01:05:01,2026-07-26 05:05:01,2025-01-17 03:05:01
10126551,6023447,16777473,2026-07-30 14:47:22,2026-07-10 10:05:01,2025-06-27 10:05:01
12438231,6023447,1,2026-07-30 01:05:01,2026-07-30 08:05:01,2025-01-17 03:05:01
1140687,6573846,1,2026-07-30 00:05:01,2026-07-30 10:05:01,2024-09-23 01:05:01
10126551,6573846,16777473,2026-07-30 14:47:22,2026-07-10 10:05:01,2025-06-28 17:05:01
12438231,6573846,1,2026-07-30 01:05:01,2026-07-30 16:05:01,2025-01-17 03:05:01
184183,4928199,1,2026-07-25 00:05:01,2026-07-25 19:05:01,2024-02-10 14:00:00
10126551,4928199,16777473,2026-07-30 14:47:22,2026-07-10 10:05:01,2025-06-28 17:05:01
12438231,4928199,1,2026-07-30 01:05:01,2026-07-30 15:05:01,2025-01-17 03:05:01
369429,5882882,1,2026-07-30 01:05:01,2026-07-30 16:05:01,2024-02-24 09:50:00
10126551,5882882,16777473,2026-07-30 14:47:22,2026-07-10 10:05:01,2025-06-28 17:05:01
12438231,5882882,1,2026-07-30 01:05:01,2026-07-30 16:05:01,2025-01-17 03:05:01
10126551,6629135,16777473,2026-07-30 14:47:22,2026-07-10 10:05:01,2025-06-27 10:05:01
12438231,6629135,1,2026-07-30 01:05:01,2026-07-30 08:05:01,2025-01-31 03:05:02
184183,4023940,1,2026-07-25 00:05:01,2026-07-25 19:05:01,2024-07-22 02:34:25
10126551,4023940,16777473,2026-07-30 14:47:22,2026-07-10 10:05:01,2025-06-28 17:05:01
12438231,4023940,1,2026-07-30 01:05:01,2026-07-30 16:05:01,2025-01-17 03:05:01
369429,4245710,1,2026-07-30 01:05:01,2026-07-30 16:05:01,2024-02-24 09:50:00
670524,4245710,0,,2026-07-30 16:05:01,
10126551,4245710,16777473,2026-07-30 14:47:22,2026-07-27 02:05:01,2025-06-29 16:05:01
12438231,4245710,1,2026-07-30 01:05:01,2026-07-30 16:05:01,2025-01-17 03:05:01
10126551,6813777,16777473,2026-07-30 14:47:22,2026-07-26 23:05:01,2026-03-07 19:05:01
12438231,6813777,1,2026-07-30 01:05:01,2026-07-30 16:05:01,2026-02-09 01:05:01
10126551,6796408,16777473,2026-07-30 14:47:22,2026-07-10 10:05:01,2026-01-31 08:05:01
12438231,6796408,1,2026-07-30 01:05:01,2026-07-30 14:05:02,2026-01-04 01:05:01
184183,4323185,1,2026-07-25 00:05:01,2026-07-25 19:05:01,2024-02-10 14:00:00
369429,4323185,1,2026-07-30 01:05:01,2026-07-30 16:05:01,2024-04-30 21:30:00
10126551,4323185,16777473,2026-07-30 14:47:22,2026-07-28 04:05:01,2025-06-24 22:05:01
12438231,4323185,1,2026-07-30 01:05:01,2026-07-30 16:05:01,2025-01-17 03:05:01
10126551,4617546,16777473,2026-07-30 14:47:22,2026-07-10 10:05:01,2025-06-24 14:05:02
12438231,4617546,1,2026-07-30 01:05:01,2026-07-26 05:05:01,2025-01-17 03:05:01
369429,5722803,1,2026-07-30 01:05:01,2026-07-30 16:05:01,2024-02-24 09:50:00
9423019,5722803,1,2026-04-08 02:05:02,2026-07-30 16:05:01,2024-02-05 04:04:00
10126551,5722803,16777473,2026-07-30 14:47:22,2026-07-28 00:05:01,2025-06-28 17:05:01
12438231,5722803,1,2026-07-30 01:05:01,2026-07-30 16:05:01,2025-01-17 03:05:01
10126551,6759757,16777473,2026-07-30 14:47:22,2026-07-27 02:05:01,2025-11-16 20:05:01
12438231,6759757,1,2026-07-30 01:05:01,2026-07-30 16:05:01,2025-10-19 01:05:01
10126551,5609743,16777473,2026-07-30 14:47:22,2026-07-10 10:05:01,2025-06-29 16:05:01
12438231,5609743,1,2026-07-30 01:05:01,2026-07-30 16:05:01,2025-01-17 03:05:01
23482699,5609743,65537,2024-05-08 19:53:00,2026-07-26 03:05:01,2024-02-08 20:39:00
10126551,6495073,16777473,2026-07-30 14:47:22,2026-07-10 10:05:01,2025-06-24 14:05:02
12438231,6495073,1,2026-07-30 01:05:01,2026-07-26 05:05:01,2025-01-17 03:05:01
10126551,6791682,16777473,2026-07-30 14:47:22,2026-07-10 10:05:01,2026-01-31 08:05:01
12438231,6791682,1,2026-07-30 01:05:01,2026-07-30 16:05:01,2025-12-24 01:05:01
184183,4397901,1,2026-07-25 00:05:01,2026-07-25 19:05:01,2024-02-10 14:00:00
369429,4397901,1,2026-07-30 01:05:01,2026-07-30 16:05:01,2024-02-24 09:50:00
10126551,4397901,16777473,2026-07-30 14:47:22,2026-07-30 05:05:01,2025-06-29 16:05:01
12438231,4397901,1,2026-07-30 01:05:01,2026-07-30 16:05:01,2025-01-17 03:05:01
369429,6340669,1,2026-07-30 01:05:01,2026-07-30 15:05:01,2024-07-27 02:03:43
10126551,6340669,16777473,2026-07-30 14:47:22,2026-07-18 00:05:01,2025-06-28 17:05:01
12438231,6340669,1,2026-07-30 01:05:01,2026-07-30 16:05:01,2025-01-17 03:05:01
23482699,6340669,65537,2024-05-08 19:53:00,2026-07-26 03:05:01,2024-02-08 20:39:00
10126551,6688373,16777473,2026-07-30 14:47:22,2026-07-10 10:05:01,2025-06-24 14:05:02
12438231,6688373,1,2026-07-30 01:05:01,2026-07-26 05:05:01,2025-05-06 02:05:01
10126551,6751437,16777473,2026-07-30 14:47:22,2026-07-10 10:05:01,2026-03-07 07:05:01
12438231,6751437,1,2026-07-30 01:05:01,2026-07-26 05:05:01,2025-10-01 01:05:01
10126551,6666609,16777473,2026-07-30 14:47:22,2026-07-10 10:05:01,2025-06-24 14:05:02
12438231,6666609,1,2026-07-30 01:05:01,2026-07-26 05:05:01,2025-03-24 02:05:01
10126551,6805224,16777473,2026-07-30 14:47:22,2026-07-10 10:05:01,2026-03-08 21:05:02
12438231,6805224,1,2026-07-30 01:05:01,2026-07-27 06:05:01,2026-01-20 07:05:01
2202991,5158954,0,,2026-07-30 16:05:01,
10126551,5158954,16777473,2026-07-30 14:47:22,2026-07-10 10:05:01,2025-06-28 17:05:01
12438231,5158954,1,2026-07-30 01:05:01,2026-07-30 16:05:01,2025-01-17 03:05:01
10126551,6828165,16777473,2026-07-30 14:47:22,2026-07-27 08:26:38,2026-03-14 18:05:01
12438231,6828165,1,2026-07-30 01:05:01,2026-07-30 16:05:01,2026-03-12 01:05:01
10126551,6393696,16777473,2026-07-30 14:47:22,2026-07-10 10:05:01,2025-06-24 14:05:02
12438231,6393696,1,2026-07-30 01:05:01,2026-07-26 05:05:01,2025-01-17 03:05:01
184183,5897473,1,2026-07-25 00:05:01,2026-07-25 20:05:01,2024-08-27 02:32:36
10126551,5897473,16777473,2026-07-30 14:47:22,2026-07-30 16:05:01,2025-06-29 16:05:01
12438231,5897473,1,2026-07-30 01:05:01,2026-07-30 16:05:01,2025-01-17 03:05:01
10126551,6830040,16777473,2026-07-30 14:47:22,2026-07-10 10:05:01,2026-03-20 06:05:01
12438231,6830040,1,2026-07-30 01:05:01,2026-07-30 11:05:01,2026-03-15 01:05:01
10126551,6749601,16777473,2026-07-30 14:47:22,2026-07-30 05:05:01,2025-10-25 18:05:01
12438231,6749601,1,2026-07-30 01:05:01,2026-07-30 16:05:01,2025-09-30 01:05:01
10126551,6830350,16777473,2026-07-30 14:47:22,2026-07-10 10:05:01,2026-03-20 06:05:01
12438231,6830350,1,2026-07-30 01:05:01,2026-07-26 05:05:01,2026-03-15 18:12:41
670524,4453242,1,2026-03-11 10:26:57,2026-07-30 16:05:01,2025-04-03 02:05:01
10126551,4453242,16777473,2026-07-30 14:47:22,2026-07-23 10:05:01,2025-06-28 17:05:01
12438231,4453242,1,2026-07-30 01:05:01,2026-07-30 16:05:01,2025-01-17 03:05:01
10126551,6404286,16777473,2026-07-30 14:47:22,2026-07-10 10:05:01,2025-06-24 14:05:02
12438231,6404286,1,2026-07-30 01:05:01,2026-07-26 05:05:01,2025-01-17 03:05:01
769018,5893963,0,,2026-07-30 16:05:01,
10126551,5893963,16777473,2026-07-30 14:47:22,2026-07-10 10:05:01,2025-06-24 22:05:01
12438231,5893963,1,2026-07-30 01:05:01,2026-07-30 16:05:01,2025-01-17 03:05:01
10126551,6708092,16777473,2026-07-30 14:47:22,2026-07-10 10:05:01,2025-07-25 06:05:02
12438231,6708092,1,2026-07-30 01:05:01,2026-07-26 05:05:01,2025-06-18 01:05:01
10126551,6833459,16777473,2026-07-30 14:47:22,2026-07-30 06:05:01,2026-03-31 11:05:01
12438231,6833459,1,2026-07-30 01:05:01,2026-07-30 16:05:01,2026-03-22 00:05:01
184183,5745584,1,2026-07-25 00:05:01,2026-07-25 19:05:01,2024-02-10 14:00:00
369429,5745584,1,2026-07-30 01:05:01,2026-07-30 12:05:01,2024-03-08 03:46:00
10126551,5745584,16777473,2026-07-30 14:47:22,2026-07-26 00:05:02,2025-06-29 16:05:01
12438231,5745584,1,2026-07-30 01:05:01,2026-07-30 16:05:01,2025-01-17 03:05:01
184183,5913059,1,2026-07-25 00:05:01,2026-07-25 20:05:01,2024-02-10 14:00:00
369429,5913059,1,2026-07-30 01:05:01,2026-07-30 16:05:01,2024-02-24 09:50:00
10126551,5913059,16777473,2026-07-30 14:47:22,2026-07-28 02:05:01,2025-06-29 16:05:01
12438231,5913059,1,2026-07-30 01:05:01,2026-07-30 16:05:01,2025-01-17 03:05:01
10126551,6791312,16777473,2026-07-30 14:47:22,2026-07-27 02:05:01,2026-02-07 17:05:01
12438231,6791312,1,2026-07-30 01:05:01,2026-07-30 16:05:01,2025-12-24 01:05:01
10126551,5441821,16777473,2026-07-30 14:47:22,2026-07-10 10:05:01,2025-06-27 10:05:01
12438231,5441821,1,2026-07-30 01:05:01,2026-07-30 05:05:01,2025-01-17 03:05:01
10126551,6510482,16777473,2026-07-30 14:47:22,2026-07-30 01:05:01,2025-12-22 21:05:01
12438231,6510482,1,2026-07-30 01:05:01,2026-07-30 16:05:01,2025-02-14 02:05:01
10126551,5943421,16777473,2026-07-30 14:47:22,2026-07-10 10:05:01,2025-06-27 10:05:01
12438231,5943421,1,2026-07-30 01:05:01,2026-07-26 07:05:01,2025-01-17 03:05:01
10126551,6627822,16777473,2026-07-30 14:47:22,2026-07-10 10:05:01,2025-06-24 14:05:02
12438231,6627822,1,2026-07-30 01:05:01,2026-07-30 11:05:01,2025-01-17 03:05:01
369429,4515064,1,2026-07-30 01:05:01,2026-07-29 04:05:01,2024-02-24 09:50:00
10126551,4515064,16777473,2026-07-30 14:47:22,2026-07-10 10:05:01,2025-06-28 17:05:01
12438231,4515064,1,2026-07-30 01:05:01,2026-07-30 16:05:01,2025-01-17 03:05:01
9423019,6433082,1,2026-04-08 02:05:02,2026-07-30 16:05:01,2024-02-05 04:04:00
10126551,6433082,16777473,2026-07-30 14:47:22,2026-07-10 10:05:01,2025-06-27 10:05:01
12438231,6433082,1,2026-07-30 01:05:01,2026-07-30 00:05:01,2025-01-17 03:05:01
369429,4355417,1,2026-07-30 01:05:01,2026-07-30 16:05:01,2024-03-08 03:46:00
10126551,4355417,16777473,2026-07-30 14:47:22,2026-07-30 05:05:01,2025-06-28 17:05:01
12438231,4355417,1,2026-07-30 01:05:01,2026-07-30 16:05:01,2025-01-17 03:05:01
10126551,5379419,16777473,2026-07-30 14:47:22,2026-07-20 10:05:02,2025-06-29 16:05:01
12438231,5379419,1,2026-07-30 01:05:01,2026-07-30 16:05:01,2025-01-17 03:05:01
23482699,5379419,65537,2024-05-08 19:53:00,2026-07-26 03:05:01,2024-02-08 20:39:00
10126551,6815821,16777473,2026-07-30 14:47:22,2026-07-10 10:05:01,2026-02-13 16:05:02
12438231,6815821,1,2026-07-30 01:05:01,2026-07-29 11:05:01,2026-02-13 00:05:02
10126551,6644432,16777473,2026-07-30 14:47:22,2026-07-10 10:05:01,2025-06-24 14:05:02
12438231,6644432,1,2026-07-30 01:05:01,2026-07-30 08:05:01,2025-02-16 02:05:01
10126551,6842118,16777473,2026-07-30 14:47:22,2026-07-10 10:05:01,2026-04-11 20:23:57
12438231,6842118,1,2026-07-30 01:05:01,2026-07-29 10:05:02,2026-04-08 01:05:02
3128871,5779829,1,2026-05-13 15:21:37,2026-07-30 16:05:01,2024-02-14 11:54:00
10126551,5779829,16777473,2026-07-30 14:47:22,2026-07-10 10:05:01,2025-06-24 14:05:02
12438231,5779829,1,2026-07-30 01:05:01,2026-07-26 05:05:01,2025-01-17 03:05:01
1140687,6729940,1,2026-07-30 00:05:01,2026-07-30 10:05:01,2025-08-29 00:05:01
10126551,6729940,16777473,2026-07-30 14:47:22,2026-07-30 08:05:01,2025-08-31 17:05:01
12438231,6729940,1,2026-07-30 01:05:01,2026-07-30 16:05:01,2025-08-10 01:05:01
1140687,6638815,1,2026-07-30 00:05:01,2026-07-30 10:05:01,2025-02-04 01:05:01
10126551,6638815,16777473,2026-07-30 14:47:22,2026-07-30 07:05:01,2025-06-29 16:05:01
12438231,6638815,1,2026-07-30 01:05:01,2026-07-30 16:05:01,2025-02-07 03:05:01
369429,5453839,1,2026-07-30 01:05:01,2026-07-10 11:05:01,2024-02-24 09:50:00
10126551,5453839,16777473,2026-07-30 14:47:22,2026-07-10 10:05:01,2025-06-27 10:05:01
12438231,5453839,1,2026-07-30 01:05:01,2026-07-29 05:05:02,2025-01-17 03:05:01
10126551,6820780,16777473,2026-07-30 14:47:22,2026-07-28 09:05:01,2026-03-07 15:05:01
12438231,6820780,1,2026-07-30 01:05:01,2026-07-30 16:05:01,2026-02-23 01:05:01
2172910,6322674,0,,2026-07-30 16:05:01,
10126551,6322674,16777473,2026-07-30 14:47:22,2026-07-10 10:05:01,2025-06-24 14:05:02
12438231,6322674,1,2026-07-30 01:05:01,2026-07-26 05:05:01,2025-01-17 03:05:01
2172910,6141305,0,,2026-07-30 16:05:01,
10126551,6141305,16777473,2026-07-30 14:47:22,2026-07-10 10:05:01,2025-06-24 14:05:02
12438231,6141305,1,2026-07-30 01:05:01,2026-07-26 05:05:01,2025-01-17 03:05:01
10126551,6736669,16777473,2026-07-30 14:47:22,2026-07-20 15:05:01,2025-08-30 11:05:01
12438231,6736669,1,2026-07-30 01:05:01,2026-07-30 16:05:01,2025-08-26 01:05:01
10126551,6837178,16777473,2026-07-30 14:47:22,2026-07-10 10:05:01,2026-03-30 14:05:01
12438231,6837178,1,2026-07-30 01:05:01,2026-07-26 05:05:01,2026-03-29 00:05:01
10126551,6558083,16777473,2026-07-30 14:47:22,2026-07-10 10:05:01,2025-06-24 14:05:02
12438231,6558083,1,2026-07-30 01:05:01,2026-07-26 05:05:01,2025-01-17 03:05:01
1140687,6585704,1,2026-07-30 00:05:01,2026-07-30 10:05:01,2024-10-26 01:05:01
10126551,6585704,16777473,2026-07-30 14:47:22,2026-07-10 10:05:01,2025-06-24 14:05:02
12438231,6585704,1,2026-07-30 01:05:01,2026-07-30 16:05:01,2025-01-17 03:05:01
10126551,6565018,16777473,2026-07-30 14:47:22,2026-07-10 10:05:01,2025-06-24 22:05:01
12438231,6565018,1,2026-07-30 01:05:01,2026-07-26 05:05:01,2025-01-17 03:05:01
10126551,5932833,16777473,2026-07-30 14:47:22,2026-07-10 10:05:01,2025-06-24 14:05:02
12438231,5932833,1,2026-07-30 01:05:01,2026-07-26 06:05:01,2025-01-17 03:05:01
10126551,6550310,16777473,2026-07-30 14:47:22,2026-07-10 10:05:01,2025-06-28 17:05:01
12438231,6550310,1,2026-07-30 01:05:01,2026-07-30 16:05:01,2025-01-17 03:05:01
369429,3822896,1,2026-07-30 01:05:01,2026-07-30 16:05:01,2024-02-24 09:50:00
10126551,3822896,16777473,2026-07-30 14:47:22,2026-07-28 02:05:01,2025-06-29 16:05:01
12438231,3822896,1,2026-07-30 01:05:01,2026-07-30 16:05:01,2025-01-17 03:05:01
10126551,6807110,16777473,2026-07-30 14:47:22,2026-07-10 10:05:01,2026-03-01 15:05:01
12438231,6807110,1,2026-07-30 01:05:01,2026-07-30 00:05:01,2026-01-25 13:05:01
369429,5698595,1,2026-07-30 01:05:01,2026-07-30 16:05:01,2024-02-24 09:50:00
10126551,5698595,16777473,2026-07-30 14:47:22,2026-07-26 03:05:01,2025-06-28 17:05:01
12438231,5698595,1,2026-07-30 01:05:01,2026-07-30 16:05:01,2025-01-17 03:05:01
10126551,6616934,16777473,2026-07-30 14:47:22,2026-07-10 10:05:01,2025-06-24 14:05:02
12438231,6616934,1,2026-07-30 01:05:01,2026-07-26 05:05:01,2025-01-17 03:05:01
10126551,6851460,16777473,2026-07-30 14:47:22,2026-07-30 04:05:01,2026-05-01 17:05:02
12438231,6851460,1,2026-07-30 01:05:01,2026-07-30 16:05:01,2026-04-28 01:05:02
10126551,4897282,16777473,2026-07-30 14:47:22,2026-07-10 10:05:01,2025-06-24 14:05:02
12438231,4897282,1,2026-07-30 01:05:01,2026-07-26 05:05:01,2025-01-17 03:05:01
18831997,4897282,1,2026-07-07 16:51:43,2026-07-30 12:05:01,2026-03-15 01:05:01
10126551,6669123,16777473,2026-07-30 14:47:22,2026-07-10 10:05:01,2025-06-24 14:05:02
12438231,6669123,1,2026-07-30 01:05:01,2026-07-26 05:05:01,2025-04-13 02:05:01
369429,2080919,1,2026-07-30 01:05:01,2026-07-30 16:05:01,2024-02-24 09:50:00
10126551,2080919,16777473,2026-07-30 14:47:22,2026-07-27 02:05:01,2025-06-28 17:05:01
12438231,2080919,1,2026-07-30 01:05:01,2026-07-30 16:05:01,2025-01-17 03:05:01
184183,5598139,1,2026-07-25 00:05:01,2026-07-25 19:05:01,2024-02-10 14:00:00
10126551,5598139,16777473,2026-07-30 14:47:22,2026-07-30 05:05:01,2025-06-28 17:05:01
12438231,5598139,1,2026-07-30 01:05:01,2026-07-30 16:05:01,2025-01-17 03:05:01
10126551,6721836,16777473,2026-07-30 14:47:22,2026-07-10 10:05:01,2025-07-26 08:05:01
12438231,6721836,1,2026-07-30 01:05:01,2026-07-26 05:05:01,2025-07-21 01:05:01
10126551,6342692,16777473,2026-07-30 14:47:22,2026-07-10 10:05:01,2025-06-24 14:05:02
12438231,6342692,1,2026-07-30 01:05:01,2026-07-26 05:05:01,2025-01-17 03:05:01
10126551,6639295,16777473,2026-07-30 14:47:22,2026-07-10 10:05:01,2025-06-24 14:05:02
12438231,6639295,1,2026-07-30 01:05:01,2026-07-26 05:05:01,2025-02-07 03:05:01
10126551,4794717,16777473,2026-07-30 14:47:22,2026-07-10 10:05:01,2025-06-24 14:05:02
12438231,4794717,1,2026-07-30 01:05:01,2026-07-26 05:05:01,2025-01-17 03:05:01
369429,4466089,1,2026-07-30 01:05:01,2026-07-30 16:05:01,2024-02-24 09:50:00
10126551,4466089,16777473,2026-07-30 14:47:22,2026-07-28 04:05:01,2025-06-28 17:05:01
12438231,4466089,1,2026-07-30 01:05:01,2026-07-30 16:05:01,2025-01-17 03:05:01
10126551,6533205,16777473,2026-07-30 14:47:22,2026-07-10 10:05:01,2025-06-24 14:05:02
12438231,6533205,1,2026-07-30 01:05:01,2026-07-26 08:22:12,2025-01-17 03:05:01
10126551,6843851,16777473,2026-07-30 14:47:22,2026-07-30 04:05:01,2026-05-08 20:05:01
12438231,6843851,1,2026-07-30 01:05:01,2026-07-30 16:05:01,2026-04-11 12:19:10
12438231,6850696,1,2026-07-30 01:05:01,2026-07-30 16:05:01,2026-04-28 01:05:02
10126551,6856291,16777473,2026-07-30 14:47:22,2026-07-10 10:05:01,2026-05-12 19:05:01
12438231,6856291,1,2026-07-30 01:05:01,2026-07-26 05:05:01,2026-05-10 01:05:01
10126551,4411577,16777473,2026-07-30 14:47:22,2026-07-10 10:05:01,2025-06-24 14:05:02
12438231,4411577,1,2026-07-30 01:05:01,2026-07-26 05:05:01,2025-01-17 03:05:01
2202991,3251544,0,,2026-07-30 16:05:01,
10126551,3251544,16777473,2026-07-30 14:47:22,2026-07-10 10:05:01,2025-06-24 22:05:01
12438231,3251544,1,2026-07-30 01:05:01,2026-07-30 16:05:01,2025-01-17 03:05:01
10126551,5907947,16777473,2026-07-30 14:47:22,2026-07-10 10:05:01,2025-06-24 14:05:02
12438231,5907947,1,2026-07-30 01:05:01,2026-07-26 05:05:01,2025-01-17 03:05:01
10126551,5993975,16777473,2026-07-30 14:47:22,2026-07-10 10:05:01,2025-06-27 10:05:01
12438231,5993975,1,2026-07-30 01:05:01,2026-07-30 16:05:01,2025-01-17 03:05:01
10126551,5815278,16777473,2026-07-30 14:47:22,2026-07-10 10:05:01,2025-06-24 14:05:02
12438231,5815278,1,2026-07-30 01:05:01,2026-07-26 05:05:01,2025-01-17 03:05:01
10126551,6627249,16777473,2026-07-30 14:47:22,2026-07-10 10:05:01,2025-06-24 14:05:02
12438231,6627249,1,2026-07-30 01:05:01,2026-07-26 05:05:01,2025-01-17 03:05:01
10126551,6162723,16777473,2026-07-30 14:47:22,2026-07-10 10:05:01,2025-06-27 10:05:01
12438231,6162723,1,2026-07-30 01:05:01,2026-07-30 13:05:01,2025-01-17 03:05:01
10126551,6790835,16777473,2026-07-30 14:47:22,2026-07-30 16:05:01,2026-01-31 08:05:01
12438231,6790835,1,2026-07-30 01:05:01,2026-07-30 16:05:01,2025-12-22 01:05:01
1140687,6336670,1,2026-07-30 00:05:01,2026-07-30 10:05:01,2024-08-17 23:15:27
10126551,6336670,16777473,2026-07-30 14:47:22,2026-07-10 10:05:01,2025-06-28 17:05:01
12438231,6336670,1,2026-07-30 01:05:01,2026-07-30 16:05:01,2025-01-17 03:05:01
369429,5827263,1,2026-07-30 01:05:01,2026-07-30 16:05:01,2024-02-24 09:50:00
10126551,5827263,16777473,2026-07-30 14:47:22,2026-07-28 02:05:01,2025-06-27 10:05:01
12438231,5827263,1,2026-07-30 01:05:01,2026-07-30 16:05:01,2025-01-17 03:05:01
10126551,5570166,16777473,2026-07-30 14:47:22,2026-07-10 10:05:01,2025-06-24 14:05:02
12438231,5570166,1,2026-07-30 01:05:01,2026-07-26 05:05:01,2025-01-17 03:05:01
10126551,6735379,16777473,2026-07-30 14:47:22,2026-07-10 11:05:01,2025-08-24 20:05:01
12438231,6735379,1,2026-07-30 01:05:01,2026-07-30 16:05:01,2025-08-24 01:05:01
10126551,6727383,16777473,2026-07-30 14:47:22,2026-07-10 10:05:01,2025-08-12 21:05:01
12438231,6727383,1,2026-07-30 01:05:01,2026-07-26 05:05:01,2025-08-03 01:05:01
369429,5849778,1,2026-07-30 01:05:01,2026-07-27 06:05:01,2024-02-24 09:50:00
10126551,5849778,16777473,2026-07-30 14:47:22,2026-07-10 10:05:01,2025-06-28 17:05:01
12438231,5849778,1,2026-07-30 01:05:01,2026-07-30 16:05:01,2025-01-17 03:05:01
184183,4457691,1,2026-07-25 00:05:01,2026-07-25 19:05:01,2024-02-10 14:00:00
369429,4457691,1,2026-07-30 01:05:01,2026-07-30 16:05:01,2024-02-24 09:50:00
10126551,4457691,16777473,2026-07-30 14:47:22,2026-07-29 22:05:02,2025-06-29 16:05:01
12438231,4457691,1,2026-07-30 01:05:01,2026-07-30 16:05:01,2025-01-17 03:05:01
184183,5624273,1,2026-07-25 00:05:01,2026-07-25 19:05:01,2024-02-10 14:00:00
369429,5624273,1,2026-07-30 01:05:01,2026-07-30 16:05:01,2024-02-24 09:50:00
10126551,5624273,16777473,2026-07-30 14:47:22,2026-07-28 02:05:01,2025-06-29 16:05:01
12438231,5624273,1,2026-07-30 01:05:01,2026-07-30 16:05:01,2025-01-17 03:05:01
184183,5675774,1,2026-07-25 00:05:01,2026-07-25 19:05:01,2024-02-10 14:00:00
369429,5675774,1,2026-07-30 01:05:01,2026-07-30 16:05:01,2024-02-24 09:50:00
10126551,5675774,16777473,2026-07-30 14:47:22,2026-07-28 02:05:01,2025-06-29 16:05:01
12438231,5675774,1,2026-07-30 01:05:01,2026-07-30 16:05:01,2025-01-17 03:05:01
10126551,5944152,16777473,2026-07-30 14:47:22,2026-07-10 10:05:01,2025-06-24 22:05:01
12438231,5944152,1,2026-07-30 01:05:01,2026-07-30 15:05:01,2025-01-17 03:05:01
10126551,6368975,16777473,2026-07-30 14:47:22,2026-07-10 10:05:01,2025-06-24 14:05:02
12438231,6368975,1,2026-07-30 01:05:01,2026-07-26 05:05:01,2025-01-17 03:05:01
10126551,6547877,16777473,2026-07-30 14:47:22,2026-07-10 10:05:01,2025-06-24 14:05:02
12438231,6547877,1,2026-07-30 01:05:01,2026-07-26 05:05:01,2025-01-17 03:05:01
10126551,6631874,16777473,2026-07-30 14:47:22,2026-07-28 02:05:01,2025-06-27 10:05:01
12438231,6631874,1,2026-07-30 01:05:01,2026-07-30 12:05:01,2025-03-10 02:05:01
10126551,6666083,16777473,2026-07-30 14:47:22,2026-07-10 10:05:01,2025-06-24 14:05:02
12438231,6666083,1,2026-07-30 01:05:01,2026-07-26 05:05:01,2025-03-23 02:05:01
369429,6011620,1,2026-07-30 01:05:01,2026-07-30 16:05:01,2024-02-24 09:50:00
10126551,6011620,16777473,2026-07-30 14:47:22,2026-07-11 20:35:52,2025-06-28 17:05:01
12438231,6011620,1,2026-07-30 01:05:01,2026-07-30 16:05:01,2025-01-17 03:05:01
10126551,6873829,16777473,2026-07-30 14:47:22,2026-07-30 16:05:01,2026-07-04 12:23:00
12438231,6873829,1,2026-07-30 01:05:01,2026-07-30 16:05:01,2026-06-23 01:05:01
10126551,6873830,16777473,2026-07-30 14:47:22,2026-07-30 09:05:01,2026-07-04 12:23:00
12438231,6873830,1,2026-07-30 01:05:01,2026-07-30 16:05:01,2026-06-23 01:05:01
10126551,6860540,16777473,2026-07-30 14:47:22,2026-07-11 23:05:01,2026-07-11 08:05:02
12438231,6860540,1,2026-07-30 01:05:01,2026-07-30 16:05:01,2026-05-21 01:05:01
10126551,6878339,16777473,2026-07-30 14:47:22,2026-07-14 21:05:01,2026-07-14 13:05:01
12438231,6878339,1,2026-07-30 01:05:01,2026-07-30 16:05:01,2026-07-05 01:05:01
10126551,5301586,16777473,2026-07-30 14:47:22,2026-07-25 13:05:01,2026-07-25 13:27:29
12438231,5301586,1,2026-07-30 01:05:01,2026-07-26 05:05:01,2026-07-27 02:05:01
1140687,5512548,1,2026-07-30 00:05:01,2026-07-30 10:05:01,2024-05-26 02:00:00
10126551,5512548,16777473,2026-07-30 14:47:22,2026-07-28 02:05:01,2026-07-25 04:42:27
12438231,5512548,1,2026-07-30 01:05:01,2026-07-30 16:05:01,2026-07-27 02:05:01
10126551,5671390,16777473,2026-07-30 14:47:22,2026-07-25 13:05:01,2026-07-25 02:42:36
12438231,5671390,1,2026-07-30 01:05:01,2026-07-28 09:05:01,2026-07-27 02:05:01
10126551,5515013,16777473,2026-07-30 14:47:22,2026-07-25 13:05:01,2026-07-25 05:42:14
12438231,5515013,1,2026-07-30 01:05:01,2026-07-26 05:05:01,2026-07-27 02:05:01
10126551,5742456,16777473,2026-07-30 14:47:22,2026-07-25 13:05:01,2026-07-25 06:42:21
12438231,5742456,1,2026-07-30 01:05:01,2026-07-26 05:05:01,2026-07-27 02:05:01
10126551,6119692,16777473,2026-07-30 14:47:22,2026-07-25 13:05:01,2026-07-25 04:42:27
12438231,6119692,1,2026-07-30 01:05:01,2026-07-26 05:05:01,2026-07-27 02:05:01
10126551,6376009,16777473,2026-07-30 14:47:22,2026-07-25 13:05:01,2026-07-25 05:42:14
12438231,6376009,1,2026-07-30 01:05:01,2026-07-26 05:05:01,2026-07-27 02:05:01
29292320,6376009,0,,2026-07-30 16:05:01,
46658122,6376009,65537,2024-04-24 17:48:00,2026-07-30 16:05:01,2024-03-11 17:49:00
10126551,5509398,16777473,2026-07-30 14:47:22,2026-07-25 13:05:01,2026-07-25 06:42:21
12438231,5509398,1,2026-07-30 01:05:01,2026-07-26 05:05:01,2026-07-27 02:05:01
46658122,5509398,65537,2024-04-24 17:48:00,2026-07-30 16:05:01,2024-03-11 17:49:00
10126551,5300820,16777473,2026-07-30 14:47:22,2026-07-25 13:05:01,2026-07-25 05:42:14
12438231,5300820,1,2026-07-30 01:05:01,2026-07-26 05:05:01,2026-07-27 02:05:01
10126551,6677922,16777473,2026-07-30 14:47:22,2026-07-25 13:05:01,2026-07-25 07:47:25
12438231,6677922,1,2026-07-30 01:05:01,2026-07-26 05:05:01,2025-04-14 02:05:01
2172910,5801716,0,,2026-07-30 16:05:01,
10126551,5801716,16777473,2026-07-30 14:47:22,2026-07-25 13:05:01,2026-07-25 04:42:27
12438231,5801716,1,2026-07-30 01:05:01,2026-07-26 05:05:01,2026-07-27 02:05:01
46658122,5801716,65537,2024-04-24 17:48:00,2026-07-30 16:05:01,2024-03-11 17:49:00
2172910,5814881,0,,2026-07-30 16:05:01,
10126551,5814881,16777473,2026-07-30 14:47:22,2026-07-25 13:05:01,2026-07-25 02:42:36
12438231,5814881,1,2026-07-30 01:05:01,2026-07-26 05:05:01,2026-07-27 02:05:01
369429,2175586,1,2026-07-30 01:05:01,2026-07-30 16:05:01,2024-02-24 09:50:00
9423019,2175586,1,2026-04-08 02:05:02,2026-07-30 16:05:01,2024-02-05 04:04:00
10126551,2175586,16777473,2026-07-30 14:47:22,2026-07-28 02:05:01,2025-06-29 16:05:01
12438231,2175586,1,2026-07-30 01:05:01,2026-07-30 16:05:01,2025-01-17 03:05:01
184183,3346911,1,2026-07-25 00:05:01,2026-07-25 20:05:01,2024-02-10 14:00:00
369429,3346911,1,2026-07-30 01:05:01,2026-07-30 16:05:01,2024-02-24 09:50:00
10126551,3346911,16777473,2026-07-30 14:47:22,2026-07-30 04:05:01,2025-06-29 16:05:01
12438231,3346911,1,2026-07-30 01:05:01,2026-07-30 16:05:01,2025-01-17 03:05:01
184183,4363270,1,2026-07-25 00:05:01,2026-07-25 20:05:01,2024-02-10 14:00:00
369429,4363270,1,2026-07-30 01:05:01,2026-07-30 16:05:01,2024-02-24 09:50:00
10126551,4363270,16777473,2026-07-30 14:47:22,2026-07-28 02:05:01,2025-06-29 16:05:01
12438231,4363270,1,2026-07-30 01:05:01,2026-07-30 16:05:01,2025-01-17 03:05:01
369429,4630081,1,2026-07-30 01:05:01,2026-07-30 16:05:01,2024-02-24 09:50:00
670524,4630081,0,,2026-07-30 16:05:01,
10126551,4630081,16777473,2026-07-30 14:47:22,2026-07-10 11:05:01,2025-06-29 16:05:01
12438231,4630081,1,2026-07-30 01:05:01,2026-07-30 16:05:01,2025-01-17 03:05:01
369429,4219092,1,2026-07-30 01:05:01,2026-07-30 16:05:01,2024-03-24 12:10:00
10126551,4219092,16777473,2026-07-30 14:47:22,2026-07-27 02:05:01,2025-06-28 17:05:01
12438231,4219092,1,2026-07-30 01:05:01,2026-07-30 16:05:01,2025-01-17 03:05:01
369429,5095530,1,2026-07-30 01:05:01,2026-07-30 12:05:01,2024-02-24 09:50:00
10126551,5095530,16777473,2026-07-30 14:47:22,2026-07-26 04:05:01,2025-06-28 17:05:01
12438231,5095530,1,2026-07-30 01:05:01,2026-07-30 16:05:01,2025-01-17 03:05:01
369429,3252498,1,2026-07-30 01:05:01,2026-07-30 16:05:01,2024-02-24 09:50:00
10126551,3252498,16777473,2026-07-30 14:47:22,2026-07-27 02:05:01,2025-06-28 17:05:01
12438231,3252498,1,2026-07-30 01:05:01,2026-07-30 16:05:01,2025-01-17 03:05:01
184183,3586235,1,2026-07-25 00:05:01,2026-07-25 19:05:01,2024-02-10 14:00:00
10126551,3586235,16777473,2026-07-30 14:47:22,2026-07-30 16:05:01,2025-06-29 16:05:01
12438231,3586235,1,2026-07-30 01:05:01,2026-07-30 16:05:01,2025-01-17 03:05:01
184183,5358914,1,2026-07-25 00:05:01,2026-07-25 20:05:01,2024-11-02 05:25:56
9423019,5358914,1,2026-04-08 02:05:02,2026-07-30 16:05:01,2024-02-05 04:04:00
10126551,5358914,16777473,2026-07-30 14:47:22,2026-07-10 10:05:01,2025-06-28 17:05:01
12438231,5358914,1,2026-07-30 01:05:01,2026-07-30 16:05:01,2025-01-17 03:05:01
184183,4645391,1,2026-07-25 00:05:01,2026-07-25 19:05:01,2024-02-10 14:00:00
369429,4645391,1,2026-07-30 01:05:01,2026-07-30 16:05:01,2024-02-24 09:50:00
10126551,4645391,16777473,2026-07-30 14:47:22,2026-07-30 04:05:01,2025-06-29 16:05:01
12438231,4645391,1,2026-07-30 01:05:01,2026-07-30 16:05:01,2025-01-17 03:05:01
184183,5397694,1,2026-07-25 00:05:01,2026-07-25 19:05:01,2024-02-10 14:00:00
369429,5397694,1,2026-07-30 01:05:01,2026-07-30 16:05:01,2024-02-24 09:50:00
10126551,5397694,16777473,2026-07-30 14:47:22,2026-07-30 05:05:01,2025-06-29 16:05:01
12438231,5397694,1,2026-07-30 01:05:01,2026-07-30 16:05:01,2025-01-17 03:05:01
184183,5352982,1,2026-07-25 00:05:01,2026-07-25 19:05:01,2024-02-10 14:00:00
10126551,5352982,16777473,2026-07-30 14:47:22,2026-07-29 13:05:01,2025-06-28 17:05:01
12438231,5352982,1,2026-07-30 01:05:01,2026-07-30 16:05:01,2025-01-17 03:05:01
369429,5474573,1,2026-07-30 01:05:01,2026-07-30 16:05:01,2024-03-08 03:46:00
10126551,5474573,16777473,2026-07-30 14:47:22,2026-07-10 11:05:01,2025-06-28 17:05:01
12438231,5474573,1,2026-07-30 01:05:01,2026-07-30 16:05:01,2025-01-17 03:05:01
184183,4938747,1,2026-07-25 00:05:01,2026-07-25 19:05:01,2024-02-10 14:00:00
369429,4938747,1,2026-07-30 01:05:01,2026-07-30 16:05:01,2024-03-24 12:10:00
10126551,4938747,16777473,2026-07-30 14:47:22,2026-07-28 22:05:01,2025-06-28 17:05:01
12438231,4938747,1,2026-07-30 01:05:01,2026-07-30 16:05:01,2025-01-17 03:05:01
369429,5589006,1,2026-07-30 01:05:01,2026-07-30 16:05:01,2024-02-24 09:50:00
10126551,5589006,16777473,2026-07-30 14:47:22,2026-07-10 10:05:01,2025-06-24 22:05:01
12438231,5589006,1,2026-07-30 01:05:01,2026-07-30 16:05:01,2025-01-17 03:05:01
184183,5280967,1,2026-07-25 00:05:01,2026-07-25 19:05:01,2024-02-10 14:00:00
369429,5280967,1,2026-07-30 01:05:01,2026-07-30 16:05:01,2024-02-24 09:50:00
10126551,5280967,16777473,2026-07-30 14:47:22,2026-07-30 05:05:01,2025-06-29 16:05:01
12438231,5280967,1,2026-07-30 01:05:01,2026-07-30 16:05:01,2025-01-17 03:05:01
369429,4352318,1,2026-07-30 01:05:01,2026-07-30 16:05:01,2024-02-24 09:50:00
670524,4352318,0,,2026-07-30 16:05:01,
10126551,4352318,16777473,2026-07-30 14:47:22,2026-07-28 00:05:01,2025-06-28 17:05:01
12438231,4352318,1,2026-07-30 01:05:01,2026-07-30 16:05:01,2025-01-17 03:05:01
184183,5396937,1,2026-07-25 00:05:01,2026-07-25 19:05:01,2024-02-10 14:00:00
369429,5396937,1,2026-07-30 01:05:01,2026-07-30 16:05:01,2024-02-24 09:50:00
10126551,5396937,16777473,2026-07-30 14:47:22,2026-07-10 10:05:01,2025-06-29 16:05:01
12438231,5396937,1,2026-07-30 01:05:01,2026-07-30 16:05:01,2025-01-17 03:05:01
184183,5715933,1,2026-07-25 00:05:01,2026-07-25 19:05:01,2024-02-10 14:00:00
369429,5715933,1,2026-07-30 01:05:01,2026-07-30 16:05:01,2024-02-24 09:50:00
10126551,5715933,16777473,2026-07-30 14:47:22,2026-07-30 04:05:01,2025-06-29 16:05:01
12438231,5715933,1,2026-07-30 01:05:01,2026-07-30 16:05:01,2025-01-17 03:05:01
184183,5509753,1,2026-07-25 00:05:01,2026-07-25 19:05:01,2024-02-10 14:00:00
369429,5509753,1,2026-07-30 01:05:01,2026-07-30 16:05:01,2024-02-24 09:50:00
10126551,5509753,16777473,2026-07-30 14:47:22,2026-07-30 04:05:01,2025-06-29 16:05:01
12438231,5509753,1,2026-07-30 01:05:01,2026-07-30 16:05:01,2025-01-17 03:05:01
184183,5476471,1,2026-07-25 00:05:01,2026-07-25 19:05:01,2024-02-10 14:00:00
10126551,5476471,16777473,2026-07-30 14:47:22,2026-07-30 04:05:01,2025-06-28 17:05:01
12438231,5476471,1,2026-07-30 01:05:01,2026-07-30 16:05:01,2025-01-17 03:05:01
10126551,4126345,16777473,2026-07-30 14:47:22,2026-07-10 10:05:01,2025-06-24 22:05:01
12438231,4126345,1,2026-07-30 01:05:01,2026-07-28 16:05:01,2025-01-17 03:05:01
369429,5679054,1,2026-07-30 01:05:01,2026-07-30 16:05:01,2024-03-24 12:10:00
10126551,5679054,16777473,2026-07-30 14:47:22,2026-07-28 00:05:01,2025-06-28 17:05:01
12438231,5679054,1,2026-07-30 01:05:01,2026-07-30 16:05:01,2025-01-17 03:05:01
184183,4640277,1,2026-07-25 00:05:01,2026-07-25 19:05:01,2024-02-10 14:00:00
369429,4640277,1,2026-07-30 01:05:01,2026-07-30 16:05:01,2024-02-24 09:50:00
10126551,4640277,16777473,2026-07-30 14:47:22,2026-07-30 05:05:01,2025-06-28 17:05:01
12438231,4640277,1,2026-07-30 01:05:01,2026-07-30 16:05:01,2025-01-17 03:05:01
369429,5694370,1,2026-07-30 01:05:01,2026-07-30 11:05:01,2024-02-24 09:50:00
10126551,5694370,16777473,2026-07-30 14:47:22,2026-07-11 20:35:52,2025-06-24 22:05:01
12438231,5694370,1,2026-07-30 01:05:01,2026-07-30 16:05:01,2025-01-17 03:05:01
184183,5700034,1,2026-07-25 00:05:01,2026-07-25 19:05:01,2024-02-10 14:00:00
369429,5700034,1,2026-07-30 01:05:01,2026-07-30 16:05:01,2024-02-24 09:50:00
10126551,5700034,16777473,2026-07-30 14:47:22,2026-07-30 04:05:01,2025-06-29 16:05:01
12438231,5700034,1,2026-07-30 01:05:01,2026-07-30 16:05:01,2025-01-17 03:05:01
10126551,5688702,16777473,2026-07-30 14:47:22,2026-07-28 04:05:01,2025-06-28 17:05:01
12438231,5688702,1,2026-07-30 01:05:01,2026-07-30 16:05:01,2025-01-17 03:05:01
2172910,6050601,0,,2026-07-30 16:05:01,
10126551,6050601,16777473,2026-07-30 14:47:22,2026-07-10 10:05:01,2025-06-24 14:05:02
12438231,6050601,1,2026-07-30 01:05:01,2026-07-26 05:05:01,2025-01-17 03:05:01
10126551,6095960,16777473,2026-07-30 14:47:22,2026-07-10 10:05:01,2025-06-24 14:05:02
12438231,6095960,1,2026-07-30 01:05:01,2026-07-26 05:05:01,2025-01-17 03:05:01
14783812,6095960,1,2026-05-07 15:23:24,2026-07-30 16:05:01,2026-04-09 17:05:01
1140687,6200776,1,2026-07-30 00:05:01,2026-07-30 10:05:01,2024-08-17 23:15:27
10126551,6200776,16777473,2026-07-30 14:47:22,2026-07-29 05:05:02,2025-06-29 16:05:01
12438231,6200776,1,2026-07-30 01:05:01,2026-07-30 16:05:01,2025-01-17 03:05:01
369429,5304178,1,2026-07-30 01:05:01,2026-07-30 16:05:01,2024-02-24 09:50:00
10126551,5304178,16777473,2026-07-30 14:47:22,2026-07-26 03:05:01,2025-06-28 17:05:01
12438231,5304178,1,2026-07-30 01:05:01,2026-07-30 16:05:01,2025-01-17 03:05:01
2202991,5119340,0,,2026-07-30 16:05:01,
10126551,5119340,16777473,2026-07-30 14:47:22,2026-07-10 10:05:01,2025-06-24 14:05:02
12438231,5119340,1,2026-07-30 01:05:01,2026-07-26 05:05:01,2025-01-17 03:05:01
10126551,6843556,16777473,2026-07-30 14:47:22,2026-07-10 10:05:01,2026-05-08 20:05:01
12438231,6843556,1,2026-07-30 01:05:01,2026-07-26 05:05:01,2026-04-11 12:19:10
10126551,6751357,16777473,2026-07-30 14:47:22,2026-07-10 10:05:01,2025-11-21 19:05:01
12438231,6751357,1,2026-07-30 01:05:01,2026-07-26 05:05:01,2025-11-23 01:05:02
10126551,6260423,16777473,2026-07-30 14:47:22,2026-07-10 11:05:01,2025-06-27 10:05:01
12438231,6260423,1,2026-07-30 01:05:01,2026-07-30 16:05:01,2025-01-17 03:05:01
2172910,5452001,0,,2026-07-30 16:05:01,
10126551,5452001,16777473,2026-07-30 14:47:22,2026-07-10 10:05:01,2025-06-28 17:05:01
12438231,5452001,1,2026-07-30 01:05:01,2026-07-26 05:05:01,2025-01-17 03:05:01
10126551,6256722,16777473,2026-07-30 14:47:22,2026-07-10 10:05:01,2025-06-24 14:05:02
12438231,6256722,1,2026-07-30 01:05:01,2026-07-30 12:05:01,2025-01-17 03:05:01
10126551,4952822,16777473,2026-07-30 14:47:22,2026-07-10 10:05:01,2025-06-24 14:05:02
12438231,4952822,1,2026-07-30 01:05:01,2026-07-26 05:05:01,2025-01-17 03:05:01
10126551,6850809,16777473,2026-07-30 14:47:22,2026-07-30 07:05:01,2026-05-11 15:05:01
12438231,6850809,1,2026-07-30 01:05:01,2026-07-30 16:05:01,2026-04-27 01:05:01
2172910,5506476,0,,2026-07-30 16:05:01,
10126551,5506476,16777473,2026-07-30 14:47:22,2026-07-10 10:05:01,2025-06-24 14:05:02
12438231,5506476,1,2026-07-30 01:05:01,2026-07-26 05:05:01,2025-01-17 03:05:01
10126551,6499524,16777473,2026-07-30 14:47:22,2026-07-27 02:05:01,2025-06-28 17:05:01
12438231,6499524,1,2026-07-30 01:05:01,2026-07-30 16:05:01,2025-01-17 03:05:01
10126551,5792488,16777473,2026-07-30 14:47:22,2026-07-10 10:05:01,2025-06-24 14:05:02
12438231,5792488,1,2026-07-30 01:05:01,2026-07-26 06:05:01,2025-01-17 03:05:01
10126551,6578962,16777473,2026-07-30 14:47:22,2026-07-10 10:05:01,2025-06-28 17:05:01
12438231,6578962,1,2026-07-30 01:05:01,2026-07-30 16:05:01,2025-01-17 03:05:01
369429,6320542,1,2026-07-30 01:05:01,2026-07-18 06:05:01,2024-02-24 09:50:00
10126551,6320542,16777473,2026-07-30 14:47:22,2026-07-10 10:05:01,2025-06-27 10:05:01
12438231,6320542,1,2026-07-30 01:05:01,2026-07-30 14:05:02,2025-01-17 03:05:01
369429,4613497,1,2026-07-30 01:05:01,2026-07-30 15:05:01,2024-02-24 09:50:00
769018,4613497,0,,2026-07-30 16:05:01,
9423019,4613497,1,2026-04-08 02:05:02,2026-07-30 16:05:01,2024-02-05 04:04:00
10126551,4613497,16777473,2026-07-30 14:47:22,2026-07-11 20:35:52,2025-06-28 17:05:01
12438231,4613497,1,2026-07-30 01:05:01,2026-07-30 16:05:01,2025-01-17 03:05:01
10126551,5792154,16777473,2026-07-30 14:47:22,2026-07-10 10:05:01,2025-06-28 17:05:01
12438231,5792154,1,2026-07-30 01:05:01,2026-07-30 16:05:01,2025-01-17 03:05:01
10126551,6834755,16777473,2026-07-30 14:47:22,2026-07-10 10:05:01,2026-05-09 21:05:01
12438231,6834755,1,2026-07-30 01:05:01,2026-07-26 05:05:01,2026-03-24 01:05:02
10126551,6751901,16777473,2026-07-30 14:47:22,2026-07-10 10:05:01,2025-11-18 17:05:01
12438231,6751901,1,2026-07-30 01:05:01,2026-07-26 05:05:01,2025-11-19 01:05:01
184183,4828703,1,2026-07-25 00:05:01,2026-07-25 20:05:01,2024-02-10 14:00:00
369429,4828703,1,2026-07-30 01:05:01,2026-07-30 16:05:01,2024-02-24 09:50:00
10126551,4828703,16777473,2026-07-30 14:47:22,2026-07-28 02:05:01,2025-06-29 16:05:01
12438231,4828703,1,2026-07-30 01:05:01,2026-07-30 16:05:01,2025-01-17 03:05:01
1140687,5505283,1,2026-07-30 00:05:01,2026-07-30 10:05:01,2024-08-03 01:00:54
10126551,5505283,16777473,2026-07-30 14:47:22,2026-07-10 11:05:01,2025-06-28 17:05:01
12438231,5505283,1,2026-07-30 01:05:01,2026-07-30 16:05:01,2025-01-17 03:05:01
10126551,5742942,16777473,2026-07-30 14:47:22,2026-07-10 10:05:01,2025-06-27 10:05:01
12438231,5742942,1,2026-07-30 01:05:01,2026-07-26 05:05:01,2025-01-17 03:05:01
2172910,5764772,0,,2026-07-30 16:05:01,
10126551,5764772,16777473,2026-07-30 14:47:22,2026-07-10 10:05:01,2025-06-24 14:05:02
12438231,5764772,1,2026-07-30 01:05:01,2026-07-26 06:05:01,2025-01-17 03:05:01
10126551,5936997,16777473,2026-07-30 14:47:22,2026-07-10 10:05:01,2025-06-24 14:05:02
12438231,5936997,1,2026-07-30 01:05:01,2026-07-26 05:05:01,2025-01-17 03:05:01
670524,6415051,1,2026-03-11 10:26:57,2026-07-30 16:05:01,2025-04-03 02:05:01
10126551,6415051,16777473,2026-07-30 14:47:22,2026-07-10 10:05:01,2025-06-27 10:05:01
12438231,6415051,1,2026-07-30 01:05:01,2026-07-30 12:05:01,2025-01-17 03:05:01
369429,6464716,1,2026-07-30 01:05:01,2026-07-24 10:05:01,2024-02-24 09:50:00
10126551,6464716,16777473,2026-07-30 14:47:22,2026-07-10 10:05:01,2025-06-28 17:05:01
12438231,6464716,1,2026-07-30 01:05:01,2026-07-30 16:05:01,2025-01-17 03:05:01
670524,6651701,0,,2026-07-30 16:05:01,
10126551,6651701,16777473,2026-07-30 14:47:22,2026-07-10 10:05:01,2025-06-29 16:05:01
12438231,6651701,1,2026-07-30 01:05:01,2026-07-30 16:05:01,2025-02-24 02:05:01
670524,6651947,0,,2026-07-30 16:05:01,
10126551,6651947,16777473,2026-07-30 14:47:22,2026-07-10 10:05:01,2025-06-28 17:05:01
12438231,6651947,1,2026-07-30 01:05:01,2026-07-30 16:05:01,2025-02-24 02:05:01
670524,6694316,0,,2026-07-30 16:05:01,
10126551,6694316,16777473,2026-07-30 14:47:22,2026-07-10 10:05:01,2026-03-07 16:05:01
12438231,6694316,1,2026-07-30 01:05:01,2026-07-26 05:05:01,2025-05-19 02:05:01
10126551,6857938,16777473,2026-07-30 14:47:22,2026-07-10 10:05:01,2026-05-25 23:05:01
12438231,6857938,1,2026-07-30 01:05:01,2026-07-26 05:05:01,2026-05-13 01:05:01
10126551,6055539,16777473,2026-07-30 14:47:22,2026-07-10 10:05:01,2025-06-27 10:05:01
12438231,6055539,1,2026-07-30 01:05:01,2026-07-26 06:05:01,2025-01-17 03:05:01
10126551,6819459,16777473,2026-07-30 14:47:22,2026-07-10 10:05:01,2026-03-06 20:05:02
12438231,6819459,1,2026-07-30 01:05:01,2026-07-26 05:05:01,2026-02-21 01:05:01
184183,4384422,1,2026-07-25 00:05:01,2026-07-25 07:05:01,2024-08-27 02:32:36
10126551,4384422,16777473,2026-07-30 14:47:22,2026-07-10 10:05:01,2025-06-28 17:05:01
12438231,4384422,1,2026-07-30 01:05:01,2026-07-30 13:05:01,2025-01-17 03:05:01
369429,6861135,1,2026-07-30 01:05:01,2026-07-30 16:05:01,2026-07-13 15:08:37
10126551,6861135,16777473,2026-07-30 14:47:22,2026-07-28 09:05:01,2026-07-11 06:05:02
12438231,6861135,1,2026-07-30 01:05:01,2026-07-30 16:05:01,2026-05-22 01:05:01
10126551,6879858,16777473,2026-07-30 14:47:22,2026-07-15 20:05:02,2026-07-15 15:09:09
12438231,6879858,1,2026-07-30 01:05:01,2026-07-26 06:05:01,2026-07-09 01:05:02
1140687,5504402,1,2026-07-30 00:05:01,2026-07-30 10:05:01,2024-05-31 02:00:00
10126551,5504402,16777473,2026-07-30 14:47:22,2026-07-25 13:05:01,2026-07-25 04:42:27
12438231,5504402,1,2026-07-30 01:05:01,2026-07-30 16:05:01,2026-07-27 02:05:01
1140687,5500705,1,2026-07-30 00:05:01,2026-07-30 10:05:01,2024-06-11 02:00:36
10126551,5500705,16777473,2026-07-30 14:47:22,2026-07-29 05:05:02,2026-07-25 04:42:27
12438231,5500705,1,2026-07-30 01:05:01,2026-07-30 16:05:01,2026-07-27 02:05:01
10126551,4793298,16777473,2026-07-30 14:47:22,2026-07-25 13:05:01,2026-07-25 02:42:36
12438231,4793298,1,2026-07-30 01:05:01,2026-07-26 05:05:01,2026-07-27 02:05:01
10126551,6167781,16777473,2026-07-30 14:47:22,2026-07-25 13:05:01,2026-07-25 06:42:21
12438231,6167781,1,2026-07-30 01:05:01,2026-07-26 05:05:01,2026-07-27 02:05:01
46658122,6167781,65537,2024-04-24 17:48:00,2026-07-30 16:05:01,2024-03-11 17:49:00
10126551,5507094,16777473,2026-07-30 14:47:22,2026-07-25 13:05:01,2026-07-25 13:27:29
12438231,5507094,1,2026-07-30 01:05:01,2026-07-26 05:05:01,2026-07-27 02:05:01
46658122,5507094,65537,2024-04-24 17:48:00,2026-07-30 16:05:01,2024-03-11 17:49:00
10126551,5742840,16777473,2026-07-30 14:47:22,2026-07-25 13:05:01,2026-07-25 05:42:14
12438231,5742840,1,2026-07-30 01:05:01,2026-07-26 05:05:01,2026-07-27 02:05:01
1140687,5667385,1,2026-07-24 00:05:02,2026-07-24 13:05:01,2024-05-31 02:00:00
10126551,5667385,16777473,2026-07-30 14:47:22,2026-07-25 13:05:01,2026-07-25 02:42:36
12438231,5667385,1,2026-07-30 01:05:01,2026-07-30 16:05:01,2026-07-27 02:05:01
2172910,5682301,0,,2026-07-30 16:05:01,
10126551,5682301,16777473,2026-07-30 14:47:22,2026-07-25 13:05:01,2026-07-25 02:42:36
12438231,5682301,1,2026-07-30 01:05:01,2026-07-26 05:05:01,2026-07-27 02:05:01
10126551,4793199,16777473,2026-07-30 14:47:22,2026-07-25 13:05:01,2026-07-25 04:42:27
12438231,4793199,1,2026-07-30 01:05:01,2026-07-26 05:05:01,2026-07-27 02:05:01
10126551,5743479,16777473,2026-07-30 14:47:22,2026-07-25 13:05:01,2026-07-25 05:42:14
12438231,5743479,1,2026-07-30 01:05:01,2026-07-26 05:05:01,2026-07-27 02:05:01
10126551,5690684,16777473,2026-07-30 14:47:22,2026-07-25 13:05:01,2026-07-25 05:42:14
12438231,5690684,1,2026-07-30 01:05:01,2026-07-26 05:05:01,2026-07-27 02:05:01
10126551,5740849,16777473,2026-07-30 14:47:22,2026-07-25 13:05:01,2026-07-25 04:42:27
12438231,5740849,1,2026-07-30 01:05:01,2026-07-26 05:05:01,2026-07-27 02:05:01
2172910,5813714,0,,2026-07-30 16:05:01,
10126551,5813714,16777473,2026-07-30 14:47:22,2026-07-26 05:05:01,2026-07-25 17:11:28
12438231,5813714,1,2026-07-30 01:05:01,2026-07-26 05:05:01,2026-07-27 02:05:01
10126551,5503428,16777473,2026-07-30 14:47:22,2026-07-25 13:05:01,2026-07-25 04:42:27
12438231,5503428,1,2026-07-30 01:05:01,2026-07-26 05:05:01,2026-07-27 02:05:01
46658122,5503428,65537,2024-04-24 17:48:00,2026-07-30 16:05:01,2024-03-11 17:49:00
2172910,5801884,0,,2026-07-30 16:05:01,
10126551,5801884,16777473,2026-07-30 14:47:22,2026-07-25 13:05:01,2026-07-25 06:42:21
12438231,5801884,1,2026-07-30 01:05:01,2026-07-26 05:05:01,2026-07-27 02:05:01
10126551,6885085,16777473,2026-07-30 14:47:22,2026-07-27 23:05:01,2026-07-27 19:42:10
12438231,6885085,1,2026-07-30 01:05:01,2026-07-30 08:05:01,2026-07-22 01:05:01
10126551,6885166,16777473,2026-07-30 14:47:22,2026-07-30 06:05:01,2026-07-27 19:42:10
12438231,6885166,1,2026-07-30 01:05:01,2026-07-30 16:05:01,2026-07-23 01:05:01
369429,4226759,1,2026-07-30 01:05:01,2026-07-30 16:05:01,2024-02-24 09:50:00
10126551,4226759,16777473,2026-07-30 14:47:22,2026-07-30 04:05:01,2025-06-29 16:05:01
12438231,4226759,1,2026-07-30 01:05:01,2026-07-30 16:05:01,2025-01-17 03:05:01
184183,5565567,1,2026-07-25 00:05:01,2026-07-25 19:05:01,2024-02-10 14:00:00
369429,5565567,1,2026-07-30 01:05:01,2026-07-30 16:05:01,2024-02-24 09:50:00
10126551,5565567,16777473,2026-07-30 14:47:22,2026-07-30 04:05:01,2025-06-29 16:05:01
12438231,5565567,1,2026-07-30 01:05:01,2026-07-30 16:05:01,2025-01-17 03:05:01
184183,5596433,1,2026-07-25 00:05:01,2026-07-25 20:05:01,2024-02-10 14:00:00
369429,5596433,1,2026-07-30 01:05:01,2026-07-30 16:05:01,2024-02-24 09:50:00
10126551,5596433,16777473,2026-07-30 14:47:22,2026-07-30 05:05:01,2025-06-29 16:05:01
12438231,5596433,1,2026-07-30 01:05:01,2026-07-30 16:05:01,2025-01-17 03:05:01
184183,5874787,1,2026-07-25 00:05:01,2026-07-25 19:05:01,2024-02-10 14:00:00
670524,5874787,0,,2026-07-30 16:05:01,
10126551,5874787,16777473,2026-07-30 14:47:22,2026-07-30 05:05:01,2025-06-28 17:05:01
12438231,5874787,1,2026-07-30 01:05:01,2026-07-30 16:05:01,2025-01-17 03:05:01
184183,2445933,1,2026-07-25 00:05:01,2026-07-25 19:05:01,2024-02-10 14:00:00
10126551,2445933,16777473,2026-07-30 14:47:22,2026-07-30 16:05:01,2025-06-28 17:05:01
12438231,2445933,1,2026-07-30 01:05:01,2026-07-30 16:05:01,2025-01-17 03:05:01
369429,4440416,1,2026-07-30 01:05:01,2026-07-30 16:05:01,2024-02-24 09:50:00
9423019,4440416,1,2026-04-08 02:05:02,2026-07-30 16:05:01,2024-02-05 04:04:00
10126551,4440416,16777473,2026-07-30 14:47:22,2026-07-28 00:05:01,2025-06-28 17:05:01
12438231,4440416,1,2026-07-30 01:05:01,2026-07-30 16:05:01,2025-01-17 03:05:01
369429,4441881,1,2026-07-30 01:05:01,2026-07-30 16:05:01,2024-02-24 09:50:00
10126551,4441881,16777473,2026-07-30 14:47:22,2026-07-30 05:05:01,2025-06-29 16:05:01
12438231,4441881,1,2026-07-30 01:05:01,2026-07-30 16:05:01,2025-01-17 03:05:01
369429,4650230,1,2026-07-30 01:05:01,2026-07-30 16:05:01,2024-02-24 09:50:00
9423019,4650230,1,2026-04-08 02:05:02,2026-07-30 16:05:01,2024-02-05 04:04:00
10126551,4650230,16777473,2026-07-30 14:47:22,2026-07-11 23:05:01,2025-06-29 16:05:01
12438231,4650230,1,2026-07-30 01:05:01,2026-07-30 16:05:01,2025-01-17 03:05:01
369429,4567232,1,2026-07-30 01:05:01,2026-07-30 16:05:01,2024-02-24 09:50:00
10126551,4567232,16777473,2026-07-30 14:47:22,2026-07-11 20:35:52,2025-06-28 17:05:01
12438231,4567232,1,2026-07-30 01:05:01,2026-07-30 16:05:01,2025-01-17 03:05:01
369429,4121453,1,2026-07-30 01:05:01,2026-07-30 16:05:01,2024-02-24 09:50:00
10126551,4121453,16777473,2026-07-30 14:47:22,2026-07-30 04:05:01,2025-06-29 16:05:01
12438231,4121453,1,2026-07-30 01:05:01,2026-07-30 16:05:01,2025-01-17 03:05:01
25825363,4121453,65537,2024-05-13 19:52:00,2026-07-29 22:05:02,2023-12-26 21:00:00
184183,5082743,1,2026-07-25 00:05:01,2026-07-25 20:05:01,2024-02-10 14:00:00
369429,5082743,1,2026-07-30 01:05:01,2026-07-30 16:05:01,2024-03-24 12:10:00
10126551,5082743,16777473,2026-07-30 14:47:22,2026-07-30 05:05:01,2025-06-28 17:05:01
12438231,5082743,1,2026-07-30 01:05:01,2026-07-30 16:05:01,2025-01-17 03:05:01
369429,4886021,1,2026-07-30 01:05:01,2026-07-30 16:05:01,2024-03-24 12:10:00
10126551,4886021,16777473,2026-07-30 14:47:22,2026-07-11 20:35:52,2025-06-24 22:05:01
12438231,4886021,1,2026-07-30 01:05:01,2026-07-30 16:05:01,2025-01-17 03:05:01
184183,5343940,1,2026-07-25 00:05:01,2026-07-25 20:05:01,2024-02-10 14:00:00
369429,5343940,1,2026-07-30 01:05:01,2026-07-30 16:05:01,2024-02-24 09:50:00
10126551,5343940,16777473,2026-07-30 14:47:22,2026-07-30 04:05:01,2025-06-29 16:05:01
12438231,5343940,1,2026-07-30 01:05:01,2026-07-30 16:05:01,2025-01-17 03:05:01
184183,5410135,1,2026-07-25 00:05:01,2026-07-25 19:05:01,2024-02-10 14:00:00
369429,5410135,1,2026-07-30 01:05:01,2026-07-30 16:05:01,2024-02-24 09:50:00
10126551,5410135,16777473,2026-07-30 14:47:22,2026-07-30 03:05:02,2025-06-29 16:05:01
12438231,5410135,1,2026-07-30 01:05:01,2026-07-30 16:05:01,2025-01-17 03:05:01
369429,3742572,1,2026-07-30 01:05:01,2026-07-30 16:05:01,2024-02-24 09:50:00
670524,3742572,0,,2026-07-30 16:05:01,
10126551,3742572,16777473,2026-07-30 14:47:22,2026-07-28 00:05:01,2025-06-28 17:05:01
12438231,3742572,1,2026-07-30 01:05:01,2026-07-30 16:05:01,2025-01-17 03:05:01
184183,4885604,1,2026-07-25 00:05:01,2026-07-25 19:05:01,2024-02-10 14:00:00
369429,4885604,1,2026-07-30 01:05:01,2026-07-30 16:05:01,2024-02-24 09:50:00
10126551,4885604,16777473,2026-07-30 14:47:22,2026-07-30 05:05:01,2025-06-28 17:05:01
12438231,4885604,1,2026-07-30 01:05:01,2026-07-30 16:05:01,2025-01-17 03:05:01
184183,5452446,1,2026-07-25 00:05:01,2026-07-25 19:05:01,2024-02-10 14:00:00
369429,5452446,1,2026-07-30 01:05:01,2026-07-30 16:05:01,2024-02-24 09:50:00
10126551,5452446,16777473,2026-07-30 14:47:22,2026-07-26 04:05:01,2025-06-29 16:05:01
12438231,5452446,1,2026-07-30 01:05:01,2026-07-30 16:05:01,2025-01-17 03:05:01
369429,5476491,1,2026-07-30 01:05:01,2026-07-30 16:05:01,2024-02-24 09:50:00
10126551,5476491,16777473,2026-07-30 14:47:22,2026-07-30 00:05:01,2025-06-29 16:05:01
12438231,5476491,1,2026-07-30 01:05:01,2026-07-30 16:05:01,2025-01-17 03:05:01
10126551,5515780,16777473,2026-07-30 14:47:22,2026-07-10 10:05:01,2025-06-27 10:05:01
12438231,5515780,1,2026-07-30 01:05:01,2026-07-30 12:05:01,2025-01-17 03:05:01
18831997,5515780,1,2026-07-07 16:51:43,2026-07-30 12:05:01,2026-03-15 01:05:01
369429,3804940,1,2026-07-30 01:05:01,2026-07-30 10:05:01,2024-02-24 09:50:00
10126551,3804940,16777473,2026-07-30 14:47:22,2026-07-10 10:05:01,2025-06-28 17:05:01
12438231,3804940,1,2026-07-30 01:05:01,2026-07-30 16:05:01,2025-01-17 03:05:01
184183,5636228,1,2026-07-25 00:05:01,2026-07-25 19:05:01,2024-02-10 14:00:00
369429,5636228,1,2026-07-30 01:05:01,2026-07-30 16:05:01,2024-02-24 09:50:00
10126551,5636228,16777473,2026-07-30 14:47:22,2026-07-30 05:05:01,2025-06-29 16:05:01
12438231,5636228,1,2026-07-30 01:05:01,2026-07-30 16:05:01,2025-01-17 03:05:01
184183,3425204,1,2026-07-25 00:05:01,2026-07-25 19:05:01,2024-08-08 14:17:13
10126551,3425204,16777473,2026-07-30 14:47:22,2026-07-27 02:05:01,2025-06-28 17:05:01
12438231,3425204,1,2026-07-30 01:05:01,2026-07-30 16:05:01,2025-01-17 03:05:01
184183,4647637,1,2026-07-25 00:05:01,2026-07-25 20:05:01,2024-07-22 02:34:25
10126551,4647637,16777473,2026-07-30 14:47:22,2026-07-26 02:05:01,2025-06-28 17:05:01
12438231,4647637,1,2026-07-30 01:05:01,2026-07-30 16:05:01,2025-01-17 03:05:01
184183,5611400,1,2026-07-25 00:05:01,2026-07-25 20:05:01,2024-02-10 14:00:00
10126551,5611400,16777473,2026-07-30 14:47:22,2026-07-30 05:05:01,2025-06-28 17:05:01
12438231,5611400,1,2026-07-30 01:05:01,2026-07-30 16:05:01,2025-01-17 03:05:01
184183,2974573,1,2026-07-25 00:05:01,2026-07-25 20:05:01,2024-02-10 14:00:00
369429,2974573,1,2026-07-30 01:05:01,2026-07-30 16:05:01,2024-02-24 09:50:00
10126551,2974573,16777473,2026-07-30 14:47:22,2026-07-30 04:05:01,2025-06-29 16:05:01
12438231,2974573,1,2026-07-30 01:05:01,2026-07-30 16:05:01,2025-01-17 03:05:01
184183,5498594,1,2026-07-25 00:05:01,2026-07-25 19:05:01,2024-02-10 14:00:00
369429,5498594,1,2026-07-30 01:05:01,2026-07-30 16:05:01,2024-02-24 09:50:00
10126551,5498594,16777473,2026-07-30 14:47:22,2026-07-30 05:05:01,2025-06-28 17:05:01
12438231,5498594,1,2026-07-30 01:05:01,2026-07-30 16:05:01,2025-01-17 03:05:01
369429,5679913,1,2026-07-30 01:05:01,2026-07-30 07:05:01,2024-02-24 09:50:00
10126551,5679913,16777473,2026-07-30 14:47:22,2026-07-10 10:05:01,2025-06-28 17:05:01
12438231,5679913,1,2026-07-30 01:05:01,2026-07-30 16:05:01,2025-01-17 03:05:01
184183,5151889,1,2026-07-25 00:05:01,2026-07-25 19:05:01,2024-02-10 14:00:00
369429,5151889,1,2026-07-30 01:05:01,2026-07-30 16:05:01,2024-02-24 09:50:00
10126551,5151889,16777473,2026-07-30 14:47:22,2026-07-30 04:05:01,2025-06-29 16:05:01
12438231,5151889,1,2026-07-30 01:05:01,2026-07-30 16:05:01,2025-01-17 03:05:01
184183,5549887,1,2026-07-25 00:05:01,2026-07-25 19:05:01,2024-08-08 14:17:13
369429,5549887,1,2026-07-30 01:05:01,2026-07-30 16:05:01,2024-03-24 12:10:00
10126551,5549887,16777473,2026-07-30 14:47:22,2026-07-30 05:05:01,2025-06-28 17:05:01
12438231,5549887,1,2026-07-30 01:05:01,2026-07-30 16:05:01,2025-01-17 03:05:01
184183,5644608,1,2026-07-25 00:05:01,2026-07-25 19:05:01,2024-02-10 14:00:00
369429,5644608,1,2026-07-30 01:05:01,2026-07-30 16:05:01,2024-02-24 09:50:00
10126551,5644608,16777473,2026-07-30 14:47:22,2026-07-10 11:05:01,2025-06-29 16:05:01
12438231,5644608,1,2026-07-30 01:05:01,2026-07-30 16:05:01,2025-01-17 03:05:01
10126551,4913221,16777473,2026-07-30 14:47:22,2026-07-30 04:05:01,2025-06-27 10:05:01
12438231,4913221,1,2026-07-30 01:05:01,2026-07-30 16:05:01,2025-01-17 03:05:01
23482699,4913221,65537,2024-05-08 19:53:00,2026-07-26 03:05:01,2024-02-08 20:39:00
9423019,5641343,1,2026-04-08 02:05:02,2026-07-30 16:05:01,2024-02-05 04:04:00
10126551,5641343,16777473,2026-07-30 14:47:22,2026-07-10 10:05:01,2025-06-28 17:05:01
12438231,5641343,1,2026-07-30 01:05:01,2026-07-30 16:05:01,2025-01-17 03:05:01
10126551,5222874,16777473,2026-07-30 14:47:22,2026-07-10 10:05:01,2025-06-27 10:05:01
12438231,5222874,1,2026-07-30 01:05:01,2026-07-30 14:05:02,2025-01-17 03:05:01
18831997,5222874,1,2026-07-07 16:51:43,2026-07-30 12:05:01,2026-03-15 01:05:01
670524,5160796,0,,2026-07-30 16:05:01,
10126551,5160796,16777473,2026-07-30 14:47:22,2026-07-30 05:05:01,2025-06-28 17:05:01
12438231,5160796,1,2026-07-30 01:05:01,2026-07-30 16:05:01,2025-01-17 03:05:01
23482699,5160796,65537,2024-05-08 19:53:00,2026-07-26 03:05:01,2024-02-08 20:39:00
13111270,5688702,1,2024-07-15 13:16:14,2026-07-17 05:05:01,2024-02-17 17:07:00
184183,5824854,1,2026-07-25 00:05:01,2026-07-25 19:05:01,2024-02-10 14:00:00
369429,5824854,1,2026-07-30 01:05:01,2026-07-30 16:05:01,2024-02-24 09:50:00
10126551,5824854,16777473,2026-07-30 14:47:22,2026-07-30 05:05:01,2025-06-28 17:05:01
12438231,5824854,1,2026-07-30 01:05:01,2026-07-30 16:05:01,2025-01-17 03:05:01
1140687,5535250,1,2026-07-30 00:05:01,2026-07-30 10:05:01,2024-12-21 01:05:01
10126551,5535250,16777473,2026-07-30 14:47:22,2026-07-10 10:05:01,2025-06-24 22:05:01
12438231,5535250,1,2026-07-30 01:05:01,2026-07-30 16:05:01,2025-01-17 03:05:01
369429,5449597,1,2026-07-30 01:05:01,2026-07-10 11:05:01,2024-02-24 09:50:00
10126551,5449597,16777473,2026-07-30 14:47:22,2026-07-10 10:05:01,2025-06-28 17:05:01
12438231,5449597,1,2026-07-30 01:05:01,2026-07-30 16:05:01,2025-01-17 03:05:01
369429,5725167,1,2026-07-30 01:05:01,2026-07-30 16:05:01,2024-02-24 09:50:00
10126551,5725167,16777473,2026-07-30 14:47:22,2026-07-29 02:05:01,2025-06-28 17:05:01
12438231,5725167,1,2026-07-30 01:05:01,2026-07-30 16:05:01,2025-01-17 03:05:01
184183,5221535,1,2026-07-25 00:05:01,2026-07-25 20:05:01,2024-02-10 14:00:00
10126551,5221535,16777473,2026-07-30 14:47:22,2026-07-30 04:05:01,2025-06-27 10:05:01
12438231,5221535,1,2026-07-30 01:05:01,2026-07-30 16:05:01,2025-01-17 03:05:01
184183,5051309,1,2026-07-25 00:05:01,2026-07-25 19:05:01,2024-02-10 14:00:00
10126551,5051309,16777473,2026-07-30 14:47:22,2026-07-30 06:05:01,2025-06-28 17:05:01
12438231,5051309,1,2026-07-30 01:05:01,2026-07-30 16:05:01,2025-01-17 03:05:01
184183,5953130,1,2026-07-25 00:05:01,2026-07-25 19:05:01,2024-02-10 14:00:00
369429,5953130,1,2026-07-30 01:05:01,2026-07-30 16:05:01,2024-02-24 09:50:00
10126551,5953130,16777473,2026-07-30 14:47:22,2026-07-30 05:05:01,2025-06-29 16:05:01
12438231,5953130,1,2026-07-30 01:05:01,2026-07-30 16:05:01,2025-01-17 03:05:01
369429,4842564,1,2026-07-30 01:05:01,2026-07-30 16:05:01,2024-02-24 09:50:00
10126551,4842564,16777473,2026-07-30 14:47:22,2026-07-30 05:05:01,2025-06-29 16:05:01
12438231,4842564,1,2026-07-30 01:05:01,2026-07-30 16:05:01,2025-01-17 03:05:01
369429,5735673,1,2026-07-30 01:05:01,2026-07-30 16:05:01,2024-02-24 09:50:00
10126551,5735673,16777473,2026-07-30 14:47:22,2026-07-30 05:05:01,2025-06-29 16:05:01
12438231,5735673,1,2026-07-30 01:05:01,2026-07-30 16:05:01,2025-01-17 03:05:01
369429,3746436,1,2026-07-30 01:05:01,2026-07-30 16:05:01,2024-02-24 09:50:00
9423019,3746436,1,2026-04-08 02:05:02,2026-07-30 16:05:01,2024-02-05 04:04:00
10126551,3746436,16777473,2026-07-30 14:47:22,2026-07-27 02:05:01,2025-06-29 16:05:01
12438231,3746436,1,2026-07-30 01:05:01,2026-07-30 16:05:01,2025-01-17 03:05:01
184183,3375720,1,2026-07-25 00:05:01,2026-07-25 19:05:01,2024-02-10 14:00:00
369429,3375720,1,2026-07-30 01:05:01,2026-07-30 16:05:01,2024-02-24 09:50:00
10126551,3375720,16777473,2026-07-30 14:47:22,2026-07-30 05:05:01,2025-06-29 16:05:01
12438231,3375720,1,2026-07-30 01:05:01,2026-07-30 16:05:01,2025-01-17 03:05:01
369429,4396134,1,2026-07-30 01:05:01,2026-07-30 16:05:01,2024-02-24 09:50:00
10126551,4396134,16777473,2026-07-30 14:47:22,2026-07-28 02:05:01,2025-06-29 16:05:01
12438231,4396134,1,2026-07-30 01:05:01,2026-07-30 16:05:01,2025-01-17 03:05:01
184183,4468987,1,2026-07-25 00:05:01,2026-07-25 19:05:01,2024-02-10 14:00:00
10126551,4468987,16777473,2026-07-30 14:47:22,2026-07-10 11:05:01,2025-06-28 17:05:01
12438231,4468987,1,2026-07-30 01:05:01,2026-07-30 16:05:01,2025-01-17 03:05:01
184183,4961445,1,2026-07-25 00:05:01,2026-07-25 20:05:01,2024-02-10 14:00:00
369429,4961445,1,2026-07-30 01:05:01,2026-07-30 16:05:01,2024-02-24 09:50:00
10126551,4961445,16777473,2026-07-30 14:47:22,2026-07-30 04:05:01,2025-06-29 16:05:01
12438231,4961445,1,2026-07-30 01:05:01,2026-07-30 16:05:01,2025-01-17 03:05:01
184183,2250003,1,2026-07-25 00:05:01,2026-07-25 20:05:01,2024-02-10 14:00:00
369429,2250003,1,2026-07-30 01:05:01,2026-07-30 16:05:01,2024-02-24 09:50:00
10126551,2250003,16777473,2026-07-30 14:47:22,2026-07-28 02:05:01,2025-06-29 16:05:01
12438231,2250003,1,2026-07-30 01:05:01,2026-07-30 16:05:01,2025-01-17 03:05:01
369429,3449912,1,2026-07-30 01:05:01,2026-07-30 16:05:01,2024-02-24 09:50:00
10126551,3449912,16777473,2026-07-30 14:47:22,2026-07-23 10:05:01,2025-06-29 16:05:01
12438231,3449912,1,2026-07-30 01:05:01,2026-07-30 16:05:01,2025-01-17 03:05:01
184183,6089846,1,2026-07-25 00:05:01,2026-07-25 19:05:01,2024-02-10 14:00:00
10126551,6089846,16777473,2026-07-30 14:47:22,2026-07-30 15:05:01,2025-06-28 17:05:01
12438231,6089846,1,2026-07-30 01:05:01,2026-07-30 16:05:01,2025-01-17 03:05:01
10126551,6112263,16777473,2026-07-30 14:47:22,2026-07-10 10:05:01,2025-06-27 10:05:01
12438231,6112263,1,2026-07-30 01:05:01,2026-07-30 16:05:01,2025-01-17 03:05:01
184183,3432295,1,2026-07-25 00:05:01,2026-07-25 20:05:01,2024-02-10 14:00:00
369429,3432295,1,2026-07-30 01:05:01,2026-07-30 16:05:01,2024-02-24 09:50:00
10126551,3432295,16777473,2026-07-30 14:47:22,2026-07-28 04:05:01,2025-06-29 16:05:01
12438231,3432295,1,2026-07-30 01:05:01,2026-07-30 16:05:01,2025-01-17 03:05:01
369429,3457825,1,2026-07-30 01:05:01,2026-07-30 16:05:01,2024-04-30 21:30:00
10126551,3457825,16777473,2026-07-30 14:47:22,2026-07-30 04:05:01,2025-06-29 16:05:01
12438231,3457825,1,2026-07-30 01:05:01,2026-07-30 16:05:01,2025-01-17 03:05:01
184183,5506766,1,2026-07-25 00:05:01,2026-07-25 19:05:01,2024-02-10 14:00:00
369429,5506766,1,2026-07-30 01:05:01,2026-07-30 16:05:01,2024-02-24 09:50:00
10126551,5506766,16777473,2026-07-30 14:47:22,2026-07-30 05:05:01,2025-06-29 16:05:01
12438231,5506766,1,2026-07-30 01:05:01,2026-07-30 16:05:01,2025-01-17 03:05:01
184183,5468386,1,2026-07-25 00:05:01,2026-07-25 19:05:01,2024-02-10 14:00:00
369429,5468386,1,2026-07-30 01:05:01,2026-07-30 16:05:01,2024-02-24 09:50:00
10126551,5468386,16777473,2026-07-30 14:47:22,2026-07-26 01:05:02,2025-06-29 16:05:01
12438231,5468386,1,2026-07-30 01:05:01,2026-07-30 16:05:01,2025-01-17 03:05:01
369429,6169363,1,2026-07-30 01:05:01,2026-07-30 16:05:01,2024-02-24 09:50:00
10126551,6169363,16777473,2026-07-30 14:47:22,2026-07-28 02:05:01,2025-06-29 16:05:01
12438231,6169363,1,2026-07-30 01:05:01,2026-07-30 16:05:01,2025-01-17 03:05:01
184183,5793087,1,2026-07-25 00:05:01,2026-07-25 20:05:01,2024-02-10 14:00:00
369429,5793087,1,2026-07-30 01:05:01,2026-07-30 16:05:01,2024-02-24 09:50:00
10126551,5793087,16777473,2026-07-30 14:47:22,2026-07-30 04:05:01,2025-06-29 16:05:01
12438231,5793087,1,2026-07-30 01:05:01,2026-07-30 16:05:01,2025-01-17 03:05:01
369429,4792669,1,2026-07-30 01:05:01,2026-07-30 10:05:01,2024-03-24 12:10:00
10126551,4792669,16777473,2026-07-30 14:47:22,2026-07-10 10:05:01,2025-06-28 17:05:01
12438231,4792669,1,2026-07-30 01:05:01,2026-07-30 16:05:01,2025-01-17 03:05:01
184183,4901026,1,2026-07-25 00:05:01,2026-07-25 20:05:01,2024-02-10 14:00:00
369429,4901026,1,2026-07-30 01:05:01,2026-07-30 16:05:01,2024-02-24 09:50:00
10126551,4901026,16777473,2026-07-30 14:47:22,2026-07-30 04:05:01,2025-06-29 16:05:01
12438231,4901026,1,2026-07-30 01:05:01,2026-07-30 16:05:01,2025-01-17 03:05:01
369429,4227495,1,2026-07-30 01:05:01,2026-07-30 16:05:01,2024-02-24 09:50:00
10126551,4227495,16777473,2026-07-30 14:47:22,2026-07-28 00:05:01,2025-06-29 16:05:01
12438231,4227495,1,2026-07-30 01:05:01,2026-07-30 16:05:01,2025-01-17 03:05:01
369429,6254030,1,2026-07-30 01:05:01,2026-07-30 16:05:01,2024-02-24 09:50:00
10126551,6254030,16777473,2026-07-30 14:47:22,2026-07-26 02:05:01,2025-06-29 16:05:01
12438231,6254030,1,2026-07-30 01:05:01,2026-07-30 16:05:01,2025-01-17 03:05:01
369429,6254014,1,2026-07-30 01:05:01,2026-07-30 16:05:01,2024-02-24 09:50:00
10126551,6254014,16777473,2026-07-30 14:47:22,2026-07-30 04:05:01,2025-06-29 16:05:01
12438231,6254014,1,2026-07-30 01:05:01,2026-07-30 16:05:01,2025-01-17 03:05:01
9423019,6121082,1,2026-04-08 02:05:02,2026-07-30 16:05:01,2026-04-08 02:05:02
10126551,6121082,16777473,2026-07-30 14:47:22,2026-07-10 10:05:01,2025-06-24 14:05:02
12438231,6121082,1,2026-07-30 01:05:01,2026-07-26 05:05:01,2025-01-17 03:05:01
184183,4704950,1,2026-07-25 00:05:01,2026-07-25 20:05:01,2024-02-10 14:00:00
10126551,4704950,16777473,2026-07-30 14:47:22,2026-07-30 05:05:01,2025-06-29 16:05:01
12438231,4704950,1,2026-07-30 01:05:01,2026-07-30 16:05:01,2025-01-17 03:05:01
184183,5694379,1,2026-07-25 00:05:01,2026-07-25 19:05:01,2024-02-10 14:00:00
369429,5694379,1,2026-07-30 01:05:01,2026-07-30 16:05:01,2024-02-24 09:50:00
10126551,5694379,16777473,2026-07-30 14:47:22,2026-07-30 04:05:01,2025-06-29 16:05:01
12438231,5694379,1,2026-07-30 01:05:01,2026-07-30 16:05:01,2025-01-17 03:05:01
10126551,6312376,16777473,2026-07-30 14:47:22,2026-07-10 10:05:01,2025-06-28 17:05:01
12438231,6312376,1,2026-07-30 01:05:01,2026-07-30 16:05:01,2025-01-17 03:05:01
369429,6319914,1,2026-07-30 01:05:01,2026-07-30 16:05:01,2024-02-24 09:50:00
10126551,6319914,16777473,2026-07-30 14:47:22,2026-07-30 05:05:01,2025-06-28 17:05:01
12438231,6319914,1,2026-07-30 01:05:01,2026-07-30 16:05:01,2025-01-17 03:05:01
670524,6132295,0,,2026-07-30 16:05:01,
10126551,6132295,16777473,2026-07-30 14:47:22,2026-07-30 16:05:01,2025-06-28 17:05:01
12438231,6132295,1,2026-07-30 01:05:01,2026-07-30 16:05:01,2025-01-17 03:05:01
23482699,6132295,65537,2024-05-08 19:53:00,2026-07-26 03:05:01,2024-02-08 20:39:00
369429,6338372,1,2026-07-30 01:05:01,2026-07-30 16:05:01,2024-07-27 02:03:43
10126551,6338372,16777473,2026-07-30 14:47:22,2026-07-30 01:05:01,2025-06-29 16:05:01
12438231,6338372,1,2026-07-30 01:05:01,2026-07-30 16:05:01,2025-01-17 03:05:01
23482699,6338372,65537,2024-05-08 19:53:00,2026-07-26 03:05:01,2024-02-08 20:39:00
369429,6339068,1,2026-07-30 01:05:01,2026-07-30 16:05:01,2024-07-27 02:03:43
10126551,6339068,16777473,2026-07-30 14:47:22,2026-07-27 02:05:01,2025-06-28 17:05:01
12438231,6339068,1,2026-07-30 01:05:01,2026-07-30 16:05:01,2025-01-17 03:05:01
23482699,6339068,65537,2024-05-08 19:53:00,2026-07-26 03:05:01,2024-02-08 20:39:00
10126551,6010631,16777473,2026-07-30 14:47:22,2026-07-10 10:05:01,2025-06-24 14:05:02
12438231,6010631,1,2026-07-30 01:05:01,2026-07-26 06:05:01,2025-01-17 03:05:01
369429,6335700,1,2026-07-30 01:05:01,2026-07-30 16:05:01,2024-07-27 02:03:43
10126551,6335700,16777473,2026-07-30 14:47:22,2026-07-30 04:05:01,2025-06-29 16:05:01
12438231,6335700,1,2026-07-30 01:05:01,2026-07-30 16:05:01,2025-01-17 03:05:01
23482699,6335700,65537,2024-05-08 19:53:00,2026-07-26 03:05:01,2024-02-08 20:39:00
10126551,5671122,16777473,2026-07-30 14:47:22,2026-07-30 04:05:01,2025-06-28 17:05:01
12438231,5671122,1,2026-07-30 01:05:01,2026-07-30 16:05:01,2025-01-17 03:05:01
1140687,5868302,1,2026-07-30 00:05:01,2026-07-30 10:05:01,2024-08-17 23:15:27
10126551,5868302,16777473,2026-07-30 14:47:22,2026-07-10 10:05:01,2025-06-27 10:05:01
12438231,5868302,1,2026-07-30 01:05:01,2026-07-30 16:05:01,2025-01-17 03:05:01
369429,5834629,1,2026-07-30 01:05:01,2026-07-30 16:05:01,2024-02-24 09:50:00
10126551,5834629,16777473,2026-07-30 14:47:22,2026-07-27 01:05:02,2025-06-28 17:05:01
12438231,5834629,1,2026-07-30 01:05:01,2026-07-30 16:05:01,2025-01-17 03:05:01
369429,5792103,1,2026-07-30 01:05:01,2026-07-30 16:05:01,2024-02-24 09:50:00
10126551,5792103,16777473,2026-07-30 14:47:22,2026-07-28 02:05:01,2025-06-29 16:05:01
12438231,5792103,1,2026-07-30 01:05:01,2026-07-30 16:05:01,2025-01-17 03:05:01
670524,6349973,1,2026-03-11 10:26:57,2026-07-30 16:05:01,2025-04-05 00:36:53
10126551,6349973,16777473,2026-07-30 14:47:22,2026-07-30 15:05:01,2025-06-28 17:05:01
12438231,6349973,1,2026-07-30 01:05:01,2026-07-30 16:05:01,2025-01-17 03:05:01
23482699,6349973,65537,2024-05-08 19:53:00,2026-07-26 03:05:01,2024-02-08 20:39:00
369429,5804740,1,2026-07-30 01:05:01,2026-07-30 16:05:01,2024-02-24 09:50:00
10126551,5804740,16777473,2026-07-30 14:47:22,2026-07-10 11:05:01,2025-06-28 17:05:01
12438231,5804740,1,2026-07-30 01:05:01,2026-07-30 16:05:01,2025-01-17 03:05:01
13111270,5804740,1,2024-07-15 13:16:12,2026-07-17 06:05:01,2024-02-17 17:07:00
369429,5745617,1,2026-07-30 01:05:01,2026-07-30 16:05:01,2024-02-24 09:50:00
10126551,5745617,16777473,2026-07-30 14:47:22,2026-07-26 04:05:01,2025-06-28 17:05:01
12438231,5745617,1,2026-07-30 01:05:01,2026-07-30 16:05:01,2025-01-17 03:05:01
10126551,6448281,16777473,2026-07-30 14:47:22,2026-07-10 10:05:01,2025-06-27 10:05:01
12438231,6448281,1,2026-07-30 01:05:01,2026-07-30 11:05:01,2025-01-17 03:05:01
10126551,6042264,16777473,2026-07-30 14:47:22,2026-07-10 10:05:01,2025-06-24 14:05:02
12438231,6042264,1,2026-07-30 01:05:01,2026-07-28 05:05:01,2025-01-17 03:05:01
1140687,6422924,1,2026-07-30 00:05:01,2026-07-30 10:05:01,2024-07-06 02:00:30
10126551,6422924,16777473,2026-07-30 14:47:22,2026-07-30 08:05:01,2025-06-29 16:05:01
12438231,6422924,1,2026-07-30 01:05:01,2026-07-30 16:05:01,2025-01-17 03:05:01
369429,5495701,1,2026-07-30 01:05:01,2026-07-30 16:05:01,2024-03-24 12:10:00
10126551,5495701,16777473,2026-07-30 14:47:22,2026-07-30 05:05:01,2025-06-28 17:05:01
12438231,5495701,1,2026-07-30 01:05:01,2026-07-30 16:05:01,2025-01-17 03:05:01
369429,5454786,1,2026-07-30 01:05:01,2026-07-30 16:05:01,2024-02-24 09:50:00
10126551,5454786,16777473,2026-07-30 14:47:22,2026-07-28 04:05:01,2025-06-28 17:05:01
12438231,5454786,1,2026-07-30 01:05:01,2026-07-30 16:05:01,2025-01-17 03:05:01
369429,5846237,1,2026-07-30 01:05:01,2026-07-30 16:05:01,2024-02-24 09:50:00
10126551,5846237,16777473,2026-07-30 14:47:22,2026-07-30 04:05:01,2025-06-28 17:05:01
12438231,5846237,1,2026-07-30 01:05:01,2026-07-30 16:05:01,2025-01-17 03:05:01
184183,5693112,1,2026-07-25 00:05:01,2026-07-25 19:05:01,2024-02-10 14:00:00
10126551,5693112,16777473,2026-07-30 14:47:22,2026-07-10 10:05:01,2025-06-28 17:05:01
12438231,5693112,1,2026-07-30 01:05:01,2026-07-30 16:05:01,2025-01-17 03:05:01
369429,4401751,1,2026-07-30 01:05:01,2026-07-30 16:05:01,2024-03-24 12:10:00
10126551,4401751,16777473,2026-07-30 14:47:22,2026-07-30 04:05:01,2025-06-29 16:05:01
12438231,4401751,1,2026-07-30 01:05:01,2026-07-30 16:05:01,2025-01-17 03:05:01
369429,6428852,1,2026-07-30 01:05:01,2026-07-30 16:05:01,2024-04-20 18:55:00
10126551,6428852,16777473,2026-07-30 14:47:22,2026-07-30 04:05:01,2025-06-29 16:05:01
12438231,6428852,1,2026-07-30 01:05:01,2026-07-30 16:05:01,2025-01-17 03:05:01
1140687,6565015,1,2026-07-30 00:05:01,2026-07-30 10:05:01,2024-10-08 01:05:01
10126551,6565015,16777473,2026-07-30 14:47:22,2026-07-16 10:05:01,2025-06-29 16:05:01
12438231,6565015,1,2026-07-30 01:05:01,2026-07-30 16:05:01,2025-01-17 03:05:01
184183,5196424,1,2026-07-25 00:05:01,2026-07-25 12:05:01,2024-02-10 14:00:00
10126551,5196424,16777473,2026-07-30 14:47:22,2026-07-10 10:05:01,2025-06-28 17:05:01
12438231,5196424,1,2026-07-30 01:05:01,2026-07-30 16:05:01,2025-01-17 03:05:01
184183,5815405,1,2026-07-25 00:05:01,2026-07-25 20:05:01,2024-02-10 14:00:00
369429,5815405,1,2026-07-30 01:05:01,2026-07-30 16:05:01,2024-02-24 09:50:00
10126551,5815405,16777473,2026-07-30 14:47:22,2026-07-30 04:05:01,2025-06-29 16:05:01
12438231,5815405,1,2026-07-30 01:05:01,2026-07-30 16:05:01,2025-01-17 03:05:01
10126551,5371464,16777473,2026-07-30 14:47:22,2026-07-27 03:05:01,2025-06-29 16:05:01
12438231,5371464,1,2026-07-30 01:05:01,2026-07-30 16:05:01,2025-01-17 03:05:01
23482699,5371464,65537,2024-05-08 19:53:00,2026-07-26 03:05:01,2024-02-08 20:39:00
10126551,5203613,16777473,2026-07-30 14:47:22,2026-07-10 10:05:01,2025-06-24 14:05:02
12438231,5203613,1,2026-07-30 01:05:01,2026-07-26 05:05:01,2025-01-17 03:05:01
23482699,5203613,65537,2024-05-08 19:53:00,2026-07-26 03:05:01,2024-02-08 20:39:00
10126551,5049493,16777473,2026-07-30 14:47:22,2026-07-10 10:05:01,2025-06-24 14:05:02
12438231,5049493,1,2026-07-30 01:05:01,2026-07-26 05:05:01,2025-01-17 03:05:01
10126551,6605755,16777473,2026-07-30 14:47:22,2026-07-10 10:05:01,2025-06-27 10:05:01
12438231,6605755,1,2026-07-30 01:05:01,2026-07-30 16:05:01,2025-01-17 03:05:01
184183,5652764,1,2026-07-25 00:05:01,2026-07-25 19:05:01,2024-02-10 14:00:00
10126551,5652764,16777473,2026-07-30 14:47:22,2026-07-28 00:05:01,2025-06-28 17:05:01
12438231,5652764,1,2026-07-30 01:05:01,2026-07-30 16:05:01,2025-01-17 03:05:01
9423019,5425807,1,2026-04-08 02:05:02,2026-07-30 16:05:01,2024-02-05 04:04:00
10126551,5425807,16777473,2026-07-30 14:47:22,2026-07-30 05:05:01,2025-06-29 16:05:01
12438231,5425807,1,2026-07-30 01:05:01,2026-07-30 16:05:01,2025-01-17 03:05:01
369429,5168731,1,2026-07-30 01:05:01,2026-07-30 16:05:01,2024-02-24 09:50:00
10126551,5168731,16777473,2026-07-30 14:47:22,2026-07-15 22:05:01,2025-06-28 17:05:01
12438231,5168731,1,2026-07-30 01:05:01,2026-07-30 16:05:01,2025-01-17 03:05:01
1140687,6643400,1,2026-07-30 00:05:01,2026-07-30 10:05:01,2025-04-11 01:05:01
10126551,6643400,16777473,2026-07-30 14:47:22,2026-07-15 10:05:01,2025-06-29 16:05:01
12438231,6643400,1,2026-07-30 01:05:01,2026-07-30 16:05:01,2025-02-13 02:05:01
1140687,6576139,1,2026-07-30 00:05:01,2026-07-30 10:05:01,2024-10-03 01:04:50
10126551,6576139,16777473,2026-07-30 14:47:22,2026-07-30 04:05:01,2025-06-29 16:05:01
12438231,6576139,1,2026-07-30 01:05:01,2026-07-30 16:05:01,2025-01-17 03:05:01
184183,5590891,1,2026-07-25 00:05:01,2026-07-25 20:05:01,2024-02-10 14:00:00
184183,5252751,1,2026-07-25 00:05:01,2026-07-25 19:05:01,2024-02-10 14:00:00
10126551,5252751,16777473,2026-07-30 14:47:22,2026-07-30 16:05:01,2025-06-29 16:05:01
12438231,5252751,1,2026-07-30 01:05:01,2026-07-30 16:05:01,2025-01-17 03:05:01
369429,5826656,1,2026-07-30 01:05:01,2026-07-30 16:05:01,2024-02-24 09:50:00
10126551,5826656,16777473,2026-07-30 14:47:22,2026-07-28 00:05:01,2025-06-29 16:05:01
12438231,5826656,1,2026-07-30 01:05:01,2026-07-30 16:05:01,2025-01-17 03:05:01
184183,5840668,1,2026-07-25 00:05:01,2026-07-25 19:05:01,2024-11-02 05:25:56
9423019,5840668,1,2026-04-08 02:05:02,2026-07-30 16:05:01,2024-02-05 04:04:00
10126551,5840668,16777473,2026-07-30 14:47:22,2026-07-30 08:05:01,2025-06-28 17:05:01
12438231,5840668,1,2026-07-30 01:05:01,2026-07-30 16:05:01,2025-01-17 03:05:01
369429,5832913,1,2026-07-30 01:05:01,2026-07-30 16:05:01,2024-03-24 12:10:00
10126551,5832913,16777473,2026-07-30 14:47:22,2026-07-28 00:05:01,2025-06-28 17:05:01
12438231,5832913,1,2026-07-30 01:05:01,2026-07-30 16:05:01,2025-01-17 03:05:01
184183,5791899,1,2026-07-25 00:05:01,2026-07-25 19:05:01,2024-02-10 14:00:00
369429,5791899,1,2026-07-30 01:05:01,2026-07-30 16:05:01,2024-02-24 09:50:00
10126551,5791899,16777473,2026-07-30 14:47:22,2026-07-28 04:05:01,2025-06-29 16:05:01
12438231,5791899,1,2026-07-30 01:05:01,2026-07-30 16:05:01,2025-01-17 03:05:01
184183,2885726,1,2026-07-25 00:05:01,2026-07-25 11:05:01,2024-02-10 14:00:00
369429,2885726,1,2026-07-30 01:05:01,2026-07-30 06:05:01,2024-02-24 09:50:00
10126551,2885726,16777473,2026-07-30 14:47:22,2026-07-26 01:05:02,2025-06-28 17:05:01
12438231,2885726,1,2026-07-30 01:05:01,2026-07-30 16:05:01,2025-01-17 03:05:01
184183,2873375,1,2026-07-25 00:05:01,2026-07-25 20:05:01,2024-02-10 14:00:00
10126551,2873375,16777473,2026-07-30 14:47:22,2026-07-30 12:05:01,2025-06-29 16:05:01
12438231,2873375,1,2026-07-30 01:05:01,2026-07-30 16:05:01,2025-01-17 03:05:01
10126551,4875019,16777473,2026-07-30 14:47:22,2026-07-10 10:05:01,2025-06-27 10:05:01
12438231,4875019,1,2026-07-30 01:05:01,2026-07-30 07:05:01,2025-01-17 03:05:01
184183,5761725,1,2026-07-25 00:05:01,2026-07-25 19:05:01,2024-02-10 14:00:00
369429,5761725,1,2026-07-30 01:05:01,2026-07-30 10:05:01,2024-02-24 09:50:00
10126551,5761725,16777473,2026-07-30 14:47:22,2026-07-29 13:05:01,2025-06-29 16:05:01
12438231,5761725,1,2026-07-30 01:05:01,2026-07-30 15:05:01,2025-01-17 03:05:01
369429,5787078,1,2026-07-30 01:05:01,2026-07-10 11:05:01,2024-02-24 09:50:00
10126551,5787078,16777473,2026-07-30 14:47:22,2026-07-10 10:05:01,2025-06-27 10:05:01
12438231,5787078,1,2026-07-30 01:05:01,2026-07-30 08:05:01,2025-01-17 03:05:01
184183,5416517,1,2026-07-25 00:05:01,2026-07-25 20:05:01,2024-02-10 14:00:00
369429,5416517,1,2026-07-30 01:05:01,2026-07-30 16:05:01,2024-02-24 09:50:00
10126551,5416517,16777473,2026-07-30 14:47:22,2026-07-30 03:05:02,2025-06-29 16:05:01
12438231,5416517,1,2026-07-30 01:05:01,2026-07-30 16:05:01,2025-01-17 03:05:01
184183,2126984,1,2026-07-25 00:05:01,2026-07-25 19:05:01,2024-02-10 14:00:00
10126551,2126984,16777473,2026-07-30 14:47:22,2026-07-10 10:05:01,2025-06-28 17:05:01
12438231,2126984,1,2026-07-30 01:05:01,2026-07-30 16:05:01,2025-01-17 03:05:01
184183,4860318,1,2026-07-25 00:05:01,2026-07-25 20:05:01,2024-08-27 02:32:36
10126551,4860318,16777473,2026-07-30 14:47:22,2026-07-30 04:05:01,2025-06-28 17:05:01
12438231,4860318,1,2026-07-30 01:05:01,2026-07-30 16:05:01,2025-01-17 03:05:01
184183,5451299,1,2026-07-25 00:05:01,2026-07-25 20:05:01,2024-02-10 14:00:00
369429,5451299,1,2026-07-30 01:05:01,2026-07-30 16:05:01,2024-02-24 09:50:00
10126551,5451299,16777473,2026-07-30 14:47:22,2026-07-28 02:05:01,2025-06-29 16:05:01
12438231,5451299,1,2026-07-30 01:05:01,2026-07-30 16:05:01,2025-01-17 03:05:01
9423019,5567327,1,2026-04-08 02:05:02,2026-07-30 16:05:01,2024-02-05 04:04:00
10126551,5567327,16777473,2026-07-30 14:47:22,2026-07-27 03:05:01,2025-06-28 17:05:01
12438231,5567327,1,2026-07-30 01:05:01,2026-07-30 16:05:01,2025-01-17 03:05:01
369429,5367304,1,2026-07-30 01:05:01,2026-07-30 16:05:01,2024-02-24 09:50:00
10126551,5367304,16777473,2026-07-30 14:47:22,2026-07-23 10:05:01,2025-06-28 17:05:01
12438231,5367304,1,2026-07-30 01:05:01,2026-07-30 16:05:01,2025-01-17 03:05:01
369429,5070838,1,2026-07-30 01:05:01,2026-07-30 16:05:01,2024-02-24 09:50:00
10126551,5070838,16777473,2026-07-30 14:47:22,2026-07-30 05:05:01,2025-06-28 17:05:01
12438231,5070838,1,2026-07-30 01:05:01,2026-07-30 16:05:01,2025-01-17 03:05:01
184183,4381412,1,2026-07-25 00:05:01,2026-07-25 19:05:01,2024-02-10 14:00:00
369429,4381412,1,2026-07-30 01:05:01,2026-07-30 15:05:01,2024-02-24 09:50:00
10126551,4381412,16777473,2026-07-30 14:47:22,2026-07-10 10:05:01,2025-06-28 17:05:01
12438231,4381412,1,2026-07-30 01:05:01,2026-07-30 16:05:01,2025-01-17 03:05:01
184183,5412549,1,2026-07-25 00:05:01,2026-07-25 19:05:01,2024-02-10 14:00:00
670524,5412549,1,2026-03-11 10:26:57,2026-07-30 16:05:01,2025-04-16 14:25:41
10126551,5412549,16777473,2026-07-30 14:47:22,2026-07-30 03:05:02,2025-06-28 17:05:01
12438231,5412549,1,2026-07-30 01:05:01,2026-07-30 16:05:01,2025-01-17 03:05:01
184183,5691644,1,2026-07-25 00:05:01,2026-07-25 19:05:01,2024-02-10 14:00:00
10126551,5691644,16777473,2026-07-30 14:47:22,2026-07-30 05:05:01,2025-06-28 17:05:01
12438231,5691644,1,2026-07-30 01:05:01,2026-07-30 16:05:01,2025-01-17 03:05:01
369429,4404248,1,2026-07-30 01:05:01,2026-07-17 16:28:11,2024-02-24 09:50:00
10126551,4404248,16777473,2026-07-30 14:47:22,2026-07-10 10:05:01,2025-06-28 17:05:01
12438231,4404248,1,2026-07-30 01:05:01,2026-07-30 16:05:01,2025-01-17 03:05:01
369429,5170843,1,2026-07-30 01:05:01,2026-07-30 16:05:01,2024-02-24 09:50:00
10126551,5170843,16777473,2026-07-30 14:47:22,2026-07-17 02:05:01,2025-06-28 17:05:01
12438231,5170843,1,2026-07-30 01:05:01,2026-07-30 16:05:01,2025-01-17 03:05:01
10126551,4233425,16777473,2026-07-30 14:47:22,2026-07-10 10:05:01,2025-06-24 22:05:01
12438231,4233425,1,2026-07-30 01:05:01,2026-07-26 05:05:01,2025-01-17 03:05:01
369429,6037456,1,2026-07-30 01:05:01,2026-07-30 16:05:01,2024-02-24 09:50:00
10126551,6037456,16777473,2026-07-30 14:47:22,2026-07-30 05:05:01,2025-06-29 16:05:01
12438231,6037456,1,2026-07-30 01:05:01,2026-07-30 16:05:01,2025-01-17 03:05:01
184183,4681256,1,2026-07-25 00:05:01,2026-07-25 19:05:01,2024-02-10 14:00:00
10126551,4681256,16777473,2026-07-30 14:47:22,2026-07-30 08:05:01,2025-06-29 16:05:01
12438231,4681256,1,2026-07-30 01:05:01,2026-07-30 16:05:01,2025-01-17 03:05:01
369429,5953114,1,2026-07-30 01:05:01,2026-07-30 16:05:01,2024-02-24 09:50:00
10126551,5953114,16777473,2026-07-30 14:47:22,2026-07-30 05:05:01,2025-06-29 16:05:01
12438231,5953114,1,2026-07-30 01:05:01,2026-07-30 16:05:01,2025-01-17 03:05:01
184183,3631437,1,2026-07-25 00:05:01,2026-07-25 20:05:01,2024-02-10 14:00:00
369429,3631437,1,2026-07-30 01:05:01,2026-07-30 16:05:01,2024-02-24 09:50:00
10126551,3631437,16777473,2026-07-30 14:47:22,2026-07-29 13:05:01,2025-06-29 16:05:01
12438231,3631437,1,2026-07-30 01:05:01,2026-07-30 16:05:01,2025-01-17 03:05:01
184183,5518987,1,2026-07-25 00:05:01,2026-07-25 19:05:01,2024-02-10 14:00:00
369429,5518987,1,2026-07-30 01:05:01,2026-07-30 16:05:01,2024-02-24 09:50:00
10126551,5518987,16777473,2026-07-30 14:47:22,2026-07-28 02:05:01,2025-06-29 16:05:01
12438231,5518987,1,2026-07-30 01:05:01,2026-07-30 16:05:01,2025-01-17 03:05:01
369429,6112675,1,2026-07-30 01:05:01,2026-07-30 16:05:01,2024-02-24 09:50:00
10126551,6112675,16777473,2026-07-30 14:47:22,2026-07-30 05:05:01,2025-06-29 16:05:01
12438231,6112675,1,2026-07-30 01:05:01,2026-07-30 16:05:01,2025-01-17 03:05:01
184183,4594011,1,2026-07-25 00:05:01,2026-07-25 19:05:01,2024-02-10 14:00:00
369429,4594011,1,2026-07-30 01:05:01,2026-07-30 16:05:01,2024-02-24 09:50:00
10126551,4594011,16777473,2026-07-30 14:47:22,2026-07-10 10:05:01,2025-06-28 17:05:01
12438231,4594011,1,2026-07-30 01:05:01,2026-07-30 16:05:01,2025-01-17 03:05:01
9423019,4915626,1,2026-04-08 02:05:02,2026-07-30 16:05:01,2024-02-05 04:04:00
10126551,4915626,16777473,2026-07-30 14:47:22,2026-07-27 02:05:01,2025-06-28 17:05:01
12438231,4915626,1,2026-07-30 01:05:01,2026-07-30 16:05:01,2025-01-17 03:05:01
369429,4174935,1,2026-07-30 01:05:01,2026-07-30 16:05:01,2024-02-24 09:50:00
10126551,4174935,16777473,2026-07-30 14:47:22,2026-07-30 05:05:01,2025-06-29 16:05:01
12438231,4174935,1,2026-07-30 01:05:01,2026-07-30 16:05:01,2025-01-17 03:05:01
670524,5741185,0,,2026-07-30 16:05:01,
10126551,5741185,16777473,2026-07-30 14:47:22,2026-07-30 16:05:01,2025-06-29 16:05:01
12438231,5741185,1,2026-07-30 01:05:01,2026-07-30 16:05:01,2025-01-17 03:05:01
184183,5700998,1,2026-07-25 00:05:01,2026-07-25 19:05:01,2024-02-10 14:00:00
369429,5700998,1,2026-07-30 01:05:01,2026-07-30 16:05:01,2024-02-24 09:50:00
10126551,5700998,16777473,2026-07-30 14:47:22,2026-07-30 04:05:01,2025-06-29 16:05:01
12438231,5700998,1,2026-07-30 01:05:01,2026-07-30 16:05:01,2025-01-17 03:05:01
10126551,4106909,16777473,2026-07-30 14:47:22,2026-07-10 10:05:01,2025-06-27 10:05:01
12438231,4106909,1,2026-07-30 01:05:01,2026-07-26 05:05:01,2025-01-17 03:05:01
184183,5818655,1,2026-07-25 00:05:01,2026-07-25 19:05:01,2024-02-10 14:00:00
10126551,5818655,16777473,2026-07-30 14:47:22,2026-07-30 16:05:01,2025-06-28 17:05:01
12438231,5818655,1,2026-07-30 01:05:01,2026-07-30 16:05:01,2025-01-17 03:05:01
369429,4558433,1,2026-07-30 01:05:01,2026-07-30 16:05:01,2024-02-24 09:50:00
10126551,4558433,16777473,2026-07-30 14:47:22,2026-07-30 04:05:01,2025-06-29 16:05:01
12438231,4558433,1,2026-07-30 01:05:01,2026-07-30 16:05:01,2025-01-17 03:05:01
25825363,4558433,65537,2024-05-13 19:52:00,2026-07-29 22:05:02,2024-05-11 21:43:00
184183,6144734,1,2026-07-25 00:05:01,2026-07-25 19:05:01,2024-02-10 14:00:00
10126551,6144734,16777473,2026-07-30 14:47:22,2026-07-30 16:05:01,2025-06-29 16:05:01
12438231,6144734,1,2026-07-30 01:05:01,2026-07-30 16:05:01,2025-01-17 03:05:01
184183,4907887,1,2026-07-25 00:05:01,2026-07-25 19:05:01,2024-02-10 14:00:00
670524,4907887,0,,2026-07-30 16:05:01,
10126551,4907887,16777473,2026-07-30 14:47:22,2026-07-30 16:05:01,2025-06-29 16:05:01
12438231,4907887,1,2026-07-30 01:05:01,2026-07-30 16:05:01,2025-01-17 03:05:01
2202991,5129142,0,,2026-07-30 16:05:01,
10126551,5129142,16777473,2026-07-30 14:47:22,2026-07-10 10:05:01,2025-06-24 14:05:02
12438231,5129142,1,2026-07-30 01:05:01,2026-07-26 05:05:01,2025-01-17 03:05:01
369429,5791226,1,2026-07-30 01:05:01,2026-07-30 16:05:01,2024-02-24 09:50:00
10126551,5791226,16777473,2026-07-30 14:47:22,2026-07-28 00:05:01,2025-06-29 16:05:01
12438231,5791226,1,2026-07-30 01:05:01,2026-07-30 16:05:01,2025-01-17 03:05:01
10126551,5140212,16777473,2026-07-30 14:47:22,2026-07-10 10:05:01,2025-06-24 14:05:02
12438231,5140212,1,2026-07-30 01:05:01,2026-07-26 05:05:01,2025-01-17 03:05:01
369429,5832814,1,2026-07-30 01:05:01,2026-07-30 02:05:01,2024-02-24 09:50:00
10126551,5832814,16777473,2026-07-30 14:47:22,2026-07-30 00:05:01,2025-06-28 17:05:01
12438231,5832814,1,2026-07-30 01:05:01,2026-07-30 11:05:01,2025-01-17 03:05:01
369429,4108551,1,2026-07-30 01:05:01,2026-07-30 16:05:01,2024-02-24 09:50:00
9423019,4108551,1,2026-04-08 02:05:02,2026-07-30 16:05:01,2024-02-05 04:04:00
10126551,4108551,16777473,2026-07-30 14:47:22,2026-07-25 04:05:01,2025-06-24 22:05:01
12438231,4108551,1,2026-07-30 01:05:01,2026-07-30 16:05:01,2025-01-17 03:05:01
369429,3867892,1,2026-07-30 01:05:01,2026-07-30 16:05:01,2024-02-24 09:50:00
10126551,3867892,16777473,2026-07-30 14:47:22,2026-07-11 20:35:52,2025-06-29 16:05:01
12438231,3867892,1,2026-07-30 01:05:01,2026-07-30 16:05:01,2025-01-17 03:05:01
369429,5428192,1,2026-07-30 01:05:01,2026-07-30 16:05:01,2024-02-24 09:50:00
10126551,5428192,16777473,2026-07-30 14:47:22,2026-07-28 23:05:01,2025-06-29 16:05:01
12438231,5428192,1,2026-07-30 01:05:01,2026-07-30 16:05:01,2025-01-17 03:05:01
184183,2761974,1,2026-07-25 00:05:01,2026-07-25 19:05:01,2024-02-10 14:00:00
369429,2761974,1,2026-07-30 01:05:01,2026-07-30 16:05:01,2024-02-24 09:50:00
10126551,2761974,16777473,2026-07-30 14:47:22,2026-07-30 05:05:01,2025-06-28 17:05:01
12438231,2761974,1,2026-07-30 01:05:01,2026-07-30 16:05:01,2025-01-17 03:05:01
10126551,5003920,16777473,2026-07-30 14:47:22,2026-07-30 04:05:01,2025-06-24 14:05:02
12438231,5003920,1,2026-07-30 01:05:01,2026-07-30 16:05:01,2025-01-17 03:05:01
23482699,5003920,65537,2024-05-08 19:53:00,2026-07-26 03:05:01,2024-02-08 20:39:00
369429,6338857,1,2026-07-30 01:05:01,2026-07-30 11:05:01,2024-02-24 09:50:00
6449581,6338857,1,2026-07-15 04:24:18,2026-07-30 12:05:01,2024-02-19 00:00:00
10126551,6338857,16777473,2026-07-30 14:47:22,2026-07-10 10:05:01,2025-06-28 17:05:01
12438231,6338857,1,2026-07-30 01:05:01,2026-07-30 16:05:01,2025-01-17 03:05:01
6449581,6338171,1,2026-07-15 04:24:18,2026-07-30 13:05:01,2024-05-13 08:53:00
10126551,6338171,16777473,2026-07-30 14:47:22,2026-07-28 02:05:01,2025-06-28 17:05:01
12438231,6338171,1,2026-07-30 01:05:01,2026-07-30 16:05:01,2025-01-17 03:05:01
6449581,6336617,1,2026-07-15 04:24:18,2026-07-30 13:05:01,2024-02-19 00:00:00
10126551,6336617,16777473,2026-07-30 14:47:22,2026-07-10 10:05:01,2025-06-28 17:05:01
12438231,6336617,1,2026-07-30 01:05:01,2026-07-30 12:05:01,2025-01-17 03:05:01
184183,6274869,1,2026-07-25 00:05:01,2026-07-25 20:05:01,2024-08-08 14:17:13
10126551,6274869,16777473,2026-07-30 14:47:22,2026-07-30 06:05:01,2025-06-29 16:05:01
12438231,6274869,1,2026-07-30 01:05:01,2026-07-30 16:05:01,2025-01-17 03:05:01
369429,5186806,1,2026-07-30 01:05:01,2026-07-30 11:05:01,2024-02-24 09:50:00
10126551,5186806,16777473,2026-07-30 14:47:22,2026-07-23 10:05:01,2025-06-28 17:05:01
12438231,5186806,1,2026-07-30 01:05:01,2026-07-30 16:05:01,2025-01-17 03:05:01
1140687,5110890,1,2026-07-30 00:05:01,2026-07-30 10:05:01,2024-12-21 01:05:01
10126551,5110890,16777473,2026-07-30 14:47:22,2026-07-10 11:05:01,2025-06-24 22:05:01
12438231,5110890,1,2026-07-30 01:05:01,2026-07-30 11:05:01,2025-01-17 03:05:01
369429,6009258,1,2026-07-30 01:05:01,2026-07-30 16:05:01,2024-02-24 09:50:00
9423019,6009258,1,2026-04-08 02:05:02,2026-07-30 16:05:01,2024-02-05 04:04:00
10126551,6009258,16777473,2026-07-30 14:47:22,2026-07-10 10:05:01,2025-06-29 16:05:01
12438231,6009258,1,2026-07-30 01:05:01,2026-07-30 16:05:01,2025-01-17 03:05:01
10126551,5051696,16777473,2026-07-30 14:47:22,2026-07-10 10:05:01,2025-06-27 10:05:01
12438231,5051696,1,2026-07-30 01:05:01,2026-07-29 06:05:01,2025-01-17 03:05:01
23482699,5051696,65537,2024-05-08 19:53:00,2026-07-26 03:05:01,2024-02-08 20:39:00
184183,4166980,1,2026-07-25 00:05:01,2026-07-25 19:05:01,2024-02-10 14:00:00
369429,4166980,1,2026-07-30 01:05:01,2026-07-30 16:05:01,2024-03-08 03:46:00
10126551,4166980,16777473,2026-07-30 14:47:22,2026-07-28 00:05:01,2025-06-28 17:05:01
12438231,4166980,1,2026-07-30 01:05:01,2026-07-30 16:05:01,2025-01-17 03:05:01
10126551,5894512,16777473,2026-07-30 14:47:22,2026-07-10 10:05:01,2025-06-24 14:05:02
12438231,5894512,1,2026-07-30 01:05:01,2026-07-26 06:05:01,2025-01-17 03:05:01
1140687,6443261,1,2026-07-30 00:05:01,2026-07-30 10:05:01,2024-07-29 01:00:49
10126551,6443261,16777473,2026-07-30 14:47:22,2026-07-10 10:05:01,2025-06-27 10:05:01
12438231,6443261,1,2026-07-30 01:05:01,2026-07-30 16:05:01,2025-01-17 03:05:01
184183,5780209,1,2026-07-25 00:05:01,2026-07-25 19:05:01,2024-02-10 14:00:00
369429,5780209,1,2026-07-30 01:05:01,2026-07-30 16:05:01,2024-02-24 09:50:00
10126551,5780209,16777473,2026-07-30 14:47:22,2026-07-27 02:05:01,2025-06-28 17:05:01
12438231,5780209,1,2026-07-30 01:05:01,2026-07-30 16:05:01,2025-01-17 03:05:01
184183,4838860,1,2026-07-25 00:05:01,2026-07-25 20:05:01,2024-02-10 14:00:00
369429,4838860,1,2026-07-30 01:05:01,2026-07-30 16:05:01,2024-02-24 09:50:00
10126551,4838860,16777473,2026-07-30 14:47:22,2026-07-28 00:05:01,2025-06-28 17:05:01
12438231,4838860,1,2026-07-30 01:05:01,2026-07-30 16:05:01,2025-01-17 03:05:01
10126551,6158269,16777473,2026-07-30 14:47:22,2026-07-10 10:05:01,2025-06-28 17:05:01
12438231,6158269,1,2026-07-30 01:05:01,2026-07-26 05:05:01,2025-01-17 03:05:01
184183,4727514,1,2026-07-25 00:05:01,2026-07-25 20:05:01,2024-02-10 14:00:00
369429,4727514,1,2026-07-30 01:05:01,2026-07-30 16:05:01,2024-02-24 09:50:00
10126551,4727514,16777473,2026-07-30 14:47:22,2026-07-10 10:05:01,2025-06-29 16:05:01
12438231,4727514,1,2026-07-30 01:05:01,2026-07-30 16:05:01,2025-01-17 03:05:01
1140687,5842254,1,2026-07-30 00:05:01,2026-07-30 10:05:01,2024-08-17 23:15:27
10126551,5842254,16777473,2026-07-30 14:47:22,2026-07-10 10:05:01,2025-06-24 22:05:01
12438231,5842254,1,2026-07-30 01:05:01,2026-07-30 16:05:01,2025-01-17 03:05:01
369429,6052400,1,2026-07-30 01:05:01,2026-07-30 16:05:01,2024-02-24 09:50:00
10126551,6052400,16777473,2026-07-30 14:47:22,2026-07-26 03:05:01,2025-06-28 17:05:01
12438231,6052400,1,2026-07-30 01:05:01,2026-07-30 16:05:01,2025-01-17 03:05:01
10126551,6074692,16777473,2026-07-30 14:47:22,2026-07-10 10:05:01,2025-06-24 22:05:01
12438231,6074692,1,2026-07-30 01:05:01,2026-07-30 16:05:01,2025-01-17 03:05:01
23482699,6074692,65537,2024-05-08 19:53:00,2026-07-26 03:05:01,2024-02-08 20:39:00
369429,6433625,1,2026-07-30 01:05:01,2026-07-30 16:05:01,2024-07-27 02:03:43
10126551,6433625,16777473,2026-07-30 14:47:22,2026-07-30 03:05:02,2025-06-28 17:05:01
12438231,6433625,1,2026-07-30 01:05:01,2026-07-30 16:05:01,2025-01-17 03:05:01
1140687,6512801,1,2026-07-30 00:05:01,2026-07-30 10:05:01,2024-07-06 02:00:30
10126551,6512801,16777473,2026-07-30 14:47:22,2026-07-30 03:05:02,2025-06-28 17:05:01
12438231,6512801,1,2026-07-30 01:05:01,2026-07-30 16:05:01,2025-01-17 03:05:01
670524,6336686,1,2026-03-11 10:26:57,2026-07-30 16:05:01,2025-04-09 03:05:02
10126551,6336686,16777473,2026-07-30 14:47:22,2026-07-10 10:05:01,2025-06-29 16:05:01
12438231,6336686,1,2026-07-30 01:05:01,2026-07-30 16:05:01,2025-01-17 03:05:01
1140687,6540962,1,2026-07-30 00:05:01,2026-07-30 10:05:01,2024-08-07 01:00:56
10126551,6540962,16777473,2026-07-30 14:47:22,2026-07-30 08:05:01,2025-06-29 16:05:01
12438231,6540962,1,2026-07-30 01:05:01,2026-07-30 16:05:01,2025-01-17 03:05:01
369429,5591338,1,2026-07-30 01:05:01,2026-07-30 16:05:01,2024-02-24 09:50:00
10126551,5591338,16777473,2026-07-30 14:47:22,2026-07-10 10:05:01,2025-06-27 10:05:01
12438231,5591338,1,2026-07-30 01:05:01,2026-07-30 16:05:01,2025-01-17 03:05:01
184183,4961026,1,2026-07-25 00:05:01,2026-07-25 19:05:01,2024-02-10 14:00:00
10126551,4961026,16777473,2026-07-30 14:47:22,2026-07-30 16:05:01,2025-06-29 16:05:01
12438231,4961026,1,2026-07-30 01:05:01,2026-07-30 16:05:01,2025-01-17 03:05:01
10126551,5335671,16777473,2026-07-30 14:47:22,2026-07-10 10:05:01,2025-06-24 14:05:02
12438231,5335671,1,2026-07-30 01:05:01,2026-07-26 05:05:01,2025-01-17 03:05:01
46658122,5335671,65537,2024-04-24 17:48:00,2026-07-30 16:05:01,2024-03-11 17:49:00
184183,5523410,1,2026-07-25 00:05:01,2026-07-25 20:05:01,2024-02-10 14:00:00
369429,5523410,1,2026-07-30 01:05:01,2026-07-30 16:05:01,2024-02-24 09:50:00
10126551,5523410,16777473,2026-07-30 14:47:22,2026-07-30 04:05:01,2025-06-29 16:05:01
12438231,5523410,1,2026-07-30 01:05:01,2026-07-30 16:05:01,2025-01-17 03:05:01
369429,6414163,1,2026-07-30 01:05:01,2026-07-30 16:05:01,2024-06-03 20:56:17
10126551,6414163,16777473,2026-07-30 14:47:22,2026-07-30 04:05:01,2025-06-29 16:05:01
12438231,6414163,1,2026-07-30 01:05:01,2026-07-30 16:05:01,2025-01-17 03:05:01
670524,4327115,1,2026-03-11 10:26:57,2026-07-30 16:05:01,2025-04-07 03:05:01
10126551,4327115,16777473,2026-07-30 14:47:22,2026-07-30 05:05:01,2025-06-28 17:05:01
12438231,4327115,1,2026-07-30 01:05:01,2026-07-30 16:05:01,2025-01-17 03:05:01
184183,6137322,1,2026-07-25 00:05:01,2026-07-25 19:05:01,2024-02-10 14:00:00
369429,6137322,1,2026-07-30 01:05:01,2026-07-30 16:05:01,2024-02-24 09:50:00
10126551,6137322,16777473,2026-07-30 14:47:22,2026-07-30 05:05:01,2025-06-29 16:05:01
12438231,6137322,1,2026-07-30 01:05:01,2026-07-30 16:05:01,2025-01-17 03:05:01
369429,4715572,1,2026-07-30 01:05:01,2026-07-30 16:05:01,2024-07-27 02:03:43
10126551,4715572,16777473,2026-07-30 14:47:22,2026-07-11 20:35:52,2025-06-29 16:05:01
12438231,4715572,1,2026-07-30 01:05:01,2026-07-30 16:05:01,2025-01-17 03:05:01
2202991,5891200,65537,2024-04-09 10:42:00,2026-07-30 16:05:01,2024-04-09 10:42:00
10126551,5891200,16777473,2026-07-30 14:47:22,2026-07-10 10:05:01,2025-06-24 14:05:02
12438231,5891200,1,2026-07-30 01:05:01,2026-07-26 05:05:01,2025-01-17 03:05:01
670524,6415571,0,,2026-07-30 16:05:01,
10126551,6415571,16777473,2026-07-30 14:47:22,2026-07-30 05:05:01,2025-06-28 17:05:01
369429,5590891,1,2026-07-30 01:05:01,2026-07-30 16:05:01,2024-02-24 09:50:00
10126551,5590891,16777473,2026-07-30 14:47:22,2026-07-30 05:05:01,2025-06-28 17:05:01
12438231,5590891,1,2026-07-30 01:05:01,2026-07-30 16:05:01,2025-01-17 03:05:01
1140687,6432464,1,2026-07-30 00:05:01,2026-07-30 10:05:01,2024-08-17 23:15:27
10126551,6432464,16777473,2026-07-30 14:47:22,2026-07-30 07:05:01,2025-06-28 17:05:01
12438231,6432464,1,2026-07-30 01:05:01,2026-07-30 16:05:01,2025-01-17 03:05:01
10126551,6480786,16777473,2026-07-30 14:47:22,2026-07-10 10:05:01,2025-06-24 22:05:01
12438231,6480786,1,2026-07-30 01:05:01,2026-07-26 05:05:01,2025-01-17 03:05:01
10126551,5224385,16777473,2026-07-30 14:47:22,2026-07-10 10:05:01,2025-06-24 14:05:02
12438231,5224385,1,2026-07-30 01:05:01,2026-07-26 05:05:01,2025-01-17 03:05:01
1140687,5888863,1,2026-07-30 00:05:01,2026-07-30 10:05:01,2024-08-17 23:15:27
10126551,5888863,16777473,2026-07-30 14:47:22,2026-07-10 10:05:01,2025-06-28 17:05:01
12438231,5888863,1,2026-07-30 01:05:01,2026-07-30 16:05:01,2025-01-17 03:05:01
369429,5328888,1,2026-07-30 01:05:01,2026-07-10 11:05:01,2024-02-24 09:50:00
10126551,5328888,16777473,2026-07-30 14:47:22,2026-07-10 10:05:01,2025-06-28 17:05:01
12438231,5328888,1,2026-07-30 01:05:01,2026-07-29 07:05:01,2025-01-17 03:05:01
369429,6115752,1,2026-07-30 01:05:01,2026-07-30 09:05:01,2024-02-24 09:50:00
10126551,6115752,16777473,2026-07-30 14:47:22,2026-07-10 11:05:01,2025-06-28 17:05:01
12438231,6115752,1,2026-07-30 01:05:01,2026-07-30 16:05:01,2025-01-17 03:05:01
369429,6137697,1,2026-07-30 01:05:01,2026-07-30 16:05:01,2024-02-24 09:50:00
10126551,6137697,16777473,2026-07-30 14:47:22,2026-07-10 10:05:01,2025-06-28 17:05:01
12438231,6137697,1,2026-07-30 01:05:01,2026-07-30 16:05:01,2025-01-17 03:05:01
184183,5676434,1,2026-07-25 00:05:01,2026-07-25 20:05:01,2024-02-10 14:00:00
369429,5676434,1,2026-07-30 01:05:01,2026-07-30 16:05:01,2024-02-24 09:50:00
10126551,5676434,16777473,2026-07-30 14:47:22,2026-07-30 05:05:01,2025-06-29 16:05:01
12438231,5676434,1,2026-07-30 01:05:01,2026-07-30 16:05:01,2025-01-17 03:05:01
369429,5450453,1,2026-07-30 01:05:01,2026-07-30 16:05:01,2024-02-24 09:50:00
10126551,5450453,16777473,2026-07-30 14:47:22,2026-07-30 01:05:01,2025-06-28 17:05:01
12438231,5450453,1,2026-07-30 01:05:01,2026-07-30 16:05:01,2025-01-17 03:05:01
184183,6455560,1,2026-07-25 00:05:01,2026-07-25 20:05:01,2024-07-22 02:34:25
10126551,6455560,16777473,2026-07-30 14:47:22,2026-07-26 04:05:01,2025-06-28 17:05:01
12438231,6455560,1,2026-07-30 01:05:01,2026-07-30 16:05:01,2025-01-17 03:05:01
10126551,6655528,16777473,2026-07-30 14:47:22,2026-07-25 02:05:01,2025-06-24 14:05:02
12438231,6655528,1,2026-07-30 01:05:01,2026-07-30 16:05:01,2025-03-03 02:05:01
10126551,5880363,16777473,2026-07-30 14:47:22,2026-07-10 10:05:01,2025-06-24 22:05:01
12438231,5880363,1,2026-07-30 01:05:01,2026-07-29 15:05:01,2025-01-17 03:05:01
10126551,6759184,16777473,2026-07-30 14:47:22,2026-07-10 10:05:01,2025-10-18 15:05:01
12438231,6759184,1,2026-07-30 01:05:01,2026-07-26 05:05:01,2025-10-19 01:05:01
10126551,6803744,16777473,2026-07-30 14:47:22,2026-07-10 10:05:01,2026-03-07 16:05:01
12438231,6803744,1,2026-07-30 01:05:01,2026-07-26 07:05:01,2026-03-08 01:05:01
2202991,6157629,65537,2024-04-09 10:42:00,2026-07-30 16:05:01,2024-04-09 10:42:00
10126551,6157629,16777473,2026-07-30 14:47:22,2026-07-10 10:05:01,2025-06-24 14:05:02
12438231,6157629,1,2026-07-30 01:05:01,2026-07-26 05:05:01,2025-01-17 03:05:01
14783812,6157629,1,2026-05-07 15:23:24,2026-07-30 16:05:01,2025-02-23 08:05:01
10126551,6814203,16777473,2026-07-30 14:47:22,2026-07-10 10:05:01,2026-03-07 19:05:01
12438231,6814203,1,2026-07-30 01:05:01,2026-07-26 06:05:01,2026-02-09 01:05:01
10126551,6841720,16777473,2026-07-30 14:47:22,2026-07-10 10:05:01,2026-04-11 20:23:57
12438231,6841720,1,2026-07-30 01:05:01,2026-07-26 05:05:01,2026-04-06 18:09:31
10126551,5682966,16777473,2026-07-30 14:47:22,2026-07-30 05:05:01,2025-06-28 17:05:01
12438231,5682966,1,2026-07-30 01:05:01,2026-07-30 16:05:01,2025-01-17 03:05:01
184183,5297729,1,2026-07-25 00:05:01,2026-07-25 19:05:01,2024-07-22 02:34:25
10126551,5297729,16777473,2026-07-30 14:47:22,2026-07-11 23:05:01,2025-06-28 17:05:01
12438231,5297729,1,2026-07-30 01:05:01,2026-07-30 16:05:01,2025-01-17 03:05:01
10126551,6824801,16777473,2026-07-30 14:47:22,2026-07-10 10:05:01,2026-03-14 19:05:01
12438231,6824801,1,2026-07-30 01:05:01,2026-07-26 05:05:01,2026-03-04 00:05:01
10126551,6842210,16777473,2026-07-30 14:47:22,2026-07-10 10:05:01,2026-04-11 20:23:57
12438231,6842210,1,2026-07-30 01:05:01,2026-07-26 05:05:01,2026-04-09 02:05:01
184183,4235602,1,2026-07-25 00:05:01,2026-07-25 20:05:01,2024-02-10 14:00:00
369429,4235602,1,2026-07-30 01:05:01,2026-07-30 16:05:01,2024-04-20 18:55:00
10126551,4235602,16777473,2026-07-30 14:47:22,2026-07-30 05:05:01,2025-06-28 17:05:01
12438231,4235602,1,2026-07-30 01:05:01,2026-07-30 16:05:01,2025-01-17 03:05:01
10126551,6750985,16777473,2026-07-30 14:47:22,2026-07-10 10:05:01,2025-10-07 23:05:01
12438231,6750985,1,2026-07-30 01:05:01,2026-07-30 13:05:01,2025-09-30 01:05:01
12438231,6415571,1,2026-07-30 01:05:01,2026-07-30 16:05:01,2025-01-17 03:05:01
10126551,6422573,16777473,2026-07-30 14:47:22,2026-07-10 10:05:01,2025-06-24 14:05:02
12438231,6422573,1,2026-07-30 01:05:01,2026-07-30 08:05:01,2025-01-17 03:05:01
10126551,5274183,16777473,2026-07-30 14:47:22,2026-07-10 10:05:01,2025-06-27 10:05:01
12438231,5274183,1,2026-07-30 01:05:01,2026-07-30 16:05:01,2025-01-17 03:05:01
369429,6100823,1,2026-07-30 01:05:01,2026-07-30 15:05:01,2024-02-24 09:50:00
10126551,6100823,16777473,2026-07-30 14:47:22,2026-07-10 23:05:01,2025-06-29 16:05:01
12438231,6100823,1,2026-07-30 01:05:01,2026-07-30 16:05:01,2025-01-17 03:05:01
10126551,6643426,16777473,2026-07-30 14:47:22,2026-07-10 10:05:01,2025-06-27 10:05:01
12438231,6643426,1,2026-07-30 01:05:01,2026-07-30 16:05:01,2025-02-11 02:05:01
10126551,6364585,16777473,2026-07-30 14:47:22,2026-07-10 10:05:01,2025-06-24 14:05:02
12438231,6364585,1,2026-07-30 01:05:01,2026-07-26 05:05:01,2025-01-17 03:05:01
13632556,6364585,1,2026-05-24 08:05:01,2026-07-30 16:05:01,2024-08-28 02:23:16
10126551,6624779,16777473,2026-07-30 14:47:22,2026-07-10 10:05:01,2025-06-24 14:05:02
12438231,6624779,1,2026-07-30 01:05:01,2026-07-30 10:05:01,2025-01-17 03:05:01
184183,5488975,1,2026-07-25 00:05:01,2026-07-25 19:05:01,2024-02-10 14:00:00
369429,5488975,1,2026-07-30 01:05:01,2026-07-30 16:05:01,2024-02-24 09:50:00
10126551,5488975,16777473,2026-07-30 14:47:22,2026-07-30 04:05:01,2025-06-29 16:05:01
12438231,5488975,1,2026-07-30 01:05:01,2026-07-30 16:05:01,2025-01-17 03:05:01
10126551,6502393,16777473,2026-07-30 14:47:22,2026-07-10 10:05:01,2025-06-24 14:05:02
12438231,6502393,1,2026-07-30 01:05:01,2026-07-26 07:05:01,2025-01-17 03:05:01
10126551,6529413,16777473,2026-07-30 14:47:22,2026-07-10 10:05:01,2025-06-28 17:05:01
12438231,6529413,1,2026-07-30 01:05:01,2026-07-30 16:05:01,2025-01-17 03:05:01
10126551,6643313,16777473,2026-07-30 14:47:22,2026-07-29 04:05:01,2025-06-28 17:05:01
12438231,6643313,1,2026-07-30 01:05:01,2026-07-30 16:05:01,2025-02-14 02:05:01
1140687,5636964,1,2026-07-30 00:05:01,2026-07-30 10:05:01,2024-05-26 02:00:00
10126551,5636964,16777473,2026-07-30 14:47:22,2026-07-26 07:05:01,2025-06-28 17:05:01
12438231,5636964,1,2026-07-30 01:05:01,2026-07-30 16:05:01,2025-01-17 03:05:01
10126551,6282123,16777473,2026-07-30 14:47:22,2026-07-10 10:05:01,2025-06-27 10:05:01
12438231,6282123,1,2026-07-30 01:05:01,2026-07-29 13:05:01,2025-01-17 03:05:01
10126551,6023098,16777473,2026-07-30 14:47:22,2026-07-28 04:05:01,2025-06-27 10:05:01
12438231,6023098,1,2026-07-30 01:05:01,2026-07-30 16:05:01,2025-01-17 03:05:01
184183,5528566,1,2026-07-25 00:05:01,2026-07-25 19:05:01,2024-02-10 14:00:00
369429,5528566,1,2026-07-30 01:05:01,2026-07-30 16:05:01,2024-02-24 09:50:00
10126551,5528566,16777473,2026-07-30 14:47:22,2026-07-28 00:05:01,2025-06-28 17:05:01
12438231,5528566,1,2026-07-30 01:05:01,2026-07-30 16:05:01,2025-01-17 03:05:01
670524,6741467,0,,2026-07-30 16:05:01,
10126551,6741467,16777473,2026-07-30 14:47:22,2026-07-10 10:05:01,2025-12-05 18:05:01
12438231,6741467,1,2026-07-30 01:05:01,2026-07-29 03:05:01,2025-09-08 01:05:01
10126551,6786512,16777473,2026-07-30 14:47:22,2026-07-30 07:05:01,2026-01-31 08:05:01
12438231,6786512,1,2026-07-30 01:05:01,2026-07-30 16:05:01,2025-12-16 01:05:01
1140687,6190104,1,2026-07-30 00:05:01,2026-07-30 10:05:01,2024-08-17 23:15:27
10126551,6190104,16777473,2026-07-30 14:47:22,2026-07-22 09:05:01,2025-06-27 10:05:01
12438231,6190104,1,2026-07-30 01:05:01,2026-07-30 08:05:01,2025-01-17 03:05:01
10126551,6189467,16777473,2026-07-30 14:47:22,2026-07-10 10:05:01,2025-06-24 14:05:02
12438231,6189467,1,2026-07-30 01:05:01,2026-07-26 05:05:01,2025-01-17 03:05:01
10126551,6115895,16777473,2026-07-30 14:47:22,2026-07-10 10:05:01,2025-06-27 10:05:01
12438231,6115895,1,2026-07-30 01:05:01,2026-07-26 05:05:01,2025-01-17 03:05:01
10126551,5576586,16777473,2026-07-30 14:47:22,2026-07-10 10:05:01,2025-06-24 14:05:02
12438231,5576586,1,2026-07-30 01:05:01,2026-07-26 05:05:01,2025-01-17 03:05:01
10126551,5058800,16777473,2026-07-30 14:47:22,2026-07-10 10:05:01,2025-06-27 10:05:01
12438231,5058800,1,2026-07-30 01:05:01,2026-07-30 16:05:01,2025-01-17 03:05:01
10126551,5423567,16777473,2026-07-30 14:47:22,2026-07-10 10:05:01,2025-06-27 10:05:01
12438231,5423567,1,2026-07-30 01:05:01,2026-07-26 05:05:01,2025-01-17 03:05:01
10126551,5936603,16777473,2026-07-30 14:47:22,2026-07-10 10:05:01,2025-06-24 14:05:02
12438231,5936603,1,2026-07-30 01:05:01,2026-07-26 05:05:01,2025-01-17 03:05:01
2202991,5103360,0,,2026-07-30 16:05:01,
10126551,5103360,16777473,2026-07-30 14:47:22,2026-07-10 10:05:01,2025-06-24 14:05:02
12438231,5103360,1,2026-07-30 01:05:01,2026-07-26 05:05:01,2025-01-17 03:05:01
10126551,6839500,16777473,2026-07-30 14:47:22,2026-07-23 10:05:01,2026-04-06 23:05:02
12438231,6839500,1,2026-07-30 01:05:01,2026-07-30 16:05:01,2026-04-03 01:05:01
10126551,4161110,16777473,2026-07-30 14:47:22,2026-07-10 10:05:01,2025-06-27 10:05:01
12438231,4161110,1,2026-07-30 01:05:01,2026-07-30 11:05:01,2025-01-17 03:05:01
670524,6681749,0,,2026-07-30 16:05:01,
10126551,6681749,16777473,2026-07-30 14:47:22,2026-07-26 02:05:01,2025-06-29 16:05:01
12438231,6681749,1,2026-07-30 01:05:01,2026-07-30 16:05:01,2025-04-23 02:05:01
10126551,6764572,16777473,2026-07-30 14:47:22,2026-07-10 10:05:01,2025-11-02 20:05:01
12438231,6764572,1,2026-07-30 01:05:01,2026-07-30 08:05:01,2025-10-30 01:05:01
10126551,6839047,16777473,2026-07-30 14:47:22,2026-07-29 06:05:01,2026-05-07 20:05:01
12438231,6839047,1,2026-07-30 01:05:01,2026-07-30 16:05:01,2026-04-02 01:05:01
10126551,6830080,16777473,2026-07-30 14:47:22,2026-07-10 10:05:01,2026-04-13 17:35:26
12438231,6830080,1,2026-07-30 01:05:01,2026-07-26 05:05:01,2026-03-15 18:12:41
369429,5707513,1,2026-07-30 01:05:01,2026-07-10 11:05:01,2024-02-24 09:50:00
10126551,5707513,16777473,2026-07-30 14:47:22,2026-07-10 10:05:01,2025-06-28 17:05:01
12438231,5707513,1,2026-07-30 01:05:01,2026-07-30 16:05:01,2025-01-17 03:05:01
184183,4703299,1,2026-07-25 00:05:01,2026-07-25 20:05:01,2024-02-10 14:00:00
10126551,4703299,16777473,2026-07-30 14:47:22,2026-07-30 05:05:01,2025-06-28 17:05:01
12438231,4703299,1,2026-07-30 01:05:01,2026-07-30 16:05:01,2025-01-17 03:05:01
10126551,5165734,16777473,2026-07-30 14:47:22,2026-07-10 10:05:01,2025-06-24 14:05:02
12438231,5165734,1,2026-07-30 01:05:01,2026-07-26 05:05:01,2025-01-17 03:05:01
